seq_id	ucsc	assembly	ensembl	genbank	refseq
cavPor3:chrM	chrM		MT		NC_000884.1
cavPor3:scaffold_0	scaffold_0		DS562855.1	DS562855.1	NT_176419.1
cavPor3:scaffold_1	scaffold_1		DS562856.1	DS562856.1	NT_176418.1
cavPor3:scaffold_10	scaffold_10		DS562865.1	DS562865.1	NT_176409.1
cavPor3:scaffold_100	scaffold_100		DS562955.1	DS562955.1	NT_176319.1
cavPor3:scaffold_1000	scaffold_1000		DS563855.1	DS563855.1	NT_175419.1
cavPor3:scaffold_1001	scaffold_1001		DS563856.1	DS563856.1	NT_175418.1
cavPor3:scaffold_1002	scaffold_1002		DS563857.1	DS563857.1	NT_175417.1
cavPor3:scaffold_1003	scaffold_1003		DS563858.1	DS563858.1	NT_175416.1
cavPor3:scaffold_1004	scaffold_1004		DS563859.1	DS563859.1	NT_175415.1
cavPor3:scaffold_1005	scaffold_1005		DS563860.1	DS563860.1	NT_175414.1
cavPor3:scaffold_1006	scaffold_1006		DS563861.1	DS563861.1	NT_175413.1
cavPor3:scaffold_1007	scaffold_1007		DS563862.1	DS563862.1	NT_175412.1
cavPor3:scaffold_1008	scaffold_1008		DS563863.1	DS563863.1	NT_175411.1
cavPor3:scaffold_1009	scaffold_1009		DS563864.1	DS563864.1	NT_175410.1
cavPor3:scaffold_101	scaffold_101		DS562956.1	DS562956.1	NT_176318.1
cavPor3:scaffold_1010	scaffold_1010		DS563865.1	DS563865.1	NT_175409.1
cavPor3:scaffold_1011	scaffold_1011		DS563866.1	DS563866.1	NT_175408.1
cavPor3:scaffold_1012	scaffold_1012		DS563867.1	DS563867.1	NT_175407.1
cavPor3:scaffold_1013	scaffold_1013		DS563868.1	DS563868.1	NT_175406.1
cavPor3:scaffold_1014	scaffold_1014		DS563869.1	DS563869.1	NT_175405.1
cavPor3:scaffold_1015	scaffold_1015		DS563870.1	DS563870.1	NT_175404.1
cavPor3:scaffold_1016	scaffold_1016		DS563871.1	DS563871.1	NT_175403.1
cavPor3:scaffold_1017	scaffold_1017		DS563872.1	DS563872.1	NT_175402.1
cavPor3:scaffold_1018	scaffold_1018		DS563873.1	DS563873.1	NT_175401.1
cavPor3:scaffold_1019	scaffold_1019		DS563874.1	DS563874.1	NT_175400.1
cavPor3:scaffold_102	scaffold_102		DS562957.1	DS562957.1	NT_176317.1
cavPor3:scaffold_1020	scaffold_1020		DS563875.1	DS563875.1	NT_175399.1
cavPor3:scaffold_1021	scaffold_1021		DS563876.1	DS563876.1	NT_175398.1
cavPor3:scaffold_1022	scaffold_1022		DS563877.1	DS563877.1	NT_175397.1
cavPor3:scaffold_1023	scaffold_1023		DS563878.1	DS563878.1	NT_175396.1
cavPor3:scaffold_1024	scaffold_1024		DS563879.1	DS563879.1	NT_175395.1
cavPor3:scaffold_1025	scaffold_1025		DS563880.1	DS563880.1	NT_175394.1
cavPor3:scaffold_1026	scaffold_1026		DS563881.1	DS563881.1	NT_175393.1
cavPor3:scaffold_1027	scaffold_1027		DS563882.1	DS563882.1	NT_175392.1
cavPor3:scaffold_1028	scaffold_1028		DS563883.1	DS563883.1	NT_175391.1
cavPor3:scaffold_1029	scaffold_1029		DS563884.1	DS563884.1	NT_175390.1
cavPor3:scaffold_103	scaffold_103		DS562958.1	DS562958.1	NT_176316.1
cavPor3:scaffold_1030	scaffold_1030		DS563885.1	DS563885.1	NT_175389.1
cavPor3:scaffold_1031	scaffold_1031		DS563886.1	DS563886.1	NT_175388.1
cavPor3:scaffold_1032	scaffold_1032		DS563887.1	DS563887.1	NT_175387.1
cavPor3:scaffold_1033	scaffold_1033		DS563888.1	DS563888.1	NT_175386.1
cavPor3:scaffold_1034	scaffold_1034		DS563889.1	DS563889.1	NT_175385.1
cavPor3:scaffold_1035	scaffold_1035		DS563890.1	DS563890.1	NT_175384.1
cavPor3:scaffold_1036	scaffold_1036		DS563891.1	DS563891.1	NT_175383.1
cavPor3:scaffold_1037	scaffold_1037		DS563892.1	DS563892.1	NT_175382.1
cavPor3:scaffold_1038	scaffold_1038		DS563893.1	DS563893.1	NT_175381.1
cavPor3:scaffold_1039	scaffold_1039		DS563894.1	DS563894.1	NT_175380.1
cavPor3:scaffold_104	scaffold_104		DS562959.1	DS562959.1	NT_176315.1
cavPor3:scaffold_1040	scaffold_1040		DS563895.1	DS563895.1	NT_175379.1
cavPor3:scaffold_1041	scaffold_1041		DS563896.1	DS563896.1	NT_175378.1
cavPor3:scaffold_1042	scaffold_1042		DS563897.1	DS563897.1	NT_175377.1
cavPor3:scaffold_1043	scaffold_1043		DS563898.1	DS563898.1	NT_175376.1
cavPor3:scaffold_1044	scaffold_1044		DS563899.1	DS563899.1	NT_175375.1
cavPor3:scaffold_1045	scaffold_1045		DS563900.1	DS563900.1	NT_175374.1
cavPor3:scaffold_1046	scaffold_1046		DS563901.1	DS563901.1	NT_175373.1
cavPor3:scaffold_1047	scaffold_1047		DS563902.1	DS563902.1	NT_175372.1
cavPor3:scaffold_1048	scaffold_1048		DS563903.1	DS563903.1	NT_175371.1
cavPor3:scaffold_1049	scaffold_1049		DS563904.1	DS563904.1	NT_175370.1
cavPor3:scaffold_105	scaffold_105		DS562960.1	DS562960.1	NT_176314.1
cavPor3:scaffold_1050	scaffold_1050		DS563905.1	DS563905.1	NT_175369.1
cavPor3:scaffold_1051	scaffold_1051		DS563906.1	DS563906.1	NT_175368.1
cavPor3:scaffold_1052	scaffold_1052		DS563907.1	DS563907.1	NT_175367.1
cavPor3:scaffold_1053	scaffold_1053		DS563908.1	DS563908.1	NT_175366.1
cavPor3:scaffold_1054	scaffold_1054		DS563909.1	DS563909.1	NT_175365.1
cavPor3:scaffold_1055	scaffold_1055		DS563910.1	DS563910.1	NT_175364.1
cavPor3:scaffold_1056	scaffold_1056		DS563911.1	DS563911.1	NT_175363.1
cavPor3:scaffold_1057	scaffold_1057		DS563912.1	DS563912.1	NT_175362.1
cavPor3:scaffold_1058	scaffold_1058		DS563913.1	DS563913.1	NT_175361.1
cavPor3:scaffold_1059	scaffold_1059		DS563914.1	DS563914.1	NT_175360.1
cavPor3:scaffold_106	scaffold_106		DS562961.1	DS562961.1	NT_176313.1
cavPor3:scaffold_1060	scaffold_1060		DS563915.1	DS563915.1	NT_175359.1
cavPor3:scaffold_1061	scaffold_1061		DS563916.1	DS563916.1	NT_175358.1
cavPor3:scaffold_1062	scaffold_1062		DS563917.1	DS563917.1	NT_175357.1
cavPor3:scaffold_1063	scaffold_1063		DS563918.1	DS563918.1	NT_175356.1
cavPor3:scaffold_1064	scaffold_1064		DS563919.1	DS563919.1	NT_175355.1
cavPor3:scaffold_1065	scaffold_1065		DS563920.1	DS563920.1	NT_175354.1
cavPor3:scaffold_1066	scaffold_1066		DS563921.1	DS563921.1	NT_175353.1
cavPor3:scaffold_1067	scaffold_1067		DS563922.1	DS563922.1	NT_175352.1
cavPor3:scaffold_1068	scaffold_1068		DS563923.1	DS563923.1	NT_175351.1
cavPor3:scaffold_1069	scaffold_1069		DS563924.1	DS563924.1	NT_175350.1
cavPor3:scaffold_107	scaffold_107		DS562962.1	DS562962.1	NT_176312.1
cavPor3:scaffold_1070	scaffold_1070		DS563925.1	DS563925.1	NT_175349.1
cavPor3:scaffold_1071	scaffold_1071		DS563926.1	DS563926.1	NT_175348.1
cavPor3:scaffold_1072	scaffold_1072		DS563927.1	DS563927.1	NT_175347.1
cavPor3:scaffold_1073	scaffold_1073		DS563928.1	DS563928.1	NT_175346.1
cavPor3:scaffold_1074	scaffold_1074		DS563929.1	DS563929.1	NT_175345.1
cavPor3:scaffold_1075	scaffold_1075		DS563930.1	DS563930.1	NT_175344.1
cavPor3:scaffold_1076	scaffold_1076		DS563931.1	DS563931.1	NT_175343.1
cavPor3:scaffold_1077	scaffold_1077		DS563932.1	DS563932.1	NT_175342.1
cavPor3:scaffold_1078	scaffold_1078		DS563933.1	DS563933.1	NT_175341.1
cavPor3:scaffold_1079	scaffold_1079		DS563934.1	DS563934.1	NT_175340.1
cavPor3:scaffold_108	scaffold_108		DS562963.1	DS562963.1	NT_176311.1
cavPor3:scaffold_1080	scaffold_1080		DS563935.1	DS563935.1	NT_175339.1
cavPor3:scaffold_1081	scaffold_1081		DS563936.1	DS563936.1	NT_175338.1
cavPor3:scaffold_1082	scaffold_1082		DS563937.1	DS563937.1	NT_175337.1
cavPor3:scaffold_1083	scaffold_1083		DS563938.1	DS563938.1	NT_175336.1
cavPor3:scaffold_1084	scaffold_1084		DS563939.1	DS563939.1	NT_175335.1
cavPor3:scaffold_1085	scaffold_1085		DS563940.1	DS563940.1	NT_175334.1
cavPor3:scaffold_1086	scaffold_1086		DS563941.1	DS563941.1	NT_175333.1
cavPor3:scaffold_1087	scaffold_1087		DS563942.1	DS563942.1	NT_175332.1
cavPor3:scaffold_1088	scaffold_1088		DS563943.1	DS563943.1	NT_175331.1
cavPor3:scaffold_1089	scaffold_1089		DS563944.1	DS563944.1	NT_175330.1
cavPor3:scaffold_109	scaffold_109		DS562964.1	DS562964.1	NT_176310.1
cavPor3:scaffold_1090	scaffold_1090		DS563945.1	DS563945.1	NT_175329.1
cavPor3:scaffold_1091	scaffold_1091		DS563946.1	DS563946.1	NT_175328.1
cavPor3:scaffold_1092	scaffold_1092		DS563947.1	DS563947.1	NT_175327.1
cavPor3:scaffold_1093	scaffold_1093		DS563948.1	DS563948.1	NT_175326.1
cavPor3:scaffold_1094	scaffold_1094		DS563949.1	DS563949.1	NT_175325.1
cavPor3:scaffold_1095	scaffold_1095		DS563950.1	DS563950.1	NT_175324.1
cavPor3:scaffold_1096	scaffold_1096		DS563951.1	DS563951.1	NT_175323.1
cavPor3:scaffold_1097	scaffold_1097		DS563952.1	DS563952.1	NT_175322.1
cavPor3:scaffold_1098	scaffold_1098		DS563953.1	DS563953.1	NT_175321.1
cavPor3:scaffold_1099	scaffold_1099		DS563954.1	DS563954.1	NT_175320.1
cavPor3:scaffold_11	scaffold_11		DS562866.1	DS562866.1	NT_176408.1
cavPor3:scaffold_110	scaffold_110		DS562965.1	DS562965.1	NT_176309.1
cavPor3:scaffold_1100	scaffold_1100		DS563955.1	DS563955.1	NT_175319.1
cavPor3:scaffold_1101	scaffold_1101		DS563956.1	DS563956.1	NT_175318.1
cavPor3:scaffold_1102	scaffold_1102		DS563957.1	DS563957.1	NT_175317.1
cavPor3:scaffold_1103	scaffold_1103		DS563958.1	DS563958.1	NT_175316.1
cavPor3:scaffold_1104	scaffold_1104		DS563959.1	DS563959.1	NT_175315.1
cavPor3:scaffold_1105	scaffold_1105		DS563960.1	DS563960.1	NT_175314.1
cavPor3:scaffold_1106	scaffold_1106		DS563961.1	DS563961.1	NT_175313.1
cavPor3:scaffold_1107	scaffold_1107		DS563962.1	DS563962.1	NT_175312.1
cavPor3:scaffold_1108	scaffold_1108		DS563963.1	DS563963.1	NT_175311.1
cavPor3:scaffold_1109	scaffold_1109		DS563964.1	DS563964.1	NT_175310.1
cavPor3:scaffold_111	scaffold_111		DS562966.1	DS562966.1	NT_176308.1
cavPor3:scaffold_1110	scaffold_1110		DS563965.1	DS563965.1	NT_175309.1
cavPor3:scaffold_1111	scaffold_1111		DS563966.1	DS563966.1	NT_175308.1
cavPor3:scaffold_1112	scaffold_1112		DS563967.1	DS563967.1	NT_175307.1
cavPor3:scaffold_1113	scaffold_1113		DS563968.1	DS563968.1	NT_175306.1
cavPor3:scaffold_1114	scaffold_1114		DS563969.1	DS563969.1	NT_175305.1
cavPor3:scaffold_1115	scaffold_1115		DS563970.1	DS563970.1	NT_175304.1
cavPor3:scaffold_1116	scaffold_1116		DS563971.1	DS563971.1	NT_175303.1
cavPor3:scaffold_1117	scaffold_1117		DS563972.1	DS563972.1	NT_175302.1
cavPor3:scaffold_1118	scaffold_1118		DS563973.1	DS563973.1	NT_175301.1
cavPor3:scaffold_1119	scaffold_1119		DS563974.1	DS563974.1	NT_175300.1
cavPor3:scaffold_112	scaffold_112		DS562967.1	DS562967.1	NT_176307.1
cavPor3:scaffold_1120	scaffold_1120		DS563975.1	DS563975.1	NT_175299.1
cavPor3:scaffold_1121	scaffold_1121		DS563976.1	DS563976.1	NT_175298.1
cavPor3:scaffold_1122	scaffold_1122		DS563977.1	DS563977.1	NT_175297.1
cavPor3:scaffold_1123	scaffold_1123		DS563978.1	DS563978.1	NT_175296.1
cavPor3:scaffold_1124	scaffold_1124		DS563979.1	DS563979.1	NT_175295.1
cavPor3:scaffold_1125	scaffold_1125		DS563980.1	DS563980.1	NT_175294.1
cavPor3:scaffold_1126	scaffold_1126		DS563981.1	DS563981.1	NT_175293.1
cavPor3:scaffold_1127	scaffold_1127		DS563982.1	DS563982.1	NT_175292.1
cavPor3:scaffold_1128	scaffold_1128		DS563983.1	DS563983.1	NT_175291.1
cavPor3:scaffold_1129	scaffold_1129		DS563984.1	DS563984.1	NT_175290.1
cavPor3:scaffold_113	scaffold_113		DS562968.1	DS562968.1	NT_176306.1
cavPor3:scaffold_1130	scaffold_1130		DS563985.1	DS563985.1	NT_175289.1
cavPor3:scaffold_1131	scaffold_1131		DS563986.1	DS563986.1	NT_175288.1
cavPor3:scaffold_1132	scaffold_1132		DS563987.1	DS563987.1	NT_175287.1
cavPor3:scaffold_1133	scaffold_1133		DS563988.1	DS563988.1	NT_175286.1
cavPor3:scaffold_1134	scaffold_1134		DS563989.1	DS563989.1	NT_175285.1
cavPor3:scaffold_1135	scaffold_1135		DS563990.1	DS563990.1	NT_175284.1
cavPor3:scaffold_1136	scaffold_1136		DS563991.1	DS563991.1	NT_175283.1
cavPor3:scaffold_1137	scaffold_1137		DS563992.1	DS563992.1	NT_175282.1
cavPor3:scaffold_1138	scaffold_1138		DS563993.1	DS563993.1	NT_175281.1
cavPor3:scaffold_1139	scaffold_1139		DS563994.1	DS563994.1	NT_175280.1
cavPor3:scaffold_114	scaffold_114		DS562969.1	DS562969.1	NT_176305.1
cavPor3:scaffold_1140	scaffold_1140		DS563995.1	DS563995.1	NT_175279.1
cavPor3:scaffold_1141	scaffold_1141		DS563996.1	DS563996.1	NT_175278.1
cavPor3:scaffold_1142	scaffold_1142		DS563997.1	DS563997.1	NT_175277.1
cavPor3:scaffold_1143	scaffold_1143		DS563998.1	DS563998.1	NT_175276.1
cavPor3:scaffold_1144	scaffold_1144		DS563999.1	DS563999.1	NT_175275.1
cavPor3:scaffold_1145	scaffold_1145		DS564000.1	DS564000.1	NT_175274.1
cavPor3:scaffold_1146	scaffold_1146		DS564001.1	DS564001.1	NT_175273.1
cavPor3:scaffold_1147	scaffold_1147		DS564002.1	DS564002.1	NT_175272.1
cavPor3:scaffold_1148	scaffold_1148		DS564003.1	DS564003.1	NT_175271.1
cavPor3:scaffold_1149	scaffold_1149		DS564004.1	DS564004.1	NT_175270.1
cavPor3:scaffold_115	scaffold_115		DS562970.1	DS562970.1	NT_176304.1
cavPor3:scaffold_1150	scaffold_1150		DS564005.1	DS564005.1	NT_175269.1
cavPor3:scaffold_1151	scaffold_1151		DS564006.1	DS564006.1	NT_175268.1
cavPor3:scaffold_1152	scaffold_1152		DS564007.1	DS564007.1	NT_175267.1
cavPor3:scaffold_1153	scaffold_1153		DS564008.1	DS564008.1	NT_175266.1
cavPor3:scaffold_1154	scaffold_1154		DS564009.1	DS564009.1	NT_175265.1
cavPor3:scaffold_1155	scaffold_1155		DS564010.1	DS564010.1	NT_175264.1
cavPor3:scaffold_1156	scaffold_1156		DS564011.1	DS564011.1	NT_175263.1
cavPor3:scaffold_1157	scaffold_1157		DS564012.1	DS564012.1	NT_175262.1
cavPor3:scaffold_1158	scaffold_1158		DS564013.1	DS564013.1	NT_175261.1
cavPor3:scaffold_1159	scaffold_1159		DS564014.1	DS564014.1	NT_175260.1
cavPor3:scaffold_116	scaffold_116		DS562971.1	DS562971.1	NT_176303.1
cavPor3:scaffold_1160	scaffold_1160		DS564015.1	DS564015.1	NT_175259.1
cavPor3:scaffold_1161	scaffold_1161		DS564016.1	DS564016.1	NT_175258.1
cavPor3:scaffold_1162	scaffold_1162		DS564017.1	DS564017.1	NT_175257.1
cavPor3:scaffold_1163	scaffold_1163		DS564018.1	DS564018.1	NT_175256.1
cavPor3:scaffold_1164	scaffold_1164		DS564019.1	DS564019.1	NT_175255.1
cavPor3:scaffold_1165	scaffold_1165		DS564020.1	DS564020.1	NT_175254.1
cavPor3:scaffold_1166	scaffold_1166		DS564021.1	DS564021.1	NT_175253.1
cavPor3:scaffold_1167	scaffold_1167		DS564022.1	DS564022.1	NT_175252.1
cavPor3:scaffold_1168	scaffold_1168		DS564023.1	DS564023.1	NT_175251.1
cavPor3:scaffold_1169	scaffold_1169		DS564024.1	DS564024.1	NT_175250.1
cavPor3:scaffold_117	scaffold_117		DS562972.1	DS562972.1	NT_176302.1
cavPor3:scaffold_1170	scaffold_1170		DS564025.1	DS564025.1	NT_175249.1
cavPor3:scaffold_1171	scaffold_1171		DS564026.1	DS564026.1	NT_175248.1
cavPor3:scaffold_1172	scaffold_1172		DS564027.1	DS564027.1	NT_175247.1
cavPor3:scaffold_1173	scaffold_1173		DS564028.1	DS564028.1	NT_175246.1
cavPor3:scaffold_1174	scaffold_1174		DS564029.1	DS564029.1	NT_175245.1
cavPor3:scaffold_1175	scaffold_1175		DS564030.1	DS564030.1	NT_175244.1
cavPor3:scaffold_1176	scaffold_1176		DS564031.1	DS564031.1	NT_175243.1
cavPor3:scaffold_1177	scaffold_1177		DS564032.1	DS564032.1	NT_175242.1
cavPor3:scaffold_1178	scaffold_1178		DS564033.1	DS564033.1	NT_175241.1
cavPor3:scaffold_1179	scaffold_1179		DS564034.1	DS564034.1	NT_175240.1
cavPor3:scaffold_118	scaffold_118		DS562973.1	DS562973.1	NT_176301.1
cavPor3:scaffold_1180	scaffold_1180		DS564035.1	DS564035.1	NT_175239.1
cavPor3:scaffold_1181	scaffold_1181		DS564036.1	DS564036.1	NT_175238.1
cavPor3:scaffold_1182	scaffold_1182		DS564037.1	DS564037.1	NT_175237.1
cavPor3:scaffold_1183	scaffold_1183		DS564038.1	DS564038.1	NT_175236.1
cavPor3:scaffold_1184	scaffold_1184		DS564039.1	DS564039.1	NT_175235.1
cavPor3:scaffold_1185	scaffold_1185		DS564040.1	DS564040.1	NT_175234.1
cavPor3:scaffold_1186	scaffold_1186		DS564041.1	DS564041.1	NT_175233.1
cavPor3:scaffold_1187	scaffold_1187		DS564042.1	DS564042.1	NT_175232.1
cavPor3:scaffold_1188	scaffold_1188		DS564043.1	DS564043.1	NT_175231.1
cavPor3:scaffold_1189	scaffold_1189		DS564044.1	DS564044.1	NT_175230.1
cavPor3:scaffold_119	scaffold_119		DS562974.1	DS562974.1	NT_176300.1
cavPor3:scaffold_1190	scaffold_1190		DS564045.1	DS564045.1	NT_175229.1
cavPor3:scaffold_1191	scaffold_1191		DS564046.1	DS564046.1	NT_175228.1
cavPor3:scaffold_1192	scaffold_1192		DS564047.1	DS564047.1	NT_175227.1
cavPor3:scaffold_1193	scaffold_1193		DS564048.1	DS564048.1	NT_175226.1
cavPor3:scaffold_1194	scaffold_1194		DS564049.1	DS564049.1	NT_175225.1
cavPor3:scaffold_1195	scaffold_1195		DS564050.1	DS564050.1	NT_175224.1
cavPor3:scaffold_1196	scaffold_1196		DS564051.1	DS564051.1	NT_175223.1
cavPor3:scaffold_1197	scaffold_1197		DS564052.1	DS564052.1	NT_175222.1
cavPor3:scaffold_1198	scaffold_1198		DS564053.1	DS564053.1	NT_175221.1
cavPor3:scaffold_1199	scaffold_1199		DS564054.1	DS564054.1	NT_175220.1
cavPor3:scaffold_12	scaffold_12		DS562867.1	DS562867.1	NT_176407.1
cavPor3:scaffold_120	scaffold_120		DS562975.1	DS562975.1	NT_176299.1
cavPor3:scaffold_1200	scaffold_1200		DS564055.1	DS564055.1	NT_175219.1
cavPor3:scaffold_1201	scaffold_1201		DS564056.1	DS564056.1	NT_175218.1
cavPor3:scaffold_1202	scaffold_1202		DS564057.1	DS564057.1	NT_175217.1
cavPor3:scaffold_1203	scaffold_1203		DS564058.1	DS564058.1	NT_175216.1
cavPor3:scaffold_1204	scaffold_1204		DS564059.1	DS564059.1	NT_175215.1
cavPor3:scaffold_1205	scaffold_1205		DS564060.1	DS564060.1	NT_175214.1
cavPor3:scaffold_1206	scaffold_1206		DS564061.1	DS564061.1	NT_175213.1
cavPor3:scaffold_1207	scaffold_1207		DS564062.1	DS564062.1	NT_175212.1
cavPor3:scaffold_1208	scaffold_1208		DS564063.1	DS564063.1	NT_175211.1
cavPor3:scaffold_1209	scaffold_1209		DS564064.1	DS564064.1	NT_175210.1
cavPor3:scaffold_121	scaffold_121		DS562976.1	DS562976.1	NT_176298.1
cavPor3:scaffold_1210	scaffold_1210		DS564065.1	DS564065.1	NT_175209.1
cavPor3:scaffold_1211	scaffold_1211		DS564066.1	DS564066.1	NT_175208.1
cavPor3:scaffold_1212	scaffold_1212		DS564067.1	DS564067.1	NT_175207.1
cavPor3:scaffold_1213	scaffold_1213		DS564068.1	DS564068.1	NT_175206.1
cavPor3:scaffold_1214	scaffold_1214		DS564069.1	DS564069.1	NT_175205.1
cavPor3:scaffold_1215	scaffold_1215		DS564070.1	DS564070.1	NT_175204.1
cavPor3:scaffold_1216	scaffold_1216		DS564071.1	DS564071.1	NT_175203.1
cavPor3:scaffold_1217	scaffold_1217		DS564072.1	DS564072.1	NT_175202.1
cavPor3:scaffold_1218	scaffold_1218		DS564073.1	DS564073.1	NT_175201.1
cavPor3:scaffold_1219	scaffold_1219		DS564074.1	DS564074.1	NT_175200.1
cavPor3:scaffold_122	scaffold_122		DS562977.1	DS562977.1	NT_176297.1
cavPor3:scaffold_1220	scaffold_1220		DS564075.1	DS564075.1	NT_175199.1
cavPor3:scaffold_1221	scaffold_1221		DS564076.1	DS564076.1	NT_175198.1
cavPor3:scaffold_1222	scaffold_1222		DS564077.1	DS564077.1	NT_175197.1
cavPor3:scaffold_1223	scaffold_1223		DS564078.1	DS564078.1	NT_175196.1
cavPor3:scaffold_1224	scaffold_1224		DS564079.1	DS564079.1	NT_175195.1
cavPor3:scaffold_1225	scaffold_1225		DS564080.1	DS564080.1	NT_175194.1
cavPor3:scaffold_1226	scaffold_1226		DS564081.1	DS564081.1	NT_175193.1
cavPor3:scaffold_1227	scaffold_1227		DS564082.1	DS564082.1	NT_175192.1
cavPor3:scaffold_1228	scaffold_1228		DS564083.1	DS564083.1	NT_175191.1
cavPor3:scaffold_1229	scaffold_1229		DS564084.1	DS564084.1	NT_175190.1
cavPor3:scaffold_123	scaffold_123		DS562978.1	DS562978.1	NT_176296.1
cavPor3:scaffold_1230	scaffold_1230		DS564085.1	DS564085.1	NT_175189.1
cavPor3:scaffold_1231	scaffold_1231		DS564086.1	DS564086.1	NT_175188.1
cavPor3:scaffold_1232	scaffold_1232		DS564087.1	DS564087.1	NT_175187.1
cavPor3:scaffold_1233	scaffold_1233		DS564088.1	DS564088.1	NT_175186.1
cavPor3:scaffold_1234	scaffold_1234		DS564089.1	DS564089.1	NT_175185.1
cavPor3:scaffold_1235	scaffold_1235		DS564090.1	DS564090.1	NT_175184.1
cavPor3:scaffold_1236	scaffold_1236		DS564091.1	DS564091.1	NT_175183.1
cavPor3:scaffold_1237	scaffold_1237		DS564092.1	DS564092.1	NT_175182.1
cavPor3:scaffold_1238	scaffold_1238		DS564093.1	DS564093.1	NT_175181.1
cavPor3:scaffold_1239	scaffold_1239		DS564094.1	DS564094.1	NT_175180.1
cavPor3:scaffold_124	scaffold_124		DS562979.1	DS562979.1	NT_176295.1
cavPor3:scaffold_1240	scaffold_1240		DS564095.1	DS564095.1	NT_175179.1
cavPor3:scaffold_1241	scaffold_1241		DS564096.1	DS564096.1	NT_175178.1
cavPor3:scaffold_1242	scaffold_1242		DS564097.1	DS564097.1	NT_175177.1
cavPor3:scaffold_1243	scaffold_1243		DS564098.1	DS564098.1	NT_175176.1
cavPor3:scaffold_1244	scaffold_1244		DS564099.1	DS564099.1	NT_175175.1
cavPor3:scaffold_1245	scaffold_1245		DS564100.1	DS564100.1	NT_175174.1
cavPor3:scaffold_1246	scaffold_1246		DS564101.1	DS564101.1	NT_175173.1
cavPor3:scaffold_1247	scaffold_1247		DS564102.1	DS564102.1	NT_175172.1
cavPor3:scaffold_1248	scaffold_1248		DS564103.1	DS564103.1	NT_175171.1
cavPor3:scaffold_1249	scaffold_1249		DS564104.1	DS564104.1	NT_175170.1
cavPor3:scaffold_125	scaffold_125		DS562980.1	DS562980.1	NT_176294.1
cavPor3:scaffold_1250	scaffold_1250		DS564105.1	DS564105.1	NT_175169.1
cavPor3:scaffold_1251	scaffold_1251		DS564106.1	DS564106.1	NT_175168.1
cavPor3:scaffold_1252	scaffold_1252		DS564107.1	DS564107.1	NT_175167.1
cavPor3:scaffold_1253	scaffold_1253		DS564108.1	DS564108.1	NT_175166.1
cavPor3:scaffold_1254	scaffold_1254		DS564109.1	DS564109.1	NT_175165.1
cavPor3:scaffold_1255	scaffold_1255		DS564110.1	DS564110.1	NT_175164.1
cavPor3:scaffold_1256	scaffold_1256		DS564111.1	DS564111.1	NT_175163.1
cavPor3:scaffold_1257	scaffold_1257		DS564112.1	DS564112.1	NT_175162.1
cavPor3:scaffold_1258	scaffold_1258		DS564113.1	DS564113.1	NT_175161.1
cavPor3:scaffold_1259	scaffold_1259		DS564114.1	DS564114.1	NT_175160.1
cavPor3:scaffold_126	scaffold_126		DS562981.1	DS562981.1	NT_176293.1
cavPor3:scaffold_1260	scaffold_1260		DS564115.1	DS564115.1	NT_175159.1
cavPor3:scaffold_1261	scaffold_1261		DS564116.1	DS564116.1	NT_175158.1
cavPor3:scaffold_1262	scaffold_1262		DS564117.1	DS564117.1	NT_175157.1
cavPor3:scaffold_1263	scaffold_1263		DS564118.1	DS564118.1	NT_175156.1
cavPor3:scaffold_1264	scaffold_1264		DS564119.1	DS564119.1	NT_175155.1
cavPor3:scaffold_1265	scaffold_1265		DS564120.1	DS564120.1	NT_175154.1
cavPor3:scaffold_1266	scaffold_1266		DS564121.1	DS564121.1	NT_175153.1
cavPor3:scaffold_1267	scaffold_1267		DS564122.1	DS564122.1	NT_175152.1
cavPor3:scaffold_1268	scaffold_1268		DS564123.1	DS564123.1	NT_175151.1
cavPor3:scaffold_1269	scaffold_1269		DS564124.1	DS564124.1	NT_175150.1
cavPor3:scaffold_127	scaffold_127		DS562982.1	DS562982.1	NT_176292.1
cavPor3:scaffold_1270	scaffold_1270		DS564125.1	DS564125.1	NT_175149.1
cavPor3:scaffold_1271	scaffold_1271		DS564126.1	DS564126.1	NT_175148.1
cavPor3:scaffold_1272	scaffold_1272		DS564127.1	DS564127.1	NT_175147.1
cavPor3:scaffold_1273	scaffold_1273		DS564128.1	DS564128.1	NT_175146.1
cavPor3:scaffold_1274	scaffold_1274		DS564129.1	DS564129.1	NT_175145.1
cavPor3:scaffold_1275	scaffold_1275		DS564130.1	DS564130.1	NT_175144.1
cavPor3:scaffold_1276	scaffold_1276		DS564131.1	DS564131.1	NT_175143.1
cavPor3:scaffold_1277	scaffold_1277		DS564132.1	DS564132.1	NT_175142.1
cavPor3:scaffold_1278	scaffold_1278		DS564133.1	DS564133.1	NT_175141.1
cavPor3:scaffold_1279	scaffold_1279		DS564134.1	DS564134.1	NT_175140.1
cavPor3:scaffold_128	scaffold_128		DS562983.1	DS562983.1	NT_176291.1
cavPor3:scaffold_1280	scaffold_1280		DS564135.1	DS564135.1	NT_175139.1
cavPor3:scaffold_1281	scaffold_1281		DS564136.1	DS564136.1	NT_175138.1
cavPor3:scaffold_1282	scaffold_1282		DS564137.1	DS564137.1	NT_175137.1
cavPor3:scaffold_1283	scaffold_1283		DS564138.1	DS564138.1	NT_175136.1
cavPor3:scaffold_1284	scaffold_1284		DS564139.1	DS564139.1	NT_175135.1
cavPor3:scaffold_1285	scaffold_1285		DS564140.1	DS564140.1	NT_175134.1
cavPor3:scaffold_1286	scaffold_1286		DS564141.1	DS564141.1	NT_175133.1
cavPor3:scaffold_1287	scaffold_1287		DS564142.1	DS564142.1	NT_175132.1
cavPor3:scaffold_1288	scaffold_1288		DS564143.1	DS564143.1	NT_175131.1
cavPor3:scaffold_1289	scaffold_1289		DS564144.1	DS564144.1	NT_175130.1
cavPor3:scaffold_129	scaffold_129		DS562984.1	DS562984.1	NT_176290.1
cavPor3:scaffold_1290	scaffold_1290		DS564145.1	DS564145.1	NT_175129.1
cavPor3:scaffold_1291	scaffold_1291		DS564146.1	DS564146.1	NT_175128.1
cavPor3:scaffold_1292	scaffold_1292		DS564147.1	DS564147.1	NT_175127.1
cavPor3:scaffold_1293	scaffold_1293		DS564148.1	DS564148.1	NT_175126.1
cavPor3:scaffold_1294	scaffold_1294		DS564149.1	DS564149.1	NT_175125.1
cavPor3:scaffold_1295	scaffold_1295		DS564150.1	DS564150.1	NT_175124.1
cavPor3:scaffold_1296	scaffold_1296		DS564151.1	DS564151.1	NT_175123.1
cavPor3:scaffold_1297	scaffold_1297		DS564152.1	DS564152.1	NT_175122.1
cavPor3:scaffold_1298	scaffold_1298		DS564153.1	DS564153.1	NT_175121.1
cavPor3:scaffold_1299	scaffold_1299		DS564154.1	DS564154.1	NT_175120.1
cavPor3:scaffold_13	scaffold_13		DS562868.1	DS562868.1	NT_176406.1
cavPor3:scaffold_130	scaffold_130		DS562985.1	DS562985.1	NT_176289.1
cavPor3:scaffold_1300	scaffold_1300		DS564155.1	DS564155.1	NT_175119.1
cavPor3:scaffold_1301	scaffold_1301		DS564156.1	DS564156.1	NT_175118.1
cavPor3:scaffold_1302	scaffold_1302		DS564157.1	DS564157.1	NT_175117.1
cavPor3:scaffold_1303	scaffold_1303		DS564158.1	DS564158.1	NT_175116.1
cavPor3:scaffold_1304	scaffold_1304		DS564159.1	DS564159.1	NT_175115.1
cavPor3:scaffold_1305	scaffold_1305		DS564160.1	DS564160.1	NT_175114.1
cavPor3:scaffold_1306	scaffold_1306		DS564161.1	DS564161.1	NT_175113.1
cavPor3:scaffold_1307	scaffold_1307		DS564162.1	DS564162.1	NT_175112.1
cavPor3:scaffold_1308	scaffold_1308		DS564163.1	DS564163.1	NT_175111.1
cavPor3:scaffold_1309	scaffold_1309		DS564164.1	DS564164.1	NT_175110.1
cavPor3:scaffold_131	scaffold_131		DS562986.1	DS562986.1	NT_176288.1
cavPor3:scaffold_1310	scaffold_1310		DS564165.1	DS564165.1	NT_175109.1
cavPor3:scaffold_1311	scaffold_1311		DS564166.1	DS564166.1	NT_175108.1
cavPor3:scaffold_1312	scaffold_1312		DS564167.1	DS564167.1	NT_175107.1
cavPor3:scaffold_1313	scaffold_1313		DS564168.1	DS564168.1	NT_175106.1
cavPor3:scaffold_1314	scaffold_1314		DS564169.1	DS564169.1	NT_175105.1
cavPor3:scaffold_1315	scaffold_1315		DS564170.1	DS564170.1	NT_175104.1
cavPor3:scaffold_1316	scaffold_1316		DS564171.1	DS564171.1	NT_175103.1
cavPor3:scaffold_1317	scaffold_1317		DS564172.1	DS564172.1	NT_175102.1
cavPor3:scaffold_1318	scaffold_1318		DS564173.1	DS564173.1	NT_175101.1
cavPor3:scaffold_1319	scaffold_1319		DS564174.1	DS564174.1	NT_175100.1
cavPor3:scaffold_132	scaffold_132		DS562987.1	DS562987.1	NT_176287.1
cavPor3:scaffold_1320	scaffold_1320		DS564175.1	DS564175.1	NT_175099.1
cavPor3:scaffold_1321	scaffold_1321		DS564176.1	DS564176.1	NT_175098.1
cavPor3:scaffold_1322	scaffold_1322		DS564177.1	DS564177.1	NT_175097.1
cavPor3:scaffold_1323	scaffold_1323		DS564178.1	DS564178.1	NT_175096.1
cavPor3:scaffold_1324	scaffold_1324		DS564179.1	DS564179.1	NT_175095.1
cavPor3:scaffold_1325	scaffold_1325		DS564180.1	DS564180.1	NT_175094.1
cavPor3:scaffold_1326	scaffold_1326		DS564181.1	DS564181.1	NT_175093.1
cavPor3:scaffold_1327	scaffold_1327		DS564182.1	DS564182.1	NT_175092.1
cavPor3:scaffold_1328	scaffold_1328		DS564183.1	DS564183.1	NT_175091.1
cavPor3:scaffold_1329	scaffold_1329		DS564184.1	DS564184.1	NT_175090.1
cavPor3:scaffold_133	scaffold_133		DS562988.1	DS562988.1	NT_176286.1
cavPor3:scaffold_1330	scaffold_1330		DS564185.1	DS564185.1	NT_175089.1
cavPor3:scaffold_1331	scaffold_1331		DS564186.1	DS564186.1	NT_175088.1
cavPor3:scaffold_1332	scaffold_1332		DS564187.1	DS564187.1	NT_175087.1
cavPor3:scaffold_1333	scaffold_1333		DS564188.1	DS564188.1	NT_175086.1
cavPor3:scaffold_1334	scaffold_1334		DS564189.1	DS564189.1	NT_175085.1
cavPor3:scaffold_1335	scaffold_1335		DS564190.1	DS564190.1	NT_175084.1
cavPor3:scaffold_1336	scaffold_1336		DS564191.1	DS564191.1	NT_175083.1
cavPor3:scaffold_1337	scaffold_1337		DS564192.1	DS564192.1	NT_175082.1
cavPor3:scaffold_1338	scaffold_1338		DS564193.1	DS564193.1	NT_175081.1
cavPor3:scaffold_1339	scaffold_1339		DS564194.1	DS564194.1	NT_175080.1
cavPor3:scaffold_134	scaffold_134		DS562989.1	DS562989.1	NT_176285.1
cavPor3:scaffold_1340	scaffold_1340		DS564195.1	DS564195.1	NT_175079.1
cavPor3:scaffold_1341	scaffold_1341		DS564196.1	DS564196.1	NT_175078.1
cavPor3:scaffold_1342	scaffold_1342		DS564197.1	DS564197.1	NT_175077.1
cavPor3:scaffold_1343	scaffold_1343		DS564198.1	DS564198.1	NT_175076.1
cavPor3:scaffold_1344	scaffold_1344		DS564199.1	DS564199.1	NT_175075.1
cavPor3:scaffold_1345	scaffold_1345		DS564200.1	DS564200.1	NT_175074.1
cavPor3:scaffold_1346	scaffold_1346		DS564201.1	DS564201.1	NT_175073.1
cavPor3:scaffold_1347	scaffold_1347		DS564202.1	DS564202.1	NT_175072.1
cavPor3:scaffold_1348	scaffold_1348		DS564203.1	DS564203.1	NT_175071.1
cavPor3:scaffold_1349	scaffold_1349		DS564204.1	DS564204.1	NT_175070.1
cavPor3:scaffold_135	scaffold_135		DS562990.1	DS562990.1	NT_176284.1
cavPor3:scaffold_1350	scaffold_1350		DS564205.1	DS564205.1	NT_175069.1
cavPor3:scaffold_1351	scaffold_1351		DS564206.1	DS564206.1	NT_175068.1
cavPor3:scaffold_1352	scaffold_1352		DS564207.1	DS564207.1	NT_175067.1
cavPor3:scaffold_1353	scaffold_1353		DS564208.1	DS564208.1	NT_175066.1
cavPor3:scaffold_1354	scaffold_1354		DS564209.1	DS564209.1	NT_175065.1
cavPor3:scaffold_1355	scaffold_1355		DS564210.1	DS564210.1	NT_175064.1
cavPor3:scaffold_1356	scaffold_1356		DS564211.1	DS564211.1	NT_175063.1
cavPor3:scaffold_1357	scaffold_1357		DS564212.1	DS564212.1	NT_175062.1
cavPor3:scaffold_1358	scaffold_1358		DS564213.1	DS564213.1	NT_175061.1
cavPor3:scaffold_1359	scaffold_1359		DS564214.1	DS564214.1	NT_175060.1
cavPor3:scaffold_136	scaffold_136		DS562991.1	DS562991.1	NT_176283.1
cavPor3:scaffold_1360	scaffold_1360		DS564215.1	DS564215.1	NT_175059.1
cavPor3:scaffold_1361	scaffold_1361		DS564216.1	DS564216.1	NT_175058.1
cavPor3:scaffold_1362	scaffold_1362		DS564217.1	DS564217.1	NT_175057.1
cavPor3:scaffold_1363	scaffold_1363		DS564218.1	DS564218.1	NT_175056.1
cavPor3:scaffold_1364	scaffold_1364		DS564219.1	DS564219.1	NT_175055.1
cavPor3:scaffold_1365	scaffold_1365		DS564220.1	DS564220.1	NT_175054.1
cavPor3:scaffold_1366	scaffold_1366		DS564221.1	DS564221.1	NT_175053.1
cavPor3:scaffold_1367	scaffold_1367		DS564222.1	DS564222.1	NT_175052.1
cavPor3:scaffold_1368	scaffold_1368		DS564223.1	DS564223.1	NT_175051.1
cavPor3:scaffold_1369	scaffold_1369		DS564224.1	DS564224.1	NT_175050.1
cavPor3:scaffold_137	scaffold_137		DS562992.1	DS562992.1	NT_176282.1
cavPor3:scaffold_1370	scaffold_1370		DS564225.1	DS564225.1	NT_175049.1
cavPor3:scaffold_1371	scaffold_1371		DS564226.1	DS564226.1	NT_175048.1
cavPor3:scaffold_1372	scaffold_1372		DS564227.1	DS564227.1	NT_175047.1
cavPor3:scaffold_1373	scaffold_1373		DS564228.1	DS564228.1	NT_175046.1
cavPor3:scaffold_1374	scaffold_1374		DS564229.1	DS564229.1	NT_175045.1
cavPor3:scaffold_1375	scaffold_1375		DS564230.1	DS564230.1	NT_175044.1
cavPor3:scaffold_1376	scaffold_1376		DS564231.1	DS564231.1	NT_175043.1
cavPor3:scaffold_1377	scaffold_1377		DS564232.1	DS564232.1	NT_175042.1
cavPor3:scaffold_1378	scaffold_1378		DS564233.1	DS564233.1	NT_175041.1
cavPor3:scaffold_1379	scaffold_1379		DS564234.1	DS564234.1	NT_175040.1
cavPor3:scaffold_138	scaffold_138		DS562993.1	DS562993.1	NT_176281.1
cavPor3:scaffold_1380	scaffold_1380		DS564235.1	DS564235.1	NT_175039.1
cavPor3:scaffold_1381	scaffold_1381		DS564236.1	DS564236.1	NT_175038.1
cavPor3:scaffold_1382	scaffold_1382		DS564237.1	DS564237.1	NT_175037.1
cavPor3:scaffold_1383	scaffold_1383		DS564238.1	DS564238.1	NT_175036.1
cavPor3:scaffold_1384	scaffold_1384		DS564239.1	DS564239.1	NT_175035.1
cavPor3:scaffold_1385	scaffold_1385		DS564240.1	DS564240.1	NT_175034.1
cavPor3:scaffold_1386	scaffold_1386		DS564241.1	DS564241.1	NT_175033.1
cavPor3:scaffold_1387	scaffold_1387		DS564242.1	DS564242.1	NT_175032.1
cavPor3:scaffold_1388	scaffold_1388		DS564243.1	DS564243.1	NT_175031.1
cavPor3:scaffold_1389	scaffold_1389		DS564244.1	DS564244.1	NT_175030.1
cavPor3:scaffold_139	scaffold_139		DS562994.1	DS562994.1	NT_176280.1
cavPor3:scaffold_1390	scaffold_1390		DS564245.1	DS564245.1	NT_175029.1
cavPor3:scaffold_1391	scaffold_1391		DS564246.1	DS564246.1	NT_175028.1
cavPor3:scaffold_1392	scaffold_1392		DS564247.1	DS564247.1	NT_175027.1
cavPor3:scaffold_1393	scaffold_1393		DS564248.1	DS564248.1	NT_175026.1
cavPor3:scaffold_1394	scaffold_1394		DS564249.1	DS564249.1	NT_175025.1
cavPor3:scaffold_1395	scaffold_1395		DS564250.1	DS564250.1	NT_175024.1
cavPor3:scaffold_1396	scaffold_1396		DS564251.1	DS564251.1	NT_175023.1
cavPor3:scaffold_1397	scaffold_1397		DS564252.1	DS564252.1	NT_175022.1
cavPor3:scaffold_1398	scaffold_1398		DS564253.1	DS564253.1	NT_175021.1
cavPor3:scaffold_1399	scaffold_1399		DS564254.1	DS564254.1	NT_175020.1
cavPor3:scaffold_14	scaffold_14		DS562869.1	DS562869.1	NT_176405.1
cavPor3:scaffold_140	scaffold_140		DS562995.1	DS562995.1	NT_176279.1
cavPor3:scaffold_1400	scaffold_1400		DS564255.1	DS564255.1	NT_175019.1
cavPor3:scaffold_1401	scaffold_1401		DS564256.1	DS564256.1	NT_175018.1
cavPor3:scaffold_1402	scaffold_1402		DS564257.1	DS564257.1	NT_175017.1
cavPor3:scaffold_1403	scaffold_1403		DS564258.1	DS564258.1	NT_175016.1
cavPor3:scaffold_1404	scaffold_1404		DS564259.1	DS564259.1	NT_175015.1
cavPor3:scaffold_1405	scaffold_1405		DS564260.1	DS564260.1	NT_175014.1
cavPor3:scaffold_1406	scaffold_1406		DS564261.1	DS564261.1	NT_175013.1
cavPor3:scaffold_1407	scaffold_1407		DS564262.1	DS564262.1	NT_175012.1
cavPor3:scaffold_1408	scaffold_1408		DS564263.1	DS564263.1	NT_175011.1
cavPor3:scaffold_1409	scaffold_1409		DS564264.1	DS564264.1	NT_175010.1
cavPor3:scaffold_141	scaffold_141		DS562996.1	DS562996.1	NT_176278.1
cavPor3:scaffold_1410	scaffold_1410		DS564265.1	DS564265.1	NT_175009.1
cavPor3:scaffold_1411	scaffold_1411		DS564266.1	DS564266.1	NT_175008.1
cavPor3:scaffold_1412	scaffold_1412		DS564267.1	DS564267.1	NT_175007.1
cavPor3:scaffold_1413	scaffold_1413		DS564268.1	DS564268.1	NT_175006.1
cavPor3:scaffold_1414	scaffold_1414		DS564269.1	DS564269.1	NT_175005.1
cavPor3:scaffold_1415	scaffold_1415		DS564270.1	DS564270.1	NT_175004.1
cavPor3:scaffold_1416	scaffold_1416		DS564271.1	DS564271.1	NT_175003.1
cavPor3:scaffold_1417	scaffold_1417		DS564272.1	DS564272.1	NT_175002.1
cavPor3:scaffold_1418	scaffold_1418		DS564273.1	DS564273.1	NT_175001.1
cavPor3:scaffold_1419	scaffold_1419		DS564274.1	DS564274.1	NT_175000.1
cavPor3:scaffold_142	scaffold_142		DS562997.1	DS562997.1	NT_176277.1
cavPor3:scaffold_1420	scaffold_1420		DS564275.1	DS564275.1	NT_174999.1
cavPor3:scaffold_1421	scaffold_1421		DS564276.1	DS564276.1	NT_174998.1
cavPor3:scaffold_1422	scaffold_1422		DS564277.1	DS564277.1	NT_174997.1
cavPor3:scaffold_1423	scaffold_1423		DS564278.1	DS564278.1	NT_174996.1
cavPor3:scaffold_1424	scaffold_1424		DS564279.1	DS564279.1	NT_174995.1
cavPor3:scaffold_1425	scaffold_1425		DS564280.1	DS564280.1	NT_174994.1
cavPor3:scaffold_1426	scaffold_1426		DS564281.1	DS564281.1	NT_174993.1
cavPor3:scaffold_1427	scaffold_1427		DS564282.1	DS564282.1	NT_174992.1
cavPor3:scaffold_1428	scaffold_1428		DS564283.1	DS564283.1	NT_174991.1
cavPor3:scaffold_1429	scaffold_1429		DS564284.1	DS564284.1	NT_174990.1
cavPor3:scaffold_143	scaffold_143		DS562998.1	DS562998.1	NT_176276.1
cavPor3:scaffold_1430	scaffold_1430		DS564285.1	DS564285.1	NT_174989.1
cavPor3:scaffold_1431	scaffold_1431		DS564286.1	DS564286.1	NT_174988.1
cavPor3:scaffold_1432	scaffold_1432		DS564287.1	DS564287.1	NT_174987.1
cavPor3:scaffold_1433	scaffold_1433		DS564288.1	DS564288.1	NT_174986.1
cavPor3:scaffold_1434	scaffold_1434		DS564289.1	DS564289.1	NT_174985.1
cavPor3:scaffold_1435	scaffold_1435		DS564290.1	DS564290.1	NT_174984.1
cavPor3:scaffold_1436	scaffold_1436		DS564291.1	DS564291.1	NT_174983.1
cavPor3:scaffold_1437	scaffold_1437		DS564292.1	DS564292.1	NT_174982.1
cavPor3:scaffold_1438	scaffold_1438		DS564293.1	DS564293.1	NT_174981.1
cavPor3:scaffold_1439	scaffold_1439		DS564294.1	DS564294.1	NT_174980.1
cavPor3:scaffold_144	scaffold_144		DS562999.1	DS562999.1	NT_176275.1
cavPor3:scaffold_1440	scaffold_1440		DS564295.1	DS564295.1	NT_174979.1
cavPor3:scaffold_1441	scaffold_1441		DS564296.1	DS564296.1	NT_174978.1
cavPor3:scaffold_1442	scaffold_1442		DS564297.1	DS564297.1	NT_174977.1
cavPor3:scaffold_1443	scaffold_1443		DS564298.1	DS564298.1	NT_174976.1
cavPor3:scaffold_1444	scaffold_1444		DS564299.1	DS564299.1	NT_174975.1
cavPor3:scaffold_1445	scaffold_1445		DS564300.1	DS564300.1	NT_174974.1
cavPor3:scaffold_1446	scaffold_1446		DS564301.1	DS564301.1	NT_174973.1
cavPor3:scaffold_1447	scaffold_1447		DS564302.1	DS564302.1	NT_174972.1
cavPor3:scaffold_1448	scaffold_1448		DS564303.1	DS564303.1	NT_174971.1
cavPor3:scaffold_1449	scaffold_1449		DS564304.1	DS564304.1	NT_174970.1
cavPor3:scaffold_145	scaffold_145		DS563000.1	DS563000.1	NT_176274.1
cavPor3:scaffold_1450	scaffold_1450		DS564305.1	DS564305.1	NT_174969.1
cavPor3:scaffold_1451	scaffold_1451		DS564306.1	DS564306.1	NT_174968.1
cavPor3:scaffold_1452	scaffold_1452		DS564307.1	DS564307.1	NT_174967.1
cavPor3:scaffold_1453	scaffold_1453		DS564308.1	DS564308.1	NT_174966.1
cavPor3:scaffold_1454	scaffold_1454		DS564309.1	DS564309.1	NT_174965.1
cavPor3:scaffold_1455	scaffold_1455		DS564310.1	DS564310.1	NT_174964.1
cavPor3:scaffold_1456	scaffold_1456		DS564311.1	DS564311.1	NT_174963.1
cavPor3:scaffold_1457	scaffold_1457		DS564312.1	DS564312.1	NT_174962.1
cavPor3:scaffold_1458	scaffold_1458		DS564313.1	DS564313.1	NT_174961.1
cavPor3:scaffold_1459	scaffold_1459		DS564314.1	DS564314.1	NT_174960.1
cavPor3:scaffold_146	scaffold_146		DS563001.1	DS563001.1	NT_176273.1
cavPor3:scaffold_1460	scaffold_1460		DS564315.1	DS564315.1	NT_174959.1
cavPor3:scaffold_1461	scaffold_1461		DS564316.1	DS564316.1	NT_174958.1
cavPor3:scaffold_1462	scaffold_1462		DS564317.1	DS564317.1	NT_174957.1
cavPor3:scaffold_1463	scaffold_1463		DS564318.1	DS564318.1	NT_174956.1
cavPor3:scaffold_1464	scaffold_1464		DS564319.1	DS564319.1	NT_174955.1
cavPor3:scaffold_1465	scaffold_1465		DS564320.1	DS564320.1	NT_174954.1
cavPor3:scaffold_1466	scaffold_1466		DS564321.1	DS564321.1	NT_174953.1
cavPor3:scaffold_1467	scaffold_1467		DS564322.1	DS564322.1	NT_174952.1
cavPor3:scaffold_1468	scaffold_1468		DS564323.1	DS564323.1	NT_174951.1
cavPor3:scaffold_1469	scaffold_1469		DS564324.1	DS564324.1	NT_174950.1
cavPor3:scaffold_147	scaffold_147		DS563002.1	DS563002.1	NT_176272.1
cavPor3:scaffold_1470	scaffold_1470		DS564325.1	DS564325.1	NT_174949.1
cavPor3:scaffold_1471	scaffold_1471		DS564326.1	DS564326.1	NT_174948.1
cavPor3:scaffold_1472	scaffold_1472		DS564327.1	DS564327.1	NT_174947.1
cavPor3:scaffold_1473	scaffold_1473		DS564328.1	DS564328.1	NT_174946.1
cavPor3:scaffold_1474	scaffold_1474		DS564329.1	DS564329.1	NT_174945.1
cavPor3:scaffold_1475	scaffold_1475		DS564330.1	DS564330.1	NT_174944.1
cavPor3:scaffold_1476	scaffold_1476		DS564331.1	DS564331.1	NT_174943.1
cavPor3:scaffold_1477	scaffold_1477		DS564332.1	DS564332.1	NT_174942.1
cavPor3:scaffold_1478	scaffold_1478		DS564333.1	DS564333.1	NT_174941.1
cavPor3:scaffold_1479	scaffold_1479		DS564334.1	DS564334.1	NT_174940.1
cavPor3:scaffold_148	scaffold_148		DS563003.1	DS563003.1	NT_176271.1
cavPor3:scaffold_1480	scaffold_1480		DS564335.1	DS564335.1	NT_174939.1
cavPor3:scaffold_1481	scaffold_1481		DS564336.1	DS564336.1	NT_174938.1
cavPor3:scaffold_1482	scaffold_1482		DS564337.1	DS564337.1	NT_174937.1
cavPor3:scaffold_1483	scaffold_1483		DS564338.1	DS564338.1	NT_174936.1
cavPor3:scaffold_1484	scaffold_1484		DS564339.1	DS564339.1	NT_174935.1
cavPor3:scaffold_1485	scaffold_1485		DS564340.1	DS564340.1	NT_174934.1
cavPor3:scaffold_1486	scaffold_1486		DS564341.1	DS564341.1	NT_174933.1
cavPor3:scaffold_1487	scaffold_1487		DS564342.1	DS564342.1	NT_174932.1
cavPor3:scaffold_1488	scaffold_1488		DS564343.1	DS564343.1	NT_174931.1
cavPor3:scaffold_1489	scaffold_1489		DS564344.1	DS564344.1	NT_174930.1
cavPor3:scaffold_149	scaffold_149		DS563004.1	DS563004.1	NT_176270.1
cavPor3:scaffold_1490	scaffold_1490		DS564345.1	DS564345.1	NT_174929.1
cavPor3:scaffold_1491	scaffold_1491		DS564346.1	DS564346.1	NT_174928.1
cavPor3:scaffold_1492	scaffold_1492		DS564347.1	DS564347.1	NT_174927.1
cavPor3:scaffold_1493	scaffold_1493		DS564348.1	DS564348.1	NT_174926.1
cavPor3:scaffold_1494	scaffold_1494		DS564349.1	DS564349.1	NT_174925.1
cavPor3:scaffold_1495	scaffold_1495		DS564350.1	DS564350.1	NT_174924.1
cavPor3:scaffold_1496	scaffold_1496		DS564351.1	DS564351.1	NT_174923.1
cavPor3:scaffold_1497	scaffold_1497		DS564352.1	DS564352.1	NT_174922.1
cavPor3:scaffold_1498	scaffold_1498		DS564353.1	DS564353.1	NT_174921.1
cavPor3:scaffold_1499	scaffold_1499		DS564354.1	DS564354.1	NT_174920.1
cavPor3:scaffold_15	scaffold_15		DS562870.1	DS562870.1	NT_176404.1
cavPor3:scaffold_150	scaffold_150		DS563005.1	DS563005.1	NT_176269.1
cavPor3:scaffold_1500	scaffold_1500		DS564355.1	DS564355.1	NT_174919.1
cavPor3:scaffold_1501	scaffold_1501		DS564356.1	DS564356.1	NT_174918.1
cavPor3:scaffold_1502	scaffold_1502		DS564357.1	DS564357.1	NT_174917.1
cavPor3:scaffold_1503	scaffold_1503		DS564358.1	DS564358.1	NT_174916.1
cavPor3:scaffold_1504	scaffold_1504		DS564359.1	DS564359.1	NT_174915.1
cavPor3:scaffold_1505	scaffold_1505		DS564360.1	DS564360.1	NT_174914.1
cavPor3:scaffold_1506	scaffold_1506		DS564361.1	DS564361.1	NT_174913.1
cavPor3:scaffold_1507	scaffold_1507		DS564362.1	DS564362.1	NT_174912.1
cavPor3:scaffold_1508	scaffold_1508		DS564363.1	DS564363.1	NT_174911.1
cavPor3:scaffold_1509	scaffold_1509		DS564364.1	DS564364.1	NT_174910.1
cavPor3:scaffold_151	scaffold_151		DS563006.1	DS563006.1	NT_176268.1
cavPor3:scaffold_1510	scaffold_1510		DS564365.1	DS564365.1	NT_174909.1
cavPor3:scaffold_1511	scaffold_1511		DS564366.1	DS564366.1	NT_174908.1
cavPor3:scaffold_1512	scaffold_1512		DS564367.1	DS564367.1	NT_174907.1
cavPor3:scaffold_1513	scaffold_1513		DS564368.1	DS564368.1	NT_174906.1
cavPor3:scaffold_1514	scaffold_1514		DS564369.1	DS564369.1	NT_174905.1
cavPor3:scaffold_1515	scaffold_1515		DS564370.1	DS564370.1	NT_174904.1
cavPor3:scaffold_1516	scaffold_1516		DS564371.1	DS564371.1	NT_174903.1
cavPor3:scaffold_1517	scaffold_1517		DS564372.1	DS564372.1	NT_174902.1
cavPor3:scaffold_1518	scaffold_1518		DS564373.1	DS564373.1	NT_174901.1
cavPor3:scaffold_1519	scaffold_1519		DS564374.1	DS564374.1	NT_174900.1
cavPor3:scaffold_152	scaffold_152		DS563007.1	DS563007.1	NT_176267.1
cavPor3:scaffold_1520	scaffold_1520		DS564375.1	DS564375.1	NT_174899.1
cavPor3:scaffold_1521	scaffold_1521		DS564376.1	DS564376.1	NT_174898.1
cavPor3:scaffold_1522	scaffold_1522		DS564377.1	DS564377.1	NT_174897.1
cavPor3:scaffold_1523	scaffold_1523		DS564378.1	DS564378.1	NT_174896.1
cavPor3:scaffold_1524	scaffold_1524		DS564379.1	DS564379.1	NT_174895.1
cavPor3:scaffold_1525	scaffold_1525		DS564380.1	DS564380.1	NT_174894.1
cavPor3:scaffold_1526	scaffold_1526		DS564381.1	DS564381.1	NT_174893.1
cavPor3:scaffold_1527	scaffold_1527		DS564382.1	DS564382.1	NT_174892.1
cavPor3:scaffold_1528	scaffold_1528		DS564383.1	DS564383.1	NT_174891.1
cavPor3:scaffold_1529	scaffold_1529		DS564384.1	DS564384.1	NT_174890.1
cavPor3:scaffold_153	scaffold_153		DS563008.1	DS563008.1	NT_176266.1
cavPor3:scaffold_1530	scaffold_1530		DS564385.1	DS564385.1	NT_174889.1
cavPor3:scaffold_1531	scaffold_1531		DS564386.1	DS564386.1	NT_174888.1
cavPor3:scaffold_1532	scaffold_1532		DS564387.1	DS564387.1	NT_174887.1
cavPor3:scaffold_1533	scaffold_1533		DS564388.1	DS564388.1	NT_174886.1
cavPor3:scaffold_1534	scaffold_1534		DS564389.1	DS564389.1	NT_174885.1
cavPor3:scaffold_1535	scaffold_1535		DS564390.1	DS564390.1	NT_174884.1
cavPor3:scaffold_1536	scaffold_1536		DS564391.1	DS564391.1	NT_174883.1
cavPor3:scaffold_1537	scaffold_1537		DS564392.1	DS564392.1	NT_174882.1
cavPor3:scaffold_1538	scaffold_1538		DS564393.1	DS564393.1	NT_174881.1
cavPor3:scaffold_1539	scaffold_1539		DS564394.1	DS564394.1	NT_174880.1
cavPor3:scaffold_154	scaffold_154		DS563009.1	DS563009.1	NT_176265.1
cavPor3:scaffold_1540	scaffold_1540		DS564395.1	DS564395.1	NT_174879.1
cavPor3:scaffold_1541	scaffold_1541		DS564396.1	DS564396.1	NT_174878.1
cavPor3:scaffold_1542	scaffold_1542		DS564397.1	DS564397.1	NT_174877.1
cavPor3:scaffold_1543	scaffold_1543		DS564398.1	DS564398.1	NT_174876.1
cavPor3:scaffold_1544	scaffold_1544		DS564399.1	DS564399.1	NT_174875.1
cavPor3:scaffold_1545	scaffold_1545		DS564400.1	DS564400.1	NT_174874.1
cavPor3:scaffold_1546	scaffold_1546		DS564401.1	DS564401.1	NT_174873.1
cavPor3:scaffold_1547	scaffold_1547		DS564402.1	DS564402.1	NT_174872.1
cavPor3:scaffold_1548	scaffold_1548		DS564403.1	DS564403.1	NT_174871.1
cavPor3:scaffold_1549	scaffold_1549		DS564404.1	DS564404.1	NT_174870.1
cavPor3:scaffold_155	scaffold_155		DS563010.1	DS563010.1	NT_176264.1
cavPor3:scaffold_1550	scaffold_1550		DS564405.1	DS564405.1	NT_174869.1
cavPor3:scaffold_1551	scaffold_1551		DS564406.1	DS564406.1	NT_174868.1
cavPor3:scaffold_1552	scaffold_1552		DS564407.1	DS564407.1	NT_174867.1
cavPor3:scaffold_1553	scaffold_1553		DS564408.1	DS564408.1	NT_174866.1
cavPor3:scaffold_1554	scaffold_1554		DS564409.1	DS564409.1	NT_174865.1
cavPor3:scaffold_1555	scaffold_1555		DS564410.1	DS564410.1	NT_174864.1
cavPor3:scaffold_1556	scaffold_1556		DS564411.1	DS564411.1	NT_174863.1
cavPor3:scaffold_1557	scaffold_1557		DS564412.1	DS564412.1	NT_174862.1
cavPor3:scaffold_1558	scaffold_1558		DS564413.1	DS564413.1	NT_174861.1
cavPor3:scaffold_1559	scaffold_1559		DS564414.1	DS564414.1	NT_174860.1
cavPor3:scaffold_156	scaffold_156		DS563011.1	DS563011.1	NT_176263.1
cavPor3:scaffold_1560	scaffold_1560		DS564415.1	DS564415.1	NT_174859.1
cavPor3:scaffold_1561	scaffold_1561		DS564416.1	DS564416.1	NT_174858.1
cavPor3:scaffold_1562	scaffold_1562		DS564417.1	DS564417.1	NT_174857.1
cavPor3:scaffold_1563	scaffold_1563		DS564418.1	DS564418.1	NT_174856.1
cavPor3:scaffold_1564	scaffold_1564		DS564419.1	DS564419.1	NT_174855.1
cavPor3:scaffold_1565	scaffold_1565		DS564420.1	DS564420.1	NT_174854.1
cavPor3:scaffold_1566	scaffold_1566		DS564421.1	DS564421.1	NT_174853.1
cavPor3:scaffold_1567	scaffold_1567		DS564422.1	DS564422.1	NT_174852.1
cavPor3:scaffold_1568	scaffold_1568		DS564423.1	DS564423.1	NT_174851.1
cavPor3:scaffold_1569	scaffold_1569		DS564424.1	DS564424.1	NT_174850.1
cavPor3:scaffold_157	scaffold_157		DS563012.1	DS563012.1	NT_176262.1
cavPor3:scaffold_1570	scaffold_1570		DS564425.1	DS564425.1	NT_174849.1
cavPor3:scaffold_1571	scaffold_1571		DS564426.1	DS564426.1	NT_174848.1
cavPor3:scaffold_1572	scaffold_1572		DS564427.1	DS564427.1	NT_174847.1
cavPor3:scaffold_1573	scaffold_1573		DS564428.1	DS564428.1	NT_174846.1
cavPor3:scaffold_1574	scaffold_1574		DS564429.1	DS564429.1	NT_174845.1
cavPor3:scaffold_1575	scaffold_1575		DS564430.1	DS564430.1	NT_174844.1
cavPor3:scaffold_1576	scaffold_1576		DS564431.1	DS564431.1	NT_174843.1
cavPor3:scaffold_1577	scaffold_1577		DS564432.1	DS564432.1	NT_174842.1
cavPor3:scaffold_1578	scaffold_1578		DS564433.1	DS564433.1	NT_174841.1
cavPor3:scaffold_1579	scaffold_1579		DS564434.1	DS564434.1	NT_174840.1
cavPor3:scaffold_158	scaffold_158		DS563013.1	DS563013.1	NT_176261.1
cavPor3:scaffold_1580	scaffold_1580		DS564435.1	DS564435.1	NT_174839.1
cavPor3:scaffold_1581	scaffold_1581		DS564436.1	DS564436.1	NT_174838.1
cavPor3:scaffold_1582	scaffold_1582		DS564437.1	DS564437.1	NT_174837.1
cavPor3:scaffold_1583	scaffold_1583		DS564438.1	DS564438.1	NT_174836.1
cavPor3:scaffold_1584	scaffold_1584		DS564439.1	DS564439.1	NT_174835.1
cavPor3:scaffold_1585	scaffold_1585		DS564440.1	DS564440.1	NT_174834.1
cavPor3:scaffold_1586	scaffold_1586		DS564441.1	DS564441.1	NT_174833.1
cavPor3:scaffold_1587	scaffold_1587		DS564442.1	DS564442.1	NT_174832.1
cavPor3:scaffold_1588	scaffold_1588		DS564443.1	DS564443.1	NT_174831.1
cavPor3:scaffold_1589	scaffold_1589		DS564444.1	DS564444.1	NT_174830.1
cavPor3:scaffold_159	scaffold_159		DS563014.1	DS563014.1	NT_176260.1
cavPor3:scaffold_1590	scaffold_1590		DS564445.1	DS564445.1	NT_174829.1
cavPor3:scaffold_1591	scaffold_1591		DS564446.1	DS564446.1	NT_174828.1
cavPor3:scaffold_1592	scaffold_1592		DS564447.1	DS564447.1	NT_174827.1
cavPor3:scaffold_1593	scaffold_1593		DS564448.1	DS564448.1	NT_174826.1
cavPor3:scaffold_1594	scaffold_1594		DS564449.1	DS564449.1	NT_174825.1
cavPor3:scaffold_1595	scaffold_1595		DS564450.1	DS564450.1	NT_174824.1
cavPor3:scaffold_1596	scaffold_1596		DS564451.1	DS564451.1	NT_174823.1
cavPor3:scaffold_1597	scaffold_1597		DS564452.1	DS564452.1	NT_174822.1
cavPor3:scaffold_1598	scaffold_1598		DS564453.1	DS564453.1	NT_174821.1
cavPor3:scaffold_1599	scaffold_1599		DS564454.1	DS564454.1	NT_174820.1
cavPor3:scaffold_16	scaffold_16		DS562871.1	DS562871.1	NT_176403.1
cavPor3:scaffold_160	scaffold_160		DS563015.1	DS563015.1	NT_176259.1
cavPor3:scaffold_1600	scaffold_1600		DS564455.1	DS564455.1	NT_174819.1
cavPor3:scaffold_1601	scaffold_1601		DS564456.1	DS564456.1	NT_174818.1
cavPor3:scaffold_1602	scaffold_1602		DS564457.1	DS564457.1	NT_174817.1
cavPor3:scaffold_1603	scaffold_1603		DS564458.1	DS564458.1	NT_174816.1
cavPor3:scaffold_1604	scaffold_1604		DS564459.1	DS564459.1	NT_174815.1
cavPor3:scaffold_1605	scaffold_1605		DS564460.1	DS564460.1	NT_174814.1
cavPor3:scaffold_1606	scaffold_1606		DS564461.1	DS564461.1	NT_174813.1
cavPor3:scaffold_1607	scaffold_1607		DS564462.1	DS564462.1	NT_174812.1
cavPor3:scaffold_1608	scaffold_1608		DS564463.1	DS564463.1	NT_174811.1
cavPor3:scaffold_1609	scaffold_1609		DS564464.1	DS564464.1	NT_174810.1
cavPor3:scaffold_161	scaffold_161		DS563016.1	DS563016.1	NT_176258.1
cavPor3:scaffold_1610	scaffold_1610		DS564465.1	DS564465.1	NT_174809.1
cavPor3:scaffold_1611	scaffold_1611		DS564466.1	DS564466.1	NT_174808.1
cavPor3:scaffold_1612	scaffold_1612		DS564467.1	DS564467.1	NT_174807.1
cavPor3:scaffold_1613	scaffold_1613		DS564468.1	DS564468.1	NT_174806.1
cavPor3:scaffold_1614	scaffold_1614		DS564469.1	DS564469.1	NT_174805.1
cavPor3:scaffold_1615	scaffold_1615		DS564470.1	DS564470.1	NT_174804.1
cavPor3:scaffold_1616	scaffold_1616		DS564471.1	DS564471.1	NT_174803.1
cavPor3:scaffold_1617	scaffold_1617		DS564472.1	DS564472.1	NT_174802.1
cavPor3:scaffold_1618	scaffold_1618		DS564473.1	DS564473.1	NT_174801.1
cavPor3:scaffold_1619	scaffold_1619		DS564474.1	DS564474.1	NT_174800.1
cavPor3:scaffold_162	scaffold_162		DS563017.1	DS563017.1	NT_176257.1
cavPor3:scaffold_1620	scaffold_1620		DS564475.1	DS564475.1	NT_174799.1
cavPor3:scaffold_1621	scaffold_1621		DS564476.1	DS564476.1	NT_174798.1
cavPor3:scaffold_1622	scaffold_1622		DS564477.1	DS564477.1	NT_174797.1
cavPor3:scaffold_1623	scaffold_1623		DS564478.1	DS564478.1	NT_174796.1
cavPor3:scaffold_1624	scaffold_1624		DS564479.1	DS564479.1	NT_174795.1
cavPor3:scaffold_1625	scaffold_1625		DS564480.1	DS564480.1	NT_174794.1
cavPor3:scaffold_1626	scaffold_1626		DS564481.1	DS564481.1	NT_174793.1
cavPor3:scaffold_1627	scaffold_1627		DS564482.1	DS564482.1	NT_174792.1
cavPor3:scaffold_1628	scaffold_1628		DS564483.1	DS564483.1	NT_174791.1
cavPor3:scaffold_1629	scaffold_1629		DS564484.1	DS564484.1	NT_174790.1
cavPor3:scaffold_163	scaffold_163		DS563018.1	DS563018.1	NT_176256.1
cavPor3:scaffold_1630	scaffold_1630		DS564485.1	DS564485.1	NT_174789.1
cavPor3:scaffold_1631	scaffold_1631		DS564486.1	DS564486.1	NT_174788.1
cavPor3:scaffold_1632	scaffold_1632		DS564487.1	DS564487.1	NT_174787.1
cavPor3:scaffold_1633	scaffold_1633		DS564488.1	DS564488.1	NT_174786.1
cavPor3:scaffold_1634	scaffold_1634		DS564489.1	DS564489.1	NT_174785.1
cavPor3:scaffold_1635	scaffold_1635		DS564490.1	DS564490.1	NT_174784.1
cavPor3:scaffold_1636	scaffold_1636		DS564491.1	DS564491.1	NT_174783.1
cavPor3:scaffold_1637	scaffold_1637		DS564492.1	DS564492.1	NT_174782.1
cavPor3:scaffold_1638	scaffold_1638		DS564493.1	DS564493.1	NT_174781.1
cavPor3:scaffold_1639	scaffold_1639		DS564494.1	DS564494.1	NT_174780.1
cavPor3:scaffold_164	scaffold_164		DS563019.1	DS563019.1	NT_176255.1
cavPor3:scaffold_1640	scaffold_1640		DS564495.1	DS564495.1	NT_174779.1
cavPor3:scaffold_1641	scaffold_1641		DS564496.1	DS564496.1	NT_174778.1
cavPor3:scaffold_1642	scaffold_1642		DS564497.1	DS564497.1	NT_174777.1
cavPor3:scaffold_1643	scaffold_1643		DS564498.1	DS564498.1	NT_174776.1
cavPor3:scaffold_1644	scaffold_1644		DS564499.1	DS564499.1	NT_174775.1
cavPor3:scaffold_1645	scaffold_1645		DS564500.1	DS564500.1	NT_174774.1
cavPor3:scaffold_1646	scaffold_1646		DS564501.1	DS564501.1	NT_174773.1
cavPor3:scaffold_1647	scaffold_1647		DS564502.1	DS564502.1	NT_174772.1
cavPor3:scaffold_1648	scaffold_1648		DS564503.1	DS564503.1	NT_174771.1
cavPor3:scaffold_1649	scaffold_1649		DS564504.1	DS564504.1	NT_174770.1
cavPor3:scaffold_165	scaffold_165		DS563020.1	DS563020.1	NT_176254.1
cavPor3:scaffold_1650	scaffold_1650		DS564505.1	DS564505.1	NT_174769.1
cavPor3:scaffold_1651	scaffold_1651		DS564506.1	DS564506.1	NT_174768.1
cavPor3:scaffold_1652	scaffold_1652		DS564507.1	DS564507.1	NT_174767.1
cavPor3:scaffold_1653	scaffold_1653		DS564508.1	DS564508.1	NT_174766.1
cavPor3:scaffold_1654	scaffold_1654		DS564509.1	DS564509.1	NT_174765.1
cavPor3:scaffold_1655	scaffold_1655		DS564510.1	DS564510.1	NT_174764.1
cavPor3:scaffold_1656	scaffold_1656		DS564511.1	DS564511.1	NT_174763.1
cavPor3:scaffold_1657	scaffold_1657		DS564512.1	DS564512.1	NT_174762.1
cavPor3:scaffold_1658	scaffold_1658		DS564513.1	DS564513.1	NT_174761.1
cavPor3:scaffold_1659	scaffold_1659		DS564514.1	DS564514.1	NT_174760.1
cavPor3:scaffold_166	scaffold_166		DS563021.1	DS563021.1	NT_176253.1
cavPor3:scaffold_1660	scaffold_1660		DS564515.1	DS564515.1	NT_174759.1
cavPor3:scaffold_1661	scaffold_1661		DS564516.1	DS564516.1	NT_174758.1
cavPor3:scaffold_1662	scaffold_1662		DS564517.1	DS564517.1	NT_174757.1
cavPor3:scaffold_1663	scaffold_1663		DS564518.1	DS564518.1	NT_174756.1
cavPor3:scaffold_1664	scaffold_1664		DS564519.1	DS564519.1	NT_174755.1
cavPor3:scaffold_1665	scaffold_1665		DS564520.1	DS564520.1	NT_174754.1
cavPor3:scaffold_1666	scaffold_1666		DS564521.1	DS564521.1	NT_174753.1
cavPor3:scaffold_1667	scaffold_1667		DS564522.1	DS564522.1	NT_174752.1
cavPor3:scaffold_1668	scaffold_1668		DS564523.1	DS564523.1	NT_174751.1
cavPor3:scaffold_1669	scaffold_1669		DS564524.1	DS564524.1	NT_174750.1
cavPor3:scaffold_167	scaffold_167		DS563022.1	DS563022.1	NT_176252.1
cavPor3:scaffold_1670	scaffold_1670		DS564525.1	DS564525.1	NT_174749.1
cavPor3:scaffold_1671	scaffold_1671		DS564526.1	DS564526.1	NT_174748.1
cavPor3:scaffold_1672	scaffold_1672		DS564527.1	DS564527.1	NT_174747.1
cavPor3:scaffold_1673	scaffold_1673		DS564528.1	DS564528.1	NT_174746.1
cavPor3:scaffold_1674	scaffold_1674		DS564529.1	DS564529.1	NT_174745.1
cavPor3:scaffold_1675	scaffold_1675		DS564530.1	DS564530.1	NT_174744.1
cavPor3:scaffold_1676	scaffold_1676		DS564531.1	DS564531.1	NT_174743.1
cavPor3:scaffold_1677	scaffold_1677		DS564532.1	DS564532.1	NT_174742.1
cavPor3:scaffold_1678	scaffold_1678		DS564533.1	DS564533.1	NT_174741.1
cavPor3:scaffold_1679	scaffold_1679		DS564534.1	DS564534.1	NT_174740.1
cavPor3:scaffold_168	scaffold_168		DS563023.1	DS563023.1	NT_176251.1
cavPor3:scaffold_1680	scaffold_1680		DS564535.1	DS564535.1	NT_174739.1
cavPor3:scaffold_1681	scaffold_1681		DS564536.1	DS564536.1	NT_174738.1
cavPor3:scaffold_1682	scaffold_1682		DS564537.1	DS564537.1	NT_174737.1
cavPor3:scaffold_1683	scaffold_1683		DS564538.1	DS564538.1	NT_174736.1
cavPor3:scaffold_1684	scaffold_1684		DS564539.1	DS564539.1	NT_174735.1
cavPor3:scaffold_1685	scaffold_1685		DS564540.1	DS564540.1	NT_174734.1
cavPor3:scaffold_1686	scaffold_1686		DS564541.1	DS564541.1	NT_174733.1
cavPor3:scaffold_1687	scaffold_1687		DS564542.1	DS564542.1	NT_174732.1
cavPor3:scaffold_1688	scaffold_1688		DS564543.1	DS564543.1	NT_174731.1
cavPor3:scaffold_1689	scaffold_1689		DS564544.1	DS564544.1	NT_174730.1
cavPor3:scaffold_169	scaffold_169		DS563024.1	DS563024.1	NT_176250.1
cavPor3:scaffold_1690	scaffold_1690		DS564545.1	DS564545.1	NT_174729.1
cavPor3:scaffold_1691	scaffold_1691		DS564546.1	DS564546.1	NT_174728.1
cavPor3:scaffold_1692	scaffold_1692		DS564547.1	DS564547.1	NT_174727.1
cavPor3:scaffold_1693	scaffold_1693		DS564548.1	DS564548.1	NT_174726.1
cavPor3:scaffold_1694	scaffold_1694		DS564549.1	DS564549.1	NT_174725.1
cavPor3:scaffold_1695	scaffold_1695		DS564550.1	DS564550.1	NT_174724.1
cavPor3:scaffold_1696	scaffold_1696		DS564551.1	DS564551.1	NT_174723.1
cavPor3:scaffold_1697	scaffold_1697		DS564552.1	DS564552.1	NT_174722.1
cavPor3:scaffold_1698	scaffold_1698		DS564553.1	DS564553.1	NT_174721.1
cavPor3:scaffold_1699	scaffold_1699		DS564554.1	DS564554.1	NT_174720.1
cavPor3:scaffold_17	scaffold_17		DS562872.1	DS562872.1	NT_176402.1
cavPor3:scaffold_170	scaffold_170		DS563025.1	DS563025.1	NT_176249.1
cavPor3:scaffold_1700	scaffold_1700		DS564555.1	DS564555.1	NT_174719.1
cavPor3:scaffold_1701	scaffold_1701		DS564556.1	DS564556.1	NT_174718.1
cavPor3:scaffold_1702	scaffold_1702		DS564557.1	DS564557.1	NT_174717.1
cavPor3:scaffold_1703	scaffold_1703		DS564558.1	DS564558.1	NT_174716.1
cavPor3:scaffold_1704	scaffold_1704		DS564559.1	DS564559.1	NT_174715.1
cavPor3:scaffold_1705	scaffold_1705		DS564560.1	DS564560.1	NT_174714.1
cavPor3:scaffold_1706	scaffold_1706		DS564561.1	DS564561.1	NT_174713.1
cavPor3:scaffold_1707	scaffold_1707		DS564562.1	DS564562.1	NT_174712.1
cavPor3:scaffold_1708	scaffold_1708		DS564563.1	DS564563.1	NT_174711.1
cavPor3:scaffold_1709	scaffold_1709		DS564564.1	DS564564.1	NT_174710.1
cavPor3:scaffold_171	scaffold_171		DS563026.1	DS563026.1	NT_176248.1
cavPor3:scaffold_1710	scaffold_1710		DS564565.1	DS564565.1	NT_174709.1
cavPor3:scaffold_1711	scaffold_1711		DS564566.1	DS564566.1	NT_174708.1
cavPor3:scaffold_1712	scaffold_1712		DS564567.1	DS564567.1	NT_174707.1
cavPor3:scaffold_1713	scaffold_1713		DS564568.1	DS564568.1	NT_174706.1
cavPor3:scaffold_1714	scaffold_1714		DS564569.1	DS564569.1	NT_174705.1
cavPor3:scaffold_1715	scaffold_1715		DS564570.1	DS564570.1	NT_174704.1
cavPor3:scaffold_1716	scaffold_1716		DS564571.1	DS564571.1	NT_174703.1
cavPor3:scaffold_1717	scaffold_1717		DS564572.1	DS564572.1	NT_174702.1
cavPor3:scaffold_1718	scaffold_1718		DS564573.1	DS564573.1	NT_174701.1
cavPor3:scaffold_1719	scaffold_1719		DS564574.1	DS564574.1	NT_174700.1
cavPor3:scaffold_172	scaffold_172		DS563027.1	DS563027.1	NT_176247.1
cavPor3:scaffold_1720	scaffold_1720		DS564575.1	DS564575.1	NT_174699.1
cavPor3:scaffold_1721	scaffold_1721		DS564576.1	DS564576.1	NT_174698.1
cavPor3:scaffold_1722	scaffold_1722		DS564577.1	DS564577.1	NT_174697.1
cavPor3:scaffold_1723	scaffold_1723		DS564578.1	DS564578.1	NT_174696.1
cavPor3:scaffold_1724	scaffold_1724		DS564579.1	DS564579.1	NT_174695.1
cavPor3:scaffold_1725	scaffold_1725		DS564580.1	DS564580.1	NT_174694.1
cavPor3:scaffold_1726	scaffold_1726		DS564581.1	DS564581.1	NT_174693.1
cavPor3:scaffold_1727	scaffold_1727		DS564582.1	DS564582.1	NT_174692.1
cavPor3:scaffold_1728	scaffold_1728		DS564583.1	DS564583.1	NT_174691.1
cavPor3:scaffold_1729	scaffold_1729		DS564584.1	DS564584.1	NT_174690.1
cavPor3:scaffold_173	scaffold_173		DS563028.1	DS563028.1	NT_176246.1
cavPor3:scaffold_1730	scaffold_1730		DS564585.1	DS564585.1	NT_174689.1
cavPor3:scaffold_1731	scaffold_1731		DS564586.1	DS564586.1	NT_174688.1
cavPor3:scaffold_1732	scaffold_1732		DS564587.1	DS564587.1	NT_174687.1
cavPor3:scaffold_1733	scaffold_1733		DS564588.1	DS564588.1	NT_174686.1
cavPor3:scaffold_1734	scaffold_1734		DS564589.1	DS564589.1	NT_174685.1
cavPor3:scaffold_1735	scaffold_1735		DS564590.1	DS564590.1	NT_174684.1
cavPor3:scaffold_1736	scaffold_1736		DS564591.1	DS564591.1	NT_174683.1
cavPor3:scaffold_1737	scaffold_1737		DS564592.1	DS564592.1	NT_174682.1
cavPor3:scaffold_1738	scaffold_1738		DS564593.1	DS564593.1	NT_174681.1
cavPor3:scaffold_1739	scaffold_1739		DS564594.1	DS564594.1	NT_174680.1
cavPor3:scaffold_174	scaffold_174		DS563029.1	DS563029.1	NT_176245.1
cavPor3:scaffold_1740	scaffold_1740		DS564595.1	DS564595.1	NT_174679.1
cavPor3:scaffold_1741	scaffold_1741		DS564596.1	DS564596.1	NT_174678.1
cavPor3:scaffold_1742	scaffold_1742		DS564597.1	DS564597.1	NT_174677.1
cavPor3:scaffold_1743	scaffold_1743		DS564598.1	DS564598.1	NT_174676.1
cavPor3:scaffold_1744	scaffold_1744		DS564599.1	DS564599.1	NT_174675.1
cavPor3:scaffold_1745	scaffold_1745		DS564600.1	DS564600.1	NT_174674.1
cavPor3:scaffold_1746	scaffold_1746		DS564601.1	DS564601.1	NT_174673.1
cavPor3:scaffold_1747	scaffold_1747		DS564602.1	DS564602.1	NT_174672.1
cavPor3:scaffold_1748	scaffold_1748		DS564603.1	DS564603.1	NT_174671.1
cavPor3:scaffold_1749	scaffold_1749		DS564604.1	DS564604.1	NT_174670.1
cavPor3:scaffold_175	scaffold_175		DS563030.1	DS563030.1	NT_176244.1
cavPor3:scaffold_1750	scaffold_1750		DS564605.1	DS564605.1	NT_174669.1
cavPor3:scaffold_1751	scaffold_1751		DS564606.1	DS564606.1	NT_174668.1
cavPor3:scaffold_1752	scaffold_1752		DS564607.1	DS564607.1	NT_174667.1
cavPor3:scaffold_1753	scaffold_1753		DS564608.1	DS564608.1	NT_174666.1
cavPor3:scaffold_1754	scaffold_1754		DS564609.1	DS564609.1	NT_174665.1
cavPor3:scaffold_1755	scaffold_1755		DS564610.1	DS564610.1	NT_174664.1
cavPor3:scaffold_1756	scaffold_1756		DS564611.1	DS564611.1	NT_174663.1
cavPor3:scaffold_1757	scaffold_1757		DS564612.1	DS564612.1	NT_174662.1
cavPor3:scaffold_1758	scaffold_1758		DS564613.1	DS564613.1	NT_174661.1
cavPor3:scaffold_1759	scaffold_1759		DS564614.1	DS564614.1	NT_174660.1
cavPor3:scaffold_176	scaffold_176		DS563031.1	DS563031.1	NT_176243.1
cavPor3:scaffold_1760	scaffold_1760		DS564615.1	DS564615.1	NT_174659.1
cavPor3:scaffold_1761	scaffold_1761		DS564616.1	DS564616.1	NT_174658.1
cavPor3:scaffold_1762	scaffold_1762		DS564617.1	DS564617.1	NT_174657.1
cavPor3:scaffold_1763	scaffold_1763		DS564618.1	DS564618.1	NT_174656.1
cavPor3:scaffold_1764	scaffold_1764		DS564619.1	DS564619.1	NT_174655.1
cavPor3:scaffold_1765	scaffold_1765		DS564620.1	DS564620.1	NT_174654.1
cavPor3:scaffold_1766	scaffold_1766		DS564621.1	DS564621.1	NT_174653.1
cavPor3:scaffold_1767	scaffold_1767		DS564622.1	DS564622.1	NT_174652.1
cavPor3:scaffold_1768	scaffold_1768		DS564623.1	DS564623.1	NT_174651.1
cavPor3:scaffold_1769	scaffold_1769		DS564624.1	DS564624.1	NT_174650.1
cavPor3:scaffold_177	scaffold_177		DS563032.1	DS563032.1	NT_176242.1
cavPor3:scaffold_1770	scaffold_1770		DS564625.1	DS564625.1	NT_174649.1
cavPor3:scaffold_1771	scaffold_1771		DS564626.1	DS564626.1	NT_174648.1
cavPor3:scaffold_1772	scaffold_1772		DS564627.1	DS564627.1	NT_174647.1
cavPor3:scaffold_1773	scaffold_1773		DS564628.1	DS564628.1	NT_174646.1
cavPor3:scaffold_1774	scaffold_1774		DS564629.1	DS564629.1	NT_174645.1
cavPor3:scaffold_1775	scaffold_1775		DS564630.1	DS564630.1	NT_174644.1
cavPor3:scaffold_1776	scaffold_1776		DS564631.1	DS564631.1	NT_174643.1
cavPor3:scaffold_1777	scaffold_1777		DS564632.1	DS564632.1	NT_174642.1
cavPor3:scaffold_1778	scaffold_1778		DS564633.1	DS564633.1	NT_174641.1
cavPor3:scaffold_1779	scaffold_1779		DS564634.1	DS564634.1	NT_174640.1
cavPor3:scaffold_178	scaffold_178		DS563033.1	DS563033.1	NT_176241.1
cavPor3:scaffold_1780	scaffold_1780		DS564635.1	DS564635.1	NT_174639.1
cavPor3:scaffold_1781	scaffold_1781		DS564636.1	DS564636.1	NT_174638.1
cavPor3:scaffold_1782	scaffold_1782		DS564637.1	DS564637.1	NT_174637.1
cavPor3:scaffold_1783	scaffold_1783		DS564638.1	DS564638.1	NT_174636.1
cavPor3:scaffold_1784	scaffold_1784		DS564639.1	DS564639.1	NT_174635.1
cavPor3:scaffold_1785	scaffold_1785		DS564640.1	DS564640.1	NT_174634.1
cavPor3:scaffold_1786	scaffold_1786		DS564641.1	DS564641.1	NT_174633.1
cavPor3:scaffold_1787	scaffold_1787		DS564642.1	DS564642.1	NT_174632.1
cavPor3:scaffold_1788	scaffold_1788		DS564643.1	DS564643.1	NT_174631.1
cavPor3:scaffold_1789	scaffold_1789		DS564644.1	DS564644.1	NT_174630.1
cavPor3:scaffold_179	scaffold_179		DS563034.1	DS563034.1	NT_176240.1
cavPor3:scaffold_1790	scaffold_1790		DS564645.1	DS564645.1	NT_174629.1
cavPor3:scaffold_1791	scaffold_1791		DS564646.1	DS564646.1	NT_174628.1
cavPor3:scaffold_1792	scaffold_1792		DS564647.1	DS564647.1	NT_174627.1
cavPor3:scaffold_1793	scaffold_1793		DS564648.1	DS564648.1	NT_174626.1
cavPor3:scaffold_1794	scaffold_1794		DS564649.1	DS564649.1	NT_174625.1
cavPor3:scaffold_1795	scaffold_1795		DS564650.1	DS564650.1	NT_174624.1
cavPor3:scaffold_1796	scaffold_1796		DS564651.1	DS564651.1	NT_174623.1
cavPor3:scaffold_1797	scaffold_1797		DS564652.1	DS564652.1	NT_174622.1
cavPor3:scaffold_1798	scaffold_1798		DS564653.1	DS564653.1	NT_174621.1
cavPor3:scaffold_1799	scaffold_1799		DS564654.1	DS564654.1	NT_174620.1
cavPor3:scaffold_18	scaffold_18		DS562873.1	DS562873.1	NT_176401.1
cavPor3:scaffold_180	scaffold_180		DS563035.1	DS563035.1	NT_176239.1
cavPor3:scaffold_1800	scaffold_1800		DS564655.1	DS564655.1	NT_174619.1
cavPor3:scaffold_1801	scaffold_1801		DS564656.1	DS564656.1	NT_174618.1
cavPor3:scaffold_1802	scaffold_1802		DS564657.1	DS564657.1	NT_174617.1
cavPor3:scaffold_1803	scaffold_1803		DS564658.1	DS564658.1	NT_174616.1
cavPor3:scaffold_1804	scaffold_1804		DS564659.1	DS564659.1	NT_174615.1
cavPor3:scaffold_1805	scaffold_1805		DS564660.1	DS564660.1	NT_174614.1
cavPor3:scaffold_1806	scaffold_1806		DS564661.1	DS564661.1	NT_174613.1
cavPor3:scaffold_1807	scaffold_1807		DS564662.1	DS564662.1	NT_174612.1
cavPor3:scaffold_1808	scaffold_1808		DS564663.1	DS564663.1	NT_174611.1
cavPor3:scaffold_1809	scaffold_1809		DS564664.1	DS564664.1	NT_174610.1
cavPor3:scaffold_181	scaffold_181		DS563036.1	DS563036.1	NT_176238.1
cavPor3:scaffold_1810	scaffold_1810		DS564665.1	DS564665.1	NT_174609.1
cavPor3:scaffold_1811	scaffold_1811		DS564666.1	DS564666.1	NT_174608.1
cavPor3:scaffold_1812	scaffold_1812		DS564667.1	DS564667.1	NT_174607.1
cavPor3:scaffold_1813	scaffold_1813		DS564668.1	DS564668.1	NT_174606.1
cavPor3:scaffold_1814	scaffold_1814		DS564669.1	DS564669.1	NT_174605.1
cavPor3:scaffold_1815	scaffold_1815		DS564670.1	DS564670.1	NT_174604.1
cavPor3:scaffold_1816	scaffold_1816		DS564671.1	DS564671.1	NT_174603.1
cavPor3:scaffold_1817	scaffold_1817		DS564672.1	DS564672.1	NT_174602.1
cavPor3:scaffold_1818	scaffold_1818		DS564673.1	DS564673.1	NT_174601.1
cavPor3:scaffold_1819	scaffold_1819		DS564674.1	DS564674.1	NT_174600.1
cavPor3:scaffold_182	scaffold_182		DS563037.1	DS563037.1	NT_176237.1
cavPor3:scaffold_1820	scaffold_1820		DS564675.1	DS564675.1	NT_174599.1
cavPor3:scaffold_1821	scaffold_1821		DS564676.1	DS564676.1	NT_174598.1
cavPor3:scaffold_1822	scaffold_1822		DS564677.1	DS564677.1	NT_174597.1
cavPor3:scaffold_1823	scaffold_1823		DS564678.1	DS564678.1	NT_174596.1
cavPor3:scaffold_1824	scaffold_1824		DS564679.1	DS564679.1	NT_174595.1
cavPor3:scaffold_1825	scaffold_1825		DS564680.1	DS564680.1	NT_174594.1
cavPor3:scaffold_1826	scaffold_1826		DS564681.1	DS564681.1	NT_174593.1
cavPor3:scaffold_1827	scaffold_1827		DS564682.1	DS564682.1	NT_174592.1
cavPor3:scaffold_1828	scaffold_1828		DS564683.1	DS564683.1	NT_174591.1
cavPor3:scaffold_1829	scaffold_1829		DS564684.1	DS564684.1	NT_174590.1
cavPor3:scaffold_183	scaffold_183		DS563038.1	DS563038.1	NT_176236.1
cavPor3:scaffold_1830	scaffold_1830		DS564685.1	DS564685.1	NT_174589.1
cavPor3:scaffold_1831	scaffold_1831		DS564686.1	DS564686.1	NT_174588.1
cavPor3:scaffold_1832	scaffold_1832		DS564687.1	DS564687.1	NT_174587.1
cavPor3:scaffold_1833	scaffold_1833		DS564688.1	DS564688.1	NT_174586.1
cavPor3:scaffold_1834	scaffold_1834		DS564689.1	DS564689.1	NT_174585.1
cavPor3:scaffold_1835	scaffold_1835		DS564690.1	DS564690.1	NT_174584.1
cavPor3:scaffold_1836	scaffold_1836		DS564691.1	DS564691.1	NT_174583.1
cavPor3:scaffold_1837	scaffold_1837		DS564692.1	DS564692.1	NT_174582.1
cavPor3:scaffold_1838	scaffold_1838		DS564693.1	DS564693.1	NT_174581.1
cavPor3:scaffold_1839	scaffold_1839		DS564694.1	DS564694.1	NT_174580.1
cavPor3:scaffold_184	scaffold_184		DS563039.1	DS563039.1	NT_176235.1
cavPor3:scaffold_1840	scaffold_1840		DS564695.1	DS564695.1	NT_174579.1
cavPor3:scaffold_1841	scaffold_1841		DS564696.1	DS564696.1	NT_174578.1
cavPor3:scaffold_1842	scaffold_1842		DS564697.1	DS564697.1	NT_174577.1
cavPor3:scaffold_1843	scaffold_1843		DS564698.1	DS564698.1	NT_174576.1
cavPor3:scaffold_1844	scaffold_1844		DS564699.1	DS564699.1	NT_174575.1
cavPor3:scaffold_1845	scaffold_1845		DS564700.1	DS564700.1	NT_174574.1
cavPor3:scaffold_1846	scaffold_1846		DS564701.1	DS564701.1	NT_174573.1
cavPor3:scaffold_1847	scaffold_1847		DS564702.1	DS564702.1	NT_174572.1
cavPor3:scaffold_1848	scaffold_1848		DS564703.1	DS564703.1	NT_174571.1
cavPor3:scaffold_1849	scaffold_1849		DS564704.1	DS564704.1	NT_174570.1
cavPor3:scaffold_185	scaffold_185		DS563040.1	DS563040.1	NT_176234.1
cavPor3:scaffold_1850	scaffold_1850		DS564705.1	DS564705.1	NT_174569.1
cavPor3:scaffold_1851	scaffold_1851		DS564706.1	DS564706.1	NT_174568.1
cavPor3:scaffold_1852	scaffold_1852		DS564707.1	DS564707.1	NT_174567.1
cavPor3:scaffold_1853	scaffold_1853		DS564708.1	DS564708.1	NT_174566.1
cavPor3:scaffold_1854	scaffold_1854		DS564709.1	DS564709.1	NT_174565.1
cavPor3:scaffold_1855	scaffold_1855		DS564710.1	DS564710.1	NT_174564.1
cavPor3:scaffold_1856	scaffold_1856		DS564711.1	DS564711.1	NT_174563.1
cavPor3:scaffold_1857	scaffold_1857		DS564712.1	DS564712.1	NT_174562.1
cavPor3:scaffold_1858	scaffold_1858		DS564713.1	DS564713.1	NT_174561.1
cavPor3:scaffold_1859	scaffold_1859		DS564714.1	DS564714.1	NT_174560.1
cavPor3:scaffold_186	scaffold_186		DS563041.1	DS563041.1	NT_176233.1
cavPor3:scaffold_1860	scaffold_1860		DS564715.1	DS564715.1	NT_174559.1
cavPor3:scaffold_1861	scaffold_1861		DS564716.1	DS564716.1	NT_174558.1
cavPor3:scaffold_1862	scaffold_1862		DS564717.1	DS564717.1	NT_174557.1
cavPor3:scaffold_1863	scaffold_1863		DS564718.1	DS564718.1	NT_174556.1
cavPor3:scaffold_1864	scaffold_1864		DS564719.1	DS564719.1	NT_174555.1
cavPor3:scaffold_1865	scaffold_1865		DS564720.1	DS564720.1	NT_174554.1
cavPor3:scaffold_1866	scaffold_1866		DS564721.1	DS564721.1	NT_174553.1
cavPor3:scaffold_1867	scaffold_1867		DS564722.1	DS564722.1	NT_174552.1
cavPor3:scaffold_1868	scaffold_1868		DS564723.1	DS564723.1	NT_174551.1
cavPor3:scaffold_1869	scaffold_1869		DS564724.1	DS564724.1	NT_174550.1
cavPor3:scaffold_187	scaffold_187		DS563042.1	DS563042.1	NT_176232.1
cavPor3:scaffold_1870	scaffold_1870		DS564725.1	DS564725.1	NT_174549.1
cavPor3:scaffold_1871	scaffold_1871		DS564726.1	DS564726.1	NT_174548.1
cavPor3:scaffold_1872	scaffold_1872		DS564727.1	DS564727.1	NT_174547.1
cavPor3:scaffold_1873	scaffold_1873		DS564728.1	DS564728.1	NT_174546.1
cavPor3:scaffold_1874	scaffold_1874		DS564729.1	DS564729.1	NT_174545.1
cavPor3:scaffold_1875	scaffold_1875		DS564730.1	DS564730.1	NT_174544.1
cavPor3:scaffold_1876	scaffold_1876		DS564731.1	DS564731.1	NT_174543.1
cavPor3:scaffold_1877	scaffold_1877		DS564732.1	DS564732.1	NT_174542.1
cavPor3:scaffold_1878	scaffold_1878		DS564733.1	DS564733.1	NT_174541.1
cavPor3:scaffold_1879	scaffold_1879		DS564734.1	DS564734.1	NT_174540.1
cavPor3:scaffold_188	scaffold_188		DS563043.1	DS563043.1	NT_176231.1
cavPor3:scaffold_1880	scaffold_1880		DS564735.1	DS564735.1	NT_174539.1
cavPor3:scaffold_1881	scaffold_1881		DS564736.1	DS564736.1	NT_174538.1
cavPor3:scaffold_1882	scaffold_1882		DS564737.1	DS564737.1	NT_174537.1
cavPor3:scaffold_1883	scaffold_1883		DS564738.1	DS564738.1	NT_174536.1
cavPor3:scaffold_1884	scaffold_1884		DS564739.1	DS564739.1	NT_174535.1
cavPor3:scaffold_1885	scaffold_1885		DS564740.1	DS564740.1	NT_174534.1
cavPor3:scaffold_1886	scaffold_1886		DS564741.1	DS564741.1	NT_174533.1
cavPor3:scaffold_1887	scaffold_1887		DS564742.1	DS564742.1	NT_174532.1
cavPor3:scaffold_1888	scaffold_1888		DS564743.1	DS564743.1	NT_174531.1
cavPor3:scaffold_1889	scaffold_1889		DS564744.1	DS564744.1	NT_174530.1
cavPor3:scaffold_189	scaffold_189		DS563044.1	DS563044.1	NT_176230.1
cavPor3:scaffold_1890	scaffold_1890		DS564745.1	DS564745.1	NT_174529.1
cavPor3:scaffold_1891	scaffold_1891		DS564746.1	DS564746.1	NT_174528.1
cavPor3:scaffold_1892	scaffold_1892		DS564747.1	DS564747.1	NT_174527.1
cavPor3:scaffold_1893	scaffold_1893		DS564748.1	DS564748.1	NT_174526.1
cavPor3:scaffold_1894	scaffold_1894		DS564749.1	DS564749.1	NT_174525.1
cavPor3:scaffold_1895	scaffold_1895		DS564750.1	DS564750.1	NT_174524.1
cavPor3:scaffold_1896	scaffold_1896		DS564751.1	DS564751.1	NT_174523.1
cavPor3:scaffold_1897	scaffold_1897		DS564752.1	DS564752.1	NT_174522.1
cavPor3:scaffold_1898	scaffold_1898		DS564753.1	DS564753.1	NT_174521.1
cavPor3:scaffold_1899	scaffold_1899		DS564754.1	DS564754.1	NT_174520.1
cavPor3:scaffold_19	scaffold_19		DS562874.1	DS562874.1	NT_176400.1
cavPor3:scaffold_190	scaffold_190		DS563045.1	DS563045.1	NT_176229.1
cavPor3:scaffold_1900	scaffold_1900		DS564755.1	DS564755.1	NT_174519.1
cavPor3:scaffold_1901	scaffold_1901		DS564756.1	DS564756.1	NT_174518.1
cavPor3:scaffold_1902	scaffold_1902		DS564757.1	DS564757.1	NT_174517.1
cavPor3:scaffold_1903	scaffold_1903		DS564758.1	DS564758.1	NT_174516.1
cavPor3:scaffold_1904	scaffold_1904		DS564759.1	DS564759.1	NT_174515.1
cavPor3:scaffold_1905	scaffold_1905		DS564760.1	DS564760.1	NT_174514.1
cavPor3:scaffold_1906	scaffold_1906		DS564761.1	DS564761.1	NT_174513.1
cavPor3:scaffold_1907	scaffold_1907		DS564762.1	DS564762.1	NT_174512.1
cavPor3:scaffold_1908	scaffold_1908		DS564763.1	DS564763.1	NT_174511.1
cavPor3:scaffold_1909	scaffold_1909		DS564764.1	DS564764.1	NT_174510.1
cavPor3:scaffold_191	scaffold_191		DS563046.1	DS563046.1	NT_176228.1
cavPor3:scaffold_1910	scaffold_1910		DS564765.1	DS564765.1	NT_174509.1
cavPor3:scaffold_1911	scaffold_1911		DS564766.1	DS564766.1	NT_174508.1
cavPor3:scaffold_1912	scaffold_1912		DS564767.1	DS564767.1	NT_174507.1
cavPor3:scaffold_1913	scaffold_1913		DS564768.1	DS564768.1	NT_174506.1
cavPor3:scaffold_1914	scaffold_1914		DS564769.1	DS564769.1	NT_174505.1
cavPor3:scaffold_1915	scaffold_1915		DS564770.1	DS564770.1	NT_174504.1
cavPor3:scaffold_1916	scaffold_1916		DS564771.1	DS564771.1	NT_174503.1
cavPor3:scaffold_1917	scaffold_1917		DS564772.1	DS564772.1	NT_174502.1
cavPor3:scaffold_1918	scaffold_1918		DS564773.1	DS564773.1	NT_174501.1
cavPor3:scaffold_1919	scaffold_1919		DS564774.1	DS564774.1	NT_174500.1
cavPor3:scaffold_192	scaffold_192		DS563047.1	DS563047.1	NT_176227.1
cavPor3:scaffold_1920	scaffold_1920		DS564775.1	DS564775.1	NT_174499.1
cavPor3:scaffold_1921	scaffold_1921		DS564776.1	DS564776.1	NT_174498.1
cavPor3:scaffold_1922	scaffold_1922		DS564777.1	DS564777.1	NT_174497.1
cavPor3:scaffold_1923	scaffold_1923		DS564778.1	DS564778.1	NT_174496.1
cavPor3:scaffold_1924	scaffold_1924		DS564779.1	DS564779.1	NT_174495.1
cavPor3:scaffold_1925	scaffold_1925		DS564780.1	DS564780.1	NT_174494.1
cavPor3:scaffold_1926	scaffold_1926		DS564781.1	DS564781.1	NT_174493.1
cavPor3:scaffold_1927	scaffold_1927		DS564782.1	DS564782.1	NT_174492.1
cavPor3:scaffold_1928	scaffold_1928		DS564783.1	DS564783.1	NT_174491.1
cavPor3:scaffold_1929	scaffold_1929		DS564784.1	DS564784.1	NT_174490.1
cavPor3:scaffold_193	scaffold_193		DS563048.1	DS563048.1	NT_176226.1
cavPor3:scaffold_1930	scaffold_1930		DS564785.1	DS564785.1	NT_174489.1
cavPor3:scaffold_1931	scaffold_1931		DS564786.1	DS564786.1	NT_174488.1
cavPor3:scaffold_1932	scaffold_1932		DS564787.1	DS564787.1	NT_174487.1
cavPor3:scaffold_1933	scaffold_1933		DS564788.1	DS564788.1	NT_174486.1
cavPor3:scaffold_1934	scaffold_1934		DS564789.1	DS564789.1	NT_174485.1
cavPor3:scaffold_1935	scaffold_1935		DS564790.1	DS564790.1	NT_174484.1
cavPor3:scaffold_1936	scaffold_1936		DS564791.1	DS564791.1	NT_174483.1
cavPor3:scaffold_1937	scaffold_1937		DS564792.1	DS564792.1	NT_174482.1
cavPor3:scaffold_1938	scaffold_1938		DS564793.1	DS564793.1	NT_174481.1
cavPor3:scaffold_1939	scaffold_1939		DS564794.1	DS564794.1	NT_174480.1
cavPor3:scaffold_194	scaffold_194		DS563049.1	DS563049.1	NT_176225.1
cavPor3:scaffold_1940	scaffold_1940		DS564795.1	DS564795.1	NT_174479.1
cavPor3:scaffold_1941	scaffold_1941		DS564796.1	DS564796.1	NT_174478.1
cavPor3:scaffold_1942	scaffold_1942		DS564797.1	DS564797.1	NT_174477.1
cavPor3:scaffold_1943	scaffold_1943		DS564798.1	DS564798.1	NT_174476.1
cavPor3:scaffold_1944	scaffold_1944		DS564799.1	DS564799.1	NT_174475.1
cavPor3:scaffold_1945	scaffold_1945		DS564800.1	DS564800.1	NT_174474.1
cavPor3:scaffold_1946	scaffold_1946		DS564801.1	DS564801.1	NT_174473.1
cavPor3:scaffold_1947	scaffold_1947		DS564802.1	DS564802.1	NT_174472.1
cavPor3:scaffold_1948	scaffold_1948		DS564803.1	DS564803.1	NT_174471.1
cavPor3:scaffold_1949	scaffold_1949		DS564804.1	DS564804.1	NT_174470.1
cavPor3:scaffold_195	scaffold_195		DS563050.1	DS563050.1	NT_176224.1
cavPor3:scaffold_1950	scaffold_1950		DS564805.1	DS564805.1	NT_174469.1
cavPor3:scaffold_1951	scaffold_1951		DS564806.1	DS564806.1	NT_174468.1
cavPor3:scaffold_1952	scaffold_1952		DS564807.1	DS564807.1	NT_174467.1
cavPor3:scaffold_1953	scaffold_1953		DS564808.1	DS564808.1	NT_174466.1
cavPor3:scaffold_1954	scaffold_1954		DS564809.1	DS564809.1	NT_174465.1
cavPor3:scaffold_1955	scaffold_1955		DS564810.1	DS564810.1	NT_174464.1
cavPor3:scaffold_1956	scaffold_1956		DS564811.1	DS564811.1	NT_174463.1
cavPor3:scaffold_1957	scaffold_1957		DS564812.1	DS564812.1	NT_174462.1
cavPor3:scaffold_1958	scaffold_1958		DS564813.1	DS564813.1	NT_174461.1
cavPor3:scaffold_1959	scaffold_1959		DS564814.1	DS564814.1	NT_174460.1
cavPor3:scaffold_196	scaffold_196		DS563051.1	DS563051.1	NT_176223.1
cavPor3:scaffold_1960	scaffold_1960		DS564815.1	DS564815.1	NT_174459.1
cavPor3:scaffold_1961	scaffold_1961		DS564816.1	DS564816.1	NT_174458.1
cavPor3:scaffold_1962	scaffold_1962		DS564817.1	DS564817.1	NT_174457.1
cavPor3:scaffold_1963	scaffold_1963		DS564818.1	DS564818.1	NT_174456.1
cavPor3:scaffold_1964	scaffold_1964		DS564819.1	DS564819.1	NT_174455.1
cavPor3:scaffold_1965	scaffold_1965		DS564820.1	DS564820.1	NT_174454.1
cavPor3:scaffold_1966	scaffold_1966		DS564821.1	DS564821.1	NT_174453.1
cavPor3:scaffold_1967	scaffold_1967		DS564822.1	DS564822.1	NT_174452.1
cavPor3:scaffold_1968	scaffold_1968		DS564823.1	DS564823.1	NT_174451.1
cavPor3:scaffold_1969	scaffold_1969		DS564824.1	DS564824.1	NT_174450.1
cavPor3:scaffold_197	scaffold_197		DS563052.1	DS563052.1	NT_176222.1
cavPor3:scaffold_1970	scaffold_1970		DS564825.1	DS564825.1	NT_174449.1
cavPor3:scaffold_1971	scaffold_1971		DS564826.1	DS564826.1	NT_174448.1
cavPor3:scaffold_1972	scaffold_1972		DS564827.1	DS564827.1	NT_174447.1
cavPor3:scaffold_1973	scaffold_1973		DS564828.1	DS564828.1	NT_174446.1
cavPor3:scaffold_1974	scaffold_1974		DS564829.1	DS564829.1	NT_174445.1
cavPor3:scaffold_1975	scaffold_1975		DS564830.1	DS564830.1	NT_174444.1
cavPor3:scaffold_1976	scaffold_1976		DS564831.1	DS564831.1	NT_174443.1
cavPor3:scaffold_1977	scaffold_1977		DS564832.1	DS564832.1	NT_174442.1
cavPor3:scaffold_1978	scaffold_1978		DS564833.1	DS564833.1	NT_174441.1
cavPor3:scaffold_1979	scaffold_1979		DS564834.1	DS564834.1	NT_174440.1
cavPor3:scaffold_198	scaffold_198		DS563053.1	DS563053.1	NT_176221.1
cavPor3:scaffold_1980	scaffold_1980		DS564835.1	DS564835.1	NT_174439.1
cavPor3:scaffold_1981	scaffold_1981		DS564836.1	DS564836.1	NT_174438.1
cavPor3:scaffold_1982	scaffold_1982		DS564837.1	DS564837.1	NT_174437.1
cavPor3:scaffold_1983	scaffold_1983		DS564838.1	DS564838.1	NT_174436.1
cavPor3:scaffold_1984	scaffold_1984		DS564839.1	DS564839.1	NT_174435.1
cavPor3:scaffold_1985	scaffold_1985		DS564840.1	DS564840.1	NT_174434.1
cavPor3:scaffold_1986	scaffold_1986		DS564841.1	DS564841.1	NT_174433.1
cavPor3:scaffold_1987	scaffold_1987		DS564842.1	DS564842.1	NT_174432.1
cavPor3:scaffold_1988	scaffold_1988		DS564843.1	DS564843.1	NT_174431.1
cavPor3:scaffold_1989	scaffold_1989		DS564844.1	DS564844.1	NT_174430.1
cavPor3:scaffold_199	scaffold_199		DS563054.1	DS563054.1	NT_176220.1
cavPor3:scaffold_1990	scaffold_1990		DS564845.1	DS564845.1	NT_174429.1
cavPor3:scaffold_1991	scaffold_1991		DS564846.1	DS564846.1	NT_174428.1
cavPor3:scaffold_1992	scaffold_1992		DS564847.1	DS564847.1	NT_174427.1
cavPor3:scaffold_1993	scaffold_1993		DS564848.1	DS564848.1	NT_174426.1
cavPor3:scaffold_1994	scaffold_1994		DS564849.1	DS564849.1	NT_174425.1
cavPor3:scaffold_1995	scaffold_1995		DS564850.1	DS564850.1	NT_174424.1
cavPor3:scaffold_1996	scaffold_1996		DS564851.1	DS564851.1	NT_174423.1
cavPor3:scaffold_1997	scaffold_1997		DS564852.1	DS564852.1	NT_174422.1
cavPor3:scaffold_1998	scaffold_1998		DS564853.1	DS564853.1	NT_174421.1
cavPor3:scaffold_1999	scaffold_1999		DS564854.1	DS564854.1	NT_174420.1
cavPor3:scaffold_2	scaffold_2		DS562857.1	DS562857.1	NT_176417.1
cavPor3:scaffold_20	scaffold_20		DS562875.1	DS562875.1	NT_176399.1
cavPor3:scaffold_200	scaffold_200		DS563055.1	DS563055.1	NT_176219.1
cavPor3:scaffold_2000	scaffold_2000		DS564855.1	DS564855.1	NT_174419.1
cavPor3:scaffold_2001	scaffold_2001		DS564856.1	DS564856.1	NT_174418.1
cavPor3:scaffold_2002	scaffold_2002		DS564857.1	DS564857.1	NT_174417.1
cavPor3:scaffold_2003	scaffold_2003		DS564858.1	DS564858.1	NT_174416.1
cavPor3:scaffold_2004	scaffold_2004		DS564859.1	DS564859.1	NT_174415.1
cavPor3:scaffold_2005	scaffold_2005		DS564860.1	DS564860.1	NT_174414.1
cavPor3:scaffold_2006	scaffold_2006		DS564861.1	DS564861.1	NT_174413.1
cavPor3:scaffold_2007	scaffold_2007		DS564862.1	DS564862.1	NT_174412.1
cavPor3:scaffold_2008	scaffold_2008		DS564863.1	DS564863.1	NT_174411.1
cavPor3:scaffold_2009	scaffold_2009		DS564864.1	DS564864.1	NT_174410.1
cavPor3:scaffold_201	scaffold_201		DS563056.1	DS563056.1	NT_176218.1
cavPor3:scaffold_2010	scaffold_2010		DS564865.1	DS564865.1	NT_174409.1
cavPor3:scaffold_2011	scaffold_2011		DS564866.1	DS564866.1	NT_174408.1
cavPor3:scaffold_2012	scaffold_2012		DS564867.1	DS564867.1	NT_174407.1
cavPor3:scaffold_2013	scaffold_2013		DS564868.1	DS564868.1	NT_174406.1
cavPor3:scaffold_2014	scaffold_2014		DS564869.1	DS564869.1	NT_174405.1
cavPor3:scaffold_2015	scaffold_2015		DS564870.1	DS564870.1	NT_174404.1
cavPor3:scaffold_2016	scaffold_2016		DS564871.1	DS564871.1	NT_174403.1
cavPor3:scaffold_2017	scaffold_2017		DS564872.1	DS564872.1	NT_174402.1
cavPor3:scaffold_2018	scaffold_2018		DS564873.1	DS564873.1	NT_174401.1
cavPor3:scaffold_2019	scaffold_2019		DS564874.1	DS564874.1	NT_174400.1
cavPor3:scaffold_202	scaffold_202		DS563057.1	DS563057.1	NT_176217.1
cavPor3:scaffold_2020	scaffold_2020		DS564875.1	DS564875.1	NT_174399.1
cavPor3:scaffold_2021	scaffold_2021		DS564876.1	DS564876.1	NT_174398.1
cavPor3:scaffold_2022	scaffold_2022		DS564877.1	DS564877.1	NT_174397.1
cavPor3:scaffold_2023	scaffold_2023		DS564878.1	DS564878.1	NT_174396.1
cavPor3:scaffold_2024	scaffold_2024		DS564879.1	DS564879.1	NT_174395.1
cavPor3:scaffold_2025	scaffold_2025		DS564880.1	DS564880.1	NT_174394.1
cavPor3:scaffold_2026	scaffold_2026		DS564881.1	DS564881.1	NT_174393.1
cavPor3:scaffold_2027	scaffold_2027		DS564882.1	DS564882.1	NT_174392.1
cavPor3:scaffold_2028	scaffold_2028		DS564883.1	DS564883.1	NT_174391.1
cavPor3:scaffold_2029	scaffold_2029		DS564884.1	DS564884.1	NT_174390.1
cavPor3:scaffold_203	scaffold_203		DS563058.1	DS563058.1	NT_176216.1
cavPor3:scaffold_2030	scaffold_2030		DS564885.1	DS564885.1	NT_174389.1
cavPor3:scaffold_2031	scaffold_2031		DS564886.1	DS564886.1	NT_174388.1
cavPor3:scaffold_2032	scaffold_2032		DS564887.1	DS564887.1	NT_174387.1
cavPor3:scaffold_2033	scaffold_2033		DS564888.1	DS564888.1	NT_174386.1
cavPor3:scaffold_2034	scaffold_2034		DS564889.1	DS564889.1	NT_174385.1
cavPor3:scaffold_2035	scaffold_2035		DS564890.1	DS564890.1	NT_174384.1
cavPor3:scaffold_2036	scaffold_2036		DS564891.1	DS564891.1	NT_174383.1
cavPor3:scaffold_2037	scaffold_2037		DS564892.1	DS564892.1	NT_174382.1
cavPor3:scaffold_2038	scaffold_2038		DS564893.1	DS564893.1	NT_174381.1
cavPor3:scaffold_2039	scaffold_2039		DS564894.1	DS564894.1	NT_174380.1
cavPor3:scaffold_204	scaffold_204		DS563059.1	DS563059.1	NT_176215.1
cavPor3:scaffold_2040	scaffold_2040		DS564895.1	DS564895.1	NT_174379.1
cavPor3:scaffold_2041	scaffold_2041		DS564896.1	DS564896.1	NT_174378.1
cavPor3:scaffold_2042	scaffold_2042		DS564897.1	DS564897.1	NT_174377.1
cavPor3:scaffold_2043	scaffold_2043		DS564898.1	DS564898.1	NT_174376.1
cavPor3:scaffold_2044	scaffold_2044		DS564899.1	DS564899.1	NT_174375.1
cavPor3:scaffold_2045	scaffold_2045		DS564900.1	DS564900.1	NT_174374.1
cavPor3:scaffold_2046	scaffold_2046		DS564901.1	DS564901.1	NT_174373.1
cavPor3:scaffold_2047	scaffold_2047		DS564902.1	DS564902.1	NT_174372.1
cavPor3:scaffold_2048	scaffold_2048		DS564903.1	DS564903.1	NT_174371.1
cavPor3:scaffold_2049	scaffold_2049		DS564904.1	DS564904.1	NT_174370.1
cavPor3:scaffold_205	scaffold_205		DS563060.1	DS563060.1	NT_176214.1
cavPor3:scaffold_2050	scaffold_2050		DS564905.1	DS564905.1	NT_174369.1
cavPor3:scaffold_2051	scaffold_2051		DS564906.1	DS564906.1	NT_174368.1
cavPor3:scaffold_2052	scaffold_2052		DS564907.1	DS564907.1	NT_174367.1
cavPor3:scaffold_2053	scaffold_2053		DS564908.1	DS564908.1	NT_174366.1
cavPor3:scaffold_2054	scaffold_2054		DS564909.1	DS564909.1	NT_174365.1
cavPor3:scaffold_2055	scaffold_2055		DS564910.1	DS564910.1	NT_174364.1
cavPor3:scaffold_2056	scaffold_2056		DS564911.1	DS564911.1	NT_174363.1
cavPor3:scaffold_2057	scaffold_2057		DS564912.1	DS564912.1	NT_174362.1
cavPor3:scaffold_2058	scaffold_2058		DS564913.1	DS564913.1	NT_174361.1
cavPor3:scaffold_2059	scaffold_2059		DS564914.1	DS564914.1	NT_174360.1
cavPor3:scaffold_206	scaffold_206		DS563061.1	DS563061.1	NT_176213.1
cavPor3:scaffold_2060	scaffold_2060		DS564915.1	DS564915.1	NT_174359.1
cavPor3:scaffold_2061	scaffold_2061		DS564916.1	DS564916.1	NT_174358.1
cavPor3:scaffold_2062	scaffold_2062		DS564917.1	DS564917.1	NT_174357.1
cavPor3:scaffold_2063	scaffold_2063		DS564918.1	DS564918.1	NT_174356.1
cavPor3:scaffold_2064	scaffold_2064		DS564919.1	DS564919.1	NT_174355.1
cavPor3:scaffold_2065	scaffold_2065		DS564920.1	DS564920.1	NT_174354.1
cavPor3:scaffold_2066	scaffold_2066		DS564921.1	DS564921.1	NT_174353.1
cavPor3:scaffold_2067	scaffold_2067		DS564922.1	DS564922.1	NT_174352.1
cavPor3:scaffold_2068	scaffold_2068		DS564923.1	DS564923.1	NT_174351.1
cavPor3:scaffold_2069	scaffold_2069		DS564924.1	DS564924.1	NT_174350.1
cavPor3:scaffold_207	scaffold_207		DS563062.1	DS563062.1	NT_176212.1
cavPor3:scaffold_2070	scaffold_2070		DS564925.1	DS564925.1	NT_174349.1
cavPor3:scaffold_2071	scaffold_2071		DS564926.1	DS564926.1	NT_174348.1
cavPor3:scaffold_2072	scaffold_2072		DS564927.1	DS564927.1	NT_174347.1
cavPor3:scaffold_2073	scaffold_2073		DS564928.1	DS564928.1	NT_174346.1
cavPor3:scaffold_2074	scaffold_2074		DS564929.1	DS564929.1	NT_174345.1
cavPor3:scaffold_2075	scaffold_2075		DS564930.1	DS564930.1	NT_174344.1
cavPor3:scaffold_2076	scaffold_2076		DS564931.1	DS564931.1	NT_174343.1
cavPor3:scaffold_2077	scaffold_2077		DS564932.1	DS564932.1	NT_174342.1
cavPor3:scaffold_2078	scaffold_2078		DS564933.1	DS564933.1	NT_174341.1
cavPor3:scaffold_2079	scaffold_2079		DS564934.1	DS564934.1	NT_174340.1
cavPor3:scaffold_208	scaffold_208		DS563063.1	DS563063.1	NT_176211.1
cavPor3:scaffold_2080	scaffold_2080		DS564935.1	DS564935.1	NT_174339.1
cavPor3:scaffold_2081	scaffold_2081		DS564936.1	DS564936.1	NT_174338.1
cavPor3:scaffold_2082	scaffold_2082		DS564937.1	DS564937.1	NT_174337.1
cavPor3:scaffold_2083	scaffold_2083		DS564938.1	DS564938.1	NT_174336.1
cavPor3:scaffold_2084	scaffold_2084		DS564939.1	DS564939.1	NT_174335.1
cavPor3:scaffold_2085	scaffold_2085		DS564940.1	DS564940.1	NT_174334.1
cavPor3:scaffold_2086	scaffold_2086		DS564941.1	DS564941.1	NT_174333.1
cavPor3:scaffold_2087	scaffold_2087		DS564942.1	DS564942.1	NT_174332.1
cavPor3:scaffold_2088	scaffold_2088		DS564943.1	DS564943.1	NT_174331.1
cavPor3:scaffold_2089	scaffold_2089		DS564944.1	DS564944.1	NT_174330.1
cavPor3:scaffold_209	scaffold_209		DS563064.1	DS563064.1	NT_176210.1
cavPor3:scaffold_2090	scaffold_2090		DS564945.1	DS564945.1	NT_174329.1
cavPor3:scaffold_2091	scaffold_2091		DS564946.1	DS564946.1	NT_174328.1
cavPor3:scaffold_2092	scaffold_2092		DS564947.1	DS564947.1	NT_174327.1
cavPor3:scaffold_2093	scaffold_2093		DS564948.1	DS564948.1	NT_174326.1
cavPor3:scaffold_2094	scaffold_2094		DS564949.1	DS564949.1	NT_174325.1
cavPor3:scaffold_2095	scaffold_2095		DS564950.1	DS564950.1	NT_174324.1
cavPor3:scaffold_2096	scaffold_2096		DS564951.1	DS564951.1	NT_174323.1
cavPor3:scaffold_2097	scaffold_2097		DS564952.1	DS564952.1	NT_174322.1
cavPor3:scaffold_2098	scaffold_2098		DS564953.1	DS564953.1	NT_174321.1
cavPor3:scaffold_2099	scaffold_2099		DS564954.1	DS564954.1	NT_174320.1
cavPor3:scaffold_21	scaffold_21		DS562876.1	DS562876.1	NT_176398.1
cavPor3:scaffold_210	scaffold_210		DS563065.1	DS563065.1	NT_176209.1
cavPor3:scaffold_2100	scaffold_2100		DS564955.1	DS564955.1	NT_174319.1
cavPor3:scaffold_2101	scaffold_2101		DS564956.1	DS564956.1	NT_174318.1
cavPor3:scaffold_2102	scaffold_2102		DS564957.1	DS564957.1	NT_174317.1
cavPor3:scaffold_2103	scaffold_2103		DS564958.1	DS564958.1	NT_174316.1
cavPor3:scaffold_2104	scaffold_2104		DS564959.1	DS564959.1	NT_174315.1
cavPor3:scaffold_2105	scaffold_2105		DS564960.1	DS564960.1	NT_174314.1
cavPor3:scaffold_2106	scaffold_2106		DS564961.1	DS564961.1	NT_174313.1
cavPor3:scaffold_2107	scaffold_2107		DS564962.1	DS564962.1	NT_174312.1
cavPor3:scaffold_2108	scaffold_2108		DS564963.1	DS564963.1	NT_174311.1
cavPor3:scaffold_2109	scaffold_2109		DS564964.1	DS564964.1	NT_174310.1
cavPor3:scaffold_211	scaffold_211		DS563066.1	DS563066.1	NT_176208.1
cavPor3:scaffold_2110	scaffold_2110		DS564965.1	DS564965.1	NT_174309.1
cavPor3:scaffold_2111	scaffold_2111		DS564966.1	DS564966.1	NT_174308.1
cavPor3:scaffold_2112	scaffold_2112		DS564967.1	DS564967.1	NT_174307.1
cavPor3:scaffold_2113	scaffold_2113		DS564968.1	DS564968.1	NT_174306.1
cavPor3:scaffold_2114	scaffold_2114		DS564969.1	DS564969.1	NT_174305.1
cavPor3:scaffold_2115	scaffold_2115		DS564970.1	DS564970.1	NT_174304.1
cavPor3:scaffold_2116	scaffold_2116		DS564971.1	DS564971.1	NT_174303.1
cavPor3:scaffold_2117	scaffold_2117		DS564972.1	DS564972.1	NT_174302.1
cavPor3:scaffold_2118	scaffold_2118		DS564973.1	DS564973.1	NT_174301.1
cavPor3:scaffold_2119	scaffold_2119		DS564974.1	DS564974.1	NT_174300.1
cavPor3:scaffold_212	scaffold_212		DS563067.1	DS563067.1	NT_176207.1
cavPor3:scaffold_2120	scaffold_2120		DS564975.1	DS564975.1	NT_174299.1
cavPor3:scaffold_2121	scaffold_2121		DS564976.1	DS564976.1	NT_174298.1
cavPor3:scaffold_2122	scaffold_2122		DS564977.1	DS564977.1	NT_174297.1
cavPor3:scaffold_2123	scaffold_2123		DS564978.1	DS564978.1	NT_174296.1
cavPor3:scaffold_2124	scaffold_2124		DS564979.1	DS564979.1	NT_174295.1
cavPor3:scaffold_2125	scaffold_2125		DS564980.1	DS564980.1	NT_174294.1
cavPor3:scaffold_2126	scaffold_2126		DS564981.1	DS564981.1	NT_174293.1
cavPor3:scaffold_2127	scaffold_2127		DS564982.1	DS564982.1	NT_174292.1
cavPor3:scaffold_2128	scaffold_2128		DS564983.1	DS564983.1	NT_174291.1
cavPor3:scaffold_2129	scaffold_2129		DS564984.1	DS564984.1	NT_174290.1
cavPor3:scaffold_213	scaffold_213		DS563068.1	DS563068.1	NT_176206.1
cavPor3:scaffold_2130	scaffold_2130		DS564985.1	DS564985.1	NT_174289.1
cavPor3:scaffold_2131	scaffold_2131		DS564986.1	DS564986.1	NT_174288.1
cavPor3:scaffold_2132	scaffold_2132		DS564987.1	DS564987.1	NT_174287.1
cavPor3:scaffold_2133	scaffold_2133		DS564988.1	DS564988.1	NT_174286.1
cavPor3:scaffold_2134	scaffold_2134		DS564989.1	DS564989.1	NT_174285.1
cavPor3:scaffold_2135	scaffold_2135		DS564990.1	DS564990.1	NT_174284.1
cavPor3:scaffold_2136	scaffold_2136		DS564991.1	DS564991.1	NT_174283.1
cavPor3:scaffold_2137	scaffold_2137		DS564992.1	DS564992.1	NT_174282.1
cavPor3:scaffold_2138	scaffold_2138		DS564993.1	DS564993.1	NT_174281.1
cavPor3:scaffold_2139	scaffold_2139		DS564994.1	DS564994.1	NT_174280.1
cavPor3:scaffold_214	scaffold_214		DS563069.1	DS563069.1	NT_176205.1
cavPor3:scaffold_2140	scaffold_2140		DS564995.1	DS564995.1	NT_174279.1
cavPor3:scaffold_2141	scaffold_2141		DS564996.1	DS564996.1	NT_174278.1
cavPor3:scaffold_2142	scaffold_2142		DS564997.1	DS564997.1	NT_174277.1
cavPor3:scaffold_2143	scaffold_2143		DS564998.1	DS564998.1	NT_174276.1
cavPor3:scaffold_2144	scaffold_2144		DS564999.1	DS564999.1	NT_174275.1
cavPor3:scaffold_2145	scaffold_2145		DS565000.1	DS565000.1	NT_174274.1
cavPor3:scaffold_2146	scaffold_2146		DS565001.1	DS565001.1	NT_174273.1
cavPor3:scaffold_2147	scaffold_2147		DS565002.1	DS565002.1	NT_174272.1
cavPor3:scaffold_2148	scaffold_2148		DS565003.1	DS565003.1	NT_174271.1
cavPor3:scaffold_2149	scaffold_2149		DS565004.1	DS565004.1	NT_174270.1
cavPor3:scaffold_215	scaffold_215		DS563070.1	DS563070.1	NT_176204.1
cavPor3:scaffold_2150	scaffold_2150		DS565005.1	DS565005.1	NT_174269.1
cavPor3:scaffold_2151	scaffold_2151		DS565006.1	DS565006.1	NT_174268.1
cavPor3:scaffold_2152	scaffold_2152		DS565007.1	DS565007.1	NT_174267.1
cavPor3:scaffold_2153	scaffold_2153		DS565008.1	DS565008.1	NT_174266.1
cavPor3:scaffold_2154	scaffold_2154		DS565009.1	DS565009.1	NT_174265.1
cavPor3:scaffold_2155	scaffold_2155		DS565010.1	DS565010.1	NT_174264.1
cavPor3:scaffold_2156	scaffold_2156		DS565011.1	DS565011.1	NT_174263.1
cavPor3:scaffold_2157	scaffold_2157		DS565012.1	DS565012.1	NT_174262.1
cavPor3:scaffold_2158	scaffold_2158		DS565013.1	DS565013.1	NT_174261.1
cavPor3:scaffold_2159	scaffold_2159		DS565014.1	DS565014.1	NT_174260.1
cavPor3:scaffold_216	scaffold_216		DS563071.1	DS563071.1	NT_176203.1
cavPor3:scaffold_2160	scaffold_2160		DS565015.1	DS565015.1	NT_174259.1
cavPor3:scaffold_2161	scaffold_2161		DS565016.1	DS565016.1	NT_174258.1
cavPor3:scaffold_2162	scaffold_2162		DS565017.1	DS565017.1	NT_174257.1
cavPor3:scaffold_2163	scaffold_2163		DS565018.1	DS565018.1	NT_174256.1
cavPor3:scaffold_2164	scaffold_2164		DS565019.1	DS565019.1	NT_174255.1
cavPor3:scaffold_2165	scaffold_2165		DS565020.1	DS565020.1	NT_174254.1
cavPor3:scaffold_2166	scaffold_2166		DS565021.1	DS565021.1	NT_174253.1
cavPor3:scaffold_2167	scaffold_2167		DS565022.1	DS565022.1	NT_174252.1
cavPor3:scaffold_2168	scaffold_2168		DS565023.1	DS565023.1	NT_174251.1
cavPor3:scaffold_2169	scaffold_2169		DS565024.1	DS565024.1	NT_174250.1
cavPor3:scaffold_217	scaffold_217		DS563072.1	DS563072.1	NT_176202.1
cavPor3:scaffold_2170	scaffold_2170		DS565025.1	DS565025.1	NT_174249.1
cavPor3:scaffold_2171	scaffold_2171		DS565026.1	DS565026.1	NT_174248.1
cavPor3:scaffold_2172	scaffold_2172		DS565027.1	DS565027.1	NT_174247.1
cavPor3:scaffold_2173	scaffold_2173		DS565028.1	DS565028.1	NT_174246.1
cavPor3:scaffold_2174	scaffold_2174		DS565029.1	DS565029.1	NT_174245.1
cavPor3:scaffold_2175	scaffold_2175		DS565030.1	DS565030.1	NT_174244.1
cavPor3:scaffold_2176	scaffold_2176		DS565031.1	DS565031.1	NT_174243.1
cavPor3:scaffold_2177	scaffold_2177		DS565032.1	DS565032.1	NT_174242.1
cavPor3:scaffold_2178	scaffold_2178		DS565033.1	DS565033.1	NT_174241.1
cavPor3:scaffold_2179	scaffold_2179		DS565034.1	DS565034.1	NT_174240.1
cavPor3:scaffold_218	scaffold_218		DS563073.1	DS563073.1	NT_176201.1
cavPor3:scaffold_2180	scaffold_2180		DS565035.1	DS565035.1	NT_174239.1
cavPor3:scaffold_2181	scaffold_2181		DS565036.1	DS565036.1	NT_174238.1
cavPor3:scaffold_2182	scaffold_2182		DS565037.1	DS565037.1	NT_174237.1
cavPor3:scaffold_2183	scaffold_2183		DS565038.1	DS565038.1	NT_174236.1
cavPor3:scaffold_2184	scaffold_2184		DS565039.1	DS565039.1	NT_174235.1
cavPor3:scaffold_2185	scaffold_2185		DS565040.1	DS565040.1	NT_174234.1
cavPor3:scaffold_2186	scaffold_2186		DS565041.1	DS565041.1	NT_174233.1
cavPor3:scaffold_2187	scaffold_2187		DS565042.1	DS565042.1	NT_174232.1
cavPor3:scaffold_2188	scaffold_2188		DS565043.1	DS565043.1	NT_174231.1
cavPor3:scaffold_2189	scaffold_2189		DS565044.1	DS565044.1	NT_174230.1
cavPor3:scaffold_219	scaffold_219		DS563074.1	DS563074.1	NT_176200.1
cavPor3:scaffold_2190	scaffold_2190		DS565045.1	DS565045.1	NT_174229.1
cavPor3:scaffold_2191	scaffold_2191		DS565046.1	DS565046.1	NT_174228.1
cavPor3:scaffold_2192	scaffold_2192		DS565047.1	DS565047.1	NT_174227.1
cavPor3:scaffold_2193	scaffold_2193		DS565048.1	DS565048.1	NT_174226.1
cavPor3:scaffold_2194	scaffold_2194		DS565049.1	DS565049.1	NT_174225.1
cavPor3:scaffold_2195	scaffold_2195		DS565050.1	DS565050.1	NT_174224.1
cavPor3:scaffold_2196	scaffold_2196		DS565051.1	DS565051.1	NT_174223.1
cavPor3:scaffold_2197	scaffold_2197		DS565052.1	DS565052.1	NT_174222.1
cavPor3:scaffold_2198	scaffold_2198		DS565053.1	DS565053.1	NT_174221.1
cavPor3:scaffold_2199	scaffold_2199		DS565054.1	DS565054.1	NT_174220.1
cavPor3:scaffold_22	scaffold_22		DS562877.1	DS562877.1	NT_176397.1
cavPor3:scaffold_220	scaffold_220		DS563075.1	DS563075.1	NT_176199.1
cavPor3:scaffold_2200	scaffold_2200		DS565055.1	DS565055.1	NT_174219.1
cavPor3:scaffold_2201	scaffold_2201		DS565056.1	DS565056.1	NT_174218.1
cavPor3:scaffold_2202	scaffold_2202		DS565057.1	DS565057.1	NT_174217.1
cavPor3:scaffold_2203	scaffold_2203		DS565058.1	DS565058.1	NT_174216.1
cavPor3:scaffold_2204	scaffold_2204		DS565059.1	DS565059.1	NT_174215.1
cavPor3:scaffold_2205	scaffold_2205		DS565060.1	DS565060.1	NT_174214.1
cavPor3:scaffold_2206	scaffold_2206		DS565061.1	DS565061.1	NT_174213.1
cavPor3:scaffold_2207	scaffold_2207		DS565062.1	DS565062.1	NT_174212.1
cavPor3:scaffold_2208	scaffold_2208		DS565063.1	DS565063.1	NT_174211.1
cavPor3:scaffold_2209	scaffold_2209		DS565064.1	DS565064.1	NT_174210.1
cavPor3:scaffold_221	scaffold_221		DS563076.1	DS563076.1	NT_176198.1
cavPor3:scaffold_2210	scaffold_2210		DS565065.1	DS565065.1	NT_174209.1
cavPor3:scaffold_2211	scaffold_2211		DS565066.1	DS565066.1	NT_174208.1
cavPor3:scaffold_2212	scaffold_2212		DS565067.1	DS565067.1	NT_174207.1
cavPor3:scaffold_2213	scaffold_2213		DS565068.1	DS565068.1	NT_174206.1
cavPor3:scaffold_2214	scaffold_2214		DS565069.1	DS565069.1	NT_174205.1
cavPor3:scaffold_2215	scaffold_2215		DS565070.1	DS565070.1	NT_174204.1
cavPor3:scaffold_2216	scaffold_2216		DS565071.1	DS565071.1	NT_174203.1
cavPor3:scaffold_2217	scaffold_2217		DS565072.1	DS565072.1	NT_174202.1
cavPor3:scaffold_2218	scaffold_2218		DS565073.1	DS565073.1	NT_174201.1
cavPor3:scaffold_2219	scaffold_2219		DS565074.1	DS565074.1	NT_174200.1
cavPor3:scaffold_222	scaffold_222		DS563077.1	DS563077.1	NT_176197.1
cavPor3:scaffold_2220	scaffold_2220		DS565075.1	DS565075.1	NT_174199.1
cavPor3:scaffold_2221	scaffold_2221		DS565076.1	DS565076.1	NT_174198.1
cavPor3:scaffold_2222	scaffold_2222		DS565077.1	DS565077.1	NT_174197.1
cavPor3:scaffold_2223	scaffold_2223		DS565078.1	DS565078.1	NT_174196.1
cavPor3:scaffold_2224	scaffold_2224		DS565079.1	DS565079.1	NT_174195.1
cavPor3:scaffold_2225	scaffold_2225		DS565080.1	DS565080.1	NT_174194.1
cavPor3:scaffold_2226	scaffold_2226		DS565081.1	DS565081.1	NT_174193.1
cavPor3:scaffold_2227	scaffold_2227		DS565082.1	DS565082.1	NT_174192.1
cavPor3:scaffold_2228	scaffold_2228		DS565083.1	DS565083.1	NT_174191.1
cavPor3:scaffold_2229	scaffold_2229		DS565084.1	DS565084.1	NT_174190.1
cavPor3:scaffold_223	scaffold_223		DS563078.1	DS563078.1	NT_176196.1
cavPor3:scaffold_2230	scaffold_2230		DS565085.1	DS565085.1	NT_174189.1
cavPor3:scaffold_2231	scaffold_2231		DS565086.1	DS565086.1	NT_174188.1
cavPor3:scaffold_2232	scaffold_2232		DS565087.1	DS565087.1	NT_174187.1
cavPor3:scaffold_2233	scaffold_2233		DS565088.1	DS565088.1	NT_174186.1
cavPor3:scaffold_2234	scaffold_2234		DS565089.1	DS565089.1	NT_174185.1
cavPor3:scaffold_2235	scaffold_2235		DS565090.1	DS565090.1	NT_174184.1
cavPor3:scaffold_2236	scaffold_2236		DS565091.1	DS565091.1	NT_174183.1
cavPor3:scaffold_2237	scaffold_2237		DS565092.1	DS565092.1	NT_174182.1
cavPor3:scaffold_2238	scaffold_2238		DS565093.1	DS565093.1	NT_174181.1
cavPor3:scaffold_2239	scaffold_2239		DS565094.1	DS565094.1	NT_174180.1
cavPor3:scaffold_224	scaffold_224		DS563079.1	DS563079.1	NT_176195.1
cavPor3:scaffold_2240	scaffold_2240		DS565095.1	DS565095.1	NT_174179.1
cavPor3:scaffold_2241	scaffold_2241		DS565096.1	DS565096.1	NT_174178.1
cavPor3:scaffold_2242	scaffold_2242		DS565097.1	DS565097.1	NT_174177.1
cavPor3:scaffold_2243	scaffold_2243		DS565098.1	DS565098.1	NT_174176.1
cavPor3:scaffold_2244	scaffold_2244		DS565099.1	DS565099.1	NT_174175.1
cavPor3:scaffold_2245	scaffold_2245		DS565100.1	DS565100.1	NT_174174.1
cavPor3:scaffold_2246	scaffold_2246		DS565101.1	DS565101.1	NT_174173.1
cavPor3:scaffold_2247	scaffold_2247		DS565102.1	DS565102.1	NT_174172.1
cavPor3:scaffold_2248	scaffold_2248		DS565103.1	DS565103.1	NT_174171.1
cavPor3:scaffold_2249	scaffold_2249		DS565104.1	DS565104.1	NT_174170.1
cavPor3:scaffold_225	scaffold_225		DS563080.1	DS563080.1	NT_176194.1
cavPor3:scaffold_2250	scaffold_2250		DS565105.1	DS565105.1	NT_174169.1
cavPor3:scaffold_2251	scaffold_2251		DS565106.1	DS565106.1	NT_174168.1
cavPor3:scaffold_2252	scaffold_2252		DS565107.1	DS565107.1	NT_174167.1
cavPor3:scaffold_2253	scaffold_2253		DS565108.1	DS565108.1	NT_174166.1
cavPor3:scaffold_2254	scaffold_2254		DS565109.1	DS565109.1	NT_174165.1
cavPor3:scaffold_2255	scaffold_2255		DS565110.1	DS565110.1	NT_174164.1
cavPor3:scaffold_2256	scaffold_2256		DS565111.1	DS565111.1	NT_174163.1
cavPor3:scaffold_2257	scaffold_2257		DS565112.1	DS565112.1	NT_174162.1
cavPor3:scaffold_2258	scaffold_2258		DS565113.1	DS565113.1	NT_174161.1
cavPor3:scaffold_2259	scaffold_2259		DS565114.1	DS565114.1	NT_174160.1
cavPor3:scaffold_226	scaffold_226		DS563081.1	DS563081.1	NT_176193.1
cavPor3:scaffold_2260	scaffold_2260		DS565115.1	DS565115.1	NT_174159.1
cavPor3:scaffold_2261	scaffold_2261		DS565116.1	DS565116.1	NT_174158.1
cavPor3:scaffold_2262	scaffold_2262		DS565117.1	DS565117.1	NT_174157.1
cavPor3:scaffold_2263	scaffold_2263		DS565118.1	DS565118.1	NT_174156.1
cavPor3:scaffold_2264	scaffold_2264		DS565119.1	DS565119.1	NT_174155.1
cavPor3:scaffold_2265	scaffold_2265		DS565120.1	DS565120.1	NT_174154.1
cavPor3:scaffold_2266	scaffold_2266		DS565121.1	DS565121.1	NT_174153.1
cavPor3:scaffold_2267	scaffold_2267		DS565122.1	DS565122.1	NT_174152.1
cavPor3:scaffold_2268	scaffold_2268		DS565123.1	DS565123.1	NT_174151.1
cavPor3:scaffold_2269	scaffold_2269		DS565124.1	DS565124.1	NT_174150.1
cavPor3:scaffold_227	scaffold_227		DS563082.1	DS563082.1	NT_176192.1
cavPor3:scaffold_2270	scaffold_2270		DS565125.1	DS565125.1	NT_174149.1
cavPor3:scaffold_2271	scaffold_2271		DS565126.1	DS565126.1	NT_174148.1
cavPor3:scaffold_2272	scaffold_2272		DS565127.1	DS565127.1	NT_174147.1
cavPor3:scaffold_2273	scaffold_2273		DS565128.1	DS565128.1	NT_174146.1
cavPor3:scaffold_2274	scaffold_2274		DS565129.1	DS565129.1	NT_174145.1
cavPor3:scaffold_2275	scaffold_2275		DS565130.1	DS565130.1	NT_174144.1
cavPor3:scaffold_2276	scaffold_2276		DS565131.1	DS565131.1	NT_174143.1
cavPor3:scaffold_2277	scaffold_2277		DS565132.1	DS565132.1	NT_174142.1
cavPor3:scaffold_2278	scaffold_2278		DS565133.1	DS565133.1	NT_174141.1
cavPor3:scaffold_2279	scaffold_2279		DS565134.1	DS565134.1	NT_174140.1
cavPor3:scaffold_228	scaffold_228		DS563083.1	DS563083.1	NT_176191.1
cavPor3:scaffold_2280	scaffold_2280		DS565135.1	DS565135.1	NT_174139.1
cavPor3:scaffold_2281	scaffold_2281		DS565136.1	DS565136.1	NT_174138.1
cavPor3:scaffold_2282	scaffold_2282		DS565137.1	DS565137.1	NT_174137.1
cavPor3:scaffold_2283	scaffold_2283		DS565138.1	DS565138.1	NT_174136.1
cavPor3:scaffold_2284	scaffold_2284		DS565139.1	DS565139.1	NT_174135.1
cavPor3:scaffold_2285	scaffold_2285		DS565140.1	DS565140.1	NT_174134.1
cavPor3:scaffold_2286	scaffold_2286		DS565141.1	DS565141.1	NT_174133.1
cavPor3:scaffold_2287	scaffold_2287		DS565142.1	DS565142.1	NT_174132.1
cavPor3:scaffold_2288	scaffold_2288		DS565143.1	DS565143.1	NT_174131.1
cavPor3:scaffold_2289	scaffold_2289		DS565144.1	DS565144.1	NT_174130.1
cavPor3:scaffold_229	scaffold_229		DS563084.1	DS563084.1	NT_176190.1
cavPor3:scaffold_2290	scaffold_2290		DS565145.1	DS565145.1	NT_174129.1
cavPor3:scaffold_2291	scaffold_2291		DS565146.1	DS565146.1	NT_174128.1
cavPor3:scaffold_2292	scaffold_2292		DS565147.1	DS565147.1	NT_174127.1
cavPor3:scaffold_2293	scaffold_2293		DS565148.1	DS565148.1	NT_174126.1
cavPor3:scaffold_2294	scaffold_2294		DS565149.1	DS565149.1	NT_174125.1
cavPor3:scaffold_2295	scaffold_2295		DS565150.1	DS565150.1	NT_174124.1
cavPor3:scaffold_2296	scaffold_2296		DS565151.1	DS565151.1	NT_174123.1
cavPor3:scaffold_2297	scaffold_2297		DS565152.1	DS565152.1	NT_174122.1
cavPor3:scaffold_2298	scaffold_2298		DS565153.1	DS565153.1	NT_174121.1
cavPor3:scaffold_2299	scaffold_2299		DS565154.1	DS565154.1	NT_174120.1
cavPor3:scaffold_23	scaffold_23		DS562878.1	DS562878.1	NT_176396.1
cavPor3:scaffold_230	scaffold_230		DS563085.1	DS563085.1	NT_176189.1
cavPor3:scaffold_2300	scaffold_2300		DS565155.1	DS565155.1	NT_174119.1
cavPor3:scaffold_2301	scaffold_2301		DS565156.1	DS565156.1	NT_174118.1
cavPor3:scaffold_2302	scaffold_2302		DS565157.1	DS565157.1	NT_174117.1
cavPor3:scaffold_2303	scaffold_2303		DS565158.1	DS565158.1	NT_174116.1
cavPor3:scaffold_2304	scaffold_2304		DS565159.1	DS565159.1	NT_174115.1
cavPor3:scaffold_2305	scaffold_2305		DS565160.1	DS565160.1	NT_174114.1
cavPor3:scaffold_2306	scaffold_2306		DS565161.1	DS565161.1	NT_174113.1
cavPor3:scaffold_2307	scaffold_2307		DS565162.1	DS565162.1	NT_174112.1
cavPor3:scaffold_2308	scaffold_2308		DS565163.1	DS565163.1	NT_174111.1
cavPor3:scaffold_2309	scaffold_2309		DS565164.1	DS565164.1	NT_174110.1
cavPor3:scaffold_231	scaffold_231		DS563086.1	DS563086.1	NT_176188.1
cavPor3:scaffold_2310	scaffold_2310		DS565165.1	DS565165.1	NT_174109.1
cavPor3:scaffold_2311	scaffold_2311		DS565166.1	DS565166.1	NT_174108.1
cavPor3:scaffold_2312	scaffold_2312		DS565167.1	DS565167.1	NT_174107.1
cavPor3:scaffold_2313	scaffold_2313		DS565168.1	DS565168.1	NT_174106.1
cavPor3:scaffold_2314	scaffold_2314		DS565169.1	DS565169.1	NT_174105.1
cavPor3:scaffold_2315	scaffold_2315		DS565170.1	DS565170.1	NT_174104.1
cavPor3:scaffold_2316	scaffold_2316		DS565171.1	DS565171.1	NT_174103.1
cavPor3:scaffold_2317	scaffold_2317		DS565172.1	DS565172.1	NT_174102.1
cavPor3:scaffold_2318	scaffold_2318		DS565173.1	DS565173.1	NT_174101.1
cavPor3:scaffold_2319	scaffold_2319		DS565174.1	DS565174.1	NT_174100.1
cavPor3:scaffold_232	scaffold_232		DS563087.1	DS563087.1	NT_176187.1
cavPor3:scaffold_2320	scaffold_2320		DS565175.1	DS565175.1	NT_174099.1
cavPor3:scaffold_2321	scaffold_2321		DS565176.1	DS565176.1	NT_174098.1
cavPor3:scaffold_2322	scaffold_2322		DS565177.1	DS565177.1	NT_174097.1
cavPor3:scaffold_2323	scaffold_2323		DS565178.1	DS565178.1	NT_174096.1
cavPor3:scaffold_2324	scaffold_2324		DS565179.1	DS565179.1	NT_174095.1
cavPor3:scaffold_2325	scaffold_2325		DS565180.1	DS565180.1	NT_174094.1
cavPor3:scaffold_2326	scaffold_2326		DS565181.1	DS565181.1	NT_174093.1
cavPor3:scaffold_2327	scaffold_2327		DS565182.1	DS565182.1	NT_174092.1
cavPor3:scaffold_2328	scaffold_2328		DS565183.1	DS565183.1	NT_174091.1
cavPor3:scaffold_2329	scaffold_2329		DS565184.1	DS565184.1	NT_174090.1
cavPor3:scaffold_233	scaffold_233		DS563088.1	DS563088.1	NT_176186.1
cavPor3:scaffold_2330	scaffold_2330		DS565185.1	DS565185.1	NT_174089.1
cavPor3:scaffold_2331	scaffold_2331		DS565186.1	DS565186.1	NT_174088.1
cavPor3:scaffold_2332	scaffold_2332		DS565187.1	DS565187.1	NT_174087.1
cavPor3:scaffold_2333	scaffold_2333		DS565188.1	DS565188.1	NT_174086.1
cavPor3:scaffold_2334	scaffold_2334		DS565189.1	DS565189.1	NT_174085.1
cavPor3:scaffold_2335	scaffold_2335		DS565190.1	DS565190.1	NT_174084.1
cavPor3:scaffold_2336	scaffold_2336		DS565191.1	DS565191.1	NT_174083.1
cavPor3:scaffold_2337	scaffold_2337		DS565192.1	DS565192.1	NT_174082.1
cavPor3:scaffold_2338	scaffold_2338		DS565193.1	DS565193.1	NT_174081.1
cavPor3:scaffold_2339	scaffold_2339		DS565194.1	DS565194.1	NT_174080.1
cavPor3:scaffold_234	scaffold_234		DS563089.1	DS563089.1	NT_176185.1
cavPor3:scaffold_2340	scaffold_2340		DS565195.1	DS565195.1	NT_174079.1
cavPor3:scaffold_2341	scaffold_2341		DS565196.1	DS565196.1	NT_174078.1
cavPor3:scaffold_2342	scaffold_2342		DS565197.1	DS565197.1	NT_174077.1
cavPor3:scaffold_2343	scaffold_2343		DS565198.1	DS565198.1	NT_174076.1
cavPor3:scaffold_2344	scaffold_2344		DS565199.1	DS565199.1	NT_174075.1
cavPor3:scaffold_2345	scaffold_2345		DS565200.1	DS565200.1	NT_174074.1
cavPor3:scaffold_2346	scaffold_2346		DS565201.1	DS565201.1	NT_174073.1
cavPor3:scaffold_2347	scaffold_2347		DS565202.1	DS565202.1	NT_174072.1
cavPor3:scaffold_2348	scaffold_2348		DS565203.1	DS565203.1	NT_174071.1
cavPor3:scaffold_2349	scaffold_2349		DS565204.1	DS565204.1	NT_174070.1
cavPor3:scaffold_235	scaffold_235		DS563090.1	DS563090.1	NT_176184.1
cavPor3:scaffold_2350	scaffold_2350		DS565205.1	DS565205.1	NT_174069.1
cavPor3:scaffold_2351	scaffold_2351		DS565206.1	DS565206.1	NT_174068.1
cavPor3:scaffold_2352	scaffold_2352		DS565207.1	DS565207.1	NT_174067.1
cavPor3:scaffold_2353	scaffold_2353		DS565208.1	DS565208.1	NT_174066.1
cavPor3:scaffold_2354	scaffold_2354		DS565209.1	DS565209.1	NT_174065.1
cavPor3:scaffold_2355	scaffold_2355		DS565210.1	DS565210.1	NT_174064.1
cavPor3:scaffold_2356	scaffold_2356		DS565211.1	DS565211.1	NT_174063.1
cavPor3:scaffold_2357	scaffold_2357		DS565212.1	DS565212.1	NT_174062.1
cavPor3:scaffold_2358	scaffold_2358		DS565213.1	DS565213.1	NT_174061.1
cavPor3:scaffold_2359	scaffold_2359		DS565214.1	DS565214.1	NT_174060.1
cavPor3:scaffold_236	scaffold_236		DS563091.1	DS563091.1	NT_176183.1
cavPor3:scaffold_2360	scaffold_2360		DS565215.1	DS565215.1	NT_174059.1
cavPor3:scaffold_2361	scaffold_2361		DS565216.1	DS565216.1	NT_174058.1
cavPor3:scaffold_2362	scaffold_2362		DS565217.1	DS565217.1	NT_174057.1
cavPor3:scaffold_2363	scaffold_2363		DS565218.1	DS565218.1	NT_174056.1
cavPor3:scaffold_2364	scaffold_2364		DS565219.1	DS565219.1	NT_174055.1
cavPor3:scaffold_2365	scaffold_2365		DS565220.1	DS565220.1	NT_174054.1
cavPor3:scaffold_2366	scaffold_2366		DS565221.1	DS565221.1	NT_174053.1
cavPor3:scaffold_2367	scaffold_2367		DS565222.1	DS565222.1	NT_174052.1
cavPor3:scaffold_2368	scaffold_2368		DS565223.1	DS565223.1	NT_174051.1
cavPor3:scaffold_2369	scaffold_2369		DS565224.1	DS565224.1	NT_174050.1
cavPor3:scaffold_237	scaffold_237		DS563092.1	DS563092.1	NT_176182.1
cavPor3:scaffold_2370	scaffold_2370		DS565225.1	DS565225.1	NT_174049.1
cavPor3:scaffold_2371	scaffold_2371		DS565226.1	DS565226.1	NT_174048.1
cavPor3:scaffold_2372	scaffold_2372		DS565227.1	DS565227.1	NT_174047.1
cavPor3:scaffold_2373	scaffold_2373		DS565228.1	DS565228.1	NT_174046.1
cavPor3:scaffold_2374	scaffold_2374		DS565229.1	DS565229.1	NT_174045.1
cavPor3:scaffold_2375	scaffold_2375		DS565230.1	DS565230.1	NT_174044.1
cavPor3:scaffold_2376	scaffold_2376		DS565231.1	DS565231.1	NT_174043.1
cavPor3:scaffold_2377	scaffold_2377		DS565232.1	DS565232.1	NT_174042.1
cavPor3:scaffold_2378	scaffold_2378		DS565233.1	DS565233.1	NT_174041.1
cavPor3:scaffold_2379	scaffold_2379		DS565234.1	DS565234.1	NT_174040.1
cavPor3:scaffold_238	scaffold_238		DS563093.1	DS563093.1	NT_176181.1
cavPor3:scaffold_2380	scaffold_2380		DS565235.1	DS565235.1	NT_174039.1
cavPor3:scaffold_2381	scaffold_2381		DS565236.1	DS565236.1	NT_174038.1
cavPor3:scaffold_2382	scaffold_2382		DS565237.1	DS565237.1	NT_174037.1
cavPor3:scaffold_2383	scaffold_2383		DS565238.1	DS565238.1	NT_174036.1
cavPor3:scaffold_2384	scaffold_2384		DS565239.1	DS565239.1	NT_174035.1
cavPor3:scaffold_2385	scaffold_2385		DS565240.1	DS565240.1	NT_174034.1
cavPor3:scaffold_2386	scaffold_2386		DS565241.1	DS565241.1	NT_174033.1
cavPor3:scaffold_2387	scaffold_2387		DS565242.1	DS565242.1	NT_174032.1
cavPor3:scaffold_2388	scaffold_2388		DS565243.1	DS565243.1	NT_174031.1
cavPor3:scaffold_2389	scaffold_2389		DS565244.1	DS565244.1	NT_174030.1
cavPor3:scaffold_239	scaffold_239		DS563094.1	DS563094.1	NT_176180.1
cavPor3:scaffold_2390	scaffold_2390		DS565245.1	DS565245.1	NT_174029.1
cavPor3:scaffold_2391	scaffold_2391		DS565246.1	DS565246.1	NT_174028.1
cavPor3:scaffold_2392	scaffold_2392		DS565247.1	DS565247.1	NT_174027.1
cavPor3:scaffold_2393	scaffold_2393		DS565248.1	DS565248.1	NT_174026.1
cavPor3:scaffold_2394	scaffold_2394		DS565249.1	DS565249.1	NT_174025.1
cavPor3:scaffold_2395	scaffold_2395		DS565250.1	DS565250.1	NT_174024.1
cavPor3:scaffold_2396	scaffold_2396		DS565251.1	DS565251.1	NT_174023.1
cavPor3:scaffold_2397	scaffold_2397		DS565252.1	DS565252.1	NT_174022.1
cavPor3:scaffold_2398	scaffold_2398		DS565253.1	DS565253.1	NT_174021.1
cavPor3:scaffold_2399	scaffold_2399		DS565254.1	DS565254.1	NT_174020.1
cavPor3:scaffold_24	scaffold_24		DS562879.1	DS562879.1	NT_176395.1
cavPor3:scaffold_240	scaffold_240		DS563095.1	DS563095.1	NT_176179.1
cavPor3:scaffold_2400	scaffold_2400		DS565255.1	DS565255.1	NT_174019.1
cavPor3:scaffold_2401	scaffold_2401		DS565256.1	DS565256.1	NT_174018.1
cavPor3:scaffold_2402	scaffold_2402		DS565257.1	DS565257.1	NT_174017.1
cavPor3:scaffold_2403	scaffold_2403		DS565258.1	DS565258.1	NT_174016.1
cavPor3:scaffold_2404	scaffold_2404		DS565259.1	DS565259.1	NT_174015.1
cavPor3:scaffold_2405	scaffold_2405		DS565260.1	DS565260.1	NT_174014.1
cavPor3:scaffold_2406	scaffold_2406		DS565261.1	DS565261.1	NT_174013.1
cavPor3:scaffold_2407	scaffold_2407		DS565262.1	DS565262.1	NT_174012.1
cavPor3:scaffold_2408	scaffold_2408		DS565263.1	DS565263.1	NT_174011.1
cavPor3:scaffold_2409	scaffold_2409		DS565264.1	DS565264.1	NT_174010.1
cavPor3:scaffold_241	scaffold_241		DS563096.1	DS563096.1	NT_176178.1
cavPor3:scaffold_2410	scaffold_2410		DS565265.1	DS565265.1	NT_174009.1
cavPor3:scaffold_2411	scaffold_2411		DS565266.1	DS565266.1	NT_174008.1
cavPor3:scaffold_2412	scaffold_2412		DS565267.1	DS565267.1	NT_174007.1
cavPor3:scaffold_2413	scaffold_2413		DS565268.1	DS565268.1	NT_174006.1
cavPor3:scaffold_2414	scaffold_2414		DS565269.1	DS565269.1	NT_174005.1
cavPor3:scaffold_2415	scaffold_2415		DS565270.1	DS565270.1	NT_174004.1
cavPor3:scaffold_2416	scaffold_2416		DS565271.1	DS565271.1	NT_174003.1
cavPor3:scaffold_2417	scaffold_2417		DS565272.1	DS565272.1	NT_174002.1
cavPor3:scaffold_2418	scaffold_2418		DS565273.1	DS565273.1	NT_174001.1
cavPor3:scaffold_2419	scaffold_2419		DS565274.1	DS565274.1	NT_174000.1
cavPor3:scaffold_242	scaffold_242		DS563097.1	DS563097.1	NT_176177.1
cavPor3:scaffold_2420	scaffold_2420		DS565275.1	DS565275.1	NT_173999.1
cavPor3:scaffold_2421	scaffold_2421		DS565276.1	DS565276.1	NT_173998.1
cavPor3:scaffold_2422	scaffold_2422		DS565277.1	DS565277.1	NT_173997.1
cavPor3:scaffold_2423	scaffold_2423		DS565278.1	DS565278.1	NT_173996.1
cavPor3:scaffold_2424	scaffold_2424		DS565279.1	DS565279.1	NT_173995.1
cavPor3:scaffold_2425	scaffold_2425		DS565280.1	DS565280.1	NT_173994.1
cavPor3:scaffold_2426	scaffold_2426		DS565281.1	DS565281.1	NT_173993.1
cavPor3:scaffold_2427	scaffold_2427		DS565282.1	DS565282.1	NT_173992.1
cavPor3:scaffold_2428	scaffold_2428		DS565283.1	DS565283.1	NT_173991.1
cavPor3:scaffold_2429	scaffold_2429		DS565284.1	DS565284.1	NT_173990.1
cavPor3:scaffold_243	scaffold_243		DS563098.1	DS563098.1	NT_176176.1
cavPor3:scaffold_2430	scaffold_2430		DS565285.1	DS565285.1	NT_173989.1
cavPor3:scaffold_2431	scaffold_2431		DS565286.1	DS565286.1	NT_173988.1
cavPor3:scaffold_2432	scaffold_2432		DS565287.1	DS565287.1	NT_173987.1
cavPor3:scaffold_2433	scaffold_2433		DS565288.1	DS565288.1	NT_173986.1
cavPor3:scaffold_2434	scaffold_2434		DS565289.1	DS565289.1	NT_173985.1
cavPor3:scaffold_2435	scaffold_2435		DS565290.1	DS565290.1	NT_173984.1
cavPor3:scaffold_2436	scaffold_2436		DS565291.1	DS565291.1	NT_173983.1
cavPor3:scaffold_2437	scaffold_2437		DS565292.1	DS565292.1	NT_173982.1
cavPor3:scaffold_2438	scaffold_2438		DS565293.1	DS565293.1	NT_173981.1
cavPor3:scaffold_2439	scaffold_2439		DS565294.1	DS565294.1	NT_173980.1
cavPor3:scaffold_244	scaffold_244		DS563099.1	DS563099.1	NT_176175.1
cavPor3:scaffold_2440	scaffold_2440		DS565295.1	DS565295.1	NT_173979.1
cavPor3:scaffold_2441	scaffold_2441		DS565296.1	DS565296.1	NT_173978.1
cavPor3:scaffold_2442	scaffold_2442		DS565297.1	DS565297.1	NT_173977.1
cavPor3:scaffold_2443	scaffold_2443		DS565298.1	DS565298.1	NT_173976.1
cavPor3:scaffold_2444	scaffold_2444		DS565299.1	DS565299.1	NT_173975.1
cavPor3:scaffold_2445	scaffold_2445		DS565300.1	DS565300.1	NT_173974.1
cavPor3:scaffold_2446	scaffold_2446		DS565301.1	DS565301.1	NT_173973.1
cavPor3:scaffold_2447	scaffold_2447		DS565302.1	DS565302.1	NT_173972.1
cavPor3:scaffold_2448	scaffold_2448		DS565303.1	DS565303.1	NT_173971.1
cavPor3:scaffold_2449	scaffold_2449		DS565304.1	DS565304.1	NT_173970.1
cavPor3:scaffold_245	scaffold_245		DS563100.1	DS563100.1	NT_176174.1
cavPor3:scaffold_2450	scaffold_2450		DS565305.1	DS565305.1	NT_173969.1
cavPor3:scaffold_2451	scaffold_2451		DS565306.1	DS565306.1	NT_173968.1
cavPor3:scaffold_2452	scaffold_2452		DS565307.1	DS565307.1	NT_173967.1
cavPor3:scaffold_2453	scaffold_2453		DS565308.1	DS565308.1	NT_173966.1
cavPor3:scaffold_2454	scaffold_2454		DS565309.1	DS565309.1	NT_173965.1
cavPor3:scaffold_2455	scaffold_2455		DS565310.1	DS565310.1	NT_173964.1
cavPor3:scaffold_2456	scaffold_2456		DS565311.1	DS565311.1	NT_173963.1
cavPor3:scaffold_2457	scaffold_2457		DS565312.1	DS565312.1	NT_173962.1
cavPor3:scaffold_2458	scaffold_2458		DS565313.1	DS565313.1	NT_173961.1
cavPor3:scaffold_2459	scaffold_2459		DS565314.1	DS565314.1	NT_173960.1
cavPor3:scaffold_246	scaffold_246		DS563101.1	DS563101.1	NT_176173.1
cavPor3:scaffold_2460	scaffold_2460		DS565315.1	DS565315.1	NT_173959.1
cavPor3:scaffold_2461	scaffold_2461		DS565316.1	DS565316.1	NT_173958.1
cavPor3:scaffold_2462	scaffold_2462		DS565317.1	DS565317.1	NT_173957.1
cavPor3:scaffold_2463	scaffold_2463		DS565318.1	DS565318.1	NT_173956.1
cavPor3:scaffold_2464	scaffold_2464		DS565319.1	DS565319.1	NT_173955.1
cavPor3:scaffold_2465	scaffold_2465		DS565320.1	DS565320.1	NT_173954.1
cavPor3:scaffold_2466	scaffold_2466		DS565321.1	DS565321.1	NT_173953.1
cavPor3:scaffold_2467	scaffold_2467		DS565322.1	DS565322.1	NT_173952.1
cavPor3:scaffold_2468	scaffold_2468		DS565323.1	DS565323.1	NT_173951.1
cavPor3:scaffold_2469	scaffold_2469		DS565324.1	DS565324.1	NT_173950.1
cavPor3:scaffold_247	scaffold_247		DS563102.1	DS563102.1	NT_176172.1
cavPor3:scaffold_2470	scaffold_2470		DS565325.1	DS565325.1	NT_173949.1
cavPor3:scaffold_2471	scaffold_2471		DS565326.1	DS565326.1	NT_173948.1
cavPor3:scaffold_2472	scaffold_2472		DS565327.1	DS565327.1	NT_173947.1
cavPor3:scaffold_2473	scaffold_2473		DS565328.1	DS565328.1	NT_173946.1
cavPor3:scaffold_2474	scaffold_2474		DS565329.1	DS565329.1	NT_173945.1
cavPor3:scaffold_2475	scaffold_2475		DS565330.1	DS565330.1	NT_173944.1
cavPor3:scaffold_2476	scaffold_2476		DS565331.1	DS565331.1	NT_173943.1
cavPor3:scaffold_2477	scaffold_2477		DS565332.1	DS565332.1	NT_173942.1
cavPor3:scaffold_2478	scaffold_2478		DS565333.1	DS565333.1	NT_173941.1
cavPor3:scaffold_2479	scaffold_2479		DS565334.1	DS565334.1	NT_173940.1
cavPor3:scaffold_248	scaffold_248		DS563103.1	DS563103.1	NT_176171.1
cavPor3:scaffold_2480	scaffold_2480		DS565335.1	DS565335.1	NT_173939.1
cavPor3:scaffold_2481	scaffold_2481		DS565336.1	DS565336.1	NT_173938.1
cavPor3:scaffold_2482	scaffold_2482		DS565337.1	DS565337.1	NT_173937.1
cavPor3:scaffold_2483	scaffold_2483		DS565338.1	DS565338.1	NT_173936.1
cavPor3:scaffold_2484	scaffold_2484		DS565339.1	DS565339.1	NT_173935.1
cavPor3:scaffold_2485	scaffold_2485		DS565340.1	DS565340.1	NT_173934.1
cavPor3:scaffold_2486	scaffold_2486		DS565341.1	DS565341.1	NT_173933.1
cavPor3:scaffold_2487	scaffold_2487		DS565342.1	DS565342.1	NT_173932.1
cavPor3:scaffold_2488	scaffold_2488		DS565343.1	DS565343.1	NT_173931.1
cavPor3:scaffold_2489	scaffold_2489		DS565344.1	DS565344.1	NT_173930.1
cavPor3:scaffold_249	scaffold_249		DS563104.1	DS563104.1	NT_176170.1
cavPor3:scaffold_2490	scaffold_2490		DS565345.1	DS565345.1	NT_173929.1
cavPor3:scaffold_2491	scaffold_2491		DS565346.1	DS565346.1	NT_173928.1
cavPor3:scaffold_2492	scaffold_2492		DS565347.1	DS565347.1	NT_173927.1
cavPor3:scaffold_2493	scaffold_2493		DS565348.1	DS565348.1	NT_173926.1
cavPor3:scaffold_2494	scaffold_2494		DS565349.1	DS565349.1	NT_173925.1
cavPor3:scaffold_2495	scaffold_2495		DS565350.1	DS565350.1	NT_173924.1
cavPor3:scaffold_2496	scaffold_2496		DS565351.1	DS565351.1	NT_173923.1
cavPor3:scaffold_2497	scaffold_2497		DS565352.1	DS565352.1	NT_173922.1
cavPor3:scaffold_2498	scaffold_2498		DS565353.1	DS565353.1	NT_173921.1
cavPor3:scaffold_2499	scaffold_2499		DS565354.1	DS565354.1	NT_173920.1
cavPor3:scaffold_25	scaffold_25		DS562880.1	DS562880.1	NT_176394.1
cavPor3:scaffold_250	scaffold_250		DS563105.1	DS563105.1	NT_176169.1
cavPor3:scaffold_2500	scaffold_2500		DS565355.1	DS565355.1	NT_173919.1
cavPor3:scaffold_2501	scaffold_2501		DS565356.1	DS565356.1	NT_173918.1
cavPor3:scaffold_2502	scaffold_2502		DS565357.1	DS565357.1	NT_173917.1
cavPor3:scaffold_2503	scaffold_2503		DS565358.1	DS565358.1	NT_173916.1
cavPor3:scaffold_2504	scaffold_2504		DS565359.1	DS565359.1	NT_173915.1
cavPor3:scaffold_2505	scaffold_2505		DS565360.1	DS565360.1	NT_173914.1
cavPor3:scaffold_2506	scaffold_2506		DS565361.1	DS565361.1	NT_173913.1
cavPor3:scaffold_2507	scaffold_2507		DS565362.1	DS565362.1	NT_173912.1
cavPor3:scaffold_2508	scaffold_2508		DS565363.1	DS565363.1	NT_173911.1
cavPor3:scaffold_2509	scaffold_2509		DS565364.1	DS565364.1	NT_173910.1
cavPor3:scaffold_251	scaffold_251		DS563106.1	DS563106.1	NT_176168.1
cavPor3:scaffold_2510	scaffold_2510		DS565365.1	DS565365.1	NT_173909.1
cavPor3:scaffold_2511	scaffold_2511		DS565366.1	DS565366.1	NT_173908.1
cavPor3:scaffold_2512	scaffold_2512		DS565367.1	DS565367.1	NT_173907.1
cavPor3:scaffold_2513	scaffold_2513		DS565368.1	DS565368.1	NT_173906.1
cavPor3:scaffold_2514	scaffold_2514		DS565369.1	DS565369.1	NT_173905.1
cavPor3:scaffold_2515	scaffold_2515		DS565370.1	DS565370.1	NT_173904.1
cavPor3:scaffold_2516	scaffold_2516		DS565371.1	DS565371.1	NT_173903.1
cavPor3:scaffold_2517	scaffold_2517		DS565372.1	DS565372.1	NT_173902.1
cavPor3:scaffold_2518	scaffold_2518		DS565373.1	DS565373.1	NT_173901.1
cavPor3:scaffold_2519	scaffold_2519		DS565374.1	DS565374.1	NT_173900.1
cavPor3:scaffold_252	scaffold_252		DS563107.1	DS563107.1	NT_176167.1
cavPor3:scaffold_2520	scaffold_2520		DS565375.1	DS565375.1	NT_173899.1
cavPor3:scaffold_2521	scaffold_2521		DS565376.1	DS565376.1	NT_173898.1
cavPor3:scaffold_2522	scaffold_2522		DS565377.1	DS565377.1	NT_173897.1
cavPor3:scaffold_2523	scaffold_2523		DS565378.1	DS565378.1	NT_173896.1
cavPor3:scaffold_2524	scaffold_2524		DS565379.1	DS565379.1	NT_173895.1
cavPor3:scaffold_2525	scaffold_2525		DS565380.1	DS565380.1	NT_173894.1
cavPor3:scaffold_2526	scaffold_2526		DS565381.1	DS565381.1	NT_173893.1
cavPor3:scaffold_2527	scaffold_2527		DS565382.1	DS565382.1	NT_173892.1
cavPor3:scaffold_2528	scaffold_2528		DS565383.1	DS565383.1	NT_173891.1
cavPor3:scaffold_2529	scaffold_2529		DS565384.1	DS565384.1	NT_173890.1
cavPor3:scaffold_253	scaffold_253		DS563108.1	DS563108.1	NT_176166.1
cavPor3:scaffold_2530	scaffold_2530		DS565385.1	DS565385.1	NT_173889.1
cavPor3:scaffold_2531	scaffold_2531		DS565386.1	DS565386.1	NT_173888.1
cavPor3:scaffold_2532	scaffold_2532		DS565387.1	DS565387.1	NT_173887.1
cavPor3:scaffold_2533	scaffold_2533		DS565388.1	DS565388.1	NT_173886.1
cavPor3:scaffold_2534	scaffold_2534		DS565389.1	DS565389.1	NT_173885.1
cavPor3:scaffold_2535	scaffold_2535		DS565390.1	DS565390.1	NT_173884.1
cavPor3:scaffold_2536	scaffold_2536		DS565391.1	DS565391.1	NT_173883.1
cavPor3:scaffold_2537	scaffold_2537		DS565392.1	DS565392.1	NT_173882.1
cavPor3:scaffold_2538	scaffold_2538		DS565393.1	DS565393.1	NT_173881.1
cavPor3:scaffold_2539	scaffold_2539		DS565394.1	DS565394.1	NT_173880.1
cavPor3:scaffold_254	scaffold_254		DS563109.1	DS563109.1	NT_176165.1
cavPor3:scaffold_2540	scaffold_2540		DS565395.1	DS565395.1	NT_173879.1
cavPor3:scaffold_2541	scaffold_2541		DS565396.1	DS565396.1	NT_173878.1
cavPor3:scaffold_2542	scaffold_2542		DS565397.1	DS565397.1	NT_173877.1
cavPor3:scaffold_2543	scaffold_2543		DS565398.1	DS565398.1	NT_173876.1
cavPor3:scaffold_2544	scaffold_2544		DS565399.1	DS565399.1	NT_173875.1
cavPor3:scaffold_2545	scaffold_2545		DS565400.1	DS565400.1	NT_173874.1
cavPor3:scaffold_2546	scaffold_2546		DS565401.1	DS565401.1	NT_173873.1
cavPor3:scaffold_2547	scaffold_2547		DS565402.1	DS565402.1	NT_173872.1
cavPor3:scaffold_2548	scaffold_2548		DS565403.1	DS565403.1	NT_173871.1
cavPor3:scaffold_2549	scaffold_2549		DS565404.1	DS565404.1	NT_173870.1
cavPor3:scaffold_255	scaffold_255		DS563110.1	DS563110.1	NT_176164.1
cavPor3:scaffold_2550	scaffold_2550		DS565405.1	DS565405.1	NT_173869.1
cavPor3:scaffold_2551	scaffold_2551		DS565406.1	DS565406.1	NT_173868.1
cavPor3:scaffold_2552	scaffold_2552		DS565407.1	DS565407.1	NT_173867.1
cavPor3:scaffold_2553	scaffold_2553		DS565408.1	DS565408.1	NT_173866.1
cavPor3:scaffold_2554	scaffold_2554		DS565409.1	DS565409.1	NT_173865.1
cavPor3:scaffold_2555	scaffold_2555		DS565410.1	DS565410.1	NT_173864.1
cavPor3:scaffold_2556	scaffold_2556		DS565411.1	DS565411.1	NT_173863.1
cavPor3:scaffold_2557	scaffold_2557		DS565412.1	DS565412.1	NT_173862.1
cavPor3:scaffold_2558	scaffold_2558		DS565413.1	DS565413.1	NT_173861.1
cavPor3:scaffold_2559	scaffold_2559		DS565414.1	DS565414.1	NT_173860.1
cavPor3:scaffold_256	scaffold_256		DS563111.1	DS563111.1	NT_176163.1
cavPor3:scaffold_2560	scaffold_2560		DS565415.1	DS565415.1	NT_173859.1
cavPor3:scaffold_2561	scaffold_2561		DS565416.1	DS565416.1	NT_173858.1
cavPor3:scaffold_2562	scaffold_2562		DS565417.1	DS565417.1	NT_173857.1
cavPor3:scaffold_2563	scaffold_2563		DS565418.1	DS565418.1	NT_173856.1
cavPor3:scaffold_2564	scaffold_2564		DS565419.1	DS565419.1	NT_173855.1
cavPor3:scaffold_2565	scaffold_2565		DS565420.1	DS565420.1	NT_173854.1
cavPor3:scaffold_2566	scaffold_2566		DS565421.1	DS565421.1	NT_173853.1
cavPor3:scaffold_2567	scaffold_2567		DS565422.1	DS565422.1	NT_173852.1
cavPor3:scaffold_2568	scaffold_2568		DS565423.1	DS565423.1	NT_173851.1
cavPor3:scaffold_2569	scaffold_2569		DS565424.1	DS565424.1	NT_173850.1
cavPor3:scaffold_257	scaffold_257		DS563112.1	DS563112.1	NT_176162.1
cavPor3:scaffold_2570	scaffold_2570		DS565425.1	DS565425.1	NT_173849.1
cavPor3:scaffold_2571	scaffold_2571		DS565426.1	DS565426.1	NT_173848.1
cavPor3:scaffold_2572	scaffold_2572		DS565427.1	DS565427.1	NT_173847.1
cavPor3:scaffold_2573	scaffold_2573		DS565428.1	DS565428.1	NT_173846.1
cavPor3:scaffold_2574	scaffold_2574		DS565429.1	DS565429.1	NT_173845.1
cavPor3:scaffold_2575	scaffold_2575		DS565430.1	DS565430.1	NT_173844.1
cavPor3:scaffold_2576	scaffold_2576		DS565431.1	DS565431.1	NT_173843.1
cavPor3:scaffold_2577	scaffold_2577		DS565432.1	DS565432.1	NT_173842.1
cavPor3:scaffold_2578	scaffold_2578		DS565433.1	DS565433.1	NT_173841.1
cavPor3:scaffold_2579	scaffold_2579		DS565434.1	DS565434.1	NT_173840.1
cavPor3:scaffold_258	scaffold_258		DS563113.1	DS563113.1	NT_176161.1
cavPor3:scaffold_2580	scaffold_2580		DS565435.1	DS565435.1	NT_173839.1
cavPor3:scaffold_2581	scaffold_2581		DS565436.1	DS565436.1	NT_173838.1
cavPor3:scaffold_2582	scaffold_2582		DS565437.1	DS565437.1	NT_173837.1
cavPor3:scaffold_2583	scaffold_2583		DS565438.1	DS565438.1	NT_173836.1
cavPor3:scaffold_2584	scaffold_2584		DS565439.1	DS565439.1	NT_173835.1
cavPor3:scaffold_2585	scaffold_2585		DS565440.1	DS565440.1	NT_173834.1
cavPor3:scaffold_2586	scaffold_2586		DS565441.1	DS565441.1	NT_173833.1
cavPor3:scaffold_2587	scaffold_2587		DS565442.1	DS565442.1	NT_173832.1
cavPor3:scaffold_2588	scaffold_2588		DS565443.1	DS565443.1	NT_173831.1
cavPor3:scaffold_2589	scaffold_2589		DS565444.1	DS565444.1	NT_173830.1
cavPor3:scaffold_259	scaffold_259		DS563114.1	DS563114.1	NT_176160.1
cavPor3:scaffold_2590	scaffold_2590		DS565445.1	DS565445.1	NT_173829.1
cavPor3:scaffold_2591	scaffold_2591		DS565446.1	DS565446.1	NT_173828.1
cavPor3:scaffold_2592	scaffold_2592		DS565447.1	DS565447.1	NT_173827.1
cavPor3:scaffold_2593	scaffold_2593		DS565448.1	DS565448.1	NT_173826.1
cavPor3:scaffold_2594	scaffold_2594		DS565449.1	DS565449.1	NT_173825.1
cavPor3:scaffold_2595	scaffold_2595		DS565450.1	DS565450.1	NT_173824.1
cavPor3:scaffold_2596	scaffold_2596		DS565451.1	DS565451.1	NT_173823.1
cavPor3:scaffold_2597	scaffold_2597		DS565452.1	DS565452.1	NT_173822.1
cavPor3:scaffold_2598	scaffold_2598		DS565453.1	DS565453.1	NT_173821.1
cavPor3:scaffold_2599	scaffold_2599		DS565454.1	DS565454.1	NT_173820.1
cavPor3:scaffold_26	scaffold_26		DS562881.1	DS562881.1	NT_176393.1
cavPor3:scaffold_260	scaffold_260		DS563115.1	DS563115.1	NT_176159.1
cavPor3:scaffold_2600	scaffold_2600		DS565455.1	DS565455.1	NT_173819.1
cavPor3:scaffold_2601	scaffold_2601		DS565456.1	DS565456.1	NT_173818.1
cavPor3:scaffold_2602	scaffold_2602		DS565457.1	DS565457.1	NT_173817.1
cavPor3:scaffold_2603	scaffold_2603		DS565458.1	DS565458.1	NT_173816.1
cavPor3:scaffold_2604	scaffold_2604		DS565459.1	DS565459.1	NT_173815.1
cavPor3:scaffold_2605	scaffold_2605		DS565460.1	DS565460.1	NT_173814.1
cavPor3:scaffold_2606	scaffold_2606		DS565461.1	DS565461.1	NT_173813.1
cavPor3:scaffold_2607	scaffold_2607		DS565462.1	DS565462.1	NT_173812.1
cavPor3:scaffold_2608	scaffold_2608		DS565463.1	DS565463.1	NT_173811.1
cavPor3:scaffold_2609	scaffold_2609		DS565464.1	DS565464.1	NT_173810.1
cavPor3:scaffold_261	scaffold_261		DS563116.1	DS563116.1	NT_176158.1
cavPor3:scaffold_2610	scaffold_2610		DS565465.1	DS565465.1	NT_173809.1
cavPor3:scaffold_2611	scaffold_2611		DS565466.1	DS565466.1	NT_173808.1
cavPor3:scaffold_2612	scaffold_2612		DS565467.1	DS565467.1	NT_173807.1
cavPor3:scaffold_2613	scaffold_2613		DS565468.1	DS565468.1	NT_173806.1
cavPor3:scaffold_2614	scaffold_2614		DS565469.1	DS565469.1	NT_173805.1
cavPor3:scaffold_2615	scaffold_2615		DS565470.1	DS565470.1	NT_173804.1
cavPor3:scaffold_2616	scaffold_2616		DS565471.1	DS565471.1	NT_173803.1
cavPor3:scaffold_2617	scaffold_2617		DS565472.1	DS565472.1	NT_173802.1
cavPor3:scaffold_2618	scaffold_2618		DS565473.1	DS565473.1	NT_173801.1
cavPor3:scaffold_2619	scaffold_2619		DS565474.1	DS565474.1	NT_173800.1
cavPor3:scaffold_262	scaffold_262		DS563117.1	DS563117.1	NT_176157.1
cavPor3:scaffold_2620	scaffold_2620		DS565475.1	DS565475.1	NT_173799.1
cavPor3:scaffold_2621	scaffold_2621		DS565476.1	DS565476.1	NT_173798.1
cavPor3:scaffold_2622	scaffold_2622		DS565477.1	DS565477.1	NT_173797.1
cavPor3:scaffold_2623	scaffold_2623		DS565478.1	DS565478.1	NT_173796.1
cavPor3:scaffold_2624	scaffold_2624		DS565479.1	DS565479.1	NT_173795.1
cavPor3:scaffold_2625	scaffold_2625		DS565480.1	DS565480.1	NT_173794.1
cavPor3:scaffold_2626	scaffold_2626		DS565481.1	DS565481.1	NT_173793.1
cavPor3:scaffold_2627	scaffold_2627		DS565482.1	DS565482.1	NT_173792.1
cavPor3:scaffold_2628	scaffold_2628		DS565483.1	DS565483.1	NT_173791.1
cavPor3:scaffold_2629	scaffold_2629		DS565484.1	DS565484.1	NT_173790.1
cavPor3:scaffold_263	scaffold_263		DS563118.1	DS563118.1	NT_176156.1
cavPor3:scaffold_2630	scaffold_2630		DS565485.1	DS565485.1	NT_173789.1
cavPor3:scaffold_2631	scaffold_2631		DS565486.1	DS565486.1	NT_173788.1
cavPor3:scaffold_2632	scaffold_2632		DS565487.1	DS565487.1	NT_173787.1
cavPor3:scaffold_2633	scaffold_2633		DS565488.1	DS565488.1	NT_173786.1
cavPor3:scaffold_2634	scaffold_2634		DS565489.1	DS565489.1	NT_173785.1
cavPor3:scaffold_2635	scaffold_2635		DS565490.1	DS565490.1	NT_173784.1
cavPor3:scaffold_2636	scaffold_2636		DS565491.1	DS565491.1	NT_173783.1
cavPor3:scaffold_2637	scaffold_2637		DS565492.1	DS565492.1	NT_173782.1
cavPor3:scaffold_2638	scaffold_2638		DS565493.1	DS565493.1	NT_173781.1
cavPor3:scaffold_2639	scaffold_2639		DS565494.1	DS565494.1	NT_173780.1
cavPor3:scaffold_264	scaffold_264		DS563119.1	DS563119.1	NT_176155.1
cavPor3:scaffold_2640	scaffold_2640		DS565495.1	DS565495.1	NT_173779.1
cavPor3:scaffold_2641	scaffold_2641		DS565496.1	DS565496.1	NT_173778.1
cavPor3:scaffold_2642	scaffold_2642		DS565497.1	DS565497.1	NT_173777.1
cavPor3:scaffold_2643	scaffold_2643		DS565498.1	DS565498.1	NT_173776.1
cavPor3:scaffold_2644	scaffold_2644		DS565499.1	DS565499.1	NT_173775.1
cavPor3:scaffold_2645	scaffold_2645		DS565500.1	DS565500.1	NT_173774.1
cavPor3:scaffold_2646	scaffold_2646		DS565501.1	DS565501.1	NT_173773.1
cavPor3:scaffold_2647	scaffold_2647		DS565502.1	DS565502.1	NT_173772.1
cavPor3:scaffold_2648	scaffold_2648		DS565503.1	DS565503.1	NT_173771.1
cavPor3:scaffold_2649	scaffold_2649		DS565504.1	DS565504.1	NT_173770.1
cavPor3:scaffold_265	scaffold_265		DS563120.1	DS563120.1	NT_176154.1
cavPor3:scaffold_2650	scaffold_2650		DS565505.1	DS565505.1	NT_173769.1
cavPor3:scaffold_2651	scaffold_2651		DS565506.1	DS565506.1	NT_173768.1
cavPor3:scaffold_2652	scaffold_2652		DS565507.1	DS565507.1	NT_173767.1
cavPor3:scaffold_2653	scaffold_2653		DS565508.1	DS565508.1	NT_173766.1
cavPor3:scaffold_2654	scaffold_2654		DS565509.1	DS565509.1	NT_173765.1
cavPor3:scaffold_2655	scaffold_2655		DS565510.1	DS565510.1	NT_173764.1
cavPor3:scaffold_2656	scaffold_2656		DS565511.1	DS565511.1	NT_173763.1
cavPor3:scaffold_2657	scaffold_2657		DS565512.1	DS565512.1	NT_173762.1
cavPor3:scaffold_2658	scaffold_2658		DS565513.1	DS565513.1	NT_173761.1
cavPor3:scaffold_2659	scaffold_2659		DS565514.1	DS565514.1	NT_173760.1
cavPor3:scaffold_266	scaffold_266		DS563121.1	DS563121.1	NT_176153.1
cavPor3:scaffold_2660	scaffold_2660		DS565515.1	DS565515.1	NT_173759.1
cavPor3:scaffold_2661	scaffold_2661		DS565516.1	DS565516.1	NT_173758.1
cavPor3:scaffold_2662	scaffold_2662		DS565517.1	DS565517.1	NT_173757.1
cavPor3:scaffold_2663	scaffold_2663		DS565518.1	DS565518.1	NT_173756.1
cavPor3:scaffold_2664	scaffold_2664		DS565519.1	DS565519.1	NT_173755.1
cavPor3:scaffold_2665	scaffold_2665		DS565520.1	DS565520.1	NT_173754.1
cavPor3:scaffold_2666	scaffold_2666		DS565521.1	DS565521.1	NT_173753.1
cavPor3:scaffold_2667	scaffold_2667		DS565522.1	DS565522.1	NT_173752.1
cavPor3:scaffold_2668	scaffold_2668		DS565523.1	DS565523.1	NT_173751.1
cavPor3:scaffold_2669	scaffold_2669		DS565524.1	DS565524.1	NT_173750.1
cavPor3:scaffold_267	scaffold_267		DS563122.1	DS563122.1	NT_176152.1
cavPor3:scaffold_2670	scaffold_2670		DS565525.1	DS565525.1	NT_173749.1
cavPor3:scaffold_2671	scaffold_2671		DS565526.1	DS565526.1	NT_173748.1
cavPor3:scaffold_2672	scaffold_2672		DS565527.1	DS565527.1	NT_173747.1
cavPor3:scaffold_2673	scaffold_2673		DS565528.1	DS565528.1	NT_173746.1
cavPor3:scaffold_2674	scaffold_2674		DS565529.1	DS565529.1	NT_173745.1
cavPor3:scaffold_2675	scaffold_2675		DS565530.1	DS565530.1	NT_173744.1
cavPor3:scaffold_2676	scaffold_2676		DS565531.1	DS565531.1	NT_173743.1
cavPor3:scaffold_2677	scaffold_2677		DS565532.1	DS565532.1	NT_173742.1
cavPor3:scaffold_2678	scaffold_2678		DS565533.1	DS565533.1	NT_173741.1
cavPor3:scaffold_2679	scaffold_2679		DS565534.1	DS565534.1	NT_173740.1
cavPor3:scaffold_268	scaffold_268		DS563123.1	DS563123.1	NT_176151.1
cavPor3:scaffold_2680	scaffold_2680		DS565535.1	DS565535.1	NT_173739.1
cavPor3:scaffold_2681	scaffold_2681		DS565536.1	DS565536.1	NT_173738.1
cavPor3:scaffold_2682	scaffold_2682		DS565537.1	DS565537.1	NT_173737.1
cavPor3:scaffold_2683	scaffold_2683		DS565538.1	DS565538.1	NT_173736.1
cavPor3:scaffold_2684	scaffold_2684		DS565539.1	DS565539.1	NT_173735.1
cavPor3:scaffold_2685	scaffold_2685		DS565540.1	DS565540.1	NT_173734.1
cavPor3:scaffold_2686	scaffold_2686		DS565541.1	DS565541.1	NT_173733.1
cavPor3:scaffold_2687	scaffold_2687		DS565542.1	DS565542.1	NT_173732.1
cavPor3:scaffold_2688	scaffold_2688		DS565543.1	DS565543.1	NT_173731.1
cavPor3:scaffold_2689	scaffold_2689		DS565544.1	DS565544.1	NT_173730.1
cavPor3:scaffold_269	scaffold_269		DS563124.1	DS563124.1	NT_176150.1
cavPor3:scaffold_2690	scaffold_2690		DS565545.1	DS565545.1	NT_173729.1
cavPor3:scaffold_2691	scaffold_2691		DS565546.1	DS565546.1	NT_173728.1
cavPor3:scaffold_2692	scaffold_2692		DS565547.1	DS565547.1	NT_173727.1
cavPor3:scaffold_2693	scaffold_2693		DS565548.1	DS565548.1	NT_173726.1
cavPor3:scaffold_2694	scaffold_2694		DS565549.1	DS565549.1	NT_173725.1
cavPor3:scaffold_2695	scaffold_2695		DS565550.1	DS565550.1	NT_173724.1
cavPor3:scaffold_2696	scaffold_2696		DS565551.1	DS565551.1	NT_173723.1
cavPor3:scaffold_2697	scaffold_2697		DS565552.1	DS565552.1	NT_173722.1
cavPor3:scaffold_2698	scaffold_2698		DS565553.1	DS565553.1	NT_173721.1
cavPor3:scaffold_2699	scaffold_2699		DS565554.1	DS565554.1	NT_173720.1
cavPor3:scaffold_27	scaffold_27		DS562882.1	DS562882.1	NT_176392.1
cavPor3:scaffold_270	scaffold_270		DS563125.1	DS563125.1	NT_176149.1
cavPor3:scaffold_2700	scaffold_2700		DS565555.1	DS565555.1	NT_173719.1
cavPor3:scaffold_2701	scaffold_2701		DS565556.1	DS565556.1	NT_173718.1
cavPor3:scaffold_2702	scaffold_2702		DS565557.1	DS565557.1	NT_173717.1
cavPor3:scaffold_2703	scaffold_2703		DS565558.1	DS565558.1	NT_173716.1
cavPor3:scaffold_2704	scaffold_2704		DS565559.1	DS565559.1	NT_173715.1
cavPor3:scaffold_2705	scaffold_2705		DS565560.1	DS565560.1	NT_173714.1
cavPor3:scaffold_2706	scaffold_2706		DS565561.1	DS565561.1	NT_173713.1
cavPor3:scaffold_2707	scaffold_2707		DS565562.1	DS565562.1	NT_173712.1
cavPor3:scaffold_2708	scaffold_2708		DS565563.1	DS565563.1	NT_173711.1
cavPor3:scaffold_2709	scaffold_2709		DS565564.1	DS565564.1	NT_173710.1
cavPor3:scaffold_271	scaffold_271		DS563126.1	DS563126.1	NT_176148.1
cavPor3:scaffold_2710	scaffold_2710		DS565565.1	DS565565.1	NT_173709.1
cavPor3:scaffold_2711	scaffold_2711		DS565566.1	DS565566.1	NT_173708.1
cavPor3:scaffold_2712	scaffold_2712		DS565567.1	DS565567.1	NT_173707.1
cavPor3:scaffold_2713	scaffold_2713		DS565568.1	DS565568.1	NT_173706.1
cavPor3:scaffold_2714	scaffold_2714		DS565569.1	DS565569.1	NT_173705.1
cavPor3:scaffold_2715	scaffold_2715		DS565570.1	DS565570.1	NT_173704.1
cavPor3:scaffold_2716	scaffold_2716		DS565571.1	DS565571.1	NT_173703.1
cavPor3:scaffold_2717	scaffold_2717		DS565572.1	DS565572.1	NT_173702.1
cavPor3:scaffold_2718	scaffold_2718		DS565573.1	DS565573.1	NT_173701.1
cavPor3:scaffold_2719	scaffold_2719		DS565574.1	DS565574.1	NT_173700.1
cavPor3:scaffold_272	scaffold_272		DS563127.1	DS563127.1	NT_176147.1
cavPor3:scaffold_2720	scaffold_2720		DS565575.1	DS565575.1	NT_173699.1
cavPor3:scaffold_2721	scaffold_2721		DS565576.1	DS565576.1	NT_173698.1
cavPor3:scaffold_2722	scaffold_2722		DS565577.1	DS565577.1	NT_173697.1
cavPor3:scaffold_2723	scaffold_2723		DS565578.1	DS565578.1	NT_173696.1
cavPor3:scaffold_2724	scaffold_2724		DS565579.1	DS565579.1	NT_173695.1
cavPor3:scaffold_2725	scaffold_2725		DS565580.1	DS565580.1	NT_173694.1
cavPor3:scaffold_2726	scaffold_2726		DS565581.1	DS565581.1	NT_173693.1
cavPor3:scaffold_2727	scaffold_2727		DS565582.1	DS565582.1	NT_173692.1
cavPor3:scaffold_2728	scaffold_2728		DS565583.1	DS565583.1	NT_173691.1
cavPor3:scaffold_2729	scaffold_2729		DS565584.1	DS565584.1	NT_173690.1
cavPor3:scaffold_273	scaffold_273		DS563128.1	DS563128.1	NT_176146.1
cavPor3:scaffold_2730	scaffold_2730		DS565585.1	DS565585.1	NT_173689.1
cavPor3:scaffold_2731	scaffold_2731		DS565586.1	DS565586.1	NT_173688.1
cavPor3:scaffold_2732	scaffold_2732		DS565587.1	DS565587.1	NT_173687.1
cavPor3:scaffold_2733	scaffold_2733		DS565588.1	DS565588.1	NT_173686.1
cavPor3:scaffold_2734	scaffold_2734		DS565589.1	DS565589.1	NT_173685.1
cavPor3:scaffold_2735	scaffold_2735		DS565590.1	DS565590.1	NT_173684.1
cavPor3:scaffold_2736	scaffold_2736		DS565591.1	DS565591.1	NT_173683.1
cavPor3:scaffold_2737	scaffold_2737		DS565592.1	DS565592.1	NT_173682.1
cavPor3:scaffold_2738	scaffold_2738		DS565593.1	DS565593.1	NT_173681.1
cavPor3:scaffold_2739	scaffold_2739		DS565594.1	DS565594.1	NT_173680.1
cavPor3:scaffold_274	scaffold_274		DS563129.1	DS563129.1	NT_176145.1
cavPor3:scaffold_2740	scaffold_2740		DS565595.1	DS565595.1	NT_173679.1
cavPor3:scaffold_2741	scaffold_2741		DS565596.1	DS565596.1	NT_173678.1
cavPor3:scaffold_2742	scaffold_2742		DS565597.1	DS565597.1	NT_173677.1
cavPor3:scaffold_2743	scaffold_2743		DS565598.1	DS565598.1	NT_173676.1
cavPor3:scaffold_2744	scaffold_2744		DS565599.1	DS565599.1	NT_173675.1
cavPor3:scaffold_2745	scaffold_2745		DS565600.1	DS565600.1	NT_173674.1
cavPor3:scaffold_2746	scaffold_2746		DS565601.1	DS565601.1	NT_173673.1
cavPor3:scaffold_2747	scaffold_2747		DS565602.1	DS565602.1	NT_173672.1
cavPor3:scaffold_2748	scaffold_2748		DS565603.1	DS565603.1	NT_173671.1
cavPor3:scaffold_2749	scaffold_2749		DS565604.1	DS565604.1	NT_173670.1
cavPor3:scaffold_275	scaffold_275		DS563130.1	DS563130.1	NT_176144.1
cavPor3:scaffold_2750	scaffold_2750		DS565605.1	DS565605.1	NT_173669.1
cavPor3:scaffold_2751	scaffold_2751		DS565606.1	DS565606.1	NT_173668.1
cavPor3:scaffold_2752	scaffold_2752		DS565607.1	DS565607.1	NT_173667.1
cavPor3:scaffold_2753	scaffold_2753		DS565608.1	DS565608.1	NT_173666.1
cavPor3:scaffold_2754	scaffold_2754		DS565609.1	DS565609.1	NT_173665.1
cavPor3:scaffold_2755	scaffold_2755		DS565610.1	DS565610.1	NT_173664.1
cavPor3:scaffold_2756	scaffold_2756		DS565611.1	DS565611.1	NT_173663.1
cavPor3:scaffold_2757	scaffold_2757		DS565612.1	DS565612.1	NT_173662.1
cavPor3:scaffold_2758	scaffold_2758		DS565613.1	DS565613.1	NT_173661.1
cavPor3:scaffold_2759	scaffold_2759		DS565614.1	DS565614.1	NT_173660.1
cavPor3:scaffold_276	scaffold_276		DS563131.1	DS563131.1	NT_176143.1
cavPor3:scaffold_2760	scaffold_2760		DS565615.1	DS565615.1	NT_173659.1
cavPor3:scaffold_2761	scaffold_2761		DS565616.1	DS565616.1	NT_173658.1
cavPor3:scaffold_2762	scaffold_2762		DS565617.1	DS565617.1	NT_173657.1
cavPor3:scaffold_2763	scaffold_2763		DS565618.1	DS565618.1	NT_173656.1
cavPor3:scaffold_2764	scaffold_2764		DS565619.1	DS565619.1	NT_173655.1
cavPor3:scaffold_2765	scaffold_2765		DS565620.1	DS565620.1	NT_173654.1
cavPor3:scaffold_2766	scaffold_2766		DS565621.1	DS565621.1	NT_173653.1
cavPor3:scaffold_2767	scaffold_2767		DS565622.1	DS565622.1	NT_173652.1
cavPor3:scaffold_2768	scaffold_2768		DS565623.1	DS565623.1	NT_173651.1
cavPor3:scaffold_2769	scaffold_2769		DS565624.1	DS565624.1	NT_173650.1
cavPor3:scaffold_277	scaffold_277		DS563132.1	DS563132.1	NT_176142.1
cavPor3:scaffold_2770	scaffold_2770		DS565625.1	DS565625.1	NT_173649.1
cavPor3:scaffold_2771	scaffold_2771		DS565626.1	DS565626.1	NT_173648.1
cavPor3:scaffold_2772	scaffold_2772		DS565627.1	DS565627.1	NT_173647.1
cavPor3:scaffold_2773	scaffold_2773		DS565628.1	DS565628.1	NT_173646.1
cavPor3:scaffold_2774	scaffold_2774		DS565629.1	DS565629.1	NT_173645.1
cavPor3:scaffold_2775	scaffold_2775		DS565630.1	DS565630.1	NT_173644.1
cavPor3:scaffold_2776	scaffold_2776		DS565631.1	DS565631.1	NT_173643.1
cavPor3:scaffold_2777	scaffold_2777		DS565632.1	DS565632.1	NT_173642.1
cavPor3:scaffold_2778	scaffold_2778		DS565633.1	DS565633.1	NT_173641.1
cavPor3:scaffold_2779	scaffold_2779		DS565634.1	DS565634.1	NT_173640.1
cavPor3:scaffold_278	scaffold_278		DS563133.1	DS563133.1	NT_176141.1
cavPor3:scaffold_2780	scaffold_2780		DS565635.1	DS565635.1	NT_173639.1
cavPor3:scaffold_2781	scaffold_2781		DS565636.1	DS565636.1	NT_173638.1
cavPor3:scaffold_2782	scaffold_2782		DS565637.1	DS565637.1	NT_173637.1
cavPor3:scaffold_2783	scaffold_2783		DS565638.1	DS565638.1	NT_173636.1
cavPor3:scaffold_2784	scaffold_2784		DS565639.1	DS565639.1	NT_173635.1
cavPor3:scaffold_2785	scaffold_2785		DS565640.1	DS565640.1	NT_173634.1
cavPor3:scaffold_2786	scaffold_2786		DS565641.1	DS565641.1	NT_173633.1
cavPor3:scaffold_2787	scaffold_2787		DS565642.1	DS565642.1	NT_173632.1
cavPor3:scaffold_2788	scaffold_2788		DS565643.1	DS565643.1	NT_173631.1
cavPor3:scaffold_2789	scaffold_2789		DS565644.1	DS565644.1	NT_173630.1
cavPor3:scaffold_279	scaffold_279		DS563134.1	DS563134.1	NT_176140.1
cavPor3:scaffold_2790	scaffold_2790		DS565645.1	DS565645.1	NT_173629.1
cavPor3:scaffold_2791	scaffold_2791		DS565646.1	DS565646.1	NT_173628.1
cavPor3:scaffold_2792	scaffold_2792		DS565647.1	DS565647.1	NT_173627.1
cavPor3:scaffold_2793	scaffold_2793		DS565648.1	DS565648.1	NT_173626.1
cavPor3:scaffold_2794	scaffold_2794		DS565649.1	DS565649.1	NT_173625.1
cavPor3:scaffold_2795	scaffold_2795		DS565650.1	DS565650.1	NT_173624.1
cavPor3:scaffold_2796	scaffold_2796		DS565651.1	DS565651.1	NT_173623.1
cavPor3:scaffold_2797	scaffold_2797		DS565652.1	DS565652.1	NT_173622.1
cavPor3:scaffold_2798	scaffold_2798		DS565653.1	DS565653.1	NT_173621.1
cavPor3:scaffold_2799	scaffold_2799		DS565654.1	DS565654.1	NT_173620.1
cavPor3:scaffold_28	scaffold_28		DS562883.1	DS562883.1	NT_176391.1
cavPor3:scaffold_280	scaffold_280		DS563135.1	DS563135.1	NT_176139.1
cavPor3:scaffold_2800	scaffold_2800		DS565655.1	DS565655.1	NT_173619.1
cavPor3:scaffold_2801	scaffold_2801		DS565656.1	DS565656.1	NT_173618.1
cavPor3:scaffold_2802	scaffold_2802		DS565657.1	DS565657.1	NT_173617.1
cavPor3:scaffold_2803	scaffold_2803		DS565658.1	DS565658.1	NT_173616.1
cavPor3:scaffold_2804	scaffold_2804		DS565659.1	DS565659.1	NT_173615.1
cavPor3:scaffold_2805	scaffold_2805		DS565660.1	DS565660.1	NT_173614.1
cavPor3:scaffold_2806	scaffold_2806		DS565661.1	DS565661.1	NT_173613.1
cavPor3:scaffold_2807	scaffold_2807		DS565662.1	DS565662.1	NT_173612.1
cavPor3:scaffold_2808	scaffold_2808		DS565663.1	DS565663.1	NT_173611.1
cavPor3:scaffold_2809	scaffold_2809		DS565664.1	DS565664.1	NT_173610.1
cavPor3:scaffold_281	scaffold_281		DS563136.1	DS563136.1	NT_176138.1
cavPor3:scaffold_2810	scaffold_2810		DS565665.1	DS565665.1	NT_173609.1
cavPor3:scaffold_2811	scaffold_2811		DS565666.1	DS565666.1	NT_173608.1
cavPor3:scaffold_2812	scaffold_2812		DS565667.1	DS565667.1	NT_173607.1
cavPor3:scaffold_2813	scaffold_2813		DS565668.1	DS565668.1	NT_173606.1
cavPor3:scaffold_2814	scaffold_2814		DS565669.1	DS565669.1	NT_173605.1
cavPor3:scaffold_2815	scaffold_2815		DS565670.1	DS565670.1	NT_173604.1
cavPor3:scaffold_2816	scaffold_2816		DS565671.1	DS565671.1	NT_173603.1
cavPor3:scaffold_2817	scaffold_2817		DS565672.1	DS565672.1	NT_173602.1
cavPor3:scaffold_2818	scaffold_2818		DS565673.1	DS565673.1	NT_173601.1
cavPor3:scaffold_2819	scaffold_2819		DS565674.1	DS565674.1	NT_173600.1
cavPor3:scaffold_282	scaffold_282		DS563137.1	DS563137.1	NT_176137.1
cavPor3:scaffold_2820	scaffold_2820		DS565675.1	DS565675.1	NT_173599.1
cavPor3:scaffold_2821	scaffold_2821		DS565676.1	DS565676.1	NT_173598.1
cavPor3:scaffold_2822	scaffold_2822		DS565677.1	DS565677.1	NT_173597.1
cavPor3:scaffold_2823	scaffold_2823		DS565678.1	DS565678.1	NT_173596.1
cavPor3:scaffold_2824	scaffold_2824		DS565679.1	DS565679.1	NT_173595.1
cavPor3:scaffold_2825	scaffold_2825		DS565680.1	DS565680.1	NT_173594.1
cavPor3:scaffold_2826	scaffold_2826		DS565681.1	DS565681.1	NT_173593.1
cavPor3:scaffold_2827	scaffold_2827		DS565682.1	DS565682.1	NT_173592.1
cavPor3:scaffold_2828	scaffold_2828		DS565683.1	DS565683.1	NT_173591.1
cavPor3:scaffold_2829	scaffold_2829		DS565684.1	DS565684.1	NT_173590.1
cavPor3:scaffold_283	scaffold_283		DS563138.1	DS563138.1	NT_176136.1
cavPor3:scaffold_2830	scaffold_2830		DS565685.1	DS565685.1	NT_173589.1
cavPor3:scaffold_2831	scaffold_2831		DS565686.1	DS565686.1	NT_173588.1
cavPor3:scaffold_2832	scaffold_2832		DS565687.1	DS565687.1	NT_173587.1
cavPor3:scaffold_2833	scaffold_2833		DS565688.1	DS565688.1	NT_173586.1
cavPor3:scaffold_2834	scaffold_2834		DS565689.1	DS565689.1	NT_173585.1
cavPor3:scaffold_2835	scaffold_2835		DS565690.1	DS565690.1	NT_173584.1
cavPor3:scaffold_2836	scaffold_2836		DS565691.1	DS565691.1	NT_173583.1
cavPor3:scaffold_2837	scaffold_2837		DS565692.1	DS565692.1	NT_173582.1
cavPor3:scaffold_2838	scaffold_2838		DS565693.1	DS565693.1	NT_173581.1
cavPor3:scaffold_2839	scaffold_2839		DS565694.1	DS565694.1	NT_173580.1
cavPor3:scaffold_284	scaffold_284		DS563139.1	DS563139.1	NT_176135.1
cavPor3:scaffold_2840	scaffold_2840		DS565695.1	DS565695.1	NT_173579.1
cavPor3:scaffold_2841	scaffold_2841		DS565696.1	DS565696.1	NT_173578.1
cavPor3:scaffold_2842	scaffold_2842		DS565697.1	DS565697.1	NT_173577.1
cavPor3:scaffold_2843	scaffold_2843		DS565698.1	DS565698.1	NT_173576.1
cavPor3:scaffold_2844	scaffold_2844		DS565699.1	DS565699.1	NT_173575.1
cavPor3:scaffold_2845	scaffold_2845		DS565700.1	DS565700.1	NT_173574.1
cavPor3:scaffold_2846	scaffold_2846		DS565701.1	DS565701.1	NT_173573.1
cavPor3:scaffold_2847	scaffold_2847		DS565702.1	DS565702.1	NT_173572.1
cavPor3:scaffold_2848	scaffold_2848		DS565703.1	DS565703.1	NT_173571.1
cavPor3:scaffold_2849	scaffold_2849		DS565704.1	DS565704.1	NT_173570.1
cavPor3:scaffold_285	scaffold_285		DS563140.1	DS563140.1	NT_176134.1
cavPor3:scaffold_2850	scaffold_2850		DS565705.1	DS565705.1	NT_173569.1
cavPor3:scaffold_2851	scaffold_2851		DS565706.1	DS565706.1	NT_173568.1
cavPor3:scaffold_2852	scaffold_2852		DS565707.1	DS565707.1	NT_173567.1
cavPor3:scaffold_2853	scaffold_2853		DS565708.1	DS565708.1	NT_173566.1
cavPor3:scaffold_2854	scaffold_2854		DS565709.1	DS565709.1	NT_173565.1
cavPor3:scaffold_2855	scaffold_2855		DS565710.1	DS565710.1	NT_173564.1
cavPor3:scaffold_2856	scaffold_2856		DS565711.1	DS565711.1	NT_173563.1
cavPor3:scaffold_2857	scaffold_2857		DS565712.1	DS565712.1	NT_173562.1
cavPor3:scaffold_2858	scaffold_2858		DS565713.1	DS565713.1	NT_173561.1
cavPor3:scaffold_2859	scaffold_2859		DS565714.1	DS565714.1	NT_173560.1
cavPor3:scaffold_286	scaffold_286		DS563141.1	DS563141.1	NT_176133.1
cavPor3:scaffold_2860	scaffold_2860		DS565715.1	DS565715.1	NT_173559.1
cavPor3:scaffold_2861	scaffold_2861		DS565716.1	DS565716.1	NT_173558.1
cavPor3:scaffold_2862	scaffold_2862		DS565717.1	DS565717.1	NT_173557.1
cavPor3:scaffold_2863	scaffold_2863		DS565718.1	DS565718.1	NT_173556.1
cavPor3:scaffold_2864	scaffold_2864		DS565719.1	DS565719.1	NT_173555.1
cavPor3:scaffold_2865	scaffold_2865		DS565720.1	DS565720.1	NT_173554.1
cavPor3:scaffold_2866	scaffold_2866		DS565721.1	DS565721.1	NT_173553.1
cavPor3:scaffold_2867	scaffold_2867		DS565722.1	DS565722.1	NT_173552.1
cavPor3:scaffold_2868	scaffold_2868		DS565723.1	DS565723.1	NT_173551.1
cavPor3:scaffold_2869	scaffold_2869		DS565724.1	DS565724.1	NT_173550.1
cavPor3:scaffold_287	scaffold_287		DS563142.1	DS563142.1	NT_176132.1
cavPor3:scaffold_2870	scaffold_2870		DS565725.1	DS565725.1	NT_173549.1
cavPor3:scaffold_2871	scaffold_2871		DS565726.1	DS565726.1	NT_173548.1
cavPor3:scaffold_2872	scaffold_2872		DS565727.1	DS565727.1	NT_173547.1
cavPor3:scaffold_2873	scaffold_2873		DS565728.1	DS565728.1	NT_173546.1
cavPor3:scaffold_2874	scaffold_2874		DS565729.1	DS565729.1	NT_173545.1
cavPor3:scaffold_2875	scaffold_2875		DS565730.1	DS565730.1	NT_173544.1
cavPor3:scaffold_2876	scaffold_2876		DS565731.1	DS565731.1	NT_173543.1
cavPor3:scaffold_2877	scaffold_2877		DS565732.1	DS565732.1	NT_173542.1
cavPor3:scaffold_2878	scaffold_2878		DS565733.1	DS565733.1	NT_173541.1
cavPor3:scaffold_2879	scaffold_2879		DS565734.1	DS565734.1	NT_173540.1
cavPor3:scaffold_288	scaffold_288		DS563143.1	DS563143.1	NT_176131.1
cavPor3:scaffold_2880	scaffold_2880		DS565735.1	DS565735.1	NT_173539.1
cavPor3:scaffold_2881	scaffold_2881		DS565736.1	DS565736.1	NT_173538.1
cavPor3:scaffold_2882	scaffold_2882		DS565737.1	DS565737.1	NT_173537.1
cavPor3:scaffold_2883	scaffold_2883		DS565738.1	DS565738.1	NT_173536.1
cavPor3:scaffold_2884	scaffold_2884		DS565739.1	DS565739.1	NT_173535.1
cavPor3:scaffold_2885	scaffold_2885		DS565740.1	DS565740.1	NT_173534.1
cavPor3:scaffold_2886	scaffold_2886		DS565741.1	DS565741.1	NT_173533.1
cavPor3:scaffold_2887	scaffold_2887		DS565742.1	DS565742.1	NT_173532.1
cavPor3:scaffold_2888	scaffold_2888		DS565743.1	DS565743.1	NT_173531.1
cavPor3:scaffold_2889	scaffold_2889		DS565744.1	DS565744.1	NT_173530.1
cavPor3:scaffold_289	scaffold_289		DS563144.1	DS563144.1	NT_176130.1
cavPor3:scaffold_2890	scaffold_2890		DS565745.1	DS565745.1	NT_173529.1
cavPor3:scaffold_2891	scaffold_2891		DS565746.1	DS565746.1	NT_173528.1
cavPor3:scaffold_2892	scaffold_2892		DS565747.1	DS565747.1	NT_173527.1
cavPor3:scaffold_2893	scaffold_2893		DS565748.1	DS565748.1	NT_173526.1
cavPor3:scaffold_2894	scaffold_2894		DS565749.1	DS565749.1	NT_173525.1
cavPor3:scaffold_2895	scaffold_2895		DS565750.1	DS565750.1	NT_173524.1
cavPor3:scaffold_2896	scaffold_2896		DS565751.1	DS565751.1	NT_173523.1
cavPor3:scaffold_2897	scaffold_2897		DS565752.1	DS565752.1	NT_173522.1
cavPor3:scaffold_2898	scaffold_2898		DS565753.1	DS565753.1	NT_173521.1
cavPor3:scaffold_2899	scaffold_2899		DS565754.1	DS565754.1	NT_173520.1
cavPor3:scaffold_29	scaffold_29		DS562884.1	DS562884.1	NT_176390.1
cavPor3:scaffold_290	scaffold_290		DS563145.1	DS563145.1	NT_176129.1
cavPor3:scaffold_2900	scaffold_2900		DS565755.1	DS565755.1	NT_173519.1
cavPor3:scaffold_2901	scaffold_2901		DS565756.1	DS565756.1	NT_173518.1
cavPor3:scaffold_2902	scaffold_2902		DS565757.1	DS565757.1	NT_173517.1
cavPor3:scaffold_2903	scaffold_2903		DS565758.1	DS565758.1	NT_173516.1
cavPor3:scaffold_2904	scaffold_2904		DS565759.1	DS565759.1	NT_173515.1
cavPor3:scaffold_2905	scaffold_2905		DS565760.1	DS565760.1	NT_173514.1
cavPor3:scaffold_2906	scaffold_2906		DS565761.1	DS565761.1	NT_173513.1
cavPor3:scaffold_2907	scaffold_2907		DS565762.1	DS565762.1	NT_173512.1
cavPor3:scaffold_2908	scaffold_2908		DS565763.1	DS565763.1	NT_173511.1
cavPor3:scaffold_2909	scaffold_2909		DS565764.1	DS565764.1	NT_173510.1
cavPor3:scaffold_291	scaffold_291		DS563146.1	DS563146.1	NT_176128.1
cavPor3:scaffold_2910	scaffold_2910		DS565765.1	DS565765.1	NT_173509.1
cavPor3:scaffold_2911	scaffold_2911		DS565766.1	DS565766.1	NT_173508.1
cavPor3:scaffold_2912	scaffold_2912		DS565767.1	DS565767.1	NT_173507.1
cavPor3:scaffold_2913	scaffold_2913		DS565768.1	DS565768.1	NT_173506.1
cavPor3:scaffold_2914	scaffold_2914		DS565769.1	DS565769.1	NT_173505.1
cavPor3:scaffold_2915	scaffold_2915		DS565770.1	DS565770.1	NT_173504.1
cavPor3:scaffold_2916	scaffold_2916		DS565771.1	DS565771.1	NT_173503.1
cavPor3:scaffold_2917	scaffold_2917		DS565772.1	DS565772.1	NT_173502.1
cavPor3:scaffold_2918	scaffold_2918		DS565773.1	DS565773.1	NT_173501.1
cavPor3:scaffold_2919	scaffold_2919		DS565774.1	DS565774.1	NT_173500.1
cavPor3:scaffold_292	scaffold_292		DS563147.1	DS563147.1	NT_176127.1
cavPor3:scaffold_2920	scaffold_2920		DS565775.1	DS565775.1	NT_173499.1
cavPor3:scaffold_2921	scaffold_2921		DS565776.1	DS565776.1	NT_173498.1
cavPor3:scaffold_2922	scaffold_2922		DS565777.1	DS565777.1	NT_173497.1
cavPor3:scaffold_2923	scaffold_2923		DS565778.1	DS565778.1	NT_173496.1
cavPor3:scaffold_2924	scaffold_2924		DS565779.1	DS565779.1	NT_173495.1
cavPor3:scaffold_2925	scaffold_2925		DS565780.1	DS565780.1	NT_173494.1
cavPor3:scaffold_2926	scaffold_2926		DS565781.1	DS565781.1	NT_173493.1
cavPor3:scaffold_2927	scaffold_2927		DS565782.1	DS565782.1	NT_173492.1
cavPor3:scaffold_2928	scaffold_2928		DS565783.1	DS565783.1	NT_173491.1
cavPor3:scaffold_2929	scaffold_2929		DS565784.1	DS565784.1	NT_173490.1
cavPor3:scaffold_293	scaffold_293		DS563148.1	DS563148.1	NT_176126.1
cavPor3:scaffold_2930	scaffold_2930		DS565785.1	DS565785.1	NT_173489.1
cavPor3:scaffold_2931	scaffold_2931		DS565786.1	DS565786.1	NT_173488.1
cavPor3:scaffold_2932	scaffold_2932		DS565787.1	DS565787.1	NT_173487.1
cavPor3:scaffold_2933	scaffold_2933		DS565788.1	DS565788.1	NT_173486.1
cavPor3:scaffold_2934	scaffold_2934		DS565789.1	DS565789.1	NT_173485.1
cavPor3:scaffold_2935	scaffold_2935		DS565790.1	DS565790.1	NT_173484.1
cavPor3:scaffold_2936	scaffold_2936		DS565791.1	DS565791.1	NT_173483.1
cavPor3:scaffold_2937	scaffold_2937		DS565792.1	DS565792.1	NT_173482.1
cavPor3:scaffold_2938	scaffold_2938		DS565793.1	DS565793.1	NT_173481.1
cavPor3:scaffold_2939	scaffold_2939		DS565794.1	DS565794.1	NT_173480.1
cavPor3:scaffold_294	scaffold_294		DS563149.1	DS563149.1	NT_176125.1
cavPor3:scaffold_2940	scaffold_2940		DS565795.1	DS565795.1	NT_173479.1
cavPor3:scaffold_2941	scaffold_2941		DS565796.1	DS565796.1	NT_173478.1
cavPor3:scaffold_2942	scaffold_2942		DS565797.1	DS565797.1	NT_173477.1
cavPor3:scaffold_2943	scaffold_2943		DS565798.1	DS565798.1	NT_173476.1
cavPor3:scaffold_2944	scaffold_2944		DS565799.1	DS565799.1	NT_173475.1
cavPor3:scaffold_2945	scaffold_2945		DS565800.1	DS565800.1	NT_173474.1
cavPor3:scaffold_2946	scaffold_2946		DS565801.1	DS565801.1	NT_173473.1
cavPor3:scaffold_2947	scaffold_2947		DS565802.1	DS565802.1	NT_173472.1
cavPor3:scaffold_2948	scaffold_2948		DS565803.1	DS565803.1	NT_173471.1
cavPor3:scaffold_2949	scaffold_2949		DS565804.1	DS565804.1	NT_173470.1
cavPor3:scaffold_295	scaffold_295		DS563150.1	DS563150.1	NT_176124.1
cavPor3:scaffold_2950	scaffold_2950		DS565805.1	DS565805.1	NT_173469.1
cavPor3:scaffold_2951	scaffold_2951		DS565806.1	DS565806.1	NT_173468.1
cavPor3:scaffold_2952	scaffold_2952		DS565807.1	DS565807.1	NT_173467.1
cavPor3:scaffold_2953	scaffold_2953		DS565808.1	DS565808.1	NT_173466.1
cavPor3:scaffold_2954	scaffold_2954		DS565809.1	DS565809.1	NT_173465.1
cavPor3:scaffold_2955	scaffold_2955		DS565810.1	DS565810.1	NT_173464.1
cavPor3:scaffold_2956	scaffold_2956		DS565811.1	DS565811.1	NT_173463.1
cavPor3:scaffold_2957	scaffold_2957		DS565812.1	DS565812.1	NT_173462.1
cavPor3:scaffold_2958	scaffold_2958		DS565813.1	DS565813.1	NT_173461.1
cavPor3:scaffold_2959	scaffold_2959		DS565814.1	DS565814.1	NT_173460.1
cavPor3:scaffold_296	scaffold_296		DS563151.1	DS563151.1	NT_176123.1
cavPor3:scaffold_2960	scaffold_2960		DS565815.1	DS565815.1	NT_173459.1
cavPor3:scaffold_2961	scaffold_2961		DS565816.1	DS565816.1	NT_173458.1
cavPor3:scaffold_2962	scaffold_2962		DS565817.1	DS565817.1	NT_173457.1
cavPor3:scaffold_2963	scaffold_2963		DS565818.1	DS565818.1	NT_173456.1
cavPor3:scaffold_2964	scaffold_2964		DS565819.1	DS565819.1	NT_173455.1
cavPor3:scaffold_2965	scaffold_2965		DS565820.1	DS565820.1	NT_173454.1
cavPor3:scaffold_2966	scaffold_2966		DS565821.1	DS565821.1	NT_173453.1
cavPor3:scaffold_2967	scaffold_2967		DS565822.1	DS565822.1	NT_173452.1
cavPor3:scaffold_2968	scaffold_2968		DS565823.1	DS565823.1	NT_173451.1
cavPor3:scaffold_2969	scaffold_2969		DS565824.1	DS565824.1	NT_173450.1
cavPor3:scaffold_297	scaffold_297		DS563152.1	DS563152.1	NT_176122.1
cavPor3:scaffold_2970	scaffold_2970		DS565825.1	DS565825.1	NT_173449.1
cavPor3:scaffold_2971	scaffold_2971		DS565826.1	DS565826.1	NT_173448.1
cavPor3:scaffold_2972	scaffold_2972		DS565827.1	DS565827.1	NT_173447.1
cavPor3:scaffold_2973	scaffold_2973		DS565828.1	DS565828.1	NT_173446.1
cavPor3:scaffold_2974	scaffold_2974		DS565829.1	DS565829.1	NT_173445.1
cavPor3:scaffold_2975	scaffold_2975		DS565830.1	DS565830.1	NT_173444.1
cavPor3:scaffold_2976	scaffold_2976		DS565831.1	DS565831.1	NT_173443.1
cavPor3:scaffold_2977	scaffold_2977		DS565832.1	DS565832.1	NT_173442.1
cavPor3:scaffold_2978	scaffold_2978		DS565833.1	DS565833.1	NT_173441.1
cavPor3:scaffold_2979	scaffold_2979		DS565834.1	DS565834.1	NT_173440.1
cavPor3:scaffold_298	scaffold_298		DS563153.1	DS563153.1	NT_176121.1
cavPor3:scaffold_2980	scaffold_2980		DS565835.1	DS565835.1	NT_173439.1
cavPor3:scaffold_2981	scaffold_2981		DS565836.1	DS565836.1	NT_173438.1
cavPor3:scaffold_2982	scaffold_2982		DS565837.1	DS565837.1	NT_173437.1
cavPor3:scaffold_2983	scaffold_2983		DS565838.1	DS565838.1	NT_173436.1
cavPor3:scaffold_2984	scaffold_2984		DS565839.1	DS565839.1	NT_173435.1
cavPor3:scaffold_2985	scaffold_2985		DS565840.1	DS565840.1	NT_173434.1
cavPor3:scaffold_2986	scaffold_2986		DS565841.1	DS565841.1	NT_173433.1
cavPor3:scaffold_2987	scaffold_2987		DS565842.1	DS565842.1	NT_173432.1
cavPor3:scaffold_2988	scaffold_2988		DS565843.1	DS565843.1	NT_173431.1
cavPor3:scaffold_2989	scaffold_2989		DS565844.1	DS565844.1	NT_173430.1
cavPor3:scaffold_299	scaffold_299		DS563154.1	DS563154.1	NT_176120.1
cavPor3:scaffold_2990	scaffold_2990		DS565845.1	DS565845.1	NT_173429.1
cavPor3:scaffold_2991	scaffold_2991		DS565846.1	DS565846.1	NT_173428.1
cavPor3:scaffold_2992	scaffold_2992		DS565847.1	DS565847.1	NT_173427.1
cavPor3:scaffold_2993	scaffold_2993		DS565848.1	DS565848.1	NT_173426.1
cavPor3:scaffold_2994	scaffold_2994		DS565849.1	DS565849.1	NT_173425.1
cavPor3:scaffold_2995	scaffold_2995		DS565850.1	DS565850.1	NT_173424.1
cavPor3:scaffold_2996	scaffold_2996		DS565851.1	DS565851.1	NT_173423.1
cavPor3:scaffold_2997	scaffold_2997		DS565852.1	DS565852.1	NT_173422.1
cavPor3:scaffold_2998	scaffold_2998		DS565853.1	DS565853.1	NT_173421.1
cavPor3:scaffold_2999	scaffold_2999		DS565854.1	DS565854.1	NT_173420.1
cavPor3:scaffold_3	scaffold_3		DS562858.1	DS562858.1	NT_176416.1
cavPor3:scaffold_30	scaffold_30		DS562885.1	DS562885.1	NT_176389.1
cavPor3:scaffold_300	scaffold_300		DS563155.1	DS563155.1	NT_176119.1
cavPor3:scaffold_3000	scaffold_3000		DS565855.1	DS565855.1	NT_173419.1
cavPor3:scaffold_3001	scaffold_3001		DS565856.1	DS565856.1	NT_173418.1
cavPor3:scaffold_3002	scaffold_3002		DS565857.1	DS565857.1	NT_173417.1
cavPor3:scaffold_3003	scaffold_3003		DS565858.1	DS565858.1	NT_173416.1
cavPor3:scaffold_3004	scaffold_3004		DS565859.1	DS565859.1	NT_173415.1
cavPor3:scaffold_3005	scaffold_3005		DS565860.1	DS565860.1	NT_173414.1
cavPor3:scaffold_3006	scaffold_3006		DS565861.1	DS565861.1	NT_173413.1
cavPor3:scaffold_3007	scaffold_3007		DS565862.1	DS565862.1	NT_173412.1
cavPor3:scaffold_3008	scaffold_3008		DS565863.1	DS565863.1	NT_173411.1
cavPor3:scaffold_3009	scaffold_3009		DS565864.1	DS565864.1	NT_173410.1
cavPor3:scaffold_301	scaffold_301		DS563156.1	DS563156.1	NT_176118.1
cavPor3:scaffold_3010	scaffold_3010		DS565865.1	DS565865.1	NT_173409.1
cavPor3:scaffold_3011	scaffold_3011		DS565866.1	DS565866.1	NT_173408.1
cavPor3:scaffold_3012	scaffold_3012		DS565867.1	DS565867.1	NT_173407.1
cavPor3:scaffold_3013	scaffold_3013		DS565868.1	DS565868.1	NT_173406.1
cavPor3:scaffold_3014	scaffold_3014		DS565869.1	DS565869.1	NT_173405.1
cavPor3:scaffold_3015	scaffold_3015		DS565870.1	DS565870.1	NT_173404.1
cavPor3:scaffold_3016	scaffold_3016		DS565871.1	DS565871.1	NT_173403.1
cavPor3:scaffold_3017	scaffold_3017		DS565872.1	DS565872.1	NT_173402.1
cavPor3:scaffold_3018	scaffold_3018		DS565873.1	DS565873.1	NT_173401.1
cavPor3:scaffold_3019	scaffold_3019		DS565874.1	DS565874.1	NT_173400.1
cavPor3:scaffold_302	scaffold_302		DS563157.1	DS563157.1	NT_176117.1
cavPor3:scaffold_3020	scaffold_3020		DS565875.1	DS565875.1	NT_173399.1
cavPor3:scaffold_3021	scaffold_3021		DS565876.1	DS565876.1	NT_173398.1
cavPor3:scaffold_3022	scaffold_3022		DS565877.1	DS565877.1	NT_173397.1
cavPor3:scaffold_3023	scaffold_3023		DS565878.1	DS565878.1	NT_173396.1
cavPor3:scaffold_3024	scaffold_3024		DS565879.1	DS565879.1	NT_173395.1
cavPor3:scaffold_3025	scaffold_3025		DS565880.1	DS565880.1	NT_173394.1
cavPor3:scaffold_3026	scaffold_3026		DS565881.1	DS565881.1	NT_173393.1
cavPor3:scaffold_3027	scaffold_3027		DS565882.1	DS565882.1	NT_173392.1
cavPor3:scaffold_3028	scaffold_3028		DS565883.1	DS565883.1	NT_173391.1
cavPor3:scaffold_3029	scaffold_3029		DS565884.1	DS565884.1	NT_173390.1
cavPor3:scaffold_303	scaffold_303		DS563158.1	DS563158.1	NT_176116.1
cavPor3:scaffold_3030	scaffold_3030		DS565885.1	DS565885.1	NT_173389.1
cavPor3:scaffold_3031	scaffold_3031		DS565886.1	DS565886.1	NT_173388.1
cavPor3:scaffold_3032	scaffold_3032		DS565887.1	DS565887.1	NT_173387.1
cavPor3:scaffold_3033	scaffold_3033		DS565888.1	DS565888.1	NT_173386.1
cavPor3:scaffold_3034	scaffold_3034		DS565889.1	DS565889.1	NT_173385.1
cavPor3:scaffold_3035	scaffold_3035		DS565890.1	DS565890.1	NT_173384.1
cavPor3:scaffold_3036	scaffold_3036		DS565891.1	DS565891.1	NT_173383.1
cavPor3:scaffold_3037	scaffold_3037		DS565892.1	DS565892.1	NT_173382.1
cavPor3:scaffold_3038	scaffold_3038		DS565893.1	DS565893.1	NT_173381.1
cavPor3:scaffold_3039	scaffold_3039		DS565894.1	DS565894.1	NT_173380.1
cavPor3:scaffold_304	scaffold_304		DS563159.1	DS563159.1	NT_176115.1
cavPor3:scaffold_3040	scaffold_3040		DS565895.1	DS565895.1	NT_173379.1
cavPor3:scaffold_3041	scaffold_3041		DS565896.1	DS565896.1	NT_173378.1
cavPor3:scaffold_3042	scaffold_3042		DS565897.1	DS565897.1	NT_173377.1
cavPor3:scaffold_3043	scaffold_3043		DS565898.1	DS565898.1	NT_173376.1
cavPor3:scaffold_3044	scaffold_3044		DS565899.1	DS565899.1	NT_173375.1
cavPor3:scaffold_3045	scaffold_3045		DS565900.1	DS565900.1	NT_173374.1
cavPor3:scaffold_3046	scaffold_3046		DS565901.1	DS565901.1	NT_173373.1
cavPor3:scaffold_3047	scaffold_3047		DS565902.1	DS565902.1	NT_173372.1
cavPor3:scaffold_3048	scaffold_3048		DS565903.1	DS565903.1	NT_173371.1
cavPor3:scaffold_3049	scaffold_3049		DS565904.1	DS565904.1	NT_173370.1
cavPor3:scaffold_305	scaffold_305		DS563160.1	DS563160.1	NT_176114.1
cavPor3:scaffold_3050	scaffold_3050		DS565905.1	DS565905.1	NT_173369.1
cavPor3:scaffold_3051	scaffold_3051		DS565906.1	DS565906.1	NT_173368.1
cavPor3:scaffold_3052	scaffold_3052		DS565907.1	DS565907.1	NT_173367.1
cavPor3:scaffold_3053	scaffold_3053		DS565908.1	DS565908.1	NT_173366.1
cavPor3:scaffold_3054	scaffold_3054		DS565909.1	DS565909.1	NT_173365.1
cavPor3:scaffold_3055	scaffold_3055		DS565910.1	DS565910.1	NT_173364.1
cavPor3:scaffold_3056	scaffold_3056		DS565911.1	DS565911.1	NT_173363.1
cavPor3:scaffold_3057	scaffold_3057		DS565912.1	DS565912.1	NT_173362.1
cavPor3:scaffold_3058	scaffold_3058		DS565913.1	DS565913.1	NT_173361.1
cavPor3:scaffold_3059	scaffold_3059		DS565914.1	DS565914.1	NT_173360.1
cavPor3:scaffold_306	scaffold_306		DS563161.1	DS563161.1	NT_176113.1
cavPor3:scaffold_3060	scaffold_3060		DS565915.1	DS565915.1	NT_173359.1
cavPor3:scaffold_3061	scaffold_3061		DS565916.1	DS565916.1	NT_173358.1
cavPor3:scaffold_3062	scaffold_3062		DS565917.1	DS565917.1	NT_173357.1
cavPor3:scaffold_3063	scaffold_3063		DS565918.1	DS565918.1	NT_173356.1
cavPor3:scaffold_3064	scaffold_3064		DS565919.1	DS565919.1	NT_173355.1
cavPor3:scaffold_3065	scaffold_3065		DS565920.1	DS565920.1	NT_173354.1
cavPor3:scaffold_3066	scaffold_3066		DS565921.1	DS565921.1	NT_173353.1
cavPor3:scaffold_3067	scaffold_3067		DS565922.1	DS565922.1	NT_173352.1
cavPor3:scaffold_3068	scaffold_3068		DS565923.1	DS565923.1	NT_173351.1
cavPor3:scaffold_3069	scaffold_3069		DS565924.1	DS565924.1	NT_173350.1
cavPor3:scaffold_307	scaffold_307		DS563162.1	DS563162.1	NT_176112.1
cavPor3:scaffold_3070	scaffold_3070		DS565925.1	DS565925.1	NT_173349.1
cavPor3:scaffold_3071	scaffold_3071		DS565926.1	DS565926.1	NT_173348.1
cavPor3:scaffold_3072	scaffold_3072		DS565927.1	DS565927.1	NT_173347.1
cavPor3:scaffold_3073	scaffold_3073		DS565928.1	DS565928.1	NT_173346.1
cavPor3:scaffold_3074	scaffold_3074		DS565929.1	DS565929.1	NT_173345.1
cavPor3:scaffold_3075	scaffold_3075		DS565930.1	DS565930.1	NT_173344.1
cavPor3:scaffold_3076	scaffold_3076		DS565931.1	DS565931.1	NT_173343.1
cavPor3:scaffold_3077	scaffold_3077		DS565932.1	DS565932.1	NT_173342.1
cavPor3:scaffold_3078	scaffold_3078		DS565933.1	DS565933.1	NT_173341.1
cavPor3:scaffold_3079	scaffold_3079		DS565934.1	DS565934.1	NT_173340.1
cavPor3:scaffold_308	scaffold_308		DS563163.1	DS563163.1	NT_176111.1
cavPor3:scaffold_3080	scaffold_3080		DS565935.1	DS565935.1	NT_173339.1
cavPor3:scaffold_3081	scaffold_3081		DS565936.1	DS565936.1	NT_173338.1
cavPor3:scaffold_3082	scaffold_3082		DS565937.1	DS565937.1	NT_173337.1
cavPor3:scaffold_3083	scaffold_3083		DS565938.1	DS565938.1	NT_173336.1
cavPor3:scaffold_3084	scaffold_3084		DS565939.1	DS565939.1	NT_173335.1
cavPor3:scaffold_3085	scaffold_3085		DS565940.1	DS565940.1	NT_173334.1
cavPor3:scaffold_3086	scaffold_3086		DS565941.1	DS565941.1	NT_173333.1
cavPor3:scaffold_3087	scaffold_3087		DS565942.1	DS565942.1	NT_173332.1
cavPor3:scaffold_3088	scaffold_3088		DS565943.1	DS565943.1	NT_173331.1
cavPor3:scaffold_3089	scaffold_3089		DS565944.1	DS565944.1	NT_173330.1
cavPor3:scaffold_309	scaffold_309		DS563164.1	DS563164.1	NT_176110.1
cavPor3:scaffold_3090	scaffold_3090		DS565945.1	DS565945.1	NT_173329.1
cavPor3:scaffold_3091	scaffold_3091		DS565946.1	DS565946.1	NT_173328.1
cavPor3:scaffold_3092	scaffold_3092		DS565947.1	DS565947.1	NT_173327.1
cavPor3:scaffold_3093	scaffold_3093		DS565948.1	DS565948.1	NT_173326.1
cavPor3:scaffold_3094	scaffold_3094		DS565949.1	DS565949.1	NT_173325.1
cavPor3:scaffold_3095	scaffold_3095		DS565950.1	DS565950.1	NT_173324.1
cavPor3:scaffold_3096	scaffold_3096		DS565951.1	DS565951.1	NT_173323.1
cavPor3:scaffold_3097	scaffold_3097		DS565952.1	DS565952.1	NT_173322.1
cavPor3:scaffold_3098	scaffold_3098		DS565953.1	DS565953.1	NT_173321.1
cavPor3:scaffold_3099	scaffold_3099		DS565954.1	DS565954.1	NT_173320.1
cavPor3:scaffold_31	scaffold_31		DS562886.1	DS562886.1	NT_176388.1
cavPor3:scaffold_310	scaffold_310		DS563165.1	DS563165.1	NT_176109.1
cavPor3:scaffold_3100	scaffold_3100		DS565955.1	DS565955.1	NT_173319.1
cavPor3:scaffold_3101	scaffold_3101		DS565956.1	DS565956.1	NT_173318.1
cavPor3:scaffold_3102	scaffold_3102		DS565957.1	DS565957.1	NT_173317.1
cavPor3:scaffold_3103	scaffold_3103		DS565958.1	DS565958.1	NT_173316.1
cavPor3:scaffold_3104	scaffold_3104		DS565959.1	DS565959.1	NT_173315.1
cavPor3:scaffold_3105	scaffold_3105		DS565960.1	DS565960.1	NT_173314.1
cavPor3:scaffold_3106	scaffold_3106		DS565961.1	DS565961.1	NT_173313.1
cavPor3:scaffold_3107	scaffold_3107		DS565962.1	DS565962.1	NT_173312.1
cavPor3:scaffold_3108	scaffold_3108		DS565963.1	DS565963.1	NT_173311.1
cavPor3:scaffold_3109	scaffold_3109		DS565964.1	DS565964.1	NT_173310.1
cavPor3:scaffold_311	scaffold_311		DS563166.1	DS563166.1	NT_176108.1
cavPor3:scaffold_3110	scaffold_3110		DS565965.1	DS565965.1	NT_173309.1
cavPor3:scaffold_3111	scaffold_3111		DS565966.1	DS565966.1	NT_173308.1
cavPor3:scaffold_3112	scaffold_3112		DS565967.1	DS565967.1	NT_173307.1
cavPor3:scaffold_3113	scaffold_3113		DS565968.1	DS565968.1	NT_173306.1
cavPor3:scaffold_3114	scaffold_3114		DS565969.1	DS565969.1	NT_173305.1
cavPor3:scaffold_3115	scaffold_3115		DS565970.1	DS565970.1	NT_173304.1
cavPor3:scaffold_3116	scaffold_3116		DS565971.1	DS565971.1	NT_173303.1
cavPor3:scaffold_3117	scaffold_3117		DS565972.1	DS565972.1	NT_173302.1
cavPor3:scaffold_3118	scaffold_3118		DS565973.1	DS565973.1	NT_173301.1
cavPor3:scaffold_3119	scaffold_3119		DS565974.1	DS565974.1	NT_173300.1
cavPor3:scaffold_312	scaffold_312		DS563167.1	DS563167.1	NT_176107.1
cavPor3:scaffold_3120	scaffold_3120		DS565975.1	DS565975.1	NT_173299.1
cavPor3:scaffold_3121	scaffold_3121		DS565976.1	DS565976.1	NT_173298.1
cavPor3:scaffold_3122	scaffold_3122		DS565977.1	DS565977.1	NT_173297.1
cavPor3:scaffold_3123	scaffold_3123		DS565978.1	DS565978.1	NT_173296.1
cavPor3:scaffold_3124	scaffold_3124		DS565979.1	DS565979.1	NT_173295.1
cavPor3:scaffold_3125	scaffold_3125		DS565980.1	DS565980.1	NT_173294.1
cavPor3:scaffold_3126	scaffold_3126		DS565981.1	DS565981.1	NT_173293.1
cavPor3:scaffold_3127	scaffold_3127		DS565982.1	DS565982.1	NT_173292.1
cavPor3:scaffold_3128	scaffold_3128		DS565983.1	DS565983.1	NT_173291.1
cavPor3:scaffold_3129	scaffold_3129		DS565984.1	DS565984.1	NT_173290.1
cavPor3:scaffold_313	scaffold_313		DS563168.1	DS563168.1	NT_176106.1
cavPor3:scaffold_3130	scaffold_3130		DS565985.1	DS565985.1	NT_173289.1
cavPor3:scaffold_3131	scaffold_3131		DS565986.1	DS565986.1	NT_173288.1
cavPor3:scaffold_3132	scaffold_3132		DS565987.1	DS565987.1	NT_173287.1
cavPor3:scaffold_3133	scaffold_3133		DS565988.1	DS565988.1	NT_173286.1
cavPor3:scaffold_3134	scaffold_3134		DS565989.1	DS565989.1	NT_173285.1
cavPor3:scaffold_3135	scaffold_3135		DS565990.1	DS565990.1	NT_173284.1
cavPor3:scaffold_3136	scaffold_3136		DS565991.1	DS565991.1	NT_173283.1
cavPor3:scaffold_3137	scaffold_3137		DS565992.1	DS565992.1	NT_173282.1
cavPor3:scaffold_3138	scaffold_3138		DS565993.1	DS565993.1	NT_173281.1
cavPor3:scaffold_3139	scaffold_3139		DS565994.1	DS565994.1	NT_173280.1
cavPor3:scaffold_314	scaffold_314		DS563169.1	DS563169.1	NT_176105.1
cavPor3:scaffold_3140	scaffold_3140		DS565995.1	DS565995.1	NT_173279.1
cavPor3:scaffold_3141	scaffold_3141		DS565996.1	DS565996.1	NT_173278.1
cavPor3:scaffold_3142	scaffold_3142		DS565997.1	DS565997.1	NT_173277.1
cavPor3:scaffold_315	scaffold_315		DS563170.1	DS563170.1	NT_176104.1
cavPor3:scaffold_316	scaffold_316		DS563171.1	DS563171.1	NT_176103.1
cavPor3:scaffold_317	scaffold_317		DS563172.1	DS563172.1	NT_176102.1
cavPor3:scaffold_318	scaffold_318		DS563173.1	DS563173.1	NT_176101.1
cavPor3:scaffold_319	scaffold_319		DS563174.1	DS563174.1	NT_176100.1
cavPor3:scaffold_32	scaffold_32		DS562887.1	DS562887.1	NT_176387.1
cavPor3:scaffold_320	scaffold_320		DS563175.1	DS563175.1	NT_176099.1
cavPor3:scaffold_321	scaffold_321		DS563176.1	DS563176.1	NT_176098.1
cavPor3:scaffold_322	scaffold_322		DS563177.1	DS563177.1	NT_176097.1
cavPor3:scaffold_323	scaffold_323		DS563178.1	DS563178.1	NT_176096.1
cavPor3:scaffold_324	scaffold_324		DS563179.1	DS563179.1	NT_176095.1
cavPor3:scaffold_325	scaffold_325		DS563180.1	DS563180.1	NT_176094.1
cavPor3:scaffold_326	scaffold_326		DS563181.1	DS563181.1	NT_176093.1
cavPor3:scaffold_327	scaffold_327		DS563182.1	DS563182.1	NT_176092.1
cavPor3:scaffold_328	scaffold_328		DS563183.1	DS563183.1	NT_176091.1
cavPor3:scaffold_329	scaffold_329		DS563184.1	DS563184.1	NT_176090.1
cavPor3:scaffold_33	scaffold_33		DS562888.1	DS562888.1	NT_176386.1
cavPor3:scaffold_330	scaffold_330		DS563185.1	DS563185.1	NT_176089.1
cavPor3:scaffold_331	scaffold_331		DS563186.1	DS563186.1	NT_176088.1
cavPor3:scaffold_332	scaffold_332		DS563187.1	DS563187.1	NT_176087.1
cavPor3:scaffold_333	scaffold_333		DS563188.1	DS563188.1	NT_176086.1
cavPor3:scaffold_334	scaffold_334		DS563189.1	DS563189.1	NT_176085.1
cavPor3:scaffold_335	scaffold_335		DS563190.1	DS563190.1	NT_176084.1
cavPor3:scaffold_336	scaffold_336		DS563191.1	DS563191.1	NT_176083.1
cavPor3:scaffold_337	scaffold_337		DS563192.1	DS563192.1	NT_176082.1
cavPor3:scaffold_338	scaffold_338		DS563193.1	DS563193.1	NT_176081.1
cavPor3:scaffold_339	scaffold_339		DS563194.1	DS563194.1	NT_176080.1
cavPor3:scaffold_34	scaffold_34		DS562889.1	DS562889.1	NT_176385.1
cavPor3:scaffold_340	scaffold_340		DS563195.1	DS563195.1	NT_176079.1
cavPor3:scaffold_341	scaffold_341		DS563196.1	DS563196.1	NT_176078.1
cavPor3:scaffold_342	scaffold_342		DS563197.1	DS563197.1	NT_176077.1
cavPor3:scaffold_343	scaffold_343		DS563198.1	DS563198.1	NT_176076.1
cavPor3:scaffold_344	scaffold_344		DS563199.1	DS563199.1	NT_176075.1
cavPor3:scaffold_345	scaffold_345		DS563200.1	DS563200.1	NT_176074.1
cavPor3:scaffold_346	scaffold_346		DS563201.1	DS563201.1	NT_176073.1
cavPor3:scaffold_347	scaffold_347		DS563202.1	DS563202.1	NT_176072.1
cavPor3:scaffold_348	scaffold_348		DS563203.1	DS563203.1	NT_176071.1
cavPor3:scaffold_349	scaffold_349		DS563204.1	DS563204.1	NT_176070.1
cavPor3:scaffold_35	scaffold_35		DS562890.1	DS562890.1	NT_176384.1
cavPor3:scaffold_350	scaffold_350		DS563205.1	DS563205.1	NT_176069.1
cavPor3:scaffold_351	scaffold_351		DS563206.1	DS563206.1	NT_176068.1
cavPor3:scaffold_352	scaffold_352		DS563207.1	DS563207.1	NT_176067.1
cavPor3:scaffold_353	scaffold_353		DS563208.1	DS563208.1	NT_176066.1
cavPor3:scaffold_354	scaffold_354		DS563209.1	DS563209.1	NT_176065.1
cavPor3:scaffold_355	scaffold_355		DS563210.1	DS563210.1	NT_176064.1
cavPor3:scaffold_356	scaffold_356		DS563211.1	DS563211.1	NT_176063.1
cavPor3:scaffold_357	scaffold_357		DS563212.1	DS563212.1	NT_176062.1
cavPor3:scaffold_358	scaffold_358		DS563213.1	DS563213.1	NT_176061.1
cavPor3:scaffold_359	scaffold_359		DS563214.1	DS563214.1	NT_176060.1
cavPor3:scaffold_36	scaffold_36		DS562891.1	DS562891.1	NT_176383.1
cavPor3:scaffold_360	scaffold_360		DS563215.1	DS563215.1	NT_176059.1
cavPor3:scaffold_361	scaffold_361		DS563216.1	DS563216.1	NT_176058.1
cavPor3:scaffold_362	scaffold_362		DS563217.1	DS563217.1	NT_176057.1
cavPor3:scaffold_363	scaffold_363		DS563218.1	DS563218.1	NT_176056.1
cavPor3:scaffold_364	scaffold_364		DS563219.1	DS563219.1	NT_176055.1
cavPor3:scaffold_365	scaffold_365		DS563220.1	DS563220.1	NT_176054.1
cavPor3:scaffold_366	scaffold_366		DS563221.1	DS563221.1	NT_176053.1
cavPor3:scaffold_367	scaffold_367		DS563222.1	DS563222.1	NT_176052.1
cavPor3:scaffold_368	scaffold_368		DS563223.1	DS563223.1	NT_176051.1
cavPor3:scaffold_369	scaffold_369		DS563224.1	DS563224.1	NT_176050.1
cavPor3:scaffold_37	scaffold_37		DS562892.1	DS562892.1	NT_176382.1
cavPor3:scaffold_370	scaffold_370		DS563225.1	DS563225.1	NT_176049.1
cavPor3:scaffold_371	scaffold_371		DS563226.1	DS563226.1	NT_176048.1
cavPor3:scaffold_372	scaffold_372		DS563227.1	DS563227.1	NT_176047.1
cavPor3:scaffold_373	scaffold_373		DS563228.1	DS563228.1	NT_176046.1
cavPor3:scaffold_374	scaffold_374		DS563229.1	DS563229.1	NT_176045.1
cavPor3:scaffold_375	scaffold_375		DS563230.1	DS563230.1	NT_176044.1
cavPor3:scaffold_376	scaffold_376		DS563231.1	DS563231.1	NT_176043.1
cavPor3:scaffold_377	scaffold_377		DS563232.1	DS563232.1	NT_176042.1
cavPor3:scaffold_378	scaffold_378		DS563233.1	DS563233.1	NT_176041.1
cavPor3:scaffold_379	scaffold_379		DS563234.1	DS563234.1	NT_176040.1
cavPor3:scaffold_38	scaffold_38		DS562893.1	DS562893.1	NT_176381.1
cavPor3:scaffold_380	scaffold_380		DS563235.1	DS563235.1	NT_176039.1
cavPor3:scaffold_381	scaffold_381		DS563236.1	DS563236.1	NT_176038.1
cavPor3:scaffold_382	scaffold_382		DS563237.1	DS563237.1	NT_176037.1
cavPor3:scaffold_383	scaffold_383		DS563238.1	DS563238.1	NT_176036.1
cavPor3:scaffold_384	scaffold_384		DS563239.1	DS563239.1	NT_176035.1
cavPor3:scaffold_385	scaffold_385		DS563240.1	DS563240.1	NT_176034.1
cavPor3:scaffold_386	scaffold_386		DS563241.1	DS563241.1	NT_176033.1
cavPor3:scaffold_387	scaffold_387		DS563242.1	DS563242.1	NT_176032.1
cavPor3:scaffold_388	scaffold_388		DS563243.1	DS563243.1	NT_176031.1
cavPor3:scaffold_389	scaffold_389		DS563244.1	DS563244.1	NT_176030.1
cavPor3:scaffold_39	scaffold_39		DS562894.1	DS562894.1	NT_176380.1
cavPor3:scaffold_390	scaffold_390		DS563245.1	DS563245.1	NT_176029.1
cavPor3:scaffold_391	scaffold_391		DS563246.1	DS563246.1	NT_176028.1
cavPor3:scaffold_392	scaffold_392		DS563247.1	DS563247.1	NT_176027.1
cavPor3:scaffold_393	scaffold_393		DS563248.1	DS563248.1	NT_176026.1
cavPor3:scaffold_394	scaffold_394		DS563249.1	DS563249.1	NT_176025.1
cavPor3:scaffold_395	scaffold_395		DS563250.1	DS563250.1	NT_176024.1
cavPor3:scaffold_396	scaffold_396		DS563251.1	DS563251.1	NT_176023.1
cavPor3:scaffold_397	scaffold_397		DS563252.1	DS563252.1	NT_176022.1
cavPor3:scaffold_398	scaffold_398		DS563253.1	DS563253.1	NT_176021.1
cavPor3:scaffold_399	scaffold_399		DS563254.1	DS563254.1	NT_176020.1
cavPor3:scaffold_4	scaffold_4		DS562859.1	DS562859.1	NT_176415.1
cavPor3:scaffold_40	scaffold_40		DS562895.1	DS562895.1	NT_176379.1
cavPor3:scaffold_400	scaffold_400		DS563255.1	DS563255.1	NT_176019.1
cavPor3:scaffold_401	scaffold_401		DS563256.1	DS563256.1	NT_176018.1
cavPor3:scaffold_402	scaffold_402		DS563257.1	DS563257.1	NT_176017.1
cavPor3:scaffold_403	scaffold_403		DS563258.1	DS563258.1	NT_176016.1
cavPor3:scaffold_404	scaffold_404		DS563259.1	DS563259.1	NT_176015.1
cavPor3:scaffold_405	scaffold_405		DS563260.1	DS563260.1	NT_176014.1
cavPor3:scaffold_406	scaffold_406		DS563261.1	DS563261.1	NT_176013.1
cavPor3:scaffold_407	scaffold_407		DS563262.1	DS563262.1	NT_176012.1
cavPor3:scaffold_408	scaffold_408		DS563263.1	DS563263.1	NT_176011.1
cavPor3:scaffold_409	scaffold_409		DS563264.1	DS563264.1	NT_176010.1
cavPor3:scaffold_41	scaffold_41		DS562896.1	DS562896.1	NT_176378.1
cavPor3:scaffold_410	scaffold_410		DS563265.1	DS563265.1	NT_176009.1
cavPor3:scaffold_411	scaffold_411		DS563266.1	DS563266.1	NT_176008.1
cavPor3:scaffold_412	scaffold_412		DS563267.1	DS563267.1	NT_176007.1
cavPor3:scaffold_413	scaffold_413		DS563268.1	DS563268.1	NT_176006.1
cavPor3:scaffold_414	scaffold_414		DS563269.1	DS563269.1	NT_176005.1
cavPor3:scaffold_415	scaffold_415		DS563270.1	DS563270.1	NT_176004.1
cavPor3:scaffold_416	scaffold_416		DS563271.1	DS563271.1	NT_176003.1
cavPor3:scaffold_417	scaffold_417		DS563272.1	DS563272.1	NT_176002.1
cavPor3:scaffold_418	scaffold_418		DS563273.1	DS563273.1	NT_176001.1
cavPor3:scaffold_419	scaffold_419		DS563274.1	DS563274.1	NT_176000.1
cavPor3:scaffold_42	scaffold_42		DS562897.1	DS562897.1	NT_176377.1
cavPor3:scaffold_420	scaffold_420		DS563275.1	DS563275.1	NT_175999.1
cavPor3:scaffold_421	scaffold_421		DS563276.1	DS563276.1	NT_175998.1
cavPor3:scaffold_422	scaffold_422		DS563277.1	DS563277.1	NT_175997.1
cavPor3:scaffold_423	scaffold_423		DS563278.1	DS563278.1	NT_175996.1
cavPor3:scaffold_424	scaffold_424		DS563279.1	DS563279.1	NT_175995.1
cavPor3:scaffold_425	scaffold_425		DS563280.1	DS563280.1	NT_175994.1
cavPor3:scaffold_426	scaffold_426		DS563281.1	DS563281.1	NT_175993.1
cavPor3:scaffold_427	scaffold_427		DS563282.1	DS563282.1	NT_175992.1
cavPor3:scaffold_428	scaffold_428		DS563283.1	DS563283.1	NT_175991.1
cavPor3:scaffold_429	scaffold_429		DS563284.1	DS563284.1	NT_175990.1
cavPor3:scaffold_43	scaffold_43		DS562898.1	DS562898.1	NT_176376.1
cavPor3:scaffold_430	scaffold_430		DS563285.1	DS563285.1	NT_175989.1
cavPor3:scaffold_431	scaffold_431		DS563286.1	DS563286.1	NT_175988.1
cavPor3:scaffold_432	scaffold_432		DS563287.1	DS563287.1	NT_175987.1
cavPor3:scaffold_433	scaffold_433		DS563288.1	DS563288.1	NT_175986.1
cavPor3:scaffold_434	scaffold_434		DS563289.1	DS563289.1	NT_175985.1
cavPor3:scaffold_435	scaffold_435		DS563290.1	DS563290.1	NT_175984.1
cavPor3:scaffold_436	scaffold_436		DS563291.1	DS563291.1	NT_175983.1
cavPor3:scaffold_437	scaffold_437		DS563292.1	DS563292.1	NT_175982.1
cavPor3:scaffold_438	scaffold_438		DS563293.1	DS563293.1	NT_175981.1
cavPor3:scaffold_439	scaffold_439		DS563294.1	DS563294.1	NT_175980.1
cavPor3:scaffold_44	scaffold_44		DS562899.1	DS562899.1	NT_176375.1
cavPor3:scaffold_440	scaffold_440		DS563295.1	DS563295.1	NT_175979.1
cavPor3:scaffold_441	scaffold_441		DS563296.1	DS563296.1	NT_175978.1
cavPor3:scaffold_442	scaffold_442		DS563297.1	DS563297.1	NT_175977.1
cavPor3:scaffold_443	scaffold_443		DS563298.1	DS563298.1	NT_175976.1
cavPor3:scaffold_444	scaffold_444		DS563299.1	DS563299.1	NT_175975.1
cavPor3:scaffold_445	scaffold_445		DS563300.1	DS563300.1	NT_175974.1
cavPor3:scaffold_446	scaffold_446		DS563301.1	DS563301.1	NT_175973.1
cavPor3:scaffold_447	scaffold_447		DS563302.1	DS563302.1	NT_175972.1
cavPor3:scaffold_448	scaffold_448		DS563303.1	DS563303.1	NT_175971.1
cavPor3:scaffold_449	scaffold_449		DS563304.1	DS563304.1	NT_175970.1
cavPor3:scaffold_45	scaffold_45		DS562900.1	DS562900.1	NT_176374.1
cavPor3:scaffold_450	scaffold_450		DS563305.1	DS563305.1	NT_175969.1
cavPor3:scaffold_451	scaffold_451		DS563306.1	DS563306.1	NT_175968.1
cavPor3:scaffold_452	scaffold_452		DS563307.1	DS563307.1	NT_175967.1
cavPor3:scaffold_453	scaffold_453		DS563308.1	DS563308.1	NT_175966.1
cavPor3:scaffold_454	scaffold_454		DS563309.1	DS563309.1	NT_175965.1
cavPor3:scaffold_455	scaffold_455		DS563310.1	DS563310.1	NT_175964.1
cavPor3:scaffold_456	scaffold_456		DS563311.1	DS563311.1	NT_175963.1
cavPor3:scaffold_457	scaffold_457		DS563312.1	DS563312.1	NT_175962.1
cavPor3:scaffold_458	scaffold_458		DS563313.1	DS563313.1	NT_175961.1
cavPor3:scaffold_459	scaffold_459		DS563314.1	DS563314.1	NT_175960.1
cavPor3:scaffold_46	scaffold_46		DS562901.1	DS562901.1	NT_176373.1
cavPor3:scaffold_460	scaffold_460		DS563315.1	DS563315.1	NT_175959.1
cavPor3:scaffold_461	scaffold_461		DS563316.1	DS563316.1	NT_175958.1
cavPor3:scaffold_462	scaffold_462		DS563317.1	DS563317.1	NT_175957.1
cavPor3:scaffold_463	scaffold_463		DS563318.1	DS563318.1	NT_175956.1
cavPor3:scaffold_464	scaffold_464		DS563319.1	DS563319.1	NT_175955.1
cavPor3:scaffold_465	scaffold_465		DS563320.1	DS563320.1	NT_175954.1
cavPor3:scaffold_466	scaffold_466		DS563321.1	DS563321.1	NT_175953.1
cavPor3:scaffold_467	scaffold_467		DS563322.1	DS563322.1	NT_175952.1
cavPor3:scaffold_468	scaffold_468		DS563323.1	DS563323.1	NT_175951.1
cavPor3:scaffold_469	scaffold_469		DS563324.1	DS563324.1	NT_175950.1
cavPor3:scaffold_47	scaffold_47		DS562902.1	DS562902.1	NT_176372.1
cavPor3:scaffold_470	scaffold_470		DS563325.1	DS563325.1	NT_175949.1
cavPor3:scaffold_471	scaffold_471		DS563326.1	DS563326.1	NT_175948.1
cavPor3:scaffold_472	scaffold_472		DS563327.1	DS563327.1	NT_175947.1
cavPor3:scaffold_473	scaffold_473		DS563328.1	DS563328.1	NT_175946.1
cavPor3:scaffold_474	scaffold_474		DS563329.1	DS563329.1	NT_175945.1
cavPor3:scaffold_475	scaffold_475		DS563330.1	DS563330.1	NT_175944.1
cavPor3:scaffold_476	scaffold_476		DS563331.1	DS563331.1	NT_175943.1
cavPor3:scaffold_477	scaffold_477		DS563332.1	DS563332.1	NT_175942.1
cavPor3:scaffold_478	scaffold_478		DS563333.1	DS563333.1	NT_175941.1
cavPor3:scaffold_479	scaffold_479		DS563334.1	DS563334.1	NT_175940.1
cavPor3:scaffold_48	scaffold_48		DS562903.1	DS562903.1	NT_176371.1
cavPor3:scaffold_480	scaffold_480		DS563335.1	DS563335.1	NT_175939.1
cavPor3:scaffold_481	scaffold_481		DS563336.1	DS563336.1	NT_175938.1
cavPor3:scaffold_482	scaffold_482		DS563337.1	DS563337.1	NT_175937.1
cavPor3:scaffold_483	scaffold_483		DS563338.1	DS563338.1	NT_175936.1
cavPor3:scaffold_484	scaffold_484		DS563339.1	DS563339.1	NT_175935.1
cavPor3:scaffold_485	scaffold_485		DS563340.1	DS563340.1	NT_175934.1
cavPor3:scaffold_486	scaffold_486		DS563341.1	DS563341.1	NT_175933.1
cavPor3:scaffold_487	scaffold_487		DS563342.1	DS563342.1	NT_175932.1
cavPor3:scaffold_488	scaffold_488		DS563343.1	DS563343.1	NT_175931.1
cavPor3:scaffold_489	scaffold_489		DS563344.1	DS563344.1	NT_175930.1
cavPor3:scaffold_49	scaffold_49		DS562904.1	DS562904.1	NT_176370.1
cavPor3:scaffold_490	scaffold_490		DS563345.1	DS563345.1	NT_175929.1
cavPor3:scaffold_491	scaffold_491		DS563346.1	DS563346.1	NT_175928.1
cavPor3:scaffold_492	scaffold_492		DS563347.1	DS563347.1	NT_175927.1
cavPor3:scaffold_493	scaffold_493		DS563348.1	DS563348.1	NT_175926.1
cavPor3:scaffold_494	scaffold_494		DS563349.1	DS563349.1	NT_175925.1
cavPor3:scaffold_495	scaffold_495		DS563350.1	DS563350.1	NT_175924.1
cavPor3:scaffold_496	scaffold_496		DS563351.1	DS563351.1	NT_175923.1
cavPor3:scaffold_497	scaffold_497		DS563352.1	DS563352.1	NT_175922.1
cavPor3:scaffold_498	scaffold_498		DS563353.1	DS563353.1	NT_175921.1
cavPor3:scaffold_499	scaffold_499		DS563354.1	DS563354.1	NT_175920.1
cavPor3:scaffold_5	scaffold_5		DS562860.1	DS562860.1	NT_176414.1
cavPor3:scaffold_50	scaffold_50		DS562905.1	DS562905.1	NT_176369.1
cavPor3:scaffold_500	scaffold_500		DS563355.1	DS563355.1	NT_175919.1
cavPor3:scaffold_501	scaffold_501		DS563356.1	DS563356.1	NT_175918.1
cavPor3:scaffold_502	scaffold_502		DS563357.1	DS563357.1	NT_175917.1
cavPor3:scaffold_503	scaffold_503		DS563358.1	DS563358.1	NT_175916.1
cavPor3:scaffold_504	scaffold_504		DS563359.1	DS563359.1	NT_175915.1
cavPor3:scaffold_505	scaffold_505		DS563360.1	DS563360.1	NT_175914.1
cavPor3:scaffold_506	scaffold_506		DS563361.1	DS563361.1	NT_175913.1
cavPor3:scaffold_507	scaffold_507		DS563362.1	DS563362.1	NT_175912.1
cavPor3:scaffold_508	scaffold_508		DS563363.1	DS563363.1	NT_175911.1
cavPor3:scaffold_509	scaffold_509		DS563364.1	DS563364.1	NT_175910.1
cavPor3:scaffold_51	scaffold_51		DS562906.1	DS562906.1	NT_176368.1
cavPor3:scaffold_510	scaffold_510		DS563365.1	DS563365.1	NT_175909.1
cavPor3:scaffold_511	scaffold_511		DS563366.1	DS563366.1	NT_175908.1
cavPor3:scaffold_512	scaffold_512		DS563367.1	DS563367.1	NT_175907.1
cavPor3:scaffold_513	scaffold_513		DS563368.1	DS563368.1	NT_175906.1
cavPor3:scaffold_514	scaffold_514		DS563369.1	DS563369.1	NT_175905.1
cavPor3:scaffold_515	scaffold_515		DS563370.1	DS563370.1	NT_175904.1
cavPor3:scaffold_516	scaffold_516		DS563371.1	DS563371.1	NT_175903.1
cavPor3:scaffold_517	scaffold_517		DS563372.1	DS563372.1	NT_175902.1
cavPor3:scaffold_518	scaffold_518		DS563373.1	DS563373.1	NT_175901.1
cavPor3:scaffold_519	scaffold_519		DS563374.1	DS563374.1	NT_175900.1
cavPor3:scaffold_52	scaffold_52		DS562907.1	DS562907.1	NT_176367.1
cavPor3:scaffold_520	scaffold_520		DS563375.1	DS563375.1	NT_175899.1
cavPor3:scaffold_521	scaffold_521		DS563376.1	DS563376.1	NT_175898.1
cavPor3:scaffold_522	scaffold_522		DS563377.1	DS563377.1	NT_175897.1
cavPor3:scaffold_523	scaffold_523		DS563378.1	DS563378.1	NT_175896.1
cavPor3:scaffold_524	scaffold_524		DS563379.1	DS563379.1	NT_175895.1
cavPor3:scaffold_525	scaffold_525		DS563380.1	DS563380.1	NT_175894.1
cavPor3:scaffold_526	scaffold_526		DS563381.1	DS563381.1	NT_175893.1
cavPor3:scaffold_527	scaffold_527		DS563382.1	DS563382.1	NT_175892.1
cavPor3:scaffold_528	scaffold_528		DS563383.1	DS563383.1	NT_175891.1
cavPor3:scaffold_529	scaffold_529		DS563384.1	DS563384.1	NT_175890.1
cavPor3:scaffold_53	scaffold_53		DS562908.1	DS562908.1	NT_176366.1
cavPor3:scaffold_530	scaffold_530		DS563385.1	DS563385.1	NT_175889.1
cavPor3:scaffold_531	scaffold_531		DS563386.1	DS563386.1	NT_175888.1
cavPor3:scaffold_532	scaffold_532		DS563387.1	DS563387.1	NT_175887.1
cavPor3:scaffold_533	scaffold_533		DS563388.1	DS563388.1	NT_175886.1
cavPor3:scaffold_534	scaffold_534		DS563389.1	DS563389.1	NT_175885.1
cavPor3:scaffold_535	scaffold_535		DS563390.1	DS563390.1	NT_175884.1
cavPor3:scaffold_536	scaffold_536		DS563391.1	DS563391.1	NT_175883.1
cavPor3:scaffold_537	scaffold_537		DS563392.1	DS563392.1	NT_175882.1
cavPor3:scaffold_538	scaffold_538		DS563393.1	DS563393.1	NT_175881.1
cavPor3:scaffold_539	scaffold_539		DS563394.1	DS563394.1	NT_175880.1
cavPor3:scaffold_54	scaffold_54		DS562909.1	DS562909.1	NT_176365.1
cavPor3:scaffold_540	scaffold_540		DS563395.1	DS563395.1	NT_175879.1
cavPor3:scaffold_541	scaffold_541		DS563396.1	DS563396.1	NT_175878.1
cavPor3:scaffold_542	scaffold_542		DS563397.1	DS563397.1	NT_175877.1
cavPor3:scaffold_543	scaffold_543		DS563398.1	DS563398.1	NT_175876.1
cavPor3:scaffold_544	scaffold_544		DS563399.1	DS563399.1	NT_175875.1
cavPor3:scaffold_545	scaffold_545		DS563400.1	DS563400.1	NT_175874.1
cavPor3:scaffold_546	scaffold_546		DS563401.1	DS563401.1	NT_175873.1
cavPor3:scaffold_547	scaffold_547		DS563402.1	DS563402.1	NT_175872.1
cavPor3:scaffold_548	scaffold_548		DS563403.1	DS563403.1	NT_175871.1
cavPor3:scaffold_549	scaffold_549		DS563404.1	DS563404.1	NT_175870.1
cavPor3:scaffold_55	scaffold_55		DS562910.1	DS562910.1	NT_176364.1
cavPor3:scaffold_550	scaffold_550		DS563405.1	DS563405.1	NT_175869.1
cavPor3:scaffold_551	scaffold_551		DS563406.1	DS563406.1	NT_175868.1
cavPor3:scaffold_552	scaffold_552		DS563407.1	DS563407.1	NT_175867.1
cavPor3:scaffold_553	scaffold_553		DS563408.1	DS563408.1	NT_175866.1
cavPor3:scaffold_554	scaffold_554		DS563409.1	DS563409.1	NT_175865.1
cavPor3:scaffold_555	scaffold_555		DS563410.1	DS563410.1	NT_175864.1
cavPor3:scaffold_556	scaffold_556		DS563411.1	DS563411.1	NT_175863.1
cavPor3:scaffold_557	scaffold_557		DS563412.1	DS563412.1	NT_175862.1
cavPor3:scaffold_558	scaffold_558		DS563413.1	DS563413.1	NT_175861.1
cavPor3:scaffold_559	scaffold_559		DS563414.1	DS563414.1	NT_175860.1
cavPor3:scaffold_56	scaffold_56		DS562911.1	DS562911.1	NT_176363.1
cavPor3:scaffold_560	scaffold_560		DS563415.1	DS563415.1	NT_175859.1
cavPor3:scaffold_561	scaffold_561		DS563416.1	DS563416.1	NT_175858.1
cavPor3:scaffold_562	scaffold_562		DS563417.1	DS563417.1	NT_175857.1
cavPor3:scaffold_563	scaffold_563		DS563418.1	DS563418.1	NT_175856.1
cavPor3:scaffold_564	scaffold_564		DS563419.1	DS563419.1	NT_175855.1
cavPor3:scaffold_565	scaffold_565		DS563420.1	DS563420.1	NT_175854.1
cavPor3:scaffold_566	scaffold_566		DS563421.1	DS563421.1	NT_175853.1
cavPor3:scaffold_567	scaffold_567		DS563422.1	DS563422.1	NT_175852.1
cavPor3:scaffold_568	scaffold_568		DS563423.1	DS563423.1	NT_175851.1
cavPor3:scaffold_569	scaffold_569		DS563424.1	DS563424.1	NT_175850.1
cavPor3:scaffold_57	scaffold_57		DS562912.1	DS562912.1	NT_176362.1
cavPor3:scaffold_570	scaffold_570		DS563425.1	DS563425.1	NT_175849.1
cavPor3:scaffold_571	scaffold_571		DS563426.1	DS563426.1	NT_175848.1
cavPor3:scaffold_572	scaffold_572		DS563427.1	DS563427.1	NT_175847.1
cavPor3:scaffold_573	scaffold_573		DS563428.1	DS563428.1	NT_175846.1
cavPor3:scaffold_574	scaffold_574		DS563429.1	DS563429.1	NT_175845.1
cavPor3:scaffold_575	scaffold_575		DS563430.1	DS563430.1	NT_175844.1
cavPor3:scaffold_576	scaffold_576		DS563431.1	DS563431.1	NT_175843.1
cavPor3:scaffold_577	scaffold_577		DS563432.1	DS563432.1	NT_175842.1
cavPor3:scaffold_578	scaffold_578		DS563433.1	DS563433.1	NT_175841.1
cavPor3:scaffold_579	scaffold_579		DS563434.1	DS563434.1	NT_175840.1
cavPor3:scaffold_58	scaffold_58		DS562913.1	DS562913.1	NT_176361.1
cavPor3:scaffold_580	scaffold_580		DS563435.1	DS563435.1	NT_175839.1
cavPor3:scaffold_581	scaffold_581		DS563436.1	DS563436.1	NT_175838.1
cavPor3:scaffold_582	scaffold_582		DS563437.1	DS563437.1	NT_175837.1
cavPor3:scaffold_583	scaffold_583		DS563438.1	DS563438.1	NT_175836.1
cavPor3:scaffold_584	scaffold_584		DS563439.1	DS563439.1	NT_175835.1
cavPor3:scaffold_585	scaffold_585		DS563440.1	DS563440.1	NT_175834.1
cavPor3:scaffold_586	scaffold_586		DS563441.1	DS563441.1	NT_175833.1
cavPor3:scaffold_587	scaffold_587		DS563442.1	DS563442.1	NT_175832.1
cavPor3:scaffold_588	scaffold_588		DS563443.1	DS563443.1	NT_175831.1
cavPor3:scaffold_589	scaffold_589		DS563444.1	DS563444.1	NT_175830.1
cavPor3:scaffold_59	scaffold_59		DS562914.1	DS562914.1	NT_176360.1
cavPor3:scaffold_590	scaffold_590		DS563445.1	DS563445.1	NT_175829.1
cavPor3:scaffold_591	scaffold_591		DS563446.1	DS563446.1	NT_175828.1
cavPor3:scaffold_592	scaffold_592		DS563447.1	DS563447.1	NT_175827.1
cavPor3:scaffold_593	scaffold_593		DS563448.1	DS563448.1	NT_175826.1
cavPor3:scaffold_594	scaffold_594		DS563449.1	DS563449.1	NT_175825.1
cavPor3:scaffold_595	scaffold_595		DS563450.1	DS563450.1	NT_175824.1
cavPor3:scaffold_596	scaffold_596		DS563451.1	DS563451.1	NT_175823.1
cavPor3:scaffold_597	scaffold_597		DS563452.1	DS563452.1	NT_175822.1
cavPor3:scaffold_598	scaffold_598		DS563453.1	DS563453.1	NT_175821.1
cavPor3:scaffold_599	scaffold_599		DS563454.1	DS563454.1	NT_175820.1
cavPor3:scaffold_6	scaffold_6		DS562861.1	DS562861.1	NT_176413.1
cavPor3:scaffold_60	scaffold_60		DS562915.1	DS562915.1	NT_176359.1
cavPor3:scaffold_600	scaffold_600		DS563455.1	DS563455.1	NT_175819.1
cavPor3:scaffold_601	scaffold_601		DS563456.1	DS563456.1	NT_175818.1
cavPor3:scaffold_602	scaffold_602		DS563457.1	DS563457.1	NT_175817.1
cavPor3:scaffold_603	scaffold_603		DS563458.1	DS563458.1	NT_175816.1
cavPor3:scaffold_604	scaffold_604		DS563459.1	DS563459.1	NT_175815.1
cavPor3:scaffold_605	scaffold_605		DS563460.1	DS563460.1	NT_175814.1
cavPor3:scaffold_606	scaffold_606		DS563461.1	DS563461.1	NT_175813.1
cavPor3:scaffold_607	scaffold_607		DS563462.1	DS563462.1	NT_175812.1
cavPor3:scaffold_608	scaffold_608		DS563463.1	DS563463.1	NT_175811.1
cavPor3:scaffold_609	scaffold_609		DS563464.1	DS563464.1	NT_175810.1
cavPor3:scaffold_61	scaffold_61		DS562916.1	DS562916.1	NT_176358.1
cavPor3:scaffold_610	scaffold_610		DS563465.1	DS563465.1	NT_175809.1
cavPor3:scaffold_611	scaffold_611		DS563466.1	DS563466.1	NT_175808.1
cavPor3:scaffold_612	scaffold_612		DS563467.1	DS563467.1	NT_175807.1
cavPor3:scaffold_613	scaffold_613		DS563468.1	DS563468.1	NT_175806.1
cavPor3:scaffold_614	scaffold_614		DS563469.1	DS563469.1	NT_175805.1
cavPor3:scaffold_615	scaffold_615		DS563470.1	DS563470.1	NT_175804.1
cavPor3:scaffold_616	scaffold_616		DS563471.1	DS563471.1	NT_175803.1
cavPor3:scaffold_617	scaffold_617		DS563472.1	DS563472.1	NT_175802.1
cavPor3:scaffold_618	scaffold_618		DS563473.1	DS563473.1	NT_175801.1
cavPor3:scaffold_619	scaffold_619		DS563474.1	DS563474.1	NT_175800.1
cavPor3:scaffold_62	scaffold_62		DS562917.1	DS562917.1	NT_176357.1
cavPor3:scaffold_620	scaffold_620		DS563475.1	DS563475.1	NT_175799.1
cavPor3:scaffold_621	scaffold_621		DS563476.1	DS563476.1	NT_175798.1
cavPor3:scaffold_622	scaffold_622		DS563477.1	DS563477.1	NT_175797.1
cavPor3:scaffold_623	scaffold_623		DS563478.1	DS563478.1	NT_175796.1
cavPor3:scaffold_624	scaffold_624		DS563479.1	DS563479.1	NT_175795.1
cavPor3:scaffold_625	scaffold_625		DS563480.1	DS563480.1	NT_175794.1
cavPor3:scaffold_626	scaffold_626		DS563481.1	DS563481.1	NT_175793.1
cavPor3:scaffold_627	scaffold_627		DS563482.1	DS563482.1	NT_175792.1
cavPor3:scaffold_628	scaffold_628		DS563483.1	DS563483.1	NT_175791.1
cavPor3:scaffold_629	scaffold_629		DS563484.1	DS563484.1	NT_175790.1
cavPor3:scaffold_63	scaffold_63		DS562918.1	DS562918.1	NT_176356.1
cavPor3:scaffold_630	scaffold_630		DS563485.1	DS563485.1	NT_175789.1
cavPor3:scaffold_631	scaffold_631		DS563486.1	DS563486.1	NT_175788.1
cavPor3:scaffold_632	scaffold_632		DS563487.1	DS563487.1	NT_175787.1
cavPor3:scaffold_633	scaffold_633		DS563488.1	DS563488.1	NT_175786.1
cavPor3:scaffold_634	scaffold_634		DS563489.1	DS563489.1	NT_175785.1
cavPor3:scaffold_635	scaffold_635		DS563490.1	DS563490.1	NT_175784.1
cavPor3:scaffold_636	scaffold_636		DS563491.1	DS563491.1	NT_175783.1
cavPor3:scaffold_637	scaffold_637		DS563492.1	DS563492.1	NT_175782.1
cavPor3:scaffold_638	scaffold_638		DS563493.1	DS563493.1	NT_175781.1
cavPor3:scaffold_639	scaffold_639		DS563494.1	DS563494.1	NT_175780.1
cavPor3:scaffold_64	scaffold_64		DS562919.1	DS562919.1	NT_176355.1
cavPor3:scaffold_640	scaffold_640		DS563495.1	DS563495.1	NT_175779.1
cavPor3:scaffold_641	scaffold_641		DS563496.1	DS563496.1	NT_175778.1
cavPor3:scaffold_642	scaffold_642		DS563497.1	DS563497.1	NT_175777.1
cavPor3:scaffold_643	scaffold_643		DS563498.1	DS563498.1	NT_175776.1
cavPor3:scaffold_644	scaffold_644		DS563499.1	DS563499.1	NT_175775.1
cavPor3:scaffold_645	scaffold_645		DS563500.1	DS563500.1	NT_175774.1
cavPor3:scaffold_646	scaffold_646		DS563501.1	DS563501.1	NT_175773.1
cavPor3:scaffold_647	scaffold_647		DS563502.1	DS563502.1	NT_175772.1
cavPor3:scaffold_648	scaffold_648		DS563503.1	DS563503.1	NT_175771.1
cavPor3:scaffold_649	scaffold_649		DS563504.1	DS563504.1	NT_175770.1
cavPor3:scaffold_65	scaffold_65		DS562920.1	DS562920.1	NT_176354.1
cavPor3:scaffold_650	scaffold_650		DS563505.1	DS563505.1	NT_175769.1
cavPor3:scaffold_651	scaffold_651		DS563506.1	DS563506.1	NT_175768.1
cavPor3:scaffold_652	scaffold_652		DS563507.1	DS563507.1	NT_175767.1
cavPor3:scaffold_653	scaffold_653		DS563508.1	DS563508.1	NT_175766.1
cavPor3:scaffold_654	scaffold_654		DS563509.1	DS563509.1	NT_175765.1
cavPor3:scaffold_655	scaffold_655		DS563510.1	DS563510.1	NT_175764.1
cavPor3:scaffold_656	scaffold_656		DS563511.1	DS563511.1	NT_175763.1
cavPor3:scaffold_657	scaffold_657		DS563512.1	DS563512.1	NT_175762.1
cavPor3:scaffold_658	scaffold_658		DS563513.1	DS563513.1	NT_175761.1
cavPor3:scaffold_659	scaffold_659		DS563514.1	DS563514.1	NT_175760.1
cavPor3:scaffold_66	scaffold_66		DS562921.1	DS562921.1	NT_176353.1
cavPor3:scaffold_660	scaffold_660		DS563515.1	DS563515.1	NT_175759.1
cavPor3:scaffold_661	scaffold_661		DS563516.1	DS563516.1	NT_175758.1
cavPor3:scaffold_662	scaffold_662		DS563517.1	DS563517.1	NT_175757.1
cavPor3:scaffold_663	scaffold_663		DS563518.1	DS563518.1	NT_175756.1
cavPor3:scaffold_664	scaffold_664		DS563519.1	DS563519.1	NT_175755.1
cavPor3:scaffold_665	scaffold_665		DS563520.1	DS563520.1	NT_175754.1
cavPor3:scaffold_666	scaffold_666		DS563521.1	DS563521.1	NT_175753.1
cavPor3:scaffold_667	scaffold_667		DS563522.1	DS563522.1	NT_175752.1
cavPor3:scaffold_668	scaffold_668		DS563523.1	DS563523.1	NT_175751.1
cavPor3:scaffold_669	scaffold_669		DS563524.1	DS563524.1	NT_175750.1
cavPor3:scaffold_67	scaffold_67		DS562922.1	DS562922.1	NT_176352.1
cavPor3:scaffold_670	scaffold_670		DS563525.1	DS563525.1	NT_175749.1
cavPor3:scaffold_671	scaffold_671		DS563526.1	DS563526.1	NT_175748.1
cavPor3:scaffold_672	scaffold_672		DS563527.1	DS563527.1	NT_175747.1
cavPor3:scaffold_673	scaffold_673		DS563528.1	DS563528.1	NT_175746.1
cavPor3:scaffold_674	scaffold_674		DS563529.1	DS563529.1	NT_175745.1
cavPor3:scaffold_675	scaffold_675		DS563530.1	DS563530.1	NT_175744.1
cavPor3:scaffold_676	scaffold_676		DS563531.1	DS563531.1	NT_175743.1
cavPor3:scaffold_677	scaffold_677		DS563532.1	DS563532.1	NT_175742.1
cavPor3:scaffold_678	scaffold_678		DS563533.1	DS563533.1	NT_175741.1
cavPor3:scaffold_679	scaffold_679		DS563534.1	DS563534.1	NT_175740.1
cavPor3:scaffold_68	scaffold_68		DS562923.1	DS562923.1	NT_176351.1
cavPor3:scaffold_680	scaffold_680		DS563535.1	DS563535.1	NT_175739.1
cavPor3:scaffold_681	scaffold_681		DS563536.1	DS563536.1	NT_175738.1
cavPor3:scaffold_682	scaffold_682		DS563537.1	DS563537.1	NT_175737.1
cavPor3:scaffold_683	scaffold_683		DS563538.1	DS563538.1	NT_175736.1
cavPor3:scaffold_684	scaffold_684		DS563539.1	DS563539.1	NT_175735.1
cavPor3:scaffold_685	scaffold_685		DS563540.1	DS563540.1	NT_175734.1
cavPor3:scaffold_686	scaffold_686		DS563541.1	DS563541.1	NT_175733.1
cavPor3:scaffold_687	scaffold_687		DS563542.1	DS563542.1	NT_175732.1
cavPor3:scaffold_688	scaffold_688		DS563543.1	DS563543.1	NT_175731.1
cavPor3:scaffold_689	scaffold_689		DS563544.1	DS563544.1	NT_175730.1
cavPor3:scaffold_69	scaffold_69		DS562924.1	DS562924.1	NT_176350.1
cavPor3:scaffold_690	scaffold_690		DS563545.1	DS563545.1	NT_175729.1
cavPor3:scaffold_691	scaffold_691		DS563546.1	DS563546.1	NT_175728.1
cavPor3:scaffold_692	scaffold_692		DS563547.1	DS563547.1	NT_175727.1
cavPor3:scaffold_693	scaffold_693		DS563548.1	DS563548.1	NT_175726.1
cavPor3:scaffold_694	scaffold_694		DS563549.1	DS563549.1	NT_175725.1
cavPor3:scaffold_695	scaffold_695		DS563550.1	DS563550.1	NT_175724.1
cavPor3:scaffold_696	scaffold_696		DS563551.1	DS563551.1	NT_175723.1
cavPor3:scaffold_697	scaffold_697		DS563552.1	DS563552.1	NT_175722.1
cavPor3:scaffold_698	scaffold_698		DS563553.1	DS563553.1	NT_175721.1
cavPor3:scaffold_699	scaffold_699		DS563554.1	DS563554.1	NT_175720.1
cavPor3:scaffold_7	scaffold_7		DS562862.1	DS562862.1	NT_176412.1
cavPor3:scaffold_70	scaffold_70		DS562925.1	DS562925.1	NT_176349.1
cavPor3:scaffold_700	scaffold_700		DS563555.1	DS563555.1	NT_175719.1
cavPor3:scaffold_701	scaffold_701		DS563556.1	DS563556.1	NT_175718.1
cavPor3:scaffold_702	scaffold_702		DS563557.1	DS563557.1	NT_175717.1
cavPor3:scaffold_703	scaffold_703		DS563558.1	DS563558.1	NT_175716.1
cavPor3:scaffold_704	scaffold_704		DS563559.1	DS563559.1	NT_175715.1
cavPor3:scaffold_705	scaffold_705		DS563560.1	DS563560.1	NT_175714.1
cavPor3:scaffold_706	scaffold_706		DS563561.1	DS563561.1	NT_175713.1
cavPor3:scaffold_707	scaffold_707		DS563562.1	DS563562.1	NT_175712.1
cavPor3:scaffold_708	scaffold_708		DS563563.1	DS563563.1	NT_175711.1
cavPor3:scaffold_709	scaffold_709		DS563564.1	DS563564.1	NT_175710.1
cavPor3:scaffold_71	scaffold_71		DS562926.1	DS562926.1	NT_176348.1
cavPor3:scaffold_710	scaffold_710		DS563565.1	DS563565.1	NT_175709.1
cavPor3:scaffold_711	scaffold_711		DS563566.1	DS563566.1	NT_175708.1
cavPor3:scaffold_712	scaffold_712		DS563567.1	DS563567.1	NT_175707.1
cavPor3:scaffold_713	scaffold_713		DS563568.1	DS563568.1	NT_175706.1
cavPor3:scaffold_714	scaffold_714		DS563569.1	DS563569.1	NT_175705.1
cavPor3:scaffold_715	scaffold_715		DS563570.1	DS563570.1	NT_175704.1
cavPor3:scaffold_716	scaffold_716		DS563571.1	DS563571.1	NT_175703.1
cavPor3:scaffold_717	scaffold_717		DS563572.1	DS563572.1	NT_175702.1
cavPor3:scaffold_718	scaffold_718		DS563573.1	DS563573.1	NT_175701.1
cavPor3:scaffold_719	scaffold_719		DS563574.1	DS563574.1	NT_175700.1
cavPor3:scaffold_72	scaffold_72		DS562927.1	DS562927.1	NT_176347.1
cavPor3:scaffold_720	scaffold_720		DS563575.1	DS563575.1	NT_175699.1
cavPor3:scaffold_721	scaffold_721		DS563576.1	DS563576.1	NT_175698.1
cavPor3:scaffold_722	scaffold_722		DS563577.1	DS563577.1	NT_175697.1
cavPor3:scaffold_723	scaffold_723		DS563578.1	DS563578.1	NT_175696.1
cavPor3:scaffold_724	scaffold_724		DS563579.1	DS563579.1	NT_175695.1
cavPor3:scaffold_725	scaffold_725		DS563580.1	DS563580.1	NT_175694.1
cavPor3:scaffold_726	scaffold_726		DS563581.1	DS563581.1	NT_175693.1
cavPor3:scaffold_727	scaffold_727		DS563582.1	DS563582.1	NT_175692.1
cavPor3:scaffold_728	scaffold_728		DS563583.1	DS563583.1	NT_175691.1
cavPor3:scaffold_729	scaffold_729		DS563584.1	DS563584.1	NT_175690.1
cavPor3:scaffold_73	scaffold_73		DS562928.1	DS562928.1	NT_176346.1
cavPor3:scaffold_730	scaffold_730		DS563585.1	DS563585.1	NT_175689.1
cavPor3:scaffold_731	scaffold_731		DS563586.1	DS563586.1	NT_175688.1
cavPor3:scaffold_732	scaffold_732		DS563587.1	DS563587.1	NT_175687.1
cavPor3:scaffold_733	scaffold_733		DS563588.1	DS563588.1	NT_175686.1
cavPor3:scaffold_734	scaffold_734		DS563589.1	DS563589.1	NT_175685.1
cavPor3:scaffold_735	scaffold_735		DS563590.1	DS563590.1	NT_175684.1
cavPor3:scaffold_736	scaffold_736		DS563591.1	DS563591.1	NT_175683.1
cavPor3:scaffold_737	scaffold_737		DS563592.1	DS563592.1	NT_175682.1
cavPor3:scaffold_738	scaffold_738		DS563593.1	DS563593.1	NT_175681.1
cavPor3:scaffold_739	scaffold_739		DS563594.1	DS563594.1	NT_175680.1
cavPor3:scaffold_74	scaffold_74		DS562929.1	DS562929.1	NT_176345.1
cavPor3:scaffold_740	scaffold_740		DS563595.1	DS563595.1	NT_175679.1
cavPor3:scaffold_741	scaffold_741		DS563596.1	DS563596.1	NT_175678.1
cavPor3:scaffold_742	scaffold_742		DS563597.1	DS563597.1	NT_175677.1
cavPor3:scaffold_743	scaffold_743		DS563598.1	DS563598.1	NT_175676.1
cavPor3:scaffold_744	scaffold_744		DS563599.1	DS563599.1	NT_175675.1
cavPor3:scaffold_745	scaffold_745		DS563600.1	DS563600.1	NT_175674.1
cavPor3:scaffold_746	scaffold_746		DS563601.1	DS563601.1	NT_175673.1
cavPor3:scaffold_747	scaffold_747		DS563602.1	DS563602.1	NT_175672.1
cavPor3:scaffold_748	scaffold_748		DS563603.1	DS563603.1	NT_175671.1
cavPor3:scaffold_749	scaffold_749		DS563604.1	DS563604.1	NT_175670.1
cavPor3:scaffold_75	scaffold_75		DS562930.1	DS562930.1	NT_176344.1
cavPor3:scaffold_750	scaffold_750		DS563605.1	DS563605.1	NT_175669.1
cavPor3:scaffold_751	scaffold_751		DS563606.1	DS563606.1	NT_175668.1
cavPor3:scaffold_752	scaffold_752		DS563607.1	DS563607.1	NT_175667.1
cavPor3:scaffold_753	scaffold_753		DS563608.1	DS563608.1	NT_175666.1
cavPor3:scaffold_754	scaffold_754		DS563609.1	DS563609.1	NT_175665.1
cavPor3:scaffold_755	scaffold_755		DS563610.1	DS563610.1	NT_175664.1
cavPor3:scaffold_756	scaffold_756		DS563611.1	DS563611.1	NT_175663.1
cavPor3:scaffold_757	scaffold_757		DS563612.1	DS563612.1	NT_175662.1
cavPor3:scaffold_758	scaffold_758		DS563613.1	DS563613.1	NT_175661.1
cavPor3:scaffold_759	scaffold_759		DS563614.1	DS563614.1	NT_175660.1
cavPor3:scaffold_76	scaffold_76		DS562931.1	DS562931.1	NT_176343.1
cavPor3:scaffold_760	scaffold_760		DS563615.1	DS563615.1	NT_175659.1
cavPor3:scaffold_761	scaffold_761		DS563616.1	DS563616.1	NT_175658.1
cavPor3:scaffold_762	scaffold_762		DS563617.1	DS563617.1	NT_175657.1
cavPor3:scaffold_763	scaffold_763		DS563618.1	DS563618.1	NT_175656.1
cavPor3:scaffold_764	scaffold_764		DS563619.1	DS563619.1	NT_175655.1
cavPor3:scaffold_765	scaffold_765		DS563620.1	DS563620.1	NT_175654.1
cavPor3:scaffold_766	scaffold_766		DS563621.1	DS563621.1	NT_175653.1
cavPor3:scaffold_767	scaffold_767		DS563622.1	DS563622.1	NT_175652.1
cavPor3:scaffold_768	scaffold_768		DS563623.1	DS563623.1	NT_175651.1
cavPor3:scaffold_769	scaffold_769		DS563624.1	DS563624.1	NT_175650.1
cavPor3:scaffold_77	scaffold_77		DS562932.1	DS562932.1	NT_176342.1
cavPor3:scaffold_770	scaffold_770		DS563625.1	DS563625.1	NT_175649.1
cavPor3:scaffold_771	scaffold_771		DS563626.1	DS563626.1	NT_175648.1
cavPor3:scaffold_772	scaffold_772		DS563627.1	DS563627.1	NT_175647.1
cavPor3:scaffold_773	scaffold_773		DS563628.1	DS563628.1	NT_175646.1
cavPor3:scaffold_774	scaffold_774		DS563629.1	DS563629.1	NT_175645.1
cavPor3:scaffold_775	scaffold_775		DS563630.1	DS563630.1	NT_175644.1
cavPor3:scaffold_776	scaffold_776		DS563631.1	DS563631.1	NT_175643.1
cavPor3:scaffold_777	scaffold_777		DS563632.1	DS563632.1	NT_175642.1
cavPor3:scaffold_778	scaffold_778		DS563633.1	DS563633.1	NT_175641.1
cavPor3:scaffold_779	scaffold_779		DS563634.1	DS563634.1	NT_175640.1
cavPor3:scaffold_78	scaffold_78		DS562933.1	DS562933.1	NT_176341.1
cavPor3:scaffold_780	scaffold_780		DS563635.1	DS563635.1	NT_175639.1
cavPor3:scaffold_781	scaffold_781		DS563636.1	DS563636.1	NT_175638.1
cavPor3:scaffold_782	scaffold_782		DS563637.1	DS563637.1	NT_175637.1
cavPor3:scaffold_783	scaffold_783		DS563638.1	DS563638.1	NT_175636.1
cavPor3:scaffold_784	scaffold_784		DS563639.1	DS563639.1	NT_175635.1
cavPor3:scaffold_785	scaffold_785		DS563640.1	DS563640.1	NT_175634.1
cavPor3:scaffold_786	scaffold_786		DS563641.1	DS563641.1	NT_175633.1
cavPor3:scaffold_787	scaffold_787		DS563642.1	DS563642.1	NT_175632.1
cavPor3:scaffold_788	scaffold_788		DS563643.1	DS563643.1	NT_175631.1
cavPor3:scaffold_789	scaffold_789		DS563644.1	DS563644.1	NT_175630.1
cavPor3:scaffold_79	scaffold_79		DS562934.1	DS562934.1	NT_176340.1
cavPor3:scaffold_790	scaffold_790		DS563645.1	DS563645.1	NT_175629.1
cavPor3:scaffold_791	scaffold_791		DS563646.1	DS563646.1	NT_175628.1
cavPor3:scaffold_792	scaffold_792		DS563647.1	DS563647.1	NT_175627.1
cavPor3:scaffold_793	scaffold_793		DS563648.1	DS563648.1	NT_175626.1
cavPor3:scaffold_794	scaffold_794		DS563649.1	DS563649.1	NT_175625.1
cavPor3:scaffold_795	scaffold_795		DS563650.1	DS563650.1	NT_175624.1
cavPor3:scaffold_796	scaffold_796		DS563651.1	DS563651.1	NT_175623.1
cavPor3:scaffold_797	scaffold_797		DS563652.1	DS563652.1	NT_175622.1
cavPor3:scaffold_798	scaffold_798		DS563653.1	DS563653.1	NT_175621.1
cavPor3:scaffold_799	scaffold_799		DS563654.1	DS563654.1	NT_175620.1
cavPor3:scaffold_8	scaffold_8		DS562863.1	DS562863.1	NT_176411.1
cavPor3:scaffold_80	scaffold_80		DS562935.1	DS562935.1	NT_176339.1
cavPor3:scaffold_800	scaffold_800		DS563655.1	DS563655.1	NT_175619.1
cavPor3:scaffold_801	scaffold_801		DS563656.1	DS563656.1	NT_175618.1
cavPor3:scaffold_802	scaffold_802		DS563657.1	DS563657.1	NT_175617.1
cavPor3:scaffold_803	scaffold_803		DS563658.1	DS563658.1	NT_175616.1
cavPor3:scaffold_804	scaffold_804		DS563659.1	DS563659.1	NT_175615.1
cavPor3:scaffold_805	scaffold_805		DS563660.1	DS563660.1	NT_175614.1
cavPor3:scaffold_806	scaffold_806		DS563661.1	DS563661.1	NT_175613.1
cavPor3:scaffold_807	scaffold_807		DS563662.1	DS563662.1	NT_175612.1
cavPor3:scaffold_808	scaffold_808		DS563663.1	DS563663.1	NT_175611.1
cavPor3:scaffold_809	scaffold_809		DS563664.1	DS563664.1	NT_175610.1
cavPor3:scaffold_81	scaffold_81		DS562936.1	DS562936.1	NT_176338.1
cavPor3:scaffold_810	scaffold_810		DS563665.1	DS563665.1	NT_175609.1
cavPor3:scaffold_811	scaffold_811		DS563666.1	DS563666.1	NT_175608.1
cavPor3:scaffold_812	scaffold_812		DS563667.1	DS563667.1	NT_175607.1
cavPor3:scaffold_813	scaffold_813		DS563668.1	DS563668.1	NT_175606.1
cavPor3:scaffold_814	scaffold_814		DS563669.1	DS563669.1	NT_175605.1
cavPor3:scaffold_815	scaffold_815		DS563670.1	DS563670.1	NT_175604.1
cavPor3:scaffold_816	scaffold_816		DS563671.1	DS563671.1	NT_175603.1
cavPor3:scaffold_817	scaffold_817		DS563672.1	DS563672.1	NT_175602.1
cavPor3:scaffold_818	scaffold_818		DS563673.1	DS563673.1	NT_175601.1
cavPor3:scaffold_819	scaffold_819		DS563674.1	DS563674.1	NT_175600.1
cavPor3:scaffold_82	scaffold_82		DS562937.1	DS562937.1	NT_176337.1
cavPor3:scaffold_820	scaffold_820		DS563675.1	DS563675.1	NT_175599.1
cavPor3:scaffold_821	scaffold_821		DS563676.1	DS563676.1	NT_175598.1
cavPor3:scaffold_822	scaffold_822		DS563677.1	DS563677.1	NT_175597.1
cavPor3:scaffold_823	scaffold_823		DS563678.1	DS563678.1	NT_175596.1
cavPor3:scaffold_824	scaffold_824		DS563679.1	DS563679.1	NT_175595.1
cavPor3:scaffold_825	scaffold_825		DS563680.1	DS563680.1	NT_175594.1
cavPor3:scaffold_826	scaffold_826		DS563681.1	DS563681.1	NT_175593.1
cavPor3:scaffold_827	scaffold_827		DS563682.1	DS563682.1	NT_175592.1
cavPor3:scaffold_828	scaffold_828		DS563683.1	DS563683.1	NT_175591.1
cavPor3:scaffold_829	scaffold_829		DS563684.1	DS563684.1	NT_175590.1
cavPor3:scaffold_83	scaffold_83		DS562938.1	DS562938.1	NT_176336.1
cavPor3:scaffold_830	scaffold_830		DS563685.1	DS563685.1	NT_175589.1
cavPor3:scaffold_831	scaffold_831		DS563686.1	DS563686.1	NT_175588.1
cavPor3:scaffold_832	scaffold_832		DS563687.1	DS563687.1	NT_175587.1
cavPor3:scaffold_833	scaffold_833		DS563688.1	DS563688.1	NT_175586.1
cavPor3:scaffold_834	scaffold_834		DS563689.1	DS563689.1	NT_175585.1
cavPor3:scaffold_835	scaffold_835		DS563690.1	DS563690.1	NT_175584.1
cavPor3:scaffold_836	scaffold_836		DS563691.1	DS563691.1	NT_175583.1
cavPor3:scaffold_837	scaffold_837		DS563692.1	DS563692.1	NT_175582.1
cavPor3:scaffold_838	scaffold_838		DS563693.1	DS563693.1	NT_175581.1
cavPor3:scaffold_839	scaffold_839		DS563694.1	DS563694.1	NT_175580.1
cavPor3:scaffold_84	scaffold_84		DS562939.1	DS562939.1	NT_176335.1
cavPor3:scaffold_840	scaffold_840		DS563695.1	DS563695.1	NT_175579.1
cavPor3:scaffold_841	scaffold_841		DS563696.1	DS563696.1	NT_175578.1
cavPor3:scaffold_842	scaffold_842		DS563697.1	DS563697.1	NT_175577.1
cavPor3:scaffold_843	scaffold_843		DS563698.1	DS563698.1	NT_175576.1
cavPor3:scaffold_844	scaffold_844		DS563699.1	DS563699.1	NT_175575.1
cavPor3:scaffold_845	scaffold_845		DS563700.1	DS563700.1	NT_175574.1
cavPor3:scaffold_846	scaffold_846		DS563701.1	DS563701.1	NT_175573.1
cavPor3:scaffold_847	scaffold_847		DS563702.1	DS563702.1	NT_175572.1
cavPor3:scaffold_848	scaffold_848		DS563703.1	DS563703.1	NT_175571.1
cavPor3:scaffold_849	scaffold_849		DS563704.1	DS563704.1	NT_175570.1
cavPor3:scaffold_85	scaffold_85		DS562940.1	DS562940.1	NT_176334.1
cavPor3:scaffold_850	scaffold_850		DS563705.1	DS563705.1	NT_175569.1
cavPor3:scaffold_851	scaffold_851		DS563706.1	DS563706.1	NT_175568.1
cavPor3:scaffold_852	scaffold_852		DS563707.1	DS563707.1	NT_175567.1
cavPor3:scaffold_853	scaffold_853		DS563708.1	DS563708.1	NT_175566.1
cavPor3:scaffold_854	scaffold_854		DS563709.1	DS563709.1	NT_175565.1
cavPor3:scaffold_855	scaffold_855		DS563710.1	DS563710.1	NT_175564.1
cavPor3:scaffold_856	scaffold_856		DS563711.1	DS563711.1	NT_175563.1
cavPor3:scaffold_857	scaffold_857		DS563712.1	DS563712.1	NT_175562.1
cavPor3:scaffold_858	scaffold_858		DS563713.1	DS563713.1	NT_175561.1
cavPor3:scaffold_859	scaffold_859		DS563714.1	DS563714.1	NT_175560.1
cavPor3:scaffold_86	scaffold_86		DS562941.1	DS562941.1	NT_176333.1
cavPor3:scaffold_860	scaffold_860		DS563715.1	DS563715.1	NT_175559.1
cavPor3:scaffold_861	scaffold_861		DS563716.1	DS563716.1	NT_175558.1
cavPor3:scaffold_862	scaffold_862		DS563717.1	DS563717.1	NT_175557.1
cavPor3:scaffold_863	scaffold_863		DS563718.1	DS563718.1	NT_175556.1
cavPor3:scaffold_864	scaffold_864		DS563719.1	DS563719.1	NT_175555.1
cavPor3:scaffold_865	scaffold_865		DS563720.1	DS563720.1	NT_175554.1
cavPor3:scaffold_866	scaffold_866		DS563721.1	DS563721.1	NT_175553.1
cavPor3:scaffold_867	scaffold_867		DS563722.1	DS563722.1	NT_175552.1
cavPor3:scaffold_868	scaffold_868		DS563723.1	DS563723.1	NT_175551.1
cavPor3:scaffold_869	scaffold_869		DS563724.1	DS563724.1	NT_175550.1
cavPor3:scaffold_87	scaffold_87		DS562942.1	DS562942.1	NT_176332.1
cavPor3:scaffold_870	scaffold_870		DS563725.1	DS563725.1	NT_175549.1
cavPor3:scaffold_871	scaffold_871		DS563726.1	DS563726.1	NT_175548.1
cavPor3:scaffold_872	scaffold_872		DS563727.1	DS563727.1	NT_175547.1
cavPor3:scaffold_873	scaffold_873		DS563728.1	DS563728.1	NT_175546.1
cavPor3:scaffold_874	scaffold_874		DS563729.1	DS563729.1	NT_175545.1
cavPor3:scaffold_875	scaffold_875		DS563730.1	DS563730.1	NT_175544.1
cavPor3:scaffold_876	scaffold_876		DS563731.1	DS563731.1	NT_175543.1
cavPor3:scaffold_877	scaffold_877		DS563732.1	DS563732.1	NT_175542.1
cavPor3:scaffold_878	scaffold_878		DS563733.1	DS563733.1	NT_175541.1
cavPor3:scaffold_879	scaffold_879		DS563734.1	DS563734.1	NT_175540.1
cavPor3:scaffold_88	scaffold_88		DS562943.1	DS562943.1	NT_176331.1
cavPor3:scaffold_880	scaffold_880		DS563735.1	DS563735.1	NT_175539.1
cavPor3:scaffold_881	scaffold_881		DS563736.1	DS563736.1	NT_175538.1
cavPor3:scaffold_882	scaffold_882		DS563737.1	DS563737.1	NT_175537.1
cavPor3:scaffold_883	scaffold_883		DS563738.1	DS563738.1	NT_175536.1
cavPor3:scaffold_884	scaffold_884		DS563739.1	DS563739.1	NT_175535.1
cavPor3:scaffold_885	scaffold_885		DS563740.1	DS563740.1	NT_175534.1
cavPor3:scaffold_886	scaffold_886		DS563741.1	DS563741.1	NT_175533.1
cavPor3:scaffold_887	scaffold_887		DS563742.1	DS563742.1	NT_175532.1
cavPor3:scaffold_888	scaffold_888		DS563743.1	DS563743.1	NT_175531.1
cavPor3:scaffold_889	scaffold_889		DS563744.1	DS563744.1	NT_175530.1
cavPor3:scaffold_89	scaffold_89		DS562944.1	DS562944.1	NT_176330.1
cavPor3:scaffold_890	scaffold_890		DS563745.1	DS563745.1	NT_175529.1
cavPor3:scaffold_891	scaffold_891		DS563746.1	DS563746.1	NT_175528.1
cavPor3:scaffold_892	scaffold_892		DS563747.1	DS563747.1	NT_175527.1
cavPor3:scaffold_893	scaffold_893		DS563748.1	DS563748.1	NT_175526.1
cavPor3:scaffold_894	scaffold_894		DS563749.1	DS563749.1	NT_175525.1
cavPor3:scaffold_895	scaffold_895		DS563750.1	DS563750.1	NT_175524.1
cavPor3:scaffold_896	scaffold_896		DS563751.1	DS563751.1	NT_175523.1
cavPor3:scaffold_897	scaffold_897		DS563752.1	DS563752.1	NT_175522.1
cavPor3:scaffold_898	scaffold_898		DS563753.1	DS563753.1	NT_175521.1
cavPor3:scaffold_899	scaffold_899		DS563754.1	DS563754.1	NT_175520.1
cavPor3:scaffold_9	scaffold_9		DS562864.1	DS562864.1	NT_176410.1
cavPor3:scaffold_90	scaffold_90		DS562945.1	DS562945.1	NT_176329.1
cavPor3:scaffold_900	scaffold_900		DS563755.1	DS563755.1	NT_175519.1
cavPor3:scaffold_901	scaffold_901		DS563756.1	DS563756.1	NT_175518.1
cavPor3:scaffold_902	scaffold_902		DS563757.1	DS563757.1	NT_175517.1
cavPor3:scaffold_903	scaffold_903		DS563758.1	DS563758.1	NT_175516.1
cavPor3:scaffold_904	scaffold_904		DS563759.1	DS563759.1	NT_175515.1
cavPor3:scaffold_905	scaffold_905		DS563760.1	DS563760.1	NT_175514.1
cavPor3:scaffold_906	scaffold_906		DS563761.1	DS563761.1	NT_175513.1
cavPor3:scaffold_907	scaffold_907		DS563762.1	DS563762.1	NT_175512.1
cavPor3:scaffold_908	scaffold_908		DS563763.1	DS563763.1	NT_175511.1
cavPor3:scaffold_909	scaffold_909		DS563764.1	DS563764.1	NT_175510.1
cavPor3:scaffold_91	scaffold_91		DS562946.1	DS562946.1	NT_176328.1
cavPor3:scaffold_910	scaffold_910		DS563765.1	DS563765.1	NT_175509.1
cavPor3:scaffold_911	scaffold_911		DS563766.1	DS563766.1	NT_175508.1
cavPor3:scaffold_912	scaffold_912		DS563767.1	DS563767.1	NT_175507.1
cavPor3:scaffold_913	scaffold_913		DS563768.1	DS563768.1	NT_175506.1
cavPor3:scaffold_914	scaffold_914		DS563769.1	DS563769.1	NT_175505.1
cavPor3:scaffold_915	scaffold_915		DS563770.1	DS563770.1	NT_175504.1
cavPor3:scaffold_916	scaffold_916		DS563771.1	DS563771.1	NT_175503.1
cavPor3:scaffold_917	scaffold_917		DS563772.1	DS563772.1	NT_175502.1
cavPor3:scaffold_918	scaffold_918		DS563773.1	DS563773.1	NT_175501.1
cavPor3:scaffold_919	scaffold_919		DS563774.1	DS563774.1	NT_175500.1
cavPor3:scaffold_92	scaffold_92		DS562947.1	DS562947.1	NT_176327.1
cavPor3:scaffold_920	scaffold_920		DS563775.1	DS563775.1	NT_175499.1
cavPor3:scaffold_921	scaffold_921		DS563776.1	DS563776.1	NT_175498.1
cavPor3:scaffold_922	scaffold_922		DS563777.1	DS563777.1	NT_175497.1
cavPor3:scaffold_923	scaffold_923		DS563778.1	DS563778.1	NT_175496.1
cavPor3:scaffold_924	scaffold_924		DS563779.1	DS563779.1	NT_175495.1
cavPor3:scaffold_925	scaffold_925		DS563780.1	DS563780.1	NT_175494.1
cavPor3:scaffold_926	scaffold_926		DS563781.1	DS563781.1	NT_175493.1
cavPor3:scaffold_927	scaffold_927		DS563782.1	DS563782.1	NT_175492.1
cavPor3:scaffold_928	scaffold_928		DS563783.1	DS563783.1	NT_175491.1
cavPor3:scaffold_929	scaffold_929		DS563784.1	DS563784.1	NT_175490.1
cavPor3:scaffold_93	scaffold_93		DS562948.1	DS562948.1	NT_176326.1
cavPor3:scaffold_930	scaffold_930		DS563785.1	DS563785.1	NT_175489.1
cavPor3:scaffold_931	scaffold_931		DS563786.1	DS563786.1	NT_175488.1
cavPor3:scaffold_932	scaffold_932		DS563787.1	DS563787.1	NT_175487.1
cavPor3:scaffold_933	scaffold_933		DS563788.1	DS563788.1	NT_175486.1
cavPor3:scaffold_934	scaffold_934		DS563789.1	DS563789.1	NT_175485.1
cavPor3:scaffold_935	scaffold_935		DS563790.1	DS563790.1	NT_175484.1
cavPor3:scaffold_936	scaffold_936		DS563791.1	DS563791.1	NT_175483.1
cavPor3:scaffold_937	scaffold_937		DS563792.1	DS563792.1	NT_175482.1
cavPor3:scaffold_938	scaffold_938		DS563793.1	DS563793.1	NT_175481.1
cavPor3:scaffold_939	scaffold_939		DS563794.1	DS563794.1	NT_175480.1
cavPor3:scaffold_94	scaffold_94		DS562949.1	DS562949.1	NT_176325.1
cavPor3:scaffold_940	scaffold_940		DS563795.1	DS563795.1	NT_175479.1
cavPor3:scaffold_941	scaffold_941		DS563796.1	DS563796.1	NT_175478.1
cavPor3:scaffold_942	scaffold_942		DS563797.1	DS563797.1	NT_175477.1
cavPor3:scaffold_943	scaffold_943		DS563798.1	DS563798.1	NT_175476.1
cavPor3:scaffold_944	scaffold_944		DS563799.1	DS563799.1	NT_175475.1
cavPor3:scaffold_945	scaffold_945		DS563800.1	DS563800.1	NT_175474.1
cavPor3:scaffold_946	scaffold_946		DS563801.1	DS563801.1	NT_175473.1
cavPor3:scaffold_947	scaffold_947		DS563802.1	DS563802.1	NT_175472.1
cavPor3:scaffold_948	scaffold_948		DS563803.1	DS563803.1	NT_175471.1
cavPor3:scaffold_949	scaffold_949		DS563804.1	DS563804.1	NT_175470.1
cavPor3:scaffold_95	scaffold_95		DS562950.1	DS562950.1	NT_176324.1
cavPor3:scaffold_950	scaffold_950		DS563805.1	DS563805.1	NT_175469.1
cavPor3:scaffold_951	scaffold_951		DS563806.1	DS563806.1	NT_175468.1
cavPor3:scaffold_952	scaffold_952		DS563807.1	DS563807.1	NT_175467.1
cavPor3:scaffold_953	scaffold_953		DS563808.1	DS563808.1	NT_175466.1
cavPor3:scaffold_954	scaffold_954		DS563809.1	DS563809.1	NT_175465.1
cavPor3:scaffold_955	scaffold_955		DS563810.1	DS563810.1	NT_175464.1
cavPor3:scaffold_956	scaffold_956		DS563811.1	DS563811.1	NT_175463.1
cavPor3:scaffold_957	scaffold_957		DS563812.1	DS563812.1	NT_175462.1
cavPor3:scaffold_958	scaffold_958		DS563813.1	DS563813.1	NT_175461.1
cavPor3:scaffold_959	scaffold_959		DS563814.1	DS563814.1	NT_175460.1
cavPor3:scaffold_96	scaffold_96		DS562951.1	DS562951.1	NT_176323.1
cavPor3:scaffold_960	scaffold_960		DS563815.1	DS563815.1	NT_175459.1
cavPor3:scaffold_961	scaffold_961		DS563816.1	DS563816.1	NT_175458.1
cavPor3:scaffold_962	scaffold_962		DS563817.1	DS563817.1	NT_175457.1
cavPor3:scaffold_963	scaffold_963		DS563818.1	DS563818.1	NT_175456.1
cavPor3:scaffold_964	scaffold_964		DS563819.1	DS563819.1	NT_175455.1
cavPor3:scaffold_965	scaffold_965		DS563820.1	DS563820.1	NT_175454.1
cavPor3:scaffold_966	scaffold_966		DS563821.1	DS563821.1	NT_175453.1
cavPor3:scaffold_967	scaffold_967		DS563822.1	DS563822.1	NT_175452.1
cavPor3:scaffold_968	scaffold_968		DS563823.1	DS563823.1	NT_175451.1
cavPor3:scaffold_969	scaffold_969		DS563824.1	DS563824.1	NT_175450.1
cavPor3:scaffold_97	scaffold_97		DS562952.1	DS562952.1	NT_176322.1
cavPor3:scaffold_970	scaffold_970		DS563825.1	DS563825.1	NT_175449.1
cavPor3:scaffold_971	scaffold_971		DS563826.1	DS563826.1	NT_175448.1
cavPor3:scaffold_972	scaffold_972		DS563827.1	DS563827.1	NT_175447.1
cavPor3:scaffold_973	scaffold_973		DS563828.1	DS563828.1	NT_175446.1
cavPor3:scaffold_974	scaffold_974		DS563829.1	DS563829.1	NT_175445.1
cavPor3:scaffold_975	scaffold_975		DS563830.1	DS563830.1	NT_175444.1
cavPor3:scaffold_976	scaffold_976		DS563831.1	DS563831.1	NT_175443.1
cavPor3:scaffold_977	scaffold_977		DS563832.1	DS563832.1	NT_175442.1
cavPor3:scaffold_978	scaffold_978		DS563833.1	DS563833.1	NT_175441.1
cavPor3:scaffold_979	scaffold_979		DS563834.1	DS563834.1	NT_175440.1
cavPor3:scaffold_98	scaffold_98		DS562953.1	DS562953.1	NT_176321.1
cavPor3:scaffold_980	scaffold_980		DS563835.1	DS563835.1	NT_175439.1
cavPor3:scaffold_981	scaffold_981		DS563836.1	DS563836.1	NT_175438.1
cavPor3:scaffold_982	scaffold_982		DS563837.1	DS563837.1	NT_175437.1
cavPor3:scaffold_983	scaffold_983		DS563838.1	DS563838.1	NT_175436.1
cavPor3:scaffold_984	scaffold_984		DS563839.1	DS563839.1	NT_175435.1
cavPor3:scaffold_985	scaffold_985		DS563840.1	DS563840.1	NT_175434.1
cavPor3:scaffold_986	scaffold_986		DS563841.1	DS563841.1	NT_175433.1
cavPor3:scaffold_987	scaffold_987		DS563842.1	DS563842.1	NT_175432.1
cavPor3:scaffold_988	scaffold_988		DS563843.1	DS563843.1	NT_175431.1
cavPor3:scaffold_989	scaffold_989		DS563844.1	DS563844.1	NT_175430.1
cavPor3:scaffold_99	scaffold_99		DS562954.1	DS562954.1	NT_176320.1
cavPor3:scaffold_990	scaffold_990		DS563845.1	DS563845.1	NT_175429.1
cavPor3:scaffold_991	scaffold_991		DS563846.1	DS563846.1	NT_175428.1
cavPor3:scaffold_992	scaffold_992		DS563847.1	DS563847.1	NT_175427.1
cavPor3:scaffold_993	scaffold_993		DS563848.1	DS563848.1	NT_175426.1
cavPor3:scaffold_994	scaffold_994		DS563849.1	DS563849.1	NT_175425.1
cavPor3:scaffold_995	scaffold_995		DS563850.1	DS563850.1	NT_175424.1
cavPor3:scaffold_996	scaffold_996		DS563851.1	DS563851.1	NT_175423.1
cavPor3:scaffold_997	scaffold_997		DS563852.1	DS563852.1	NT_175422.1
cavPor3:scaffold_998	scaffold_998		DS563853.1	DS563853.1	NT_175421.1
cavPor3:scaffold_999	scaffold_999		DS563854.1	DS563854.1	NT_175420.1
