seq_id	ucsc	assembly	ensembl	genbank	refseq
cerSim1:AKZM01053786	AKZM01053786			AKZM01053786.1	NW_004454392.1
cerSim1:AKZM01054128	AKZM01054128			AKZM01054128.1	NW_004454438.1
cerSim1:AKZM01054137	AKZM01054137			AKZM01054137.1	NW_004454442.1
cerSim1:AKZM01054138	AKZM01054138			AKZM01054138.1	NW_004454443.1
cerSim1:AKZM01054148	AKZM01054148			AKZM01054148.1	NW_004454446.1
cerSim1:AKZM01054158	AKZM01054158			AKZM01054158.1	NW_004454450.1
cerSim1:AKZM01054198	AKZM01054198			AKZM01054198.1	NW_004454459.1
cerSim1:AKZM01054230	AKZM01054230			AKZM01054230.1	NW_004454465.1
cerSim1:AKZM01054245	AKZM01054245			AKZM01054245.1	NW_004454469.1
cerSim1:AKZM01054246	AKZM01054246			AKZM01054246.1	NW_004454470.1
cerSim1:AKZM01054247	AKZM01054247			AKZM01054247.1	NW_004454471.1
cerSim1:AKZM01054251	AKZM01054251			AKZM01054251.1	NW_004454473.1
cerSim1:AKZM01054252	AKZM01054252			AKZM01054252.1	NW_004454474.1
cerSim1:AKZM01054261	AKZM01054261			AKZM01054261.1	NW_004454477.1
cerSim1:AKZM01054267	AKZM01054267			AKZM01054267.1	NW_004454479.1
cerSim1:AKZM01054274	AKZM01054274			AKZM01054274.1	NW_004454481.1
cerSim1:AKZM01054275	AKZM01054275			AKZM01054275.1	NW_004454482.1
cerSim1:AKZM01054278	AKZM01054278			AKZM01054278.1	NW_004454484.1
cerSim1:AKZM01054286	AKZM01054286			AKZM01054286.1	NW_004454488.1
cerSim1:AKZM01054293	AKZM01054293			AKZM01054293.1	NW_004454490.1
cerSim1:AKZM01054299	AKZM01054299			AKZM01054299.1	NW_004454492.1
cerSim1:AKZM01054300	AKZM01054300			AKZM01054300.1	NW_004454493.1
cerSim1:AKZM01054303	AKZM01054303			AKZM01054303.1	NW_004454495.1
cerSim1:AKZM01054317	AKZM01054317			AKZM01054317.1	NW_004454498.1
cerSim1:AKZM01054323	AKZM01054323			AKZM01054323.1	NW_004454500.1
cerSim1:AKZM01054330	AKZM01054330			AKZM01054330.1	NW_004454504.1
cerSim1:AKZM01054350	AKZM01054350			AKZM01054350.1	NW_004454510.1
cerSim1:AKZM01054353	AKZM01054353			AKZM01054353.1	NW_004454512.1
cerSim1:AKZM01054357	AKZM01054357			AKZM01054357.1	NW_004454514.1
cerSim1:AKZM01054358	AKZM01054358			AKZM01054358.1	NW_004454515.1
cerSim1:AKZM01054366	AKZM01054366			AKZM01054366.1	NW_004454518.1
cerSim1:AKZM01054367	AKZM01054367			AKZM01054367.1	NW_004454519.1
cerSim1:AKZM01054368	AKZM01054368			AKZM01054368.1	NW_004454520.1
cerSim1:AKZM01054372	AKZM01054372			AKZM01054372.1	NW_004454522.1
cerSim1:AKZM01054379	AKZM01054379			AKZM01054379.1	NW_004454525.1
cerSim1:AKZM01054382	AKZM01054382			AKZM01054382.1	NW_004454527.1
cerSim1:AKZM01054383	AKZM01054383			AKZM01054383.1	NW_004454528.1
cerSim1:AKZM01054396	AKZM01054396			AKZM01054396.1	NW_004454533.1
cerSim1:AKZM01054397	AKZM01054397			AKZM01054397.1	NW_004454534.1
cerSim1:AKZM01054398	AKZM01054398			AKZM01054398.1	NW_004454535.1
cerSim1:AKZM01054399	AKZM01054399			AKZM01054399.1	NW_004454536.1
cerSim1:AKZM01054400	AKZM01054400			AKZM01054400.1	NW_004454537.1
cerSim1:AKZM01054409	AKZM01054409			AKZM01054409.1	NW_004454540.1
cerSim1:AKZM01054416	AKZM01054416			AKZM01054416.1	NW_004454543.1
cerSim1:AKZM01054419	AKZM01054419			AKZM01054419.1	NW_004454545.1
cerSim1:AKZM01054425	AKZM01054425			AKZM01054425.1	NW_004454548.1
cerSim1:AKZM01054435	AKZM01054435			AKZM01054435.1	NW_004454552.1
cerSim1:AKZM01054436	AKZM01054436			AKZM01054436.1	NW_004454553.1
cerSim1:AKZM01054455	AKZM01054455			AKZM01054455.1	NW_004454558.1
cerSim1:AKZM01054462	AKZM01054462			AKZM01054462.1	NW_004454561.1
cerSim1:AKZM01054463	AKZM01054463			AKZM01054463.1	NW_004454562.1
cerSim1:AKZM01054464	AKZM01054464			AKZM01054464.1	NW_004454563.1
cerSim1:AKZM01054480	AKZM01054480			AKZM01054480.1	NW_004454568.1
cerSim1:AKZM01054497	AKZM01054497			AKZM01054497.1	NW_004454574.1
cerSim1:AKZM01054503	AKZM01054503			AKZM01054503.1	NW_004454576.1
cerSim1:AKZM01054512	AKZM01054512			AKZM01054512.1	NW_004454579.1
cerSim1:AKZM01054513	AKZM01054513			AKZM01054513.1	NW_004454580.1
cerSim1:AKZM01054523	AKZM01054523			AKZM01054523.1	NW_004454584.1
cerSim1:AKZM01054524	AKZM01054524			AKZM01054524.1	NW_004454585.1
cerSim1:AKZM01054525	AKZM01054525			AKZM01054525.1	NW_004454586.1
cerSim1:AKZM01054526	AKZM01054526			AKZM01054526.1	NW_004454587.1
cerSim1:AKZM01054527	AKZM01054527			AKZM01054527.1	NW_004454588.1
cerSim1:AKZM01054533	AKZM01054533			AKZM01054533.1	NW_004454590.1
cerSim1:AKZM01054534	AKZM01054534			AKZM01054534.1	NW_004454591.1
cerSim1:AKZM01054535	AKZM01054535			AKZM01054535.1	NW_004454592.1
cerSim1:AKZM01054536	AKZM01054536			AKZM01054536.1	NW_004454593.1
cerSim1:AKZM01054548	AKZM01054548			AKZM01054548.1	NW_004454597.1
cerSim1:AKZM01054549	AKZM01054549			AKZM01054549.1	NW_004454598.1
cerSim1:AKZM01054552	AKZM01054552			AKZM01054552.1	NW_004454600.1
cerSim1:AKZM01054557	AKZM01054557			AKZM01054557.1	NW_004454602.1
cerSim1:AKZM01054561	AKZM01054561			AKZM01054561.1	NW_004454604.1
cerSim1:AKZM01054562	AKZM01054562			AKZM01054562.1	NW_004454605.1
cerSim1:AKZM01054563	AKZM01054563			AKZM01054563.1	NW_004454606.1
cerSim1:AKZM01054566	AKZM01054566			AKZM01054566.1	NW_004454608.1
cerSim1:AKZM01054572	AKZM01054572			AKZM01054572.1	NW_004454610.1
cerSim1:AKZM01054573	AKZM01054573			AKZM01054573.1	NW_004454611.1
cerSim1:AKZM01054578	AKZM01054578			AKZM01054578.1	NW_004454613.1
cerSim1:AKZM01054579	AKZM01054579			AKZM01054579.1	NW_004454614.1
cerSim1:AKZM01054584	AKZM01054584			AKZM01054584.1	NW_004454617.1
cerSim1:AKZM01054592	AKZM01054592			AKZM01054592.1	NW_004454620.1
cerSim1:AKZM01054593	AKZM01054593			AKZM01054593.1	NW_004454621.1
cerSim1:AKZM01054594	AKZM01054594			AKZM01054594.1	NW_004454622.1
cerSim1:AKZM01054595	AKZM01054595			AKZM01054595.1	NW_004454623.1
cerSim1:AKZM01054596	AKZM01054596			AKZM01054596.1	NW_004454624.1
cerSim1:AKZM01054603	AKZM01054603			AKZM01054603.1	NW_004454626.1
cerSim1:AKZM01054607	AKZM01054607			AKZM01054607.1	NW_004454628.1
cerSim1:AKZM01054623	AKZM01054623			AKZM01054623.1	NW_004454634.1
cerSim1:AKZM01054627	AKZM01054627			AKZM01054627.1	NW_004454636.1
cerSim1:AKZM01054628	AKZM01054628			AKZM01054628.1	NW_004454637.1
cerSim1:AKZM01054635	AKZM01054635			AKZM01054635.1	NW_004454640.1
cerSim1:AKZM01054643	AKZM01054643			AKZM01054643.1	NW_004454643.1
cerSim1:AKZM01054644	AKZM01054644			AKZM01054644.1	NW_004454644.1
cerSim1:AKZM01054645	AKZM01054645			AKZM01054645.1	NW_004454645.1
cerSim1:AKZM01054646	AKZM01054646			AKZM01054646.1	NW_004454646.1
cerSim1:AKZM01054650	AKZM01054650			AKZM01054650.1	NW_004454648.1
cerSim1:AKZM01054662	AKZM01054662			AKZM01054662.1	NW_004454652.1
cerSim1:AKZM01054676	AKZM01054676			AKZM01054676.1	NW_004454657.1
cerSim1:AKZM01054677	AKZM01054677			AKZM01054677.1	NW_004454658.1
cerSim1:AKZM01054681	AKZM01054681			AKZM01054681.1	NW_004454660.1
cerSim1:AKZM01054682	AKZM01054682			AKZM01054682.1	NW_004454661.1
cerSim1:AKZM01054686	AKZM01054686			AKZM01054686.1	NW_004454663.1
cerSim1:AKZM01054689	AKZM01054689			AKZM01054689.1	NW_004454665.1
cerSim1:AKZM01054690	AKZM01054690			AKZM01054690.1	NW_004454666.1
cerSim1:AKZM01054697	AKZM01054697			AKZM01054697.1	NW_004454669.1
cerSim1:AKZM01054698	AKZM01054698			AKZM01054698.1	NW_004454670.1
cerSim1:AKZM01054699	AKZM01054699			AKZM01054699.1	NW_004454671.1
cerSim1:AKZM01054703	AKZM01054703			AKZM01054703.1	NW_004454673.1
cerSim1:AKZM01054704	AKZM01054704			AKZM01054704.1	NW_004454674.1
cerSim1:AKZM01054713	AKZM01054713			AKZM01054713.1	NW_004454678.1
cerSim1:AKZM01054731	AKZM01054731			AKZM01054731.1	NW_004454685.1
cerSim1:AKZM01054732	AKZM01054732			AKZM01054732.1	NW_004454686.1
cerSim1:AKZM01054733	AKZM01054733			AKZM01054733.1	NW_004454687.1
cerSim1:AKZM01054734	AKZM01054734			AKZM01054734.1	NW_004454688.1
cerSim1:AKZM01054744	AKZM01054744			AKZM01054744.1	NW_004454692.1
cerSim1:AKZM01054748	AKZM01054748			AKZM01054748.1	NW_004454694.1
cerSim1:AKZM01054754	AKZM01054754			AKZM01054754.1	NW_004454697.1
cerSim1:AKZM01054755	AKZM01054755			AKZM01054755.1	NW_004454698.1
cerSim1:AKZM01054756	AKZM01054756			AKZM01054756.1	NW_004454699.1
cerSim1:AKZM01054773	AKZM01054773			AKZM01054773.1	NW_004454705.1
cerSim1:AKZM01054777	AKZM01054777			AKZM01054777.1	NW_004454707.1
cerSim1:AKZM01054783	AKZM01054783			AKZM01054783.1	NW_004454709.1
cerSim1:AKZM01054789	AKZM01054789			AKZM01054789.1	NW_004454712.1
cerSim1:AKZM01054790	AKZM01054790			AKZM01054790.1	NW_004454713.1
cerSim1:AKZM01054799	AKZM01054799			AKZM01054799.1	NW_004454716.1
cerSim1:AKZM01054800	AKZM01054800			AKZM01054800.1	NW_004454717.1
cerSim1:AKZM01054807	AKZM01054807			AKZM01054807.1	NW_004454720.1
cerSim1:AKZM01054812	AKZM01054812			AKZM01054812.1	NW_004454722.1
cerSim1:AKZM01054813	AKZM01054813			AKZM01054813.1	NW_004454723.1
cerSim1:AKZM01054817	AKZM01054817			AKZM01054817.1	NW_004454725.1
cerSim1:AKZM01054821	AKZM01054821			AKZM01054821.1	NW_004454727.1
cerSim1:AKZM01054825	AKZM01054825			AKZM01054825.1	NW_004454729.1
cerSim1:AKZM01054826	AKZM01054826			AKZM01054826.1	NW_004454730.1
cerSim1:AKZM01054827	AKZM01054827			AKZM01054827.1	NW_004454731.1
cerSim1:AKZM01054828	AKZM01054828			AKZM01054828.1	NW_004454732.1
cerSim1:AKZM01054829	AKZM01054829			AKZM01054829.1	NW_004454733.1
cerSim1:AKZM01054833	AKZM01054833			AKZM01054833.1	NW_004454735.1
cerSim1:AKZM01054836	AKZM01054836			AKZM01054836.1	NW_004454737.1
cerSim1:AKZM01054848	AKZM01054848			AKZM01054848.1	NW_004454742.1
cerSim1:AKZM01054849	AKZM01054849			AKZM01054849.1	NW_004454743.1
cerSim1:AKZM01054850	AKZM01054850			AKZM01054850.1	NW_004454744.1
cerSim1:AKZM01054851	AKZM01054851			AKZM01054851.1	NW_004454745.1
cerSim1:AKZM01054852	AKZM01054852			AKZM01054852.1	NW_004454746.1
cerSim1:AKZM01054857	AKZM01054857			AKZM01054857.1	NW_004454748.1
cerSim1:AKZM01054869	AKZM01054869			AKZM01054869.1	NW_004454753.1
cerSim1:AKZM01054870	AKZM01054870			AKZM01054870.1	NW_004454754.1
cerSim1:AKZM01054874	AKZM01054874			AKZM01054874.1	NW_004454756.1
cerSim1:AKZM01054875	AKZM01054875			AKZM01054875.1	NW_004454757.1
cerSim1:AKZM01054879	AKZM01054879			AKZM01054879.1	NW_004454759.1
cerSim1:AKZM01054880	AKZM01054880			AKZM01054880.1	NW_004454760.1
cerSim1:AKZM01054888	AKZM01054888			AKZM01054888.1	NW_004454763.1
cerSim1:AKZM01054894	AKZM01054894			AKZM01054894.1	NW_004454766.1
cerSim1:AKZM01054904	AKZM01054904			AKZM01054904.1	NW_004454770.1
cerSim1:AKZM01054907	AKZM01054907			AKZM01054907.1	NW_004454772.1
cerSim1:AKZM01054911	AKZM01054911			AKZM01054911.1	NW_004454774.1
cerSim1:AKZM01054918	AKZM01054918			AKZM01054918.1	NW_004454777.1
cerSim1:AKZM01054919	AKZM01054919			AKZM01054919.1	NW_004454778.1
cerSim1:AKZM01054929	AKZM01054929			AKZM01054929.1	NW_004454782.1
cerSim1:AKZM01054930	AKZM01054930			AKZM01054930.1	NW_004454783.1
cerSim1:AKZM01054934	AKZM01054934			AKZM01054934.1	NW_004454785.1
cerSim1:AKZM01054935	AKZM01054935			AKZM01054935.1	NW_004454786.1
cerSim1:AKZM01054936	AKZM01054936			AKZM01054936.1	NW_004454787.1
cerSim1:AKZM01054940	AKZM01054940			AKZM01054940.1	NW_004454789.1
cerSim1:AKZM01054946	AKZM01054946			AKZM01054946.1	NW_004454792.1
cerSim1:AKZM01054955	AKZM01054955			AKZM01054955.1	NW_004454796.1
cerSim1:AKZM01054956	AKZM01054956			AKZM01054956.1	NW_004454797.1
cerSim1:AKZM01054961	AKZM01054961			AKZM01054961.1	NW_004454799.1
cerSim1:AKZM01054962	AKZM01054962			AKZM01054962.1	NW_004454800.1
cerSim1:AKZM01054963	AKZM01054963			AKZM01054963.1	NW_004454801.1
cerSim1:AKZM01054964	AKZM01054964			AKZM01054964.1	NW_004454802.1
cerSim1:AKZM01054971	AKZM01054971			AKZM01054971.1	NW_004454805.1
cerSim1:AKZM01054980	AKZM01054980			AKZM01054980.1	NW_004454809.1
cerSim1:AKZM01054981	AKZM01054981			AKZM01054981.1	NW_004454810.1
cerSim1:AKZM01054982	AKZM01054982			AKZM01054982.1	NW_004454811.1
cerSim1:AKZM01054983	AKZM01054983			AKZM01054983.1	NW_004454812.1
cerSim1:AKZM01054984	AKZM01054984			AKZM01054984.1	NW_004454813.1
cerSim1:AKZM01054985	AKZM01054985			AKZM01054985.1	NW_004454814.1
cerSim1:AKZM01054992	AKZM01054992			AKZM01054992.1	NW_004454817.1
cerSim1:AKZM01054993	AKZM01054993			AKZM01054993.1	NW_004454818.1
cerSim1:AKZM01054996	AKZM01054996			AKZM01054996.1	NW_004454820.1
cerSim1:AKZM01054997	AKZM01054997			AKZM01054997.1	NW_004454821.1
cerSim1:AKZM01055001	AKZM01055001			AKZM01055001.1	NW_004454823.1
cerSim1:AKZM01055010	AKZM01055010			AKZM01055010.1	NW_004454827.1
cerSim1:AKZM01055011	AKZM01055011			AKZM01055011.1	NW_004454828.1
cerSim1:AKZM01055012	AKZM01055012			AKZM01055012.1	NW_004454829.1
cerSim1:AKZM01055019	AKZM01055019			AKZM01055019.1	NW_004454832.1
cerSim1:AKZM01055020	AKZM01055020			AKZM01055020.1	NW_004454833.1
cerSim1:AKZM01055024	AKZM01055024			AKZM01055024.1	NW_004454835.1
cerSim1:AKZM01055025	AKZM01055025			AKZM01055025.1	NW_004454836.1
cerSim1:AKZM01055034	AKZM01055034			AKZM01055034.1	NW_004454840.1
cerSim1:AKZM01055039	AKZM01055039			AKZM01055039.1	NW_004454843.1
cerSim1:AKZM01055042	AKZM01055042			AKZM01055042.1	NW_004454845.1
cerSim1:AKZM01055043	AKZM01055043			AKZM01055043.1	NW_004454846.1
cerSim1:AKZM01055044	AKZM01055044			AKZM01055044.1	NW_004454847.1
cerSim1:AKZM01055050	AKZM01055050			AKZM01055050.1	NW_004454850.1
cerSim1:AKZM01055061	AKZM01055061			AKZM01055061.1	NW_004454854.1
cerSim1:AKZM01055062	AKZM01055062			AKZM01055062.1	NW_004454855.1
cerSim1:AKZM01055063	AKZM01055063			AKZM01055063.1	NW_004454856.1
cerSim1:AKZM01055068	AKZM01055068			AKZM01055068.1	NW_004454858.1
cerSim1:AKZM01055069	AKZM01055069			AKZM01055069.1	NW_004454859.1
cerSim1:AKZM01055070	AKZM01055070			AKZM01055070.1	NW_004454860.1
cerSim1:AKZM01055071	AKZM01055071			AKZM01055071.1	NW_004454861.1
cerSim1:AKZM01055072	AKZM01055072			AKZM01055072.1	NW_004454862.1
cerSim1:AKZM01055077	AKZM01055077			AKZM01055077.1	NW_004454865.1
cerSim1:AKZM01055078	AKZM01055078			AKZM01055078.1	NW_004454866.1
cerSim1:AKZM01055079	AKZM01055079			AKZM01055079.1	NW_004454867.1
cerSim1:AKZM01055080	AKZM01055080			AKZM01055080.1	NW_004454868.1
cerSim1:AKZM01055091	AKZM01055091			AKZM01055091.1	NW_004454873.1
cerSim1:AKZM01055092	AKZM01055092			AKZM01055092.1	NW_004454874.1
cerSim1:AKZM01055093	AKZM01055093			AKZM01055093.1	NW_004454875.1
cerSim1:AKZM01055096	AKZM01055096			AKZM01055096.1	NW_004454877.1
cerSim1:AKZM01055097	AKZM01055097			AKZM01055097.1	NW_004454878.1
cerSim1:AKZM01055098	AKZM01055098			AKZM01055098.1	NW_004454879.1
cerSim1:AKZM01055101	AKZM01055101			AKZM01055101.1	NW_004454881.1
cerSim1:AKZM01055102	AKZM01055102			AKZM01055102.1	NW_004454882.1
cerSim1:AKZM01055107	AKZM01055107			AKZM01055107.1	NW_004454885.1
cerSim1:AKZM01055117	AKZM01055117			AKZM01055117.1	NW_004454890.1
cerSim1:AKZM01055118	AKZM01055118			AKZM01055118.1	NW_004454891.1
cerSim1:AKZM01055121	AKZM01055121			AKZM01055121.1	NW_004454893.1
cerSim1:AKZM01055124	AKZM01055124			AKZM01055124.1	NW_004454895.1
cerSim1:AKZM01055125	AKZM01055125			AKZM01055125.1	NW_004454896.1
cerSim1:AKZM01055128	AKZM01055128			AKZM01055128.1	NW_004454898.1
cerSim1:AKZM01055132	AKZM01055132			AKZM01055132.1	NW_004454900.1
cerSim1:AKZM01055133	AKZM01055133			AKZM01055133.1	NW_004454901.1
cerSim1:AKZM01055140	AKZM01055140			AKZM01055140.1	NW_004454905.1
cerSim1:AKZM01055141	AKZM01055141			AKZM01055141.1	NW_004454906.1
cerSim1:AKZM01055142	AKZM01055142			AKZM01055142.1	NW_004454907.1
cerSim1:AKZM01055146	AKZM01055146			AKZM01055146.1	NW_004454909.1
cerSim1:AKZM01055147	AKZM01055147			AKZM01055147.1	NW_004454910.1
cerSim1:AKZM01055148	AKZM01055148			AKZM01055148.1	NW_004454911.1
cerSim1:AKZM01055149	AKZM01055149			AKZM01055149.1	NW_004454912.1
cerSim1:AKZM01055150	AKZM01055150			AKZM01055150.1	NW_004454913.1
cerSim1:AKZM01055151	AKZM01055151			AKZM01055151.1	NW_004454914.1
cerSim1:AKZM01055152	AKZM01055152			AKZM01055152.1	NW_004454915.1
cerSim1:AKZM01055156	AKZM01055156			AKZM01055156.1	NW_004454917.1
cerSim1:AKZM01055159	AKZM01055159			AKZM01055159.1	NW_004454919.1
cerSim1:AKZM01055162	AKZM01055162			AKZM01055162.1	NW_004454921.1
cerSim1:AKZM01055167	AKZM01055167			AKZM01055167.1	NW_004454924.1
cerSim1:AKZM01055168	AKZM01055168			AKZM01055168.1	NW_004454925.1
cerSim1:AKZM01055169	AKZM01055169			AKZM01055169.1	NW_004454926.1
cerSim1:AKZM01055174	AKZM01055174			AKZM01055174.1	NW_004454928.1
cerSim1:AKZM01055177	AKZM01055177			AKZM01055177.1	NW_004454930.1
cerSim1:AKZM01055178	AKZM01055178			AKZM01055178.1	NW_004454931.1
cerSim1:AKZM01055181	AKZM01055181			AKZM01055181.1	NW_004454933.1
cerSim1:AKZM01055182	AKZM01055182			AKZM01055182.1	NW_004454934.1
cerSim1:AKZM01055183	AKZM01055183			AKZM01055183.1	NW_004454935.1
cerSim1:AKZM01055187	AKZM01055187			AKZM01055187.1	NW_004454937.1
cerSim1:AKZM01055188	AKZM01055188			AKZM01055188.1	NW_004454938.1
cerSim1:AKZM01055189	AKZM01055189			AKZM01055189.1	NW_004454939.1
cerSim1:AKZM01055198	AKZM01055198			AKZM01055198.1	NW_004454943.1
cerSim1:AKZM01055207	AKZM01055207			AKZM01055207.1	NW_004454947.1
cerSim1:AKZM01055208	AKZM01055208			AKZM01055208.1	NW_004454948.1
cerSim1:AKZM01055209	AKZM01055209			AKZM01055209.1	NW_004454949.1
cerSim1:AKZM01055210	AKZM01055210			AKZM01055210.1	NW_004454950.1
cerSim1:AKZM01055213	AKZM01055213			AKZM01055213.1	NW_004454952.1
cerSim1:AKZM01055216	AKZM01055216			AKZM01055216.1	NW_004454954.1
cerSim1:AKZM01055217	AKZM01055217			AKZM01055217.1	NW_004454955.1
cerSim1:AKZM01055218	AKZM01055218			AKZM01055218.1	NW_004454956.1
cerSim1:AKZM01055221	AKZM01055221			AKZM01055221.1	NW_004454958.1
cerSim1:AKZM01055222	AKZM01055222			AKZM01055222.1	NW_004454959.1
cerSim1:AKZM01055225	AKZM01055225			AKZM01055225.1	NW_004454961.1
cerSim1:AKZM01055228	AKZM01055228			AKZM01055228.1	NW_004454963.1
cerSim1:AKZM01055229	AKZM01055229			AKZM01055229.1	NW_004454964.1
cerSim1:AKZM01055235	AKZM01055235			AKZM01055235.1	NW_004454967.1
cerSim1:AKZM01055236	AKZM01055236			AKZM01055236.1	NW_004454968.1
cerSim1:AKZM01055239	AKZM01055239			AKZM01055239.1	NW_004454970.1
cerSim1:AKZM01055251	AKZM01055251			AKZM01055251.1	NW_004454976.1
cerSim1:AKZM01055252	AKZM01055252			AKZM01055252.1	NW_004454977.1
cerSim1:AKZM01055255	AKZM01055255			AKZM01055255.1	NW_004454979.1
cerSim1:AKZM01055258	AKZM01055258			AKZM01055258.1	NW_004454981.1
cerSim1:AKZM01055269	AKZM01055269			AKZM01055269.1	NW_004454987.1
cerSim1:AKZM01055270	AKZM01055270			AKZM01055270.1	NW_004454988.1
cerSim1:AKZM01055275	AKZM01055275			AKZM01055275.1	NW_004454991.1
cerSim1:AKZM01055278	AKZM01055278			AKZM01055278.1	NW_004454993.1
cerSim1:AKZM01055283	AKZM01055283			AKZM01055283.1	NW_004454996.1
cerSim1:AKZM01055284	AKZM01055284			AKZM01055284.1	NW_004454997.1
cerSim1:AKZM01055291	AKZM01055291			AKZM01055291.1	NW_004455001.1
cerSim1:AKZM01055292	AKZM01055292			AKZM01055292.1	NW_004455002.1
cerSim1:AKZM01055295	AKZM01055295			AKZM01055295.1	NW_004455004.1
cerSim1:AKZM01055298	AKZM01055298			AKZM01055298.1	NW_004455006.1
cerSim1:AKZM01055305	AKZM01055305			AKZM01055305.1	NW_004455010.1
cerSim1:AKZM01055306	AKZM01055306			AKZM01055306.1	NW_004455011.1
cerSim1:AKZM01055311	AKZM01055311			AKZM01055311.1	NW_004455014.1
cerSim1:AKZM01055314	AKZM01055314			AKZM01055314.1	NW_004455016.1
cerSim1:AKZM01055315	AKZM01055315			AKZM01055315.1	NW_004455017.1
cerSim1:AKZM01055316	AKZM01055316			AKZM01055316.1	NW_004455018.1
cerSim1:AKZM01055317	AKZM01055317			AKZM01055317.1	NW_004455019.1
cerSim1:AKZM01055318	AKZM01055318			AKZM01055318.1	NW_004455020.1
cerSim1:AKZM01055319	AKZM01055319			AKZM01055319.1	NW_004455021.1
cerSim1:AKZM01055334	AKZM01055334			AKZM01055334.1	NW_004455028.1
cerSim1:AKZM01055337	AKZM01055337			AKZM01055337.1	NW_004455030.1
cerSim1:AKZM01055342	AKZM01055342			AKZM01055342.1	NW_004455033.1
cerSim1:AKZM01055353	AKZM01055353			AKZM01055353.1	NW_004455039.1
cerSim1:AKZM01055354	AKZM01055354			AKZM01055354.1	NW_004455040.1
cerSim1:AKZM01055355	AKZM01055355			AKZM01055355.1	NW_004455041.1
cerSim1:AKZM01055362	AKZM01055362			AKZM01055362.1	NW_004455045.1
cerSim1:AKZM01055365	AKZM01055365			AKZM01055365.1	NW_004455047.1
cerSim1:AKZM01055366	AKZM01055366			AKZM01055366.1	NW_004455048.1
cerSim1:AKZM01055367	AKZM01055367			AKZM01055367.1	NW_004455049.1
cerSim1:AKZM01055368	AKZM01055368			AKZM01055368.1	NW_004455050.1
cerSim1:AKZM01055373	AKZM01055373			AKZM01055373.1	NW_004455053.1
cerSim1:AKZM01055378	AKZM01055378			AKZM01055378.1	NW_004455056.1
cerSim1:AKZM01055385	AKZM01055385			AKZM01055385.1	NW_004455060.1
cerSim1:AKZM01055386	AKZM01055386			AKZM01055386.1	NW_004455061.1
cerSim1:AKZM01055389	AKZM01055389			AKZM01055389.1	NW_004455063.1
cerSim1:AKZM01055394	AKZM01055394			AKZM01055394.1	NW_004455066.1
cerSim1:AKZM01055397	AKZM01055397			AKZM01055397.1	NW_004455068.1
cerSim1:AKZM01055402	AKZM01055402			AKZM01055402.1	NW_004455071.1
cerSim1:AKZM01055405	AKZM01055405			AKZM01055405.1	NW_004455073.1
cerSim1:AKZM01055412	AKZM01055412			AKZM01055412.1	NW_004455077.1
cerSim1:AKZM01055413	AKZM01055413			AKZM01055413.1	NW_004455078.1
cerSim1:AKZM01055414	AKZM01055414			AKZM01055414.1	NW_004455079.1
cerSim1:AKZM01055417	AKZM01055417			AKZM01055417.1	NW_004455081.1
cerSim1:AKZM01055420	AKZM01055420			AKZM01055420.1	NW_004455083.1
cerSim1:AKZM01055421	AKZM01055421			AKZM01055421.1	NW_004455084.1
cerSim1:AKZM01055428	AKZM01055428			AKZM01055428.1	NW_004455088.1
cerSim1:AKZM01055433	AKZM01055433			AKZM01055433.1	NW_004455091.1
cerSim1:AKZM01055441	AKZM01055441			AKZM01055441.1	NW_004455095.1
cerSim1:AKZM01055447	AKZM01055447			AKZM01055447.1	NW_004455098.1
cerSim1:AKZM01055448	AKZM01055448			AKZM01055448.1	NW_004455099.1
cerSim1:AKZM01055449	AKZM01055449			AKZM01055449.1	NW_004455100.1
cerSim1:AKZM01055450	AKZM01055450			AKZM01055450.1	NW_004455101.1
cerSim1:AKZM01055453	AKZM01055453			AKZM01055453.1	NW_004455103.1
cerSim1:AKZM01055454	AKZM01055454			AKZM01055454.1	NW_004455104.1
cerSim1:AKZM01055461	AKZM01055461			AKZM01055461.1	NW_004455108.1
cerSim1:AKZM01055464	AKZM01055464			AKZM01055464.1	NW_004455110.1
cerSim1:AKZM01055465	AKZM01055465			AKZM01055465.1	NW_004455111.1
cerSim1:AKZM01055466	AKZM01055466			AKZM01055466.1	NW_004455112.1
cerSim1:AKZM01055467	AKZM01055467			AKZM01055467.1	NW_004455113.1
cerSim1:AKZM01055477	AKZM01055477			AKZM01055477.1	NW_004455118.1
cerSim1:AKZM01055478	AKZM01055478			AKZM01055478.1	NW_004455119.1
cerSim1:AKZM01055479	AKZM01055479			AKZM01055479.1	NW_004455120.1
cerSim1:AKZM01055491	AKZM01055491			AKZM01055491.1	NW_004455126.1
cerSim1:AKZM01055502	AKZM01055502			AKZM01055502.1	NW_004455132.1
cerSim1:AKZM01055503	AKZM01055503			AKZM01055503.1	NW_004455133.1
cerSim1:AKZM01055504	AKZM01055504			AKZM01055504.1	NW_004455134.1
cerSim1:AKZM01055510	AKZM01055510			AKZM01055510.1	NW_004455137.1
cerSim1:AKZM01055511	AKZM01055511			AKZM01055511.1	NW_004455138.1
cerSim1:AKZM01055521	AKZM01055521			AKZM01055521.1	NW_004455143.1
cerSim1:AKZM01055526	AKZM01055526			AKZM01055526.1	NW_004455146.1
cerSim1:AKZM01055532	AKZM01055532			AKZM01055532.1	NW_004455149.1
cerSim1:AKZM01055536	AKZM01055536			AKZM01055536.1	NW_004455151.1
cerSim1:AKZM01055537	AKZM01055537			AKZM01055537.1	NW_004455152.1
cerSim1:AKZM01055538	AKZM01055538			AKZM01055538.1	NW_004455153.1
cerSim1:AKZM01055539	AKZM01055539			AKZM01055539.1	NW_004455154.1
cerSim1:AKZM01055540	AKZM01055540			AKZM01055540.1	NW_004455155.1
cerSim1:AKZM01055544	AKZM01055544			AKZM01055544.1	NW_004455157.1
cerSim1:AKZM01055545	AKZM01055545			AKZM01055545.1	NW_004455158.1
cerSim1:AKZM01055552	AKZM01055552			AKZM01055552.1	NW_004455162.1
cerSim1:AKZM01055567	AKZM01055567			AKZM01055567.1	NW_004455170.1
cerSim1:AKZM01055576	AKZM01055576			AKZM01055576.1	NW_004455175.1
cerSim1:AKZM01055579	AKZM01055579			AKZM01055579.1	NW_004455177.1
cerSim1:AKZM01055598	AKZM01055598			AKZM01055598.1	NW_004455187.1
cerSim1:AKZM01055603	AKZM01055603			AKZM01055603.1	NW_004455190.1
cerSim1:AKZM01055606	AKZM01055606			AKZM01055606.1	NW_004455192.1
cerSim1:AKZM01055607	AKZM01055607			AKZM01055607.1	NW_004455193.1
cerSim1:AKZM01055608	AKZM01055608			AKZM01055608.1	NW_004455194.1
cerSim1:AKZM01055615	AKZM01055615			AKZM01055615.1	NW_004455198.1
cerSim1:AKZM01055620	AKZM01055620			AKZM01055620.1	NW_004455201.1
cerSim1:AKZM01055630	AKZM01055630			AKZM01055630.1	NW_004455206.1
cerSim1:AKZM01055631	AKZM01055631			AKZM01055631.1	NW_004455207.1
cerSim1:AKZM01055636	AKZM01055636			AKZM01055636.1	NW_004455210.1
cerSim1:AKZM01055637	AKZM01055637			AKZM01055637.1	NW_004455211.1
cerSim1:AKZM01055642	AKZM01055642			AKZM01055642.1	NW_004455214.1
cerSim1:AKZM01055643	AKZM01055643			AKZM01055643.1	NW_004455215.1
cerSim1:AKZM01055644	AKZM01055644			AKZM01055644.1	NW_004455216.1
cerSim1:AKZM01055645	AKZM01055645			AKZM01055645.1	NW_004455217.1
cerSim1:AKZM01055650	AKZM01055650			AKZM01055650.1	NW_004455220.1
cerSim1:AKZM01055651	AKZM01055651			AKZM01055651.1	NW_004455221.1
cerSim1:AKZM01055652	AKZM01055652			AKZM01055652.1	NW_004455222.1
cerSim1:AKZM01055657	AKZM01055657			AKZM01055657.1	NW_004455225.1
cerSim1:AKZM01055665	AKZM01055665			AKZM01055665.1	NW_004455229.1
cerSim1:AKZM01055670	AKZM01055670			AKZM01055670.1	NW_004455232.1
cerSim1:AKZM01055682	AKZM01055682			AKZM01055682.1	NW_004455238.1
cerSim1:AKZM01055685	AKZM01055685			AKZM01055685.1	NW_004455240.1
cerSim1:AKZM01055691	AKZM01055691			AKZM01055691.1	NW_004455243.1
cerSim1:AKZM01055692	AKZM01055692			AKZM01055692.1	NW_004455244.1
cerSim1:AKZM01055693	AKZM01055693			AKZM01055693.1	NW_004455245.1
cerSim1:AKZM01055698	AKZM01055698			AKZM01055698.1	NW_004455248.1
cerSim1:AKZM01055699	AKZM01055699			AKZM01055699.1	NW_004455249.1
cerSim1:AKZM01055702	AKZM01055702			AKZM01055702.1	NW_004455251.1
cerSim1:AKZM01055703	AKZM01055703			AKZM01055703.1	NW_004455252.1
cerSim1:AKZM01055704	AKZM01055704			AKZM01055704.1	NW_004455253.1
cerSim1:AKZM01055707	AKZM01055707			AKZM01055707.1	NW_004455255.1
cerSim1:AKZM01055710	AKZM01055710			AKZM01055710.1	NW_004455257.1
cerSim1:AKZM01055717	AKZM01055717			AKZM01055717.1	NW_004455261.1
cerSim1:AKZM01055720	AKZM01055720			AKZM01055720.1	NW_004455263.1
cerSim1:AKZM01055725	AKZM01055725			AKZM01055725.1	NW_004455266.1
cerSim1:AKZM01055726	AKZM01055726			AKZM01055726.1	NW_004455267.1
cerSim1:AKZM01055729	AKZM01055729			AKZM01055729.1	NW_004455269.1
cerSim1:AKZM01055734	AKZM01055734			AKZM01055734.1	NW_004455272.1
cerSim1:AKZM01055735	AKZM01055735			AKZM01055735.1	NW_004455273.1
cerSim1:AKZM01055750	AKZM01055750			AKZM01055750.1	NW_004455281.1
cerSim1:AKZM01055761	AKZM01055761			AKZM01055761.1	NW_004455287.1
cerSim1:AKZM01055762	AKZM01055762			AKZM01055762.1	NW_004455288.1
cerSim1:AKZM01055767	AKZM01055767			AKZM01055767.1	NW_004455291.1
cerSim1:AKZM01055770	AKZM01055770			AKZM01055770.1	NW_004455293.1
cerSim1:AKZM01055773	AKZM01055773			AKZM01055773.1	NW_004455295.1
cerSim1:AKZM01055776	AKZM01055776			AKZM01055776.1	NW_004455297.1
cerSim1:AKZM01055780	AKZM01055780			AKZM01055780.1	NW_004455299.1
cerSim1:AKZM01055785	AKZM01055785			AKZM01055785.1	NW_004455301.1
cerSim1:AKZM01055786	AKZM01055786			AKZM01055786.1	NW_004455302.1
cerSim1:AKZM01055787	AKZM01055787			AKZM01055787.1	NW_004455303.1
cerSim1:AKZM01055788	AKZM01055788			AKZM01055788.1	NW_004455304.1
cerSim1:AKZM01055791	AKZM01055791			AKZM01055791.1	NW_004455306.1
cerSim1:AKZM01055794	AKZM01055794			AKZM01055794.1	NW_004455308.1
cerSim1:AKZM01055795	AKZM01055795			AKZM01055795.1	NW_004455309.1
cerSim1:AKZM01055796	AKZM01055796			AKZM01055796.1	NW_004455310.1
cerSim1:AKZM01055803	AKZM01055803			AKZM01055803.1	NW_004455314.1
cerSim1:AKZM01055806	AKZM01055806			AKZM01055806.1	NW_004455316.1
cerSim1:AKZM01055809	AKZM01055809			AKZM01055809.1	NW_004455318.1
cerSim1:AKZM01055812	AKZM01055812			AKZM01055812.1	NW_004455320.1
cerSim1:AKZM01055817	AKZM01055817			AKZM01055817.1	NW_004455323.1
cerSim1:AKZM01055818	AKZM01055818			AKZM01055818.1	NW_004455324.1
cerSim1:AKZM01055821	AKZM01055821			AKZM01055821.1	NW_004455326.1
cerSim1:AKZM01055824	AKZM01055824			AKZM01055824.1	NW_004455328.1
cerSim1:AKZM01055831	AKZM01055831			AKZM01055831.1	NW_004455332.1
cerSim1:AKZM01055832	AKZM01055832			AKZM01055832.1	NW_004455333.1
cerSim1:AKZM01055833	AKZM01055833			AKZM01055833.1	NW_004455334.1
cerSim1:AKZM01055834	AKZM01055834			AKZM01055834.1	NW_004455335.1
cerSim1:AKZM01055835	AKZM01055835			AKZM01055835.1	NW_004455336.1
cerSim1:AKZM01055836	AKZM01055836			AKZM01055836.1	NW_004455337.1
cerSim1:AKZM01055841	AKZM01055841			AKZM01055841.1	NW_004455340.1
cerSim1:AKZM01055844	AKZM01055844			AKZM01055844.1	NW_004455342.1
cerSim1:AKZM01055847	AKZM01055847			AKZM01055847.1	NW_004455344.1
cerSim1:AKZM01055848	AKZM01055848			AKZM01055848.1	NW_004455345.1
cerSim1:AKZM01055851	AKZM01055851			AKZM01055851.1	NW_004455347.1
cerSim1:AKZM01055854	AKZM01055854			AKZM01055854.1	NW_004455349.1
cerSim1:AKZM01055855	AKZM01055855			AKZM01055855.1	NW_004455350.1
cerSim1:AKZM01055856	AKZM01055856			AKZM01055856.1	NW_004455351.1
cerSim1:AKZM01055859	AKZM01055859			AKZM01055859.1	NW_004455353.1
cerSim1:AKZM01055860	AKZM01055860			AKZM01055860.1	NW_004455354.1
cerSim1:AKZM01055861	AKZM01055861			AKZM01055861.1	NW_004455355.1
cerSim1:AKZM01055866	AKZM01055866			AKZM01055866.1	NW_004455358.1
cerSim1:AKZM01055874	AKZM01055874			AKZM01055874.1	NW_004455362.1
cerSim1:AKZM01055875	AKZM01055875			AKZM01055875.1	NW_004455363.1
cerSim1:AKZM01055876	AKZM01055876			AKZM01055876.1	NW_004455364.1
cerSim1:AKZM01055877	AKZM01055877			AKZM01055877.1	NW_004455365.1
cerSim1:AKZM01055878	AKZM01055878			AKZM01055878.1	NW_004455366.1
cerSim1:AKZM01055879	AKZM01055879			AKZM01055879.1	NW_004455367.1
cerSim1:AKZM01055880	AKZM01055880			AKZM01055880.1	NW_004455368.1
cerSim1:AKZM01055881	AKZM01055881			AKZM01055881.1	NW_004455369.1
cerSim1:AKZM01055886	AKZM01055886			AKZM01055886.1	NW_004455372.1
cerSim1:AKZM01055887	AKZM01055887			AKZM01055887.1	NW_004455373.1
cerSim1:AKZM01055888	AKZM01055888			AKZM01055888.1	NW_004455374.1
cerSim1:AKZM01055889	AKZM01055889			AKZM01055889.1	NW_004455375.1
cerSim1:AKZM01055892	AKZM01055892			AKZM01055892.1	NW_004455377.1
cerSim1:AKZM01055897	AKZM01055897			AKZM01055897.1	NW_004455380.1
cerSim1:AKZM01055898	AKZM01055898			AKZM01055898.1	NW_004455381.1
cerSim1:AKZM01055901	AKZM01055901			AKZM01055901.1	NW_004455383.1
cerSim1:AKZM01055902	AKZM01055902			AKZM01055902.1	NW_004455384.1
cerSim1:AKZM01055903	AKZM01055903			AKZM01055903.1	NW_004455385.1
cerSim1:AKZM01055904	AKZM01055904			AKZM01055904.1	NW_004455386.1
cerSim1:AKZM01055905	AKZM01055905			AKZM01055905.1	NW_004455387.1
cerSim1:AKZM01055906	AKZM01055906			AKZM01055906.1	NW_004455388.1
cerSim1:AKZM01055907	AKZM01055907			AKZM01055907.1	NW_004455389.1
cerSim1:AKZM01055908	AKZM01055908			AKZM01055908.1	NW_004455390.1
cerSim1:AKZM01055909	AKZM01055909			AKZM01055909.1	NW_004455391.1
cerSim1:AKZM01055912	AKZM01055912			AKZM01055912.1	NW_004455393.1
cerSim1:AKZM01055913	AKZM01055913			AKZM01055913.1	NW_004455394.1
cerSim1:AKZM01055914	AKZM01055914			AKZM01055914.1	NW_004455395.1
cerSim1:AKZM01055915	AKZM01055915			AKZM01055915.1	NW_004455396.1
cerSim1:AKZM01055918	AKZM01055918			AKZM01055918.1	NW_004455398.1
cerSim1:AKZM01055921	AKZM01055921			AKZM01055921.1	NW_004455400.1
cerSim1:AKZM01055926	AKZM01055926			AKZM01055926.1	NW_004455403.1
cerSim1:AKZM01055929	AKZM01055929			AKZM01055929.1	NW_004455405.1
cerSim1:AKZM01055930	AKZM01055930			AKZM01055930.1	NW_004455406.1
cerSim1:AKZM01055931	AKZM01055931			AKZM01055931.1	NW_004455407.1
cerSim1:AKZM01055932	AKZM01055932			AKZM01055932.1	NW_004455408.1
cerSim1:AKZM01055933	AKZM01055933			AKZM01055933.1	NW_004455409.1
cerSim1:AKZM01055934	AKZM01055934			AKZM01055934.1	NW_004455410.1
cerSim1:AKZM01055935	AKZM01055935			AKZM01055935.1	NW_004455411.1
cerSim1:AKZM01055936	AKZM01055936			AKZM01055936.1	NW_004455412.1
cerSim1:AKZM01055943	AKZM01055943			AKZM01055943.1	NW_004455416.1
cerSim1:AKZM01055944	AKZM01055944			AKZM01055944.1	NW_004455417.1
cerSim1:AKZM01055945	AKZM01055945			AKZM01055945.1	NW_004455418.1
cerSim1:AKZM01055948	AKZM01055948			AKZM01055948.1	NW_004455420.1
cerSim1:AKZM01055949	AKZM01055949			AKZM01055949.1	NW_004455421.1
cerSim1:AKZM01055952	AKZM01055952			AKZM01055952.1	NW_004455423.1
cerSim1:AKZM01055953	AKZM01055953			AKZM01055953.1	NW_004455424.1
cerSim1:AKZM01055954	AKZM01055954			AKZM01055954.1	NW_004455425.1
cerSim1:AKZM01055955	AKZM01055955			AKZM01055955.1	NW_004455426.1
cerSim1:AKZM01055956	AKZM01055956			AKZM01055956.1	NW_004455427.1
cerSim1:AKZM01055959	AKZM01055959			AKZM01055959.1	NW_004455429.1
cerSim1:AKZM01055968	AKZM01055968			AKZM01055968.1	NW_004455434.1
cerSim1:AKZM01055969	AKZM01055969			AKZM01055969.1	NW_004455435.1
cerSim1:AKZM01055970	AKZM01055970			AKZM01055970.1	NW_004455436.1
cerSim1:AKZM01055973	AKZM01055973			AKZM01055973.1	NW_004455438.1
cerSim1:AKZM01055974	AKZM01055974			AKZM01055974.1	NW_004455439.1
cerSim1:AKZM01055975	AKZM01055975			AKZM01055975.1	NW_004455440.1
cerSim1:AKZM01055976	AKZM01055976			AKZM01055976.1	NW_004455441.1
cerSim1:AKZM01055979	AKZM01055979			AKZM01055979.1	NW_004455443.1
cerSim1:AKZM01055980	AKZM01055980			AKZM01055980.1	NW_004455444.1
cerSim1:AKZM01055981	AKZM01055981			AKZM01055981.1	NW_004455445.1
cerSim1:AKZM01055982	AKZM01055982			AKZM01055982.1	NW_004455446.1
cerSim1:AKZM01055985	AKZM01055985			AKZM01055985.1	NW_004455448.1
cerSim1:AKZM01055986	AKZM01055986			AKZM01055986.1	NW_004455449.1
cerSim1:AKZM01055987	AKZM01055987			AKZM01055987.1	NW_004455450.1
cerSim1:AKZM01055988	AKZM01055988			AKZM01055988.1	NW_004455451.1
cerSim1:AKZM01055989	AKZM01055989			AKZM01055989.1	NW_004455452.1
cerSim1:AKZM01055990	AKZM01055990			AKZM01055990.1	NW_004455453.1
cerSim1:AKZM01055991	AKZM01055991			AKZM01055991.1	NW_004455454.1
cerSim1:AKZM01055992	AKZM01055992			AKZM01055992.1	NW_004455455.1
cerSim1:AKZM01055993	AKZM01055993			AKZM01055993.1	NW_004455456.1
cerSim1:AKZM01055994	AKZM01055994			AKZM01055994.1	NW_004455457.1
cerSim1:AKZM01055997	AKZM01055997			AKZM01055997.1	NW_004455459.1
cerSim1:AKZM01056000	AKZM01056000			AKZM01056000.1	NW_004455461.1
cerSim1:AKZM01056001	AKZM01056001			AKZM01056001.1	NW_004455462.1
cerSim1:AKZM01056002	AKZM01056002			AKZM01056002.1	NW_004455463.1
cerSim1:AKZM01056005	AKZM01056005			AKZM01056005.1	NW_004455465.1
cerSim1:AKZM01056006	AKZM01056006			AKZM01056006.1	NW_004455466.1
cerSim1:AKZM01056007	AKZM01056007			AKZM01056007.1	NW_004455467.1
cerSim1:AKZM01056010	AKZM01056010			AKZM01056010.1	NW_004455469.1
cerSim1:AKZM01056011	AKZM01056011			AKZM01056011.1	NW_004455470.1
cerSim1:AKZM01056012	AKZM01056012			AKZM01056012.1	NW_004455471.1
cerSim1:AKZM01056013	AKZM01056013			AKZM01056013.1	NW_004455472.1
cerSim1:AKZM01056014	AKZM01056014			AKZM01056014.1	NW_004455473.1
cerSim1:AKZM01056015	AKZM01056015			AKZM01056015.1	NW_004455474.1
cerSim1:AKZM01056018	AKZM01056018			AKZM01056018.1	NW_004455476.1
cerSim1:AKZM01056019	AKZM01056019			AKZM01056019.1	NW_004455477.1
cerSim1:AKZM01056024	AKZM01056024			AKZM01056024.1	NW_004455479.1
cerSim1:AKZM01056025	AKZM01056025			AKZM01056025.1	NW_004455480.1
cerSim1:AKZM01056026	AKZM01056026			AKZM01056026.1	NW_004455481.1
cerSim1:AKZM01056027	AKZM01056027			AKZM01056027.1	NW_004455482.1
cerSim1:AKZM01056028	AKZM01056028			AKZM01056028.1	NW_004455483.1
cerSim1:AKZM01056029	AKZM01056029			AKZM01056029.1	NW_004455484.1
cerSim1:AKZM01056030	AKZM01056030			AKZM01056030.1	NW_004455485.1
cerSim1:AKZM01056031	AKZM01056031			AKZM01056031.1	NW_004455486.1
cerSim1:AKZM01056032	AKZM01056032			AKZM01056032.1	NW_004455487.1
cerSim1:AKZM01056033	AKZM01056033			AKZM01056033.1	NW_004455488.1
cerSim1:AKZM01056038	AKZM01056038			AKZM01056038.1	NW_004455491.1
cerSim1:AKZM01056039	AKZM01056039			AKZM01056039.1	NW_004455492.1
cerSim1:AKZM01056040	AKZM01056040			AKZM01056040.1	NW_004455493.1
cerSim1:AKZM01056041	AKZM01056041			AKZM01056041.1	NW_004455494.1
cerSim1:AKZM01056042	AKZM01056042			AKZM01056042.1	NW_004455495.1
cerSim1:AKZM01056047	AKZM01056047			AKZM01056047.1	NW_004455498.1
cerSim1:AKZM01056052	AKZM01056052			AKZM01056052.1	NW_004455501.1
cerSim1:AKZM01056055	AKZM01056055			AKZM01056055.1	NW_004455503.1
cerSim1:AKZM01056056	AKZM01056056			AKZM01056056.1	NW_004455504.1
cerSim1:AKZM01056057	AKZM01056057			AKZM01056057.1	NW_004455505.1
cerSim1:AKZM01056060	AKZM01056060			AKZM01056060.1	NW_004455507.1
cerSim1:AKZM01056065	AKZM01056065			AKZM01056065.1	NW_004455510.1
cerSim1:AKZM01056066	AKZM01056066			AKZM01056066.1	NW_004455511.1
cerSim1:AKZM01056067	AKZM01056067			AKZM01056067.1	NW_004455512.1
cerSim1:AKZM01056070	AKZM01056070			AKZM01056070.1	NW_004455514.1
cerSim1:AKZM01056073	AKZM01056073			AKZM01056073.1	NW_004455516.1
cerSim1:AKZM01056074	AKZM01056074			AKZM01056074.1	NW_004455517.1
cerSim1:AKZM01056075	AKZM01056075			AKZM01056075.1	NW_004455518.1
cerSim1:AKZM01056076	AKZM01056076			AKZM01056076.1	NW_004455519.1
cerSim1:AKZM01056077	AKZM01056077			AKZM01056077.1	NW_004455520.1
cerSim1:AKZM01056078	AKZM01056078			AKZM01056078.1	NW_004455521.1
cerSim1:AKZM01056079	AKZM01056079			AKZM01056079.1	NW_004455522.1
cerSim1:AKZM01056080	AKZM01056080			AKZM01056080.1	NW_004455523.1
cerSim1:AKZM01056081	AKZM01056081			AKZM01056081.1	NW_004455524.1
cerSim1:AKZM01056082	AKZM01056082			AKZM01056082.1	NW_004455525.1
cerSim1:AKZM01056085	AKZM01056085			AKZM01056085.1	NW_004455527.1
cerSim1:AKZM01056086	AKZM01056086			AKZM01056086.1	NW_004455528.1
cerSim1:AKZM01056087	AKZM01056087			AKZM01056087.1	NW_004455529.1
cerSim1:AKZM01056090	AKZM01056090			AKZM01056090.1	NW_004455531.1
cerSim1:AKZM01056091	AKZM01056091			AKZM01056091.1	NW_004455532.1
cerSim1:AKZM01056092	AKZM01056092			AKZM01056092.1	NW_004455533.1
cerSim1:AKZM01056095	AKZM01056095			AKZM01056095.1	NW_004455535.1
cerSim1:AKZM01056096	AKZM01056096			AKZM01056096.1	NW_004455536.1
cerSim1:AKZM01056099	AKZM01056099			AKZM01056099.1	NW_004455538.1
cerSim1:AKZM01056100	AKZM01056100			AKZM01056100.1	NW_004455539.1
cerSim1:AKZM01056101	AKZM01056101			AKZM01056101.1	NW_004455540.1
cerSim1:AKZM01056104	AKZM01056104			AKZM01056104.1	NW_004455542.1
cerSim1:AKZM01056105	AKZM01056105			AKZM01056105.1	NW_004455543.1
cerSim1:AKZM01056106	AKZM01056106			AKZM01056106.1	NW_004455544.1
cerSim1:AKZM01056107	AKZM01056107			AKZM01056107.1	NW_004455545.1
cerSim1:AKZM01056108	AKZM01056108			AKZM01056108.1	NW_004455546.1
cerSim1:AKZM01056109	AKZM01056109			AKZM01056109.1	NW_004455547.1
cerSim1:AKZM01056110	AKZM01056110			AKZM01056110.1	NW_004455548.1
cerSim1:AKZM01056113	AKZM01056113			AKZM01056113.1	NW_004455550.1
cerSim1:AKZM01056114	AKZM01056114			AKZM01056114.1	NW_004455551.1
cerSim1:AKZM01056115	AKZM01056115			AKZM01056115.1	NW_004455552.1
cerSim1:AKZM01056116	AKZM01056116			AKZM01056116.1	NW_004455553.1
cerSim1:AKZM01056117	AKZM01056117			AKZM01056117.1	NW_004455554.1
cerSim1:AKZM01056118	AKZM01056118			AKZM01056118.1	NW_004455555.1
cerSim1:AKZM01056119	AKZM01056119			AKZM01056119.1	NW_004455556.1
cerSim1:AKZM01056120	AKZM01056120			AKZM01056120.1	NW_004455557.1
cerSim1:AKZM01056121	AKZM01056121			AKZM01056121.1	NW_004455558.1
cerSim1:AKZM01056126	AKZM01056126			AKZM01056126.1	NW_004455561.1
cerSim1:AKZM01056127	AKZM01056127			AKZM01056127.1	NW_004455562.1
cerSim1:AKZM01056128	AKZM01056128			AKZM01056128.1	NW_004455563.1
cerSim1:AKZM01056129	AKZM01056129			AKZM01056129.1	NW_004455564.1
cerSim1:AKZM01056130	AKZM01056130			AKZM01056130.1	NW_004455565.1
cerSim1:AKZM01056131	AKZM01056131			AKZM01056131.1	NW_004455566.1
cerSim1:AKZM01056132	AKZM01056132			AKZM01056132.1	NW_004455567.1
cerSim1:AKZM01056133	AKZM01056133			AKZM01056133.1	NW_004455568.1
cerSim1:AKZM01056134	AKZM01056134			AKZM01056134.1	NW_004455569.1
cerSim1:AKZM01056135	AKZM01056135			AKZM01056135.1	NW_004455570.1
cerSim1:AKZM01056136	AKZM01056136			AKZM01056136.1	NW_004455571.1
cerSim1:AKZM01056137	AKZM01056137			AKZM01056137.1	NW_004455572.1
cerSim1:AKZM01056138	AKZM01056138			AKZM01056138.1	NW_004455573.1
cerSim1:AKZM01056139	AKZM01056139			AKZM01056139.1	NW_004455574.1
cerSim1:AKZM01056140	AKZM01056140			AKZM01056140.1	NW_004455575.1
cerSim1:AKZM01056141	AKZM01056141			AKZM01056141.1	NW_004455576.1
cerSim1:AKZM01056142	AKZM01056142			AKZM01056142.1	NW_004455577.1
cerSim1:AKZM01056145	AKZM01056145			AKZM01056145.1	NW_004455579.1
cerSim1:AKZM01056146	AKZM01056146			AKZM01056146.1	NW_004455580.1
cerSim1:AKZM01056147	AKZM01056147			AKZM01056147.1	NW_004455581.1
cerSim1:AKZM01056148	AKZM01056148			AKZM01056148.1	NW_004455582.1
cerSim1:AKZM01056149	AKZM01056149			AKZM01056149.1	NW_004455583.1
cerSim1:AKZM01056152	AKZM01056152			AKZM01056152.1	NW_004455585.1
cerSim1:AKZM01056153	AKZM01056153			AKZM01056153.1	NW_004455586.1
cerSim1:AKZM01056154	AKZM01056154			AKZM01056154.1	NW_004455587.1
cerSim1:AKZM01056155	AKZM01056155			AKZM01056155.1	NW_004455588.1
cerSim1:AKZM01056156	AKZM01056156			AKZM01056156.1	NW_004455589.1
cerSim1:AKZM01056157	AKZM01056157			AKZM01056157.1	NW_004455590.1
cerSim1:AKZM01056158	AKZM01056158			AKZM01056158.1	NW_004455591.1
cerSim1:AKZM01056159	AKZM01056159			AKZM01056159.1	NW_004455592.1
cerSim1:AKZM01056160	AKZM01056160			AKZM01056160.1	NW_004455593.1
cerSim1:AKZM01056161	AKZM01056161			AKZM01056161.1	NW_004455594.1
cerSim1:AKZM01056162	AKZM01056162			AKZM01056162.1	NW_004455595.1
cerSim1:AKZM01056163	AKZM01056163			AKZM01056163.1	NW_004455596.1
cerSim1:AKZM01056164	AKZM01056164			AKZM01056164.1	NW_004455597.1
cerSim1:AKZM01056165	AKZM01056165			AKZM01056165.1	NW_004455598.1
cerSim1:AKZM01056166	AKZM01056166			AKZM01056166.1	NW_004455599.1
cerSim1:AKZM01056167	AKZM01056167			AKZM01056167.1	NW_004455600.1
cerSim1:AKZM01056168	AKZM01056168			AKZM01056168.1	NW_004455601.1
cerSim1:AKZM01056169	AKZM01056169			AKZM01056169.1	NW_004455602.1
cerSim1:AKZM01056170	AKZM01056170			AKZM01056170.1	NW_004455603.1
cerSim1:AKZM01056171	AKZM01056171			AKZM01056171.1	NW_004455604.1
cerSim1:AKZM01056172	AKZM01056172			AKZM01056172.1	NW_004455605.1
cerSim1:AKZM01056173	AKZM01056173			AKZM01056173.1	NW_004455606.1
cerSim1:AKZM01056174	AKZM01056174			AKZM01056174.1	NW_004455607.1
cerSim1:AKZM01056175	AKZM01056175			AKZM01056175.1	NW_004455608.1
cerSim1:AKZM01056176	AKZM01056176			AKZM01056176.1	NW_004455609.1
cerSim1:AKZM01056179	AKZM01056179			AKZM01056179.1	NW_004455611.1
cerSim1:AKZM01056182	AKZM01056182			AKZM01056182.1	NW_004455613.1
cerSim1:AKZM01056183	AKZM01056183			AKZM01056183.1	NW_004455614.1
cerSim1:AKZM01056184	AKZM01056184			AKZM01056184.1	NW_004455615.1
cerSim1:AKZM01056185	AKZM01056185			AKZM01056185.1	NW_004455616.1
cerSim1:AKZM01056186	AKZM01056186			AKZM01056186.1	NW_004455617.1
cerSim1:AKZM01056187	AKZM01056187			AKZM01056187.1	NW_004455618.1
cerSim1:AKZM01056188	AKZM01056188			AKZM01056188.1	NW_004455619.1
cerSim1:AKZM01056189	AKZM01056189			AKZM01056189.1	NW_004455620.1
cerSim1:AKZM01056190	AKZM01056190			AKZM01056190.1	NW_004455621.1
cerSim1:AKZM01056191	AKZM01056191			AKZM01056191.1	NW_004455622.1
cerSim1:AKZM01056192	AKZM01056192			AKZM01056192.1	NW_004455623.1
cerSim1:AKZM01056193	AKZM01056193			AKZM01056193.1	NW_004455624.1
cerSim1:AKZM01056194	AKZM01056194			AKZM01056194.1	NW_004455625.1
cerSim1:AKZM01056195	AKZM01056195			AKZM01056195.1	NW_004455626.1
cerSim1:AKZM01056196	AKZM01056196			AKZM01056196.1	NW_004455627.1
cerSim1:AKZM01056197	AKZM01056197			AKZM01056197.1	NW_004455628.1
cerSim1:AKZM01056198	AKZM01056198			AKZM01056198.1	NW_004455629.1
cerSim1:AKZM01056199	AKZM01056199			AKZM01056199.1	NW_004455630.1
cerSim1:AKZM01056200	AKZM01056200			AKZM01056200.1	NW_004455631.1
cerSim1:AKZM01056201	AKZM01056201			AKZM01056201.1	NW_004455632.1
cerSim1:AKZM01056202	AKZM01056202			AKZM01056202.1	NW_004455633.1
cerSim1:AKZM01056203	AKZM01056203			AKZM01056203.1	NW_004455634.1
cerSim1:AKZM01056204	AKZM01056204			AKZM01056204.1	NW_004455635.1
cerSim1:AKZM01056205	AKZM01056205			AKZM01056205.1	NW_004455636.1
cerSim1:AKZM01056208	AKZM01056208			AKZM01056208.1	NW_004455638.1
cerSim1:AKZM01056209	AKZM01056209			AKZM01056209.1	NW_004455639.1
cerSim1:AKZM01056210	AKZM01056210			AKZM01056210.1	NW_004455640.1
cerSim1:AKZM01056211	AKZM01056211			AKZM01056211.1	NW_004455641.1
cerSim1:AKZM01056212	AKZM01056212			AKZM01056212.1	NW_004455642.1
cerSim1:AKZM01056213	AKZM01056213			AKZM01056213.1	NW_004455643.1
cerSim1:AKZM01056214	AKZM01056214			AKZM01056214.1	NW_004455644.1
cerSim1:AKZM01056215	AKZM01056215			AKZM01056215.1	NW_004455645.1
cerSim1:AKZM01056216	AKZM01056216			AKZM01056216.1	NW_004455646.1
cerSim1:AKZM01056217	AKZM01056217			AKZM01056217.1	NW_004455647.1
cerSim1:AKZM01056218	AKZM01056218			AKZM01056218.1	NW_004455648.1
cerSim1:AKZM01056219	AKZM01056219			AKZM01056219.1	NW_004455649.1
cerSim1:AKZM01056220	AKZM01056220			AKZM01056220.1	NW_004455650.1
cerSim1:AKZM01056221	AKZM01056221			AKZM01056221.1	NW_004455651.1
cerSim1:AKZM01056222	AKZM01056222			AKZM01056222.1	NW_004455652.1
cerSim1:AKZM01056223	AKZM01056223			AKZM01056223.1	NW_004455653.1
cerSim1:AKZM01056224	AKZM01056224			AKZM01056224.1	NW_004455654.1
cerSim1:AKZM01056227	AKZM01056227			AKZM01056227.1	NW_004455656.1
cerSim1:AKZM01056228	AKZM01056228			AKZM01056228.1	NW_004455657.1
cerSim1:AKZM01056229	AKZM01056229			AKZM01056229.1	NW_004455658.1
cerSim1:AKZM01056230	AKZM01056230			AKZM01056230.1	NW_004455659.1
cerSim1:AKZM01056231	AKZM01056231			AKZM01056231.1	NW_004455660.1
cerSim1:AKZM01056232	AKZM01056232			AKZM01056232.1	NW_004455661.1
cerSim1:AKZM01056235	AKZM01056235			AKZM01056235.1	NW_004455663.1
cerSim1:AKZM01056236	AKZM01056236			AKZM01056236.1	NW_004455664.1
cerSim1:AKZM01056237	AKZM01056237			AKZM01056237.1	NW_004455665.1
cerSim1:AKZM01056238	AKZM01056238			AKZM01056238.1	NW_004455666.1
cerSim1:AKZM01056239	AKZM01056239			AKZM01056239.1	NW_004455667.1
cerSim1:AKZM01056240	AKZM01056240			AKZM01056240.1	NW_004455668.1
cerSim1:AKZM01056241	AKZM01056241			AKZM01056241.1	NW_004455669.1
cerSim1:AKZM01056242	AKZM01056242			AKZM01056242.1	NW_004455670.1
cerSim1:AKZM01056243	AKZM01056243			AKZM01056243.1	NW_004455671.1
cerSim1:AKZM01056244	AKZM01056244			AKZM01056244.1	NW_004455672.1
cerSim1:AKZM01056245	AKZM01056245			AKZM01056245.1	NW_004455673.1
cerSim1:AKZM01056246	AKZM01056246			AKZM01056246.1	NW_004455674.1
cerSim1:AKZM01056247	AKZM01056247			AKZM01056247.1	NW_004455675.1
cerSim1:AKZM01056248	AKZM01056248			AKZM01056248.1	NW_004455676.1
cerSim1:AKZM01056249	AKZM01056249			AKZM01056249.1	NW_004455677.1
cerSim1:AKZM01056250	AKZM01056250			AKZM01056250.1	NW_004455678.1
cerSim1:AKZM01056251	AKZM01056251			AKZM01056251.1	NW_004455679.1
cerSim1:AKZM01056252	AKZM01056252			AKZM01056252.1	NW_004455680.1
cerSim1:AKZM01056253	AKZM01056253			AKZM01056253.1	NW_004455681.1
cerSim1:AKZM01056254	AKZM01056254			AKZM01056254.1	NW_004455682.1
cerSim1:AKZM01056255	AKZM01056255			AKZM01056255.1	NW_004455683.1
cerSim1:AKZM01056256	AKZM01056256			AKZM01056256.1	NW_004455684.1
cerSim1:AKZM01056257	AKZM01056257			AKZM01056257.1	NW_004455685.1
cerSim1:AKZM01056258	AKZM01056258			AKZM01056258.1	NW_004455686.1
cerSim1:AKZM01056259	AKZM01056259			AKZM01056259.1	NW_004455687.1
cerSim1:AKZM01056260	AKZM01056260			AKZM01056260.1	NW_004455688.1
cerSim1:AKZM01056261	AKZM01056261			AKZM01056261.1	NW_004455689.1
cerSim1:AKZM01056262	AKZM01056262			AKZM01056262.1	NW_004455690.1
cerSim1:AKZM01056263	AKZM01056263			AKZM01056263.1	NW_004455691.1
cerSim1:AKZM01056264	AKZM01056264			AKZM01056264.1	NW_004455692.1
cerSim1:AKZM01056265	AKZM01056265			AKZM01056265.1	NW_004455693.1
cerSim1:AKZM01056266	AKZM01056266			AKZM01056266.1	NW_004455694.1
cerSim1:AKZM01056267	AKZM01056267			AKZM01056267.1	NW_004455695.1
cerSim1:AKZM01056268	AKZM01056268			AKZM01056268.1	NW_004455696.1
cerSim1:AKZM01056269	AKZM01056269			AKZM01056269.1	NW_004455697.1
cerSim1:AKZM01056270	AKZM01056270			AKZM01056270.1	NW_004455698.1
cerSim1:AKZM01056271	AKZM01056271			AKZM01056271.1	NW_004455699.1
cerSim1:AKZM01056272	AKZM01056272			AKZM01056272.1	NW_004455700.1
cerSim1:AKZM01056273	AKZM01056273			AKZM01056273.1	NW_004455701.1
cerSim1:AKZM01056274	AKZM01056274			AKZM01056274.1	NW_004455702.1
cerSim1:AKZM01056275	AKZM01056275			AKZM01056275.1	NW_004455703.1
cerSim1:AKZM01056276	AKZM01056276			AKZM01056276.1	NW_004455704.1
cerSim1:AKZM01056277	AKZM01056277			AKZM01056277.1	NW_004455705.1
cerSim1:AKZM01056278	AKZM01056278			AKZM01056278.1	NW_004455706.1
cerSim1:AKZM01056279	AKZM01056279			AKZM01056279.1	NW_004455707.1
cerSim1:AKZM01056280	AKZM01056280			AKZM01056280.1	NW_004455708.1
cerSim1:AKZM01056281	AKZM01056281			AKZM01056281.1	NW_004455709.1
cerSim1:AKZM01056282	AKZM01056282			AKZM01056282.1	NW_004455710.1
cerSim1:AKZM01056283	AKZM01056283			AKZM01056283.1	NW_004455711.1
cerSim1:AKZM01056284	AKZM01056284			AKZM01056284.1	NW_004455712.1
cerSim1:AKZM01056285	AKZM01056285			AKZM01056285.1	NW_004455713.1
cerSim1:AKZM01056286	AKZM01056286			AKZM01056286.1	NW_004455714.1
cerSim1:AKZM01056287	AKZM01056287			AKZM01056287.1	NW_004455715.1
cerSim1:AKZM01056288	AKZM01056288			AKZM01056288.1	NW_004455716.1
cerSim1:AKZM01056289	AKZM01056289			AKZM01056289.1	NW_004455717.1
cerSim1:AKZM01056290	AKZM01056290			AKZM01056290.1	NW_004455718.1
cerSim1:AKZM01056291	AKZM01056291			AKZM01056291.1	NW_004455719.1
cerSim1:AKZM01056292	AKZM01056292			AKZM01056292.1	NW_004455720.1
cerSim1:AKZM01056293	AKZM01056293			AKZM01056293.1	NW_004455721.1
cerSim1:AKZM01056294	AKZM01056294			AKZM01056294.1	NW_004455722.1
cerSim1:AKZM01056295	AKZM01056295			AKZM01056295.1	NW_004455723.1
cerSim1:AKZM01056296	AKZM01056296			AKZM01056296.1	NW_004455724.1
cerSim1:AKZM01056297	AKZM01056297			AKZM01056297.1	NW_004455725.1
cerSim1:AKZM01056298	AKZM01056298			AKZM01056298.1	NW_004455726.1
cerSim1:AKZM01056299	AKZM01056299			AKZM01056299.1	NW_004455727.1
cerSim1:AKZM01056300	AKZM01056300			AKZM01056300.1	NW_004455728.1
cerSim1:AKZM01056301	AKZM01056301			AKZM01056301.1	NW_004455729.1
cerSim1:AKZM01056302	AKZM01056302			AKZM01056302.1	NW_004455730.1
cerSim1:AKZM01056303	AKZM01056303			AKZM01056303.1	NW_004455731.1
cerSim1:AKZM01056304	AKZM01056304			AKZM01056304.1	NW_004455732.1
cerSim1:AKZM01056305	AKZM01056305			AKZM01056305.1	NW_004455733.1
cerSim1:AKZM01056306	AKZM01056306			AKZM01056306.1	NW_004455734.1
cerSim1:AKZM01056307	AKZM01056307			AKZM01056307.1	NW_004455735.1
cerSim1:AKZM01056308	AKZM01056308			AKZM01056308.1	NW_004455736.1
cerSim1:AKZM01056309	AKZM01056309			AKZM01056309.1	NW_004455737.1
cerSim1:AKZM01056310	AKZM01056310			AKZM01056310.1	NW_004455738.1
cerSim1:AKZM01056311	AKZM01056311			AKZM01056311.1	NW_004455739.1
cerSim1:AKZM01056312	AKZM01056312			AKZM01056312.1	NW_004455740.1
cerSim1:AKZM01056313	AKZM01056313			AKZM01056313.1	NW_004455741.1
cerSim1:AKZM01056314	AKZM01056314			AKZM01056314.1	NW_004455742.1
cerSim1:AKZM01056315	AKZM01056315			AKZM01056315.1	NW_004455743.1
cerSim1:AKZM01056316	AKZM01056316			AKZM01056316.1	NW_004455744.1
cerSim1:AKZM01056317	AKZM01056317			AKZM01056317.1	NW_004455745.1
cerSim1:AKZM01056318	AKZM01056318			AKZM01056318.1	NW_004455746.1
cerSim1:AKZM01056319	AKZM01056319			AKZM01056319.1	NW_004455747.1
cerSim1:AKZM01056320	AKZM01056320			AKZM01056320.1	NW_004455748.1
cerSim1:AKZM01056321	AKZM01056321			AKZM01056321.1	NW_004455749.1
cerSim1:AKZM01056322	AKZM01056322			AKZM01056322.1	NW_004455750.1
cerSim1:AKZM01056323	AKZM01056323			AKZM01056323.1	NW_004455751.1
cerSim1:AKZM01056324	AKZM01056324			AKZM01056324.1	NW_004455752.1
cerSim1:AKZM01056325	AKZM01056325			AKZM01056325.1	NW_004455753.1
cerSim1:AKZM01056326	AKZM01056326			AKZM01056326.1	NW_004455754.1
cerSim1:AKZM01056327	AKZM01056327			AKZM01056327.1	NW_004455755.1
cerSim1:AKZM01056328	AKZM01056328			AKZM01056328.1	NW_004455756.1
cerSim1:AKZM01056329	AKZM01056329			AKZM01056329.1	NW_004455757.1
cerSim1:AKZM01056330	AKZM01056330			AKZM01056330.1	NW_004455758.1
cerSim1:AKZM01056331	AKZM01056331			AKZM01056331.1	NW_004455759.1
cerSim1:AKZM01056332	AKZM01056332			AKZM01056332.1	NW_004455760.1
cerSim1:AKZM01056333	AKZM01056333			AKZM01056333.1	NW_004455761.1
cerSim1:AKZM01056334	AKZM01056334			AKZM01056334.1	NW_004455762.1
cerSim1:AKZM01056335	AKZM01056335			AKZM01056335.1	NW_004455763.1
cerSim1:AKZM01056336	AKZM01056336			AKZM01056336.1	NW_004455764.1
cerSim1:AKZM01056337	AKZM01056337			AKZM01056337.1	NW_004455765.1
cerSim1:AKZM01056338	AKZM01056338			AKZM01056338.1	NW_004455766.1
cerSim1:AKZM01056339	AKZM01056339			AKZM01056339.1	NW_004455767.1
cerSim1:AKZM01056340	AKZM01056340			AKZM01056340.1	NW_004455768.1
cerSim1:AKZM01056341	AKZM01056341			AKZM01056341.1	NW_004455769.1
cerSim1:AKZM01056342	AKZM01056342			AKZM01056342.1	NW_004455770.1
cerSim1:AKZM01056343	AKZM01056343			AKZM01056343.1	NW_004455771.1
cerSim1:AKZM01056344	AKZM01056344			AKZM01056344.1	NW_004455772.1
cerSim1:AKZM01056345	AKZM01056345			AKZM01056345.1	NW_004455773.1
cerSim1:AKZM01056346	AKZM01056346			AKZM01056346.1	NW_004455774.1
cerSim1:AKZM01056347	AKZM01056347			AKZM01056347.1	NW_004455775.1
cerSim1:AKZM01056348	AKZM01056348			AKZM01056348.1	NW_004455776.1
cerSim1:AKZM01056349	AKZM01056349			AKZM01056349.1	NW_004455777.1
cerSim1:AKZM01056350	AKZM01056350			AKZM01056350.1	NW_004455778.1
cerSim1:AKZM01056351	AKZM01056351			AKZM01056351.1	NW_004455779.1
cerSim1:AKZM01056352	AKZM01056352			AKZM01056352.1	NW_004455780.1
cerSim1:AKZM01056353	AKZM01056353			AKZM01056353.1	NW_004455781.1
cerSim1:AKZM01056354	AKZM01056354			AKZM01056354.1	NW_004455782.1
cerSim1:AKZM01056355	AKZM01056355			AKZM01056355.1	NW_004455783.1
cerSim1:AKZM01056356	AKZM01056356			AKZM01056356.1	NW_004455784.1
cerSim1:AKZM01056357	AKZM01056357			AKZM01056357.1	NW_004455785.1
cerSim1:AKZM01056358	AKZM01056358			AKZM01056358.1	NW_004455786.1
cerSim1:AKZM01056359	AKZM01056359			AKZM01056359.1	NW_004455787.1
cerSim1:AKZM01056360	AKZM01056360			AKZM01056360.1	NW_004455788.1
cerSim1:AKZM01056361	AKZM01056361			AKZM01056361.1	NW_004455789.1
cerSim1:AKZM01056362	AKZM01056362			AKZM01056362.1	NW_004455790.1
cerSim1:AKZM01056363	AKZM01056363			AKZM01056363.1	NW_004455791.1
cerSim1:AKZM01056364	AKZM01056364			AKZM01056364.1	NW_004455792.1
cerSim1:AKZM01056365	AKZM01056365			AKZM01056365.1	NW_004455793.1
cerSim1:AKZM01056366	AKZM01056366			AKZM01056366.1	NW_004455794.1
cerSim1:AKZM01056367	AKZM01056367			AKZM01056367.1	NW_004455795.1
cerSim1:AKZM01056368	AKZM01056368			AKZM01056368.1	NW_004455796.1
cerSim1:AKZM01056369	AKZM01056369			AKZM01056369.1	NW_004455797.1
cerSim1:AKZM01056370	AKZM01056370			AKZM01056370.1	NW_004455798.1
cerSim1:AKZM01056371	AKZM01056371			AKZM01056371.1	NW_004455799.1
cerSim1:AKZM01056372	AKZM01056372			AKZM01056372.1	NW_004455800.1
cerSim1:AKZM01056373	AKZM01056373			AKZM01056373.1	NW_004455801.1
cerSim1:AKZM01056374	AKZM01056374			AKZM01056374.1	NW_004455802.1
cerSim1:AKZM01056375	AKZM01056375			AKZM01056375.1	NW_004455803.1
cerSim1:AKZM01056376	AKZM01056376			AKZM01056376.1	NW_004455804.1
cerSim1:AKZM01056377	AKZM01056377			AKZM01056377.1	NW_004455805.1
cerSim1:AKZM01056378	AKZM01056378			AKZM01056378.1	NW_004455806.1
cerSim1:AKZM01056379	AKZM01056379			AKZM01056379.1	NW_004455807.1
cerSim1:AKZM01056380	AKZM01056380			AKZM01056380.1	NW_004455808.1
cerSim1:AKZM01056381	AKZM01056381			AKZM01056381.1	NW_004455809.1
cerSim1:AKZM01056382	AKZM01056382			AKZM01056382.1	NW_004455810.1
cerSim1:AKZM01056383	AKZM01056383			AKZM01056383.1	NW_004455811.1
cerSim1:AKZM01056384	AKZM01056384			AKZM01056384.1	NW_004455812.1
cerSim1:AKZM01056385	AKZM01056385			AKZM01056385.1	NW_004455813.1
cerSim1:AKZM01056386	AKZM01056386			AKZM01056386.1	NW_004455814.1
cerSim1:AKZM01056387	AKZM01056387			AKZM01056387.1	NW_004455815.1
cerSim1:AKZM01056388	AKZM01056388			AKZM01056388.1	NW_004455816.1
cerSim1:AKZM01056389	AKZM01056389			AKZM01056389.1	NW_004455817.1
cerSim1:AKZM01056390	AKZM01056390			AKZM01056390.1	NW_004455818.1
cerSim1:AKZM01056391	AKZM01056391			AKZM01056391.1	NW_004455819.1
cerSim1:AKZM01056392	AKZM01056392			AKZM01056392.1	NW_004455820.1
cerSim1:AKZM01056393	AKZM01056393			AKZM01056393.1	NW_004455821.1
cerSim1:AKZM01056394	AKZM01056394			AKZM01056394.1	NW_004455822.1
cerSim1:AKZM01056395	AKZM01056395			AKZM01056395.1	NW_004455823.1
cerSim1:AKZM01056396	AKZM01056396			AKZM01056396.1	NW_004455824.1
cerSim1:AKZM01056397	AKZM01056397			AKZM01056397.1	NW_004455825.1
cerSim1:AKZM01056398	AKZM01056398			AKZM01056398.1	NW_004455826.1
cerSim1:AKZM01056399	AKZM01056399			AKZM01056399.1	NW_004455827.1
cerSim1:AKZM01056400	AKZM01056400			AKZM01056400.1	NW_004455828.1
cerSim1:AKZM01056401	AKZM01056401			AKZM01056401.1	NW_004455829.1
cerSim1:AKZM01056402	AKZM01056402			AKZM01056402.1	NW_004455830.1
cerSim1:AKZM01056403	AKZM01056403			AKZM01056403.1	NW_004455831.1
cerSim1:AKZM01056404	AKZM01056404			AKZM01056404.1	NW_004455832.1
cerSim1:AKZM01056405	AKZM01056405			AKZM01056405.1	NW_004455833.1
cerSim1:AKZM01056406	AKZM01056406			AKZM01056406.1	NW_004455834.1
cerSim1:AKZM01056407	AKZM01056407			AKZM01056407.1	NW_004455835.1
cerSim1:AKZM01056408	AKZM01056408			AKZM01056408.1	NW_004455836.1
cerSim1:AKZM01056409	AKZM01056409			AKZM01056409.1	NW_004455837.1
cerSim1:AKZM01056410	AKZM01056410			AKZM01056410.1	NW_004455838.1
cerSim1:AKZM01056411	AKZM01056411			AKZM01056411.1	NW_004455839.1
cerSim1:AKZM01056412	AKZM01056412			AKZM01056412.1	NW_004455840.1
cerSim1:AKZM01056413	AKZM01056413			AKZM01056413.1	NW_004455841.1
cerSim1:AKZM01056414	AKZM01056414			AKZM01056414.1	NW_004455842.1
cerSim1:AKZM01056415	AKZM01056415			AKZM01056415.1	NW_004455843.1
cerSim1:AKZM01056416	AKZM01056416			AKZM01056416.1	NW_004455844.1
cerSim1:AKZM01056417	AKZM01056417			AKZM01056417.1	NW_004455845.1
cerSim1:AKZM01056418	AKZM01056418			AKZM01056418.1	NW_004455846.1
cerSim1:AKZM01056419	AKZM01056419			AKZM01056419.1	NW_004455847.1
cerSim1:AKZM01056420	AKZM01056420			AKZM01056420.1	NW_004455848.1
cerSim1:AKZM01056421	AKZM01056421			AKZM01056421.1	NW_004455849.1
cerSim1:AKZM01056422	AKZM01056422			AKZM01056422.1	NW_004455850.1
cerSim1:AKZM01056423	AKZM01056423			AKZM01056423.1	NW_004455851.1
cerSim1:AKZM01056424	AKZM01056424			AKZM01056424.1	NW_004455852.1
cerSim1:AKZM01056425	AKZM01056425			AKZM01056425.1	NW_004455853.1
cerSim1:AKZM01056426	AKZM01056426			AKZM01056426.1	NW_004455854.1
cerSim1:AKZM01056427	AKZM01056427			AKZM01056427.1	NW_004455855.1
cerSim1:AKZM01056428	AKZM01056428			AKZM01056428.1	NW_004455856.1
cerSim1:AKZM01056429	AKZM01056429			AKZM01056429.1	NW_004455857.1
cerSim1:AKZM01056430	AKZM01056430			AKZM01056430.1	NW_004455858.1
cerSim1:AKZM01056431	AKZM01056431			AKZM01056431.1	NW_004455859.1
cerSim1:AKZM01056432	AKZM01056432			AKZM01056432.1	NW_004455860.1
cerSim1:AKZM01056433	AKZM01056433			AKZM01056433.1	NW_004455861.1
cerSim1:AKZM01056434	AKZM01056434			AKZM01056434.1	NW_004455862.1
cerSim1:AKZM01056435	AKZM01056435			AKZM01056435.1	NW_004455863.1
cerSim1:AKZM01056436	AKZM01056436			AKZM01056436.1	NW_004455864.1
cerSim1:AKZM01056437	AKZM01056437			AKZM01056437.1	NW_004455865.1
cerSim1:AKZM01056438	AKZM01056438			AKZM01056438.1	NW_004455866.1
cerSim1:AKZM01056439	AKZM01056439			AKZM01056439.1	NW_004455867.1
cerSim1:AKZM01056440	AKZM01056440			AKZM01056440.1	NW_004455868.1
cerSim1:AKZM01056441	AKZM01056441			AKZM01056441.1	NW_004455869.1
cerSim1:AKZM01056442	AKZM01056442			AKZM01056442.1	NW_004455870.1
cerSim1:AKZM01056443	AKZM01056443			AKZM01056443.1	NW_004455871.1
cerSim1:AKZM01056444	AKZM01056444			AKZM01056444.1	NW_004455872.1
cerSim1:AKZM01056445	AKZM01056445			AKZM01056445.1	NW_004455873.1
cerSim1:AKZM01056446	AKZM01056446			AKZM01056446.1	NW_004455874.1
cerSim1:AKZM01056447	AKZM01056447			AKZM01056447.1	NW_004455875.1
cerSim1:AKZM01056448	AKZM01056448			AKZM01056448.1	NW_004455876.1
cerSim1:AKZM01056449	AKZM01056449			AKZM01056449.1	NW_004455877.1
cerSim1:AKZM01056450	AKZM01056450			AKZM01056450.1	NW_004455878.1
cerSim1:AKZM01056451	AKZM01056451			AKZM01056451.1	NW_004455879.1
cerSim1:AKZM01056452	AKZM01056452			AKZM01056452.1	NW_004455880.1
cerSim1:AKZM01056453	AKZM01056453			AKZM01056453.1	NW_004455881.1
cerSim1:AKZM01056454	AKZM01056454			AKZM01056454.1	NW_004455882.1
cerSim1:AKZM01056455	AKZM01056455			AKZM01056455.1	NW_004455883.1
cerSim1:AKZM01056456	AKZM01056456			AKZM01056456.1	NW_004455884.1
cerSim1:AKZM01056457	AKZM01056457			AKZM01056457.1	NW_004455885.1
cerSim1:AKZM01056458	AKZM01056458			AKZM01056458.1	NW_004455886.1
cerSim1:AKZM01056459	AKZM01056459			AKZM01056459.1	NW_004455887.1
cerSim1:AKZM01056460	AKZM01056460			AKZM01056460.1	NW_004455888.1
cerSim1:AKZM01056461	AKZM01056461			AKZM01056461.1	NW_004455889.1
cerSim1:AKZM01056462	AKZM01056462			AKZM01056462.1	NW_004455890.1
cerSim1:AKZM01056463	AKZM01056463			AKZM01056463.1	NW_004455891.1
cerSim1:AKZM01056464	AKZM01056464			AKZM01056464.1	NW_004455892.1
cerSim1:AKZM01056465	AKZM01056465			AKZM01056465.1	NW_004455893.1
cerSim1:AKZM01056466	AKZM01056466			AKZM01056466.1	NW_004455894.1
cerSim1:AKZM01056467	AKZM01056467			AKZM01056467.1	NW_004455895.1
cerSim1:AKZM01056468	AKZM01056468			AKZM01056468.1	NW_004455896.1
cerSim1:AKZM01056469	AKZM01056469			AKZM01056469.1	NW_004455897.1
cerSim1:AKZM01056470	AKZM01056470			AKZM01056470.1	NW_004455898.1
cerSim1:AKZM01056471	AKZM01056471			AKZM01056471.1	NW_004455899.1
cerSim1:AKZM01056472	AKZM01056472			AKZM01056472.1	NW_004455900.1
cerSim1:AKZM01056473	AKZM01056473			AKZM01056473.1	NW_004455901.1
cerSim1:AKZM01056474	AKZM01056474			AKZM01056474.1	NW_004455902.1
cerSim1:AKZM01056475	AKZM01056475			AKZM01056475.1	NW_004455903.1
cerSim1:AKZM01056476	AKZM01056476			AKZM01056476.1	NW_004455904.1
cerSim1:AKZM01056477	AKZM01056477			AKZM01056477.1	NW_004455905.1
cerSim1:AKZM01056478	AKZM01056478			AKZM01056478.1	NW_004455906.1
cerSim1:AKZM01056479	AKZM01056479			AKZM01056479.1	NW_004455907.1
cerSim1:AKZM01056480	AKZM01056480			AKZM01056480.1	NW_004455908.1
cerSim1:AKZM01056481	AKZM01056481			AKZM01056481.1	NW_004455909.1
cerSim1:AKZM01056482	AKZM01056482			AKZM01056482.1	NW_004455910.1
cerSim1:AKZM01056483	AKZM01056483			AKZM01056483.1	NW_004455911.1
cerSim1:AKZM01056484	AKZM01056484			AKZM01056484.1	NW_004455912.1
cerSim1:AKZM01056485	AKZM01056485			AKZM01056485.1	NW_004455913.1
cerSim1:AKZM01056486	AKZM01056486			AKZM01056486.1	NW_004455914.1
cerSim1:AKZM01056487	AKZM01056487			AKZM01056487.1	NW_004455915.1
cerSim1:AKZM01056488	AKZM01056488			AKZM01056488.1	NW_004455916.1
cerSim1:AKZM01056489	AKZM01056489			AKZM01056489.1	NW_004455917.1
cerSim1:AKZM01056490	AKZM01056490			AKZM01056490.1	NW_004455918.1
cerSim1:AKZM01056491	AKZM01056491			AKZM01056491.1	NW_004455919.1
cerSim1:AKZM01056492	AKZM01056492			AKZM01056492.1	NW_004455920.1
cerSim1:AKZM01056493	AKZM01056493			AKZM01056493.1	NW_004455921.1
cerSim1:AKZM01056494	AKZM01056494			AKZM01056494.1	NW_004455922.1
cerSim1:AKZM01056495	AKZM01056495			AKZM01056495.1	NW_004455923.1
cerSim1:AKZM01056496	AKZM01056496			AKZM01056496.1	NW_004455924.1
cerSim1:AKZM01056497	AKZM01056497			AKZM01056497.1	NW_004455925.1
cerSim1:AKZM01056498	AKZM01056498			AKZM01056498.1	NW_004455926.1
cerSim1:AKZM01056499	AKZM01056499			AKZM01056499.1	NW_004455927.1
cerSim1:AKZM01056500	AKZM01056500			AKZM01056500.1	NW_004455928.1
cerSim1:AKZM01056501	AKZM01056501			AKZM01056501.1	NW_004455929.1
cerSim1:AKZM01056502	AKZM01056502			AKZM01056502.1	NW_004455930.1
cerSim1:AKZM01056503	AKZM01056503			AKZM01056503.1	NW_004455931.1
cerSim1:AKZM01056504	AKZM01056504			AKZM01056504.1	NW_004455932.1
cerSim1:AKZM01056505	AKZM01056505			AKZM01056505.1	NW_004455933.1
cerSim1:AKZM01056506	AKZM01056506			AKZM01056506.1	NW_004455934.1
cerSim1:AKZM01056507	AKZM01056507			AKZM01056507.1	NW_004455935.1
cerSim1:AKZM01056508	AKZM01056508			AKZM01056508.1	NW_004455936.1
cerSim1:AKZM01056509	AKZM01056509			AKZM01056509.1	NW_004455937.1
cerSim1:AKZM01056510	AKZM01056510			AKZM01056510.1	NW_004455938.1
cerSim1:AKZM01056511	AKZM01056511			AKZM01056511.1	NW_004455939.1
cerSim1:AKZM01056512	AKZM01056512			AKZM01056512.1	NW_004455940.1
cerSim1:AKZM01056513	AKZM01056513			AKZM01056513.1	NW_004455941.1
cerSim1:AKZM01056514	AKZM01056514			AKZM01056514.1	NW_004455942.1
cerSim1:AKZM01056515	AKZM01056515			AKZM01056515.1	NW_004455943.1
cerSim1:AKZM01056516	AKZM01056516			AKZM01056516.1	NW_004455944.1
cerSim1:AKZM01056517	AKZM01056517			AKZM01056517.1	NW_004455945.1
cerSim1:AKZM01056518	AKZM01056518			AKZM01056518.1	NW_004455946.1
cerSim1:AKZM01056519	AKZM01056519			AKZM01056519.1	NW_004455947.1
cerSim1:AKZM01056520	AKZM01056520			AKZM01056520.1	NW_004455948.1
cerSim1:AKZM01056521	AKZM01056521			AKZM01056521.1	NW_004455949.1
cerSim1:AKZM01056522	AKZM01056522			AKZM01056522.1	NW_004455950.1
cerSim1:AKZM01056523	AKZM01056523			AKZM01056523.1	NW_004455951.1
cerSim1:AKZM01056524	AKZM01056524			AKZM01056524.1	NW_004455952.1
cerSim1:AKZM01056525	AKZM01056525			AKZM01056525.1	NW_004455953.1
cerSim1:AKZM01056526	AKZM01056526			AKZM01056526.1	NW_004455954.1
cerSim1:AKZM01056527	AKZM01056527			AKZM01056527.1	NW_004455955.1
cerSim1:AKZM01056528	AKZM01056528			AKZM01056528.1	NW_004455956.1
cerSim1:AKZM01056529	AKZM01056529			AKZM01056529.1	NW_004455957.1
cerSim1:AKZM01056530	AKZM01056530			AKZM01056530.1	NW_004455958.1
cerSim1:AKZM01056531	AKZM01056531			AKZM01056531.1	NW_004455959.1
cerSim1:AKZM01056532	AKZM01056532			AKZM01056532.1	NW_004455960.1
cerSim1:AKZM01056533	AKZM01056533			AKZM01056533.1	NW_004455961.1
cerSim1:AKZM01056534	AKZM01056534			AKZM01056534.1	NW_004455962.1
cerSim1:AKZM01056535	AKZM01056535			AKZM01056535.1	NW_004455963.1
cerSim1:AKZM01056536	AKZM01056536			AKZM01056536.1	NW_004455964.1
cerSim1:AKZM01056537	AKZM01056537			AKZM01056537.1	NW_004455965.1
cerSim1:AKZM01056538	AKZM01056538			AKZM01056538.1	NW_004455966.1
cerSim1:AKZM01056539	AKZM01056539			AKZM01056539.1	NW_004455967.1
cerSim1:AKZM01056540	AKZM01056540			AKZM01056540.1	NW_004455968.1
cerSim1:AKZM01056541	AKZM01056541			AKZM01056541.1	NW_004455969.1
cerSim1:AKZM01056542	AKZM01056542			AKZM01056542.1	NW_004455970.1
cerSim1:AKZM01056543	AKZM01056543			AKZM01056543.1	NW_004455971.1
cerSim1:AKZM01056544	AKZM01056544			AKZM01056544.1	NW_004455972.1
cerSim1:AKZM01056545	AKZM01056545			AKZM01056545.1	NW_004455973.1
cerSim1:AKZM01056546	AKZM01056546			AKZM01056546.1	NW_004455974.1
cerSim1:AKZM01056547	AKZM01056547			AKZM01056547.1	NW_004455975.1
cerSim1:AKZM01056548	AKZM01056548			AKZM01056548.1	NW_004455976.1
cerSim1:AKZM01056549	AKZM01056549			AKZM01056549.1	NW_004455977.1
cerSim1:AKZM01056550	AKZM01056550			AKZM01056550.1	NW_004455978.1
cerSim1:AKZM01056551	AKZM01056551			AKZM01056551.1	NW_004455979.1
cerSim1:AKZM01056552	AKZM01056552			AKZM01056552.1	NW_004455980.1
cerSim1:AKZM01056553	AKZM01056553			AKZM01056553.1	NW_004455981.1
cerSim1:AKZM01056554	AKZM01056554			AKZM01056554.1	NW_004455982.1
cerSim1:AKZM01056555	AKZM01056555			AKZM01056555.1	NW_004455983.1
cerSim1:AKZM01056556	AKZM01056556			AKZM01056556.1	NW_004455984.1
cerSim1:AKZM01056557	AKZM01056557			AKZM01056557.1	NW_004455985.1
cerSim1:AKZM01056558	AKZM01056558			AKZM01056558.1	NW_004455986.1
cerSim1:AKZM01056559	AKZM01056559			AKZM01056559.1	NW_004455987.1
cerSim1:AKZM01056560	AKZM01056560			AKZM01056560.1	NW_004455988.1
cerSim1:AKZM01056561	AKZM01056561			AKZM01056561.1	NW_004455989.1
cerSim1:AKZM01056562	AKZM01056562			AKZM01056562.1	NW_004455990.1
cerSim1:AKZM01056563	AKZM01056563			AKZM01056563.1	NW_004455991.1
cerSim1:AKZM01056564	AKZM01056564			AKZM01056564.1	NW_004455992.1
cerSim1:AKZM01056565	AKZM01056565			AKZM01056565.1	NW_004455993.1
cerSim1:AKZM01056566	AKZM01056566			AKZM01056566.1	NW_004455994.1
cerSim1:AKZM01056567	AKZM01056567			AKZM01056567.1	NW_004455995.1
cerSim1:AKZM01056568	AKZM01056568			AKZM01056568.1	NW_004455996.1
cerSim1:AKZM01056569	AKZM01056569			AKZM01056569.1	NW_004455997.1
cerSim1:AKZM01056570	AKZM01056570			AKZM01056570.1	NW_004455998.1
cerSim1:AKZM01056571	AKZM01056571			AKZM01056571.1	NW_004455999.1
cerSim1:AKZM01056572	AKZM01056572			AKZM01056572.1	NW_004456000.1
cerSim1:AKZM01056573	AKZM01056573			AKZM01056573.1	NW_004456001.1
cerSim1:AKZM01056574	AKZM01056574			AKZM01056574.1	NW_004456002.1
cerSim1:AKZM01056575	AKZM01056575			AKZM01056575.1	NW_004456003.1
cerSim1:AKZM01056576	AKZM01056576			AKZM01056576.1	NW_004456004.1
cerSim1:AKZM01056577	AKZM01056577			AKZM01056577.1	NW_004456005.1
cerSim1:AKZM01056578	AKZM01056578			AKZM01056578.1	NW_004456006.1
cerSim1:AKZM01056579	AKZM01056579			AKZM01056579.1	NW_004456007.1
cerSim1:AKZM01056580	AKZM01056580			AKZM01056580.1	NW_004456008.1
cerSim1:AKZM01056581	AKZM01056581			AKZM01056581.1	NW_004456009.1
cerSim1:AKZM01056582	AKZM01056582			AKZM01056582.1	NW_004456010.1
cerSim1:AKZM01056583	AKZM01056583			AKZM01056583.1	NW_004456011.1
cerSim1:AKZM01056584	AKZM01056584			AKZM01056584.1	NW_004456012.1
cerSim1:AKZM01056585	AKZM01056585			AKZM01056585.1	NW_004456013.1
cerSim1:AKZM01056586	AKZM01056586			AKZM01056586.1	NW_004456014.1
cerSim1:AKZM01056587	AKZM01056587			AKZM01056587.1	NW_004456015.1
cerSim1:AKZM01056588	AKZM01056588			AKZM01056588.1	NW_004456016.1
cerSim1:AKZM01056589	AKZM01056589			AKZM01056589.1	NW_004456017.1
cerSim1:AKZM01056590	AKZM01056590			AKZM01056590.1	NW_004456018.1
cerSim1:AKZM01056591	AKZM01056591			AKZM01056591.1	NW_004456019.1
cerSim1:AKZM01056592	AKZM01056592			AKZM01056592.1	NW_004456020.1
cerSim1:AKZM01056593	AKZM01056593			AKZM01056593.1	NW_004456021.1
cerSim1:AKZM01056594	AKZM01056594			AKZM01056594.1	NW_004456022.1
cerSim1:AKZM01056595	AKZM01056595			AKZM01056595.1	NW_004456023.1
cerSim1:AKZM01056596	AKZM01056596			AKZM01056596.1	NW_004456024.1
cerSim1:AKZM01056597	AKZM01056597			AKZM01056597.1	NW_004456025.1
cerSim1:AKZM01056598	AKZM01056598			AKZM01056598.1	NW_004456026.1
cerSim1:AKZM01056599	AKZM01056599			AKZM01056599.1	NW_004456027.1
cerSim1:AKZM01056600	AKZM01056600			AKZM01056600.1	NW_004456028.1
cerSim1:AKZM01056601	AKZM01056601			AKZM01056601.1	NW_004456029.1
cerSim1:AKZM01056602	AKZM01056602			AKZM01056602.1	NW_004456030.1
cerSim1:AKZM01056603	AKZM01056603			AKZM01056603.1	NW_004456031.1
cerSim1:AKZM01056604	AKZM01056604			AKZM01056604.1	NW_004456032.1
cerSim1:AKZM01056605	AKZM01056605			AKZM01056605.1	NW_004456033.1
cerSim1:AKZM01056606	AKZM01056606			AKZM01056606.1	NW_004456034.1
cerSim1:AKZM01056607	AKZM01056607			AKZM01056607.1	NW_004456035.1
cerSim1:AKZM01056608	AKZM01056608			AKZM01056608.1	NW_004456036.1
cerSim1:AKZM01056609	AKZM01056609			AKZM01056609.1	NW_004456037.1
cerSim1:AKZM01056610	AKZM01056610			AKZM01056610.1	NW_004456038.1
cerSim1:AKZM01056611	AKZM01056611			AKZM01056611.1	NW_004456039.1
cerSim1:AKZM01056612	AKZM01056612			AKZM01056612.1	NW_004456040.1
cerSim1:AKZM01056613	AKZM01056613			AKZM01056613.1	NW_004456041.1
cerSim1:AKZM01056614	AKZM01056614			AKZM01056614.1	NW_004456042.1
cerSim1:AKZM01056615	AKZM01056615			AKZM01056615.1	NW_004456043.1
cerSim1:AKZM01056616	AKZM01056616			AKZM01056616.1	NW_004456044.1
cerSim1:AKZM01056617	AKZM01056617			AKZM01056617.1	NW_004456045.1
cerSim1:AKZM01056618	AKZM01056618			AKZM01056618.1	NW_004456046.1
cerSim1:AKZM01056619	AKZM01056619			AKZM01056619.1	NW_004456047.1
cerSim1:AKZM01056620	AKZM01056620			AKZM01056620.1	NW_004456048.1
cerSim1:AKZM01056621	AKZM01056621			AKZM01056621.1	NW_004456049.1
cerSim1:AKZM01056622	AKZM01056622			AKZM01056622.1	NW_004456050.1
cerSim1:AKZM01056623	AKZM01056623			AKZM01056623.1	NW_004456051.1
cerSim1:AKZM01056624	AKZM01056624			AKZM01056624.1	NW_004456052.1
cerSim1:AKZM01056625	AKZM01056625			AKZM01056625.1	NW_004456053.1
cerSim1:AKZM01056626	AKZM01056626			AKZM01056626.1	NW_004456054.1
cerSim1:AKZM01056627	AKZM01056627			AKZM01056627.1	NW_004456055.1
cerSim1:AKZM01056628	AKZM01056628			AKZM01056628.1	NW_004456056.1
cerSim1:AKZM01056629	AKZM01056629			AKZM01056629.1	NW_004456057.1
cerSim1:AKZM01056630	AKZM01056630			AKZM01056630.1	NW_004456058.1
cerSim1:AKZM01056631	AKZM01056631			AKZM01056631.1	NW_004456059.1
cerSim1:AKZM01056632	AKZM01056632			AKZM01056632.1	NW_004456060.1
cerSim1:AKZM01056633	AKZM01056633			AKZM01056633.1	NW_004456061.1
cerSim1:AKZM01056634	AKZM01056634			AKZM01056634.1	NW_004456062.1
cerSim1:AKZM01056635	AKZM01056635			AKZM01056635.1	NW_004456063.1
cerSim1:AKZM01056636	AKZM01056636			AKZM01056636.1	NW_004456064.1
cerSim1:AKZM01056637	AKZM01056637			AKZM01056637.1	NW_004456065.1
cerSim1:AKZM01056638	AKZM01056638			AKZM01056638.1	NW_004456066.1
cerSim1:AKZM01056639	AKZM01056639			AKZM01056639.1	NW_004456067.1
cerSim1:AKZM01056640	AKZM01056640			AKZM01056640.1	NW_004456068.1
cerSim1:AKZM01056641	AKZM01056641			AKZM01056641.1	NW_004456069.1
cerSim1:AKZM01056642	AKZM01056642			AKZM01056642.1	NW_004456070.1
cerSim1:AKZM01056643	AKZM01056643			AKZM01056643.1	NW_004456071.1
cerSim1:AKZM01056644	AKZM01056644			AKZM01056644.1	NW_004456072.1
cerSim1:AKZM01056645	AKZM01056645			AKZM01056645.1	NW_004456073.1
cerSim1:AKZM01056646	AKZM01056646			AKZM01056646.1	NW_004456074.1
cerSim1:AKZM01056647	AKZM01056647			AKZM01056647.1	NW_004456075.1
cerSim1:AKZM01056648	AKZM01056648			AKZM01056648.1	NW_004456076.1
cerSim1:AKZM01056649	AKZM01056649			AKZM01056649.1	NW_004456077.1
cerSim1:AKZM01056650	AKZM01056650			AKZM01056650.1	NW_004456078.1
cerSim1:AKZM01056651	AKZM01056651			AKZM01056651.1	NW_004456079.1
cerSim1:AKZM01056652	AKZM01056652			AKZM01056652.1	NW_004456080.1
cerSim1:AKZM01056653	AKZM01056653			AKZM01056653.1	NW_004456081.1
cerSim1:AKZM01056654	AKZM01056654			AKZM01056654.1	NW_004456082.1
cerSim1:AKZM01056655	AKZM01056655			AKZM01056655.1	NW_004456083.1
cerSim1:AKZM01056656	AKZM01056656			AKZM01056656.1	NW_004456084.1
cerSim1:AKZM01056657	AKZM01056657			AKZM01056657.1	NW_004456085.1
cerSim1:AKZM01056658	AKZM01056658			AKZM01056658.1	NW_004456086.1
cerSim1:AKZM01056659	AKZM01056659			AKZM01056659.1	NW_004456087.1
cerSim1:AKZM01056660	AKZM01056660			AKZM01056660.1	NW_004456088.1
cerSim1:AKZM01056661	AKZM01056661			AKZM01056661.1	NW_004456089.1
cerSim1:AKZM01056662	AKZM01056662			AKZM01056662.1	NW_004456090.1
cerSim1:AKZM01056663	AKZM01056663			AKZM01056663.1	NW_004456091.1
cerSim1:AKZM01056664	AKZM01056664			AKZM01056664.1	NW_004456092.1
cerSim1:AKZM01056665	AKZM01056665			AKZM01056665.1	NW_004456093.1
cerSim1:AKZM01056666	AKZM01056666			AKZM01056666.1	NW_004456094.1
cerSim1:AKZM01056667	AKZM01056667			AKZM01056667.1	NW_004456095.1
cerSim1:AKZM01056668	AKZM01056668			AKZM01056668.1	NW_004456096.1
cerSim1:AKZM01056669	AKZM01056669			AKZM01056669.1	NW_004456097.1
cerSim1:AKZM01056670	AKZM01056670			AKZM01056670.1	NW_004456098.1
cerSim1:AKZM01056671	AKZM01056671			AKZM01056671.1	NW_004456099.1
cerSim1:AKZM01056672	AKZM01056672			AKZM01056672.1	NW_004456100.1
cerSim1:AKZM01056673	AKZM01056673			AKZM01056673.1	NW_004456101.1
cerSim1:AKZM01056674	AKZM01056674			AKZM01056674.1	NW_004456102.1
cerSim1:AKZM01056675	AKZM01056675			AKZM01056675.1	NW_004456103.1
cerSim1:AKZM01056676	AKZM01056676			AKZM01056676.1	NW_004456104.1
cerSim1:AKZM01056677	AKZM01056677			AKZM01056677.1	NW_004456105.1
cerSim1:AKZM01056678	AKZM01056678			AKZM01056678.1	NW_004456106.1
cerSim1:AKZM01056679	AKZM01056679			AKZM01056679.1	NW_004456107.1
cerSim1:AKZM01056680	AKZM01056680			AKZM01056680.1	NW_004456108.1
cerSim1:AKZM01056681	AKZM01056681			AKZM01056681.1	NW_004456109.1
cerSim1:AKZM01056682	AKZM01056682			AKZM01056682.1	NW_004456110.1
cerSim1:AKZM01056683	AKZM01056683			AKZM01056683.1	NW_004456111.1
cerSim1:AKZM01056684	AKZM01056684			AKZM01056684.1	NW_004456112.1
cerSim1:AKZM01056685	AKZM01056685			AKZM01056685.1	NW_004456113.1
cerSim1:AKZM01056686	AKZM01056686			AKZM01056686.1	NW_004456114.1
cerSim1:AKZM01056687	AKZM01056687			AKZM01056687.1	NW_004456115.1
cerSim1:AKZM01056688	AKZM01056688			AKZM01056688.1	NW_004456116.1
cerSim1:AKZM01056689	AKZM01056689			AKZM01056689.1	NW_004456117.1
cerSim1:AKZM01056690	AKZM01056690			AKZM01056690.1	NW_004456118.1
cerSim1:AKZM01056691	AKZM01056691			AKZM01056691.1	NW_004456119.1
cerSim1:AKZM01056692	AKZM01056692			AKZM01056692.1	NW_004456120.1
cerSim1:AKZM01056693	AKZM01056693			AKZM01056693.1	NW_004456121.1
cerSim1:AKZM01056694	AKZM01056694			AKZM01056694.1	NW_004456122.1
cerSim1:AKZM01056695	AKZM01056695			AKZM01056695.1	NW_004456123.1
cerSim1:AKZM01056696	AKZM01056696			AKZM01056696.1	NW_004456124.1
cerSim1:AKZM01056697	AKZM01056697			AKZM01056697.1	NW_004456125.1
cerSim1:AKZM01056698	AKZM01056698			AKZM01056698.1	NW_004456126.1
cerSim1:AKZM01056699	AKZM01056699			AKZM01056699.1	NW_004456127.1
cerSim1:AKZM01056700	AKZM01056700			AKZM01056700.1	NW_004456128.1
cerSim1:AKZM01056701	AKZM01056701			AKZM01056701.1	NW_004456129.1
cerSim1:AKZM01056702	AKZM01056702			AKZM01056702.1	NW_004456130.1
cerSim1:AKZM01056703	AKZM01056703			AKZM01056703.1	NW_004456131.1
cerSim1:AKZM01056704	AKZM01056704			AKZM01056704.1	NW_004456132.1
cerSim1:AKZM01056705	AKZM01056705			AKZM01056705.1	NW_004456133.1
cerSim1:AKZM01056706	AKZM01056706			AKZM01056706.1	NW_004456134.1
cerSim1:AKZM01056707	AKZM01056707			AKZM01056707.1	NW_004456135.1
cerSim1:AKZM01056708	AKZM01056708			AKZM01056708.1	NW_004456136.1
cerSim1:AKZM01056709	AKZM01056709			AKZM01056709.1	NW_004456137.1
cerSim1:AKZM01056710	AKZM01056710			AKZM01056710.1	NW_004456138.1
cerSim1:AKZM01056711	AKZM01056711			AKZM01056711.1	NW_004456139.1
cerSim1:AKZM01056712	AKZM01056712			AKZM01056712.1	NW_004456140.1
cerSim1:AKZM01056713	AKZM01056713			AKZM01056713.1	NW_004456141.1
cerSim1:AKZM01056714	AKZM01056714			AKZM01056714.1	NW_004456142.1
cerSim1:AKZM01056715	AKZM01056715			AKZM01056715.1	NW_004456143.1
cerSim1:AKZM01056716	AKZM01056716			AKZM01056716.1	NW_004456144.1
cerSim1:AKZM01056717	AKZM01056717			AKZM01056717.1	NW_004456145.1
cerSim1:AKZM01056718	AKZM01056718			AKZM01056718.1	NW_004456146.1
cerSim1:AKZM01056719	AKZM01056719			AKZM01056719.1	NW_004456147.1
cerSim1:AKZM01056720	AKZM01056720			AKZM01056720.1	NW_004456148.1
cerSim1:AKZM01056721	AKZM01056721			AKZM01056721.1	NW_004456149.1
cerSim1:AKZM01056722	AKZM01056722			AKZM01056722.1	NW_004456150.1
cerSim1:AKZM01056723	AKZM01056723			AKZM01056723.1	NW_004456151.1
cerSim1:AKZM01056724	AKZM01056724			AKZM01056724.1	NW_004456152.1
cerSim1:AKZM01056725	AKZM01056725			AKZM01056725.1	NW_004456153.1
cerSim1:AKZM01056726	AKZM01056726			AKZM01056726.1	NW_004456154.1
cerSim1:AKZM01056727	AKZM01056727			AKZM01056727.1	NW_004456155.1
cerSim1:AKZM01056728	AKZM01056728			AKZM01056728.1	NW_004456156.1
cerSim1:AKZM01056729	AKZM01056729			AKZM01056729.1	NW_004456157.1
cerSim1:AKZM01056730	AKZM01056730			AKZM01056730.1	NW_004456158.1
cerSim1:AKZM01056731	AKZM01056731			AKZM01056731.1	NW_004456159.1
cerSim1:AKZM01056732	AKZM01056732			AKZM01056732.1	NW_004456160.1
cerSim1:AKZM01056733	AKZM01056733			AKZM01056733.1	NW_004456161.1
cerSim1:AKZM01056734	AKZM01056734			AKZM01056734.1	NW_004456162.1
cerSim1:AKZM01056735	AKZM01056735			AKZM01056735.1	NW_004456163.1
cerSim1:AKZM01056736	AKZM01056736			AKZM01056736.1	NW_004456164.1
cerSim1:AKZM01056737	AKZM01056737			AKZM01056737.1	NW_004456165.1
cerSim1:AKZM01056738	AKZM01056738			AKZM01056738.1	NW_004456166.1
cerSim1:AKZM01056739	AKZM01056739			AKZM01056739.1	NW_004456167.1
cerSim1:AKZM01056740	AKZM01056740			AKZM01056740.1	NW_004456168.1
cerSim1:AKZM01056741	AKZM01056741			AKZM01056741.1	NW_004456169.1
cerSim1:AKZM01056742	AKZM01056742			AKZM01056742.1	NW_004456170.1
cerSim1:AKZM01056743	AKZM01056743			AKZM01056743.1	NW_004456171.1
cerSim1:AKZM01056744	AKZM01056744			AKZM01056744.1	NW_004456172.1
cerSim1:AKZM01056745	AKZM01056745			AKZM01056745.1	NW_004456173.1
cerSim1:AKZM01056746	AKZM01056746			AKZM01056746.1	NW_004456174.1
cerSim1:AKZM01056747	AKZM01056747			AKZM01056747.1	NW_004456175.1
cerSim1:AKZM01056748	AKZM01056748			AKZM01056748.1	NW_004456176.1
cerSim1:AKZM01056749	AKZM01056749			AKZM01056749.1	NW_004456177.1
cerSim1:AKZM01056750	AKZM01056750			AKZM01056750.1	NW_004456178.1
cerSim1:AKZM01056751	AKZM01056751			AKZM01056751.1	NW_004456179.1
cerSim1:AKZM01056752	AKZM01056752			AKZM01056752.1	NW_004456180.1
cerSim1:AKZM01056753	AKZM01056753			AKZM01056753.1	NW_004456181.1
cerSim1:AKZM01056754	AKZM01056754			AKZM01056754.1	NW_004456182.1
cerSim1:AKZM01056755	AKZM01056755			AKZM01056755.1	NW_004456183.1
cerSim1:AKZM01056756	AKZM01056756			AKZM01056756.1	NW_004456184.1
cerSim1:AKZM01056757	AKZM01056757			AKZM01056757.1	NW_004456185.1
cerSim1:AKZM01056758	AKZM01056758			AKZM01056758.1	NW_004456186.1
cerSim1:AKZM01056759	AKZM01056759			AKZM01056759.1	NW_004456187.1
cerSim1:AKZM01056760	AKZM01056760			AKZM01056760.1	NW_004456188.1
cerSim1:AKZM01056761	AKZM01056761			AKZM01056761.1	NW_004456189.1
cerSim1:AKZM01056762	AKZM01056762			AKZM01056762.1	NW_004456190.1
cerSim1:AKZM01056763	AKZM01056763			AKZM01056763.1	NW_004456191.1
cerSim1:AKZM01056764	AKZM01056764			AKZM01056764.1	NW_004456192.1
cerSim1:AKZM01056765	AKZM01056765			AKZM01056765.1	NW_004456193.1
cerSim1:AKZM01056766	AKZM01056766			AKZM01056766.1	NW_004456194.1
cerSim1:AKZM01056767	AKZM01056767			AKZM01056767.1	NW_004456195.1
cerSim1:AKZM01056768	AKZM01056768			AKZM01056768.1	NW_004456196.1
cerSim1:AKZM01056769	AKZM01056769			AKZM01056769.1	NW_004456197.1
cerSim1:AKZM01056770	AKZM01056770			AKZM01056770.1	NW_004456198.1
cerSim1:AKZM01056771	AKZM01056771			AKZM01056771.1	NW_004456199.1
cerSim1:AKZM01056772	AKZM01056772			AKZM01056772.1	NW_004456200.1
cerSim1:AKZM01056773	AKZM01056773			AKZM01056773.1	NW_004456201.1
cerSim1:AKZM01056774	AKZM01056774			AKZM01056774.1	NW_004456202.1
cerSim1:AKZM01056775	AKZM01056775			AKZM01056775.1	NW_004456203.1
cerSim1:AKZM01056776	AKZM01056776			AKZM01056776.1	NW_004456204.1
cerSim1:AKZM01056777	AKZM01056777			AKZM01056777.1	NW_004456205.1
cerSim1:AKZM01056778	AKZM01056778			AKZM01056778.1	NW_004456206.1
cerSim1:AKZM01056779	AKZM01056779			AKZM01056779.1	NW_004456207.1
cerSim1:AKZM01056780	AKZM01056780			AKZM01056780.1	NW_004456208.1
cerSim1:AKZM01056781	AKZM01056781			AKZM01056781.1	NW_004456209.1
cerSim1:AKZM01056782	AKZM01056782			AKZM01056782.1	NW_004456210.1
cerSim1:AKZM01056783	AKZM01056783			AKZM01056783.1	NW_004456211.1
cerSim1:AKZM01056784	AKZM01056784			AKZM01056784.1	NW_004456212.1
cerSim1:AKZM01056785	AKZM01056785			AKZM01056785.1	NW_004456213.1
cerSim1:AKZM01056786	AKZM01056786			AKZM01056786.1	NW_004456214.1
cerSim1:AKZM01056787	AKZM01056787			AKZM01056787.1	NW_004456215.1
cerSim1:AKZM01056788	AKZM01056788			AKZM01056788.1	NW_004456216.1
cerSim1:AKZM01056789	AKZM01056789			AKZM01056789.1	NW_004456217.1
cerSim1:AKZM01056790	AKZM01056790			AKZM01056790.1	NW_004456218.1
cerSim1:AKZM01056791	AKZM01056791			AKZM01056791.1	NW_004456219.1
cerSim1:AKZM01056792	AKZM01056792			AKZM01056792.1	NW_004456220.1
cerSim1:AKZM01056793	AKZM01056793			AKZM01056793.1	NW_004456221.1
cerSim1:AKZM01056794	AKZM01056794			AKZM01056794.1	NW_004456222.1
cerSim1:AKZM01056795	AKZM01056795			AKZM01056795.1	NW_004456223.1
cerSim1:AKZM01056796	AKZM01056796			AKZM01056796.1	NW_004456224.1
cerSim1:AKZM01056797	AKZM01056797			AKZM01056797.1	NW_004456225.1
cerSim1:AKZM01056798	AKZM01056798			AKZM01056798.1	NW_004456226.1
cerSim1:AKZM01056799	AKZM01056799			AKZM01056799.1	NW_004456227.1
cerSim1:AKZM01056800	AKZM01056800			AKZM01056800.1	NW_004456228.1
cerSim1:AKZM01056801	AKZM01056801			AKZM01056801.1	NW_004456229.1
cerSim1:AKZM01056802	AKZM01056802			AKZM01056802.1	NW_004456230.1
cerSim1:AKZM01056803	AKZM01056803			AKZM01056803.1	NW_004456231.1
cerSim1:AKZM01056804	AKZM01056804			AKZM01056804.1	NW_004456232.1
cerSim1:AKZM01056805	AKZM01056805			AKZM01056805.1	NW_004456233.1
cerSim1:AKZM01056806	AKZM01056806			AKZM01056806.1	NW_004456234.1
cerSim1:AKZM01056807	AKZM01056807			AKZM01056807.1	NW_004456235.1
cerSim1:AKZM01056808	AKZM01056808			AKZM01056808.1	NW_004456236.1
cerSim1:AKZM01056809	AKZM01056809			AKZM01056809.1	NW_004456237.1
cerSim1:AKZM01056810	AKZM01056810			AKZM01056810.1	NW_004456238.1
cerSim1:AKZM01056811	AKZM01056811			AKZM01056811.1	NW_004456239.1
cerSim1:AKZM01056812	AKZM01056812			AKZM01056812.1	NW_004456240.1
cerSim1:AKZM01056813	AKZM01056813			AKZM01056813.1	NW_004456241.1
cerSim1:AKZM01056814	AKZM01056814			AKZM01056814.1	NW_004456242.1
cerSim1:AKZM01056815	AKZM01056815			AKZM01056815.1	NW_004456243.1
cerSim1:AKZM01056816	AKZM01056816			AKZM01056816.1	NW_004456244.1
cerSim1:AKZM01056817	AKZM01056817			AKZM01056817.1	NW_004456245.1
cerSim1:AKZM01056818	AKZM01056818			AKZM01056818.1	NW_004456246.1
cerSim1:AKZM01056819	AKZM01056819			AKZM01056819.1	NW_004456247.1
cerSim1:AKZM01056820	AKZM01056820			AKZM01056820.1	NW_004456248.1
cerSim1:AKZM01056821	AKZM01056821			AKZM01056821.1	NW_004456249.1
cerSim1:AKZM01056822	AKZM01056822			AKZM01056822.1	NW_004456250.1
cerSim1:AKZM01056823	AKZM01056823			AKZM01056823.1	NW_004456251.1
cerSim1:AKZM01056824	AKZM01056824			AKZM01056824.1	NW_004456252.1
cerSim1:AKZM01056825	AKZM01056825			AKZM01056825.1	NW_004456253.1
cerSim1:AKZM01056826	AKZM01056826			AKZM01056826.1	NW_004456254.1
cerSim1:AKZM01056827	AKZM01056827			AKZM01056827.1	NW_004456255.1
cerSim1:AKZM01056828	AKZM01056828			AKZM01056828.1	NW_004456256.1
cerSim1:AKZM01056829	AKZM01056829			AKZM01056829.1	NW_004456257.1
cerSim1:AKZM01056830	AKZM01056830			AKZM01056830.1	NW_004456258.1
cerSim1:AKZM01056831	AKZM01056831			AKZM01056831.1	NW_004456259.1
cerSim1:AKZM01056832	AKZM01056832			AKZM01056832.1	NW_004456260.1
cerSim1:AKZM01056833	AKZM01056833			AKZM01056833.1	NW_004456261.1
cerSim1:AKZM01056834	AKZM01056834			AKZM01056834.1	NW_004456262.1
cerSim1:AKZM01056835	AKZM01056835			AKZM01056835.1	NW_004456263.1
cerSim1:AKZM01056836	AKZM01056836			AKZM01056836.1	NW_004456264.1
cerSim1:AKZM01056837	AKZM01056837			AKZM01056837.1	NW_004456265.1
cerSim1:AKZM01056838	AKZM01056838			AKZM01056838.1	NW_004456266.1
cerSim1:AKZM01056839	AKZM01056839			AKZM01056839.1	NW_004456267.1
cerSim1:AKZM01056840	AKZM01056840			AKZM01056840.1	NW_004456268.1
cerSim1:AKZM01056841	AKZM01056841			AKZM01056841.1	NW_004456269.1
cerSim1:AKZM01056842	AKZM01056842			AKZM01056842.1	NW_004456270.1
cerSim1:AKZM01056843	AKZM01056843			AKZM01056843.1	NW_004456271.1
cerSim1:AKZM01056844	AKZM01056844			AKZM01056844.1	NW_004456272.1
cerSim1:AKZM01056845	AKZM01056845			AKZM01056845.1	NW_004456273.1
cerSim1:AKZM01056846	AKZM01056846			AKZM01056846.1	NW_004456274.1
cerSim1:AKZM01056847	AKZM01056847			AKZM01056847.1	NW_004456275.1
cerSim1:AKZM01056848	AKZM01056848			AKZM01056848.1	NW_004456276.1
cerSim1:AKZM01056849	AKZM01056849			AKZM01056849.1	NW_004456277.1
cerSim1:AKZM01056850	AKZM01056850			AKZM01056850.1	NW_004456278.1
cerSim1:AKZM01056851	AKZM01056851			AKZM01056851.1	NW_004456279.1
cerSim1:AKZM01056852	AKZM01056852			AKZM01056852.1	NW_004456280.1
cerSim1:AKZM01056853	AKZM01056853			AKZM01056853.1	NW_004456281.1
cerSim1:AKZM01056854	AKZM01056854			AKZM01056854.1	NW_004456282.1
cerSim1:AKZM01056855	AKZM01056855			AKZM01056855.1	NW_004456283.1
cerSim1:AKZM01056856	AKZM01056856			AKZM01056856.1	NW_004456284.1
cerSim1:AKZM01056857	AKZM01056857			AKZM01056857.1	NW_004456285.1
cerSim1:AKZM01056858	AKZM01056858			AKZM01056858.1	NW_004456286.1
cerSim1:AKZM01056859	AKZM01056859			AKZM01056859.1	NW_004456287.1
cerSim1:AKZM01056860	AKZM01056860			AKZM01056860.1	NW_004456288.1
cerSim1:AKZM01056861	AKZM01056861			AKZM01056861.1	NW_004456289.1
cerSim1:AKZM01056862	AKZM01056862			AKZM01056862.1	NW_004456290.1
cerSim1:AKZM01056863	AKZM01056863			AKZM01056863.1	NW_004456291.1
cerSim1:AKZM01056864	AKZM01056864			AKZM01056864.1	NW_004456292.1
cerSim1:AKZM01056865	AKZM01056865			AKZM01056865.1	NW_004456293.1
cerSim1:AKZM01056866	AKZM01056866			AKZM01056866.1	NW_004456294.1
cerSim1:AKZM01056867	AKZM01056867			AKZM01056867.1	NW_004456295.1
cerSim1:AKZM01056868	AKZM01056868			AKZM01056868.1	NW_004456296.1
cerSim1:AKZM01056869	AKZM01056869			AKZM01056869.1	NW_004456297.1
cerSim1:AKZM01056870	AKZM01056870			AKZM01056870.1	NW_004456298.1
cerSim1:AKZM01056871	AKZM01056871			AKZM01056871.1	NW_004456299.1
cerSim1:AKZM01056872	AKZM01056872			AKZM01056872.1	NW_004456300.1
cerSim1:AKZM01056873	AKZM01056873			AKZM01056873.1	NW_004456301.1
cerSim1:AKZM01056874	AKZM01056874			AKZM01056874.1	NW_004456302.1
cerSim1:AKZM01056875	AKZM01056875			AKZM01056875.1	NW_004456303.1
cerSim1:AKZM01056876	AKZM01056876			AKZM01056876.1	NW_004456304.1
cerSim1:AKZM01056877	AKZM01056877			AKZM01056877.1	NW_004456305.1
cerSim1:AKZM01056878	AKZM01056878			AKZM01056878.1	NW_004456306.1
cerSim1:AKZM01056879	AKZM01056879			AKZM01056879.1	NW_004456307.1
cerSim1:AKZM01056880	AKZM01056880			AKZM01056880.1	NW_004456308.1
cerSim1:AKZM01056881	AKZM01056881			AKZM01056881.1	NW_004456309.1
cerSim1:AKZM01056882	AKZM01056882			AKZM01056882.1	NW_004456310.1
cerSim1:AKZM01056883	AKZM01056883			AKZM01056883.1	NW_004456311.1
cerSim1:AKZM01056884	AKZM01056884			AKZM01056884.1	NW_004456312.1
cerSim1:AKZM01056885	AKZM01056885			AKZM01056885.1	NW_004456313.1
cerSim1:AKZM01056886	AKZM01056886			AKZM01056886.1	NW_004456314.1
cerSim1:AKZM01056887	AKZM01056887			AKZM01056887.1	NW_004456315.1
cerSim1:AKZM01056888	AKZM01056888			AKZM01056888.1	NW_004456316.1
cerSim1:AKZM01056889	AKZM01056889			AKZM01056889.1	NW_004456317.1
cerSim1:AKZM01056890	AKZM01056890			AKZM01056890.1	NW_004456318.1
cerSim1:AKZM01056891	AKZM01056891			AKZM01056891.1	NW_004456319.1
cerSim1:AKZM01056892	AKZM01056892			AKZM01056892.1	NW_004456320.1
cerSim1:AKZM01056893	AKZM01056893			AKZM01056893.1	NW_004456321.1
cerSim1:AKZM01056894	AKZM01056894			AKZM01056894.1	NW_004456322.1
cerSim1:AKZM01056895	AKZM01056895			AKZM01056895.1	NW_004456323.1
cerSim1:AKZM01056896	AKZM01056896			AKZM01056896.1	NW_004456324.1
cerSim1:AKZM01056897	AKZM01056897			AKZM01056897.1	NW_004456325.1
cerSim1:AKZM01056898	AKZM01056898			AKZM01056898.1	NW_004456326.1
cerSim1:AKZM01056899	AKZM01056899			AKZM01056899.1	NW_004456327.1
cerSim1:AKZM01056900	AKZM01056900			AKZM01056900.1	NW_004456328.1
cerSim1:AKZM01056901	AKZM01056901			AKZM01056901.1	NW_004456329.1
cerSim1:AKZM01056902	AKZM01056902			AKZM01056902.1	NW_004456330.1
cerSim1:AKZM01056903	AKZM01056903			AKZM01056903.1	NW_004456331.1
cerSim1:AKZM01056904	AKZM01056904			AKZM01056904.1	NW_004456332.1
cerSim1:AKZM01056905	AKZM01056905			AKZM01056905.1	NW_004456333.1
cerSim1:AKZM01056906	AKZM01056906			AKZM01056906.1	NW_004456334.1
cerSim1:AKZM01056907	AKZM01056907			AKZM01056907.1	NW_004456335.1
cerSim1:AKZM01056908	AKZM01056908			AKZM01056908.1	NW_004456336.1
cerSim1:AKZM01056909	AKZM01056909			AKZM01056909.1	NW_004456337.1
cerSim1:AKZM01056910	AKZM01056910			AKZM01056910.1	NW_004456338.1
cerSim1:AKZM01056911	AKZM01056911			AKZM01056911.1	NW_004456339.1
cerSim1:AKZM01056912	AKZM01056912			AKZM01056912.1	NW_004456340.1
cerSim1:AKZM01056913	AKZM01056913			AKZM01056913.1	NW_004456341.1
cerSim1:AKZM01056914	AKZM01056914			AKZM01056914.1	NW_004456342.1
cerSim1:AKZM01056915	AKZM01056915			AKZM01056915.1	NW_004456343.1
cerSim1:AKZM01056916	AKZM01056916			AKZM01056916.1	NW_004456344.1
cerSim1:AKZM01056917	AKZM01056917			AKZM01056917.1	NW_004456345.1
cerSim1:AKZM01056918	AKZM01056918			AKZM01056918.1	NW_004456346.1
cerSim1:AKZM01056919	AKZM01056919			AKZM01056919.1	NW_004456347.1
cerSim1:AKZM01056920	AKZM01056920			AKZM01056920.1	NW_004456348.1
cerSim1:AKZM01056921	AKZM01056921			AKZM01056921.1	NW_004456349.1
cerSim1:AKZM01056922	AKZM01056922			AKZM01056922.1	NW_004456350.1
cerSim1:AKZM01056923	AKZM01056923			AKZM01056923.1	NW_004456351.1
cerSim1:AKZM01056924	AKZM01056924			AKZM01056924.1	NW_004456352.1
cerSim1:AKZM01056925	AKZM01056925			AKZM01056925.1	NW_004456353.1
cerSim1:AKZM01056926	AKZM01056926			AKZM01056926.1	NW_004456354.1
cerSim1:AKZM01056927	AKZM01056927			AKZM01056927.1	NW_004456355.1
cerSim1:AKZM01056928	AKZM01056928			AKZM01056928.1	NW_004456356.1
cerSim1:AKZM01056929	AKZM01056929			AKZM01056929.1	NW_004456357.1
cerSim1:AKZM01056930	AKZM01056930			AKZM01056930.1	NW_004456358.1
cerSim1:AKZM01056931	AKZM01056931			AKZM01056931.1	NW_004456359.1
cerSim1:AKZM01056932	AKZM01056932			AKZM01056932.1	NW_004456360.1
cerSim1:AKZM01056933	AKZM01056933			AKZM01056933.1	NW_004456361.1
cerSim1:AKZM01056934	AKZM01056934			AKZM01056934.1	NW_004456362.1
cerSim1:AKZM01056935	AKZM01056935			AKZM01056935.1	NW_004456363.1
cerSim1:AKZM01056936	AKZM01056936			AKZM01056936.1	NW_004456364.1
cerSim1:AKZM01056937	AKZM01056937			AKZM01056937.1	NW_004456365.1
cerSim1:AKZM01056938	AKZM01056938			AKZM01056938.1	NW_004456366.1
cerSim1:AKZM01056939	AKZM01056939			AKZM01056939.1	NW_004456367.1
cerSim1:AKZM01056940	AKZM01056940			AKZM01056940.1	NW_004456368.1
cerSim1:AKZM01056941	AKZM01056941			AKZM01056941.1	NW_004456369.1
cerSim1:AKZM01056942	AKZM01056942			AKZM01056942.1	NW_004456370.1
cerSim1:AKZM01056943	AKZM01056943			AKZM01056943.1	NW_004456371.1
cerSim1:AKZM01056944	AKZM01056944			AKZM01056944.1	NW_004456372.1
cerSim1:AKZM01056945	AKZM01056945			AKZM01056945.1	NW_004456373.1
cerSim1:AKZM01056946	AKZM01056946			AKZM01056946.1	NW_004456374.1
cerSim1:AKZM01056947	AKZM01056947			AKZM01056947.1	NW_004456375.1
cerSim1:AKZM01056948	AKZM01056948			AKZM01056948.1	NW_004456376.1
cerSim1:AKZM01056949	AKZM01056949			AKZM01056949.1	NW_004456377.1
cerSim1:AKZM01056950	AKZM01056950			AKZM01056950.1	NW_004456378.1
cerSim1:AKZM01056951	AKZM01056951			AKZM01056951.1	NW_004456379.1
cerSim1:AKZM01056952	AKZM01056952			AKZM01056952.1	NW_004456380.1
cerSim1:AKZM01056953	AKZM01056953			AKZM01056953.1	NW_004456381.1
cerSim1:AKZM01056954	AKZM01056954			AKZM01056954.1	NW_004456382.1
cerSim1:AKZM01056955	AKZM01056955			AKZM01056955.1	NW_004456383.1
cerSim1:AKZM01056956	AKZM01056956			AKZM01056956.1	NW_004456384.1
cerSim1:AKZM01056957	AKZM01056957			AKZM01056957.1	NW_004456385.1
cerSim1:AKZM01056958	AKZM01056958			AKZM01056958.1	NW_004456386.1
cerSim1:AKZM01056959	AKZM01056959			AKZM01056959.1	NW_004456387.1
cerSim1:AKZM01056960	AKZM01056960			AKZM01056960.1	NW_004456388.1
cerSim1:AKZM01056961	AKZM01056961			AKZM01056961.1	NW_004456389.1
cerSim1:AKZM01056962	AKZM01056962			AKZM01056962.1	NW_004456390.1
cerSim1:AKZM01056963	AKZM01056963			AKZM01056963.1	NW_004456391.1
cerSim1:AKZM01056964	AKZM01056964			AKZM01056964.1	NW_004456392.1
cerSim1:AKZM01056965	AKZM01056965			AKZM01056965.1	NW_004456393.1
cerSim1:AKZM01056966	AKZM01056966			AKZM01056966.1	NW_004456394.1
cerSim1:AKZM01056967	AKZM01056967			AKZM01056967.1	NW_004456395.1
cerSim1:AKZM01056968	AKZM01056968			AKZM01056968.1	NW_004456396.1
cerSim1:AKZM01056969	AKZM01056969			AKZM01056969.1	NW_004456397.1
cerSim1:AKZM01056970	AKZM01056970			AKZM01056970.1	NW_004456398.1
cerSim1:AKZM01056971	AKZM01056971			AKZM01056971.1	NW_004456399.1
cerSim1:AKZM01056972	AKZM01056972			AKZM01056972.1	NW_004456400.1
cerSim1:AKZM01056973	AKZM01056973			AKZM01056973.1	NW_004456401.1
cerSim1:AKZM01056974	AKZM01056974			AKZM01056974.1	NW_004456402.1
cerSim1:AKZM01056975	AKZM01056975			AKZM01056975.1	NW_004456403.1
cerSim1:AKZM01056976	AKZM01056976			AKZM01056976.1	NW_004456404.1
cerSim1:AKZM01056977	AKZM01056977			AKZM01056977.1	NW_004456405.1
cerSim1:AKZM01056978	AKZM01056978			AKZM01056978.1	NW_004456406.1
cerSim1:AKZM01056979	AKZM01056979			AKZM01056979.1	NW_004456407.1
cerSim1:AKZM01056980	AKZM01056980			AKZM01056980.1	NW_004456408.1
cerSim1:AKZM01056981	AKZM01056981			AKZM01056981.1	NW_004456409.1
cerSim1:AKZM01056982	AKZM01056982			AKZM01056982.1	NW_004456410.1
cerSim1:AKZM01056983	AKZM01056983			AKZM01056983.1	NW_004456411.1
cerSim1:AKZM01056984	AKZM01056984			AKZM01056984.1	NW_004456412.1
cerSim1:AKZM01056985	AKZM01056985			AKZM01056985.1	NW_004456413.1
cerSim1:AKZM01056986	AKZM01056986			AKZM01056986.1	NW_004456414.1
cerSim1:AKZM01056987	AKZM01056987			AKZM01056987.1	NW_004456415.1
cerSim1:AKZM01056988	AKZM01056988			AKZM01056988.1	NW_004456416.1
cerSim1:AKZM01056989	AKZM01056989			AKZM01056989.1	NW_004456417.1
cerSim1:AKZM01056990	AKZM01056990			AKZM01056990.1	NW_004456418.1
cerSim1:AKZM01056991	AKZM01056991			AKZM01056991.1	NW_004456419.1
cerSim1:AKZM01056992	AKZM01056992			AKZM01056992.1	NW_004456420.1
cerSim1:AKZM01056993	AKZM01056993			AKZM01056993.1	NW_004456421.1
cerSim1:AKZM01056994	AKZM01056994			AKZM01056994.1	NW_004456422.1
cerSim1:AKZM01056995	AKZM01056995			AKZM01056995.1	NW_004456423.1
cerSim1:AKZM01056996	AKZM01056996			AKZM01056996.1	NW_004456424.1
cerSim1:AKZM01056997	AKZM01056997			AKZM01056997.1	NW_004456425.1
cerSim1:AKZM01056998	AKZM01056998			AKZM01056998.1	NW_004456426.1
cerSim1:AKZM01056999	AKZM01056999			AKZM01056999.1	NW_004456427.1
cerSim1:AKZM01057000	AKZM01057000			AKZM01057000.1	NW_004456428.1
cerSim1:AKZM01057001	AKZM01057001			AKZM01057001.1	NW_004456429.1
cerSim1:AKZM01057002	AKZM01057002			AKZM01057002.1	NW_004456430.1
cerSim1:AKZM01057003	AKZM01057003			AKZM01057003.1	NW_004456431.1
cerSim1:AKZM01057004	AKZM01057004			AKZM01057004.1	NW_004456432.1
cerSim1:AKZM01057005	AKZM01057005			AKZM01057005.1	NW_004456433.1
cerSim1:AKZM01057006	AKZM01057006			AKZM01057006.1	NW_004456434.1
cerSim1:AKZM01057007	AKZM01057007			AKZM01057007.1	NW_004456435.1
cerSim1:AKZM01057008	AKZM01057008			AKZM01057008.1	NW_004456436.1
cerSim1:AKZM01057009	AKZM01057009			AKZM01057009.1	NW_004456437.1
cerSim1:AKZM01057010	AKZM01057010			AKZM01057010.1	NW_004456438.1
cerSim1:AKZM01057011	AKZM01057011			AKZM01057011.1	NW_004456439.1
cerSim1:AKZM01057012	AKZM01057012			AKZM01057012.1	NW_004456440.1
cerSim1:AKZM01057013	AKZM01057013			AKZM01057013.1	NW_004456441.1
cerSim1:AKZM01057014	AKZM01057014			AKZM01057014.1	NW_004456442.1
cerSim1:AKZM01057015	AKZM01057015			AKZM01057015.1	NW_004456443.1
cerSim1:AKZM01057016	AKZM01057016			AKZM01057016.1	NW_004456444.1
cerSim1:AKZM01057017	AKZM01057017			AKZM01057017.1	NW_004456445.1
cerSim1:AKZM01057018	AKZM01057018			AKZM01057018.1	NW_004456446.1
cerSim1:AKZM01057019	AKZM01057019			AKZM01057019.1	NW_004456447.1
cerSim1:AKZM01057020	AKZM01057020			AKZM01057020.1	NW_004456448.1
cerSim1:AKZM01057021	AKZM01057021			AKZM01057021.1	NW_004456449.1
cerSim1:AKZM01057022	AKZM01057022			AKZM01057022.1	NW_004456450.1
cerSim1:AKZM01057023	AKZM01057023			AKZM01057023.1	NW_004456451.1
cerSim1:AKZM01057024	AKZM01057024			AKZM01057024.1	NW_004456452.1
cerSim1:AKZM01057025	AKZM01057025			AKZM01057025.1	NW_004456453.1
cerSim1:AKZM01057026	AKZM01057026			AKZM01057026.1	NW_004456454.1
cerSim1:AKZM01057027	AKZM01057027			AKZM01057027.1	NW_004456455.1
cerSim1:AKZM01057028	AKZM01057028			AKZM01057028.1	NW_004456456.1
cerSim1:AKZM01057029	AKZM01057029			AKZM01057029.1	NW_004456457.1
cerSim1:AKZM01057030	AKZM01057030			AKZM01057030.1	NW_004456458.1
cerSim1:AKZM01057031	AKZM01057031			AKZM01057031.1	NW_004456459.1
cerSim1:AKZM01057032	AKZM01057032			AKZM01057032.1	NW_004456460.1
cerSim1:AKZM01057033	AKZM01057033			AKZM01057033.1	NW_004456461.1
cerSim1:AKZM01057034	AKZM01057034			AKZM01057034.1	NW_004456462.1
cerSim1:AKZM01057035	AKZM01057035			AKZM01057035.1	NW_004456463.1
cerSim1:AKZM01057036	AKZM01057036			AKZM01057036.1	NW_004456464.1
cerSim1:AKZM01057037	AKZM01057037			AKZM01057037.1	NW_004456465.1
cerSim1:AKZM01057038	AKZM01057038			AKZM01057038.1	NW_004456466.1
cerSim1:AKZM01057039	AKZM01057039			AKZM01057039.1	NW_004456467.1
cerSim1:AKZM01057040	AKZM01057040			AKZM01057040.1	NW_004456468.1
cerSim1:AKZM01057041	AKZM01057041			AKZM01057041.1	NW_004456469.1
cerSim1:AKZM01057042	AKZM01057042			AKZM01057042.1	NW_004456470.1
cerSim1:AKZM01057043	AKZM01057043			AKZM01057043.1	NW_004456471.1
cerSim1:AKZM01057044	AKZM01057044			AKZM01057044.1	NW_004456472.1
cerSim1:AKZM01057045	AKZM01057045			AKZM01057045.1	NW_004456473.1
cerSim1:AKZM01057046	AKZM01057046			AKZM01057046.1	NW_004456474.1
cerSim1:AKZM01057047	AKZM01057047			AKZM01057047.1	NW_004456475.1
cerSim1:AKZM01057048	AKZM01057048			AKZM01057048.1	NW_004456476.1
cerSim1:AKZM01057049	AKZM01057049			AKZM01057049.1	NW_004456477.1
cerSim1:AKZM01057050	AKZM01057050			AKZM01057050.1	NW_004456478.1
cerSim1:AKZM01057051	AKZM01057051			AKZM01057051.1	NW_004456479.1
cerSim1:AKZM01057052	AKZM01057052			AKZM01057052.1	NW_004456480.1
cerSim1:AKZM01057053	AKZM01057053			AKZM01057053.1	NW_004456481.1
cerSim1:AKZM01057054	AKZM01057054			AKZM01057054.1	NW_004456482.1
cerSim1:AKZM01057055	AKZM01057055			AKZM01057055.1	NW_004456483.1
cerSim1:AKZM01057056	AKZM01057056			AKZM01057056.1	NW_004456484.1
cerSim1:AKZM01057057	AKZM01057057			AKZM01057057.1	NW_004456485.1
cerSim1:AKZM01057058	AKZM01057058			AKZM01057058.1	NW_004456486.1
cerSim1:AKZM01057059	AKZM01057059			AKZM01057059.1	NW_004456487.1
cerSim1:AKZM01057060	AKZM01057060			AKZM01057060.1	NW_004456488.1
cerSim1:AKZM01057061	AKZM01057061			AKZM01057061.1	NW_004456489.1
cerSim1:AKZM01057062	AKZM01057062			AKZM01057062.1	NW_004456490.1
cerSim1:AKZM01057063	AKZM01057063			AKZM01057063.1	NW_004456491.1
cerSim1:AKZM01057064	AKZM01057064			AKZM01057064.1	NW_004456492.1
cerSim1:AKZM01057065	AKZM01057065			AKZM01057065.1	NW_004456493.1
cerSim1:AKZM01057066	AKZM01057066			AKZM01057066.1	NW_004456494.1
cerSim1:AKZM01057067	AKZM01057067			AKZM01057067.1	NW_004456495.1
cerSim1:AKZM01057068	AKZM01057068			AKZM01057068.1	NW_004456496.1
cerSim1:AKZM01057069	AKZM01057069			AKZM01057069.1	NW_004456497.1
cerSim1:AKZM01057070	AKZM01057070			AKZM01057070.1	NW_004456498.1
cerSim1:AKZM01057071	AKZM01057071			AKZM01057071.1	NW_004456499.1
cerSim1:AKZM01057072	AKZM01057072			AKZM01057072.1	NW_004456500.1
cerSim1:AKZM01057073	AKZM01057073			AKZM01057073.1	NW_004456501.1
cerSim1:AKZM01057074	AKZM01057074			AKZM01057074.1	NW_004456502.1
cerSim1:AKZM01057075	AKZM01057075			AKZM01057075.1	NW_004456503.1
cerSim1:AKZM01057076	AKZM01057076			AKZM01057076.1	NW_004456504.1
cerSim1:AKZM01057077	AKZM01057077			AKZM01057077.1	NW_004456505.1
cerSim1:AKZM01057078	AKZM01057078			AKZM01057078.1	NW_004456506.1
cerSim1:AKZM01057079	AKZM01057079			AKZM01057079.1	NW_004456507.1
cerSim1:AKZM01057080	AKZM01057080			AKZM01057080.1	NW_004456508.1
cerSim1:AKZM01057081	AKZM01057081			AKZM01057081.1	NW_004456509.1
cerSim1:AKZM01057082	AKZM01057082			AKZM01057082.1	NW_004456510.1
cerSim1:AKZM01057083	AKZM01057083			AKZM01057083.1	NW_004456511.1
cerSim1:AKZM01057084	AKZM01057084			AKZM01057084.1	NW_004456512.1
cerSim1:AKZM01057085	AKZM01057085			AKZM01057085.1	NW_004456513.1
cerSim1:AKZM01057086	AKZM01057086			AKZM01057086.1	NW_004456514.1
cerSim1:AKZM01057087	AKZM01057087			AKZM01057087.1	NW_004456515.1
cerSim1:AKZM01057088	AKZM01057088			AKZM01057088.1	NW_004456516.1
cerSim1:AKZM01057089	AKZM01057089			AKZM01057089.1	NW_004456517.1
cerSim1:AKZM01057090	AKZM01057090			AKZM01057090.1	NW_004456518.1
cerSim1:AKZM01057091	AKZM01057091			AKZM01057091.1	NW_004456519.1
cerSim1:AKZM01057092	AKZM01057092			AKZM01057092.1	NW_004456520.1
cerSim1:AKZM01057093	AKZM01057093			AKZM01057093.1	NW_004456521.1
cerSim1:AKZM01057094	AKZM01057094			AKZM01057094.1	NW_004456522.1
cerSim1:AKZM01057095	AKZM01057095			AKZM01057095.1	NW_004456523.1
cerSim1:AKZM01057096	AKZM01057096			AKZM01057096.1	NW_004456524.1
cerSim1:AKZM01057097	AKZM01057097			AKZM01057097.1	NW_004456525.1
cerSim1:AKZM01057098	AKZM01057098			AKZM01057098.1	NW_004456526.1
cerSim1:AKZM01057099	AKZM01057099			AKZM01057099.1	NW_004456527.1
cerSim1:AKZM01057100	AKZM01057100			AKZM01057100.1	NW_004456528.1
cerSim1:AKZM01057101	AKZM01057101			AKZM01057101.1	NW_004456529.1
cerSim1:AKZM01057102	AKZM01057102			AKZM01057102.1	NW_004456530.1
cerSim1:AKZM01057103	AKZM01057103			AKZM01057103.1	NW_004456531.1
cerSim1:AKZM01057104	AKZM01057104			AKZM01057104.1	NW_004456532.1
cerSim1:AKZM01057105	AKZM01057105			AKZM01057105.1	NW_004456533.1
cerSim1:AKZM01057106	AKZM01057106			AKZM01057106.1	NW_004456534.1
cerSim1:AKZM01057107	AKZM01057107			AKZM01057107.1	NW_004456535.1
cerSim1:AKZM01057108	AKZM01057108			AKZM01057108.1	NW_004456536.1
cerSim1:AKZM01057109	AKZM01057109			AKZM01057109.1	NW_004456537.1
cerSim1:AKZM01057110	AKZM01057110			AKZM01057110.1	NW_004456538.1
cerSim1:AKZM01057111	AKZM01057111			AKZM01057111.1	NW_004456539.1
cerSim1:AKZM01057112	AKZM01057112			AKZM01057112.1	NW_004456540.1
cerSim1:AKZM01057113	AKZM01057113			AKZM01057113.1	NW_004456541.1
cerSim1:AKZM01057114	AKZM01057114			AKZM01057114.1	NW_004456542.1
cerSim1:AKZM01057115	AKZM01057115			AKZM01057115.1	NW_004456543.1
cerSim1:AKZM01057116	AKZM01057116			AKZM01057116.1	NW_004456544.1
cerSim1:AKZM01057117	AKZM01057117			AKZM01057117.1	NW_004456545.1
cerSim1:AKZM01057118	AKZM01057118			AKZM01057118.1	NW_004456546.1
cerSim1:AKZM01057119	AKZM01057119			AKZM01057119.1	NW_004456547.1
cerSim1:AKZM01057120	AKZM01057120			AKZM01057120.1	NW_004456548.1
cerSim1:AKZM01057121	AKZM01057121			AKZM01057121.1	NW_004456549.1
cerSim1:AKZM01057122	AKZM01057122			AKZM01057122.1	NW_004456550.1
cerSim1:AKZM01057123	AKZM01057123			AKZM01057123.1	NW_004456551.1
cerSim1:AKZM01057124	AKZM01057124			AKZM01057124.1	NW_004456552.1
cerSim1:AKZM01057125	AKZM01057125			AKZM01057125.1	NW_004456553.1
cerSim1:AKZM01057126	AKZM01057126			AKZM01057126.1	NW_004456554.1
cerSim1:AKZM01057127	AKZM01057127			AKZM01057127.1	NW_004456555.1
cerSim1:AKZM01057128	AKZM01057128			AKZM01057128.1	NW_004456556.1
cerSim1:AKZM01057129	AKZM01057129			AKZM01057129.1	NW_004456557.1
cerSim1:AKZM01057130	AKZM01057130			AKZM01057130.1	NW_004456558.1
cerSim1:AKZM01057131	AKZM01057131			AKZM01057131.1	NW_004456559.1
cerSim1:AKZM01057132	AKZM01057132			AKZM01057132.1	NW_004456560.1
cerSim1:AKZM01057133	AKZM01057133			AKZM01057133.1	NW_004456561.1
cerSim1:AKZM01057134	AKZM01057134			AKZM01057134.1	NW_004456562.1
cerSim1:AKZM01057135	AKZM01057135			AKZM01057135.1	NW_004456563.1
cerSim1:AKZM01057136	AKZM01057136			AKZM01057136.1	NW_004456564.1
cerSim1:AKZM01057137	AKZM01057137			AKZM01057137.1	NW_004456565.1
cerSim1:AKZM01057138	AKZM01057138			AKZM01057138.1	NW_004456566.1
cerSim1:AKZM01057139	AKZM01057139			AKZM01057139.1	NW_004456567.1
cerSim1:AKZM01057140	AKZM01057140			AKZM01057140.1	NW_004456568.1
cerSim1:AKZM01057141	AKZM01057141			AKZM01057141.1	NW_004456569.1
cerSim1:AKZM01057142	AKZM01057142			AKZM01057142.1	NW_004456570.1
cerSim1:AKZM01057143	AKZM01057143			AKZM01057143.1	NW_004456571.1
cerSim1:AKZM01057144	AKZM01057144			AKZM01057144.1	NW_004456572.1
cerSim1:AKZM01057145	AKZM01057145			AKZM01057145.1	NW_004456573.1
cerSim1:AKZM01057146	AKZM01057146			AKZM01057146.1	NW_004456574.1
cerSim1:AKZM01057147	AKZM01057147			AKZM01057147.1	NW_004456575.1
cerSim1:AKZM01057148	AKZM01057148			AKZM01057148.1	NW_004456576.1
cerSim1:AKZM01057149	AKZM01057149			AKZM01057149.1	NW_004456577.1
cerSim1:AKZM01057150	AKZM01057150			AKZM01057150.1	NW_004456578.1
cerSim1:AKZM01057151	AKZM01057151			AKZM01057151.1	NW_004456579.1
cerSim1:AKZM01057152	AKZM01057152			AKZM01057152.1	NW_004456580.1
cerSim1:AKZM01057153	AKZM01057153			AKZM01057153.1	NW_004456581.1
cerSim1:AKZM01057154	AKZM01057154			AKZM01057154.1	NW_004456582.1
cerSim1:AKZM01057155	AKZM01057155			AKZM01057155.1	NW_004456583.1
cerSim1:AKZM01057156	AKZM01057156			AKZM01057156.1	NW_004456584.1
cerSim1:AKZM01057157	AKZM01057157			AKZM01057157.1	NW_004456585.1
cerSim1:AKZM01057158	AKZM01057158			AKZM01057158.1	NW_004456586.1
cerSim1:AKZM01057159	AKZM01057159			AKZM01057159.1	NW_004456587.1
cerSim1:AKZM01057160	AKZM01057160			AKZM01057160.1	NW_004456588.1
cerSim1:AKZM01057161	AKZM01057161			AKZM01057161.1	NW_004456589.1
cerSim1:AKZM01057162	AKZM01057162			AKZM01057162.1	NW_004456590.1
cerSim1:AKZM01057163	AKZM01057163			AKZM01057163.1	NW_004456591.1
cerSim1:AKZM01057164	AKZM01057164			AKZM01057164.1	NW_004456592.1
cerSim1:AKZM01057165	AKZM01057165			AKZM01057165.1	NW_004456593.1
cerSim1:AKZM01057166	AKZM01057166			AKZM01057166.1	NW_004456594.1
cerSim1:AKZM01057167	AKZM01057167			AKZM01057167.1	NW_004456595.1
cerSim1:AKZM01057168	AKZM01057168			AKZM01057168.1	NW_004456596.1
cerSim1:AKZM01057169	AKZM01057169			AKZM01057169.1	NW_004456597.1
cerSim1:AKZM01057170	AKZM01057170			AKZM01057170.1	NW_004456598.1
cerSim1:AKZM01057171	AKZM01057171			AKZM01057171.1	NW_004456599.1
cerSim1:AKZM01057172	AKZM01057172			AKZM01057172.1	NW_004456600.1
cerSim1:AKZM01057173	AKZM01057173			AKZM01057173.1	NW_004456601.1
cerSim1:AKZM01057174	AKZM01057174			AKZM01057174.1	NW_004456602.1
cerSim1:AKZM01057175	AKZM01057175			AKZM01057175.1	NW_004456603.1
cerSim1:AKZM01057176	AKZM01057176			AKZM01057176.1	NW_004456604.1
cerSim1:AKZM01057177	AKZM01057177			AKZM01057177.1	NW_004456605.1
cerSim1:AKZM01057178	AKZM01057178			AKZM01057178.1	NW_004456606.1
cerSim1:AKZM01057179	AKZM01057179			AKZM01057179.1	NW_004456607.1
cerSim1:AKZM01057180	AKZM01057180			AKZM01057180.1	NW_004456608.1
cerSim1:AKZM01057181	AKZM01057181			AKZM01057181.1	NW_004456609.1
cerSim1:AKZM01057182	AKZM01057182			AKZM01057182.1	NW_004456610.1
cerSim1:AKZM01057183	AKZM01057183			AKZM01057183.1	NW_004456611.1
cerSim1:AKZM01057184	AKZM01057184			AKZM01057184.1	NW_004456612.1
cerSim1:AKZM01057185	AKZM01057185			AKZM01057185.1	NW_004456613.1
cerSim1:AKZM01057186	AKZM01057186			AKZM01057186.1	NW_004456614.1
cerSim1:AKZM01057187	AKZM01057187			AKZM01057187.1	NW_004456615.1
cerSim1:AKZM01057188	AKZM01057188			AKZM01057188.1	NW_004456616.1
cerSim1:AKZM01057189	AKZM01057189			AKZM01057189.1	NW_004456617.1
cerSim1:AKZM01057190	AKZM01057190			AKZM01057190.1	NW_004456618.1
cerSim1:AKZM01057191	AKZM01057191			AKZM01057191.1	NW_004456619.1
cerSim1:AKZM01057192	AKZM01057192			AKZM01057192.1	NW_004456620.1
cerSim1:AKZM01057193	AKZM01057193			AKZM01057193.1	NW_004456621.1
cerSim1:AKZM01057194	AKZM01057194			AKZM01057194.1	NW_004456622.1
cerSim1:AKZM01057195	AKZM01057195			AKZM01057195.1	NW_004456623.1
cerSim1:AKZM01057196	AKZM01057196			AKZM01057196.1	NW_004456624.1
cerSim1:AKZM01057197	AKZM01057197			AKZM01057197.1	NW_004456625.1
cerSim1:AKZM01057198	AKZM01057198			AKZM01057198.1	NW_004456626.1
cerSim1:AKZM01057199	AKZM01057199			AKZM01057199.1	NW_004456627.1
cerSim1:AKZM01057200	AKZM01057200			AKZM01057200.1	NW_004456628.1
cerSim1:AKZM01057201	AKZM01057201			AKZM01057201.1	NW_004456629.1
cerSim1:AKZM01057202	AKZM01057202			AKZM01057202.1	NW_004456630.1
cerSim1:AKZM01057203	AKZM01057203			AKZM01057203.1	NW_004456631.1
cerSim1:AKZM01057204	AKZM01057204			AKZM01057204.1	NW_004456632.1
cerSim1:AKZM01057205	AKZM01057205			AKZM01057205.1	NW_004456633.1
cerSim1:AKZM01057206	AKZM01057206			AKZM01057206.1	NW_004456634.1
cerSim1:AKZM01057207	AKZM01057207			AKZM01057207.1	NW_004456635.1
cerSim1:AKZM01057208	AKZM01057208			AKZM01057208.1	NW_004456636.1
cerSim1:AKZM01057209	AKZM01057209			AKZM01057209.1	NW_004456637.1
cerSim1:AKZM01057210	AKZM01057210			AKZM01057210.1	NW_004456638.1
cerSim1:AKZM01057211	AKZM01057211			AKZM01057211.1	NW_004456639.1
cerSim1:AKZM01057212	AKZM01057212			AKZM01057212.1	NW_004456640.1
cerSim1:AKZM01057213	AKZM01057213			AKZM01057213.1	NW_004456641.1
cerSim1:AKZM01057214	AKZM01057214			AKZM01057214.1	NW_004456642.1
cerSim1:AKZM01057215	AKZM01057215			AKZM01057215.1	NW_004456643.1
cerSim1:AKZM01057216	AKZM01057216			AKZM01057216.1	NW_004456644.1
cerSim1:AKZM01057217	AKZM01057217			AKZM01057217.1	NW_004456645.1
cerSim1:AKZM01057218	AKZM01057218			AKZM01057218.1	NW_004456646.1
cerSim1:AKZM01057219	AKZM01057219			AKZM01057219.1	NW_004456647.1
cerSim1:AKZM01057220	AKZM01057220			AKZM01057220.1	NW_004456648.1
cerSim1:AKZM01057221	AKZM01057221			AKZM01057221.1	NW_004456649.1
cerSim1:AKZM01057222	AKZM01057222			AKZM01057222.1	NW_004456650.1
cerSim1:AKZM01057223	AKZM01057223			AKZM01057223.1	NW_004456651.1
cerSim1:AKZM01057224	AKZM01057224			AKZM01057224.1	NW_004456652.1
cerSim1:AKZM01057225	AKZM01057225			AKZM01057225.1	NW_004456653.1
cerSim1:AKZM01057226	AKZM01057226			AKZM01057226.1	NW_004456654.1
cerSim1:AKZM01057227	AKZM01057227			AKZM01057227.1	NW_004456655.1
cerSim1:AKZM01057228	AKZM01057228			AKZM01057228.1	NW_004456656.1
cerSim1:AKZM01057229	AKZM01057229			AKZM01057229.1	NW_004456657.1
cerSim1:AKZM01057230	AKZM01057230			AKZM01057230.1	NW_004456658.1
cerSim1:AKZM01057231	AKZM01057231			AKZM01057231.1	NW_004456659.1
cerSim1:AKZM01057232	AKZM01057232			AKZM01057232.1	NW_004456660.1
cerSim1:AKZM01057233	AKZM01057233			AKZM01057233.1	NW_004456661.1
cerSim1:AKZM01057234	AKZM01057234			AKZM01057234.1	NW_004456662.1
cerSim1:AKZM01057235	AKZM01057235			AKZM01057235.1	NW_004456663.1
cerSim1:AKZM01057236	AKZM01057236			AKZM01057236.1	NW_004456664.1
cerSim1:AKZM01057237	AKZM01057237			AKZM01057237.1	NW_004456665.1
cerSim1:AKZM01057238	AKZM01057238			AKZM01057238.1	NW_004456666.1
cerSim1:AKZM01057239	AKZM01057239			AKZM01057239.1	NW_004456667.1
cerSim1:AKZM01057240	AKZM01057240			AKZM01057240.1	NW_004456668.1
cerSim1:AKZM01057241	AKZM01057241			AKZM01057241.1	NW_004456669.1
cerSim1:AKZM01057242	AKZM01057242			AKZM01057242.1	NW_004456670.1
cerSim1:AKZM01057243	AKZM01057243			AKZM01057243.1	NW_004456671.1
cerSim1:AKZM01057244	AKZM01057244			AKZM01057244.1	NW_004456672.1
cerSim1:AKZM01057245	AKZM01057245			AKZM01057245.1	NW_004456673.1
cerSim1:AKZM01057246	AKZM01057246			AKZM01057246.1	NW_004456674.1
cerSim1:AKZM01057247	AKZM01057247			AKZM01057247.1	NW_004456675.1
cerSim1:AKZM01057248	AKZM01057248			AKZM01057248.1	NW_004456676.1
cerSim1:AKZM01057249	AKZM01057249			AKZM01057249.1	NW_004456677.1
cerSim1:AKZM01057250	AKZM01057250			AKZM01057250.1	NW_004456678.1
cerSim1:AKZM01057251	AKZM01057251			AKZM01057251.1	NW_004456679.1
cerSim1:AKZM01057252	AKZM01057252			AKZM01057252.1	NW_004456680.1
cerSim1:AKZM01057253	AKZM01057253			AKZM01057253.1	NW_004456681.1
cerSim1:AKZM01057254	AKZM01057254			AKZM01057254.1	NW_004456682.1
cerSim1:AKZM01057255	AKZM01057255			AKZM01057255.1	NW_004456683.1
cerSim1:AKZM01057256	AKZM01057256			AKZM01057256.1	NW_004456684.1
cerSim1:AKZM01057257	AKZM01057257			AKZM01057257.1	NW_004456685.1
cerSim1:AKZM01057258	AKZM01057258			AKZM01057258.1	NW_004456686.1
cerSim1:AKZM01057259	AKZM01057259			AKZM01057259.1	NW_004456687.1
cerSim1:AKZM01057260	AKZM01057260			AKZM01057260.1	NW_004456688.1
cerSim1:AKZM01057261	AKZM01057261			AKZM01057261.1	NW_004456689.1
cerSim1:AKZM01057262	AKZM01057262			AKZM01057262.1	NW_004456690.1
cerSim1:AKZM01057263	AKZM01057263			AKZM01057263.1	NW_004456691.1
cerSim1:AKZM01057264	AKZM01057264			AKZM01057264.1	NW_004456692.1
cerSim1:AKZM01057265	AKZM01057265			AKZM01057265.1	NW_004456693.1
cerSim1:AKZM01057266	AKZM01057266			AKZM01057266.1	NW_004456694.1
cerSim1:AKZM01057267	AKZM01057267			AKZM01057267.1	NW_004456695.1
cerSim1:AKZM01057268	AKZM01057268			AKZM01057268.1	NW_004456696.1
cerSim1:AKZM01057269	AKZM01057269			AKZM01057269.1	NW_004456697.1
cerSim1:AKZM01057270	AKZM01057270			AKZM01057270.1	NW_004456698.1
cerSim1:AKZM01057271	AKZM01057271			AKZM01057271.1	NW_004456699.1
cerSim1:AKZM01057272	AKZM01057272			AKZM01057272.1	NW_004456700.1
cerSim1:AKZM01057273	AKZM01057273			AKZM01057273.1	NW_004456701.1
cerSim1:AKZM01057274	AKZM01057274			AKZM01057274.1	NW_004456702.1
cerSim1:AKZM01057275	AKZM01057275			AKZM01057275.1	NW_004456703.1
cerSim1:AKZM01057276	AKZM01057276			AKZM01057276.1	NW_004456704.1
cerSim1:AKZM01057277	AKZM01057277			AKZM01057277.1	NW_004456705.1
cerSim1:AKZM01057278	AKZM01057278			AKZM01057278.1	NW_004456706.1
cerSim1:AKZM01057279	AKZM01057279			AKZM01057279.1	NW_004456707.1
cerSim1:AKZM01057280	AKZM01057280			AKZM01057280.1	NW_004456708.1
cerSim1:AKZM01057281	AKZM01057281			AKZM01057281.1	NW_004456709.1
cerSim1:AKZM01057282	AKZM01057282			AKZM01057282.1	NW_004456710.1
cerSim1:AKZM01057283	AKZM01057283			AKZM01057283.1	NW_004456711.1
cerSim1:AKZM01057284	AKZM01057284			AKZM01057284.1	NW_004456712.1
cerSim1:AKZM01057285	AKZM01057285			AKZM01057285.1	NW_004456713.1
cerSim1:AKZM01057286	AKZM01057286			AKZM01057286.1	NW_004456714.1
cerSim1:AKZM01057287	AKZM01057287			AKZM01057287.1	NW_004456715.1
cerSim1:AKZM01057288	AKZM01057288			AKZM01057288.1	NW_004456716.1
cerSim1:AKZM01057289	AKZM01057289			AKZM01057289.1	NW_004456717.1
cerSim1:AKZM01057290	AKZM01057290			AKZM01057290.1	NW_004456718.1
cerSim1:AKZM01057291	AKZM01057291			AKZM01057291.1	NW_004456719.1
cerSim1:AKZM01057292	AKZM01057292			AKZM01057292.1	NW_004456720.1
cerSim1:AKZM01057293	AKZM01057293			AKZM01057293.1	NW_004456721.1
cerSim1:AKZM01057294	AKZM01057294			AKZM01057294.1	NW_004456722.1
cerSim1:AKZM01057295	AKZM01057295			AKZM01057295.1	NW_004456723.1
cerSim1:AKZM01057296	AKZM01057296			AKZM01057296.1	NW_004456724.1
cerSim1:AKZM01057297	AKZM01057297			AKZM01057297.1	NW_004456725.1
cerSim1:AKZM01057298	AKZM01057298			AKZM01057298.1	NW_004456726.1
cerSim1:AKZM01057299	AKZM01057299			AKZM01057299.1	NW_004456727.1
cerSim1:AKZM01057300	AKZM01057300			AKZM01057300.1	NW_004456728.1
cerSim1:AKZM01057301	AKZM01057301			AKZM01057301.1	NW_004456729.1
cerSim1:AKZM01057302	AKZM01057302			AKZM01057302.1	NW_004456730.1
cerSim1:AKZM01057303	AKZM01057303			AKZM01057303.1	NW_004456731.1
cerSim1:AKZM01057304	AKZM01057304			AKZM01057304.1	NW_004456732.1
cerSim1:AKZM01057305	AKZM01057305			AKZM01057305.1	NW_004456733.1
cerSim1:AKZM01057306	AKZM01057306			AKZM01057306.1	NW_004456734.1
cerSim1:AKZM01057307	AKZM01057307			AKZM01057307.1	NW_004456735.1
cerSim1:AKZM01057308	AKZM01057308			AKZM01057308.1	NW_004456736.1
cerSim1:AKZM01057309	AKZM01057309			AKZM01057309.1	NW_004456737.1
cerSim1:AKZM01057310	AKZM01057310			AKZM01057310.1	NW_004456738.1
cerSim1:AKZM01057311	AKZM01057311			AKZM01057311.1	NW_004456739.1
cerSim1:AKZM01057312	AKZM01057312			AKZM01057312.1	NW_004456740.1
cerSim1:AKZM01057313	AKZM01057313			AKZM01057313.1	NW_004456741.1
cerSim1:AKZM01057314	AKZM01057314			AKZM01057314.1	NW_004456742.1
cerSim1:AKZM01057315	AKZM01057315			AKZM01057315.1	NW_004456743.1
cerSim1:AKZM01057316	AKZM01057316			AKZM01057316.1	NW_004456744.1
cerSim1:AKZM01057317	AKZM01057317			AKZM01057317.1	NW_004456745.1
cerSim1:AKZM01057318	AKZM01057318			AKZM01057318.1	NW_004456746.1
cerSim1:AKZM01057319	AKZM01057319			AKZM01057319.1	NW_004456747.1
cerSim1:AKZM01057320	AKZM01057320			AKZM01057320.1	NW_004456748.1
cerSim1:AKZM01057321	AKZM01057321			AKZM01057321.1	NW_004456749.1
cerSim1:AKZM01057322	AKZM01057322			AKZM01057322.1	NW_004456750.1
cerSim1:AKZM01057323	AKZM01057323			AKZM01057323.1	NW_004456751.1
cerSim1:AKZM01057324	AKZM01057324			AKZM01057324.1	NW_004456752.1
cerSim1:AKZM01057325	AKZM01057325			AKZM01057325.1	NW_004456753.1
cerSim1:AKZM01057326	AKZM01057326			AKZM01057326.1	NW_004456754.1
cerSim1:AKZM01057327	AKZM01057327			AKZM01057327.1	NW_004456755.1
cerSim1:AKZM01057328	AKZM01057328			AKZM01057328.1	NW_004456756.1
cerSim1:AKZM01057329	AKZM01057329			AKZM01057329.1	NW_004456757.1
cerSim1:AKZM01057330	AKZM01057330			AKZM01057330.1	NW_004456758.1
cerSim1:AKZM01057331	AKZM01057331			AKZM01057331.1	NW_004456759.1
cerSim1:AKZM01057332	AKZM01057332			AKZM01057332.1	NW_004456760.1
cerSim1:AKZM01057333	AKZM01057333			AKZM01057333.1	NW_004456761.1
cerSim1:AKZM01057334	AKZM01057334			AKZM01057334.1	NW_004456762.1
cerSim1:AKZM01057335	AKZM01057335			AKZM01057335.1	NW_004456763.1
cerSim1:AKZM01057336	AKZM01057336			AKZM01057336.1	NW_004456764.1
cerSim1:AKZM01057337	AKZM01057337			AKZM01057337.1	NW_004456765.1
cerSim1:AKZM01057338	AKZM01057338			AKZM01057338.1	NW_004456766.1
cerSim1:AKZM01057339	AKZM01057339			AKZM01057339.1	NW_004456767.1
cerSim1:AKZM01057340	AKZM01057340			AKZM01057340.1	NW_004456768.1
cerSim1:AKZM01057341	AKZM01057341			AKZM01057341.1	NW_004456769.1
cerSim1:AKZM01057342	AKZM01057342			AKZM01057342.1	NW_004456770.1
cerSim1:AKZM01057343	AKZM01057343			AKZM01057343.1	NW_004456771.1
cerSim1:AKZM01057344	AKZM01057344			AKZM01057344.1	NW_004456772.1
cerSim1:AKZM01057345	AKZM01057345			AKZM01057345.1	NW_004456773.1
cerSim1:AKZM01057346	AKZM01057346			AKZM01057346.1	NW_004456774.1
cerSim1:AKZM01057347	AKZM01057347			AKZM01057347.1	NW_004456775.1
cerSim1:AKZM01057348	AKZM01057348			AKZM01057348.1	NW_004456776.1
cerSim1:AKZM01057349	AKZM01057349			AKZM01057349.1	NW_004456777.1
cerSim1:AKZM01057350	AKZM01057350			AKZM01057350.1	NW_004456778.1
cerSim1:AKZM01057351	AKZM01057351			AKZM01057351.1	NW_004456779.1
cerSim1:AKZM01057352	AKZM01057352			AKZM01057352.1	NW_004456780.1
cerSim1:AKZM01057353	AKZM01057353			AKZM01057353.1	NW_004456781.1
cerSim1:AKZM01057354	AKZM01057354			AKZM01057354.1	NW_004456782.1
cerSim1:AKZM01057355	AKZM01057355			AKZM01057355.1	NW_004456783.1
cerSim1:AKZM01057356	AKZM01057356			AKZM01057356.1	NW_004456784.1
cerSim1:AKZM01057357	AKZM01057357			AKZM01057357.1	NW_004456785.1
cerSim1:AKZM01057358	AKZM01057358			AKZM01057358.1	NW_004456786.1
cerSim1:AKZM01057359	AKZM01057359			AKZM01057359.1	NW_004456787.1
cerSim1:AKZM01057360	AKZM01057360			AKZM01057360.1	NW_004456788.1
cerSim1:AKZM01057361	AKZM01057361			AKZM01057361.1	NW_004456789.1
cerSim1:AKZM01057362	AKZM01057362			AKZM01057362.1	NW_004456790.1
cerSim1:AKZM01057363	AKZM01057363			AKZM01057363.1	NW_004456791.1
cerSim1:AKZM01057364	AKZM01057364			AKZM01057364.1	NW_004456792.1
cerSim1:AKZM01057365	AKZM01057365			AKZM01057365.1	NW_004456793.1
cerSim1:AKZM01057366	AKZM01057366			AKZM01057366.1	NW_004456794.1
cerSim1:AKZM01057367	AKZM01057367			AKZM01057367.1	NW_004456795.1
cerSim1:AKZM01057368	AKZM01057368			AKZM01057368.1	NW_004456796.1
cerSim1:AKZM01057369	AKZM01057369			AKZM01057369.1	NW_004456797.1
cerSim1:AKZM01057370	AKZM01057370			AKZM01057370.1	NW_004456798.1
cerSim1:AKZM01057371	AKZM01057371			AKZM01057371.1	NW_004456799.1
cerSim1:AKZM01057372	AKZM01057372			AKZM01057372.1	NW_004456800.1
cerSim1:AKZM01057373	AKZM01057373			AKZM01057373.1	NW_004456801.1
cerSim1:AKZM01057374	AKZM01057374			AKZM01057374.1	NW_004456802.1
cerSim1:AKZM01057375	AKZM01057375			AKZM01057375.1	NW_004456803.1
cerSim1:AKZM01057376	AKZM01057376			AKZM01057376.1	NW_004456804.1
cerSim1:AKZM01057377	AKZM01057377			AKZM01057377.1	NW_004456805.1
cerSim1:AKZM01057378	AKZM01057378			AKZM01057378.1	NW_004456806.1
cerSim1:AKZM01057379	AKZM01057379			AKZM01057379.1	NW_004456807.1
cerSim1:AKZM01057380	AKZM01057380			AKZM01057380.1	NW_004456808.1
cerSim1:AKZM01057381	AKZM01057381			AKZM01057381.1	NW_004456809.1
cerSim1:AKZM01057382	AKZM01057382			AKZM01057382.1	NW_004456810.1
cerSim1:AKZM01057383	AKZM01057383			AKZM01057383.1	NW_004456811.1
cerSim1:AKZM01057384	AKZM01057384			AKZM01057384.1	NW_004456812.1
cerSim1:AKZM01057385	AKZM01057385			AKZM01057385.1	NW_004456813.1
cerSim1:AKZM01057386	AKZM01057386			AKZM01057386.1	NW_004456814.1
cerSim1:AKZM01057387	AKZM01057387			AKZM01057387.1	NW_004456815.1
cerSim1:AKZM01057388	AKZM01057388			AKZM01057388.1	NW_004456816.1
cerSim1:AKZM01057389	AKZM01057389			AKZM01057389.1	NW_004456817.1
cerSim1:AKZM01057390	AKZM01057390			AKZM01057390.1	NW_004456818.1
cerSim1:AKZM01057391	AKZM01057391			AKZM01057391.1	NW_004456819.1
cerSim1:AKZM01057392	AKZM01057392			AKZM01057392.1	NW_004456820.1
cerSim1:AKZM01057393	AKZM01057393			AKZM01057393.1	NW_004456821.1
cerSim1:AKZM01057394	AKZM01057394			AKZM01057394.1	NW_004456822.1
cerSim1:AKZM01057395	AKZM01057395			AKZM01057395.1	NW_004456823.1
cerSim1:AKZM01057396	AKZM01057396			AKZM01057396.1	NW_004456824.1
cerSim1:AKZM01057397	AKZM01057397			AKZM01057397.1	NW_004456825.1
cerSim1:AKZM01057398	AKZM01057398			AKZM01057398.1	NW_004456826.1
cerSim1:AKZM01057399	AKZM01057399			AKZM01057399.1	NW_004456827.1
cerSim1:AKZM01057400	AKZM01057400			AKZM01057400.1	NW_004456828.1
cerSim1:AKZM01057401	AKZM01057401			AKZM01057401.1	NW_004456829.1
cerSim1:AKZM01057402	AKZM01057402			AKZM01057402.1	NW_004456830.1
cerSim1:AKZM01057403	AKZM01057403			AKZM01057403.1	NW_004456831.1
cerSim1:AKZM01057404	AKZM01057404			AKZM01057404.1	NW_004456832.1
cerSim1:AKZM01057405	AKZM01057405			AKZM01057405.1	NW_004456833.1
cerSim1:AKZM01057406	AKZM01057406			AKZM01057406.1	NW_004456834.1
cerSim1:AKZM01057407	AKZM01057407			AKZM01057407.1	NW_004456835.1
cerSim1:AKZM01057408	AKZM01057408			AKZM01057408.1	NW_004456836.1
cerSim1:AKZM01057409	AKZM01057409			AKZM01057409.1	NW_004456837.1
cerSim1:AKZM01057410	AKZM01057410			AKZM01057410.1	NW_004456838.1
cerSim1:AKZM01057411	AKZM01057411			AKZM01057411.1	NW_004456839.1
cerSim1:AKZM01057412	AKZM01057412			AKZM01057412.1	NW_004456840.1
cerSim1:AKZM01057413	AKZM01057413			AKZM01057413.1	NW_004456841.1
cerSim1:AKZM01057414	AKZM01057414			AKZM01057414.1	NW_004456842.1
cerSim1:AKZM01057415	AKZM01057415			AKZM01057415.1	NW_004456843.1
cerSim1:AKZM01057416	AKZM01057416			AKZM01057416.1	NW_004456844.1
cerSim1:AKZM01057417	AKZM01057417			AKZM01057417.1	NW_004456845.1
cerSim1:AKZM01057418	AKZM01057418			AKZM01057418.1	NW_004456846.1
cerSim1:AKZM01057419	AKZM01057419			AKZM01057419.1	NW_004456847.1
cerSim1:AKZM01057420	AKZM01057420			AKZM01057420.1	NW_004456848.1
cerSim1:AKZM01057421	AKZM01057421			AKZM01057421.1	NW_004456849.1
cerSim1:AKZM01057422	AKZM01057422			AKZM01057422.1	NW_004456850.1
cerSim1:AKZM01057423	AKZM01057423			AKZM01057423.1	NW_004456851.1
cerSim1:AKZM01057424	AKZM01057424			AKZM01057424.1	NW_004456852.1
cerSim1:AKZM01057425	AKZM01057425			AKZM01057425.1	NW_004456853.1
cerSim1:AKZM01057426	AKZM01057426			AKZM01057426.1	NW_004456854.1
cerSim1:AKZM01057427	AKZM01057427			AKZM01057427.1	NW_004456855.1
cerSim1:AKZM01057428	AKZM01057428			AKZM01057428.1	NW_004456856.1
cerSim1:AKZM01057429	AKZM01057429			AKZM01057429.1	NW_004456857.1
cerSim1:AKZM01057430	AKZM01057430			AKZM01057430.1	NW_004456858.1
cerSim1:AKZM01057431	AKZM01057431			AKZM01057431.1	NW_004456859.1
cerSim1:AKZM01057432	AKZM01057432			AKZM01057432.1	NW_004456860.1
cerSim1:AKZM01057433	AKZM01057433			AKZM01057433.1	NW_004456861.1
cerSim1:AKZM01057434	AKZM01057434			AKZM01057434.1	NW_004456862.1
cerSim1:AKZM01057435	AKZM01057435			AKZM01057435.1	NW_004456863.1
cerSim1:AKZM01057436	AKZM01057436			AKZM01057436.1	NW_004456864.1
cerSim1:AKZM01057437	AKZM01057437			AKZM01057437.1	NW_004456865.1
cerSim1:AKZM01057438	AKZM01057438			AKZM01057438.1	NW_004456866.1
cerSim1:AKZM01057439	AKZM01057439			AKZM01057439.1	NW_004456867.1
cerSim1:AKZM01057440	AKZM01057440			AKZM01057440.1	NW_004456868.1
cerSim1:AKZM01057441	AKZM01057441			AKZM01057441.1	NW_004456869.1
cerSim1:AKZM01057442	AKZM01057442			AKZM01057442.1	NW_004456870.1
cerSim1:AKZM01057443	AKZM01057443			AKZM01057443.1	NW_004456871.1
cerSim1:AKZM01057444	AKZM01057444			AKZM01057444.1	NW_004456872.1
cerSim1:AKZM01057445	AKZM01057445			AKZM01057445.1	NW_004456873.1
cerSim1:AKZM01057446	AKZM01057446			AKZM01057446.1	NW_004456874.1
cerSim1:AKZM01057447	AKZM01057447			AKZM01057447.1	NW_004456875.1
cerSim1:AKZM01057448	AKZM01057448			AKZM01057448.1	NW_004456876.1
cerSim1:AKZM01057449	AKZM01057449			AKZM01057449.1	NW_004456877.1
cerSim1:AKZM01057450	AKZM01057450			AKZM01057450.1	NW_004456878.1
cerSim1:AKZM01057451	AKZM01057451			AKZM01057451.1	NW_004456879.1
cerSim1:AKZM01057452	AKZM01057452			AKZM01057452.1	NW_004456880.1
cerSim1:AKZM01057453	AKZM01057453			AKZM01057453.1	NW_004456881.1
cerSim1:AKZM01057454	AKZM01057454			AKZM01057454.1	NW_004456882.1
cerSim1:AKZM01057455	AKZM01057455			AKZM01057455.1	NW_004456883.1
cerSim1:AKZM01057456	AKZM01057456			AKZM01057456.1	NW_004456884.1
cerSim1:AKZM01057457	AKZM01057457			AKZM01057457.1	NW_004456885.1
cerSim1:AKZM01057458	AKZM01057458			AKZM01057458.1	NW_004456886.1
cerSim1:AKZM01057459	AKZM01057459			AKZM01057459.1	NW_004456887.1
cerSim1:AKZM01057460	AKZM01057460			AKZM01057460.1	NW_004456888.1
cerSim1:AKZM01057461	AKZM01057461			AKZM01057461.1	NW_004456889.1
cerSim1:AKZM01057462	AKZM01057462			AKZM01057462.1	NW_004456890.1
cerSim1:AKZM01057463	AKZM01057463			AKZM01057463.1	NW_004456891.1
cerSim1:AKZM01057464	AKZM01057464			AKZM01057464.1	NW_004456892.1
cerSim1:AKZM01057465	AKZM01057465			AKZM01057465.1	NW_004456893.1
cerSim1:AKZM01057466	AKZM01057466			AKZM01057466.1	NW_004456894.1
cerSim1:AKZM01057467	AKZM01057467			AKZM01057467.1	NW_004456895.1
cerSim1:AKZM01057468	AKZM01057468			AKZM01057468.1	NW_004456896.1
cerSim1:AKZM01057469	AKZM01057469			AKZM01057469.1	NW_004456897.1
cerSim1:AKZM01057470	AKZM01057470			AKZM01057470.1	NW_004456898.1
cerSim1:AKZM01057471	AKZM01057471			AKZM01057471.1	NW_004456899.1
cerSim1:AKZM01057472	AKZM01057472			AKZM01057472.1	NW_004456900.1
cerSim1:AKZM01057473	AKZM01057473			AKZM01057473.1	NW_004456901.1
cerSim1:AKZM01057474	AKZM01057474			AKZM01057474.1	NW_004456902.1
cerSim1:AKZM01057475	AKZM01057475			AKZM01057475.1	NW_004456903.1
cerSim1:AKZM01057476	AKZM01057476			AKZM01057476.1	NW_004456904.1
cerSim1:AKZM01057477	AKZM01057477			AKZM01057477.1	NW_004456905.1
cerSim1:AKZM01057478	AKZM01057478			AKZM01057478.1	NW_004456906.1
cerSim1:AKZM01057479	AKZM01057479			AKZM01057479.1	NW_004456907.1
cerSim1:AKZM01057480	AKZM01057480			AKZM01057480.1	NW_004456908.1
cerSim1:AKZM01057481	AKZM01057481			AKZM01057481.1	NW_004456909.1
cerSim1:AKZM01057482	AKZM01057482			AKZM01057482.1	NW_004456910.1
cerSim1:AKZM01057483	AKZM01057483			AKZM01057483.1	NW_004456911.1
cerSim1:AKZM01057484	AKZM01057484			AKZM01057484.1	NW_004456912.1
cerSim1:AKZM01057485	AKZM01057485			AKZM01057485.1	NW_004456913.1
cerSim1:AKZM01057486	AKZM01057486			AKZM01057486.1	NW_004456914.1
cerSim1:AKZM01057487	AKZM01057487			AKZM01057487.1	NW_004456915.1
cerSim1:AKZM01057488	AKZM01057488			AKZM01057488.1	NW_004456916.1
cerSim1:AKZM01057489	AKZM01057489			AKZM01057489.1	NW_004456917.1
cerSim1:AKZM01057490	AKZM01057490			AKZM01057490.1	NW_004456918.1
cerSim1:AKZM01057491	AKZM01057491			AKZM01057491.1	NW_004456919.1
cerSim1:AKZM01057492	AKZM01057492			AKZM01057492.1	NW_004456920.1
cerSim1:AKZM01057493	AKZM01057493			AKZM01057493.1	NW_004456921.1
cerSim1:AKZM01057494	AKZM01057494			AKZM01057494.1	NW_004456922.1
cerSim1:AKZM01057495	AKZM01057495			AKZM01057495.1	NW_004456923.1
cerSim1:AKZM01057496	AKZM01057496			AKZM01057496.1	NW_004456924.1
cerSim1:AKZM01057497	AKZM01057497			AKZM01057497.1	NW_004456925.1
cerSim1:AKZM01057498	AKZM01057498			AKZM01057498.1	NW_004456926.1
cerSim1:AKZM01057499	AKZM01057499			AKZM01057499.1	NW_004456927.1
cerSim1:AKZM01057500	AKZM01057500			AKZM01057500.1	NW_004456928.1
cerSim1:AKZM01057501	AKZM01057501			AKZM01057501.1	NW_004456929.1
cerSim1:AKZM01057502	AKZM01057502			AKZM01057502.1	NW_004456930.1
cerSim1:AKZM01057503	AKZM01057503			AKZM01057503.1	NW_004456931.1
cerSim1:AKZM01057504	AKZM01057504			AKZM01057504.1	NW_004456932.1
cerSim1:AKZM01057505	AKZM01057505			AKZM01057505.1	NW_004456933.1
cerSim1:AKZM01057506	AKZM01057506			AKZM01057506.1	NW_004456934.1
cerSim1:AKZM01057507	AKZM01057507			AKZM01057507.1	NW_004456935.1
cerSim1:AKZM01057508	AKZM01057508			AKZM01057508.1	NW_004456936.1
cerSim1:AKZM01057509	AKZM01057509			AKZM01057509.1	NW_004456937.1
cerSim1:AKZM01057510	AKZM01057510			AKZM01057510.1	NW_004456938.1
cerSim1:AKZM01057511	AKZM01057511			AKZM01057511.1	NW_004456939.1
cerSim1:AKZM01057512	AKZM01057512			AKZM01057512.1	NW_004456940.1
cerSim1:AKZM01057513	AKZM01057513			AKZM01057513.1	NW_004456941.1
cerSim1:AKZM01057514	AKZM01057514			AKZM01057514.1	NW_004456942.1
cerSim1:AKZM01057515	AKZM01057515			AKZM01057515.1	NW_004456943.1
cerSim1:AKZM01057516	AKZM01057516			AKZM01057516.1	NW_004456944.1
cerSim1:AKZM01057517	AKZM01057517			AKZM01057517.1	NW_004456945.1
cerSim1:AKZM01057518	AKZM01057518			AKZM01057518.1	NW_004456946.1
cerSim1:AKZM01057519	AKZM01057519			AKZM01057519.1	NW_004456947.1
cerSim1:AKZM01057520	AKZM01057520			AKZM01057520.1	NW_004456948.1
cerSim1:AKZM01057521	AKZM01057521			AKZM01057521.1	NW_004456949.1
cerSim1:AKZM01057522	AKZM01057522			AKZM01057522.1	NW_004456950.1
cerSim1:AKZM01057523	AKZM01057523			AKZM01057523.1	NW_004456951.1
cerSim1:AKZM01057524	AKZM01057524			AKZM01057524.1	NW_004456952.1
cerSim1:AKZM01057525	AKZM01057525			AKZM01057525.1	NW_004456953.1
cerSim1:AKZM01057526	AKZM01057526			AKZM01057526.1	NW_004456954.1
cerSim1:AKZM01057527	AKZM01057527			AKZM01057527.1	NW_004456955.1
cerSim1:AKZM01057528	AKZM01057528			AKZM01057528.1	NW_004456956.1
cerSim1:AKZM01057529	AKZM01057529			AKZM01057529.1	NW_004456957.1
cerSim1:AKZM01057530	AKZM01057530			AKZM01057530.1	NW_004456958.1
cerSim1:AKZM01057531	AKZM01057531			AKZM01057531.1	NW_004456959.1
cerSim1:AKZM01057532	AKZM01057532			AKZM01057532.1	NW_004456960.1
cerSim1:AKZM01057533	AKZM01057533			AKZM01057533.1	NW_004456961.1
cerSim1:AKZM01057534	AKZM01057534			AKZM01057534.1	NW_004456962.1
cerSim1:AKZM01057535	AKZM01057535			AKZM01057535.1	NW_004456963.1
cerSim1:AKZM01057536	AKZM01057536			AKZM01057536.1	NW_004456964.1
cerSim1:AKZM01057537	AKZM01057537			AKZM01057537.1	NW_004456965.1
cerSim1:AKZM01057538	AKZM01057538			AKZM01057538.1	NW_004456966.1
cerSim1:AKZM01057539	AKZM01057539			AKZM01057539.1	NW_004456967.1
cerSim1:AKZM01057540	AKZM01057540			AKZM01057540.1	NW_004456968.1
cerSim1:AKZM01057541	AKZM01057541			AKZM01057541.1	NW_004456969.1
cerSim1:AKZM01057542	AKZM01057542			AKZM01057542.1	NW_004456970.1
cerSim1:AKZM01057543	AKZM01057543			AKZM01057543.1	NW_004456971.1
cerSim1:AKZM01057544	AKZM01057544			AKZM01057544.1	NW_004456972.1
cerSim1:AKZM01057545	AKZM01057545			AKZM01057545.1	NW_004456973.1
cerSim1:AKZM01057546	AKZM01057546			AKZM01057546.1	NW_004456974.1
cerSim1:AKZM01057547	AKZM01057547			AKZM01057547.1	NW_004456975.1
cerSim1:AKZM01057548	AKZM01057548			AKZM01057548.1	NW_004456976.1
cerSim1:AKZM01057549	AKZM01057549			AKZM01057549.1	NW_004456977.1
cerSim1:AKZM01057550	AKZM01057550			AKZM01057550.1	NW_004456978.1
cerSim1:AKZM01057551	AKZM01057551			AKZM01057551.1	NW_004456979.1
cerSim1:AKZM01057552	AKZM01057552			AKZM01057552.1	NW_004456980.1
cerSim1:AKZM01057553	AKZM01057553			AKZM01057553.1	NW_004456981.1
cerSim1:AKZM01057554	AKZM01057554			AKZM01057554.1	NW_004456982.1
cerSim1:AKZM01057555	AKZM01057555			AKZM01057555.1	NW_004456983.1
cerSim1:AKZM01057556	AKZM01057556			AKZM01057556.1	NW_004456984.1
cerSim1:AKZM01057557	AKZM01057557			AKZM01057557.1	NW_004456985.1
cerSim1:AKZM01057558	AKZM01057558			AKZM01057558.1	NW_004456986.1
cerSim1:AKZM01057559	AKZM01057559			AKZM01057559.1	NW_004456987.1
cerSim1:AKZM01057560	AKZM01057560			AKZM01057560.1	NW_004456988.1
cerSim1:AKZM01057561	AKZM01057561			AKZM01057561.1	NW_004456989.1
cerSim1:AKZM01057562	AKZM01057562			AKZM01057562.1	NW_004456990.1
cerSim1:AKZM01057563	AKZM01057563			AKZM01057563.1	NW_004456991.1
cerSim1:AKZM01057564	AKZM01057564			AKZM01057564.1	NW_004456992.1
cerSim1:AKZM01057565	AKZM01057565			AKZM01057565.1	NW_004456993.1
cerSim1:AKZM01057566	AKZM01057566			AKZM01057566.1	NW_004456994.1
cerSim1:AKZM01057567	AKZM01057567			AKZM01057567.1	NW_004456995.1
cerSim1:AKZM01057568	AKZM01057568			AKZM01057568.1	NW_004456996.1
cerSim1:AKZM01057569	AKZM01057569			AKZM01057569.1	NW_004456997.1
cerSim1:AKZM01057570	AKZM01057570			AKZM01057570.1	NW_004456998.1
cerSim1:AKZM01057571	AKZM01057571			AKZM01057571.1	NW_004456999.1
cerSim1:AKZM01057572	AKZM01057572			AKZM01057572.1	NW_004457000.1
cerSim1:AKZM01057573	AKZM01057573			AKZM01057573.1	NW_004457001.1
cerSim1:AKZM01057574	AKZM01057574			AKZM01057574.1	NW_004457002.1
cerSim1:AKZM01057575	AKZM01057575			AKZM01057575.1	NW_004457003.1
cerSim1:AKZM01057576	AKZM01057576			AKZM01057576.1	NW_004457004.1
cerSim1:AKZM01057577	AKZM01057577			AKZM01057577.1	NW_004457005.1
cerSim1:AKZM01057578	AKZM01057578			AKZM01057578.1	NW_004457006.1
cerSim1:AKZM01057579	AKZM01057579			AKZM01057579.1	NW_004457007.1
cerSim1:AKZM01057580	AKZM01057580			AKZM01057580.1	NW_004457008.1
cerSim1:AKZM01057581	AKZM01057581			AKZM01057581.1	NW_004457009.1
cerSim1:AKZM01057582	AKZM01057582			AKZM01057582.1	NW_004457010.1
cerSim1:AKZM01057583	AKZM01057583			AKZM01057583.1	NW_004457011.1
cerSim1:AKZM01057584	AKZM01057584			AKZM01057584.1	NW_004457012.1
cerSim1:AKZM01057585	AKZM01057585			AKZM01057585.1	NW_004457013.1
cerSim1:AKZM01057586	AKZM01057586			AKZM01057586.1	NW_004457014.1
cerSim1:AKZM01057587	AKZM01057587			AKZM01057587.1	NW_004457015.1
cerSim1:AKZM01057588	AKZM01057588			AKZM01057588.1	NW_004457016.1
cerSim1:AKZM01057589	AKZM01057589			AKZM01057589.1	NW_004457017.1
cerSim1:AKZM01057590	AKZM01057590			AKZM01057590.1	NW_004457018.1
cerSim1:AKZM01057591	AKZM01057591			AKZM01057591.1	NW_004457019.1
cerSim1:AKZM01057592	AKZM01057592			AKZM01057592.1	NW_004457020.1
cerSim1:AKZM01057593	AKZM01057593			AKZM01057593.1	NW_004457021.1
cerSim1:AKZM01057594	AKZM01057594			AKZM01057594.1	NW_004457022.1
cerSim1:AKZM01057595	AKZM01057595			AKZM01057595.1	NW_004457023.1
cerSim1:AKZM01057596	AKZM01057596			AKZM01057596.1	NW_004457024.1
cerSim1:AKZM01057597	AKZM01057597			AKZM01057597.1	NW_004457025.1
cerSim1:AKZM01057598	AKZM01057598			AKZM01057598.1	NW_004457026.1
cerSim1:AKZM01057599	AKZM01057599			AKZM01057599.1	NW_004457027.1
cerSim1:AKZM01057600	AKZM01057600			AKZM01057600.1	NW_004457028.1
cerSim1:AKZM01057601	AKZM01057601			AKZM01057601.1	NW_004457029.1
cerSim1:AKZM01057602	AKZM01057602			AKZM01057602.1	NW_004457030.1
cerSim1:AKZM01057603	AKZM01057603			AKZM01057603.1	NW_004457031.1
cerSim1:AKZM01057604	AKZM01057604			AKZM01057604.1	NW_004457032.1
cerSim1:AKZM01057605	AKZM01057605			AKZM01057605.1	NW_004457033.1
cerSim1:AKZM01057606	AKZM01057606			AKZM01057606.1	NW_004457034.1
cerSim1:AKZM01057607	AKZM01057607			AKZM01057607.1	NW_004457035.1
cerSim1:AKZM01057608	AKZM01057608			AKZM01057608.1	NW_004457036.1
cerSim1:AKZM01057609	AKZM01057609			AKZM01057609.1	NW_004457037.1
cerSim1:AKZM01057610	AKZM01057610			AKZM01057610.1	NW_004457038.1
cerSim1:AKZM01057611	AKZM01057611			AKZM01057611.1	NW_004457039.1
cerSim1:AKZM01057612	AKZM01057612			AKZM01057612.1	NW_004457040.1
cerSim1:AKZM01057613	AKZM01057613			AKZM01057613.1	NW_004457041.1
cerSim1:AKZM01057614	AKZM01057614			AKZM01057614.1	NW_004457042.1
cerSim1:AKZM01057615	AKZM01057615			AKZM01057615.1	NW_004457043.1
cerSim1:AKZM01057616	AKZM01057616			AKZM01057616.1	NW_004457044.1
cerSim1:AKZM01057617	AKZM01057617			AKZM01057617.1	NW_004457045.1
cerSim1:AKZM01057618	AKZM01057618			AKZM01057618.1	NW_004457046.1
cerSim1:AKZM01057619	AKZM01057619			AKZM01057619.1	NW_004457047.1
cerSim1:AKZM01057620	AKZM01057620			AKZM01057620.1	NW_004457048.1
cerSim1:AKZM01057621	AKZM01057621			AKZM01057621.1	NW_004457049.1
cerSim1:AKZM01057622	AKZM01057622			AKZM01057622.1	NW_004457050.1
cerSim1:AKZM01057623	AKZM01057623			AKZM01057623.1	NW_004457051.1
cerSim1:AKZM01057624	AKZM01057624			AKZM01057624.1	NW_004457052.1
cerSim1:AKZM01057625	AKZM01057625			AKZM01057625.1	NW_004457053.1
cerSim1:AKZM01057626	AKZM01057626			AKZM01057626.1	NW_004457054.1
cerSim1:AKZM01057627	AKZM01057627			AKZM01057627.1	NW_004457055.1
cerSim1:AKZM01057628	AKZM01057628			AKZM01057628.1	NW_004457056.1
cerSim1:AKZM01057629	AKZM01057629			AKZM01057629.1	NW_004457057.1
cerSim1:AKZM01057630	AKZM01057630			AKZM01057630.1	NW_004457058.1
cerSim1:AKZM01057631	AKZM01057631			AKZM01057631.1	NW_004457059.1
cerSim1:AKZM01057632	AKZM01057632			AKZM01057632.1	NW_004457060.1
cerSim1:AKZM01057633	AKZM01057633			AKZM01057633.1	NW_004457061.1
cerSim1:AKZM01057634	AKZM01057634			AKZM01057634.1	NW_004457062.1
cerSim1:AKZM01057635	AKZM01057635			AKZM01057635.1	NW_004457063.1
cerSim1:AKZM01057636	AKZM01057636			AKZM01057636.1	NW_004457064.1
cerSim1:AKZM01057637	AKZM01057637			AKZM01057637.1	NW_004457065.1
cerSim1:AKZM01057638	AKZM01057638			AKZM01057638.1	NW_004457066.1
cerSim1:AKZM01057639	AKZM01057639			AKZM01057639.1	NW_004457067.1
cerSim1:AKZM01057640	AKZM01057640			AKZM01057640.1	NW_004457068.1
cerSim1:AKZM01057641	AKZM01057641			AKZM01057641.1	NW_004457069.1
cerSim1:AKZM01057642	AKZM01057642			AKZM01057642.1	NW_004457070.1
cerSim1:AKZM01057643	AKZM01057643			AKZM01057643.1	NW_004457071.1
cerSim1:AKZM01057644	AKZM01057644			AKZM01057644.1	NW_004457072.1
cerSim1:AKZM01057645	AKZM01057645			AKZM01057645.1	NW_004457073.1
cerSim1:AKZM01057646	AKZM01057646			AKZM01057646.1	NW_004457074.1
cerSim1:AKZM01057647	AKZM01057647			AKZM01057647.1	NW_004457075.1
cerSim1:AKZM01057648	AKZM01057648			AKZM01057648.1	NW_004457076.1
cerSim1:AKZM01057649	AKZM01057649			AKZM01057649.1	NW_004457077.1
cerSim1:AKZM01057650	AKZM01057650			AKZM01057650.1	NW_004457078.1
cerSim1:AKZM01057651	AKZM01057651			AKZM01057651.1	NW_004457079.1
cerSim1:AKZM01057652	AKZM01057652			AKZM01057652.1	NW_004457080.1
cerSim1:AKZM01057653	AKZM01057653			AKZM01057653.1	NW_004457081.1
cerSim1:AKZM01057654	AKZM01057654			AKZM01057654.1	NW_004457082.1
cerSim1:AKZM01057655	AKZM01057655			AKZM01057655.1	NW_004457083.1
cerSim1:AKZM01057656	AKZM01057656			AKZM01057656.1	NW_004457084.1
cerSim1:AKZM01057657	AKZM01057657			AKZM01057657.1	NW_004457085.1
cerSim1:AKZM01057658	AKZM01057658			AKZM01057658.1	NW_004457086.1
cerSim1:AKZM01057659	AKZM01057659			AKZM01057659.1	NW_004457087.1
cerSim1:AKZM01057660	AKZM01057660			AKZM01057660.1	NW_004457088.1
cerSim1:AKZM01057661	AKZM01057661			AKZM01057661.1	NW_004457089.1
cerSim1:AKZM01057662	AKZM01057662			AKZM01057662.1	NW_004457090.1
cerSim1:AKZM01057663	AKZM01057663			AKZM01057663.1	NW_004457091.1
cerSim1:AKZM01057664	AKZM01057664			AKZM01057664.1	NW_004457092.1
cerSim1:AKZM01057665	AKZM01057665			AKZM01057665.1	NW_004457093.1
cerSim1:AKZM01057666	AKZM01057666			AKZM01057666.1	NW_004457094.1
cerSim1:AKZM01057667	AKZM01057667			AKZM01057667.1	NW_004457095.1
cerSim1:AKZM01057668	AKZM01057668			AKZM01057668.1	NW_004457096.1
cerSim1:AKZM01057669	AKZM01057669			AKZM01057669.1	NW_004457097.1
cerSim1:AKZM01057670	AKZM01057670			AKZM01057670.1	NW_004457098.1
cerSim1:AKZM01057671	AKZM01057671			AKZM01057671.1	NW_004457099.1
cerSim1:AKZM01057672	AKZM01057672			AKZM01057672.1	NW_004457100.1
cerSim1:AKZM01057673	AKZM01057673			AKZM01057673.1	NW_004457101.1
cerSim1:AKZM01057674	AKZM01057674			AKZM01057674.1	NW_004457102.1
cerSim1:AKZM01057675	AKZM01057675			AKZM01057675.1	NW_004457103.1
cerSim1:AKZM01057676	AKZM01057676			AKZM01057676.1	NW_004457104.1
cerSim1:AKZM01057677	AKZM01057677			AKZM01057677.1	NW_004457105.1
cerSim1:AKZM01057678	AKZM01057678			AKZM01057678.1	NW_004457106.1
cerSim1:AKZM01057679	AKZM01057679			AKZM01057679.1	NW_004457107.1
cerSim1:AKZM01057680	AKZM01057680			AKZM01057680.1	NW_004457108.1
cerSim1:AKZM01057681	AKZM01057681			AKZM01057681.1	NW_004457109.1
cerSim1:AKZM01057682	AKZM01057682			AKZM01057682.1	NW_004457110.1
cerSim1:AKZM01057683	AKZM01057683			AKZM01057683.1	NW_004457111.1
cerSim1:AKZM01057684	AKZM01057684			AKZM01057684.1	NW_004457112.1
cerSim1:AKZM01057685	AKZM01057685			AKZM01057685.1	NW_004457113.1
cerSim1:AKZM01057686	AKZM01057686			AKZM01057686.1	NW_004457114.1
cerSim1:AKZM01057687	AKZM01057687			AKZM01057687.1	NW_004457115.1
cerSim1:AKZM01057688	AKZM01057688			AKZM01057688.1	NW_004457116.1
cerSim1:AKZM01057689	AKZM01057689			AKZM01057689.1	NW_004457117.1
cerSim1:AKZM01057690	AKZM01057690			AKZM01057690.1	NW_004457118.1
cerSim1:AKZM01057691	AKZM01057691			AKZM01057691.1	NW_004457119.1
cerSim1:AKZM01057692	AKZM01057692			AKZM01057692.1	NW_004457120.1
cerSim1:AKZM01057693	AKZM01057693			AKZM01057693.1	NW_004457121.1
cerSim1:AKZM01057694	AKZM01057694			AKZM01057694.1	NW_004457122.1
cerSim1:AKZM01057695	AKZM01057695			AKZM01057695.1	NW_004457123.1
cerSim1:AKZM01057696	AKZM01057696			AKZM01057696.1	NW_004457124.1
cerSim1:AKZM01057697	AKZM01057697			AKZM01057697.1	NW_004457125.1
cerSim1:AKZM01057698	AKZM01057698			AKZM01057698.1	NW_004457126.1
cerSim1:AKZM01057699	AKZM01057699			AKZM01057699.1	NW_004457127.1
cerSim1:AKZM01057700	AKZM01057700			AKZM01057700.1	NW_004457128.1
cerSim1:AKZM01057701	AKZM01057701			AKZM01057701.1	NW_004457129.1
cerSim1:AKZM01057702	AKZM01057702			AKZM01057702.1	NW_004457130.1
cerSim1:AKZM01057703	AKZM01057703			AKZM01057703.1	NW_004457131.1
cerSim1:AKZM01057704	AKZM01057704			AKZM01057704.1	NW_004457132.1
cerSim1:AKZM01057705	AKZM01057705			AKZM01057705.1	NW_004457133.1
cerSim1:AKZM01057706	AKZM01057706			AKZM01057706.1	NW_004457134.1
cerSim1:AKZM01057707	AKZM01057707			AKZM01057707.1	NW_004457135.1
cerSim1:AKZM01057708	AKZM01057708			AKZM01057708.1	NW_004457136.1
cerSim1:AKZM01057709	AKZM01057709			AKZM01057709.1	NW_004457137.1
cerSim1:AKZM01057710	AKZM01057710			AKZM01057710.1	NW_004457138.1
cerSim1:AKZM01057711	AKZM01057711			AKZM01057711.1	NW_004457139.1
cerSim1:AKZM01057712	AKZM01057712			AKZM01057712.1	NW_004457140.1
cerSim1:AKZM01057713	AKZM01057713			AKZM01057713.1	NW_004457141.1
cerSim1:AKZM01057714	AKZM01057714			AKZM01057714.1	NW_004457142.1
cerSim1:AKZM01057715	AKZM01057715			AKZM01057715.1	NW_004457143.1
cerSim1:AKZM01057716	AKZM01057716			AKZM01057716.1	NW_004457144.1
cerSim1:AKZM01057717	AKZM01057717			AKZM01057717.1	NW_004457145.1
cerSim1:AKZM01057718	AKZM01057718			AKZM01057718.1	NW_004457146.1
cerSim1:AKZM01057719	AKZM01057719			AKZM01057719.1	NW_004457147.1
cerSim1:AKZM01057720	AKZM01057720			AKZM01057720.1	NW_004457148.1
cerSim1:AKZM01057721	AKZM01057721			AKZM01057721.1	NW_004457149.1
cerSim1:AKZM01057722	AKZM01057722			AKZM01057722.1	NW_004457150.1
cerSim1:AKZM01057723	AKZM01057723			AKZM01057723.1	NW_004457151.1
cerSim1:AKZM01057724	AKZM01057724			AKZM01057724.1	NW_004457152.1
cerSim1:AKZM01057725	AKZM01057725			AKZM01057725.1	NW_004457153.1
cerSim1:AKZM01057726	AKZM01057726			AKZM01057726.1	NW_004457154.1
cerSim1:AKZM01057727	AKZM01057727			AKZM01057727.1	NW_004457155.1
cerSim1:AKZM01057728	AKZM01057728			AKZM01057728.1	NW_004457156.1
cerSim1:AKZM01057729	AKZM01057729			AKZM01057729.1	NW_004457157.1
cerSim1:AKZM01057730	AKZM01057730			AKZM01057730.1	NW_004457158.1
cerSim1:AKZM01057731	AKZM01057731			AKZM01057731.1	NW_004457159.1
cerSim1:AKZM01057732	AKZM01057732			AKZM01057732.1	NW_004457160.1
cerSim1:AKZM01057733	AKZM01057733			AKZM01057733.1	NW_004457161.1
cerSim1:AKZM01057734	AKZM01057734			AKZM01057734.1	NW_004457162.1
cerSim1:AKZM01057735	AKZM01057735			AKZM01057735.1	NW_004457163.1
cerSim1:AKZM01057736	AKZM01057736			AKZM01057736.1	NW_004457164.1
cerSim1:AKZM01057737	AKZM01057737			AKZM01057737.1	NW_004457165.1
cerSim1:AKZM01057738	AKZM01057738			AKZM01057738.1	NW_004457166.1
cerSim1:AKZM01057739	AKZM01057739			AKZM01057739.1	NW_004457167.1
cerSim1:AKZM01057740	AKZM01057740			AKZM01057740.1	NW_004457168.1
cerSim1:AKZM01057741	AKZM01057741			AKZM01057741.1	NW_004457169.1
cerSim1:AKZM01057742	AKZM01057742			AKZM01057742.1	NW_004457170.1
cerSim1:AKZM01057743	AKZM01057743			AKZM01057743.1	NW_004457171.1
cerSim1:AKZM01057744	AKZM01057744			AKZM01057744.1	NW_004457172.1
cerSim1:AKZM01057745	AKZM01057745			AKZM01057745.1	NW_004457173.1
cerSim1:AKZM01057746	AKZM01057746			AKZM01057746.1	NW_004457174.1
cerSim1:AKZM01057747	AKZM01057747			AKZM01057747.1	NW_004457175.1
cerSim1:AKZM01057748	AKZM01057748			AKZM01057748.1	NW_004457176.1
cerSim1:AKZM01057749	AKZM01057749			AKZM01057749.1	NW_004457177.1
cerSim1:AKZM01057750	AKZM01057750			AKZM01057750.1	NW_004457178.1
cerSim1:AKZM01057751	AKZM01057751			AKZM01057751.1	NW_004457179.1
cerSim1:AKZM01057752	AKZM01057752			AKZM01057752.1	NW_004457180.1
cerSim1:AKZM01057753	AKZM01057753			AKZM01057753.1	NW_004457181.1
cerSim1:AKZM01057754	AKZM01057754			AKZM01057754.1	NW_004457182.1
cerSim1:AKZM01057755	AKZM01057755			AKZM01057755.1	NW_004457183.1
cerSim1:AKZM01057756	AKZM01057756			AKZM01057756.1	NW_004457184.1
cerSim1:AKZM01057757	AKZM01057757			AKZM01057757.1	NW_004457185.1
cerSim1:AKZM01057758	AKZM01057758			AKZM01057758.1	NW_004457186.1
cerSim1:AKZM01057759	AKZM01057759			AKZM01057759.1	NW_004457187.1
cerSim1:AKZM01057760	AKZM01057760			AKZM01057760.1	NW_004457188.1
cerSim1:AKZM01057761	AKZM01057761			AKZM01057761.1	NW_004457189.1
cerSim1:AKZM01057762	AKZM01057762			AKZM01057762.1	NW_004457190.1
cerSim1:AKZM01057763	AKZM01057763			AKZM01057763.1	NW_004457191.1
cerSim1:AKZM01057764	AKZM01057764			AKZM01057764.1	NW_004457192.1
cerSim1:AKZM01057765	AKZM01057765			AKZM01057765.1	NW_004457193.1
cerSim1:AKZM01057766	AKZM01057766			AKZM01057766.1	NW_004457194.1
cerSim1:AKZM01057767	AKZM01057767			AKZM01057767.1	NW_004457195.1
cerSim1:AKZM01057768	AKZM01057768			AKZM01057768.1	NW_004457196.1
cerSim1:AKZM01057769	AKZM01057769			AKZM01057769.1	NW_004457197.1
cerSim1:AKZM01057770	AKZM01057770			AKZM01057770.1	NW_004457198.1
cerSim1:AKZM01057771	AKZM01057771			AKZM01057771.1	NW_004457199.1
cerSim1:AKZM01057772	AKZM01057772			AKZM01057772.1	NW_004457200.1
cerSim1:AKZM01057773	AKZM01057773			AKZM01057773.1	NW_004457201.1
cerSim1:AKZM01057774	AKZM01057774			AKZM01057774.1	NW_004457202.1
cerSim1:AKZM01057775	AKZM01057775			AKZM01057775.1	NW_004457203.1
cerSim1:AKZM01057776	AKZM01057776			AKZM01057776.1	NW_004457204.1
cerSim1:AKZM01057777	AKZM01057777			AKZM01057777.1	NW_004457205.1
cerSim1:AKZM01057778	AKZM01057778			AKZM01057778.1	NW_004457206.1
cerSim1:AKZM01057779	AKZM01057779			AKZM01057779.1	NW_004457207.1
cerSim1:AKZM01057780	AKZM01057780			AKZM01057780.1	NW_004457208.1
cerSim1:AKZM01057781	AKZM01057781			AKZM01057781.1	NW_004457209.1
cerSim1:AKZM01057782	AKZM01057782			AKZM01057782.1	NW_004457210.1
cerSim1:AKZM01057783	AKZM01057783			AKZM01057783.1	NW_004457211.1
cerSim1:AKZM01057784	AKZM01057784			AKZM01057784.1	NW_004457212.1
cerSim1:AKZM01057785	AKZM01057785			AKZM01057785.1	NW_004457213.1
cerSim1:AKZM01057786	AKZM01057786			AKZM01057786.1	NW_004457214.1
cerSim1:AKZM01057787	AKZM01057787			AKZM01057787.1	NW_004457215.1
cerSim1:AKZM01057788	AKZM01057788			AKZM01057788.1	NW_004457216.1
cerSim1:AKZM01057789	AKZM01057789			AKZM01057789.1	NW_004457217.1
cerSim1:AKZM01057790	AKZM01057790			AKZM01057790.1	NW_004457218.1
cerSim1:AKZM01057791	AKZM01057791			AKZM01057791.1	NW_004457219.1
cerSim1:AKZM01057792	AKZM01057792			AKZM01057792.1	NW_004457220.1
cerSim1:AKZM01057793	AKZM01057793			AKZM01057793.1	NW_004457221.1
cerSim1:AKZM01057794	AKZM01057794			AKZM01057794.1	NW_004457222.1
cerSim1:AKZM01057795	AKZM01057795			AKZM01057795.1	NW_004457223.1
cerSim1:AKZM01057796	AKZM01057796			AKZM01057796.1	NW_004457224.1
cerSim1:AKZM01057797	AKZM01057797			AKZM01057797.1	NW_004457225.1
cerSim1:AKZM01057798	AKZM01057798			AKZM01057798.1	NW_004457226.1
cerSim1:AKZM01057799	AKZM01057799			AKZM01057799.1	NW_004457227.1
cerSim1:AKZM01057800	AKZM01057800			AKZM01057800.1	NW_004457228.1
cerSim1:AKZM01057801	AKZM01057801			AKZM01057801.1	NW_004457229.1
cerSim1:AKZM01057802	AKZM01057802			AKZM01057802.1	NW_004457230.1
cerSim1:AKZM01057803	AKZM01057803			AKZM01057803.1	NW_004457231.1
cerSim1:AKZM01057804	AKZM01057804			AKZM01057804.1	NW_004457232.1
cerSim1:AKZM01057805	AKZM01057805			AKZM01057805.1	NW_004457233.1
cerSim1:AKZM01057806	AKZM01057806			AKZM01057806.1	NW_004457234.1
cerSim1:AKZM01057807	AKZM01057807			AKZM01057807.1	NW_004457235.1
cerSim1:AKZM01057808	AKZM01057808			AKZM01057808.1	NW_004457236.1
cerSim1:AKZM01057809	AKZM01057809			AKZM01057809.1	NW_004457237.1
cerSim1:AKZM01057810	AKZM01057810			AKZM01057810.1	NW_004457238.1
cerSim1:AKZM01057811	AKZM01057811			AKZM01057811.1	NW_004457239.1
cerSim1:AKZM01057812	AKZM01057812			AKZM01057812.1	NW_004457240.1
cerSim1:AKZM01057813	AKZM01057813			AKZM01057813.1	NW_004457241.1
cerSim1:JH767723	JH767723			JH767723.1	NW_004454156.1
cerSim1:JH767724	JH767724			JH767724.1	NW_004454157.1
cerSim1:JH767725	JH767725			JH767725.1	NW_004454158.1
cerSim1:JH767726	JH767726			JH767726.1	NW_004454159.1
cerSim1:JH767727	JH767727			JH767727.1	NW_004454160.1
cerSim1:JH767728	JH767728			JH767728.1	NW_004454161.1
cerSim1:JH767729	JH767729			JH767729.1	NW_004454162.1
cerSim1:JH767730	JH767730			JH767730.1	NW_004454163.1
cerSim1:JH767731	JH767731			JH767731.1	NW_004454164.1
cerSim1:JH767732	JH767732			JH767732.1	NW_004454165.1
cerSim1:JH767733	JH767733			JH767733.1	NW_004454166.1
cerSim1:JH767734	JH767734			JH767734.1	NW_004454167.1
cerSim1:JH767735	JH767735			JH767735.1	NW_004454168.1
cerSim1:JH767736	JH767736			JH767736.1	NW_004454169.1
cerSim1:JH767737	JH767737			JH767737.1	NW_004454170.1
cerSim1:JH767738	JH767738			JH767738.1	NW_004454171.1
cerSim1:JH767739	JH767739			JH767739.1	NW_004454172.1
cerSim1:JH767740	JH767740			JH767740.1	NW_004454173.1
cerSim1:JH767741	JH767741			JH767741.1	NW_004454174.1
cerSim1:JH767742	JH767742			JH767742.1	NW_004454175.1
cerSim1:JH767743	JH767743			JH767743.1	NW_004454176.1
cerSim1:JH767744	JH767744			JH767744.1	NW_004454177.1
cerSim1:JH767745	JH767745			JH767745.1	NW_004454178.1
cerSim1:JH767746	JH767746			JH767746.1	NW_004454179.1
cerSim1:JH767747	JH767747			JH767747.1	NW_004454180.1
cerSim1:JH767748	JH767748			JH767748.1	NW_004454181.1
cerSim1:JH767749	JH767749			JH767749.1	NW_004454182.1
cerSim1:JH767750	JH767750			JH767750.1	NW_004454183.1
cerSim1:JH767751	JH767751			JH767751.1	NW_004454184.1
cerSim1:JH767752	JH767752			JH767752.1	NW_004454185.1
cerSim1:JH767753	JH767753			JH767753.1	NW_004454186.1
cerSim1:JH767754	JH767754			JH767754.1	NW_004454187.1
cerSim1:JH767755	JH767755			JH767755.1	NW_004454188.1
cerSim1:JH767756	JH767756			JH767756.1	NW_004454189.1
cerSim1:JH767757	JH767757			JH767757.1	NW_004454190.1
cerSim1:JH767758	JH767758			JH767758.1	NW_004454191.1
cerSim1:JH767759	JH767759			JH767759.1	NW_004454192.1
cerSim1:JH767760	JH767760			JH767760.1	NW_004454193.1
cerSim1:JH767761	JH767761			JH767761.1	NW_004454194.1
cerSim1:JH767762	JH767762			JH767762.1	NW_004454195.1
cerSim1:JH767763	JH767763			JH767763.1	NW_004454196.1
cerSim1:JH767764	JH767764			JH767764.1	NW_004454197.1
cerSim1:JH767765	JH767765			JH767765.1	NW_004454198.1
cerSim1:JH767766	JH767766			JH767766.1	NW_004454199.1
cerSim1:JH767767	JH767767			JH767767.1	NW_004454200.1
cerSim1:JH767768	JH767768			JH767768.1	NW_004454201.1
cerSim1:JH767769	JH767769			JH767769.1	NW_004454202.1
cerSim1:JH767770	JH767770			JH767770.1	NW_004454203.1
cerSim1:JH767771	JH767771			JH767771.1	NW_004454204.1
cerSim1:JH767772	JH767772			JH767772.1	NW_004454205.1
cerSim1:JH767773	JH767773			JH767773.1	NW_004454206.1
cerSim1:JH767774	JH767774			JH767774.1	NW_004454207.1
cerSim1:JH767775	JH767775			JH767775.1	NW_004454208.1
cerSim1:JH767776	JH767776			JH767776.1	NW_004454209.1
cerSim1:JH767777	JH767777			JH767777.1	NW_004454210.1
cerSim1:JH767778	JH767778			JH767778.1	NW_004454211.1
cerSim1:JH767779	JH767779			JH767779.1	NW_004454212.1
cerSim1:JH767780	JH767780			JH767780.1	NW_004454213.1
cerSim1:JH767781	JH767781			JH767781.1	NW_004454214.1
cerSim1:JH767782	JH767782			JH767782.1	NW_004454215.1
cerSim1:JH767783	JH767783			JH767783.1	NW_004454216.1
cerSim1:JH767784	JH767784			JH767784.1	NW_004454217.1
cerSim1:JH767785	JH767785			JH767785.1	NW_004454218.1
cerSim1:JH767786	JH767786			JH767786.1	NW_004454219.1
cerSim1:JH767787	JH767787			JH767787.1	NW_004454220.1
cerSim1:JH767788	JH767788			JH767788.1	NW_004454221.1
cerSim1:JH767789	JH767789			JH767789.1	NW_004454222.1
cerSim1:JH767790	JH767790			JH767790.1	NW_004454223.1
cerSim1:JH767791	JH767791			JH767791.1	NW_004454224.1
cerSim1:JH767792	JH767792			JH767792.1	NW_004454225.1
cerSim1:JH767793	JH767793			JH767793.1	NW_004454226.1
cerSim1:JH767794	JH767794			JH767794.1	NW_004454227.1
cerSim1:JH767795	JH767795			JH767795.1	NW_004454228.1
cerSim1:JH767796	JH767796			JH767796.1	NW_004454229.1
cerSim1:JH767797	JH767797			JH767797.1	NW_004454230.1
cerSim1:JH767798	JH767798			JH767798.1	NW_004454231.1
cerSim1:JH767799	JH767799			JH767799.1	NW_004454232.1
cerSim1:JH767800	JH767800			JH767800.1	NW_004454233.1
cerSim1:JH767801	JH767801			JH767801.1	NW_004454234.1
cerSim1:JH767802	JH767802			JH767802.1	NW_004454235.1
cerSim1:JH767803	JH767803			JH767803.1	NW_004454236.1
cerSim1:JH767804	JH767804			JH767804.1	NW_004454237.1
cerSim1:JH767805	JH767805			JH767805.1	NW_004454238.1
cerSim1:JH767806	JH767806			JH767806.1	NW_004454239.1
cerSim1:JH767807	JH767807			JH767807.1	NW_004454240.1
cerSim1:JH767808	JH767808			JH767808.1	NW_004454241.1
cerSim1:JH767809	JH767809			JH767809.1	NW_004454242.1
cerSim1:JH767810	JH767810			JH767810.1	NW_004454243.1
cerSim1:JH767811	JH767811			JH767811.1	NW_004454244.1
cerSim1:JH767812	JH767812			JH767812.1	NW_004454245.1
cerSim1:JH767813	JH767813			JH767813.1	NW_004454246.1
cerSim1:JH767814	JH767814			JH767814.1	NW_004454247.1
cerSim1:JH767815	JH767815			JH767815.1	NW_004454248.1
cerSim1:JH767816	JH767816			JH767816.1	NW_004454249.1
cerSim1:JH767817	JH767817			JH767817.1	NW_004454250.1
cerSim1:JH767818	JH767818			JH767818.1	NW_004454251.1
cerSim1:JH767819	JH767819			JH767819.1	NW_004454252.1
cerSim1:JH767820	JH767820			JH767820.1	NW_004454253.1
cerSim1:JH767821	JH767821			JH767821.1	NW_004454254.1
cerSim1:JH767822	JH767822			JH767822.1	NW_004454255.1
cerSim1:JH767823	JH767823			JH767823.1	NW_004454256.1
cerSim1:JH767824	JH767824			JH767824.1	NW_004454257.1
cerSim1:JH767825	JH767825			JH767825.1	NW_004454258.1
cerSim1:JH767826	JH767826			JH767826.1	NW_004454259.1
cerSim1:JH767827	JH767827			JH767827.1	NW_004454260.1
cerSim1:JH767828	JH767828			JH767828.1	NW_004454261.1
cerSim1:JH767829	JH767829			JH767829.1	NW_004454262.1
cerSim1:JH767830	JH767830			JH767830.1	NW_004454263.1
cerSim1:JH767831	JH767831			JH767831.1	NW_004454264.1
cerSim1:JH767832	JH767832			JH767832.1	NW_004454265.1
cerSim1:JH767833	JH767833			JH767833.1	NW_004454266.1
cerSim1:JH767834	JH767834			JH767834.1	NW_004454267.1
cerSim1:JH767835	JH767835			JH767835.1	NW_004454268.1
cerSim1:JH767836	JH767836			JH767836.1	NW_004454269.1
cerSim1:JH767837	JH767837			JH767837.1	NW_004454270.1
cerSim1:JH767838	JH767838			JH767838.1	NW_004454271.1
cerSim1:JH767839	JH767839			JH767839.1	NW_004454272.1
cerSim1:JH767840	JH767840			JH767840.1	NW_004454273.1
cerSim1:JH767841	JH767841			JH767841.1	NW_004454274.1
cerSim1:JH767842	JH767842			JH767842.1	NW_004454275.1
cerSim1:JH767843	JH767843			JH767843.1	NW_004454276.1
cerSim1:JH767844	JH767844			JH767844.1	NW_004454277.1
cerSim1:JH767845	JH767845			JH767845.1	NW_004454278.1
cerSim1:JH767846	JH767846			JH767846.1	NW_004454279.1
cerSim1:JH767847	JH767847			JH767847.1	NW_004454280.1
cerSim1:JH767848	JH767848			JH767848.1	NW_004454281.1
cerSim1:JH767849	JH767849			JH767849.1	NW_004454282.1
cerSim1:JH767850	JH767850			JH767850.1	NW_004454283.1
cerSim1:JH767851	JH767851			JH767851.1	NW_004454284.1
cerSim1:JH767852	JH767852			JH767852.1	NW_004454285.1
cerSim1:JH767853	JH767853			JH767853.1	NW_004454286.1
cerSim1:JH767854	JH767854			JH767854.1	NW_004454287.1
cerSim1:JH767855	JH767855			JH767855.1	NW_004454288.1
cerSim1:JH767856	JH767856			JH767856.1	NW_004454289.1
cerSim1:JH767857	JH767857			JH767857.1	NW_004454290.1
cerSim1:JH767858	JH767858			JH767858.1	NW_004454291.1
cerSim1:JH767859	JH767859			JH767859.1	NW_004454292.1
cerSim1:JH767860	JH767860			JH767860.1	NW_004454293.1
cerSim1:JH767861	JH767861			JH767861.1	NW_004454294.1
cerSim1:JH767862	JH767862			JH767862.1	NW_004454295.1
cerSim1:JH767863	JH767863			JH767863.1	NW_004454296.1
cerSim1:JH767864	JH767864			JH767864.1	NW_004454297.1
cerSim1:JH767865	JH767865			JH767865.1	NW_004454298.1
cerSim1:JH767866	JH767866			JH767866.1	NW_004454299.1
cerSim1:JH767867	JH767867			JH767867.1	NW_004454300.1
cerSim1:JH767868	JH767868			JH767868.1	NW_004454301.1
cerSim1:JH767869	JH767869			JH767869.1	NW_004454302.1
cerSim1:JH767870	JH767870			JH767870.1	NW_004454303.1
cerSim1:JH767871	JH767871			JH767871.1	NW_004454304.1
cerSim1:JH767872	JH767872			JH767872.1	NW_004454305.1
cerSim1:JH767873	JH767873			JH767873.1	NW_004454306.1
cerSim1:JH767874	JH767874			JH767874.1	NW_004454307.1
cerSim1:JH767875	JH767875			JH767875.1	NW_004454308.1
cerSim1:JH767876	JH767876			JH767876.1	NW_004454309.1
cerSim1:JH767877	JH767877			JH767877.1	NW_004454310.1
cerSim1:JH767878	JH767878			JH767878.1	NW_004454311.1
cerSim1:JH767879	JH767879			JH767879.1	NW_004454312.1
cerSim1:JH767880	JH767880			JH767880.1	NW_004454313.1
cerSim1:JH767881	JH767881			JH767881.1	NW_004454314.1
cerSim1:JH767882	JH767882			JH767882.1	NW_004454315.1
cerSim1:JH767883	JH767883			JH767883.1	NW_004454316.1
cerSim1:JH767884	JH767884			JH767884.1	NW_004454317.1
cerSim1:JH767885	JH767885			JH767885.1	NW_004454318.1
cerSim1:JH767886	JH767886			JH767886.1	NW_004454319.1
cerSim1:JH767887	JH767887			JH767887.1	NW_004454320.1
cerSim1:JH767888	JH767888			JH767888.1	NW_004454321.1
cerSim1:JH767889	JH767889			JH767889.1	NW_004454322.1
cerSim1:JH767890	JH767890			JH767890.1	NW_004454323.1
cerSim1:JH767891	JH767891			JH767891.1	NW_004454324.1
cerSim1:JH767892	JH767892			JH767892.1	NW_004454325.1
cerSim1:JH767893	JH767893			JH767893.1	NW_004454326.1
cerSim1:JH767894	JH767894			JH767894.1	NW_004454327.1
cerSim1:JH767895	JH767895			JH767895.1	NW_004454328.1
cerSim1:JH767896	JH767896			JH767896.1	NW_004454329.1
cerSim1:JH767897	JH767897			JH767897.1	NW_004454330.1
cerSim1:JH767898	JH767898			JH767898.1	NW_004454331.1
cerSim1:JH767899	JH767899			JH767899.1	NW_004454332.1
cerSim1:JH767900	JH767900			JH767900.1	NW_004454333.1
cerSim1:JH767901	JH767901			JH767901.1	NW_004454334.1
cerSim1:JH767902	JH767902			JH767902.1	NW_004454335.1
cerSim1:JH767903	JH767903			JH767903.1	NW_004454336.1
cerSim1:JH767904	JH767904			JH767904.1	NW_004454337.1
cerSim1:JH767905	JH767905			JH767905.1	NW_004454338.1
cerSim1:JH767906	JH767906			JH767906.1	NW_004454339.1
cerSim1:JH767907	JH767907			JH767907.1	NW_004454340.1
cerSim1:JH767908	JH767908			JH767908.1	NW_004454341.1
cerSim1:JH767909	JH767909			JH767909.1	NW_004454342.1
cerSim1:JH767910	JH767910			JH767910.1	NW_004454343.1
cerSim1:JH767911	JH767911			JH767911.1	NW_004454344.1
cerSim1:JH767912	JH767912			JH767912.1	NW_004454345.1
cerSim1:JH767913	JH767913			JH767913.1	NW_004454346.1
cerSim1:JH767914	JH767914			JH767914.1	NW_004454347.1
cerSim1:JH767915	JH767915			JH767915.1	NW_004454348.1
cerSim1:JH767916	JH767916			JH767916.1	NW_004454349.1
cerSim1:JH767917	JH767917			JH767917.1	NW_004454350.1
cerSim1:JH767918	JH767918			JH767918.1	NW_004454351.1
cerSim1:JH767919	JH767919			JH767919.1	NW_004454352.1
cerSim1:JH767920	JH767920			JH767920.1	NW_004454353.1
cerSim1:JH767921	JH767921			JH767921.1	NW_004454354.1
cerSim1:JH767922	JH767922			JH767922.1	NW_004454355.1
cerSim1:JH767923	JH767923			JH767923.1	NW_004454356.1
cerSim1:JH767924	JH767924			JH767924.1	NW_004454357.1
cerSim1:JH767925	JH767925			JH767925.1	NW_004454358.1
cerSim1:JH767926	JH767926			JH767926.1	NW_004454359.1
cerSim1:JH767927	JH767927			JH767927.1	NW_004454360.1
cerSim1:JH767928	JH767928			JH767928.1	NW_004454361.1
cerSim1:JH767929	JH767929			JH767929.1	NW_004454362.1
cerSim1:JH767930	JH767930			JH767930.1	NW_004454363.1
cerSim1:JH767931	JH767931			JH767931.1	NW_004454364.1
cerSim1:JH767932	JH767932			JH767932.1	NW_004454365.1
cerSim1:JH767933	JH767933			JH767933.1	NW_004454366.1
cerSim1:JH767934	JH767934			JH767934.1	NW_004454367.1
cerSim1:JH767935	JH767935			JH767935.1	NW_004454368.1
cerSim1:JH767936	JH767936			JH767936.1	NW_004454369.1
cerSim1:JH767937	JH767937			JH767937.1	NW_004454370.1
cerSim1:JH767938	JH767938			JH767938.1	NW_004454371.1
cerSim1:JH767939	JH767939			JH767939.1	NW_004454372.1
cerSim1:JH767940	JH767940			JH767940.1	NW_004454373.1
cerSim1:JH767941	JH767941			JH767941.1	NW_004454374.1
cerSim1:JH767942	JH767942			JH767942.1	NW_004454375.1
cerSim1:JH767943	JH767943			JH767943.1	NW_004454376.1
cerSim1:JH767944	JH767944			JH767944.1	NW_004454377.1
cerSim1:JH767945	JH767945			JH767945.1	NW_004454378.1
cerSim1:JH767946	JH767946			JH767946.1	NW_004454379.1
cerSim1:JH767947	JH767947			JH767947.1	NW_004454380.1
cerSim1:JH767948	JH767948			JH767948.1	NW_004454381.1
cerSim1:JH767949	JH767949			JH767949.1	NW_004454382.1
cerSim1:JH767950	JH767950			JH767950.1	NW_004454383.1
cerSim1:JH767951	JH767951			JH767951.1	NW_004454384.1
cerSim1:JH767952	JH767952			JH767952.1	NW_004454385.1
cerSim1:JH767953	JH767953			JH767953.1	NW_004454386.1
cerSim1:JH767954	JH767954			JH767954.1	NW_004454387.1
cerSim1:JH767955	JH767955			JH767955.1	NW_004454388.1
cerSim1:JH767956	JH767956			JH767956.1	NW_004454389.1
cerSim1:JH767957	JH767957			JH767957.1	NW_004454390.1
cerSim1:JH767958	JH767958			JH767958.1	NW_004454391.1
cerSim1:JH767959	JH767959			JH767959.1	NW_004454393.1
cerSim1:JH767960	JH767960			JH767960.1	NW_004454394.1
cerSim1:JH767961	JH767961			JH767961.1	NW_004454395.1
cerSim1:JH767962	JH767962			JH767962.1	NW_004454396.1
cerSim1:JH767963	JH767963			JH767963.1	NW_004454397.1
cerSim1:JH767964	JH767964			JH767964.1	NW_004454398.1
cerSim1:JH767965	JH767965			JH767965.1	NW_004454399.1
cerSim1:JH767966	JH767966			JH767966.1	NW_004454400.1
cerSim1:JH767967	JH767967			JH767967.1	NW_004454401.1
cerSim1:JH767968	JH767968			JH767968.1	NW_004454402.1
cerSim1:JH767969	JH767969			JH767969.1	NW_004454403.1
cerSim1:JH767970	JH767970			JH767970.1	NW_004454404.1
cerSim1:JH767971	JH767971			JH767971.1	NW_004454405.1
cerSim1:JH767972	JH767972			JH767972.1	NW_004454406.1
cerSim1:JH767973	JH767973			JH767973.1	NW_004454407.1
cerSim1:JH767974	JH767974			JH767974.1	NW_004454408.1
cerSim1:JH767975	JH767975			JH767975.1	NW_004454409.1
cerSim1:JH767976	JH767976			JH767976.1	NW_004454410.1
cerSim1:JH767977	JH767977			JH767977.1	NW_004454411.1
cerSim1:JH767978	JH767978			JH767978.1	NW_004454412.1
cerSim1:JH767979	JH767979			JH767979.1	NW_004454413.1
cerSim1:JH767980	JH767980			JH767980.1	NW_004454414.1
cerSim1:JH767981	JH767981			JH767981.1	NW_004454415.1
cerSim1:JH767982	JH767982			JH767982.1	NW_004454416.1
cerSim1:JH767983	JH767983			JH767983.1	NW_004454417.1
cerSim1:JH767984	JH767984			JH767984.1	NW_004454418.1
cerSim1:JH767985	JH767985			JH767985.1	NW_004454419.1
cerSim1:JH767986	JH767986			JH767986.1	NW_004454420.1
cerSim1:JH767987	JH767987			JH767987.1	NW_004454421.1
cerSim1:JH767988	JH767988			JH767988.1	NW_004454422.1
cerSim1:JH767989	JH767989			JH767989.1	NW_004454423.1
cerSim1:JH767990	JH767990			JH767990.1	NW_004454424.1
cerSim1:JH767991	JH767991			JH767991.1	NW_004454425.1
cerSim1:JH767992	JH767992			JH767992.1	NW_004454426.1
cerSim1:JH767993	JH767993			JH767993.1	NW_004454427.1
cerSim1:JH767994	JH767994			JH767994.1	NW_004454428.1
cerSim1:JH767995	JH767995			JH767995.1	NW_004454429.1
cerSim1:JH767996	JH767996			JH767996.1	NW_004454430.1
cerSim1:JH767997	JH767997			JH767997.1	NW_004454431.1
cerSim1:JH767998	JH767998			JH767998.1	NW_004454432.1
cerSim1:JH767999	JH767999			JH767999.1	NW_004454433.1
cerSim1:JH768000	JH768000			JH768000.1	NW_004454434.1
cerSim1:JH768001	JH768001			JH768001.1	NW_004454435.1
cerSim1:JH768002	JH768002			JH768002.1	NW_004454436.1
cerSim1:JH768003	JH768003			JH768003.1	NW_004454437.1
cerSim1:JH768004	JH768004			JH768004.1	NW_004454439.1
cerSim1:JH768005	JH768005			JH768005.1	NW_004454440.1
cerSim1:JH768006	JH768006			JH768006.1	NW_004454441.1
cerSim1:JH768007	JH768007			JH768007.1	NW_004454444.1
cerSim1:JH768008	JH768008			JH768008.1	NW_004454445.1
cerSim1:JH768009	JH768009			JH768009.1	NW_004454447.1
cerSim1:JH768010	JH768010			JH768010.1	NW_004454448.1
cerSim1:JH768011	JH768011			JH768011.1	NW_004454449.1
cerSim1:JH768012	JH768012			JH768012.1	NW_004454451.1
cerSim1:JH768013	JH768013			JH768013.1	NW_004454452.1
cerSim1:JH768014	JH768014			JH768014.1	NW_004454453.1
cerSim1:JH768015	JH768015			JH768015.1	NW_004454454.1
cerSim1:JH768016	JH768016			JH768016.1	NW_004454455.1
cerSim1:JH768017	JH768017			JH768017.1	NW_004454456.1
cerSim1:JH768018	JH768018			JH768018.1	NW_004454457.1
cerSim1:JH768019	JH768019			JH768019.1	NW_004454458.1
cerSim1:JH768020	JH768020			JH768020.1	NW_004454460.1
cerSim1:JH768021	JH768021			JH768021.1	NW_004454461.1
cerSim1:JH768022	JH768022			JH768022.1	NW_004454462.1
cerSim1:JH768023	JH768023			JH768023.1	NW_004454463.1
cerSim1:JH768024	JH768024			JH768024.1	NW_004454464.1
cerSim1:JH768025	JH768025			JH768025.1	NW_004454466.1
cerSim1:JH768026	JH768026			JH768026.1	NW_004454467.1
cerSim1:JH768027	JH768027			JH768027.1	NW_004454468.1
cerSim1:JH768028	JH768028			JH768028.1	NW_004454472.1
cerSim1:JH768029	JH768029			JH768029.1	NW_004454475.1
cerSim1:JH768030	JH768030			JH768030.1	NW_004454476.1
cerSim1:JH768031	JH768031			JH768031.1	NW_004454478.1
cerSim1:JH768032	JH768032			JH768032.1	NW_004454480.1
cerSim1:JH768033	JH768033			JH768033.1	NW_004454483.1
cerSim1:JH768034	JH768034			JH768034.1	NW_004454485.1
cerSim1:JH768035	JH768035			JH768035.1	NW_004454486.1
cerSim1:JH768036	JH768036			JH768036.1	NW_004454487.1
cerSim1:JH768037	JH768037			JH768037.1	NW_004454489.1
cerSim1:JH768038	JH768038			JH768038.1	NW_004454491.1
cerSim1:JH768039	JH768039			JH768039.1	NW_004454494.1
cerSim1:JH768040	JH768040			JH768040.1	NW_004454496.1
cerSim1:JH768041	JH768041			JH768041.1	NW_004454497.1
cerSim1:JH768042	JH768042			JH768042.1	NW_004454499.1
cerSim1:JH768043	JH768043			JH768043.1	NW_004454501.1
cerSim1:JH768044	JH768044			JH768044.1	NW_004454502.1
cerSim1:JH768045	JH768045			JH768045.1	NW_004454503.1
cerSim1:JH768046	JH768046			JH768046.1	NW_004454505.1
cerSim1:JH768047	JH768047			JH768047.1	NW_004454506.1
cerSim1:JH768048	JH768048			JH768048.1	NW_004454507.1
cerSim1:JH768049	JH768049			JH768049.1	NW_004454508.1
cerSim1:JH768050	JH768050			JH768050.1	NW_004454509.1
cerSim1:JH768051	JH768051			JH768051.1	NW_004454511.1
cerSim1:JH768052	JH768052			JH768052.1	NW_004454513.1
cerSim1:JH768053	JH768053			JH768053.1	NW_004454516.1
cerSim1:JH768054	JH768054			JH768054.1	NW_004454517.1
cerSim1:JH768055	JH768055			JH768055.1	NW_004454521.1
cerSim1:JH768056	JH768056			JH768056.1	NW_004454523.1
cerSim1:JH768057	JH768057			JH768057.1	NW_004454524.1
cerSim1:JH768058	JH768058			JH768058.1	NW_004454526.1
cerSim1:JH768059	JH768059			JH768059.1	NW_004454529.1
cerSim1:JH768060	JH768060			JH768060.1	NW_004454530.1
cerSim1:JH768061	JH768061			JH768061.1	NW_004454531.1
cerSim1:JH768062	JH768062			JH768062.1	NW_004454532.1
cerSim1:JH768063	JH768063			JH768063.1	NW_004454538.1
cerSim1:JH768064	JH768064			JH768064.1	NW_004454539.1
cerSim1:JH768065	JH768065			JH768065.1	NW_004454541.1
cerSim1:JH768066	JH768066			JH768066.1	NW_004454542.1
cerSim1:JH768067	JH768067			JH768067.1	NW_004454544.1
cerSim1:JH768068	JH768068			JH768068.1	NW_004454546.1
cerSim1:JH768069	JH768069			JH768069.1	NW_004454547.1
cerSim1:JH768070	JH768070			JH768070.1	NW_004454549.1
cerSim1:JH768071	JH768071			JH768071.1	NW_004454550.1
cerSim1:JH768072	JH768072			JH768072.1	NW_004454551.1
cerSim1:JH768073	JH768073			JH768073.1	NW_004454554.1
cerSim1:JH768074	JH768074			JH768074.1	NW_004454555.1
cerSim1:JH768075	JH768075			JH768075.1	NW_004454556.1
cerSim1:JH768076	JH768076			JH768076.1	NW_004454557.1
cerSim1:JH768077	JH768077			JH768077.1	NW_004454559.1
cerSim1:JH768078	JH768078			JH768078.1	NW_004454560.1
cerSim1:JH768079	JH768079			JH768079.1	NW_004454564.1
cerSim1:JH768080	JH768080			JH768080.1	NW_004454565.1
cerSim1:JH768081	JH768081			JH768081.1	NW_004454566.1
cerSim1:JH768082	JH768082			JH768082.1	NW_004454567.1
cerSim1:JH768083	JH768083			JH768083.1	NW_004454569.1
cerSim1:JH768084	JH768084			JH768084.1	NW_004454570.1
cerSim1:JH768085	JH768085			JH768085.1	NW_004454571.1
cerSim1:JH768086	JH768086			JH768086.1	NW_004454572.1
cerSim1:JH768087	JH768087			JH768087.1	NW_004454573.1
cerSim1:JH768088	JH768088			JH768088.1	NW_004454575.1
cerSim1:JH768089	JH768089			JH768089.1	NW_004454577.1
cerSim1:JH768090	JH768090			JH768090.1	NW_004454578.1
cerSim1:JH768091	JH768091			JH768091.1	NW_004454581.1
cerSim1:JH768092	JH768092			JH768092.1	NW_004454582.1
cerSim1:JH768093	JH768093			JH768093.1	NW_004454583.1
cerSim1:JH768094	JH768094			JH768094.1	NW_004454589.1
cerSim1:JH768095	JH768095			JH768095.1	NW_004454594.1
cerSim1:JH768096	JH768096			JH768096.1	NW_004454595.1
cerSim1:JH768097	JH768097			JH768097.1	NW_004454596.1
cerSim1:JH768098	JH768098			JH768098.1	NW_004454599.1
cerSim1:JH768099	JH768099			JH768099.1	NW_004454601.1
cerSim1:JH768100	JH768100			JH768100.1	NW_004454603.1
cerSim1:JH768101	JH768101			JH768101.1	NW_004454607.1
cerSim1:JH768102	JH768102			JH768102.1	NW_004454609.1
cerSim1:JH768103	JH768103			JH768103.1	NW_004454612.1
cerSim1:JH768104	JH768104			JH768104.1	NW_004454615.1
cerSim1:JH768105	JH768105			JH768105.1	NW_004454616.1
cerSim1:JH768106	JH768106			JH768106.1	NW_004454618.1
cerSim1:JH768107	JH768107			JH768107.1	NW_004454619.1
cerSim1:JH768108	JH768108			JH768108.1	NW_004454625.1
cerSim1:JH768109	JH768109			JH768109.1	NW_004454627.1
cerSim1:JH768110	JH768110			JH768110.1	NW_004454629.1
cerSim1:JH768111	JH768111			JH768111.1	NW_004454630.1
cerSim1:JH768112	JH768112			JH768112.1	NW_004454631.1
cerSim1:JH768113	JH768113			JH768113.1	NW_004454632.1
cerSim1:JH768114	JH768114			JH768114.1	NW_004454633.1
cerSim1:JH768115	JH768115			JH768115.1	NW_004454635.1
cerSim1:JH768116	JH768116			JH768116.1	NW_004454638.1
cerSim1:JH768117	JH768117			JH768117.1	NW_004454639.1
cerSim1:JH768118	JH768118			JH768118.1	NW_004454641.1
cerSim1:JH768119	JH768119			JH768119.1	NW_004454642.1
cerSim1:JH768120	JH768120			JH768120.1	NW_004454647.1
cerSim1:JH768121	JH768121			JH768121.1	NW_004454649.1
cerSim1:JH768122	JH768122			JH768122.1	NW_004454650.1
cerSim1:JH768123	JH768123			JH768123.1	NW_004454651.1
cerSim1:JH768124	JH768124			JH768124.1	NW_004454653.1
cerSim1:JH768125	JH768125			JH768125.1	NW_004454654.1
cerSim1:JH768126	JH768126			JH768126.1	NW_004454655.1
cerSim1:JH768127	JH768127			JH768127.1	NW_004454656.1
cerSim1:JH768128	JH768128			JH768128.1	NW_004454659.1
cerSim1:JH768129	JH768129			JH768129.1	NW_004454662.1
cerSim1:JH768130	JH768130			JH768130.1	NW_004454664.1
cerSim1:JH768131	JH768131			JH768131.1	NW_004454667.1
cerSim1:JH768132	JH768132			JH768132.1	NW_004454668.1
cerSim1:JH768133	JH768133			JH768133.1	NW_004454672.1
cerSim1:JH768134	JH768134			JH768134.1	NW_004454675.1
cerSim1:JH768135	JH768135			JH768135.1	NW_004454676.1
cerSim1:JH768136	JH768136			JH768136.1	NW_004454677.1
cerSim1:JH768137	JH768137			JH768137.1	NW_004454679.1
cerSim1:JH768138	JH768138			JH768138.1	NW_004454680.1
cerSim1:JH768139	JH768139			JH768139.1	NW_004454681.1
cerSim1:JH768140	JH768140			JH768140.1	NW_004454682.1
cerSim1:JH768141	JH768141			JH768141.1	NW_004454683.1
cerSim1:JH768142	JH768142			JH768142.1	NW_004454684.1
cerSim1:JH768143	JH768143			JH768143.1	NW_004454689.1
cerSim1:JH768144	JH768144			JH768144.1	NW_004454690.1
cerSim1:JH768145	JH768145			JH768145.1	NW_004454691.1
cerSim1:JH768146	JH768146			JH768146.1	NW_004454693.1
cerSim1:JH768147	JH768147			JH768147.1	NW_004454695.1
cerSim1:JH768148	JH768148			JH768148.1	NW_004454696.1
cerSim1:JH768149	JH768149			JH768149.1	NW_004454700.1
cerSim1:JH768150	JH768150			JH768150.1	NW_004454701.1
cerSim1:JH768151	JH768151			JH768151.1	NW_004454702.1
cerSim1:JH768152	JH768152			JH768152.1	NW_004454703.1
cerSim1:JH768153	JH768153			JH768153.1	NW_004454704.1
cerSim1:JH768154	JH768154			JH768154.1	NW_004454706.1
cerSim1:JH768155	JH768155			JH768155.1	NW_004454708.1
cerSim1:JH768156	JH768156			JH768156.1	NW_004454710.1
cerSim1:JH768157	JH768157			JH768157.1	NW_004454711.1
cerSim1:JH768158	JH768158			JH768158.1	NW_004454714.1
cerSim1:JH768159	JH768159			JH768159.1	NW_004454715.1
cerSim1:JH768160	JH768160			JH768160.1	NW_004454718.1
cerSim1:JH768161	JH768161			JH768161.1	NW_004454719.1
cerSim1:JH768162	JH768162			JH768162.1	NW_004454721.1
cerSim1:JH768163	JH768163			JH768163.1	NW_004454724.1
cerSim1:JH768164	JH768164			JH768164.1	NW_004454726.1
cerSim1:JH768165	JH768165			JH768165.1	NW_004454728.1
cerSim1:JH768166	JH768166			JH768166.1	NW_004454734.1
cerSim1:JH768167	JH768167			JH768167.1	NW_004454736.1
cerSim1:JH768168	JH768168			JH768168.1	NW_004454738.1
cerSim1:JH768169	JH768169			JH768169.1	NW_004454739.1
cerSim1:JH768170	JH768170			JH768170.1	NW_004454740.1
cerSim1:JH768171	JH768171			JH768171.1	NW_004454741.1
cerSim1:JH768172	JH768172			JH768172.1	NW_004454747.1
cerSim1:JH768173	JH768173			JH768173.1	NW_004454749.1
cerSim1:JH768174	JH768174			JH768174.1	NW_004454750.1
cerSim1:JH768175	JH768175			JH768175.1	NW_004454751.1
cerSim1:JH768176	JH768176			JH768176.1	NW_004454752.1
cerSim1:JH768177	JH768177			JH768177.1	NW_004454755.1
cerSim1:JH768178	JH768178			JH768178.1	NW_004454758.1
cerSim1:JH768179	JH768179			JH768179.1	NW_004454761.1
cerSim1:JH768180	JH768180			JH768180.1	NW_004454762.1
cerSim1:JH768181	JH768181			JH768181.1	NW_004454764.1
cerSim1:JH768182	JH768182			JH768182.1	NW_004454765.1
cerSim1:JH768183	JH768183			JH768183.1	NW_004454767.1
cerSim1:JH768184	JH768184			JH768184.1	NW_004454768.1
cerSim1:JH768185	JH768185			JH768185.1	NW_004454769.1
cerSim1:JH768186	JH768186			JH768186.1	NW_004454771.1
cerSim1:JH768187	JH768187			JH768187.1	NW_004454773.1
cerSim1:JH768188	JH768188			JH768188.1	NW_004454775.1
cerSim1:JH768189	JH768189			JH768189.1	NW_004454776.1
cerSim1:JH768190	JH768190			JH768190.1	NW_004454779.1
cerSim1:JH768191	JH768191			JH768191.1	NW_004454780.1
cerSim1:JH768192	JH768192			JH768192.1	NW_004454781.1
cerSim1:JH768193	JH768193			JH768193.1	NW_004454784.1
cerSim1:JH768194	JH768194			JH768194.1	NW_004454788.1
cerSim1:JH768195	JH768195			JH768195.1	NW_004454790.1
cerSim1:JH768196	JH768196			JH768196.1	NW_004454791.1
cerSim1:JH768197	JH768197			JH768197.1	NW_004454793.1
cerSim1:JH768198	JH768198			JH768198.1	NW_004454794.1
cerSim1:JH768199	JH768199			JH768199.1	NW_004454795.1
cerSim1:JH768200	JH768200			JH768200.1	NW_004454798.1
cerSim1:JH768201	JH768201			JH768201.1	NW_004454803.1
cerSim1:JH768202	JH768202			JH768202.1	NW_004454804.1
cerSim1:JH768203	JH768203			JH768203.1	NW_004454806.1
cerSim1:JH768204	JH768204			JH768204.1	NW_004454807.1
cerSim1:JH768205	JH768205			JH768205.1	NW_004454808.1
cerSim1:JH768206	JH768206			JH768206.1	NW_004454815.1
cerSim1:JH768207	JH768207			JH768207.1	NW_004454816.1
cerSim1:JH768208	JH768208			JH768208.1	NW_004454819.1
cerSim1:JH768209	JH768209			JH768209.1	NW_004454822.1
cerSim1:JH768210	JH768210			JH768210.1	NW_004454824.1
cerSim1:JH768211	JH768211			JH768211.1	NW_004454825.1
cerSim1:JH768212	JH768212			JH768212.1	NW_004454826.1
cerSim1:JH768213	JH768213			JH768213.1	NW_004454830.1
cerSim1:JH768214	JH768214			JH768214.1	NW_004454831.1
cerSim1:JH768215	JH768215			JH768215.1	NW_004454834.1
cerSim1:JH768216	JH768216			JH768216.1	NW_004454837.1
cerSim1:JH768217	JH768217			JH768217.1	NW_004454838.1
cerSim1:JH768218	JH768218			JH768218.1	NW_004454839.1
cerSim1:JH768219	JH768219			JH768219.1	NW_004454841.1
cerSim1:JH768220	JH768220			JH768220.1	NW_004454842.1
cerSim1:JH768221	JH768221			JH768221.1	NW_004454844.1
cerSim1:JH768222	JH768222			JH768222.1	NW_004454848.1
cerSim1:JH768223	JH768223			JH768223.1	NW_004454849.1
cerSim1:JH768224	JH768224			JH768224.1	NW_004454851.1
cerSim1:JH768225	JH768225			JH768225.1	NW_004454852.1
cerSim1:JH768226	JH768226			JH768226.1	NW_004454853.1
cerSim1:JH768227	JH768227			JH768227.1	NW_004454857.1
cerSim1:JH768228	JH768228			JH768228.1	NW_004454863.1
cerSim1:JH768229	JH768229			JH768229.1	NW_004454864.1
cerSim1:JH768230	JH768230			JH768230.1	NW_004454869.1
cerSim1:JH768231	JH768231			JH768231.1	NW_004454870.1
cerSim1:JH768232	JH768232			JH768232.1	NW_004454871.1
cerSim1:JH768233	JH768233			JH768233.1	NW_004454872.1
cerSim1:JH768234	JH768234			JH768234.1	NW_004454876.1
cerSim1:JH768235	JH768235			JH768235.1	NW_004454880.1
cerSim1:JH768236	JH768236			JH768236.1	NW_004454883.1
cerSim1:JH768237	JH768237			JH768237.1	NW_004454884.1
cerSim1:JH768238	JH768238			JH768238.1	NW_004454886.1
cerSim1:JH768239	JH768239			JH768239.1	NW_004454887.1
cerSim1:JH768240	JH768240			JH768240.1	NW_004454888.1
cerSim1:JH768241	JH768241			JH768241.1	NW_004454889.1
cerSim1:JH768242	JH768242			JH768242.1	NW_004454892.1
cerSim1:JH768243	JH768243			JH768243.1	NW_004454894.1
cerSim1:JH768244	JH768244			JH768244.1	NW_004454897.1
cerSim1:JH768245	JH768245			JH768245.1	NW_004454899.1
cerSim1:JH768246	JH768246			JH768246.1	NW_004454902.1
cerSim1:JH768247	JH768247			JH768247.1	NW_004454903.1
cerSim1:JH768248	JH768248			JH768248.1	NW_004454904.1
cerSim1:JH768249	JH768249			JH768249.1	NW_004454908.1
cerSim1:JH768250	JH768250			JH768250.1	NW_004454916.1
cerSim1:JH768251	JH768251			JH768251.1	NW_004454918.1
cerSim1:JH768252	JH768252			JH768252.1	NW_004454920.1
cerSim1:JH768253	JH768253			JH768253.1	NW_004454922.1
cerSim1:JH768254	JH768254			JH768254.1	NW_004454923.1
cerSim1:JH768255	JH768255			JH768255.1	NW_004454927.1
cerSim1:JH768256	JH768256			JH768256.1	NW_004454929.1
cerSim1:JH768257	JH768257			JH768257.1	NW_004454932.1
cerSim1:JH768258	JH768258			JH768258.1	NW_004454936.1
cerSim1:JH768259	JH768259			JH768259.1	NW_004454940.1
cerSim1:JH768260	JH768260			JH768260.1	NW_004454941.1
cerSim1:JH768261	JH768261			JH768261.1	NW_004454942.1
cerSim1:JH768262	JH768262			JH768262.1	NW_004454944.1
cerSim1:JH768263	JH768263			JH768263.1	NW_004454945.1
cerSim1:JH768264	JH768264			JH768264.1	NW_004454946.1
cerSim1:JH768265	JH768265			JH768265.1	NW_004454951.1
cerSim1:JH768266	JH768266			JH768266.1	NW_004454953.1
cerSim1:JH768267	JH768267			JH768267.1	NW_004454957.1
cerSim1:JH768268	JH768268			JH768268.1	NW_004454960.1
cerSim1:JH768269	JH768269			JH768269.1	NW_004454962.1
cerSim1:JH768270	JH768270			JH768270.1	NW_004454965.1
cerSim1:JH768271	JH768271			JH768271.1	NW_004454966.1
cerSim1:JH768272	JH768272			JH768272.1	NW_004454969.1
cerSim1:JH768273	JH768273			JH768273.1	NW_004454971.1
cerSim1:JH768274	JH768274			JH768274.1	NW_004454972.1
cerSim1:JH768275	JH768275			JH768275.1	NW_004454973.1
cerSim1:JH768276	JH768276			JH768276.1	NW_004454974.1
cerSim1:JH768277	JH768277			JH768277.1	NW_004454975.1
cerSim1:JH768278	JH768278			JH768278.1	NW_004454978.1
cerSim1:JH768279	JH768279			JH768279.1	NW_004454980.1
cerSim1:JH768280	JH768280			JH768280.1	NW_004454982.1
cerSim1:JH768281	JH768281			JH768281.1	NW_004454983.1
cerSim1:JH768282	JH768282			JH768282.1	NW_004454984.1
cerSim1:JH768283	JH768283			JH768283.1	NW_004454985.1
cerSim1:JH768284	JH768284			JH768284.1	NW_004454986.1
cerSim1:JH768285	JH768285			JH768285.1	NW_004454989.1
cerSim1:JH768286	JH768286			JH768286.1	NW_004454990.1
cerSim1:JH768287	JH768287			JH768287.1	NW_004454992.1
cerSim1:JH768288	JH768288			JH768288.1	NW_004454994.1
cerSim1:JH768289	JH768289			JH768289.1	NW_004454995.1
cerSim1:JH768290	JH768290			JH768290.1	NW_004454998.1
cerSim1:JH768291	JH768291			JH768291.1	NW_004454999.1
cerSim1:JH768292	JH768292			JH768292.1	NW_004455000.1
cerSim1:JH768293	JH768293			JH768293.1	NW_004455003.1
cerSim1:JH768294	JH768294			JH768294.1	NW_004455005.1
cerSim1:JH768295	JH768295			JH768295.1	NW_004455007.1
cerSim1:JH768296	JH768296			JH768296.1	NW_004455008.1
cerSim1:JH768297	JH768297			JH768297.1	NW_004455009.1
cerSim1:JH768298	JH768298			JH768298.1	NW_004455012.1
cerSim1:JH768299	JH768299			JH768299.1	NW_004455013.1
cerSim1:JH768300	JH768300			JH768300.1	NW_004455015.1
cerSim1:JH768301	JH768301			JH768301.1	NW_004455022.1
cerSim1:JH768302	JH768302			JH768302.1	NW_004455023.1
cerSim1:JH768303	JH768303			JH768303.1	NW_004455024.1
cerSim1:JH768304	JH768304			JH768304.1	NW_004455025.1
cerSim1:JH768305	JH768305			JH768305.1	NW_004455026.1
cerSim1:JH768306	JH768306			JH768306.1	NW_004455027.1
cerSim1:JH768307	JH768307			JH768307.1	NW_004455029.1
cerSim1:JH768308	JH768308			JH768308.1	NW_004455031.1
cerSim1:JH768309	JH768309			JH768309.1	NW_004455032.1
cerSim1:JH768310	JH768310			JH768310.1	NW_004455034.1
cerSim1:JH768311	JH768311			JH768311.1	NW_004455035.1
cerSim1:JH768312	JH768312			JH768312.1	NW_004455036.1
cerSim1:JH768313	JH768313			JH768313.1	NW_004455037.1
cerSim1:JH768314	JH768314			JH768314.1	NW_004455038.1
cerSim1:JH768315	JH768315			JH768315.1	NW_004455042.1
cerSim1:JH768316	JH768316			JH768316.1	NW_004455043.1
cerSim1:JH768317	JH768317			JH768317.1	NW_004455044.1
cerSim1:JH768318	JH768318			JH768318.1	NW_004455046.1
cerSim1:JH768319	JH768319			JH768319.1	NW_004455051.1
cerSim1:JH768320	JH768320			JH768320.1	NW_004455052.1
cerSim1:JH768321	JH768321			JH768321.1	NW_004455054.1
cerSim1:JH768322	JH768322			JH768322.1	NW_004455055.1
cerSim1:JH768323	JH768323			JH768323.1	NW_004455057.1
cerSim1:JH768324	JH768324			JH768324.1	NW_004455058.1
cerSim1:JH768325	JH768325			JH768325.1	NW_004455059.1
cerSim1:JH768326	JH768326			JH768326.1	NW_004455062.1
cerSim1:JH768327	JH768327			JH768327.1	NW_004455064.1
cerSim1:JH768328	JH768328			JH768328.1	NW_004455065.1
cerSim1:JH768329	JH768329			JH768329.1	NW_004455067.1
cerSim1:JH768330	JH768330			JH768330.1	NW_004455069.1
cerSim1:JH768331	JH768331			JH768331.1	NW_004455070.1
cerSim1:JH768332	JH768332			JH768332.1	NW_004455072.1
cerSim1:JH768333	JH768333			JH768333.1	NW_004455074.1
cerSim1:JH768334	JH768334			JH768334.1	NW_004455075.1
cerSim1:JH768335	JH768335			JH768335.1	NW_004455076.1
cerSim1:JH768336	JH768336			JH768336.1	NW_004455080.1
cerSim1:JH768337	JH768337			JH768337.1	NW_004455082.1
cerSim1:JH768338	JH768338			JH768338.1	NW_004455085.1
cerSim1:JH768339	JH768339			JH768339.1	NW_004455086.1
cerSim1:JH768340	JH768340			JH768340.1	NW_004455087.1
cerSim1:JH768341	JH768341			JH768341.1	NW_004455089.1
cerSim1:JH768342	JH768342			JH768342.1	NW_004455090.1
cerSim1:JH768343	JH768343			JH768343.1	NW_004455092.1
cerSim1:JH768344	JH768344			JH768344.1	NW_004455093.1
cerSim1:JH768345	JH768345			JH768345.1	NW_004455094.1
cerSim1:JH768346	JH768346			JH768346.1	NW_004455096.1
cerSim1:JH768347	JH768347			JH768347.1	NW_004455097.1
cerSim1:JH768348	JH768348			JH768348.1	NW_004455102.1
cerSim1:JH768349	JH768349			JH768349.1	NW_004455105.1
cerSim1:JH768350	JH768350			JH768350.1	NW_004455106.1
cerSim1:JH768351	JH768351			JH768351.1	NW_004455107.1
cerSim1:JH768352	JH768352			JH768352.1	NW_004455109.1
cerSim1:JH768353	JH768353			JH768353.1	NW_004455114.1
cerSim1:JH768354	JH768354			JH768354.1	NW_004455115.1
cerSim1:JH768355	JH768355			JH768355.1	NW_004455116.1
cerSim1:JH768356	JH768356			JH768356.1	NW_004455117.1
cerSim1:JH768357	JH768357			JH768357.1	NW_004455121.1
cerSim1:JH768358	JH768358			JH768358.1	NW_004455122.1
cerSim1:JH768359	JH768359			JH768359.1	NW_004455123.1
cerSim1:JH768360	JH768360			JH768360.1	NW_004455124.1
cerSim1:JH768361	JH768361			JH768361.1	NW_004455125.1
cerSim1:JH768362	JH768362			JH768362.1	NW_004455127.1
cerSim1:JH768363	JH768363			JH768363.1	NW_004455128.1
cerSim1:JH768364	JH768364			JH768364.1	NW_004455129.1
cerSim1:JH768365	JH768365			JH768365.1	NW_004455130.1
cerSim1:JH768366	JH768366			JH768366.1	NW_004455131.1
cerSim1:JH768367	JH768367			JH768367.1	NW_004455135.1
cerSim1:JH768368	JH768368			JH768368.1	NW_004455136.1
cerSim1:JH768369	JH768369			JH768369.1	NW_004455139.1
cerSim1:JH768370	JH768370			JH768370.1	NW_004455140.1
cerSim1:JH768371	JH768371			JH768371.1	NW_004455141.1
cerSim1:JH768372	JH768372			JH768372.1	NW_004455142.1
cerSim1:JH768373	JH768373			JH768373.1	NW_004455144.1
cerSim1:JH768374	JH768374			JH768374.1	NW_004455145.1
cerSim1:JH768375	JH768375			JH768375.1	NW_004455147.1
cerSim1:JH768376	JH768376			JH768376.1	NW_004455148.1
cerSim1:JH768377	JH768377			JH768377.1	NW_004455150.1
cerSim1:JH768378	JH768378			JH768378.1	NW_004455156.1
cerSim1:JH768379	JH768379			JH768379.1	NW_004455159.1
cerSim1:JH768380	JH768380			JH768380.1	NW_004455160.1
cerSim1:JH768381	JH768381			JH768381.1	NW_004455161.1
cerSim1:JH768382	JH768382			JH768382.1	NW_004455163.1
cerSim1:JH768383	JH768383			JH768383.1	NW_004455164.1
cerSim1:JH768384	JH768384			JH768384.1	NW_004455165.1
cerSim1:JH768385	JH768385			JH768385.1	NW_004455166.1
cerSim1:JH768386	JH768386			JH768386.1	NW_004455167.1
cerSim1:JH768387	JH768387			JH768387.1	NW_004455168.1
cerSim1:JH768388	JH768388			JH768388.1	NW_004455169.1
cerSim1:JH768389	JH768389			JH768389.1	NW_004455171.1
cerSim1:JH768390	JH768390			JH768390.1	NW_004455172.1
cerSim1:JH768391	JH768391			JH768391.1	NW_004455173.1
cerSim1:JH768392	JH768392			JH768392.1	NW_004455174.1
cerSim1:JH768393	JH768393			JH768393.1	NW_004455176.1
cerSim1:JH768394	JH768394			JH768394.1	NW_004455178.1
cerSim1:JH768395	JH768395			JH768395.1	NW_004455179.1
cerSim1:JH768396	JH768396			JH768396.1	NW_004455180.1
cerSim1:JH768397	JH768397			JH768397.1	NW_004455181.1
cerSim1:JH768398	JH768398			JH768398.1	NW_004455182.1
cerSim1:JH768399	JH768399			JH768399.1	NW_004455183.1
cerSim1:JH768400	JH768400			JH768400.1	NW_004455184.1
cerSim1:JH768401	JH768401			JH768401.1	NW_004455185.1
cerSim1:JH768402	JH768402			JH768402.1	NW_004455186.1
cerSim1:JH768403	JH768403			JH768403.1	NW_004455188.1
cerSim1:JH768404	JH768404			JH768404.1	NW_004455189.1
cerSim1:JH768405	JH768405			JH768405.1	NW_004455191.1
cerSim1:JH768406	JH768406			JH768406.1	NW_004455195.1
cerSim1:JH768407	JH768407			JH768407.1	NW_004455196.1
cerSim1:JH768408	JH768408			JH768408.1	NW_004455197.1
cerSim1:JH768409	JH768409			JH768409.1	NW_004455199.1
cerSim1:JH768410	JH768410			JH768410.1	NW_004455200.1
cerSim1:JH768411	JH768411			JH768411.1	NW_004455202.1
cerSim1:JH768412	JH768412			JH768412.1	NW_004455203.1
cerSim1:JH768413	JH768413			JH768413.1	NW_004455204.1
cerSim1:JH768414	JH768414			JH768414.1	NW_004455205.1
cerSim1:JH768415	JH768415			JH768415.1	NW_004455208.1
cerSim1:JH768416	JH768416			JH768416.1	NW_004455209.1
cerSim1:JH768417	JH768417			JH768417.1	NW_004455212.1
cerSim1:JH768418	JH768418			JH768418.1	NW_004455213.1
cerSim1:JH768419	JH768419			JH768419.1	NW_004455218.1
cerSim1:JH768420	JH768420			JH768420.1	NW_004455219.1
cerSim1:JH768421	JH768421			JH768421.1	NW_004455223.1
cerSim1:JH768422	JH768422			JH768422.1	NW_004455224.1
cerSim1:JH768423	JH768423			JH768423.1	NW_004455226.1
cerSim1:JH768424	JH768424			JH768424.1	NW_004455227.1
cerSim1:JH768425	JH768425			JH768425.1	NW_004455228.1
cerSim1:JH768426	JH768426			JH768426.1	NW_004455230.1
cerSim1:JH768427	JH768427			JH768427.1	NW_004455231.1
cerSim1:JH768428	JH768428			JH768428.1	NW_004455233.1
cerSim1:JH768429	JH768429			JH768429.1	NW_004455234.1
cerSim1:JH768430	JH768430			JH768430.1	NW_004455235.1
cerSim1:JH768431	JH768431			JH768431.1	NW_004455236.1
cerSim1:JH768432	JH768432			JH768432.1	NW_004455237.1
cerSim1:JH768433	JH768433			JH768433.1	NW_004455239.1
cerSim1:JH768434	JH768434			JH768434.1	NW_004455241.1
cerSim1:JH768435	JH768435			JH768435.1	NW_004455242.1
cerSim1:JH768436	JH768436			JH768436.1	NW_004455246.1
cerSim1:JH768437	JH768437			JH768437.1	NW_004455247.1
cerSim1:JH768438	JH768438			JH768438.1	NW_004455250.1
cerSim1:JH768439	JH768439			JH768439.1	NW_004455254.1
cerSim1:JH768440	JH768440			JH768440.1	NW_004455256.1
cerSim1:JH768441	JH768441			JH768441.1	NW_004455258.1
cerSim1:JH768442	JH768442			JH768442.1	NW_004455259.1
cerSim1:JH768443	JH768443			JH768443.1	NW_004455260.1
cerSim1:JH768444	JH768444			JH768444.1	NW_004455262.1
cerSim1:JH768445	JH768445			JH768445.1	NW_004455264.1
cerSim1:JH768446	JH768446			JH768446.1	NW_004455265.1
cerSim1:JH768447	JH768447			JH768447.1	NW_004455268.1
cerSim1:JH768448	JH768448			JH768448.1	NW_004455270.1
cerSim1:JH768449	JH768449			JH768449.1	NW_004455271.1
cerSim1:JH768450	JH768450			JH768450.1	NW_004455274.1
cerSim1:JH768451	JH768451			JH768451.1	NW_004455275.1
cerSim1:JH768452	JH768452			JH768452.1	NW_004455276.1
cerSim1:JH768453	JH768453			JH768453.1	NW_004455277.1
cerSim1:JH768454	JH768454			JH768454.1	NW_004455278.1
cerSim1:JH768455	JH768455			JH768455.1	NW_004455279.1
cerSim1:JH768456	JH768456			JH768456.1	NW_004455280.1
cerSim1:JH768457	JH768457			JH768457.1	NW_004455282.1
cerSim1:JH768458	JH768458			JH768458.1	NW_004455283.1
cerSim1:JH768459	JH768459			JH768459.1	NW_004455284.1
cerSim1:JH768460	JH768460			JH768460.1	NW_004455285.1
cerSim1:JH768461	JH768461			JH768461.1	NW_004455286.1
cerSim1:JH768462	JH768462			JH768462.1	NW_004455289.1
cerSim1:JH768463	JH768463			JH768463.1	NW_004455290.1
cerSim1:JH768464	JH768464			JH768464.1	NW_004455292.1
cerSim1:JH768465	JH768465			JH768465.1	NW_004455294.1
cerSim1:JH768466	JH768466			JH768466.1	NW_004455296.1
cerSim1:JH768467	JH768467			JH768467.1	NW_004455298.1
cerSim1:JH768468	JH768468			JH768468.1	NW_004455300.1
cerSim1:JH768469	JH768469			JH768469.1	NW_004455305.1
cerSim1:JH768470	JH768470			JH768470.1	NW_004455307.1
cerSim1:JH768471	JH768471			JH768471.1	NW_004455311.1
cerSim1:JH768472	JH768472			JH768472.1	NW_004455312.1
cerSim1:JH768473	JH768473			JH768473.1	NW_004455313.1
cerSim1:JH768474	JH768474			JH768474.1	NW_004455315.1
cerSim1:JH768475	JH768475			JH768475.1	NW_004455317.1
cerSim1:JH768476	JH768476			JH768476.1	NW_004455319.1
cerSim1:JH768477	JH768477			JH768477.1	NW_004455321.1
cerSim1:JH768478	JH768478			JH768478.1	NW_004455322.1
cerSim1:JH768479	JH768479			JH768479.1	NW_004455325.1
cerSim1:JH768480	JH768480			JH768480.1	NW_004455327.1
cerSim1:JH768481	JH768481			JH768481.1	NW_004455329.1
cerSim1:JH768482	JH768482			JH768482.1	NW_004455330.1
cerSim1:JH768483	JH768483			JH768483.1	NW_004455331.1
cerSim1:JH768484	JH768484			JH768484.1	NW_004455338.1
cerSim1:JH768485	JH768485			JH768485.1	NW_004455339.1
cerSim1:JH768486	JH768486			JH768486.1	NW_004455341.1
cerSim1:JH768487	JH768487			JH768487.1	NW_004455343.1
cerSim1:JH768488	JH768488			JH768488.1	NW_004455346.1
cerSim1:JH768489	JH768489			JH768489.1	NW_004455348.1
cerSim1:JH768490	JH768490			JH768490.1	NW_004455352.1
cerSim1:JH768491	JH768491			JH768491.1	NW_004455356.1
cerSim1:JH768492	JH768492			JH768492.1	NW_004455357.1
cerSim1:JH768493	JH768493			JH768493.1	NW_004455359.1
cerSim1:JH768494	JH768494			JH768494.1	NW_004455360.1
cerSim1:JH768495	JH768495			JH768495.1	NW_004455361.1
cerSim1:JH768496	JH768496			JH768496.1	NW_004455370.1
cerSim1:JH768497	JH768497			JH768497.1	NW_004455371.1
cerSim1:JH768498	JH768498			JH768498.1	NW_004455376.1
cerSim1:JH768499	JH768499			JH768499.1	NW_004455378.1
cerSim1:JH768500	JH768500			JH768500.1	NW_004455379.1
cerSim1:JH768501	JH768501			JH768501.1	NW_004455382.1
cerSim1:JH768502	JH768502			JH768502.1	NW_004455392.1
cerSim1:JH768503	JH768503			JH768503.1	NW_004455397.1
cerSim1:JH768504	JH768504			JH768504.1	NW_004455399.1
cerSim1:JH768505	JH768505			JH768505.1	NW_004455401.1
cerSim1:JH768506	JH768506			JH768506.1	NW_004455402.1
cerSim1:JH768507	JH768507			JH768507.1	NW_004455404.1
cerSim1:JH768508	JH768508			JH768508.1	NW_004455413.1
cerSim1:JH768509	JH768509			JH768509.1	NW_004455414.1
cerSim1:JH768510	JH768510			JH768510.1	NW_004455415.1
cerSim1:JH768511	JH768511			JH768511.1	NW_004455419.1
cerSim1:JH768512	JH768512			JH768512.1	NW_004455422.1
cerSim1:JH768513	JH768513			JH768513.1	NW_004455428.1
cerSim1:JH768514	JH768514			JH768514.1	NW_004455430.1
cerSim1:JH768515	JH768515			JH768515.1	NW_004455431.1
cerSim1:JH768516	JH768516			JH768516.1	NW_004455432.1
cerSim1:JH768517	JH768517			JH768517.1	NW_004455433.1
cerSim1:JH768518	JH768518			JH768518.1	NW_004455437.1
cerSim1:JH768519	JH768519			JH768519.1	NW_004455442.1
cerSim1:JH768520	JH768520			JH768520.1	NW_004455447.1
cerSim1:JH768521	JH768521			JH768521.1	NW_004455458.1
cerSim1:JH768522	JH768522			JH768522.1	NW_004455460.1
cerSim1:JH768523	JH768523			JH768523.1	NW_004455464.1
cerSim1:JH768524	JH768524			JH768524.1	NW_004455468.1
cerSim1:JH768525	JH768525			JH768525.1	NW_004455475.1
cerSim1:JH768526	JH768526			JH768526.1	NW_004455478.1
cerSim1:JH768527	JH768527			JH768527.1	NW_004455489.1
cerSim1:JH768528	JH768528			JH768528.1	NW_004455490.1
cerSim1:JH768529	JH768529			JH768529.1	NW_004455496.1
cerSim1:JH768530	JH768530			JH768530.1	NW_004455497.1
cerSim1:JH768531	JH768531			JH768531.1	NW_004455499.1
cerSim1:JH768532	JH768532			JH768532.1	NW_004455500.1
cerSim1:JH768533	JH768533			JH768533.1	NW_004455502.1
cerSim1:JH768534	JH768534			JH768534.1	NW_004455506.1
cerSim1:JH768535	JH768535			JH768535.1	NW_004455508.1
cerSim1:JH768536	JH768536			JH768536.1	NW_004455509.1
cerSim1:JH768537	JH768537			JH768537.1	NW_004455513.1
cerSim1:JH768538	JH768538			JH768538.1	NW_004455515.1
cerSim1:JH768539	JH768539			JH768539.1	NW_004455526.1
cerSim1:JH768540	JH768540			JH768540.1	NW_004455530.1
cerSim1:JH768541	JH768541			JH768541.1	NW_004455534.1
cerSim1:JH768542	JH768542			JH768542.1	NW_004455537.1
cerSim1:JH768543	JH768543			JH768543.1	NW_004455541.1
cerSim1:JH768544	JH768544			JH768544.1	NW_004455549.1
cerSim1:JH768545	JH768545			JH768545.1	NW_004455559.1
cerSim1:JH768546	JH768546			JH768546.1	NW_004455560.1
cerSim1:JH768547	JH768547			JH768547.1	NW_004455578.1
cerSim1:JH768548	JH768548			JH768548.1	NW_004455584.1
cerSim1:JH768549	JH768549			JH768549.1	NW_004455610.1
cerSim1:JH768550	JH768550			JH768550.1	NW_004455612.1
cerSim1:JH768551	JH768551			JH768551.1	NW_004455637.1
cerSim1:JH768552	JH768552			JH768552.1	NW_004455655.1
cerSim1:JH768553	JH768553			JH768553.1	NW_004455662.1
cerSim1:chrM	chrM				NC_001808.1
