seq_id	ucsc	assembly	ensembl	genbank	refseq
ci1:Scaffold_1	Scaffold_1			AABS01000001.1	
ci1:Scaffold_10	Scaffold_10			AABS01000010.1	
ci1:Scaffold_100	Scaffold_100			AABS01000100.1	
ci1:Scaffold_1000	Scaffold_1000			AABS01001000.1	
ci1:Scaffold_1001	Scaffold_1001			AABS01001001.1	
ci1:Scaffold_1002	Scaffold_1002			AABS01001002.1	
ci1:Scaffold_1003	Scaffold_1003			AABS01001003.1	
ci1:Scaffold_1004	Scaffold_1004			AABS01001004.1	
ci1:Scaffold_1005	Scaffold_1005			AABS01001005.1	
ci1:Scaffold_1006	Scaffold_1006			AABS01001006.1	
ci1:Scaffold_1007	Scaffold_1007			AABS01001007.1	
ci1:Scaffold_1008	Scaffold_1008			AABS01001008.1	
ci1:Scaffold_1009	Scaffold_1009			AABS01001009.1	
ci1:Scaffold_101	Scaffold_101			AABS01000101.1	
ci1:Scaffold_1010	Scaffold_1010			AABS01001010.1	
ci1:Scaffold_1011	Scaffold_1011			AABS01001011.1	
ci1:Scaffold_1012	Scaffold_1012			AABS01001012.1	
ci1:Scaffold_1013	Scaffold_1013			AABS01001013.1	
ci1:Scaffold_1014	Scaffold_1014			AABS01001014.1	
ci1:Scaffold_1015	Scaffold_1015			AABS01001015.1	
ci1:Scaffold_1016	Scaffold_1016			AABS01001016.1	
ci1:Scaffold_1017	Scaffold_1017			AABS01001017.1	
ci1:Scaffold_1018	Scaffold_1018			AABS01001018.1	
ci1:Scaffold_1019	Scaffold_1019			AABS01001019.1	
ci1:Scaffold_102	Scaffold_102			AABS01000102.1	
ci1:Scaffold_1020	Scaffold_1020			AABS01001020.1	
ci1:Scaffold_1021	Scaffold_1021			AABS01001021.1	
ci1:Scaffold_1022	Scaffold_1022			AABS01001022.1	
ci1:Scaffold_1023	Scaffold_1023			AABS01001023.1	
ci1:Scaffold_1024	Scaffold_1024			AABS01001024.1	
ci1:Scaffold_1025	Scaffold_1025			AABS01001025.1	
ci1:Scaffold_1026	Scaffold_1026			AABS01001026.1	
ci1:Scaffold_1027	Scaffold_1027			AABS01001027.1	
ci1:Scaffold_1028	Scaffold_1028			AABS01001028.1	
ci1:Scaffold_1029	Scaffold_1029			AABS01001029.1	
ci1:Scaffold_103	Scaffold_103			AABS01000103.1	
ci1:Scaffold_1030	Scaffold_1030			AABS01001030.1	
ci1:Scaffold_1031	Scaffold_1031			AABS01001031.1	
ci1:Scaffold_1032	Scaffold_1032			AABS01001032.1	
ci1:Scaffold_1033	Scaffold_1033			AABS01001033.1	
ci1:Scaffold_1034	Scaffold_1034			AABS01001034.1	
ci1:Scaffold_1035	Scaffold_1035			AABS01001035.1	
ci1:Scaffold_1036	Scaffold_1036			AABS01001036.1	
ci1:Scaffold_1037	Scaffold_1037			AABS01001037.1	
ci1:Scaffold_1038	Scaffold_1038			AABS01001038.1	
ci1:Scaffold_1039	Scaffold_1039			AABS01001039.1	
ci1:Scaffold_104	Scaffold_104			AABS01000104.1	
ci1:Scaffold_1040	Scaffold_1040			AABS01001040.1	
ci1:Scaffold_1041	Scaffold_1041			AABS01001041.1	
ci1:Scaffold_1042	Scaffold_1042			AABS01001042.1	
ci1:Scaffold_1043	Scaffold_1043			AABS01001043.1	
ci1:Scaffold_1044	Scaffold_1044			AABS01001044.1	
ci1:Scaffold_1045	Scaffold_1045			AABS01001045.1	
ci1:Scaffold_1046	Scaffold_1046			AABS01001046.1	
ci1:Scaffold_1047	Scaffold_1047			AABS01001047.1	
ci1:Scaffold_1048	Scaffold_1048			AABS01001048.1	
ci1:Scaffold_1049	Scaffold_1049			AABS01001049.1	
ci1:Scaffold_105	Scaffold_105			AABS01000105.1	
ci1:Scaffold_1050	Scaffold_1050			AABS01001050.1	
ci1:Scaffold_1051	Scaffold_1051			AABS01001051.1	
ci1:Scaffold_1052	Scaffold_1052			AABS01001052.1	
ci1:Scaffold_1053	Scaffold_1053			AABS01001053.1	
ci1:Scaffold_1054	Scaffold_1054			AABS01001054.1	
ci1:Scaffold_1055	Scaffold_1055			AABS01001055.1	
ci1:Scaffold_1056	Scaffold_1056			AABS01001056.1	
ci1:Scaffold_1057	Scaffold_1057			AABS01001057.1	
ci1:Scaffold_1058	Scaffold_1058			AABS01001058.1	
ci1:Scaffold_1059	Scaffold_1059			AABS01001059.1	
ci1:Scaffold_106	Scaffold_106			AABS01000106.1	
ci1:Scaffold_1060	Scaffold_1060			AABS01001060.1	
ci1:Scaffold_1061	Scaffold_1061			AABS01001061.1	
ci1:Scaffold_1062	Scaffold_1062			AABS01001062.1	
ci1:Scaffold_1063	Scaffold_1063			AABS01001063.1	
ci1:Scaffold_1064	Scaffold_1064			AABS01001064.1	
ci1:Scaffold_1065	Scaffold_1065			AABS01001065.1	
ci1:Scaffold_1066	Scaffold_1066			AABS01001066.1	
ci1:Scaffold_1067	Scaffold_1067			AABS01001067.1	
ci1:Scaffold_1068	Scaffold_1068			AABS01001068.1	
ci1:Scaffold_1069	Scaffold_1069			AABS01001069.1	
ci1:Scaffold_107	Scaffold_107			AABS01000107.1	
ci1:Scaffold_1070	Scaffold_1070			AABS01001070.1	
ci1:Scaffold_1071	Scaffold_1071			AABS01001071.1	
ci1:Scaffold_1072	Scaffold_1072			AABS01001072.1	
ci1:Scaffold_1073	Scaffold_1073			AABS01001073.1	
ci1:Scaffold_1074	Scaffold_1074			AABS01001074.1	
ci1:Scaffold_1075	Scaffold_1075			AABS01001075.1	
ci1:Scaffold_1076	Scaffold_1076			AABS01001076.1	
ci1:Scaffold_1077	Scaffold_1077			AABS01001077.1	
ci1:Scaffold_1078	Scaffold_1078			AABS01001078.1	
ci1:Scaffold_1079	Scaffold_1079			AABS01001079.1	
ci1:Scaffold_108	Scaffold_108			AABS01000108.1	
ci1:Scaffold_1080	Scaffold_1080			AABS01001080.1	
ci1:Scaffold_1081	Scaffold_1081			AABS01001081.1	
ci1:Scaffold_1082	Scaffold_1082			AABS01001082.1	
ci1:Scaffold_1083	Scaffold_1083			AABS01001083.1	
ci1:Scaffold_1084	Scaffold_1084			AABS01001084.1	
ci1:Scaffold_1085	Scaffold_1085			AABS01001085.1	
ci1:Scaffold_1086	Scaffold_1086			AABS01001086.1	
ci1:Scaffold_1087	Scaffold_1087			AABS01001087.1	
ci1:Scaffold_1088	Scaffold_1088			AABS01001088.1	
ci1:Scaffold_1089	Scaffold_1089			AABS01001089.1	
ci1:Scaffold_109	Scaffold_109			AABS01000109.1	
ci1:Scaffold_1090	Scaffold_1090			AABS01001090.1	
ci1:Scaffold_1091	Scaffold_1091			AABS01001091.1	
ci1:Scaffold_1092	Scaffold_1092			AABS01001092.1	
ci1:Scaffold_1093	Scaffold_1093			AABS01001093.1	
ci1:Scaffold_1094	Scaffold_1094			AABS01001094.1	
ci1:Scaffold_1095	Scaffold_1095			AABS01001095.1	
ci1:Scaffold_1096	Scaffold_1096			AABS01001096.1	
ci1:Scaffold_1097	Scaffold_1097			AABS01001097.1	
ci1:Scaffold_1098	Scaffold_1098			AABS01001098.1	
ci1:Scaffold_1099	Scaffold_1099			AABS01001099.1	
ci1:Scaffold_11	Scaffold_11			AABS01000011.1	
ci1:Scaffold_110	Scaffold_110			AABS01000110.1	
ci1:Scaffold_1100	Scaffold_1100			AABS01001100.1	
ci1:Scaffold_1101	Scaffold_1101			AABS01001101.1	
ci1:Scaffold_1102	Scaffold_1102			AABS01001102.1	
ci1:Scaffold_1103	Scaffold_1103			AABS01001103.1	
ci1:Scaffold_1104	Scaffold_1104			AABS01001104.1	
ci1:Scaffold_1105	Scaffold_1105			AABS01001105.1	
ci1:Scaffold_1106	Scaffold_1106			AABS01001106.1	
ci1:Scaffold_1107	Scaffold_1107			AABS01001107.1	
ci1:Scaffold_1108	Scaffold_1108			AABS01001108.1	
ci1:Scaffold_1109	Scaffold_1109			AABS01001109.1	
ci1:Scaffold_111	Scaffold_111			AABS01000111.1	
ci1:Scaffold_1110	Scaffold_1110			AABS01001110.1	
ci1:Scaffold_1111	Scaffold_1111			AABS01001111.1	
ci1:Scaffold_1112	Scaffold_1112			AABS01001112.1	
ci1:Scaffold_1113	Scaffold_1113			AABS01001113.1	
ci1:Scaffold_1114	Scaffold_1114			AABS01001114.1	
ci1:Scaffold_1115	Scaffold_1115			AABS01001115.1	
ci1:Scaffold_1116	Scaffold_1116			AABS01001116.1	
ci1:Scaffold_1117	Scaffold_1117			AABS01001117.1	
ci1:Scaffold_1118	Scaffold_1118			AABS01001118.1	
ci1:Scaffold_1119	Scaffold_1119			AABS01001119.1	
ci1:Scaffold_112	Scaffold_112			AABS01000112.1	
ci1:Scaffold_1120	Scaffold_1120			AABS01001120.1	
ci1:Scaffold_1121	Scaffold_1121			AABS01001121.1	
ci1:Scaffold_1122	Scaffold_1122			AABS01001122.1	
ci1:Scaffold_1123	Scaffold_1123			AABS01001123.1	
ci1:Scaffold_1124	Scaffold_1124			AABS01001124.1	
ci1:Scaffold_1125	Scaffold_1125			AABS01001125.1	
ci1:Scaffold_1126	Scaffold_1126			AABS01001126.1	
ci1:Scaffold_1127	Scaffold_1127			AABS01001127.1	
ci1:Scaffold_1128	Scaffold_1128			AABS01001128.1	
ci1:Scaffold_1129	Scaffold_1129			AABS01001129.1	
ci1:Scaffold_113	Scaffold_113			AABS01000113.1	
ci1:Scaffold_1130	Scaffold_1130			AABS01001130.1	
ci1:Scaffold_1131	Scaffold_1131			AABS01001131.1	
ci1:Scaffold_1132	Scaffold_1132			AABS01001132.1	
ci1:Scaffold_1133	Scaffold_1133			AABS01001133.1	
ci1:Scaffold_1134	Scaffold_1134			AABS01001134.1	
ci1:Scaffold_1135	Scaffold_1135			AABS01001135.1	
ci1:Scaffold_1136	Scaffold_1136			AABS01001136.1	
ci1:Scaffold_1137	Scaffold_1137			AABS01001137.1	
ci1:Scaffold_1138	Scaffold_1138			AABS01001138.1	
ci1:Scaffold_1139	Scaffold_1139			AABS01001139.1	
ci1:Scaffold_114	Scaffold_114			AABS01000114.1	
ci1:Scaffold_1140	Scaffold_1140			AABS01001140.1	
ci1:Scaffold_1141	Scaffold_1141			AABS01001141.1	
ci1:Scaffold_1142	Scaffold_1142			AABS01001142.1	
ci1:Scaffold_1143	Scaffold_1143			AABS01001143.1	
ci1:Scaffold_1144	Scaffold_1144			AABS01001144.1	
ci1:Scaffold_1145	Scaffold_1145			AABS01001145.1	
ci1:Scaffold_1146	Scaffold_1146			AABS01001146.1	
ci1:Scaffold_1147	Scaffold_1147			AABS01001147.1	
ci1:Scaffold_1148	Scaffold_1148			AABS01001148.1	
ci1:Scaffold_1149	Scaffold_1149			AABS01001149.1	
ci1:Scaffold_115	Scaffold_115			AABS01000115.1	
ci1:Scaffold_1150	Scaffold_1150			AABS01001150.1	
ci1:Scaffold_1151	Scaffold_1151			AABS01001151.1	
ci1:Scaffold_1152	Scaffold_1152			AABS01001152.1	
ci1:Scaffold_1153	Scaffold_1153			AABS01001153.1	
ci1:Scaffold_1154	Scaffold_1154			AABS01001154.1	
ci1:Scaffold_1155	Scaffold_1155			AABS01001155.1	
ci1:Scaffold_1156	Scaffold_1156			AABS01001156.1	
ci1:Scaffold_1157	Scaffold_1157			AABS01001157.1	
ci1:Scaffold_1158	Scaffold_1158			AABS01001158.1	
ci1:Scaffold_1159	Scaffold_1159			AABS01001159.1	
ci1:Scaffold_116	Scaffold_116			AABS01000116.1	
ci1:Scaffold_1160	Scaffold_1160			AABS01001160.1	
ci1:Scaffold_1161	Scaffold_1161			AABS01001161.1	
ci1:Scaffold_1162	Scaffold_1162			AABS01001162.1	
ci1:Scaffold_1163	Scaffold_1163			AABS01001163.1	
ci1:Scaffold_1164	Scaffold_1164			AABS01001164.1	
ci1:Scaffold_1165	Scaffold_1165			AABS01001165.1	
ci1:Scaffold_1166	Scaffold_1166			AABS01001166.1	
ci1:Scaffold_1167	Scaffold_1167			AABS01001167.1	
ci1:Scaffold_1168	Scaffold_1168			AABS01001168.1	
ci1:Scaffold_1169	Scaffold_1169			AABS01001169.1	
ci1:Scaffold_117	Scaffold_117			AABS01000117.1	
ci1:Scaffold_1170	Scaffold_1170			AABS01001170.1	
ci1:Scaffold_1171	Scaffold_1171			AABS01001171.1	
ci1:Scaffold_1172	Scaffold_1172			AABS01001172.1	
ci1:Scaffold_1173	Scaffold_1173			AABS01001173.1	
ci1:Scaffold_1174	Scaffold_1174			AABS01001174.1	
ci1:Scaffold_1175	Scaffold_1175			AABS01001175.1	
ci1:Scaffold_1176	Scaffold_1176			AABS01001176.1	
ci1:Scaffold_1177	Scaffold_1177			AABS01001177.1	
ci1:Scaffold_1178	Scaffold_1178			AABS01001178.1	
ci1:Scaffold_1179	Scaffold_1179			AABS01001179.1	
ci1:Scaffold_118	Scaffold_118			AABS01000118.1	
ci1:Scaffold_1180	Scaffold_1180			AABS01001180.1	
ci1:Scaffold_1181	Scaffold_1181			AABS01001181.1	
ci1:Scaffold_1182	Scaffold_1182			AABS01001182.1	
ci1:Scaffold_1183	Scaffold_1183			AABS01001183.1	
ci1:Scaffold_1184	Scaffold_1184			AABS01001184.1	
ci1:Scaffold_1185	Scaffold_1185			AABS01001185.1	
ci1:Scaffold_1186	Scaffold_1186			AABS01001186.1	
ci1:Scaffold_1187	Scaffold_1187			AABS01001187.1	
ci1:Scaffold_1188	Scaffold_1188			AABS01001188.1	
ci1:Scaffold_1189	Scaffold_1189			AABS01001189.1	
ci1:Scaffold_119	Scaffold_119			AABS01000119.1	
ci1:Scaffold_1190	Scaffold_1190			AABS01001190.1	
ci1:Scaffold_1191	Scaffold_1191			AABS01001191.1	
ci1:Scaffold_1192	Scaffold_1192			AABS01001192.1	
ci1:Scaffold_1193	Scaffold_1193			AABS01001193.1	
ci1:Scaffold_1194	Scaffold_1194			AABS01001194.1	
ci1:Scaffold_1195	Scaffold_1195			AABS01001195.1	
ci1:Scaffold_1196	Scaffold_1196			AABS01001196.1	
ci1:Scaffold_1197	Scaffold_1197			AABS01001197.1	
ci1:Scaffold_1198	Scaffold_1198			AABS01001198.1	
ci1:Scaffold_1199	Scaffold_1199			AABS01001199.1	
ci1:Scaffold_12	Scaffold_12			AABS01000012.1	
ci1:Scaffold_120	Scaffold_120			AABS01000120.1	
ci1:Scaffold_1200	Scaffold_1200			AABS01001200.1	
ci1:Scaffold_1201	Scaffold_1201			AABS01001201.1	
ci1:Scaffold_1202	Scaffold_1202			AABS01001202.1	
ci1:Scaffold_1203	Scaffold_1203			AABS01001203.1	
ci1:Scaffold_1204	Scaffold_1204			AABS01001204.1	
ci1:Scaffold_1205	Scaffold_1205			AABS01001205.1	
ci1:Scaffold_1206	Scaffold_1206			AABS01001206.1	
ci1:Scaffold_1207	Scaffold_1207			AABS01001207.1	
ci1:Scaffold_1208	Scaffold_1208			AABS01001208.1	
ci1:Scaffold_1209	Scaffold_1209			AABS01001209.1	
ci1:Scaffold_121	Scaffold_121			AABS01000121.1	
ci1:Scaffold_1210	Scaffold_1210			AABS01001210.1	
ci1:Scaffold_1211	Scaffold_1211			AABS01001211.1	
ci1:Scaffold_1212	Scaffold_1212			AABS01001212.1	
ci1:Scaffold_1213	Scaffold_1213			AABS01001213.1	
ci1:Scaffold_1214	Scaffold_1214			AABS01001214.1	
ci1:Scaffold_1215	Scaffold_1215			AABS01001215.1	
ci1:Scaffold_1216	Scaffold_1216			AABS01001216.1	
ci1:Scaffold_1217	Scaffold_1217			AABS01001217.1	
ci1:Scaffold_1218	Scaffold_1218			AABS01001218.1	
ci1:Scaffold_1219	Scaffold_1219			AABS01001219.1	
ci1:Scaffold_122	Scaffold_122			AABS01000122.1	
ci1:Scaffold_1220	Scaffold_1220			AABS01001220.1	
ci1:Scaffold_1221	Scaffold_1221			AABS01001221.1	
ci1:Scaffold_1222	Scaffold_1222			AABS01001222.1	
ci1:Scaffold_1223	Scaffold_1223			AABS01001223.1	
ci1:Scaffold_1224	Scaffold_1224			AABS01001224.1	
ci1:Scaffold_1225	Scaffold_1225			AABS01001225.1	
ci1:Scaffold_1226	Scaffold_1226			AABS01001226.1	
ci1:Scaffold_1227	Scaffold_1227			AABS01001227.1	
ci1:Scaffold_1228	Scaffold_1228			AABS01001228.1	
ci1:Scaffold_1229	Scaffold_1229			AABS01001229.1	
ci1:Scaffold_123	Scaffold_123			AABS01000123.1	
ci1:Scaffold_1230	Scaffold_1230			AABS01001230.1	
ci1:Scaffold_1231	Scaffold_1231			AABS01001231.1	
ci1:Scaffold_1232	Scaffold_1232			AABS01001232.1	
ci1:Scaffold_1233	Scaffold_1233			AABS01001233.1	
ci1:Scaffold_1234	Scaffold_1234			AABS01001234.1	
ci1:Scaffold_1235	Scaffold_1235			AABS01001235.1	
ci1:Scaffold_1236	Scaffold_1236			AABS01001236.1	
ci1:Scaffold_1237	Scaffold_1237			AABS01001237.1	
ci1:Scaffold_1238	Scaffold_1238			AABS01001238.1	
ci1:Scaffold_1239	Scaffold_1239			AABS01001239.1	
ci1:Scaffold_124	Scaffold_124			AABS01000124.1	
ci1:Scaffold_1240	Scaffold_1240			AABS01001240.1	
ci1:Scaffold_1241	Scaffold_1241			AABS01001241.1	
ci1:Scaffold_1242	Scaffold_1242			AABS01001242.1	
ci1:Scaffold_1243	Scaffold_1243			AABS01001243.1	
ci1:Scaffold_1244	Scaffold_1244			AABS01001244.1	
ci1:Scaffold_1245	Scaffold_1245			AABS01001245.1	
ci1:Scaffold_1246	Scaffold_1246			AABS01001246.1	
ci1:Scaffold_1247	Scaffold_1247			AABS01001247.1	
ci1:Scaffold_1248	Scaffold_1248			AABS01001248.1	
ci1:Scaffold_1249	Scaffold_1249			AABS01001249.1	
ci1:Scaffold_125	Scaffold_125			AABS01000125.1	
ci1:Scaffold_1250	Scaffold_1250			AABS01001250.1	
ci1:Scaffold_1251	Scaffold_1251			AABS01001251.1	
ci1:Scaffold_1252	Scaffold_1252			AABS01001252.1	
ci1:Scaffold_1253	Scaffold_1253			AABS01001253.1	
ci1:Scaffold_1254	Scaffold_1254			AABS01001254.1	
ci1:Scaffold_1255	Scaffold_1255			AABS01001255.1	
ci1:Scaffold_1256	Scaffold_1256			AABS01001256.1	
ci1:Scaffold_1257	Scaffold_1257			AABS01001257.1	
ci1:Scaffold_1258	Scaffold_1258			AABS01001258.1	
ci1:Scaffold_1259	Scaffold_1259			AABS01001259.1	
ci1:Scaffold_126	Scaffold_126			AABS01000126.1	
ci1:Scaffold_1260	Scaffold_1260			AABS01001260.1	
ci1:Scaffold_1261	Scaffold_1261			AABS01001261.1	
ci1:Scaffold_1262	Scaffold_1262			AABS01001262.1	
ci1:Scaffold_1263	Scaffold_1263			AABS01001263.1	
ci1:Scaffold_1264	Scaffold_1264			AABS01001264.1	
ci1:Scaffold_1265	Scaffold_1265			AABS01001265.1	
ci1:Scaffold_1266	Scaffold_1266			AABS01001266.1	
ci1:Scaffold_1267	Scaffold_1267			AABS01001267.1	
ci1:Scaffold_1268	Scaffold_1268			AABS01001268.1	
ci1:Scaffold_1269	Scaffold_1269			AABS01001269.1	
ci1:Scaffold_127	Scaffold_127			AABS01000127.1	
ci1:Scaffold_1270	Scaffold_1270			AABS01001270.1	
ci1:Scaffold_1271	Scaffold_1271			AABS01001271.1	
ci1:Scaffold_1272	Scaffold_1272			AABS01001272.1	
ci1:Scaffold_1273	Scaffold_1273			AABS01001273.1	
ci1:Scaffold_1274	Scaffold_1274			AABS01001274.1	
ci1:Scaffold_1275	Scaffold_1275			AABS01001275.1	
ci1:Scaffold_1276	Scaffold_1276			AABS01001276.1	
ci1:Scaffold_1277	Scaffold_1277			AABS01001277.1	
ci1:Scaffold_1278	Scaffold_1278			AABS01001278.1	
ci1:Scaffold_1279	Scaffold_1279			AABS01001279.1	
ci1:Scaffold_128	Scaffold_128			AABS01000128.1	
ci1:Scaffold_1280	Scaffold_1280			AABS01001280.1	
ci1:Scaffold_1281	Scaffold_1281			AABS01001281.1	
ci1:Scaffold_1282	Scaffold_1282			AABS01001282.1	
ci1:Scaffold_1283	Scaffold_1283			AABS01001283.1	
ci1:Scaffold_1284	Scaffold_1284			AABS01001284.1	
ci1:Scaffold_1285	Scaffold_1285			AABS01001285.1	
ci1:Scaffold_1286	Scaffold_1286			AABS01001286.1	
ci1:Scaffold_1287	Scaffold_1287			AABS01001287.1	
ci1:Scaffold_1288	Scaffold_1288			AABS01001288.1	
ci1:Scaffold_1289	Scaffold_1289			AABS01001289.1	
ci1:Scaffold_129	Scaffold_129			AABS01000129.1	
ci1:Scaffold_1290	Scaffold_1290			AABS01001290.1	
ci1:Scaffold_1291	Scaffold_1291			AABS01001291.1	
ci1:Scaffold_1292	Scaffold_1292			AABS01001292.1	
ci1:Scaffold_1293	Scaffold_1293			AABS01001293.1	
ci1:Scaffold_1294	Scaffold_1294			AABS01001294.1	
ci1:Scaffold_1295	Scaffold_1295			AABS01001295.1	
ci1:Scaffold_1296	Scaffold_1296			AABS01001296.1	
ci1:Scaffold_1297	Scaffold_1297			AABS01001297.1	
ci1:Scaffold_1298	Scaffold_1298			AABS01001298.1	
ci1:Scaffold_1299	Scaffold_1299			AABS01001299.1	
ci1:Scaffold_13	Scaffold_13			AABS01000013.1	
ci1:Scaffold_130	Scaffold_130			AABS01000130.1	
ci1:Scaffold_1300	Scaffold_1300			AABS01001300.1	
ci1:Scaffold_1301	Scaffold_1301			AABS01001301.1	
ci1:Scaffold_1302	Scaffold_1302			AABS01001302.1	
ci1:Scaffold_1303	Scaffold_1303			AABS01001303.1	
ci1:Scaffold_1304	Scaffold_1304			AABS01001304.1	
ci1:Scaffold_1305	Scaffold_1305			AABS01001305.1	
ci1:Scaffold_1306	Scaffold_1306			AABS01001306.1	
ci1:Scaffold_1307	Scaffold_1307			AABS01001307.1	
ci1:Scaffold_1308	Scaffold_1308			AABS01001308.1	
ci1:Scaffold_1309	Scaffold_1309			AABS01001309.1	
ci1:Scaffold_131	Scaffold_131			AABS01000131.1	
ci1:Scaffold_1310	Scaffold_1310			AABS01001310.1	
ci1:Scaffold_1311	Scaffold_1311			AABS01001311.1	
ci1:Scaffold_1312	Scaffold_1312			AABS01001312.1	
ci1:Scaffold_1313	Scaffold_1313			AABS01001313.1	
ci1:Scaffold_1314	Scaffold_1314			AABS01001314.1	
ci1:Scaffold_1315	Scaffold_1315			AABS01001315.1	
ci1:Scaffold_1316	Scaffold_1316			AABS01001316.1	
ci1:Scaffold_1317	Scaffold_1317			AABS01001317.1	
ci1:Scaffold_1318	Scaffold_1318			AABS01001318.1	
ci1:Scaffold_1319	Scaffold_1319			AABS01001319.1	
ci1:Scaffold_132	Scaffold_132			AABS01000132.1	
ci1:Scaffold_1320	Scaffold_1320			AABS01001320.1	
ci1:Scaffold_1321	Scaffold_1321			AABS01001321.1	
ci1:Scaffold_1322	Scaffold_1322			AABS01001322.1	
ci1:Scaffold_1323	Scaffold_1323			AABS01001323.1	
ci1:Scaffold_1324	Scaffold_1324			AABS01001324.1	
ci1:Scaffold_1325	Scaffold_1325			AABS01001325.1	
ci1:Scaffold_1326	Scaffold_1326			AABS01001326.1	
ci1:Scaffold_1327	Scaffold_1327			AABS01001327.1	
ci1:Scaffold_1328	Scaffold_1328			AABS01001328.1	
ci1:Scaffold_1329	Scaffold_1329			AABS01001329.1	
ci1:Scaffold_133	Scaffold_133			AABS01000133.1	
ci1:Scaffold_1330	Scaffold_1330			AABS01001330.1	
ci1:Scaffold_1331	Scaffold_1331			AABS01001331.1	
ci1:Scaffold_1332	Scaffold_1332			AABS01001332.1	
ci1:Scaffold_1333	Scaffold_1333			AABS01001333.1	
ci1:Scaffold_1334	Scaffold_1334			AABS01001334.1	
ci1:Scaffold_1335	Scaffold_1335			AABS01001335.1	
ci1:Scaffold_1336	Scaffold_1336			AABS01001336.1	
ci1:Scaffold_1337	Scaffold_1337			AABS01001337.1	
ci1:Scaffold_1338	Scaffold_1338			AABS01001338.1	
ci1:Scaffold_1339	Scaffold_1339			AABS01001339.1	
ci1:Scaffold_134	Scaffold_134			AABS01000134.1	
ci1:Scaffold_1340	Scaffold_1340			AABS01001340.1	
ci1:Scaffold_1341	Scaffold_1341			AABS01001341.1	
ci1:Scaffold_1342	Scaffold_1342			AABS01001342.1	
ci1:Scaffold_1343	Scaffold_1343			AABS01001343.1	
ci1:Scaffold_1344	Scaffold_1344			AABS01001344.1	
ci1:Scaffold_1345	Scaffold_1345			AABS01001345.1	
ci1:Scaffold_1346	Scaffold_1346			AABS01001346.1	
ci1:Scaffold_1347	Scaffold_1347			AABS01001347.1	
ci1:Scaffold_1348	Scaffold_1348			AABS01001348.1	
ci1:Scaffold_1349	Scaffold_1349			AABS01001349.1	
ci1:Scaffold_135	Scaffold_135			AABS01000135.1	
ci1:Scaffold_1350	Scaffold_1350			AABS01001350.1	
ci1:Scaffold_1351	Scaffold_1351			AABS01001351.1	
ci1:Scaffold_1352	Scaffold_1352			AABS01001352.1	
ci1:Scaffold_1353	Scaffold_1353			AABS01001353.1	
ci1:Scaffold_1354	Scaffold_1354			AABS01001354.1	
ci1:Scaffold_1355	Scaffold_1355			AABS01001355.1	
ci1:Scaffold_1356	Scaffold_1356			AABS01001356.1	
ci1:Scaffold_1357	Scaffold_1357			AABS01001357.1	
ci1:Scaffold_1358	Scaffold_1358			AABS01001358.1	
ci1:Scaffold_1359	Scaffold_1359			AABS01001359.1	
ci1:Scaffold_136	Scaffold_136			AABS01000136.1	
ci1:Scaffold_1360	Scaffold_1360			AABS01001360.1	
ci1:Scaffold_1361	Scaffold_1361			AABS01001361.1	
ci1:Scaffold_1362	Scaffold_1362			AABS01001362.1	
ci1:Scaffold_1363	Scaffold_1363			AABS01001363.1	
ci1:Scaffold_1364	Scaffold_1364			AABS01001364.1	
ci1:Scaffold_1365	Scaffold_1365			AABS01001365.1	
ci1:Scaffold_1366	Scaffold_1366			AABS01001366.1	
ci1:Scaffold_1367	Scaffold_1367			AABS01001367.1	
ci1:Scaffold_1368	Scaffold_1368			AABS01001368.1	
ci1:Scaffold_1369	Scaffold_1369			AABS01001369.1	
ci1:Scaffold_137	Scaffold_137			AABS01000137.1	
ci1:Scaffold_1370	Scaffold_1370			AABS01001370.1	
ci1:Scaffold_1371	Scaffold_1371			AABS01001371.1	
ci1:Scaffold_1372	Scaffold_1372			AABS01001372.1	
ci1:Scaffold_1373	Scaffold_1373			AABS01001373.1	
ci1:Scaffold_1374	Scaffold_1374			AABS01001374.1	
ci1:Scaffold_1375	Scaffold_1375			AABS01001375.1	
ci1:Scaffold_1376	Scaffold_1376			AABS01001376.1	
ci1:Scaffold_1377	Scaffold_1377			AABS01001377.1	
ci1:Scaffold_1378	Scaffold_1378			AABS01001378.1	
ci1:Scaffold_1379	Scaffold_1379			AABS01001379.1	
ci1:Scaffold_138	Scaffold_138			AABS01000138.1	
ci1:Scaffold_1380	Scaffold_1380			AABS01001380.1	
ci1:Scaffold_1381	Scaffold_1381			AABS01001381.1	
ci1:Scaffold_1382	Scaffold_1382			AABS01001382.1	
ci1:Scaffold_1383	Scaffold_1383			AABS01001383.1	
ci1:Scaffold_1384	Scaffold_1384			AABS01001384.1	
ci1:Scaffold_1385	Scaffold_1385			AABS01001385.1	
ci1:Scaffold_1386	Scaffold_1386			AABS01001386.1	
ci1:Scaffold_1387	Scaffold_1387			AABS01001387.1	
ci1:Scaffold_1388	Scaffold_1388			AABS01001388.1	
ci1:Scaffold_1389	Scaffold_1389			AABS01001389.1	
ci1:Scaffold_139	Scaffold_139			AABS01000139.1	
ci1:Scaffold_1390	Scaffold_1390			AABS01001390.1	
ci1:Scaffold_1391	Scaffold_1391			AABS01001391.1	
ci1:Scaffold_1392	Scaffold_1392			AABS01001392.1	
ci1:Scaffold_1393	Scaffold_1393			AABS01001393.1	
ci1:Scaffold_1394	Scaffold_1394			AABS01001394.1	
ci1:Scaffold_1395	Scaffold_1395			AABS01001395.1	
ci1:Scaffold_1396	Scaffold_1396			AABS01001396.1	
ci1:Scaffold_1397	Scaffold_1397			AABS01001397.1	
ci1:Scaffold_1398	Scaffold_1398			AABS01001398.1	
ci1:Scaffold_1399	Scaffold_1399			AABS01001399.1	
ci1:Scaffold_14	Scaffold_14			AABS01000014.1	
ci1:Scaffold_140	Scaffold_140			AABS01000140.1	
ci1:Scaffold_1400	Scaffold_1400			AABS01001400.1	
ci1:Scaffold_1401	Scaffold_1401			AABS01001401.1	
ci1:Scaffold_1402	Scaffold_1402			AABS01001402.1	
ci1:Scaffold_1403	Scaffold_1403			AABS01001403.1	
ci1:Scaffold_1404	Scaffold_1404			AABS01001404.1	
ci1:Scaffold_1405	Scaffold_1405			AABS01001405.1	
ci1:Scaffold_1406	Scaffold_1406			AABS01001406.1	
ci1:Scaffold_1407	Scaffold_1407			AABS01001407.1	
ci1:Scaffold_1408	Scaffold_1408			AABS01001408.1	
ci1:Scaffold_1409	Scaffold_1409			AABS01001409.1	
ci1:Scaffold_141	Scaffold_141			AABS01000141.1	
ci1:Scaffold_1410	Scaffold_1410			AABS01001410.1	
ci1:Scaffold_1411	Scaffold_1411			AABS01001411.1	
ci1:Scaffold_1412	Scaffold_1412			AABS01001412.1	
ci1:Scaffold_1413	Scaffold_1413			AABS01001413.1	
ci1:Scaffold_1414	Scaffold_1414			AABS01001414.1	
ci1:Scaffold_1415	Scaffold_1415			AABS01001415.1	
ci1:Scaffold_1416	Scaffold_1416			AABS01001416.1	
ci1:Scaffold_1417	Scaffold_1417			AABS01001417.1	
ci1:Scaffold_1418	Scaffold_1418			AABS01001418.1	
ci1:Scaffold_1419	Scaffold_1419			AABS01001419.1	
ci1:Scaffold_142	Scaffold_142			AABS01000142.1	
ci1:Scaffold_1420	Scaffold_1420			AABS01001420.1	
ci1:Scaffold_1421	Scaffold_1421			AABS01001421.1	
ci1:Scaffold_1422	Scaffold_1422			AABS01001422.1	
ci1:Scaffold_1423	Scaffold_1423			AABS01001423.1	
ci1:Scaffold_1424	Scaffold_1424			AABS01001424.1	
ci1:Scaffold_1425	Scaffold_1425			AABS01001425.1	
ci1:Scaffold_1426	Scaffold_1426			AABS01001426.1	
ci1:Scaffold_1427	Scaffold_1427			AABS01001427.1	
ci1:Scaffold_1428	Scaffold_1428			AABS01001428.1	
ci1:Scaffold_1429	Scaffold_1429			AABS01001429.1	
ci1:Scaffold_143	Scaffold_143			AABS01000143.1	
ci1:Scaffold_1430	Scaffold_1430			AABS01001430.1	
ci1:Scaffold_1431	Scaffold_1431			AABS01001431.1	
ci1:Scaffold_1432	Scaffold_1432			AABS01001432.1	
ci1:Scaffold_1433	Scaffold_1433			AABS01001433.1	
ci1:Scaffold_1434	Scaffold_1434			AABS01001434.1	
ci1:Scaffold_1435	Scaffold_1435			AABS01001435.1	
ci1:Scaffold_1436	Scaffold_1436			AABS01001436.1	
ci1:Scaffold_1437	Scaffold_1437			AABS01001437.1	
ci1:Scaffold_1438	Scaffold_1438			AABS01001438.1	
ci1:Scaffold_1439	Scaffold_1439			AABS01001439.1	
ci1:Scaffold_144	Scaffold_144			AABS01000144.1	
ci1:Scaffold_1440	Scaffold_1440			AABS01001440.1	
ci1:Scaffold_1441	Scaffold_1441			AABS01001441.1	
ci1:Scaffold_1442	Scaffold_1442			AABS01001442.1	
ci1:Scaffold_1443	Scaffold_1443			AABS01001443.1	
ci1:Scaffold_1444	Scaffold_1444			AABS01001444.1	
ci1:Scaffold_1445	Scaffold_1445			AABS01001445.1	
ci1:Scaffold_1446	Scaffold_1446			AABS01001446.1	
ci1:Scaffold_1447	Scaffold_1447			AABS01001447.1	
ci1:Scaffold_1448	Scaffold_1448			AABS01001448.1	
ci1:Scaffold_1449	Scaffold_1449			AABS01001449.1	
ci1:Scaffold_145	Scaffold_145			AABS01000145.1	
ci1:Scaffold_1450	Scaffold_1450			AABS01001450.1	
ci1:Scaffold_1451	Scaffold_1451			AABS01001451.1	
ci1:Scaffold_1452	Scaffold_1452			AABS01001452.1	
ci1:Scaffold_1453	Scaffold_1453			AABS01001453.1	
ci1:Scaffold_1454	Scaffold_1454			AABS01001454.1	
ci1:Scaffold_1455	Scaffold_1455			AABS01001455.1	
ci1:Scaffold_1456	Scaffold_1456			AABS01001456.1	
ci1:Scaffold_1457	Scaffold_1457			AABS01001457.1	
ci1:Scaffold_1458	Scaffold_1458			AABS01001458.1	
ci1:Scaffold_1459	Scaffold_1459			AABS01001459.1	
ci1:Scaffold_146	Scaffold_146			AABS01000146.1	
ci1:Scaffold_1460	Scaffold_1460			AABS01001460.1	
ci1:Scaffold_1461	Scaffold_1461			AABS01001461.1	
ci1:Scaffold_1462	Scaffold_1462			AABS01001462.1	
ci1:Scaffold_1463	Scaffold_1463			AABS01001463.1	
ci1:Scaffold_1464	Scaffold_1464			AABS01001464.1	
ci1:Scaffold_1465	Scaffold_1465			AABS01001465.1	
ci1:Scaffold_1466	Scaffold_1466			AABS01001466.1	
ci1:Scaffold_1467	Scaffold_1467			AABS01001467.1	
ci1:Scaffold_1468	Scaffold_1468			AABS01001468.1	
ci1:Scaffold_1469	Scaffold_1469			AABS01001469.1	
ci1:Scaffold_147	Scaffold_147			AABS01000147.1	
ci1:Scaffold_1470	Scaffold_1470			AABS01001470.1	
ci1:Scaffold_1471	Scaffold_1471			AABS01001471.1	
ci1:Scaffold_1472	Scaffold_1472			AABS01001472.1	
ci1:Scaffold_1473	Scaffold_1473			AABS01001473.1	
ci1:Scaffold_1474	Scaffold_1474			AABS01001474.1	
ci1:Scaffold_1475	Scaffold_1475			AABS01001475.1	
ci1:Scaffold_1476	Scaffold_1476			AABS01001476.1	
ci1:Scaffold_1477	Scaffold_1477			AABS01001477.1	
ci1:Scaffold_1478	Scaffold_1478			AABS01001478.1	
ci1:Scaffold_1479	Scaffold_1479			AABS01001479.1	
ci1:Scaffold_148	Scaffold_148			AABS01000148.1	
ci1:Scaffold_1480	Scaffold_1480			AABS01001480.1	
ci1:Scaffold_1481	Scaffold_1481			AABS01001481.1	
ci1:Scaffold_1482	Scaffold_1482			AABS01001482.1	
ci1:Scaffold_1483	Scaffold_1483			AABS01001483.1	
ci1:Scaffold_1484	Scaffold_1484			AABS01001484.1	
ci1:Scaffold_1485	Scaffold_1485			AABS01001485.1	
ci1:Scaffold_1486	Scaffold_1486			AABS01001486.1	
ci1:Scaffold_1487	Scaffold_1487			AABS01001487.1	
ci1:Scaffold_1488	Scaffold_1488			AABS01001488.1	
ci1:Scaffold_1489	Scaffold_1489			AABS01001489.1	
ci1:Scaffold_149	Scaffold_149			AABS01000149.1	
ci1:Scaffold_1490	Scaffold_1490			AABS01001490.1	
ci1:Scaffold_1491	Scaffold_1491			AABS01001491.1	
ci1:Scaffold_1492	Scaffold_1492			AABS01001492.1	
ci1:Scaffold_1493	Scaffold_1493			AABS01001493.1	
ci1:Scaffold_1494	Scaffold_1494			AABS01001494.1	
ci1:Scaffold_1495	Scaffold_1495			AABS01001495.1	
ci1:Scaffold_1496	Scaffold_1496			AABS01001496.1	
ci1:Scaffold_1497	Scaffold_1497			AABS01001497.1	
ci1:Scaffold_1498	Scaffold_1498			AABS01001498.1	
ci1:Scaffold_1499	Scaffold_1499			AABS01001499.1	
ci1:Scaffold_15	Scaffold_15			AABS01000015.1	
ci1:Scaffold_150	Scaffold_150			AABS01000150.1	
ci1:Scaffold_1500	Scaffold_1500			AABS01001500.1	
ci1:Scaffold_1501	Scaffold_1501			AABS01001501.1	
ci1:Scaffold_1502	Scaffold_1502			AABS01001502.1	
ci1:Scaffold_1503	Scaffold_1503			AABS01001503.1	
ci1:Scaffold_1504	Scaffold_1504			AABS01001504.1	
ci1:Scaffold_1505	Scaffold_1505			AABS01001505.1	
ci1:Scaffold_1506	Scaffold_1506			AABS01001506.1	
ci1:Scaffold_1507	Scaffold_1507			AABS01001507.1	
ci1:Scaffold_1508	Scaffold_1508			AABS01001508.1	
ci1:Scaffold_1509	Scaffold_1509			AABS01001509.1	
ci1:Scaffold_151	Scaffold_151			AABS01000151.1	
ci1:Scaffold_1510	Scaffold_1510			AABS01001510.1	
ci1:Scaffold_1511	Scaffold_1511			AABS01001511.1	
ci1:Scaffold_1512	Scaffold_1512			AABS01001512.1	
ci1:Scaffold_1513	Scaffold_1513			AABS01001513.1	
ci1:Scaffold_1514	Scaffold_1514			AABS01001514.1	
ci1:Scaffold_1515	Scaffold_1515			AABS01001515.1	
ci1:Scaffold_1516	Scaffold_1516			AABS01001516.1	
ci1:Scaffold_1517	Scaffold_1517			AABS01001517.1	
ci1:Scaffold_1518	Scaffold_1518			AABS01001518.1	
ci1:Scaffold_1519	Scaffold_1519			AABS01001519.1	
ci1:Scaffold_152	Scaffold_152			AABS01000152.1	
ci1:Scaffold_1520	Scaffold_1520			AABS01001520.1	
ci1:Scaffold_1521	Scaffold_1521			AABS01001521.1	
ci1:Scaffold_1522	Scaffold_1522			AABS01001522.1	
ci1:Scaffold_1523	Scaffold_1523			AABS01001523.1	
ci1:Scaffold_1524	Scaffold_1524			AABS01001524.1	
ci1:Scaffold_1525	Scaffold_1525			AABS01001525.1	
ci1:Scaffold_1526	Scaffold_1526			AABS01001526.1	
ci1:Scaffold_1527	Scaffold_1527			AABS01001527.1	
ci1:Scaffold_1528	Scaffold_1528			AABS01001528.1	
ci1:Scaffold_1529	Scaffold_1529			AABS01001529.1	
ci1:Scaffold_153	Scaffold_153			AABS01000153.1	
ci1:Scaffold_1530	Scaffold_1530			AABS01001530.1	
ci1:Scaffold_1531	Scaffold_1531			AABS01001531.1	
ci1:Scaffold_1532	Scaffold_1532			AABS01001532.1	
ci1:Scaffold_1533	Scaffold_1533			AABS01001533.1	
ci1:Scaffold_1534	Scaffold_1534			AABS01001534.1	
ci1:Scaffold_1535	Scaffold_1535			AABS01001535.1	
ci1:Scaffold_1536	Scaffold_1536			AABS01001536.1	
ci1:Scaffold_1537	Scaffold_1537			AABS01001537.1	
ci1:Scaffold_1538	Scaffold_1538			AABS01001538.1	
ci1:Scaffold_1539	Scaffold_1539			AABS01001539.1	
ci1:Scaffold_154	Scaffold_154			AABS01000154.1	
ci1:Scaffold_1540	Scaffold_1540			AABS01001540.1	
ci1:Scaffold_1541	Scaffold_1541			AABS01001541.1	
ci1:Scaffold_1542	Scaffold_1542			AABS01001542.1	
ci1:Scaffold_1543	Scaffold_1543			AABS01001543.1	
ci1:Scaffold_1544	Scaffold_1544			AABS01001544.1	
ci1:Scaffold_1545	Scaffold_1545			AABS01001545.1	
ci1:Scaffold_1546	Scaffold_1546			AABS01001546.1	
ci1:Scaffold_1547	Scaffold_1547			AABS01001547.1	
ci1:Scaffold_1548	Scaffold_1548			AABS01001548.1	
ci1:Scaffold_1549	Scaffold_1549			AABS01001549.1	
ci1:Scaffold_155	Scaffold_155			AABS01000155.1	
ci1:Scaffold_1550	Scaffold_1550			AABS01001550.1	
ci1:Scaffold_1551	Scaffold_1551			AABS01001551.1	
ci1:Scaffold_1552	Scaffold_1552			AABS01001552.1	
ci1:Scaffold_1553	Scaffold_1553			AABS01001553.1	
ci1:Scaffold_1554	Scaffold_1554			AABS01001554.1	
ci1:Scaffold_1555	Scaffold_1555			AABS01001555.1	
ci1:Scaffold_1556	Scaffold_1556			AABS01001556.1	
ci1:Scaffold_1557	Scaffold_1557			AABS01001557.1	
ci1:Scaffold_1558	Scaffold_1558			AABS01001558.1	
ci1:Scaffold_1559	Scaffold_1559			AABS01001559.1	
ci1:Scaffold_156	Scaffold_156			AABS01000156.1	
ci1:Scaffold_1560	Scaffold_1560			AABS01001560.1	
ci1:Scaffold_1561	Scaffold_1561			AABS01001561.1	
ci1:Scaffold_1562	Scaffold_1562			AABS01001562.1	
ci1:Scaffold_1563	Scaffold_1563			AABS01001563.1	
ci1:Scaffold_1564	Scaffold_1564			AABS01001564.1	
ci1:Scaffold_1566	Scaffold_1566			AABS01001565.1	
ci1:Scaffold_1567	Scaffold_1567			AABS01001566.1	
ci1:Scaffold_1568	Scaffold_1568			AABS01001567.1	
ci1:Scaffold_1569	Scaffold_1569			AABS01001568.1	
ci1:Scaffold_157	Scaffold_157			AABS01000157.1	
ci1:Scaffold_1570	Scaffold_1570			AABS01001569.1	
ci1:Scaffold_1571	Scaffold_1571			AABS01001570.1	
ci1:Scaffold_1572	Scaffold_1572			AABS01001571.1	
ci1:Scaffold_1573	Scaffold_1573			AABS01001572.1	
ci1:Scaffold_1574	Scaffold_1574			AABS01001573.1	
ci1:Scaffold_1575	Scaffold_1575			AABS01001574.1	
ci1:Scaffold_1576	Scaffold_1576			AABS01001575.1	
ci1:Scaffold_1577	Scaffold_1577			AABS01001576.1	
ci1:Scaffold_1578	Scaffold_1578			AABS01001577.1	
ci1:Scaffold_1579	Scaffold_1579			AABS01001578.1	
ci1:Scaffold_158	Scaffold_158			AABS01000158.1	
ci1:Scaffold_1580	Scaffold_1580			AABS01001579.1	
ci1:Scaffold_1581	Scaffold_1581			AABS01001580.1	
ci1:Scaffold_1582	Scaffold_1582			AABS01001581.1	
ci1:Scaffold_1583	Scaffold_1583			AABS01001582.1	
ci1:Scaffold_1584	Scaffold_1584			AABS01001583.1	
ci1:Scaffold_1585	Scaffold_1585			AABS01001584.1	
ci1:Scaffold_1586	Scaffold_1586			AABS01001585.1	
ci1:Scaffold_1587	Scaffold_1587			AABS01001586.1	
ci1:Scaffold_1588	Scaffold_1588			AABS01001587.1	
ci1:Scaffold_1589	Scaffold_1589			AABS01001588.1	
ci1:Scaffold_159	Scaffold_159			AABS01000159.1	
ci1:Scaffold_1590	Scaffold_1590			AABS01001589.1	
ci1:Scaffold_1591	Scaffold_1591			AABS01001590.1	
ci1:Scaffold_1592	Scaffold_1592			AABS01001591.1	
ci1:Scaffold_1593	Scaffold_1593			AABS01001592.1	
ci1:Scaffold_1594	Scaffold_1594			AABS01001593.1	
ci1:Scaffold_1595	Scaffold_1595			AABS01001594.1	
ci1:Scaffold_1596	Scaffold_1596			AABS01001595.1	
ci1:Scaffold_1598	Scaffold_1598			AABS01001596.1	
ci1:Scaffold_1599	Scaffold_1599			AABS01001597.1	
ci1:Scaffold_16	Scaffold_16			AABS01000016.1	
ci1:Scaffold_160	Scaffold_160			AABS01000160.1	
ci1:Scaffold_1600	Scaffold_1600			AABS01001598.1	
ci1:Scaffold_1601	Scaffold_1601			AABS01001599.1	
ci1:Scaffold_1602	Scaffold_1602			AABS01001600.1	
ci1:Scaffold_1603	Scaffold_1603			AABS01001601.1	
ci1:Scaffold_1604	Scaffold_1604			AABS01001602.1	
ci1:Scaffold_1605	Scaffold_1605			AABS01001603.1	
ci1:Scaffold_1607	Scaffold_1607			AABS01001604.1	
ci1:Scaffold_1609	Scaffold_1609			AABS01001605.1	
ci1:Scaffold_161	Scaffold_161			AABS01000161.1	
ci1:Scaffold_1610	Scaffold_1610			AABS01001606.1	
ci1:Scaffold_1611	Scaffold_1611			AABS01001607.1	
ci1:Scaffold_1612	Scaffold_1612			AABS01001608.1	
ci1:Scaffold_1613	Scaffold_1613			AABS01001609.1	
ci1:Scaffold_1614	Scaffold_1614			AABS01001610.1	
ci1:Scaffold_1615	Scaffold_1615			AABS01001611.1	
ci1:Scaffold_1616	Scaffold_1616			AABS01001612.1	
ci1:Scaffold_1617	Scaffold_1617			AABS01001613.1	
ci1:Scaffold_162	Scaffold_162			AABS01000162.1	
ci1:Scaffold_1620	Scaffold_1620			AABS01001614.1	
ci1:Scaffold_1622	Scaffold_1622			AABS01001615.1	
ci1:Scaffold_1623	Scaffold_1623			AABS01001616.1	
ci1:Scaffold_1624	Scaffold_1624			AABS01001617.1	
ci1:Scaffold_1625	Scaffold_1625			AABS01001618.1	
ci1:Scaffold_1626	Scaffold_1626			AABS01001619.1	
ci1:Scaffold_1627	Scaffold_1627			AABS01001620.1	
ci1:Scaffold_1628	Scaffold_1628			AABS01001621.1	
ci1:Scaffold_163	Scaffold_163			AABS01000163.1	
ci1:Scaffold_1630	Scaffold_1630			AABS01001622.1	
ci1:Scaffold_1631	Scaffold_1631			AABS01001623.1	
ci1:Scaffold_1632	Scaffold_1632			AABS01001624.1	
ci1:Scaffold_1633	Scaffold_1633			AABS01001625.1	
ci1:Scaffold_1634	Scaffold_1634			AABS01001626.1	
ci1:Scaffold_1635	Scaffold_1635			AABS01001627.1	
ci1:Scaffold_1636	Scaffold_1636			AABS01001628.1	
ci1:Scaffold_1637	Scaffold_1637			AABS01001629.1	
ci1:Scaffold_1638	Scaffold_1638			AABS01001630.1	
ci1:Scaffold_1639	Scaffold_1639			AABS01001631.1	
ci1:Scaffold_164	Scaffold_164			AABS01000164.1	
ci1:Scaffold_1640	Scaffold_1640			AABS01001632.1	
ci1:Scaffold_1641	Scaffold_1641			AABS01001633.1	
ci1:Scaffold_1642	Scaffold_1642			AABS01001634.1	
ci1:Scaffold_1643	Scaffold_1643			AABS01001635.1	
ci1:Scaffold_1644	Scaffold_1644			AABS01001636.1	
ci1:Scaffold_1645	Scaffold_1645			AABS01001637.1	
ci1:Scaffold_1646	Scaffold_1646			AABS01001638.1	
ci1:Scaffold_1649	Scaffold_1649			AABS01001639.1	
ci1:Scaffold_165	Scaffold_165			AABS01000165.1	
ci1:Scaffold_1650	Scaffold_1650			AABS01001640.1	
ci1:Scaffold_1651	Scaffold_1651			AABS01001641.1	
ci1:Scaffold_1652	Scaffold_1652			AABS01001642.1	
ci1:Scaffold_1653	Scaffold_1653			AABS01001643.1	
ci1:Scaffold_1654	Scaffold_1654			AABS01001644.1	
ci1:Scaffold_1655	Scaffold_1655			AABS01001645.1	
ci1:Scaffold_1656	Scaffold_1656			AABS01001646.1	
ci1:Scaffold_1658	Scaffold_1658			AABS01001647.1	
ci1:Scaffold_1659	Scaffold_1659			AABS01001648.1	
ci1:Scaffold_166	Scaffold_166			AABS01000166.1	
ci1:Scaffold_1660	Scaffold_1660			AABS01001649.1	
ci1:Scaffold_1662	Scaffold_1662			AABS01001650.1	
ci1:Scaffold_1663	Scaffold_1663			AABS01001651.1	
ci1:Scaffold_1664	Scaffold_1664			AABS01001652.1	
ci1:Scaffold_1665	Scaffold_1665			AABS01001653.1	
ci1:Scaffold_1666	Scaffold_1666			AABS01001654.1	
ci1:Scaffold_1667	Scaffold_1667			AABS01001655.1	
ci1:Scaffold_1668	Scaffold_1668			AABS01001656.1	
ci1:Scaffold_1669	Scaffold_1669			AABS01001657.1	
ci1:Scaffold_167	Scaffold_167			AABS01000167.1	
ci1:Scaffold_1670	Scaffold_1670			AABS01001658.1	
ci1:Scaffold_1671	Scaffold_1671			AABS01001659.1	
ci1:Scaffold_1672	Scaffold_1672			AABS01001660.1	
ci1:Scaffold_1673	Scaffold_1673			AABS01001661.1	
ci1:Scaffold_1674	Scaffold_1674			AABS01001662.1	
ci1:Scaffold_1676	Scaffold_1676			AABS01001663.1	
ci1:Scaffold_1677	Scaffold_1677			AABS01001664.1	
ci1:Scaffold_1678	Scaffold_1678			AABS01001665.1	
ci1:Scaffold_1679	Scaffold_1679			AABS01001666.1	
ci1:Scaffold_168	Scaffold_168			AABS01000168.1	
ci1:Scaffold_1680	Scaffold_1680			AABS01001667.1	
ci1:Scaffold_1681	Scaffold_1681			AABS01001668.1	
ci1:Scaffold_1683	Scaffold_1683			AABS01001669.1	
ci1:Scaffold_1684	Scaffold_1684			AABS01001670.1	
ci1:Scaffold_1686	Scaffold_1686			AABS01001671.1	
ci1:Scaffold_1688	Scaffold_1688			AABS01001672.1	
ci1:Scaffold_169	Scaffold_169			AABS01000169.1	
ci1:Scaffold_1691	Scaffold_1691			AABS01001673.1	
ci1:Scaffold_1692	Scaffold_1692			AABS01001903.1	
ci1:Scaffold_1694	Scaffold_1694			AABS01001674.1	
ci1:Scaffold_1695	Scaffold_1695			AABS01001675.1	
ci1:Scaffold_1697	Scaffold_1697			AABS01001676.1	
ci1:Scaffold_1698	Scaffold_1698			AABS01001677.1	
ci1:Scaffold_1699	Scaffold_1699			AABS01001678.1	
ci1:Scaffold_17	Scaffold_17			AABS01000017.1	
ci1:Scaffold_170	Scaffold_170			AABS01000170.1	
ci1:Scaffold_1701	Scaffold_1701			AABS01001679.1	
ci1:Scaffold_1702	Scaffold_1702			AABS01001680.1	
ci1:Scaffold_1703	Scaffold_1703			AABS01001681.1	
ci1:Scaffold_1704	Scaffold_1704			AABS01001682.1	
ci1:Scaffold_1705	Scaffold_1705			AABS01001683.1	
ci1:Scaffold_1708	Scaffold_1708			AABS01001684.1	
ci1:Scaffold_171	Scaffold_171			AABS01000171.1	
ci1:Scaffold_1716	Scaffold_1716			AABS01001685.1	
ci1:Scaffold_1717	Scaffold_1717			AABS01001686.1	
ci1:Scaffold_1718	Scaffold_1718			AABS01001687.1	
ci1:Scaffold_1719	Scaffold_1719			AABS01001904.1	
ci1:Scaffold_172	Scaffold_172			AABS01000172.1	
ci1:Scaffold_1720	Scaffold_1720			AABS01001688.1	
ci1:Scaffold_1721	Scaffold_1721			AABS01001689.1	
ci1:Scaffold_1722	Scaffold_1722			AABS01001690.1	
ci1:Scaffold_1723	Scaffold_1723			AABS01001691.1	
ci1:Scaffold_1724	Scaffold_1724			AABS01001692.1	
ci1:Scaffold_1725	Scaffold_1725			AABS01001693.1	
ci1:Scaffold_1726	Scaffold_1726			AABS01001694.1	
ci1:Scaffold_1727	Scaffold_1727			AABS01001695.1	
ci1:Scaffold_1728	Scaffold_1728			AABS01001696.1	
ci1:Scaffold_1729	Scaffold_1729			AABS01001697.1	
ci1:Scaffold_173	Scaffold_173			AABS01000173.1	
ci1:Scaffold_1730	Scaffold_1730			AABS01001698.1	
ci1:Scaffold_1731	Scaffold_1731			AABS01001699.1	
ci1:Scaffold_1732	Scaffold_1732			AABS01001700.1	
ci1:Scaffold_1733	Scaffold_1733			AABS01001701.1	
ci1:Scaffold_1734	Scaffold_1734			AABS01001702.1	
ci1:Scaffold_1735	Scaffold_1735			AABS01001703.1	
ci1:Scaffold_1736	Scaffold_1736			AABS01001704.1	
ci1:Scaffold_1737	Scaffold_1737			AABS01001705.1	
ci1:Scaffold_1738	Scaffold_1738			AABS01001706.1	
ci1:Scaffold_1739	Scaffold_1739			AABS01001707.1	
ci1:Scaffold_174	Scaffold_174			AABS01000174.1	
ci1:Scaffold_1740	Scaffold_1740			AABS01001708.1	
ci1:Scaffold_1741	Scaffold_1741			AABS01001709.1	
ci1:Scaffold_1742	Scaffold_1742			AABS01001710.1	
ci1:Scaffold_1743	Scaffold_1743			AABS01001711.1	
ci1:Scaffold_1744	Scaffold_1744			AABS01001712.1	
ci1:Scaffold_1745	Scaffold_1745			AABS01001713.1	
ci1:Scaffold_1746	Scaffold_1746			AABS01001714.1	
ci1:Scaffold_1747	Scaffold_1747			AABS01001715.1	
ci1:Scaffold_1748	Scaffold_1748			AABS01001716.1	
ci1:Scaffold_1749	Scaffold_1749			AABS01001717.1	
ci1:Scaffold_175	Scaffold_175			AABS01000175.1	
ci1:Scaffold_1750	Scaffold_1750			AABS01001718.1	
ci1:Scaffold_1751	Scaffold_1751			AABS01001719.1	
ci1:Scaffold_1752	Scaffold_1752			AABS01001720.1	
ci1:Scaffold_1753	Scaffold_1753			AABS01001721.1	
ci1:Scaffold_1754	Scaffold_1754			AABS01001722.1	
ci1:Scaffold_1755	Scaffold_1755			AABS01001723.1	
ci1:Scaffold_1756	Scaffold_1756			AABS01001724.1	
ci1:Scaffold_1757	Scaffold_1757			AABS01001725.1	
ci1:Scaffold_1758	Scaffold_1758			AABS01001726.1	
ci1:Scaffold_1759	Scaffold_1759			AABS01001727.1	
ci1:Scaffold_176	Scaffold_176			AABS01000176.1	
ci1:Scaffold_1760	Scaffold_1760			AABS01001728.1	
ci1:Scaffold_1761	Scaffold_1761			AABS01001729.1	
ci1:Scaffold_1762	Scaffold_1762			AABS01001730.1	
ci1:Scaffold_1763	Scaffold_1763			AABS01001731.1	
ci1:Scaffold_1764	Scaffold_1764			AABS01001732.1	
ci1:Scaffold_1765	Scaffold_1765			AABS01001733.1	
ci1:Scaffold_1766	Scaffold_1766			AABS01001734.1	
ci1:Scaffold_1767	Scaffold_1767			AABS01001735.1	
ci1:Scaffold_1768	Scaffold_1768			AABS01001736.1	
ci1:Scaffold_1769	Scaffold_1769			AABS01001737.1	
ci1:Scaffold_177	Scaffold_177			AABS01000177.1	
ci1:Scaffold_1771	Scaffold_1771			AABS01001905.1	
ci1:Scaffold_1772	Scaffold_1772			AABS01001738.1	
ci1:Scaffold_1773	Scaffold_1773			AABS01001739.1	
ci1:Scaffold_1774	Scaffold_1774			AABS01001740.1	
ci1:Scaffold_1775	Scaffold_1775			AABS01001741.1	
ci1:Scaffold_1776	Scaffold_1776			AABS01001742.1	
ci1:Scaffold_1777	Scaffold_1777			AABS01001743.1	
ci1:Scaffold_1778	Scaffold_1778			AABS01001744.1	
ci1:Scaffold_1779	Scaffold_1779			AABS01001745.1	
ci1:Scaffold_178	Scaffold_178			AABS01000178.1	
ci1:Scaffold_1780	Scaffold_1780			AABS01001746.1	
ci1:Scaffold_1781	Scaffold_1781			AABS01001747.1	
ci1:Scaffold_1782	Scaffold_1782			AABS01001748.1	
ci1:Scaffold_1783	Scaffold_1783			AABS01001749.1	
ci1:Scaffold_1784	Scaffold_1784			AABS01001750.1	
ci1:Scaffold_1785	Scaffold_1785			AABS01001751.1	
ci1:Scaffold_1786	Scaffold_1786			AABS01001752.1	
ci1:Scaffold_1787	Scaffold_1787			AABS01001753.1	
ci1:Scaffold_1788	Scaffold_1788			AABS01001754.1	
ci1:Scaffold_1789	Scaffold_1789			AABS01001755.1	
ci1:Scaffold_179	Scaffold_179			AABS01000179.1	
ci1:Scaffold_1790	Scaffold_1790			AABS01001756.1	
ci1:Scaffold_1791	Scaffold_1791			AABS01001757.1	
ci1:Scaffold_1792	Scaffold_1792			AABS01001758.1	
ci1:Scaffold_1793	Scaffold_1793			AABS01001759.1	
ci1:Scaffold_1794	Scaffold_1794			AABS01001760.1	
ci1:Scaffold_1795	Scaffold_1795			AABS01001761.1	
ci1:Scaffold_1796	Scaffold_1796			AABS01001762.1	
ci1:Scaffold_1797	Scaffold_1797			AABS01001763.1	
ci1:Scaffold_1798	Scaffold_1798			AABS01001906.1	
ci1:Scaffold_1799	Scaffold_1799			AABS01001764.1	
ci1:Scaffold_18	Scaffold_18			AABS01000018.1	
ci1:Scaffold_180	Scaffold_180			AABS01000180.1	
ci1:Scaffold_1800	Scaffold_1800			AABS01001765.1	
ci1:Scaffold_1801	Scaffold_1801			AABS01001766.1	
ci1:Scaffold_1802	Scaffold_1802			AABS01001907.1	
ci1:Scaffold_1803	Scaffold_1803			AABS01001767.1	
ci1:Scaffold_1804	Scaffold_1804			AABS01001768.1	
ci1:Scaffold_1805	Scaffold_1805			AABS01001769.1	
ci1:Scaffold_1806	Scaffold_1806			AABS01001770.1	
ci1:Scaffold_1807	Scaffold_1807			AABS01001771.1	
ci1:Scaffold_1808	Scaffold_1808			AABS01001772.1	
ci1:Scaffold_1809	Scaffold_1809			AABS01001773.1	
ci1:Scaffold_181	Scaffold_181			AABS01000181.1	
ci1:Scaffold_1810	Scaffold_1810			AABS01001908.1	
ci1:Scaffold_1811	Scaffold_1811			AABS01001774.1	
ci1:Scaffold_1812	Scaffold_1812			AABS01001775.1	
ci1:Scaffold_1813	Scaffold_1813			AABS01001776.1	
ci1:Scaffold_1814	Scaffold_1814			AABS01001777.1	
ci1:Scaffold_1815	Scaffold_1815			AABS01001778.1	
ci1:Scaffold_1816	Scaffold_1816			AABS01001779.1	
ci1:Scaffold_1817	Scaffold_1817			AABS01001780.1	
ci1:Scaffold_1818	Scaffold_1818			AABS01001781.1	
ci1:Scaffold_1819	Scaffold_1819			AABS01001782.1	
ci1:Scaffold_182	Scaffold_182			AABS01000182.1	
ci1:Scaffold_1820	Scaffold_1820			AABS01001783.1	
ci1:Scaffold_1821	Scaffold_1821			AABS01001784.1	
ci1:Scaffold_1822	Scaffold_1822			AABS01001785.1	
ci1:Scaffold_1823	Scaffold_1823			AABS01001786.1	
ci1:Scaffold_1824	Scaffold_1824			AABS01001909.1	
ci1:Scaffold_1825	Scaffold_1825			AABS01001787.1	
ci1:Scaffold_1826	Scaffold_1826			AABS01001788.1	
ci1:Scaffold_1827	Scaffold_1827			AABS01001789.1	
ci1:Scaffold_1828	Scaffold_1828			AABS01001790.1	
ci1:Scaffold_1829	Scaffold_1829			AABS01001791.1	
ci1:Scaffold_183	Scaffold_183			AABS01000183.1	
ci1:Scaffold_1830	Scaffold_1830			AABS01001792.1	
ci1:Scaffold_1831	Scaffold_1831			AABS01001793.1	
ci1:Scaffold_1832	Scaffold_1832			AABS01001794.1	
ci1:Scaffold_1833	Scaffold_1833			AABS01001795.1	
ci1:Scaffold_1834	Scaffold_1834			AABS01001796.1	
ci1:Scaffold_1835	Scaffold_1835			AABS01001797.1	
ci1:Scaffold_1836	Scaffold_1836			AABS01001798.1	
ci1:Scaffold_1837	Scaffold_1837			AABS01001910.1	
ci1:Scaffold_1838	Scaffold_1838			AABS01001799.1	
ci1:Scaffold_1839	Scaffold_1839			AABS01001800.1	
ci1:Scaffold_184	Scaffold_184			AABS01000184.1	
ci1:Scaffold_1840	Scaffold_1840			AABS01001801.1	
ci1:Scaffold_1841	Scaffold_1841			AABS01001802.1	
ci1:Scaffold_1842	Scaffold_1842			AABS01001803.1	
ci1:Scaffold_1843	Scaffold_1843			AABS01001804.1	
ci1:Scaffold_1844	Scaffold_1844			AABS01001805.1	
ci1:Scaffold_1845	Scaffold_1845			AABS01001806.1	
ci1:Scaffold_1846	Scaffold_1846			AABS01001807.1	
ci1:Scaffold_1847	Scaffold_1847			AABS01001808.1	
ci1:Scaffold_1848	Scaffold_1848			AABS01001809.1	
ci1:Scaffold_1849	Scaffold_1849			AABS01001810.1	
ci1:Scaffold_185	Scaffold_185			AABS01000185.1	
ci1:Scaffold_1850	Scaffold_1850			AABS01001811.1	
ci1:Scaffold_1851	Scaffold_1851			AABS01001812.1	
ci1:Scaffold_1852	Scaffold_1852			AABS01001813.1	
ci1:Scaffold_1853	Scaffold_1853			AABS01001814.1	
ci1:Scaffold_1854	Scaffold_1854			AABS01001815.1	
ci1:Scaffold_1855	Scaffold_1855			AABS01001816.1	
ci1:Scaffold_1856	Scaffold_1856			AABS01001817.1	
ci1:Scaffold_1857	Scaffold_1857			AABS01001818.1	
ci1:Scaffold_1858	Scaffold_1858			AABS01001819.1	
ci1:Scaffold_1859	Scaffold_1859			AABS01001820.1	
ci1:Scaffold_186	Scaffold_186			AABS01000186.1	
ci1:Scaffold_1860	Scaffold_1860			AABS01001821.1	
ci1:Scaffold_1861	Scaffold_1861			AABS01001822.1	
ci1:Scaffold_1862	Scaffold_1862			AABS01001823.1	
ci1:Scaffold_1863	Scaffold_1863			AABS01001824.1	
ci1:Scaffold_1864	Scaffold_1864			AABS01001825.1	
ci1:Scaffold_1865	Scaffold_1865			AABS01001826.1	
ci1:Scaffold_1866	Scaffold_1866			AABS01001827.1	
ci1:Scaffold_1867	Scaffold_1867			AABS01001828.1	
ci1:Scaffold_1868	Scaffold_1868			AABS01001829.1	
ci1:Scaffold_1869	Scaffold_1869			AABS01001830.1	
ci1:Scaffold_187	Scaffold_187			AABS01000187.1	
ci1:Scaffold_1870	Scaffold_1870			AABS01001831.1	
ci1:Scaffold_1871	Scaffold_1871			AABS01001832.1	
ci1:Scaffold_1872	Scaffold_1872			AABS01001833.1	
ci1:Scaffold_1873	Scaffold_1873			AABS01001834.1	
ci1:Scaffold_1874	Scaffold_1874			AABS01001835.1	
ci1:Scaffold_1875	Scaffold_1875			AABS01001836.1	
ci1:Scaffold_1876	Scaffold_1876			AABS01001837.1	
ci1:Scaffold_1877	Scaffold_1877			AABS01001838.1	
ci1:Scaffold_1878	Scaffold_1878			AABS01001839.1	
ci1:Scaffold_1879	Scaffold_1879			AABS01001840.1	
ci1:Scaffold_188	Scaffold_188			AABS01000188.1	
ci1:Scaffold_1880	Scaffold_1880			AABS01001841.1	
ci1:Scaffold_1881	Scaffold_1881			AABS01001842.1	
ci1:Scaffold_1882	Scaffold_1882			AABS01001843.1	
ci1:Scaffold_1883	Scaffold_1883			AABS01001844.1	
ci1:Scaffold_1884	Scaffold_1884			AABS01001845.1	
ci1:Scaffold_1885	Scaffold_1885			AABS01001846.1	
ci1:Scaffold_1886	Scaffold_1886			AABS01001911.1	
ci1:Scaffold_1887	Scaffold_1887			AABS01001847.1	
ci1:Scaffold_1888	Scaffold_1888			AABS01001848.1	
ci1:Scaffold_1889	Scaffold_1889			AABS01001849.1	
ci1:Scaffold_189	Scaffold_189			AABS01000189.1	
ci1:Scaffold_1890	Scaffold_1890			AABS01001850.1	
ci1:Scaffold_1891	Scaffold_1891			AABS01001851.1	
ci1:Scaffold_1892	Scaffold_1892			AABS01001852.1	
ci1:Scaffold_1893	Scaffold_1893			AABS01001853.1	
ci1:Scaffold_1894	Scaffold_1894			AABS01001912.1	
ci1:Scaffold_1895	Scaffold_1895			AABS01001854.1	
ci1:Scaffold_1896	Scaffold_1896			AABS01001855.1	
ci1:Scaffold_1897	Scaffold_1897			AABS01001856.1	
ci1:Scaffold_1898	Scaffold_1898			AABS01001857.1	
ci1:Scaffold_19	Scaffold_19			AABS01000019.1	
ci1:Scaffold_190	Scaffold_190			AABS01000190.1	
ci1:Scaffold_1900	Scaffold_1900			AABS01001913.1	
ci1:Scaffold_1901	Scaffold_1901			AABS01001914.1	
ci1:Scaffold_1902	Scaffold_1902			AABS01001858.1	
ci1:Scaffold_1903	Scaffold_1903			AABS01001859.1	
ci1:Scaffold_1904	Scaffold_1904			AABS01001860.1	
ci1:Scaffold_1905	Scaffold_1905			AABS01001861.1	
ci1:Scaffold_1906	Scaffold_1906			AABS01001862.1	
ci1:Scaffold_1907	Scaffold_1907			AABS01001863.1	
ci1:Scaffold_1908	Scaffold_1908			AABS01001915.1	
ci1:Scaffold_1909	Scaffold_1909			AABS01001864.1	
ci1:Scaffold_191	Scaffold_191			AABS01000191.1	
ci1:Scaffold_1910	Scaffold_1910			AABS01001865.1	
ci1:Scaffold_1911	Scaffold_1911			AABS01001866.1	
ci1:Scaffold_1912	Scaffold_1912			AABS01001867.1	
ci1:Scaffold_1913	Scaffold_1913			AABS01001916.1	
ci1:Scaffold_1914	Scaffold_1914			AABS01001868.1	
ci1:Scaffold_1915	Scaffold_1915			AABS01001869.1	
ci1:Scaffold_1916	Scaffold_1916			AABS01001870.1	
ci1:Scaffold_1917	Scaffold_1917			AABS01001871.1	
ci1:Scaffold_1918	Scaffold_1918			AABS01001872.1	
ci1:Scaffold_1919	Scaffold_1919			AABS01001917.1	
ci1:Scaffold_192	Scaffold_192			AABS01000192.1	
ci1:Scaffold_1920	Scaffold_1920			AABS01001873.1	
ci1:Scaffold_1921	Scaffold_1921			AABS01001918.1	
ci1:Scaffold_1922	Scaffold_1922			AABS01001874.1	
ci1:Scaffold_1923	Scaffold_1923			AABS01001875.1	
ci1:Scaffold_1924	Scaffold_1924			AABS01001876.1	
ci1:Scaffold_1925	Scaffold_1925			AABS01001877.1	
ci1:Scaffold_1926	Scaffold_1926			AABS01001919.1	
ci1:Scaffold_1927	Scaffold_1927			AABS01001878.1	
ci1:Scaffold_1928	Scaffold_1928			AABS01001920.1	
ci1:Scaffold_1929	Scaffold_1929			AABS01001879.1	
ci1:Scaffold_193	Scaffold_193			AABS01000193.1	
ci1:Scaffold_1930	Scaffold_1930			AABS01001921.1	
ci1:Scaffold_1931	Scaffold_1931			AABS01001922.1	
ci1:Scaffold_1932	Scaffold_1932			AABS01001923.1	
ci1:Scaffold_1933	Scaffold_1933			AABS01001924.1	
ci1:Scaffold_1934	Scaffold_1934			AABS01001925.1	
ci1:Scaffold_1935	Scaffold_1935			AABS01001926.1	
ci1:Scaffold_1936	Scaffold_1936			AABS01001927.1	
ci1:Scaffold_1937	Scaffold_1937			AABS01001880.1	
ci1:Scaffold_1938	Scaffold_1938			AABS01001928.1	
ci1:Scaffold_1939	Scaffold_1939			AABS01001929.1	
ci1:Scaffold_194	Scaffold_194			AABS01000194.1	
ci1:Scaffold_1940	Scaffold_1940			AABS01001930.1	
ci1:Scaffold_1941	Scaffold_1941			AABS01001881.1	
ci1:Scaffold_1942	Scaffold_1942			AABS01001931.1	
ci1:Scaffold_1943	Scaffold_1943			AABS01001932.1	
ci1:Scaffold_1944	Scaffold_1944			AABS01001933.1	
ci1:Scaffold_1945	Scaffold_1945			AABS01001882.1	
ci1:Scaffold_1946	Scaffold_1946			AABS01001934.1	
ci1:Scaffold_1947	Scaffold_1947			AABS01001935.1	
ci1:Scaffold_1948	Scaffold_1948			AABS01001936.1	
ci1:Scaffold_1949	Scaffold_1949			AABS01001937.1	
ci1:Scaffold_195	Scaffold_195			AABS01000195.1	
ci1:Scaffold_1950	Scaffold_1950			AABS01001938.1	
ci1:Scaffold_1951	Scaffold_1951			AABS01001939.1	
ci1:Scaffold_1952	Scaffold_1952			AABS01001940.1	
ci1:Scaffold_1953	Scaffold_1953			AABS01001941.1	
ci1:Scaffold_1954	Scaffold_1954			AABS01001942.1	
ci1:Scaffold_1955	Scaffold_1955			AABS01001943.1	
ci1:Scaffold_1956	Scaffold_1956			AABS01001944.1	
ci1:Scaffold_1957	Scaffold_1957			AABS01001945.1	
ci1:Scaffold_1958	Scaffold_1958			AABS01001946.1	
ci1:Scaffold_1959	Scaffold_1959			AABS01001947.1	
ci1:Scaffold_196	Scaffold_196			AABS01000196.1	
ci1:Scaffold_1961	Scaffold_1961			AABS01001948.1	
ci1:Scaffold_1962	Scaffold_1962			AABS01001883.1	
ci1:Scaffold_1963	Scaffold_1963			AABS01001949.1	
ci1:Scaffold_1964	Scaffold_1964			AABS01001950.1	
ci1:Scaffold_1965	Scaffold_1965			AABS01001884.1	
ci1:Scaffold_1966	Scaffold_1966			AABS01001951.1	
ci1:Scaffold_1967	Scaffold_1967			AABS01001952.1	
ci1:Scaffold_1968	Scaffold_1968			AABS01001953.1	
ci1:Scaffold_1969	Scaffold_1969			AABS01001954.1	
ci1:Scaffold_197	Scaffold_197			AABS01000197.1	
ci1:Scaffold_1970	Scaffold_1970			AABS01001955.1	
ci1:Scaffold_1971	Scaffold_1971			AABS01001956.1	
ci1:Scaffold_1972	Scaffold_1972			AABS01001957.1	
ci1:Scaffold_1973	Scaffold_1973			AABS01001958.1	
ci1:Scaffold_1974	Scaffold_1974			AABS01001885.1	
ci1:Scaffold_1975	Scaffold_1975			AABS01001959.1	
ci1:Scaffold_1976	Scaffold_1976			AABS01001960.1	
ci1:Scaffold_1977	Scaffold_1977			AABS01001961.1	
ci1:Scaffold_1978	Scaffold_1978			AABS01001962.1	
ci1:Scaffold_1979	Scaffold_1979			AABS01001963.1	
ci1:Scaffold_198	Scaffold_198			AABS01000198.1	
ci1:Scaffold_1980	Scaffold_1980			AABS01001964.1	
ci1:Scaffold_1981	Scaffold_1981			AABS01001965.1	
ci1:Scaffold_1982	Scaffold_1982			AABS01001966.1	
ci1:Scaffold_1983	Scaffold_1983			AABS01001967.1	
ci1:Scaffold_1984	Scaffold_1984			AABS01001968.1	
ci1:Scaffold_1985	Scaffold_1985			AABS01001969.1	
ci1:Scaffold_1986	Scaffold_1986			AABS01001970.1	
ci1:Scaffold_1987	Scaffold_1987			AABS01001886.1	
ci1:Scaffold_1988	Scaffold_1988			AABS01001887.1	
ci1:Scaffold_199	Scaffold_199			AABS01000199.1	
ci1:Scaffold_1990	Scaffold_1990			AABS01001971.1	
ci1:Scaffold_1991	Scaffold_1991			AABS01001972.1	
ci1:Scaffold_1992	Scaffold_1992			AABS01001973.1	
ci1:Scaffold_1993	Scaffold_1993			AABS01001974.1	
ci1:Scaffold_1994	Scaffold_1994			AABS01001975.1	
ci1:Scaffold_1995	Scaffold_1995			AABS01001976.1	
ci1:Scaffold_1996	Scaffold_1996			AABS01001977.1	
ci1:Scaffold_1997	Scaffold_1997			AABS01001978.1	
ci1:Scaffold_1998	Scaffold_1998			AABS01001979.1	
ci1:Scaffold_1999	Scaffold_1999			AABS01001888.1	
ci1:Scaffold_2	Scaffold_2			AABS01000002.1	
ci1:Scaffold_20	Scaffold_20			AABS01000020.1	
ci1:Scaffold_200	Scaffold_200			AABS01000200.1	
ci1:Scaffold_2000	Scaffold_2000			AABS01001980.1	
ci1:Scaffold_2001	Scaffold_2001			AABS01001981.1	
ci1:Scaffold_2002	Scaffold_2002			AABS01001982.1	
ci1:Scaffold_2003	Scaffold_2003			AABS01001983.1	
ci1:Scaffold_2004	Scaffold_2004			AABS01001984.1	
ci1:Scaffold_2005	Scaffold_2005			AABS01001985.1	
ci1:Scaffold_2006	Scaffold_2006			AABS01001986.1	
ci1:Scaffold_2007	Scaffold_2007			AABS01001987.1	
ci1:Scaffold_2008	Scaffold_2008			AABS01001988.1	
ci1:Scaffold_2009	Scaffold_2009			AABS01001989.1	
ci1:Scaffold_201	Scaffold_201			AABS01000201.1	
ci1:Scaffold_2010	Scaffold_2010			AABS01001990.1	
ci1:Scaffold_2011	Scaffold_2011			AABS01001991.1	
ci1:Scaffold_2012	Scaffold_2012			AABS01001992.1	
ci1:Scaffold_2013	Scaffold_2013			AABS01001993.1	
ci1:Scaffold_2014	Scaffold_2014			AABS01001994.1	
ci1:Scaffold_2015	Scaffold_2015			AABS01001889.1	
ci1:Scaffold_2017	Scaffold_2017			AABS01001995.1	
ci1:Scaffold_2018	Scaffold_2018			AABS01001890.1	
ci1:Scaffold_2019	Scaffold_2019			AABS01001996.1	
ci1:Scaffold_202	Scaffold_202			AABS01000202.1	
ci1:Scaffold_2020	Scaffold_2020			AABS01001891.1	
ci1:Scaffold_2021	Scaffold_2021			AABS01001997.1	
ci1:Scaffold_2022	Scaffold_2022			AABS01001998.1	
ci1:Scaffold_2023	Scaffold_2023			AABS01001999.1	
ci1:Scaffold_2024	Scaffold_2024			AABS01002000.1	
ci1:Scaffold_2025	Scaffold_2025			AABS01002001.1	
ci1:Scaffold_2026	Scaffold_2026			AABS01002002.1	
ci1:Scaffold_2027	Scaffold_2027			AABS01002003.1	
ci1:Scaffold_2028	Scaffold_2028			AABS01001892.1	
ci1:Scaffold_2029	Scaffold_2029			AABS01002004.1	
ci1:Scaffold_203	Scaffold_203			AABS01000203.1	
ci1:Scaffold_2030	Scaffold_2030			AABS01002005.1	
ci1:Scaffold_2031	Scaffold_2031			AABS01002006.1	
ci1:Scaffold_2032	Scaffold_2032			AABS01002007.1	
ci1:Scaffold_2033	Scaffold_2033			AABS01002008.1	
ci1:Scaffold_2034	Scaffold_2034			AABS01002009.1	
ci1:Scaffold_2035	Scaffold_2035			AABS01002010.1	
ci1:Scaffold_2036	Scaffold_2036			AABS01002011.1	
ci1:Scaffold_2037	Scaffold_2037			AABS01002012.1	
ci1:Scaffold_2038	Scaffold_2038			AABS01002013.1	
ci1:Scaffold_2039	Scaffold_2039			AABS01001893.1	
ci1:Scaffold_204	Scaffold_204			AABS01000204.1	
ci1:Scaffold_2040	Scaffold_2040			AABS01002014.1	
ci1:Scaffold_2041	Scaffold_2041			AABS01002015.1	
ci1:Scaffold_2042	Scaffold_2042			AABS01002016.1	
ci1:Scaffold_2043	Scaffold_2043			AABS01002017.1	
ci1:Scaffold_2044	Scaffold_2044			AABS01002018.1	
ci1:Scaffold_2045	Scaffold_2045			AABS01002019.1	
ci1:Scaffold_2047	Scaffold_2047			AABS01002020.1	
ci1:Scaffold_2048	Scaffold_2048			AABS01002021.1	
ci1:Scaffold_2049	Scaffold_2049			AABS01002022.1	
ci1:Scaffold_205	Scaffold_205			AABS01000205.1	
ci1:Scaffold_2050	Scaffold_2050			AABS01002023.1	
ci1:Scaffold_2051	Scaffold_2051			AABS01002024.1	
ci1:Scaffold_2053	Scaffold_2053			AABS01002025.1	
ci1:Scaffold_2054	Scaffold_2054			AABS01002026.1	
ci1:Scaffold_2055	Scaffold_2055			AABS01002027.1	
ci1:Scaffold_2056	Scaffold_2056			AABS01002028.1	
ci1:Scaffold_2057	Scaffold_2057			AABS01002029.1	
ci1:Scaffold_2058	Scaffold_2058			AABS01002030.1	
ci1:Scaffold_206	Scaffold_206			AABS01000206.1	
ci1:Scaffold_2060	Scaffold_2060			AABS01002031.1	
ci1:Scaffold_2061	Scaffold_2061			AABS01002032.1	
ci1:Scaffold_2062	Scaffold_2062			AABS01002033.1	
ci1:Scaffold_2064	Scaffold_2064			AABS01002034.1	
ci1:Scaffold_2065	Scaffold_2065			AABS01002035.1	
ci1:Scaffold_2066	Scaffold_2066			AABS01002036.1	
ci1:Scaffold_2067	Scaffold_2067			AABS01002037.1	
ci1:Scaffold_2068	Scaffold_2068			AABS01002038.1	
ci1:Scaffold_2069	Scaffold_2069			AABS01002039.1	
ci1:Scaffold_207	Scaffold_207			AABS01000207.1	
ci1:Scaffold_2070	Scaffold_2070			AABS01001894.1	
ci1:Scaffold_2071	Scaffold_2071			AABS01002040.1	
ci1:Scaffold_2072	Scaffold_2072			AABS01002041.1	
ci1:Scaffold_2073	Scaffold_2073			AABS01002042.1	
ci1:Scaffold_2074	Scaffold_2074			AABS01002043.1	
ci1:Scaffold_2075	Scaffold_2075			AABS01002044.1	
ci1:Scaffold_2076	Scaffold_2076			AABS01002045.1	
ci1:Scaffold_2077	Scaffold_2077			AABS01002046.1	
ci1:Scaffold_2078	Scaffold_2078			AABS01002047.1	
ci1:Scaffold_2079	Scaffold_2079			AABS01002048.1	
ci1:Scaffold_208	Scaffold_208			AABS01000208.1	
ci1:Scaffold_2080	Scaffold_2080			AABS01002049.1	
ci1:Scaffold_2081	Scaffold_2081			AABS01002050.1	
ci1:Scaffold_2082	Scaffold_2082			AABS01002051.1	
ci1:Scaffold_2083	Scaffold_2083			AABS01002052.1	
ci1:Scaffold_2084	Scaffold_2084			AABS01001895.1	
ci1:Scaffold_2085	Scaffold_2085			AABS01002053.1	
ci1:Scaffold_2086	Scaffold_2086			AABS01002054.1	
ci1:Scaffold_2087	Scaffold_2087			AABS01002055.1	
ci1:Scaffold_2088	Scaffold_2088			AABS01002056.1	
ci1:Scaffold_2089	Scaffold_2089			AABS01002057.1	
ci1:Scaffold_209	Scaffold_209			AABS01000209.1	
ci1:Scaffold_2091	Scaffold_2091			AABS01002058.1	
ci1:Scaffold_2092	Scaffold_2092			AABS01002059.1	
ci1:Scaffold_2093	Scaffold_2093			AABS01002060.1	
ci1:Scaffold_2094	Scaffold_2094			AABS01002061.1	
ci1:Scaffold_2095	Scaffold_2095			AABS01002062.1	
ci1:Scaffold_2096	Scaffold_2096			AABS01002063.1	
ci1:Scaffold_2097	Scaffold_2097			AABS01002064.1	
ci1:Scaffold_2098	Scaffold_2098			AABS01002065.1	
ci1:Scaffold_2099	Scaffold_2099			AABS01002066.1	
ci1:Scaffold_21	Scaffold_21			AABS01000021.1	
ci1:Scaffold_210	Scaffold_210			AABS01000210.1	
ci1:Scaffold_2100	Scaffold_2100			AABS01002067.1	
ci1:Scaffold_2101	Scaffold_2101			AABS01002068.1	
ci1:Scaffold_2102	Scaffold_2102			AABS01002069.1	
ci1:Scaffold_2103	Scaffold_2103			AABS01002070.1	
ci1:Scaffold_2104	Scaffold_2104			AABS01002071.1	
ci1:Scaffold_2105	Scaffold_2105			AABS01002072.1	
ci1:Scaffold_2106	Scaffold_2106			AABS01002073.1	
ci1:Scaffold_2107	Scaffold_2107			AABS01002074.1	
ci1:Scaffold_2108	Scaffold_2108			AABS01002075.1	
ci1:Scaffold_2109	Scaffold_2109			AABS01002076.1	
ci1:Scaffold_211	Scaffold_211			AABS01000211.1	
ci1:Scaffold_2110	Scaffold_2110			AABS01002077.1	
ci1:Scaffold_2111	Scaffold_2111			AABS01002078.1	
ci1:Scaffold_2112	Scaffold_2112			AABS01002079.1	
ci1:Scaffold_2113	Scaffold_2113			AABS01002080.1	
ci1:Scaffold_2114	Scaffold_2114			AABS01002081.1	
ci1:Scaffold_2115	Scaffold_2115			AABS01002082.1	
ci1:Scaffold_2116	Scaffold_2116			AABS01002083.1	
ci1:Scaffold_2117	Scaffold_2117			AABS01002084.1	
ci1:Scaffold_2118	Scaffold_2118			AABS01002085.1	
ci1:Scaffold_2119	Scaffold_2119			AABS01002086.1	
ci1:Scaffold_212	Scaffold_212			AABS01000212.1	
ci1:Scaffold_2121	Scaffold_2121			AABS01002087.1	
ci1:Scaffold_2122	Scaffold_2122			AABS01002088.1	
ci1:Scaffold_2124	Scaffold_2124			AABS01002089.1	
ci1:Scaffold_2125	Scaffold_2125			AABS01002090.1	
ci1:Scaffold_2126	Scaffold_2126			AABS01002091.1	
ci1:Scaffold_2127	Scaffold_2127			AABS01002092.1	
ci1:Scaffold_2128	Scaffold_2128			AABS01002093.1	
ci1:Scaffold_2129	Scaffold_2129			AABS01002094.1	
ci1:Scaffold_213	Scaffold_213			AABS01000213.1	
ci1:Scaffold_2130	Scaffold_2130			AABS01002095.1	
ci1:Scaffold_2131	Scaffold_2131			AABS01002096.1	
ci1:Scaffold_2132	Scaffold_2132			AABS01002097.1	
ci1:Scaffold_2133	Scaffold_2133			AABS01002098.1	
ci1:Scaffold_2134	Scaffold_2134			AABS01001896.1	
ci1:Scaffold_2135	Scaffold_2135			AABS01002099.1	
ci1:Scaffold_2136	Scaffold_2136			AABS01002100.1	
ci1:Scaffold_2137	Scaffold_2137			AABS01002101.1	
ci1:Scaffold_2138	Scaffold_2138			AABS01002102.1	
ci1:Scaffold_2139	Scaffold_2139			AABS01002103.1	
ci1:Scaffold_214	Scaffold_214			AABS01000214.1	
ci1:Scaffold_2140	Scaffold_2140			AABS01002104.1	
ci1:Scaffold_2142	Scaffold_2142			AABS01002105.1	
ci1:Scaffold_2143	Scaffold_2143			AABS01002106.1	
ci1:Scaffold_2144	Scaffold_2144			AABS01001897.1	
ci1:Scaffold_2145	Scaffold_2145			AABS01002107.1	
ci1:Scaffold_2146	Scaffold_2146			AABS01002108.1	
ci1:Scaffold_2147	Scaffold_2147			AABS01002109.1	
ci1:Scaffold_2148	Scaffold_2148			AABS01002110.1	
ci1:Scaffold_2149	Scaffold_2149			AABS01002111.1	
ci1:Scaffold_215	Scaffold_215			AABS01000215.1	
ci1:Scaffold_2150	Scaffold_2150			AABS01002112.1	
ci1:Scaffold_2151	Scaffold_2151			AABS01001898.1	
ci1:Scaffold_2152	Scaffold_2152			AABS01002113.1	
ci1:Scaffold_2153	Scaffold_2153			AABS01002114.1	
ci1:Scaffold_2154	Scaffold_2154			AABS01002115.1	
ci1:Scaffold_2155	Scaffold_2155			AABS01002116.1	
ci1:Scaffold_2156	Scaffold_2156			AABS01002117.1	
ci1:Scaffold_2158	Scaffold_2158			AABS01002118.1	
ci1:Scaffold_2159	Scaffold_2159			AABS01002119.1	
ci1:Scaffold_216	Scaffold_216			AABS01000216.1	
ci1:Scaffold_2160	Scaffold_2160			AABS01002120.1	
ci1:Scaffold_2161	Scaffold_2161			AABS01002121.1	
ci1:Scaffold_2162	Scaffold_2162			AABS01001899.1	
ci1:Scaffold_2163	Scaffold_2163			AABS01002122.1	
ci1:Scaffold_2166	Scaffold_2166			AABS01002123.1	
ci1:Scaffold_2167	Scaffold_2167			AABS01002124.1	
ci1:Scaffold_2168	Scaffold_2168			AABS01002125.1	
ci1:Scaffold_2169	Scaffold_2169			AABS01002126.1	
ci1:Scaffold_217	Scaffold_217			AABS01000217.1	
ci1:Scaffold_2170	Scaffold_2170			AABS01002127.1	
ci1:Scaffold_2173	Scaffold_2173			AABS01002128.1	
ci1:Scaffold_2174	Scaffold_2174			AABS01002129.1	
ci1:Scaffold_2175	Scaffold_2175			AABS01002130.1	
ci1:Scaffold_2176	Scaffold_2176			AABS01002131.1	
ci1:Scaffold_2177	Scaffold_2177			AABS01002132.1	
ci1:Scaffold_2178	Scaffold_2178			AABS01002133.1	
ci1:Scaffold_2179	Scaffold_2179			AABS01002134.1	
ci1:Scaffold_218	Scaffold_218			AABS01000218.1	
ci1:Scaffold_2180	Scaffold_2180			AABS01002135.1	
ci1:Scaffold_2181	Scaffold_2181			AABS01002136.1	
ci1:Scaffold_2182	Scaffold_2182			AABS01002137.1	
ci1:Scaffold_2183	Scaffold_2183			AABS01002138.1	
ci1:Scaffold_2184	Scaffold_2184			AABS01002139.1	
ci1:Scaffold_2185	Scaffold_2185			AABS01002140.1	
ci1:Scaffold_2187	Scaffold_2187			AABS01002141.1	
ci1:Scaffold_2188	Scaffold_2188			AABS01002142.1	
ci1:Scaffold_2189	Scaffold_2189			AABS01002143.1	
ci1:Scaffold_219	Scaffold_219			AABS01000219.1	
ci1:Scaffold_2190	Scaffold_2190			AABS01002144.1	
ci1:Scaffold_2191	Scaffold_2191			AABS01002145.1	
ci1:Scaffold_2192	Scaffold_2192			AABS01002146.1	
ci1:Scaffold_2194	Scaffold_2194			AABS01002147.1	
ci1:Scaffold_2195	Scaffold_2195			AABS01001900.1	
ci1:Scaffold_2196	Scaffold_2196			AABS01002148.1	
ci1:Scaffold_2197	Scaffold_2197			AABS01002149.1	
ci1:Scaffold_22	Scaffold_22			AABS01000022.1	
ci1:Scaffold_220	Scaffold_220			AABS01000220.1	
ci1:Scaffold_2200	Scaffold_2200			AABS01002150.1	
ci1:Scaffold_2201	Scaffold_2201			AABS01002151.1	
ci1:Scaffold_2204	Scaffold_2204			AABS01002152.1	
ci1:Scaffold_2205	Scaffold_2205			AABS01001901.1	
ci1:Scaffold_2206	Scaffold_2206			AABS01002153.1	
ci1:Scaffold_2207	Scaffold_2207			AABS01002154.1	
ci1:Scaffold_2209	Scaffold_2209			AABS01002155.1	
ci1:Scaffold_221	Scaffold_221			AABS01000221.1	
ci1:Scaffold_2210	Scaffold_2210			AABS01002156.1	
ci1:Scaffold_2211	Scaffold_2211			AABS01002157.1	
ci1:Scaffold_2212	Scaffold_2212			AABS01002158.1	
ci1:Scaffold_2213	Scaffold_2213			AABS01002159.1	
ci1:Scaffold_2214	Scaffold_2214			AABS01002160.1	
ci1:Scaffold_2215	Scaffold_2215			AABS01002161.1	
ci1:Scaffold_2216	Scaffold_2216			AABS01002162.1	
ci1:Scaffold_2218	Scaffold_2218			AABS01002163.1	
ci1:Scaffold_222	Scaffold_222			AABS01000222.1	
ci1:Scaffold_2220	Scaffold_2220			AABS01002164.1	
ci1:Scaffold_2221	Scaffold_2221			AABS01002165.1	
ci1:Scaffold_2224	Scaffold_2224			AABS01002166.1	
ci1:Scaffold_2225	Scaffold_2225			AABS01002167.1	
ci1:Scaffold_2226	Scaffold_2226			AABS01002168.1	
ci1:Scaffold_2227	Scaffold_2227			AABS01002169.1	
ci1:Scaffold_2228	Scaffold_2228			AABS01002170.1	
ci1:Scaffold_223	Scaffold_223			AABS01000223.1	
ci1:Scaffold_2230	Scaffold_2230			AABS01002171.1	
ci1:Scaffold_2231	Scaffold_2231			AABS01002172.1	
ci1:Scaffold_2232	Scaffold_2232			AABS01002173.1	
ci1:Scaffold_2234	Scaffold_2234			AABS01002174.1	
ci1:Scaffold_2235	Scaffold_2235			AABS01002175.1	
ci1:Scaffold_2236	Scaffold_2236			AABS01002176.1	
ci1:Scaffold_2237	Scaffold_2237			AABS01002177.1	
ci1:Scaffold_2238	Scaffold_2238			AABS01002178.1	
ci1:Scaffold_224	Scaffold_224			AABS01000224.1	
ci1:Scaffold_2240	Scaffold_2240			AABS01002179.1	
ci1:Scaffold_2241	Scaffold_2241			AABS01002180.1	
ci1:Scaffold_2242	Scaffold_2242			AABS01002181.1	
ci1:Scaffold_2243	Scaffold_2243			AABS01002182.1	
ci1:Scaffold_2244	Scaffold_2244			AABS01002183.1	
ci1:Scaffold_2245	Scaffold_2245			AABS01002184.1	
ci1:Scaffold_2246	Scaffold_2246			AABS01002185.1	
ci1:Scaffold_2247	Scaffold_2247			AABS01002186.1	
ci1:Scaffold_2248	Scaffold_2248			AABS01002187.1	
ci1:Scaffold_2249	Scaffold_2249			AABS01002188.1	
ci1:Scaffold_225	Scaffold_225			AABS01000225.1	
ci1:Scaffold_2250	Scaffold_2250			AABS01002189.1	
ci1:Scaffold_2251	Scaffold_2251			AABS01002190.1	
ci1:Scaffold_2252	Scaffold_2252			AABS01002191.1	
ci1:Scaffold_2253	Scaffold_2253			AABS01002192.1	
ci1:Scaffold_2254	Scaffold_2254			AABS01002193.1	
ci1:Scaffold_2255	Scaffold_2255			AABS01002194.1	
ci1:Scaffold_2256	Scaffold_2256			AABS01002195.1	
ci1:Scaffold_226	Scaffold_226			AABS01000226.1	
ci1:Scaffold_2260	Scaffold_2260			AABS01002196.1	
ci1:Scaffold_2261	Scaffold_2261			AABS01002197.1	
ci1:Scaffold_2262	Scaffold_2262			AABS01002198.1	
ci1:Scaffold_2263	Scaffold_2263			AABS01002199.1	
ci1:Scaffold_2264	Scaffold_2264			AABS01002200.1	
ci1:Scaffold_2267	Scaffold_2267			AABS01002201.1	
ci1:Scaffold_2268	Scaffold_2268			AABS01002202.1	
ci1:Scaffold_2269	Scaffold_2269			AABS01002203.1	
ci1:Scaffold_227	Scaffold_227			AABS01000227.1	
ci1:Scaffold_2270	Scaffold_2270			AABS01002204.1	
ci1:Scaffold_2271	Scaffold_2271			AABS01002205.1	
ci1:Scaffold_2272	Scaffold_2272			AABS01002206.1	
ci1:Scaffold_2274	Scaffold_2274			AABS01002207.1	
ci1:Scaffold_2275	Scaffold_2275			AABS01002208.1	
ci1:Scaffold_2277	Scaffold_2277			AABS01002209.1	
ci1:Scaffold_228	Scaffold_228			AABS01000228.1	
ci1:Scaffold_2280	Scaffold_2280			AABS01002210.1	
ci1:Scaffold_2281	Scaffold_2281			AABS01002211.1	
ci1:Scaffold_2282	Scaffold_2282			AABS01002212.1	
ci1:Scaffold_2284	Scaffold_2284			AABS01002213.1	
ci1:Scaffold_2285	Scaffold_2285			AABS01002214.1	
ci1:Scaffold_2286	Scaffold_2286			AABS01002215.1	
ci1:Scaffold_2287	Scaffold_2287			AABS01002216.1	
ci1:Scaffold_2288	Scaffold_2288			AABS01002217.1	
ci1:Scaffold_229	Scaffold_229			AABS01000229.1	
ci1:Scaffold_2291	Scaffold_2291			AABS01002218.1	
ci1:Scaffold_2292	Scaffold_2292			AABS01002219.1	
ci1:Scaffold_2295	Scaffold_2295			AABS01002220.1	
ci1:Scaffold_2296	Scaffold_2296			AABS01002221.1	
ci1:Scaffold_2297	Scaffold_2297			AABS01002222.1	
ci1:Scaffold_2298	Scaffold_2298			AABS01002223.1	
ci1:Scaffold_2299	Scaffold_2299			AABS01002224.1	
ci1:Scaffold_23	Scaffold_23			AABS01000023.1	
ci1:Scaffold_230	Scaffold_230			AABS01000230.1	
ci1:Scaffold_2300	Scaffold_2300			AABS01002225.1	
ci1:Scaffold_2301	Scaffold_2301			AABS01002226.1	
ci1:Scaffold_2302	Scaffold_2302			AABS01002227.1	
ci1:Scaffold_2303	Scaffold_2303			AABS01002228.1	
ci1:Scaffold_2304	Scaffold_2304			AABS01002229.1	
ci1:Scaffold_2305	Scaffold_2305			AABS01002230.1	
ci1:Scaffold_2306	Scaffold_2306			AABS01002231.1	
ci1:Scaffold_2307	Scaffold_2307			AABS01002232.1	
ci1:Scaffold_2308	Scaffold_2308			AABS01002233.1	
ci1:Scaffold_2309	Scaffold_2309			AABS01002234.1	
ci1:Scaffold_231	Scaffold_231			AABS01000231.1	
ci1:Scaffold_2310	Scaffold_2310			AABS01002235.1	
ci1:Scaffold_2311	Scaffold_2311			AABS01002236.1	
ci1:Scaffold_2312	Scaffold_2312			AABS01002237.1	
ci1:Scaffold_2314	Scaffold_2314			AABS01002238.1	
ci1:Scaffold_2315	Scaffold_2315			AABS01002239.1	
ci1:Scaffold_2317	Scaffold_2317			AABS01002240.1	
ci1:Scaffold_2319	Scaffold_2319			AABS01002241.1	
ci1:Scaffold_232	Scaffold_232			AABS01000232.1	
ci1:Scaffold_2323	Scaffold_2323			AABS01002242.1	
ci1:Scaffold_2326	Scaffold_2326			AABS01002243.1	
ci1:Scaffold_2327	Scaffold_2327			AABS01002244.1	
ci1:Scaffold_2328	Scaffold_2328			AABS01001902.1	
ci1:Scaffold_233	Scaffold_233			AABS01000233.1	
ci1:Scaffold_2331	Scaffold_2331			AABS01002245.1	
ci1:Scaffold_2332	Scaffold_2332			AABS01002246.1	
ci1:Scaffold_2333	Scaffold_2333			AABS01002247.1	
ci1:Scaffold_2334	Scaffold_2334			AABS01002248.1	
ci1:Scaffold_2335	Scaffold_2335			AABS01002249.1	
ci1:Scaffold_2337	Scaffold_2337			AABS01002250.1	
ci1:Scaffold_2338	Scaffold_2338			AABS01002251.1	
ci1:Scaffold_2339	Scaffold_2339			AABS01002252.1	
ci1:Scaffold_234	Scaffold_234			AABS01000234.1	
ci1:Scaffold_2340	Scaffold_2340			AABS01002253.1	
ci1:Scaffold_2343	Scaffold_2343			AABS01002254.1	
ci1:Scaffold_2344	Scaffold_2344			AABS01002255.1	
ci1:Scaffold_2345	Scaffold_2345			AABS01002256.1	
ci1:Scaffold_2346	Scaffold_2346			AABS01002257.1	
ci1:Scaffold_2347	Scaffold_2347			AABS01002258.1	
ci1:Scaffold_235	Scaffold_235			AABS01000235.1	
ci1:Scaffold_2351	Scaffold_2351			AABS01002259.1	
ci1:Scaffold_2352	Scaffold_2352			AABS01002260.1	
ci1:Scaffold_2353	Scaffold_2353			AABS01002261.1	
ci1:Scaffold_2355	Scaffold_2355			AABS01002262.1	
ci1:Scaffold_236	Scaffold_236			AABS01000236.1	
ci1:Scaffold_2361	Scaffold_2361			AABS01002263.1	
ci1:Scaffold_2362	Scaffold_2362			AABS01002264.1	
ci1:Scaffold_2366	Scaffold_2366			AABS01002265.1	
ci1:Scaffold_2367	Scaffold_2367			AABS01002266.1	
ci1:Scaffold_2368	Scaffold_2368			AABS01002267.1	
ci1:Scaffold_237	Scaffold_237			AABS01000237.1	
ci1:Scaffold_2370	Scaffold_2370			AABS01002268.1	
ci1:Scaffold_2371	Scaffold_2371			AABS01002269.1	
ci1:Scaffold_2372	Scaffold_2372			AABS01002270.1	
ci1:Scaffold_2373	Scaffold_2373			AABS01002271.1	
ci1:Scaffold_2375	Scaffold_2375			AABS01002272.1	
ci1:Scaffold_2377	Scaffold_2377			AABS01002273.1	
ci1:Scaffold_238	Scaffold_238			AABS01000238.1	
ci1:Scaffold_2383	Scaffold_2383			AABS01002274.1	
ci1:Scaffold_2387	Scaffold_2387			AABS01002275.1	
ci1:Scaffold_2388	Scaffold_2388			AABS01002276.1	
ci1:Scaffold_2389	Scaffold_2389			AABS01002277.1	
ci1:Scaffold_239	Scaffold_239			AABS01000239.1	
ci1:Scaffold_2390	Scaffold_2390			AABS01002278.1	
ci1:Scaffold_2392	Scaffold_2392			AABS01002279.1	
ci1:Scaffold_2395	Scaffold_2395			AABS01002280.1	
ci1:Scaffold_2396	Scaffold_2396			AABS01002281.1	
ci1:Scaffold_2398	Scaffold_2398			AABS01002282.1	
ci1:Scaffold_2399	Scaffold_2399			AABS01002283.1	
ci1:Scaffold_24	Scaffold_24			AABS01000024.1	
ci1:Scaffold_240	Scaffold_240			AABS01000240.1	
ci1:Scaffold_2404	Scaffold_2404			AABS01002284.1	
ci1:Scaffold_2406	Scaffold_2406			AABS01002285.1	
ci1:Scaffold_2409	Scaffold_2409			AABS01002286.1	
ci1:Scaffold_241	Scaffold_241			AABS01000241.1	
ci1:Scaffold_2411	Scaffold_2411			AABS01002287.1	
ci1:Scaffold_2415	Scaffold_2415			AABS01002288.1	
ci1:Scaffold_2416	Scaffold_2416			AABS01002289.1	
ci1:Scaffold_2417	Scaffold_2417			AABS01002290.1	
ci1:Scaffold_2419	Scaffold_2419			AABS01002291.1	
ci1:Scaffold_242	Scaffold_242			AABS01000242.1	
ci1:Scaffold_2421	Scaffold_2421			AABS01002292.1	
ci1:Scaffold_2422	Scaffold_2422			AABS01002293.1	
ci1:Scaffold_2423	Scaffold_2423			AABS01002294.1	
ci1:Scaffold_2424	Scaffold_2424			AABS01002295.1	
ci1:Scaffold_2425	Scaffold_2425			AABS01002296.1	
ci1:Scaffold_2426	Scaffold_2426			AABS01002297.1	
ci1:Scaffold_2427	Scaffold_2427			AABS01002298.1	
ci1:Scaffold_2428	Scaffold_2428			AABS01002299.1	
ci1:Scaffold_243	Scaffold_243			AABS01000243.1	
ci1:Scaffold_2431	Scaffold_2431			AABS01002300.1	
ci1:Scaffold_2433	Scaffold_2433			AABS01002301.1	
ci1:Scaffold_2434	Scaffold_2434			AABS01002302.1	
ci1:Scaffold_2435	Scaffold_2435			AABS01002303.1	
ci1:Scaffold_2436	Scaffold_2436			AABS01002304.1	
ci1:Scaffold_2437	Scaffold_2437			AABS01002305.1	
ci1:Scaffold_2438	Scaffold_2438			AABS01002306.1	
ci1:Scaffold_2439	Scaffold_2439			AABS01002307.1	
ci1:Scaffold_244	Scaffold_244			AABS01000244.1	
ci1:Scaffold_2442	Scaffold_2442			AABS01002308.1	
ci1:Scaffold_2447	Scaffold_2447			AABS01002309.1	
ci1:Scaffold_2448	Scaffold_2448			AABS01002310.1	
ci1:Scaffold_245	Scaffold_245			AABS01000245.1	
ci1:Scaffold_2451	Scaffold_2451			AABS01002311.1	
ci1:Scaffold_2454	Scaffold_2454			AABS01002312.1	
ci1:Scaffold_2456	Scaffold_2456			AABS01002313.1	
ci1:Scaffold_2458	Scaffold_2458			AABS01002314.1	
ci1:Scaffold_2459	Scaffold_2459			AABS01002315.1	
ci1:Scaffold_246	Scaffold_246			AABS01000246.1	
ci1:Scaffold_2461	Scaffold_2461			AABS01002316.1	
ci1:Scaffold_2462	Scaffold_2462			AABS01002317.1	
ci1:Scaffold_2463	Scaffold_2463			AABS01002318.1	
ci1:Scaffold_247	Scaffold_247			AABS01000247.1	
ci1:Scaffold_2470	Scaffold_2470			AABS01002319.1	
ci1:Scaffold_2471	Scaffold_2471			AABS01002320.1	
ci1:Scaffold_2472	Scaffold_2472			AABS01002321.1	
ci1:Scaffold_2475	Scaffold_2475			AABS01002322.1	
ci1:Scaffold_2476	Scaffold_2476			AABS01002323.1	
ci1:Scaffold_2478	Scaffold_2478			AABS01002324.1	
ci1:Scaffold_248	Scaffold_248			AABS01000248.1	
ci1:Scaffold_2480	Scaffold_2480			AABS01002325.1	
ci1:Scaffold_2481	Scaffold_2481			AABS01002326.1	
ci1:Scaffold_2485	Scaffold_2485			AABS01002327.1	
ci1:Scaffold_2486	Scaffold_2486			AABS01002328.1	
ci1:Scaffold_2488	Scaffold_2488			AABS01002329.1	
ci1:Scaffold_2489	Scaffold_2489			AABS01002330.1	
ci1:Scaffold_249	Scaffold_249			AABS01000249.1	
ci1:Scaffold_2491	Scaffold_2491			AABS01002331.1	
ci1:Scaffold_2492	Scaffold_2492			AABS01002332.1	
ci1:Scaffold_2494	Scaffold_2494			AABS01002333.1	
ci1:Scaffold_2495	Scaffold_2495			AABS01002334.1	
ci1:Scaffold_2497	Scaffold_2497			AABS01002335.1	
ci1:Scaffold_2498	Scaffold_2498			AABS01002336.1	
ci1:Scaffold_25	Scaffold_25			AABS01000025.1	
ci1:Scaffold_250	Scaffold_250			AABS01000250.1	
ci1:Scaffold_2500	Scaffold_2500			AABS01002337.1	
ci1:Scaffold_2501	Scaffold_2501			AABS01002338.1	
ci1:Scaffold_2505	Scaffold_2505			AABS01002339.1	
ci1:Scaffold_2507	Scaffold_2507			AABS01002340.1	
ci1:Scaffold_2508	Scaffold_2508			AABS01002341.1	
ci1:Scaffold_2509	Scaffold_2509			AABS01002342.1	
ci1:Scaffold_251	Scaffold_251			AABS01000251.1	
ci1:Scaffold_2513	Scaffold_2513			AABS01002343.1	
ci1:Scaffold_2514	Scaffold_2514			AABS01002344.1	
ci1:Scaffold_2517	Scaffold_2517			AABS01002345.1	
ci1:Scaffold_2519	Scaffold_2519			AABS01002346.1	
ci1:Scaffold_252	Scaffold_252			AABS01000252.1	
ci1:Scaffold_2521	Scaffold_2521			AABS01002347.1	
ci1:Scaffold_2524	Scaffold_2524			AABS01002348.1	
ci1:Scaffold_2527	Scaffold_2527			AABS01002349.1	
ci1:Scaffold_2529	Scaffold_2529			AABS01002350.1	
ci1:Scaffold_253	Scaffold_253			AABS01000253.1	
ci1:Scaffold_2532	Scaffold_2532			AABS01002351.1	
ci1:Scaffold_2533	Scaffold_2533			AABS01002352.1	
ci1:Scaffold_2534	Scaffold_2534			AABS01002353.1	
ci1:Scaffold_2535	Scaffold_2535			AABS01002354.1	
ci1:Scaffold_2536	Scaffold_2536			AABS01002355.1	
ci1:Scaffold_2538	Scaffold_2538			AABS01002356.1	
ci1:Scaffold_254	Scaffold_254			AABS01000254.1	
ci1:Scaffold_2540	Scaffold_2540			AABS01002357.1	
ci1:Scaffold_2541	Scaffold_2541			AABS01002358.1	
ci1:Scaffold_2542	Scaffold_2542			AABS01002359.1	
ci1:Scaffold_2543	Scaffold_2543			AABS01002360.1	
ci1:Scaffold_2544	Scaffold_2544			AABS01002361.1	
ci1:Scaffold_2548	Scaffold_2548			AABS01002362.1	
ci1:Scaffold_255	Scaffold_255			AABS01000255.1	
ci1:Scaffold_2558	Scaffold_2558			AABS01002363.1	
ci1:Scaffold_256	Scaffold_256			AABS01000256.1	
ci1:Scaffold_2560	Scaffold_2560			AABS01002364.1	
ci1:Scaffold_2562	Scaffold_2562			AABS01002365.1	
ci1:Scaffold_2564	Scaffold_2564			AABS01002366.1	
ci1:Scaffold_2565	Scaffold_2565			AABS01002367.1	
ci1:Scaffold_2568	Scaffold_2568			AABS01002368.1	
ci1:Scaffold_2569	Scaffold_2569			AABS01002369.1	
ci1:Scaffold_257	Scaffold_257			AABS01000257.1	
ci1:Scaffold_2570	Scaffold_2570			AABS01002370.1	
ci1:Scaffold_2571	Scaffold_2571			AABS01002371.1	
ci1:Scaffold_2572	Scaffold_2572			AABS01002372.1	
ci1:Scaffold_2577	Scaffold_2577			AABS01002373.1	
ci1:Scaffold_2579	Scaffold_2579			AABS01002374.1	
ci1:Scaffold_258	Scaffold_258			AABS01000258.1	
ci1:Scaffold_2580	Scaffold_2580			AABS01002375.1	
ci1:Scaffold_2582	Scaffold_2582			AABS01002376.1	
ci1:Scaffold_2583	Scaffold_2583			AABS01002377.1	
ci1:Scaffold_2584	Scaffold_2584			AABS01002378.1	
ci1:Scaffold_2585	Scaffold_2585			AABS01002379.1	
ci1:Scaffold_259	Scaffold_259			AABS01000259.1	
ci1:Scaffold_2590	Scaffold_2590			AABS01002380.1	
ci1:Scaffold_2596	Scaffold_2596			AABS01002381.1	
ci1:Scaffold_26	Scaffold_26			AABS01000026.1	
ci1:Scaffold_260	Scaffold_260			AABS01000260.1	
ci1:Scaffold_2600	Scaffold_2600			AABS01002382.1	
ci1:Scaffold_2602	Scaffold_2602			AABS01002383.1	
ci1:Scaffold_2604	Scaffold_2604			AABS01002384.1	
ci1:Scaffold_2609	Scaffold_2609			AABS01002385.1	
ci1:Scaffold_261	Scaffold_261			AABS01000261.1	
ci1:Scaffold_2611	Scaffold_2611			AABS01002386.1	
ci1:Scaffold_2613	Scaffold_2613			AABS01002387.1	
ci1:Scaffold_2614	Scaffold_2614			AABS01002388.1	
ci1:Scaffold_2615	Scaffold_2615			AABS01002389.1	
ci1:Scaffold_2618	Scaffold_2618			AABS01002390.1	
ci1:Scaffold_262	Scaffold_262			AABS01000262.1	
ci1:Scaffold_2623	Scaffold_2623			AABS01002391.1	
ci1:Scaffold_2624	Scaffold_2624			AABS01002392.1	
ci1:Scaffold_2626	Scaffold_2626			AABS01002393.1	
ci1:Scaffold_263	Scaffold_263			AABS01000263.1	
ci1:Scaffold_2633	Scaffold_2633			AABS01002394.1	
ci1:Scaffold_2634	Scaffold_2634			AABS01002395.1	
ci1:Scaffold_2635	Scaffold_2635			AABS01002396.1	
ci1:Scaffold_264	Scaffold_264			AABS01000264.1	
ci1:Scaffold_2641	Scaffold_2641			AABS01002397.1	
ci1:Scaffold_2646	Scaffold_2646			AABS01002398.1	
ci1:Scaffold_2647	Scaffold_2647			AABS01002399.1	
ci1:Scaffold_2649	Scaffold_2649			AABS01002400.1	
ci1:Scaffold_265	Scaffold_265			AABS01000265.1	
ci1:Scaffold_2651	Scaffold_2651			AABS01002401.1	
ci1:Scaffold_2652	Scaffold_2652			AABS01002402.1	
ci1:Scaffold_2657	Scaffold_2657			AABS01002403.1	
ci1:Scaffold_2658	Scaffold_2658			AABS01002404.1	
ci1:Scaffold_266	Scaffold_266			AABS01000266.1	
ci1:Scaffold_2661	Scaffold_2661			AABS01002405.1	
ci1:Scaffold_2662	Scaffold_2662			AABS01002406.1	
ci1:Scaffold_2664	Scaffold_2664			AABS01002407.1	
ci1:Scaffold_267	Scaffold_267			AABS01000267.1	
ci1:Scaffold_2671	Scaffold_2671			AABS01002408.1	
ci1:Scaffold_2678	Scaffold_2678			AABS01002409.1	
ci1:Scaffold_268	Scaffold_268			AABS01000268.1	
ci1:Scaffold_2682	Scaffold_2682			AABS01002410.1	
ci1:Scaffold_2687	Scaffold_2687			AABS01002411.1	
ci1:Scaffold_269	Scaffold_269			AABS01000269.1	
ci1:Scaffold_2690	Scaffold_2690			AABS01002412.1	
ci1:Scaffold_2693	Scaffold_2693			AABS01002413.1	
ci1:Scaffold_2694	Scaffold_2694			AABS01002414.1	
ci1:Scaffold_2697	Scaffold_2697			AABS01002415.1	
ci1:Scaffold_27	Scaffold_27			AABS01000027.1	
ci1:Scaffold_270	Scaffold_270			AABS01000270.1	
ci1:Scaffold_2704	Scaffold_2704			AABS01002416.1	
ci1:Scaffold_2708	Scaffold_2708			AABS01002417.1	
ci1:Scaffold_2709	Scaffold_2709			AABS01002418.1	
ci1:Scaffold_271	Scaffold_271			AABS01000271.1	
ci1:Scaffold_2711	Scaffold_2711			AABS01002419.1	
ci1:Scaffold_2712	Scaffold_2712			AABS01002420.1	
ci1:Scaffold_2714	Scaffold_2714			AABS01002421.1	
ci1:Scaffold_2717	Scaffold_2717			AABS01002422.1	
ci1:Scaffold_2718	Scaffold_2718			AABS01002423.1	
ci1:Scaffold_272	Scaffold_272			AABS01000272.1	
ci1:Scaffold_2721	Scaffold_2721			AABS01002424.1	
ci1:Scaffold_2725	Scaffold_2725			AABS01002425.1	
ci1:Scaffold_2727	Scaffold_2727			AABS01002426.1	
ci1:Scaffold_2728	Scaffold_2728			AABS01002427.1	
ci1:Scaffold_273	Scaffold_273			AABS01000273.1	
ci1:Scaffold_2733	Scaffold_2733			AABS01002428.1	
ci1:Scaffold_2734	Scaffold_2734			AABS01002429.1	
ci1:Scaffold_2737	Scaffold_2737			AABS01002430.1	
ci1:Scaffold_2739	Scaffold_2739			AABS01002431.1	
ci1:Scaffold_274	Scaffold_274			AABS01000274.1	
ci1:Scaffold_2741	Scaffold_2741			AABS01002432.1	
ci1:Scaffold_2742	Scaffold_2742			AABS01002433.1	
ci1:Scaffold_2745	Scaffold_2745			AABS01002434.1	
ci1:Scaffold_2747	Scaffold_2747			AABS01002435.1	
ci1:Scaffold_275	Scaffold_275			AABS01000275.1	
ci1:Scaffold_2751	Scaffold_2751			AABS01002436.1	
ci1:Scaffold_2753	Scaffold_2753			AABS01002437.1	
ci1:Scaffold_2758	Scaffold_2758			AABS01002438.1	
ci1:Scaffold_276	Scaffold_276			AABS01000276.1	
ci1:Scaffold_2763	Scaffold_2763			AABS01002439.1	
ci1:Scaffold_2767	Scaffold_2767			AABS01002440.1	
ci1:Scaffold_2769	Scaffold_2769			AABS01002441.1	
ci1:Scaffold_277	Scaffold_277			AABS01000277.1	
ci1:Scaffold_2772	Scaffold_2772			AABS01002442.1	
ci1:Scaffold_2775	Scaffold_2775			AABS01002443.1	
ci1:Scaffold_278	Scaffold_278			AABS01000278.1	
ci1:Scaffold_2780	Scaffold_2780			AABS01002444.1	
ci1:Scaffold_2783	Scaffold_2783			AABS01002445.1	
ci1:Scaffold_2784	Scaffold_2784			AABS01002446.1	
ci1:Scaffold_2786	Scaffold_2786			AABS01002447.1	
ci1:Scaffold_2789	Scaffold_2789			AABS01002448.1	
ci1:Scaffold_279	Scaffold_279			AABS01000279.1	
ci1:Scaffold_2791	Scaffold_2791			AABS01002449.1	
ci1:Scaffold_2792	Scaffold_2792			AABS01002450.1	
ci1:Scaffold_2795	Scaffold_2795			AABS01002451.1	
ci1:Scaffold_2797	Scaffold_2797			AABS01002452.1	
ci1:Scaffold_28	Scaffold_28			AABS01000028.1	
ci1:Scaffold_280	Scaffold_280			AABS01000280.1	
ci1:Scaffold_2800	Scaffold_2800			AABS01002453.1	
ci1:Scaffold_2801	Scaffold_2801			AABS01002454.1	
ci1:Scaffold_2803	Scaffold_2803			AABS01002455.1	
ci1:Scaffold_2808	Scaffold_2808			AABS01002456.1	
ci1:Scaffold_2809	Scaffold_2809			AABS01002457.1	
ci1:Scaffold_281	Scaffold_281			AABS01000281.1	
ci1:Scaffold_2810	Scaffold_2810			AABS01002458.1	
ci1:Scaffold_2812	Scaffold_2812			AABS01002459.1	
ci1:Scaffold_2813	Scaffold_2813			AABS01002460.1	
ci1:Scaffold_2814	Scaffold_2814			AABS01002461.1	
ci1:Scaffold_282	Scaffold_282			AABS01000282.1	
ci1:Scaffold_2820	Scaffold_2820			AABS01002462.1	
ci1:Scaffold_2823	Scaffold_2823			AABS01002463.1	
ci1:Scaffold_2824	Scaffold_2824			AABS01002464.1	
ci1:Scaffold_2825	Scaffold_2825			AABS01002465.1	
ci1:Scaffold_2826	Scaffold_2826			AABS01002466.1	
ci1:Scaffold_2827	Scaffold_2827			AABS01002467.1	
ci1:Scaffold_2829	Scaffold_2829			AABS01002468.1	
ci1:Scaffold_283	Scaffold_283			AABS01000283.1	
ci1:Scaffold_2830	Scaffold_2830			AABS01002469.1	
ci1:Scaffold_2833	Scaffold_2833			AABS01002470.1	
ci1:Scaffold_2836	Scaffold_2836			AABS01002471.1	
ci1:Scaffold_2839	Scaffold_2839			AABS01002472.1	
ci1:Scaffold_284	Scaffold_284			AABS01000284.1	
ci1:Scaffold_285	Scaffold_285			AABS01000285.1	
ci1:Scaffold_2851	Scaffold_2851			AABS01002473.1	
ci1:Scaffold_286	Scaffold_286			AABS01000286.1	
ci1:Scaffold_287	Scaffold_287			AABS01000287.1	
ci1:Scaffold_288	Scaffold_288			AABS01000288.1	
ci1:Scaffold_289	Scaffold_289			AABS01000289.1	
ci1:Scaffold_2892	Scaffold_2892			AABS01002474.1	
ci1:Scaffold_29	Scaffold_29			AABS01000029.1	
ci1:Scaffold_290	Scaffold_290			AABS01000290.1	
ci1:Scaffold_2901	Scaffold_2901			AABS01002475.1	
ci1:Scaffold_2909	Scaffold_2909			AABS01002476.1	
ci1:Scaffold_291	Scaffold_291			AABS01000291.1	
ci1:Scaffold_292	Scaffold_292			AABS01000292.1	
ci1:Scaffold_293	Scaffold_293			AABS01000293.1	
ci1:Scaffold_2936	Scaffold_2936			AABS01002477.1	
ci1:Scaffold_294	Scaffold_294			AABS01000294.1	
ci1:Scaffold_295	Scaffold_295			AABS01000295.1	
ci1:Scaffold_2950	Scaffold_2950			AABS01002478.1	
ci1:Scaffold_296	Scaffold_296			AABS01000296.1	
ci1:Scaffold_297	Scaffold_297			AABS01000297.1	
ci1:Scaffold_298	Scaffold_298			AABS01000298.1	
ci1:Scaffold_299	Scaffold_299			AABS01000299.1	
ci1:Scaffold_3	Scaffold_3			AABS01000003.1	
ci1:Scaffold_30	Scaffold_30			AABS01000030.1	
ci1:Scaffold_300	Scaffold_300			AABS01000300.1	
ci1:Scaffold_3005	Scaffold_3005			AABS01002479.1	
ci1:Scaffold_301	Scaffold_301			AABS01000301.1	
ci1:Scaffold_3017	Scaffold_3017			AABS01002480.1	
ci1:Scaffold_302	Scaffold_302			AABS01000302.1	
ci1:Scaffold_303	Scaffold_303			AABS01000303.1	
ci1:Scaffold_304	Scaffold_304			AABS01000304.1	
ci1:Scaffold_305	Scaffold_305			AABS01000305.1	
ci1:Scaffold_306	Scaffold_306			AABS01000306.1	
ci1:Scaffold_3060	Scaffold_3060			AABS01002481.1	
ci1:Scaffold_307	Scaffold_307			AABS01000307.1	
ci1:Scaffold_3072	Scaffold_3072			AABS01002482.1	
ci1:Scaffold_308	Scaffold_308			AABS01000308.1	
ci1:Scaffold_309	Scaffold_309			AABS01000309.1	
ci1:Scaffold_3099	Scaffold_3099			AABS01002483.1	
ci1:Scaffold_31	Scaffold_31			AABS01000031.1	
ci1:Scaffold_310	Scaffold_310			AABS01000310.1	
ci1:Scaffold_3105	Scaffold_3105			AABS01002484.1	
ci1:Scaffold_311	Scaffold_311			AABS01000311.1	
ci1:Scaffold_3119	Scaffold_3119			AABS01002485.1	
ci1:Scaffold_312	Scaffold_312			AABS01000312.1	
ci1:Scaffold_313	Scaffold_313			AABS01000313.1	
ci1:Scaffold_3139	Scaffold_3139			AABS01002486.1	
ci1:Scaffold_314	Scaffold_314			AABS01000314.1	
ci1:Scaffold_315	Scaffold_315			AABS01000315.1	
ci1:Scaffold_3152	Scaffold_3152			AABS01002487.1	
ci1:Scaffold_316	Scaffold_316			AABS01000316.1	
ci1:Scaffold_3161	Scaffold_3161			AABS01002488.1	
ci1:Scaffold_317	Scaffold_317			AABS01000317.1	
ci1:Scaffold_318	Scaffold_318			AABS01000318.1	
ci1:Scaffold_3189	Scaffold_3189			AABS01002489.1	
ci1:Scaffold_319	Scaffold_319			AABS01000319.1	
ci1:Scaffold_3191	Scaffold_3191			AABS01002490.1	
ci1:Scaffold_32	Scaffold_32			AABS01000032.1	
ci1:Scaffold_320	Scaffold_320			AABS01000320.1	
ci1:Scaffold_321	Scaffold_321			AABS01000321.1	
ci1:Scaffold_322	Scaffold_322			AABS01000322.1	
ci1:Scaffold_3228	Scaffold_3228			AABS01002491.1	
ci1:Scaffold_323	Scaffold_323			AABS01000323.1	
ci1:Scaffold_3237	Scaffold_3237			AABS01002492.1	
ci1:Scaffold_324	Scaffold_324			AABS01000324.1	
ci1:Scaffold_325	Scaffold_325			AABS01000325.1	
ci1:Scaffold_326	Scaffold_326			AABS01000326.1	
ci1:Scaffold_3268	Scaffold_3268			AABS01002493.1	
ci1:Scaffold_327	Scaffold_327			AABS01000327.1	
ci1:Scaffold_328	Scaffold_328			AABS01000328.1	
ci1:Scaffold_329	Scaffold_329			AABS01000329.1	
ci1:Scaffold_3291	Scaffold_3291			AABS01002494.1	
ci1:Scaffold_33	Scaffold_33			AABS01000033.1	
ci1:Scaffold_330	Scaffold_330			AABS01000330.1	
ci1:Scaffold_331	Scaffold_331			AABS01000331.1	
ci1:Scaffold_3319	Scaffold_3319			AABS01002495.1	
ci1:Scaffold_332	Scaffold_332			AABS01000332.1	
ci1:Scaffold_333	Scaffold_333			AABS01000333.1	
ci1:Scaffold_334	Scaffold_334			AABS01000334.1	
ci1:Scaffold_3342	Scaffold_3342			AABS01002496.1	
ci1:Scaffold_335	Scaffold_335			AABS01000335.1	
ci1:Scaffold_336	Scaffold_336			AABS01000336.1	
ci1:Scaffold_3363	Scaffold_3363			AABS01002497.1	
ci1:Scaffold_337	Scaffold_337			AABS01000337.1	
ci1:Scaffold_338	Scaffold_338			AABS01000338.1	
ci1:Scaffold_3383	Scaffold_3383			AABS01002498.1	
ci1:Scaffold_339	Scaffold_339			AABS01000339.1	
ci1:Scaffold_3392	Scaffold_3392			AABS01002499.1	
ci1:Scaffold_34	Scaffold_34			AABS01000034.1	
ci1:Scaffold_340	Scaffold_340			AABS01000340.1	
ci1:Scaffold_341	Scaffold_341			AABS01000341.1	
ci1:Scaffold_342	Scaffold_342			AABS01000342.1	
ci1:Scaffold_343	Scaffold_343			AABS01000343.1	
ci1:Scaffold_344	Scaffold_344			AABS01000344.1	
ci1:Scaffold_3445	Scaffold_3445			AABS01002500.1	
ci1:Scaffold_345	Scaffold_345			AABS01000345.1	
ci1:Scaffold_346	Scaffold_346			AABS01000346.1	
ci1:Scaffold_347	Scaffold_347			AABS01000347.1	
ci1:Scaffold_3476	Scaffold_3476			AABS01002501.1	
ci1:Scaffold_348	Scaffold_348			AABS01000348.1	
ci1:Scaffold_349	Scaffold_349			AABS01000349.1	
ci1:Scaffold_35	Scaffold_35			AABS01000035.1	
ci1:Scaffold_350	Scaffold_350			AABS01000350.1	
ci1:Scaffold_351	Scaffold_351			AABS01000351.1	
ci1:Scaffold_352	Scaffold_352			AABS01000352.1	
ci1:Scaffold_353	Scaffold_353			AABS01000353.1	
ci1:Scaffold_354	Scaffold_354			AABS01000354.1	
ci1:Scaffold_355	Scaffold_355			AABS01000355.1	
ci1:Scaffold_356	Scaffold_356			AABS01000356.1	
ci1:Scaffold_357	Scaffold_357			AABS01000357.1	
ci1:Scaffold_358	Scaffold_358			AABS01000358.1	
ci1:Scaffold_359	Scaffold_359			AABS01000359.1	
ci1:Scaffold_36	Scaffold_36			AABS01000036.1	
ci1:Scaffold_360	Scaffold_360			AABS01000360.1	
ci1:Scaffold_361	Scaffold_361			AABS01000361.1	
ci1:Scaffold_362	Scaffold_362			AABS01000362.1	
ci1:Scaffold_363	Scaffold_363			AABS01000363.1	
ci1:Scaffold_364	Scaffold_364			AABS01000364.1	
ci1:Scaffold_365	Scaffold_365			AABS01000365.1	
ci1:Scaffold_366	Scaffold_366			AABS01000366.1	
ci1:Scaffold_367	Scaffold_367			AABS01000367.1	
ci1:Scaffold_368	Scaffold_368			AABS01000368.1	
ci1:Scaffold_369	Scaffold_369			AABS01000369.1	
ci1:Scaffold_37	Scaffold_37			AABS01000037.1	
ci1:Scaffold_370	Scaffold_370			AABS01000370.1	
ci1:Scaffold_371	Scaffold_371			AABS01000371.1	
ci1:Scaffold_372	Scaffold_372			AABS01000372.1	
ci1:Scaffold_373	Scaffold_373			AABS01000373.1	
ci1:Scaffold_374	Scaffold_374			AABS01000374.1	
ci1:Scaffold_375	Scaffold_375			AABS01000375.1	
ci1:Scaffold_376	Scaffold_376			AABS01000376.1	
ci1:Scaffold_377	Scaffold_377			AABS01000377.1	
ci1:Scaffold_378	Scaffold_378			AABS01000378.1	
ci1:Scaffold_379	Scaffold_379			AABS01000379.1	
ci1:Scaffold_38	Scaffold_38			AABS01000038.1	
ci1:Scaffold_380	Scaffold_380			AABS01000380.1	
ci1:Scaffold_381	Scaffold_381			AABS01000381.1	
ci1:Scaffold_382	Scaffold_382			AABS01000382.1	
ci1:Scaffold_383	Scaffold_383			AABS01000383.1	
ci1:Scaffold_384	Scaffold_384			AABS01000384.1	
ci1:Scaffold_385	Scaffold_385			AABS01000385.1	
ci1:Scaffold_386	Scaffold_386			AABS01000386.1	
ci1:Scaffold_387	Scaffold_387			AABS01000387.1	
ci1:Scaffold_388	Scaffold_388			AABS01000388.1	
ci1:Scaffold_389	Scaffold_389			AABS01000389.1	
ci1:Scaffold_39	Scaffold_39			AABS01000039.1	
ci1:Scaffold_390	Scaffold_390			AABS01000390.1	
ci1:Scaffold_391	Scaffold_391			AABS01000391.1	
ci1:Scaffold_392	Scaffold_392			AABS01000392.1	
ci1:Scaffold_393	Scaffold_393			AABS01000393.1	
ci1:Scaffold_394	Scaffold_394			AABS01000394.1	
ci1:Scaffold_395	Scaffold_395			AABS01000395.1	
ci1:Scaffold_396	Scaffold_396			AABS01000396.1	
ci1:Scaffold_397	Scaffold_397			AABS01000397.1	
ci1:Scaffold_398	Scaffold_398			AABS01000398.1	
ci1:Scaffold_399	Scaffold_399			AABS01000399.1	
ci1:Scaffold_4	Scaffold_4			AABS01000004.1	
ci1:Scaffold_40	Scaffold_40			AABS01000040.1	
ci1:Scaffold_400	Scaffold_400			AABS01000400.1	
ci1:Scaffold_401	Scaffold_401			AABS01000401.1	
ci1:Scaffold_402	Scaffold_402			AABS01000402.1	
ci1:Scaffold_403	Scaffold_403			AABS01000403.1	
ci1:Scaffold_404	Scaffold_404			AABS01000404.1	
ci1:Scaffold_405	Scaffold_405			AABS01000405.1	
ci1:Scaffold_406	Scaffold_406			AABS01000406.1	
ci1:Scaffold_407	Scaffold_407			AABS01000407.1	
ci1:Scaffold_408	Scaffold_408			AABS01000408.1	
ci1:Scaffold_409	Scaffold_409			AABS01000409.1	
ci1:Scaffold_41	Scaffold_41			AABS01000041.1	
ci1:Scaffold_410	Scaffold_410			AABS01000410.1	
ci1:Scaffold_411	Scaffold_411			AABS01000411.1	
ci1:Scaffold_412	Scaffold_412			AABS01000412.1	
ci1:Scaffold_413	Scaffold_413			AABS01000413.1	
ci1:Scaffold_414	Scaffold_414			AABS01000414.1	
ci1:Scaffold_415	Scaffold_415			AABS01000415.1	
ci1:Scaffold_416	Scaffold_416			AABS01000416.1	
ci1:Scaffold_417	Scaffold_417			AABS01000417.1	
ci1:Scaffold_418	Scaffold_418			AABS01000418.1	
ci1:Scaffold_419	Scaffold_419			AABS01000419.1	
ci1:Scaffold_42	Scaffold_42			AABS01000042.1	
ci1:Scaffold_420	Scaffold_420			AABS01000420.1	
ci1:Scaffold_421	Scaffold_421			AABS01000421.1	
ci1:Scaffold_422	Scaffold_422			AABS01000422.1	
ci1:Scaffold_423	Scaffold_423			AABS01000423.1	
ci1:Scaffold_424	Scaffold_424			AABS01000424.1	
ci1:Scaffold_425	Scaffold_425			AABS01000425.1	
ci1:Scaffold_426	Scaffold_426			AABS01000426.1	
ci1:Scaffold_427	Scaffold_427			AABS01000427.1	
ci1:Scaffold_428	Scaffold_428			AABS01000428.1	
ci1:Scaffold_429	Scaffold_429			AABS01000429.1	
ci1:Scaffold_43	Scaffold_43			AABS01000043.1	
ci1:Scaffold_430	Scaffold_430			AABS01000430.1	
ci1:Scaffold_431	Scaffold_431			AABS01000431.1	
ci1:Scaffold_432	Scaffold_432			AABS01000432.1	
ci1:Scaffold_433	Scaffold_433			AABS01000433.1	
ci1:Scaffold_434	Scaffold_434			AABS01000434.1	
ci1:Scaffold_435	Scaffold_435			AABS01000435.1	
ci1:Scaffold_436	Scaffold_436			AABS01000436.1	
ci1:Scaffold_437	Scaffold_437			AABS01000437.1	
ci1:Scaffold_438	Scaffold_438			AABS01000438.1	
ci1:Scaffold_439	Scaffold_439			AABS01000439.1	
ci1:Scaffold_44	Scaffold_44			AABS01000044.1	
ci1:Scaffold_440	Scaffold_440			AABS01000440.1	
ci1:Scaffold_441	Scaffold_441			AABS01000441.1	
ci1:Scaffold_442	Scaffold_442			AABS01000442.1	
ci1:Scaffold_443	Scaffold_443			AABS01000443.1	
ci1:Scaffold_444	Scaffold_444			AABS01000444.1	
ci1:Scaffold_445	Scaffold_445			AABS01000445.1	
ci1:Scaffold_446	Scaffold_446			AABS01000446.1	
ci1:Scaffold_447	Scaffold_447			AABS01000447.1	
ci1:Scaffold_448	Scaffold_448			AABS01000448.1	
ci1:Scaffold_449	Scaffold_449			AABS01000449.1	
ci1:Scaffold_45	Scaffold_45			AABS01000045.1	
ci1:Scaffold_450	Scaffold_450			AABS01000450.1	
ci1:Scaffold_451	Scaffold_451			AABS01000451.1	
ci1:Scaffold_452	Scaffold_452			AABS01000452.1	
ci1:Scaffold_453	Scaffold_453			AABS01000453.1	
ci1:Scaffold_454	Scaffold_454			AABS01000454.1	
ci1:Scaffold_455	Scaffold_455			AABS01000455.1	
ci1:Scaffold_456	Scaffold_456			AABS01000456.1	
ci1:Scaffold_457	Scaffold_457			AABS01000457.1	
ci1:Scaffold_458	Scaffold_458			AABS01000458.1	
ci1:Scaffold_459	Scaffold_459			AABS01000459.1	
ci1:Scaffold_46	Scaffold_46			AABS01000046.1	
ci1:Scaffold_460	Scaffold_460			AABS01000460.1	
ci1:Scaffold_461	Scaffold_461			AABS01000461.1	
ci1:Scaffold_462	Scaffold_462			AABS01000462.1	
ci1:Scaffold_463	Scaffold_463			AABS01000463.1	
ci1:Scaffold_464	Scaffold_464			AABS01000464.1	
ci1:Scaffold_465	Scaffold_465			AABS01000465.1	
ci1:Scaffold_466	Scaffold_466			AABS01000466.1	
ci1:Scaffold_467	Scaffold_467			AABS01000467.1	
ci1:Scaffold_468	Scaffold_468			AABS01000468.1	
ci1:Scaffold_469	Scaffold_469			AABS01000469.1	
ci1:Scaffold_47	Scaffold_47			AABS01000047.1	
ci1:Scaffold_470	Scaffold_470			AABS01000470.1	
ci1:Scaffold_471	Scaffold_471			AABS01000471.1	
ci1:Scaffold_472	Scaffold_472			AABS01000472.1	
ci1:Scaffold_473	Scaffold_473			AABS01000473.1	
ci1:Scaffold_474	Scaffold_474			AABS01000474.1	
ci1:Scaffold_475	Scaffold_475			AABS01000475.1	
ci1:Scaffold_476	Scaffold_476			AABS01000476.1	
ci1:Scaffold_477	Scaffold_477			AABS01000477.1	
ci1:Scaffold_478	Scaffold_478			AABS01000478.1	
ci1:Scaffold_479	Scaffold_479			AABS01000479.1	
ci1:Scaffold_48	Scaffold_48			AABS01000048.1	
ci1:Scaffold_480	Scaffold_480			AABS01000480.1	
ci1:Scaffold_481	Scaffold_481			AABS01000481.1	
ci1:Scaffold_482	Scaffold_482			AABS01000482.1	
ci1:Scaffold_483	Scaffold_483			AABS01000483.1	
ci1:Scaffold_484	Scaffold_484			AABS01000484.1	
ci1:Scaffold_485	Scaffold_485			AABS01000485.1	
ci1:Scaffold_486	Scaffold_486			AABS01000486.1	
ci1:Scaffold_487	Scaffold_487			AABS01000487.1	
ci1:Scaffold_488	Scaffold_488			AABS01000488.1	
ci1:Scaffold_489	Scaffold_489			AABS01000489.1	
ci1:Scaffold_49	Scaffold_49			AABS01000049.1	
ci1:Scaffold_490	Scaffold_490			AABS01000490.1	
ci1:Scaffold_491	Scaffold_491			AABS01000491.1	
ci1:Scaffold_492	Scaffold_492			AABS01000492.1	
ci1:Scaffold_493	Scaffold_493			AABS01000493.1	
ci1:Scaffold_494	Scaffold_494			AABS01000494.1	
ci1:Scaffold_495	Scaffold_495			AABS01000495.1	
ci1:Scaffold_496	Scaffold_496			AABS01000496.1	
ci1:Scaffold_497	Scaffold_497			AABS01000497.1	
ci1:Scaffold_498	Scaffold_498			AABS01000498.1	
ci1:Scaffold_499	Scaffold_499			AABS01000499.1	
ci1:Scaffold_5	Scaffold_5			AABS01000005.1	
ci1:Scaffold_50	Scaffold_50			AABS01000050.1	
ci1:Scaffold_500	Scaffold_500			AABS01000500.1	
ci1:Scaffold_501	Scaffold_501			AABS01000501.1	
ci1:Scaffold_502	Scaffold_502			AABS01000502.1	
ci1:Scaffold_503	Scaffold_503			AABS01000503.1	
ci1:Scaffold_504	Scaffold_504			AABS01000504.1	
ci1:Scaffold_505	Scaffold_505			AABS01000505.1	
ci1:Scaffold_506	Scaffold_506			AABS01000506.1	
ci1:Scaffold_507	Scaffold_507			AABS01000507.1	
ci1:Scaffold_508	Scaffold_508			AABS01000508.1	
ci1:Scaffold_509	Scaffold_509			AABS01000509.1	
ci1:Scaffold_51	Scaffold_51			AABS01000051.1	
ci1:Scaffold_510	Scaffold_510			AABS01000510.1	
ci1:Scaffold_511	Scaffold_511			AABS01000511.1	
ci1:Scaffold_512	Scaffold_512			AABS01000512.1	
ci1:Scaffold_513	Scaffold_513			AABS01000513.1	
ci1:Scaffold_514	Scaffold_514			AABS01000514.1	
ci1:Scaffold_515	Scaffold_515			AABS01000515.1	
ci1:Scaffold_516	Scaffold_516			AABS01000516.1	
ci1:Scaffold_517	Scaffold_517			AABS01000517.1	
ci1:Scaffold_518	Scaffold_518			AABS01000518.1	
ci1:Scaffold_519	Scaffold_519			AABS01000519.1	
ci1:Scaffold_52	Scaffold_52			AABS01000052.1	
ci1:Scaffold_520	Scaffold_520			AABS01000520.1	
ci1:Scaffold_521	Scaffold_521			AABS01000521.1	
ci1:Scaffold_522	Scaffold_522			AABS01000522.1	
ci1:Scaffold_523	Scaffold_523			AABS01000523.1	
ci1:Scaffold_524	Scaffold_524			AABS01000524.1	
ci1:Scaffold_525	Scaffold_525			AABS01000525.1	
ci1:Scaffold_526	Scaffold_526			AABS01000526.1	
ci1:Scaffold_527	Scaffold_527			AABS01000527.1	
ci1:Scaffold_528	Scaffold_528			AABS01000528.1	
ci1:Scaffold_529	Scaffold_529			AABS01000529.1	
ci1:Scaffold_53	Scaffold_53			AABS01000053.1	
ci1:Scaffold_530	Scaffold_530			AABS01000530.1	
ci1:Scaffold_531	Scaffold_531			AABS01000531.1	
ci1:Scaffold_532	Scaffold_532			AABS01000532.1	
ci1:Scaffold_533	Scaffold_533			AABS01000533.1	
ci1:Scaffold_534	Scaffold_534			AABS01000534.1	
ci1:Scaffold_535	Scaffold_535			AABS01000535.1	
ci1:Scaffold_536	Scaffold_536			AABS01000536.1	
ci1:Scaffold_537	Scaffold_537			AABS01000537.1	
ci1:Scaffold_538	Scaffold_538			AABS01000538.1	
ci1:Scaffold_539	Scaffold_539			AABS01000539.1	
ci1:Scaffold_54	Scaffold_54			AABS01000054.1	
ci1:Scaffold_540	Scaffold_540			AABS01000540.1	
ci1:Scaffold_541	Scaffold_541			AABS01000541.1	
ci1:Scaffold_542	Scaffold_542			AABS01000542.1	
ci1:Scaffold_543	Scaffold_543			AABS01000543.1	
ci1:Scaffold_544	Scaffold_544			AABS01000544.1	
ci1:Scaffold_545	Scaffold_545			AABS01000545.1	
ci1:Scaffold_546	Scaffold_546			AABS01000546.1	
ci1:Scaffold_547	Scaffold_547			AABS01000547.1	
ci1:Scaffold_548	Scaffold_548			AABS01000548.1	
ci1:Scaffold_549	Scaffold_549			AABS01000549.1	
ci1:Scaffold_55	Scaffold_55			AABS01000055.1	
ci1:Scaffold_550	Scaffold_550			AABS01000550.1	
ci1:Scaffold_551	Scaffold_551			AABS01000551.1	
ci1:Scaffold_552	Scaffold_552			AABS01000552.1	
ci1:Scaffold_553	Scaffold_553			AABS01000553.1	
ci1:Scaffold_554	Scaffold_554			AABS01000554.1	
ci1:Scaffold_555	Scaffold_555			AABS01000555.1	
ci1:Scaffold_556	Scaffold_556			AABS01000556.1	
ci1:Scaffold_557	Scaffold_557			AABS01000557.1	
ci1:Scaffold_558	Scaffold_558			AABS01000558.1	
ci1:Scaffold_559	Scaffold_559			AABS01000559.1	
ci1:Scaffold_56	Scaffold_56			AABS01000056.1	
ci1:Scaffold_560	Scaffold_560			AABS01000560.1	
ci1:Scaffold_561	Scaffold_561			AABS01000561.1	
ci1:Scaffold_562	Scaffold_562			AABS01000562.1	
ci1:Scaffold_563	Scaffold_563			AABS01000563.1	
ci1:Scaffold_564	Scaffold_564			AABS01000564.1	
ci1:Scaffold_565	Scaffold_565			AABS01000565.1	
ci1:Scaffold_566	Scaffold_566			AABS01000566.1	
ci1:Scaffold_567	Scaffold_567			AABS01000567.1	
ci1:Scaffold_568	Scaffold_568			AABS01000568.1	
ci1:Scaffold_569	Scaffold_569			AABS01000569.1	
ci1:Scaffold_57	Scaffold_57			AABS01000057.1	
ci1:Scaffold_570	Scaffold_570			AABS01000570.1	
ci1:Scaffold_571	Scaffold_571			AABS01000571.1	
ci1:Scaffold_572	Scaffold_572			AABS01000572.1	
ci1:Scaffold_573	Scaffold_573			AABS01000573.1	
ci1:Scaffold_574	Scaffold_574			AABS01000574.1	
ci1:Scaffold_575	Scaffold_575			AABS01000575.1	
ci1:Scaffold_576	Scaffold_576			AABS01000576.1	
ci1:Scaffold_577	Scaffold_577			AABS01000577.1	
ci1:Scaffold_578	Scaffold_578			AABS01000578.1	
ci1:Scaffold_579	Scaffold_579			AABS01000579.1	
ci1:Scaffold_58	Scaffold_58			AABS01000058.1	
ci1:Scaffold_580	Scaffold_580			AABS01000580.1	
ci1:Scaffold_581	Scaffold_581			AABS01000581.1	
ci1:Scaffold_582	Scaffold_582			AABS01000582.1	
ci1:Scaffold_583	Scaffold_583			AABS01000583.1	
ci1:Scaffold_584	Scaffold_584			AABS01000584.1	
ci1:Scaffold_585	Scaffold_585			AABS01000585.1	
ci1:Scaffold_586	Scaffold_586			AABS01000586.1	
ci1:Scaffold_587	Scaffold_587			AABS01000587.1	
ci1:Scaffold_588	Scaffold_588			AABS01000588.1	
ci1:Scaffold_589	Scaffold_589			AABS01000589.1	
ci1:Scaffold_59	Scaffold_59			AABS01000059.1	
ci1:Scaffold_590	Scaffold_590			AABS01000590.1	
ci1:Scaffold_591	Scaffold_591			AABS01000591.1	
ci1:Scaffold_592	Scaffold_592			AABS01000592.1	
ci1:Scaffold_593	Scaffold_593			AABS01000593.1	
ci1:Scaffold_594	Scaffold_594			AABS01000594.1	
ci1:Scaffold_595	Scaffold_595			AABS01000595.1	
ci1:Scaffold_596	Scaffold_596			AABS01000596.1	
ci1:Scaffold_597	Scaffold_597			AABS01000597.1	
ci1:Scaffold_598	Scaffold_598			AABS01000598.1	
ci1:Scaffold_599	Scaffold_599			AABS01000599.1	
ci1:Scaffold_6	Scaffold_6			AABS01000006.1	
ci1:Scaffold_60	Scaffold_60			AABS01000060.1	
ci1:Scaffold_600	Scaffold_600			AABS01000600.1	
ci1:Scaffold_601	Scaffold_601			AABS01000601.1	
ci1:Scaffold_602	Scaffold_602			AABS01000602.1	
ci1:Scaffold_603	Scaffold_603			AABS01000603.1	
ci1:Scaffold_604	Scaffold_604			AABS01000604.1	
ci1:Scaffold_605	Scaffold_605			AABS01000605.1	
ci1:Scaffold_606	Scaffold_606			AABS01000606.1	
ci1:Scaffold_607	Scaffold_607			AABS01000607.1	
ci1:Scaffold_608	Scaffold_608			AABS01000608.1	
ci1:Scaffold_609	Scaffold_609			AABS01000609.1	
ci1:Scaffold_61	Scaffold_61			AABS01000061.1	
ci1:Scaffold_610	Scaffold_610			AABS01000610.1	
ci1:Scaffold_611	Scaffold_611			AABS01000611.1	
ci1:Scaffold_612	Scaffold_612			AABS01000612.1	
ci1:Scaffold_613	Scaffold_613			AABS01000613.1	
ci1:Scaffold_614	Scaffold_614			AABS01000614.1	
ci1:Scaffold_615	Scaffold_615			AABS01000615.1	
ci1:Scaffold_616	Scaffold_616			AABS01000616.1	
ci1:Scaffold_617	Scaffold_617			AABS01000617.1	
ci1:Scaffold_618	Scaffold_618			AABS01000618.1	
ci1:Scaffold_619	Scaffold_619			AABS01000619.1	
ci1:Scaffold_62	Scaffold_62			AABS01000062.1	
ci1:Scaffold_620	Scaffold_620			AABS01000620.1	
ci1:Scaffold_621	Scaffold_621			AABS01000621.1	
ci1:Scaffold_622	Scaffold_622			AABS01000622.1	
ci1:Scaffold_623	Scaffold_623			AABS01000623.1	
ci1:Scaffold_624	Scaffold_624			AABS01000624.1	
ci1:Scaffold_625	Scaffold_625			AABS01000625.1	
ci1:Scaffold_626	Scaffold_626			AABS01000626.1	
ci1:Scaffold_627	Scaffold_627			AABS01000627.1	
ci1:Scaffold_628	Scaffold_628			AABS01000628.1	
ci1:Scaffold_629	Scaffold_629			AABS01000629.1	
ci1:Scaffold_63	Scaffold_63			AABS01000063.1	
ci1:Scaffold_630	Scaffold_630			AABS01000630.1	
ci1:Scaffold_631	Scaffold_631			AABS01000631.1	
ci1:Scaffold_632	Scaffold_632			AABS01000632.1	
ci1:Scaffold_633	Scaffold_633			AABS01000633.1	
ci1:Scaffold_634	Scaffold_634			AABS01000634.1	
ci1:Scaffold_635	Scaffold_635			AABS01000635.1	
ci1:Scaffold_636	Scaffold_636			AABS01000636.1	
ci1:Scaffold_637	Scaffold_637			AABS01000637.1	
ci1:Scaffold_638	Scaffold_638			AABS01000638.1	
ci1:Scaffold_639	Scaffold_639			AABS01000639.1	
ci1:Scaffold_64	Scaffold_64			AABS01000064.1	
ci1:Scaffold_640	Scaffold_640			AABS01000640.1	
ci1:Scaffold_641	Scaffold_641			AABS01000641.1	
ci1:Scaffold_642	Scaffold_642			AABS01000642.1	
ci1:Scaffold_643	Scaffold_643			AABS01000643.1	
ci1:Scaffold_644	Scaffold_644			AABS01000644.1	
ci1:Scaffold_645	Scaffold_645			AABS01000645.1	
ci1:Scaffold_646	Scaffold_646			AABS01000646.1	
ci1:Scaffold_647	Scaffold_647			AABS01000647.1	
ci1:Scaffold_648	Scaffold_648			AABS01000648.1	
ci1:Scaffold_649	Scaffold_649			AABS01000649.1	
ci1:Scaffold_65	Scaffold_65			AABS01000065.1	
ci1:Scaffold_650	Scaffold_650			AABS01000650.1	
ci1:Scaffold_651	Scaffold_651			AABS01000651.1	
ci1:Scaffold_652	Scaffold_652			AABS01000652.1	
ci1:Scaffold_653	Scaffold_653			AABS01000653.1	
ci1:Scaffold_654	Scaffold_654			AABS01000654.1	
ci1:Scaffold_655	Scaffold_655			AABS01000655.1	
ci1:Scaffold_656	Scaffold_656			AABS01000656.1	
ci1:Scaffold_657	Scaffold_657			AABS01000657.1	
ci1:Scaffold_658	Scaffold_658			AABS01000658.1	
ci1:Scaffold_659	Scaffold_659			AABS01000659.1	
ci1:Scaffold_66	Scaffold_66			AABS01000066.1	
ci1:Scaffold_660	Scaffold_660			AABS01000660.1	
ci1:Scaffold_661	Scaffold_661			AABS01000661.1	
ci1:Scaffold_662	Scaffold_662			AABS01000662.1	
ci1:Scaffold_663	Scaffold_663			AABS01000663.1	
ci1:Scaffold_664	Scaffold_664			AABS01000664.1	
ci1:Scaffold_665	Scaffold_665			AABS01000665.1	
ci1:Scaffold_666	Scaffold_666			AABS01000666.1	
ci1:Scaffold_667	Scaffold_667			AABS01000667.1	
ci1:Scaffold_668	Scaffold_668			AABS01000668.1	
ci1:Scaffold_669	Scaffold_669			AABS01000669.1	
ci1:Scaffold_67	Scaffold_67			AABS01000067.1	
ci1:Scaffold_670	Scaffold_670			AABS01000670.1	
ci1:Scaffold_671	Scaffold_671			AABS01000671.1	
ci1:Scaffold_672	Scaffold_672			AABS01000672.1	
ci1:Scaffold_673	Scaffold_673			AABS01000673.1	
ci1:Scaffold_674	Scaffold_674			AABS01000674.1	
ci1:Scaffold_675	Scaffold_675			AABS01000675.1	
ci1:Scaffold_676	Scaffold_676			AABS01000676.1	
ci1:Scaffold_677	Scaffold_677			AABS01000677.1	
ci1:Scaffold_678	Scaffold_678			AABS01000678.1	
ci1:Scaffold_679	Scaffold_679			AABS01000679.1	
ci1:Scaffold_68	Scaffold_68			AABS01000068.1	
ci1:Scaffold_680	Scaffold_680			AABS01000680.1	
ci1:Scaffold_681	Scaffold_681			AABS01000681.1	
ci1:Scaffold_682	Scaffold_682			AABS01000682.1	
ci1:Scaffold_683	Scaffold_683			AABS01000683.1	
ci1:Scaffold_684	Scaffold_684			AABS01000684.1	
ci1:Scaffold_685	Scaffold_685			AABS01000685.1	
ci1:Scaffold_686	Scaffold_686			AABS01000686.1	
ci1:Scaffold_687	Scaffold_687			AABS01000687.1	
ci1:Scaffold_688	Scaffold_688			AABS01000688.1	
ci1:Scaffold_689	Scaffold_689			AABS01000689.1	
ci1:Scaffold_69	Scaffold_69			AABS01000069.1	
ci1:Scaffold_690	Scaffold_690			AABS01000690.1	
ci1:Scaffold_691	Scaffold_691			AABS01000691.1	
ci1:Scaffold_692	Scaffold_692			AABS01000692.1	
ci1:Scaffold_693	Scaffold_693			AABS01000693.1	
ci1:Scaffold_694	Scaffold_694			AABS01000694.1	
ci1:Scaffold_695	Scaffold_695			AABS01000695.1	
ci1:Scaffold_696	Scaffold_696			AABS01000696.1	
ci1:Scaffold_697	Scaffold_697			AABS01000697.1	
ci1:Scaffold_698	Scaffold_698			AABS01000698.1	
ci1:Scaffold_699	Scaffold_699			AABS01000699.1	
ci1:Scaffold_7	Scaffold_7			AABS01000007.1	
ci1:Scaffold_70	Scaffold_70			AABS01000070.1	
ci1:Scaffold_700	Scaffold_700			AABS01000700.1	
ci1:Scaffold_701	Scaffold_701			AABS01000701.1	
ci1:Scaffold_702	Scaffold_702			AABS01000702.1	
ci1:Scaffold_703	Scaffold_703			AABS01000703.1	
ci1:Scaffold_704	Scaffold_704			AABS01000704.1	
ci1:Scaffold_705	Scaffold_705			AABS01000705.1	
ci1:Scaffold_706	Scaffold_706			AABS01000706.1	
ci1:Scaffold_707	Scaffold_707			AABS01000707.1	
ci1:Scaffold_708	Scaffold_708			AABS01000708.1	
ci1:Scaffold_709	Scaffold_709			AABS01000709.1	
ci1:Scaffold_71	Scaffold_71			AABS01000071.1	
ci1:Scaffold_710	Scaffold_710			AABS01000710.1	
ci1:Scaffold_711	Scaffold_711			AABS01000711.1	
ci1:Scaffold_712	Scaffold_712			AABS01000712.1	
ci1:Scaffold_713	Scaffold_713			AABS01000713.1	
ci1:Scaffold_714	Scaffold_714			AABS01000714.1	
ci1:Scaffold_715	Scaffold_715			AABS01000715.1	
ci1:Scaffold_716	Scaffold_716			AABS01000716.1	
ci1:Scaffold_717	Scaffold_717			AABS01000717.1	
ci1:Scaffold_718	Scaffold_718			AABS01000718.1	
ci1:Scaffold_719	Scaffold_719			AABS01000719.1	
ci1:Scaffold_72	Scaffold_72			AABS01000072.1	
ci1:Scaffold_720	Scaffold_720			AABS01000720.1	
ci1:Scaffold_721	Scaffold_721			AABS01000721.1	
ci1:Scaffold_722	Scaffold_722			AABS01000722.1	
ci1:Scaffold_723	Scaffold_723			AABS01000723.1	
ci1:Scaffold_724	Scaffold_724			AABS01000724.1	
ci1:Scaffold_725	Scaffold_725			AABS01000725.1	
ci1:Scaffold_726	Scaffold_726			AABS01000726.1	
ci1:Scaffold_727	Scaffold_727			AABS01000727.1	
ci1:Scaffold_728	Scaffold_728			AABS01000728.1	
ci1:Scaffold_729	Scaffold_729			AABS01000729.1	
ci1:Scaffold_73	Scaffold_73			AABS01000073.1	
ci1:Scaffold_730	Scaffold_730			AABS01000730.1	
ci1:Scaffold_731	Scaffold_731			AABS01000731.1	
ci1:Scaffold_732	Scaffold_732			AABS01000732.1	
ci1:Scaffold_733	Scaffold_733			AABS01000733.1	
ci1:Scaffold_734	Scaffold_734			AABS01000734.1	
ci1:Scaffold_735	Scaffold_735			AABS01000735.1	
ci1:Scaffold_736	Scaffold_736			AABS01000736.1	
ci1:Scaffold_737	Scaffold_737			AABS01000737.1	
ci1:Scaffold_738	Scaffold_738			AABS01000738.1	
ci1:Scaffold_739	Scaffold_739			AABS01000739.1	
ci1:Scaffold_74	Scaffold_74			AABS01000074.1	
ci1:Scaffold_740	Scaffold_740			AABS01000740.1	
ci1:Scaffold_741	Scaffold_741			AABS01000741.1	
ci1:Scaffold_742	Scaffold_742			AABS01000742.1	
ci1:Scaffold_743	Scaffold_743			AABS01000743.1	
ci1:Scaffold_744	Scaffold_744			AABS01000744.1	
ci1:Scaffold_745	Scaffold_745			AABS01000745.1	
ci1:Scaffold_746	Scaffold_746			AABS01000746.1	
ci1:Scaffold_747	Scaffold_747			AABS01000747.1	
ci1:Scaffold_748	Scaffold_748			AABS01000748.1	
ci1:Scaffold_749	Scaffold_749			AABS01000749.1	
ci1:Scaffold_75	Scaffold_75			AABS01000075.1	
ci1:Scaffold_750	Scaffold_750			AABS01000750.1	
ci1:Scaffold_751	Scaffold_751			AABS01000751.1	
ci1:Scaffold_752	Scaffold_752			AABS01000752.1	
ci1:Scaffold_753	Scaffold_753			AABS01000753.1	
ci1:Scaffold_754	Scaffold_754			AABS01000754.1	
ci1:Scaffold_755	Scaffold_755			AABS01000755.1	
ci1:Scaffold_756	Scaffold_756			AABS01000756.1	
ci1:Scaffold_757	Scaffold_757			AABS01000757.1	
ci1:Scaffold_758	Scaffold_758			AABS01000758.1	
ci1:Scaffold_759	Scaffold_759			AABS01000759.1	
ci1:Scaffold_76	Scaffold_76			AABS01000076.1	
ci1:Scaffold_760	Scaffold_760			AABS01000760.1	
ci1:Scaffold_761	Scaffold_761			AABS01000761.1	
ci1:Scaffold_762	Scaffold_762			AABS01000762.1	
ci1:Scaffold_763	Scaffold_763			AABS01000763.1	
ci1:Scaffold_764	Scaffold_764			AABS01000764.1	
ci1:Scaffold_765	Scaffold_765			AABS01000765.1	
ci1:Scaffold_766	Scaffold_766			AABS01000766.1	
ci1:Scaffold_767	Scaffold_767			AABS01000767.1	
ci1:Scaffold_768	Scaffold_768			AABS01000768.1	
ci1:Scaffold_769	Scaffold_769			AABS01000769.1	
ci1:Scaffold_77	Scaffold_77			AABS01000077.1	
ci1:Scaffold_770	Scaffold_770			AABS01000770.1	
ci1:Scaffold_771	Scaffold_771			AABS01000771.1	
ci1:Scaffold_772	Scaffold_772			AABS01000772.1	
ci1:Scaffold_773	Scaffold_773			AABS01000773.1	
ci1:Scaffold_774	Scaffold_774			AABS01000774.1	
ci1:Scaffold_775	Scaffold_775			AABS01000775.1	
ci1:Scaffold_776	Scaffold_776			AABS01000776.1	
ci1:Scaffold_777	Scaffold_777			AABS01000777.1	
ci1:Scaffold_778	Scaffold_778			AABS01000778.1	
ci1:Scaffold_779	Scaffold_779			AABS01000779.1	
ci1:Scaffold_78	Scaffold_78			AABS01000078.1	
ci1:Scaffold_780	Scaffold_780			AABS01000780.1	
ci1:Scaffold_781	Scaffold_781			AABS01000781.1	
ci1:Scaffold_782	Scaffold_782			AABS01000782.1	
ci1:Scaffold_783	Scaffold_783			AABS01000783.1	
ci1:Scaffold_784	Scaffold_784			AABS01000784.1	
ci1:Scaffold_785	Scaffold_785			AABS01000785.1	
ci1:Scaffold_786	Scaffold_786			AABS01000786.1	
ci1:Scaffold_787	Scaffold_787			AABS01000787.1	
ci1:Scaffold_788	Scaffold_788			AABS01000788.1	
ci1:Scaffold_789	Scaffold_789			AABS01000789.1	
ci1:Scaffold_79	Scaffold_79			AABS01000079.1	
ci1:Scaffold_790	Scaffold_790			AABS01000790.1	
ci1:Scaffold_791	Scaffold_791			AABS01000791.1	
ci1:Scaffold_792	Scaffold_792			AABS01000792.1	
ci1:Scaffold_793	Scaffold_793			AABS01000793.1	
ci1:Scaffold_794	Scaffold_794			AABS01000794.1	
ci1:Scaffold_795	Scaffold_795			AABS01000795.1	
ci1:Scaffold_796	Scaffold_796			AABS01000796.1	
ci1:Scaffold_797	Scaffold_797			AABS01000797.1	
ci1:Scaffold_798	Scaffold_798			AABS01000798.1	
ci1:Scaffold_799	Scaffold_799			AABS01000799.1	
ci1:Scaffold_8	Scaffold_8			AABS01000008.1	
ci1:Scaffold_80	Scaffold_80			AABS01000080.1	
ci1:Scaffold_800	Scaffold_800			AABS01000800.1	
ci1:Scaffold_801	Scaffold_801			AABS01000801.1	
ci1:Scaffold_802	Scaffold_802			AABS01000802.1	
ci1:Scaffold_803	Scaffold_803			AABS01000803.1	
ci1:Scaffold_804	Scaffold_804			AABS01000804.1	
ci1:Scaffold_805	Scaffold_805			AABS01000805.1	
ci1:Scaffold_806	Scaffold_806			AABS01000806.1	
ci1:Scaffold_807	Scaffold_807			AABS01000807.1	
ci1:Scaffold_808	Scaffold_808			AABS01000808.1	
ci1:Scaffold_809	Scaffold_809			AABS01000809.1	
ci1:Scaffold_81	Scaffold_81			AABS01000081.1	
ci1:Scaffold_810	Scaffold_810			AABS01000810.1	
ci1:Scaffold_811	Scaffold_811			AABS01000811.1	
ci1:Scaffold_812	Scaffold_812			AABS01000812.1	
ci1:Scaffold_813	Scaffold_813			AABS01000813.1	
ci1:Scaffold_814	Scaffold_814			AABS01000814.1	
ci1:Scaffold_815	Scaffold_815			AABS01000815.1	
ci1:Scaffold_816	Scaffold_816			AABS01000816.1	
ci1:Scaffold_817	Scaffold_817			AABS01000817.1	
ci1:Scaffold_818	Scaffold_818			AABS01000818.1	
ci1:Scaffold_819	Scaffold_819			AABS01000819.1	
ci1:Scaffold_82	Scaffold_82			AABS01000082.1	
ci1:Scaffold_820	Scaffold_820			AABS01000820.1	
ci1:Scaffold_821	Scaffold_821			AABS01000821.1	
ci1:Scaffold_822	Scaffold_822			AABS01000822.1	
ci1:Scaffold_823	Scaffold_823			AABS01000823.1	
ci1:Scaffold_824	Scaffold_824			AABS01000824.1	
ci1:Scaffold_825	Scaffold_825			AABS01000825.1	
ci1:Scaffold_826	Scaffold_826			AABS01000826.1	
ci1:Scaffold_827	Scaffold_827			AABS01000827.1	
ci1:Scaffold_828	Scaffold_828			AABS01000828.1	
ci1:Scaffold_829	Scaffold_829			AABS01000829.1	
ci1:Scaffold_83	Scaffold_83			AABS01000083.1	
ci1:Scaffold_830	Scaffold_830			AABS01000830.1	
ci1:Scaffold_831	Scaffold_831			AABS01000831.1	
ci1:Scaffold_832	Scaffold_832			AABS01000832.1	
ci1:Scaffold_833	Scaffold_833			AABS01000833.1	
ci1:Scaffold_834	Scaffold_834			AABS01000834.1	
ci1:Scaffold_835	Scaffold_835			AABS01000835.1	
ci1:Scaffold_836	Scaffold_836			AABS01000836.1	
ci1:Scaffold_837	Scaffold_837			AABS01000837.1	
ci1:Scaffold_838	Scaffold_838			AABS01000838.1	
ci1:Scaffold_839	Scaffold_839			AABS01000839.1	
ci1:Scaffold_84	Scaffold_84			AABS01000084.1	
ci1:Scaffold_840	Scaffold_840			AABS01000840.1	
ci1:Scaffold_841	Scaffold_841			AABS01000841.1	
ci1:Scaffold_842	Scaffold_842			AABS01000842.1	
ci1:Scaffold_843	Scaffold_843			AABS01000843.1	
ci1:Scaffold_844	Scaffold_844			AABS01000844.1	
ci1:Scaffold_845	Scaffold_845			AABS01000845.1	
ci1:Scaffold_846	Scaffold_846			AABS01000846.1	
ci1:Scaffold_847	Scaffold_847			AABS01000847.1	
ci1:Scaffold_848	Scaffold_848			AABS01000848.1	
ci1:Scaffold_849	Scaffold_849			AABS01000849.1	
ci1:Scaffold_85	Scaffold_85			AABS01000085.1	
ci1:Scaffold_850	Scaffold_850			AABS01000850.1	
ci1:Scaffold_851	Scaffold_851			AABS01000851.1	
ci1:Scaffold_852	Scaffold_852			AABS01000852.1	
ci1:Scaffold_853	Scaffold_853			AABS01000853.1	
ci1:Scaffold_854	Scaffold_854			AABS01000854.1	
ci1:Scaffold_855	Scaffold_855			AABS01000855.1	
ci1:Scaffold_856	Scaffold_856			AABS01000856.1	
ci1:Scaffold_857	Scaffold_857			AABS01000857.1	
ci1:Scaffold_858	Scaffold_858			AABS01000858.1	
ci1:Scaffold_859	Scaffold_859			AABS01000859.1	
ci1:Scaffold_86	Scaffold_86			AABS01000086.1	
ci1:Scaffold_860	Scaffold_860			AABS01000860.1	
ci1:Scaffold_861	Scaffold_861			AABS01000861.1	
ci1:Scaffold_862	Scaffold_862			AABS01000862.1	
ci1:Scaffold_863	Scaffold_863			AABS01000863.1	
ci1:Scaffold_864	Scaffold_864			AABS01000864.1	
ci1:Scaffold_865	Scaffold_865			AABS01000865.1	
ci1:Scaffold_866	Scaffold_866			AABS01000866.1	
ci1:Scaffold_867	Scaffold_867			AABS01000867.1	
ci1:Scaffold_868	Scaffold_868			AABS01000868.1	
ci1:Scaffold_869	Scaffold_869			AABS01000869.1	
ci1:Scaffold_87	Scaffold_87			AABS01000087.1	
ci1:Scaffold_870	Scaffold_870			AABS01000870.1	
ci1:Scaffold_871	Scaffold_871			AABS01000871.1	
ci1:Scaffold_872	Scaffold_872			AABS01000872.1	
ci1:Scaffold_873	Scaffold_873			AABS01000873.1	
ci1:Scaffold_874	Scaffold_874			AABS01000874.1	
ci1:Scaffold_875	Scaffold_875			AABS01000875.1	
ci1:Scaffold_876	Scaffold_876			AABS01000876.1	
ci1:Scaffold_877	Scaffold_877			AABS01000877.1	
ci1:Scaffold_878	Scaffold_878			AABS01000878.1	
ci1:Scaffold_879	Scaffold_879			AABS01000879.1	
ci1:Scaffold_88	Scaffold_88			AABS01000088.1	
ci1:Scaffold_880	Scaffold_880			AABS01000880.1	
ci1:Scaffold_881	Scaffold_881			AABS01000881.1	
ci1:Scaffold_882	Scaffold_882			AABS01000882.1	
ci1:Scaffold_883	Scaffold_883			AABS01000883.1	
ci1:Scaffold_884	Scaffold_884			AABS01000884.1	
ci1:Scaffold_885	Scaffold_885			AABS01000885.1	
ci1:Scaffold_886	Scaffold_886			AABS01000886.1	
ci1:Scaffold_887	Scaffold_887			AABS01000887.1	
ci1:Scaffold_888	Scaffold_888			AABS01000888.1	
ci1:Scaffold_889	Scaffold_889			AABS01000889.1	
ci1:Scaffold_89	Scaffold_89			AABS01000089.1	
ci1:Scaffold_890	Scaffold_890			AABS01000890.1	
ci1:Scaffold_891	Scaffold_891			AABS01000891.1	
ci1:Scaffold_892	Scaffold_892			AABS01000892.1	
ci1:Scaffold_893	Scaffold_893			AABS01000893.1	
ci1:Scaffold_894	Scaffold_894			AABS01000894.1	
ci1:Scaffold_895	Scaffold_895			AABS01000895.1	
ci1:Scaffold_896	Scaffold_896			AABS01000896.1	
ci1:Scaffold_897	Scaffold_897			AABS01000897.1	
ci1:Scaffold_898	Scaffold_898			AABS01000898.1	
ci1:Scaffold_899	Scaffold_899			AABS01000899.1	
ci1:Scaffold_9	Scaffold_9			AABS01000009.1	
ci1:Scaffold_90	Scaffold_90			AABS01000090.1	
ci1:Scaffold_900	Scaffold_900			AABS01000900.1	
ci1:Scaffold_901	Scaffold_901			AABS01000901.1	
ci1:Scaffold_902	Scaffold_902			AABS01000902.1	
ci1:Scaffold_903	Scaffold_903			AABS01000903.1	
ci1:Scaffold_904	Scaffold_904			AABS01000904.1	
ci1:Scaffold_905	Scaffold_905			AABS01000905.1	
ci1:Scaffold_906	Scaffold_906			AABS01000906.1	
ci1:Scaffold_907	Scaffold_907			AABS01000907.1	
ci1:Scaffold_908	Scaffold_908			AABS01000908.1	
ci1:Scaffold_909	Scaffold_909			AABS01000909.1	
ci1:Scaffold_91	Scaffold_91			AABS01000091.1	
ci1:Scaffold_910	Scaffold_910			AABS01000910.1	
ci1:Scaffold_911	Scaffold_911			AABS01000911.1	
ci1:Scaffold_912	Scaffold_912			AABS01000912.1	
ci1:Scaffold_913	Scaffold_913			AABS01000913.1	
ci1:Scaffold_914	Scaffold_914			AABS01000914.1	
ci1:Scaffold_915	Scaffold_915			AABS01000915.1	
ci1:Scaffold_916	Scaffold_916			AABS01000916.1	
ci1:Scaffold_917	Scaffold_917			AABS01000917.1	
ci1:Scaffold_918	Scaffold_918			AABS01000918.1	
ci1:Scaffold_919	Scaffold_919			AABS01000919.1	
ci1:Scaffold_92	Scaffold_92			AABS01000092.1	
ci1:Scaffold_920	Scaffold_920			AABS01000920.1	
ci1:Scaffold_921	Scaffold_921			AABS01000921.1	
ci1:Scaffold_922	Scaffold_922			AABS01000922.1	
ci1:Scaffold_923	Scaffold_923			AABS01000923.1	
ci1:Scaffold_924	Scaffold_924			AABS01000924.1	
ci1:Scaffold_925	Scaffold_925			AABS01000925.1	
ci1:Scaffold_926	Scaffold_926			AABS01000926.1	
ci1:Scaffold_927	Scaffold_927			AABS01000927.1	
ci1:Scaffold_928	Scaffold_928			AABS01000928.1	
ci1:Scaffold_929	Scaffold_929			AABS01000929.1	
ci1:Scaffold_93	Scaffold_93			AABS01000093.1	
ci1:Scaffold_930	Scaffold_930			AABS01000930.1	
ci1:Scaffold_931	Scaffold_931			AABS01000931.1	
ci1:Scaffold_932	Scaffold_932			AABS01000932.1	
ci1:Scaffold_933	Scaffold_933			AABS01000933.1	
ci1:Scaffold_934	Scaffold_934			AABS01000934.1	
ci1:Scaffold_935	Scaffold_935			AABS01000935.1	
ci1:Scaffold_936	Scaffold_936			AABS01000936.1	
ci1:Scaffold_937	Scaffold_937			AABS01000937.1	
ci1:Scaffold_938	Scaffold_938			AABS01000938.1	
ci1:Scaffold_939	Scaffold_939			AABS01000939.1	
ci1:Scaffold_94	Scaffold_94			AABS01000094.1	
ci1:Scaffold_940	Scaffold_940			AABS01000940.1	
ci1:Scaffold_941	Scaffold_941			AABS01000941.1	
ci1:Scaffold_942	Scaffold_942			AABS01000942.1	
ci1:Scaffold_943	Scaffold_943			AABS01000943.1	
ci1:Scaffold_944	Scaffold_944			AABS01000944.1	
ci1:Scaffold_945	Scaffold_945			AABS01000945.1	
ci1:Scaffold_946	Scaffold_946			AABS01000946.1	
ci1:Scaffold_947	Scaffold_947			AABS01000947.1	
ci1:Scaffold_948	Scaffold_948			AABS01000948.1	
ci1:Scaffold_949	Scaffold_949			AABS01000949.1	
ci1:Scaffold_95	Scaffold_95			AABS01000095.1	
ci1:Scaffold_950	Scaffold_950			AABS01000950.1	
ci1:Scaffold_951	Scaffold_951			AABS01000951.1	
ci1:Scaffold_952	Scaffold_952			AABS01000952.1	
ci1:Scaffold_953	Scaffold_953			AABS01000953.1	
ci1:Scaffold_954	Scaffold_954			AABS01000954.1	
ci1:Scaffold_955	Scaffold_955			AABS01000955.1	
ci1:Scaffold_956	Scaffold_956			AABS01000956.1	
ci1:Scaffold_957	Scaffold_957			AABS01000957.1	
ci1:Scaffold_958	Scaffold_958			AABS01000958.1	
ci1:Scaffold_959	Scaffold_959			AABS01000959.1	
ci1:Scaffold_96	Scaffold_96			AABS01000096.1	
ci1:Scaffold_960	Scaffold_960			AABS01000960.1	
ci1:Scaffold_961	Scaffold_961			AABS01000961.1	
ci1:Scaffold_962	Scaffold_962			AABS01000962.1	
ci1:Scaffold_963	Scaffold_963			AABS01000963.1	
ci1:Scaffold_964	Scaffold_964			AABS01000964.1	
ci1:Scaffold_965	Scaffold_965			AABS01000965.1	
ci1:Scaffold_966	Scaffold_966			AABS01000966.1	
ci1:Scaffold_967	Scaffold_967			AABS01000967.1	
ci1:Scaffold_968	Scaffold_968			AABS01000968.1	
ci1:Scaffold_969	Scaffold_969			AABS01000969.1	
ci1:Scaffold_97	Scaffold_97			AABS01000097.1	
ci1:Scaffold_970	Scaffold_970			AABS01000970.1	
ci1:Scaffold_971	Scaffold_971			AABS01000971.1	
ci1:Scaffold_972	Scaffold_972			AABS01000972.1	
ci1:Scaffold_973	Scaffold_973			AABS01000973.1	
ci1:Scaffold_974	Scaffold_974			AABS01000974.1	
ci1:Scaffold_975	Scaffold_975			AABS01000975.1	
ci1:Scaffold_976	Scaffold_976			AABS01000976.1	
ci1:Scaffold_977	Scaffold_977			AABS01000977.1	
ci1:Scaffold_978	Scaffold_978			AABS01000978.1	
ci1:Scaffold_979	Scaffold_979			AABS01000979.1	
ci1:Scaffold_98	Scaffold_98			AABS01000098.1	
ci1:Scaffold_980	Scaffold_980			AABS01000980.1	
ci1:Scaffold_981	Scaffold_981			AABS01000981.1	
ci1:Scaffold_982	Scaffold_982			AABS01000982.1	
ci1:Scaffold_983	Scaffold_983			AABS01000983.1	
ci1:Scaffold_984	Scaffold_984			AABS01000984.1	
ci1:Scaffold_985	Scaffold_985			AABS01000985.1	
ci1:Scaffold_986	Scaffold_986			AABS01000986.1	
ci1:Scaffold_987	Scaffold_987			AABS01000987.1	
ci1:Scaffold_988	Scaffold_988			AABS01000988.1	
ci1:Scaffold_989	Scaffold_989			AABS01000989.1	
ci1:Scaffold_99	Scaffold_99			AABS01000099.1	
ci1:Scaffold_990	Scaffold_990			AABS01000990.1	
ci1:Scaffold_991	Scaffold_991			AABS01000991.1	
ci1:Scaffold_992	Scaffold_992			AABS01000992.1	
ci1:Scaffold_993	Scaffold_993			AABS01000993.1	
ci1:Scaffold_994	Scaffold_994			AABS01000994.1	
ci1:Scaffold_995	Scaffold_995			AABS01000995.1	
ci1:Scaffold_996	Scaffold_996			AABS01000996.1	
ci1:Scaffold_997	Scaffold_997			AABS01000997.1	
ci1:Scaffold_998	Scaffold_998			AABS01000998.1	
ci1:Scaffold_999	Scaffold_999			AABS01000999.1	
