seq_id	ucsc	assembly	ensembl	genbank	refseq
felCat9:chrA1	chrA1		A1	CM001378.3	NC_018723.3
felCat9:chrA1_NW_019365239v1_random	chrA1_NW_019365239v1_random		AANG04000633.1	AANG04000633.1	NW_019365239.1
felCat9:chrA1_NW_019365240v1_random	chrA1_NW_019365240v1_random		AANG04000051.1	AANG04000051.1	NW_019365240.1
felCat9:chrA1_NW_019365241v1_random	chrA1_NW_019365241v1_random		AANG04003181.1	AANG04003181.1	NW_019365241.1
felCat9:chrA1_NW_019365242v1_random	chrA1_NW_019365242v1_random		AANG04002724.1	AANG04002724.1	NW_019365242.1
felCat9:chrA1_NW_019365243v1_random	chrA1_NW_019365243v1_random		AANG04000095.1	AANG04000095.1	NW_019365243.1
felCat9:chrA1_NW_019365244v1_random	chrA1_NW_019365244v1_random		AANG04004228.1	AANG04004228.1	NW_019365244.1
felCat9:chrA1_NW_019365245v1_random	chrA1_NW_019365245v1_random		AANG04002816.1	AANG04002816.1	NW_019365245.1
felCat9:chrA1_NW_019365246v1_random	chrA1_NW_019365246v1_random		AANG04002155.1	AANG04002155.1	NW_019365246.1
felCat9:chrA1_NW_019365247v1_random	chrA1_NW_019365247v1_random		AANG04001278.1	AANG04001278.1	NW_019365247.1
felCat9:chrA1_NW_019365248v1_random	chrA1_NW_019365248v1_random		AANG04000048.1	AANG04000048.1	NW_019365248.1
felCat9:chrA2	chrA2		A2	CM001379.3	NC_018724.3
felCat9:chrA2_NW_019365249v1_random	chrA2_NW_019365249v1_random		AANG04004328.1	AANG04004328.1	NW_019365249.1
felCat9:chrA2_NW_019365250v1_random	chrA2_NW_019365250v1_random		AANG04000261.1	AANG04000261.1	NW_019365250.1
felCat9:chrA2_NW_019365251v1_random	chrA2_NW_019365251v1_random		AANG04003308.1	AANG04003308.1	NW_019365251.1
felCat9:chrA2_NW_019365252v1_random	chrA2_NW_019365252v1_random		AANG04001866.1	AANG04001866.1	NW_019365252.1
felCat9:chrA2_NW_019365253v1_random	chrA2_NW_019365253v1_random		AANG04003673.1	AANG04003673.1	NW_019365253.1
felCat9:chrA2_NW_019365254v1_random	chrA2_NW_019365254v1_random		AANG04001161.1	AANG04001161.1	NW_019365254.1
felCat9:chrA2_NW_019365255v1_random	chrA2_NW_019365255v1_random		AANG04002718.1	AANG04002718.1	NW_019365255.1
felCat9:chrA2_NW_019365256v1_random	chrA2_NW_019365256v1_random		AANG04002985.1	AANG04002985.1	NW_019365256.1
felCat9:chrA2_NW_019365257v1_random	chrA2_NW_019365257v1_random		AANG04003254.1	AANG04003254.1	NW_019365257.1
felCat9:chrA2_NW_019365258v1_random	chrA2_NW_019365258v1_random		AANG04003462.1	AANG04003462.1	NW_019365258.1
felCat9:chrA2_NW_019365259v1_random	chrA2_NW_019365259v1_random		AANG04003984.1	AANG04003984.1	NW_019365259.1
felCat9:chrA2_NW_019365260v1_random	chrA2_NW_019365260v1_random		AANG04004494.1	AANG04004494.1	NW_019365260.1
felCat9:chrA2_NW_019365261v1_random	chrA2_NW_019365261v1_random		AANG04000288.1	AANG04000288.1	NW_019365261.1
felCat9:chrA2_NW_019365262v1_random	chrA2_NW_019365262v1_random		AANG04001629.1	AANG04001629.1	NW_019365262.1
felCat9:chrA2_NW_019365263v1_random	chrA2_NW_019365263v1_random		AANG04002228.1	AANG04002228.1	NW_019365263.1
felCat9:chrA2_NW_019365264v1_random	chrA2_NW_019365264v1_random		AANG04002730.1	AANG04002730.1	NW_019365264.1
felCat9:chrA2_NW_019365265v1_random	chrA2_NW_019365265v1_random		AANG04000664.1	AANG04000664.1	NW_019365265.1
felCat9:chrA2_NW_019365266v1_random	chrA2_NW_019365266v1_random		AANG04003831.1	AANG04003831.1	NW_019365266.1
felCat9:chrA2_NW_019365267v1_random	chrA2_NW_019365267v1_random		AANG04002450.1	AANG04002450.1	NW_019365267.1
felCat9:chrA2_NW_019365268v1_random	chrA2_NW_019365268v1_random		AANG04000183.1	AANG04000183.1	NW_019365268.1
felCat9:chrA2_NW_019365269v1_random	chrA2_NW_019365269v1_random		AANG04000030.1	AANG04000030.1	NW_019365269.1
felCat9:chrA2_NW_019365270v1_random	chrA2_NW_019365270v1_random		AANG04000408.1	AANG04000408.1	NW_019365270.1
felCat9:chrA2_NW_019365271v1_random	chrA2_NW_019365271v1_random		AANG04000084.1	AANG04000084.1	NW_019365271.1
felCat9:chrA2_NW_019365272v1_random	chrA2_NW_019365272v1_random		AANG04000834.1	AANG04000834.1	NW_019365272.1
felCat9:chrA3	chrA3		A3	CM001380.3	NC_018725.3
felCat9:chrA3_NW_019365273v1_random	chrA3_NW_019365273v1_random		AANG04004540.1	AANG04004540.1	NW_019365273.1
felCat9:chrA3_NW_019365274v1_random	chrA3_NW_019365274v1_random		AANG04002783.1	AANG04002783.1	NW_019365274.1
felCat9:chrA3_NW_019365275v1_random	chrA3_NW_019365275v1_random		AANG04001104.1	AANG04001104.1	NW_019365275.1
felCat9:chrA3_NW_019365276v1_random	chrA3_NW_019365276v1_random		AANG04000195.1	AANG04000195.1	NW_019365276.1
felCat9:chrA3_NW_019365277v1_random	chrA3_NW_019365277v1_random		AANG04001632.1	AANG04001632.1	NW_019365277.1
felCat9:chrA3_NW_019365278v1_random	chrA3_NW_019365278v1_random		AANG04001171.1	AANG04001171.1	NW_019365278.1
felCat9:chrA3_NW_019365279v1_random	chrA3_NW_019365279v1_random		AANG04001641.1	AANG04001641.1	NW_019365279.1
felCat9:chrA3_NW_019365280v1_random	chrA3_NW_019365280v1_random		AANG04003997.1	AANG04003997.1	NW_019365280.1
felCat9:chrA3_NW_019365281v1_random	chrA3_NW_019365281v1_random		AANG04001904.1	AANG04001904.1	NW_019365281.1
felCat9:chrA3_NW_019365282v1_random	chrA3_NW_019365282v1_random		AANG04000767.1	AANG04000767.1	NW_019365282.1
felCat9:chrA3_NW_019365283v1_random	chrA3_NW_019365283v1_random		AANG04000093.1	AANG04000093.1	NW_019365283.1
felCat9:chrA3_NW_019365284v1_random	chrA3_NW_019365284v1_random		AANG04001102.1	AANG04001102.1	NW_019365284.1
felCat9:chrA3_NW_019365285v1_random	chrA3_NW_019365285v1_random		AANG04000347.1	AANG04000347.1	NW_019365285.1
felCat9:chrA3_NW_019365286v1_random	chrA3_NW_019365286v1_random		AANG04003668.1	AANG04003668.1	NW_019365286.1
felCat9:chrA3_NW_019365287v1_random	chrA3_NW_019365287v1_random		AANG04001319.1	AANG04001319.1	NW_019365287.1
felCat9:chrA3_NW_019365288v1_random	chrA3_NW_019365288v1_random		AANG04002046.1	AANG04002046.1	NW_019365288.1
felCat9:chrA3_NW_019365289v1_random	chrA3_NW_019365289v1_random		AANG04003792.1	AANG04003792.1	NW_019365289.1
felCat9:chrA3_NW_019365290v1_random	chrA3_NW_019365290v1_random		AANG04000293.1	AANG04000293.1	NW_019365290.1
felCat9:chrB1	chrB1		B1	CM001381.3	NC_018726.3
felCat9:chrB1_NW_019365291v1_random	chrB1_NW_019365291v1_random		AANG04002906.1	AANG04002906.1	NW_019365291.1
felCat9:chrB1_NW_019365292v1_random	chrB1_NW_019365292v1_random		AANG04000410.1	AANG04000410.1	NW_019365292.1
felCat9:chrB1_NW_019365293v1_random	chrB1_NW_019365293v1_random		AANG04002753.1	AANG04002753.1	NW_019365293.1
felCat9:chrB1_NW_019365294v1_random	chrB1_NW_019365294v1_random		AANG04003610.1	AANG04003610.1	NW_019365294.1
felCat9:chrB1_NW_019365295v1_random	chrB1_NW_019365295v1_random		AANG04001115.1	AANG04001115.1	NW_019365295.1
felCat9:chrB1_NW_019365296v1_random	chrB1_NW_019365296v1_random		AANG04004028.1	AANG04004028.1	NW_019365296.1
felCat9:chrB1_NW_019365297v1_random	chrB1_NW_019365297v1_random		AANG04004520.1	AANG04004520.1	NW_019365297.1
felCat9:chrB1_NW_019365298v1_random	chrB1_NW_019365298v1_random		AANG04003309.1	AANG04003309.1	NW_019365298.1
felCat9:chrB1_NW_019365299v1_random	chrB1_NW_019365299v1_random		AANG04004435.1	AANG04004435.1	NW_019365299.1
felCat9:chrB1_NW_019365300v1_random	chrB1_NW_019365300v1_random		AANG04001841.1	AANG04001841.1	NW_019365300.1
felCat9:chrB1_NW_019365301v1_random	chrB1_NW_019365301v1_random		AANG04001666.1	AANG04001666.1	NW_019365301.1
felCat9:chrB2	chrB2		B2	CM001382.3	NC_018727.3
felCat9:chrB2_NW_019365302v1_random	chrB2_NW_019365302v1_random		AANG04004025.1	AANG04004025.1	NW_019365302.1
felCat9:chrB2_NW_019365303v1_random	chrB2_NW_019365303v1_random		AANG04002106.1	AANG04002106.1	NW_019365303.1
felCat9:chrB2_NW_019365304v1_random	chrB2_NW_019365304v1_random		AANG04000760.1	AANG04000760.1	NW_019365304.1
felCat9:chrB2_NW_019365305v1_random	chrB2_NW_019365305v1_random		AANG04003605.1	AANG04003605.1	NW_019365305.1
felCat9:chrB2_NW_019365306v1_random	chrB2_NW_019365306v1_random		AANG04000671.1	AANG04000671.1	NW_019365306.1
felCat9:chrB2_NW_019365307v1_random	chrB2_NW_019365307v1_random		AANG04001091.1	AANG04001091.1	NW_019365307.1
felCat9:chrB2_NW_019365308v1_random	chrB2_NW_019365308v1_random		AANG04004125.1	AANG04004125.1	NW_019365308.1
felCat9:chrB2_NW_019365309v1_random	chrB2_NW_019365309v1_random		AANG04001932.1	AANG04001932.1	NW_019365309.1
felCat9:chrB2_NW_019365310v1_random	chrB2_NW_019365310v1_random		AANG04002080.1	AANG04002080.1	NW_019365310.1
felCat9:chrB2_NW_019365311v1_random	chrB2_NW_019365311v1_random		AANG04001329.1	AANG04001329.1	NW_019365311.1
felCat9:chrB2_NW_019365312v1_random	chrB2_NW_019365312v1_random		AANG04000613.1	AANG04000613.1	NW_019365312.1
felCat9:chrB2_NW_019365313v1_random	chrB2_NW_019365313v1_random		AANG04000507.1	AANG04000507.1	NW_019365313.1
felCat9:chrB2_NW_019365314v1_random	chrB2_NW_019365314v1_random		AANG04003126.1	AANG04003126.1	NW_019365314.1
felCat9:chrB2_NW_019365315v1_random	chrB2_NW_019365315v1_random		AANG04000637.1	AANG04000637.1	NW_019365315.1
felCat9:chrB2_NW_019365316v1_random	chrB2_NW_019365316v1_random		AANG04003696.1	AANG04003696.1	NW_019365316.1
felCat9:chrB2_NW_019365317v1_random	chrB2_NW_019365317v1_random		AANG04001471.1	AANG04001471.1	NW_019365317.1
felCat9:chrB2_NW_019365318v1_random	chrB2_NW_019365318v1_random		AANG04000525.1	AANG04000525.1	NW_019365318.1
felCat9:chrB2_NW_019365319v1_random	chrB2_NW_019365319v1_random		AANG04003310.1	AANG04003310.1	NW_019365319.1
felCat9:chrB2_NW_019365320v1_random	chrB2_NW_019365320v1_random		AANG04001699.1	AANG04001699.1	NW_019365320.1
felCat9:chrB2_NW_019365321v1_random	chrB2_NW_019365321v1_random		AANG04003107.1	AANG04003107.1	NW_019365321.1
felCat9:chrB2_NW_019365322v1_random	chrB2_NW_019365322v1_random		AANG04000242.1	AANG04000242.1	NW_019365322.1
felCat9:chrB2_NW_019365323v1_random	chrB2_NW_019365323v1_random		AANG04001619.1	AANG04001619.1	NW_019365323.1
felCat9:chrB2_NW_019365324v1_random	chrB2_NW_019365324v1_random		AANG04003174.1	AANG04003174.1	NW_019365324.1
felCat9:chrB2_NW_019365325v1_random	chrB2_NW_019365325v1_random		AANG04002861.1	AANG04002861.1	NW_019365325.1
felCat9:chrB2_NW_019365326v1_random	chrB2_NW_019365326v1_random		AANG04002020.1	AANG04002020.1	NW_019365326.1
felCat9:chrB2_NW_019365327v1_random	chrB2_NW_019365327v1_random		AANG04000776.1	AANG04000776.1	NW_019365327.1
felCat9:chrB2_NW_019365328v1_random	chrB2_NW_019365328v1_random		AANG04001268.1	AANG04001268.1	NW_019365328.1
felCat9:chrB2_NW_019365329v1_random	chrB2_NW_019365329v1_random		AANG04001332.1	AANG04001332.1	NW_019365329.1
felCat9:chrB3	chrB3		B3	CM001383.3	NC_018728.3
felCat9:chrB3_NW_019365330v1_random	chrB3_NW_019365330v1_random		AANG04003328.1	AANG04003328.1	NW_019365330.1
felCat9:chrB3_NW_019365331v1_random	chrB3_NW_019365331v1_random		AANG04003536.1	AANG04003536.1	NW_019365331.1
felCat9:chrB3_NW_019365332v1_random	chrB3_NW_019365332v1_random		AANG04001847.1	AANG04001847.1	NW_019365332.1
felCat9:chrB3_NW_019365333v1_random	chrB3_NW_019365333v1_random		AANG04004058.1	AANG04004058.1	NW_019365333.1
felCat9:chrB3_NW_019365334v1_random	chrB3_NW_019365334v1_random		AANG04003412.1	AANG04003412.1	NW_019365334.1
felCat9:chrB3_NW_019365335v1_random	chrB3_NW_019365335v1_random		AANG04000889.1	AANG04000889.1	NW_019365335.1
felCat9:chrB3_NW_019365336v1_random	chrB3_NW_019365336v1_random		AANG04004354.1	AANG04004354.1	NW_019365336.1
felCat9:chrB3_NW_019365337v1_random	chrB3_NW_019365337v1_random		AANG04003346.1	AANG04003346.1	NW_019365337.1
felCat9:chrB3_NW_019365338v1_random	chrB3_NW_019365338v1_random		AANG04004131.1	AANG04004131.1	NW_019365338.1
felCat9:chrB3_NW_019365339v1_random	chrB3_NW_019365339v1_random		AANG04003189.1	AANG04003189.1	NW_019365339.1
felCat9:chrB3_NW_019365340v1_random	chrB3_NW_019365340v1_random		AANG04001341.1	AANG04001341.1	NW_019365340.1
felCat9:chrB3_NW_019365341v1_random	chrB3_NW_019365341v1_random		AANG04003299.1	AANG04003299.1	NW_019365341.1
felCat9:chrB3_NW_019365342v1_random	chrB3_NW_019365342v1_random		AANG04000921.1	AANG04000921.1	NW_019365342.1
felCat9:chrB3_NW_019365343v1_random	chrB3_NW_019365343v1_random		AANG04002751.1	AANG04002751.1	NW_019365343.1
felCat9:chrB3_NW_019365344v1_random	chrB3_NW_019365344v1_random		AANG04002513.1	AANG04002513.1	NW_019365344.1
felCat9:chrB3_NW_019365345v1_random	chrB3_NW_019365345v1_random		AANG04003514.1	AANG04003514.1	NW_019365345.1
felCat9:chrB3_NW_019365346v1_random	chrB3_NW_019365346v1_random		AANG04004533.1	AANG04004533.1	NW_019365346.1
felCat9:chrB3_NW_019365347v1_random	chrB3_NW_019365347v1_random		AANG04003933.1	AANG04003933.1	NW_019365347.1
felCat9:chrB3_NW_019365348v1_random	chrB3_NW_019365348v1_random		AANG04001114.1	AANG04001114.1	NW_019365348.1
felCat9:chrB3_NW_019365349v1_random	chrB3_NW_019365349v1_random		AANG04002291.1	AANG04002291.1	NW_019365349.1
felCat9:chrB3_NW_019365350v1_random	chrB3_NW_019365350v1_random		AANG04001764.1	AANG04001764.1	NW_019365350.1
felCat9:chrB4	chrB4		B4	CM001384.3	NC_018729.3
felCat9:chrB4_NW_019365351v1_random	chrB4_NW_019365351v1_random		AANG04003992.1	AANG04003992.1	NW_019365351.1
felCat9:chrB4_NW_019365352v1_random	chrB4_NW_019365352v1_random		AANG04002719.1	AANG04002719.1	NW_019365352.1
felCat9:chrB4_NW_019365353v1_random	chrB4_NW_019365353v1_random		AANG04001635.1	AANG04001635.1	NW_019365353.1
felCat9:chrB4_NW_019365354v1_random	chrB4_NW_019365354v1_random		AANG04003017.1	AANG04003017.1	NW_019365354.1
felCat9:chrB4_NW_019365355v1_random	chrB4_NW_019365355v1_random		AANG04004303.1	AANG04004303.1	NW_019365355.1
felCat9:chrB4_NW_019365356v1_random	chrB4_NW_019365356v1_random		AANG04001314.1	AANG04001314.1	NW_019365356.1
felCat9:chrB4_NW_019365357v1_random	chrB4_NW_019365357v1_random		AANG04000275.1	AANG04000275.1	NW_019365357.1
felCat9:chrB4_NW_019365358v1_random	chrB4_NW_019365358v1_random		AANG04003374.1	AANG04003374.1	NW_019365358.1
felCat9:chrB4_NW_019365359v1_random	chrB4_NW_019365359v1_random		AANG04000413.1	AANG04000413.1	NW_019365359.1
felCat9:chrB4_NW_019365360v1_random	chrB4_NW_019365360v1_random		AANG04000233.1	AANG04000233.1	NW_019365360.1
felCat9:chrB4_NW_019365361v1_random	chrB4_NW_019365361v1_random		AANG04001696.1	AANG04001696.1	NW_019365361.1
felCat9:chrB4_NW_019365362v1_random	chrB4_NW_019365362v1_random		AANG04001992.1	AANG04001992.1	NW_019365362.1
felCat9:chrB4_NW_019365363v1_random	chrB4_NW_019365363v1_random		AANG04002658.1	AANG04002658.1	NW_019365363.1
felCat9:chrB4_NW_019365364v1_random	chrB4_NW_019365364v1_random		AANG04003856.1	AANG04003856.1	NW_019365364.1
felCat9:chrB4_NW_019365365v1_random	chrB4_NW_019365365v1_random		AANG04000737.1	AANG04000737.1	NW_019365365.1
felCat9:chrB4_NW_019365366v1_random	chrB4_NW_019365366v1_random		AANG04004588.1	AANG04004588.1	NW_019365366.1
felCat9:chrB4_NW_019365367v1_random	chrB4_NW_019365367v1_random		AANG04000983.1	AANG04000983.1	NW_019365367.1
felCat9:chrB4_NW_019365368v1_random	chrB4_NW_019365368v1_random		AANG04003998.1	AANG04003998.1	NW_019365368.1
felCat9:chrB4_NW_019365369v1_random	chrB4_NW_019365369v1_random		AANG04001387.1	AANG04001387.1	NW_019365369.1
felCat9:chrB4_NW_019365370v1_random	chrB4_NW_019365370v1_random		AANG04001494.1	AANG04001494.1	NW_019365370.1
felCat9:chrB4_NW_019365371v1_random	chrB4_NW_019365371v1_random		AANG04002220.1	AANG04002220.1	NW_019365371.1
felCat9:chrB4_NW_019365372v1_random	chrB4_NW_019365372v1_random		AANG04000756.1	AANG04000756.1	NW_019365372.1
felCat9:chrB4_NW_019365373v1_random	chrB4_NW_019365373v1_random		AANG04003840.1	AANG04003840.1	NW_019365373.1
felCat9:chrB4_NW_019365374v1_random	chrB4_NW_019365374v1_random		AANG04004368.1	AANG04004368.1	NW_019365374.1
felCat9:chrC1	chrC1		C1	CM001385.3	NC_018730.3
felCat9:chrC1_NW_019365375v1_random	chrC1_NW_019365375v1_random		AANG04003713.1	AANG04003713.1	NW_019365375.1
felCat9:chrC1_NW_019365376v1_random	chrC1_NW_019365376v1_random		AANG04003394.1	AANG04003394.1	NW_019365376.1
felCat9:chrC1_NW_019365377v1_random	chrC1_NW_019365377v1_random		AANG04001491.1	AANG04001491.1	NW_019365377.1
felCat9:chrC1_NW_019365378v1_random	chrC1_NW_019365378v1_random		AANG04002999.1	AANG04002999.1	NW_019365378.1
felCat9:chrC1_NW_019365379v1_random	chrC1_NW_019365379v1_random		AANG04003142.1	AANG04003142.1	NW_019365379.1
felCat9:chrC1_NW_019365380v1_random	chrC1_NW_019365380v1_random		AANG04001986.1	AANG04001986.1	NW_019365380.1
felCat9:chrC1_NW_019365381v1_random	chrC1_NW_019365381v1_random		AANG04000316.1	AANG04000316.1	NW_019365381.1
felCat9:chrC1_NW_019365382v1_random	chrC1_NW_019365382v1_random		AANG04001763.1	AANG04001763.1	NW_019365382.1
felCat9:chrC1_NW_019365383v1_random	chrC1_NW_019365383v1_random		AANG04001556.1	AANG04001556.1	NW_019365383.1
felCat9:chrC1_NW_019365384v1_random	chrC1_NW_019365384v1_random		AANG04003860.1	AANG04003860.1	NW_019365384.1
felCat9:chrC1_NW_019365385v1_random	chrC1_NW_019365385v1_random		AANG04003396.1	AANG04003396.1	NW_019365385.1
felCat9:chrC1_NW_019365386v1_random	chrC1_NW_019365386v1_random		AANG04003364.1	AANG04003364.1	NW_019365386.1
felCat9:chrC1_NW_019365387v1_random	chrC1_NW_019365387v1_random		AANG04002107.1	AANG04002107.1	NW_019365387.1
felCat9:chrC1_NW_019365388v1_random	chrC1_NW_019365388v1_random		AANG04002853.1	AANG04002853.1	NW_019365388.1
felCat9:chrC1_NW_019365389v1_random	chrC1_NW_019365389v1_random		AANG04004518.1	AANG04004518.1	NW_019365389.1
felCat9:chrC1_NW_019365390v1_random	chrC1_NW_019365390v1_random		AANG04003302.1	AANG04003302.1	NW_019365390.1
felCat9:chrC1_NW_019365391v1_random	chrC1_NW_019365391v1_random		AANG04002564.1	AANG04002564.1	NW_019365391.1
felCat9:chrC1_NW_019365392v1_random	chrC1_NW_019365392v1_random		AANG04003574.1	AANG04003574.1	NW_019365392.1
felCat9:chrC1_NW_019365393v1_random	chrC1_NW_019365393v1_random		AANG04000519.1	AANG04000519.1	NW_019365393.1
felCat9:chrC1_NW_019365394v1_random	chrC1_NW_019365394v1_random		AANG04004448.1	AANG04004448.1	NW_019365394.1
felCat9:chrC1_NW_019365395v1_random	chrC1_NW_019365395v1_random		AANG04001445.1	AANG04001445.1	NW_019365395.1
felCat9:chrC1_NW_019365396v1_random	chrC1_NW_019365396v1_random		AANG04001131.1	AANG04001131.1	NW_019365396.1
felCat9:chrC1_NW_019365397v1_random	chrC1_NW_019365397v1_random		AANG04002529.1	AANG04002529.1	NW_019365397.1
felCat9:chrC2	chrC2		C2	CM001386.3	NC_018731.3
felCat9:chrC2_NW_019365398v1_random	chrC2_NW_019365398v1_random		AANG04000970.1	AANG04000970.1	NW_019365398.1
felCat9:chrC2_NW_019365399v1_random	chrC2_NW_019365399v1_random		AANG04002956.1	AANG04002956.1	NW_019365399.1
felCat9:chrC2_NW_019365400v1_random	chrC2_NW_019365400v1_random		AANG04000198.1	AANG04000198.1	NW_019365400.1
felCat9:chrC2_NW_019365401v1_random	chrC2_NW_019365401v1_random		AANG04004531.1	AANG04004531.1	NW_019365401.1
felCat9:chrC2_NW_019365402v1_random	chrC2_NW_019365402v1_random		AANG04002598.1	AANG04002598.1	NW_019365402.1
felCat9:chrC2_NW_019365403v1_random	chrC2_NW_019365403v1_random		AANG04001664.1	AANG04001664.1	NW_019365403.1
felCat9:chrC2_NW_019365404v1_random	chrC2_NW_019365404v1_random		AANG04003050.1	AANG04003050.1	NW_019365404.1
felCat9:chrC2_NW_019365405v1_random	chrC2_NW_019365405v1_random		AANG04001883.1	AANG04001883.1	NW_019365405.1
felCat9:chrC2_NW_019365406v1_random	chrC2_NW_019365406v1_random		AANG04002523.1	AANG04002523.1	NW_019365406.1
felCat9:chrC2_NW_019365407v1_random	chrC2_NW_019365407v1_random		AANG04000673.1	AANG04000673.1	NW_019365407.1
felCat9:chrC2_NW_019365408v1_random	chrC2_NW_019365408v1_random		AANG04003647.1	AANG04003647.1	NW_019365408.1
felCat9:chrC2_NW_019365409v1_random	chrC2_NW_019365409v1_random		AANG04003865.1	AANG04003865.1	NW_019365409.1
felCat9:chrC2_NW_019365410v1_random	chrC2_NW_019365410v1_random		AANG04001048.1	AANG04001048.1	NW_019365410.1
felCat9:chrC2_NW_019365411v1_random	chrC2_NW_019365411v1_random		AANG04001350.1	AANG04001350.1	NW_019365411.1
felCat9:chrC2_NW_019365412v1_random	chrC2_NW_019365412v1_random		AANG04002488.1	AANG04002488.1	NW_019365412.1
felCat9:chrC2_NW_019365413v1_random	chrC2_NW_019365413v1_random		AANG04004293.1	AANG04004293.1	NW_019365413.1
felCat9:chrC2_NW_019365414v1_random	chrC2_NW_019365414v1_random		AANG04003244.1	AANG04003244.1	NW_019365414.1
felCat9:chrC2_NW_019365415v1_random	chrC2_NW_019365415v1_random		AANG04001287.1	AANG04001287.1	NW_019365415.1
felCat9:chrD1	chrD1		D1	CM001387.3	NC_018732.3
felCat9:chrD1_NW_019365416v1_random	chrD1_NW_019365416v1_random		AANG04003487.1	AANG04003487.1	NW_019365416.1
felCat9:chrD1_NW_019365417v1_random	chrD1_NW_019365417v1_random		AANG04000140.1	AANG04000140.1	NW_019365417.1
felCat9:chrD1_NW_019365418v1_random	chrD1_NW_019365418v1_random		AANG04002308.1	AANG04002308.1	NW_019365418.1
felCat9:chrD1_NW_019365419v1_random	chrD1_NW_019365419v1_random		AANG04001975.1	AANG04001975.1	NW_019365419.1
felCat9:chrD1_NW_019365420v1_random	chrD1_NW_019365420v1_random		AANG04003297.1	AANG04003297.1	NW_019365420.1
felCat9:chrD1_NW_019365421v1_random	chrD1_NW_019365421v1_random		AANG04001058.1	AANG04001058.1	NW_019365421.1
felCat9:chrD1_NW_019365422v1_random	chrD1_NW_019365422v1_random		AANG04003385.1	AANG04003385.1	NW_019365422.1
felCat9:chrD1_NW_019365423v1_random	chrD1_NW_019365423v1_random		AANG04003691.1	AANG04003691.1	NW_019365423.1
felCat9:chrD1_NW_019365424v1_random	chrD1_NW_019365424v1_random		AANG04001399.1	AANG04001399.1	NW_019365424.1
felCat9:chrD1_NW_019365425v1_random	chrD1_NW_019365425v1_random		AANG04000999.1	AANG04000999.1	NW_019365425.1
felCat9:chrD1_NW_019365426v1_random	chrD1_NW_019365426v1_random		AANG04004230.1	AANG04004230.1	NW_019365426.1
felCat9:chrD1_NW_019365427v1_random	chrD1_NW_019365427v1_random		AANG04000113.1	AANG04000113.1	NW_019365427.1
felCat9:chrD1_NW_019365428v1_random	chrD1_NW_019365428v1_random		AANG04000467.1	AANG04000467.1	NW_019365428.1
felCat9:chrD1_NW_019365429v1_random	chrD1_NW_019365429v1_random		AANG04004130.1	AANG04004130.1	NW_019365429.1
felCat9:chrD1_NW_019365430v1_random	chrD1_NW_019365430v1_random		AANG04004593.1	AANG04004593.1	NW_019365430.1
felCat9:chrD1_NW_019365431v1_random	chrD1_NW_019365431v1_random		AANG04000046.1	AANG04000046.1	NW_019365431.1
felCat9:chrD1_NW_019365432v1_random	chrD1_NW_019365432v1_random		AANG04003295.1	AANG04003295.1	NW_019365432.1
felCat9:chrD1_NW_019365433v1_random	chrD1_NW_019365433v1_random		AANG04000040.1	AANG04000040.1	NW_019365433.1
felCat9:chrD1_NW_019365434v1_random	chrD1_NW_019365434v1_random		AANG04003405.1	AANG04003405.1	NW_019365434.1
felCat9:chrD1_NW_019365435v1_random	chrD1_NW_019365435v1_random		AANG04000253.1	AANG04000253.1	NW_019365435.1
felCat9:chrD1_NW_019365436v1_random	chrD1_NW_019365436v1_random		AANG04001730.1	AANG04001730.1	NW_019365436.1
felCat9:chrD1_NW_019365437v1_random	chrD1_NW_019365437v1_random		AANG04000155.1	AANG04000155.1	NW_019365437.1
felCat9:chrD1_NW_019365438v1_random	chrD1_NW_019365438v1_random		AANG04003570.1	AANG04003570.1	NW_019365438.1
felCat9:chrD1_NW_019365439v1_random	chrD1_NW_019365439v1_random		AANG04002391.1	AANG04002391.1	NW_019365439.1
felCat9:chrD1_NW_019365440v1_random	chrD1_NW_019365440v1_random		AANG04002951.1	AANG04002951.1	NW_019365440.1
felCat9:chrD1_NW_019365441v1_random	chrD1_NW_019365441v1_random		AANG04000217.1	AANG04000217.1	NW_019365441.1
felCat9:chrD1_NW_019365442v1_random	chrD1_NW_019365442v1_random		AANG04001796.1	AANG04001796.1	NW_019365442.1
felCat9:chrD1_NW_019365443v1_random	chrD1_NW_019365443v1_random		AANG04003842.1	AANG04003842.1	NW_019365443.1
felCat9:chrD1_NW_019365444v1_random	chrD1_NW_019365444v1_random		AANG04004727.1	AANG04004727.1	NW_019365444.1
felCat9:chrD1_NW_019365445v1_random	chrD1_NW_019365445v1_random		AANG04000212.1	AANG04000212.1	NW_019365445.1
felCat9:chrD1_NW_019365446v1_random	chrD1_NW_019365446v1_random		AANG04001767.1	AANG04001767.1	NW_019365446.1
felCat9:chrD2	chrD2		D2	CM001388.3	NC_018733.3
felCat9:chrD2_NW_019365447v1_random	chrD2_NW_019365447v1_random		AANG04000203.1	AANG04000203.1	NW_019365447.1
felCat9:chrD2_NW_019365448v1_random	chrD2_NW_019365448v1_random		AANG04002696.1	AANG04002696.1	NW_019365448.1
felCat9:chrD2_NW_019365449v1_random	chrD2_NW_019365449v1_random		AANG04000135.1	AANG04000135.1	NW_019365449.1
felCat9:chrD2_NW_019365450v1_random	chrD2_NW_019365450v1_random		AANG04003296.1	AANG04003296.1	NW_019365450.1
felCat9:chrD2_NW_019365451v1_random	chrD2_NW_019365451v1_random		AANG04002047.1	AANG04002047.1	NW_019365451.1
felCat9:chrD2_NW_019365452v1_random	chrD2_NW_019365452v1_random		AANG04000143.1	AANG04000143.1	NW_019365452.1
felCat9:chrD2_NW_019365453v1_random	chrD2_NW_019365453v1_random		AANG04004555.1	AANG04004555.1	NW_019365453.1
felCat9:chrD2_NW_019365454v1_random	chrD2_NW_019365454v1_random		AANG04004489.1	AANG04004489.1	NW_019365454.1
felCat9:chrD2_NW_019365455v1_random	chrD2_NW_019365455v1_random		AANG04003074.1	AANG04003074.1	NW_019365455.1
felCat9:chrD2_NW_019365456v1_random	chrD2_NW_019365456v1_random		AANG04000469.1	AANG04000469.1	NW_019365456.1
felCat9:chrD2_NW_019365457v1_random	chrD2_NW_019365457v1_random		AANG04003765.1	AANG04003765.1	NW_019365457.1
felCat9:chrD2_NW_019365458v1_random	chrD2_NW_019365458v1_random		AANG04002351.1	AANG04002351.1	NW_019365458.1
felCat9:chrD2_NW_019365459v1_random	chrD2_NW_019365459v1_random		AANG04003366.1	AANG04003366.1	NW_019365459.1
felCat9:chrD2_NW_019365460v1_random	chrD2_NW_019365460v1_random		AANG04004609.1	AANG04004609.1	NW_019365460.1
felCat9:chrD3	chrD3		D3	CM001389.3	NC_018734.3
felCat9:chrD3_NW_019365461v1_random	chrD3_NW_019365461v1_random		AANG04001993.1	AANG04001993.1	NW_019365461.1
felCat9:chrD3_NW_019365462v1_random	chrD3_NW_019365462v1_random		AANG04002960.1	AANG04002960.1	NW_019365462.1
felCat9:chrD3_NW_019365463v1_random	chrD3_NW_019365463v1_random		AANG04001719.1	AANG04001719.1	NW_019365463.1
felCat9:chrD3_NW_019365464v1_random	chrD3_NW_019365464v1_random		AANG04003948.1	AANG04003948.1	NW_019365464.1
felCat9:chrD3_NW_019365465v1_random	chrD3_NW_019365465v1_random		AANG04004333.1	AANG04004333.1	NW_019365465.1
felCat9:chrD3_NW_019365466v1_random	chrD3_NW_019365466v1_random		AANG04004070.1	AANG04004070.1	NW_019365466.1
felCat9:chrD3_NW_019365467v1_random	chrD3_NW_019365467v1_random		AANG04001291.1	AANG04001291.1	NW_019365467.1
felCat9:chrD3_NW_019365468v1_random	chrD3_NW_019365468v1_random		AANG04002246.1	AANG04002246.1	NW_019365468.1
felCat9:chrD3_NW_019365469v1_random	chrD3_NW_019365469v1_random		AANG04002443.1	AANG04002443.1	NW_019365469.1
felCat9:chrD3_NW_019365470v1_random	chrD3_NW_019365470v1_random		AANG04003430.1	AANG04003430.1	NW_019365470.1
felCat9:chrD3_NW_019365471v1_random	chrD3_NW_019365471v1_random		AANG04000150.1	AANG04000150.1	NW_019365471.1
felCat9:chrD3_NW_019365472v1_random	chrD3_NW_019365472v1_random		AANG04002778.1	AANG04002778.1	NW_019365472.1
felCat9:chrD3_NW_019365473v1_random	chrD3_NW_019365473v1_random		AANG04002704.1	AANG04002704.1	NW_019365473.1
felCat9:chrD3_NW_019365474v1_random	chrD3_NW_019365474v1_random		AANG04002779.1	AANG04002779.1	NW_019365474.1
felCat9:chrD4	chrD4		D4	CM001390.3	NC_018735.3
felCat9:chrD4_NW_019365475v1_random	chrD4_NW_019365475v1_random		AANG04002277.1	AANG04002277.1	NW_019365475.1
felCat9:chrD4_NW_019365476v1_random	chrD4_NW_019365476v1_random		AANG04001436.1	AANG04001436.1	NW_019365476.1
felCat9:chrD4_NW_019365477v1_random	chrD4_NW_019365477v1_random		AANG04001738.1	AANG04001738.1	NW_019365477.1
felCat9:chrD4_NW_019365478v1_random	chrD4_NW_019365478v1_random		AANG04000022.1	AANG04000022.1	NW_019365478.1
felCat9:chrD4_NW_019365479v1_random	chrD4_NW_019365479v1_random		AANG04000012.1	AANG04000012.1	NW_019365479.1
felCat9:chrD4_NW_019365480v1_random	chrD4_NW_019365480v1_random		AANG04003235.1	AANG04003235.1	NW_019365480.1
felCat9:chrD4_NW_019365481v1_random	chrD4_NW_019365481v1_random		AANG04003079.1	AANG04003079.1	NW_019365481.1
felCat9:chrD4_NW_019365482v1_random	chrD4_NW_019365482v1_random		AANG04002582.1	AANG04002582.1	NW_019365482.1
felCat9:chrD4_NW_019365483v1_random	chrD4_NW_019365483v1_random		AANG04003351.1	AANG04003351.1	NW_019365483.1
felCat9:chrD4_NW_019365484v1_random	chrD4_NW_019365484v1_random		AANG04000360.1	AANG04000360.1	NW_019365484.1
felCat9:chrE1	chrE1		E1	CM001391.3	NC_018736.3
felCat9:chrE1_NW_019365485v1_random	chrE1_NW_019365485v1_random		AANG04003221.1	AANG04003221.1	NW_019365485.1
felCat9:chrE1_NW_019365486v1_random	chrE1_NW_019365486v1_random		AANG04001122.1	AANG04001122.1	NW_019365486.1
felCat9:chrE1_NW_019365487v1_random	chrE1_NW_019365487v1_random		AANG04004643.1	AANG04004643.1	NW_019365487.1
felCat9:chrE1_NW_019365488v1_random	chrE1_NW_019365488v1_random		AANG04004367.1	AANG04004367.1	NW_019365488.1
felCat9:chrE1_NW_019365489v1_random	chrE1_NW_019365489v1_random		AANG04000898.1	AANG04000898.1	NW_019365489.1
felCat9:chrE1_NW_019365490v1_random	chrE1_NW_019365490v1_random		AANG04001500.1	AANG04001500.1	NW_019365490.1
felCat9:chrE1_NW_019365491v1_random	chrE1_NW_019365491v1_random		AANG04001108.1	AANG04001108.1	NW_019365491.1
felCat9:chrE1_NW_019365492v1_random	chrE1_NW_019365492v1_random		AANG04002944.1	AANG04002944.1	NW_019365492.1
felCat9:chrE1_NW_019365493v1_random	chrE1_NW_019365493v1_random		AANG04002241.1	AANG04002241.1	NW_019365493.1
felCat9:chrE1_NW_019365494v1_random	chrE1_NW_019365494v1_random		AANG04004353.1	AANG04004353.1	NW_019365494.1
felCat9:chrE1_NW_019365495v1_random	chrE1_NW_019365495v1_random		AANG04004308.1	AANG04004308.1	NW_019365495.1
felCat9:chrE1_NW_019365496v1_random	chrE1_NW_019365496v1_random		AANG04004247.1	AANG04004247.1	NW_019365496.1
felCat9:chrE1_NW_019365497v1_random	chrE1_NW_019365497v1_random		AANG04002544.1	AANG04002544.1	NW_019365497.1
felCat9:chrE1_NW_019365498v1_random	chrE1_NW_019365498v1_random		AANG04004347.1	AANG04004347.1	NW_019365498.1
felCat9:chrE1_NW_019365499v1_random	chrE1_NW_019365499v1_random		AANG04001007.1	AANG04001007.1	NW_019365499.1
felCat9:chrE2	chrE2		E2	CM001392.3	NC_018737.3
felCat9:chrE2_NW_019365500v1_random	chrE2_NW_019365500v1_random		AANG04000259.1	AANG04000259.1	NW_019365500.1
felCat9:chrE2_NW_019365501v1_random	chrE2_NW_019365501v1_random		AANG04003361.1	AANG04003361.1	NW_019365501.1
felCat9:chrE2_NW_019365502v1_random	chrE2_NW_019365502v1_random		AANG04000328.1	AANG04000328.1	NW_019365502.1
felCat9:chrE2_NW_019365503v1_random	chrE2_NW_019365503v1_random		AANG04000213.1	AANG04000213.1	NW_019365503.1
felCat9:chrE2_NW_019365504v1_random	chrE2_NW_019365504v1_random		AANG04002327.1	AANG04002327.1	NW_019365504.1
felCat9:chrE2_NW_019365505v1_random	chrE2_NW_019365505v1_random		AANG04001008.1	AANG04001008.1	NW_019365505.1
felCat9:chrE2_NW_019365506v1_random	chrE2_NW_019365506v1_random		AANG04004527.1	AANG04004527.1	NW_019365506.1
felCat9:chrE2_NW_019365507v1_random	chrE2_NW_019365507v1_random		AANG04002386.1	AANG04002386.1	NW_019365507.1
felCat9:chrE2_NW_019365508v1_random	chrE2_NW_019365508v1_random		AANG04002021.1	AANG04002021.1	NW_019365508.1
felCat9:chrE2_NW_019365509v1_random	chrE2_NW_019365509v1_random		AANG04002606.1	AANG04002606.1	NW_019365509.1
felCat9:chrE2_NW_019365510v1_random	chrE2_NW_019365510v1_random		AANG04004463.1	AANG04004463.1	NW_019365510.1
felCat9:chrE2_NW_019365511v1_random	chrE2_NW_019365511v1_random		AANG04002250.1	AANG04002250.1	NW_019365511.1
felCat9:chrE2_NW_019365512v1_random	chrE2_NW_019365512v1_random		AANG04003131.1	AANG04003131.1	NW_019365512.1
felCat9:chrE2_NW_019365513v1_random	chrE2_NW_019365513v1_random		AANG04002119.1	AANG04002119.1	NW_019365513.1
felCat9:chrE2_NW_019365514v1_random	chrE2_NW_019365514v1_random		AANG04001061.1	AANG04001061.1	NW_019365514.1
felCat9:chrE2_NW_019365515v1_random	chrE2_NW_019365515v1_random		AANG04002265.1	AANG04002265.1	NW_019365515.1
felCat9:chrE2_NW_019365516v1_random	chrE2_NW_019365516v1_random		AANG04002164.1	AANG04002164.1	NW_019365516.1
felCat9:chrE2_NW_019365517v1_random	chrE2_NW_019365517v1_random		AANG04001296.1	AANG04001296.1	NW_019365517.1
felCat9:chrE3	chrE3		E3	CM001393.3	NC_018738.3
felCat9:chrE3_NW_019365518v1_random	chrE3_NW_019365518v1_random		AANG04003129.1	AANG04003129.1	NW_019365518.1
felCat9:chrE3_NW_019365519v1_random	chrE3_NW_019365519v1_random		AANG04002975.1	AANG04002975.1	NW_019365519.1
felCat9:chrE3_NW_019365520v1_random	chrE3_NW_019365520v1_random		AANG04000817.1	AANG04000817.1	NW_019365520.1
felCat9:chrE3_NW_019365521v1_random	chrE3_NW_019365521v1_random		AANG04003355.1	AANG04003355.1	NW_019365521.1
felCat9:chrE3_NW_019365522v1_random	chrE3_NW_019365522v1_random		AANG04001631.1	AANG04001631.1	NW_019365522.1
felCat9:chrE3_NW_019365523v1_random	chrE3_NW_019365523v1_random		AANG04000689.1	AANG04000689.1	NW_019365523.1
felCat9:chrE3_NW_019365524v1_random	chrE3_NW_019365524v1_random		AANG04004619.1	AANG04004619.1	NW_019365524.1
felCat9:chrF1	chrF1		F1	CM001394.3	NC_018739.3
felCat9:chrF1_NW_019365525v1_random	chrF1_NW_019365525v1_random		AANG04000744.1	AANG04000744.1	NW_019365525.1
felCat9:chrF1_NW_019365526v1_random	chrF1_NW_019365526v1_random		AANG04000476.1	AANG04000476.1	NW_019365526.1
felCat9:chrF1_NW_019365527v1_random	chrF1_NW_019365527v1_random		AANG04002717.1	AANG04002717.1	NW_019365527.1
felCat9:chrF1_NW_019365528v1_random	chrF1_NW_019365528v1_random		AANG04001321.1	AANG04001321.1	NW_019365528.1
felCat9:chrF1_NW_019365529v1_random	chrF1_NW_019365529v1_random		AANG04000915.1	AANG04000915.1	NW_019365529.1
felCat9:chrF1_NW_019365530v1_random	chrF1_NW_019365530v1_random		AANG04003068.1	AANG04003068.1	NW_019365530.1
felCat9:chrF1_NW_019365531v1_random	chrF1_NW_019365531v1_random		AANG04001095.1	AANG04001095.1	NW_019365531.1
felCat9:chrF1_NW_019365532v1_random	chrF1_NW_019365532v1_random		AANG04001462.1	AANG04001462.1	NW_019365532.1
felCat9:chrF1_NW_019365533v1_random	chrF1_NW_019365533v1_random		AANG04000705.1	AANG04000705.1	NW_019365533.1
felCat9:chrF1_NW_019365534v1_random	chrF1_NW_019365534v1_random		AANG04002319.1	AANG04002319.1	NW_019365534.1
felCat9:chrF1_NW_019365535v1_random	chrF1_NW_019365535v1_random		AANG04003528.1	AANG04003528.1	NW_019365535.1
felCat9:chrF1_NW_019365536v1_random	chrF1_NW_019365536v1_random		AANG04000872.1	AANG04000872.1	NW_019365536.1
felCat9:chrF1_NW_019365537v1_random	chrF1_NW_019365537v1_random		AANG04000925.1	AANG04000925.1	NW_019365537.1
felCat9:chrF1_NW_019365538v1_random	chrF1_NW_019365538v1_random		AANG04003246.1	AANG04003246.1	NW_019365538.1
felCat9:chrF1_NW_019365539v1_random	chrF1_NW_019365539v1_random		AANG04001360.1	AANG04001360.1	NW_019365539.1
felCat9:chrF1_NW_019365540v1_random	chrF1_NW_019365540v1_random		AANG04001597.1	AANG04001597.1	NW_019365540.1
felCat9:chrF1_NW_019365541v1_random	chrF1_NW_019365541v1_random		AANG04002180.1	AANG04002180.1	NW_019365541.1
felCat9:chrF1_NW_019365542v1_random	chrF1_NW_019365542v1_random		AANG04000414.1	AANG04000414.1	NW_019365542.1
felCat9:chrF1_NW_019365543v1_random	chrF1_NW_019365543v1_random		AANG04000969.1	AANG04000969.1	NW_019365543.1
felCat9:chrF1_NW_019365544v1_random	chrF1_NW_019365544v1_random		AANG04000836.1	AANG04000836.1	NW_019365544.1
felCat9:chrF1_NW_019365545v1_random	chrF1_NW_019365545v1_random		AANG04001208.1	AANG04001208.1	NW_019365545.1
felCat9:chrF1_NW_019365546v1_random	chrF1_NW_019365546v1_random		AANG04002003.1	AANG04002003.1	NW_019365546.1
felCat9:chrF1_NW_019365547v1_random	chrF1_NW_019365547v1_random		AANG04004693.1	AANG04004693.1	NW_019365547.1
felCat9:chrF1_NW_019365548v1_random	chrF1_NW_019365548v1_random		AANG04000221.1	AANG04000221.1	NW_019365548.1
felCat9:chrF1_NW_019365549v1_random	chrF1_NW_019365549v1_random		AANG04002288.1	AANG04002288.1	NW_019365549.1
felCat9:chrF1_NW_019365550v1_random	chrF1_NW_019365550v1_random		AANG04001198.1	AANG04001198.1	NW_019365550.1
felCat9:chrF1_NW_019365551v1_random	chrF1_NW_019365551v1_random		AANG04003680.1	AANG04003680.1	NW_019365551.1
felCat9:chrF1_NW_019365552v1_random	chrF1_NW_019365552v1_random		AANG04000353.1	AANG04000353.1	NW_019365552.1
felCat9:chrF2	chrF2		F2	CM001395.3	NC_018740.3
felCat9:chrF2_NW_019365553v1_random	chrF2_NW_019365553v1_random		AANG04003473.1	AANG04003473.1	NW_019365553.1
felCat9:chrF2_NW_019365554v1_random	chrF2_NW_019365554v1_random		AANG04000232.1	AANG04000232.1	NW_019365554.1
felCat9:chrF2_NW_019365555v1_random	chrF2_NW_019365555v1_random		AANG04002976.1	AANG04002976.1	NW_019365555.1
felCat9:chrF2_NW_019365556v1_random	chrF2_NW_019365556v1_random		AANG04003104.1	AANG04003104.1	NW_019365556.1
felCat9:chrF2_NW_019365557v1_random	chrF2_NW_019365557v1_random		AANG04000175.1	AANG04000175.1	NW_019365557.1
felCat9:chrF2_NW_019365558v1_random	chrF2_NW_019365558v1_random		AANG04004591.1	AANG04004591.1	NW_019365558.1
felCat9:chrM	chrM		MT	U20753.1	NC_001700.1
felCat9:chrUn_NW_019365585v1	chrUn_NW_019365585v1		KZ451882.1	KZ451882.1	NW_019365585.1
felCat9:chrUn_NW_019365586v1	chrUn_NW_019365586v1		AANG04003689.1	AANG04003689.1	NW_019365586.1
felCat9:chrUn_NW_019365587v1	chrUn_NW_019365587v1		AANG04003642.1	AANG04003642.1	NW_019365587.1
felCat9:chrUn_NW_019365588v1	chrUn_NW_019365588v1		AANG04002674.1	AANG04002674.1	NW_019365588.1
felCat9:chrUn_NW_019365589v1	chrUn_NW_019365589v1		AANG04003961.1	AANG04003961.1	NW_019365589.1
felCat9:chrUn_NW_019365590v1	chrUn_NW_019365590v1		AANG04003809.1	AANG04003809.1	NW_019365590.1
felCat9:chrUn_NW_019365591v1	chrUn_NW_019365591v1		AANG04001782.1	AANG04001782.1	NW_019365591.1
felCat9:chrUn_NW_019365592v1	chrUn_NW_019365592v1		AANG04001857.1	AANG04001857.1	NW_019365592.1
felCat9:chrUn_NW_019365593v1	chrUn_NW_019365593v1		AANG04001979.1	AANG04001979.1	NW_019365593.1
felCat9:chrUn_NW_019365594v1	chrUn_NW_019365594v1		AANG04000792.1	AANG04000792.1	NW_019365594.1
felCat9:chrUn_NW_019365595v1	chrUn_NW_019365595v1		AANG04000934.1	AANG04000934.1	NW_019365595.1
felCat9:chrUn_NW_019365596v1	chrUn_NW_019365596v1		AANG04004701.1	AANG04004701.1	NW_019365596.1
felCat9:chrUn_NW_019365597v1	chrUn_NW_019365597v1		AANG04004167.1	AANG04004167.1	NW_019365597.1
felCat9:chrUn_NW_019365598v1	chrUn_NW_019365598v1		AANG04000363.1	AANG04000363.1	NW_019365598.1
felCat9:chrUn_NW_019365599v1	chrUn_NW_019365599v1		AANG04000197.1	AANG04000197.1	NW_019365599.1
felCat9:chrUn_NW_019365600v1	chrUn_NW_019365600v1		AANG04002670.1	AANG04002670.1	NW_019365600.1
felCat9:chrUn_NW_019365601v1	chrUn_NW_019365601v1		AANG04003152.1	AANG04003152.1	NW_019365601.1
felCat9:chrUn_NW_019365602v1	chrUn_NW_019365602v1		AANG04001406.1	AANG04001406.1	NW_019365602.1
felCat9:chrUn_NW_019365603v1	chrUn_NW_019365603v1		AANG04000160.1	AANG04000160.1	NW_019365603.1
felCat9:chrUn_NW_019365604v1	chrUn_NW_019365604v1		AANG04002336.1	AANG04002336.1	NW_019365604.1
felCat9:chrUn_NW_019365605v1	chrUn_NW_019365605v1		AANG04002531.1	AANG04002531.1	NW_019365605.1
felCat9:chrUn_NW_019365606v1	chrUn_NW_019365606v1		AANG04001906.1	AANG04001906.1	NW_019365606.1
felCat9:chrUn_NW_019365607v1	chrUn_NW_019365607v1		AANG04003378.1	AANG04003378.1	NW_019365607.1
felCat9:chrUn_NW_019365608v1	chrUn_NW_019365608v1		AANG04003753.1	AANG04003753.1	NW_019365608.1
felCat9:chrUn_NW_019365609v1	chrUn_NW_019365609v1		AANG04000982.1	AANG04000982.1	NW_019365609.1
felCat9:chrUn_NW_019365610v1	chrUn_NW_019365610v1		AANG04001177.1	AANG04001177.1	NW_019365610.1
felCat9:chrUn_NW_019365611v1	chrUn_NW_019365611v1		AANG04000351.1	AANG04000351.1	NW_019365611.1
felCat9:chrUn_NW_019365612v1	chrUn_NW_019365612v1		AANG04003185.1	AANG04003185.1	NW_019365612.1
felCat9:chrUn_NW_019365613v1	chrUn_NW_019365613v1		AANG04003283.1	AANG04003283.1	NW_019365613.1
felCat9:chrUn_NW_019365614v1	chrUn_NW_019365614v1		AANG04002096.1	AANG04002096.1	NW_019365614.1
felCat9:chrUn_NW_019365615v1	chrUn_NW_019365615v1		AANG04001603.1	AANG04001603.1	NW_019365615.1
felCat9:chrUn_NW_019365616v1	chrUn_NW_019365616v1		AANG04004521.1	AANG04004521.1	NW_019365616.1
felCat9:chrUn_NW_019365617v1	chrUn_NW_019365617v1		AANG04001524.1	AANG04001524.1	NW_019365617.1
felCat9:chrUn_NW_019365618v1	chrUn_NW_019365618v1		AANG04000406.1	AANG04000406.1	NW_019365618.1
felCat9:chrUn_NW_019365619v1	chrUn_NW_019365619v1		AANG04001356.1	AANG04001356.1	NW_019365619.1
felCat9:chrUn_NW_019365620v1	chrUn_NW_019365620v1		AANG04003354.1	AANG04003354.1	NW_019365620.1
felCat9:chrUn_NW_019365621v1	chrUn_NW_019365621v1		AANG04000270.1	AANG04000270.1	NW_019365621.1
felCat9:chrUn_NW_019365622v1	chrUn_NW_019365622v1		AANG04002130.1	AANG04002130.1	NW_019365622.1
felCat9:chrUn_NW_019365623v1	chrUn_NW_019365623v1		AANG04003387.1	AANG04003387.1	NW_019365623.1
felCat9:chrUn_NW_019365624v1	chrUn_NW_019365624v1		AANG04002511.1	AANG04002511.1	NW_019365624.1
felCat9:chrUn_NW_019365625v1	chrUn_NW_019365625v1		AANG04003481.1	AANG04003481.1	NW_019365625.1
felCat9:chrUn_NW_019365626v1	chrUn_NW_019365626v1		AANG04001691.1	AANG04001691.1	NW_019365626.1
felCat9:chrUn_NW_019365627v1	chrUn_NW_019365627v1		AANG04000330.1	AANG04000330.1	NW_019365627.1
felCat9:chrUn_NW_019365628v1	chrUn_NW_019365628v1		AANG04003264.1	AANG04003264.1	NW_019365628.1
felCat9:chrUn_NW_019365629v1	chrUn_NW_019365629v1		AANG04000317.1	AANG04000317.1	NW_019365629.1
felCat9:chrUn_NW_019365630v1	chrUn_NW_019365630v1		AANG04004088.1	AANG04004088.1	NW_019365630.1
felCat9:chrUn_NW_019365631v1	chrUn_NW_019365631v1		AANG04000415.1	AANG04000415.1	NW_019365631.1
felCat9:chrUn_NW_019365632v1	chrUn_NW_019365632v1		AANG04001789.1	AANG04001789.1	NW_019365632.1
felCat9:chrUn_NW_019365633v1	chrUn_NW_019365633v1		AANG04002562.1	AANG04002562.1	NW_019365633.1
felCat9:chrUn_NW_019365634v1	chrUn_NW_019365634v1		AANG04004464.1	AANG04004464.1	NW_019365634.1
felCat9:chrUn_NW_019365635v1	chrUn_NW_019365635v1		AANG04003745.1	AANG04003745.1	NW_019365635.1
felCat9:chrUn_NW_019365636v1	chrUn_NW_019365636v1		AANG04003466.1	AANG04003466.1	NW_019365636.1
felCat9:chrUn_NW_019365637v1	chrUn_NW_019365637v1		AANG04004373.1	AANG04004373.1	NW_019365637.1
felCat9:chrUn_NW_019365638v1	chrUn_NW_019365638v1		AANG04002435.1	AANG04002435.1	NW_019365638.1
felCat9:chrUn_NW_019365639v1	chrUn_NW_019365639v1		AANG04004092.1	AANG04004092.1	NW_019365639.1
felCat9:chrUn_NW_019365640v1	chrUn_NW_019365640v1		AANG04000338.1	AANG04000338.1	NW_019365640.1
felCat9:chrUn_NW_019365641v1	chrUn_NW_019365641v1		AANG04000450.1	AANG04000450.1	NW_019365641.1
felCat9:chrUn_NW_019365642v1	chrUn_NW_019365642v1		AANG04000497.1	AANG04000497.1	NW_019365642.1
felCat9:chrUn_NW_019365643v1	chrUn_NW_019365643v1		AANG04002589.1	AANG04002589.1	NW_019365643.1
felCat9:chrUn_NW_019365644v1	chrUn_NW_019365644v1		AANG04002290.1	AANG04002290.1	NW_019365644.1
felCat9:chrUn_NW_019365645v1	chrUn_NW_019365645v1		AANG04002306.1	AANG04002306.1	NW_019365645.1
felCat9:chrUn_NW_019365646v1	chrUn_NW_019365646v1		AANG04003911.1	AANG04003911.1	NW_019365646.1
felCat9:chrUn_NW_019365647v1	chrUn_NW_019365647v1		AANG04001110.1	AANG04001110.1	NW_019365647.1
felCat9:chrUn_NW_019365648v1	chrUn_NW_019365648v1		AANG04003591.1	AANG04003591.1	NW_019365648.1
felCat9:chrUn_NW_019365649v1	chrUn_NW_019365649v1		AANG04000629.1	AANG04000629.1	NW_019365649.1
felCat9:chrUn_NW_019365650v1	chrUn_NW_019365650v1		AANG04003138.1	AANG04003138.1	NW_019365650.1
felCat9:chrUn_NW_019365651v1	chrUn_NW_019365651v1		AANG04001320.1	AANG04001320.1	NW_019365651.1
felCat9:chrUn_NW_019365652v1	chrUn_NW_019365652v1		AANG04004429.1	AANG04004429.1	NW_019365652.1
felCat9:chrUn_NW_019365653v1	chrUn_NW_019365653v1		AANG04002186.1	AANG04002186.1	NW_019365653.1
felCat9:chrUn_NW_019365654v1	chrUn_NW_019365654v1		AANG04004414.1	AANG04004414.1	NW_019365654.1
felCat9:chrUn_NW_019365655v1	chrUn_NW_019365655v1		AANG04001433.1	AANG04001433.1	NW_019365655.1
felCat9:chrUn_NW_019365656v1	chrUn_NW_019365656v1		AANG04003658.1	AANG04003658.1	NW_019365656.1
felCat9:chrUn_NW_019365657v1	chrUn_NW_019365657v1		AANG04003868.1	AANG04003868.1	NW_019365657.1
felCat9:chrUn_NW_019365658v1	chrUn_NW_019365658v1		AANG04002616.1	AANG04002616.1	NW_019365658.1
felCat9:chrUn_NW_019365659v1	chrUn_NW_019365659v1		AANG04004049.1	AANG04004049.1	NW_019365659.1
felCat9:chrUn_NW_019365660v1	chrUn_NW_019365660v1		AANG04004556.1	AANG04004556.1	NW_019365660.1
felCat9:chrUn_NW_019365661v1	chrUn_NW_019365661v1		AANG04001852.1	AANG04001852.1	NW_019365661.1
felCat9:chrUn_NW_019365662v1	chrUn_NW_019365662v1		AANG04002726.1	AANG04002726.1	NW_019365662.1
felCat9:chrUn_NW_019365663v1	chrUn_NW_019365663v1		AANG04000876.1	AANG04000876.1	NW_019365663.1
felCat9:chrUn_NW_019365664v1	chrUn_NW_019365664v1		AANG04001284.1	AANG04001284.1	NW_019365664.1
felCat9:chrUn_NW_019365665v1	chrUn_NW_019365665v1		AANG04002715.1	AANG04002715.1	NW_019365665.1
felCat9:chrUn_NW_019365666v1	chrUn_NW_019365666v1		AANG04003888.1	AANG04003888.1	NW_019365666.1
felCat9:chrUn_NW_019365667v1	chrUn_NW_019365667v1		AANG04003045.1	AANG04003045.1	NW_019365667.1
felCat9:chrUn_NW_019365668v1	chrUn_NW_019365668v1		AANG04001827.1	AANG04001827.1	NW_019365668.1
felCat9:chrUn_NW_019365669v1	chrUn_NW_019365669v1		AANG04004285.1	AANG04004285.1	NW_019365669.1
felCat9:chrUn_NW_019365670v1	chrUn_NW_019365670v1		AANG04001137.1	AANG04001137.1	NW_019365670.1
felCat9:chrUn_NW_019365671v1	chrUn_NW_019365671v1		AANG04000768.1	AANG04000768.1	NW_019365671.1
felCat9:chrUn_NW_019365672v1	chrUn_NW_019365672v1		AANG04000395.1	AANG04000395.1	NW_019365672.1
felCat9:chrUn_NW_019365673v1	chrUn_NW_019365673v1		AANG04003937.1	AANG04003937.1	NW_019365673.1
felCat9:chrUn_NW_019365674v1	chrUn_NW_019365674v1		AANG04003601.1	AANG04003601.1	NW_019365674.1
felCat9:chrUn_NW_019365675v1	chrUn_NW_019365675v1		AANG04001996.1	AANG04001996.1	NW_019365675.1
felCat9:chrUn_NW_019365676v1	chrUn_NW_019365676v1		AANG04000786.1	AANG04000786.1	NW_019365676.1
felCat9:chrUn_NW_019365677v1	chrUn_NW_019365677v1		AANG04002741.1	AANG04002741.1	NW_019365677.1
felCat9:chrUn_NW_019365678v1	chrUn_NW_019365678v1		AANG04001965.1	AANG04001965.1	NW_019365678.1
felCat9:chrUn_NW_019365679v1	chrUn_NW_019365679v1		AANG04001987.1	AANG04001987.1	NW_019365679.1
felCat9:chrUn_NW_019365680v1	chrUn_NW_019365680v1		AANG04002322.1	AANG04002322.1	NW_019365680.1
felCat9:chrUn_NW_019365681v1	chrUn_NW_019365681v1		AANG04000678.1	AANG04000678.1	NW_019365681.1
felCat9:chrUn_NW_019365682v1	chrUn_NW_019365682v1		AANG04000935.1	AANG04000935.1	NW_019365682.1
felCat9:chrUn_NW_019365683v1	chrUn_NW_019365683v1		AANG04004134.1	AANG04004134.1	NW_019365683.1
felCat9:chrUn_NW_019365684v1	chrUn_NW_019365684v1		AANG04000118.1	AANG04000118.1	NW_019365684.1
felCat9:chrUn_NW_019365685v1	chrUn_NW_019365685v1		AANG04002810.1	AANG04002810.1	NW_019365685.1
felCat9:chrUn_NW_019365686v1	chrUn_NW_019365686v1		AANG04004015.1	AANG04004015.1	NW_019365686.1
felCat9:chrUn_NW_019365687v1	chrUn_NW_019365687v1		AANG04003151.1	AANG04003151.1	NW_019365687.1
felCat9:chrUn_NW_019365688v1	chrUn_NW_019365688v1		AANG04004110.1	AANG04004110.1	NW_019365688.1
felCat9:chrUn_NW_019365689v1	chrUn_NW_019365689v1		AANG04004670.1	AANG04004670.1	NW_019365689.1
felCat9:chrUn_NW_019365690v1	chrUn_NW_019365690v1		AANG04000757.1	AANG04000757.1	NW_019365690.1
felCat9:chrUn_NW_019365691v1	chrUn_NW_019365691v1		AANG04002138.1	AANG04002138.1	NW_019365691.1
felCat9:chrUn_NW_019365692v1	chrUn_NW_019365692v1		AANG04001065.1	AANG04001065.1	NW_019365692.1
felCat9:chrUn_NW_019365693v1	chrUn_NW_019365693v1		AANG04000766.1	AANG04000766.1	NW_019365693.1
felCat9:chrUn_NW_019365694v1	chrUn_NW_019365694v1		AANG04000857.1	AANG04000857.1	NW_019365694.1
felCat9:chrUn_NW_019365695v1	chrUn_NW_019365695v1		AANG04002069.1	AANG04002069.1	NW_019365695.1
felCat9:chrUn_NW_019365696v1	chrUn_NW_019365696v1		AANG04001568.1	AANG04001568.1	NW_019365696.1
felCat9:chrUn_NW_019365697v1	chrUn_NW_019365697v1		AANG04002141.1	AANG04002141.1	NW_019365697.1
felCat9:chrUn_NW_019365698v1	chrUn_NW_019365698v1		AANG04003216.1	AANG04003216.1	NW_019365698.1
felCat9:chrUn_NW_019365699v1	chrUn_NW_019365699v1		AANG04000111.1	AANG04000111.1	NW_019365699.1
felCat9:chrUn_NW_019365700v1	chrUn_NW_019365700v1		AANG04001797.1	AANG04001797.1	NW_019365700.1
felCat9:chrUn_NW_019365701v1	chrUn_NW_019365701v1		AANG04000124.1	AANG04000124.1	NW_019365701.1
felCat9:chrUn_NW_019365702v1	chrUn_NW_019365702v1		AANG04000543.1	AANG04000543.1	NW_019365702.1
felCat9:chrUn_NW_019365703v1	chrUn_NW_019365703v1		AANG04001288.1	AANG04001288.1	NW_019365703.1
felCat9:chrUn_NW_019365704v1	chrUn_NW_019365704v1		AANG04002542.1	AANG04002542.1	NW_019365704.1
felCat9:chrUn_NW_019365705v1	chrUn_NW_019365705v1		AANG04003471.1	AANG04003471.1	NW_019365705.1
felCat9:chrUn_NW_019365706v1	chrUn_NW_019365706v1		AANG04002154.1	AANG04002154.1	NW_019365706.1
felCat9:chrUn_NW_019365707v1	chrUn_NW_019365707v1		AANG04000494.1	AANG04000494.1	NW_019365707.1
felCat9:chrUn_NW_019365708v1	chrUn_NW_019365708v1		AANG04004193.1	AANG04004193.1	NW_019365708.1
felCat9:chrUn_NW_019365709v1	chrUn_NW_019365709v1		AANG04004087.1	AANG04004087.1	NW_019365709.1
felCat9:chrUn_NW_019365710v1	chrUn_NW_019365710v1		AANG04004199.1	AANG04004199.1	NW_019365710.1
felCat9:chrUn_NW_019365711v1	chrUn_NW_019365711v1		AANG04002092.1	AANG04002092.1	NW_019365711.1
felCat9:chrUn_NW_019365712v1	chrUn_NW_019365712v1		AANG04003906.1	AANG04003906.1	NW_019365712.1
felCat9:chrUn_NW_019365713v1	chrUn_NW_019365713v1		AANG04003194.1	AANG04003194.1	NW_019365713.1
felCat9:chrUn_NW_019365714v1	chrUn_NW_019365714v1		AANG04002284.1	AANG04002284.1	NW_019365714.1
felCat9:chrUn_NW_019365715v1	chrUn_NW_019365715v1		AANG04002216.1	AANG04002216.1	NW_019365715.1
felCat9:chrUn_NW_019365716v1	chrUn_NW_019365716v1		AANG04001582.1	AANG04001582.1	NW_019365716.1
felCat9:chrUn_NW_019365717v1	chrUn_NW_019365717v1		AANG04001397.1	AANG04001397.1	NW_019365717.1
felCat9:chrUn_NW_019365718v1	chrUn_NW_019365718v1		AANG04003406.1	AANG04003406.1	NW_019365718.1
felCat9:chrUn_NW_019365719v1	chrUn_NW_019365719v1		AANG04002317.1	AANG04002317.1	NW_019365719.1
felCat9:chrUn_NW_019365720v1	chrUn_NW_019365720v1		AANG04004317.1	AANG04004317.1	NW_019365720.1
felCat9:chrUn_NW_019365721v1	chrUn_NW_019365721v1		AANG04001315.1	AANG04001315.1	NW_019365721.1
felCat9:chrUn_NW_019365722v1	chrUn_NW_019365722v1		AANG04003061.1	AANG04003061.1	NW_019365722.1
felCat9:chrUn_NW_019365723v1	chrUn_NW_019365723v1		AANG04001807.1	AANG04001807.1	NW_019365723.1
felCat9:chrUn_NW_019365724v1	chrUn_NW_019365724v1		AANG04002254.1	AANG04002254.1	NW_019365724.1
felCat9:chrUn_NW_019365725v1	chrUn_NW_019365725v1		AANG04002580.1	AANG04002580.1	NW_019365725.1
felCat9:chrUn_NW_019365726v1	chrUn_NW_019365726v1		AANG04004252.1	AANG04004252.1	NW_019365726.1
felCat9:chrUn_NW_019365727v1	chrUn_NW_019365727v1		AANG04003771.1	AANG04003771.1	NW_019365727.1
felCat9:chrUn_NW_019365728v1	chrUn_NW_019365728v1		AANG04003047.1	AANG04003047.1	NW_019365728.1
felCat9:chrUn_NW_019365729v1	chrUn_NW_019365729v1		AANG04002455.1	AANG04002455.1	NW_019365729.1
felCat9:chrUn_NW_019365730v1	chrUn_NW_019365730v1		AANG04003317.1	AANG04003317.1	NW_019365730.1
felCat9:chrUn_NW_019365731v1	chrUn_NW_019365731v1		AANG04003440.1	AANG04003440.1	NW_019365731.1
felCat9:chrUn_NW_019365732v1	chrUn_NW_019365732v1		AANG04003672.1	AANG04003672.1	NW_019365732.1
felCat9:chrUn_NW_019365733v1	chrUn_NW_019365733v1		AANG04003086.1	AANG04003086.1	NW_019365733.1
felCat9:chrUn_NW_019365734v1	chrUn_NW_019365734v1		AANG04002654.1	AANG04002654.1	NW_019365734.1
felCat9:chrUn_NW_019365735v1	chrUn_NW_019365735v1		AANG04003077.1	AANG04003077.1	NW_019365735.1
felCat9:chrUn_NW_019365736v1	chrUn_NW_019365736v1		AANG04004257.1	AANG04004257.1	NW_019365736.1
felCat9:chrUn_NW_019365737v1	chrUn_NW_019365737v1		AANG04004002.1	AANG04004002.1	NW_019365737.1
felCat9:chrUn_NW_019365738v1	chrUn_NW_019365738v1		AANG04002144.1	AANG04002144.1	NW_019365738.1
felCat9:chrUn_NW_019365739v1	chrUn_NW_019365739v1		AANG04000973.1	AANG04000973.1	NW_019365739.1
felCat9:chrUn_NW_019365740v1	chrUn_NW_019365740v1		AANG04002764.1	AANG04002764.1	NW_019365740.1
felCat9:chrUn_NW_019365741v1	chrUn_NW_019365741v1		AANG04001917.1	AANG04001917.1	NW_019365741.1
felCat9:chrUn_NW_019365742v1	chrUn_NW_019365742v1		AANG04002008.1	AANG04002008.1	NW_019365742.1
felCat9:chrUn_NW_019365743v1	chrUn_NW_019365743v1		AANG04000746.1	AANG04000746.1	NW_019365743.1
felCat9:chrUn_NW_019365744v1	chrUn_NW_019365744v1		AANG04001890.1	AANG04001890.1	NW_019365744.1
felCat9:chrUn_NW_019365745v1	chrUn_NW_019365745v1		AANG04004681.1	AANG04004681.1	NW_019365745.1
felCat9:chrUn_NW_019365746v1	chrUn_NW_019365746v1		AANG04000611.1	AANG04000611.1	NW_019365746.1
felCat9:chrUn_NW_019365747v1	chrUn_NW_019365747v1		AANG04002817.1	AANG04002817.1	NW_019365747.1
felCat9:chrUn_NW_019365748v1	chrUn_NW_019365748v1		AANG04003005.1	AANG04003005.1	NW_019365748.1
felCat9:chrUn_NW_019365749v1	chrUn_NW_019365749v1		AANG04002750.1	AANG04002750.1	NW_019365749.1
felCat9:chrUn_NW_019365750v1	chrUn_NW_019365750v1		AANG04001872.1	AANG04001872.1	NW_019365750.1
felCat9:chrUn_NW_019365751v1	chrUn_NW_019365751v1		AANG04003827.1	AANG04003827.1	NW_019365751.1
felCat9:chrUn_NW_019365752v1	chrUn_NW_019365752v1		AANG04003657.1	AANG04003657.1	NW_019365752.1
felCat9:chrUn_NW_019365753v1	chrUn_NW_019365753v1		AANG04003267.1	AANG04003267.1	NW_019365753.1
felCat9:chrUn_NW_019365754v1	chrUn_NW_019365754v1		AANG04004505.1	AANG04004505.1	NW_019365754.1
felCat9:chrUn_NW_019365755v1	chrUn_NW_019365755v1		AANG04003240.1	AANG04003240.1	NW_019365755.1
felCat9:chrUn_NW_019365756v1	chrUn_NW_019365756v1		AANG04002093.1	AANG04002093.1	NW_019365756.1
felCat9:chrUn_NW_019365757v1	chrUn_NW_019365757v1		AANG04003628.1	AANG04003628.1	NW_019365757.1
felCat9:chrUn_NW_019365758v1	chrUn_NW_019365758v1		AANG04002457.1	AANG04002457.1	NW_019365758.1
felCat9:chrUn_NW_019365759v1	chrUn_NW_019365759v1		AANG04001333.1	AANG04001333.1	NW_019365759.1
felCat9:chrUn_NW_019365760v1	chrUn_NW_019365760v1		AANG04003833.1	AANG04003833.1	NW_019365760.1
felCat9:chrUn_NW_019365761v1	chrUn_NW_019365761v1		AANG04000019.1	AANG04000019.1	NW_019365761.1
felCat9:chrUn_NW_019365762v1	chrUn_NW_019365762v1		AANG04003158.1	AANG04003158.1	NW_019365762.1
felCat9:chrUn_NW_019365763v1	chrUn_NW_019365763v1		AANG04002500.1	AANG04002500.1	NW_019365763.1
felCat9:chrUn_NW_019365764v1	chrUn_NW_019365764v1		AANG04004032.1	AANG04004032.1	NW_019365764.1
felCat9:chrUn_NW_019365765v1	chrUn_NW_019365765v1		AANG04000858.1	AANG04000858.1	NW_019365765.1
felCat9:chrUn_NW_019365766v1	chrUn_NW_019365766v1		AANG04001972.1	AANG04001972.1	NW_019365766.1
felCat9:chrUn_NW_019365767v1	chrUn_NW_019365767v1		AANG04001905.1	AANG04001905.1	NW_019365767.1
felCat9:chrUn_NW_019365768v1	chrUn_NW_019365768v1		AANG04001739.1	AANG04001739.1	NW_019365768.1
felCat9:chrUn_NW_019365769v1	chrUn_NW_019365769v1		AANG04003936.1	AANG04003936.1	NW_019365769.1
felCat9:chrUn_NW_019365770v1	chrUn_NW_019365770v1		AANG04002418.1	AANG04002418.1	NW_019365770.1
felCat9:chrUn_NW_019365771v1	chrUn_NW_019365771v1		AANG04002965.1	AANG04002965.1	NW_019365771.1
felCat9:chrUn_NW_019365772v1	chrUn_NW_019365772v1		AANG04004485.1	AANG04004485.1	NW_019365772.1
felCat9:chrUn_NW_019365773v1	chrUn_NW_019365773v1		AANG04000432.1	AANG04000432.1	NW_019365773.1
felCat9:chrUn_NW_019365774v1	chrUn_NW_019365774v1		AANG04001407.1	AANG04001407.1	NW_019365774.1
felCat9:chrUn_NW_019365775v1	chrUn_NW_019365775v1		AANG04000174.1	AANG04000174.1	NW_019365775.1
felCat9:chrUn_NW_019365776v1	chrUn_NW_019365776v1		AANG04002728.1	AANG04002728.1	NW_019365776.1
felCat9:chrUn_NW_019365777v1	chrUn_NW_019365777v1		AANG04004396.1	AANG04004396.1	NW_019365777.1
felCat9:chrUn_NW_019365778v1	chrUn_NW_019365778v1		AANG04000990.1	AANG04000990.1	NW_019365778.1
felCat9:chrUn_NW_019365779v1	chrUn_NW_019365779v1		AANG04000110.1	AANG04000110.1	NW_019365779.1
felCat9:chrUn_NW_019365780v1	chrUn_NW_019365780v1		AANG04004638.1	AANG04004638.1	NW_019365780.1
felCat9:chrUn_NW_019365781v1	chrUn_NW_019365781v1		AANG04003447.1	AANG04003447.1	NW_019365781.1
felCat9:chrUn_NW_019365782v1	chrUn_NW_019365782v1		AANG04001106.1	AANG04001106.1	NW_019365782.1
felCat9:chrUn_NW_019365783v1	chrUn_NW_019365783v1		AANG04001157.1	AANG04001157.1	NW_019365783.1
felCat9:chrUn_NW_019365784v1	chrUn_NW_019365784v1		AANG04004438.1	AANG04004438.1	NW_019365784.1
felCat9:chrUn_NW_019365785v1	chrUn_NW_019365785v1		AANG04004244.1	AANG04004244.1	NW_019365785.1
felCat9:chrUn_NW_019365786v1	chrUn_NW_019365786v1		AANG04001479.1	AANG04001479.1	NW_019365786.1
felCat9:chrUn_NW_019365787v1	chrUn_NW_019365787v1		AANG04003388.1	AANG04003388.1	NW_019365787.1
felCat9:chrUn_NW_019365788v1	chrUn_NW_019365788v1		AANG04001170.1	AANG04001170.1	NW_019365788.1
felCat9:chrUn_NW_019365789v1	chrUn_NW_019365789v1		AANG04003407.1	AANG04003407.1	NW_019365789.1
felCat9:chrUn_NW_019365790v1	chrUn_NW_019365790v1		AANG04003249.1	AANG04003249.1	NW_019365790.1
felCat9:chrUn_NW_019365791v1	chrUn_NW_019365791v1		AANG04001922.1	AANG04001922.1	NW_019365791.1
felCat9:chrUn_NW_019365792v1	chrUn_NW_019365792v1		AANG04001351.1	AANG04001351.1	NW_019365792.1
felCat9:chrUn_NW_019365793v1	chrUn_NW_019365793v1		AANG04002673.1	AANG04002673.1	NW_019365793.1
felCat9:chrUn_NW_019365794v1	chrUn_NW_019365794v1		AANG04001495.1	AANG04001495.1	NW_019365794.1
felCat9:chrUn_NW_019365795v1	chrUn_NW_019365795v1		AANG04000227.1	AANG04000227.1	NW_019365795.1
felCat9:chrUn_NW_019365796v1	chrUn_NW_019365796v1		AANG04001140.1	AANG04001140.1	NW_019365796.1
felCat9:chrUn_NW_019365797v1	chrUn_NW_019365797v1		AANG04001574.1	AANG04001574.1	NW_019365797.1
felCat9:chrUn_NW_019365798v1	chrUn_NW_019365798v1		AANG04002465.1	AANG04002465.1	NW_019365798.1
felCat9:chrUn_NW_019365799v1	chrUn_NW_019365799v1		AANG04003035.1	AANG04003035.1	NW_019365799.1
felCat9:chrUn_NW_019365800v1	chrUn_NW_019365800v1		AANG04004116.1	AANG04004116.1	NW_019365800.1
felCat9:chrUn_NW_019365801v1	chrUn_NW_019365801v1		AANG04003468.1	AANG04003468.1	NW_019365801.1
felCat9:chrUn_NW_019365802v1	chrUn_NW_019365802v1		AANG04003885.1	AANG04003885.1	NW_019365802.1
felCat9:chrUn_NW_019365803v1	chrUn_NW_019365803v1		AANG04000134.1	AANG04000134.1	NW_019365803.1
felCat9:chrUn_NW_019365804v1	chrUn_NW_019365804v1		AANG04003881.1	AANG04003881.1	NW_019365804.1
felCat9:chrUn_NW_019365805v1	chrUn_NW_019365805v1		AANG04003901.1	AANG04003901.1	NW_019365805.1
felCat9:chrUn_NW_019365806v1	chrUn_NW_019365806v1		AANG04002131.1	AANG04002131.1	NW_019365806.1
felCat9:chrUn_NW_019365807v1	chrUn_NW_019365807v1		AANG04004496.1	AANG04004496.1	NW_019365807.1
felCat9:chrUn_NW_019365808v1	chrUn_NW_019365808v1		AANG04001087.1	AANG04001087.1	NW_019365808.1
felCat9:chrUn_NW_019365809v1	chrUn_NW_019365809v1		AANG04002067.1	AANG04002067.1	NW_019365809.1
felCat9:chrUn_NW_019365810v1	chrUn_NW_019365810v1		AANG04000371.1	AANG04000371.1	NW_019365810.1
felCat9:chrUn_NW_019365811v1	chrUn_NW_019365811v1		AANG04002619.1	AANG04002619.1	NW_019365811.1
felCat9:chrUn_NW_019365812v1	chrUn_NW_019365812v1		AANG04002215.1	AANG04002215.1	NW_019365812.1
felCat9:chrUn_NW_019365813v1	chrUn_NW_019365813v1		AANG04001831.1	AANG04001831.1	NW_019365813.1
felCat9:chrUn_NW_019365814v1	chrUn_NW_019365814v1		AANG04002121.1	AANG04002121.1	NW_019365814.1
felCat9:chrUn_NW_019365815v1	chrUn_NW_019365815v1		AANG04003739.1	AANG04003739.1	NW_019365815.1
felCat9:chrUn_NW_019365816v1	chrUn_NW_019365816v1		AANG04000926.1	AANG04000926.1	NW_019365816.1
felCat9:chrUn_NW_019365817v1	chrUn_NW_019365817v1		AANG04003525.1	AANG04003525.1	NW_019365817.1
felCat9:chrUn_NW_019365818v1	chrUn_NW_019365818v1		AANG04000773.1	AANG04000773.1	NW_019365818.1
felCat9:chrUn_NW_019365819v1	chrUn_NW_019365819v1		AANG04002857.1	AANG04002857.1	NW_019365819.1
felCat9:chrUn_NW_019365820v1	chrUn_NW_019365820v1		AANG04003140.1	AANG04003140.1	NW_019365820.1
felCat9:chrUn_NW_019365821v1	chrUn_NW_019365821v1		AANG04001261.1	AANG04001261.1	NW_019365821.1
felCat9:chrUn_NW_019365822v1	chrUn_NW_019365822v1		AANG04002362.1	AANG04002362.1	NW_019365822.1
felCat9:chrUn_NW_019365823v1	chrUn_NW_019365823v1		AANG04004513.1	AANG04004513.1	NW_019365823.1
felCat9:chrUn_NW_019365824v1	chrUn_NW_019365824v1		AANG04000127.1	AANG04000127.1	NW_019365824.1
felCat9:chrUn_NW_019365825v1	chrUn_NW_019365825v1		AANG04002781.1	AANG04002781.1	NW_019365825.1
felCat9:chrUn_NW_019365826v1	chrUn_NW_019365826v1		AANG04004340.1	AANG04004340.1	NW_019365826.1
felCat9:chrUn_NW_019365827v1	chrUn_NW_019365827v1		AANG04001936.1	AANG04001936.1	NW_019365827.1
felCat9:chrUn_NW_019365828v1	chrUn_NW_019365828v1		AANG04000042.1	AANG04000042.1	NW_019365828.1
felCat9:chrUn_NW_019365829v1	chrUn_NW_019365829v1		AANG04002756.1	AANG04002756.1	NW_019365829.1
felCat9:chrUn_NW_019365830v1	chrUn_NW_019365830v1		AANG04002190.1	AANG04002190.1	NW_019365830.1
felCat9:chrUn_NW_019365831v1	chrUn_NW_019365831v1		AANG04003339.1	AANG04003339.1	NW_019365831.1
felCat9:chrUn_NW_019365832v1	chrUn_NW_019365832v1		AANG04003332.1	AANG04003332.1	NW_019365832.1
felCat9:chrUn_NW_019365833v1	chrUn_NW_019365833v1		AANG04004430.1	AANG04004430.1	NW_019365833.1
felCat9:chrUn_NW_019365834v1	chrUn_NW_019365834v1		AANG04001249.1	AANG04001249.1	NW_019365834.1
felCat9:chrUn_NW_019365835v1	chrUn_NW_019365835v1		AANG04000171.1	AANG04000171.1	NW_019365835.1
felCat9:chrUn_NW_019365836v1	chrUn_NW_019365836v1		AANG04003646.1	AANG04003646.1	NW_019365836.1
felCat9:chrUn_NW_019365837v1	chrUn_NW_019365837v1		AANG04000719.1	AANG04000719.1	NW_019365837.1
felCat9:chrUn_NW_019365838v1	chrUn_NW_019365838v1		AANG04002094.1	AANG04002094.1	NW_019365838.1
felCat9:chrUn_NW_019365839v1	chrUn_NW_019365839v1		AANG04004452.1	AANG04004452.1	NW_019365839.1
felCat9:chrUn_NW_019365840v1	chrUn_NW_019365840v1		AANG04000862.1	AANG04000862.1	NW_019365840.1
felCat9:chrUn_NW_019365841v1	chrUn_NW_019365841v1		AANG04002229.1	AANG04002229.1	NW_019365841.1
felCat9:chrUn_NW_019365842v1	chrUn_NW_019365842v1		AANG04003967.1	AANG04003967.1	NW_019365842.1
felCat9:chrUn_NW_019365843v1	chrUn_NW_019365843v1		AANG04000706.1	AANG04000706.1	NW_019365843.1
felCat9:chrUn_NW_019365844v1	chrUn_NW_019365844v1		AANG04000749.1	AANG04000749.1	NW_019365844.1
felCat9:chrUn_NW_019365845v1	chrUn_NW_019365845v1		AANG04000667.1	AANG04000667.1	NW_019365845.1
felCat9:chrUn_NW_019365846v1	chrUn_NW_019365846v1		AANG04004379.1	AANG04004379.1	NW_019365846.1
felCat9:chrUn_NW_019365847v1	chrUn_NW_019365847v1		AANG04003854.1	AANG04003854.1	NW_019365847.1
felCat9:chrUn_NW_019365848v1	chrUn_NW_019365848v1		AANG04003512.1	AANG04003512.1	NW_019365848.1
felCat9:chrUn_NW_019365849v1	chrUn_NW_019365849v1		AANG04003289.1	AANG04003289.1	NW_019365849.1
felCat9:chrUn_NW_019365850v1	chrUn_NW_019365850v1		AANG04000715.1	AANG04000715.1	NW_019365850.1
felCat9:chrUn_NW_019365851v1	chrUn_NW_019365851v1		AANG04001838.1	AANG04001838.1	NW_019365851.1
felCat9:chrUn_NW_019365852v1	chrUn_NW_019365852v1		AANG04004325.1	AANG04004325.1	NW_019365852.1
felCat9:chrUn_NW_019365853v1	chrUn_NW_019365853v1		AANG04004250.1	AANG04004250.1	NW_019365853.1
felCat9:chrUn_NW_019365854v1	chrUn_NW_019365854v1		AANG04000984.1	AANG04000984.1	NW_019365854.1
felCat9:chrUn_NW_019365855v1	chrUn_NW_019365855v1		AANG04000262.1	AANG04000262.1	NW_019365855.1
felCat9:chrUn_NW_019365856v1	chrUn_NW_019365856v1		AANG04003947.1	AANG04003947.1	NW_019365856.1
felCat9:chrUn_NW_019365857v1	chrUn_NW_019365857v1		AANG04004221.1	AANG04004221.1	NW_019365857.1
felCat9:chrUn_NW_019365858v1	chrUn_NW_019365858v1		AANG04000121.1	AANG04000121.1	NW_019365858.1
felCat9:chrUn_NW_019365859v1	chrUn_NW_019365859v1		AANG04002854.1	AANG04002854.1	NW_019365859.1
felCat9:chrUn_NW_019365860v1	chrUn_NW_019365860v1		AANG04002948.1	AANG04002948.1	NW_019365860.1
felCat9:chrUn_NW_019365861v1	chrUn_NW_019365861v1		AANG04003315.1	AANG04003315.1	NW_019365861.1
felCat9:chrUn_NW_019365862v1	chrUn_NW_019365862v1		AANG04000403.1	AANG04000403.1	NW_019365862.1
felCat9:chrUn_NW_019365863v1	chrUn_NW_019365863v1		AANG04001562.1	AANG04001562.1	NW_019365863.1
felCat9:chrUn_NW_019365864v1	chrUn_NW_019365864v1		AANG04002994.1	AANG04002994.1	NW_019365864.1
felCat9:chrUn_NW_019365865v1	chrUn_NW_019365865v1		AANG04004022.1	AANG04004022.1	NW_019365865.1
felCat9:chrUn_NW_019365866v1	chrUn_NW_019365866v1		AANG04000080.1	AANG04000080.1	NW_019365866.1
felCat9:chrUn_NW_019365867v1	chrUn_NW_019365867v1		AANG04000344.1	AANG04000344.1	NW_019365867.1
felCat9:chrUn_NW_019365868v1	chrUn_NW_019365868v1		AANG04002940.1	AANG04002940.1	NW_019365868.1
felCat9:chrUn_NW_019365869v1	chrUn_NW_019365869v1		AANG04003722.1	AANG04003722.1	NW_019365869.1
felCat9:chrUn_NW_019365870v1	chrUn_NW_019365870v1		AANG04000648.1	AANG04000648.1	NW_019365870.1
felCat9:chrUn_NW_019365871v1	chrUn_NW_019365871v1		AANG04001593.1	AANG04001593.1	NW_019365871.1
felCat9:chrUn_NW_019365872v1	chrUn_NW_019365872v1		AANG04001967.1	AANG04001967.1	NW_019365872.1
felCat9:chrUn_NW_019365873v1	chrUn_NW_019365873v1		AANG04001420.1	AANG04001420.1	NW_019365873.1
felCat9:chrUn_NW_019365874v1	chrUn_NW_019365874v1		AANG04004397.1	AANG04004397.1	NW_019365874.1
felCat9:chrUn_NW_019365875v1	chrUn_NW_019365875v1		AANG04003114.1	AANG04003114.1	NW_019365875.1
felCat9:chrUn_NW_019365876v1	chrUn_NW_019365876v1		AANG04003625.1	AANG04003625.1	NW_019365876.1
felCat9:chrUn_NW_019365877v1	chrUn_NW_019365877v1		AANG04002056.1	AANG04002056.1	NW_019365877.1
felCat9:chrUn_NW_019365878v1	chrUn_NW_019365878v1		AANG04001671.1	AANG04001671.1	NW_019365878.1
felCat9:chrUn_NW_019365879v1	chrUn_NW_019365879v1		AANG04003537.1	AANG04003537.1	NW_019365879.1
felCat9:chrUn_NW_019365880v1	chrUn_NW_019365880v1		AANG04002873.1	AANG04002873.1	NW_019365880.1
felCat9:chrUn_NW_019365881v1	chrUn_NW_019365881v1		AANG04001898.1	AANG04001898.1	NW_019365881.1
felCat9:chrUn_NW_019365882v1	chrUn_NW_019365882v1		AANG04004428.1	AANG04004428.1	NW_019365882.1
felCat9:chrUn_NW_019365883v1	chrUn_NW_019365883v1		AANG04001720.1	AANG04001720.1	NW_019365883.1
felCat9:chrUn_NW_019365884v1	chrUn_NW_019365884v1		AANG04003263.1	AANG04003263.1	NW_019365884.1
felCat9:chrUn_NW_019365885v1	chrUn_NW_019365885v1		AANG04000679.1	AANG04000679.1	NW_019365885.1
felCat9:chrUn_NW_019365886v1	chrUn_NW_019365886v1		AANG04002560.1	AANG04002560.1	NW_019365886.1
felCat9:chrUn_NW_019365887v1	chrUn_NW_019365887v1		AANG04000566.1	AANG04000566.1	NW_019365887.1
felCat9:chrUn_NW_019365888v1	chrUn_NW_019365888v1		AANG04001518.1	AANG04001518.1	NW_019365888.1
felCat9:chrUn_NW_019365889v1	chrUn_NW_019365889v1		AANG04000015.1	AANG04000015.1	NW_019365889.1
felCat9:chrUn_NW_019365890v1	chrUn_NW_019365890v1		AANG04001480.1	AANG04001480.1	NW_019365890.1
felCat9:chrUn_NW_019365891v1	chrUn_NW_019365891v1		AANG04004009.1	AANG04004009.1	NW_019365891.1
felCat9:chrUn_NW_019365892v1	chrUn_NW_019365892v1		AANG04000496.1	AANG04000496.1	NW_019365892.1
felCat9:chrUn_NW_019365893v1	chrUn_NW_019365893v1		AANG04001031.1	AANG04001031.1	NW_019365893.1
felCat9:chrUn_NW_019365894v1	chrUn_NW_019365894v1		AANG04004610.1	AANG04004610.1	NW_019365894.1
felCat9:chrUn_NW_019365895v1	chrUn_NW_019365895v1		AANG04000581.1	AANG04000581.1	NW_019365895.1
felCat9:chrUn_NW_019365896v1	chrUn_NW_019365896v1		AANG04002169.1	AANG04002169.1	NW_019365896.1
felCat9:chrUn_NW_019365897v1	chrUn_NW_019365897v1		AANG04002434.1	AANG04002434.1	NW_019365897.1
felCat9:chrUn_NW_019365898v1	chrUn_NW_019365898v1		AANG04000389.1	AANG04000389.1	NW_019365898.1
felCat9:chrUn_NW_019365899v1	chrUn_NW_019365899v1		AANG04004685.1	AANG04004685.1	NW_019365899.1
felCat9:chrUn_NW_019365900v1	chrUn_NW_019365900v1		AANG04000050.1	AANG04000050.1	NW_019365900.1
felCat9:chrUn_NW_019365901v1	chrUn_NW_019365901v1		AANG04003432.1	AANG04003432.1	NW_019365901.1
felCat9:chrUn_NW_019365902v1	chrUn_NW_019365902v1		AANG04000289.1	AANG04000289.1	NW_019365902.1
felCat9:chrUn_NW_019365903v1	chrUn_NW_019365903v1		AANG04003139.1	AANG04003139.1	NW_019365903.1
felCat9:chrUn_NW_019365904v1	chrUn_NW_019365904v1		AANG04004501.1	AANG04004501.1	NW_019365904.1
felCat9:chrUn_NW_019365905v1	chrUn_NW_019365905v1		AANG04001384.1	AANG04001384.1	NW_019365905.1
felCat9:chrUn_NW_019365906v1	chrUn_NW_019365906v1		AANG04002202.1	AANG04002202.1	NW_019365906.1
felCat9:chrUn_NW_019365907v1	chrUn_NW_019365907v1		AANG04000018.1	AANG04000018.1	NW_019365907.1
felCat9:chrUn_NW_019365908v1	chrUn_NW_019365908v1		AANG04003010.1	AANG04003010.1	NW_019365908.1
felCat9:chrUn_NW_019365909v1	chrUn_NW_019365909v1		AANG04004725.1	AANG04004725.1	NW_019365909.1
felCat9:chrUn_NW_019365910v1	chrUn_NW_019365910v1		AANG04002939.1	AANG04002939.1	NW_019365910.1
felCat9:chrUn_NW_019365911v1	chrUn_NW_019365911v1		AANG04001914.1	AANG04001914.1	NW_019365911.1
felCat9:chrUn_NW_019365912v1	chrUn_NW_019365912v1		AANG04004598.1	AANG04004598.1	NW_019365912.1
felCat9:chrUn_NW_019365913v1	chrUn_NW_019365913v1		AANG04002762.1	AANG04002762.1	NW_019365913.1
felCat9:chrUn_NW_019365914v1	chrUn_NW_019365914v1		AANG04003685.1	AANG04003685.1	NW_019365914.1
felCat9:chrUn_NW_019365915v1	chrUn_NW_019365915v1		AANG04003743.1	AANG04003743.1	NW_019365915.1
felCat9:chrUn_NW_019365916v1	chrUn_NW_019365916v1		AANG04004099.1	AANG04004099.1	NW_019365916.1
felCat9:chrUn_NW_019365917v1	chrUn_NW_019365917v1		AANG04003048.1	AANG04003048.1	NW_019365917.1
felCat9:chrUn_NW_019365918v1	chrUn_NW_019365918v1		AANG04002176.1	AANG04002176.1	NW_019365918.1
felCat9:chrUn_NW_019365919v1	chrUn_NW_019365919v1		AANG04000125.1	AANG04000125.1	NW_019365919.1
felCat9:chrUn_NW_019365920v1	chrUn_NW_019365920v1		AANG04001363.1	AANG04001363.1	NW_019365920.1
felCat9:chrUn_NW_019365921v1	chrUn_NW_019365921v1		AANG04001526.1	AANG04001526.1	NW_019365921.1
felCat9:chrUn_NW_019365922v1	chrUn_NW_019365922v1		AANG04003724.1	AANG04003724.1	NW_019365922.1
felCat9:chrUn_NW_019365923v1	chrUn_NW_019365923v1		AANG04003706.1	AANG04003706.1	NW_019365923.1
felCat9:chrUn_NW_019365924v1	chrUn_NW_019365924v1		AANG04003089.1	AANG04003089.1	NW_019365924.1
felCat9:chrUn_NW_019365925v1	chrUn_NW_019365925v1		AANG04004713.1	AANG04004713.1	NW_019365925.1
felCat9:chrUn_NW_019365926v1	chrUn_NW_019365926v1		AANG04003084.1	AANG04003084.1	NW_019365926.1
felCat9:chrUn_NW_019365927v1	chrUn_NW_019365927v1		AANG04001425.1	AANG04001425.1	NW_019365927.1
felCat9:chrUn_NW_019365928v1	chrUn_NW_019365928v1		AANG04004332.1	AANG04004332.1	NW_019365928.1
felCat9:chrUn_NW_019365929v1	chrUn_NW_019365929v1		AANG04003608.1	AANG04003608.1	NW_019365929.1
felCat9:chrUn_NW_019365930v1	chrUn_NW_019365930v1		AANG04001774.1	AANG04001774.1	NW_019365930.1
felCat9:chrUn_NW_019365931v1	chrUn_NW_019365931v1		AANG04004477.1	AANG04004477.1	NW_019365931.1
felCat9:chrUn_NW_019365932v1	chrUn_NW_019365932v1		AANG04002223.1	AANG04002223.1	NW_019365932.1
felCat9:chrUn_NW_019365933v1	chrUn_NW_019365933v1		AANG04004662.1	AANG04004662.1	NW_019365933.1
felCat9:chrUn_NW_019365934v1	chrUn_NW_019365934v1		AANG04002780.1	AANG04002780.1	NW_019365934.1
felCat9:chrUn_NW_019365935v1	chrUn_NW_019365935v1		AANG04002509.1	AANG04002509.1	NW_019365935.1
felCat9:chrUn_NW_019365936v1	chrUn_NW_019365936v1		AANG04002745.1	AANG04002745.1	NW_019365936.1
felCat9:chrUn_NW_019365937v1	chrUn_NW_019365937v1		AANG04001057.1	AANG04001057.1	NW_019365937.1
felCat9:chrUn_NW_019365938v1	chrUn_NW_019365938v1		AANG04001324.1	AANG04001324.1	NW_019365938.1
felCat9:chrUn_NW_019365939v1	chrUn_NW_019365939v1		AANG04002635.1	AANG04002635.1	NW_019365939.1
felCat9:chrUn_NW_019365940v1	chrUn_NW_019365940v1		AANG04003463.1	AANG04003463.1	NW_019365940.1
felCat9:chrUn_NW_019365941v1	chrUn_NW_019365941v1		AANG04002235.1	AANG04002235.1	NW_019365941.1
felCat9:chrUn_NW_019365942v1	chrUn_NW_019365942v1		AANG04003828.1	AANG04003828.1	NW_019365942.1
felCat9:chrUn_NW_019365943v1	chrUn_NW_019365943v1		AANG04000028.1	AANG04000028.1	NW_019365943.1
felCat9:chrUn_NW_019365944v1	chrUn_NW_019365944v1		AANG04001850.1	AANG04001850.1	NW_019365944.1
felCat9:chrUn_NW_019365945v1	chrUn_NW_019365945v1		AANG04002650.1	AANG04002650.1	NW_019365945.1
felCat9:chrUn_NW_019365946v1	chrUn_NW_019365946v1		AANG04003251.1	AANG04003251.1	NW_019365946.1
felCat9:chrUn_NW_019365947v1	chrUn_NW_019365947v1		AANG04004691.1	AANG04004691.1	NW_019365947.1
felCat9:chrUn_NW_019365948v1	chrUn_NW_019365948v1		AANG04003437.1	AANG04003437.1	NW_019365948.1
felCat9:chrUn_NW_019365949v1	chrUn_NW_019365949v1		AANG04002371.1	AANG04002371.1	NW_019365949.1
felCat9:chrUn_NW_019365950v1	chrUn_NW_019365950v1		AANG04002209.1	AANG04002209.1	NW_019365950.1
felCat9:chrUn_NW_019365951v1	chrUn_NW_019365951v1		AANG04004603.1	AANG04004603.1	NW_019365951.1
felCat9:chrUn_NW_019365952v1	chrUn_NW_019365952v1		AANG04003656.1	AANG04003656.1	NW_019365952.1
felCat9:chrUn_NW_019365953v1	chrUn_NW_019365953v1		AANG04003622.1	AANG04003622.1	NW_019365953.1
felCat9:chrUn_NW_019365954v1	chrUn_NW_019365954v1		AANG04004712.1	AANG04004712.1	NW_019365954.1
felCat9:chrUn_NW_019365955v1	chrUn_NW_019365955v1		AANG04000555.1	AANG04000555.1	NW_019365955.1
felCat9:chrUn_NW_019365956v1	chrUn_NW_019365956v1		AANG04003913.1	AANG04003913.1	NW_019365956.1
felCat9:chrUn_NW_019365957v1	chrUn_NW_019365957v1		AANG04004330.1	AANG04004330.1	NW_019365957.1
felCat9:chrUn_NW_019365958v1	chrUn_NW_019365958v1		AANG04003066.1	AANG04003066.1	NW_019365958.1
felCat9:chrUn_NW_019365959v1	chrUn_NW_019365959v1		AANG04002172.1	AANG04002172.1	NW_019365959.1
felCat9:chrUn_NW_019365960v1	chrUn_NW_019365960v1		AANG04001910.1	AANG04001910.1	NW_019365960.1
felCat9:chrUn_NW_019365961v1	chrUn_NW_019365961v1		AANG04003271.1	AANG04003271.1	NW_019365961.1
felCat9:chrUn_NW_019365962v1	chrUn_NW_019365962v1		AANG04003455.1	AANG04003455.1	NW_019365962.1
felCat9:chrUn_NW_019365963v1	chrUn_NW_019365963v1		AANG04001295.1	AANG04001295.1	NW_019365963.1
felCat9:chrUn_NW_019365964v1	chrUn_NW_019365964v1		AANG04000967.1	AANG04000967.1	NW_019365964.1
felCat9:chrUn_NW_019365965v1	chrUn_NW_019365965v1		AANG04001096.1	AANG04001096.1	NW_019365965.1
felCat9:chrUn_NW_019365966v1	chrUn_NW_019365966v1		AANG04003241.1	AANG04003241.1	NW_019365966.1
felCat9:chrUn_NW_019365967v1	chrUn_NW_019365967v1		AANG04000654.1	AANG04000654.1	NW_019365967.1
felCat9:chrUn_NW_019365968v1	chrUn_NW_019365968v1		AANG04001051.1	AANG04001051.1	NW_019365968.1
felCat9:chrUn_NW_019365969v1	chrUn_NW_019365969v1		AANG04002403.1	AANG04002403.1	NW_019365969.1
felCat9:chrUn_NW_019365970v1	chrUn_NW_019365970v1		AANG04003519.1	AANG04003519.1	NW_019365970.1
felCat9:chrUn_NW_019365971v1	chrUn_NW_019365971v1		AANG04002593.1	AANG04002593.1	NW_019365971.1
felCat9:chrUn_NW_019365972v1	chrUn_NW_019365972v1		AANG04000396.1	AANG04000396.1	NW_019365972.1
felCat9:chrUn_NW_019365973v1	chrUn_NW_019365973v1		AANG04000904.1	AANG04000904.1	NW_019365973.1
felCat9:chrUn_NW_019365974v1	chrUn_NW_019365974v1		AANG04002822.1	AANG04002822.1	NW_019365974.1
felCat9:chrUn_NW_019365975v1	chrUn_NW_019365975v1		AANG04003900.1	AANG04003900.1	NW_019365975.1
felCat9:chrUn_NW_019365976v1	chrUn_NW_019365976v1		AANG04004440.1	AANG04004440.1	NW_019365976.1
felCat9:chrUn_NW_019365977v1	chrUn_NW_019365977v1		AANG04002105.1	AANG04002105.1	NW_019365977.1
felCat9:chrUn_NW_019365978v1	chrUn_NW_019365978v1		AANG04001218.1	AANG04001218.1	NW_019365978.1
felCat9:chrUn_NW_019365979v1	chrUn_NW_019365979v1		AANG04001858.1	AANG04001858.1	NW_019365979.1
felCat9:chrUn_NW_019365980v1	chrUn_NW_019365980v1		AANG04003427.1	AANG04003427.1	NW_019365980.1
felCat9:chrUn_NW_019365981v1	chrUn_NW_019365981v1		AANG04001599.1	AANG04001599.1	NW_019365981.1
felCat9:chrUn_NW_019365982v1	chrUn_NW_019365982v1		AANG04000868.1	AANG04000868.1	NW_019365982.1
felCat9:chrUn_NW_019365983v1	chrUn_NW_019365983v1		AANG04000017.1	AANG04000017.1	NW_019365983.1
felCat9:chrUn_NW_019365984v1	chrUn_NW_019365984v1		AANG04000685.1	AANG04000685.1	NW_019365984.1
felCat9:chrUn_NW_019365985v1	chrUn_NW_019365985v1		AANG04004551.1	AANG04004551.1	NW_019365985.1
felCat9:chrUn_NW_019365986v1	chrUn_NW_019365986v1		AANG04002852.1	AANG04002852.1	NW_019365986.1
felCat9:chrUn_NW_019365987v1	chrUn_NW_019365987v1		AANG04000589.1	AANG04000589.1	NW_019365987.1
felCat9:chrUn_NW_019365988v1	chrUn_NW_019365988v1		AANG04003779.1	AANG04003779.1	NW_019365988.1
felCat9:chrUn_NW_019365989v1	chrUn_NW_019365989v1		AANG04000761.1	AANG04000761.1	NW_019365989.1
felCat9:chrUn_NW_019365990v1	chrUn_NW_019365990v1		AANG04001746.1	AANG04001746.1	NW_019365990.1
felCat9:chrUn_NW_019365991v1	chrUn_NW_019365991v1		AANG04002269.1	AANG04002269.1	NW_019365991.1
felCat9:chrUn_NW_019365992v1	chrUn_NW_019365992v1		AANG04002340.1	AANG04002340.1	NW_019365992.1
felCat9:chrUn_NW_019365993v1	chrUn_NW_019365993v1		AANG04002568.1	AANG04002568.1	NW_019365993.1
felCat9:chrUn_NW_019365994v1	chrUn_NW_019365994v1		AANG04000907.1	AANG04000907.1	NW_019365994.1
felCat9:chrUn_NW_019365995v1	chrUn_NW_019365995v1		AANG04000010.1	AANG04000010.1	NW_019365995.1
felCat9:chrUn_NW_019365996v1	chrUn_NW_019365996v1		AANG04002341.1	AANG04002341.1	NW_019365996.1
felCat9:chrUn_NW_019365997v1	chrUn_NW_019365997v1		AANG04004592.1	AANG04004592.1	NW_019365997.1
felCat9:chrUn_NW_019365998v1	chrUn_NW_019365998v1		AANG04002681.1	AANG04002681.1	NW_019365998.1
felCat9:chrUn_NW_019365999v1	chrUn_NW_019365999v1		AANG04000173.1	AANG04000173.1	NW_019365999.1
felCat9:chrUn_NW_019366000v1	chrUn_NW_019366000v1		AANG04004623.1	AANG04004623.1	NW_019366000.1
felCat9:chrUn_NW_019366001v1	chrUn_NW_019366001v1		AANG04002955.1	AANG04002955.1	NW_019366001.1
felCat9:chrUn_NW_019366002v1	chrUn_NW_019366002v1		AANG04002713.1	AANG04002713.1	NW_019366002.1
felCat9:chrUn_NW_019366003v1	chrUn_NW_019366003v1		AANG04000279.1	AANG04000279.1	NW_019366003.1
felCat9:chrUn_NW_019366004v1	chrUn_NW_019366004v1		AANG04002347.1	AANG04002347.1	NW_019366004.1
felCat9:chrUn_NW_019366005v1	chrUn_NW_019366005v1		AANG04003162.1	AANG04003162.1	NW_019366005.1
felCat9:chrUn_NW_019366006v1	chrUn_NW_019366006v1		AANG04002869.1	AANG04002869.1	NW_019366006.1
felCat9:chrUn_NW_019366007v1	chrUn_NW_019366007v1		AANG04002372.1	AANG04002372.1	NW_019366007.1
felCat9:chrUn_NW_019366008v1	chrUn_NW_019366008v1		AANG04004486.1	AANG04004486.1	NW_019366008.1
felCat9:chrUn_NW_019366009v1	chrUn_NW_019366009v1		AANG04002095.1	AANG04002095.1	NW_019366009.1
felCat9:chrUn_NW_019366010v1	chrUn_NW_019366010v1		AANG04002226.1	AANG04002226.1	NW_019366010.1
felCat9:chrUn_NW_019366011v1	chrUn_NW_019366011v1		AANG04004542.1	AANG04004542.1	NW_019366011.1
felCat9:chrUn_NW_019366012v1	chrUn_NW_019366012v1		AANG04001452.1	AANG04001452.1	NW_019366012.1
felCat9:chrUn_NW_019366013v1	chrUn_NW_019366013v1		AANG04000216.1	AANG04000216.1	NW_019366013.1
felCat9:chrUn_NW_019366014v1	chrUn_NW_019366014v1		AANG04002755.1	AANG04002755.1	NW_019366014.1
felCat9:chrUn_NW_019366015v1	chrUn_NW_019366015v1		AANG04001570.1	AANG04001570.1	NW_019366015.1
felCat9:chrUn_NW_019366016v1	chrUn_NW_019366016v1		AANG04003164.1	AANG04003164.1	NW_019366016.1
felCat9:chrUn_NW_019366017v1	chrUn_NW_019366017v1		AANG04000588.1	AANG04000588.1	NW_019366017.1
felCat9:chrUn_NW_019366018v1	chrUn_NW_019366018v1		AANG04004323.1	AANG04004323.1	NW_019366018.1
felCat9:chrUn_NW_019366019v1	chrUn_NW_019366019v1		AANG04003078.1	AANG04003078.1	NW_019366019.1
felCat9:chrUn_NW_019366020v1	chrUn_NW_019366020v1		AANG04000359.1	AANG04000359.1	NW_019366020.1
felCat9:chrUn_NW_019366021v1	chrUn_NW_019366021v1		AANG04000314.1	AANG04000314.1	NW_019366021.1
felCat9:chrUn_NW_019366022v1	chrUn_NW_019366022v1		AANG04001485.1	AANG04001485.1	NW_019366022.1
felCat9:chrUn_NW_019366023v1	chrUn_NW_019366023v1		AANG04004567.1	AANG04004567.1	NW_019366023.1
felCat9:chrUn_NW_019366024v1	chrUn_NW_019366024v1		AANG04000190.1	AANG04000190.1	NW_019366024.1
felCat9:chrUn_NW_019366025v1	chrUn_NW_019366025v1		AANG04000510.1	AANG04000510.1	NW_019366025.1
felCat9:chrUn_NW_019366026v1	chrUn_NW_019366026v1		AANG04001798.1	AANG04001798.1	NW_019366026.1
felCat9:chrUn_NW_019366027v1	chrUn_NW_019366027v1		AANG04001447.1	AANG04001447.1	NW_019366027.1
felCat9:chrUn_NW_019366028v1	chrUn_NW_019366028v1		AANG04001466.1	AANG04001466.1	NW_019366028.1
felCat9:chrUn_NW_019366029v1	chrUn_NW_019366029v1		AANG04003822.1	AANG04003822.1	NW_019366029.1
felCat9:chrUn_NW_019366030v1	chrUn_NW_019366030v1		AANG04000101.1	AANG04000101.1	NW_019366030.1
felCat9:chrUn_NW_019366031v1	chrUn_NW_019366031v1		AANG04000057.1	AANG04000057.1	NW_019366031.1
felCat9:chrUn_NW_019366032v1	chrUn_NW_019366032v1		AANG04004162.1	AANG04004162.1	NW_019366032.1
felCat9:chrUn_NW_019366033v1	chrUn_NW_019366033v1		AANG04000239.1	AANG04000239.1	NW_019366033.1
felCat9:chrUn_NW_019366034v1	chrUn_NW_019366034v1		AANG04002969.1	AANG04002969.1	NW_019366034.1
felCat9:chrUn_NW_019366035v1	chrUn_NW_019366035v1		AANG04003522.1	AANG04003522.1	NW_019366035.1
felCat9:chrUn_NW_019366036v1	chrUn_NW_019366036v1		AANG04003381.1	AANG04003381.1	NW_019366036.1
felCat9:chrUn_NW_019366037v1	chrUn_NW_019366037v1		AANG04003677.1	AANG04003677.1	NW_019366037.1
felCat9:chrUn_NW_019366038v1	chrUn_NW_019366038v1		AANG04002442.1	AANG04002442.1	NW_019366038.1
felCat9:chrUn_NW_019366039v1	chrUn_NW_019366039v1		AANG04004605.1	AANG04004605.1	NW_019366039.1
felCat9:chrUn_NW_019366040v1	chrUn_NW_019366040v1		AANG04000196.1	AANG04000196.1	NW_019366040.1
felCat9:chrUn_NW_019366041v1	chrUn_NW_019366041v1		AANG04003737.1	AANG04003737.1	NW_019366041.1
felCat9:chrUn_NW_019366042v1	chrUn_NW_019366042v1		AANG04004255.1	AANG04004255.1	NW_019366042.1
felCat9:chrUn_NW_019366043v1	chrUn_NW_019366043v1		AANG04004137.1	AANG04004137.1	NW_019366043.1
felCat9:chrUn_NW_019366044v1	chrUn_NW_019366044v1		AANG04003736.1	AANG04003736.1	NW_019366044.1
felCat9:chrUn_NW_019366045v1	chrUn_NW_019366045v1		AANG04004348.1	AANG04004348.1	NW_019366045.1
felCat9:chrUn_NW_019366046v1	chrUn_NW_019366046v1		AANG04004339.1	AANG04004339.1	NW_019366046.1
felCat9:chrUn_NW_019366047v1	chrUn_NW_019366047v1		AANG04000953.1	AANG04000953.1	NW_019366047.1
felCat9:chrUn_NW_019366048v1	chrUn_NW_019366048v1		AANG04000860.1	AANG04000860.1	NW_019366048.1
felCat9:chrUn_NW_019366049v1	chrUn_NW_019366049v1		AANG04002425.1	AANG04002425.1	NW_019366049.1
felCat9:chrUn_NW_019366050v1	chrUn_NW_019366050v1		AANG04004017.1	AANG04004017.1	NW_019366050.1
felCat9:chrUn_NW_019366051v1	chrUn_NW_019366051v1		AANG04002629.1	AANG04002629.1	NW_019366051.1
felCat9:chrUn_NW_019366052v1	chrUn_NW_019366052v1		AANG04000551.1	AANG04000551.1	NW_019366052.1
felCat9:chrUn_NW_019366053v1	chrUn_NW_019366053v1		AANG04001874.1	AANG04001874.1	NW_019366053.1
felCat9:chrUn_NW_019366054v1	chrUn_NW_019366054v1		AANG04000703.1	AANG04000703.1	NW_019366054.1
felCat9:chrUn_NW_019366055v1	chrUn_NW_019366055v1		AANG04003464.1	AANG04003464.1	NW_019366055.1
felCat9:chrUn_NW_019366056v1	chrUn_NW_019366056v1		AANG04001502.1	AANG04001502.1	NW_019366056.1
felCat9:chrUn_NW_019366057v1	chrUn_NW_019366057v1		AANG04003098.1	AANG04003098.1	NW_019366057.1
felCat9:chrUn_NW_019366058v1	chrUn_NW_019366058v1		AANG04001743.1	AANG04001743.1	NW_019366058.1
felCat9:chrUn_NW_019366059v1	chrUn_NW_019366059v1		AANG04004251.1	AANG04004251.1	NW_019366059.1
felCat9:chrUn_NW_019366060v1	chrUn_NW_019366060v1		AANG04000331.1	AANG04000331.1	NW_019366060.1
felCat9:chrUn_NW_019366061v1	chrUn_NW_019366061v1		AANG04001265.1	AANG04001265.1	NW_019366061.1
felCat9:chrUn_NW_019366062v1	chrUn_NW_019366062v1		AANG04004680.1	AANG04004680.1	NW_019366062.1
felCat9:chrUn_NW_019366063v1	chrUn_NW_019366063v1		AANG04000392.1	AANG04000392.1	NW_019366063.1
felCat9:chrUn_NW_019366064v1	chrUn_NW_019366064v1		AANG04000797.1	AANG04000797.1	NW_019366064.1
felCat9:chrUn_NW_019366065v1	chrUn_NW_019366065v1		AANG04003862.1	AANG04003862.1	NW_019366065.1
felCat9:chrUn_NW_019366066v1	chrUn_NW_019366066v1		AANG04004696.1	AANG04004696.1	NW_019366066.1
felCat9:chrUn_NW_019366067v1	chrUn_NW_019366067v1		AANG04003960.1	AANG04003960.1	NW_019366067.1
felCat9:chrUn_NW_019366068v1	chrUn_NW_019366068v1		AANG04003606.1	AANG04003606.1	NW_019366068.1
felCat9:chrUn_NW_019366069v1	chrUn_NW_019366069v1		AANG04004437.1	AANG04004437.1	NW_019366069.1
felCat9:chrUn_NW_019366070v1	chrUn_NW_019366070v1		AANG04004432.1	AANG04004432.1	NW_019366070.1
felCat9:chrUn_NW_019366071v1	chrUn_NW_019366071v1		AANG04000284.1	AANG04000284.1	NW_019366071.1
felCat9:chrUn_NW_019366072v1	chrUn_NW_019366072v1		AANG04002694.1	AANG04002694.1	NW_019366072.1
felCat9:chrUn_NW_019366073v1	chrUn_NW_019366073v1		AANG04001163.1	AANG04001163.1	NW_019366073.1
felCat9:chrUn_NW_019366074v1	chrUn_NW_019366074v1		AANG04001079.1	AANG04001079.1	NW_019366074.1
felCat9:chrUn_NW_019366075v1	chrUn_NW_019366075v1		AANG04004262.1	AANG04004262.1	NW_019366075.1
felCat9:chrUn_NW_019366076v1	chrUn_NW_019366076v1		AANG04002035.1	AANG04002035.1	NW_019366076.1
felCat9:chrUn_NW_019366077v1	chrUn_NW_019366077v1		AANG04001458.1	AANG04001458.1	NW_019366077.1
felCat9:chrUn_NW_019366078v1	chrUn_NW_019366078v1		AANG04003538.1	AANG04003538.1	NW_019366078.1
felCat9:chrUn_NW_019366079v1	chrUn_NW_019366079v1		AANG04000574.1	AANG04000574.1	NW_019366079.1
felCat9:chrUn_NW_019366080v1	chrUn_NW_019366080v1		AANG04002458.1	AANG04002458.1	NW_019366080.1
felCat9:chrUn_NW_019366081v1	chrUn_NW_019366081v1		AANG04001729.1	AANG04001729.1	NW_019366081.1
felCat9:chrUn_NW_019366082v1	chrUn_NW_019366082v1		AANG04003444.1	AANG04003444.1	NW_019366082.1
felCat9:chrUn_NW_019366083v1	chrUn_NW_019366083v1		AANG04001344.1	AANG04001344.1	NW_019366083.1
felCat9:chrUn_NW_019366084v1	chrUn_NW_019366084v1		AANG04003633.1	AANG04003633.1	NW_019366084.1
felCat9:chrUn_NW_019366085v1	chrUn_NW_019366085v1		AANG04004683.1	AANG04004683.1	NW_019366085.1
felCat9:chrUn_NW_019366086v1	chrUn_NW_019366086v1		AANG04003744.1	AANG04003744.1	NW_019366086.1
felCat9:chrUn_NW_019366087v1	chrUn_NW_019366087v1		AANG04003630.1	AANG04003630.1	NW_019366087.1
felCat9:chrUn_NW_019366088v1	chrUn_NW_019366088v1		AANG04002324.1	AANG04002324.1	NW_019366088.1
felCat9:chrUn_NW_019366089v1	chrUn_NW_019366089v1		AANG04002690.1	AANG04002690.1	NW_019366089.1
felCat9:chrUn_NW_019366090v1	chrUn_NW_019366090v1		AANG04000962.1	AANG04000962.1	NW_019366090.1
felCat9:chrUn_NW_019366091v1	chrUn_NW_019366091v1		AANG04000698.1	AANG04000698.1	NW_019366091.1
felCat9:chrUn_NW_019366092v1	chrUn_NW_019366092v1		AANG04000946.1	AANG04000946.1	NW_019366092.1
felCat9:chrUn_NW_019366093v1	chrUn_NW_019366093v1		AANG04000734.1	AANG04000734.1	NW_019366093.1
felCat9:chrUn_NW_019366094v1	chrUn_NW_019366094v1		AANG04000466.1	AANG04000466.1	NW_019366094.1
felCat9:chrUn_NW_019366095v1	chrUn_NW_019366095v1		AANG04000563.1	AANG04000563.1	NW_019366095.1
felCat9:chrUn_NW_019366096v1	chrUn_NW_019366096v1		AANG04001382.1	AANG04001382.1	NW_019366096.1
felCat9:chrUn_NW_019366097v1	chrUn_NW_019366097v1		AANG04001144.1	AANG04001144.1	NW_019366097.1
felCat9:chrUn_NW_019366098v1	chrUn_NW_019366098v1		AANG04001514.1	AANG04001514.1	NW_019366098.1
felCat9:chrUn_NW_019366099v1	chrUn_NW_019366099v1		AANG04003237.1	AANG04003237.1	NW_019366099.1
felCat9:chrUn_NW_019366100v1	chrUn_NW_019366100v1		AANG04001786.1	AANG04001786.1	NW_019366100.1
felCat9:chrUn_NW_019366101v1	chrUn_NW_019366101v1		AANG04003285.1	AANG04003285.1	NW_019366101.1
felCat9:chrUn_NW_019366102v1	chrUn_NW_019366102v1		AANG04002973.1	AANG04002973.1	NW_019366102.1
felCat9:chrUn_NW_019366103v1	chrUn_NW_019366103v1		AANG04000933.1	AANG04000933.1	NW_019366103.1
felCat9:chrUn_NW_019366104v1	chrUn_NW_019366104v1		AANG04003564.1	AANG04003564.1	NW_019366104.1
felCat9:chrUn_NW_019366105v1	chrUn_NW_019366105v1		AANG04001542.1	AANG04001542.1	NW_019366105.1
felCat9:chrUn_NW_019366106v1	chrUn_NW_019366106v1		AANG04000484.1	AANG04000484.1	NW_019366106.1
felCat9:chrUn_NW_019366107v1	chrUn_NW_019366107v1		AANG04001025.1	AANG04001025.1	NW_019366107.1
felCat9:chrUn_NW_019366108v1	chrUn_NW_019366108v1		AANG04000457.1	AANG04000457.1	NW_019366108.1
felCat9:chrUn_NW_019366109v1	chrUn_NW_019366109v1		AANG04002517.1	AANG04002517.1	NW_019366109.1
felCat9:chrUn_NW_019366110v1	chrUn_NW_019366110v1		AANG04003222.1	AANG04003222.1	NW_019366110.1
felCat9:chrUn_NW_019366111v1	chrUn_NW_019366111v1		AANG04004196.1	AANG04004196.1	NW_019366111.1
felCat9:chrUn_NW_019366112v1	chrUn_NW_019366112v1		AANG04001681.1	AANG04001681.1	NW_019366112.1
felCat9:chrUn_NW_019366113v1	chrUn_NW_019366113v1		AANG04001787.1	AANG04001787.1	NW_019366113.1
felCat9:chrUn_NW_019366114v1	chrUn_NW_019366114v1		AANG04002421.1	AANG04002421.1	NW_019366114.1
felCat9:chrUn_NW_019366115v1	chrUn_NW_019366115v1		AANG04002576.1	AANG04002576.1	NW_019366115.1
felCat9:chrUn_NW_019366116v1	chrUn_NW_019366116v1		AANG04004737.1	AANG04004737.1	NW_019366116.1
felCat9:chrUn_NW_019366117v1	chrUn_NW_019366117v1		AANG04004174.1	AANG04004174.1	NW_019366117.1
felCat9:chrUn_NW_019366118v1	chrUn_NW_019366118v1		AANG04000788.1	AANG04000788.1	NW_019366118.1
felCat9:chrUn_NW_019366119v1	chrUn_NW_019366119v1		AANG04002815.1	AANG04002815.1	NW_019366119.1
felCat9:chrUn_NW_019366120v1	chrUn_NW_019366120v1		AANG04003835.1	AANG04003835.1	NW_019366120.1
felCat9:chrUn_NW_019366121v1	chrUn_NW_019366121v1		AANG04000420.1	AANG04000420.1	NW_019366121.1
felCat9:chrUn_NW_019366122v1	chrUn_NW_019366122v1		AANG04001854.1	AANG04001854.1	NW_019366122.1
felCat9:chrUn_NW_019366123v1	chrUn_NW_019366123v1		AANG04001586.1	AANG04001586.1	NW_019366123.1
felCat9:chrUn_NW_019366124v1	chrUn_NW_019366124v1		AANG04004500.1	AANG04004500.1	NW_019366124.1
felCat9:chrUn_NW_019366125v1	chrUn_NW_019366125v1		AANG04001105.1	AANG04001105.1	NW_019366125.1
felCat9:chrUn_NW_019366126v1	chrUn_NW_019366126v1		AANG04003408.1	AANG04003408.1	NW_019366126.1
felCat9:chrUn_NW_019366127v1	chrUn_NW_019366127v1		AANG04002133.1	AANG04002133.1	NW_019366127.1
felCat9:chrUn_NW_019366128v1	chrUn_NW_019366128v1		AANG04004345.1	AANG04004345.1	NW_019366128.1
felCat9:chrUn_NW_019366129v1	chrUn_NW_019366129v1		AANG04003820.1	AANG04003820.1	NW_019366129.1
felCat9:chrUn_NW_019366130v1	chrUn_NW_019366130v1		AANG04000789.1	AANG04000789.1	NW_019366130.1
felCat9:chrUn_NW_019366131v1	chrUn_NW_019366131v1		AANG04002648.1	AANG04002648.1	NW_019366131.1
felCat9:chrUn_NW_019366132v1	chrUn_NW_019366132v1		AANG04003293.1	AANG04003293.1	NW_019366132.1
felCat9:chrUn_NW_019366133v1	chrUn_NW_019366133v1		AANG04003503.1	AANG04003503.1	NW_019366133.1
felCat9:chrUn_NW_019366134v1	chrUn_NW_019366134v1		AANG04003230.1	AANG04003230.1	NW_019366134.1
felCat9:chrUn_NW_019366135v1	chrUn_NW_019366135v1		AANG04000888.1	AANG04000888.1	NW_019366135.1
felCat9:chrUn_NW_019366136v1	chrUn_NW_019366136v1		AANG04000092.1	AANG04000092.1	NW_019366136.1
felCat9:chrUn_NW_019366137v1	chrUn_NW_019366137v1		AANG04003169.1	AANG04003169.1	NW_019366137.1
felCat9:chrUn_NW_019366138v1	chrUn_NW_019366138v1		AANG04002310.1	AANG04002310.1	NW_019366138.1
felCat9:chrUn_NW_019366139v1	chrUn_NW_019366139v1		AANG04004652.1	AANG04004652.1	NW_019366139.1
felCat9:chrUn_NW_019366140v1	chrUn_NW_019366140v1		AANG04004557.1	AANG04004557.1	NW_019366140.1
felCat9:chrUn_NW_019366141v1	chrUn_NW_019366141v1		AANG04001042.1	AANG04001042.1	NW_019366141.1
felCat9:chrUn_NW_019366142v1	chrUn_NW_019366142v1		AANG04003654.1	AANG04003654.1	NW_019366142.1
felCat9:chrUn_NW_019366143v1	chrUn_NW_019366143v1		AANG04003665.1	AANG04003665.1	NW_019366143.1
felCat9:chrUn_NW_019366144v1	chrUn_NW_019366144v1		AANG04002415.1	AANG04002415.1	NW_019366144.1
felCat9:chrUn_NW_019366145v1	chrUn_NW_019366145v1		AANG04000343.1	AANG04000343.1	NW_019366145.1
felCat9:chrUn_NW_019366146v1	chrUn_NW_019366146v1		AANG04001281.1	AANG04001281.1	NW_019366146.1
felCat9:chrUn_NW_019366147v1	chrUn_NW_019366147v1		AANG04000902.1	AANG04000902.1	NW_019366147.1
felCat9:chrUn_NW_019366148v1	chrUn_NW_019366148v1		AANG04000699.1	AANG04000699.1	NW_019366148.1
felCat9:chrUn_NW_019366149v1	chrUn_NW_019366149v1		AANG04001166.1	AANG04001166.1	NW_019366149.1
felCat9:chrUn_NW_019366150v1	chrUn_NW_019366150v1		AANG04001749.1	AANG04001749.1	NW_019366150.1
felCat9:chrUn_NW_019366151v1	chrUn_NW_019366151v1		AANG04002086.1	AANG04002086.1	NW_019366151.1
felCat9:chrUn_NW_019366152v1	chrUn_NW_019366152v1		AANG04000486.1	AANG04000486.1	NW_019366152.1
felCat9:chrUn_NW_019366153v1	chrUn_NW_019366153v1		AANG04001496.1	AANG04001496.1	NW_019366153.1
felCat9:chrUn_NW_019366154v1	chrUn_NW_019366154v1		AANG04001783.1	AANG04001783.1	NW_019366154.1
felCat9:chrUn_NW_019366155v1	chrUn_NW_019366155v1		AANG04000037.1	AANG04000037.1	NW_019366155.1
felCat9:chrUn_NW_019366156v1	chrUn_NW_019366156v1		AANG04001339.1	AANG04001339.1	NW_019366156.1
felCat9:chrUn_NW_019366157v1	chrUn_NW_019366157v1		AANG04002895.1	AANG04002895.1	NW_019366157.1
felCat9:chrUn_NW_019366158v1	chrUn_NW_019366158v1		AANG04001613.1	AANG04001613.1	NW_019366158.1
felCat9:chrUn_NW_019366159v1	chrUn_NW_019366159v1		AANG04000218.1	AANG04000218.1	NW_019366159.1
felCat9:chrUn_NW_019366160v1	chrUn_NW_019366160v1		AANG04003215.1	AANG04003215.1	NW_019366160.1
felCat9:chrUn_NW_019366161v1	chrUn_NW_019366161v1		AANG04004682.1	AANG04004682.1	NW_019366161.1
felCat9:chrUn_NW_019366162v1	chrUn_NW_019366162v1		AANG04004378.1	AANG04004378.1	NW_019366162.1
felCat9:chrUn_NW_019366163v1	chrUn_NW_019366163v1		AANG04000610.1	AANG04000610.1	NW_019366163.1
felCat9:chrUn_NW_019366164v1	chrUn_NW_019366164v1		AANG04004698.1	AANG04004698.1	NW_019366164.1
felCat9:chrUn_NW_019366165v1	chrUn_NW_019366165v1		AANG04002042.1	AANG04002042.1	NW_019366165.1
felCat9:chrUn_NW_019366166v1	chrUn_NW_019366166v1		AANG04003861.1	AANG04003861.1	NW_019366166.1
felCat9:chrUn_NW_019366167v1	chrUn_NW_019366167v1		AANG04002353.1	AANG04002353.1	NW_019366167.1
felCat9:chrUn_NW_019366168v1	chrUn_NW_019366168v1		AANG04004189.1	AANG04004189.1	NW_019366168.1
felCat9:chrUn_NW_019366169v1	chrUn_NW_019366169v1		AANG04003458.1	AANG04003458.1	NW_019366169.1
felCat9:chrUn_NW_019366170v1	chrUn_NW_019366170v1		AANG04002360.1	AANG04002360.1	NW_019366170.1
felCat9:chrUn_NW_019366171v1	chrUn_NW_019366171v1		AANG04001639.1	AANG04001639.1	NW_019366171.1
felCat9:chrUn_NW_019366172v1	chrUn_NW_019366172v1		AANG04001822.1	AANG04001822.1	NW_019366172.1
felCat9:chrUn_NW_019366173v1	chrUn_NW_019366173v1		AANG04004480.1	AANG04004480.1	NW_019366173.1
felCat9:chrUn_NW_019366174v1	chrUn_NW_019366174v1		AANG04003438.1	AANG04003438.1	NW_019366174.1
felCat9:chrUn_NW_019366175v1	chrUn_NW_019366175v1		AANG04002211.1	AANG04002211.1	NW_019366175.1
felCat9:chrUn_NW_019366176v1	chrUn_NW_019366176v1		AANG04000240.1	AANG04000240.1	NW_019366176.1
felCat9:chrUn_NW_019366177v1	chrUn_NW_019366177v1		AANG04001306.1	AANG04001306.1	NW_019366177.1
felCat9:chrUn_NW_019366178v1	chrUn_NW_019366178v1		AANG04003166.1	AANG04003166.1	NW_019366178.1
felCat9:chrUn_NW_019366179v1	chrUn_NW_019366179v1		AANG04001027.1	AANG04001027.1	NW_019366179.1
felCat9:chrUn_NW_019366180v1	chrUn_NW_019366180v1		AANG04001520.1	AANG04001520.1	NW_019366180.1
felCat9:chrUn_NW_019366181v1	chrUn_NW_019366181v1		AANG04002561.1	AANG04002561.1	NW_019366181.1
felCat9:chrUn_NW_019366182v1	chrUn_NW_019366182v1		AANG04004138.1	AANG04004138.1	NW_019366182.1
felCat9:chrUn_NW_019366183v1	chrUn_NW_019366183v1		AANG04001848.1	AANG04001848.1	NW_019366183.1
felCat9:chrUn_NW_019366184v1	chrUn_NW_019366184v1		AANG04004225.1	AANG04004225.1	NW_019366184.1
felCat9:chrUn_NW_019366185v1	chrUn_NW_019366185v1		AANG04003125.1	AANG04003125.1	NW_019366185.1
felCat9:chrUn_NW_019366186v1	chrUn_NW_019366186v1		AANG04001359.1	AANG04001359.1	NW_019366186.1
felCat9:chrUn_NW_019366187v1	chrUn_NW_019366187v1		AANG04004146.1	AANG04004146.1	NW_019366187.1
felCat9:chrUn_NW_019366188v1	chrUn_NW_019366188v1		AANG04001424.1	AANG04001424.1	NW_019366188.1
felCat9:chrUn_NW_019366189v1	chrUn_NW_019366189v1		AANG04001145.1	AANG04001145.1	NW_019366189.1
felCat9:chrUn_NW_019366190v1	chrUn_NW_019366190v1		AANG04003390.1	AANG04003390.1	NW_019366190.1
felCat9:chrUn_NW_019366191v1	chrUn_NW_019366191v1		AANG04003163.1	AANG04003163.1	NW_019366191.1
felCat9:chrUn_NW_019366192v1	chrUn_NW_019366192v1		AANG04002219.1	AANG04002219.1	NW_019366192.1
felCat9:chrUn_NW_019366193v1	chrUn_NW_019366193v1		AANG04004169.1	AANG04004169.1	NW_019366193.1
felCat9:chrUn_NW_019366194v1	chrUn_NW_019366194v1		AANG04004642.1	AANG04004642.1	NW_019366194.1
felCat9:chrUn_NW_019366195v1	chrUn_NW_019366195v1		AANG04004187.1	AANG04004187.1	NW_019366195.1
felCat9:chrUn_NW_019366196v1	chrUn_NW_019366196v1		AANG04000358.1	AANG04000358.1	NW_019366196.1
felCat9:chrUn_NW_019366197v1	chrUn_NW_019366197v1		AANG04003711.1	AANG04003711.1	NW_019366197.1
felCat9:chrUn_NW_019366198v1	chrUn_NW_019366198v1		AANG04000355.1	AANG04000355.1	NW_019366198.1
felCat9:chrUn_NW_019366199v1	chrUn_NW_019366199v1		AANG04003007.1	AANG04003007.1	NW_019366199.1
felCat9:chrUn_NW_019366200v1	chrUn_NW_019366200v1		AANG04000537.1	AANG04000537.1	NW_019366200.1
felCat9:chrUn_NW_019366201v1	chrUn_NW_019366201v1		AANG04001736.1	AANG04001736.1	NW_019366201.1
felCat9:chrUn_NW_019366202v1	chrUn_NW_019366202v1		AANG04000855.1	AANG04000855.1	NW_019366202.1
felCat9:chrUn_NW_019366203v1	chrUn_NW_019366203v1		AANG04002856.1	AANG04002856.1	NW_019366203.1
felCat9:chrUn_NW_019366204v1	chrUn_NW_019366204v1		AANG04003101.1	AANG04003101.1	NW_019366204.1
felCat9:chrUn_NW_019366205v1	chrUn_NW_019366205v1		AANG04000631.1	AANG04000631.1	NW_019366205.1
felCat9:chrUn_NW_019366206v1	chrUn_NW_019366206v1		AANG04003535.1	AANG04003535.1	NW_019366206.1
felCat9:chrUn_NW_019366207v1	chrUn_NW_019366207v1		AANG04001267.1	AANG04001267.1	NW_019366207.1
felCat9:chrUn_NW_019366208v1	chrUn_NW_019366208v1		AANG04004010.1	AANG04004010.1	NW_019366208.1
felCat9:chrUn_NW_019366209v1	chrUn_NW_019366209v1		AANG04001255.1	AANG04001255.1	NW_019366209.1
felCat9:chrUn_NW_019366210v1	chrUn_NW_019366210v1		AANG04002749.1	AANG04002749.1	NW_019366210.1
felCat9:chrUn_NW_019366211v1	chrUn_NW_019366211v1		AANG04002275.1	AANG04002275.1	NW_019366211.1
felCat9:chrUn_NW_019366212v1	chrUn_NW_019366212v1		AANG04002678.1	AANG04002678.1	NW_019366212.1
felCat9:chrUn_NW_019366213v1	chrUn_NW_019366213v1		AANG04003874.1	AANG04003874.1	NW_019366213.1
felCat9:chrUn_NW_019366214v1	chrUn_NW_019366214v1		AANG04002038.1	AANG04002038.1	NW_019366214.1
felCat9:chrUn_NW_019366215v1	chrUn_NW_019366215v1		AANG04004377.1	AANG04004377.1	NW_019366215.1
felCat9:chrUn_NW_019366216v1	chrUn_NW_019366216v1		AANG04004586.1	AANG04004586.1	NW_019366216.1
felCat9:chrUn_NW_019366217v1	chrUn_NW_019366217v1		AANG04004558.1	AANG04004558.1	NW_019366217.1
felCat9:chrUn_NW_019366218v1	chrUn_NW_019366218v1		AANG04001469.1	AANG04001469.1	NW_019366218.1
felCat9:chrUn_NW_019366219v1	chrUn_NW_019366219v1		AANG04000869.1	AANG04000869.1	NW_019366219.1
felCat9:chrUn_NW_019366220v1	chrUn_NW_019366220v1		AANG04004574.1	AANG04004574.1	NW_019366220.1
felCat9:chrUn_NW_019366221v1	chrUn_NW_019366221v1		AANG04004640.1	AANG04004640.1	NW_019366221.1
felCat9:chrUn_NW_019366222v1	chrUn_NW_019366222v1		AANG04002845.1	AANG04002845.1	NW_019366222.1
felCat9:chrUn_NW_019366223v1	chrUn_NW_019366223v1		AANG04004141.1	AANG04004141.1	NW_019366223.1
felCat9:chrUn_NW_019366224v1	chrUn_NW_019366224v1		AANG04004263.1	AANG04004263.1	NW_019366224.1
felCat9:chrUn_NW_019366225v1	chrUn_NW_019366225v1		AANG04004519.1	AANG04004519.1	NW_019366225.1
felCat9:chrUn_NW_019366226v1	chrUn_NW_019366226v1		AANG04000549.1	AANG04000549.1	NW_019366226.1
felCat9:chrUn_NW_019366227v1	chrUn_NW_019366227v1		AANG04003013.1	AANG04003013.1	NW_019366227.1
felCat9:chrUn_NW_019366228v1	chrUn_NW_019366228v1		AANG04002669.1	AANG04002669.1	NW_019366228.1
felCat9:chrUn_NW_019366229v1	chrUn_NW_019366229v1		AANG04002507.1	AANG04002507.1	NW_019366229.1
felCat9:chrUn_NW_019366230v1	chrUn_NW_019366230v1		AANG04003021.1	AANG04003021.1	NW_019366230.1
felCat9:chrUn_NW_019366231v1	chrUn_NW_019366231v1		AANG04000026.1	AANG04000026.1	NW_019366231.1
felCat9:chrUn_NW_019366232v1	chrUn_NW_019366232v1		AANG04001130.1	AANG04001130.1	NW_019366232.1
felCat9:chrUn_NW_019366233v1	chrUn_NW_019366233v1		AANG04000542.1	AANG04000542.1	NW_019366233.1
felCat9:chrUn_NW_019366234v1	chrUn_NW_019366234v1		AANG04002083.1	AANG04002083.1	NW_019366234.1
felCat9:chrUn_NW_019366235v1	chrUn_NW_019366235v1		AANG04000791.1	AANG04000791.1	NW_019366235.1
felCat9:chrUn_NW_019366236v1	chrUn_NW_019366236v1		AANG04004630.1	AANG04004630.1	NW_019366236.1
felCat9:chrUn_NW_019366237v1	chrUn_NW_019366237v1		AANG04003398.1	AANG04003398.1	NW_019366237.1
felCat9:chrUn_NW_019366238v1	chrUn_NW_019366238v1		AANG04002937.1	AANG04002937.1	NW_019366238.1
felCat9:chrUn_NW_019366239v1	chrUn_NW_019366239v1		AANG04000269.1	AANG04000269.1	NW_019366239.1
felCat9:chrUn_NW_019366240v1	chrUn_NW_019366240v1		AANG04002864.1	AANG04002864.1	NW_019366240.1
felCat9:chrUn_NW_019366241v1	chrUn_NW_019366241v1		AANG04002621.1	AANG04002621.1	NW_019366241.1
felCat9:chrUn_NW_019366242v1	chrUn_NW_019366242v1		AANG04003018.1	AANG04003018.1	NW_019366242.1
felCat9:chrUn_NW_019366243v1	chrUn_NW_019366243v1		AANG04002088.1	AANG04002088.1	NW_019366243.1
felCat9:chrUn_NW_019366244v1	chrUn_NW_019366244v1		AANG04003281.1	AANG04003281.1	NW_019366244.1
felCat9:chrUn_NW_019366245v1	chrUn_NW_019366245v1		AANG04001239.1	AANG04001239.1	NW_019366245.1
felCat9:chrUn_NW_019366246v1	chrUn_NW_019366246v1		AANG04004721.1	AANG04004721.1	NW_019366246.1
felCat9:chrUn_NW_019366247v1	chrUn_NW_019366247v1		AANG04000376.1	AANG04000376.1	NW_019366247.1
felCat9:chrUn_NW_019366248v1	chrUn_NW_019366248v1		AANG04001467.1	AANG04001467.1	NW_019366248.1
felCat9:chrUn_NW_019366249v1	chrUn_NW_019366249v1		AANG04001195.1	AANG04001195.1	NW_019366249.1
felCat9:chrUn_NW_019366250v1	chrUn_NW_019366250v1		AANG04001620.1	AANG04001620.1	NW_019366250.1
felCat9:chrUn_NW_019366251v1	chrUn_NW_019366251v1		AANG04001071.1	AANG04001071.1	NW_019366251.1
felCat9:chrUn_NW_019366252v1	chrUn_NW_019366252v1		AANG04004051.1	AANG04004051.1	NW_019366252.1
felCat9:chrUn_NW_019366253v1	chrUn_NW_019366253v1		AANG04001450.1	AANG04001450.1	NW_019366253.1
felCat9:chrUn_NW_019366254v1	chrUn_NW_019366254v1		AANG04001543.1	AANG04001543.1	NW_019366254.1
felCat9:chrUn_NW_019366255v1	chrUn_NW_019366255v1		AANG04002997.1	AANG04002997.1	NW_019366255.1
felCat9:chrUn_NW_019366256v1	chrUn_NW_019366256v1		AANG04000263.1	AANG04000263.1	NW_019366256.1
felCat9:chrUn_NW_019366257v1	chrUn_NW_019366257v1		AANG04000621.1	AANG04000621.1	NW_019366257.1
felCat9:chrUn_NW_019366258v1	chrUn_NW_019366258v1		AANG04000312.1	AANG04000312.1	NW_019366258.1
felCat9:chrUn_NW_019366259v1	chrUn_NW_019366259v1		AANG04000873.1	AANG04000873.1	NW_019366259.1
felCat9:chrUn_NW_019366260v1	chrUn_NW_019366260v1		AANG04004581.1	AANG04004581.1	NW_019366260.1
felCat9:chrUn_NW_019366261v1	chrUn_NW_019366261v1		AANG04001660.1	AANG04001660.1	NW_019366261.1
felCat9:chrUn_NW_019366262v1	chrUn_NW_019366262v1		AANG04004431.1	AANG04004431.1	NW_019366262.1
felCat9:chrUn_NW_019366263v1	chrUn_NW_019366263v1		AANG04003542.1	AANG04003542.1	NW_019366263.1
felCat9:chrUn_NW_019366264v1	chrUn_NW_019366264v1		AANG04000729.1	AANG04000729.1	NW_019366264.1
felCat9:chrUn_NW_019366265v1	chrUn_NW_019366265v1		AANG04001076.1	AANG04001076.1	NW_019366265.1
felCat9:chrUn_NW_019366266v1	chrUn_NW_019366266v1		AANG04001391.1	AANG04001391.1	NW_019366266.1
felCat9:chrUn_NW_019366267v1	chrUn_NW_019366267v1		AANG04003256.1	AANG04003256.1	NW_019366267.1
felCat9:chrUn_NW_019366268v1	chrUn_NW_019366268v1		AANG04000733.1	AANG04000733.1	NW_019366268.1
felCat9:chrUn_NW_019366269v1	chrUn_NW_019366269v1		AANG04001672.1	AANG04001672.1	NW_019366269.1
felCat9:chrUn_NW_019366270v1	chrUn_NW_019366270v1		AANG04003090.1	AANG04003090.1	NW_019366270.1
felCat9:chrUn_NW_019366271v1	chrUn_NW_019366271v1		AANG04003088.1	AANG04003088.1	NW_019366271.1
felCat9:chrUn_NW_019366272v1	chrUn_NW_019366272v1		AANG04001659.1	AANG04001659.1	NW_019366272.1
felCat9:chrUn_NW_019366273v1	chrUn_NW_019366273v1		AANG04002441.1	AANG04002441.1	NW_019366273.1
felCat9:chrUn_NW_019366274v1	chrUn_NW_019366274v1		AANG04003879.1	AANG04003879.1	NW_019366274.1
felCat9:chrUn_NW_019366275v1	chrUn_NW_019366275v1		AANG04001762.1	AANG04001762.1	NW_019366275.1
felCat9:chrUn_NW_019366276v1	chrUn_NW_019366276v1		AANG04003653.1	AANG04003653.1	NW_019366276.1
felCat9:chrUn_NW_019366277v1	chrUn_NW_019366277v1		AANG04002768.1	AANG04002768.1	NW_019366277.1
felCat9:chrUn_NW_019366278v1	chrUn_NW_019366278v1		AANG04002076.1	AANG04002076.1	NW_019366278.1
felCat9:chrUn_NW_019366279v1	chrUn_NW_019366279v1		AANG04004218.1	AANG04004218.1	NW_019366279.1
felCat9:chrUn_NW_019366280v1	chrUn_NW_019366280v1		AANG04002877.1	AANG04002877.1	NW_019366280.1
felCat9:chrUn_NW_019366281v1	chrUn_NW_019366281v1		AANG04002505.1	AANG04002505.1	NW_019366281.1
felCat9:chrUn_NW_019366282v1	chrUn_NW_019366282v1		AANG04001791.1	AANG04001791.1	NW_019366282.1
felCat9:chrUn_NW_019366283v1	chrUn_NW_019366283v1		AANG04004075.1	AANG04004075.1	NW_019366283.1
felCat9:chrUn_NW_019366284v1	chrUn_NW_019366284v1		AANG04003154.1	AANG04003154.1	NW_019366284.1
felCat9:chrUn_NW_019366285v1	chrUn_NW_019366285v1		AANG04003143.1	AANG04003143.1	NW_019366285.1
felCat9:chrUn_NW_019366286v1	chrUn_NW_019366286v1		AANG04004100.1	AANG04004100.1	NW_019366286.1
felCat9:chrUn_NW_019366287v1	chrUn_NW_019366287v1		AANG04004342.1	AANG04004342.1	NW_019366287.1
felCat9:chrUn_NW_019366288v1	chrUn_NW_019366288v1		AANG04003675.1	AANG04003675.1	NW_019366288.1
felCat9:chrUn_NW_019366289v1	chrUn_NW_019366289v1		AANG04000874.1	AANG04000874.1	NW_019366289.1
felCat9:chrUn_NW_019366290v1	chrUn_NW_019366290v1		AANG04002071.1	AANG04002071.1	NW_019366290.1
felCat9:chrUn_NW_019366291v1	chrUn_NW_019366291v1		AANG04004269.1	AANG04004269.1	NW_019366291.1
felCat9:chrUn_NW_019366292v1	chrUn_NW_019366292v1		AANG04004627.1	AANG04004627.1	NW_019366292.1
felCat9:chrUn_NW_019366293v1	chrUn_NW_019366293v1		AANG04002477.1	AANG04002477.1	NW_019366293.1
felCat9:chrUn_NW_019366294v1	chrUn_NW_019366294v1		AANG04002577.1	AANG04002577.1	NW_019366294.1
felCat9:chrUn_NW_019366295v1	chrUn_NW_019366295v1		AANG04000886.1	AANG04000886.1	NW_019366295.1
felCat9:chrUn_NW_019366296v1	chrUn_NW_019366296v1		AANG04001275.1	AANG04001275.1	NW_019366296.1
felCat9:chrUn_NW_019366297v1	chrUn_NW_019366297v1		AANG04001370.1	AANG04001370.1	NW_019366297.1
felCat9:chrUn_NW_019366298v1	chrUn_NW_019366298v1		AANG04004731.1	AANG04004731.1	NW_019366298.1
felCat9:chrUn_NW_019366299v1	chrUn_NW_019366299v1		AANG04003801.1	AANG04003801.1	NW_019366299.1
felCat9:chrUn_NW_019366300v1	chrUn_NW_019366300v1		AANG04000541.1	AANG04000541.1	NW_019366300.1
felCat9:chrUn_NW_019366301v1	chrUn_NW_019366301v1		AANG04000056.1	AANG04000056.1	NW_019366301.1
felCat9:chrUn_NW_019366302v1	chrUn_NW_019366302v1		AANG04002476.1	AANG04002476.1	NW_019366302.1
felCat9:chrUn_NW_019366303v1	chrUn_NW_019366303v1		AANG04000901.1	AANG04000901.1	NW_019366303.1
felCat9:chrUn_NW_019366304v1	chrUn_NW_019366304v1		AANG04004651.1	AANG04004651.1	NW_019366304.1
felCat9:chrUn_NW_019366305v1	chrUn_NW_019366305v1		AANG04003395.1	AANG04003395.1	NW_019366305.1
felCat9:chrUn_NW_019366306v1	chrUn_NW_019366306v1		AANG04003527.1	AANG04003527.1	NW_019366306.1
felCat9:chrUn_NW_019366307v1	chrUn_NW_019366307v1		AANG04003446.1	AANG04003446.1	NW_019366307.1
felCat9:chrUn_NW_019366308v1	chrUn_NW_019366308v1		AANG04002165.1	AANG04002165.1	NW_019366308.1
felCat9:chrUn_NW_019366309v1	chrUn_NW_019366309v1		AANG04001887.1	AANG04001887.1	NW_019366309.1
felCat9:chrUn_NW_019366310v1	chrUn_NW_019366310v1		AANG04000951.1	AANG04000951.1	NW_019366310.1
felCat9:chrUn_NW_019366311v1	chrUn_NW_019366311v1		AANG04000463.1	AANG04000463.1	NW_019366311.1
felCat9:chrUn_NW_019366312v1	chrUn_NW_019366312v1		AANG04000865.1	AANG04000865.1	NW_019366312.1
felCat9:chrUn_NW_019366313v1	chrUn_NW_019366313v1		AANG04001991.1	AANG04001991.1	NW_019366313.1
felCat9:chrUn_NW_019366314v1	chrUn_NW_019366314v1		AANG04004248.1	AANG04004248.1	NW_019366314.1
felCat9:chrUn_NW_019366315v1	chrUn_NW_019366315v1		AANG04004381.1	AANG04004381.1	NW_019366315.1
felCat9:chrUn_NW_019366316v1	chrUn_NW_019366316v1		AANG04000335.1	AANG04000335.1	NW_019366316.1
felCat9:chrUn_NW_019366317v1	chrUn_NW_019366317v1		AANG04001998.1	AANG04001998.1	NW_019366317.1
felCat9:chrUn_NW_019366318v1	chrUn_NW_019366318v1		AANG04000205.1	AANG04000205.1	NW_019366318.1
felCat9:chrUn_NW_019366319v1	chrUn_NW_019366319v1		AANG04002170.1	AANG04002170.1	NW_019366319.1
felCat9:chrUn_NW_019366320v1	chrUn_NW_019366320v1		AANG04004497.1	AANG04004497.1	NW_019366320.1
felCat9:chrUn_NW_019366321v1	chrUn_NW_019366321v1		AANG04004084.1	AANG04004084.1	NW_019366321.1
felCat9:chrUn_NW_019366322v1	chrUn_NW_019366322v1		AANG04000058.1	AANG04000058.1	NW_019366322.1
felCat9:chrUn_NW_019366323v1	chrUn_NW_019366323v1		AANG04001817.1	AANG04001817.1	NW_019366323.1
felCat9:chrUn_NW_019366324v1	chrUn_NW_019366324v1		AANG04003965.1	AANG04003965.1	NW_019366324.1
felCat9:chrUn_NW_019366325v1	chrUn_NW_019366325v1		AANG04001049.1	AANG04001049.1	NW_019366325.1
felCat9:chrUn_NW_019366326v1	chrUn_NW_019366326v1		AANG04002701.1	AANG04002701.1	NW_019366326.1
felCat9:chrUn_NW_019366327v1	chrUn_NW_019366327v1		AANG04002821.1	AANG04002821.1	NW_019366327.1
felCat9:chrUn_NW_019366328v1	chrUn_NW_019366328v1		AANG04002987.1	AANG04002987.1	NW_019366328.1
felCat9:chrUn_NW_019366329v1	chrUn_NW_019366329v1		AANG04004530.1	AANG04004530.1	NW_019366329.1
felCat9:chrUn_NW_019366330v1	chrUn_NW_019366330v1		AANG04004639.1	AANG04004639.1	NW_019366330.1
felCat9:chrUn_NW_019366331v1	chrUn_NW_019366331v1		AANG04002686.1	AANG04002686.1	NW_019366331.1
felCat9:chrUn_NW_019366332v1	chrUn_NW_019366332v1		AANG04000103.1	AANG04000103.1	NW_019366332.1
felCat9:chrUn_NW_019366333v1	chrUn_NW_019366333v1		AANG04004188.1	AANG04004188.1	NW_019366333.1
felCat9:chrUn_NW_019366334v1	chrUn_NW_019366334v1		AANG04003022.1	AANG04003022.1	NW_019366334.1
felCat9:chrUn_NW_019366335v1	chrUn_NW_019366335v1		AANG04000008.1	AANG04000008.1	NW_019366335.1
felCat9:chrUn_NW_019366336v1	chrUn_NW_019366336v1		AANG04000375.1	AANG04000375.1	NW_019366336.1
felCat9:chrUn_NW_019366337v1	chrUn_NW_019366337v1		AANG04003707.1	AANG04003707.1	NW_019366337.1
felCat9:chrUn_NW_019366338v1	chrUn_NW_019366338v1		AANG04003026.1	AANG04003026.1	NW_019366338.1
felCat9:chrUn_NW_019366339v1	chrUn_NW_019366339v1		AANG04003649.1	AANG04003649.1	NW_019366339.1
felCat9:chrUn_NW_019366340v1	chrUn_NW_019366340v1		AANG04003071.1	AANG04003071.1	NW_019366340.1
felCat9:chrUn_NW_019366341v1	chrUn_NW_019366341v1		AANG04001894.1	AANG04001894.1	NW_019366341.1
felCat9:chrUn_NW_019366342v1	chrUn_NW_019366342v1		AANG04004259.1	AANG04004259.1	NW_019366342.1
felCat9:chrUn_NW_019366343v1	chrUn_NW_019366343v1		AANG04001441.1	AANG04001441.1	NW_019366343.1
felCat9:chrUn_NW_019366344v1	chrUn_NW_019366344v1		AANG04000108.1	AANG04000108.1	NW_019366344.1
felCat9:chrUn_NW_019366345v1	chrUn_NW_019366345v1		AANG04001921.1	AANG04001921.1	NW_019366345.1
felCat9:chrUn_NW_019366346v1	chrUn_NW_019366346v1		AANG04001203.1	AANG04001203.1	NW_019366346.1
felCat9:chrUn_NW_019366347v1	chrUn_NW_019366347v1		AANG04002637.1	AANG04002637.1	NW_019366347.1
felCat9:chrUn_NW_019366348v1	chrUn_NW_019366348v1		AANG04001381.1	AANG04001381.1	NW_019366348.1
felCat9:chrUn_NW_019366349v1	chrUn_NW_019366349v1		AANG04001885.1	AANG04001885.1	NW_019366349.1
felCat9:chrUn_NW_019366350v1	chrUn_NW_019366350v1		AANG04003252.1	AANG04003252.1	NW_019366350.1
felCat9:chrUn_NW_019366351v1	chrUn_NW_019366351v1		AANG04003454.1	AANG04003454.1	NW_019366351.1
felCat9:chrUn_NW_019366352v1	chrUn_NW_019366352v1		AANG04002439.1	AANG04002439.1	NW_019366352.1
felCat9:chrUn_NW_019366353v1	chrUn_NW_019366353v1		AANG04002572.1	AANG04002572.1	NW_019366353.1
felCat9:chrUn_NW_019366354v1	chrUn_NW_019366354v1		AANG04004082.1	AANG04004082.1	NW_019366354.1
felCat9:chrUn_NW_019366355v1	chrUn_NW_019366355v1		AANG04004216.1	AANG04004216.1	NW_019366355.1
felCat9:chrUn_NW_019366356v1	chrUn_NW_019366356v1		AANG04003322.1	AANG04003322.1	NW_019366356.1
felCat9:chrUn_NW_019366357v1	chrUn_NW_019366357v1		AANG04003532.1	AANG04003532.1	NW_019366357.1
felCat9:chrUn_NW_019366358v1	chrUn_NW_019366358v1		AANG04001373.1	AANG04001373.1	NW_019366358.1
felCat9:chrUn_NW_019366359v1	chrUn_NW_019366359v1		AANG04002570.1	AANG04002570.1	NW_019366359.1
felCat9:chrUn_NW_019366360v1	chrUn_NW_019366360v1		AANG04003259.1	AANG04003259.1	NW_019366360.1
felCat9:chrUn_NW_019366361v1	chrUn_NW_019366361v1		AANG04000531.1	AANG04000531.1	NW_019366361.1
felCat9:chrUn_NW_019366362v1	chrUn_NW_019366362v1		AANG04001994.1	AANG04001994.1	NW_019366362.1
felCat9:chrUn_NW_019366363v1	chrUn_NW_019366363v1		AANG04004109.1	AANG04004109.1	NW_019366363.1
felCat9:chrUn_NW_019366364v1	chrUn_NW_019366364v1		AANG04003973.1	AANG04003973.1	NW_019366364.1
felCat9:chrUn_NW_019366365v1	chrUn_NW_019366365v1		AANG04000615.1	AANG04000615.1	NW_019366365.1
felCat9:chrUn_NW_019366366v1	chrUn_NW_019366366v1		AANG04001290.1	AANG04001290.1	NW_019366366.1
felCat9:chrUn_NW_019366367v1	chrUn_NW_019366367v1		AANG04004013.1	AANG04004013.1	NW_019366367.1
felCat9:chrUn_NW_019366368v1	chrUn_NW_019366368v1		AANG04003975.1	AANG04003975.1	NW_019366368.1
felCat9:chrUn_NW_019366369v1	chrUn_NW_019366369v1		AANG04000643.1	AANG04000643.1	NW_019366369.1
felCat9:chrUn_NW_019366370v1	chrUn_NW_019366370v1		AANG04002543.1	AANG04002543.1	NW_019366370.1
felCat9:chrUn_NW_019366371v1	chrUn_NW_019366371v1		AANG04000041.1	AANG04000041.1	NW_019366371.1
felCat9:chrUn_NW_019366372v1	chrUn_NW_019366372v1		AANG04000968.1	AANG04000968.1	NW_019366372.1
felCat9:chrUn_NW_019366373v1	chrUn_NW_019366373v1		AANG04000582.1	AANG04000582.1	NW_019366373.1
felCat9:chrUn_NW_019366374v1	chrUn_NW_019366374v1		AANG04001614.1	AANG04001614.1	NW_019366374.1
felCat9:chrUn_NW_019366375v1	chrUn_NW_019366375v1		AANG04002818.1	AANG04002818.1	NW_019366375.1
felCat9:chrUn_NW_019366376v1	chrUn_NW_019366376v1		AANG04000478.1	AANG04000478.1	NW_019366376.1
felCat9:chrUn_NW_019366377v1	chrUn_NW_019366377v1		AANG04004629.1	AANG04004629.1	NW_019366377.1
felCat9:chrUn_NW_019366378v1	chrUn_NW_019366378v1		AANG04000545.1	AANG04000545.1	NW_019366378.1
felCat9:chrUn_NW_019366379v1	chrUn_NW_019366379v1		AANG04002311.1	AANG04002311.1	NW_019366379.1
felCat9:chrUn_NW_019366380v1	chrUn_NW_019366380v1		AANG04003488.1	AANG04003488.1	NW_019366380.1
felCat9:chrUn_NW_019366381v1	chrUn_NW_019366381v1		AANG04004733.1	AANG04004733.1	NW_019366381.1
felCat9:chrUn_NW_019366382v1	chrUn_NW_019366382v1		AANG04001655.1	AANG04001655.1	NW_019366382.1
felCat9:chrUn_NW_019366383v1	chrUn_NW_019366383v1		AANG04002980.1	AANG04002980.1	NW_019366383.1
felCat9:chrUn_NW_019366384v1	chrUn_NW_019366384v1		AANG04003380.1	AANG04003380.1	NW_019366384.1
felCat9:chrUn_NW_019366385v1	chrUn_NW_019366385v1		AANG04001302.1	AANG04001302.1	NW_019366385.1
felCat9:chrUn_NW_019366386v1	chrUn_NW_019366386v1		AANG04003698.1	AANG04003698.1	NW_019366386.1
felCat9:chrUn_NW_019366387v1	chrUn_NW_019366387v1		AANG04001801.1	AANG04001801.1	NW_019366387.1
felCat9:chrUn_NW_019366388v1	chrUn_NW_019366388v1		AANG04000307.1	AANG04000307.1	NW_019366388.1
felCat9:chrUn_NW_019366389v1	chrUn_NW_019366389v1		AANG04000228.1	AANG04000228.1	NW_019366389.1
felCat9:chrUn_NW_019366390v1	chrUn_NW_019366390v1		AANG04001573.1	AANG04001573.1	NW_019366390.1
felCat9:chrUn_NW_019366391v1	chrUn_NW_019366391v1		AANG04004091.1	AANG04004091.1	NW_019366391.1
felCat9:chrUn_NW_019366392v1	chrUn_NW_019366392v1		AANG04001984.1	AANG04001984.1	NW_019366392.1
felCat9:chrUn_NW_019366393v1	chrUn_NW_019366393v1		AANG04004515.1	AANG04004515.1	NW_019366393.1
felCat9:chrUn_NW_019366394v1	chrUn_NW_019366394v1		AANG04000188.1	AANG04000188.1	NW_019366394.1
felCat9:chrUn_NW_019366395v1	chrUn_NW_019366395v1		AANG04003443.1	AANG04003443.1	NW_019366395.1
felCat9:chrUn_NW_019366396v1	chrUn_NW_019366396v1		AANG04003225.1	AANG04003225.1	NW_019366396.1
felCat9:chrUn_NW_019366397v1	chrUn_NW_019366397v1		AANG04000748.1	AANG04000748.1	NW_019366397.1
felCat9:chrUn_NW_019366398v1	chrUn_NW_019366398v1		AANG04000732.1	AANG04000732.1	NW_019366398.1
felCat9:chrUn_NW_019366399v1	chrUn_NW_019366399v1		AANG04003209.1	AANG04003209.1	NW_019366399.1
felCat9:chrUn_NW_019366400v1	chrUn_NW_019366400v1		AANG04001206.1	AANG04001206.1	NW_019366400.1
felCat9:chrUn_NW_019366401v1	chrUn_NW_019366401v1		AANG04003186.1	AANG04003186.1	NW_019366401.1
felCat9:chrUn_NW_019366402v1	chrUn_NW_019366402v1		AANG04004704.1	AANG04004704.1	NW_019366402.1
felCat9:chrUn_NW_019366403v1	chrUn_NW_019366403v1		AANG04003486.1	AANG04003486.1	NW_019366403.1
felCat9:chrUn_NW_019366404v1	chrUn_NW_019366404v1		AANG04004300.1	AANG04004300.1	NW_019366404.1
felCat9:chrUn_NW_019366405v1	chrUn_NW_019366405v1		AANG04002732.1	AANG04002732.1	NW_019366405.1
felCat9:chrUn_NW_019366406v1	chrUn_NW_019366406v1		AANG04003172.1	AANG04003172.1	NW_019366406.1
felCat9:chrUn_NW_019366407v1	chrUn_NW_019366407v1		AANG04002933.1	AANG04002933.1	NW_019366407.1
felCat9:chrUn_NW_019366408v1	chrUn_NW_019366408v1		AANG04001066.1	AANG04001066.1	NW_019366408.1
felCat9:chrUn_NW_019366409v1	chrUn_NW_019366409v1		AANG04004694.1	AANG04004694.1	NW_019366409.1
felCat9:chrUn_NW_019366410v1	chrUn_NW_019366410v1		AANG04001047.1	AANG04001047.1	NW_019366410.1
felCat9:chrUn_NW_019366411v1	chrUn_NW_019366411v1		AANG04002478.1	AANG04002478.1	NW_019366411.1
felCat9:chrUn_NW_019366412v1	chrUn_NW_019366412v1		AANG04004563.1	AANG04004563.1	NW_019366412.1
felCat9:chrUn_NW_019366413v1	chrUn_NW_019366413v1		AANG04002411.1	AANG04002411.1	NW_019366413.1
felCat9:chrUn_NW_019366414v1	chrUn_NW_019366414v1		AANG04003893.1	AANG04003893.1	NW_019366414.1
felCat9:chrUn_NW_019366415v1	chrUn_NW_019366415v1		AANG04004589.1	AANG04004589.1	NW_019366415.1
felCat9:chrUn_NW_019366416v1	chrUn_NW_019366416v1		AANG04002239.1	AANG04002239.1	NW_019366416.1
felCat9:chrUn_NW_019366417v1	chrUn_NW_019366417v1		AANG04001160.1	AANG04001160.1	NW_019366417.1
felCat9:chrUn_NW_019366418v1	chrUn_NW_019366418v1		AANG04001777.1	AANG04001777.1	NW_019366418.1
felCat9:chrUn_NW_019366419v1	chrUn_NW_019366419v1		AANG04000320.1	AANG04000320.1	NW_019366419.1
felCat9:chrUn_NW_019366420v1	chrUn_NW_019366420v1		AANG04002746.1	AANG04002746.1	NW_019366420.1
felCat9:chrUn_NW_019366421v1	chrUn_NW_019366421v1		AANG04001644.1	AANG04001644.1	NW_019366421.1
felCat9:chrUn_NW_019366422v1	chrUn_NW_019366422v1		AANG04003356.1	AANG04003356.1	NW_019366422.1
felCat9:chrUn_NW_019366423v1	chrUn_NW_019366423v1		AANG04001010.1	AANG04001010.1	NW_019366423.1
felCat9:chrUn_NW_019366424v1	chrUn_NW_019366424v1		AANG04000642.1	AANG04000642.1	NW_019366424.1
felCat9:chrUn_NW_019366425v1	chrUn_NW_019366425v1		AANG04000027.1	AANG04000027.1	NW_019366425.1
felCat9:chrUn_NW_019366426v1	chrUn_NW_019366426v1		AANG04003262.1	AANG04003262.1	NW_019366426.1
felCat9:chrUn_NW_019366427v1	chrUn_NW_019366427v1		AANG04002356.1	AANG04002356.1	NW_019366427.1
felCat9:chrUn_NW_019366428v1	chrUn_NW_019366428v1		AANG04001688.1	AANG04001688.1	NW_019366428.1
felCat9:chrUn_NW_019366429v1	chrUn_NW_019366429v1		AANG04002394.1	AANG04002394.1	NW_019366429.1
felCat9:chrUn_NW_019366430v1	chrUn_NW_019366430v1		AANG04001985.1	AANG04001985.1	NW_019366430.1
felCat9:chrUn_NW_019366431v1	chrUn_NW_019366431v1		AANG04002995.1	AANG04002995.1	NW_019366431.1
felCat9:chrUn_NW_019366432v1	chrUn_NW_019366432v1		AANG04001252.1	AANG04001252.1	NW_019366432.1
felCat9:chrUn_NW_019366433v1	chrUn_NW_019366433v1		AANG04004688.1	AANG04004688.1	NW_019366433.1
felCat9:chrUn_NW_019366434v1	chrUn_NW_019366434v1		AANG04001331.1	AANG04001331.1	NW_019366434.1
felCat9:chrUn_NW_019366435v1	chrUn_NW_019366435v1		AANG04004108.1	AANG04004108.1	NW_019366435.1
felCat9:chrUn_NW_019366436v1	chrUn_NW_019366436v1		AANG04001657.1	AANG04001657.1	NW_019366436.1
felCat9:chrUn_NW_019366437v1	chrUn_NW_019366437v1		AANG04000605.1	AANG04000605.1	NW_019366437.1
felCat9:chrUn_NW_019366438v1	chrUn_NW_019366438v1		AANG04000398.1	AANG04000398.1	NW_019366438.1
felCat9:chrUn_NW_019366439v1	chrUn_NW_019366439v1		AANG04003183.1	AANG04003183.1	NW_019366439.1
felCat9:chrUn_NW_019366440v1	chrUn_NW_019366440v1		AANG04001707.1	AANG04001707.1	NW_019366440.1
felCat9:chrUn_NW_019366441v1	chrUn_NW_019366441v1		AANG04001000.1	AANG04001000.1	NW_019366441.1
felCat9:chrUn_NW_019366442v1	chrUn_NW_019366442v1		AANG04000726.1	AANG04000726.1	NW_019366442.1
felCat9:chrUn_NW_019366443v1	chrUn_NW_019366443v1		AANG04003023.1	AANG04003023.1	NW_019366443.1
felCat9:chrUn_NW_019366444v1	chrUn_NW_019366444v1		AANG04001188.1	AANG04001188.1	NW_019366444.1
felCat9:chrUn_NW_019366445v1	chrUn_NW_019366445v1		AANG04001398.1	AANG04001398.1	NW_019366445.1
felCat9:chrUn_NW_019366446v1	chrUn_NW_019366446v1		AANG04002136.1	AANG04002136.1	NW_019366446.1
felCat9:chrUn_NW_019366447v1	chrUn_NW_019366447v1		AANG04000185.1	AANG04000185.1	NW_019366447.1
felCat9:chrUn_NW_019366448v1	chrUn_NW_019366448v1		AANG04002393.1	AANG04002393.1	NW_019366448.1
felCat9:chrUn_NW_019366449v1	chrUn_NW_019366449v1		AANG04003985.1	AANG04003985.1	NW_019366449.1
felCat9:chrUn_NW_019366450v1	chrUn_NW_019366450v1		AANG04002363.1	AANG04002363.1	NW_019366450.1
felCat9:chrUn_NW_019366451v1	chrUn_NW_019366451v1		AANG04004213.1	AANG04004213.1	NW_019366451.1
felCat9:chrUn_NW_019366452v1	chrUn_NW_019366452v1		AANG04004140.1	AANG04004140.1	NW_019366452.1
felCat9:chrUn_NW_019366453v1	chrUn_NW_019366453v1		AANG04001867.1	AANG04001867.1	NW_019366453.1
felCat9:chrUn_NW_019366454v1	chrUn_NW_019366454v1		AANG04002682.1	AANG04002682.1	NW_019366454.1
felCat9:chrUn_NW_019366455v1	chrUn_NW_019366455v1		AANG04001009.1	AANG04001009.1	NW_019366455.1
felCat9:chrUn_NW_019366456v1	chrUn_NW_019366456v1		AANG04001060.1	AANG04001060.1	NW_019366456.1
felCat9:chrUn_NW_019366457v1	chrUn_NW_019366457v1		AANG04000029.1	AANG04000029.1	NW_019366457.1
felCat9:chrUn_NW_019366458v1	chrUn_NW_019366458v1		AANG04000810.1	AANG04000810.1	NW_019366458.1
felCat9:chrUn_NW_019366459v1	chrUn_NW_019366459v1		AANG04001853.1	AANG04001853.1	NW_019366459.1
felCat9:chrUn_NW_019366460v1	chrUn_NW_019366460v1		AANG04003546.1	AANG04003546.1	NW_019366460.1
felCat9:chrUn_NW_019366461v1	chrUn_NW_019366461v1		AANG04003182.1	AANG04003182.1	NW_019366461.1
felCat9:chrUn_NW_019366462v1	chrUn_NW_019366462v1		AANG04001394.1	AANG04001394.1	NW_019366462.1
felCat9:chrUn_NW_019366463v1	chrUn_NW_019366463v1		AANG04001475.1	AANG04001475.1	NW_019366463.1
felCat9:chrUn_NW_019366464v1	chrUn_NW_019366464v1		AANG04002255.1	AANG04002255.1	NW_019366464.1
felCat9:chrUn_NW_019366465v1	chrUn_NW_019366465v1		AANG04000948.1	AANG04000948.1	NW_019366465.1
felCat9:chrUn_NW_019366466v1	chrUn_NW_019366466v1		AANG04003509.1	AANG04003509.1	NW_019366466.1
felCat9:chrUn_NW_019366467v1	chrUn_NW_019366467v1		AANG04000644.1	AANG04000644.1	NW_019366467.1
felCat9:chrUn_NW_019366468v1	chrUn_NW_019366468v1		AANG04003897.1	AANG04003897.1	NW_019366468.1
felCat9:chrUn_NW_019366469v1	chrUn_NW_019366469v1		AANG04003410.1	AANG04003410.1	NW_019366469.1
felCat9:chrUn_NW_019366470v1	chrUn_NW_019366470v1		AANG04003333.1	AANG04003333.1	NW_019366470.1
felCat9:chrUn_NW_019366471v1	chrUn_NW_019366471v1		AANG04004055.1	AANG04004055.1	NW_019366471.1
felCat9:chrUn_NW_019366472v1	chrUn_NW_019366472v1		AANG04004360.1	AANG04004360.1	NW_019366472.1
felCat9:chrUn_NW_019366473v1	chrUn_NW_019366473v1		AANG04001260.1	AANG04001260.1	NW_019366473.1
felCat9:chrUn_NW_019366474v1	chrUn_NW_019366474v1		AANG04000224.1	AANG04000224.1	NW_019366474.1
felCat9:chrUn_NW_019366475v1	chrUn_NW_019366475v1		AANG04003492.1	AANG04003492.1	NW_019366475.1
felCat9:chrUn_NW_019366476v1	chrUn_NW_019366476v1		AANG04000824.1	AANG04000824.1	NW_019366476.1
felCat9:chrUn_NW_019366477v1	chrUn_NW_019366477v1		AANG04000024.1	AANG04000024.1	NW_019366477.1
felCat9:chrUn_NW_019366478v1	chrUn_NW_019366478v1		AANG04002742.1	AANG04002742.1	NW_019366478.1
felCat9:chrUn_NW_019366479v1	chrUn_NW_019366479v1		AANG04003480.1	AANG04003480.1	NW_019366479.1
felCat9:chrUn_NW_019366480v1	chrUn_NW_019366480v1		AANG04002591.1	AANG04002591.1	NW_019366480.1
felCat9:chrUn_NW_019366481v1	chrUn_NW_019366481v1		AANG04003146.1	AANG04003146.1	NW_019366481.1
felCat9:chrUn_NW_019366482v1	chrUn_NW_019366482v1		AANG04004715.1	AANG04004715.1	NW_019366482.1
felCat9:chrUn_NW_019366483v1	chrUn_NW_019366483v1		AANG04001133.1	AANG04001133.1	NW_019366483.1
felCat9:chrUn_NW_019366484v1	chrUn_NW_019366484v1		AANG04000769.1	AANG04000769.1	NW_019366484.1
felCat9:chrUn_NW_019366485v1	chrUn_NW_019366485v1		AANG04004594.1	AANG04004594.1	NW_019366485.1
felCat9:chrUn_NW_019366486v1	chrUn_NW_019366486v1		AANG04001648.1	AANG04001648.1	NW_019366486.1
felCat9:chrUn_NW_019366487v1	chrUn_NW_019366487v1		AANG04004476.1	AANG04004476.1	NW_019366487.1
felCat9:chrUn_NW_019366488v1	chrUn_NW_019366488v1		AANG04002482.1	AANG04002482.1	NW_019366488.1
felCat9:chrUn_NW_019366489v1	chrUn_NW_019366489v1		AANG04002127.1	AANG04002127.1	NW_019366489.1
felCat9:chrUn_NW_019366490v1	chrUn_NW_019366490v1		AANG04000981.1	AANG04000981.1	NW_019366490.1
felCat9:chrUn_NW_019366491v1	chrUn_NW_019366491v1		AANG04003678.1	AANG04003678.1	NW_019366491.1
felCat9:chrUn_NW_019366492v1	chrUn_NW_019366492v1		AANG04004004.1	AANG04004004.1	NW_019366492.1
felCat9:chrUn_NW_019366493v1	chrUn_NW_019366493v1		AANG04002016.1	AANG04002016.1	NW_019366493.1
felCat9:chrUn_NW_019366494v1	chrUn_NW_019366494v1		AANG04000674.1	AANG04000674.1	NW_019366494.1
felCat9:chrUn_NW_019366495v1	chrUn_NW_019366495v1		AANG04001237.1	AANG04001237.1	NW_019366495.1
felCat9:chrUn_NW_019366496v1	chrUn_NW_019366496v1		AANG04002316.1	AANG04002316.1	NW_019366496.1
felCat9:chrUn_NW_019366497v1	chrUn_NW_019366497v1		AANG04002885.1	AANG04002885.1	NW_019366497.1
felCat9:chrUn_NW_019366498v1	chrUn_NW_019366498v1		AANG04003504.1	AANG04003504.1	NW_019366498.1
felCat9:chrUn_NW_019366499v1	chrUn_NW_019366499v1		AANG04004380.1	AANG04004380.1	NW_019366499.1
felCat9:chrUn_NW_019366500v1	chrUn_NW_019366500v1		AANG04002495.1	AANG04002495.1	NW_019366500.1
felCat9:chrUn_NW_019366501v1	chrUn_NW_019366501v1		AANG04000282.1	AANG04000282.1	NW_019366501.1
felCat9:chrUn_NW_019366502v1	chrUn_NW_019366502v1		AANG04000458.1	AANG04000458.1	NW_019366502.1
felCat9:chrUn_NW_019366503v1	chrUn_NW_019366503v1		AANG04002161.1	AANG04002161.1	NW_019366503.1
felCat9:chrUn_NW_019366504v1	chrUn_NW_019366504v1		AANG04001982.1	AANG04001982.1	NW_019366504.1
felCat9:chrUn_NW_019366505v1	chrUn_NW_019366505v1		AANG04003621.1	AANG04003621.1	NW_019366505.1
felCat9:chrUn_NW_019366506v1	chrUn_NW_019366506v1		AANG04000001.1	AANG04000001.1	NW_019366506.1
felCat9:chrUn_NW_019366507v1	chrUn_NW_019366507v1		AANG04004208.1	AANG04004208.1	NW_019366507.1
felCat9:chrUn_NW_019366508v1	chrUn_NW_019366508v1		AANG04000138.1	AANG04000138.1	NW_019366508.1
felCat9:chrUn_NW_019366509v1	chrUn_NW_019366509v1		AANG04001187.1	AANG04001187.1	NW_019366509.1
felCat9:chrUn_NW_019366510v1	chrUn_NW_019366510v1		AANG04000201.1	AANG04000201.1	NW_019366510.1
felCat9:chrUn_NW_019366511v1	chrUn_NW_019366511v1		AANG04003460.1	AANG04003460.1	NW_019366511.1
felCat9:chrUn_NW_019366512v1	chrUn_NW_019366512v1		AANG04001070.1	AANG04001070.1	NW_019366512.1
felCat9:chrUn_NW_019366513v1	chrUn_NW_019366513v1		AANG04001943.1	AANG04001943.1	NW_019366513.1
felCat9:chrUn_NW_019366514v1	chrUn_NW_019366514v1		AANG04003761.1	AANG04003761.1	NW_019366514.1
felCat9:chrUn_NW_019366515v1	chrUn_NW_019366515v1		AANG04000280.1	AANG04000280.1	NW_019366515.1
felCat9:chrUn_NW_019366516v1	chrUn_NW_019366516v1		AANG04002230.1	AANG04002230.1	NW_019366516.1
felCat9:chrUn_NW_019366517v1	chrUn_NW_019366517v1		AANG04000627.1	AANG04000627.1	NW_019366517.1
felCat9:chrUn_NW_019366518v1	chrUn_NW_019366518v1		AANG04003282.1	AANG04003282.1	NW_019366518.1
felCat9:chrUn_NW_019366519v1	chrUn_NW_019366519v1		AANG04000712.1	AANG04000712.1	NW_019366519.1
felCat9:chrUn_NW_019366520v1	chrUn_NW_019366520v1		AANG04002502.1	AANG04002502.1	NW_019366520.1
felCat9:chrUn_NW_019366521v1	chrUn_NW_019366521v1		AANG04004689.1	AANG04004689.1	NW_019366521.1
felCat9:chrUn_NW_019366522v1	chrUn_NW_019366522v1		AANG04002920.1	AANG04002920.1	NW_019366522.1
felCat9:chrUn_NW_019366523v1	chrUn_NW_019366523v1		AANG04001440.1	AANG04001440.1	NW_019366523.1
felCat9:chrUn_NW_019366524v1	chrUn_NW_019366524v1		AANG04001464.1	AANG04001464.1	NW_019366524.1
felCat9:chrUn_NW_019366525v1	chrUn_NW_019366525v1		AANG04003550.1	AANG04003550.1	NW_019366525.1
felCat9:chrUn_NW_019366526v1	chrUn_NW_019366526v1		AANG04002640.1	AANG04002640.1	NW_019366526.1
felCat9:chrUn_NW_019366527v1	chrUn_NW_019366527v1		AANG04000812.1	AANG04000812.1	NW_019366527.1
felCat9:chrUn_NW_019366528v1	chrUn_NW_019366528v1		AANG04002668.1	AANG04002668.1	NW_019366528.1
felCat9:chrUn_NW_019366529v1	chrUn_NW_019366529v1		AANG04004106.1	AANG04004106.1	NW_019366529.1
felCat9:chrUn_NW_019366530v1	chrUn_NW_019366530v1		AANG04002545.1	AANG04002545.1	NW_019366530.1
felCat9:chrUn_NW_019366531v1	chrUn_NW_019366531v1		AANG04002763.1	AANG04002763.1	NW_019366531.1
felCat9:chrUn_NW_019366532v1	chrUn_NW_019366532v1		AANG04000021.1	AANG04000021.1	NW_019366532.1
felCat9:chrUn_NW_019366533v1	chrUn_NW_019366533v1		AANG04004320.1	AANG04004320.1	NW_019366533.1
felCat9:chrUn_NW_019366534v1	chrUn_NW_019366534v1		AANG04002070.1	AANG04002070.1	NW_019366534.1
felCat9:chrUn_NW_019366535v1	chrUn_NW_019366535v1		AANG04003053.1	AANG04003053.1	NW_019366535.1
felCat9:chrUn_NW_019366536v1	chrUn_NW_019366536v1		AANG04004103.1	AANG04004103.1	NW_019366536.1
felCat9:chrUn_NW_019366537v1	chrUn_NW_019366537v1		AANG04000704.1	AANG04000704.1	NW_019366537.1
felCat9:chrUn_NW_019366538v1	chrUn_NW_019366538v1		AANG04000087.1	AANG04000087.1	NW_019366538.1
felCat9:chrUn_NW_019366539v1	chrUn_NW_019366539v1		AANG04000460.1	AANG04000460.1	NW_019366539.1
felCat9:chrUn_NW_019366540v1	chrUn_NW_019366540v1		AANG04001229.1	AANG04001229.1	NW_019366540.1
felCat9:chrUn_NW_019366541v1	chrUn_NW_019366541v1		AANG04003804.1	AANG04003804.1	NW_019366541.1
felCat9:chrUn_NW_019366542v1	chrUn_NW_019366542v1		AANG04000119.1	AANG04000119.1	NW_019366542.1
felCat9:chrUn_NW_019366543v1	chrUn_NW_019366543v1		AANG04001179.1	AANG04001179.1	NW_019366543.1
felCat9:chrUn_NW_019366544v1	chrUn_NW_019366544v1		AANG04002769.1	AANG04002769.1	NW_019366544.1
felCat9:chrUn_NW_019366545v1	chrUn_NW_019366545v1		AANG04004090.1	AANG04004090.1	NW_019366545.1
felCat9:chrUn_NW_019366546v1	chrUn_NW_019366546v1		AANG04001564.1	AANG04001564.1	NW_019366546.1
felCat9:chrUn_NW_019366547v1	chrUn_NW_019366547v1		AANG04002535.1	AANG04002535.1	NW_019366547.1
felCat9:chrUn_NW_019366548v1	chrUn_NW_019366548v1		AANG04003257.1	AANG04003257.1	NW_019366548.1
felCat9:chrUn_NW_019366549v1	chrUn_NW_019366549v1		AANG04002740.1	AANG04002740.1	NW_019366549.1
felCat9:chrUn_NW_019366550v1	chrUn_NW_019366550v1		AANG04001262.1	AANG04001262.1	NW_019366550.1
felCat9:chrUn_NW_019366551v1	chrUn_NW_019366551v1		AANG04004219.1	AANG04004219.1	NW_019366551.1
felCat9:chrUn_NW_019366552v1	chrUn_NW_019366552v1		AANG04004160.1	AANG04004160.1	NW_019366552.1
felCat9:chrUn_NW_019366553v1	chrUn_NW_019366553v1		AANG04003353.1	AANG04003353.1	NW_019366553.1
felCat9:chrUn_NW_019366554v1	chrUn_NW_019366554v1		AANG04004194.1	AANG04004194.1	NW_019366554.1
felCat9:chrUn_NW_019366555v1	chrUn_NW_019366555v1		AANG04001038.1	AANG04001038.1	NW_019366555.1
felCat9:chrUn_NW_019366556v1	chrUn_NW_019366556v1		AANG04001001.1	AANG04001001.1	NW_019366556.1
felCat9:chrUn_NW_019366557v1	chrUn_NW_019366557v1		AANG04001423.1	AANG04001423.1	NW_019366557.1
felCat9:chrUn_NW_019366558v1	chrUn_NW_019366558v1		AANG04004510.1	AANG04004510.1	NW_019366558.1
felCat9:chrUn_NW_019366559v1	chrUn_NW_019366559v1		AANG04000043.1	AANG04000043.1	NW_019366559.1
felCat9:chrUn_NW_019366560v1	chrUn_NW_019366560v1		AANG04002289.1	AANG04002289.1	NW_019366560.1
felCat9:chrUn_NW_019366561v1	chrUn_NW_019366561v1		AANG04004080.1	AANG04004080.1	NW_019366561.1
felCat9:chrUn_NW_019366562v1	chrUn_NW_019366562v1		AANG04001100.1	AANG04001100.1	NW_019366562.1
felCat9:chrUn_NW_019366563v1	chrUn_NW_019366563v1		AANG04000899.1	AANG04000899.1	NW_019366563.1
felCat9:chrUn_NW_019366564v1	chrUn_NW_019366564v1		AANG04004145.1	AANG04004145.1	NW_019366564.1
felCat9:chrUn_NW_019366565v1	chrUn_NW_019366565v1		AANG04004541.1	AANG04004541.1	NW_019366565.1
felCat9:chrUn_NW_019366566v1	chrUn_NW_019366566v1		AANG04002249.1	AANG04002249.1	NW_019366566.1
felCat9:chrUn_NW_019366567v1	chrUn_NW_019366567v1		AANG04000452.1	AANG04000452.1	NW_019366567.1
felCat9:chrUn_NW_019366568v1	chrUn_NW_019366568v1		AANG04004191.1	AANG04004191.1	NW_019366568.1
felCat9:chrUn_NW_019366569v1	chrUn_NW_019366569v1		AANG04003976.1	AANG04003976.1	NW_019366569.1
felCat9:chrUn_NW_019366570v1	chrUn_NW_019366570v1		AANG04004114.1	AANG04004114.1	NW_019366570.1
felCat9:chrUn_NW_019366571v1	chrUn_NW_019366571v1		AANG04003399.1	AANG04003399.1	NW_019366571.1
felCat9:chrUn_NW_019366572v1	chrUn_NW_019366572v1		AANG04004641.1	AANG04004641.1	NW_019366572.1
felCat9:chrUn_NW_019366573v1	chrUn_NW_019366573v1		AANG04004016.1	AANG04004016.1	NW_019366573.1
felCat9:chrUn_NW_019366574v1	chrUn_NW_019366574v1		AANG04004728.1	AANG04004728.1	NW_019366574.1
felCat9:chrUn_NW_019366575v1	chrUn_NW_019366575v1		AANG04001037.1	AANG04001037.1	NW_019366575.1
felCat9:chrUn_NW_019366576v1	chrUn_NW_019366576v1		AANG04003359.1	AANG04003359.1	NW_019366576.1
felCat9:chrUn_NW_019366577v1	chrUn_NW_019366577v1		AANG04002438.1	AANG04002438.1	NW_019366577.1
felCat9:chrUn_NW_019366578v1	chrUn_NW_019366578v1		AANG04001988.1	AANG04001988.1	NW_019366578.1
felCat9:chrUn_NW_019366579v1	chrUn_NW_019366579v1		AANG04001565.1	AANG04001565.1	NW_019366579.1
felCat9:chrUn_NW_019366580v1	chrUn_NW_019366580v1		AANG04003099.1	AANG04003099.1	NW_019366580.1
felCat9:chrUn_NW_019366581v1	chrUn_NW_019366581v1		AANG04004502.1	AANG04004502.1	NW_019366581.1
felCat9:chrUn_NW_019366582v1	chrUn_NW_019366582v1		AANG04001146.1	AANG04001146.1	NW_019366582.1
felCat9:chrUn_NW_019366583v1	chrUn_NW_019366583v1		AANG04000586.1	AANG04000586.1	NW_019366583.1
felCat9:chrUn_NW_019366584v1	chrUn_NW_019366584v1		AANG04003586.1	AANG04003586.1	NW_019366584.1
felCat9:chrUn_NW_019366585v1	chrUn_NW_019366585v1		AANG04003766.1	AANG04003766.1	NW_019366585.1
felCat9:chrUn_NW_019366586v1	chrUn_NW_019366586v1		AANG04003762.1	AANG04003762.1	NW_019366586.1
felCat9:chrUn_NW_019366587v1	chrUn_NW_019366587v1		AANG04003493.1	AANG04003493.1	NW_019366587.1
felCat9:chrUn_NW_019366588v1	chrUn_NW_019366588v1		AANG04000513.1	AANG04000513.1	NW_019366588.1
felCat9:chrUn_NW_019366589v1	chrUn_NW_019366589v1		AANG04000481.1	AANG04000481.1	NW_019366589.1
felCat9:chrUn_NW_019366590v1	chrUn_NW_019366590v1		AANG04002707.1	AANG04002707.1	NW_019366590.1
felCat9:chrUn_NW_019366591v1	chrUn_NW_019366591v1		AANG04000709.1	AANG04000709.1	NW_019366591.1
felCat9:chrUn_NW_019366592v1	chrUn_NW_019366592v1		AANG04002947.1	AANG04002947.1	NW_019366592.1
felCat9:chrUn_NW_019366593v1	chrUn_NW_019366593v1		AANG04002899.1	AANG04002899.1	NW_019366593.1
felCat9:chrUn_NW_019366594v1	chrUn_NW_019366594v1		AANG04002894.1	AANG04002894.1	NW_019366594.1
felCat9:chrUn_NW_019366595v1	chrUn_NW_019366595v1		AANG04001971.1	AANG04001971.1	NW_019366595.1
felCat9:chrUn_NW_019366596v1	chrUn_NW_019366596v1		AANG04003214.1	AANG04003214.1	NW_019366596.1
felCat9:chrUn_NW_019366597v1	chrUn_NW_019366597v1		AANG04001215.1	AANG04001215.1	NW_019366597.1
felCat9:chrUn_NW_019366598v1	chrUn_NW_019366598v1		AANG04000693.1	AANG04000693.1	NW_019366598.1
felCat9:chrUn_NW_019366599v1	chrUn_NW_019366599v1		AANG04000565.1	AANG04000565.1	NW_019366599.1
felCat9:chrUn_NW_019366600v1	chrUn_NW_019366600v1		AANG04000535.1	AANG04000535.1	NW_019366600.1
felCat9:chrUn_NW_019366601v1	chrUn_NW_019366601v1		AANG04004289.1	AANG04004289.1	NW_019366601.1
felCat9:chrUn_NW_019366602v1	chrUn_NW_019366602v1		AANG04000281.1	AANG04000281.1	NW_019366602.1
felCat9:chrUn_NW_019366603v1	chrUn_NW_019366603v1		AANG04002799.1	AANG04002799.1	NW_019366603.1
felCat9:chrUn_NW_019366604v1	chrUn_NW_019366604v1		AANG04001902.1	AANG04001902.1	NW_019366604.1
felCat9:chrUn_NW_019366605v1	chrUn_NW_019366605v1		AANG04003123.1	AANG04003123.1	NW_019366605.1
felCat9:chrUn_NW_019366606v1	chrUn_NW_019366606v1		AANG04000799.1	AANG04000799.1	NW_019366606.1
felCat9:chrUn_NW_019366607v1	chrUn_NW_019366607v1		AANG04003627.1	AANG04003627.1	NW_019366607.1
felCat9:chrUn_NW_019366608v1	chrUn_NW_019366608v1		AANG04000995.1	AANG04000995.1	NW_019366608.1
felCat9:chrUn_NW_019366609v1	chrUn_NW_019366609v1		AANG04002110.1	AANG04002110.1	NW_019366609.1
felCat9:chrUn_NW_019366610v1	chrUn_NW_019366610v1		AANG04003581.1	AANG04003581.1	NW_019366610.1
felCat9:chrUn_NW_019366611v1	chrUn_NW_019366611v1		AANG04003789.1	AANG04003789.1	NW_019366611.1
felCat9:chrUn_NW_019366612v1	chrUn_NW_019366612v1		AANG04000237.1	AANG04000237.1	NW_019366612.1
felCat9:chrUn_NW_019366613v1	chrUn_NW_019366613v1		AANG04002146.1	AANG04002146.1	NW_019366613.1
felCat9:chrUn_NW_019366614v1	chrUn_NW_019366614v1		AANG04002617.1	AANG04002617.1	NW_019366614.1
felCat9:chrUn_NW_019366615v1	chrUn_NW_019366615v1		AANG04003409.1	AANG04003409.1	NW_019366615.1
felCat9:chrUn_NW_019366616v1	chrUn_NW_019366616v1		AANG04004647.1	AANG04004647.1	NW_019366616.1
felCat9:chrUn_NW_019366617v1	chrUn_NW_019366617v1		AANG04003742.1	AANG04003742.1	NW_019366617.1
felCat9:chrUn_NW_019366618v1	chrUn_NW_019366618v1		AANG04004522.1	AANG04004522.1	NW_019366618.1
felCat9:chrUn_NW_019366619v1	chrUn_NW_019366619v1		AANG04002760.1	AANG04002760.1	NW_019366619.1
felCat9:chrUn_NW_019366620v1	chrUn_NW_019366620v1		AANG04004120.1	AANG04004120.1	NW_019366620.1
felCat9:chrUn_NW_019366621v1	chrUn_NW_019366621v1		AANG04003452.1	AANG04003452.1	NW_019366621.1
felCat9:chrUn_NW_019366622v1	chrUn_NW_019366622v1		AANG04001802.1	AANG04001802.1	NW_019366622.1
felCat9:chrUn_NW_019366623v1	chrUn_NW_019366623v1		AANG04002145.1	AANG04002145.1	NW_019366623.1
felCat9:chrUn_NW_019366624v1	chrUn_NW_019366624v1		AANG04004172.1	AANG04004172.1	NW_019366624.1
felCat9:chrUn_NW_019366625v1	chrUn_NW_019366625v1		AANG04000845.1	AANG04000845.1	NW_019366625.1
felCat9:chrUn_NW_019366626v1	chrUn_NW_019366626v1		AANG04003277.1	AANG04003277.1	NW_019366626.1
felCat9:chrUn_NW_019366627v1	chrUn_NW_019366627v1		AANG04000941.1	AANG04000941.1	NW_019366627.1
felCat9:chrUn_NW_019366628v1	chrUn_NW_019366628v1		AANG04000373.1	AANG04000373.1	NW_019366628.1
felCat9:chrUn_NW_019366629v1	chrUn_NW_019366629v1		AANG04003661.1	AANG04003661.1	NW_019366629.1
felCat9:chrUn_NW_019366630v1	chrUn_NW_019366630v1		AANG04000578.1	AANG04000578.1	NW_019366630.1
felCat9:chrUn_NW_019366631v1	chrUn_NW_019366631v1		AANG04001028.1	AANG04001028.1	NW_019366631.1
felCat9:chrUn_NW_019366632v1	chrUn_NW_019366632v1		AANG04002634.1	AANG04002634.1	NW_019366632.1
felCat9:chrUn_NW_019366633v1	chrUn_NW_019366633v1		AANG04003875.1	AANG04003875.1	NW_019366633.1
felCat9:chrUn_NW_019366634v1	chrUn_NW_019366634v1		AANG04001997.1	AANG04001997.1	NW_019366634.1
felCat9:chrUn_NW_019366635v1	chrUn_NW_019366635v1		AANG04000560.1	AANG04000560.1	NW_019366635.1
felCat9:chrUn_NW_019366636v1	chrUn_NW_019366636v1		AANG04002555.1	AANG04002555.1	NW_019366636.1
felCat9:chrUn_NW_019366637v1	chrUn_NW_019366637v1		AANG04000980.1	AANG04000980.1	NW_019366637.1
felCat9:chrUn_NW_019366638v1	chrUn_NW_019366638v1		AANG04001686.1	AANG04001686.1	NW_019366638.1
felCat9:chrUn_NW_019366639v1	chrUn_NW_019366639v1		AANG04003903.1	AANG04003903.1	NW_019366639.1
felCat9:chrUn_NW_019366640v1	chrUn_NW_019366640v1		AANG04004064.1	AANG04004064.1	NW_019366640.1
felCat9:chrUn_NW_019366641v1	chrUn_NW_019366641v1		AANG04000517.1	AANG04000517.1	NW_019366641.1
felCat9:chrUn_NW_019366642v1	chrUn_NW_019366642v1		AANG04004468.1	AANG04004468.1	NW_019366642.1
felCat9:chrUn_NW_019366643v1	chrUn_NW_019366643v1		AANG04001089.1	AANG04001089.1	NW_019366643.1
felCat9:chrUn_NW_019366644v1	chrUn_NW_019366644v1		AANG04004324.1	AANG04004324.1	NW_019366644.1
felCat9:chrUn_NW_019366645v1	chrUn_NW_019366645v1		AANG04004039.1	AANG04004039.1	NW_019366645.1
felCat9:chrUn_NW_019366646v1	chrUn_NW_019366646v1		AANG04002834.1	AANG04002834.1	NW_019366646.1
felCat9:chrUn_NW_019366647v1	chrUn_NW_019366647v1		AANG04000848.1	AANG04000848.1	NW_019366647.1
felCat9:chrUn_NW_019366648v1	chrUn_NW_019366648v1		AANG04000903.1	AANG04000903.1	NW_019366648.1
felCat9:chrUn_NW_019366649v1	chrUn_NW_019366649v1		AANG04001944.1	AANG04001944.1	NW_019366649.1
felCat9:chrUn_NW_019366650v1	chrUn_NW_019366650v1		AANG04002554.1	AANG04002554.1	NW_019366650.1
felCat9:chrUn_NW_019366651v1	chrUn_NW_019366651v1		AANG04000940.1	AANG04000940.1	NW_019366651.1
felCat9:chrUn_NW_019366652v1	chrUn_NW_019366652v1		AANG04002498.1	AANG04002498.1	NW_019366652.1
felCat9:chrUn_NW_019366653v1	chrUn_NW_019366653v1		AANG04001430.1	AANG04001430.1	NW_019366653.1
felCat9:chrUn_NW_019366654v1	chrUn_NW_019366654v1		AANG04001023.1	AANG04001023.1	NW_019366654.1
felCat9:chrUn_NW_019366655v1	chrUn_NW_019366655v1		AANG04000877.1	AANG04000877.1	NW_019366655.1
felCat9:chrUn_NW_019366656v1	chrUn_NW_019366656v1		AANG04002491.1	AANG04002491.1	NW_019366656.1
felCat9:chrUn_NW_019366657v1	chrUn_NW_019366657v1		AANG04000137.1	AANG04000137.1	NW_019366657.1
felCat9:chrUn_NW_019366658v1	chrUn_NW_019366658v1		AANG04002867.1	AANG04002867.1	NW_019366658.1
felCat9:chrUn_NW_019366659v1	chrUn_NW_019366659v1		AANG04001775.1	AANG04001775.1	NW_019366659.1
felCat9:chrUn_NW_019366660v1	chrUn_NW_019366660v1		AANG04003620.1	AANG04003620.1	NW_019366660.1
felCat9:chrUn_NW_019366661v1	chrUn_NW_019366661v1		AANG04000991.1	AANG04000991.1	NW_019366661.1
felCat9:chrUn_NW_019366662v1	chrUn_NW_019366662v1		AANG04002525.1	AANG04002525.1	NW_019366662.1
felCat9:chrUn_NW_019366663v1	chrUn_NW_019366663v1		AANG04001325.1	AANG04001325.1	NW_019366663.1
felCat9:chrUn_NW_019366664v1	chrUn_NW_019366664v1		AANG04003485.1	AANG04003485.1	NW_019366664.1
felCat9:chrUn_NW_019366665v1	chrUn_NW_019366665v1		AANG04002878.1	AANG04002878.1	NW_019366665.1
felCat9:chrUn_NW_019366666v1	chrUn_NW_019366666v1		AANG04001197.1	AANG04001197.1	NW_019366666.1
felCat9:chrUn_NW_019366667v1	chrUn_NW_019366667v1		AANG04002025.1	AANG04002025.1	NW_019366667.1
felCat9:chrUn_NW_019366668v1	chrUn_NW_019366668v1		AANG04002117.1	AANG04002117.1	NW_019366668.1
felCat9:chrUn_NW_019366669v1	chrUn_NW_019366669v1		AANG04000672.1	AANG04000672.1	NW_019366669.1
felCat9:chrUn_NW_019366670v1	chrUn_NW_019366670v1		AANG04001974.1	AANG04001974.1	NW_019366670.1
felCat9:chrUn_NW_019366671v1	chrUn_NW_019366671v1		AANG04000089.1	AANG04000089.1	NW_019366671.1
felCat9:chrUn_NW_019366672v1	chrUn_NW_019366672v1		AANG04002053.1	AANG04002053.1	NW_019366672.1
felCat9:chrUn_NW_019366673v1	chrUn_NW_019366673v1		AANG04000931.1	AANG04000931.1	NW_019366673.1
felCat9:chrUn_NW_019366674v1	chrUn_NW_019366674v1		AANG04003721.1	AANG04003721.1	NW_019366674.1
felCat9:chrUn_NW_019366675v1	chrUn_NW_019366675v1		AANG04001210.1	AANG04001210.1	NW_019366675.1
felCat9:chrUn_NW_019366676v1	chrUn_NW_019366676v1		AANG04000230.1	AANG04000230.1	NW_019366676.1
felCat9:chrUn_NW_019366677v1	chrUn_NW_019366677v1		AANG04001880.1	AANG04001880.1	NW_019366677.1
felCat9:chrUn_NW_019366678v1	chrUn_NW_019366678v1		AANG04004418.1	AANG04004418.1	NW_019366678.1
felCat9:chrUn_NW_019366679v1	chrUn_NW_019366679v1		AANG04002113.1	AANG04002113.1	NW_019366679.1
felCat9:chrUn_NW_019366680v1	chrUn_NW_019366680v1		AANG04002227.1	AANG04002227.1	NW_019366680.1
felCat9:chrUn_NW_019366681v1	chrUn_NW_019366681v1		AANG04003841.1	AANG04003841.1	NW_019366681.1
felCat9:chrUn_NW_019366682v1	chrUn_NW_019366682v1		AANG04004185.1	AANG04004185.1	NW_019366682.1
felCat9:chrUn_NW_019366683v1	chrUn_NW_019366683v1		AANG04000546.1	AANG04000546.1	NW_019366683.1
felCat9:chrUn_NW_019366684v1	chrUn_NW_019366684v1		AANG04004583.1	AANG04004583.1	NW_019366684.1
felCat9:chrUn_NW_019366685v1	chrUn_NW_019366685v1		AANG04001400.1	AANG04001400.1	NW_019366685.1
felCat9:chrUn_NW_019366686v1	chrUn_NW_019366686v1		AANG04002626.1	AANG04002626.1	NW_019366686.1
felCat9:chrUn_NW_019366687v1	chrUn_NW_019366687v1		AANG04002767.1	AANG04002767.1	NW_019366687.1
felCat9:chrUn_NW_019366688v1	chrUn_NW_019366688v1		AANG04003641.1	AANG04003641.1	NW_019366688.1
felCat9:chrUn_NW_019366689v1	chrUn_NW_019366689v1		AANG04003357.1	AANG04003357.1	NW_019366689.1
felCat9:chrUn_NW_019366690v1	chrUn_NW_019366690v1		AANG04001980.1	AANG04001980.1	NW_019366690.1
felCat9:chrUn_NW_019366691v1	chrUn_NW_019366691v1		AANG04003726.1	AANG04003726.1	NW_019366691.1
felCat9:chrUn_NW_019366692v1	chrUn_NW_019366692v1		AANG04001539.1	AANG04001539.1	NW_019366692.1
felCat9:chrUn_NW_019366693v1	chrUn_NW_019366693v1		AANG04002129.1	AANG04002129.1	NW_019366693.1
felCat9:chrUn_NW_019366694v1	chrUn_NW_019366694v1		AANG04000153.1	AANG04000153.1	NW_019366694.1
felCat9:chrUn_NW_019366695v1	chrUn_NW_019366695v1		AANG04001256.1	AANG04001256.1	NW_019366695.1
felCat9:chrUn_NW_019366696v1	chrUn_NW_019366696v1		AANG04004695.1	AANG04004695.1	NW_019366696.1
felCat9:chrUn_NW_019366697v1	chrUn_NW_019366697v1		AANG04002912.1	AANG04002912.1	NW_019366697.1
felCat9:chrUn_NW_019366698v1	chrUn_NW_019366698v1		AANG04002431.1	AANG04002431.1	NW_019366698.1
felCat9:chrUn_NW_019366699v1	chrUn_NW_019366699v1		AANG04002597.1	AANG04002597.1	NW_019366699.1
felCat9:chrUn_NW_019366700v1	chrUn_NW_019366700v1		AANG04004124.1	AANG04004124.1	NW_019366700.1
felCat9:chrUn_NW_019366701v1	chrUn_NW_019366701v1		AANG04003478.1	AANG04003478.1	NW_019366701.1
felCat9:chrUn_NW_019366702v1	chrUn_NW_019366702v1		AANG04003759.1	AANG04003759.1	NW_019366702.1
felCat9:chrUn_NW_019366703v1	chrUn_NW_019366703v1		AANG04004331.1	AANG04004331.1	NW_019366703.1
felCat9:chrUn_NW_019366704v1	chrUn_NW_019366704v1		AANG04001566.1	AANG04001566.1	NW_019366704.1
felCat9:chrUn_NW_019366705v1	chrUn_NW_019366705v1		AANG04003683.1	AANG04003683.1	NW_019366705.1
felCat9:chrUn_NW_019366706v1	chrUn_NW_019366706v1		AANG04001455.1	AANG04001455.1	NW_019366706.1
felCat9:chrUn_NW_019366707v1	chrUn_NW_019366707v1		AANG04002932.1	AANG04002932.1	NW_019366707.1
felCat9:chrUn_NW_019366708v1	chrUn_NW_019366708v1		AANG04000562.1	AANG04000562.1	NW_019366708.1
felCat9:chrUn_NW_019366709v1	chrUn_NW_019366709v1		AANG04002837.1	AANG04002837.1	NW_019366709.1
felCat9:chrUn_NW_019366710v1	chrUn_NW_019366710v1		AANG04001834.1	AANG04001834.1	NW_019366710.1
felCat9:chrUn_NW_019366711v1	chrUn_NW_019366711v1		AANG04004097.1	AANG04004097.1	NW_019366711.1
felCat9:chrUn_NW_019366712v1	chrUn_NW_019366712v1		AANG04002949.1	AANG04002949.1	NW_019366712.1
felCat9:chrUn_NW_019366713v1	chrUn_NW_019366713v1		AANG04001621.1	AANG04001621.1	NW_019366713.1
felCat9:chrUn_NW_019366714v1	chrUn_NW_019366714v1		AANG04001478.1	AANG04001478.1	NW_019366714.1
felCat9:chrUn_NW_019366715v1	chrUn_NW_019366715v1		AANG04004484.1	AANG04004484.1	NW_019366715.1
felCat9:chrUn_NW_019366716v1	chrUn_NW_019366716v1		AANG04001402.1	AANG04001402.1	NW_019366716.1
felCat9:chrUn_NW_019366717v1	chrUn_NW_019366717v1		AANG04004280.1	AANG04004280.1	NW_019366717.1
felCat9:chrUn_NW_019366718v1	chrUn_NW_019366718v1		AANG04002911.1	AANG04002911.1	NW_019366718.1
felCat9:chrUn_NW_019366719v1	chrUn_NW_019366719v1		AANG04004544.1	AANG04004544.1	NW_019366719.1
felCat9:chrUn_NW_019366720v1	chrUn_NW_019366720v1		AANG04000815.1	AANG04000815.1	NW_019366720.1
felCat9:chrUn_NW_019366721v1	chrUn_NW_019366721v1		AANG04003097.1	AANG04003097.1	NW_019366721.1
felCat9:chrUn_NW_019366722v1	chrUn_NW_019366722v1		AANG04000405.1	AANG04000405.1	NW_019366722.1
felCat9:chrUn_NW_019366723v1	chrUn_NW_019366723v1		AANG04001158.1	AANG04001158.1	NW_019366723.1
felCat9:chrUn_NW_019366724v1	chrUn_NW_019366724v1		AANG04000567.1	AANG04000567.1	NW_019366724.1
felCat9:chrUn_NW_019366725v1	chrUn_NW_019366725v1		AANG04002594.1	AANG04002594.1	NW_019366725.1
felCat9:chrUn_NW_019366726v1	chrUn_NW_019366726v1		AANG04001871.1	AANG04001871.1	NW_019366726.1
felCat9:chrUn_NW_019366727v1	chrUn_NW_019366727v1		AANG04002198.1	AANG04002198.1	NW_019366727.1
felCat9:chrUn_NW_019366728v1	chrUn_NW_019366728v1		AANG04000521.1	AANG04000521.1	NW_019366728.1
felCat9:chrUn_NW_019366729v1	chrUn_NW_019366729v1		AANG04003435.1	AANG04003435.1	NW_019366729.1
felCat9:chrUn_NW_019366730v1	chrUn_NW_019366730v1		AANG04000932.1	AANG04000932.1	NW_019366730.1
felCat9:chrUn_NW_019366731v1	chrUn_NW_019366731v1		AANG04001591.1	AANG04001591.1	NW_019366731.1
felCat9:chrUn_NW_019366732v1	chrUn_NW_019366732v1		AANG04004286.1	AANG04004286.1	NW_019366732.1
felCat9:chrUn_NW_019366733v1	chrUn_NW_019366733v1		AANG04000777.1	AANG04000777.1	NW_019366733.1
felCat9:chrUn_NW_019366734v1	chrUn_NW_019366734v1		AANG04003952.1	AANG04003952.1	NW_019366734.1
felCat9:chrUn_NW_019366735v1	chrUn_NW_019366735v1		AANG04000770.1	AANG04000770.1	NW_019366735.1
felCat9:chrUn_NW_019366736v1	chrUn_NW_019366736v1		AANG04003190.1	AANG04003190.1	NW_019366736.1
felCat9:chrUn_NW_019366737v1	chrUn_NW_019366737v1		AANG04003223.1	AANG04003223.1	NW_019366737.1
felCat9:chrUn_NW_019366738v1	chrUn_NW_019366738v1		AANG04001923.1	AANG04001923.1	NW_019366738.1
felCat9:chrUn_NW_019366739v1	chrUn_NW_019366739v1		AANG04001946.1	AANG04001946.1	NW_019366739.1
felCat9:chrUn_NW_019366740v1	chrUn_NW_019366740v1		AANG04002233.1	AANG04002233.1	NW_019366740.1
felCat9:chrUn_NW_019366741v1	chrUn_NW_019366741v1		AANG04000785.1	AANG04000785.1	NW_019366741.1
felCat9:chrUn_NW_019366742v1	chrUn_NW_019366742v1		AANG04001623.1	AANG04001623.1	NW_019366742.1
felCat9:chrUn_NW_019366743v1	chrUn_NW_019366743v1		AANG04003852.1	AANG04003852.1	NW_019366743.1
felCat9:chrUn_NW_019366744v1	chrUn_NW_019366744v1		AANG04001139.1	AANG04001139.1	NW_019366744.1
felCat9:chrUn_NW_019366745v1	chrUn_NW_019366745v1		AANG04003377.1	AANG04003377.1	NW_019366745.1
felCat9:chrUn_NW_019366746v1	chrUn_NW_019366746v1		AANG04001727.1	AANG04001727.1	NW_019366746.1
felCat9:chrUn_NW_019366747v1	chrUn_NW_019366747v1		AANG04004223.1	AANG04004223.1	NW_019366747.1
felCat9:chrUn_NW_019366748v1	chrUn_NW_019366748v1		AANG04004492.1	AANG04004492.1	NW_019366748.1
felCat9:chrUn_NW_019366749v1	chrUn_NW_019366749v1		AANG04002586.1	AANG04002586.1	NW_019366749.1
felCat9:chrUn_NW_019366750v1	chrUn_NW_019366750v1		AANG04004650.1	AANG04004650.1	NW_019366750.1
felCat9:chrUn_NW_019366751v1	chrUn_NW_019366751v1		AANG04002620.1	AANG04002620.1	NW_019366751.1
felCat9:chrUn_NW_019366752v1	chrUn_NW_019366752v1		AANG04002166.1	AANG04002166.1	NW_019366752.1
felCat9:chrUn_NW_019366753v1	chrUn_NW_019366753v1		AANG04000675.1	AANG04000675.1	NW_019366753.1
felCat9:chrUn_NW_019366754v1	chrUn_NW_019366754v1		AANG04003770.1	AANG04003770.1	NW_019366754.1
felCat9:chrUn_NW_019366755v1	chrUn_NW_019366755v1		AANG04001246.1	AANG04001246.1	NW_019366755.1
felCat9:chrUn_NW_019366756v1	chrUn_NW_019366756v1		AANG04001950.1	AANG04001950.1	NW_019366756.1
felCat9:chrUn_NW_019366757v1	chrUn_NW_019366757v1		AANG04001845.1	AANG04001845.1	NW_019366757.1
felCat9:chrUn_NW_019366758v1	chrUn_NW_019366758v1		AANG04000204.1	AANG04000204.1	NW_019366758.1
felCat9:chrUn_NW_019366759v1	chrUn_NW_019366759v1		AANG04000753.1	AANG04000753.1	NW_019366759.1
felCat9:chrUn_NW_019366760v1	chrUn_NW_019366760v1		AANG04003925.1	AANG04003925.1	NW_019366760.1
felCat9:chrUn_NW_019366761v1	chrUn_NW_019366761v1		AANG04001667.1	AANG04001667.1	NW_019366761.1
felCat9:chrUn_NW_019366762v1	chrUn_NW_019366762v1		AANG04002426.1	AANG04002426.1	NW_019366762.1
felCat9:chrUn_NW_019366763v1	chrUn_NW_019366763v1		AANG04002941.1	AANG04002941.1	NW_019366763.1
felCat9:chrUn_NW_019366764v1	chrUn_NW_019366764v1		AANG04002346.1	AANG04002346.1	NW_019366764.1
felCat9:chrUn_NW_019366765v1	chrUn_NW_019366765v1		AANG04003400.1	AANG04003400.1	NW_019366765.1
felCat9:chrUn_NW_019366766v1	chrUn_NW_019366766v1		AANG04002662.1	AANG04002662.1	NW_019366766.1
felCat9:chrUn_NW_019366767v1	chrUn_NW_019366767v1		AANG04002796.1	AANG04002796.1	NW_019366767.1
felCat9:chrUn_NW_019366768v1	chrUn_NW_019366768v1		AANG04004046.1	AANG04004046.1	NW_019366768.1
felCat9:chrUn_NW_019366769v1	chrUn_NW_019366769v1		AANG04000482.1	AANG04000482.1	NW_019366769.1
felCat9:chrUn_NW_019366770v1	chrUn_NW_019366770v1		AANG04004056.1	AANG04004056.1	NW_019366770.1
felCat9:chrUn_NW_019366771v1	chrUn_NW_019366771v1		AANG04004491.1	AANG04004491.1	NW_019366771.1
felCat9:chrUn_NW_019366772v1	chrUn_NW_019366772v1		AANG04002414.1	AANG04002414.1	NW_019366772.1
felCat9:chrUn_NW_019366773v1	chrUn_NW_019366773v1		AANG04002032.1	AANG04002032.1	NW_019366773.1
felCat9:chrUn_NW_019366774v1	chrUn_NW_019366774v1		AANG04000632.1	AANG04000632.1	NW_019366774.1
felCat9:chrUn_NW_019366775v1	chrUn_NW_019366775v1		AANG04002968.1	AANG04002968.1	NW_019366775.1
felCat9:chrUn_NW_019366776v1	chrUn_NW_019366776v1		AANG04004083.1	AANG04004083.1	NW_019366776.1
felCat9:chrUn_NW_019366777v1	chrUn_NW_019366777v1		AANG04001422.1	AANG04001422.1	NW_019366777.1
felCat9:chrUn_NW_019366778v1	chrUn_NW_019366778v1		AANG04004471.1	AANG04004471.1	NW_019366778.1
felCat9:chrUn_NW_019366779v1	chrUn_NW_019366779v1		AANG04002041.1	AANG04002041.1	NW_019366779.1
felCat9:chrUn_NW_019366780v1	chrUn_NW_019366780v1		AANG04000114.1	AANG04000114.1	NW_019366780.1
felCat9:chrUn_NW_019366781v1	chrUn_NW_019366781v1		AANG04001662.1	AANG04001662.1	NW_019366781.1
felCat9:chrUn_NW_019366782v1	chrUn_NW_019366782v1		AANG04002174.1	AANG04002174.1	NW_019366782.1
felCat9:chrUn_NW_019366783v1	chrUn_NW_019366783v1		AANG04004580.1	AANG04004580.1	NW_019366783.1
felCat9:chrUn_NW_019366784v1	chrUn_NW_019366784v1		AANG04003416.1	AANG04003416.1	NW_019366784.1
felCat9:chrUn_NW_019366785v1	chrUn_NW_019366785v1		AANG04002052.1	AANG04002052.1	NW_019366785.1
felCat9:chrUn_NW_019366786v1	chrUn_NW_019366786v1		AANG04000552.1	AANG04000552.1	NW_019366786.1
felCat9:chrUn_NW_019366787v1	chrUn_NW_019366787v1		AANG04003226.1	AANG04003226.1	NW_019366787.1
felCat9:chrUn_NW_019366788v1	chrUn_NW_019366788v1		AANG04003787.1	AANG04003787.1	NW_019366788.1
felCat9:chrUn_NW_019366789v1	chrUn_NW_019366789v1		AANG04004057.1	AANG04004057.1	NW_019366789.1
felCat9:chrUn_NW_019366790v1	chrUn_NW_019366790v1		AANG04001063.1	AANG04001063.1	NW_019366790.1
felCat9:chrUn_NW_019366791v1	chrUn_NW_019366791v1		AANG04002692.1	AANG04002692.1	NW_019366791.1
felCat9:chrUn_NW_019366792v1	chrUn_NW_019366792v1		AANG04001426.1	AANG04001426.1	NW_019366792.1
felCat9:chrUn_NW_019366793v1	chrUn_NW_019366793v1		AANG04001457.1	AANG04001457.1	NW_019366793.1
felCat9:chrUn_NW_019366794v1	chrUn_NW_019366794v1		AANG04000083.1	AANG04000083.1	NW_019366794.1
felCat9:chrUn_NW_019366795v1	chrUn_NW_019366795v1		AANG04002603.1	AANG04002603.1	NW_019366795.1
felCat9:chrUn_NW_019366796v1	chrUn_NW_019366796v1		AANG04000354.1	AANG04000354.1	NW_019366796.1
felCat9:chrUn_NW_019366797v1	chrUn_NW_019366797v1		AANG04003530.1	AANG04003530.1	NW_019366797.1
felCat9:chrUn_NW_019366798v1	chrUn_NW_019366798v1		AANG04000062.1	AANG04000062.1	NW_019366798.1
felCat9:chrUn_NW_019366799v1	chrUn_NW_019366799v1		AANG04003117.1	AANG04003117.1	NW_019366799.1
felCat9:chrUn_NW_019366800v1	chrUn_NW_019366800v1		AANG04002297.1	AANG04002297.1	NW_019366800.1
felCat9:chrUn_NW_019366801v1	chrUn_NW_019366801v1		AANG04004422.1	AANG04004422.1	NW_019366801.1
felCat9:chrUn_NW_019366802v1	chrUn_NW_019366802v1		AANG04003549.1	AANG04003549.1	NW_019366802.1
felCat9:chrUn_NW_019366803v1	chrUn_NW_019366803v1		AANG04001924.1	AANG04001924.1	NW_019366803.1
felCat9:chrUn_NW_019366804v1	chrUn_NW_019366804v1		AANG04004155.1	AANG04004155.1	NW_019366804.1
felCat9:chrUn_NW_019366805v1	chrUn_NW_019366805v1		AANG04004203.1	AANG04004203.1	NW_019366805.1
felCat9:chrUn_NW_019366806v1	chrUn_NW_019366806v1		AANG04000688.1	AANG04000688.1	NW_019366806.1
felCat9:chrUn_NW_019366807v1	chrUn_NW_019366807v1		AANG04004608.1	AANG04004608.1	NW_019366807.1
felCat9:chrUn_NW_019366808v1	chrUn_NW_019366808v1		AANG04001124.1	AANG04001124.1	NW_019366808.1
felCat9:chrUn_NW_019366809v1	chrUn_NW_019366809v1		AANG04002463.1	AANG04002463.1	NW_019366809.1
felCat9:chrUn_NW_019366810v1	chrUn_NW_019366810v1		AANG04003483.1	AANG04003483.1	NW_019366810.1
felCat9:chrUn_NW_019366811v1	chrUn_NW_019366811v1		AANG04004584.1	AANG04004584.1	NW_019366811.1
felCat9:chrUn_NW_019366812v1	chrUn_NW_019366812v1		AANG04001588.1	AANG04001588.1	NW_019366812.1
felCat9:chrUn_NW_019366813v1	chrUn_NW_019366813v1		AANG04004550.1	AANG04004550.1	NW_019366813.1
felCat9:chrUn_NW_019366814v1	chrUn_NW_019366814v1		AANG04001859.1	AANG04001859.1	NW_019366814.1
felCat9:chrUn_NW_019366815v1	chrUn_NW_019366815v1		AANG04001990.1	AANG04001990.1	NW_019366815.1
felCat9:chrUn_NW_019366816v1	chrUn_NW_019366816v1		AANG04001003.1	AANG04001003.1	NW_019366816.1
felCat9:chrUn_NW_019366817v1	chrUn_NW_019366817v1		AANG04001870.1	AANG04001870.1	NW_019366817.1
felCat9:chrUn_NW_019366818v1	chrUn_NW_019366818v1		AANG04004673.1	AANG04004673.1	NW_019366818.1
felCat9:chrUn_NW_019366819v1	chrUn_NW_019366819v1		AANG04000456.1	AANG04000456.1	NW_019366819.1
felCat9:chrUn_NW_019366820v1	chrUn_NW_019366820v1		AANG04002464.1	AANG04002464.1	NW_019366820.1
felCat9:chrUn_NW_019366821v1	chrUn_NW_019366821v1		AANG04000241.1	AANG04000241.1	NW_019366821.1
felCat9:chrUn_NW_019366822v1	chrUn_NW_019366822v1		AANG04000695.1	AANG04000695.1	NW_019366822.1
felCat9:chrUn_NW_019366823v1	chrUn_NW_019366823v1		AANG04001041.1	AANG04001041.1	NW_019366823.1
felCat9:chrUn_NW_019366824v1	chrUn_NW_019366824v1		AANG04000751.1	AANG04000751.1	NW_019366824.1
felCat9:chrUn_NW_019366825v1	chrUn_NW_019366825v1		AANG04001150.1	AANG04001150.1	NW_019366825.1
felCat9:chrUn_NW_019366826v1	chrUn_NW_019366826v1		AANG04002101.1	AANG04002101.1	NW_019366826.1
felCat9:chrUn_NW_019366827v1	chrUn_NW_019366827v1		AANG04000295.1	AANG04000295.1	NW_019366827.1
felCat9:chrUn_NW_019366828v1	chrUn_NW_019366828v1		AANG04001678.1	AANG04001678.1	NW_019366828.1
felCat9:chrUn_NW_019366829v1	chrUn_NW_019366829v1		AANG04003611.1	AANG04003611.1	NW_019366829.1
felCat9:chrUn_NW_019366830v1	chrUn_NW_019366830v1		AANG04003025.1	AANG04003025.1	NW_019366830.1
felCat9:chrUn_NW_019366831v1	chrUn_NW_019366831v1		AANG04000841.1	AANG04000841.1	NW_019366831.1
felCat9:chrUn_NW_019366832v1	chrUn_NW_019366832v1		AANG04004265.1	AANG04004265.1	NW_019366832.1
felCat9:chrUn_NW_019366833v1	chrUn_NW_019366833v1		AANG04004119.1	AANG04004119.1	NW_019366833.1
felCat9:chrUn_NW_019366834v1	chrUn_NW_019366834v1		AANG04000297.1	AANG04000297.1	NW_019366834.1
felCat9:chrUn_NW_019366835v1	chrUn_NW_019366835v1		AANG04002027.1	AANG04002027.1	NW_019366835.1
felCat9:chrUn_NW_019366836v1	chrUn_NW_019366836v1		AANG04004161.1	AANG04004161.1	NW_019366836.1
felCat9:chrUn_NW_019366837v1	chrUn_NW_019366837v1		AANG04000099.1	AANG04000099.1	NW_019366837.1
felCat9:chrUn_NW_019366838v1	chrUn_NW_019366838v1		AANG04003690.1	AANG04003690.1	NW_019366838.1
felCat9:chrUn_NW_019366839v1	chrUn_NW_019366839v1		AANG04003036.1	AANG04003036.1	NW_019366839.1
felCat9:chrUn_NW_019366840v1	chrUn_NW_019366840v1		AANG04002132.1	AANG04002132.1	NW_019366840.1
felCat9:chrUn_NW_019366841v1	chrUn_NW_019366841v1		AANG04004699.1	AANG04004699.1	NW_019366841.1
felCat9:chrUn_NW_019366842v1	chrUn_NW_019366842v1		AANG04002643.1	AANG04002643.1	NW_019366842.1
felCat9:chrUn_NW_019366843v1	chrUn_NW_019366843v1		AANG04003348.1	AANG04003348.1	NW_019366843.1
felCat9:chrUn_NW_019366844v1	chrUn_NW_019366844v1		AANG04000956.1	AANG04000956.1	NW_019366844.1
felCat9:chrUn_NW_019366845v1	chrUn_NW_019366845v1		AANG04001248.1	AANG04001248.1	NW_019366845.1
felCat9:chrUn_NW_019366846v1	chrUn_NW_019366846v1		AANG04004147.1	AANG04004147.1	NW_019366846.1
felCat9:chrUn_NW_019366847v1	chrUn_NW_019366847v1		AANG04001768.1	AANG04001768.1	NW_019366847.1
felCat9:chrUn_NW_019366848v1	chrUn_NW_019366848v1		AANG04000795.1	AANG04000795.1	NW_019366848.1
felCat9:chrUn_NW_019366849v1	chrUn_NW_019366849v1		AANG04001128.1	AANG04001128.1	NW_019366849.1
felCat9:chrUn_NW_019366850v1	chrUn_NW_019366850v1		AANG04000128.1	AANG04000128.1	NW_019366850.1
felCat9:chrUn_NW_019366851v1	chrUn_NW_019366851v1		AANG04000364.1	AANG04000364.1	NW_019366851.1
felCat9:chrUn_NW_019366852v1	chrUn_NW_019366852v1		AANG04003592.1	AANG04003592.1	NW_019366852.1
felCat9:chrUn_NW_019366853v1	chrUn_NW_019366853v1		AANG04000036.1	AANG04000036.1	NW_019366853.1
felCat9:chrUn_NW_019366854v1	chrUn_NW_019366854v1		AANG04000509.1	AANG04000509.1	NW_019366854.1
felCat9:chrUn_NW_019366855v1	chrUn_NW_019366855v1		AANG04004554.1	AANG04004554.1	NW_019366855.1
felCat9:chrUn_NW_019366856v1	chrUn_NW_019366856v1		AANG04001830.1	AANG04001830.1	NW_019366856.1
felCat9:chrUn_NW_019366857v1	chrUn_NW_019366857v1		AANG04004078.1	AANG04004078.1	NW_019366857.1
felCat9:chrUn_NW_019366858v1	chrUn_NW_019366858v1		AANG04000721.1	AANG04000721.1	NW_019366858.1
felCat9:chrUn_NW_019366859v1	chrUn_NW_019366859v1		AANG04004722.1	AANG04004722.1	NW_019366859.1
felCat9:chrUn_NW_019366860v1	chrUn_NW_019366860v1		AANG04002023.1	AANG04002023.1	NW_019366860.1
felCat9:chrUn_NW_019366861v1	chrUn_NW_019366861v1		AANG04001152.1	AANG04001152.1	NW_019366861.1
felCat9:chrUn_NW_019366862v1	chrUn_NW_019366862v1		AANG04001615.1	AANG04001615.1	NW_019366862.1
felCat9:chrUn_NW_019366863v1	chrUn_NW_019366863v1		AANG04003203.1	AANG04003203.1	NW_019366863.1
felCat9:chrUn_NW_019366864v1	chrUn_NW_019366864v1		AANG04004283.1	AANG04004283.1	NW_019366864.1
felCat9:chrUn_NW_019366865v1	chrUn_NW_019366865v1		AANG04002559.1	AANG04002559.1	NW_019366865.1
felCat9:chrUn_NW_019366866v1	chrUn_NW_019366866v1		AANG04002979.1	AANG04002979.1	NW_019366866.1
felCat9:chrUn_NW_019366867v1	chrUn_NW_019366867v1		AANG04000433.1	AANG04000433.1	NW_019366867.1
felCat9:chrUn_NW_019366868v1	chrUn_NW_019366868v1		AANG04002396.1	AANG04002396.1	NW_019366868.1
felCat9:chrUn_NW_019366869v1	chrUn_NW_019366869v1		AANG04002549.1	AANG04002549.1	NW_019366869.1
felCat9:chrUn_NW_019366870v1	chrUn_NW_019366870v1		AANG04000564.1	AANG04000564.1	NW_019366870.1
felCat9:chrUn_NW_019366871v1	chrUn_NW_019366871v1		AANG04003679.1	AANG04003679.1	NW_019366871.1
felCat9:chrUn_NW_019366872v1	chrUn_NW_019366872v1		AANG04003046.1	AANG04003046.1	NW_019366872.1
felCat9:chrUn_NW_019366873v1	chrUn_NW_019366873v1		AANG04004298.1	AANG04004298.1	NW_019366873.1
felCat9:chrUn_NW_019366874v1	chrUn_NW_019366874v1		AANG04001758.1	AANG04001758.1	NW_019366874.1
felCat9:chrUn_NW_019366875v1	chrUn_NW_019366875v1		AANG04000571.1	AANG04000571.1	NW_019366875.1
felCat9:chrUn_NW_019366876v1	chrUn_NW_019366876v1		AANG04003422.1	AANG04003422.1	NW_019366876.1
felCat9:chrUn_NW_019366877v1	chrUn_NW_019366877v1		AANG04002303.1	AANG04002303.1	NW_019366877.1
felCat9:chrUn_NW_019366878v1	chrUn_NW_019366878v1		AANG04003616.1	AANG04003616.1	NW_019366878.1
felCat9:chrUn_NW_019366879v1	chrUn_NW_019366879v1		AANG04002481.1	AANG04002481.1	NW_019366879.1
felCat9:chrUn_NW_019366880v1	chrUn_NW_019366880v1		AANG04001207.1	AANG04001207.1	NW_019366880.1
felCat9:chrUn_NW_019366881v1	chrUn_NW_019366881v1		AANG04004001.1	AANG04004001.1	NW_019366881.1
felCat9:chrUn_NW_019366882v1	chrUn_NW_019366882v1		AANG04001602.1	AANG04001602.1	NW_019366882.1
felCat9:chrUn_NW_019366883v1	chrUn_NW_019366883v1		AANG04003631.1	AANG04003631.1	NW_019366883.1
felCat9:chrUn_NW_019366884v1	chrUn_NW_019366884v1		AANG04000141.1	AANG04000141.1	NW_019366884.1
felCat9:chrUn_NW_019366885v1	chrUn_NW_019366885v1		AANG04001757.1	AANG04001757.1	NW_019366885.1
felCat9:chrUn_NW_019366886v1	chrUn_NW_019366886v1		AANG04004450.1	AANG04004450.1	NW_019366886.1
felCat9:chrUn_NW_019366887v1	chrUn_NW_019366887v1		AANG04000500.1	AANG04000500.1	NW_019366887.1
felCat9:chrUn_NW_019366888v1	chrUn_NW_019366888v1		AANG04000453.1	AANG04000453.1	NW_019366888.1
felCat9:chrUn_NW_019366889v1	chrUn_NW_019366889v1		AANG04001283.1	AANG04001283.1	NW_019366889.1
felCat9:chrUn_NW_019366890v1	chrUn_NW_019366890v1		AANG04003710.1	AANG04003710.1	NW_019366890.1
felCat9:chrUn_NW_019366891v1	chrUn_NW_019366891v1		AANG04004456.1	AANG04004456.1	NW_019366891.1
felCat9:chrUn_NW_019366892v1	chrUn_NW_019366892v1		AANG04001958.1	AANG04001958.1	NW_019366892.1
felCat9:chrUn_NW_019366893v1	chrUn_NW_019366893v1		AANG04001828.1	AANG04001828.1	NW_019366893.1
felCat9:chrUn_NW_019366894v1	chrUn_NW_019366894v1		AANG04000393.1	AANG04000393.1	NW_019366894.1
felCat9:chrUn_NW_019366895v1	chrUn_NW_019366895v1		AANG04003994.1	AANG04003994.1	NW_019366895.1
felCat9:chrUn_NW_019366896v1	chrUn_NW_019366896v1		AANG04003502.1	AANG04003502.1	NW_019366896.1
felCat9:chrUn_NW_019366897v1	chrUn_NW_019366897v1		AANG04002331.1	AANG04002331.1	NW_019366897.1
felCat9:chrUn_NW_019366898v1	chrUn_NW_019366898v1		AANG04000622.1	AANG04000622.1	NW_019366898.1
felCat9:chrUn_NW_019366899v1	chrUn_NW_019366899v1		AANG04001734.1	AANG04001734.1	NW_019366899.1
felCat9:chrUn_NW_019366900v1	chrUn_NW_019366900v1		AANG04003563.1	AANG04003563.1	NW_019366900.1
felCat9:chrUn_NW_019366901v1	chrUn_NW_019366901v1		AANG04003664.1	AANG04003664.1	NW_019366901.1
felCat9:chrUn_NW_019366902v1	chrUn_NW_019366902v1		AANG04002716.1	AANG04002716.1	NW_019366902.1
felCat9:chrUn_NW_019366903v1	chrUn_NW_019366903v1		AANG04001607.1	AANG04001607.1	NW_019366903.1
felCat9:chrUn_NW_019366904v1	chrUn_NW_019366904v1		AANG04004238.1	AANG04004238.1	NW_019366904.1
felCat9:chrUn_NW_019366905v1	chrUn_NW_019366905v1		AANG04001299.1	AANG04001299.1	NW_019366905.1
felCat9:chrUn_NW_019366906v1	chrUn_NW_019366906v1		AANG04003269.1	AANG04003269.1	NW_019366906.1
felCat9:chrUn_NW_019366907v1	chrUn_NW_019366907v1		AANG04001663.1	AANG04001663.1	NW_019366907.1
felCat9:chrUn_NW_019366908v1	chrUn_NW_019366908v1		AANG04002286.1	AANG04002286.1	NW_019366908.1
felCat9:chrUn_NW_019366909v1	chrUn_NW_019366909v1		AANG04002173.1	AANG04002173.1	NW_019366909.1
felCat9:chrUn_NW_019366910v1	chrUn_NW_019366910v1		AANG04004615.1	AANG04004615.1	NW_019366910.1
felCat9:chrUn_NW_019366911v1	chrUn_NW_019366911v1		AANG04003034.1	AANG04003034.1	NW_019366911.1
felCat9:chrUn_NW_019366912v1	chrUn_NW_019366912v1		AANG04001530.1	AANG04001530.1	NW_019366912.1
felCat9:chrUn_NW_019366913v1	chrUn_NW_019366913v1		AANG04000771.1	AANG04000771.1	NW_019366913.1
felCat9:chrUn_NW_019366914v1	chrUn_NW_019366914v1		AANG04002030.1	AANG04002030.1	NW_019366914.1
felCat9:chrUn_NW_019366915v1	chrUn_NW_019366915v1		AANG04002510.1	AANG04002510.1	NW_019366915.1
felCat9:chrUn_NW_019366916v1	chrUn_NW_019366916v1		AANG04004268.1	AANG04004268.1	NW_019366916.1
felCat9:chrUn_NW_019366917v1	chrUn_NW_019366917v1		AANG04002703.1	AANG04002703.1	NW_019366917.1
felCat9:chrUn_NW_019366918v1	chrUn_NW_019366918v1		AANG04000208.1	AANG04000208.1	NW_019366918.1
felCat9:chrUn_NW_019366919v1	chrUn_NW_019366919v1		AANG04001303.1	AANG04001303.1	NW_019366919.1
felCat9:chrUn_NW_019366920v1	chrUn_NW_019366920v1		AANG04000577.1	AANG04000577.1	NW_019366920.1
felCat9:chrUn_NW_019366921v1	chrUn_NW_019366921v1		AANG04002499.1	AANG04002499.1	NW_019366921.1
felCat9:chrUn_NW_019366922v1	chrUn_NW_019366922v1		AANG04000548.1	AANG04000548.1	NW_019366922.1
felCat9:chrUn_NW_019366923v1	chrUn_NW_019366923v1		AANG04003120.1	AANG04003120.1	NW_019366923.1
felCat9:chrUn_NW_019366924v1	chrUn_NW_019366924v1		AANG04002236.1	AANG04002236.1	NW_019366924.1
felCat9:chrUn_NW_019366925v1	chrUn_NW_019366925v1		AANG04000646.1	AANG04000646.1	NW_019366925.1
felCat9:chrUn_NW_019366926v1	chrUn_NW_019366926v1		AANG04000736.1	AANG04000736.1	NW_019366926.1
felCat9:chrUn_NW_019366927v1	chrUn_NW_019366927v1		AANG04004148.1	AANG04004148.1	NW_019366927.1
felCat9:chrUn_NW_019366928v1	chrUn_NW_019366928v1		AANG04001951.1	AANG04001951.1	NW_019366928.1
felCat9:chrUn_NW_019366929v1	chrUn_NW_019366929v1		AANG04000750.1	AANG04000750.1	NW_019366929.1
felCat9:chrUn_NW_019366930v1	chrUn_NW_019366930v1		AANG04000964.1	AANG04000964.1	NW_019366930.1
felCat9:chrUn_NW_019366931v1	chrUn_NW_019366931v1		AANG04000222.1	AANG04000222.1	NW_019366931.1
felCat9:chrUn_NW_019366932v1	chrUn_NW_019366932v1		AANG04001941.1	AANG04001941.1	NW_019366932.1
felCat9:chrUn_NW_019366933v1	chrUn_NW_019366933v1		AANG04003598.1	AANG04003598.1	NW_019366933.1
felCat9:chrUn_NW_019366934v1	chrUn_NW_019366934v1		AANG04001111.1	AANG04001111.1	NW_019366934.1
felCat9:chrUn_NW_019366935v1	chrUn_NW_019366935v1		AANG04002789.1	AANG04002789.1	NW_019366935.1
felCat9:chrUn_NW_019366936v1	chrUn_NW_019366936v1		AANG04003768.1	AANG04003768.1	NW_019366936.1
felCat9:chrUn_NW_019366937v1	chrUn_NW_019366937v1		AANG04003039.1	AANG04003039.1	NW_019366937.1
felCat9:chrUn_NW_019366938v1	chrUn_NW_019366938v1		AANG04003200.1	AANG04003200.1	NW_019366938.1
felCat9:chrUn_NW_019366939v1	chrUn_NW_019366939v1		AANG04004529.1	AANG04004529.1	NW_019366939.1
felCat9:chrUn_NW_019366940v1	chrUn_NW_019366940v1		AANG04004514.1	AANG04004514.1	NW_019366940.1
felCat9:chrUn_NW_019366941v1	chrUn_NW_019366941v1		AANG04000246.1	AANG04000246.1	NW_019366941.1
felCat9:chrUn_NW_019366942v1	chrUn_NW_019366942v1		AANG04002412.1	AANG04002412.1	NW_019366942.1
felCat9:chrUn_NW_019366943v1	chrUn_NW_019366943v1		AANG04003830.1	AANG04003830.1	NW_019366943.1
felCat9:chrUn_NW_019366944v1	chrUn_NW_019366944v1		AANG04002879.1	AANG04002879.1	NW_019366944.1
felCat9:chrUn_NW_019366945v1	chrUn_NW_019366945v1		AANG04000780.1	AANG04000780.1	NW_019366945.1
felCat9:chrUn_NW_019366946v1	chrUn_NW_019366946v1		AANG04001024.1	AANG04001024.1	NW_019366946.1
felCat9:chrUn_NW_019366947v1	chrUn_NW_019366947v1		AANG04003959.1	AANG04003959.1	NW_019366947.1
felCat9:chrUn_NW_019366948v1	chrUn_NW_019366948v1		AANG04003559.1	AANG04003559.1	NW_019366948.1
felCat9:chrUn_NW_019366949v1	chrUn_NW_019366949v1		AANG04001580.1	AANG04001580.1	NW_019366949.1
felCat9:chrUn_NW_019366950v1	chrUn_NW_019366950v1		AANG04004007.1	AANG04004007.1	NW_019366950.1
felCat9:chrUn_NW_019366951v1	chrUn_NW_019366951v1		AANG04000590.1	AANG04000590.1	NW_019366951.1
felCat9:chrUn_NW_019366952v1	chrUn_NW_019366952v1		AANG04001515.1	AANG04001515.1	NW_019366952.1
felCat9:chrUn_NW_019366953v1	chrUn_NW_019366953v1		AANG04000924.1	AANG04000924.1	NW_019366953.1
felCat9:chrUn_NW_019366954v1	chrUn_NW_019366954v1		AANG04000139.1	AANG04000139.1	NW_019366954.1
felCat9:chrUn_NW_019366955v1	chrUn_NW_019366955v1		AANG04003972.1	AANG04003972.1	NW_019366955.1
felCat9:chrUn_NW_019366956v1	chrUn_NW_019366956v1		AANG04000701.1	AANG04000701.1	NW_019366956.1
felCat9:chrUn_NW_019366957v1	chrUn_NW_019366957v1		AANG04003453.1	AANG04003453.1	NW_019366957.1
felCat9:chrUn_NW_019366958v1	chrUn_NW_019366958v1		AANG04002649.1	AANG04002649.1	NW_019366958.1
felCat9:chrUn_NW_019366959v1	chrUn_NW_019366959v1		AANG04002642.1	AANG04002642.1	NW_019366959.1
felCat9:chrUn_NW_019366960v1	chrUn_NW_019366960v1		AANG04004475.1	AANG04004475.1	NW_019366960.1
felCat9:chrUn_NW_019366961v1	chrUn_NW_019366961v1		AANG04003495.1	AANG04003495.1	NW_019366961.1
felCat9:chrUn_NW_019366962v1	chrUn_NW_019366962v1		AANG04000796.1	AANG04000796.1	NW_019366962.1
felCat9:chrUn_NW_019366963v1	chrUn_NW_019366963v1		AANG04002961.1	AANG04002961.1	NW_019366963.1
felCat9:chrUn_NW_019366964v1	chrUn_NW_019366964v1		AANG04003730.1	AANG04003730.1	NW_019366964.1
felCat9:chrUn_NW_019366965v1	chrUn_NW_019366965v1		AANG04003623.1	AANG04003623.1	NW_019366965.1
felCat9:chrUn_NW_019366966v1	chrUn_NW_019366966v1		AANG04002276.1	AANG04002276.1	NW_019366966.1
felCat9:chrUn_NW_019366967v1	chrUn_NW_019366967v1		AANG04000853.1	AANG04000853.1	NW_019366967.1
felCat9:chrUn_NW_019366968v1	chrUn_NW_019366968v1		AANG04003816.1	AANG04003816.1	NW_019366968.1
felCat9:chrUn_NW_019366969v1	chrUn_NW_019366969v1		AANG04001653.1	AANG04001653.1	NW_019366969.1
felCat9:chrUn_NW_019366970v1	chrUn_NW_019366970v1		AANG04003507.1	AANG04003507.1	NW_019366970.1
felCat9:chrUn_NW_019366971v1	chrUn_NW_019366971v1		AANG04004526.1	AANG04004526.1	NW_019366971.1
felCat9:chrUn_NW_019366972v1	chrUn_NW_019366972v1		AANG04004344.1	AANG04004344.1	NW_019366972.1
felCat9:chrUn_NW_019366973v1	chrUn_NW_019366973v1		AANG04001217.1	AANG04001217.1	NW_019366973.1
felCat9:chrUn_NW_019366974v1	chrUn_NW_019366974v1		AANG04001512.1	AANG04001512.1	NW_019366974.1
felCat9:chrUn_NW_019366975v1	chrUn_NW_019366975v1		AANG04002981.1	AANG04002981.1	NW_019366975.1
felCat9:chrUn_NW_019366976v1	chrUn_NW_019366976v1		AANG04001127.1	AANG04001127.1	NW_019366976.1
felCat9:chrUn_NW_019366977v1	chrUn_NW_019366977v1		AANG04001484.1	AANG04001484.1	NW_019366977.1
felCat9:chrUn_NW_019366978v1	chrUn_NW_019366978v1		AANG04000130.1	AANG04000130.1	NW_019366978.1
felCat9:chrUn_NW_019366979v1	chrUn_NW_019366979v1		AANG04003180.1	AANG04003180.1	NW_019366979.1
felCat9:chrUn_NW_019366980v1	chrUn_NW_019366980v1		AANG04003370.1	AANG04003370.1	NW_019366980.1
felCat9:chrUn_NW_019366981v1	chrUn_NW_019366981v1		AANG04002389.1	AANG04002389.1	NW_019366981.1
felCat9:chrUn_NW_019366982v1	chrUn_NW_019366982v1		AANG04001800.1	AANG04001800.1	NW_019366982.1
felCat9:chrUn_NW_019366983v1	chrUn_NW_019366983v1		AANG04003923.1	AANG04003923.1	NW_019366983.1
felCat9:chrUn_NW_019366984v1	chrUn_NW_019366984v1		AANG04001492.1	AANG04001492.1	NW_019366984.1
felCat9:chrUn_NW_019366985v1	chrUn_NW_019366985v1		AANG04001687.1	AANG04001687.1	NW_019366985.1
felCat9:chrUn_NW_019366986v1	chrUn_NW_019366986v1		AANG04002661.1	AANG04002661.1	NW_019366986.1
felCat9:chrUn_NW_019366987v1	chrUn_NW_019366987v1		AANG04003544.1	AANG04003544.1	NW_019366987.1
felCat9:chrUn_NW_019366988v1	chrUn_NW_019366988v1		AANG04001511.1	AANG04001511.1	NW_019366988.1
felCat9:chrUn_NW_019366989v1	chrUn_NW_019366989v1		AANG04001234.1	AANG04001234.1	NW_019366989.1
felCat9:chrUn_NW_019366990v1	chrUn_NW_019366990v1		AANG04004231.1	AANG04004231.1	NW_019366990.1
felCat9:chrUn_NW_019366991v1	chrUn_NW_019366991v1		AANG04003561.1	AANG04003561.1	NW_019366991.1
felCat9:chrUn_NW_019366992v1	chrUn_NW_019366992v1		AANG04001473.1	AANG04001473.1	NW_019366992.1
felCat9:chrUn_NW_019366993v1	chrUn_NW_019366993v1		AANG04002413.1	AANG04002413.1	NW_019366993.1
felCat9:chrUn_NW_019366994v1	chrUn_NW_019366994v1		AANG04004156.1	AANG04004156.1	NW_019366994.1
felCat9:chrUn_NW_019366995v1	chrUn_NW_019366995v1		AANG04001418.1	AANG04001418.1	NW_019366995.1
felCat9:chrUn_NW_019366996v1	chrUn_NW_019366996v1		AANG04001608.1	AANG04001608.1	NW_019366996.1
felCat9:chrUn_NW_019366997v1	chrUn_NW_019366997v1		AANG04002865.1	AANG04002865.1	NW_019366997.1
felCat9:chrUn_NW_019366998v1	chrUn_NW_019366998v1		AANG04001151.1	AANG04001151.1	NW_019366998.1
felCat9:chrUn_NW_019366999v1	chrUn_NW_019366999v1		AANG04003382.1	AANG04003382.1	NW_019366999.1
felCat9:chrUn_NW_019367000v1	chrUn_NW_019367000v1		AANG04000738.1	AANG04000738.1	NW_019367000.1
felCat9:chrUn_NW_019367001v1	chrUn_NW_019367001v1		AANG04000132.1	AANG04000132.1	NW_019367001.1
felCat9:chrUn_NW_019367002v1	chrUn_NW_019367002v1		AANG04000045.1	AANG04000045.1	NW_019367002.1
felCat9:chrUn_NW_019367003v1	chrUn_NW_019367003v1		AANG04003704.1	AANG04003704.1	NW_019367003.1
felCat9:chrUn_NW_019367004v1	chrUn_NW_019367004v1		AANG04002771.1	AANG04002771.1	NW_019367004.1
felCat9:chrUn_NW_019367005v1	chrUn_NW_019367005v1		AANG04004419.1	AANG04004419.1	NW_019367005.1
felCat9:chrUn_NW_019367006v1	chrUn_NW_019367006v1		AANG04002614.1	AANG04002614.1	NW_019367006.1
felCat9:chrUn_NW_019367007v1	chrUn_NW_019367007v1		AANG04004675.1	AANG04004675.1	NW_019367007.1
felCat9:chrUn_NW_019367008v1	chrUn_NW_019367008v1		AANG04001086.1	AANG04001086.1	NW_019367008.1
felCat9:chrUn_NW_019367009v1	chrUn_NW_019367009v1		AANG04002143.1	AANG04002143.1	NW_019367009.1
felCat9:chrUn_NW_019367010v1	chrUn_NW_019367010v1		AANG04000416.1	AANG04000416.1	NW_019367010.1
felCat9:chrUn_NW_019367011v1	chrUn_NW_019367011v1		AANG04002433.1	AANG04002433.1	NW_019367011.1
felCat9:chrUn_NW_019367012v1	chrUn_NW_019367012v1		AANG04000696.1	AANG04000696.1	NW_019367012.1
felCat9:chrUn_NW_019367013v1	chrUn_NW_019367013v1		AANG04003844.1	AANG04003844.1	NW_019367013.1
felCat9:chrUn_NW_019367014v1	chrUn_NW_019367014v1		AANG04002422.1	AANG04002422.1	NW_019367014.1
felCat9:chrUn_NW_019367015v1	chrUn_NW_019367015v1		AANG04004166.1	AANG04004166.1	NW_019367015.1
felCat9:chrUn_NW_019367016v1	chrUn_NW_019367016v1		AANG04000070.1	AANG04000070.1	NW_019367016.1
felCat9:chrUn_NW_019367017v1	chrUn_NW_019367017v1		AANG04000156.1	AANG04000156.1	NW_019367017.1
felCat9:chrUn_NW_019367018v1	chrUn_NW_019367018v1		AANG04004624.1	AANG04004624.1	NW_019367018.1
felCat9:chrUn_NW_019367019v1	chrUn_NW_019367019v1		AANG04003588.1	AANG04003588.1	NW_019367019.1
felCat9:chrUn_NW_019367020v1	chrUn_NW_019367020v1		AANG04000929.1	AANG04000929.1	NW_019367020.1
felCat9:chrUn_NW_019367021v1	chrUn_NW_019367021v1		AANG04000840.1	AANG04000840.1	NW_019367021.1
felCat9:chrUn_NW_019367022v1	chrUn_NW_019367022v1		AANG04004043.1	AANG04004043.1	NW_019367022.1
felCat9:chrUn_NW_019367023v1	chrUn_NW_019367023v1		AANG04004461.1	AANG04004461.1	NW_019367023.1
felCat9:chrUn_NW_019367024v1	chrUn_NW_019367024v1		AANG04000060.1	AANG04000060.1	NW_019367024.1
felCat9:chrUn_NW_019367025v1	chrUn_NW_019367025v1		AANG04004173.1	AANG04004173.1	NW_019367025.1
felCat9:chrUn_NW_019367026v1	chrUn_NW_019367026v1		AANG04002444.1	AANG04002444.1	NW_019367026.1
felCat9:chrUn_NW_019367027v1	chrUn_NW_019367027v1		AANG04002213.1	AANG04002213.1	NW_019367027.1
felCat9:chrUn_NW_019367028v1	chrUn_NW_019367028v1		AANG04002461.1	AANG04002461.1	NW_019367028.1
felCat9:chrUn_NW_019367029v1	chrUn_NW_019367029v1		AANG04003167.1	AANG04003167.1	NW_019367029.1
felCat9:chrUn_NW_019367030v1	chrUn_NW_019367030v1		AANG04002005.1	AANG04002005.1	NW_019367030.1
felCat9:chrUn_NW_019367031v1	chrUn_NW_019367031v1		AANG04003265.1	AANG04003265.1	NW_019367031.1
felCat9:chrUn_NW_019367032v1	chrUn_NW_019367032v1		AANG04000243.1	AANG04000243.1	NW_019367032.1
felCat9:chrUn_NW_019367033v1	chrUn_NW_019367033v1		AANG04000649.1	AANG04000649.1	NW_019367033.1
felCat9:chrUn_NW_019367034v1	chrUn_NW_019367034v1		AANG04002199.1	AANG04002199.1	NW_019367034.1
felCat9:chrUn_NW_019367035v1	chrUn_NW_019367035v1		AANG04001064.1	AANG04001064.1	NW_019367035.1
felCat9:chrUn_NW_019367036v1	chrUn_NW_019367036v1		AANG04000109.1	AANG04000109.1	NW_019367036.1
felCat9:chrUn_NW_019367037v1	chrUn_NW_019367037v1		AANG04000292.1	AANG04000292.1	NW_019367037.1
felCat9:chrUn_NW_019367038v1	chrUn_NW_019367038v1		AANG04000142.1	AANG04000142.1	NW_019367038.1
felCat9:chrUn_NW_019367039v1	chrUn_NW_019367039v1		AANG04001304.1	AANG04001304.1	NW_019367039.1
felCat9:chrUn_NW_019367040v1	chrUn_NW_019367040v1		AANG04000547.1	AANG04000547.1	NW_019367040.1
felCat9:chrUn_NW_019367041v1	chrUn_NW_019367041v1		AANG04004159.1	AANG04004159.1	NW_019367041.1
felCat9:chrUn_NW_019367042v1	chrUn_NW_019367042v1		AANG04004020.1	AANG04004020.1	NW_019367042.1
felCat9:chrUn_NW_019367043v1	chrUn_NW_019367043v1		AANG04002380.1	AANG04002380.1	NW_019367043.1
felCat9:chrUn_NW_019367044v1	chrUn_NW_019367044v1		AANG04001326.1	AANG04001326.1	NW_019367044.1
felCat9:chrUn_NW_019367045v1	chrUn_NW_019367045v1		AANG04002320.1	AANG04002320.1	NW_019367045.1
felCat9:chrUn_NW_019367046v1	chrUn_NW_019367046v1		AANG04001522.1	AANG04001522.1	NW_019367046.1
felCat9:chrUn_NW_019367047v1	chrUn_NW_019367047v1		AANG04002893.1	AANG04002893.1	NW_019367047.1
felCat9:chrUn_NW_019367048v1	chrUn_NW_019367048v1		AANG04001470.1	AANG04001470.1	NW_019367048.1
felCat9:chrUn_NW_019367049v1	chrUn_NW_019367049v1		AANG04003165.1	AANG04003165.1	NW_019367049.1
felCat9:chrUn_NW_019367050v1	chrUn_NW_019367050v1		AANG04000339.1	AANG04000339.1	NW_019367050.1
felCat9:chrUn_NW_019367051v1	chrUn_NW_019367051v1		AANG04001875.1	AANG04001875.1	NW_019367051.1
felCat9:chrUn_NW_019367052v1	chrUn_NW_019367052v1		AANG04001882.1	AANG04001882.1	NW_019367052.1
felCat9:chrUn_NW_019367053v1	chrUn_NW_019367053v1		AANG04001770.1	AANG04001770.1	NW_019367053.1
felCat9:chrUn_NW_019367054v1	chrUn_NW_019367054v1		AANG04003669.1	AANG04003669.1	NW_019367054.1
felCat9:chrUn_NW_019367055v1	chrUn_NW_019367055v1		AANG04002966.1	AANG04002966.1	NW_019367055.1
felCat9:chrUn_NW_019367056v1	chrUn_NW_019367056v1		AANG04004270.1	AANG04004270.1	NW_019367056.1
felCat9:chrUn_NW_019367057v1	chrUn_NW_019367057v1		AANG04002270.1	AANG04002270.1	NW_019367057.1
felCat9:chrUn_NW_019367058v1	chrUn_NW_019367058v1		AANG04002454.1	AANG04002454.1	NW_019367058.1
felCat9:chrUn_NW_019367059v1	chrUn_NW_019367059v1		AANG04003632.1	AANG04003632.1	NW_019367059.1
felCat9:chrUn_NW_019367060v1	chrUn_NW_019367060v1		AANG04003343.1	AANG04003343.1	NW_019367060.1
felCat9:chrUn_NW_019367061v1	chrUn_NW_019367061v1		AANG04000214.1	AANG04000214.1	NW_019367061.1
felCat9:chrUn_NW_019367062v1	chrUn_NW_019367062v1		AANG04004503.1	AANG04004503.1	NW_019367062.1
felCat9:chrUn_NW_019367063v1	chrUn_NW_019367063v1		AANG04001771.1	AANG04001771.1	NW_019367063.1
felCat9:chrUn_NW_019367064v1	chrUn_NW_019367064v1		AANG04001379.1	AANG04001379.1	NW_019367064.1
felCat9:chrUn_NW_019367065v1	chrUn_NW_019367065v1		AANG04004129.1	AANG04004129.1	NW_019367065.1
felCat9:chrUn_NW_019367066v1	chrUn_NW_019367066v1		AANG04001276.1	AANG04001276.1	NW_019367066.1
felCat9:chrUn_NW_019367067v1	chrUn_NW_019367067v1		AANG04003733.1	AANG04003733.1	NW_019367067.1
felCat9:chrUn_NW_019367068v1	chrUn_NW_019367068v1		AANG04003149.1	AANG04003149.1	NW_019367068.1
felCat9:chrUn_NW_019367069v1	chrUn_NW_019367069v1		AANG04003891.1	AANG04003891.1	NW_019367069.1
felCat9:chrUn_NW_019367070v1	chrUn_NW_019367070v1		AANG04004495.1	AANG04004495.1	NW_019367070.1
felCat9:chrUn_NW_019367071v1	chrUn_NW_019367071v1		AANG04004305.1	AANG04004305.1	NW_019367071.1
felCat9:chrUn_NW_019367072v1	chrUn_NW_019367072v1		AANG04001535.1	AANG04001535.1	NW_019367072.1
felCat9:chrUn_NW_019367073v1	chrUn_NW_019367073v1		AANG04001700.1	AANG04001700.1	NW_019367073.1
felCat9:chrUn_NW_019367074v1	chrUn_NW_019367074v1		AANG04002385.1	AANG04002385.1	NW_019367074.1
felCat9:chrUn_NW_019367075v1	chrUn_NW_019367075v1		AANG04002571.1	AANG04002571.1	NW_019367075.1
felCat9:chrUn_NW_019367076v1	chrUn_NW_019367076v1		AANG04001421.1	AANG04001421.1	NW_019367076.1
felCat9:chrUn_NW_019367077v1	chrUn_NW_019367077v1		AANG04002479.1	AANG04002479.1	NW_019367077.1
felCat9:chrUn_NW_019367078v1	chrUn_NW_019367078v1		AANG04003951.1	AANG04003951.1	NW_019367078.1
felCat9:chrUn_NW_019367079v1	chrUn_NW_019367079v1		AANG04001575.1	AANG04001575.1	NW_019367079.1
felCat9:chrUn_NW_019367080v1	chrUn_NW_019367080v1		AANG04003136.1	AANG04003136.1	NW_019367080.1
felCat9:chrUn_NW_019367081v1	chrUn_NW_019367081v1		AANG04003884.1	AANG04003884.1	NW_019367081.1
felCat9:chrUn_NW_019367082v1	chrUn_NW_019367082v1		AANG04000374.1	AANG04000374.1	NW_019367082.1
felCat9:chrUn_NW_019367083v1	chrUn_NW_019367083v1		AANG04001044.1	AANG04001044.1	NW_019367083.1
felCat9:chrUn_NW_019367084v1	chrUn_NW_019367084v1		AANG04003206.1	AANG04003206.1	NW_019367084.1
felCat9:chrUn_NW_019367085v1	chrUn_NW_019367085v1		AANG04000651.1	AANG04000651.1	NW_019367085.1
felCat9:chrUn_NW_019367086v1	chrUn_NW_019367086v1		AANG04002644.1	AANG04002644.1	NW_019367086.1
felCat9:chrUn_NW_019367087v1	chrUn_NW_019367087v1		AANG04003922.1	AANG04003922.1	NW_019367087.1
felCat9:chrUn_NW_019367088v1	chrUn_NW_019367088v1		AANG04002000.1	AANG04002000.1	NW_019367088.1
felCat9:chrUn_NW_019367089v1	chrUn_NW_019367089v1		AANG04000044.1	AANG04000044.1	NW_019367089.1
felCat9:chrUn_NW_019367090v1	chrUn_NW_019367090v1		AANG04000202.1	AANG04000202.1	NW_019367090.1
felCat9:chrUn_NW_019367091v1	chrUn_NW_019367091v1		AANG04003520.1	AANG04003520.1	NW_019367091.1
felCat9:chrUn_NW_019367092v1	chrUn_NW_019367092v1		AANG04001508.1	AANG04001508.1	NW_019367092.1
felCat9:chrUn_NW_019367093v1	chrUn_NW_019367093v1		AANG04004180.1	AANG04004180.1	NW_019367093.1
felCat9:chrUn_NW_019367094v1	chrUn_NW_019367094v1		AANG04003132.1	AANG04003132.1	NW_019367094.1
felCat9:chrUn_NW_019367095v1	chrUn_NW_019367095v1		AANG04001585.1	AANG04001585.1	NW_019367095.1
felCat9:chrUn_NW_019367096v1	chrUn_NW_019367096v1		AANG04003350.1	AANG04003350.1	NW_019367096.1
felCat9:chrUn_NW_019367097v1	chrUn_NW_019367097v1		AANG04000775.1	AANG04000775.1	NW_019367097.1
felCat9:chrUn_NW_019367098v1	chrUn_NW_019367098v1		AANG04002504.1	AANG04002504.1	NW_019367098.1
felCat9:chrUn_NW_019367099v1	chrUn_NW_019367099v1		AANG04003811.1	AANG04003811.1	NW_019367099.1
felCat9:chrUn_NW_019367100v1	chrUn_NW_019367100v1		AANG04001842.1	AANG04001842.1	NW_019367100.1
felCat9:chrUn_NW_019367101v1	chrUn_NW_019367101v1		AANG04004364.1	AANG04004364.1	NW_019367101.1
felCat9:chrUn_NW_019367102v1	chrUn_NW_019367102v1		AANG04003701.1	AANG04003701.1	NW_019367102.1
felCat9:chrUn_NW_019367103v1	chrUn_NW_019367103v1		AANG04001731.1	AANG04001731.1	NW_019367103.1
felCat9:chrUn_NW_019367104v1	chrUn_NW_019367104v1		AANG04003749.1	AANG04003749.1	NW_019367104.1
felCat9:chrUn_NW_019367105v1	chrUn_NW_019367105v1		AANG04003513.1	AANG04003513.1	NW_019367105.1
felCat9:chrUn_NW_019367106v1	chrUn_NW_019367106v1		AANG04004107.1	AANG04004107.1	NW_019367106.1
felCat9:chrUn_NW_019367107v1	chrUn_NW_019367107v1		AANG04003836.1	AANG04003836.1	NW_019367107.1
felCat9:chrUn_NW_019367108v1	chrUn_NW_019367108v1		AANG04002622.1	AANG04002622.1	NW_019367108.1
felCat9:chrUn_NW_019367109v1	chrUn_NW_019367109v1		AANG04002302.1	AANG04002302.1	NW_019367109.1
felCat9:chrUn_NW_019367110v1	chrUn_NW_019367110v1		AANG04002909.1	AANG04002909.1	NW_019367110.1
felCat9:chrUn_NW_019367111v1	chrUn_NW_019367111v1		AANG04002888.1	AANG04002888.1	NW_019367111.1
felCat9:chrUn_NW_019367112v1	chrUn_NW_019367112v1		AANG04004390.1	AANG04004390.1	NW_019367112.1
felCat9:chrUn_NW_019367113v1	chrUn_NW_019367113v1		AANG04000782.1	AANG04000782.1	NW_019367113.1
felCat9:chrUn_NW_019367114v1	chrUn_NW_019367114v1		AANG04000049.1	AANG04000049.1	NW_019367114.1
felCat9:chrUn_NW_019367115v1	chrUn_NW_019367115v1		AANG04002350.1	AANG04002350.1	NW_019367115.1
felCat9:chrUn_NW_019367116v1	chrUn_NW_019367116v1		AANG04000512.1	AANG04000512.1	NW_019367116.1
felCat9:chrUn_NW_019367117v1	chrUn_NW_019367117v1		AANG04003843.1	AANG04003843.1	NW_019367117.1
felCat9:chrUn_NW_019367118v1	chrUn_NW_019367118v1		AANG04004112.1	AANG04004112.1	NW_019367118.1
felCat9:chrUn_NW_019367119v1	chrUn_NW_019367119v1		AANG04002222.1	AANG04002222.1	NW_019367119.1
felCat9:chrUn_NW_019367120v1	chrUn_NW_019367120v1		AANG04003557.1	AANG04003557.1	NW_019367120.1
felCat9:chrUn_NW_019367121v1	chrUn_NW_019367121v1		AANG04003914.1	AANG04003914.1	NW_019367121.1
felCat9:chrUn_NW_019367122v1	chrUn_NW_019367122v1		AANG04003128.1	AANG04003128.1	NW_019367122.1
felCat9:chrUn_NW_019367123v1	chrUn_NW_019367123v1		AANG04003096.1	AANG04003096.1	NW_019367123.1
felCat9:chrUn_NW_019367124v1	chrUn_NW_019367124v1		AANG04002773.1	AANG04002773.1	NW_019367124.1
felCat9:chrUn_NW_019367125v1	chrUn_NW_019367125v1		AANG04003582.1	AANG04003582.1	NW_019367125.1
felCat9:chrUn_NW_019367126v1	chrUn_NW_019367126v1		AANG04003566.1	AANG04003566.1	NW_019367126.1
felCat9:chrUn_NW_019367127v1	chrUn_NW_019367127v1		AANG04000461.1	AANG04000461.1	NW_019367127.1
felCat9:chrUn_NW_019367128v1	chrUn_NW_019367128v1		AANG04004115.1	AANG04004115.1	NW_019367128.1
felCat9:chrUn_NW_019367129v1	chrUn_NW_019367129v1		AANG04003941.1	AANG04003941.1	NW_019367129.1
felCat9:chrUn_NW_019367130v1	chrUn_NW_019367130v1		AANG04002494.1	AANG04002494.1	NW_019367130.1
felCat9:chrUn_NW_019367131v1	chrUn_NW_019367131v1		AANG04001266.1	AANG04001266.1	NW_019367131.1
felCat9:chrUn_NW_019367132v1	chrUn_NW_019367132v1		AANG04004399.1	AANG04004399.1	NW_019367132.1
felCat9:chrUn_NW_019367133v1	chrUn_NW_019367133v1		AANG04001925.1	AANG04001925.1	NW_019367133.1
felCat9:chrUn_NW_019367134v1	chrUn_NW_019367134v1		AANG04002048.1	AANG04002048.1	NW_019367134.1
felCat9:chrUn_NW_019367135v1	chrUn_NW_019367135v1		AANG04002247.1	AANG04002247.1	NW_019367135.1
felCat9:chrUn_NW_019367136v1	chrUn_NW_019367136v1		AANG04003080.1	AANG04003080.1	NW_019367136.1
felCat9:chrUn_NW_019367137v1	chrUn_NW_019367137v1		AANG04000805.1	AANG04000805.1	NW_019367137.1
felCat9:chrUn_NW_019367138v1	chrUn_NW_019367138v1		AANG04002369.1	AANG04002369.1	NW_019367138.1
felCat9:chrUn_NW_019367139v1	chrUn_NW_019367139v1		AANG04002387.1	AANG04002387.1	NW_019367139.1
felCat9:chrUn_NW_019367140v1	chrUn_NW_019367140v1		AANG04003741.1	AANG04003741.1	NW_019367140.1
felCat9:chrUn_NW_019367141v1	chrUn_NW_019367141v1		AANG04003362.1	AANG04003362.1	NW_019367141.1
felCat9:chrUn_NW_019367142v1	chrUn_NW_019367142v1		AANG04002556.1	AANG04002556.1	NW_019367142.1
felCat9:chrUn_NW_019367143v1	chrUn_NW_019367143v1		AANG04000727.1	AANG04000727.1	NW_019367143.1
felCat9:chrUn_NW_019367144v1	chrUn_NW_019367144v1		AANG04002057.1	AANG04002057.1	NW_019367144.1
felCat9:chrUn_NW_019367145v1	chrUn_NW_019367145v1		AANG04003729.1	AANG04003729.1	NW_019367145.1
felCat9:chrUn_NW_019367146v1	chrUn_NW_019367146v1		AANG04004597.1	AANG04004597.1	NW_019367146.1
felCat9:chrUn_NW_019367147v1	chrUn_NW_019367147v1		AANG04001903.1	AANG04001903.1	NW_019367147.1
felCat9:chrUn_NW_019367148v1	chrUn_NW_019367148v1		AANG04002872.1	AANG04002872.1	NW_019367148.1
felCat9:chrUn_NW_019367149v1	chrUn_NW_019367149v1		AANG04003092.1	AANG04003092.1	NW_019367149.1
felCat9:chrUn_NW_019367150v1	chrUn_NW_019367150v1		AANG04000186.1	AANG04000186.1	NW_019367150.1
felCat9:chrUn_NW_019367151v1	chrUn_NW_019367151v1		AANG04000598.1	AANG04000598.1	NW_019367151.1
felCat9:chrUn_NW_019367152v1	chrUn_NW_019367152v1		AANG04003155.1	AANG04003155.1	NW_019367152.1
felCat9:chrUn_NW_019367153v1	chrUn_NW_019367153v1		AANG04002982.1	AANG04002982.1	NW_019367153.1
felCat9:chrUn_NW_019367154v1	chrUn_NW_019367154v1		AANG04001718.1	AANG04001718.1	NW_019367154.1
felCat9:chrUn_NW_019367155v1	chrUn_NW_019367155v1		AANG04004462.1	AANG04004462.1	NW_019367155.1
felCat9:chrUn_NW_019367156v1	chrUn_NW_019367156v1		AANG04003345.1	AANG04003345.1	NW_019367156.1
felCat9:chrUn_NW_019367157v1	chrUn_NW_019367157v1		AANG04000323.1	AANG04000323.1	NW_019367157.1
felCat9:chrUn_NW_019367158v1	chrUn_NW_019367158v1		AANG04003467.1	AANG04003467.1	NW_019367158.1
felCat9:chrUn_NW_019367159v1	chrUn_NW_019367159v1		AANG04004732.1	AANG04004732.1	NW_019367159.1
felCat9:chrUn_NW_019367160v1	chrUn_NW_019367160v1		AANG04003059.1	AANG04003059.1	NW_019367160.1
felCat9:chrUn_NW_019367161v1	chrUn_NW_019367161v1		AANG04003500.1	AANG04003500.1	NW_019367161.1
felCat9:chrUn_NW_019367162v1	chrUn_NW_019367162v1		AANG04001444.1	AANG04001444.1	NW_019367162.1
felCat9:chrUn_NW_019367163v1	chrUn_NW_019367163v1		AANG04000880.1	AANG04000880.1	NW_019367163.1
felCat9:chrUn_NW_019367164v1	chrUn_NW_019367164v1		AANG04003124.1	AANG04003124.1	NW_019367164.1
felCat9:chrUn_NW_019367165v1	chrUn_NW_019367165v1		AANG04004595.1	AANG04004595.1	NW_019367165.1
felCat9:chrUn_NW_019367166v1	chrUn_NW_019367166v1		AANG04000442.1	AANG04000442.1	NW_019367166.1
felCat9:chrUn_NW_019367167v1	chrUn_NW_019367167v1		AANG04002050.1	AANG04002050.1	NW_019367167.1
felCat9:chrUn_NW_019367168v1	chrUn_NW_019367168v1		AANG04002367.1	AANG04002367.1	NW_019367168.1
felCat9:chrUn_NW_019367169v1	chrUn_NW_019367169v1		AANG04003575.1	AANG04003575.1	NW_019367169.1
felCat9:chrUn_NW_019367170v1	chrUn_NW_019367170v1		AANG04000803.1	AANG04000803.1	NW_019367170.1
felCat9:chrUn_NW_019367171v1	chrUn_NW_019367171v1		AANG04003567.1	AANG04003567.1	NW_019367171.1
felCat9:chrUn_NW_019367172v1	chrUn_NW_019367172v1		AANG04004372.1	AANG04004372.1	NW_019367172.1
felCat9:chrUn_NW_019367173v1	chrUn_NW_019367173v1		AANG04003671.1	AANG04003671.1	NW_019367173.1
felCat9:chrUn_NW_019367174v1	chrUn_NW_019367174v1		AANG04001409.1	AANG04001409.1	NW_019367174.1
felCat9:chrUn_NW_019367175v1	chrUn_NW_019367175v1		AANG04003662.1	AANG04003662.1	NW_019367175.1
felCat9:chrUn_NW_019367176v1	chrUn_NW_019367176v1		AANG04000291.1	AANG04000291.1	NW_019367176.1
felCat9:chrUn_NW_019367177v1	chrUn_NW_019367177v1		AANG04002486.1	AANG04002486.1	NW_019367177.1
felCat9:chrUn_NW_019367178v1	chrUn_NW_019367178v1		AANG04004482.1	AANG04004482.1	NW_019367178.1
felCat9:chrUn_NW_019367179v1	chrUn_NW_019367179v1		AANG04004284.1	AANG04004284.1	NW_019367179.1
felCat9:chrUn_NW_019367180v1	chrUn_NW_019367180v1		AANG04004063.1	AANG04004063.1	NW_019367180.1
felCat9:chrUn_NW_019367181v1	chrUn_NW_019367181v1		AANG04003720.1	AANG04003720.1	NW_019367181.1
felCat9:chrUn_NW_019367182v1	chrUn_NW_019367182v1		AANG04004214.1	AANG04004214.1	NW_019367182.1
felCat9:chrUn_NW_019367183v1	chrUn_NW_019367183v1		AANG04002550.1	AANG04002550.1	NW_019367183.1
felCat9:chrUn_NW_019367184v1	chrUn_NW_019367184v1		AANG04002744.1	AANG04002744.1	NW_019367184.1
felCat9:chrUn_NW_019367185v1	chrUn_NW_019367185v1		AANG04000105.1	AANG04000105.1	NW_019367185.1
felCat9:chrUn_NW_019367186v1	chrUn_NW_019367186v1		AANG04001199.1	AANG04001199.1	NW_019367186.1
felCat9:chrUn_NW_019367187v1	chrUn_NW_019367187v1		AANG04002456.1	AANG04002456.1	NW_019367187.1
felCat9:chrUn_NW_019367188v1	chrUn_NW_019367188v1		AANG04003962.1	AANG04003962.1	NW_019367188.1
felCat9:chrUn_NW_019367189v1	chrUn_NW_019367189v1		AANG04000418.1	AANG04000418.1	NW_019367189.1
felCat9:chrUn_NW_019367190v1	chrUn_NW_019367190v1		AANG04000700.1	AANG04000700.1	NW_019367190.1
felCat9:chrUn_NW_019367191v1	chrUn_NW_019367191v1		AANG04001019.1	AANG04001019.1	NW_019367191.1
felCat9:chrUn_NW_019367192v1	chrUn_NW_019367192v1		AANG04003599.1	AANG04003599.1	NW_019367192.1
felCat9:chrUn_NW_019367193v1	chrUn_NW_019367193v1		AANG04002068.1	AANG04002068.1	NW_019367193.1
felCat9:chrUn_NW_019367194v1	chrUn_NW_019367194v1		AANG04003009.1	AANG04003009.1	NW_019367194.1
felCat9:chrUn_NW_019367195v1	chrUn_NW_019367195v1		AANG04003807.1	AANG04003807.1	NW_019367195.1
felCat9:chrUn_NW_019367196v1	chrUn_NW_019367196v1		AANG04003832.1	AANG04003832.1	NW_019367196.1
felCat9:chrUn_NW_019367197v1	chrUn_NW_019367197v1		AANG04001594.1	AANG04001594.1	NW_019367197.1
felCat9:chrUn_NW_019367198v1	chrUn_NW_019367198v1		AANG04003540.1	AANG04003540.1	NW_019367198.1
felCat9:chrUn_NW_019367199v1	chrUn_NW_019367199v1		AANG04004264.1	AANG04004264.1	NW_019367199.1
felCat9:chrUn_NW_019367200v1	chrUn_NW_019367200v1		AANG04003782.1	AANG04003782.1	NW_019367200.1
felCat9:chrUn_NW_019367201v1	chrUn_NW_019367201v1		AANG04000608.1	AANG04000608.1	NW_019367201.1
felCat9:chrUn_NW_019367202v1	chrUn_NW_019367202v1		AANG04001995.1	AANG04001995.1	NW_019367202.1
felCat9:chrUn_NW_019367203v1	chrUn_NW_019367203v1		AANG04003723.1	AANG04003723.1	NW_019367203.1
felCat9:chrUn_NW_019367204v1	chrUn_NW_019367204v1		AANG04002033.1	AANG04002033.1	NW_019367204.1
felCat9:chrUn_NW_019367205v1	chrUn_NW_019367205v1		AANG04003031.1	AANG04003031.1	NW_019367205.1
felCat9:chrUn_NW_019367206v1	chrUn_NW_019367206v1		AANG04002984.1	AANG04002984.1	NW_019367206.1
felCat9:chrUn_NW_019367207v1	chrUn_NW_019367207v1		AANG04002615.1	AANG04002615.1	NW_019367207.1
felCat9:chrUn_NW_019367208v1	chrUn_NW_019367208v1		AANG04001726.1	AANG04001726.1	NW_019367208.1
felCat9:chrUn_NW_019367209v1	chrUn_NW_019367209v1		AANG04002072.1	AANG04002072.1	NW_019367209.1
felCat9:chrUn_NW_019367210v1	chrUn_NW_019367210v1		AANG04001371.1	AANG04001371.1	NW_019367210.1
felCat9:chrUn_NW_019367211v1	chrUn_NW_019367211v1		AANG04001337.1	AANG04001337.1	NW_019367211.1
felCat9:chrUn_NW_019367212v1	chrUn_NW_019367212v1		AANG04003231.1	AANG04003231.1	NW_019367212.1
felCat9:chrUn_NW_019367213v1	chrUn_NW_019367213v1		AANG04001517.1	AANG04001517.1	NW_019367213.1
felCat9:chrUn_NW_019367214v1	chrUn_NW_019367214v1		AANG04003580.1	AANG04003580.1	NW_019367214.1
felCat9:chrUn_NW_019367215v1	chrUn_NW_019367215v1		AANG04003303.1	AANG04003303.1	NW_019367215.1
felCat9:chrUn_NW_019367216v1	chrUn_NW_019367216v1		AANG04002563.1	AANG04002563.1	NW_019367216.1
felCat9:chrUn_NW_019367217v1	chrUn_NW_019367217v1		AANG04003144.1	AANG04003144.1	NW_019367217.1
felCat9:chrUn_NW_019367218v1	chrUn_NW_019367218v1		AANG04001510.1	AANG04001510.1	NW_019367218.1
felCat9:chrUn_NW_019367219v1	chrUn_NW_019367219v1		AANG04001192.1	AANG04001192.1	NW_019367219.1
felCat9:chrUn_NW_019367220v1	chrUn_NW_019367220v1		AANG04001788.1	AANG04001788.1	NW_019367220.1
felCat9:chrUn_NW_019367221v1	chrUn_NW_019367221v1		AANG04001626.1	AANG04001626.1	NW_019367221.1
felCat9:chrUn_NW_019367222v1	chrUn_NW_019367222v1		AANG04004175.1	AANG04004175.1	NW_019367222.1
felCat9:chrUn_NW_019367223v1	chrUn_NW_019367223v1		AANG04001567.1	AANG04001567.1	NW_019367223.1
felCat9:chrUn_NW_019367224v1	chrUn_NW_019367224v1		AANG04003239.1	AANG04003239.1	NW_019367224.1
felCat9:chrUn_NW_019367225v1	chrUn_NW_019367225v1		AANG04000394.1	AANG04000394.1	NW_019367225.1
felCat9:chrUn_NW_019367226v1	chrUn_NW_019367226v1		AANG04001832.1	AANG04001832.1	NW_019367226.1
felCat9:chrUn_NW_019367227v1	chrUn_NW_019367227v1		AANG04002898.1	AANG04002898.1	NW_019367227.1
felCat9:chrUn_NW_019367228v1	chrUn_NW_019367228v1		AANG04002943.1	AANG04002943.1	NW_019367228.1
felCat9:chrUn_NW_019367229v1	chrUn_NW_019367229v1		AANG04004469.1	AANG04004469.1	NW_019367229.1
felCat9:chrUn_NW_019367230v1	chrUn_NW_019367230v1		AANG04000739.1	AANG04000739.1	NW_019367230.1
felCat9:chrUn_NW_019367231v1	chrUn_NW_019367231v1		AANG04003612.1	AANG04003612.1	NW_019367231.1
felCat9:chrUn_NW_019367232v1	chrUn_NW_019367232v1		AANG04004224.1	AANG04004224.1	NW_019367232.1
felCat9:chrUn_NW_019367233v1	chrUn_NW_019367233v1		AANG04002334.1	AANG04002334.1	NW_019367233.1
felCat9:chrUn_NW_019367234v1	chrUn_NW_019367234v1		AANG04002787.1	AANG04002787.1	NW_019367234.1
felCat9:chrUn_NW_019367235v1	chrUn_NW_019367235v1		AANG04000301.1	AANG04000301.1	NW_019367235.1
felCat9:chrUn_NW_019367236v1	chrUn_NW_019367236v1		AANG04002503.1	AANG04002503.1	NW_019367236.1
felCat9:chrUn_NW_019367237v1	chrUn_NW_019367237v1		AANG04003087.1	AANG04003087.1	NW_019367237.1
felCat9:chrUn_NW_019367238v1	chrUn_NW_019367238v1		AANG04001022.1	AANG04001022.1	NW_019367238.1
felCat9:chrUn_NW_019367239v1	chrUn_NW_019367239v1		AANG04003324.1	AANG04003324.1	NW_019367239.1
felCat9:chrUn_NW_019367240v1	chrUn_NW_019367240v1		AANG04004719.1	AANG04004719.1	NW_019367240.1
felCat9:chrUn_NW_019367241v1	chrUn_NW_019367241v1		AANG04000604.1	AANG04000604.1	NW_019367241.1
felCat9:chrUn_NW_019367242v1	chrUn_NW_019367242v1		AANG04003732.1	AANG04003732.1	NW_019367242.1
felCat9:chrUn_NW_019367243v1	chrUn_NW_019367243v1		AANG04001168.1	AANG04001168.1	NW_019367243.1
felCat9:chrUn_NW_019367244v1	chrUn_NW_019367244v1		AANG04002074.1	AANG04002074.1	NW_019367244.1
felCat9:chrUn_NW_019367245v1	chrUn_NW_019367245v1		AANG04000260.1	AANG04000260.1	NW_019367245.1
felCat9:chrUn_NW_019367246v1	chrUn_NW_019367246v1		AANG04000055.1	AANG04000055.1	NW_019367246.1
felCat9:chrUn_NW_019367247v1	chrUn_NW_019367247v1		AANG04002281.1	AANG04002281.1	NW_019367247.1
felCat9:chrUn_NW_019367248v1	chrUn_NW_019367248v1		AANG04000856.1	AANG04000856.1	NW_019367248.1
felCat9:chrUn_NW_019367249v1	chrUn_NW_019367249v1		AANG04003517.1	AANG04003517.1	NW_019367249.1
felCat9:chrUn_NW_019367250v1	chrUn_NW_019367250v1		AANG04003375.1	AANG04003375.1	NW_019367250.1
felCat9:chrUn_NW_019367251v1	chrUn_NW_019367251v1		AANG04001682.1	AANG04001682.1	NW_019367251.1
felCat9:chrUn_NW_019367252v1	chrUn_NW_019367252v1		AANG04003979.1	AANG04003979.1	NW_019367252.1
felCat9:chrUn_NW_019367253v1	chrUn_NW_019367253v1		AANG04001367.1	AANG04001367.1	NW_019367253.1
felCat9:chrUn_NW_019367254v1	chrUn_NW_019367254v1		AANG04000530.1	AANG04000530.1	NW_019367254.1
felCat9:chrUn_NW_019367255v1	chrUn_NW_019367255v1		AANG04001193.1	AANG04001193.1	NW_019367255.1
felCat9:chrUn_NW_019367256v1	chrUn_NW_019367256v1		AANG04000421.1	AANG04000421.1	NW_019367256.1
felCat9:chrUn_NW_019367257v1	chrUn_NW_019367257v1		AANG04003912.1	AANG04003912.1	NW_019367257.1
felCat9:chrUn_NW_019367258v1	chrUn_NW_019367258v1		AANG04003278.1	AANG04003278.1	NW_019367258.1
felCat9:chrUn_NW_019367259v1	chrUn_NW_019367259v1		AANG04000178.1	AANG04000178.1	NW_019367259.1
felCat9:chrUn_NW_019367260v1	chrUn_NW_019367260v1		AANG04001005.1	AANG04001005.1	NW_019367260.1
felCat9:chrUn_NW_019367261v1	chrUn_NW_019367261v1		AANG04002734.1	AANG04002734.1	NW_019367261.1
felCat9:chrUn_NW_019367262v1	chrUn_NW_019367262v1		AANG04003011.1	AANG04003011.1	NW_019367262.1
felCat9:chrUn_NW_019367263v1	chrUn_NW_019367263v1		AANG04003476.1	AANG04003476.1	NW_019367263.1
felCat9:chrUn_NW_019367264v1	chrUn_NW_019367264v1		AANG04000309.1	AANG04000309.1	NW_019367264.1
felCat9:chrUn_NW_019367265v1	chrUn_NW_019367265v1		AANG04004665.1	AANG04004665.1	NW_019367265.1
felCat9:chrUn_NW_019367266v1	chrUn_NW_019367266v1		AANG04001640.1	AANG04001640.1	NW_019367266.1
felCat9:chrUn_NW_019367267v1	chrUn_NW_019367267v1		AANG04000327.1	AANG04000327.1	NW_019367267.1
felCat9:chrUn_NW_019367268v1	chrUn_NW_019367268v1		AANG04003073.1	AANG04003073.1	NW_019367268.1
felCat9:chrUn_NW_019367269v1	chrUn_NW_019367269v1		AANG04002804.1	AANG04002804.1	NW_019367269.1
felCat9:chrUn_NW_019367270v1	chrUn_NW_019367270v1		AANG04004391.1	AANG04004391.1	NW_019367270.1
felCat9:chrUn_NW_019367271v1	chrUn_NW_019367271v1		AANG04000003.1	AANG04000003.1	NW_019367271.1
felCat9:chrUn_NW_019367272v1	chrUn_NW_019367272v1		AANG04001054.1	AANG04001054.1	NW_019367272.1
felCat9:chrUn_NW_019367273v1	chrUn_NW_019367273v1		AANG04002318.1	AANG04002318.1	NW_019367273.1
felCat9:chrUn_NW_019367274v1	chrUn_NW_019367274v1		AANG04001915.1	AANG04001915.1	NW_019367274.1
felCat9:chrUn_NW_019367275v1	chrUn_NW_019367275v1		AANG04002921.1	AANG04002921.1	NW_019367275.1
felCat9:chrUn_NW_019367276v1	chrUn_NW_019367276v1		AANG04000215.1	AANG04000215.1	NW_019367276.1
felCat9:chrUn_NW_019367277v1	chrUn_NW_019367277v1		AANG04000329.1	AANG04000329.1	NW_019367277.1
felCat9:chrUn_NW_019367278v1	chrUn_NW_019367278v1		AANG04003755.1	AANG04003755.1	NW_019367278.1
felCat9:chrUn_NW_019367279v1	chrUn_NW_019367279v1		AANG04002685.1	AANG04002685.1	NW_019367279.1
felCat9:chrUn_NW_019367280v1	chrUn_NW_019367280v1		AANG04004157.1	AANG04004157.1	NW_019367280.1
felCat9:chrUn_NW_019367281v1	chrUn_NW_019367281v1		AANG04003915.1	AANG04003915.1	NW_019367281.1
felCat9:chrUn_NW_019367282v1	chrUn_NW_019367282v1		AANG04003921.1	AANG04003921.1	NW_019367282.1
felCat9:chrUn_NW_019367283v1	chrUn_NW_019367283v1		AANG04003220.1	AANG04003220.1	NW_019367283.1
felCat9:chrUn_NW_019367284v1	chrUn_NW_019367284v1		AANG04000624.1	AANG04000624.1	NW_019367284.1
felCat9:chrUn_NW_019367285v1	chrUn_NW_019367285v1		AANG04002333.1	AANG04002333.1	NW_019367285.1
felCat9:chrUn_NW_019367286v1	chrUn_NW_019367286v1		AANG04003057.1	AANG04003057.1	NW_019367286.1
felCat9:chrUn_NW_019367287v1	chrUn_NW_019367287v1		AANG04000319.1	AANG04000319.1	NW_019367287.1
felCat9:chrUn_NW_019367288v1	chrUn_NW_019367288v1		AANG04002667.1	AANG04002667.1	NW_019367288.1
felCat9:chrUn_NW_019367289v1	chrUn_NW_019367289v1		AANG04002191.1	AANG04002191.1	NW_019367289.1
felCat9:chrUn_NW_019367290v1	chrUn_NW_019367290v1		AANG04003981.1	AANG04003981.1	NW_019367290.1
felCat9:chrUn_NW_019367291v1	chrUn_NW_019367291v1		AANG04003907.1	AANG04003907.1	NW_019367291.1
felCat9:chrUn_NW_019367292v1	chrUn_NW_019367292v1		AANG04001012.1	AANG04001012.1	NW_019367292.1
felCat9:chrUn_NW_019367293v1	chrUn_NW_019367293v1		AANG04001675.1	AANG04001675.1	NW_019367293.1
felCat9:chrUn_NW_019367294v1	chrUn_NW_019367294v1		AANG04002608.1	AANG04002608.1	NW_019367294.1
felCat9:chrUn_NW_019367295v1	chrUn_NW_019367295v1		AANG04000866.1	AANG04000866.1	NW_019367295.1
felCat9:chrUn_NW_019367296v1	chrUn_NW_019367296v1		AANG04001560.1	AANG04001560.1	NW_019367296.1
felCat9:chrUn_NW_019367297v1	chrUn_NW_019367297v1		AANG04004700.1	AANG04004700.1	NW_019367297.1
felCat9:chrUn_NW_019367298v1	chrUn_NW_019367298v1		AANG04001837.1	AANG04001837.1	NW_019367298.1
felCat9:chrUn_NW_019367299v1	chrUn_NW_019367299v1		AANG04003118.1	AANG04003118.1	NW_019367299.1
felCat9:chrUn_NW_019367300v1	chrUn_NW_019367300v1		AANG04001813.1	AANG04001813.1	NW_019367300.1
felCat9:chrUn_NW_019367301v1	chrUn_NW_019367301v1		AANG04004034.1	AANG04004034.1	NW_019367301.1
felCat9:chrUn_NW_019367302v1	chrUn_NW_019367302v1		AANG04001826.1	AANG04001826.1	NW_019367302.1
felCat9:chrUn_NW_019367303v1	chrUn_NW_019367303v1		AANG04001604.1	AANG04001604.1	NW_019367303.1
felCat9:chrUn_NW_019367304v1	chrUn_NW_019367304v1		AANG04002927.1	AANG04002927.1	NW_019367304.1
felCat9:chrUn_NW_019367305v1	chrUn_NW_019367305v1		AANG04000710.1	AANG04000710.1	NW_019367305.1
felCat9:chrUn_NW_019367306v1	chrUn_NW_019367306v1		AANG04000755.1	AANG04000755.1	NW_019367306.1
felCat9:chrUn_NW_019367307v1	chrUn_NW_019367307v1		AANG04001220.1	AANG04001220.1	NW_019367307.1
felCat9:chrUn_NW_019367308v1	chrUn_NW_019367308v1		AANG04003910.1	AANG04003910.1	NW_019367308.1
felCat9:chrUn_NW_019367309v1	chrUn_NW_019367309v1		AANG04001912.1	AANG04001912.1	NW_019367309.1
felCat9:chrUn_NW_019367310v1	chrUn_NW_019367310v1		AANG04003821.1	AANG04003821.1	NW_019367310.1
felCat9:chrUn_NW_019367311v1	chrUn_NW_019367311v1		AANG04001446.1	AANG04001446.1	NW_019367311.1
felCat9:chrUn_NW_019367312v1	chrUn_NW_019367312v1		AANG04004068.1	AANG04004068.1	NW_019367312.1
felCat9:chrUn_NW_019367313v1	chrUn_NW_019367313v1		AANG04001075.1	AANG04001075.1	NW_019367313.1
felCat9:chrUn_NW_019367314v1	chrUn_NW_019367314v1		AANG04001369.1	AANG04001369.1	NW_019367314.1
felCat9:chrUn_NW_019367315v1	chrUn_NW_019367315v1		AANG04002775.1	AANG04002775.1	NW_019367315.1
felCat9:chrUn_NW_019367316v1	chrUn_NW_019367316v1		AANG04002711.1	AANG04002711.1	NW_019367316.1
felCat9:chrUn_NW_019367317v1	chrUn_NW_019367317v1		AANG04000407.1	AANG04000407.1	NW_019367317.1
felCat9:chrUn_NW_019367318v1	chrUn_NW_019367318v1		AANG04003904.1	AANG04003904.1	NW_019367318.1
felCat9:chrUn_NW_019367319v1	chrUn_NW_019367319v1		AANG04002855.1	AANG04002855.1	NW_019367319.1
felCat9:chrUn_NW_019367320v1	chrUn_NW_019367320v1		AANG04001499.1	AANG04001499.1	NW_019367320.1
felCat9:chrUn_NW_019367321v1	chrUn_NW_019367321v1		AANG04002633.1	AANG04002633.1	NW_019367321.1
felCat9:chrUn_NW_019367322v1	chrUn_NW_019367322v1		AANG04003515.1	AANG04003515.1	NW_019367322.1
felCat9:chrUn_NW_019367323v1	chrUn_NW_019367323v1		AANG04000161.1	AANG04000161.1	NW_019367323.1
felCat9:chrUn_NW_019367324v1	chrUn_NW_019367324v1		AANG04001182.1	AANG04001182.1	NW_019367324.1
felCat9:chrUn_NW_019367325v1	chrUn_NW_019367325v1		AANG04003461.1	AANG04003461.1	NW_019367325.1
felCat9:chrUn_NW_019367326v1	chrUn_NW_019367326v1		AANG04000522.1	AANG04000522.1	NW_019367326.1
felCat9:chrUn_NW_019367327v1	chrUn_NW_019367327v1		AANG04000662.1	AANG04000662.1	NW_019367327.1
felCat9:chrUn_NW_019367328v1	chrUn_NW_019367328v1		AANG04000298.1	AANG04000298.1	NW_019367328.1
felCat9:chrUn_NW_019367329v1	chrUn_NW_019367329v1		AANG04003882.1	AANG04003882.1	NW_019367329.1
felCat9:chrUn_NW_019367330v1	chrUn_NW_019367330v1		AANG04002806.1	AANG04002806.1	NW_019367330.1
felCat9:chrUn_NW_019367331v1	chrUn_NW_019367331v1		AANG04004279.1	AANG04004279.1	NW_019367331.1
felCat9:chrUn_NW_019367332v1	chrUn_NW_019367332v1		AANG04004439.1	AANG04004439.1	NW_019367332.1
felCat9:chrUn_NW_019367333v1	chrUn_NW_019367333v1		AANG04002858.1	AANG04002858.1	NW_019367333.1
felCat9:chrUn_NW_019367334v1	chrUn_NW_019367334v1		AANG04004386.1	AANG04004386.1	NW_019367334.1
felCat9:chrUn_NW_019367335v1	chrUn_NW_019367335v1		AANG04004254.1	AANG04004254.1	NW_019367335.1
felCat9:chrUn_NW_019367336v1	chrUn_NW_019367336v1		AANG04001545.1	AANG04001545.1	NW_019367336.1
felCat9:chrUn_NW_019367337v1	chrUn_NW_019367337v1		AANG04004053.1	AANG04004053.1	NW_019367337.1
felCat9:chrUn_NW_019367338v1	chrUn_NW_019367338v1		AANG04004718.1	AANG04004718.1	NW_019367338.1
felCat9:chrUn_NW_019367339v1	chrUn_NW_019367339v1		AANG04001884.1	AANG04001884.1	NW_019367339.1
felCat9:chrUn_NW_019367340v1	chrUn_NW_019367340v1		AANG04004000.1	AANG04004000.1	NW_019367340.1
felCat9:chrUn_NW_019367341v1	chrUn_NW_019367341v1		AANG04002224.1	AANG04002224.1	NW_019367341.1
felCat9:chrUn_NW_019367342v1	chrUn_NW_019367342v1		AANG04003919.1	AANG04003919.1	NW_019367342.1
felCat9:chrUn_NW_019367343v1	chrUn_NW_019367343v1		AANG04000341.1	AANG04000341.1	NW_019367343.1
felCat9:chrUn_NW_019367344v1	chrUn_NW_019367344v1		AANG04004143.1	AANG04004143.1	NW_019367344.1
felCat9:chrUn_NW_019367345v1	chrUn_NW_019367345v1		AANG04001222.1	AANG04001222.1	NW_019367345.1
felCat9:chrUn_NW_019367346v1	chrUn_NW_019367346v1		AANG04001896.1	AANG04001896.1	NW_019367346.1
felCat9:chrUn_NW_019367347v1	chrUn_NW_019367347v1		AANG04001117.1	AANG04001117.1	NW_019367347.1
felCat9:chrUn_NW_019367348v1	chrUn_NW_019367348v1		AANG04003191.1	AANG04003191.1	NW_019367348.1
felCat9:chrUn_NW_019367349v1	chrUn_NW_019367349v1		AANG04000716.1	AANG04000716.1	NW_019367349.1
felCat9:chrUn_NW_019367350v1	chrUn_NW_019367350v1		AANG04003552.1	AANG04003552.1	NW_019367350.1
felCat9:chrUn_NW_019367351v1	chrUn_NW_019367351v1		AANG04004220.1	AANG04004220.1	NW_019367351.1
felCat9:chrUn_NW_019367352v1	chrUn_NW_019367352v1		AANG04000220.1	AANG04000220.1	NW_019367352.1
felCat9:chrUn_NW_019367353v1	chrUn_NW_019367353v1		AANG04002683.1	AANG04002683.1	NW_019367353.1
felCat9:chrUn_NW_019367354v1	chrUn_NW_019367354v1		AANG04002595.1	AANG04002595.1	NW_019367354.1
felCat9:chrUn_NW_019367355v1	chrUn_NW_019367355v1		AANG04002028.1	AANG04002028.1	NW_019367355.1
felCat9:chrUn_NW_019367356v1	chrUn_NW_019367356v1		AANG04004628.1	AANG04004628.1	NW_019367356.1
felCat9:chrUn_NW_019367357v1	chrUn_NW_019367357v1		AANG04004420.1	AANG04004420.1	NW_019367357.1
felCat9:chrUn_NW_019367358v1	chrUn_NW_019367358v1		AANG04001863.1	AANG04001863.1	NW_019367358.1
felCat9:chrUn_NW_019367359v1	chrUn_NW_019367359v1		AANG04002453.1	AANG04002453.1	NW_019367359.1
felCat9:chrUn_NW_019367360v1	chrUn_NW_019367360v1		AANG04004646.1	AANG04004646.1	NW_019367360.1
felCat9:chrUn_NW_019367361v1	chrUn_NW_019367361v1		AANG04004104.1	AANG04004104.1	NW_019367361.1
felCat9:chrUn_NW_019367362v1	chrUn_NW_019367362v1		AANG04002647.1	AANG04002647.1	NW_019367362.1
felCat9:chrUn_NW_019367363v1	chrUn_NW_019367363v1		AANG04003818.1	AANG04003818.1	NW_019367363.1
felCat9:chrUn_NW_019367364v1	chrUn_NW_019367364v1		AANG04001172.1	AANG04001172.1	NW_019367364.1
felCat9:chrUn_NW_019367365v1	chrUn_NW_019367365v1		AANG04001918.1	AANG04001918.1	NW_019367365.1
felCat9:chrUn_NW_019367366v1	chrUn_NW_019367366v1		AANG04004127.1	AANG04004127.1	NW_019367366.1
felCat9:chrUn_NW_019367367v1	chrUn_NW_019367367v1		AANG04002379.1	AANG04002379.1	NW_019367367.1
felCat9:chrUn_NW_019367368v1	chrUn_NW_019367368v1		AANG04000133.1	AANG04000133.1	NW_019367368.1
felCat9:chrUn_NW_019367369v1	chrUn_NW_019367369v1		AANG04000557.1	AANG04000557.1	NW_019367369.1
felCat9:chrUn_NW_019367370v1	chrUn_NW_019367370v1		AANG04002607.1	AANG04002607.1	NW_019367370.1
felCat9:chrUn_NW_019367371v1	chrUn_NW_019367371v1		AANG04004081.1	AANG04004081.1	NW_019367371.1
felCat9:chrUn_NW_019367372v1	chrUn_NW_019367372v1		AANG04003012.1	AANG04003012.1	NW_019367372.1
felCat9:chrUn_NW_019367373v1	chrUn_NW_019367373v1		AANG04003116.1	AANG04003116.1	NW_019367373.1
felCat9:chrUn_NW_019367374v1	chrUn_NW_019367374v1		AANG04002700.1	AANG04002700.1	NW_019367374.1
felCat9:chrUn_NW_019367375v1	chrUn_NW_019367375v1		AANG04000831.1	AANG04000831.1	NW_019367375.1
felCat9:chrUn_NW_019367376v1	chrUn_NW_019367376v1		AANG04003415.1	AANG04003415.1	NW_019367376.1
felCat9:chrUn_NW_019367377v1	chrUn_NW_019367377v1		AANG04001204.1	AANG04001204.1	NW_019367377.1
felCat9:chrUn_NW_019367378v1	chrUn_NW_019367378v1		AANG04002217.1	AANG04002217.1	NW_019367378.1
felCat9:chrUn_NW_019367379v1	chrUn_NW_019367379v1		AANG04003261.1	AANG04003261.1	NW_019367379.1
felCat9:chrUn_NW_019367380v1	chrUn_NW_019367380v1		AANG04000287.1	AANG04000287.1	NW_019367380.1
felCat9:chrUn_NW_019367381v1	chrUn_NW_019367381v1		AANG04002417.1	AANG04002417.1	NW_019367381.1
felCat9:chrUn_NW_019367382v1	chrUn_NW_019367382v1		AANG04000808.1	AANG04000808.1	NW_019367382.1
felCat9:chrUn_NW_019367383v1	chrUn_NW_019367383v1		AANG04001953.1	AANG04001953.1	NW_019367383.1
felCat9:chrUn_NW_019367384v1	chrUn_NW_019367384v1		AANG04001680.1	AANG04001680.1	NW_019367384.1
felCat9:chrUn_NW_019367385v1	chrUn_NW_019367385v1		AANG04003547.1	AANG04003547.1	NW_019367385.1
felCat9:chrUn_NW_019367386v1	chrUn_NW_019367386v1		AANG04000400.1	AANG04000400.1	NW_019367386.1
felCat9:chrUn_NW_019367387v1	chrUn_NW_019367387v1		AANG04000023.1	AANG04000023.1	NW_019367387.1
felCat9:chrUn_NW_019367388v1	chrUn_NW_019367388v1		AANG04003867.1	AANG04003867.1	NW_019367388.1
felCat9:chrUn_NW_019367389v1	chrUn_NW_019367389v1		AANG04001592.1	AANG04001592.1	NW_019367389.1
felCat9:chrUn_NW_019367390v1	chrUn_NW_019367390v1		AANG04004548.1	AANG04004548.1	NW_019367390.1
felCat9:chrUn_NW_019367391v1	chrUn_NW_019367391v1		AANG04004467.1	AANG04004467.1	NW_019367391.1
felCat9:chrUn_NW_019367392v1	chrUn_NW_019367392v1		AANG04001584.1	AANG04001584.1	NW_019367392.1
felCat9:chrUn_NW_019367393v1	chrUn_NW_019367393v1		AANG04000994.1	AANG04000994.1	NW_019367393.1
felCat9:chrUn_NW_019367394v1	chrUn_NW_019367394v1		AANG04002001.1	AANG04002001.1	NW_019367394.1
felCat9:chrUn_NW_019367395v1	chrUn_NW_019367395v1		AANG04003028.1	AANG04003028.1	NW_019367395.1
felCat9:chrUn_NW_019367396v1	chrUn_NW_019367396v1		AANG04004030.1	AANG04004030.1	NW_019367396.1
felCat9:chrUn_NW_019367397v1	chrUn_NW_019367397v1		AANG04002196.1	AANG04002196.1	NW_019367397.1
felCat9:chrUn_NW_019367398v1	chrUn_NW_019367398v1		AANG04001911.1	AANG04001911.1	NW_019367398.1
felCat9:chrUn_NW_019367399v1	chrUn_NW_019367399v1		AANG04002402.1	AANG04002402.1	NW_019367399.1
felCat9:chrUn_NW_019367400v1	chrUn_NW_019367400v1		AANG04001952.1	AANG04001952.1	NW_019367400.1
felCat9:chrUn_NW_019367401v1	chrUn_NW_019367401v1		AANG04000409.1	AANG04000409.1	NW_019367401.1
felCat9:chrUn_NW_019367402v1	chrUn_NW_019367402v1		AANG04004036.1	AANG04004036.1	NW_019367402.1
felCat9:chrUn_NW_019367403v1	chrUn_NW_019367403v1		AANG04002470.1	AANG04002470.1	NW_019367403.1
felCat9:chrUn_NW_019367404v1	chrUn_NW_019367404v1		AANG04001509.1	AANG04001509.1	NW_019367404.1
felCat9:chrUn_NW_019367405v1	chrUn_NW_019367405v1		AANG04000758.1	AANG04000758.1	NW_019367405.1
felCat9:chrUn_NW_019367406v1	chrUn_NW_019367406v1		AANG04000361.1	AANG04000361.1	NW_019367406.1
felCat9:chrUn_NW_019367407v1	chrUn_NW_019367407v1		AANG04002903.1	AANG04002903.1	NW_019367407.1
felCat9:chrUn_NW_019367408v1	chrUn_NW_019367408v1		AANG04004312.1	AANG04004312.1	NW_019367408.1
felCat9:chrUn_NW_019367409v1	chrUn_NW_019367409v1		AANG04004282.1	AANG04004282.1	NW_019367409.1
felCat9:chrUn_NW_019367410v1	chrUn_NW_019367410v1		AANG04003347.1	AANG04003347.1	NW_019367410.1
felCat9:chrUn_NW_019367411v1	chrUn_NW_019367411v1		AANG04004133.1	AANG04004133.1	NW_019367411.1
felCat9:chrUn_NW_019367412v1	chrUn_NW_019367412v1		AANG04001745.1	AANG04001745.1	NW_019367412.1
felCat9:chrUn_NW_019367413v1	chrUn_NW_019367413v1		AANG04000116.1	AANG04000116.1	NW_019367413.1
felCat9:chrUn_NW_019367414v1	chrUn_NW_019367414v1		AANG04002759.1	AANG04002759.1	NW_019367414.1
felCat9:chrUn_NW_019367415v1	chrUn_NW_019367415v1		AANG04004707.1	AANG04004707.1	NW_019367415.1
felCat9:chrUn_NW_019367416v1	chrUn_NW_019367416v1		AANG04000665.1	AANG04000665.1	NW_019367416.1
felCat9:chrUn_NW_019367417v1	chrUn_NW_019367417v1		AANG04002754.1	AANG04002754.1	NW_019367417.1
felCat9:chrUn_NW_019367418v1	chrUn_NW_019367418v1		AANG04003869.1	AANG04003869.1	NW_019367418.1
felCat9:chrUn_NW_019367419v1	chrUn_NW_019367419v1		AANG04000714.1	AANG04000714.1	NW_019367419.1
felCat9:chrUn_NW_019367420v1	chrUn_NW_019367420v1		AANG04004710.1	AANG04004710.1	NW_019367420.1
felCat9:chrUn_NW_019367421v1	chrUn_NW_019367421v1		AANG04002883.1	AANG04002883.1	NW_019367421.1
felCat9:chrUn_NW_019367422v1	chrUn_NW_019367422v1		AANG04004411.1	AANG04004411.1	NW_019367422.1
felCat9:chrUn_NW_019367423v1	chrUn_NW_019367423v1		AANG04001310.1	AANG04001310.1	NW_019367423.1
felCat9:chrUn_NW_019367424v1	chrUn_NW_019367424v1		AANG04003785.1	AANG04003785.1	NW_019367424.1
felCat9:chrUn_NW_019367425v1	chrUn_NW_019367425v1		AANG04003016.1	AANG04003016.1	NW_019367425.1
felCat9:chrUn_NW_019367426v1	chrUn_NW_019367426v1		AANG04000657.1	AANG04000657.1	NW_019367426.1
felCat9:chrUn_NW_019367427v1	chrUn_NW_019367427v1		AANG04000401.1	AANG04000401.1	NW_019367427.1
felCat9:chrUn_NW_019367428v1	chrUn_NW_019367428v1		AANG04000870.1	AANG04000870.1	NW_019367428.1
felCat9:chrUn_NW_019367429v1	chrUn_NW_019367429v1		AANG04001527.1	AANG04001527.1	NW_019367429.1
felCat9:chrUn_NW_019367430v1	chrUn_NW_019367430v1		AANG04004197.1	AANG04004197.1	NW_019367430.1
felCat9:chrUn_NW_019367431v1	chrUn_NW_019367431v1		AANG04001242.1	AANG04001242.1	NW_019367431.1
felCat9:chrUn_NW_019367432v1	chrUn_NW_019367432v1		AANG04003014.1	AANG04003014.1	NW_019367432.1
felCat9:chrUn_NW_019367433v1	chrUn_NW_019367433v1		AANG04001231.1	AANG04001231.1	NW_019367433.1
felCat9:chrUn_NW_019367434v1	chrUn_NW_019367434v1		AANG04000477.1	AANG04000477.1	NW_019367434.1
felCat9:chrUn_NW_019367435v1	chrUn_NW_019367435v1		AANG04000947.1	AANG04000947.1	NW_019367435.1
felCat9:chrUn_NW_019367436v1	chrUn_NW_019367436v1		AANG04001264.1	AANG04001264.1	NW_019367436.1
felCat9:chrUn_NW_019367437v1	chrUn_NW_019367437v1		AANG04003615.1	AANG04003615.1	NW_019367437.1
felCat9:chrUn_NW_019367438v1	chrUn_NW_019367438v1		AANG04000676.1	AANG04000676.1	NW_019367438.1
felCat9:chrUn_NW_019367439v1	chrUn_NW_019367439v1		AANG04000149.1	AANG04000149.1	NW_019367439.1
felCat9:chrUn_NW_019367440v1	chrUn_NW_019367440v1		AANG04003352.1	AANG04003352.1	NW_019367440.1
felCat9:chrUn_NW_019367441v1	chrUn_NW_019367441v1		AANG04002091.1	AANG04002091.1	NW_019367441.1
felCat9:chrUn_NW_019367442v1	chrUn_NW_019367442v1		AANG04003425.1	AANG04003425.1	NW_019367442.1
felCat9:chrUn_NW_019367443v1	chrUn_NW_019367443v1		AANG04003703.1	AANG04003703.1	NW_019367443.1
felCat9:chrUn_NW_019367444v1	chrUn_NW_019367444v1		AANG04000366.1	AANG04000366.1	NW_019367444.1
felCat9:chrUn_NW_019367445v1	chrUn_NW_019367445v1		AANG04000075.1	AANG04000075.1	NW_019367445.1
felCat9:chrUn_NW_019367446v1	chrUn_NW_019367446v1		AANG04001716.1	AANG04001716.1	NW_019367446.1
felCat9:chrUn_NW_019367447v1	chrUn_NW_019367447v1		AANG04004006.1	AANG04004006.1	NW_019367447.1
felCat9:chrUn_NW_019367448v1	chrUn_NW_019367448v1		AANG04001945.1	AANG04001945.1	NW_019367448.1
felCat9:chrUn_NW_019367449v1	chrUn_NW_019367449v1		AANG04001962.1	AANG04001962.1	NW_019367449.1
felCat9:chrUn_NW_019367450v1	chrUn_NW_019367450v1		AANG04004532.1	AANG04004532.1	NW_019367450.1
felCat9:chrUn_NW_019367451v1	chrUn_NW_019367451v1		AANG04000954.1	AANG04000954.1	NW_019367451.1
felCat9:chrUn_NW_019367452v1	chrUn_NW_019367452v1		AANG04002636.1	AANG04002636.1	NW_019367452.1
felCat9:chrUn_NW_019367453v1	chrUn_NW_019367453v1		AANG04000863.1	AANG04000863.1	NW_019367453.1
felCat9:chrUn_NW_019367454v1	chrUn_NW_019367454v1		AANG04003015.1	AANG04003015.1	NW_019367454.1
felCat9:chrUn_NW_019367455v1	chrUn_NW_019367455v1		AANG04004553.1	AANG04004553.1	NW_019367455.1
felCat9:chrUn_NW_019367456v1	chrUn_NW_019367456v1		AANG04000774.1	AANG04000774.1	NW_019367456.1
felCat9:chrUn_NW_019367457v1	chrUn_NW_019367457v1		AANG04000172.1	AANG04000172.1	NW_019367457.1
felCat9:chrUn_NW_019367458v1	chrUn_NW_019367458v1		AANG04002359.1	AANG04002359.1	NW_019367458.1
felCat9:chrUn_NW_019367459v1	chrUn_NW_019367459v1		AANG04003300.1	AANG04003300.1	NW_019367459.1
felCat9:chrUn_NW_019367460v1	chrUn_NW_019367460v1		AANG04002163.1	AANG04002163.1	NW_019367460.1
felCat9:chrUn_NW_019367461v1	chrUn_NW_019367461v1		AANG04000194.1	AANG04000194.1	NW_019367461.1
felCat9:chrUn_NW_019367462v1	chrUn_NW_019367462v1		AANG04003524.1	AANG04003524.1	NW_019367462.1
felCat9:chrUn_NW_019367463v1	chrUn_NW_019367463v1		AANG04002203.1	AANG04002203.1	NW_019367463.1
felCat9:chrUn_NW_019367464v1	chrUn_NW_019367464v1		AANG04001855.1	AANG04001855.1	NW_019367464.1
felCat9:chrUn_NW_019367465v1	chrUn_NW_019367465v1		AANG04004292.1	AANG04004292.1	NW_019367465.1
felCat9:chrUn_NW_019367466v1	chrUn_NW_019367466v1		AANG04003596.1	AANG04003596.1	NW_019367466.1
felCat9:chrUn_NW_019367467v1	chrUn_NW_019367467v1		AANG04004613.1	AANG04004613.1	NW_019367467.1
felCat9:chrUn_NW_019367468v1	chrUn_NW_019367468v1		AANG04004576.1	AANG04004576.1	NW_019367468.1
felCat9:chrUn_NW_019367469v1	chrUn_NW_019367469v1		AANG04001702.1	AANG04001702.1	NW_019367469.1
felCat9:chrUn_NW_019367470v1	chrUn_NW_019367470v1		AANG04001410.1	AANG04001410.1	NW_019367470.1
felCat9:chrUn_NW_019367471v1	chrUn_NW_019367471v1		AANG04003065.1	AANG04003065.1	NW_019367471.1
felCat9:chrUn_NW_019367472v1	chrUn_NW_019367472v1		AANG04000819.1	AANG04000819.1	NW_019367472.1
felCat9:chrUn_NW_019367473v1	chrUn_NW_019367473v1		AANG04002842.1	AANG04002842.1	NW_019367473.1
felCat9:chrUn_NW_019367474v1	chrUn_NW_019367474v1		AANG04003095.1	AANG04003095.1	NW_019367474.1
felCat9:chrUn_NW_019367475v1	chrUn_NW_019367475v1		AANG04000350.1	AANG04000350.1	NW_019367475.1
felCat9:chrUn_NW_019367476v1	chrUn_NW_019367476v1		AANG04001931.1	AANG04001931.1	NW_019367476.1
felCat9:chrUn_NW_019367477v1	chrUn_NW_019367477v1		AANG04000435.1	AANG04000435.1	NW_019367477.1
felCat9:chrUn_NW_019367478v1	chrUn_NW_019367478v1		AANG04001148.1	AANG04001148.1	NW_019367478.1
felCat9:chrUn_NW_019367479v1	chrUn_NW_019367479v1		AANG04002875.1	AANG04002875.1	NW_019367479.1
felCat9:chrUn_NW_019367480v1	chrUn_NW_019367480v1		AANG04001368.1	AANG04001368.1	NW_019367480.1
felCat9:chrUn_NW_019367481v1	chrUn_NW_019367481v1		AANG04000256.1	AANG04000256.1	NW_019367481.1
felCat9:chrUn_NW_019367482v1	chrUn_NW_019367482v1		AANG04003938.1	AANG04003938.1	NW_019367482.1
felCat9:chrUn_NW_019367483v1	chrUn_NW_019367483v1		AANG04001194.1	AANG04001194.1	NW_019367483.1
felCat9:chrUn_NW_019367484v1	chrUn_NW_019367484v1		AANG04001416.1	AANG04001416.1	NW_019367484.1
felCat9:chrUn_NW_019367485v1	chrUn_NW_019367485v1		AANG04000601.1	AANG04000601.1	NW_019367485.1
felCat9:chrUn_NW_019367486v1	chrUn_NW_019367486v1		AANG04000850.1	AANG04000850.1	NW_019367486.1
felCat9:chrUn_NW_019367487v1	chrUn_NW_019367487v1		AANG04002680.1	AANG04002680.1	NW_019367487.1
felCat9:chrUn_NW_019367488v1	chrUn_NW_019367488v1		AANG04002342.1	AANG04002342.1	NW_019367488.1
felCat9:chrUn_NW_019367489v1	chrUn_NW_019367489v1		AANG04004451.1	AANG04004451.1	NW_019367489.1
felCat9:chrUn_NW_019367490v1	chrUn_NW_019367490v1		AANG04002026.1	AANG04002026.1	NW_019367490.1
felCat9:chrUn_NW_019367491v1	chrUn_NW_019367491v1		AANG04000820.1	AANG04000820.1	NW_019367491.1
felCat9:chrUn_NW_019367492v1	chrUn_NW_019367492v1		AANG04000081.1	AANG04000081.1	NW_019367492.1
felCat9:chrUn_NW_019367493v1	chrUn_NW_019367493v1		AANG04001824.1	AANG04001824.1	NW_019367493.1
felCat9:chrUn_NW_019367494v1	chrUn_NW_019367494v1		AANG04003292.1	AANG04003292.1	NW_019367494.1
felCat9:chrUn_NW_019367495v1	chrUn_NW_019367495v1		AANG04003626.1	AANG04003626.1	NW_019367495.1
felCat9:chrUn_NW_019367496v1	chrUn_NW_019367496v1		AANG04000763.1	AANG04000763.1	NW_019367496.1
felCat9:chrUn_NW_019367497v1	chrUn_NW_019367497v1		AANG04001956.1	AANG04001956.1	NW_019367497.1
felCat9:chrUn_NW_019367498v1	chrUn_NW_019367498v1		AANG04003523.1	AANG04003523.1	NW_019367498.1
felCat9:chrUn_NW_019367499v1	chrUn_NW_019367499v1		AANG04000730.1	AANG04000730.1	NW_019367499.1
felCat9:chrUn_NW_019367500v1	chrUn_NW_019367500v1		AANG04000616.1	AANG04000616.1	NW_019367500.1
felCat9:chrUn_NW_019367501v1	chrUn_NW_019367501v1		AANG04000200.1	AANG04000200.1	NW_019367501.1
felCat9:chrUn_NW_019367502v1	chrUn_NW_019367502v1		AANG04001362.1	AANG04001362.1	NW_019367502.1
felCat9:chrUn_NW_019367503v1	chrUn_NW_019367503v1		AANG04000006.1	AANG04000006.1	NW_019367503.1
felCat9:chrUn_NW_019367504v1	chrUn_NW_019367504v1		AANG04000839.1	AANG04000839.1	NW_019367504.1
felCat9:chrUn_NW_019367505v1	chrUn_NW_019367505v1		AANG04003943.1	AANG04003943.1	NW_019367505.1
felCat9:chrUn_NW_019367506v1	chrUn_NW_019367506v1		AANG04000123.1	AANG04000123.1	NW_019367506.1
felCat9:chrUn_NW_019367507v1	chrUn_NW_019367507v1		AANG04002738.1	AANG04002738.1	NW_019367507.1
felCat9:chrUn_NW_019367508v1	chrUn_NW_019367508v1		AANG04002407.1	AANG04002407.1	NW_019367508.1
felCat9:chrUn_NW_019367509v1	chrUn_NW_019367509v1		AANG04004093.1	AANG04004093.1	NW_019367509.1
felCat9:chrUn_NW_019367510v1	chrUn_NW_019367510v1		AANG04004240.1	AANG04004240.1	NW_019367510.1
felCat9:chrUn_NW_019367511v1	chrUn_NW_019367511v1		AANG04004568.1	AANG04004568.1	NW_019367511.1
felCat9:chrUn_NW_019367512v1	chrUn_NW_019367512v1		AANG04000528.1	AANG04000528.1	NW_019367512.1
felCat9:chrUn_NW_019367513v1	chrUn_NW_019367513v1		AANG04003878.1	AANG04003878.1	NW_019367513.1
felCat9:chrUn_NW_019367514v1	chrUn_NW_019367514v1		AANG04000294.1	AANG04000294.1	NW_019367514.1
felCat9:chrUn_NW_019367515v1	chrUn_NW_019367515v1		AANG04001227.1	AANG04001227.1	NW_019367515.1
felCat9:chrUn_NW_019367516v1	chrUn_NW_019367516v1		AANG04001056.1	AANG04001056.1	NW_019367516.1
felCat9:chrUn_NW_019367517v1	chrUn_NW_019367517v1		AANG04002012.1	AANG04002012.1	NW_019367517.1
felCat9:chrUn_NW_019367518v1	chrUn_NW_019367518v1		AANG04002251.1	AANG04002251.1	NW_019367518.1
felCat9:chrUn_NW_019367519v1	chrUn_NW_019367519v1		AANG04000966.1	AANG04000966.1	NW_019367519.1
felCat9:chrUn_NW_019367520v1	chrUn_NW_019367520v1		AANG04000927.1	AANG04000927.1	NW_019367520.1
felCat9:chrUn_NW_019367521v1	chrUn_NW_019367521v1		AANG04004183.1	AANG04004183.1	NW_019367521.1
felCat9:chrUn_NW_019367522v1	chrUn_NW_019367522v1		AANG04003391.1	AANG04003391.1	NW_019367522.1
felCat9:chrUn_NW_019367523v1	chrUn_NW_019367523v1		AANG04004306.1	AANG04004306.1	NW_019367523.1
felCat9:chrUn_NW_019367524v1	chrUn_NW_019367524v1		AANG04003418.1	AANG04003418.1	NW_019367524.1
felCat9:chrUn_NW_019367525v1	chrUn_NW_019367525v1		AANG04001792.1	AANG04001792.1	NW_019367525.1
felCat9:chrUn_NW_019367526v1	chrUn_NW_019367526v1		AANG04004423.1	AANG04004423.1	NW_019367526.1
felCat9:chrUn_NW_019367527v1	chrUn_NW_019367527v1		AANG04002590.1	AANG04002590.1	NW_019367527.1
felCat9:chrUn_NW_019367528v1	chrUn_NW_019367528v1		AANG04002262.1	AANG04002262.1	NW_019367528.1
felCat9:chrUn_NW_019367529v1	chrUn_NW_019367529v1		AANG04002881.1	AANG04002881.1	NW_019367529.1
felCat9:chrUn_NW_019367530v1	chrUn_NW_019367530v1		AANG04004404.1	AANG04004404.1	NW_019367530.1
felCat9:chrUn_NW_019367531v1	chrUn_NW_019367531v1		AANG04004302.1	AANG04004302.1	NW_019367531.1
felCat9:chrUn_NW_019367532v1	chrUn_NW_019367532v1		AANG04002935.1	AANG04002935.1	NW_019367532.1
felCat9:chrUn_NW_019367533v1	chrUn_NW_019367533v1		AANG04001862.1	AANG04001862.1	NW_019367533.1
felCat9:chrUn_NW_019367534v1	chrUn_NW_019367534v1		AANG04001714.1	AANG04001714.1	NW_019367534.1
felCat9:chrUn_NW_019367535v1	chrUn_NW_019367535v1		AANG04001551.1	AANG04001551.1	NW_019367535.1
felCat9:chrUn_NW_019367536v1	chrUn_NW_019367536v1		AANG04003635.1	AANG04003635.1	NW_019367536.1
felCat9:chrUn_NW_019367537v1	chrUn_NW_019367537v1		AANG04002971.1	AANG04002971.1	NW_019367537.1
felCat9:chrUn_NW_019367538v1	chrUn_NW_019367538v1		AANG04004171.1	AANG04004171.1	NW_019367538.1
felCat9:chrUn_NW_019367539v1	chrUn_NW_019367539v1		AANG04003855.1	AANG04003855.1	NW_019367539.1
felCat9:chrUn_NW_019367540v1	chrUn_NW_019367540v1		AANG04000290.1	AANG04000290.1	NW_019367540.1
felCat9:chrUn_NW_019367541v1	chrUn_NW_019367541v1		AANG04000332.1	AANG04000332.1	NW_019367541.1
felCat9:chrUn_NW_019367542v1	chrUn_NW_019367542v1		AANG04002527.1	AANG04002527.1	NW_019367542.1
felCat9:chrUn_NW_019367543v1	chrUn_NW_019367543v1		AANG04004040.1	AANG04004040.1	NW_019367543.1
felCat9:chrUn_NW_019367544v1	chrUn_NW_019367544v1		AANG04000324.1	AANG04000324.1	NW_019367544.1
felCat9:chrUn_NW_019367545v1	chrUn_NW_019367545v1		AANG04001920.1	AANG04001920.1	NW_019367545.1
felCat9:chrUn_NW_019367546v1	chrUn_NW_019367546v1		AANG04003964.1	AANG04003964.1	NW_019367546.1
felCat9:chrUn_NW_019367547v1	chrUn_NW_019367547v1		AANG04003389.1	AANG04003389.1	NW_019367547.1
felCat9:chrUn_NW_019367548v1	chrUn_NW_019367548v1		AANG04000881.1	AANG04000881.1	NW_019367548.1
felCat9:chrUn_NW_019367549v1	chrUn_NW_019367549v1		AANG04002492.1	AANG04002492.1	NW_019367549.1
felCat9:chrUn_NW_019367550v1	chrUn_NW_019367550v1		AANG04002860.1	AANG04002860.1	NW_019367550.1
felCat9:chrUn_NW_019367551v1	chrUn_NW_019367551v1		AANG04000377.1	AANG04000377.1	NW_019367551.1
felCat9:chrUn_NW_019367552v1	chrUn_NW_019367552v1		AANG04000814.1	AANG04000814.1	NW_019367552.1
felCat9:chrUn_NW_019367553v1	chrUn_NW_019367553v1		AANG04000077.1	AANG04000077.1	NW_019367553.1
felCat9:chrUn_NW_019367554v1	chrUn_NW_019367554v1		AANG04000465.1	AANG04000465.1	NW_019367554.1
felCat9:chrUn_NW_019367555v1	chrUn_NW_019367555v1		AANG04001412.1	AANG04001412.1	NW_019367555.1
felCat9:chrUn_NW_019367556v1	chrUn_NW_019367556v1		AANG04000381.1	AANG04000381.1	NW_019367556.1
felCat9:chrUn_NW_019367557v1	chrUn_NW_019367557v1		AANG04001235.1	AANG04001235.1	NW_019367557.1
felCat9:chrUn_NW_019367558v1	chrUn_NW_019367558v1		AANG04002721.1	AANG04002721.1	NW_019367558.1
felCat9:chrUn_NW_019367559v1	chrUn_NW_019367559v1		AANG04003431.1	AANG04003431.1	NW_019367559.1
felCat9:chrUn_NW_019367560v1	chrUn_NW_019367560v1		AANG04002192.1	AANG04002192.1	NW_019367560.1
felCat9:chrUn_NW_019367561v1	chrUn_NW_019367561v1		AANG04004301.1	AANG04004301.1	NW_019367561.1
felCat9:chrUn_NW_019367562v1	chrUn_NW_019367562v1		AANG04004406.1	AANG04004406.1	NW_019367562.1
felCat9:chrUn_NW_019367563v1	chrUn_NW_019367563v1		AANG04002268.1	AANG04002268.1	NW_019367563.1
felCat9:chrUn_NW_019367564v1	chrUn_NW_019367564v1		AANG04000283.1	AANG04000283.1	NW_019367564.1
felCat9:chrUn_NW_019367565v1	chrUn_NW_019367565v1		AANG04003692.1	AANG04003692.1	NW_019367565.1
felCat9:chrUn_NW_019367566v1	chrUn_NW_019367566v1		AANG04002448.1	AANG04002448.1	NW_019367566.1
felCat9:chrUn_NW_019367567v1	chrUn_NW_019367567v1		AANG04001225.1	AANG04001225.1	NW_019367567.1
felCat9:chrUn_NW_019367568v1	chrUn_NW_019367568v1		AANG04004417.1	AANG04004417.1	NW_019367568.1
felCat9:chrUn_NW_019367569v1	chrUn_NW_019367569v1		AANG04000896.1	AANG04000896.1	NW_019367569.1
felCat9:chrUn_NW_019367570v1	chrUn_NW_019367570v1		AANG04002851.1	AANG04002851.1	NW_019367570.1
felCat9:chrUn_NW_019367571v1	chrUn_NW_019367571v1		AANG04000691.1	AANG04000691.1	NW_019367571.1
felCat9:chrUn_NW_019367572v1	chrUn_NW_019367572v1		AANG04002410.1	AANG04002410.1	NW_019367572.1
felCat9:chrUn_NW_019367573v1	chrUn_NW_019367573v1		AANG04001183.1	AANG04001183.1	NW_019367573.1
felCat9:chrUn_NW_019367574v1	chrUn_NW_019367574v1		AANG04004341.1	AANG04004341.1	NW_019367574.1
felCat9:chrUn_NW_019367575v1	chrUn_NW_019367575v1		AANG04002194.1	AANG04002194.1	NW_019367575.1
felCat9:chrUn_NW_019367576v1	chrUn_NW_019367576v1		AANG04000628.1	AANG04000628.1	NW_019367576.1
felCat9:chrUn_NW_019367577v1	chrUn_NW_019367577v1		AANG04001245.1	AANG04001245.1	NW_019367577.1
felCat9:chrUn_NW_019367578v1	chrUn_NW_019367578v1		AANG04002569.1	AANG04002569.1	NW_019367578.1
felCat9:chrUn_NW_019367579v1	chrUn_NW_019367579v1		AANG04000443.1	AANG04000443.1	NW_019367579.1
felCat9:chrUn_NW_019367580v1	chrUn_NW_019367580v1		AANG04001219.1	AANG04001219.1	NW_019367580.1
felCat9:chrUn_NW_019367581v1	chrUn_NW_019367581v1		AANG04003041.1	AANG04003041.1	NW_019367581.1
felCat9:chrUn_NW_019367582v1	chrUn_NW_019367582v1		AANG04000091.1	AANG04000091.1	NW_019367582.1
felCat9:chrUn_NW_019367583v1	chrUn_NW_019367583v1		AANG04001120.1	AANG04001120.1	NW_019367583.1
felCat9:chrUn_NW_019367584v1	chrUn_NW_019367584v1		AANG04001257.1	AANG04001257.1	NW_019367584.1
felCat9:chrUn_NW_019367585v1	chrUn_NW_019367585v1		AANG04001428.1	AANG04001428.1	NW_019367585.1
felCat9:chrUn_NW_019367586v1	chrUn_NW_019367586v1		AANG04004483.1	AANG04004483.1	NW_019367586.1
felCat9:chrUn_NW_019367587v1	chrUn_NW_019367587v1		AANG04001829.1	AANG04001829.1	NW_019367587.1
felCat9:chrUn_NW_019367588v1	chrUn_NW_019367588v1		AANG04003731.1	AANG04003731.1	NW_019367588.1
felCat9:chrUn_NW_019367589v1	chrUn_NW_019367589v1		AANG04001769.1	AANG04001769.1	NW_019367589.1
felCat9:chrUn_NW_019367590v1	chrUn_NW_019367590v1		AANG04004217.1	AANG04004217.1	NW_019367590.1
felCat9:chrUn_NW_019367591v1	chrUn_NW_019367591v1		AANG04003968.1	AANG04003968.1	NW_019367591.1
felCat9:chrUn_NW_019367592v1	chrUn_NW_019367592v1		AANG04001652.1	AANG04001652.1	NW_019367592.1
felCat9:chrUn_NW_019367593v1	chrUn_NW_019367593v1		AANG04003949.1	AANG04003949.1	NW_019367593.1
felCat9:chrUn_NW_019367594v1	chrUn_NW_019367594v1		AANG04000147.1	AANG04000147.1	NW_019367594.1
felCat9:chrUn_NW_019367595v1	chrUn_NW_019367595v1		AANG04004668.1	AANG04004668.1	NW_019367595.1
felCat9:chrUn_NW_019367596v1	chrUn_NW_019367596v1		AANG04003651.1	AANG04003651.1	NW_019367596.1
felCat9:chrUn_NW_019367597v1	chrUn_NW_019367597v1		AANG04003810.1	AANG04003810.1	NW_019367597.1
felCat9:chrUn_NW_019367598v1	chrUn_NW_019367598v1		AANG04000193.1	AANG04000193.1	NW_019367598.1
felCat9:chrUn_NW_019367599v1	chrUn_NW_019367599v1		AANG04001026.1	AANG04001026.1	NW_019367599.1
felCat9:chrUn_NW_019367600v1	chrUn_NW_019367600v1		AANG04002693.1	AANG04002693.1	NW_019367600.1
felCat9:chrUn_NW_019367601v1	chrUn_NW_019367601v1		AANG04003280.1	AANG04003280.1	NW_019367601.1
felCat9:chrUn_NW_019367602v1	chrUn_NW_019367602v1		AANG04001269.1	AANG04001269.1	NW_019367602.1
felCat9:chrUn_NW_019367603v1	chrUn_NW_019367603v1		AANG04001004.1	AANG04001004.1	NW_019367603.1
felCat9:chrUn_NW_019367604v1	chrUn_NW_019367604v1		AANG04000107.1	AANG04000107.1	NW_019367604.1
felCat9:chrUn_NW_019367605v1	chrUn_NW_019367605v1		AANG04003674.1	AANG04003674.1	NW_019367605.1
felCat9:chrUn_NW_019367606v1	chrUn_NW_019367606v1		AANG04002483.1	AANG04002483.1	NW_019367606.1
felCat9:chrUn_NW_019367607v1	chrUn_NW_019367607v1		AANG04000957.1	AANG04000957.1	NW_019367607.1
felCat9:chrUn_NW_019367608v1	chrUn_NW_019367608v1		AANG04001799.1	AANG04001799.1	NW_019367608.1
felCat9:chrUn_NW_019367609v1	chrUn_NW_019367609v1		AANG04002115.1	AANG04002115.1	NW_019367609.1
felCat9:chrUn_NW_019367610v1	chrUn_NW_019367610v1		AANG04003568.1	AANG04003568.1	NW_019367610.1
felCat9:chrUn_NW_019367611v1	chrUn_NW_019367611v1		AANG04002558.1	AANG04002558.1	NW_019367611.1
felCat9:chrUn_NW_019367612v1	chrUn_NW_019367612v1		AANG04001461.1	AANG04001461.1	NW_019367612.1
felCat9:chrUn_NW_019367613v1	chrUn_NW_019367613v1		AANG04001753.1	AANG04001753.1	NW_019367613.1
felCat9:chrUn_NW_019367614v1	chrUn_NW_019367614v1		AANG04002058.1	AANG04002058.1	NW_019367614.1
felCat9:chrUn_NW_019367615v1	chrUn_NW_019367615v1		AANG04000446.1	AANG04000446.1	NW_019367615.1
felCat9:chrUn_NW_019367616v1	chrUn_NW_019367616v1		AANG04004164.1	AANG04004164.1	NW_019367616.1
felCat9:chrUn_NW_019367617v1	chrUn_NW_019367617v1		AANG04001489.1	AANG04001489.1	NW_019367617.1
felCat9:chrUn_NW_019367618v1	chrUn_NW_019367618v1		AANG04002651.1	AANG04002651.1	NW_019367618.1
felCat9:chrUn_NW_019367619v1	chrUn_NW_019367619v1		AANG04002989.1	AANG04002989.1	NW_019367619.1
felCat9:chrUn_NW_019367620v1	chrUn_NW_019367620v1		AANG04001966.1	AANG04001966.1	NW_019367620.1
felCat9:chrUn_NW_019367621v1	chrUn_NW_019367621v1		AANG04000636.1	AANG04000636.1	NW_019367621.1
felCat9:chrUn_NW_019367622v1	chrUn_NW_019367622v1		AANG04003716.1	AANG04003716.1	NW_019367622.1
felCat9:chrUn_NW_019367623v1	chrUn_NW_019367623v1		AANG04001536.1	AANG04001536.1	NW_019367623.1
felCat9:chrUn_NW_019367624v1	chrUn_NW_019367624v1		AANG04001804.1	AANG04001804.1	NW_019367624.1
felCat9:chrUn_NW_019367625v1	chrUn_NW_019367625v1		AANG04001313.1	AANG04001313.1	NW_019367625.1
felCat9:chrUn_NW_019367626v1	chrUn_NW_019367626v1		AANG04000938.1	AANG04000938.1	NW_019367626.1
felCat9:chrUn_NW_019367627v1	chrUn_NW_019367627v1		AANG04004290.1	AANG04004290.1	NW_019367627.1
felCat9:chrUn_NW_019367628v1	chrUn_NW_019367628v1		AANG04000492.1	AANG04000492.1	NW_019367628.1
felCat9:chrUn_NW_019367629v1	chrUn_NW_019367629v1		AANG04003197.1	AANG04003197.1	NW_019367629.1
felCat9:chrUn_NW_019367630v1	chrUn_NW_019367630v1		AANG04002812.1	AANG04002812.1	NW_019367630.1
felCat9:chrUn_NW_019367631v1	chrUn_NW_019367631v1		AANG04000158.1	AANG04000158.1	NW_019367631.1
felCat9:chrUn_NW_019367632v1	chrUn_NW_019367632v1		AANG04004271.1	AANG04004271.1	NW_019367632.1
felCat9:chrUn_NW_019367633v1	chrUn_NW_019367633v1		AANG04004424.1	AANG04004424.1	NW_019367633.1
felCat9:chrUn_NW_019367634v1	chrUn_NW_019367634v1		AANG04001185.1	AANG04001185.1	NW_019367634.1
felCat9:chrUn_NW_019367635v1	chrUn_NW_019367635v1		AANG04001948.1	AANG04001948.1	NW_019367635.1
felCat9:chrUn_NW_019367636v1	chrUn_NW_019367636v1		AANG04002786.1	AANG04002786.1	NW_019367636.1
felCat9:chrUn_NW_019367637v1	chrUn_NW_019367637v1		AANG04002977.1	AANG04002977.1	NW_019367637.1
felCat9:chrUn_NW_019367638v1	chrUn_NW_019367638v1		AANG04001015.1	AANG04001015.1	NW_019367638.1
felCat9:chrUn_NW_019367639v1	chrUn_NW_019367639v1		AANG04001154.1	AANG04001154.1	NW_019367639.1
felCat9:chrUn_NW_019367640v1	chrUn_NW_019367640v1		AANG04002201.1	AANG04002201.1	NW_019367640.1
felCat9:chrUn_NW_019367641v1	chrUn_NW_019367641v1		AANG04002142.1	AANG04002142.1	NW_019367641.1
felCat9:chrUn_NW_019367642v1	chrUn_NW_019367642v1		AANG04001135.1	AANG04001135.1	NW_019367642.1
felCat9:chrUn_NW_019367643v1	chrUn_NW_019367643v1		AANG04001919.1	AANG04001919.1	NW_019367643.1
felCat9:chrUn_NW_019367644v1	chrUn_NW_019367644v1		AANG04003640.1	AANG04003640.1	NW_019367644.1
felCat9:chrUn_NW_019367645v1	chrUn_NW_019367645v1		AANG04002189.1	AANG04002189.1	NW_019367645.1
felCat9:chrUn_NW_019367646v1	chrUn_NW_019367646v1		AANG04003414.1	AANG04003414.1	NW_019367646.1
felCat9:chrUn_NW_019367647v1	chrUn_NW_019367647v1		AANG04004415.1	AANG04004415.1	NW_019367647.1
felCat9:chrUn_NW_019367648v1	chrUn_NW_019367648v1		AANG04003340.1	AANG04003340.1	NW_019367648.1
felCat9:chrUn_NW_019367649v1	chrUn_NW_019367649v1		AANG04000988.1	AANG04000988.1	NW_019367649.1
felCat9:chrUn_NW_019367650v1	chrUn_NW_019367650v1		AANG04004635.1	AANG04004635.1	NW_019367650.1
felCat9:chrUn_NW_019367651v1	chrUn_NW_019367651v1		AANG04003312.1	AANG04003312.1	NW_019367651.1
felCat9:chrUn_NW_019367652v1	chrUn_NW_019367652v1		AANG04003926.1	AANG04003926.1	NW_019367652.1
felCat9:chrUn_NW_019367653v1	chrUn_NW_019367653v1		AANG04001809.1	AANG04001809.1	NW_019367653.1
felCat9:chrUn_NW_019367654v1	chrUn_NW_019367654v1		AANG04000365.1	AANG04000365.1	NW_019367654.1
felCat9:chrUn_NW_019367655v1	chrUn_NW_019367655v1		AANG04002259.1	AANG04002259.1	NW_019367655.1
felCat9:chrUn_NW_019367656v1	chrUn_NW_019367656v1		AANG04000809.1	AANG04000809.1	NW_019367656.1
felCat9:chrUn_NW_019367657v1	chrUn_NW_019367657v1		AANG04001747.1	AANG04001747.1	NW_019367657.1
felCat9:chrUn_NW_019367658v1	chrUn_NW_019367658v1		AANG04001765.1	AANG04001765.1	NW_019367658.1
felCat9:chrUn_NW_019367659v1	chrUn_NW_019367659v1		AANG04004021.1	AANG04004021.1	NW_019367659.1
felCat9:chrUn_NW_019367660v1	chrUn_NW_019367660v1		AANG04001459.1	AANG04001459.1	NW_019367660.1
felCat9:chrUn_NW_019367661v1	chrUn_NW_019367661v1		AANG04001715.1	AANG04001715.1	NW_019367661.1
felCat9:chrUn_NW_019367662v1	chrUn_NW_019367662v1		AANG04003122.1	AANG04003122.1	NW_019367662.1
felCat9:chrUn_NW_019367663v1	chrUn_NW_019367663v1		AANG04004098.1	AANG04004098.1	NW_019367663.1
felCat9:chrUn_NW_019367664v1	chrUn_NW_019367664v1		AANG04004235.1	AANG04004235.1	NW_019367664.1
felCat9:chrUn_NW_019367665v1	chrUn_NW_019367665v1		AANG04001259.1	AANG04001259.1	NW_019367665.1
felCat9:chrUn_NW_019367666v1	chrUn_NW_019367666v1		AANG04004524.1	AANG04004524.1	NW_019367666.1
felCat9:chrUn_NW_019367667v1	chrUn_NW_019367667v1		AANG04003287.1	AANG04003287.1	NW_019367667.1
felCat9:chrUn_NW_019367668v1	chrUn_NW_019367668v1		AANG04004663.1	AANG04004663.1	NW_019367668.1
felCat9:chrUn_NW_019367669v1	chrUn_NW_019367669v1		AANG04001318.1	AANG04001318.1	NW_019367669.1
felCat9:chrUn_NW_019367670v1	chrUn_NW_019367670v1		AANG04002344.1	AANG04002344.1	NW_019367670.1
felCat9:chrUn_NW_019367671v1	chrUn_NW_019367671v1		AANG04001376.1	AANG04001376.1	NW_019367671.1
felCat9:chrUn_NW_019367672v1	chrUn_NW_019367672v1		AANG04000900.1	AANG04000900.1	NW_019367672.1
felCat9:chrUn_NW_019367673v1	chrUn_NW_019367673v1		AANG04002044.1	AANG04002044.1	NW_019367673.1
felCat9:chrUn_NW_019367674v1	chrUn_NW_019367674v1		AANG04002018.1	AANG04002018.1	NW_019367674.1
felCat9:chrUn_NW_019367675v1	chrUn_NW_019367675v1		AANG04004612.1	AANG04004612.1	NW_019367675.1
felCat9:chrUn_NW_019367676v1	chrUn_NW_019367676v1		AANG04002991.1	AANG04002991.1	NW_019367676.1
felCat9:chrUn_NW_019367677v1	chrUn_NW_019367677v1		AANG04001017.1	AANG04001017.1	NW_019367677.1
felCat9:chrUn_NW_019367678v1	chrUn_NW_019367678v1		AANG04000311.1	AANG04000311.1	NW_019367678.1
felCat9:chrUn_NW_019367679v1	chrUn_NW_019367679v1		AANG04003702.1	AANG04003702.1	NW_019367679.1
felCat9:chrUn_NW_019367680v1	chrUn_NW_019367680v1		AANG04000593.1	AANG04000593.1	NW_019367680.1
felCat9:chrUn_NW_019367681v1	chrUn_NW_019367681v1		AANG04004706.1	AANG04004706.1	NW_019367681.1
felCat9:chrUn_NW_019367682v1	chrUn_NW_019367682v1		AANG04002592.1	AANG04002592.1	NW_019367682.1
felCat9:chrUn_NW_019367683v1	chrUn_NW_019367683v1		AANG04003266.1	AANG04003266.1	NW_019367683.1
felCat9:chrUn_NW_019367684v1	chrUn_NW_019367684v1		AANG04000883.1	AANG04000883.1	NW_019367684.1
felCat9:chrUn_NW_019367685v1	chrUn_NW_019367685v1		AANG04001940.1	AANG04001940.1	NW_019367685.1
felCat9:chrUn_NW_019367686v1	chrUn_NW_019367686v1		AANG04004315.1	AANG04004315.1	NW_019367686.1
felCat9:chrUn_NW_019367687v1	chrUn_NW_019367687v1		AANG04003450.1	AANG04003450.1	NW_019367687.1
felCat9:chrUn_NW_019367688v1	chrUn_NW_019367688v1		AANG04000272.1	AANG04000272.1	NW_019367688.1
felCat9:chrUn_NW_019367689v1	chrUn_NW_019367689v1		AANG04002063.1	AANG04002063.1	NW_019367689.1
felCat9:chrUn_NW_019367690v1	chrUn_NW_019367690v1		AANG04000742.1	AANG04000742.1	NW_019367690.1
felCat9:chrUn_NW_019367691v1	chrUn_NW_019367691v1		AANG04002384.1	AANG04002384.1	NW_019367691.1
felCat9:chrUn_NW_019367692v1	chrUn_NW_019367692v1		AANG04000388.1	AANG04000388.1	NW_019367692.1
felCat9:chrUn_NW_019367693v1	chrUn_NW_019367693v1		AANG04002725.1	AANG04002725.1	NW_019367693.1
felCat9:chrUn_NW_019367694v1	chrUn_NW_019367694v1		AANG04000652.1	AANG04000652.1	NW_019367694.1
felCat9:chrUn_NW_019367695v1	chrUn_NW_019367695v1		AANG04001068.1	AANG04001068.1	NW_019367695.1
felCat9:chrUn_NW_019367696v1	chrUn_NW_019367696v1		AANG04001684.1	AANG04001684.1	NW_019367696.1
felCat9:chrUn_NW_019367697v1	chrUn_NW_019367697v1		AANG04001349.1	AANG04001349.1	NW_019367697.1
felCat9:chrUn_NW_019367698v1	chrUn_NW_019367698v1		AANG04003930.1	AANG04003930.1	NW_019367698.1
felCat9:chrUn_NW_019367699v1	chrUn_NW_019367699v1		AANG04003510.1	AANG04003510.1	NW_019367699.1
felCat9:chrUn_NW_019367700v1	chrUn_NW_019367700v1		AANG04004296.1	AANG04004296.1	NW_019367700.1
felCat9:chrUn_NW_019367701v1	chrUn_NW_019367701v1		AANG04001020.1	AANG04001020.1	NW_019367701.1
felCat9:chrUn_NW_019367702v1	chrUn_NW_019367702v1		AANG04002676.1	AANG04002676.1	NW_019367702.1
felCat9:chrUn_NW_019367703v1	chrUn_NW_019367703v1		AANG04004645.1	AANG04004645.1	NW_019367703.1
felCat9:chrUn_NW_019367704v1	chrUn_NW_019367704v1		AANG04000346.1	AANG04000346.1	NW_019367704.1
felCat9:chrUn_NW_019367705v1	chrUn_NW_019367705v1		AANG04004294.1	AANG04004294.1	NW_019367705.1
felCat9:chrUn_NW_019367706v1	chrUn_NW_019367706v1		AANG04000641.1	AANG04000641.1	NW_019367706.1
felCat9:chrUn_NW_019367707v1	chrUn_NW_019367707v1		AANG04000561.1	AANG04000561.1	NW_019367707.1
felCat9:chrUn_NW_019367708v1	chrUn_NW_019367708v1		AANG04003931.1	AANG04003931.1	NW_019367708.1
felCat9:chrUn_NW_019367709v1	chrUn_NW_019367709v1		AANG04003853.1	AANG04003853.1	NW_019367709.1
felCat9:chrUn_NW_019367710v1	chrUn_NW_019367710v1		AANG04004692.1	AANG04004692.1	NW_019367710.1
felCat9:chrUn_NW_019367711v1	chrUn_NW_019367711v1		AANG04002919.1	AANG04002919.1	NW_019367711.1
felCat9:chrUn_NW_019367712v1	chrUn_NW_019367712v1		AANG04002179.1	AANG04002179.1	NW_019367712.1
felCat9:chrUn_NW_019367713v1	chrUn_NW_019367713v1		AANG04001493.1	AANG04001493.1	NW_019367713.1
felCat9:chrUn_NW_019367714v1	chrUn_NW_019367714v1		AANG04003489.1	AANG04003489.1	NW_019367714.1
felCat9:chrUn_NW_019367715v1	chrUn_NW_019367715v1		AANG04002624.1	AANG04002624.1	NW_019367715.1
felCat9:chrUn_NW_019367716v1	chrUn_NW_019367716v1		AANG04002084.1	AANG04002084.1	NW_019367716.1
felCat9:chrUn_NW_019367717v1	chrUn_NW_019367717v1		AANG04002004.1	AANG04002004.1	NW_019367717.1
felCat9:chrUn_NW_019367718v1	chrUn_NW_019367718v1		AANG04003602.1	AANG04003602.1	NW_019367718.1
felCat9:chrUn_NW_019367719v1	chrUn_NW_019367719v1		AANG04001103.1	AANG04001103.1	NW_019367719.1
felCat9:chrUn_NW_019367720v1	chrUn_NW_019367720v1		AANG04003106.1	AANG04003106.1	NW_019367720.1
felCat9:chrUn_NW_019367721v1	chrUn_NW_019367721v1		AANG04002972.1	AANG04002972.1	NW_019367721.1
felCat9:chrUn_NW_019367722v1	chrUn_NW_019367722v1		AANG04003990.1	AANG04003990.1	NW_019367722.1
felCat9:chrUn_NW_019367723v1	chrUn_NW_019367723v1		AANG04003955.1	AANG04003955.1	NW_019367723.1
felCat9:chrUn_NW_019367724v1	chrUn_NW_019367724v1		AANG04000345.1	AANG04000345.1	NW_019367724.1
felCat9:chrUn_NW_019367725v1	chrUn_NW_019367725v1		AANG04001618.1	AANG04001618.1	NW_019367725.1
felCat9:chrUn_NW_019367726v1	chrUn_NW_019367726v1		AANG04002098.1	AANG04002098.1	NW_019367726.1
felCat9:chrUn_NW_019367727v1	chrUn_NW_019367727v1		AANG04003725.1	AANG04003725.1	NW_019367727.1
felCat9:chrUn_NW_019367728v1	chrUn_NW_019367728v1		AANG04002862.1	AANG04002862.1	NW_019367728.1
felCat9:chrUn_NW_019367729v1	chrUn_NW_019367729v1		AANG04001213.1	AANG04001213.1	NW_019367729.1
felCat9:chrUn_NW_019367730v1	chrUn_NW_019367730v1		AANG04003946.1	AANG04003946.1	NW_019367730.1
felCat9:chrUn_NW_019367731v1	chrUn_NW_019367731v1		AANG04001818.1	AANG04001818.1	NW_019367731.1
felCat9:chrUn_NW_019367732v1	chrUn_NW_019367732v1		AANG04002772.1	AANG04002772.1	NW_019367732.1
felCat9:chrUn_NW_019367733v1	chrUn_NW_019367733v1		AANG04000145.1	AANG04000145.1	NW_019367733.1
felCat9:chrUn_NW_019367734v1	chrUn_NW_019367734v1		AANG04004139.1	AANG04004139.1	NW_019367734.1
felCat9:chrUn_NW_019367735v1	chrUn_NW_019367735v1		AANG04000047.1	AANG04000047.1	NW_019367735.1
felCat9:chrUn_NW_019367736v1	chrUn_NW_019367736v1		AANG04003694.1	AANG04003694.1	NW_019367736.1
felCat9:chrUn_NW_019367737v1	chrUn_NW_019367737v1		AANG04000254.1	AANG04000254.1	NW_019367737.1
felCat9:chrUn_NW_019367738v1	chrUn_NW_019367738v1		AANG04000053.1	AANG04000053.1	NW_019367738.1
felCat9:chrUn_NW_019367739v1	chrUn_NW_019367739v1		AANG04004314.1	AANG04004314.1	NW_019367739.1
felCat9:chrUn_NW_019367740v1	chrUn_NW_019367740v1		AANG04002945.1	AANG04002945.1	NW_019367740.1
felCat9:chrUn_NW_019367741v1	chrUn_NW_019367741v1		AANG04000167.1	AANG04000167.1	NW_019367741.1
felCat9:chrUn_NW_019367742v1	chrUn_NW_019367742v1		AANG04001486.1	AANG04001486.1	NW_019367742.1
felCat9:chrUn_NW_019367743v1	chrUn_NW_019367743v1		AANG04000630.1	AANG04000630.1	NW_019367743.1
felCat9:chrUn_NW_019367744v1	chrUn_NW_019367744v1		AANG04003157.1	AANG04003157.1	NW_019367744.1
felCat9:chrUn_NW_019367745v1	chrUn_NW_019367745v1		AANG04000787.1	AANG04000787.1	NW_019367745.1
felCat9:chrUn_NW_019367746v1	chrUn_NW_019367746v1		AANG04002151.1	AANG04002151.1	NW_019367746.1
felCat9:chrUn_NW_019367747v1	chrUn_NW_019367747v1		AANG04000451.1	AANG04000451.1	NW_019367747.1
felCat9:chrUn_NW_019367748v1	chrUn_NW_019367748v1		AANG04003999.1	AANG04003999.1	NW_019367748.1
felCat9:chrUn_NW_019367749v1	chrUn_NW_019367749v1		AANG04002049.1	AANG04002049.1	NW_019367749.1
felCat9:chrUn_NW_019367750v1	chrUn_NW_019367750v1		AANG04001380.1	AANG04001380.1	NW_019367750.1
felCat9:chrUn_NW_019367751v1	chrUn_NW_019367751v1		AANG04004094.1	AANG04004094.1	NW_019367751.1
felCat9:chrUn_NW_019367752v1	chrUn_NW_019367752v1		AANG04002602.1	AANG04002602.1	NW_019367752.1
felCat9:chrUn_NW_019367753v1	chrUn_NW_019367753v1		AANG04001099.1	AANG04001099.1	NW_019367753.1
felCat9:chrUn_NW_019367754v1	chrUn_NW_019367754v1		AANG04003784.1	AANG04003784.1	NW_019367754.1
felCat9:chrUn_NW_019367755v1	chrUn_NW_019367755v1		AANG04000157.1	AANG04000157.1	NW_019367755.1
felCat9:chrUn_NW_019367756v1	chrUn_NW_019367756v1		AANG04002116.1	AANG04002116.1	NW_019367756.1
felCat9:chrUn_NW_019367757v1	chrUn_NW_019367757v1		AANG04004547.1	AANG04004547.1	NW_019367757.1
felCat9:chrUn_NW_019367758v1	chrUn_NW_019367758v1		AANG04001080.1	AANG04001080.1	NW_019367758.1
felCat9:chrUn_NW_019367759v1	chrUn_NW_019367759v1		AANG04001534.1	AANG04001534.1	NW_019367759.1
felCat9:chrUn_NW_019367760v1	chrUn_NW_019367760v1		AANG04000878.1	AANG04000878.1	NW_019367760.1
felCat9:chrUn_NW_019367761v1	chrUn_NW_019367761v1		AANG04000852.1	AANG04000852.1	NW_019367761.1
felCat9:chrUn_NW_019367762v1	chrUn_NW_019367762v1		AANG04003093.1	AANG04003093.1	NW_019367762.1
felCat9:chrUn_NW_019367763v1	chrUn_NW_019367763v1		AANG04003112.1	AANG04003112.1	NW_019367763.1
felCat9:chrUn_NW_019367764v1	chrUn_NW_019367764v1		AANG04003963.1	AANG04003963.1	NW_019367764.1
felCat9:chrUn_NW_019367765v1	chrUn_NW_019367765v1		AANG04003806.1	AANG04003806.1	NW_019367765.1
felCat9:chrUn_NW_019367766v1	chrUn_NW_019367766v1		AANG04002539.1	AANG04002539.1	NW_019367766.1
felCat9:chrUn_NW_019367767v1	chrUn_NW_019367767v1		AANG04002963.1	AANG04002963.1	NW_019367767.1
felCat9:chrUn_NW_019367768v1	chrUn_NW_019367768v1		AANG04003094.1	AANG04003094.1	NW_019367768.1
felCat9:chrUn_NW_019367769v1	chrUn_NW_019367769v1		AANG04002168.1	AANG04002168.1	NW_019367769.1
felCat9:chrUn_NW_019367770v1	chrUn_NW_019367770v1		AANG04002798.1	AANG04002798.1	NW_019367770.1
felCat9:chrUn_NW_019367771v1	chrUn_NW_019367771v1		AANG04001846.1	AANG04001846.1	NW_019367771.1
felCat9:chrUn_NW_019367772v1	chrUn_NW_019367772v1		AANG04002475.1	AANG04002475.1	NW_019367772.1
felCat9:chrUn_NW_019367773v1	chrUn_NW_019367773v1		AANG04001335.1	AANG04001335.1	NW_019367773.1
felCat9:chrUn_NW_019367774v1	chrUn_NW_019367774v1		AANG04000603.1	AANG04000603.1	NW_019367774.1
felCat9:chrUn_NW_019367775v1	chrUn_NW_019367775v1		AANG04003650.1	AANG04003650.1	NW_019367775.1
felCat9:chrUn_NW_019367776v1	chrUn_NW_019367776v1		AANG04002526.1	AANG04002526.1	NW_019367776.1
felCat9:chrUn_NW_019367777v1	chrUn_NW_019367777v1		AANG04002424.1	AANG04002424.1	NW_019367777.1
felCat9:chrUn_NW_019367778v1	chrUn_NW_019367778v1		AANG04000906.1	AANG04000906.1	NW_019367778.1
felCat9:chrUn_NW_019367779v1	chrUn_NW_019367779v1		AANG04003505.1	AANG04003505.1	NW_019367779.1
felCat9:chrUn_NW_019367780v1	chrUn_NW_019367780v1		AANG04001968.1	AANG04001968.1	NW_019367780.1
felCat9:chrUn_NW_019367781v1	chrUn_NW_019367781v1		AANG04002484.1	AANG04002484.1	NW_019367781.1
felCat9:chrUn_NW_019367782v1	chrUn_NW_019367782v1		AANG04001136.1	AANG04001136.1	NW_019367782.1
felCat9:chrUn_NW_019367783v1	chrUn_NW_019367783v1		AANG04000580.1	AANG04000580.1	NW_019367783.1
felCat9:chrUn_NW_019367784v1	chrUn_NW_019367784v1		AANG04002305.1	AANG04002305.1	NW_019367784.1
felCat9:chrUn_NW_019367785v1	chrUn_NW_019367785v1		AANG04003957.1	AANG04003957.1	NW_019367785.1
felCat9:chrUn_NW_019367786v1	chrUn_NW_019367786v1		AANG04003321.1	AANG04003321.1	NW_019367786.1
felCat9:chrUn_NW_019367787v1	chrUn_NW_019367787v1		AANG04004534.1	AANG04004534.1	NW_019367787.1
felCat9:chrUn_NW_019367788v1	chrUn_NW_019367788v1		AANG04002358.1	AANG04002358.1	NW_019367788.1
felCat9:chrUn_NW_019367789v1	chrUn_NW_019367789v1		AANG04001456.1	AANG04001456.1	NW_019367789.1
felCat9:chrUn_NW_019367790v1	chrUn_NW_019367790v1		AANG04000849.1	AANG04000849.1	NW_019367790.1
felCat9:chrUn_NW_019367791v1	chrUn_NW_019367791v1		AANG04004741.1	AANG04004741.1	NW_019367791.1
felCat9:chrUn_NW_019367792v1	chrUn_NW_019367792v1		AANG04001529.1	AANG04001529.1	NW_019367792.1
felCat9:chrUn_NW_019367793v1	chrUn_NW_019367793v1		AANG04004003.1	AANG04004003.1	NW_019367793.1
felCat9:chrUn_NW_019367794v1	chrUn_NW_019367794v1		AANG04000606.1	AANG04000606.1	NW_019367794.1
felCat9:chrUn_NW_019367795v1	chrUn_NW_019367795v1		AANG04003659.1	AANG04003659.1	NW_019367795.1
felCat9:chrUn_NW_019367796v1	chrUn_NW_019367796v1		AANG04001006.1	AANG04001006.1	NW_019367796.1
felCat9:chrUn_NW_019367797v1	chrUn_NW_019367797v1		AANG04000106.1	AANG04000106.1	NW_019367797.1
felCat9:chrUn_NW_019367798v1	chrUn_NW_019367798v1		AANG04001692.1	AANG04001692.1	NW_019367798.1
felCat9:chrUn_NW_019367799v1	chrUn_NW_019367799v1		AANG04000645.1	AANG04000645.1	NW_019367799.1
felCat9:chrUn_NW_019367800v1	chrUn_NW_019367800v1		AANG04002274.1	AANG04002274.1	NW_019367800.1
felCat9:chrUn_NW_019367801v1	chrUn_NW_019367801v1		AANG04001754.1	AANG04001754.1	NW_019367801.1
felCat9:chrUn_NW_019367802v1	chrUn_NW_019367802v1		AANG04001878.1	AANG04001878.1	NW_019367802.1
felCat9:chrUn_NW_019367803v1	chrUn_NW_019367803v1		AANG04002401.1	AANG04002401.1	NW_019367803.1
felCat9:chrUn_NW_019367804v1	chrUn_NW_019367804v1		AANG04004309.1	AANG04004309.1	NW_019367804.1
felCat9:chrUn_NW_019367805v1	chrUn_NW_019367805v1		AANG04001706.1	AANG04001706.1	NW_019367805.1
felCat9:chrUn_NW_019367806v1	chrUn_NW_019367806v1		AANG04003982.1	AANG04003982.1	NW_019367806.1
felCat9:chrUn_NW_019367807v1	chrUn_NW_019367807v1		AANG04004327.1	AANG04004327.1	NW_019367807.1
felCat9:chrUn_NW_019367808v1	chrUn_NW_019367808v1		AANG04001342.1	AANG04001342.1	NW_019367808.1
felCat9:chrUn_NW_019367809v1	chrUn_NW_019367809v1		AANG04003307.1	AANG04003307.1	NW_019367809.1
felCat9:chrUn_NW_019367810v1	chrUn_NW_019367810v1		AANG04000326.1	AANG04000326.1	NW_019367810.1
felCat9:chrUn_NW_019367811v1	chrUn_NW_019367811v1		AANG04003245.1	AANG04003245.1	NW_019367811.1
felCat9:chrUn_NW_019367812v1	chrUn_NW_019367812v1		AANG04001897.1	AANG04001897.1	NW_019367812.1
felCat9:chrUn_NW_019367813v1	chrUn_NW_019367813v1		AANG04001317.1	AANG04001317.1	NW_019367813.1
felCat9:chrUn_NW_019367814v1	chrUn_NW_019367814v1		AANG04000971.1	AANG04000971.1	NW_019367814.1
felCat9:chrUn_NW_019367815v1	chrUn_NW_019367815v1		AANG04000097.1	AANG04000097.1	NW_019367815.1
felCat9:chrUn_NW_019367816v1	chrUn_NW_019367816v1		AANG04004079.1	AANG04004079.1	NW_019367816.1
felCat9:chrUn_NW_019367817v1	chrUn_NW_019367817v1		AANG04004596.1	AANG04004596.1	NW_019367817.1
felCat9:chrUn_NW_019367818v1	chrUn_NW_019367818v1		AANG04001900.1	AANG04001900.1	NW_019367818.1
felCat9:chrUn_NW_019367819v1	chrUn_NW_019367819v1		AANG04003793.1	AANG04003793.1	NW_019367819.1
felCat9:chrUn_NW_019367820v1	chrUn_NW_019367820v1		AANG04001053.1	AANG04001053.1	NW_019367820.1
felCat9:chrUn_NW_019367821v1	chrUn_NW_019367821v1		AANG04000059.1	AANG04000059.1	NW_019367821.1
felCat9:chrUn_NW_019367822v1	chrUn_NW_019367822v1		AANG04004658.1	AANG04004658.1	NW_019367822.1
felCat9:chrUn_NW_019367823v1	chrUn_NW_019367823v1		AANG04004192.1	AANG04004192.1	NW_019367823.1
felCat9:chrUn_NW_019367824v1	chrUn_NW_019367824v1		AANG04003569.1	AANG04003569.1	NW_019367824.1
felCat9:chrUn_NW_019367825v1	chrUn_NW_019367825v1		AANG04002889.1	AANG04002889.1	NW_019367825.1
felCat9:chrUn_NW_019367826v1	chrUn_NW_019367826v1		AANG04000402.1	AANG04000402.1	NW_019367826.1
felCat9:chrUn_NW_019367827v1	chrUn_NW_019367827v1		AANG04001555.1	AANG04001555.1	NW_019367827.1
felCat9:chrUn_NW_019367828v1	chrUn_NW_019367828v1		AANG04002323.1	AANG04002323.1	NW_019367828.1
felCat9:chrUn_NW_019367829v1	chrUn_NW_019367829v1		AANG04002114.1	AANG04002114.1	NW_019367829.1
felCat9:chrUn_NW_019367830v1	chrUn_NW_019367830v1		AANG04002060.1	AANG04002060.1	NW_019367830.1
felCat9:chrUn_NW_019367831v1	chrUn_NW_019367831v1		AANG04000064.1	AANG04000064.1	NW_019367831.1
felCat9:chrUn_NW_019367832v1	chrUn_NW_019367832v1		AANG04001849.1	AANG04001849.1	NW_019367832.1
felCat9:chrUn_NW_019367833v1	chrUn_NW_019367833v1		AANG04000475.1	AANG04000475.1	NW_019367833.1
felCat9:chrUn_NW_019367834v1	chrUn_NW_019367834v1		AANG04001209.1	AANG04001209.1	NW_019367834.1
felCat9:chrUn_NW_019367835v1	chrUn_NW_019367835v1		AANG04001964.1	AANG04001964.1	NW_019367835.1
felCat9:chrUn_NW_019367836v1	chrUn_NW_019367836v1		AANG04001961.1	AANG04001961.1	NW_019367836.1
felCat9:chrUn_NW_019367837v1	chrUn_NW_019367837v1		AANG04004273.1	AANG04004273.1	NW_019367837.1
felCat9:chrUn_NW_019367838v1	chrUn_NW_019367838v1		AANG04004102.1	AANG04004102.1	NW_019367838.1
felCat9:chrUn_NW_019367839v1	chrUn_NW_019367839v1		AANG04001689.1	AANG04001689.1	NW_019367839.1
felCat9:chrUn_NW_019367840v1	chrUn_NW_019367840v1		AANG04002923.1	AANG04002923.1	NW_019367840.1
felCat9:chrUn_NW_019367841v1	chrUn_NW_019367841v1		AANG04002537.1	AANG04002537.1	NW_019367841.1
felCat9:chrUn_NW_019367842v1	chrUn_NW_019367842v1		AANG04000115.1	AANG04000115.1	NW_019367842.1
felCat9:chrUn_NW_019367843v1	chrUn_NW_019367843v1		AANG04004048.1	AANG04004048.1	NW_019367843.1
felCat9:chrUn_NW_019367844v1	chrUn_NW_019367844v1		AANG04002102.1	AANG04002102.1	NW_019367844.1
felCat9:chrUn_NW_019367845v1	chrUn_NW_019367845v1		AANG04002409.1	AANG04002409.1	NW_019367845.1
felCat9:chrUn_NW_019367846v1	chrUn_NW_019367846v1		AANG04002748.1	AANG04002748.1	NW_019367846.1
felCat9:chrUn_NW_019367847v1	chrUn_NW_019367847v1		AANG04000972.1	AANG04000972.1	NW_019367847.1
felCat9:chrUn_NW_019367848v1	chrUn_NW_019367848v1		AANG04002552.1	AANG04002552.1	NW_019367848.1
felCat9:chrUn_NW_019367849v1	chrUn_NW_019367849v1		AANG04001561.1	AANG04001561.1	NW_019367849.1
felCat9:chrUn_NW_019367850v1	chrUn_NW_019367850v1		AANG04004154.1	AANG04004154.1	NW_019367850.1
felCat9:chrUn_NW_019367851v1	chrUn_NW_019367851v1		AANG04002520.1	AANG04002520.1	NW_019367851.1
felCat9:chrUn_NW_019367852v1	chrUn_NW_019367852v1		AANG04000422.1	AANG04000422.1	NW_019367852.1
felCat9:chrUn_NW_019367853v1	chrUn_NW_019367853v1		AANG04002954.1	AANG04002954.1	NW_019367853.1
felCat9:chrUn_NW_019367854v1	chrUn_NW_019367854v1		AANG04001292.1	AANG04001292.1	NW_019367854.1
felCat9:chrUn_NW_019367855v1	chrUn_NW_019367855v1		AANG04000597.1	AANG04000597.1	NW_019367855.1
felCat9:chrUn_NW_019367856v1	chrUn_NW_019367856v1		AANG04002797.1	AANG04002797.1	NW_019367856.1
felCat9:chrUn_NW_019367857v1	chrUn_NW_019367857v1		AANG04004365.1	AANG04004365.1	NW_019367857.1
felCat9:chrUn_NW_019367858v1	chrUn_NW_019367858v1		AANG04003637.1	AANG04003637.1	NW_019367858.1
felCat9:chrUn_NW_019367859v1	chrUn_NW_019367859v1		AANG04002207.1	AANG04002207.1	NW_019367859.1
felCat9:chrUn_NW_019367860v1	chrUn_NW_019367860v1		AANG04004395.1	AANG04004395.1	NW_019367860.1
felCat9:chrUn_NW_019367861v1	chrUn_NW_019367861v1		AANG04001126.1	AANG04001126.1	NW_019367861.1
felCat9:chrUn_NW_019367862v1	chrUn_NW_019367862v1		AANG04004383.1	AANG04004383.1	NW_019367862.1
felCat9:chrUn_NW_019367863v1	chrUn_NW_019367863v1		AANG04003796.1	AANG04003796.1	NW_019367863.1
felCat9:chrUn_NW_019367864v1	chrUn_NW_019367864v1		AANG04000372.1	AANG04000372.1	NW_019367864.1
felCat9:chrUn_NW_019367865v1	chrUn_NW_019367865v1		AANG04001211.1	AANG04001211.1	NW_019367865.1
felCat9:chrUn_NW_019367866v1	chrUn_NW_019367866v1		AANG04000765.1	AANG04000765.1	NW_019367866.1
felCat9:chrUn_NW_019367867v1	chrUn_NW_019367867v1		AANG04001794.1	AANG04001794.1	NW_019367867.1
felCat9:chrUn_NW_019367868v1	chrUn_NW_019367868v1		AANG04000944.1	AANG04000944.1	NW_019367868.1
felCat9:chrUn_NW_019367869v1	chrUn_NW_019367869v1		AANG04002039.1	AANG04002039.1	NW_019367869.1
felCat9:chrUn_NW_019367870v1	chrUn_NW_019367870v1		AANG04002714.1	AANG04002714.1	NW_019367870.1
felCat9:chrUn_NW_019367871v1	chrUn_NW_019367871v1		AANG04002109.1	AANG04002109.1	NW_019367871.1
felCat9:chrUn_NW_019367872v1	chrUn_NW_019367872v1		AANG04001752.1	AANG04001752.1	NW_019367872.1
felCat9:chrUn_NW_019367873v1	chrUn_NW_019367873v1		AANG04000619.1	AANG04000619.1	NW_019367873.1
felCat9:chrUn_NW_019367874v1	chrUn_NW_019367874v1		AANG04002009.1	AANG04002009.1	NW_019367874.1
felCat9:chrUn_NW_019367875v1	chrUn_NW_019367875v1		AANG04003958.1	AANG04003958.1	NW_019367875.1
felCat9:chrUn_NW_019367876v1	chrUn_NW_019367876v1		AANG04004634.1	AANG04004634.1	NW_019367876.1
felCat9:chrUn_NW_019367877v1	chrUn_NW_019367877v1		AANG04000713.1	AANG04000713.1	NW_019367877.1
felCat9:chrUn_NW_019367878v1	chrUn_NW_019367878v1		AANG04003940.1	AANG04003940.1	NW_019367878.1
felCat9:chrUn_NW_019367879v1	chrUn_NW_019367879v1		AANG04003325.1	AANG04003325.1	NW_019367879.1
felCat9:chrUn_NW_019367880v1	chrUn_NW_019367880v1		AANG04003693.1	AANG04003693.1	NW_019367880.1
felCat9:chrUn_NW_019367881v1	chrUn_NW_019367881v1		AANG04003341.1	AANG04003341.1	NW_019367881.1
felCat9:chrUn_NW_019367882v1	chrUn_NW_019367882v1		AANG04000607.1	AANG04000607.1	NW_019367882.1
felCat9:chrUn_NW_019367883v1	chrUn_NW_019367883v1		AANG04003560.1	AANG04003560.1	NW_019367883.1
felCat9:chrUn_NW_019367884v1	chrUn_NW_019367884v1		AANG04004215.1	AANG04004215.1	NW_019367884.1
felCat9:chrUn_NW_019367885v1	chrUn_NW_019367885v1		AANG04001336.1	AANG04001336.1	NW_019367885.1
felCat9:chrUn_NW_019367886v1	chrUn_NW_019367886v1		AANG04002006.1	AANG04002006.1	NW_019367886.1
felCat9:chrUn_NW_019367887v1	chrUn_NW_019367887v1		AANG04004037.1	AANG04004037.1	NW_019367887.1
felCat9:chrUn_NW_019367888v1	chrUn_NW_019367888v1		AANG04001601.1	AANG04001601.1	NW_019367888.1
felCat9:chrUn_NW_019367889v1	chrUn_NW_019367889v1		AANG04000553.1	AANG04000553.1	NW_019367889.1
felCat9:chrUn_NW_019367890v1	chrUn_NW_019367890v1		AANG04003590.1	AANG04003590.1	NW_019367890.1
felCat9:chrUn_NW_019367891v1	chrUn_NW_019367891v1		AANG04002258.1	AANG04002258.1	NW_019367891.1
felCat9:chrUn_NW_019367892v1	chrUn_NW_019367892v1		AANG04004118.1	AANG04004118.1	NW_019367892.1
felCat9:chrUn_NW_019367893v1	chrUn_NW_019367893v1		AANG04001121.1	AANG04001121.1	NW_019367893.1
felCat9:chrUn_NW_019367894v1	chrUn_NW_019367894v1		AANG04004321.1	AANG04004321.1	NW_019367894.1
felCat9:chrUn_NW_019367895v1	chrUn_NW_019367895v1		AANG04000308.1	AANG04000308.1	NW_019367895.1
felCat9:chrUn_NW_019367896v1	chrUn_NW_019367896v1		AANG04004579.1	AANG04004579.1	NW_019367896.1
felCat9:chrUn_NW_019367897v1	chrUn_NW_019367897v1		AANG04002017.1	AANG04002017.1	NW_019367897.1
felCat9:chrUn_NW_019367898v1	chrUn_NW_019367898v1		AANG04001449.1	AANG04001449.1	NW_019367898.1
felCat9:chrUn_NW_019367899v1	chrUn_NW_019367899v1		AANG04001760.1	AANG04001760.1	NW_019367899.1
felCat9:chrUn_NW_019367900v1	chrUn_NW_019367900v1		AANG04000702.1	AANG04000702.1	NW_019367900.1
felCat9:chrUn_NW_019367901v1	chrUn_NW_019367901v1		AANG04002294.1	AANG04002294.1	NW_019367901.1
felCat9:chrUn_NW_019367902v1	chrUn_NW_019367902v1		AANG04004571.1	AANG04004571.1	NW_019367902.1
felCat9:chrUn_NW_019367903v1	chrUn_NW_019367903v1		AANG04000882.1	AANG04000882.1	NW_019367903.1
felCat9:chrUn_NW_019367904v1	chrUn_NW_019367904v1		AANG04002045.1	AANG04002045.1	NW_019367904.1
felCat9:chrUn_NW_019367905v1	chrUn_NW_019367905v1		AANG04000430.1	AANG04000430.1	NW_019367905.1
felCat9:chrUn_NW_019367906v1	chrUn_NW_019367906v1		AANG04001606.1	AANG04001606.1	NW_019367906.1
felCat9:chrUn_NW_019367907v1	chrUn_NW_019367907v1		AANG04000594.1	AANG04000594.1	NW_019367907.1
felCat9:chrUn_NW_019367908v1	chrUn_NW_019367908v1		AANG04000071.1	AANG04000071.1	NW_019367908.1
felCat9:chrUn_NW_019367909v1	chrUn_NW_019367909v1		AANG04002125.1	AANG04002125.1	NW_019367909.1
felCat9:chrUn_NW_019367910v1	chrUn_NW_019367910v1		AANG04004506.1	AANG04004506.1	NW_019367910.1
felCat9:chrUn_NW_019367911v1	chrUn_NW_019367911v1		AANG04002839.1	AANG04002839.1	NW_019367911.1
felCat9:chrUn_NW_019367912v1	chrUn_NW_019367912v1		AANG04000304.1	AANG04000304.1	NW_019367912.1
felCat9:chrUn_NW_019367913v1	chrUn_NW_019367913v1		AANG04001977.1	AANG04001977.1	NW_019367913.1
felCat9:chrUn_NW_019367914v1	chrUn_NW_019367914v1		AANG04000310.1	AANG04000310.1	NW_019367914.1
felCat9:chrUn_NW_019367915v1	chrUn_NW_019367915v1		AANG04002886.1	AANG04002886.1	NW_019367915.1
felCat9:chrUn_NW_019367916v1	chrUn_NW_019367916v1		AANG04002099.1	AANG04002099.1	NW_019367916.1
felCat9:chrUn_NW_019367917v1	chrUn_NW_019367917v1		AANG04000620.1	AANG04000620.1	NW_019367917.1
felCat9:chrUn_NW_019367918v1	chrUn_NW_019367918v1		AANG04003072.1	AANG04003072.1	NW_019367918.1
felCat9:chrUn_NW_019367919v1	chrUn_NW_019367919v1		AANG04001973.1	AANG04001973.1	NW_019367919.1
felCat9:chrUn_NW_019367920v1	chrUn_NW_019367920v1		AANG04004607.1	AANG04004607.1	NW_019367920.1
felCat9:chrUn_NW_019367921v1	chrUn_NW_019367921v1		AANG04004149.1	AANG04004149.1	NW_019367921.1
felCat9:chrUn_NW_019367922v1	chrUn_NW_019367922v1		AANG04004256.1	AANG04004256.1	NW_019367922.1
felCat9:chrUn_NW_019367923v1	chrUn_NW_019367923v1		AANG04002436.1	AANG04002436.1	NW_019367923.1
felCat9:chrUn_NW_019367924v1	chrUn_NW_019367924v1		AANG04002062.1	AANG04002062.1	NW_019367924.1
felCat9:chrUn_NW_019367925v1	chrUn_NW_019367925v1		AANG04002698.1	AANG04002698.1	NW_019367925.1
felCat9:chrUn_NW_019367926v1	chrUn_NW_019367926v1		AANG04001040.1	AANG04001040.1	NW_019367926.1
felCat9:chrUn_NW_019367927v1	chrUn_NW_019367927v1		AANG04001272.1	AANG04001272.1	NW_019367927.1
felCat9:chrUn_NW_019367928v1	chrUn_NW_019367928v1		AANG04001709.1	AANG04001709.1	NW_019367928.1
felCat9:chrUn_NW_019367929v1	chrUn_NW_019367929v1		AANG04004618.1	AANG04004618.1	NW_019367929.1
felCat9:chrUn_NW_019367930v1	chrUn_NW_019367930v1		AANG04000634.1	AANG04000634.1	NW_019367930.1
felCat9:chrUn_NW_019367931v1	chrUn_NW_019367931v1		AANG04001881.1	AANG04001881.1	NW_019367931.1
felCat9:chrUn_NW_019367932v1	chrUn_NW_019367932v1		AANG04000100.1	AANG04000100.1	NW_019367932.1
felCat9:chrUn_NW_019367933v1	chrUn_NW_019367933v1		AANG04003334.1	AANG04003334.1	NW_019367933.1
felCat9:chrUn_NW_019367934v1	chrUn_NW_019367934v1		AANG04003837.1	AANG04003837.1	NW_019367934.1
felCat9:chrUn_NW_019367935v1	chrUn_NW_019367935v1		AANG04003417.1	AANG04003417.1	NW_019367935.1
felCat9:chrUn_NW_019367936v1	chrUn_NW_019367936v1		AANG04002120.1	AANG04002120.1	NW_019367936.1
felCat9:chrUn_NW_019367937v1	chrUn_NW_019367937v1		AANG04002631.1	AANG04002631.1	NW_019367937.1
felCat9:chrUn_NW_019367938v1	chrUn_NW_019367938v1		AANG04001673.1	AANG04001673.1	NW_019367938.1
felCat9:chrUn_NW_019367939v1	chrUn_NW_019367939v1		AANG04003051.1	AANG04003051.1	NW_019367939.1
felCat9:chrUn_NW_019367940v1	chrUn_NW_019367940v1		AANG04002501.1	AANG04002501.1	NW_019367940.1
felCat9:chrUn_NW_019367941v1	chrUn_NW_019367941v1		AANG04003597.1	AANG04003597.1	NW_019367941.1
felCat9:chrUn_NW_019367942v1	chrUn_NW_019367942v1		AANG04004209.1	AANG04004209.1	NW_019367942.1
felCat9:chrUn_NW_019367943v1	chrUn_NW_019367943v1		AANG04000884.1	AANG04000884.1	NW_019367943.1
felCat9:chrUn_NW_019367944v1	chrUn_NW_019367944v1		AANG04002335.1	AANG04002335.1	NW_019367944.1
felCat9:chrUn_NW_019367945v1	chrUn_NW_019367945v1		AANG04002240.1	AANG04002240.1	NW_019367945.1
felCat9:chrUn_NW_019367946v1	chrUn_NW_019367946v1		AANG04003219.1	AANG04003219.1	NW_019367946.1
felCat9:chrUn_NW_019367947v1	chrUn_NW_019367947v1		AANG04000342.1	AANG04000342.1	NW_019367947.1
felCat9:chrUn_NW_019367948v1	chrUn_NW_019367948v1		AANG04002429.1	AANG04002429.1	NW_019367948.1
felCat9:chrUn_NW_019367949v1	chrUn_NW_019367949v1		AANG04001273.1	AANG04001273.1	NW_019367949.1
felCat9:chrUn_NW_019367950v1	chrUn_NW_019367950v1		AANG04002473.1	AANG04002473.1	NW_019367950.1
felCat9:chrUn_NW_019367951v1	chrUn_NW_019367951v1		AANG04004736.1	AANG04004736.1	NW_019367951.1
felCat9:chrUn_NW_019367952v1	chrUn_NW_019367952v1		AANG04003834.1	AANG04003834.1	NW_019367952.1
felCat9:chrUn_NW_019367953v1	chrUn_NW_019367953v1		AANG04003956.1	AANG04003956.1	NW_019367953.1
felCat9:chrUn_NW_019367954v1	chrUn_NW_019367954v1		AANG04001142.1	AANG04001142.1	NW_019367954.1
felCat9:chrUn_NW_019367955v1	chrUn_NW_019367955v1		AANG04004570.1	AANG04004570.1	NW_019367955.1
felCat9:chrUn_NW_019367956v1	chrUn_NW_019367956v1		AANG04004648.1	AANG04004648.1	NW_019367956.1
felCat9:chrUn_NW_019367957v1	chrUn_NW_019367957v1		AANG04000229.1	AANG04000229.1	NW_019367957.1
felCat9:chrUn_NW_019367958v1	chrUn_NW_019367958v1		AANG04004067.1	AANG04004067.1	NW_019367958.1
felCat9:chrUn_NW_019367959v1	chrUn_NW_019367959v1		AANG04001392.1	AANG04001392.1	NW_019367959.1
felCat9:chrUn_NW_019367960v1	chrUn_NW_019367960v1		AANG04004071.1	AANG04004071.1	NW_019367960.1
felCat9:chrUn_NW_019367961v1	chrUn_NW_019367961v1		AANG04001674.1	AANG04001674.1	NW_019367961.1
felCat9:chrUn_NW_019367962v1	chrUn_NW_019367962v1		AANG04003777.1	AANG04003777.1	NW_019367962.1
felCat9:chrUn_NW_019367963v1	chrUn_NW_019367963v1		AANG04002087.1	AANG04002087.1	NW_019367963.1
felCat9:chrUn_NW_019367964v1	chrUn_NW_019367964v1		AANG04001617.1	AANG04001617.1	NW_019367964.1
felCat9:chrUn_NW_019367965v1	chrUn_NW_019367965v1		AANG04004389.1	AANG04004389.1	NW_019367965.1
felCat9:chrUn_NW_019367966v1	chrUn_NW_019367966v1		AANG04002370.1	AANG04002370.1	NW_019367966.1
felCat9:chrUn_NW_019367967v1	chrUn_NW_019367967v1		AANG04001069.1	AANG04001069.1	NW_019367967.1
felCat9:chrUn_NW_019367968v1	chrUn_NW_019367968v1		AANG04001189.1	AANG04001189.1	NW_019367968.1
felCat9:chrUn_NW_019367969v1	chrUn_NW_019367969v1		AANG04002126.1	AANG04002126.1	NW_019367969.1
felCat9:chrUn_NW_019367970v1	chrUn_NW_019367970v1		AANG04000887.1	AANG04000887.1	NW_019367970.1
felCat9:chrUn_NW_019367971v1	chrUn_NW_019367971v1		AANG04001364.1	AANG04001364.1	NW_019367971.1
felCat9:chrUn_NW_019367972v1	chrUn_NW_019367972v1		AANG04003319.1	AANG04003319.1	NW_019367972.1
felCat9:chrUn_NW_019367973v1	chrUn_NW_019367973v1		AANG04001901.1	AANG04001901.1	NW_019367973.1
felCat9:chrUn_NW_019367974v1	chrUn_NW_019367974v1		AANG04003600.1	AANG04003600.1	NW_019367974.1
felCat9:chrUn_NW_019367975v1	chrUn_NW_019367975v1		AANG04000806.1	AANG04000806.1	NW_019367975.1
felCat9:chrUn_NW_019367976v1	chrUn_NW_019367976v1		AANG04004291.1	AANG04004291.1	NW_019367976.1
felCat9:chrUn_NW_019367977v1	chrUn_NW_019367977v1		AANG04000818.1	AANG04000818.1	NW_019367977.1
felCat9:chrUn_NW_019367978v1	chrUn_NW_019367978v1		AANG04003465.1	AANG04003465.1	NW_019367978.1
felCat9:chrUn_NW_019367979v1	chrUn_NW_019367979v1		AANG04002652.1	AANG04002652.1	NW_019367979.1
felCat9:chrUn_NW_019367980v1	chrUn_NW_019367980v1		AANG04004427.1	AANG04004427.1	NW_019367980.1
felCat9:chrUn_NW_019367981v1	chrUn_NW_019367981v1		AANG04002313.1	AANG04002313.1	NW_019367981.1
felCat9:chrUn_NW_019367982v1	chrUn_NW_019367982v1		AANG04003298.1	AANG04003298.1	NW_019367982.1
felCat9:chrUn_NW_019367983v1	chrUn_NW_019367983v1		AANG04004206.1	AANG04004206.1	NW_019367983.1
felCat9:chrUn_NW_019367984v1	chrUn_NW_019367984v1		AANG04001361.1	AANG04001361.1	NW_019367984.1
felCat9:chrUn_NW_019367985v1	chrUn_NW_019367985v1		AANG04003584.1	AANG04003584.1	NW_019367985.1
felCat9:chrUn_NW_019367986v1	chrUn_NW_019367986v1		AANG04001537.1	AANG04001537.1	NW_019367986.1
felCat9:chrUn_NW_019367987v1	chrUn_NW_019367987v1		AANG04001525.1	AANG04001525.1	NW_019367987.1
felCat9:chrUn_NW_019367988v1	chrUn_NW_019367988v1		AANG04002298.1	AANG04002298.1	NW_019367988.1
felCat9:chrUn_NW_019367989v1	chrUn_NW_019367989v1		AANG04004258.1	AANG04004258.1	NW_019367989.1
felCat9:chrUn_NW_019367990v1	chrUn_NW_019367990v1		AANG04004355.1	AANG04004355.1	NW_019367990.1
felCat9:chrUn_NW_019367991v1	chrUn_NW_019367991v1		AANG04000952.1	AANG04000952.1	NW_019367991.1
felCat9:chrUn_NW_019367992v1	chrUn_NW_019367992v1		AANG04000937.1	AANG04000937.1	NW_019367992.1
felCat9:chrUn_NW_019367993v1	chrUn_NW_019367993v1		AANG04003670.1	AANG04003670.1	NW_019367993.1
felCat9:chrUn_NW_019367994v1	chrUn_NW_019367994v1		AANG04004072.1	AANG04004072.1	NW_019367994.1
felCat9:chrUn_NW_019367995v1	chrUn_NW_019367995v1		AANG04000151.1	AANG04000151.1	NW_019367995.1
felCat9:chrUn_NW_019367996v1	chrUn_NW_019367996v1		AANG04002908.1	AANG04002908.1	NW_019367996.1
felCat9:chrUn_NW_019367997v1	chrUn_NW_019367997v1		AANG04003699.1	AANG04003699.1	NW_019367997.1
felCat9:chrUn_NW_019367998v1	chrUn_NW_019367998v1		AANG04002519.1	AANG04002519.1	NW_019367998.1
felCat9:chrUn_NW_019367999v1	chrUn_NW_019367999v1		AANG04002493.1	AANG04002493.1	NW_019367999.1
felCat9:chrUn_NW_019368000v1	chrUn_NW_019368000v1		AANG04004095.1	AANG04004095.1	NW_019368000.1
felCat9:chrUn_NW_019368001v1	chrUn_NW_019368001v1		AANG04003199.1	AANG04003199.1	NW_019368001.1
felCat9:chrUn_NW_019368002v1	chrUn_NW_019368002v1		AANG04001957.1	AANG04001957.1	NW_019368002.1
felCat9:chrUn_NW_019368003v1	chrUn_NW_019368003v1		AANG04001505.1	AANG04001505.1	NW_019368003.1
felCat9:chrUn_NW_019368004v1	chrUn_NW_019368004v1		AANG04004394.1	AANG04004394.1	NW_019368004.1
felCat9:chrUn_NW_019368005v1	chrUn_NW_019368005v1		AANG04003198.1	AANG04003198.1	NW_019368005.1
felCat9:chrUn_NW_019368006v1	chrUn_NW_019368006v1		AANG04003876.1	AANG04003876.1	NW_019368006.1
felCat9:chrUn_NW_019368007v1	chrUn_NW_019368007v1		AANG04000617.1	AANG04000617.1	NW_019368007.1
felCat9:chrUn_NW_019368008v1	chrUn_NW_019368008v1		AANG04004204.1	AANG04004204.1	NW_019368008.1
felCat9:chrUn_NW_019368009v1	chrUn_NW_019368009v1		AANG04002710.1	AANG04002710.1	NW_019368009.1
felCat9:chrUn_NW_019368010v1	chrUn_NW_019368010v1		AANG04003501.1	AANG04003501.1	NW_019368010.1
felCat9:chrUn_NW_019368011v1	chrUn_NW_019368011v1		AANG04002884.1	AANG04002884.1	NW_019368011.1
felCat9:chrUn_NW_019368012v1	chrUn_NW_019368012v1		AANG04003684.1	AANG04003684.1	NW_019368012.1
felCat9:chrUn_NW_019368013v1	chrUn_NW_019368013v1		AANG04001403.1	AANG04001403.1	NW_019368013.1
felCat9:chrUn_NW_019368014v1	chrUn_NW_019368014v1		AANG04001258.1	AANG04001258.1	NW_019368014.1
felCat9:chrUn_NW_019368015v1	chrUn_NW_019368015v1		AANG04000640.1	AANG04000640.1	NW_019368015.1
felCat9:chrUn_NW_019368016v1	chrUn_NW_019368016v1		AANG04000184.1	AANG04000184.1	NW_019368016.1
felCat9:chrUn_NW_019368017v1	chrUn_NW_019368017v1		AANG04000468.1	AANG04000468.1	NW_019368017.1
felCat9:chrUn_NW_019368018v1	chrUn_NW_019368018v1		AANG04004575.1	AANG04004575.1	NW_019368018.1
felCat9:chrUn_NW_019368019v1	chrUn_NW_019368019v1		AANG04004260.1	AANG04004260.1	NW_019368019.1
felCat9:chrUn_NW_019368020v1	chrUn_NW_019368020v1		AANG04002077.1	AANG04002077.1	NW_019368020.1
felCat9:chrUn_NW_019368021v1	chrUn_NW_019368021v1		AANG04003238.1	AANG04003238.1	NW_019368021.1
felCat9:chrUn_NW_019368022v1	chrUn_NW_019368022v1		AANG04003758.1	AANG04003758.1	NW_019368022.1
felCat9:chrUn_NW_019368023v1	chrUn_NW_019368023v1		AANG04000445.1	AANG04000445.1	NW_019368023.1
felCat9:chrUn_NW_019368024v1	chrUn_NW_019368024v1		AANG04002708.1	AANG04002708.1	NW_019368024.1
felCat9:chrUn_NW_019368025v1	chrUn_NW_019368025v1		AANG04002212.1	AANG04002212.1	NW_019368025.1
felCat9:chrUn_NW_019368026v1	chrUn_NW_019368026v1		AANG04000908.1	AANG04000908.1	NW_019368026.1
felCat9:chrUn_NW_019368027v1	chrUn_NW_019368027v1		AANG04000031.1	AANG04000031.1	NW_019368027.1
felCat9:chrUn_NW_019368028v1	chrUn_NW_019368028v1		AANG04001651.1	AANG04001651.1	NW_019368028.1
felCat9:chrUn_NW_019368029v1	chrUn_NW_019368029v1		AANG04001683.1	AANG04001683.1	NW_019368029.1
felCat9:chrUn_NW_019368030v1	chrUn_NW_019368030v1		AANG04002907.1	AANG04002907.1	NW_019368030.1
felCat9:chrUn_NW_019368031v1	chrUn_NW_019368031v1		AANG04001713.1	AANG04001713.1	NW_019368031.1
felCat9:chrUn_NW_019368032v1	chrUn_NW_019368032v1		AANG04002467.1	AANG04002467.1	NW_019368032.1
felCat9:chrUn_NW_019368033v1	chrUn_NW_019368033v1		AANG04000152.1	AANG04000152.1	NW_019368033.1
felCat9:chrUn_NW_019368034v1	chrUn_NW_019368034v1		AANG04003583.1	AANG04003583.1	NW_019368034.1
felCat9:chrUn_NW_019368035v1	chrUn_NW_019368035v1		AANG04002390.1	AANG04002390.1	NW_019368035.1
felCat9:chrUn_NW_019368036v1	chrUn_NW_019368036v1		AANG04002915.1	AANG04002915.1	NW_019368036.1
felCat9:chrUn_NW_019368037v1	chrUn_NW_019368037v1		AANG04002801.1	AANG04002801.1	NW_019368037.1
felCat9:chrUn_NW_019368038v1	chrUn_NW_019368038v1		AANG04001263.1	AANG04001263.1	NW_019368038.1
felCat9:chrUn_NW_019368039v1	chrUn_NW_019368039v1		AANG04000380.1	AANG04000380.1	NW_019368039.1
felCat9:chrUn_NW_019368040v1	chrUn_NW_019368040v1		AANG04000668.1	AANG04000668.1	NW_019368040.1
felCat9:chrUn_NW_019368041v1	chrUn_NW_019368041v1		AANG04004711.1	AANG04004711.1	NW_019368041.1
felCat9:chrUn_NW_019368042v1	chrUn_NW_019368042v1		AANG04004740.1	AANG04004740.1	NW_019368042.1
felCat9:chrUn_NW_019368043v1	chrUn_NW_019368043v1		AANG04000897.1	AANG04000897.1	NW_019368043.1
felCat9:chrUn_NW_019368044v1	chrUn_NW_019368044v1		AANG04003188.1	AANG04003188.1	NW_019368044.1
felCat9:chrUn_NW_019368045v1	chrUn_NW_019368045v1		AANG04000336.1	AANG04000336.1	NW_019368045.1
felCat9:chrUn_NW_019368046v1	chrUn_NW_019368046v1		AANG04004357.1	AANG04004357.1	NW_019368046.1
felCat9:chrUn_NW_019368047v1	chrUn_NW_019368047v1		AANG04002447.1	AANG04002447.1	NW_019368047.1
felCat9:chrUn_NW_019368048v1	chrUn_NW_019368048v1		AANG04001224.1	AANG04001224.1	NW_019368048.1
felCat9:chrUn_NW_019368049v1	chrUn_NW_019368049v1		AANG04002660.1	AANG04002660.1	NW_019368049.1
felCat9:chrUn_NW_019368050v1	chrUn_NW_019368050v1		AANG04002630.1	AANG04002630.1	NW_019368050.1
felCat9:chrUn_NW_019368051v1	chrUn_NW_019368051v1		AANG04000102.1	AANG04000102.1	NW_019368051.1
felCat9:chrUn_NW_019368052v1	chrUn_NW_019368052v1		AANG04004498.1	AANG04004498.1	NW_019368052.1
felCat9:chrUn_NW_019368053v1	chrUn_NW_019368053v1		AANG04002309.1	AANG04002309.1	NW_019368053.1
felCat9:chrUn_NW_019368054v1	chrUn_NW_019368054v1		AANG04000090.1	AANG04000090.1	NW_019368054.1
felCat9:chrUn_NW_019368055v1	chrUn_NW_019368055v1		AANG04000098.1	AANG04000098.1	NW_019368055.1
felCat9:chrUn_NW_019368056v1	chrUn_NW_019368056v1		AANG04000025.1	AANG04000025.1	NW_019368056.1
felCat9:chrUn_NW_019368057v1	chrUn_NW_019368057v1		AANG04001676.1	AANG04001676.1	NW_019368057.1
felCat9:chrUn_NW_019368058v1	chrUn_NW_019368058v1		AANG04004401.1	AANG04004401.1	NW_019368058.1
felCat9:chrUn_NW_019368059v1	chrUn_NW_019368059v1		AANG04004136.1	AANG04004136.1	NW_019368059.1
felCat9:chrUn_NW_019368060v1	chrUn_NW_019368060v1		AANG04002992.1	AANG04002992.1	NW_019368060.1
felCat9:chrUn_NW_019368061v1	chrUn_NW_019368061v1		AANG04000950.1	AANG04000950.1	NW_019368061.1
felCat9:chrUn_NW_019368062v1	chrUn_NW_019368062v1		AANG04004222.1	AANG04004222.1	NW_019368062.1
felCat9:chrUn_NW_019368063v1	chrUn_NW_019368063v1		AANG04004337.1	AANG04004337.1	NW_019368063.1
felCat9:chrUn_NW_019368064v1	chrUn_NW_019368064v1		AANG04004507.1	AANG04004507.1	NW_019368064.1
felCat9:chrUn_NW_019368065v1	chrUn_NW_019368065v1		AANG04003534.1	AANG04003534.1	NW_019368065.1
felCat9:chrUn_NW_019368066v1	chrUn_NW_019368066v1		AANG04003179.1	AANG04003179.1	NW_019368066.1
felCat9:chrUn_NW_019368067v1	chrUn_NW_019368067v1		AANG04004096.1	AANG04004096.1	NW_019368067.1
felCat9:chrUn_NW_019368068v1	chrUn_NW_019368068v1		AANG04000146.1	AANG04000146.1	NW_019368068.1
felCat9:chrUn_NW_019368069v1	chrUn_NW_019368069v1		AANG04002952.1	AANG04002952.1	NW_019368069.1
felCat9:chrUn_NW_019368070v1	chrUn_NW_019368070v1		AANG04004211.1	AANG04004211.1	NW_019368070.1
felCat9:chrUn_NW_019368071v1	chrUn_NW_019368071v1		AANG04000529.1	AANG04000529.1	NW_019368071.1
felCat9:chrUn_NW_019368072v1	chrUn_NW_019368072v1		AANG04002942.1	AANG04002942.1	NW_019368072.1
felCat9:chrUn_NW_019368073v1	chrUn_NW_019368073v1		AANG04003091.1	AANG04003091.1	NW_019368073.1
felCat9:chrUn_NW_019368074v1	chrUn_NW_019368074v1		AANG04000835.1	AANG04000835.1	NW_019368074.1
felCat9:chrUn_NW_019368075v1	chrUn_NW_019368075v1		AANG04000386.1	AANG04000386.1	NW_019368075.1
felCat9:chrUn_NW_019368076v1	chrUn_NW_019368076v1		AANG04001378.1	AANG04001378.1	NW_019368076.1
felCat9:chrUn_NW_019368077v1	chrUn_NW_019368077v1		AANG04004490.1	AANG04004490.1	NW_019368077.1
felCat9:chrUn_NW_019368078v1	chrUn_NW_019368078v1		AANG04003498.1	AANG04003498.1	NW_019368078.1
felCat9:chrUn_NW_019368079v1	chrUn_NW_019368079v1		AANG04000707.1	AANG04000707.1	NW_019368079.1
felCat9:chrUn_NW_019368080v1	chrUn_NW_019368080v1		AANG04001159.1	AANG04001159.1	NW_019368080.1
felCat9:chrUn_NW_019368081v1	chrUn_NW_019368081v1		AANG04001328.1	AANG04001328.1	NW_019368081.1
felCat9:chrUn_NW_019368082v1	chrUn_NW_019368082v1		AANG04000687.1	AANG04000687.1	NW_019368082.1
felCat9:chrUn_NW_019368083v1	chrUn_NW_019368083v1		AANG04001468.1	AANG04001468.1	NW_019368083.1
felCat9:chrUn_NW_019368084v1	chrUn_NW_019368084v1		AANG04002627.1	AANG04002627.1	NW_019368084.1
felCat9:chrUn_NW_019368085v1	chrUn_NW_019368085v1		AANG04001611.1	AANG04001611.1	NW_019368085.1
felCat9:chrUn_NW_019368086v1	chrUn_NW_019368086v1		AANG04001557.1	AANG04001557.1	NW_019368086.1
felCat9:chrUn_NW_019368087v1	chrUn_NW_019368087v1		AANG04003384.1	AANG04003384.1	NW_019368087.1
felCat9:chrUn_NW_019368088v1	chrUn_NW_019368088v1		AANG04002891.1	AANG04002891.1	NW_019368088.1
felCat9:chrUn_NW_019368089v1	chrUn_NW_019368089v1		AANG04003326.1	AANG04003326.1	NW_019368089.1
felCat9:chrUn_NW_019368090v1	chrUn_NW_019368090v1		AANG04001737.1	AANG04001737.1	NW_019368090.1
felCat9:chrUn_NW_019368091v1	chrUn_NW_019368091v1		AANG04003686.1	AANG04003686.1	NW_019368091.1
felCat9:chrUn_NW_019368092v1	chrUn_NW_019368092v1		AANG04004564.1	AANG04004564.1	NW_019368092.1
felCat9:chrUn_NW_019368093v1	chrUn_NW_019368093v1		AANG04000067.1	AANG04000067.1	NW_019368093.1
felCat9:chrUn_NW_019368094v1	chrUn_NW_019368094v1		AANG04002833.1	AANG04002833.1	NW_019368094.1
felCat9:chrUn_NW_019368095v1	chrUn_NW_019368095v1		AANG04003175.1	AANG04003175.1	NW_019368095.1
felCat9:chrUn_NW_019368096v1	chrUn_NW_019368096v1		AANG04001316.1	AANG04001316.1	NW_019368096.1
felCat9:chrUn_NW_019368097v1	chrUn_NW_019368097v1		AANG04001598.1	AANG04001598.1	NW_019368097.1
felCat9:chrUn_NW_019368098v1	chrUn_NW_019368098v1		AANG04001018.1	AANG04001018.1	NW_019368098.1
felCat9:chrUn_NW_019368099v1	chrUn_NW_019368099v1		AANG04001073.1	AANG04001073.1	NW_019368099.1
felCat9:chrUn_NW_019368100v1	chrUn_NW_019368100v1		AANG04002279.1	AANG04002279.1	NW_019368100.1
felCat9:chrUn_NW_019368101v1	chrUn_NW_019368101v1		AANG04004005.1	AANG04004005.1	NW_019368101.1
felCat9:chrUn_NW_019368102v1	chrUn_NW_019368102v1		AANG04003697.1	AANG04003697.1	NW_019368102.1
felCat9:chrUn_NW_019368103v1	chrUn_NW_019368103v1		AANG04002400.1	AANG04002400.1	NW_019368103.1
felCat9:chrUn_NW_019368104v1	chrUn_NW_019368104v1		AANG04000781.1	AANG04000781.1	NW_019368104.1
felCat9:chrUn_NW_019368105v1	chrUn_NW_019368105v1		AANG04002326.1	AANG04002326.1	NW_019368105.1
felCat9:chrUn_NW_019368106v1	chrUn_NW_019368106v1		AANG04004122.1	AANG04004122.1	NW_019368106.1
felCat9:chrUn_NW_019368107v1	chrUn_NW_019368107v1		AANG04003109.1	AANG04003109.1	NW_019368107.1
felCat9:chrUn_NW_019368108v1	chrUn_NW_019368108v1		AANG04004316.1	AANG04004316.1	NW_019368108.1
felCat9:chrUn_NW_019368109v1	chrUn_NW_019368109v1		AANG04000448.1	AANG04000448.1	NW_019368109.1
felCat9:chrUn_NW_019368110v1	chrUn_NW_019368110v1		AANG04002618.1	AANG04002618.1	NW_019368110.1
felCat9:chrUn_NW_019368111v1	chrUn_NW_019368111v1		AANG04000959.1	AANG04000959.1	NW_019368111.1
felCat9:chrUn_NW_019368112v1	chrUn_NW_019368112v1		AANG04004245.1	AANG04004245.1	NW_019368112.1
felCat9:chrUn_NW_019368113v1	chrUn_NW_019368113v1		AANG04004739.1	AANG04004739.1	NW_019368113.1
felCat9:chrUn_NW_019368114v1	chrUn_NW_019368114v1		AANG04003323.1	AANG04003323.1	NW_019368114.1
felCat9:chrUn_NW_019368115v1	chrUn_NW_019368115v1		AANG04002931.1	AANG04002931.1	NW_019368115.1
felCat9:chrUn_NW_019368116v1	chrUn_NW_019368116v1		AANG04004253.1	AANG04004253.1	NW_019368116.1
felCat9:chrUn_NW_019368117v1	chrUn_NW_019368117v1		AANG04001504.1	AANG04001504.1	NW_019368117.1
felCat9:chrUn_NW_019368118v1	chrUn_NW_019368118v1		AANG04003872.1	AANG04003872.1	NW_019368118.1
felCat9:chrUn_NW_019368119v1	chrUn_NW_019368119v1		AANG04000086.1	AANG04000086.1	NW_019368119.1
felCat9:chrUn_NW_019368120v1	chrUn_NW_019368120v1		AANG04000918.1	AANG04000918.1	NW_019368120.1
felCat9:chrUn_NW_019368121v1	chrUn_NW_019368121v1		AANG04004409.1	AANG04004409.1	NW_019368121.1
felCat9:chrUn_NW_019368122v1	chrUn_NW_019368122v1		AANG04003212.1	AANG04003212.1	NW_019368122.1
felCat9:chrUn_NW_019368123v1	chrUn_NW_019368123v1		AANG04002160.1	AANG04002160.1	NW_019368123.1
felCat9:chrUn_NW_019368124v1	chrUn_NW_019368124v1		AANG04004738.1	AANG04004738.1	NW_019368124.1
felCat9:chrUn_NW_019368125v1	chrUn_NW_019368125v1		AANG04003130.1	AANG04003130.1	NW_019368125.1
felCat9:chrUn_NW_019368126v1	chrUn_NW_019368126v1		AANG04002522.1	AANG04002522.1	NW_019368126.1
felCat9:chrUn_NW_019368127v1	chrUn_NW_019368127v1		AANG04000278.1	AANG04000278.1	NW_019368127.1
felCat9:chrUn_NW_019368128v1	chrUn_NW_019368128v1		AANG04001366.1	AANG04001366.1	NW_019368128.1
felCat9:chrUn_NW_019368129v1	chrUn_NW_019368129v1		AANG04003817.1	AANG04003817.1	NW_019368129.1
felCat9:chrUn_NW_019368130v1	chrUn_NW_019368130v1		AANG04004617.1	AANG04004617.1	NW_019368130.1
felCat9:chrUn_NW_019368131v1	chrUn_NW_019368131v1		AANG04003636.1	AANG04003636.1	NW_019368131.1
felCat9:chrUn_NW_019368132v1	chrUn_NW_019368132v1		AANG04000920.1	AANG04000920.1	NW_019368132.1
felCat9:chrUn_NW_019368133v1	chrUn_NW_019368133v1		AANG04002014.1	AANG04002014.1	NW_019368133.1
felCat9:chrUn_NW_019368134v1	chrUn_NW_019368134v1		AANG04002312.1	AANG04002312.1	NW_019368134.1
felCat9:chrUn_NW_019368135v1	chrUn_NW_019368135v1		AANG04000922.1	AANG04000922.1	NW_019368135.1
felCat9:chrUn_NW_019368136v1	chrUn_NW_019368136v1		AANG04003928.1	AANG04003928.1	NW_019368136.1
felCat9:chrUn_NW_019368137v1	chrUn_NW_019368137v1		AANG04001665.1	AANG04001665.1	NW_019368137.1
felCat9:chrUn_NW_019368138v1	chrUn_NW_019368138v1		AANG04003797.1	AANG04003797.1	NW_019368138.1
felCat9:chrUn_NW_019368139v1	chrUn_NW_019368139v1		AANG04001415.1	AANG04001415.1	NW_019368139.1
felCat9:chrUn_NW_019368140v1	chrUn_NW_019368140v1		AANG04004117.1	AANG04004117.1	NW_019368140.1
felCat9:chrUn_NW_019368141v1	chrUn_NW_019368141v1		AANG04002349.1	AANG04002349.1	NW_019368141.1
felCat9:chrUn_NW_019368142v1	chrUn_NW_019368142v1		AANG04004297.1	AANG04004297.1	NW_019368142.1
felCat9:chrUn_NW_019368143v1	chrUn_NW_019368143v1		AANG04001970.1	AANG04001970.1	NW_019368143.1
felCat9:chrUn_NW_019368144v1	chrUn_NW_019368144v1		AANG04004599.1	AANG04004599.1	NW_019368144.1
felCat9:chrUn_NW_019368145v1	chrUn_NW_019368145v1		AANG04004705.1	AANG04004705.1	NW_019368145.1
felCat9:chrUn_NW_019368146v1	chrUn_NW_019368146v1		AANG04004677.1	AANG04004677.1	NW_019368146.1
felCat9:chrUn_NW_019368147v1	chrUn_NW_019368147v1		AANG04001814.1	AANG04001814.1	NW_019368147.1
felCat9:chrUn_NW_019368148v1	chrUn_NW_019368148v1		AANG04003814.1	AANG04003814.1	NW_019368148.1
felCat9:chrUn_NW_019368149v1	chrUn_NW_019368149v1		AANG04001701.1	AANG04001701.1	NW_019368149.1
felCat9:chrUn_NW_019368150v1	chrUn_NW_019368150v1		AANG04004242.1	AANG04004242.1	NW_019368150.1
felCat9:chrUn_NW_019368151v1	chrUn_NW_019368151v1		AANG04002928.1	AANG04002928.1	NW_019368151.1
felCat9:chrUn_NW_019368152v1	chrUn_NW_019368152v1		AANG04000539.1	AANG04000539.1	NW_019368152.1
felCat9:chrUn_NW_019368153v1	chrUn_NW_019368153v1		AANG04000004.1	AANG04000004.1	NW_019368153.1
felCat9:chrUn_NW_019368154v1	chrUn_NW_019368154v1		AANG04000267.1	AANG04000267.1	NW_019368154.1
felCat9:chrUn_NW_019368155v1	chrUn_NW_019368155v1		AANG04002181.1	AANG04002181.1	NW_019368155.1
felCat9:chrUn_NW_019368156v1	chrUn_NW_019368156v1		AANG04001759.1	AANG04001759.1	NW_019368156.1
felCat9:chrUn_NW_019368157v1	chrUn_NW_019368157v1		AANG04000182.1	AANG04000182.1	NW_019368157.1
felCat9:chrUn_NW_019368158v1	chrUn_NW_019368158v1		AANG04003800.1	AANG04003800.1	NW_019368158.1
felCat9:chrUn_NW_019368159v1	chrUn_NW_019368159v1		AANG04002874.1	AANG04002874.1	NW_019368159.1
felCat9:chrUn_NW_019368160v1	chrUn_NW_019368160v1		AANG04003589.1	AANG04003589.1	NW_019368160.1
felCat9:chrUn_NW_019368161v1	chrUn_NW_019368161v1		AANG04000842.1	AANG04000842.1	NW_019368161.1
felCat9:chrUn_NW_019368162v1	chrUn_NW_019368162v1		AANG04001501.1	AANG04001501.1	NW_019368162.1
felCat9:chrUn_NW_019368163v1	chrUn_NW_019368163v1		AANG04002378.1	AANG04002378.1	NW_019368163.1
felCat9:chrUn_NW_019368164v1	chrUn_NW_019368164v1		AANG04000669.1	AANG04000669.1	NW_019368164.1
felCat9:chrUn_NW_019368165v1	chrUn_NW_019368165v1		AANG04003449.1	AANG04003449.1	NW_019368165.1
felCat9:chrUn_NW_019368166v1	chrUn_NW_019368166v1		AANG04002508.1	AANG04002508.1	NW_019368166.1
felCat9:chrUn_NW_019368167v1	chrUn_NW_019368167v1		AANG04000919.1	AANG04000919.1	NW_019368167.1
felCat9:chrUn_NW_019368168v1	chrUn_NW_019368168v1		AANG04003750.1	AANG04003750.1	NW_019368168.1
felCat9:chrUn_NW_019368169v1	chrUn_NW_019368169v1		AANG04000832.1	AANG04000832.1	NW_019368169.1
felCat9:chrUn_NW_019368170v1	chrUn_NW_019368170v1		AANG04001550.1	AANG04001550.1	NW_019368170.1
felCat9:chrUn_NW_019368171v1	chrUn_NW_019368171v1		AANG04002405.1	AANG04002405.1	NW_019368171.1
felCat9:chrUn_NW_019368172v1	chrUn_NW_019368172v1		AANG04004637.1	AANG04004637.1	NW_019368172.1
felCat9:chrUn_NW_019368173v1	chrUn_NW_019368173v1		AANG04002206.1	AANG04002206.1	NW_019368173.1
felCat9:chrUn_NW_019368174v1	chrUn_NW_019368174v1		AANG04002082.1	AANG04002082.1	NW_019368174.1
felCat9:chrUn_NW_019368175v1	chrUn_NW_019368175v1		AANG04003243.1	AANG04003243.1	NW_019368175.1
felCat9:chrUn_NW_019368176v1	chrUn_NW_019368176v1		AANG04002300.1	AANG04002300.1	NW_019368176.1
felCat9:chrUn_NW_019368177v1	chrUn_NW_019368177v1		AANG04003776.1	AANG04003776.1	NW_019368177.1
felCat9:chrUn_NW_019368178v1	chrUn_NW_019368178v1		AANG04004687.1	AANG04004687.1	NW_019368178.1
felCat9:chrUn_NW_019368179v1	chrUn_NW_019368179v1		AANG04002587.1	AANG04002587.1	NW_019368179.1
felCat9:chrUn_NW_019368180v1	chrUn_NW_019368180v1		AANG04004384.1	AANG04004384.1	NW_019368180.1
felCat9:chrUn_NW_019368181v1	chrUn_NW_019368181v1		AANG04002547.1	AANG04002547.1	NW_019368181.1
felCat9:chrUn_NW_019368182v1	chrUn_NW_019368182v1		AANG04001981.1	AANG04001981.1	NW_019368182.1
felCat9:chrUn_NW_019368183v1	chrUn_NW_019368183v1		AANG04002581.1	AANG04002581.1	NW_019368183.1
felCat9:chrUn_NW_019368184v1	chrUn_NW_019368184v1		AANG04001358.1	AANG04001358.1	NW_019368184.1
felCat9:chrUn_NW_019368185v1	chrUn_NW_019368185v1		AANG04000033.1	AANG04000033.1	NW_019368185.1
felCat9:chrUn_NW_019368186v1	chrUn_NW_019368186v1		AANG04002416.1	AANG04002416.1	NW_019368186.1
felCat9:chrUn_NW_019368187v1	chrUn_NW_019368187v1		AANG04000244.1	AANG04000244.1	NW_019368187.1
felCat9:chrUn_NW_019368188v1	chrUn_NW_019368188v1		AANG04004201.1	AANG04004201.1	NW_019368188.1
felCat9:chrUn_NW_019368189v1	chrUn_NW_019368189v1		AANG04002157.1	AANG04002157.1	NW_019368189.1
felCat9:chrUn_NW_019368190v1	chrUn_NW_019368190v1		AANG04000572.1	AANG04000572.1	NW_019368190.1
felCat9:chrUn_NW_019368191v1	chrUn_NW_019368191v1		AANG04003433.1	AANG04003433.1	NW_019368191.1
felCat9:chrUn_NW_019368192v1	chrUn_NW_019368192v1		AANG04004387.1	AANG04004387.1	NW_019368192.1
felCat9:chrUn_NW_019368193v1	chrUn_NW_019368193v1		AANG04002238.1	AANG04002238.1	NW_019368193.1
felCat9:chrUn_NW_019368194v1	chrUn_NW_019368194v1		AANG04001002.1	AANG04001002.1	NW_019368194.1
felCat9:chrUn_NW_019368195v1	chrUn_NW_019368195v1		AANG04000993.1	AANG04000993.1	NW_019368195.1
felCat9:chrUn_NW_019368196v1	chrUn_NW_019368196v1		AANG04002184.1	AANG04002184.1	NW_019368196.1
felCat9:chrUn_NW_019368197v1	chrUn_NW_019368197v1		AANG04000916.1	AANG04000916.1	NW_019368197.1
felCat9:chrUn_NW_019368198v1	chrUn_NW_019368198v1		AANG04003058.1	AANG04003058.1	NW_019368198.1
felCat9:chrUn_NW_019368199v1	chrUn_NW_019368199v1		AANG04001497.1	AANG04001497.1	NW_019368199.1
felCat9:chrUn_NW_019368200v1	chrUn_NW_019368200v1		AANG04000728.1	AANG04000728.1	NW_019368200.1
felCat9:chrUn_NW_019368201v1	chrUn_NW_019368201v1		AANG04004369.1	AANG04004369.1	NW_019368201.1
felCat9:chrUn_NW_019368202v1	chrUn_NW_019368202v1		AANG04004210.1	AANG04004210.1	NW_019368202.1
felCat9:chrUn_NW_019368203v1	chrUn_NW_019368203v1		AANG04002366.1	AANG04002366.1	NW_019368203.1
felCat9:chrUn_NW_019368204v1	chrUn_NW_019368204v1		AANG04002793.1	AANG04002793.1	NW_019368204.1
felCat9:chrUn_NW_019368205v1	chrUn_NW_019368205v1		AANG04004472.1	AANG04004472.1	NW_019368205.1
felCat9:chrUn_NW_019368206v1	chrUn_NW_019368206v1		AANG04003790.1	AANG04003790.1	NW_019368206.1
felCat9:chrUn_NW_019368207v1	chrUn_NW_019368207v1		AANG04001541.1	AANG04001541.1	NW_019368207.1
felCat9:chrUn_NW_019368208v1	chrUn_NW_019368208v1		AANG04000559.1	AANG04000559.1	NW_019368208.1
felCat9:chrUn_NW_019368209v1	chrUn_NW_019368209v1		AANG04000600.1	AANG04000600.1	NW_019368209.1
felCat9:chrUn_NW_019368210v1	chrUn_NW_019368210v1		AANG04002182.1	AANG04002182.1	NW_019368210.1
felCat9:chrUn_NW_019368211v1	chrUn_NW_019368211v1		AANG04002936.1	AANG04002936.1	NW_019368211.1
felCat9:chrUn_NW_019368212v1	chrUn_NW_019368212v1		AANG04000623.1	AANG04000623.1	NW_019368212.1
felCat9:chrUn_NW_019368213v1	chrUn_NW_019368213v1		AANG04004493.1	AANG04004493.1	NW_019368213.1
felCat9:chrUn_NW_019368214v1	chrUn_NW_019368214v1		AANG04001793.1	AANG04001793.1	NW_019368214.1
felCat9:chrUn_NW_019368215v1	chrUn_NW_019368215v1		AANG04000499.1	AANG04000499.1	NW_019368215.1
felCat9:chrUn_NW_019368216v1	chrUn_NW_019368216v1		AANG04002272.1	AANG04002272.1	NW_019368216.1
felCat9:chrUn_NW_019368217v1	chrUn_NW_019368217v1		AANG04001090.1	AANG04001090.1	NW_019368217.1
felCat9:chrUn_NW_019368218v1	chrUn_NW_019368218v1		AANG04003989.1	AANG04003989.1	NW_019368218.1
felCat9:chrUn_NW_019368219v1	chrUn_NW_019368219v1		AANG04004237.1	AANG04004237.1	NW_019368219.1
felCat9:chrUn_NW_019368220v1	chrUn_NW_019368220v1		AANG04001630.1	AANG04001630.1	NW_019368220.1
felCat9:chrUn_NW_019368221v1	chrUn_NW_019368221v1		AANG04004393.1	AANG04004393.1	NW_019368221.1
felCat9:chrUn_NW_019368222v1	chrUn_NW_019368222v1		AANG04002419.1	AANG04002419.1	NW_019368222.1
felCat9:chrUn_NW_019368223v1	chrUn_NW_019368223v1		AANG04000065.1	AANG04000065.1	NW_019368223.1
felCat9:chrUn_NW_019368224v1	chrUn_NW_019368224v1		AANG04000378.1	AANG04000378.1	NW_019368224.1
felCat9:chrUn_NW_019368225v1	chrUn_NW_019368225v1		AANG04000199.1	AANG04000199.1	NW_019368225.1
felCat9:chrUn_NW_019368226v1	chrUn_NW_019368226v1		AANG04000007.1	AANG04000007.1	NW_019368226.1
felCat9:chrUn_NW_019368227v1	chrUn_NW_019368227v1		AANG04004726.1	AANG04004726.1	NW_019368227.1
felCat9:chrUn_NW_019368228v1	chrUn_NW_019368228v1		AANG04002840.1	AANG04002840.1	NW_019368228.1
felCat9:chrUn_NW_019368229v1	chrUn_NW_019368229v1		AANG04003161.1	AANG04003161.1	NW_019368229.1
felCat9:chrUn_NW_019368230v1	chrUn_NW_019368230v1		AANG04004086.1	AANG04004086.1	NW_019368230.1
felCat9:chrUn_NW_019368231v1	chrUn_NW_019368231v1		AANG04001472.1	AANG04001472.1	NW_019368231.1
felCat9:chrUn_NW_019368232v1	chrUn_NW_019368232v1		AANG04003258.1	AANG04003258.1	NW_019368232.1
felCat9:chrUn_NW_019368233v1	chrUn_NW_019368233v1		AANG04003585.1	AANG04003585.1	NW_019368233.1
felCat9:chrUn_NW_019368234v1	chrUn_NW_019368234v1		AANG04002264.1	AANG04002264.1	NW_019368234.1
felCat9:chrUn_NW_019368235v1	chrUn_NW_019368235v1		AANG04001899.1	AANG04001899.1	NW_019368235.1
felCat9:chrUn_NW_019368236v1	chrUn_NW_019368236v1		AANG04002828.1	AANG04002828.1	NW_019368236.1
felCat9:chrUn_NW_019368237v1	chrUn_NW_019368237v1		AANG04003205.1	AANG04003205.1	NW_019368237.1
felCat9:chrUn_NW_019368238v1	chrUn_NW_019368238v1		AANG04000913.1	AANG04000913.1	NW_019368238.1
felCat9:chrUn_NW_019368239v1	chrUn_NW_019368239v1		AANG04002803.1	AANG04002803.1	NW_019368239.1
felCat9:chrUn_NW_019368240v1	chrUn_NW_019368240v1		AANG04001216.1	AANG04001216.1	NW_019368240.1
felCat9:chrUn_NW_019368241v1	chrUn_NW_019368241v1		AANG04004470.1	AANG04004470.1	NW_019368241.1
felCat9:chrUn_NW_019368242v1	chrUn_NW_019368242v1		AANG04003306.1	AANG04003306.1	NW_019368242.1
felCat9:chrUn_NW_019368243v1	chrUn_NW_019368243v1		AANG04003456.1	AANG04003456.1	NW_019368243.1
felCat9:chrUn_NW_019368244v1	chrUn_NW_019368244v1		AANG04002085.1	AANG04002085.1	NW_019368244.1
felCat9:chrUn_NW_019368245v1	chrUn_NW_019368245v1		AANG04004239.1	AANG04004239.1	NW_019368245.1
felCat9:chrUn_NW_019368246v1	chrUn_NW_019368246v1		AANG04000069.1	AANG04000069.1	NW_019368246.1
felCat9:chrUn_NW_019368247v1	chrUn_NW_019368247v1		AANG04003565.1	AANG04003565.1	NW_019368247.1
felCat9:chrUn_NW_019368248v1	chrUn_NW_019368248v1		AANG04002516.1	AANG04002516.1	NW_019368248.1
felCat9:chrUn_NW_019368249v1	chrUn_NW_019368249v1		AANG04001523.1	AANG04001523.1	NW_019368249.1
felCat9:chrUn_NW_019368250v1	chrUn_NW_019368250v1		AANG04003055.1	AANG04003055.1	NW_019368250.1
felCat9:chrUn_NW_019368251v1	chrUn_NW_019368251v1		AANG04003420.1	AANG04003420.1	NW_019368251.1
felCat9:chrUn_NW_019368252v1	chrUn_NW_019368252v1		AANG04000503.1	AANG04000503.1	NW_019368252.1
felCat9:chrUn_NW_019368253v1	chrUn_NW_019368253v1		AANG04003950.1	AANG04003950.1	NW_019368253.1
felCat9:chrUn_NW_019368254v1	chrUn_NW_019368254v1		AANG04003040.1	AANG04003040.1	NW_019368254.1
felCat9:chrUn_NW_019368255v1	chrUn_NW_019368255v1		AANG04001876.1	AANG04001876.1	NW_019368255.1
felCat9:chrUn_NW_019368256v1	chrUn_NW_019368256v1		AANG04002882.1	AANG04002882.1	NW_019368256.1
felCat9:chrUn_NW_019368257v1	chrUn_NW_019368257v1		AANG04001622.1	AANG04001622.1	NW_019368257.1
felCat9:chrUn_NW_019368258v1	chrUn_NW_019368258v1		AANG04001481.1	AANG04001481.1	NW_019368258.1
felCat9:chrUn_NW_019368259v1	chrUn_NW_019368259v1		AANG04003475.1	AANG04003475.1	NW_019368259.1
felCat9:chrUn_NW_019368260v1	chrUn_NW_019368260v1		AANG04004178.1	AANG04004178.1	NW_019368260.1
felCat9:chrUn_NW_019368261v1	chrUn_NW_019368261v1		AANG04004549.1	AANG04004549.1	NW_019368261.1
felCat9:chrUn_NW_019368262v1	chrUn_NW_019368262v1		AANG04002880.1	AANG04002880.1	NW_019368262.1
felCat9:chrUn_NW_019368263v1	chrUn_NW_019368263v1		AANG04003457.1	AANG04003457.1	NW_019368263.1
felCat9:chrUn_NW_019368264v1	chrUn_NW_019368264v1		AANG04000854.1	AANG04000854.1	NW_019368264.1
felCat9:chrUn_NW_019368265v1	chrUn_NW_019368265v1		AANG04004587.1	AANG04004587.1	NW_019368265.1
felCat9:chrUn_NW_019368266v1	chrUn_NW_019368266v1		AANG04002566.1	AANG04002566.1	NW_019368266.1
felCat9:chrUn_NW_019368267v1	chrUn_NW_019368267v1		AANG04003738.1	AANG04003738.1	NW_019368267.1
felCat9:chrUn_NW_019368268v1	chrUn_NW_019368268v1		AANG04002468.1	AANG04002468.1	NW_019368268.1
felCat9:chrUn_NW_019368269v1	chrUn_NW_019368269v1		AANG04002399.1	AANG04002399.1	NW_019368269.1
felCat9:chrUn_NW_019368270v1	chrUn_NW_019368270v1		AANG04001334.1	AANG04001334.1	NW_019368270.1
felCat9:chrUn_NW_019368271v1	chrUn_NW_019368271v1		AANG04003434.1	AANG04003434.1	NW_019368271.1
felCat9:chrUn_NW_019368272v1	chrUn_NW_019368272v1		AANG04000251.1	AANG04000251.1	NW_019368272.1
felCat9:chrUn_NW_019368273v1	chrUn_NW_019368273v1		AANG04002374.1	AANG04002374.1	NW_019368273.1
felCat9:chrUn_NW_019368274v1	chrUn_NW_019368274v1		AANG04002795.1	AANG04002795.1	NW_019368274.1
felCat9:chrUn_NW_019368275v1	chrUn_NW_019368275v1		AANG04000735.1	AANG04000735.1	NW_019368275.1
felCat9:chrUn_NW_019368276v1	chrUn_NW_019368276v1		AANG04001710.1	AANG04001710.1	NW_019368276.1
felCat9:chrUn_NW_019368277v1	chrUn_NW_019368277v1		AANG04001750.1	AANG04001750.1	NW_019368277.1
felCat9:chrUn_NW_019368278v1	chrUn_NW_019368278v1		AANG04004465.1	AANG04004465.1	NW_019368278.1
felCat9:chrUn_NW_019368279v1	chrUn_NW_019368279v1		AANG04003006.1	AANG04003006.1	NW_019368279.1
felCat9:chrUn_NW_019368280v1	chrUn_NW_019368280v1		AANG04003113.1	AANG04003113.1	NW_019368280.1
felCat9:chrUn_NW_019368281v1	chrUn_NW_019368281v1		AANG04003069.1	AANG04003069.1	NW_019368281.1
felCat9:chrUn_NW_019368282v1	chrUn_NW_019368282v1		AANG04000762.1	AANG04000762.1	NW_019368282.1
felCat9:chrUn_NW_019368283v1	chrUn_NW_019368283v1		AANG04000238.1	AANG04000238.1	NW_019368283.1
felCat9:chrUn_NW_019368284v1	chrUn_NW_019368284v1		AANG04000495.1	AANG04000495.1	NW_019368284.1
felCat9:chrUn_NW_019368285v1	chrUn_NW_019368285v1		AANG04002677.1	AANG04002677.1	NW_019368285.1
felCat9:chrUn_NW_019368286v1	chrUn_NW_019368286v1		AANG04001708.1	AANG04001708.1	NW_019368286.1
felCat9:chrUn_NW_019368287v1	chrUn_NW_019368287v1		AANG04000961.1	AANG04000961.1	NW_019368287.1
felCat9:chrUn_NW_019368288v1	chrUn_NW_019368288v1		AANG04001214.1	AANG04001214.1	NW_019368288.1
felCat9:chrUn_NW_019368289v1	chrUn_NW_019368289v1		AANG04000772.1	AANG04000772.1	NW_019368289.1
felCat9:chrUn_NW_019368290v1	chrUn_NW_019368290v1		AANG04000612.1	AANG04000612.1	NW_019368290.1
felCat9:chrUn_NW_019368291v1	chrUn_NW_019368291v1		AANG04004684.1	AANG04004684.1	NW_019368291.1
felCat9:chrUn_NW_019368292v1	chrUn_NW_019368292v1		AANG04002490.1	AANG04002490.1	NW_019368292.1
felCat9:chrUn_NW_019368293v1	chrUn_NW_019368293v1		AANG04002205.1	AANG04002205.1	NW_019368293.1
felCat9:chrUn_NW_019368294v1	chrUn_NW_019368294v1		AANG04003063.1	AANG04003063.1	NW_019368294.1
felCat9:chrUn_NW_019368295v1	chrUn_NW_019368295v1		AANG04002901.1	AANG04002901.1	NW_019368295.1
felCat9:chrUn_NW_019368296v1	chrUn_NW_019368296v1		AANG04002737.1	AANG04002737.1	NW_019368296.1
felCat9:chrUn_NW_019368297v1	chrUn_NW_019368297v1		AANG04004113.1	AANG04004113.1	NW_019368297.1
felCat9:chrUn_NW_019368298v1	chrUn_NW_019368298v1		AANG04004703.1	AANG04004703.1	NW_019368298.1
felCat9:chrUn_NW_019368299v1	chrUn_NW_019368299v1		AANG04003924.1	AANG04003924.1	NW_019368299.1
felCat9:chrUn_NW_019368300v1	chrUn_NW_019368300v1		AANG04002807.1	AANG04002807.1	NW_019368300.1
felCat9:chrUn_NW_019368301v1	chrUn_NW_019368301v1		AANG04004168.1	AANG04004168.1	NW_019368301.1
felCat9:chrUn_NW_019368302v1	chrUn_NW_019368302v1		AANG04000247.1	AANG04000247.1	NW_019368302.1
felCat9:chrUn_NW_019368303v1	chrUn_NW_019368303v1		AANG04003688.1	AANG04003688.1	NW_019368303.1
felCat9:chrUn_NW_019368304v1	chrUn_NW_019368304v1		AANG04001825.1	AANG04001825.1	NW_019368304.1
felCat9:chrUn_NW_019368305v1	chrUn_NW_019368305v1		AANG04000357.1	AANG04000357.1	NW_019368305.1
felCat9:chrUn_NW_019368306v1	chrUn_NW_019368306v1		AANG04003676.1	AANG04003676.1	NW_019368306.1
felCat9:chrUn_NW_019368307v1	chrUn_NW_019368307v1		AANG04000520.1	AANG04000520.1	NW_019368307.1
felCat9:chrUn_NW_019368308v1	chrUn_NW_019368308v1		AANG04002381.1	AANG04002381.1	NW_019368308.1
felCat9:chrUn_NW_019368309v1	chrUn_NW_019368309v1		AANG04003479.1	AANG04003479.1	NW_019368309.1
felCat9:chrUn_NW_019368310v1	chrUn_NW_019368310v1		AANG04000088.1	AANG04000088.1	NW_019368310.1
felCat9:chrUn_NW_019368311v1	chrUn_NW_019368311v1		AANG04001345.1	AANG04001345.1	NW_019368311.1
felCat9:chrUn_NW_019368312v1	chrUn_NW_019368312v1		AANG04001305.1	AANG04001305.1	NW_019368312.1
felCat9:chrUn_NW_019368313v1	chrUn_NW_019368313v1		AANG04002055.1	AANG04002055.1	NW_019368313.1
felCat9:chrUn_NW_019368314v1	chrUn_NW_019368314v1		AANG04003595.1	AANG04003595.1	NW_019368314.1
felCat9:chrUn_NW_019368315v1	chrUn_NW_019368315v1		AANG04001916.1	AANG04001916.1	NW_019368315.1
felCat9:chrUn_NW_019368316v1	chrUn_NW_019368316v1		AANG04003558.1	AANG04003558.1	NW_019368316.1
felCat9:chrUn_NW_019368317v1	chrUn_NW_019368317v1		AANG04000387.1	AANG04000387.1	NW_019368317.1
felCat9:chrUn_NW_019368318v1	chrUn_NW_019368318v1		AANG04000724.1	AANG04000724.1	NW_019368318.1
felCat9:chrUn_NW_019368319v1	chrUn_NW_019368319v1		AANG04002827.1	AANG04002827.1	NW_019368319.1
felCat9:chrUn_NW_019368320v1	chrUn_NW_019368320v1		AANG04002916.1	AANG04002916.1	NW_019368320.1
felCat9:chrUn_NW_019368321v1	chrUn_NW_019368321v1		AANG04002625.1	AANG04002625.1	NW_019368321.1
felCat9:chrUn_NW_019368322v1	chrUn_NW_019368322v1		AANG04002218.1	AANG04002218.1	NW_019368322.1
felCat9:chrUn_NW_019368323v1	chrUn_NW_019368323v1		AANG04004604.1	AANG04004604.1	NW_019368323.1
felCat9:chrUn_NW_019368324v1	chrUn_NW_019368324v1		AANG04003494.1	AANG04003494.1	NW_019368324.1
felCat9:chrUn_NW_019368325v1	chrUn_NW_019368325v1		AANG04004288.1	AANG04004288.1	NW_019368325.1
felCat9:chrUn_NW_019368326v1	chrUn_NW_019368326v1		AANG04002287.1	AANG04002287.1	NW_019368326.1
felCat9:chrUn_NW_019368327v1	chrUn_NW_019368327v1		AANG04001646.1	AANG04001646.1	NW_019368327.1
felCat9:chrUn_NW_019368328v1	chrUn_NW_019368328v1		AANG04002485.1	AANG04002485.1	NW_019368328.1
felCat9:chrUn_NW_019368329v1	chrUn_NW_019368329v1		AANG04001732.1	AANG04001732.1	NW_019368329.1
felCat9:chrUn_NW_019368330v1	chrUn_NW_019368330v1		AANG04004625.1	AANG04004625.1	NW_019368330.1
felCat9:chrUn_NW_019368331v1	chrUn_NW_019368331v1		AANG04001927.1	AANG04001927.1	NW_019368331.1
felCat9:chrUn_NW_019368332v1	chrUn_NW_019368332v1		AANG04003894.1	AANG04003894.1	NW_019368332.1
felCat9:chrUn_NW_019368333v1	chrUn_NW_019368333v1		AANG04001365.1	AANG04001365.1	NW_019368333.1
felCat9:chrUn_NW_019368334v1	chrUn_NW_019368334v1		AANG04002846.1	AANG04002846.1	NW_019368334.1
felCat9:chrUn_NW_019368335v1	chrUn_NW_019368335v1		AANG04001805.1	AANG04001805.1	NW_019368335.1
felCat9:chrUn_NW_019368336v1	chrUn_NW_019368336v1		AANG04003027.1	AANG04003027.1	NW_019368336.1
felCat9:chrUn_NW_019368337v1	chrUn_NW_019368337v1		AANG04001240.1	AANG04001240.1	NW_019368337.1
felCat9:chrUn_NW_019368338v1	chrUn_NW_019368338v1		AANG04001390.1	AANG04001390.1	NW_019368338.1
felCat9:chrUn_NW_019368339v1	chrUn_NW_019368339v1		AANG04002970.1	AANG04002970.1	NW_019368339.1
felCat9:chrUn_NW_019368340v1	chrUn_NW_019368340v1		AANG04000274.1	AANG04000274.1	NW_019368340.1
felCat9:chrUn_NW_019368341v1	chrUn_NW_019368341v1		AANG04003747.1	AANG04003747.1	NW_019368341.1
felCat9:chrUn_NW_019368342v1	chrUn_NW_019368342v1		AANG04002267.1	AANG04002267.1	NW_019368342.1
felCat9:chrUn_NW_019368343v1	chrUn_NW_019368343v1		AANG04003218.1	AANG04003218.1	NW_019368343.1
felCat9:chrUn_NW_019368344v1	chrUn_NW_019368344v1		AANG04002007.1	AANG04002007.1	NW_019368344.1
felCat9:chrUn_NW_019368345v1	chrUn_NW_019368345v1		AANG04001181.1	AANG04001181.1	NW_019368345.1
felCat9:chrUn_NW_019368346v1	chrUn_NW_019368346v1		AANG04002299.1	AANG04002299.1	NW_019368346.1
felCat9:chrUn_NW_019368347v1	chrUn_NW_019368347v1		AANG04002397.1	AANG04002397.1	NW_019368347.1
felCat9:chrUn_NW_019368348v1	chrUn_NW_019368348v1		AANG04002653.1	AANG04002653.1	NW_019368348.1
felCat9:chrUn_NW_019368349v1	chrUn_NW_019368349v1		AANG04001035.1	AANG04001035.1	NW_019368349.1
felCat9:chrUn_NW_019368350v1	chrUn_NW_019368350v1		AANG04000404.1	AANG04000404.1	NW_019368350.1
felCat9:chrUn_NW_019368351v1	chrUn_NW_019368351v1		AANG04002225.1	AANG04002225.1	NW_019368351.1
felCat9:chrUn_NW_019368352v1	chrUn_NW_019368352v1		AANG04000464.1	AANG04000464.1	NW_019368352.1
felCat9:chrUn_NW_019368353v1	chrUn_NW_019368353v1		AANG04002377.1	AANG04002377.1	NW_019368353.1
felCat9:chrUn_NW_019368354v1	chrUn_NW_019368354v1		AANG04000592.1	AANG04000592.1	NW_019368354.1
felCat9:chrUn_NW_019368355v1	chrUn_NW_019368355v1		AANG04004085.1	AANG04004085.1	NW_019368355.1
felCat9:chrUn_NW_019368356v1	chrUn_NW_019368356v1		AANG04002757.1	AANG04002757.1	NW_019368356.1
felCat9:chrUn_NW_019368357v1	chrUn_NW_019368357v1		AANG04003327.1	AANG04003327.1	NW_019368357.1
felCat9:chrUn_NW_019368358v1	chrUn_NW_019368358v1		AANG04002339.1	AANG04002339.1	NW_019368358.1
felCat9:chrUn_NW_019368359v1	chrUn_NW_019368359v1		AANG04004150.1	AANG04004150.1	NW_019368359.1
felCat9:chrUn_NW_019368360v1	chrUn_NW_019368360v1		AANG04001405.1	AANG04001405.1	NW_019368360.1
felCat9:chrUn_NW_019368361v1	chrUn_NW_019368361v1		AANG04004512.1	AANG04004512.1	NW_019368361.1
felCat9:chrUn_NW_019368362v1	chrUn_NW_019368362v1		AANG04004101.1	AANG04004101.1	NW_019368362.1
felCat9:chrUn_NW_019368363v1	chrUn_NW_019368363v1		AANG04001889.1	AANG04001889.1	NW_019368363.1
felCat9:chrUn_NW_019368364v1	chrUn_NW_019368364v1		AANG04001733.1	AANG04001733.1	NW_019368364.1
felCat9:chrUn_NW_019368365v1	chrUn_NW_019368365v1		AANG04002354.1	AANG04002354.1	NW_019368365.1
felCat9:chrUn_NW_019368366v1	chrUn_NW_019368366v1		AANG04002024.1	AANG04002024.1	NW_019368366.1
felCat9:chrUn_NW_019368367v1	chrUn_NW_019368367v1		AANG04002666.1	AANG04002666.1	NW_019368367.1
felCat9:chrUn_NW_019368368v1	chrUn_NW_019368368v1		AANG04000708.1	AANG04000708.1	NW_019368368.1
felCat9:chrUn_NW_019368369v1	chrUn_NW_019368369v1		AANG04002601.1	AANG04002601.1	NW_019368369.1
felCat9:chrUn_NW_019368370v1	chrUn_NW_019368370v1		AANG04000585.1	AANG04000585.1	NW_019368370.1
felCat9:chrUn_NW_019368371v1	chrUn_NW_019368371v1		AANG04002791.1	AANG04002791.1	NW_019368371.1
felCat9:chrUn_NW_019368372v1	chrUn_NW_019368372v1		AANG04000911.1	AANG04000911.1	NW_019368372.1
felCat9:chrUn_NW_019368373v1	chrUn_NW_019368373v1		AANG04000120.1	AANG04000120.1	NW_019368373.1
felCat9:chrUn_NW_019368374v1	chrUn_NW_019368374v1		AANG04001947.1	AANG04001947.1	NW_019368374.1
felCat9:chrUn_NW_019368375v1	chrUn_NW_019368375v1		AANG04003760.1	AANG04003760.1	NW_019368375.1
felCat9:chrUn_NW_019368376v1	chrUn_NW_019368376v1		AANG04001232.1	AANG04001232.1	NW_019368376.1
felCat9:chrUn_NW_019368377v1	chrUn_NW_019368377v1		AANG04003033.1	AANG04003033.1	NW_019368377.1
felCat9:chrUn_NW_019368378v1	chrUn_NW_019368378v1		AANG04001434.1	AANG04001434.1	NW_019368378.1
felCat9:chrUn_NW_019368379v1	chrUn_NW_019368379v1		AANG04002328.1	AANG04002328.1	NW_019368379.1
felCat9:chrUn_NW_019368380v1	chrUn_NW_019368380v1		AANG04004182.1	AANG04004182.1	NW_019368380.1
felCat9:chrUn_NW_019368381v1	chrUn_NW_019368381v1		AANG04002152.1	AANG04002152.1	NW_019368381.1
felCat9:chrUn_NW_019368382v1	chrUn_NW_019368382v1		AANG04001343.1	AANG04001343.1	NW_019368382.1
felCat9:chrUn_NW_019368383v1	chrUn_NW_019368383v1		AANG04001134.1	AANG04001134.1	NW_019368383.1
felCat9:chrUn_NW_019368384v1	chrUn_NW_019368384v1		AANG04001085.1	AANG04001085.1	NW_019368384.1
felCat9:chrUn_NW_019368385v1	chrUn_NW_019368385v1		AANG04002832.1	AANG04002832.1	NW_019368385.1
felCat9:chrUn_NW_019368386v1	chrUn_NW_019368386v1		AANG04002064.1	AANG04002064.1	NW_019368386.1
felCat9:chrUn_NW_019368387v1	chrUn_NW_019368387v1		AANG04001413.1	AANG04001413.1	NW_019368387.1
felCat9:chrUn_NW_019368388v1	chrUn_NW_019368388v1		AANG04001442.1	AANG04001442.1	NW_019368388.1
felCat9:chrUn_NW_019368389v1	chrUn_NW_019368389v1		AANG04004227.1	AANG04004227.1	NW_019368389.1
felCat9:chrUn_NW_019368390v1	chrUn_NW_019368390v1		AANG04001638.1	AANG04001638.1	NW_019368390.1
felCat9:chrUn_NW_019368391v1	chrUn_NW_019368391v1		AANG04001036.1	AANG04001036.1	NW_019368391.1
felCat9:chrUn_NW_019368392v1	chrUn_NW_019368392v1		AANG04004132.1	AANG04004132.1	NW_019368392.1
felCat9:chrUn_NW_019368393v1	chrUn_NW_019368393v1		AANG04000807.1	AANG04000807.1	NW_019368393.1
felCat9:chrUn_NW_019368394v1	chrUn_NW_019368394v1		AANG04001851.1	AANG04001851.1	NW_019368394.1
felCat9:chrUn_NW_019368395v1	chrUn_NW_019368395v1		AANG04002540.1	AANG04002540.1	NW_019368395.1
felCat9:chrUn_NW_019368396v1	chrUn_NW_019368396v1		AANG04000917.1	AANG04000917.1	NW_019368396.1
felCat9:chrUn_NW_019368397v1	chrUn_NW_019368397v1		AANG04004633.1	AANG04004633.1	NW_019368397.1
felCat9:chrUn_NW_019368398v1	chrUn_NW_019368398v1		AANG04000895.1	AANG04000895.1	NW_019368398.1
felCat9:chrUn_NW_019368399v1	chrUn_NW_019368399v1		AANG04004616.1	AANG04004616.1	NW_019368399.1
felCat9:chrUn_NW_019368400v1	chrUn_NW_019368400v1		AANG04003330.1	AANG04003330.1	NW_019368400.1
felCat9:chrUn_NW_019368401v1	chrUn_NW_019368401v1		AANG04003639.1	AANG04003639.1	NW_019368401.1
felCat9:chrUn_NW_019368402v1	chrUn_NW_019368402v1		AANG04000614.1	AANG04000614.1	NW_019368402.1
felCat9:chrUn_NW_019368403v1	chrUn_NW_019368403v1		AANG04004151.1	AANG04004151.1	NW_019368403.1
felCat9:chrUn_NW_019368404v1	chrUn_NW_019368404v1		AANG04001357.1	AANG04001357.1	NW_019368404.1
felCat9:chrUn_NW_019368405v1	chrUn_NW_019368405v1		AANG04004525.1	AANG04004525.1	NW_019368405.1
felCat9:chrUn_NW_019368406v1	chrUn_NW_019368406v1		AANG04001528.1	AANG04001528.1	NW_019368406.1
felCat9:chrUn_NW_019368407v1	chrUn_NW_019368407v1		AANG04003593.1	AANG04003593.1	NW_019368407.1
felCat9:chrUn_NW_019368408v1	chrUn_NW_019368408v1		AANG04000074.1	AANG04000074.1	NW_019368408.1
felCat9:chrUn_NW_019368409v1	chrUn_NW_019368409v1		AANG04004723.1	AANG04004723.1	NW_019368409.1
felCat9:chrUn_NW_019368410v1	chrUn_NW_019368410v1		AANG04003553.1	AANG04003553.1	NW_019368410.1
felCat9:chrUn_NW_019368411v1	chrUn_NW_019368411v1		AANG04002051.1	AANG04002051.1	NW_019368411.1
felCat9:chrUn_NW_019368412v1	chrUn_NW_019368412v1		AANG04001803.1	AANG04001803.1	NW_019368412.1
felCat9:chrUn_NW_019368413v1	chrUn_NW_019368413v1		AANG04000526.1	AANG04000526.1	NW_019368413.1
felCat9:chrUn_NW_019368414v1	chrUn_NW_019368414v1		AANG04004672.1	AANG04004672.1	NW_019368414.1
felCat9:chrUn_NW_019368415v1	chrUn_NW_019368415v1		AANG04003008.1	AANG04003008.1	NW_019368415.1
felCat9:chrUn_NW_019368416v1	chrUn_NW_019368416v1		AANG04002914.1	AANG04002914.1	NW_019368416.1
felCat9:chrUn_NW_019368417v1	chrUn_NW_019368417v1		AANG04002292.1	AANG04002292.1	NW_019368417.1
felCat9:chrUn_NW_019368418v1	chrUn_NW_019368418v1		AANG04001698.1	AANG04001698.1	NW_019368418.1
felCat9:chrUn_NW_019368419v1	chrUn_NW_019368419v1		AANG04002118.1	AANG04002118.1	NW_019368419.1
felCat9:chrUn_NW_019368420v1	chrUn_NW_019368420v1		AANG04002178.1	AANG04002178.1	NW_019368420.1
felCat9:chrUn_NW_019368421v1	chrUn_NW_019368421v1		AANG04004123.1	AANG04004123.1	NW_019368421.1
felCat9:chrUn_NW_019368422v1	chrUn_NW_019368422v1		AANG04001476.1	AANG04001476.1	NW_019368422.1
felCat9:chrUn_NW_019368423v1	chrUn_NW_019368423v1		AANG04003746.1	AANG04003746.1	NW_019368423.1
felCat9:chrUn_NW_019368424v1	chrUn_NW_019368424v1		AANG04003248.1	AANG04003248.1	NW_019368424.1
felCat9:chrUn_NW_019368425v1	chrUn_NW_019368425v1		AANG04004654.1	AANG04004654.1	NW_019368425.1
felCat9:chrUn_NW_019368426v1	chrUn_NW_019368426v1		AANG04003944.1	AANG04003944.1	NW_019368426.1
felCat9:chrUn_NW_019368427v1	chrUn_NW_019368427v1		AANG04001583.1	AANG04001583.1	NW_019368427.1
felCat9:chrUn_NW_019368428v1	chrUn_NW_019368428v1		AANG04001077.1	AANG04001077.1	NW_019368428.1
felCat9:chrUn_NW_019368429v1	chrUn_NW_019368429v1		AANG04000011.1	AANG04000011.1	NW_019368429.1
felCat9:chrUn_NW_019368430v1	chrUn_NW_019368430v1		AANG04000830.1	AANG04000830.1	NW_019368430.1
felCat9:chrUn_NW_019368431v1	chrUn_NW_019368431v1		AANG04000976.1	AANG04000976.1	NW_019368431.1
felCat9:chrUn_NW_019368432v1	chrUn_NW_019368432v1		AANG04000576.1	AANG04000576.1	NW_019368432.1
felCat9:chrUn_NW_019368433v1	chrUn_NW_019368433v1		AANG04002329.1	AANG04002329.1	NW_019368433.1
felCat9:chrUn_NW_019368434v1	chrUn_NW_019368434v1		AANG04004674.1	AANG04004674.1	NW_019368434.1
felCat9:chrUn_NW_019368435v1	chrUn_NW_019368435v1		AANG04003288.1	AANG04003288.1	NW_019368435.1
felCat9:chrUn_NW_019368436v1	chrUn_NW_019368436v1		AANG04003052.1	AANG04003052.1	NW_019368436.1
felCat9:chrUn_NW_019368437v1	chrUn_NW_019368437v1		AANG04003105.1	AANG04003105.1	NW_019368437.1
felCat9:chrUn_NW_019368438v1	chrUn_NW_019368438v1		AANG04000680.1	AANG04000680.1	NW_019368438.1
felCat9:chrUn_NW_019368439v1	chrUn_NW_019368439v1		AANG04002918.1	AANG04002918.1	NW_019368439.1
felCat9:chrUn_NW_019368440v1	chrUn_NW_019368440v1		AANG04003276.1	AANG04003276.1	NW_019368440.1
felCat9:chrUn_NW_019368441v1	chrUn_NW_019368441v1		AANG04003848.1	AANG04003848.1	NW_019368441.1
felCat9:chrUn_NW_019368442v1	chrUn_NW_019368442v1		AANG04000677.1	AANG04000677.1	NW_019368442.1
felCat9:chrUn_NW_019368443v1	chrUn_NW_019368443v1		AANG04003134.1	AANG04003134.1	NW_019368443.1
felCat9:chrUn_NW_019368444v1	chrUn_NW_019368444v1		AANG04000955.1	AANG04000955.1	NW_019368444.1
felCat9:chrUn_NW_019368445v1	chrUn_NW_019368445v1		AANG04001279.1	AANG04001279.1	NW_019368445.1
felCat9:chrUn_NW_019368446v1	chrUn_NW_019368446v1		AANG04003003.1	AANG04003003.1	NW_019368446.1
felCat9:chrUn_NW_019368447v1	chrUn_NW_019368447v1		AANG04004436.1	AANG04004436.1	NW_019368447.1
felCat9:chrUn_NW_019368448v1	chrUn_NW_019368448v1		AANG04001312.1	AANG04001312.1	NW_019368448.1
felCat9:chrUn_NW_019368449v1	chrUn_NW_019368449v1		AANG04001717.1	AANG04001717.1	NW_019368449.1
felCat9:chrUn_NW_019368450v1	chrUn_NW_019368450v1		AANG04001633.1	AANG04001633.1	NW_019368450.1
felCat9:chrUn_NW_019368451v1	chrUn_NW_019368451v1		AANG04001954.1	AANG04001954.1	NW_019368451.1
felCat9:chrUn_NW_019368452v1	chrUn_NW_019368452v1		AANG04000823.1	AANG04000823.1	NW_019368452.1
felCat9:chrUn_NW_019368453v1	chrUn_NW_019368453v1		AANG04001205.1	AANG04001205.1	NW_019368453.1
felCat9:chrUn_NW_019368454v1	chrUn_NW_019368454v1		AANG04004620.1	AANG04004620.1	NW_019368454.1
felCat9:chrUn_NW_019368455v1	chrUn_NW_019368455v1		AANG04001596.1	AANG04001596.1	NW_019368455.1
felCat9:chrUn_NW_019368456v1	chrUn_NW_019368456v1		AANG04001503.1	AANG04001503.1	NW_019368456.1
felCat9:chrUn_NW_019368457v1	chrUn_NW_019368457v1		AANG04002957.1	AANG04002957.1	NW_019368457.1
felCat9:chrUn_NW_019368458v1	chrUn_NW_019368458v1		AANG04001578.1	AANG04001578.1	NW_019368458.1
felCat9:chrUn_NW_019368459v1	chrUn_NW_019368459v1		AANG04002257.1	AANG04002257.1	NW_019368459.1
felCat9:chrUn_NW_019368460v1	chrUn_NW_019368460v1		AANG04003603.1	AANG04003603.1	NW_019368460.1
felCat9:chrUn_NW_019368461v1	chrUn_NW_019368461v1		AANG04002610.1	AANG04002610.1	NW_019368461.1
felCat9:chrUn_NW_019368462v1	chrUn_NW_019368462v1		AANG04000550.1	AANG04000550.1	NW_019368462.1
felCat9:chrUn_NW_019368463v1	chrUn_NW_019368463v1		AANG04001711.1	AANG04001711.1	NW_019368463.1
felCat9:chrUn_NW_019368464v1	chrUn_NW_019368464v1		AANG04000838.1	AANG04000838.1	NW_019368464.1
felCat9:chrUn_NW_019368465v1	chrUn_NW_019368465v1		AANG04004416.1	AANG04004416.1	NW_019368465.1
felCat9:chrUn_NW_019368466v1	chrUn_NW_019368466v1		AANG04004445.1	AANG04004445.1	NW_019368466.1
felCat9:chrUn_NW_019368467v1	chrUn_NW_019368467v1		AANG04000321.1	AANG04000321.1	NW_019368467.1
felCat9:chrUn_NW_019368468v1	chrUn_NW_019368468v1		AANG04003823.1	AANG04003823.1	NW_019368468.1
felCat9:chrUn_NW_019368469v1	chrUn_NW_019368469v1		AANG04002964.1	AANG04002964.1	NW_019368469.1
felCat9:chrUn_NW_019368470v1	chrUn_NW_019368470v1		AANG04001250.1	AANG04001250.1	NW_019368470.1
felCat9:chrUn_NW_019368471v1	chrUn_NW_019368471v1		AANG04000440.1	AANG04000440.1	NW_019368471.1
felCat9:chrUn_NW_019368472v1	chrUn_NW_019368472v1		AANG04001454.1	AANG04001454.1	NW_019368472.1
felCat9:chrUn_NW_019368473v1	chrUn_NW_019368473v1		AANG04001812.1	AANG04001812.1	NW_019368473.1
felCat9:chrUn_NW_019368474v1	chrUn_NW_019368474v1		AANG04004054.1	AANG04004054.1	NW_019368474.1
felCat9:chrUn_NW_019368475v1	chrUn_NW_019368475v1		AANG04003201.1	AANG04003201.1	NW_019368475.1
felCat9:chrUn_NW_019368476v1	chrUn_NW_019368476v1		AANG04001490.1	AANG04001490.1	NW_019368476.1
felCat9:chrUn_NW_019368477v1	chrUn_NW_019368477v1		AANG04000514.1	AANG04000514.1	NW_019368477.1
felCat9:chrUn_NW_019368478v1	chrUn_NW_019368478v1		AANG04004144.1	AANG04004144.1	NW_019368478.1
felCat9:chrUn_NW_019368479v1	chrUn_NW_019368479v1		AANG04003392.1	AANG04003392.1	NW_019368479.1
felCat9:chrUn_NW_019368480v1	chrUn_NW_019368480v1		AANG04002922.1	AANG04002922.1	NW_019368480.1
felCat9:chrUn_NW_019368481v1	chrUn_NW_019368481v1		AANG04002578.1	AANG04002578.1	NW_019368481.1
felCat9:chrUn_NW_019368482v1	chrUn_NW_019368482v1		AANG04003217.1	AANG04003217.1	NW_019368482.1
felCat9:chrUn_NW_019368483v1	chrUn_NW_019368483v1		AANG04004455.1	AANG04004455.1	NW_019368483.1
felCat9:chrUn_NW_019368484v1	chrUn_NW_019368484v1		AANG04001969.1	AANG04001969.1	NW_019368484.1
felCat9:chrUn_NW_019368485v1	chrUn_NW_019368485v1		AANG04001432.1	AANG04001432.1	NW_019368485.1
felCat9:chrUn_NW_019368486v1	chrUn_NW_019368486v1		AANG04002214.1	AANG04002214.1	NW_019368486.1
felCat9:chrUn_NW_019368487v1	chrUn_NW_019368487v1		AANG04000427.1	AANG04000427.1	NW_019368487.1
felCat9:chrUn_NW_019368488v1	chrUn_NW_019368488v1		AANG04003648.1	AANG04003648.1	NW_019368488.1
felCat9:chrUn_NW_019368489v1	chrUn_NW_019368489v1		AANG04004287.1	AANG04004287.1	NW_019368489.1
felCat9:chrUn_NW_019368490v1	chrUn_NW_019368490v1		AANG04000861.1	AANG04000861.1	NW_019368490.1
felCat9:chrUn_NW_019368491v1	chrUn_NW_019368491v1		AANG04003147.1	AANG04003147.1	NW_019368491.1
felCat9:chrUn_NW_019368492v1	chrUn_NW_019368492v1		AANG04002108.1	AANG04002108.1	NW_019368492.1
felCat9:chrUn_NW_019368493v1	chrUn_NW_019368493v1		AANG04004041.1	AANG04004041.1	NW_019368493.1
felCat9:chrUn_NW_019368494v1	chrUn_NW_019368494v1		AANG04004743.1	AANG04004743.1	NW_019368494.1
felCat9:chrUn_NW_019368495v1	chrUn_NW_019368495v1		AANG04001419.1	AANG04001419.1	NW_019368495.1
felCat9:chrUn_NW_019368496v1	chrUn_NW_019368496v1		AANG04003638.1	AANG04003638.1	NW_019368496.1
felCat9:chrUn_NW_019368497v1	chrUn_NW_019368497v1		AANG04001226.1	AANG04001226.1	NW_019368497.1
felCat9:chrUn_NW_019368498v1	chrUn_NW_019368498v1		AANG04003887.1	AANG04003887.1	NW_019368498.1
felCat9:chrUn_NW_019368499v1	chrUn_NW_019368499v1		AANG04001820.1	AANG04001820.1	NW_019368499.1
felCat9:chrUn_NW_019368500v1	chrUn_NW_019368500v1		AANG04004295.1	AANG04004295.1	NW_019368500.1
felCat9:chrUn_NW_019368501v1	chrUn_NW_019368501v1		AANG04002452.1	AANG04002452.1	NW_019368501.1
felCat9:chrUn_NW_019368502v1	chrUn_NW_019368502v1		AANG04000591.1	AANG04000591.1	NW_019368502.1
felCat9:chrUn_NW_019368503v1	chrUn_NW_019368503v1		AANG04003970.1	AANG04003970.1	NW_019368503.1
felCat9:chrUn_NW_019368504v1	chrUn_NW_019368504v1		AANG04000318.1	AANG04000318.1	NW_019368504.1
felCat9:chrUn_NW_019368505v1	chrUn_NW_019368505v1		AANG04002075.1	AANG04002075.1	NW_019368505.1
felCat9:chrUn_NW_019368506v1	chrUn_NW_019368506v1		AANG04003902.1	AANG04003902.1	NW_019368506.1
felCat9:chrUn_NW_019368507v1	chrUn_NW_019368507v1		AANG04002950.1	AANG04002950.1	NW_019368507.1
felCat9:chrUn_NW_019368508v1	chrUn_NW_019368508v1		AANG04001465.1	AANG04001465.1	NW_019368508.1
felCat9:chrUn_NW_019368509v1	chrUn_NW_019368509v1		AANG04003660.1	AANG04003660.1	NW_019368509.1
felCat9:chrUn_NW_019368510v1	chrUn_NW_019368510v1		AANG04001785.1	AANG04001785.1	NW_019368510.1
felCat9:chrUn_NW_019368511v1	chrUn_NW_019368511v1		AANG04002830.1	AANG04002830.1	NW_019368511.1
felCat9:chrUn_NW_019368512v1	chrUn_NW_019368512v1		AANG04001669.1	AANG04001669.1	NW_019368512.1
felCat9:chrUn_NW_019368513v1	chrUn_NW_019368513v1		AANG04000300.1	AANG04000300.1	NW_019368513.1
felCat9:chrUn_NW_019368514v1	chrUn_NW_019368514v1		AANG04000958.1	AANG04000958.1	NW_019368514.1
felCat9:chrUn_NW_019368515v1	chrUn_NW_019368515v1		AANG04000379.1	AANG04000379.1	NW_019368515.1
felCat9:chrUn_NW_019368516v1	chrUn_NW_019368516v1		AANG04002260.1	AANG04002260.1	NW_019368516.1
felCat9:chrUn_NW_019368517v1	chrUn_NW_019368517v1		AANG04000682.1	AANG04000682.1	NW_019368517.1
felCat9:chrUn_NW_019368518v1	chrUn_NW_019368518v1		AANG04000825.1	AANG04000825.1	NW_019368518.1
felCat9:chrUn_NW_019368519v1	chrUn_NW_019368519v1		AANG04001558.1	AANG04001558.1	NW_019368519.1
felCat9:chrUn_NW_019368520v1	chrUn_NW_019368520v1		AANG04004444.1	AANG04004444.1	NW_019368520.1
felCat9:chrUn_NW_019368521v1	chrUn_NW_019368521v1		AANG04003499.1	AANG04003499.1	NW_019368521.1
felCat9:chrUn_NW_019368522v1	chrUn_NW_019368522v1		AANG04000720.1	AANG04000720.1	NW_019368522.1
felCat9:chrUn_NW_019368523v1	chrUn_NW_019368523v1		AANG04004667.1	AANG04004667.1	NW_019368523.1
felCat9:chrUn_NW_019368524v1	chrUn_NW_019368524v1		AANG04001016.1	AANG04001016.1	NW_019368524.1
felCat9:chrUn_NW_019368525v1	chrUn_NW_019368525v1		AANG04001437.1	AANG04001437.1	NW_019368525.1
felCat9:chrUn_NW_019368526v1	chrUn_NW_019368526v1		AANG04001685.1	AANG04001685.1	NW_019368526.1
felCat9:chrUn_NW_019368527v1	chrUn_NW_019368527v1		AANG04003735.1	AANG04003735.1	NW_019368527.1
felCat9:chrUn_NW_019368528v1	chrUn_NW_019368528v1		AANG04000248.1	AANG04000248.1	NW_019368528.1
felCat9:chrUn_NW_019368529v1	chrUn_NW_019368529v1		AANG04001228.1	AANG04001228.1	NW_019368529.1
felCat9:chrUn_NW_019368530v1	chrUn_NW_019368530v1		AANG04000419.1	AANG04000419.1	NW_019368530.1
felCat9:chrUn_NW_019368531v1	chrUn_NW_019368531v1		AANG04004585.1	AANG04004585.1	NW_019368531.1
felCat9:chrUn_NW_019368532v1	chrUn_NW_019368532v1		AANG04002656.1	AANG04002656.1	NW_019368532.1
felCat9:chrUn_NW_019368533v1	chrUn_NW_019368533v1		AANG04001933.1	AANG04001933.1	NW_019368533.1
felCat9:chrUn_NW_019368534v1	chrUn_NW_019368534v1		AANG04003268.1	AANG04003268.1	NW_019368534.1
felCat9:chrUn_NW_019368535v1	chrUn_NW_019368535v1		AANG04000743.1	AANG04000743.1	NW_019368535.1
felCat9:chrUn_NW_019368536v1	chrUn_NW_019368536v1		AANG04002646.1	AANG04002646.1	NW_019368536.1
felCat9:chrUn_NW_019368537v1	chrUn_NW_019368537v1		AANG04004163.1	AANG04004163.1	NW_019368537.1
felCat9:chrUn_NW_019368538v1	chrUn_NW_019368538v1		AANG04001180.1	AANG04001180.1	NW_019368538.1
felCat9:chrUn_NW_019368539v1	chrUn_NW_019368539v1		AANG04004207.1	AANG04004207.1	NW_019368539.1
felCat9:chrUn_NW_019368540v1	chrUn_NW_019368540v1		AANG04000349.1	AANG04000349.1	NW_019368540.1
felCat9:chrUn_NW_019368541v1	chrUn_NW_019368541v1		AANG04002990.1	AANG04002990.1	NW_019368541.1
felCat9:chrUn_NW_019368542v1	chrUn_NW_019368542v1		AANG04000816.1	AANG04000816.1	NW_019368542.1
felCat9:chrUn_NW_019368543v1	chrUn_NW_019368543v1		AANG04002156.1	AANG04002156.1	NW_019368543.1
felCat9:chrUn_NW_019368544v1	chrUn_NW_019368544v1		AANG04000905.1	AANG04000905.1	NW_019368544.1
felCat9:chrUn_NW_019368545v1	chrUn_NW_019368545v1		AANG04004578.1	AANG04004578.1	NW_019368545.1
felCat9:chrUn_NW_019368546v1	chrUn_NW_019368546v1		AANG04000583.1	AANG04000583.1	NW_019368546.1
felCat9:chrUn_NW_019368547v1	chrUn_NW_019368547v1		AANG04000599.1	AANG04000599.1	NW_019368547.1
felCat9:chrUn_NW_019368548v1	chrUn_NW_019368548v1		AANG04001395.1	AANG04001395.1	NW_019368548.1
felCat9:chrUn_NW_019368549v1	chrUn_NW_019368549v1		AANG04003826.1	AANG04003826.1	NW_019368549.1
felCat9:chrUn_NW_019368550v1	chrUn_NW_019368550v1		AANG04002675.1	AANG04002675.1	NW_019368550.1
felCat9:chrUn_NW_019368551v1	chrUn_NW_019368551v1		AANG04004267.1	AANG04004267.1	NW_019368551.1
felCat9:chrUn_NW_019368552v1	chrUn_NW_019368552v1		AANG04001078.1	AANG04001078.1	NW_019368552.1
felCat9:chrUn_NW_019368553v1	chrUn_NW_019368553v1		AANG04000170.1	AANG04000170.1	NW_019368553.1
felCat9:chrUn_NW_019368554v1	chrUn_NW_019368554v1		AANG04001741.1	AANG04001741.1	NW_019368554.1
felCat9:chrUn_NW_019368555v1	chrUn_NW_019368555v1		AANG04001553.1	AANG04001553.1	NW_019368555.1
felCat9:chrUn_NW_019368556v1	chrUn_NW_019368556v1		AANG04004742.1	AANG04004742.1	NW_019368556.1
felCat9:chrUn_NW_019368557v1	chrUn_NW_019368557v1		AANG04002695.1	AANG04002695.1	NW_019368557.1
felCat9:chrUn_NW_019368558v1	chrUn_NW_019368558v1		AANG04003781.1	AANG04003781.1	NW_019368558.1
felCat9:chrUn_NW_019368559v1	chrUn_NW_019368559v1		AANG04004111.1	AANG04004111.1	NW_019368559.1
felCat9:chrUn_NW_019368560v1	chrUn_NW_019368560v1		AANG04000485.1	AANG04000485.1	NW_019368560.1
felCat9:chrUn_NW_019368561v1	chrUn_NW_019368561v1		AANG04001098.1	AANG04001098.1	NW_019368561.1
felCat9:chrUn_NW_019368562v1	chrUn_NW_019368562v1		AANG04003176.1	AANG04003176.1	NW_019368562.1
felCat9:chrUn_NW_019368563v1	chrUn_NW_019368563v1		AANG04004318.1	AANG04004318.1	NW_019368563.1
felCat9:chrUn_NW_019368564v1	chrUn_NW_019368564v1		AANG04002428.1	AANG04002428.1	NW_019368564.1
felCat9:chrUn_NW_019368565v1	chrUn_NW_019368565v1		AANG04003349.1	AANG04003349.1	NW_019368565.1
felCat9:chrUn_NW_019368566v1	chrUn_NW_019368566v1		AANG04004653.1	AANG04004653.1	NW_019368566.1
felCat9:chrUn_NW_019368567v1	chrUn_NW_019368567v1		AANG04000978.1	AANG04000978.1	NW_019368567.1
felCat9:chrUn_NW_019368568v1	chrUn_NW_019368568v1		AANG04002365.1	AANG04002365.1	NW_019368568.1
felCat9:chrUn_NW_019368569v1	chrUn_NW_019368569v1		AANG04000455.1	AANG04000455.1	NW_019368569.1
felCat9:chrUn_NW_019368570v1	chrUn_NW_019368570v1		AANG04003335.1	AANG04003335.1	NW_019368570.1
felCat9:chrUn_NW_019368571v1	chrUn_NW_019368571v1		AANG04000821.1	AANG04000821.1	NW_019368571.1
felCat9:chrUn_NW_019368572v1	chrUn_NW_019368572v1		AANG04003469.1	AANG04003469.1	NW_019368572.1
felCat9:chrUn_NW_019368573v1	chrUn_NW_019368573v1		AANG04002528.1	AANG04002528.1	NW_019368573.1
felCat9:chrUn_NW_019368574v1	chrUn_NW_019368574v1		AANG04003442.1	AANG04003442.1	NW_019368574.1
felCat9:chrUn_NW_019368575v1	chrUn_NW_019368575v1		AANG04002689.1	AANG04002689.1	NW_019368575.1
felCat9:chrUn_NW_019368576v1	chrUn_NW_019368576v1		AANG04004666.1	AANG04004666.1	NW_019368576.1
felCat9:chrUn_NW_019368577v1	chrUn_NW_019368577v1		AANG04002158.1	AANG04002158.1	NW_019368577.1
felCat9:chrUn_NW_019368578v1	chrUn_NW_019368578v1		AANG04002705.1	AANG04002705.1	NW_019368578.1
felCat9:chrUn_NW_019368579v1	chrUn_NW_019368579v1		AANG04001088.1	AANG04001088.1	NW_019368579.1
felCat9:chrUn_NW_019368580v1	chrUn_NW_019368580v1		AANG04004678.1	AANG04004678.1	NW_019368580.1
felCat9:chrUn_NW_019368581v1	chrUn_NW_019368581v1		AANG04001861.1	AANG04001861.1	NW_019368581.1
felCat9:chrUn_NW_019368582v1	chrUn_NW_019368582v1		AANG04003336.1	AANG04003336.1	NW_019368582.1
felCat9:chrUn_NW_019368583v1	chrUn_NW_019368583v1		AANG04003193.1	AANG04003193.1	NW_019368583.1
felCat9:chrUn_NW_019368584v1	chrUn_NW_019368584v1		AANG04004516.1	AANG04004516.1	NW_019368584.1
felCat9:chrUn_NW_019368585v1	chrUn_NW_019368585v1		AANG04003184.1	AANG04003184.1	NW_019368585.1
felCat9:chrUn_NW_019368586v1	chrUn_NW_019368586v1		AANG04002623.1	AANG04002623.1	NW_019368586.1
felCat9:chrUn_NW_019368587v1	chrUn_NW_019368587v1		AANG04001533.1	AANG04001533.1	NW_019368587.1
felCat9:chrUn_NW_019368588v1	chrUn_NW_019368588v1		AANG04003773.1	AANG04003773.1	NW_019368588.1
felCat9:chrUn_NW_019368589v1	chrUn_NW_019368589v1		AANG04003301.1	AANG04003301.1	NW_019368589.1
felCat9:chrUn_NW_019368590v1	chrUn_NW_019368590v1		AANG04001843.1	AANG04001843.1	NW_019368590.1
felCat9:chrUn_NW_019368591v1	chrUn_NW_019368591v1		AANG04001810.1	AANG04001810.1	NW_019368591.1
felCat9:chrUn_NW_019368592v1	chrUn_NW_019368592v1		AANG04000411.1	AANG04000411.1	NW_019368592.1
felCat9:chrUn_NW_019368593v1	chrUn_NW_019368593v1		AANG04001955.1	AANG04001955.1	NW_019368593.1
felCat9:chrUn_NW_019368594v1	chrUn_NW_019368594v1		AANG04003614.1	AANG04003614.1	NW_019368594.1
felCat9:chrUn_NW_019368595v1	chrUn_NW_019368595v1		AANG04004443.1	AANG04004443.1	NW_019368595.1
felCat9:chrUn_NW_019368596v1	chrUn_NW_019368596v1		AANG04004697.1	AANG04004697.1	NW_019368596.1
felCat9:chrUn_NW_019368597v1	chrUn_NW_019368597v1		AANG04003791.1	AANG04003791.1	NW_019368597.1
felCat9:chrUn_NW_019368598v1	chrUn_NW_019368598v1		AANG04003210.1	AANG04003210.1	NW_019368598.1
felCat9:chrUn_NW_019368599v1	chrUn_NW_019368599v1		AANG04003719.1	AANG04003719.1	NW_019368599.1
felCat9:chrUn_NW_019368600v1	chrUn_NW_019368600v1		AANG04003103.1	AANG04003103.1	NW_019368600.1
felCat9:chrUn_NW_019368601v1	chrUn_NW_019368601v1		AANG04000802.1	AANG04000802.1	NW_019368601.1
felCat9:chrUn_NW_019368602v1	chrUn_NW_019368602v1		AANG04003918.1	AANG04003918.1	NW_019368602.1
felCat9:chrUn_NW_019368603v1	chrUn_NW_019368603v1		AANG04001773.1	AANG04001773.1	NW_019368603.1
felCat9:chrUn_NW_019368604v1	chrUn_NW_019368604v1		AANG04001393.1	AANG04001393.1	NW_019368604.1
felCat9:chrUn_NW_019368605v1	chrUn_NW_019368605v1		AANG04001895.1	AANG04001895.1	NW_019368605.1
felCat9:chrUn_NW_019368606v1	chrUn_NW_019368606v1		AANG04000626.1	AANG04000626.1	NW_019368606.1
felCat9:chrUn_NW_019368607v1	chrUn_NW_019368607v1		AANG04001355.1	AANG04001355.1	NW_019368607.1
felCat9:chrUn_NW_019368608v1	chrUn_NW_019368608v1		AANG04000235.1	AANG04000235.1	NW_019368608.1
felCat9:chrUn_NW_019368609v1	chrUn_NW_019368609v1		AANG04000894.1	AANG04000894.1	NW_019368609.1
felCat9:chrUn_NW_019368610v1	chrUn_NW_019368610v1		AANG04000306.1	AANG04000306.1	NW_019368610.1
felCat9:chrUn_NW_019368611v1	chrUn_NW_019368611v1		AANG04002904.1	AANG04002904.1	NW_019368611.1
felCat9:chrUn_NW_019368612v1	chrUn_NW_019368612v1		AANG04003060.1	AANG04003060.1	NW_019368612.1
felCat9:chrUn_NW_019368613v1	chrUn_NW_019368613v1		AANG04004351.1	AANG04004351.1	NW_019368613.1
felCat9:chrUn_NW_019368614v1	chrUn_NW_019368614v1		AANG04002065.1	AANG04002065.1	NW_019368614.1
felCat9:chrUn_NW_019368615v1	chrUn_NW_019368615v1		AANG04003255.1	AANG04003255.1	NW_019368615.1
felCat9:chrUn_NW_019368616v1	chrUn_NW_019368616v1		AANG04001030.1	AANG04001030.1	NW_019368616.1
felCat9:chrUn_NW_019368617v1	chrUn_NW_019368617v1		AANG04000488.1	AANG04000488.1	NW_019368617.1
felCat9:chrUn_NW_019368618v1	chrUn_NW_019368618v1		AANG04002244.1	AANG04002244.1	NW_019368618.1
felCat9:chrUn_NW_019368619v1	chrUn_NW_019368619v1		AANG04000061.1	AANG04000061.1	NW_019368619.1
felCat9:chrUn_NW_019368620v1	chrUn_NW_019368620v1		AANG04000697.1	AANG04000697.1	NW_019368620.1
felCat9:chrUn_NW_019368621v1	chrUn_NW_019368621v1		AANG04004388.1	AANG04004388.1	NW_019368621.1
felCat9:chrUn_NW_019368622v1	chrUn_NW_019368622v1		AANG04004170.1	AANG04004170.1	NW_019368622.1
felCat9:chrUn_NW_019368623v1	chrUn_NW_019368623v1		AANG04001724.1	AANG04001724.1	NW_019368623.1
felCat9:chrUn_NW_019368624v1	chrUn_NW_019368624v1		AANG04003363.1	AANG04003363.1	NW_019368624.1
felCat9:chrUn_NW_019368625v1	chrUn_NW_019368625v1		AANG04000013.1	AANG04000013.1	NW_019368625.1
felCat9:chrUn_NW_019368626v1	chrUn_NW_019368626v1		AANG04003695.1	AANG04003695.1	NW_019368626.1
felCat9:chrUn_NW_019368627v1	chrUn_NW_019368627v1		AANG04001949.1	AANG04001949.1	NW_019368627.1
felCat9:chrUn_NW_019368628v1	chrUn_NW_019368628v1		AANG04004062.1	AANG04004062.1	NW_019368628.1
felCat9:chrUn_NW_019368629v1	chrUn_NW_019368629v1		AANG04003877.1	AANG04003877.1	NW_019368629.1
felCat9:chrUn_NW_019368630v1	chrUn_NW_019368630v1		AANG04004299.1	AANG04004299.1	NW_019368630.1
felCat9:chrUn_NW_019368631v1	chrUn_NW_019368631v1		AANG04001697.1	AANG04001697.1	NW_019368631.1
felCat9:chrUn_NW_019368632v1	chrUn_NW_019368632v1		AANG04000784.1	AANG04000784.1	NW_019368632.1
felCat9:chrUn_NW_019368633v1	chrUn_NW_019368633v1		AANG04001438.1	AANG04001438.1	NW_019368633.1
felCat9:chrUn_NW_019368634v1	chrUn_NW_019368634v1		AANG04001942.1	AANG04001942.1	NW_019368634.1
felCat9:chrUn_NW_019368635v1	chrUn_NW_019368635v1		AANG04001735.1	AANG04001735.1	NW_019368635.1
felCat9:chrUn_NW_019368636v1	chrUn_NW_019368636v1		AANG04002996.1	AANG04002996.1	NW_019368636.1
felCat9:chrUn_NW_019368637v1	chrUn_NW_019368637v1		AANG04003110.1	AANG04003110.1	NW_019368637.1
felCat9:chrUn_NW_019368638v1	chrUn_NW_019368638v1		AANG04000813.1	AANG04000813.1	NW_019368638.1
felCat9:chrUn_NW_019368639v1	chrUn_NW_019368639v1		AANG04003419.1	AANG04003419.1	NW_019368639.1
felCat9:chrUn_NW_019368640v1	chrUn_NW_019368640v1		AANG04001141.1	AANG04001141.1	NW_019368640.1
felCat9:chrUn_NW_019368641v1	chrUn_NW_019368641v1		AANG04002557.1	AANG04002557.1	NW_019368641.1
felCat9:chrUn_NW_019368642v1	chrUn_NW_019368642v1		AANG04003135.1	AANG04003135.1	NW_019368642.1
felCat9:chrUn_NW_019368643v1	chrUn_NW_019368643v1		AANG04002271.1	AANG04002271.1	NW_019368643.1
felCat9:chrUn_NW_019368644v1	chrUn_NW_019368644v1		AANG04000383.1	AANG04000383.1	NW_019368644.1
felCat9:chrUn_NW_019368645v1	chrUn_NW_019368645v1		AANG04002794.1	AANG04002794.1	NW_019368645.1
felCat9:chrUn_NW_019368646v1	chrUn_NW_019368646v1		AANG04001116.1	AANG04001116.1	NW_019368646.1
felCat9:chrUn_NW_019368647v1	chrUn_NW_019368647v1		AANG04000429.1	AANG04000429.1	NW_019368647.1
felCat9:chrUn_NW_019368648v1	chrUn_NW_019368648v1		AANG04004073.1	AANG04004073.1	NW_019368648.1
felCat9:chrUn_NW_019368649v1	chrUn_NW_019368649v1		AANG04001723.1	AANG04001723.1	NW_019368649.1
felCat9:chrUn_NW_019368650v1	chrUn_NW_019368650v1		AANG04002153.1	AANG04002153.1	NW_019368650.1
felCat9:chrUn_NW_019368651v1	chrUn_NW_019368651v1		AANG04001559.1	AANG04001559.1	NW_019368651.1
felCat9:chrUn_NW_019368652v1	chrUn_NW_019368652v1		AANG04000794.1	AANG04000794.1	NW_019368652.1
felCat9:chrUn_NW_019368653v1	chrUn_NW_019368653v1		AANG04000054.1	AANG04000054.1	NW_019368653.1
felCat9:chrUn_NW_019368654v1	chrUn_NW_019368654v1		AANG04001795.1	AANG04001795.1	NW_019368654.1
felCat9:chrUn_NW_019368655v1	chrUn_NW_019368655v1		AANG04004027.1	AANG04004027.1	NW_019368655.1
felCat9:chrUn_NW_019368656v1	chrUn_NW_019368656v1		AANG04003145.1	AANG04003145.1	NW_019368656.1
felCat9:chrUn_NW_019368657v1	chrUn_NW_019368657v1		AANG04004614.1	AANG04004614.1	NW_019368657.1
felCat9:chrUn_NW_019368658v1	chrUn_NW_019368658v1		AANG04001939.1	AANG04001939.1	NW_019368658.1
felCat9:chrUn_NW_019368659v1	chrUn_NW_019368659v1		AANG04001643.1	AANG04001643.1	NW_019368659.1
felCat9:chrUn_NW_019368660v1	chrUn_NW_019368660v1		AANG04000659.1	AANG04000659.1	NW_019368660.1
felCat9:chrUn_NW_019368661v1	chrUn_NW_019368661v1		AANG04001821.1	AANG04001821.1	NW_019368661.1
felCat9:chrUn_NW_019368662v1	chrUn_NW_019368662v1		AANG04000864.1	AANG04000864.1	NW_019368662.1
felCat9:chrUn_NW_019368663v1	chrUn_NW_019368663v1		AANG04004350.1	AANG04004350.1	NW_019368663.1
felCat9:chrUn_NW_019368664v1	chrUn_NW_019368664v1		AANG04001431.1	AANG04001431.1	NW_019368664.1
felCat9:chrUn_NW_019368665v1	chrUn_NW_019368665v1		AANG04004602.1	AANG04004602.1	NW_019368665.1
felCat9:chrUn_NW_019368666v1	chrUn_NW_019368666v1		AANG04001354.1	AANG04001354.1	NW_019368666.1
felCat9:chrUn_NW_019368667v1	chrUn_NW_019368667v1		AANG04001642.1	AANG04001642.1	NW_019368667.1
felCat9:chrUn_NW_019368668v1	chrUn_NW_019368668v1		AANG04001612.1	AANG04001612.1	NW_019368668.1
felCat9:chrUn_NW_019368669v1	chrUn_NW_019368669v1		AANG04002712.1	AANG04002712.1	NW_019368669.1
felCat9:chrUn_NW_019368670v1	chrUn_NW_019368670v1		AANG04000489.1	AANG04000489.1	NW_019368670.1
felCat9:chrUn_NW_019368671v1	chrUn_NW_019368671v1		AANG04001045.1	AANG04001045.1	NW_019368671.1
felCat9:chrUn_NW_019368672v1	chrUn_NW_019368672v1		AANG04002440.1	AANG04002440.1	NW_019368672.1
felCat9:chrUn_NW_019368673v1	chrUn_NW_019368673v1		AANG04003774.1	AANG04003774.1	NW_019368673.1
felCat9:chrUn_NW_019368674v1	chrUn_NW_019368674v1		AANG04004014.1	AANG04004014.1	NW_019368674.1
felCat9:chrUn_NW_019368675v1	chrUn_NW_019368675v1		AANG04004410.1	AANG04004410.1	NW_019368675.1
felCat9:chrUn_NW_019368676v1	chrUn_NW_019368676v1		AANG04000986.1	AANG04000986.1	NW_019368676.1
felCat9:chrUn_NW_019368677v1	chrUn_NW_019368677v1		AANG04003805.1	AANG04003805.1	NW_019368677.1
felCat9:chrUn_NW_019368678v1	chrUn_NW_019368678v1		AANG04000569.1	AANG04000569.1	NW_019368678.1
felCat9:chrUn_NW_019368679v1	chrUn_NW_019368679v1		AANG04002811.1	AANG04002811.1	NW_019368679.1
felCat9:chrUn_NW_019368680v1	chrUn_NW_019368680v1		AANG04002466.1	AANG04002466.1	NW_019368680.1
felCat9:chrUn_NW_019368681v1	chrUn_NW_019368681v1		AANG04003935.1	AANG04003935.1	NW_019368681.1
felCat9:chrUn_NW_019368682v1	chrUn_NW_019368682v1		AANG04000527.1	AANG04000527.1	NW_019368682.1
felCat9:chrUn_NW_019368683v1	chrUn_NW_019368683v1		AANG04002611.1	AANG04002611.1	NW_019368683.1
felCat9:chrUn_NW_019368684v1	chrUn_NW_019368684v1		AANG04003148.1	AANG04003148.1	NW_019368684.1
felCat9:chrUn_NW_019368685v1	chrUn_NW_019368685v1		AANG04003290.1	AANG04003290.1	NW_019368685.1
felCat9:chrUn_NW_019368686v1	chrUn_NW_019368686v1		AANG04004329.1	AANG04004329.1	NW_019368686.1
felCat9:chrUn_NW_019368687v1	chrUn_NW_019368687v1		AANG04001637.1	AANG04001637.1	NW_019368687.1
felCat9:chrUn_NW_019368688v1	chrUn_NW_019368688v1		AANG04004626.1	AANG04004626.1	NW_019368688.1
felCat9:chrUn_NW_019368689v1	chrUn_NW_019368689v1		AANG04002902.1	AANG04002902.1	NW_019368689.1
felCat9:chrUn_NW_019368690v1	chrUn_NW_019368690v1		AANG04002040.1	AANG04002040.1	NW_019368690.1
felCat9:chrUn_NW_019368691v1	chrUn_NW_019368691v1		AANG04003555.1	AANG04003555.1	NW_019368691.1
felCat9:chrUn_NW_019368692v1	chrUn_NW_019368692v1		AANG04002663.1	AANG04002663.1	NW_019368692.1
felCat9:chrUn_NW_019368693v1	chrUn_NW_019368693v1		AANG04001600.1	AANG04001600.1	NW_019368693.1
felCat9:chrUn_NW_019368694v1	chrUn_NW_019368694v1		AANG04001046.1	AANG04001046.1	NW_019368694.1
felCat9:chrUn_NW_019368695v1	chrUn_NW_019368695v1		AANG04003195.1	AANG04003195.1	NW_019368695.1
felCat9:chrUn_NW_019368696v1	chrUn_NW_019368696v1		AANG04003996.1	AANG04003996.1	NW_019368696.1
felCat9:chrUn_NW_019368697v1	chrUn_NW_019368697v1		AANG04002193.1	AANG04002193.1	NW_019368697.1
felCat9:chrUn_NW_019368698v1	chrUn_NW_019368698v1		AANG04003402.1	AANG04003402.1	NW_019368698.1
felCat9:chrUn_NW_019368699v1	chrUn_NW_019368699v1		AANG04000399.1	AANG04000399.1	NW_019368699.1
felCat9:chrUn_NW_019368700v1	chrUn_NW_019368700v1		AANG04000384.1	AANG04000384.1	NW_019368700.1
felCat9:chrUn_NW_019368701v1	chrUn_NW_019368701v1		AANG04003815.1	AANG04003815.1	NW_019368701.1
felCat9:chrUn_NW_019368702v1	chrUn_NW_019368702v1		AANG04003969.1	AANG04003969.1	NW_019368702.1
felCat9:chrUn_NW_019368703v1	chrUn_NW_019368703v1		AANG04002910.1	AANG04002910.1	NW_019368703.1
felCat9:chrUn_NW_019368704v1	chrUn_NW_019368704v1		AANG04003424.1	AANG04003424.1	NW_019368704.1
felCat9:chrUn_NW_019368705v1	chrUn_NW_019368705v1		AANG04003247.1	AANG04003247.1	NW_019368705.1
felCat9:chrUn_NW_019368706v1	chrUn_NW_019368706v1		AANG04001935.1	AANG04001935.1	NW_019368706.1
felCat9:chrUn_NW_019368707v1	chrUn_NW_019368707v1		AANG04000126.1	AANG04000126.1	NW_019368707.1
felCat9:chrUn_NW_019368708v1	chrUn_NW_019368708v1		AANG04000568.1	AANG04000568.1	NW_019368708.1
felCat9:chrUn_NW_019368709v1	chrUn_NW_019368709v1		AANG04000179.1	AANG04000179.1	NW_019368709.1
felCat9:chrUn_NW_019368710v1	chrUn_NW_019368710v1		AANG04003337.1	AANG04003337.1	NW_019368710.1
felCat9:chrUn_NW_019368711v1	chrUn_NW_019368711v1		AANG04000035.1	AANG04000035.1	NW_019368711.1
felCat9:chrUn_NW_019368712v1	chrUn_NW_019368712v1		AANG04002735.1	AANG04002735.1	NW_019368712.1
felCat9:chrUn_NW_019368713v1	chrUn_NW_019368713v1		AANG04001093.1	AANG04001093.1	NW_019368713.1
felCat9:chrUn_NW_019368714v1	chrUn_NW_019368714v1		AANG04003054.1	AANG04003054.1	NW_019368714.1
felCat9:chrUn_NW_019368715v1	chrUn_NW_019368715v1		AANG04001742.1	AANG04001742.1	NW_019368715.1
felCat9:chrUn_NW_019368716v1	chrUn_NW_019368716v1		AANG04001577.1	AANG04001577.1	NW_019368716.1
felCat9:chrUn_NW_019368717v1	chrUn_NW_019368717v1		AANG04001625.1	AANG04001625.1	NW_019368717.1
felCat9:chrUn_NW_019368718v1	chrUn_NW_019368718v1		AANG04003030.1	AANG04003030.1	NW_019368718.1
felCat9:chrUn_NW_019368719v1	chrUn_NW_019368719v1		AANG04000428.1	AANG04000428.1	NW_019368719.1
felCat9:chrUn_NW_019368720v1	chrUn_NW_019368720v1		AANG04003727.1	AANG04003727.1	NW_019368720.1
felCat9:chrUn_NW_019368721v1	chrUn_NW_019368721v1		AANG04002905.1	AANG04002905.1	NW_019368721.1
felCat9:chrUn_NW_019368722v1	chrUn_NW_019368722v1		AANG04000609.1	AANG04000609.1	NW_019368722.1
felCat9:chrUn_NW_019368723v1	chrUn_NW_019368723v1		AANG04003037.1	AANG04003037.1	NW_019368723.1
felCat9:chrUn_NW_019368724v1	chrUn_NW_019368724v1		AANG04002376.1	AANG04002376.1	NW_019368724.1
felCat9:chrUn_NW_019368725v1	chrUn_NW_019368725v1		AANG04002534.1	AANG04002534.1	NW_019368725.1
felCat9:chrUn_NW_019368726v1	chrUn_NW_019368726v1		AANG04002533.1	AANG04002533.1	NW_019368726.1
felCat9:chrUn_NW_019368727v1	chrUn_NW_019368727v1		AANG04001052.1	AANG04001052.1	NW_019368727.1
felCat9:chrUn_NW_019368728v1	chrUn_NW_019368728v1		AANG04001165.1	AANG04001165.1	NW_019368728.1
felCat9:chrUn_NW_019368729v1	chrUn_NW_019368729v1		AANG04000181.1	AANG04000181.1	NW_019368729.1
felCat9:chrUn_NW_019368730v1	chrUn_NW_019368730v1		AANG04001301.1	AANG04001301.1	NW_019368730.1
felCat9:chrUn_NW_019368731v1	chrUn_NW_019368731v1		AANG04001112.1	AANG04001112.1	NW_019368731.1
felCat9:chrUn_NW_019368732v1	chrUn_NW_019368732v1		AANG04003024.1	AANG04003024.1	NW_019368732.1
felCat9:chrUn_NW_019368733v1	chrUn_NW_019368733v1		AANG04001032.1	AANG04001032.1	NW_019368733.1
felCat9:chrUn_NW_019368734v1	chrUn_NW_019368734v1		AANG04000686.1	AANG04000686.1	NW_019368734.1
felCat9:chrUn_NW_019368735v1	chrUn_NW_019368735v1		AANG04000827.1	AANG04000827.1	NW_019368735.1
felCat9:chrUn_NW_019368736v1	chrUn_NW_019368736v1		AANG04000663.1	AANG04000663.1	NW_019368736.1
felCat9:chrUn_NW_019368737v1	chrUn_NW_019368737v1		AANG04002870.1	AANG04002870.1	NW_019368737.1
felCat9:chrUn_NW_019368738v1	chrUn_NW_019368738v1		AANG04004249.1	AANG04004249.1	NW_019368738.1
felCat9:chrUn_NW_019368739v1	chrUn_NW_019368739v1		AANG04001274.1	AANG04001274.1	NW_019368739.1
felCat9:chrUn_NW_019368740v1	chrUn_NW_019368740v1		AANG04002709.1	AANG04002709.1	NW_019368740.1
felCat9:chrUn_NW_019368741v1	chrUn_NW_019368741v1		AANG04001780.1	AANG04001780.1	NW_019368741.1
felCat9:chrUn_NW_019368742v1	chrUn_NW_019368742v1		AANG04002338.1	AANG04002338.1	NW_019368742.1
felCat9:chrUn_NW_019368743v1	chrUn_NW_019368743v1		AANG04004338.1	AANG04004338.1	NW_019368743.1
felCat9:chrUn_NW_019368744v1	chrUn_NW_019368744v1		AANG04003042.1	AANG04003042.1	NW_019368744.1
felCat9:chrUn_NW_019368745v1	chrUn_NW_019368745v1		AANG04001417.1	AANG04001417.1	NW_019368745.1
felCat9:chrUn_NW_019368746v1	chrUn_NW_019368746v1		AANG04001695.1	AANG04001695.1	NW_019368746.1
felCat9:chrUn_NW_019368747v1	chrUn_NW_019368747v1		AANG04003338.1	AANG04003338.1	NW_019368747.1
felCat9:chrUn_NW_019368748v1	chrUn_NW_019368748v1		AANG04003173.1	AANG04003173.1	NW_019368748.1
felCat9:chrUn_NW_019368749v1	chrUn_NW_019368749v1		AANG04003159.1	AANG04003159.1	NW_019368749.1
felCat9:chrUn_NW_019368750v1	chrUn_NW_019368750v1		AANG04002664.1	AANG04002664.1	NW_019368750.1
felCat9:chrUn_NW_019368751v1	chrUn_NW_019368751v1		AANG04002998.1	AANG04002998.1	NW_019368751.1
felCat9:chrUn_NW_019368752v1	chrUn_NW_019368752v1		AANG04001705.1	AANG04001705.1	NW_019368752.1
felCat9:chrUn_NW_019368753v1	chrUn_NW_019368753v1		AANG04002538.1	AANG04002538.1	NW_019368753.1
felCat9:chrUn_NW_019368754v1	chrUn_NW_019368754v1		AANG04003121.1	AANG04003121.1	NW_019368754.1
felCat9:chrUn_NW_019368755v1	chrUn_NW_019368755v1		AANG04002774.1	AANG04002774.1	NW_019368755.1
felCat9:chrUn_NW_019368756v1	chrUn_NW_019368756v1		AANG04003880.1	AANG04003880.1	NW_019368756.1
felCat9:chrUn_NW_019368757v1	chrUn_NW_019368757v1		AANG04004153.1	AANG04004153.1	NW_019368757.1
felCat9:chrUn_NW_019368758v1	chrUn_NW_019368758v1		AANG04000570.1	AANG04000570.1	NW_019368758.1
felCat9:chrUn_NW_019368759v1	chrUn_NW_019368759v1		AANG04000368.1	AANG04000368.1	NW_019368759.1
felCat9:chrUn_NW_019368760v1	chrUn_NW_019368760v1		AANG04001552.1	AANG04001552.1	NW_019368760.1
felCat9:chrUn_NW_019368761v1	chrUn_NW_019368761v1		AANG04002777.1	AANG04002777.1	NW_019368761.1
felCat9:chrUn_NW_019368762v1	chrUn_NW_019368762v1		AANG04003274.1	AANG04003274.1	NW_019368762.1
felCat9:chrUn_NW_019368763v1	chrUn_NW_019368763v1		AANG04000515.1	AANG04000515.1	NW_019368763.1
felCat9:chrUn_NW_019368764v1	chrUn_NW_019368764v1		AANG04004352.1	AANG04004352.1	NW_019368764.1
felCat9:chrUn_NW_019368765v1	chrUn_NW_019368765v1		AANG04001385.1	AANG04001385.1	NW_019368765.1
felCat9:chrUn_NW_019368766v1	chrUn_NW_019368766v1		AANG04004509.1	AANG04004509.1	NW_019368766.1
felCat9:chrUn_NW_019368767v1	chrUn_NW_019368767v1		AANG04004047.1	AANG04004047.1	NW_019368767.1
felCat9:chrUn_NW_019368768v1	chrUn_NW_019368768v1		AANG04001823.1	AANG04001823.1	NW_019368768.1
felCat9:chrUn_NW_019368769v1	chrUn_NW_019368769v1		AANG04004375.1	AANG04004375.1	NW_019368769.1
felCat9:chrUn_NW_019368770v1	chrUn_NW_019368770v1		AANG04002723.1	AANG04002723.1	NW_019368770.1
felCat9:chrUn_NW_019368771v1	chrUn_NW_019368771v1		AANG04001477.1	AANG04001477.1	NW_019368771.1
felCat9:chrUn_NW_019368772v1	chrUn_NW_019368772v1		AANG04000447.1	AANG04000447.1	NW_019368772.1
felCat9:chrUn_NW_019368773v1	chrUn_NW_019368773v1		AANG04003360.1	AANG04003360.1	NW_019368773.1
felCat9:chrUn_NW_019368774v1	chrUn_NW_019368774v1		AANG04001616.1	AANG04001616.1	NW_019368774.1
felCat9:chrUn_NW_019368775v1	chrUn_NW_019368775v1		AANG04004374.1	AANG04004374.1	NW_019368775.1
felCat9:chrUn_NW_019368776v1	chrUn_NW_019368776v1		AANG04002913.1	AANG04002913.1	NW_019368776.1
felCat9:chrUn_NW_019368777v1	chrUn_NW_019368777v1		AANG04003728.1	AANG04003728.1	NW_019368777.1
felCat9:chrUn_NW_019368778v1	chrUn_NW_019368778v1		AANG04004474.1	AANG04004474.1	NW_019368778.1
felCat9:chrUn_NW_019368779v1	chrUn_NW_019368779v1		AANG04000002.1	AANG04000002.1	NW_019368779.1
felCat9:chrUn_NW_019368780v1	chrUn_NW_019368780v1		AANG04003551.1	AANG04003551.1	NW_019368780.1
felCat9:chrUn_NW_019368781v1	chrUn_NW_019368781v1		AANG04003150.1	AANG04003150.1	NW_019368781.1
felCat9:chrUn_NW_019368782v1	chrUn_NW_019368782v1		AANG04000843.1	AANG04000843.1	NW_019368782.1
felCat9:chrUn_NW_019368783v1	chrUn_NW_019368783v1		AANG04003232.1	AANG04003232.1	NW_019368783.1
felCat9:chrUn_NW_019368784v1	chrUn_NW_019368784v1		AANG04000303.1	AANG04000303.1	NW_019368784.1
felCat9:chrUn_NW_019368785v1	chrUn_NW_019368785v1		AANG04000082.1	AANG04000082.1	NW_019368785.1
felCat9:chrUn_NW_019368786v1	chrUn_NW_019368786v1		AANG04003819.1	AANG04003819.1	NW_019368786.1
felCat9:chrUn_NW_019368787v1	chrUn_NW_019368787v1		AANG04003562.1	AANG04003562.1	NW_019368787.1
felCat9:chrUn_NW_019368788v1	chrUn_NW_019368788v1		AANG04001289.1	AANG04001289.1	NW_019368788.1
felCat9:chrUn_NW_019368789v1	chrUn_NW_019368789v1		AANG04004181.1	AANG04004181.1	NW_019368789.1
felCat9:chrUn_NW_019368790v1	chrUn_NW_019368790v1		AANG04003484.1	AANG04003484.1	NW_019368790.1
felCat9:chrUn_NW_019368791v1	chrUn_NW_019368791v1		AANG04002139.1	AANG04002139.1	NW_019368791.1
felCat9:chrUn_NW_019368792v1	chrUn_NW_019368792v1		AANG04001609.1	AANG04001609.1	NW_019368792.1
felCat9:chrUn_NW_019368793v1	chrUn_NW_019368793v1		AANG04002978.1	AANG04002978.1	NW_019368793.1
felCat9:chrUn_NW_019368794v1	chrUn_NW_019368794v1		AANG04002337.1	AANG04002337.1	NW_019368794.1
felCat9:chrUn_NW_019368795v1	chrUn_NW_019368795v1		AANG04003667.1	AANG04003667.1	NW_019368795.1
felCat9:chrUn_NW_019368796v1	chrUn_NW_019368796v1		AANG04001879.1	AANG04001879.1	NW_019368796.1
felCat9:chrUn_NW_019368797v1	chrUn_NW_019368797v1		AANG04003115.1	AANG04003115.1	NW_019368797.1
felCat9:chrUn_NW_019368798v1	chrUn_NW_019368798v1		AANG04003604.1	AANG04003604.1	NW_019368798.1
felCat9:chrUn_NW_019368799v1	chrUn_NW_019368799v1		AANG04002449.1	AANG04002449.1	NW_019368799.1
felCat9:chrUn_NW_019368800v1	chrUn_NW_019368800v1		AANG04002204.1	AANG04002204.1	NW_019368800.1
felCat9:chrUn_NW_019368801v1	chrUn_NW_019368801v1		AANG04003207.1	AANG04003207.1	NW_019368801.1
felCat9:chrUn_NW_019368802v1	chrUn_NW_019368802v1		AANG04000437.1	AANG04000437.1	NW_019368802.1
felCat9:chrUn_NW_019368803v1	chrUn_NW_019368803v1		AANG04002197.1	AANG04002197.1	NW_019368803.1
felCat9:chrUn_NW_019368804v1	chrUn_NW_019368804v1		AANG04002140.1	AANG04002140.1	NW_019368804.1
felCat9:chrUn_NW_019368805v1	chrUn_NW_019368805v1		AANG04004033.1	AANG04004033.1	NW_019368805.1
felCat9:chrUn_NW_019368806v1	chrUn_NW_019368806v1		AANG04001233.1	AANG04001233.1	NW_019368806.1
felCat9:chrUn_NW_019368807v1	chrUn_NW_019368807v1		AANG04000912.1	AANG04000912.1	NW_019368807.1
felCat9:chrUn_NW_019368808v1	chrUn_NW_019368808v1		AANG04000266.1	AANG04000266.1	NW_019368808.1
felCat9:chrUn_NW_019368809v1	chrUn_NW_019368809v1		AANG04000162.1	AANG04000162.1	NW_019368809.1
felCat9:chrUn_NW_019368810v1	chrUn_NW_019368810v1		AANG04001483.1	AANG04001483.1	NW_019368810.1
felCat9:chrUn_NW_019368811v1	chrUn_NW_019368811v1		AANG04004059.1	AANG04004059.1	NW_019368811.1
felCat9:chrUn_NW_019368812v1	chrUn_NW_019368812v1		AANG04002819.1	AANG04002819.1	NW_019368812.1
felCat9:chrUn_NW_019368813v1	chrUn_NW_019368813v1		AANG04004074.1	AANG04004074.1	NW_019368813.1
felCat9:chrUn_NW_019368814v1	chrUn_NW_019368814v1		AANG04001519.1	AANG04001519.1	NW_019368814.1
felCat9:chrUn_NW_019368815v1	chrUn_NW_019368815v1		AANG04004517.1	AANG04004517.1	NW_019368815.1
felCat9:chrUn_NW_019368816v1	chrUn_NW_019368816v1		AANG04004275.1	AANG04004275.1	NW_019368816.1
felCat9:chrUn_NW_019368817v1	chrUn_NW_019368817v1		AANG04004669.1	AANG04004669.1	NW_019368817.1
felCat9:chrUn_NW_019368818v1	chrUn_NW_019368818v1		AANG04000910.1	AANG04000910.1	NW_019368818.1
felCat9:chrUn_NW_019368819v1	chrUn_NW_019368819v1		AANG04000660.1	AANG04000660.1	NW_019368819.1
felCat9:chrUn_NW_019368820v1	chrUn_NW_019368820v1		AANG04004511.1	AANG04004511.1	NW_019368820.1
felCat9:chrUn_NW_019368821v1	chrUn_NW_019368821v1		AANG04000076.1	AANG04000076.1	NW_019368821.1
felCat9:chrUn_NW_019368822v1	chrUn_NW_019368822v1		AANG04003859.1	AANG04003859.1	NW_019368822.1
felCat9:chrUn_NW_019368823v1	chrUn_NW_019368823v1		AANG04003645.1	AANG04003645.1	NW_019368823.1
felCat9:chrUn_NW_019368824v1	chrUn_NW_019368824v1		AANG04002148.1	AANG04002148.1	NW_019368824.1
felCat9:chrUn_NW_019368825v1	chrUn_NW_019368825v1		AANG04002243.1	AANG04002243.1	NW_019368825.1
felCat9:chrUn_NW_019368826v1	chrUn_NW_019368826v1		AANG04003133.1	AANG04003133.1	NW_019368826.1
felCat9:chrUn_NW_019368827v1	chrUn_NW_019368827v1		AANG04002489.1	AANG04002489.1	NW_019368827.1
felCat9:chrUn_NW_019368828v1	chrUn_NW_019368828v1		AANG04001092.1	AANG04001092.1	NW_019368828.1
felCat9:chrUn_NW_019368829v1	chrUn_NW_019368829v1		AANG04003372.1	AANG04003372.1	NW_019368829.1
felCat9:chrUn_NW_019368830v1	chrUn_NW_019368830v1		AANG04003314.1	AANG04003314.1	NW_019368830.1
felCat9:chrUn_NW_019368831v1	chrUn_NW_019368831v1		AANG04000502.1	AANG04000502.1	NW_019368831.1
felCat9:chrUn_NW_019368832v1	chrUn_NW_019368832v1		AANG04001839.1	AANG04001839.1	NW_019368832.1
felCat9:chrUn_NW_019368833v1	chrUn_NW_019368833v1		AANG04001123.1	AANG04001123.1	NW_019368833.1
felCat9:chrUn_NW_019368834v1	chrUn_NW_019368834v1		AANG04002090.1	AANG04002090.1	NW_019368834.1
felCat9:chrUn_NW_019368835v1	chrUn_NW_019368835v1		AANG04002469.1	AANG04002469.1	NW_019368835.1
felCat9:chrUn_NW_019368836v1	chrUn_NW_019368836v1		AANG04002573.1	AANG04002573.1	NW_019368836.1
felCat9:chrUn_NW_019368837v1	chrUn_NW_019368837v1		AANG04000223.1	AANG04000223.1	NW_019368837.1
felCat9:chrUn_NW_019368838v1	chrUn_NW_019368838v1		AANG04004018.1	AANG04004018.1	NW_019368838.1
felCat9:chrUn_NW_019368839v1	chrUn_NW_019368839v1		AANG04001029.1	AANG04001029.1	NW_019368839.1
felCat9:chrUn_NW_019368840v1	chrUn_NW_019368840v1		AANG04000859.1	AANG04000859.1	NW_019368840.1
felCat9:chrUn_NW_019368841v1	chrUn_NW_019368841v1		AANG04001888.1	AANG04001888.1	NW_019368841.1
felCat9:chrUn_NW_019368842v1	chrUn_NW_019368842v1		AANG04002770.1	AANG04002770.1	NW_019368842.1
felCat9:chrUn_NW_019368843v1	chrUn_NW_019368843v1		AANG04001474.1	AANG04001474.1	NW_019368843.1
felCat9:chrUn_NW_019368844v1	chrUn_NW_019368844v1		AANG04000034.1	AANG04000034.1	NW_019368844.1
felCat9:chrUn_NW_019368845v1	chrUn_NW_019368845v1		AANG04003953.1	AANG04003953.1	NW_019368845.1
felCat9:chrUn_NW_019368846v1	chrUn_NW_019368846v1		AANG04001819.1	AANG04001819.1	NW_019368846.1
felCat9:chrUn_NW_019368847v1	chrUn_NW_019368847v1		AANG04002659.1	AANG04002659.1	NW_019368847.1
felCat9:chrUn_NW_019368848v1	chrUn_NW_019368848v1		AANG04003751.1	AANG04003751.1	NW_019368848.1
felCat9:chrUn_NW_019368849v1	chrUn_NW_019368849v1		AANG04003587.1	AANG04003587.1	NW_019368849.1
felCat9:chrUn_NW_019368850v1	chrUn_NW_019368850v1		AANG04003085.1	AANG04003085.1	NW_019368850.1
felCat9:chrUn_NW_019368851v1	chrUn_NW_019368851v1		AANG04002843.1	AANG04002843.1	NW_019368851.1
felCat9:chrUn_NW_019368852v1	chrUn_NW_019368852v1		AANG04003474.1	AANG04003474.1	NW_019368852.1
felCat9:chrUn_NW_019368853v1	chrUn_NW_019368853v1		AANG04001930.1	AANG04001930.1	NW_019368853.1
felCat9:chrUn_NW_019368854v1	chrUn_NW_019368854v1		AANG04003740.1	AANG04003740.1	NW_019368854.1
felCat9:chrUn_NW_019368855v1	chrUn_NW_019368855v1		AANG04002002.1	AANG04002002.1	NW_019368855.1
felCat9:chrUn_NW_019368856v1	chrUn_NW_019368856v1		AANG04000325.1	AANG04000325.1	NW_019368856.1
felCat9:chrUn_NW_019368857v1	chrUn_NW_019368857v1		AANG04001877.1	AANG04001877.1	NW_019368857.1
felCat9:chrUn_NW_019368858v1	chrUn_NW_019368858v1		AANG04002368.1	AANG04002368.1	NW_019368858.1
felCat9:chrUn_NW_019368859v1	chrUn_NW_019368859v1		AANG04004730.1	AANG04004730.1	NW_019368859.1
felCat9:chrUn_NW_019368860v1	chrUn_NW_019368860v1		AANG04004359.1	AANG04004359.1	NW_019368860.1
felCat9:chrUn_NW_019368861v1	chrUn_NW_019368861v1		AANG04002221.1	AANG04002221.1	NW_019368861.1
felCat9:chrUn_NW_019368862v1	chrUn_NW_019368862v1		AANG04001404.1	AANG04001404.1	NW_019368862.1
felCat9:chrUn_NW_019368863v1	chrUn_NW_019368863v1		AANG04001119.1	AANG04001119.1	NW_019368863.1
felCat9:chrUn_NW_019368864v1	chrUn_NW_019368864v1		AANG04003866.1	AANG04003866.1	NW_019368864.1
felCat9:chrUn_NW_019368865v1	chrUn_NW_019368865v1		AANG04003788.1	AANG04003788.1	NW_019368865.1
felCat9:chrUn_NW_019368866v1	chrUn_NW_019368866v1		AANG04001322.1	AANG04001322.1	NW_019368866.1
felCat9:chrUn_NW_019368867v1	chrUn_NW_019368867v1		AANG04000722.1	AANG04000722.1	NW_019368867.1
felCat9:chrUn_NW_019368868v1	chrUn_NW_019368868v1		AANG04000666.1	AANG04000666.1	NW_019368868.1
felCat9:chrUn_NW_019368869v1	chrUn_NW_019368869v1		AANG04001938.1	AANG04001938.1	NW_019368869.1
felCat9:chrUn_NW_019368870v1	chrUn_NW_019368870v1		AANG04004278.1	AANG04004278.1	NW_019368870.1
felCat9:chrUn_NW_019368871v1	chrUn_NW_019368871v1		AANG04002474.1	AANG04002474.1	NW_019368871.1
felCat9:chrUn_NW_019368872v1	chrUn_NW_019368872v1		AANG04003864.1	AANG04003864.1	NW_019368872.1
felCat9:chrUn_NW_019368873v1	chrUn_NW_019368873v1		AANG04001340.1	AANG04001340.1	NW_019368873.1
felCat9:chrUn_NW_019368874v1	chrUn_NW_019368874v1		AANG04000258.1	AANG04000258.1	NW_019368874.1
felCat9:chrUn_NW_019368875v1	chrUn_NW_019368875v1		AANG04002404.1	AANG04002404.1	NW_019368875.1
felCat9:chrUn_NW_019368876v1	chrUn_NW_019368876v1		AANG04002814.1	AANG04002814.1	NW_019368876.1
felCat9:chrUn_NW_019368877v1	chrUn_NW_019368877v1		AANG04003000.1	AANG04003000.1	NW_019368877.1
felCat9:chrUn_NW_019368878v1	chrUn_NW_019368878v1		AANG04001323.1	AANG04001323.1	NW_019368878.1
felCat9:chrUn_NW_019368879v1	chrUn_NW_019368879v1		AANG04001082.1	AANG04001082.1	NW_019368879.1
felCat9:chrUn_NW_019368880v1	chrUn_NW_019368880v1		AANG04002232.1	AANG04002232.1	NW_019368880.1
felCat9:chrUn_NW_019368881v1	chrUn_NW_019368881v1		AANG04002605.1	AANG04002605.1	NW_019368881.1
felCat9:chrUn_NW_019368882v1	chrUn_NW_019368882v1		AANG04004573.1	AANG04004573.1	NW_019368882.1
felCat9:chrUn_NW_019368883v1	chrUn_NW_019368883v1		AANG04003177.1	AANG04003177.1	NW_019368883.1
felCat9:chrUn_NW_019368884v1	chrUn_NW_019368884v1		AANG04002459.1	AANG04002459.1	NW_019368884.1
felCat9:chrUn_NW_019368885v1	chrUn_NW_019368885v1		AANG04002575.1	AANG04002575.1	NW_019368885.1
felCat9:chrUn_NW_019368886v1	chrUn_NW_019368886v1		AANG04001297.1	AANG04001297.1	NW_019368886.1
felCat9:chrUn_NW_019368887v1	chrUn_NW_019368887v1		AANG04001327.1	AANG04001327.1	NW_019368887.1
felCat9:chrUn_NW_019368888v1	chrUn_NW_019368888v1		AANG04003202.1	AANG04003202.1	NW_019368888.1
felCat9:chrUn_NW_019368889v1	chrUn_NW_019368889v1		AANG04000752.1	AANG04000752.1	NW_019368889.1
felCat9:chrUn_NW_019368890v1	chrUn_NW_019368890v1		AANG04000333.1	AANG04000333.1	NW_019368890.1
felCat9:chrUn_NW_019368891v1	chrUn_NW_019368891v1		AANG04002357.1	AANG04002357.1	NW_019368891.1
felCat9:chrUn_NW_019368892v1	chrUn_NW_019368892v1		AANG04002437.1	AANG04002437.1	NW_019368892.1
felCat9:chrUn_NW_019368893v1	chrUn_NW_019368893v1		AANG04001223.1	AANG04001223.1	NW_019368893.1
felCat9:chrUn_NW_019368894v1	chrUn_NW_019368894v1		AANG04001893.1	AANG04001893.1	NW_019368894.1
felCat9:chrUn_NW_019368895v1	chrUn_NW_019368895v1		AANG04004060.1	AANG04004060.1	NW_019368895.1
felCat9:chrUn_NW_019368896v1	chrUn_NW_019368896v1		AANG04000252.1	AANG04000252.1	NW_019368896.1
felCat9:chrUn_NW_019368897v1	chrUn_NW_019368897v1		AANG04001186.1	AANG04001186.1	NW_019368897.1
felCat9:chrUn_NW_019368898v1	chrUn_NW_019368898v1		AANG04003213.1	AANG04003213.1	NW_019368898.1
felCat9:chrUn_NW_019368899v1	chrUn_NW_019368899v1		AANG04003236.1	AANG04003236.1	NW_019368899.1
felCat9:chrUn_NW_019368900v1	chrUn_NW_019368900v1		AANG04003908.1	AANG04003908.1	NW_019368900.1
felCat9:chrUn_NW_019368901v1	chrUn_NW_019368901v1		AANG04003459.1	AANG04003459.1	NW_019368901.1
felCat9:chrUn_NW_019368902v1	chrUn_NW_019368902v1		AANG04001396.1	AANG04001396.1	NW_019368902.1
felCat9:chrUn_NW_019368903v1	chrUn_NW_019368903v1		AANG04000544.1	AANG04000544.1	NW_019368903.1
felCat9:chrUn_NW_019368904v1	chrUn_NW_019368904v1		AANG04000255.1	AANG04000255.1	NW_019368904.1
felCat9:chrUn_NW_019368905v1	chrUn_NW_019368905v1		AANG04001074.1	AANG04001074.1	NW_019368905.1
felCat9:chrUn_NW_019368906v1	chrUn_NW_019368906v1		AANG04002383.1	AANG04002383.1	NW_019368906.1
felCat9:chrUn_NW_019368907v1	chrUn_NW_019368907v1		AANG04001453.1	AANG04001453.1	NW_019368907.1
felCat9:chrUn_NW_019368908v1	chrUn_NW_019368908v1		AANG04001589.1	AANG04001589.1	NW_019368908.1
felCat9:chrUn_NW_019368909v1	chrUn_NW_019368909v1		AANG04001155.1	AANG04001155.1	NW_019368909.1
felCat9:chrUn_NW_019368910v1	chrUn_NW_019368910v1		AANG04003029.1	AANG04003029.1	NW_019368910.1
felCat9:chrUn_NW_019368911v1	chrUn_NW_019368911v1		AANG04003367.1	AANG04003367.1	NW_019368911.1
felCat9:chrUn_NW_019368912v1	chrUn_NW_019368912v1		AANG04004310.1	AANG04004310.1	NW_019368912.1
felCat9:chrUn_NW_019368913v1	chrUn_NW_019368913v1		AANG04003160.1	AANG04003160.1	NW_019368913.1
felCat9:chrUn_NW_019368914v1	chrUn_NW_019368914v1		AANG04000276.1	AANG04000276.1	NW_019368914.1
felCat9:chrUn_NW_019368915v1	chrUn_NW_019368915v1		AANG04003204.1	AANG04003204.1	NW_019368915.1
felCat9:chrUn_NW_019368916v1	chrUn_NW_019368916v1		AANG04004029.1	AANG04004029.1	NW_019368916.1
felCat9:chrUn_NW_019368917v1	chrUn_NW_019368917v1		AANG04001908.1	AANG04001908.1	NW_019368917.1
felCat9:chrUn_NW_019368918v1	chrUn_NW_019368918v1		AANG04002679.1	AANG04002679.1	NW_019368918.1
felCat9:chrUn_NW_019368919v1	chrUn_NW_019368919v1		AANG04003141.1	AANG04003141.1	NW_019368919.1
felCat9:chrUn_NW_019368920v1	chrUn_NW_019368920v1		AANG04003020.1	AANG04003020.1	NW_019368920.1
felCat9:chrUn_NW_019368921v1	chrUn_NW_019368921v1		AANG04001138.1	AANG04001138.1	NW_019368921.1
felCat9:chrUn_NW_019368922v1	chrUn_NW_019368922v1		AANG04003905.1	AANG04003905.1	NW_019368922.1
felCat9:chrUn_NW_019368923v1	chrUn_NW_019368923v1		AANG04003049.1	AANG04003049.1	NW_019368923.1
felCat9:chrUn_NW_019368924v1	chrUn_NW_019368924v1		AANG04000268.1	AANG04000268.1	NW_019368924.1
felCat9:chrUn_NW_019368925v1	chrUn_NW_019368925v1		AANG04001254.1	AANG04001254.1	NW_019368925.1
felCat9:chrUn_NW_019368926v1	chrUn_NW_019368926v1		AANG04001238.1	AANG04001238.1	NW_019368926.1
felCat9:chrUn_NW_019368927v1	chrUn_NW_019368927v1		AANG04000085.1	AANG04000085.1	NW_019368927.1
felCat9:chrUn_NW_019368928v1	chrUn_NW_019368928v1		AANG04000602.1	AANG04000602.1	NW_019368928.1
felCat9:chrUn_NW_019368929v1	chrUn_NW_019368929v1		AANG04002805.1	AANG04002805.1	NW_019368929.1
felCat9:chrUn_NW_019368930v1	chrUn_NW_019368930v1		AANG04004561.1	AANG04004561.1	NW_019368930.1
felCat9:chrUn_NW_019368931v1	chrUn_NW_019368931v1		AANG04000265.1	AANG04000265.1	NW_019368931.1
felCat9:chrUn_NW_019368932v1	chrUn_NW_019368932v1		AANG04004246.1	AANG04004246.1	NW_019368932.1
felCat9:chrUn_NW_019368933v1	chrUn_NW_019368933v1		AANG04002278.1	AANG04002278.1	NW_019368933.1
felCat9:chrUn_NW_019368934v1	chrUn_NW_019368934v1		AANG04003983.1	AANG04003983.1	NW_019368934.1
felCat9:chrUn_NW_019368935v1	chrUn_NW_019368935v1		AANG04003846.1	AANG04003846.1	NW_019368935.1
felCat9:chrUn_NW_019368936v1	chrUn_NW_019368936v1		AANG04001439.1	AANG04001439.1	NW_019368936.1
felCat9:chrUn_NW_019368937v1	chrUn_NW_019368937v1		AANG04001059.1	AANG04001059.1	NW_019368937.1
felCat9:chrUn_NW_019368938v1	chrUn_NW_019368938v1		AANG04001401.1	AANG04001401.1	NW_019368938.1
felCat9:chrUn_NW_019368939v1	chrUn_NW_019368939v1		AANG04004061.1	AANG04004061.1	NW_019368939.1
felCat9:chrUn_NW_019368940v1	chrUn_NW_019368940v1		AANG04004664.1	AANG04004664.1	NW_019368940.1
felCat9:chrUn_NW_019368941v1	chrUn_NW_019368941v1		AANG04002706.1	AANG04002706.1	NW_019368941.1
felCat9:chrUn_NW_019368942v1	chrUn_NW_019368942v1		AANG04001011.1	AANG04001011.1	NW_019368942.1
felCat9:chrUn_NW_019368943v1	chrUn_NW_019368943v1		AANG04001661.1	AANG04001661.1	NW_019368943.1
felCat9:chrUn_NW_019368944v1	chrUn_NW_019368944v1		AANG04003153.1	AANG04003153.1	NW_019368944.1
felCat9:chrUn_NW_019368945v1	chrUn_NW_019368945v1		AANG04003763.1	AANG04003763.1	NW_019368945.1
felCat9:chrUn_NW_019368946v1	chrUn_NW_019368946v1		AANG04004600.1	AANG04004600.1	NW_019368946.1
felCat9:chrUn_NW_019368947v1	chrUn_NW_019368947v1		AANG04001728.1	AANG04001728.1	NW_019368947.1
felCat9:chrUn_NW_019368948v1	chrUn_NW_019368948v1		AANG04002285.1	AANG04002285.1	NW_019368948.1
felCat9:chrUn_NW_019368949v1	chrUn_NW_019368949v1		AANG04002612.1	AANG04002612.1	NW_019368949.1
felCat9:chrUn_NW_019368950v1	chrUn_NW_019368950v1		AANG04000206.1	AANG04000206.1	NW_019368950.1
felCat9:chrUn_NW_019368951v1	chrUn_NW_019368951v1		AANG04003526.1	AANG04003526.1	NW_019368951.1
felCat9:chrUn_NW_019368952v1	chrUn_NW_019368952v1		AANG04003838.1	AANG04003838.1	NW_019368952.1
felCat9:chrUn_NW_019368953v1	chrUn_NW_019368953v1		AANG04000431.1	AANG04000431.1	NW_019368953.1
felCat9:chrUn_NW_019368954v1	chrUn_NW_019368954v1		AANG04004453.1	AANG04004453.1	NW_019368954.1
felCat9:chrUn_NW_019368955v1	chrUn_NW_019368955v1		AANG04003756.1	AANG04003756.1	NW_019368955.1
felCat9:chrUn_NW_019368956v1	chrUn_NW_019368956v1		AANG04002295.1	AANG04002295.1	NW_019368956.1
felCat9:chrUn_NW_019368957v1	chrUn_NW_019368957v1		AANG04001253.1	AANG04001253.1	NW_019368957.1
felCat9:chrUn_NW_019368958v1	chrUn_NW_019368958v1		AANG04004042.1	AANG04004042.1	NW_019368958.1
felCat9:chrUn_NW_019368959v1	chrUn_NW_019368959v1		AANG04001656.1	AANG04001656.1	NW_019368959.1
felCat9:chrUn_NW_019368960v1	chrUn_NW_019368960v1		AANG04002330.1	AANG04002330.1	NW_019368960.1
felCat9:chrUn_NW_019368961v1	chrUn_NW_019368961v1		AANG04004487.1	AANG04004487.1	NW_019368961.1
felCat9:chrUn_NW_019368962v1	chrUn_NW_019368962v1		AANG04001772.1	AANG04001772.1	NW_019368962.1
felCat9:chrUn_NW_019368963v1	chrUn_NW_019368963v1		AANG04002445.1	AANG04002445.1	NW_019368963.1
felCat9:chrUn_NW_019368964v1	chrUn_NW_019368964v1		AANG04000837.1	AANG04000837.1	NW_019368964.1
felCat9:chrUn_NW_019368965v1	chrUn_NW_019368965v1		AANG04000618.1	AANG04000618.1	NW_019368965.1
felCat9:chrUn_NW_019368966v1	chrUn_NW_019368966v1		AANG04000833.1	AANG04000833.1	NW_019368966.1
felCat9:chrUn_NW_019368967v1	chrUn_NW_019368967v1		AANG04000014.1	AANG04000014.1	NW_019368967.1
felCat9:chrUn_NW_019368968v1	chrUn_NW_019368968v1		AANG04001833.1	AANG04001833.1	NW_019368968.1
felCat9:chrUn_NW_019368969v1	chrUn_NW_019368969v1		AANG04004322.1	AANG04004322.1	NW_019368969.1
felCat9:chrUn_NW_019368970v1	chrUn_NW_019368970v1		AANG04002585.1	AANG04002585.1	NW_019368970.1
felCat9:chrUn_NW_019368971v1	chrUn_NW_019368971v1		AANG04002343.1	AANG04002343.1	NW_019368971.1
felCat9:chrUn_NW_019368972v1	chrUn_NW_019368972v1		AANG04001175.1	AANG04001175.1	NW_019368972.1
felCat9:chrUn_NW_019368973v1	chrUn_NW_019368973v1		AANG04004065.1	AANG04004065.1	NW_019368973.1
felCat9:chrUn_NW_019368974v1	chrUn_NW_019368974v1		AANG04004326.1	AANG04004326.1	NW_019368974.1
felCat9:chrUn_NW_019368975v1	chrUn_NW_019368975v1		AANG04000801.1	AANG04000801.1	NW_019368975.1
felCat9:chrUn_NW_019368976v1	chrUn_NW_019368976v1		AANG04003543.1	AANG04003543.1	NW_019368976.1
felCat9:chrUn_NW_019368977v1	chrUn_NW_019368977v1		AANG04002826.1	AANG04002826.1	NW_019368977.1
felCat9:chrUn_NW_019368978v1	chrUn_NW_019368978v1		AANG04000382.1	AANG04000382.1	NW_019368978.1
felCat9:chrUn_NW_019368979v1	chrUn_NW_019368979v1		AANG04000370.1	AANG04000370.1	NW_019368979.1
felCat9:chrUn_NW_019368980v1	chrUn_NW_019368980v1		AANG04003253.1	AANG04003253.1	NW_019368980.1
felCat9:chrUn_NW_019368981v1	chrUn_NW_019368981v1		AANG04004158.1	AANG04004158.1	NW_019368981.1
felCat9:chrUn_NW_019368982v1	chrUn_NW_019368982v1		AANG04000822.1	AANG04000822.1	NW_019368982.1
felCat9:chrUn_NW_019368983v1	chrUn_NW_019368983v1		AANG04002729.1	AANG04002729.1	NW_019368983.1
felCat9:chrUn_NW_019368984v1	chrUn_NW_019368984v1		AANG04003331.1	AANG04003331.1	NW_019368984.1
felCat9:chrUn_NW_019368985v1	chrUn_NW_019368985v1		AANG04003521.1	AANG04003521.1	NW_019368985.1
felCat9:chrUn_NW_019368986v1	chrUn_NW_019368986v1		AANG04004546.1	AANG04004546.1	NW_019368986.1
felCat9:chrUn_NW_019368987v1	chrUn_NW_019368987v1		AANG04001191.1	AANG04001191.1	NW_019368987.1
felCat9:chrUn_NW_019368988v1	chrUn_NW_019368988v1		AANG04004508.1	AANG04004508.1	NW_019368988.1
felCat9:chrUn_NW_019368989v1	chrUn_NW_019368989v1		AANG04001610.1	AANG04001610.1	NW_019368989.1
felCat9:chrUn_NW_019368990v1	chrUn_NW_019368990v1		AANG04003445.1	AANG04003445.1	NW_019368990.1
felCat9:chrUn_NW_019368991v1	chrUn_NW_019368991v1		AANG04003978.1	AANG04003978.1	NW_019368991.1
felCat9:chrUn_NW_019368992v1	chrUn_NW_019368992v1		AANG04003083.1	AANG04003083.1	NW_019368992.1
felCat9:chrUn_NW_019368993v1	chrUn_NW_019368993v1		AANG04001808.1	AANG04001808.1	NW_019368993.1
felCat9:chrUn_NW_019368994v1	chrUn_NW_019368994v1		AANG04004313.1	AANG04004313.1	NW_019368994.1
felCat9:chrUn_NW_019368995v1	chrUn_NW_019368995v1		AANG04002497.1	AANG04002497.1	NW_019368995.1
felCat9:chrUn_NW_019368996v1	chrUn_NW_019368996v1		AANG04001244.1	AANG04001244.1	NW_019368996.1
felCat9:chrUn_NW_019368997v1	chrUn_NW_019368997v1		AANG04000655.1	AANG04000655.1	NW_019368997.1
felCat9:chrUn_NW_019368998v1	chrUn_NW_019368998v1		AANG04001143.1	AANG04001143.1	NW_019368998.1
felCat9:chrUn_NW_019368999v1	chrUn_NW_019368999v1		AANG04003371.1	AANG04003371.1	NW_019368999.1
felCat9:chrUn_NW_019369000v1	chrUn_NW_019369000v1		AANG04001963.1	AANG04001963.1	NW_019369000.1
felCat9:chrUn_NW_019369001v1	chrUn_NW_019369001v1		AANG04002147.1	AANG04002147.1	NW_019369001.1
felCat9:chrUn_NW_019369002v1	chrUn_NW_019369002v1		AANG04004441.1	AANG04004441.1	NW_019369002.1
felCat9:chrUn_NW_019369003v1	chrUn_NW_019369003v1		AANG04003482.1	AANG04003482.1	NW_019369003.1
felCat9:chrUn_NW_019369004v1	chrUn_NW_019369004v1		AANG04002382.1	AANG04002382.1	NW_019369004.1
felCat9:chrUn_NW_019369005v1	chrUn_NW_019369005v1		AANG04001531.1	AANG04001531.1	NW_019369005.1
felCat9:chrUn_NW_019369006v1	chrUn_NW_019369006v1		AANG04002348.1	AANG04002348.1	NW_019369006.1
felCat9:chrUn_NW_019369007v1	chrUn_NW_019369007v1		AANG04001374.1	AANG04001374.1	NW_019369007.1
felCat9:chrUn_NW_019369008v1	chrUn_NW_019369008v1		AANG04003275.1	AANG04003275.1	NW_019369008.1
felCat9:chrUn_NW_019369009v1	chrUn_NW_019369009v1		AANG04002283.1	AANG04002283.1	NW_019369009.1
felCat9:chrUn_NW_019369010v1	chrUn_NW_019369010v1		AANG04003233.1	AANG04003233.1	NW_019369010.1
felCat9:chrUn_NW_019369011v1	chrUn_NW_019369011v1		AANG04002841.1	AANG04002841.1	NW_019369011.1
felCat9:chrUn_NW_019369012v1	chrUn_NW_019369012v1		AANG04004413.1	AANG04004413.1	NW_019369012.1
felCat9:chrUn_NW_019369013v1	chrUn_NW_019369013v1		AANG04002530.1	AANG04002530.1	NW_019369013.1
felCat9:chrUn_NW_019369014v1	chrUn_NW_019369014v1		AANG04004349.1	AANG04004349.1	NW_019369014.1
felCat9:chrUn_NW_019369015v1	chrUn_NW_019369015v1		AANG04001544.1	AANG04001544.1	NW_019369015.1
felCat9:chrUn_NW_019369016v1	chrUn_NW_019369016v1		AANG04000731.1	AANG04000731.1	NW_019369016.1
felCat9:chrUn_NW_019369017v1	chrUn_NW_019369017v1		AANG04001230.1	AANG04001230.1	NW_019369017.1
felCat9:chrUn_NW_019369018v1	chrUn_NW_019369018v1		AANG04004734.1	AANG04004734.1	NW_019369018.1
felCat9:chrUn_NW_019369019v1	chrUn_NW_019369019v1		AANG04004076.1	AANG04004076.1	NW_019369019.1
felCat9:chrUn_NW_019369020v1	chrUn_NW_019369020v1		AANG04000523.1	AANG04000523.1	NW_019369020.1
felCat9:chrUn_NW_019369021v1	chrUn_NW_019369021v1		AANG04001654.1	AANG04001654.1	NW_019369021.1
felCat9:chrUn_NW_019369022v1	chrUn_NW_019369022v1		AANG04002177.1	AANG04002177.1	NW_019369022.1
felCat9:chrUn_NW_019369023v1	chrUn_NW_019369023v1		AANG04000459.1	AANG04000459.1	NW_019369023.1
felCat9:chrUn_NW_019369024v1	chrUn_NW_019369024v1		AANG04003709.1	AANG04003709.1	NW_019369024.1
felCat9:chrUn_NW_019369025v1	chrUn_NW_019369025v1		AANG04002124.1	AANG04002124.1	NW_019369025.1
felCat9:chrUn_NW_019369026v1	chrUn_NW_019369026v1		AANG04001521.1	AANG04001521.1	NW_019369026.1
felCat9:chrUn_NW_019369027v1	chrUn_NW_019369027v1		AANG04001352.1	AANG04001352.1	NW_019369027.1
felCat9:chrUn_NW_019369028v1	chrUn_NW_019369028v1		AANG04000112.1	AANG04000112.1	NW_019369028.1
felCat9:chrUn_NW_019369029v1	chrUn_NW_019369029v1		AANG04003896.1	AANG04003896.1	NW_019369029.1
felCat9:chrUn_NW_019369030v1	chrUn_NW_019369030v1		AANG04002697.1	AANG04002697.1	NW_019369030.1
felCat9:chrUn_NW_019369031v1	chrUn_NW_019369031v1		AANG04004708.1	AANG04004708.1	NW_019369031.1
felCat9:chrUn_NW_019369032v1	chrUn_NW_019369032v1		AANG04000575.1	AANG04000575.1	NW_019369032.1
felCat9:chrUn_NW_019369033v1	chrUn_NW_019369033v1		AANG04000397.1	AANG04000397.1	NW_019369033.1
felCat9:chrUn_NW_019369034v1	chrUn_NW_019369034v1		AANG04003178.1	AANG04003178.1	NW_019369034.1
felCat9:chrUn_NW_019369035v1	chrUn_NW_019369035v1		AANG04001776.1	AANG04001776.1	NW_019369035.1
felCat9:chrUn_NW_019369036v1	chrUn_NW_019369036v1		AANG04000444.1	AANG04000444.1	NW_019369036.1
felCat9:chrUn_NW_019369037v1	chrUn_NW_019369037v1		AANG04002304.1	AANG04002304.1	NW_019369037.1
felCat9:chrUn_NW_019369038v1	chrUn_NW_019369038v1		AANG04001516.1	AANG04001516.1	NW_019369038.1
felCat9:chrUn_NW_019369039v1	chrUn_NW_019369039v1		AANG04003798.1	AANG04003798.1	NW_019369039.1
felCat9:chrUn_NW_019369040v1	chrUn_NW_019369040v1		AANG04004012.1	AANG04004012.1	NW_019369040.1
felCat9:chrUn_NW_019369041v1	chrUn_NW_019369041v1		AANG04004536.1	AANG04004536.1	NW_019369041.1
felCat9:chrUn_NW_019369042v1	chrUn_NW_019369042v1		AANG04001581.1	AANG04001581.1	NW_019369042.1
felCat9:chrUn_NW_019369043v1	chrUn_NW_019369043v1		AANG04000211.1	AANG04000211.1	NW_019369043.1
felCat9:chrUn_NW_019369044v1	chrUn_NW_019369044v1		AANG04001338.1	AANG04001338.1	NW_019369044.1
felCat9:chrUn_NW_019369045v1	chrUn_NW_019369045v1		AANG04001869.1	AANG04001869.1	NW_019369045.1
felCat9:chrUn_NW_019369046v1	chrUn_NW_019369046v1		AANG04003899.1	AANG04003899.1	NW_019369046.1
felCat9:chrUn_NW_019369047v1	chrUn_NW_019369047v1		AANG04002043.1	AANG04002043.1	NW_019369047.1
felCat9:chrUn_NW_019369048v1	chrUn_NW_019369048v1		AANG04001909.1	AANG04001909.1	NW_019369048.1
felCat9:chrUn_NW_019369049v1	chrUn_NW_019369049v1		AANG04000271.1	AANG04000271.1	NW_019369049.1
felCat9:chrUn_NW_019369050v1	chrUn_NW_019369050v1		AANG04000009.1	AANG04000009.1	NW_019369050.1
felCat9:chrUn_NW_019369051v1	chrUn_NW_019369051v1		AANG04003991.1	AANG04003991.1	NW_019369051.1
felCat9:chrUn_NW_019369052v1	chrUn_NW_019369052v1		AANG04002100.1	AANG04002100.1	NW_019369052.1
felCat9:chrUn_NW_019369053v1	chrUn_NW_019369053v1		AANG04001298.1	AANG04001298.1	NW_019369053.1
felCat9:chrUn_NW_019369054v1	chrUn_NW_019369054v1		AANG04003137.1	AANG04003137.1	NW_019369054.1
felCat9:chrUn_NW_019369055v1	chrUn_NW_019369055v1		AANG04000977.1	AANG04000977.1	NW_019369055.1
felCat9:chrUn_NW_019369056v1	chrUn_NW_019369056v1		AANG04002332.1	AANG04002332.1	NW_019369056.1
felCat9:chrUn_NW_019369057v1	chrUn_NW_019369057v1		AANG04001308.1	AANG04001308.1	NW_019369057.1
felCat9:chrUn_NW_019369058v1	chrUn_NW_019369058v1		AANG04003895.1	AANG04003895.1	NW_019369058.1
felCat9:chrUn_NW_019369059v1	chrUn_NW_019369059v1		AANG04003365.1	AANG04003365.1	NW_019369059.1
felCat9:chrUn_NW_019369060v1	chrUn_NW_019369060v1		AANG04002261.1	AANG04002261.1	NW_019369060.1
felCat9:chrUn_NW_019369061v1	chrUn_NW_019369061v1		AANG04002632.1	AANG04002632.1	NW_019369061.1
felCat9:chrUn_NW_019369062v1	chrUn_NW_019369062v1		AANG04000491.1	AANG04000491.1	NW_019369062.1
felCat9:chrUn_NW_019369063v1	chrUn_NW_019369063v1		AANG04000579.1	AANG04000579.1	NW_019369063.1
felCat9:chrUn_NW_019369064v1	chrUn_NW_019369064v1		AANG04004031.1	AANG04004031.1	NW_019369064.1
felCat9:chrUn_NW_019369065v1	chrUn_NW_019369065v1		AANG04001221.1	AANG04001221.1	NW_019369065.1
felCat9:chrUn_NW_019369066v1	chrUn_NW_019369066v1		AANG04004276.1	AANG04004276.1	NW_019369066.1
felCat9:chrUn_NW_019369067v1	chrUn_NW_019369067v1		AANG04001694.1	AANG04001694.1	NW_019369067.1
felCat9:chrUn_NW_019369068v1	chrUn_NW_019369068v1		AANG04003545.1	AANG04003545.1	NW_019369068.1
felCat9:chrUn_NW_019369069v1	chrUn_NW_019369069v1		AANG04000219.1	AANG04000219.1	NW_019369069.1
felCat9:chrUn_NW_019369070v1	chrUn_NW_019369070v1		AANG04001976.1	AANG04001976.1	NW_019369070.1
felCat9:chrUn_NW_019369071v1	chrUn_NW_019369071v1		AANG04000337.1	AANG04000337.1	NW_019369071.1
felCat9:chrUn_NW_019369072v1	chrUn_NW_019369072v1		AANG04002398.1	AANG04002398.1	NW_019369072.1
felCat9:chrUn_NW_019369073v1	chrUn_NW_019369073v1		AANG04003004.1	AANG04003004.1	NW_019369073.1
felCat9:chrUn_NW_019369074v1	chrUn_NW_019369074v1		AANG04003383.1	AANG04003383.1	NW_019369074.1
felCat9:chrUn_NW_019369075v1	chrUn_NW_019369075v1		AANG04002280.1	AANG04002280.1	NW_019369075.1
felCat9:chrUn_NW_019369076v1	chrUn_NW_019369076v1		AANG04002579.1	AANG04002579.1	NW_019369076.1
felCat9:chrUn_NW_019369077v1	chrUn_NW_019369077v1		AANG04002029.1	AANG04002029.1	NW_019369077.1
felCat9:chrUn_NW_019369078v1	chrUn_NW_019369078v1		AANG04001067.1	AANG04001067.1	NW_019369078.1
felCat9:chrUn_NW_019369079v1	chrUn_NW_019369079v1		AANG04004631.1	AANG04004631.1	NW_019369079.1
felCat9:chrUn_NW_019369080v1	chrUn_NW_019369080v1		AANG04003863.1	AANG04003863.1	NW_019369080.1
felCat9:chrUn_NW_019369081v1	chrUn_NW_019369081v1		AANG04004023.1	AANG04004023.1	NW_019369081.1
felCat9:chrUn_NW_019369082v1	chrUn_NW_019369082v1		AANG04001907.1	AANG04001907.1	NW_019369082.1
felCat9:chrUn_NW_019369083v1	chrUn_NW_019369083v1		AANG04000871.1	AANG04000871.1	NW_019369083.1
felCat9:chrUn_NW_019369084v1	chrUn_NW_019369084v1		AANG04000540.1	AANG04000540.1	NW_019369084.1
felCat9:chrUn_NW_019369085v1	chrUn_NW_019369085v1		AANG04001624.1	AANG04001624.1	NW_019369085.1
felCat9:chrUn_NW_019369086v1	chrUn_NW_019369086v1		AANG04003076.1	AANG04003076.1	NW_019369086.1
felCat9:chrUn_NW_019369087v1	chrUn_NW_019369087v1		AANG04003718.1	AANG04003718.1	NW_019369087.1
felCat9:chrUn_NW_019369088v1	chrUn_NW_019369088v1		AANG04004611.1	AANG04004611.1	NW_019369088.1
felCat9:chrUn_NW_019369089v1	chrUn_NW_019369089v1		AANG04000804.1	AANG04000804.1	NW_019369089.1
felCat9:chrUn_NW_019369090v1	chrUn_NW_019369090v1		AANG04001595.1	AANG04001595.1	NW_019369090.1
felCat9:chrUn_NW_019369091v1	chrUn_NW_019369091v1		AANG04003886.1	AANG04003886.1	NW_019369091.1
felCat9:chrUn_NW_019369092v1	chrUn_NW_019369092v1		AANG04001548.1	AANG04001548.1	NW_019369092.1
felCat9:chrUn_NW_019369093v1	chrUn_NW_019369093v1		AANG04001790.1	AANG04001790.1	NW_019369093.1
felCat9:chrUn_NW_019369094v1	chrUn_NW_019369094v1		AANG04002446.1	AANG04002446.1	NW_019369094.1
felCat9:chrUn_NW_019369095v1	chrUn_NW_019369095v1		AANG04000829.1	AANG04000829.1	NW_019369095.1
felCat9:chrUn_NW_019369096v1	chrUn_NW_019369096v1		AANG04003775.1	AANG04003775.1	NW_019369096.1
felCat9:chrUn_NW_019369097v1	chrUn_NW_019369097v1		AANG04004622.1	AANG04004622.1	NW_019369097.1
felCat9:chrUn_NW_019369098v1	chrUn_NW_019369098v1		AANG04003168.1	AANG04003168.1	NW_019369098.1
felCat9:chrUn_NW_019369099v1	chrUn_NW_019369099v1		AANG04001563.1	AANG04001563.1	NW_019369099.1
felCat9:chrUn_NW_019369100v1	chrUn_NW_019369100v1		AANG04000890.1	AANG04000890.1	NW_019369100.1
felCat9:chrUn_NW_019369101v1	chrUn_NW_019369101v1		AANG04000367.1	AANG04000367.1	NW_019369101.1
felCat9:chrUn_NW_019369102v1	chrUn_NW_019369102v1		AANG04001251.1	AANG04001251.1	NW_019369102.1
felCat9:chrUn_NW_019369103v1	chrUn_NW_019369103v1		AANG04002282.1	AANG04002282.1	NW_019369103.1
felCat9:chrUn_NW_019369104v1	chrUn_NW_019369104v1		AANG04002208.1	AANG04002208.1	NW_019369104.1
felCat9:chrUn_NW_019369105v1	chrUn_NW_019369105v1		AANG04000997.1	AANG04000997.1	NW_019369105.1
felCat9:chrUn_NW_019369106v1	chrUn_NW_019369106v1		AANG04002245.1	AANG04002245.1	NW_019369106.1
felCat9:chrUn_NW_019369107v1	chrUn_NW_019369107v1		AANG04003376.1	AANG04003376.1	NW_019369107.1
felCat9:chrUn_NW_019369108v1	chrUn_NW_019369108v1		AANG04002183.1	AANG04002183.1	NW_019369108.1
felCat9:chrUn_NW_019369109v1	chrUn_NW_019369109v1		AANG04002536.1	AANG04002536.1	NW_019369109.1
felCat9:chrUn_NW_019369110v1	chrUn_NW_019369110v1		AANG04004528.1	AANG04004528.1	NW_019369110.1
felCat9:chrUn_NW_019369111v1	chrUn_NW_019369111v1		AANG04000470.1	AANG04000470.1	NW_019369111.1
felCat9:chrUn_NW_019369112v1	chrUn_NW_019369112v1		AANG04000892.1	AANG04000892.1	NW_019369112.1
felCat9:chrUn_NW_019369113v1	chrUn_NW_019369113v1		AANG04001083.1	AANG04001083.1	NW_019369113.1
felCat9:chrUn_NW_019369114v1	chrUn_NW_019369114v1		AANG04002866.1	AANG04002866.1	NW_019369114.1
felCat9:chrUn_NW_019369115v1	chrUn_NW_019369115v1		AANG04000505.1	AANG04000505.1	NW_019369115.1
felCat9:chrUn_NW_019369116v1	chrUn_NW_019369116v1		AANG04003196.1	AANG04003196.1	NW_019369116.1
felCat9:chrUn_NW_019369117v1	chrUn_NW_019369117v1		AANG04002958.1	AANG04002958.1	NW_019369117.1
felCat9:chrUn_NW_019369118v1	chrUn_NW_019369118v1		AANG04000518.1	AANG04000518.1	NW_019369118.1
felCat9:chrUn_NW_019369119v1	chrUn_NW_019369119v1		AANG04002078.1	AANG04002078.1	NW_019369119.1
felCat9:chrUn_NW_019369120v1	chrUn_NW_019369120v1		AANG04001576.1	AANG04001576.1	NW_019369120.1
felCat9:chrUn_NW_019369121v1	chrUn_NW_019369121v1		AANG04002691.1	AANG04002691.1	NW_019369121.1
felCat9:chrUn_NW_019369122v1	chrUn_NW_019369122v1		AANG04003687.1	AANG04003687.1	NW_019369122.1
felCat9:chrUn_NW_019369123v1	chrUn_NW_019369123v1		AANG04001658.1	AANG04001658.1	NW_019369123.1
felCat9:chrUn_NW_019369124v1	chrUn_NW_019369124v1		AANG04001554.1	AANG04001554.1	NW_019369124.1
felCat9:chrUn_NW_019369125v1	chrUn_NW_019369125v1		AANG04002518.1	AANG04002518.1	NW_019369125.1
felCat9:chrUn_NW_019369126v1	chrUn_NW_019369126v1		AANG04003666.1	AANG04003666.1	NW_019369126.1
felCat9:chrUn_NW_019369127v1	chrUn_NW_019369127v1		AANG04003794.1	AANG04003794.1	NW_019369127.1
felCat9:chrUn_NW_019369128v1	chrUn_NW_019369128v1		AANG04002551.1	AANG04002551.1	NW_019369128.1
felCat9:chrUn_NW_019369129v1	chrUn_NW_019369129v1		AANG04000683.1	AANG04000683.1	NW_019369129.1
felCat9:chrUn_NW_019369130v1	chrUn_NW_019369130v1		AANG04000723.1	AANG04000723.1	NW_019369130.1
felCat9:chrUn_NW_019369131v1	chrUn_NW_019369131v1		AANG04001864.1	AANG04001864.1	NW_019369131.1
felCat9:chrUn_NW_019369132v1	chrUn_NW_019369132v1		AANG04003573.1	AANG04003573.1	NW_019369132.1
felCat9:chrUn_NW_019369133v1	chrUn_NW_019369133v1		AANG04000625.1	AANG04000625.1	NW_019369133.1
felCat9:chrUn_NW_019369134v1	chrUn_NW_019369134v1		AANG04003890.1	AANG04003890.1	NW_019369134.1
felCat9:chrUn_NW_019369135v1	chrUn_NW_019369135v1		AANG04000063.1	AANG04000063.1	NW_019369135.1
felCat9:chrUn_NW_019369136v1	chrUn_NW_019369136v1		AANG04003939.1	AANG04003939.1	NW_019369136.1
felCat9:chrUn_NW_019369137v1	chrUn_NW_019369137v1		AANG04000234.1	AANG04000234.1	NW_019369137.1
felCat9:chrUn_NW_019369138v1	chrUn_NW_019369138v1		AANG04003373.1	AANG04003373.1	NW_019369138.1
felCat9:chrUn_NW_019369139v1	chrUn_NW_019369139v1		AANG04000828.1	AANG04000828.1	NW_019369139.1
felCat9:chrUn_NW_019369140v1	chrUn_NW_019369140v1		AANG04003889.1	AANG04003889.1	NW_019369140.1
felCat9:chrUn_NW_019369141v1	chrUn_NW_019369141v1		AANG04000718.1	AANG04000718.1	NW_019369141.1
felCat9:chrUn_NW_019369142v1	chrUn_NW_019369142v1		AANG04000187.1	AANG04000187.1	NW_019369142.1
felCat9:chrUn_NW_019369143v1	chrUn_NW_019369143v1		AANG04002567.1	AANG04002567.1	NW_019369143.1
felCat9:chrUn_NW_019369144v1	chrUn_NW_019369144v1		AANG04000052.1	AANG04000052.1	NW_019369144.1
felCat9:chrUn_NW_019369145v1	chrUn_NW_019369145v1		AANG04001679.1	AANG04001679.1	NW_019369145.1
felCat9:chrUn_NW_019369146v1	chrUn_NW_019369146v1		AANG04000322.1	AANG04000322.1	NW_019369146.1
felCat9:chrUn_NW_019369147v1	chrUn_NW_019369147v1		AANG04002266.1	AANG04002266.1	NW_019369147.1
felCat9:chrUn_NW_019369148v1	chrUn_NW_019369148v1		AANG04003541.1	AANG04003541.1	NW_019369148.1
felCat9:chrUn_NW_019369149v1	chrUn_NW_019369149v1		AANG04004676.1	AANG04004676.1	NW_019369149.1
felCat9:chrUn_NW_019369150v1	chrUn_NW_019369150v1		AANG04001386.1	AANG04001386.1	NW_019369150.1
felCat9:chrUn_NW_019369151v1	chrUn_NW_019369151v1		AANG04004434.1	AANG04004434.1	NW_019369151.1
felCat9:chrUn_NW_019369152v1	chrUn_NW_019369152v1		AANG04003700.1	AANG04003700.1	NW_019369152.1
felCat9:chrUn_NW_019369153v1	chrUn_NW_019369153v1		AANG04003497.1	AANG04003497.1	NW_019369153.1
felCat9:chrUn_NW_019369154v1	chrUn_NW_019369154v1		AANG04003577.1	AANG04003577.1	NW_019369154.1
felCat9:chrUn_NW_019369155v1	chrUn_NW_019369155v1		AANG04003824.1	AANG04003824.1	NW_019369155.1
felCat9:chrUn_NW_019369156v1	chrUn_NW_019369156v1		AANG04002293.1	AANG04002293.1	NW_019369156.1
felCat9:chrUn_NW_019369157v1	chrUn_NW_019369157v1		AANG04000249.1	AANG04000249.1	NW_019369157.1
felCat9:chrUn_NW_019369158v1	chrUn_NW_019369158v1		AANG04000532.1	AANG04000532.1	NW_019369158.1
felCat9:chrUn_NW_019369159v1	chrUn_NW_019369159v1		AANG04004304.1	AANG04004304.1	NW_019369159.1
felCat9:chrUn_NW_019369160v1	chrUn_NW_019369160v1		AANG04000534.1	AANG04000534.1	NW_019369160.1
felCat9:chrUn_NW_019369161v1	chrUn_NW_019369161v1		AANG04002104.1	AANG04002104.1	NW_019369161.1
felCat9:chrUn_NW_019369162v1	chrUn_NW_019369162v1		AANG04001084.1	AANG04001084.1	NW_019369162.1
felCat9:chrUn_NW_019369163v1	chrUn_NW_019369163v1		AANG04002722.1	AANG04002722.1	NW_019369163.1
felCat9:chrUn_NW_019369164v1	chrUn_NW_019369164v1		AANG04001721.1	AANG04001721.1	NW_019369164.1
felCat9:chrUn_NW_019369165v1	chrUn_NW_019369165v1		AANG04000073.1	AANG04000073.1	NW_019369165.1
felCat9:chrUn_NW_019369166v1	chrUn_NW_019369166v1		AANG04004621.1	AANG04004621.1	NW_019369166.1
felCat9:chrUn_NW_019369167v1	chrUn_NW_019369167v1		AANG04004478.1	AANG04004478.1	NW_019369167.1
felCat9:chrUn_NW_019369168v1	chrUn_NW_019369168v1		AANG04004281.1	AANG04004281.1	NW_019369168.1
felCat9:chrUn_NW_019369169v1	chrUn_NW_019369169v1		AANG04004447.1	AANG04004447.1	NW_019369169.1
felCat9:chrUn_NW_019369170v1	chrUn_NW_019369170v1		AANG04002699.1	AANG04002699.1	NW_019369170.1
felCat9:chrUn_NW_019369171v1	chrUn_NW_019369171v1		AANG04003451.1	AANG04003451.1	NW_019369171.1
felCat9:chrUn_NW_019369172v1	chrUn_NW_019369172v1		AANG04004735.1	AANG04004735.1	NW_019369172.1
felCat9:chrUn_NW_019369173v1	chrUn_NW_019369173v1		AANG04002263.1	AANG04002263.1	NW_019369173.1
felCat9:chrUn_NW_019369174v1	chrUn_NW_019369174v1		AANG04004702.1	AANG04004702.1	NW_019369174.1
felCat9:chrUn_NW_019369175v1	chrUn_NW_019369175v1		AANG04002766.1	AANG04002766.1	NW_019369175.1
felCat9:chrUn_NW_019369176v1	chrUn_NW_019369176v1		AANG04002959.1	AANG04002959.1	NW_019369176.1
felCat9:chrUn_NW_019369177v1	chrUn_NW_019369177v1		AANG04003934.1	AANG04003934.1	NW_019369177.1
felCat9:chrUn_NW_019369178v1	chrUn_NW_019369178v1		AANG04000936.1	AANG04000936.1	NW_019369178.1
felCat9:chrUn_NW_019369179v1	chrUn_NW_019369179v1		AANG04004446.1	AANG04004446.1	NW_019369179.1
felCat9:chrUn_NW_019369180v1	chrUn_NW_019369180v1		AANG04001162.1	AANG04001162.1	NW_019369180.1
felCat9:chrUn_NW_019369181v1	chrUn_NW_019369181v1		AANG04002079.1	AANG04002079.1	NW_019369181.1
felCat9:chrUn_NW_019369182v1	chrUn_NW_019369182v1		AANG04004089.1	AANG04004089.1	NW_019369182.1
felCat9:chrUn_NW_019369183v1	chrUn_NW_019369183v1		AANG04001712.1	AANG04001712.1	NW_019369183.1
felCat9:chrUn_NW_019369184v1	chrUn_NW_019369184v1		AANG04003491.1	AANG04003491.1	NW_019369184.1
felCat9:chrUn_NW_019369185v1	chrUn_NW_019369185v1		AANG04003769.1	AANG04003769.1	NW_019369185.1
felCat9:chrUn_NW_019369186v1	chrUn_NW_019369186v1		AANG04001285.1	AANG04001285.1	NW_019369186.1
felCat9:chrUn_NW_019369187v1	chrUn_NW_019369187v1		AANG04001835.1	AANG04001835.1	NW_019369187.1
felCat9:chrUn_NW_019369188v1	chrUn_NW_019369188v1		AANG04002809.1	AANG04002809.1	NW_019369188.1
felCat9:chrUn_NW_019369189v1	chrUn_NW_019369189v1		AANG04001649.1	AANG04001649.1	NW_019369189.1
felCat9:chrUn_NW_019369190v1	chrUn_NW_019369190v1		AANG04004105.1	AANG04004105.1	NW_019369190.1
felCat9:chrUn_NW_019369191v1	chrUn_NW_019369191v1		AANG04003002.1	AANG04003002.1	NW_019369191.1
felCat9:chrUn_NW_019369192v1	chrUn_NW_019369192v1		AANG04001190.1	AANG04001190.1	NW_019369192.1
felCat9:chrUn_NW_019369193v1	chrUn_NW_019369193v1		AANG04004135.1	AANG04004135.1	NW_019369193.1
felCat9:chrUn_NW_019369194v1	chrUn_NW_019369194v1		AANG04001627.1	AANG04001627.1	NW_019369194.1
felCat9:chrUn_NW_019369195v1	chrUn_NW_019369195v1		AANG04004052.1	AANG04004052.1	NW_019369195.1
felCat9:chrUn_NW_019369196v1	chrUn_NW_019369196v1		AANG04002926.1	AANG04002926.1	NW_019369196.1
felCat9:chrUn_NW_019369197v1	chrUn_NW_019369197v1		AANG04004671.1	AANG04004671.1	NW_019369197.1
felCat9:chrUn_NW_019369198v1	chrUn_NW_019369198v1		AANG04002671.1	AANG04002671.1	NW_019369198.1
felCat9:chrUn_NW_019369199v1	chrUn_NW_019369199v1		AANG04000989.1	AANG04000989.1	NW_019369199.1
felCat9:chrUn_NW_019369200v1	chrUn_NW_019369200v1		AANG04003927.1	AANG04003927.1	NW_019369200.1
felCat9:chrUn_NW_019369201v1	chrUn_NW_019369201v1		AANG04002702.1	AANG04002702.1	NW_019369201.1
felCat9:chrUn_NW_019369202v1	chrUn_NW_019369202v1		AANG04000638.1	AANG04000638.1	NW_019369202.1
felCat9:chrUn_NW_019369203v1	chrUn_NW_019369203v1		AANG04000573.1	AANG04000573.1	NW_019369203.1
felCat9:chrUn_NW_019369204v1	chrUn_NW_019369204v1		AANG04003857.1	AANG04003857.1	NW_019369204.1
felCat9:chrUn_NW_019369205v1	chrUn_NW_019369205v1		AANG04000352.1	AANG04000352.1	NW_019369205.1
felCat9:chrUn_NW_019369206v1	chrUn_NW_019369206v1		AANG04003421.1	AANG04003421.1	NW_019369206.1
felCat9:chrUn_NW_019369207v1	chrUn_NW_019369207v1		AANG04002200.1	AANG04002200.1	NW_019369207.1
felCat9:chrUn_NW_019369208v1	chrUn_NW_019369208v1		AANG04001443.1	AANG04001443.1	NW_019369208.1
felCat9:chrUn_NW_019369209v1	chrUn_NW_019369209v1		AANG04003100.1	AANG04003100.1	NW_019369209.1
felCat9:chrUn_NW_019369210v1	chrUn_NW_019369210v1		AANG04004026.1	AANG04004026.1	NW_019369210.1
felCat9:chrUn_NW_019369211v1	chrUn_NW_019369211v1		AANG04002946.1	AANG04002946.1	NW_019369211.1
felCat9:chrUn_NW_019369212v1	chrUn_NW_019369212v1		AANG04001506.1	AANG04001506.1	NW_019369212.1
felCat9:chrUn_NW_019369213v1	chrUn_NW_019369213v1		AANG04000943.1	AANG04000943.1	NW_019369213.1
felCat9:chrUn_NW_019369214v1	chrUn_NW_019369214v1		AANG04000945.1	AANG04000945.1	NW_019369214.1
felCat9:chrUn_NW_019369215v1	chrUn_NW_019369215v1		AANG04000538.1	AANG04000538.1	NW_019369215.1
felCat9:chrUn_NW_019369216v1	chrUn_NW_019369216v1		AANG04000154.1	AANG04000154.1	NW_019369216.1
felCat9:chrUn_NW_019369217v1	chrUn_NW_019369217v1		AANG04001983.1	AANG04001983.1	NW_019369217.1
felCat9:chrUn_NW_019369218v1	chrUn_NW_019369218v1		AANG04003613.1	AANG04003613.1	NW_019369218.1
felCat9:chrUn_NW_019369219v1	chrUn_NW_019369219v1		AANG04003170.1	AANG04003170.1	NW_019369219.1
felCat9:chrUn_NW_019369220v1	chrUn_NW_019369220v1		AANG04002792.1	AANG04002792.1	NW_019369220.1
felCat9:chrUn_NW_019369221v1	chrUn_NW_019369221v1		AANG04000078.1	AANG04000078.1	NW_019369221.1
felCat9:chrUn_NW_019369222v1	chrUn_NW_019369222v1		AANG04004473.1	AANG04004473.1	NW_019369222.1
felCat9:chrUn_NW_019369223v1	chrUn_NW_019369223v1		AANG04003108.1	AANG04003108.1	NW_019369223.1
felCat9:chrUn_NW_019369224v1	chrUn_NW_019369224v1		AANG04000412.1	AANG04000412.1	NW_019369224.1
felCat9:chrUn_NW_019369225v1	chrUn_NW_019369225v1		AANG04004535.1	AANG04004535.1	NW_019369225.1
felCat9:chrUn_NW_019369226v1	chrUn_NW_019369226v1		AANG04004205.1	AANG04004205.1	NW_019369226.1
felCat9:chrUn_NW_019369227v1	chrUn_NW_019369227v1		AANG04004261.1	AANG04004261.1	NW_019369227.1
felCat9:chrUn_NW_019369228v1	chrUn_NW_019369228v1		AANG04000635.1	AANG04000635.1	NW_019369228.1
felCat9:chrUn_NW_019369229v1	chrUn_NW_019369229v1		AANG04003871.1	AANG04003871.1	NW_019369229.1
felCat9:chrUn_NW_019369230v1	chrUn_NW_019369230v1		AANG04002031.1	AANG04002031.1	NW_019369230.1
felCat9:chrUn_NW_019369231v1	chrUn_NW_019369231v1		AANG04002892.1	AANG04002892.1	NW_019369231.1
felCat9:chrUn_NW_019369232v1	chrUn_NW_019369232v1		AANG04000250.1	AANG04000250.1	NW_019369232.1
felCat9:chrUn_NW_019369233v1	chrUn_NW_019369233v1		AANG04004466.1	AANG04004466.1	NW_019369233.1
felCat9:chrUn_NW_019369234v1	chrUn_NW_019369234v1		AANG04003187.1	AANG04003187.1	NW_019369234.1
felCat9:chrUn_NW_019369235v1	chrUn_NW_019369235v1		AANG04002231.1	AANG04002231.1	NW_019369235.1
felCat9:chrUn_NW_019369236v1	chrUn_NW_019369236v1		AANG04002609.1	AANG04002609.1	NW_019369236.1
felCat9:chrUn_NW_019369237v1	chrUn_NW_019369237v1		AANG04002315.1	AANG04002315.1	NW_019369237.1
felCat9:chrUn_NW_019369238v1	chrUn_NW_019369238v1		AANG04002137.1	AANG04002137.1	NW_019369238.1
felCat9:chrUn_NW_019369239v1	chrUn_NW_019369239v1		AANG04001173.1	AANG04001173.1	NW_019369239.1
felCat9:chrUn_NW_019369240v1	chrUn_NW_019369240v1		AANG04004311.1	AANG04004311.1	NW_019369240.1
felCat9:chrUn_NW_019369241v1	chrUn_NW_019369241v1		AANG04003752.1	AANG04003752.1	NW_019369241.1
felCat9:chrUn_NW_019369242v1	chrUn_NW_019369242v1		AANG04000122.1	AANG04000122.1	NW_019369242.1
felCat9:chrUn_NW_019369243v1	chrUn_NW_019369243v1		AANG04000436.1	AANG04000436.1	NW_019369243.1
felCat9:chrUn_NW_019369244v1	chrUn_NW_019369244v1		AANG04002831.1	AANG04002831.1	NW_019369244.1
felCat9:chrUn_NW_019369245v1	chrUn_NW_019369245v1		AANG04003554.1	AANG04003554.1	NW_019369245.1
felCat9:chrUn_NW_019369246v1	chrUn_NW_019369246v1		AANG04000661.1	AANG04000661.1	NW_019369246.1
felCat9:chrUn_NW_019369247v1	chrUn_NW_019369247v1		AANG04001311.1	AANG04001311.1	NW_019369247.1
felCat9:chrUn_NW_019369248v1	chrUn_NW_019369248v1		AANG04004661.1	AANG04004661.1	NW_019369248.1
felCat9:chrUn_NW_019369249v1	chrUn_NW_019369249v1		AANG04000653.1	AANG04000653.1	NW_019369249.1
felCat9:chrUn_NW_019369250v1	chrUn_NW_019369250v1		AANG04001414.1	AANG04001414.1	NW_019369250.1
felCat9:chrUn_NW_019369251v1	chrUn_NW_019369251v1		AANG04001571.1	AANG04001571.1	NW_019369251.1
felCat9:chrUn_NW_019369252v1	chrUn_NW_019369252v1		AANG04000692.1	AANG04000692.1	NW_019369252.1
felCat9:chrUn_NW_019369253v1	chrUn_NW_019369253v1		AANG04000992.1	AANG04000992.1	NW_019369253.1
felCat9:chrUn_NW_019369254v1	chrUn_NW_019369254v1		AANG04000939.1	AANG04000939.1	NW_019369254.1
felCat9:chrUn_NW_019369255v1	chrUn_NW_019369255v1		AANG04002938.1	AANG04002938.1	NW_019369255.1
felCat9:chrUn_NW_019369256v1	chrUn_NW_019369256v1		AANG04001270.1	AANG04001270.1	NW_019369256.1
felCat9:chrUn_NW_019369257v1	chrUn_NW_019369257v1		AANG04002672.1	AANG04002672.1	NW_019369257.1
felCat9:chrUn_NW_019369258v1	chrUn_NW_019369258v1		AANG04002720.1	AANG04002720.1	NW_019369258.1
felCat9:chrUn_NW_019369259v1	chrUn_NW_019369259v1		AANG04002929.1	AANG04002929.1	NW_019369259.1
felCat9:chrUn_NW_019369260v1	chrUn_NW_019369260v1		AANG04002013.1	AANG04002013.1	NW_019369260.1
felCat9:chrUn_NW_019369261v1	chrUn_NW_019369261v1		AANG04003368.1	AANG04003368.1	NW_019369261.1
felCat9:chrUn_NW_019369262v1	chrUn_NW_019369262v1		AANG04001650.1	AANG04001650.1	NW_019369262.1
felCat9:chrUn_NW_019369263v1	chrUn_NW_019369263v1		AANG04002388.1	AANG04002388.1	NW_019369263.1
felCat9:chrUn_NW_019369264v1	chrUn_NW_019369264v1		AANG04004356.1	AANG04004356.1	NW_019369264.1
felCat9:chrUn_NW_019369265v1	chrUn_NW_019369265v1		AANG04001579.1	AANG04001579.1	NW_019369265.1
felCat9:chrUn_NW_019369266v1	chrUn_NW_019369266v1		AANG04003780.1	AANG04003780.1	NW_019369266.1
felCat9:chrUn_NW_019369267v1	chrUn_NW_019369267v1		AANG04000362.1	AANG04000362.1	NW_019369267.1
felCat9:chrUn_NW_019369268v1	chrUn_NW_019369268v1		AANG04004272.1	AANG04004272.1	NW_019369268.1
felCat9:chrUn_NW_019369269v1	chrUn_NW_019369269v1		AANG04001149.1	AANG04001149.1	NW_019369269.1
felCat9:chrUn_NW_019369270v1	chrUn_NW_019369270v1		AANG04004186.1	AANG04004186.1	NW_019369270.1
felCat9:chrUn_NW_019369271v1	chrUn_NW_019369271v1		AANG04001806.1	AANG04001806.1	NW_019369271.1
felCat9:chrUn_NW_019369272v1	chrUn_NW_019369272v1		AANG04003898.1	AANG04003898.1	NW_019369272.1
felCat9:chrUn_NW_019369273v1	chrUn_NW_019369273v1		AANG04001844.1	AANG04001844.1	NW_019369273.1
felCat9:chrUn_NW_019369274v1	chrUn_NW_019369274v1		AANG04003529.1	AANG04003529.1	NW_019369274.1
felCat9:chrUn_NW_019369275v1	chrUn_NW_019369275v1		AANG04003436.1	AANG04003436.1	NW_019369275.1
felCat9:chrUn_NW_019369276v1	chrUn_NW_019369276v1		AANG04003291.1	AANG04003291.1	NW_019369276.1
felCat9:chrUn_NW_019369277v1	chrUn_NW_019369277v1		AANG04003044.1	AANG04003044.1	NW_019369277.1
felCat9:chrUn_NW_019369278v1	chrUn_NW_019369278v1		AANG04004229.1	AANG04004229.1	NW_019369278.1
felCat9:chrUn_NW_019369279v1	chrUn_NW_019369279v1		AANG04001202.1	AANG04001202.1	NW_019369279.1
felCat9:chrUn_NW_019369280v1	chrUn_NW_019369280v1		AANG04003757.1	AANG04003757.1	NW_019369280.1
felCat9:chrUn_NW_019369281v1	chrUn_NW_019369281v1		AANG04002188.1	AANG04002188.1	NW_019369281.1
felCat9:chrUn_NW_019369282v1	chrUn_NW_019369282v1		AANG04002974.1	AANG04002974.1	NW_019369282.1
felCat9:chrUn_NW_019369283v1	chrUn_NW_019369283v1		AANG04000334.1	AANG04000334.1	NW_019369283.1
felCat9:chrUn_NW_019369284v1	chrUn_NW_019369284v1		AANG04004066.1	AANG04004066.1	NW_019369284.1
felCat9:chrUn_NW_019369285v1	chrUn_NW_019369285v1		AANG04003977.1	AANG04003977.1	NW_019369285.1
felCat9:chrUn_NW_019369286v1	chrUn_NW_019369286v1		AANG04002061.1	AANG04002061.1	NW_019369286.1
felCat9:chrUn_NW_019369287v1	chrUn_NW_019369287v1		AANG04004660.1	AANG04004660.1	NW_019369287.1
felCat9:chrUn_NW_019369288v1	chrUn_NW_019369288v1		AANG04003708.1	AANG04003708.1	NW_019369288.1
felCat9:chrUn_NW_019369289v1	chrUn_NW_019369289v1		AANG04003643.1	AANG04003643.1	NW_019369289.1
felCat9:chrUn_NW_019369290v1	chrUn_NW_019369290v1		AANG04004024.1	AANG04004024.1	NW_019369290.1
felCat9:chrUn_NW_019369291v1	chrUn_NW_019369291v1		AANG04004307.1	AANG04004307.1	NW_019369291.1
felCat9:chrUn_NW_019369292v1	chrUn_NW_019369292v1		AANG04003767.1	AANG04003767.1	NW_019369292.1
felCat9:chrUn_NW_019369293v1	chrUn_NW_019369293v1		AANG04003663.1	AANG04003663.1	NW_019369293.1
felCat9:chrUn_NW_019369294v1	chrUn_NW_019369294v1		AANG04003229.1	AANG04003229.1	NW_019369294.1
felCat9:chrUn_NW_019369295v1	chrUn_NW_019369295v1		AANG04004729.1	AANG04004729.1	NW_019369295.1
felCat9:chrUn_NW_019369296v1	chrUn_NW_019369296v1		AANG04001147.1	AANG04001147.1	NW_019369296.1
felCat9:chrUn_NW_019369297v1	chrUn_NW_019369297v1		AANG04002897.1	AANG04002897.1	NW_019369297.1
felCat9:chrUn_NW_019369298v1	chrUn_NW_019369298v1		AANG04002743.1	AANG04002743.1	NW_019369298.1
felCat9:chrUn_NW_019369299v1	chrUn_NW_019369299v1		AANG04001411.1	AANG04001411.1	NW_019369299.1
felCat9:chrUn_NW_019369300v1	chrUn_NW_019369300v1		AANG04001784.1	AANG04001784.1	NW_019369300.1
felCat9:chrUn_NW_019369301v1	chrUn_NW_019369301v1		AANG04000165.1	AANG04000165.1	NW_019369301.1
felCat9:chrUn_NW_019369302v1	chrUn_NW_019369302v1		AANG04002364.1	AANG04002364.1	NW_019369302.1
felCat9:chrUn_NW_019369303v1	chrUn_NW_019369303v1		AANG04004126.1	AANG04004126.1	NW_019369303.1
felCat9:chrUn_NW_019369304v1	chrUn_NW_019369304v1		AANG04003783.1	AANG04003783.1	NW_019369304.1
felCat9:chrUn_NW_019369305v1	chrUn_NW_019369305v1		AANG04002917.1	AANG04002917.1	NW_019369305.1
felCat9:chrUn_NW_019369306v1	chrUn_NW_019369306v1		AANG04002427.1	AANG04002427.1	NW_019369306.1
felCat9:chrUn_NW_019369307v1	chrUn_NW_019369307v1		AANG04001196.1	AANG04001196.1	NW_019369307.1
felCat9:chrUn_NW_019369308v1	chrUn_NW_019369308v1		AANG04002684.1	AANG04002684.1	NW_019369308.1
felCat9:chrUn_NW_019369309v1	chrUn_NW_019369309v1		AANG04004442.1	AANG04004442.1	NW_019369309.1
felCat9:chrUn_NW_019369310v1	chrUn_NW_019369310v1		AANG04002506.1	AANG04002506.1	NW_019369310.1
felCat9:chrUn_NW_019369311v1	chrUn_NW_019369311v1		AANG04002925.1	AANG04002925.1	NW_019369311.1
felCat9:chrUn_NW_019369312v1	chrUn_NW_019369312v1		AANG04004716.1	AANG04004716.1	NW_019369312.1
felCat9:chrUn_NW_019369313v1	chrUn_NW_019369313v1		AANG04000790.1	AANG04000790.1	NW_019369313.1
felCat9:chrUn_NW_019369314v1	chrUn_NW_019369314v1		AANG04000508.1	AANG04000508.1	NW_019369314.1
felCat9:chrUn_NW_019369315v1	chrUn_NW_019369315v1		AANG04000210.1	AANG04000210.1	NW_019369315.1
felCat9:chrUn_NW_019369316v1	chrUn_NW_019369316v1		AANG04004077.1	AANG04004077.1	NW_019369316.1
felCat9:chrUn_NW_019369317v1	chrUn_NW_019369317v1		AANG04000930.1	AANG04000930.1	NW_019369317.1
felCat9:chrUn_NW_019369318v1	chrUn_NW_019369318v1		AANG04001891.1	AANG04001891.1	NW_019369318.1
felCat9:chrUn_NW_019369319v1	chrUn_NW_019369319v1		AANG04004679.1	AANG04004679.1	NW_019369319.1
felCat9:chrUn_NW_019369320v1	chrUn_NW_019369320v1		AANG04004165.1	AANG04004165.1	NW_019369320.1
felCat9:chrUn_NW_019369321v1	chrUn_NW_019369321v1		AANG04002480.1	AANG04002480.1	NW_019369321.1
felCat9:chrUn_NW_019369322v1	chrUn_NW_019369322v1		AANG04001212.1	AANG04001212.1	NW_019369322.1
felCat9:chrUn_NW_019369323v1	chrUn_NW_019369323v1		AANG04000180.1	AANG04000180.1	NW_019369323.1
felCat9:chrUn_NW_019369324v1	chrUn_NW_019369324v1		AANG04004190.1	AANG04004190.1	NW_019369324.1
felCat9:chrUn_NW_019369325v1	chrUn_NW_019369325v1		AANG04003870.1	AANG04003870.1	NW_019369325.1
felCat9:chrUn_NW_019369326v1	chrUn_NW_019369326v1		AANG04000462.1	AANG04000462.1	NW_019369326.1
felCat9:chrUn_NW_019369327v1	chrUn_NW_019369327v1		AANG04000305.1	AANG04000305.1	NW_019369327.1
felCat9:chrUn_NW_019369328v1	chrUn_NW_019369328v1		AANG04000245.1	AANG04000245.1	NW_019369328.1
felCat9:chrUn_NW_019369329v1	chrUn_NW_019369329v1		AANG04000694.1	AANG04000694.1	NW_019369329.1
felCat9:chrUn_NW_019369330v1	chrUn_NW_019369330v1		AANG04003851.1	AANG04003851.1	NW_019369330.1
felCat9:chrUn_NW_019369331v1	chrUn_NW_019369331v1		AANG04002242.1	AANG04002242.1	NW_019369331.1
felCat9:chrUn_NW_019369332v1	chrUn_NW_019369332v1		AANG04000963.1	AANG04000963.1	NW_019369332.1
felCat9:chrUn_NW_019369333v1	chrUn_NW_019369333v1		AANG04000426.1	AANG04000426.1	NW_019369333.1
felCat9:chrUn_NW_019369334v1	chrUn_NW_019369334v1		AANG04004657.1	AANG04004657.1	NW_019369334.1
felCat9:chrUn_NW_019369335v1	chrUn_NW_019369335v1		AANG04003572.1	AANG04003572.1	NW_019369335.1
felCat9:chrUn_NW_019369336v1	chrUn_NW_019369336v1		AANG04001050.1	AANG04001050.1	NW_019369336.1
felCat9:chrUn_NW_019369337v1	chrUn_NW_019369337v1		AANG04004649.1	AANG04004649.1	NW_019369337.1
felCat9:chrUn_NW_019369338v1	chrUn_NW_019369338v1		AANG04002089.1	AANG04002089.1	NW_019369338.1
felCat9:chrUn_NW_019369339v1	chrUn_NW_019369339v1		AANG04004644.1	AANG04004644.1	NW_019369339.1
felCat9:chrUn_NW_019369340v1	chrUn_NW_019369340v1		AANG04003764.1	AANG04003764.1	NW_019369340.1
felCat9:chrUn_NW_019369341v1	chrUn_NW_019369341v1		AANG04003272.1	AANG04003272.1	NW_019369341.1
felCat9:chrUn_NW_019369342v1	chrUn_NW_019369342v1		AANG04003803.1	AANG04003803.1	NW_019369342.1
felCat9:chrUn_NW_019369343v1	chrUn_NW_019369343v1		AANG04001647.1	AANG04001647.1	NW_019369343.1
felCat9:chrUn_NW_019369344v1	chrUn_NW_019369344v1		AANG04000192.1	AANG04000192.1	NW_019369344.1
felCat9:chrUn_NW_019369345v1	chrUn_NW_019369345v1		AANG04003892.1	AANG04003892.1	NW_019369345.1
felCat9:chrUn_NW_019369346v1	chrUn_NW_019369346v1		AANG04004460.1	AANG04004460.1	NW_019369346.1
felCat9:chrUn_NW_019369347v1	chrUn_NW_019369347v1		AANG04000068.1	AANG04000068.1	NW_019369347.1
felCat9:chrUn_NW_019369348v1	chrUn_NW_019369348v1		AANG04000985.1	AANG04000985.1	NW_019369348.1
felCat9:chrUn_NW_019369349v1	chrUn_NW_019369349v1		AANG04003682.1	AANG04003682.1	NW_019369349.1
felCat9:chrUn_NW_019369350v1	chrUn_NW_019369350v1		AANG04002849.1	AANG04002849.1	NW_019369350.1
felCat9:chrUn_NW_019369351v1	chrUn_NW_019369351v1		AANG04002628.1	AANG04002628.1	NW_019369351.1
felCat9:chrUn_NW_019369352v1	chrUn_NW_019369352v1		AANG04000949.1	AANG04000949.1	NW_019369352.1
felCat9:chrUn_NW_019369353v1	chrUn_NW_019369353v1		AANG04000191.1	AANG04000191.1	NW_019369353.1
felCat9:chrUn_NW_019369354v1	chrUn_NW_019369354v1		AANG04002747.1	AANG04002747.1	NW_019369354.1
felCat9:chrUn_NW_019369355v1	chrUn_NW_019369355v1		AANG04002733.1	AANG04002733.1	NW_019369355.1
felCat9:chrUn_NW_019369356v1	chrUn_NW_019369356v1		AANG04004458.1	AANG04004458.1	NW_019369356.1
felCat9:chrUn_NW_019369357v1	chrUn_NW_019369357v1		AANG04000800.1	AANG04000800.1	NW_019369357.1
felCat9:chrUn_NW_019369358v1	chrUn_NW_019369358v1		AANG04001021.1	AANG04001021.1	NW_019369358.1
felCat9:chrUn_NW_019369359v1	chrUn_NW_019369359v1		AANG04004543.1	AANG04004543.1	NW_019369359.1
felCat9:chrUn_NW_019369360v1	chrUn_NW_019369360v1		AANG04000584.1	AANG04000584.1	NW_019369360.1
felCat9:chrUn_NW_019369361v1	chrUn_NW_019369361v1		AANG04001346.1	AANG04001346.1	NW_019369361.1
felCat9:chrUn_NW_019369362v1	chrUn_NW_019369362v1		AANG04002430.1	AANG04002430.1	NW_019369362.1
felCat9:chrUn_NW_019369363v1	chrUn_NW_019369363v1		AANG04004582.1	AANG04004582.1	NW_019369363.1
felCat9:chrUn_NW_019369364v1	chrUn_NW_019369364v1		AANG04000811.1	AANG04000811.1	NW_019369364.1
felCat9:chrUn_NW_019369365v1	chrUn_NW_019369365v1		AANG04001451.1	AANG04001451.1	NW_019369365.1
felCat9:chrUn_NW_019369366v1	chrUn_NW_019369366v1		AANG04002800.1	AANG04002800.1	NW_019369366.1
felCat9:chrUn_NW_019369367v1	chrUn_NW_019369367v1		AANG04002565.1	AANG04002565.1	NW_019369367.1
felCat9:chrUn_NW_019369368v1	chrUn_NW_019369368v1		AANG04000891.1	AANG04000891.1	NW_019369368.1
felCat9:chrUn_NW_019369369v1	chrUn_NW_019369369v1		AANG04003681.1	AANG04003681.1	NW_019369369.1
felCat9:chrUn_NW_019369370v1	chrUn_NW_019369370v1		AANG04000340.1	AANG04000340.1	NW_019369370.1
felCat9:chrUn_NW_019369371v1	chrUn_NW_019369371v1		AANG04003506.1	AANG04003506.1	NW_019369371.1
felCat9:chrUn_NW_019369372v1	chrUn_NW_019369372v1		AANG04001300.1	AANG04001300.1	NW_019369372.1
felCat9:chrUn_NW_019369373v1	chrUn_NW_019369373v1		AANG04000793.1	AANG04000793.1	NW_019369373.1
felCat9:chrUn_NW_019369374v1	chrUn_NW_019369374v1		AANG04000131.1	AANG04000131.1	NW_019369374.1
felCat9:chrUn_NW_019369375v1	chrUn_NW_019369375v1		AANG04000506.1	AANG04000506.1	NW_019369375.1
felCat9:chrUn_NW_019369376v1	chrUn_NW_019369376v1		AANG04000650.1	AANG04000650.1	NW_019369376.1
felCat9:chrUn_NW_019369377v1	chrUn_NW_019369377v1		AANG04002739.1	AANG04002739.1	NW_019369377.1
felCat9:chrUn_NW_019369378v1	chrUn_NW_019369378v1		AANG04002253.1	AANG04002253.1	NW_019369378.1
felCat9:chrUn_NW_019369379v1	chrUn_NW_019369379v1		AANG04002600.1	AANG04002600.1	NW_019369379.1
felCat9:chrUn_NW_019369380v1	chrUn_NW_019369380v1		AANG04002395.1	AANG04002395.1	NW_019369380.1
felCat9:chrUn_NW_019369381v1	chrUn_NW_019369381v1		AANG04003342.1	AANG04003342.1	NW_019369381.1
felCat9:chrUn_NW_019369382v1	chrUn_NW_019369382v1		AANG04003987.1	AANG04003987.1	NW_019369382.1
felCat9:chrUn_NW_019369383v1	chrUn_NW_019369383v1		AANG04004606.1	AANG04004606.1	NW_019369383.1
felCat9:chrUn_NW_019369384v1	chrUn_NW_019369384v1		AANG04001243.1	AANG04001243.1	NW_019369384.1
felCat9:chrUn_NW_019369385v1	chrUn_NW_019369385v1		AANG04000533.1	AANG04000533.1	NW_019369385.1
felCat9:chrUn_NW_019369386v1	chrUn_NW_019369386v1		AANG04000596.1	AANG04000596.1	NW_019369386.1
felCat9:chrUn_NW_019369387v1	chrUn_NW_019369387v1		AANG04000236.1	AANG04000236.1	NW_019369387.1
felCat9:chrUn_NW_019369388v1	chrUn_NW_019369388v1		AANG04004421.1	AANG04004421.1	NW_019369388.1
felCat9:chrUn_NW_019369389v1	chrUn_NW_019369389v1		AANG04000425.1	AANG04000425.1	NW_019369389.1
felCat9:chrUn_NW_019369390v1	chrUn_NW_019369390v1		AANG04001282.1	AANG04001282.1	NW_019369390.1
felCat9:chrUn_NW_019369391v1	chrUn_NW_019369391v1		AANG04000225.1	AANG04000225.1	NW_019369391.1
felCat9:chrUn_NW_019369392v1	chrUn_NW_019369392v1		AANG04000684.1	AANG04000684.1	NW_019369392.1
felCat9:chrUn_NW_019369393v1	chrUn_NW_019369393v1		AANG04001375.1	AANG04001375.1	NW_019369393.1
felCat9:chrUn_NW_019369394v1	chrUn_NW_019369394v1		AANG04002059.1	AANG04002059.1	NW_019369394.1
felCat9:chrUn_NW_019369395v1	chrUn_NW_019369395v1		AANG04003795.1	AANG04003795.1	NW_019369395.1
felCat9:chrUn_NW_019369396v1	chrUn_NW_019369396v1		AANG04004425.1	AANG04004425.1	NW_019369396.1
felCat9:chrUn_NW_019369397v1	chrUn_NW_019369397v1		AANG04001488.1	AANG04001488.1	NW_019369397.1
felCat9:chrUn_NW_019369398v1	chrUn_NW_019369398v1		AANG04000473.1	AANG04000473.1	NW_019369398.1
felCat9:chrUn_NW_019369399v1	chrUn_NW_019369399v1		AANG04001926.1	AANG04001926.1	NW_019369399.1
felCat9:chrUn_NW_019369400v1	chrUn_NW_019369400v1		AANG04000285.1	AANG04000285.1	NW_019369400.1
felCat9:chrUn_NW_019369401v1	chrUn_NW_019369401v1		AANG04002392.1	AANG04002392.1	NW_019369401.1
felCat9:chrUn_NW_019369402v1	chrUn_NW_019369402v1		AANG04001107.1	AANG04001107.1	NW_019369402.1
felCat9:chrUn_NW_019369403v1	chrUn_NW_019369403v1		AANG04003971.1	AANG04003971.1	NW_019369403.1
felCat9:chrUn_NW_019369404v1	chrUn_NW_019369404v1		AANG04001744.1	AANG04001744.1	NW_019369404.1
felCat9:chrUn_NW_019369405v1	chrUn_NW_019369405v1		AANG04003629.1	AANG04003629.1	NW_019369405.1
felCat9:chrUn_NW_019369406v1	chrUn_NW_019369406v1		AANG04001670.1	AANG04001670.1	NW_019369406.1
felCat9:chrUn_NW_019369407v1	chrUn_NW_019369407v1		AANG04001538.1	AANG04001538.1	NW_019369407.1
felCat9:chrUn_NW_019369408v1	chrUn_NW_019369408v1		AANG04002599.1	AANG04002599.1	NW_019369408.1
felCat9:chrUn_NW_019369409v1	chrUn_NW_019369409v1		AANG04004195.1	AANG04004195.1	NW_019369409.1
felCat9:chrUn_NW_019369410v1	chrUn_NW_019369410v1		AANG04000390.1	AANG04000390.1	NW_019369410.1
felCat9:chrUn_NW_019369411v1	chrUn_NW_019369411v1		AANG04004545.1	AANG04004545.1	NW_019369411.1
felCat9:chrUn_NW_019369412v1	chrUn_NW_019369412v1		AANG04000129.1	AANG04000129.1	NW_019369412.1
felCat9:chrUn_NW_019369413v1	chrUn_NW_019369413v1		AANG04001153.1	AANG04001153.1	NW_019369413.1
felCat9:chrUn_NW_019369414v1	chrUn_NW_019369414v1		AANG04004655.1	AANG04004655.1	NW_019369414.1
felCat9:chrUn_NW_019369415v1	chrUn_NW_019369415v1		AANG04001125.1	AANG04001125.1	NW_019369415.1
felCat9:chrUn_NW_019369416v1	chrUn_NW_019369416v1		AANG04003286.1	AANG04003286.1	NW_019369416.1
felCat9:chrUn_NW_019369417v1	chrUn_NW_019369417v1		AANG04000504.1	AANG04000504.1	NW_019369417.1
felCat9:chrUn_NW_019369418v1	chrUn_NW_019369418v1		AANG04000286.1	AANG04000286.1	NW_019369418.1
felCat9:chrUn_NW_019369419v1	chrUn_NW_019369419v1		AANG04003576.1	AANG04003576.1	NW_019369419.1
felCat9:chrUn_NW_019369420v1	chrUn_NW_019369420v1		AANG04000867.1	AANG04000867.1	NW_019369420.1
felCat9:chrUn_NW_019369421v1	chrUn_NW_019369421v1		AANG04004412.1	AANG04004412.1	NW_019369421.1
felCat9:chrUn_NW_019369422v1	chrUn_NW_019369422v1		AANG04004538.1	AANG04004538.1	NW_019369422.1
felCat9:chrUn_NW_019369423v1	chrUn_NW_019369423v1		AANG04001013.1	AANG04001013.1	NW_019369423.1
felCat9:chrUn_NW_019369424v1	chrUn_NW_019369424v1		AANG04003250.1	AANG04003250.1	NW_019369424.1
felCat9:chrUn_NW_019369425v1	chrUn_NW_019369425v1		AANG04002645.1	AANG04002645.1	NW_019369425.1
felCat9:chrUn_NW_019369426v1	chrUn_NW_019369426v1		AANG04000656.1	AANG04000656.1	NW_019369426.1
felCat9:chrUn_NW_019369427v1	chrUn_NW_019369427v1		AANG04000783.1	AANG04000783.1	NW_019369427.1
felCat9:chrUn_NW_019369428v1	chrUn_NW_019369428v1		AANG04003386.1	AANG04003386.1	NW_019369428.1
felCat9:chrUn_NW_019369429v1	chrUn_NW_019369429v1		AANG04001978.1	AANG04001978.1	NW_019369429.1
felCat9:chrUn_NW_019369430v1	chrUn_NW_019369430v1		AANG04003102.1	AANG04003102.1	NW_019369430.1
felCat9:chrUn_NW_019369431v1	chrUn_NW_019369431v1		AANG04003062.1	AANG04003062.1	NW_019369431.1
felCat9:chrUn_NW_019369432v1	chrUn_NW_019369432v1		AANG04000717.1	AANG04000717.1	NW_019369432.1
felCat9:chrUn_NW_019369433v1	chrUn_NW_019369433v1		AANG04004565.1	AANG04004565.1	NW_019369433.1
felCat9:chrUn_NW_019369434v1	chrUn_NW_019369434v1		AANG04003995.1	AANG04003995.1	NW_019369434.1
felCat9:chrUn_NW_019369435v1	chrUn_NW_019369435v1		AANG04002588.1	AANG04002588.1	NW_019369435.1
felCat9:chrUn_NW_019369436v1	chrUn_NW_019369436v1		AANG04002301.1	AANG04002301.1	NW_019369436.1
felCat9:chrUn_NW_019369437v1	chrUn_NW_019369437v1		AANG04001184.1	AANG04001184.1	NW_019369437.1
felCat9:chrUn_NW_019369438v1	chrUn_NW_019369438v1		AANG04002375.1	AANG04002375.1	NW_019369438.1
felCat9:chrUn_NW_019369439v1	chrUn_NW_019369439v1		AANG04003786.1	AANG04003786.1	NW_019369439.1
felCat9:chrUn_NW_019369440v1	chrUn_NW_019369440v1		AANG04002237.1	AANG04002237.1	NW_019369440.1
felCat9:chrUn_NW_019369441v1	chrUn_NW_019369441v1		AANG04002613.1	AANG04002613.1	NW_019369441.1
felCat9:chrUn_NW_019369442v1	chrUn_NW_019369442v1		AANG04004566.1	AANG04004566.1	NW_019369442.1
felCat9:chrUn_NW_019369443v1	chrUn_NW_019369443v1		AANG04000725.1	AANG04000725.1	NW_019369443.1
felCat9:chrUn_NW_019369444v1	chrUn_NW_019369444v1		AANG04003516.1	AANG04003516.1	NW_019369444.1
felCat9:chrUn_NW_019369445v1	chrUn_NW_019369445v1		AANG04003070.1	AANG04003070.1	NW_019369445.1
felCat9:chrUn_NW_019369446v1	chrUn_NW_019369446v1		AANG04003441.1	AANG04003441.1	NW_019369446.1
felCat9:chrUn_NW_019369447v1	chrUn_NW_019369447v1		AANG04002604.1	AANG04002604.1	NW_019369447.1
felCat9:chrUn_NW_019369448v1	chrUn_NW_019369448v1		AANG04002541.1	AANG04002541.1	NW_019369448.1
felCat9:chrUn_NW_019369449v1	chrUn_NW_019369449v1		AANG04003986.1	AANG04003986.1	NW_019369449.1
felCat9:chrUn_NW_019369450v1	chrUn_NW_019369450v1		AANG04002731.1	AANG04002731.1	NW_019369450.1
felCat9:chrUn_NW_019369451v1	chrUn_NW_019369451v1		AANG04000299.1	AANG04000299.1	NW_019369451.1
felCat9:chrUn_NW_019369452v1	chrUn_NW_019369452v1		AANG04000960.1	AANG04000960.1	NW_019369452.1
felCat9:chrUn_NW_019369453v1	chrUn_NW_019369453v1		AANG04003228.1	AANG04003228.1	NW_019369453.1
felCat9:chrUn_NW_019369454v1	chrUn_NW_019369454v1		AANG04003754.1	AANG04003754.1	NW_019369454.1
felCat9:chrUn_NW_019369455v1	chrUn_NW_019369455v1		AANG04004232.1	AANG04004232.1	NW_019369455.1
felCat9:chrUn_NW_019369456v1	chrUn_NW_019369456v1		AANG04002962.1	AANG04002962.1	NW_019369456.1
felCat9:chrUn_NW_019369457v1	chrUn_NW_019369457v1		AANG04000296.1	AANG04000296.1	NW_019369457.1
felCat9:chrUn_NW_019369458v1	chrUn_NW_019369458v1		AANG04004539.1	AANG04004539.1	NW_019369458.1
felCat9:chrUn_NW_019369459v1	chrUn_NW_019369459v1		AANG04004577.1	AANG04004577.1	NW_019369459.1
felCat9:chrUn_NW_019369460v1	chrUn_NW_019369460v1		AANG04002122.1	AANG04002122.1	NW_019369460.1
felCat9:chrUn_NW_019369461v1	chrUn_NW_019369461v1		AANG04004499.1	AANG04004499.1	NW_019369461.1
felCat9:chrUn_NW_019369462v1	chrUn_NW_019369462v1		AANG04000587.1	AANG04000587.1	NW_019369462.1
felCat9:chrUn_NW_019369463v1	chrUn_NW_019369463v1		AANG04001460.1	AANG04001460.1	NW_019369463.1
felCat9:chrUn_NW_019369464v1	chrUn_NW_019369464v1		AANG04001540.1	AANG04001540.1	NW_019369464.1
felCat9:chrUn_NW_019369465v1	chrUn_NW_019369465v1		AANG04002432.1	AANG04002432.1	NW_019369465.1
felCat9:chrUn_NW_019369466v1	chrUn_NW_019369466v1		AANG04004552.1	AANG04004552.1	NW_019369466.1
felCat9:chrUn_NW_019369467v1	chrUn_NW_019369467v1		AANG04004559.1	AANG04004559.1	NW_019369467.1
felCat9:chrUn_NW_019369468v1	chrUn_NW_019369468v1		AANG04001572.1	AANG04001572.1	NW_019369468.1
felCat9:chrUn_NW_019369469v1	chrUn_NW_019369469v1		AANG04001704.1	AANG04001704.1	NW_019369469.1
felCat9:chrUn_NW_019369470v1	chrUn_NW_019369470v1		AANG04000438.1	AANG04000438.1	NW_019369470.1
felCat9:chrUn_NW_019369471v1	chrUn_NW_019369471v1		AANG04002515.1	AANG04002515.1	NW_019369471.1
felCat9:chrUn_NW_019369472v1	chrUn_NW_019369472v1		AANG04001353.1	AANG04001353.1	NW_019369472.1
felCat9:chrUn_NW_019369473v1	chrUn_NW_019369473v1		AANG04001113.1	AANG04001113.1	NW_019369473.1
felCat9:chrUn_NW_019369474v1	chrUn_NW_019369474v1		AANG04002727.1	AANG04002727.1	NW_019369474.1
felCat9:chrUn_NW_019369475v1	chrUn_NW_019369475v1		AANG04004176.1	AANG04004176.1	NW_019369475.1
felCat9:chrUn_NW_019369476v1	chrUn_NW_019369476v1		AANG04004724.1	AANG04004724.1	NW_019369476.1
felCat9:chrUn_NW_019369477v1	chrUn_NW_019369477v1		AANG04002967.1	AANG04002967.1	NW_019369477.1
felCat9:chrUn_NW_019369478v1	chrUn_NW_019369478v1		AANG04003748.1	AANG04003748.1	NW_019369478.1
felCat9:chrUn_NW_019369479v1	chrUn_NW_019369479v1		AANG04001868.1	AANG04001868.1	NW_019369479.1
felCat9:chrUn_NW_019369480v1	chrUn_NW_019369480v1		AANG04003127.1	AANG04003127.1	NW_019369480.1
felCat9:chrUn_NW_019369481v1	chrUn_NW_019369481v1		AANG04003619.1	AANG04003619.1	NW_019369481.1
felCat9:chrUn_NW_019369482v1	chrUn_NW_019369482v1		AANG04004402.1	AANG04004402.1	NW_019369482.1
felCat9:chrUn_NW_019369483v1	chrUn_NW_019369483v1		AANG04001463.1	AANG04001463.1	NW_019369483.1
felCat9:chrUn_NW_019369484v1	chrUn_NW_019369484v1		AANG04001167.1	AANG04001167.1	NW_019369484.1
felCat9:chrUn_NW_019369485v1	chrUn_NW_019369485v1		AANG04003242.1	AANG04003242.1	NW_019369485.1
felCat9:chrUn_NW_019369486v1	chrUn_NW_019369486v1		AANG04002844.1	AANG04002844.1	NW_019369486.1
felCat9:chrUn_NW_019369487v1	chrUn_NW_019369487v1		AANG04003571.1	AANG04003571.1	NW_019369487.1
felCat9:chrUn_NW_019369488v1	chrUn_NW_019369488v1		AANG04000257.1	AANG04000257.1	NW_019369488.1
felCat9:chrUn_NW_019369489v1	chrUn_NW_019369489v1		AANG04004346.1	AANG04004346.1	NW_019369489.1
felCat9:chrUn_NW_019369490v1	chrUn_NW_019369490v1		AANG04004243.1	AANG04004243.1	NW_019369490.1
felCat9:chrUn_NW_019369491v1	chrUn_NW_019369491v1		AANG04001934.1	AANG04001934.1	NW_019369491.1
felCat9:chrUn_NW_019369492v1	chrUn_NW_019369492v1		AANG04003234.1	AANG04003234.1	NW_019369492.1
felCat9:chrUn_NW_019369493v1	chrUn_NW_019369493v1		AANG04003043.1	AANG04003043.1	NW_019369493.1
felCat9:chrUn_NW_019369494v1	chrUn_NW_019369494v1		AANG04001094.1	AANG04001094.1	NW_019369494.1
felCat9:chrUn_NW_019369495v1	chrUn_NW_019369495v1		AANG04002406.1	AANG04002406.1	NW_019369495.1
felCat9:chrUn_NW_019369496v1	chrUn_NW_019369496v1		AANG04004392.1	AANG04004392.1	NW_019369496.1
felCat9:chrUn_NW_019369497v1	chrUn_NW_019369497v1		AANG04000965.1	AANG04000965.1	NW_019369497.1
felCat9:chrUn_NW_019369498v1	chrUn_NW_019369498v1		AANG04001164.1	AANG04001164.1	NW_019369498.1
felCat9:chrUn_NW_019369499v1	chrUn_NW_019369499v1		AANG04000079.1	AANG04000079.1	NW_019369499.1
felCat9:chrUn_NW_019369500v1	chrUn_NW_019369500v1		AANG04004636.1	AANG04004636.1	NW_019369500.1
felCat9:chrUn_NW_019369501v1	chrUn_NW_019369501v1		AANG04001487.1	AANG04001487.1	NW_019369501.1
felCat9:chrUn_NW_019369502v1	chrUn_NW_019369502v1		AANG04004426.1	AANG04004426.1	NW_019369502.1
felCat9:chrUn_NW_019369503v1	chrUn_NW_019369503v1		AANG04003429.1	AANG04003429.1	NW_019369503.1
felCat9:chrUn_NW_019369504v1	chrUn_NW_019369504v1		AANG04002808.1	AANG04002808.1	NW_019369504.1
felCat9:chrUn_NW_019369505v1	chrUn_NW_019369505v1		AANG04001498.1	AANG04001498.1	NW_019369505.1
felCat9:chrUn_NW_019369506v1	chrUn_NW_019369506v1		AANG04003393.1	AANG04003393.1	NW_019369506.1
felCat9:chrUn_NW_019369507v1	chrUn_NW_019369507v1		AANG04000595.1	AANG04000595.1	NW_019369507.1
felCat9:chrUn_NW_019369508v1	chrUn_NW_019369508v1		AANG04002171.1	AANG04002171.1	NW_019369508.1
felCat9:chrUn_NW_019369509v1	chrUn_NW_019369509v1		AANG04003802.1	AANG04003802.1	NW_019369509.1
felCat9:chrUn_NW_019369510v1	chrUn_NW_019369510v1		AANG04003496.1	AANG04003496.1	NW_019369510.1
felCat9:chrUn_NW_019369511v1	chrUn_NW_019369511v1		AANG04004319.1	AANG04004319.1	NW_019369511.1
felCat9:chrUn_NW_019369512v1	chrUn_NW_019369512v1		AANG04000987.1	AANG04000987.1	NW_019369512.1
felCat9:chrUn_NW_019369513v1	chrUn_NW_019369513v1		AANG04003849.1	AANG04003849.1	NW_019369513.1
felCat9:chrUn_NW_019369514v1	chrUn_NW_019369514v1		AANG04002185.1	AANG04002185.1	NW_019369514.1
felCat9:chrUn_NW_019369515v1	chrUn_NW_019369515v1		AANG04000163.1	AANG04000163.1	NW_019369515.1
felCat9:chrUn_NW_019369516v1	chrUn_NW_019369516v1		AANG04001286.1	AANG04001286.1	NW_019369516.1
felCat9:chrUn_NW_019369517v1	chrUn_NW_019369517v1		AANG04001132.1	AANG04001132.1	NW_019369517.1
felCat9:chrUn_NW_019369518v1	chrUn_NW_019369518v1		AANG04002820.1	AANG04002820.1	NW_019369518.1
felCat9:chrUn_NW_019369519v1	chrUn_NW_019369519v1		AANG04003318.1	AANG04003318.1	NW_019369519.1
felCat9:chrUn_NW_019369520v1	chrUn_NW_019369520v1		AANG04002487.1	AANG04002487.1	NW_019369520.1
felCat9:chrUn_NW_019369521v1	chrUn_NW_019369521v1		AANG04001307.1	AANG04001307.1	NW_019369521.1
felCat9:chrUn_NW_019369522v1	chrUn_NW_019369522v1		AANG04001156.1	AANG04001156.1	NW_019369522.1
felCat9:chrUn_NW_019369523v1	chrUn_NW_019369523v1		AANG04002736.1	AANG04002736.1	NW_019369523.1
felCat9:chrUn_NW_019369524v1	chrUn_NW_019369524v1		AANG04004537.1	AANG04004537.1	NW_019369524.1
felCat9:chrUn_NW_019369525v1	chrUn_NW_019369525v1		AANG04001549.1	AANG04001549.1	NW_019369525.1
felCat9:chrUn_NW_019369526v1	chrUn_NW_019369526v1		AANG04002688.1	AANG04002688.1	NW_019369526.1
felCat9:chrUn_NW_019369527v1	chrUn_NW_019369527v1		AANG04002983.1	AANG04002983.1	NW_019369527.1
felCat9:chrUn_NW_019369528v1	chrUn_NW_019369528v1		AANG04001097.1	AANG04001097.1	NW_019369528.1
felCat9:chrUn_NW_019369529v1	chrUn_NW_019369529v1		AANG04001129.1	AANG04001129.1	NW_019369529.1
felCat9:chrUn_NW_019369530v1	chrUn_NW_019369530v1		AANG04000039.1	AANG04000039.1	NW_019369530.1
felCat9:chrUn_NW_019369531v1	chrUn_NW_019369531v1		AANG04002521.1	AANG04002521.1	NW_019369531.1
felCat9:chrUn_NW_019369532v1	chrUn_NW_019369532v1		AANG04002010.1	AANG04002010.1	NW_019369532.1
felCat9:chrUn_NW_019369533v1	chrUn_NW_019369533v1		AANG04002655.1	AANG04002655.1	NW_019369533.1
felCat9:chrUn_NW_019369534v1	chrUn_NW_019369534v1		AANG04000490.1	AANG04000490.1	NW_019369534.1
felCat9:chrUn_NW_019369535v1	chrUn_NW_019369535v1		AANG04002149.1	AANG04002149.1	NW_019369535.1
felCat9:chrUn_NW_019369536v1	chrUn_NW_019369536v1		AANG04002838.1	AANG04002838.1	NW_019369536.1
felCat9:chrUn_NW_019369537v1	chrUn_NW_019369537v1		AANG04001201.1	AANG04001201.1	NW_019369537.1
felCat9:chrUn_NW_019369538v1	chrUn_NW_019369538v1		AANG04002187.1	AANG04002187.1	NW_019369538.1
felCat9:chrUn_NW_019369539v1	chrUn_NW_019369539v1		AANG04002252.1	AANG04002252.1	NW_019369539.1
felCat9:chrUn_NW_019369540v1	chrUn_NW_019369540v1		AANG04001039.1	AANG04001039.1	NW_019369540.1
felCat9:chrUn_NW_019369541v1	chrUn_NW_019369541v1		AANG04001590.1	AANG04001590.1	NW_019369541.1
felCat9:chrUn_NW_019369542v1	chrUn_NW_019369542v1		AANG04001999.1	AANG04001999.1	NW_019369542.1
felCat9:chrUn_NW_019369543v1	chrUn_NW_019369543v1		AANG04002868.1	AANG04002868.1	NW_019369543.1
felCat9:chrUn_NW_019369544v1	chrUn_NW_019369544v1		AANG04000164.1	AANG04000164.1	NW_019369544.1
felCat9:chrUn_NW_019369545v1	chrUn_NW_019369545v1		AANG04002596.1	AANG04002596.1	NW_019369545.1
felCat9:chrUn_NW_019369546v1	chrUn_NW_019369546v1		AANG04001928.1	AANG04001928.1	NW_019369546.1
felCat9:chrUn_NW_019369547v1	chrUn_NW_019369547v1		AANG04002823.1	AANG04002823.1	NW_019369547.1
felCat9:chrUn_NW_019369548v1	chrUn_NW_019369548v1		AANG04002150.1	AANG04002150.1	NW_019369548.1
felCat9:chrUn_NW_019369549v1	chrUn_NW_019369549v1		AANG04002639.1	AANG04002639.1	NW_019369549.1
felCat9:chrUn_NW_019369550v1	chrUn_NW_019369550v1		AANG04001892.1	AANG04001892.1	NW_019369550.1
felCat9:chrUn_NW_019369551v1	chrUn_NW_019369551v1		AANG04004044.1	AANG04004044.1	NW_019369551.1
felCat9:chrUn_NW_019369552v1	chrUn_NW_019369552v1		AANG04004200.1	AANG04004200.1	NW_019369552.1
felCat9:chrUn_NW_019369553v1	chrUn_NW_019369553v1		AANG04004403.1	AANG04004403.1	NW_019369553.1
felCat9:chrUn_NW_019369554v1	chrUn_NW_019369554v1		AANG04001778.1	AANG04001778.1	NW_019369554.1
felCat9:chrUn_NW_019369555v1	chrUn_NW_019369555v1		AANG04004400.1	AANG04004400.1	NW_019369555.1
felCat9:chrUn_NW_019369556v1	chrUn_NW_019369556v1		AANG04002073.1	AANG04002073.1	NW_019369556.1
felCat9:chrUn_NW_019369557v1	chrUn_NW_019369557v1		AANG04000516.1	AANG04000516.1	NW_019369557.1
felCat9:chrUn_NW_019369558v1	chrUn_NW_019369558v1		AANG04000424.1	AANG04000424.1	NW_019369558.1
felCat9:chrUn_NW_019369559v1	chrUn_NW_019369559v1		AANG04003403.1	AANG04003403.1	NW_019369559.1
felCat9:chrUn_NW_019369560v1	chrUn_NW_019369560v1		AANG04004590.1	AANG04004590.1	NW_019369560.1
felCat9:chrUn_NW_019369561v1	chrUn_NW_019369561v1		AANG04004152.1	AANG04004152.1	NW_019369561.1
felCat9:chrUn_NW_019369562v1	chrUn_NW_019369562v1		AANG04004488.1	AANG04004488.1	NW_019369562.1
felCat9:chrUn_NW_019369563v1	chrUn_NW_019369563v1		AANG04001779.1	AANG04001779.1	NW_019369563.1
felCat9:chrUn_NW_019369564v1	chrUn_NW_019369564v1		AANG04002553.1	AANG04002553.1	NW_019369564.1
felCat9:chrUn_NW_019369565v1	chrUn_NW_019369565v1		AANG04000479.1	AANG04000479.1	NW_019369565.1
felCat9:chrUn_NW_019369566v1	chrUn_NW_019369566v1		AANG04002034.1	AANG04002034.1	NW_019369566.1
felCat9:chrUn_NW_019369567v1	chrUn_NW_019369567v1		AANG04002248.1	AANG04002248.1	NW_019369567.1
felCat9:chrUn_NW_019369568v1	chrUn_NW_019369568v1		AANG04002953.1	AANG04002953.1	NW_019369568.1
felCat9:chrUn_NW_019369569v1	chrUn_NW_019369569v1		AANG04001277.1	AANG04001277.1	NW_019369569.1
felCat9:chrUn_NW_019369570v1	chrUn_NW_019369570v1		AANG04001740.1	AANG04001740.1	NW_019369570.1
felCat9:chrUn_NW_019369571v1	chrUn_NW_019369571v1		AANG04003929.1	AANG04003929.1	NW_019369571.1
felCat9:chrUn_NW_019369572v1	chrUn_NW_019369572v1		AANG04000914.1	AANG04000914.1	NW_019369572.1
felCat9:chrUn_NW_019369573v1	chrUn_NW_019369573v1		AANG04004128.1	AANG04004128.1	NW_019369573.1
felCat9:chrUn_NW_019369574v1	chrUn_NW_019369574v1		AANG04002825.1	AANG04002825.1	NW_019369574.1
felCat9:chrUn_NW_019369575v1	chrUn_NW_019369575v1		AANG04002802.1	AANG04002802.1	NW_019369575.1
felCat9:chrUn_NW_019369576v1	chrUn_NW_019369576v1		AANG04002307.1	AANG04002307.1	NW_019369576.1
felCat9:chrUn_NW_019369577v1	chrUn_NW_019369577v1		AANG04003873.1	AANG04003873.1	NW_019369577.1
felCat9:chrUn_NW_019369578v1	chrUn_NW_019369578v1		AANG04000498.1	AANG04000498.1	NW_019369578.1
felCat9:chrUn_NW_019369579v1	chrUn_NW_019369579v1		AANG04002296.1	AANG04002296.1	NW_019369579.1
felCat9:chrUn_NW_019369580v1	chrUn_NW_019369580v1		AANG04000670.1	AANG04000670.1	NW_019369580.1
felCat9:chrUn_NW_019369581v1	chrUn_NW_019369581v1		AANG04004019.1	AANG04004019.1	NW_019369581.1
felCat9:chrUn_NW_019369582v1	chrUn_NW_019369582v1		AANG04002325.1	AANG04002325.1	NW_019369582.1
felCat9:chrUn_NW_019369583v1	chrUn_NW_019369583v1		AANG04003397.1	AANG04003397.1	NW_019369583.1
felCat9:chrUn_NW_019369584v1	chrUn_NW_019369584v1		AANG04002584.1	AANG04002584.1	NW_019369584.1
felCat9:chrUn_NW_019369585v1	chrUn_NW_019369585v1		AANG04003477.1	AANG04003477.1	NW_019369585.1
felCat9:chrUn_NW_019369586v1	chrUn_NW_019369586v1		AANG04003624.1	AANG04003624.1	NW_019369586.1
felCat9:chrUn_NW_019369587v1	chrUn_NW_019369587v1		AANG04003578.1	AANG04003578.1	NW_019369587.1
felCat9:chrUn_NW_019369588v1	chrUn_NW_019369588v1		AANG04001929.1	AANG04001929.1	NW_019369588.1
felCat9:chrUn_NW_019369589v1	chrUn_NW_019369589v1		AANG04004717.1	AANG04004717.1	NW_019369589.1
felCat9:chrUn_NW_019369590v1	chrUn_NW_019369590v1		AANG04004121.1	AANG04004121.1	NW_019369590.1
felCat9:chrUn_NW_019369591v1	chrUn_NW_019369591v1		AANG04000166.1	AANG04000166.1	NW_019369591.1
felCat9:chrUn_NW_019369592v1	chrUn_NW_019369592v1		AANG04000483.1	AANG04000483.1	NW_019369592.1
felCat9:chrUn_NW_019369593v1	chrUn_NW_019369593v1		AANG04004177.1	AANG04004177.1	NW_019369593.1
felCat9:chrUn_NW_019369594v1	chrUn_NW_019369594v1		AANG04004212.1	AANG04004212.1	NW_019369594.1
felCat9:chrUn_NW_019369595v1	chrUn_NW_019369595v1		AANG04000159.1	AANG04000159.1	NW_019369595.1
felCat9:chrUn_NW_019369596v1	chrUn_NW_019369596v1		AANG04001062.1	AANG04001062.1	NW_019369596.1
felCat9:chrUn_NW_019369597v1	chrUn_NW_019369597v1		AANG04003075.1	AANG04003075.1	NW_019369597.1
felCat9:chrUn_NW_019369598v1	chrUn_NW_019369598v1		AANG04003311.1	AANG04003311.1	NW_019369598.1
felCat9:chrUn_NW_019369599v1	chrUn_NW_019369599v1		AANG04003401.1	AANG04003401.1	NW_019369599.1
felCat9:chrUn_NW_019369600v1	chrUn_NW_019369600v1		AANG04001429.1	AANG04001429.1	NW_019369600.1
felCat9:chrUn_NW_019369601v1	chrUn_NW_019369601v1		AANG04000647.1	AANG04000647.1	NW_019369601.1
felCat9:chrUn_NW_019369602v1	chrUn_NW_019369602v1		AANG04003428.1	AANG04003428.1	NW_019369602.1
felCat9:chrUn_NW_019369603v1	chrUn_NW_019369603v1		AANG04000847.1	AANG04000847.1	NW_019369603.1
felCat9:chrUn_NW_019369604v1	chrUn_NW_019369604v1		AANG04003712.1	AANG04003712.1	NW_019369604.1
felCat9:chrUn_NW_019369605v1	chrUn_NW_019369605v1		AANG04002471.1	AANG04002471.1	NW_019369605.1
felCat9:chrUn_NW_019369606v1	chrUn_NW_019369606v1		AANG04001435.1	AANG04001435.1	NW_019369606.1
felCat9:chrUn_NW_019369607v1	chrUn_NW_019369607v1		AANG04002782.1	AANG04002782.1	NW_019369607.1
felCat9:chrUn_NW_019369608v1	chrUn_NW_019369608v1		AANG04000454.1	AANG04000454.1	NW_019369608.1
felCat9:chrUn_NW_019369609v1	chrUn_NW_019369609v1		AANG04001176.1	AANG04001176.1	NW_019369609.1
felCat9:chrUn_NW_019369610v1	chrUn_NW_019369610v1		AANG04004569.1	AANG04004569.1	NW_019369610.1
felCat9:chrUn_NW_019369611v1	chrUn_NW_019369611v1		AANG04003945.1	AANG04003945.1	NW_019369611.1
felCat9:chrUn_NW_019369612v1	chrUn_NW_019369612v1		AANG04003270.1	AANG04003270.1	NW_019369612.1
felCat9:chrUn_NW_019369613v1	chrUn_NW_019369613v1		AANG04003813.1	AANG04003813.1	NW_019369613.1
felCat9:chrUn_NW_019369614v1	chrUn_NW_019369614v1		AANG04002847.1	AANG04002847.1	NW_019369614.1
felCat9:chrUn_NW_019369615v1	chrUn_NW_019369615v1		AANG04000487.1	AANG04000487.1	NW_019369615.1
felCat9:chrUn_NW_019369616v1	chrUn_NW_019369616v1		AANG04002408.1	AANG04002408.1	NW_019369616.1
felCat9:chrUn_NW_019369617v1	chrUn_NW_019369617v1		AANG04003305.1	AANG04003305.1	NW_019369617.1
felCat9:chrUn_NW_019369618v1	chrUn_NW_019369618v1		AANG04002210.1	AANG04002210.1	NW_019369618.1
felCat9:chrUn_NW_019369619v1	chrUn_NW_019369619v1		AANG04004045.1	AANG04004045.1	NW_019369619.1
felCat9:chrUn_NW_019369620v1	chrUn_NW_019369620v1		AANG04000798.1	AANG04000798.1	NW_019369620.1
felCat9:chrUn_NW_019369621v1	chrUn_NW_019369621v1		AANG04003618.1	AANG04003618.1	NW_019369621.1
felCat9:chrUn_NW_019369622v1	chrUn_NW_019369622v1		AANG04000893.1	AANG04000893.1	NW_019369622.1
felCat9:chrUn_NW_019369623v1	chrUn_NW_019369623v1		AANG04002321.1	AANG04002321.1	NW_019369623.1
felCat9:chrUn_NW_019369624v1	chrUn_NW_019369624v1		AANG04003001.1	AANG04003001.1	NW_019369624.1
felCat9:chrUn_NW_019369625v1	chrUn_NW_019369625v1		AANG04000524.1	AANG04000524.1	NW_019369625.1
felCat9:chrUn_NW_019369626v1	chrUn_NW_019369626v1		AANG04002081.1	AANG04002081.1	NW_019369626.1
felCat9:chrUn_NW_019369627v1	chrUn_NW_019369627v1		AANG04003980.1	AANG04003980.1	NW_019369627.1
felCat9:chrUn_NW_019369628v1	chrUn_NW_019369628v1		AANG04001081.1	AANG04001081.1	NW_019369628.1
felCat9:chrUn_NW_019369629v1	chrUn_NW_019369629v1		AANG04001693.1	AANG04001693.1	NW_019369629.1
felCat9:chrUn_NW_019369630v1	chrUn_NW_019369630v1		AANG04004720.1	AANG04004720.1	NW_019369630.1
felCat9:chrUn_NW_019369631v1	chrUn_NW_019369631v1		AANG04001569.1	AANG04001569.1	NW_019369631.1
felCat9:chrUn_NW_019369632v1	chrUn_NW_019369632v1		AANG04000066.1	AANG04000066.1	NW_019369632.1
felCat9:chrUn_NW_019369633v1	chrUn_NW_019369633v1		AANG04002934.1	AANG04002934.1	NW_019369633.1
felCat9:chrUn_NW_019369634v1	chrUn_NW_019369634v1		AANG04000745.1	AANG04000745.1	NW_019369634.1
felCat9:chrUn_NW_019369635v1	chrUn_NW_019369635v1		AANG04002066.1	AANG04002066.1	NW_019369635.1
felCat9:chrUn_NW_019369636v1	chrUn_NW_019369636v1		AANG04004481.1	AANG04004481.1	NW_019369636.1
felCat9:chrUn_NW_019369637v1	chrUn_NW_019369637v1		AANG04001109.1	AANG04001109.1	NW_019369637.1
felCat9:chrUn_NW_019369638v1	chrUn_NW_019369638v1		AANG04003644.1	AANG04003644.1	NW_019369638.1
felCat9:chrUn_NW_019369639v1	chrUn_NW_019369639v1		AANG04002546.1	AANG04002546.1	NW_019369639.1
felCat9:chrUn_NW_019369640v1	chrUn_NW_019369640v1		AANG04003883.1	AANG04003883.1	NW_019369640.1
felCat9:chrUn_NW_019369641v1	chrUn_NW_019369641v1		AANG04002022.1	AANG04002022.1	NW_019369641.1
felCat9:chrUn_NW_019369642v1	chrUn_NW_019369642v1		AANG04000209.1	AANG04000209.1	NW_019369642.1
felCat9:chrUn_NW_019369643v1	chrUn_NW_019369643v1		AANG04004385.1	AANG04004385.1	NW_019369643.1
felCat9:chrUn_NW_019369644v1	chrUn_NW_019369644v1		AANG04003850.1	AANG04003850.1	NW_019369644.1
felCat9:chrUn_NW_019369645v1	chrUn_NW_019369645v1		AANG04003260.1	AANG04003260.1	NW_019369645.1
felCat9:chrUn_NW_019369646v1	chrUn_NW_019369646v1		AANG04003320.1	AANG04003320.1	NW_019369646.1
felCat9:chrUn_NW_019369647v1	chrUn_NW_019369647v1		AANG04001294.1	AANG04001294.1	NW_019369647.1
felCat9:chrUn_NW_019369648v1	chrUn_NW_019369648v1		AANG04000439.1	AANG04000439.1	NW_019369648.1
felCat9:chrUn_NW_019369649v1	chrUn_NW_019369649v1		AANG04004601.1	AANG04004601.1	NW_019369649.1
felCat9:chrUn_NW_019369650v1	chrUn_NW_019369650v1		AANG04003734.1	AANG04003734.1	NW_019369650.1
felCat9:chrUn_NW_019369651v1	chrUn_NW_019369651v1		AANG04003839.1	AANG04003839.1	NW_019369651.1
felCat9:chrUn_NW_019369652v1	chrUn_NW_019369652v1		AANG04003812.1	AANG04003812.1	NW_019369652.1
felCat9:chrUn_NW_019369653v1	chrUn_NW_019369653v1		AANG04001628.1	AANG04001628.1	NW_019369653.1
felCat9:chrUn_NW_019369654v1	chrUn_NW_019369654v1		AANG04001388.1	AANG04001388.1	NW_019369654.1
felCat9:chrUn_NW_019369655v1	chrUn_NW_019369655v1		AANG04002373.1	AANG04002373.1	NW_019369655.1
felCat9:chrUn_NW_019369656v1	chrUn_NW_019369656v1		AANG04003111.1	AANG04003111.1	NW_019369656.1
felCat9:chrUn_NW_019369657v1	chrUn_NW_019369657v1		AANG04004336.1	AANG04004336.1	NW_019369657.1
felCat9:chrUn_NW_019369658v1	chrUn_NW_019369658v1		AANG04003954.1	AANG04003954.1	NW_019369658.1
felCat9:chrUn_NW_019369659v1	chrUn_NW_019369659v1		AANG04000005.1	AANG04000005.1	NW_019369659.1
felCat9:chrUn_NW_019369660v1	chrUn_NW_019369660v1		AANG04003909.1	AANG04003909.1	NW_019369660.1
felCat9:chrUn_NW_019369661v1	chrUn_NW_019369661v1		AANG04004142.1	AANG04004142.1	NW_019369661.1
felCat9:chrUn_NW_019369662v1	chrUn_NW_019369662v1		AANG04000711.1	AANG04000711.1	NW_019369662.1
felCat9:chrUn_NW_019369663v1	chrUn_NW_019369663v1		AANG04004358.1	AANG04004358.1	NW_019369663.1
felCat9:chrUn_NW_019369664v1	chrUn_NW_019369664v1		AANG04001072.1	AANG04001072.1	NW_019369664.1
felCat9:chrUn_NW_019369665v1	chrUn_NW_019369665v1		AANG04002234.1	AANG04002234.1	NW_019369665.1
felCat9:chrUn_NW_019369666v1	chrUn_NW_019369666v1		AANG04000885.1	AANG04000885.1	NW_019369666.1
felCat9:chrUn_NW_019369667v1	chrUn_NW_019369667v1		AANG04001377.1	AANG04001377.1	NW_019369667.1
felCat9:chrUn_NW_019369668v1	chrUn_NW_019369668v1		AANG04001427.1	AANG04001427.1	NW_019369668.1
felCat9:chrUn_NW_019369669v1	chrUn_NW_019369669v1		AANG04002824.1	AANG04002824.1	NW_019369669.1
felCat9:chrUn_NW_019369670v1	chrUn_NW_019369670v1		AANG04001408.1	AANG04001408.1	NW_019369670.1
felCat9:chrUn_NW_019369671v1	chrUn_NW_019369671v1		AANG04004277.1	AANG04004277.1	NW_019369671.1
felCat9:chrUn_NW_019369672v1	chrUn_NW_019369672v1		AANG04000974.1	AANG04000974.1	NW_019369672.1
felCat9:chrUn_NW_019369673v1	chrUn_NW_019369673v1		AANG04001178.1	AANG04001178.1	NW_019369673.1
felCat9:chrUn_NW_019369674v1	chrUn_NW_019369674v1		AANG04003705.1	AANG04003705.1	NW_019369674.1
felCat9:chrUn_NW_019369675v1	chrUn_NW_019369675v1		AANG04002761.1	AANG04002761.1	NW_019369675.1
felCat9:chrUn_NW_019369676v1	chrUn_NW_019369676v1		AANG04004198.1	AANG04004198.1	NW_019369676.1
felCat9:chrUn_NW_019369677v1	chrUn_NW_019369677v1		AANG04001200.1	AANG04001200.1	NW_019369677.1
felCat9:chrUn_NW_019369678v1	chrUn_NW_019369678v1		AANG04003858.1	AANG04003858.1	NW_019369678.1
felCat9:chrUn_NW_019369679v1	chrUn_NW_019369679v1		AANG04000348.1	AANG04000348.1	NW_019369679.1
felCat9:chrUn_NW_019369680v1	chrUn_NW_019369680v1		AANG04000759.1	AANG04000759.1	NW_019369680.1
felCat9:chrUn_NW_019369681v1	chrUn_NW_019369681v1		AANG04003313.1	AANG04003313.1	NW_019369681.1
felCat9:chrUn_NW_019369682v1	chrUn_NW_019369682v1		AANG04000094.1	AANG04000094.1	NW_019369682.1
felCat9:chrUn_NW_019369683v1	chrUn_NW_019369683v1		AANG04002813.1	AANG04002813.1	NW_019369683.1
felCat9:chrUn_NW_019369684v1	chrUn_NW_019369684v1		AANG04000846.1	AANG04000846.1	NW_019369684.1
felCat9:chrUn_NW_019369685v1	chrUn_NW_019369685v1		AANG04002785.1	AANG04002785.1	NW_019369685.1
felCat9:chrUn_NW_019369686v1	chrUn_NW_019369686v1		AANG04000764.1	AANG04000764.1	NW_019369686.1
felCat9:chrUn_NW_019369687v1	chrUn_NW_019369687v1		AANG04000072.1	AANG04000072.1	NW_019369687.1
felCat9:chrUn_NW_019369688v1	chrUn_NW_019369688v1		AANG04002784.1	AANG04002784.1	NW_019369688.1
felCat9:chrUn_NW_019369689v1	chrUn_NW_019369689v1		AANG04002420.1	AANG04002420.1	NW_019369689.1
felCat9:chrUn_NW_019369690v1	chrUn_NW_019369690v1		AANG04004433.1	AANG04004433.1	NW_019369690.1
felCat9:chrUn_NW_019369691v1	chrUn_NW_019369691v1		AANG04002314.1	AANG04002314.1	NW_019369691.1
felCat9:chrUn_NW_019369692v1	chrUn_NW_019369692v1		AANG04004656.1	AANG04004656.1	NW_019369692.1
felCat9:chrUn_NW_019369693v1	chrUn_NW_019369693v1		AANG04003974.1	AANG04003974.1	NW_019369693.1
felCat9:chrUn_NW_019369694v1	chrUn_NW_019369694v1		AANG04003652.1	AANG04003652.1	NW_019369694.1
felCat9:chrUn_NW_019369695v1	chrUn_NW_019369695v1		AANG04002665.1	AANG04002665.1	NW_019369695.1
felCat9:chrUn_NW_019369696v1	chrUn_NW_019369696v1		AANG04003714.1	AANG04003714.1	NW_019369696.1
felCat9:chrUn_NW_019369697v1	chrUn_NW_019369697v1		AANG04001636.1	AANG04001636.1	NW_019369697.1
felCat9:chrUn_NW_019369698v1	chrUn_NW_019369698v1		AANG04002103.1	AANG04002103.1	NW_019369698.1
felCat9:chrUn_NW_019369699v1	chrUn_NW_019369699v1		AANG04003511.1	AANG04003511.1	NW_019369699.1
felCat9:chrUn_NW_019369700v1	chrUn_NW_019369700v1		AANG04003472.1	AANG04003472.1	NW_019369700.1
felCat9:chrUn_NW_019369701v1	chrUn_NW_019369701v1		AANG04002015.1	AANG04002015.1	NW_019369701.1
felCat9:chrUn_NW_019369702v1	chrUn_NW_019369702v1		AANG04003081.1	AANG04003081.1	NW_019369702.1
felCat9:chrUn_NW_019369703v1	chrUn_NW_019369703v1		AANG04003772.1	AANG04003772.1	NW_019369703.1
felCat9:chrUn_NW_019369704v1	chrUn_NW_019369704v1		AANG04000536.1	AANG04000536.1	NW_019369704.1
felCat9:chrUn_NW_019369705v1	chrUn_NW_019369705v1		AANG04000474.1	AANG04000474.1	NW_019369705.1
felCat9:chrUn_NW_019369706v1	chrUn_NW_019369706v1		AANG04003423.1	AANG04003423.1	NW_019369706.1
felCat9:chrUn_NW_019369707v1	chrUn_NW_019369707v1		AANG04000681.1	AANG04000681.1	NW_019369707.1
felCat9:chrUn_NW_019369708v1	chrUn_NW_019369708v1		AANG04001587.1	AANG04001587.1	NW_019369708.1
felCat9:chrUn_NW_019369709v1	chrUn_NW_019369709v1		AANG04004226.1	AANG04004226.1	NW_019369709.1
felCat9:chrUn_NW_019369710v1	chrUn_NW_019369710v1		AANG04001448.1	AANG04001448.1	NW_019369710.1
felCat9:chrUn_NW_019369711v1	chrUn_NW_019369711v1		AANG04000741.1	AANG04000741.1	NW_019369711.1
felCat9:chrUn_NW_019369712v1	chrUn_NW_019369712v1		AANG04000136.1	AANG04000136.1	NW_019369712.1
felCat9:chrUn_NW_019369713v1	chrUn_NW_019369713v1		AANG04001634.1	AANG04001634.1	NW_019369713.1
felCat9:chrUn_NW_019369714v1	chrUn_NW_019369714v1		AANG04002011.1	AANG04002011.1	NW_019369714.1
felCat9:chrUn_NW_019369715v1	chrUn_NW_019369715v1		AANG04002460.1	AANG04002460.1	NW_019369715.1
felCat9:chrUn_NW_019369716v1	chrUn_NW_019369716v1		AANG04000449.1	AANG04000449.1	NW_019369716.1
felCat9:chrUn_NW_019369717v1	chrUn_NW_019369717v1		AANG04000168.1	AANG04000168.1	NW_019369717.1
felCat9:chrUn_NW_019369718v1	chrUn_NW_019369718v1		AANG04001247.1	AANG04001247.1	NW_019369718.1
felCat9:chrUn_NW_019369719v1	chrUn_NW_019369719v1		AANG04001532.1	AANG04001532.1	NW_019369719.1
felCat9:chrUn_NW_019369720v1	chrUn_NW_019369720v1		AANG04003634.1	AANG04003634.1	NW_019369720.1
felCat9:chrUn_NW_019369721v1	chrUn_NW_019369721v1		AANG04003533.1	AANG04003533.1	NW_019369721.1
felCat9:chrUn_NW_019369722v1	chrUn_NW_019369722v1		AANG04000975.1	AANG04000975.1	NW_019369722.1
felCat9:chrUn_NW_019369723v1	chrUn_NW_019369723v1		AANG04000979.1	AANG04000979.1	NW_019369723.1
felCat9:chrUn_NW_019369724v1	chrUn_NW_019369724v1		AANG04000020.1	AANG04000020.1	NW_019369724.1
felCat9:chrUn_NW_019369725v1	chrUn_NW_019369725v1		AANG04002657.1	AANG04002657.1	NW_019369725.1
felCat9:chrUn_NW_019369726v1	chrUn_NW_019369726v1		AANG04000117.1	AANG04000117.1	NW_019369726.1
felCat9:chrX	chrX		X	CM001396.3	NC_018741.3
felCat9:chrX_NW_019365559v1_random	chrX_NW_019365559v1_random		AANG04000385.1	AANG04000385.1	NW_019365559.1
felCat9:chrX_NW_019365560v1_random	chrX_NW_019365560v1_random		AANG04004709.1	AANG04004709.1	NW_019365560.1
felCat9:chrX_NW_019365561v1_random	chrX_NW_019365561v1_random		AANG04002162.1	AANG04002162.1	NW_019365561.1
felCat9:chrX_NW_019365562v1_random	chrX_NW_019365562v1_random		AANG04003448.1	AANG04003448.1	NW_019365562.1
felCat9:chrX_NW_019365563v1_random	chrX_NW_019365563v1_random		AANG04002532.1	AANG04002532.1	NW_019365563.1
felCat9:chrX_NW_019365564v1_random	chrX_NW_019365564v1_random		AANG04001856.1	AANG04001856.1	NW_019365564.1
felCat9:chrX_NW_019365565v1_random	chrX_NW_019365565v1_random		AANG04003119.1	AANG04003119.1	NW_019365565.1
felCat9:chrX_NW_019365566v1_random	chrX_NW_019365566v1_random		AANG04000423.1	AANG04000423.1	NW_019365566.1
felCat9:chrX_NW_019365567v1_random	chrX_NW_019365567v1_random		AANG04000176.1	AANG04000176.1	NW_019365567.1
felCat9:chrX_NW_019365568v1_random	chrX_NW_019365568v1_random		AANG04000658.1	AANG04000658.1	NW_019365568.1
felCat9:chrX_NW_019365569v1_random	chrX_NW_019365569v1_random		AANG04003067.1	AANG04003067.1	NW_019365569.1
felCat9:chrX_NW_019365570v1_random	chrX_NW_019365570v1_random		AANG04004343.1	AANG04004343.1	NW_019365570.1
felCat9:chrX_NW_019365571v1_random	chrX_NW_019365571v1_random		AANG04003019.1	AANG04003019.1	NW_019365571.1
felCat9:chrX_NW_019365572v1_random	chrX_NW_019365572v1_random		AANG04004479.1	AANG04004479.1	NW_019365572.1
felCat9:chrX_NW_019365573v1_random	chrX_NW_019365573v1_random		AANG04001677.1	AANG04001677.1	NW_019365573.1
felCat9:chrX_NW_019365574v1_random	chrX_NW_019365574v1_random		AANG04000996.1	AANG04000996.1	NW_019365574.1
felCat9:chrX_NW_019365575v1_random	chrX_NW_019365575v1_random		AANG04000472.1	AANG04000472.1	NW_019365575.1
felCat9:chrX_NW_019365576v1_random	chrX_NW_019365576v1_random		AANG04003294.1	AANG04003294.1	NW_019365576.1
felCat9:chrX_NW_019365577v1_random	chrX_NW_019365577v1_random		AANG04003825.1	AANG04003825.1	NW_019365577.1
felCat9:chrX_NW_019365578v1_random	chrX_NW_019365578v1_random		AANG04000417.1	AANG04000417.1	NW_019365578.1
felCat9:chrX_NW_019365579v1_random	chrX_NW_019365579v1_random		AANG04001937.1	AANG04001937.1	NW_019365579.1
felCat9:chrX_NW_019365580v1_random	chrX_NW_019365580v1_random		AANG04000356.1	AANG04000356.1	NW_019365580.1
felCat9:chrX_NW_019365581v1_random	chrX_NW_019365581v1_random		AANG04003607.1	AANG04003607.1	NW_019365581.1
felCat9:chrX_NW_019365582v1_random	chrX_NW_019365582v1_random		AANG04002123.1	AANG04002123.1	NW_019365582.1
felCat9:chrX_NW_019365583v1_random	chrX_NW_019365583v1_random		AANG04003192.1	AANG04003192.1	NW_019365583.1
felCat9:chrX_NW_019365584v1_random	chrX_NW_019365584v1_random		AANG04004632.1	AANG04004632.1	NW_019365584.1
