seq_id	ucsc	assembly	ensembl	genbank	refseq
fr3:HE591497	HE591497		HE591497.1	HE591497.1	NW_004071948.1
fr3:HE591604	HE591604		HE591604.1	HE591604.1	NW_004071949.1
fr3:HE591606	HE591606		HE591606.1	HE591606.1	NW_004071950.1
fr3:HE591614	HE591614		HE591614.1	HE591614.1	NW_004071951.1
fr3:HE591633	HE591633		HE591633.1	HE591633.1	NW_004071952.1
fr3:HE591643	HE591643		HE591643.1	HE591643.1	NW_004071953.1
fr3:HE591655	HE591655		HE591655.1	HE591655.1	NW_004071954.1
fr3:HE591675	HE591675		HE591675.1	HE591675.1	NW_004072367.1
fr3:HE591688	HE591688		HE591688.1	HE591688.1	NW_004072368.1
fr3:HE591689	HE591689		HE591689.1	HE591689.1	NW_004072369.1
fr3:HE591693	HE591693		HE591693.1	HE591693.1	NW_004072370.1
fr3:HE591710	HE591710		HE591710.1	HE591710.1	NW_004072371.1
fr3:HE591713	HE591713		HE591713.1	HE591713.1	NW_004072372.1
fr3:HE591720	HE591720		HE591720.1	HE591720.1	NW_004072373.1
fr3:HE591722	HE591722		HE591722.1	HE591722.1	NW_004072374.1
fr3:HE591723	HE591723		HE591723.1	HE591723.1	NW_004072375.1
fr3:HE591724	HE591724		HE591724.1	HE591724.1	NW_004072376.1
fr3:HE591725	HE591725		HE591725.1	HE591725.1	NW_004072377.1
fr3:HE591726	HE591726		HE591726.1	HE591726.1	NW_004072378.1
fr3:HE591729	HE591729		HE591729.1	HE591729.1	NW_004072379.1
fr3:HE591730	HE591730		HE591730.1	HE591730.1	NW_004072380.1
fr3:HE591733	HE591733		HE591733.1	HE591733.1	NW_004072381.1
fr3:HE591734	HE591734		HE591734.1	HE591734.1	NW_004072382.1
fr3:HE591735	HE591735		HE591735.1	HE591735.1	NW_004072383.1
fr3:HE591737	HE591737		HE591737.1	HE591737.1	NW_004072384.1
fr3:HE591738	HE591738		HE591738.1	HE591738.1	NW_004072385.1
fr3:HE591740	HE591740		HE591740.1	HE591740.1	NW_004072386.1
fr3:HE591741	HE591741		HE591741.1	HE591741.1	NW_004072387.1
fr3:HE591742	HE591742		HE591742.1	HE591742.1	NW_004072388.1
fr3:HE591744	HE591744		HE591744.1	HE591744.1	NW_004072389.1
fr3:HE591745	HE591745		HE591745.1	HE591745.1	NW_004072390.1
fr3:HE591746	HE591746		HE591746.1	HE591746.1	NW_004072391.1
fr3:HE591747	HE591747		HE591747.1	HE591747.1	NW_004072392.1
fr3:HE591749	HE591749		HE591749.1	HE591749.1	NW_004072393.1
fr3:HE591751	HE591751		HE591751.1	HE591751.1	NW_004072394.1
fr3:HE591753	HE591753		HE591753.1	HE591753.1	NW_004072395.1
fr3:HE591754	HE591754		HE591754.1	HE591754.1	NW_004072396.1
fr3:HE591755	HE591755		HE591755.1	HE591755.1	NW_004072397.1
fr3:HE591756	HE591756		HE591756.1	HE591756.1	NW_004072398.1
fr3:HE591758	HE591758		HE591758.1	HE591758.1	NW_004072399.1
fr3:HE591759	HE591759		HE591759.1	HE591759.1	NW_004072400.1
fr3:HE591760	HE591760		HE591760.1	HE591760.1	NW_004072401.1
fr3:HE591763	HE591763		HE591763.1	HE591763.1	NW_004072402.1
fr3:HE591764	HE591764		HE591764.1	HE591764.1	NW_004072403.1
fr3:HE591765	HE591765		HE591765.1	HE591765.1	NW_004072404.1
fr3:HE591766	HE591766		HE591766.1	HE591766.1	NW_004072405.1
fr3:HE591767	HE591767		HE591767.1	HE591767.1	NW_004072406.1
fr3:HE591768	HE591768		HE591768.1	HE591768.1	NW_004072407.1
fr3:HE591769	HE591769		HE591769.1	HE591769.1	NW_004072408.1
fr3:HE591770	HE591770		HE591770.1	HE591770.1	NW_004072409.1
fr3:HE591771	HE591771		HE591771.1	HE591771.1	NW_004077507.1
fr3:HE591772	HE591772		HE591772.1	HE591772.1	NW_004072410.1
fr3:HE591773	HE591773		HE591773.1	HE591773.1	NW_004072411.1
fr3:HE591774	HE591774		HE591774.1	HE591774.1	NW_004072412.1
fr3:HE591775	HE591775		HE591775.1	HE591775.1	NW_004072413.1
fr3:HE591777	HE591777		HE591777.1	HE591777.1	NW_004072414.1
fr3:HE591779	HE591779		HE591779.1	HE591779.1	NW_004072415.1
fr3:HE591780	HE591780		HE591780.1	HE591780.1	NW_004072416.1
fr3:HE591782	HE591782		HE591782.1	HE591782.1	NW_004072417.1
fr3:HE591783	HE591783		HE591783.1	HE591783.1	NW_004072418.1
fr3:HE591784	HE591784		HE591784.1	HE591784.1	NW_004072419.1
fr3:HE591785	HE591785		HE591785.1	HE591785.1	NW_004072420.1
fr3:HE591786	HE591786		HE591786.1	HE591786.1	NW_004072421.1
fr3:HE591787	HE591787		HE591787.1	HE591787.1	NW_004072422.1
fr3:HE591789	HE591789		HE591789.1	HE591789.1	NW_004072423.1
fr3:HE591790	HE591790		HE591790.1	HE591790.1	NW_004072424.1
fr3:HE591791	HE591791		HE591791.1	HE591791.1	NW_004072425.1
fr3:HE591792	HE591792		HE591792.1	HE591792.1	NW_004072426.1
fr3:HE591793	HE591793		HE591793.1	HE591793.1	NW_004072427.1
fr3:HE591794	HE591794		HE591794.1	HE591794.1	NW_004072428.1
fr3:HE591795	HE591795		HE591795.1	HE591795.1	NW_004072429.1
fr3:HE591796	HE591796		HE591796.1	HE591796.1	NW_004072430.1
fr3:HE591797	HE591797		HE591797.1	HE591797.1	NW_004072431.1
fr3:HE591798	HE591798		HE591798.1	HE591798.1	NW_004072432.1
fr3:HE591799	HE591799		HE591799.1	HE591799.1	NW_004072433.1
fr3:HE591800	HE591800		HE591800.1	HE591800.1	NW_004072434.1
fr3:HE591801	HE591801		HE591801.1	HE591801.1	NW_004072435.1
fr3:HE591802	HE591802		HE591802.1	HE591802.1	NW_004072436.1
fr3:HE591803	HE591803		HE591803.1	HE591803.1	NW_004072437.1
fr3:HE591804	HE591804		HE591804.1	HE591804.1	NW_004072438.1
fr3:HE591805	HE591805		HE591805.1	HE591805.1	NW_004072439.1
fr3:HE591806	HE591806		HE591806.1	HE591806.1	NW_004072440.1
fr3:HE591807	HE591807		HE591807.1	HE591807.1	NW_004072441.1
fr3:HE591809	HE591809		HE591809.1	HE591809.1	NW_004072442.1
fr3:HE591810	HE591810		HE591810.1	HE591810.1	NW_004072443.1
fr3:HE591812	HE591812		HE591812.1	HE591812.1	NW_004072444.1
fr3:HE591813	HE591813		HE591813.1	HE591813.1	NW_004072445.1
fr3:HE591814	HE591814		HE591814.1	HE591814.1	NW_004072446.1
fr3:HE591816	HE591816		HE591816.1	HE591816.1	NW_004072447.1
fr3:HE591817	HE591817		HE591817.1	HE591817.1	NW_004072448.1
fr3:HE591818	HE591818		HE591818.1	HE591818.1	NW_004072449.1
fr3:HE591819	HE591819		HE591819.1	HE591819.1	NW_004072450.1
fr3:HE591821	HE591821		HE591821.1	HE591821.1	NW_004072451.1
fr3:HE591822	HE591822		HE591822.1	HE591822.1	NW_004072452.1
fr3:HE591823	HE591823		HE591823.1	HE591823.1	NW_004072453.1
fr3:HE591824	HE591824		HE591824.1	HE591824.1	NW_004072454.1
fr3:HE591825	HE591825		HE591825.1	HE591825.1	NW_004072455.1
fr3:HE591827	HE591827		HE591827.1	HE591827.1	NW_004072456.1
fr3:HE591829	HE591829		HE591829.1	HE591829.1	NW_004072457.1
fr3:HE591830	HE591830		HE591830.1	HE591830.1	NW_004072458.1
fr3:HE591831	HE591831		HE591831.1	HE591831.1	NW_004072459.1
fr3:HE591832	HE591832		HE591832.1	HE591832.1	NW_004072460.1
fr3:HE591833	HE591833		HE591833.1	HE591833.1	NW_004072461.1
fr3:HE591834	HE591834		HE591834.1	HE591834.1	NW_004072462.1
fr3:HE591835	HE591835		HE591835.1	HE591835.1	NW_004072463.1
fr3:HE591837	HE591837		HE591837.1	HE591837.1	NW_004072464.1
fr3:HE591838	HE591838		HE591838.1	HE591838.1	NW_004072465.1
fr3:HE591839	HE591839		HE591839.1	HE591839.1	NW_004072466.1
fr3:HE591840	HE591840		HE591840.1	HE591840.1	NW_004072467.1
fr3:HE591841	HE591841		HE591841.1	HE591841.1	NW_004072468.1
fr3:HE591842	HE591842		HE591842.1	HE591842.1	NW_004072469.1
fr3:HE591843	HE591843		HE591843.1	HE591843.1	NW_004072470.1
fr3:HE591844	HE591844		HE591844.1	HE591844.1	NW_004072471.1
fr3:HE591845	HE591845		HE591845.1	HE591845.1	NW_004072472.1
fr3:HE591846	HE591846		HE591846.1	HE591846.1	NW_004072473.1
fr3:HE591847	HE591847		HE591847.1	HE591847.1	NW_004072474.1
fr3:HE591848	HE591848		HE591848.1	HE591848.1	NW_004072475.1
fr3:HE591849	HE591849		HE591849.1	HE591849.1	NW_004072476.1
fr3:HE591850	HE591850		HE591850.1	HE591850.1	NW_004072477.1
fr3:HE591851	HE591851		HE591851.1	HE591851.1	NW_004072478.1
fr3:HE591852	HE591852		HE591852.1	HE591852.1	NW_004072479.1
fr3:HE591853	HE591853		HE591853.1	HE591853.1	NW_004072480.1
fr3:HE591854	HE591854		HE591854.1	HE591854.1	NW_004072481.1
fr3:HE591855	HE591855		HE591855.1	HE591855.1	NW_004071563.1
fr3:HE591856	HE591856		HE591856.1	HE591856.1	NW_004071564.1
fr3:HE591857	HE591857		HE591857.1	HE591857.1	NW_004071565.1
fr3:HE591858	HE591858		HE591858.1	HE591858.1	NW_004071566.1
fr3:HE591859	HE591859		HE591859.1	HE591859.1	NW_004071175.1
fr3:HE591860	HE591860		HE591860.1	HE591860.1	NW_004071176.1
fr3:HE591861	HE591861		HE591861.1	HE591861.1	NW_004071177.1
fr3:HE591862	HE591862		HE591862.1	HE591862.1	NW_004071178.1
fr3:HE591863	HE591863		HE591863.1	HE591863.1	NW_004071179.1
fr3:HE591865	HE591865		HE591865.1	HE591865.1	NW_004071180.1
fr3:HE591866	HE591866		HE591866.1	HE591866.1	NW_004071181.1
fr3:HE591867	HE591867		HE591867.1	HE591867.1	NW_004071182.1
fr3:HE591869	HE591869		HE591869.1	HE591869.1	NW_004071183.1
fr3:HE591870	HE591870		HE591870.1	HE591870.1	NW_004071184.1
fr3:HE591871	HE591871		HE591871.1	HE591871.1	NW_004071185.1
fr3:HE591872	HE591872		HE591872.1	HE591872.1	NW_004071186.1
fr3:HE591873	HE591873		HE591873.1	HE591873.1	NW_004071187.1
fr3:HE591874	HE591874		HE591874.1	HE591874.1	NW_004071188.1
fr3:HE591875	HE591875		HE591875.1	HE591875.1	NW_004071189.1
fr3:HE591876	HE591876		HE591876.1	HE591876.1	NW_004071190.1
fr3:HE591877	HE591877		HE591877.1	HE591877.1	NW_004071191.1
fr3:HE591878	HE591878		HE591878.1	HE591878.1	NW_004071192.1
fr3:HE591879	HE591879		HE591879.1	HE591879.1	NW_004071193.1
fr3:HE591880	HE591880		HE591880.1	HE591880.1	NW_004071194.1
fr3:HE591881	HE591881		HE591881.1	HE591881.1	NW_004071195.1
fr3:HE591882	HE591882		HE591882.1	HE591882.1	NW_004071196.1
fr3:HE591884	HE591884		HE591884.1	HE591884.1	NW_004071197.1
fr3:HE591885	HE591885		HE591885.1	HE591885.1	NW_004071198.1
fr3:HE591886	HE591886		HE591886.1	HE591886.1	NW_004071199.1
fr3:HE591887	HE591887		HE591887.1	HE591887.1	NW_004071200.1
fr3:HE591888	HE591888		HE591888.1	HE591888.1	NW_004071201.1
fr3:HE591889	HE591889		HE591889.1	HE591889.1	NW_004071202.1
fr3:HE591890	HE591890		HE591890.1	HE591890.1	NW_004071203.1
fr3:HE591891	HE591891		HE591891.1	HE591891.1	NW_004071204.1
fr3:HE591892	HE591892		HE591892.1	HE591892.1	NW_004071205.1
fr3:HE591893	HE591893		HE591893.1	HE591893.1	NW_004071206.1
fr3:HE591896	HE591896		HE591896.1	HE591896.1	NW_004071207.1
fr3:HE591897	HE591897		HE591897.1	HE591897.1	NW_004071208.1
fr3:HE591898	HE591898		HE591898.1	HE591898.1	NW_004071209.1
fr3:HE591899	HE591899		HE591899.1	HE591899.1	NW_004071210.1
fr3:HE591900	HE591900		HE591900.1	HE591900.1	NW_004071211.1
fr3:HE591901	HE591901		HE591901.1	HE591901.1	NW_004071212.1
fr3:HE591902	HE591902		HE591902.1	HE591902.1	NW_004071213.1
fr3:HE591903	HE591903		HE591903.1	HE591903.1	NW_004071214.1
fr3:HE591904	HE591904		HE591904.1	HE591904.1	NW_004071215.1
fr3:HE591905	HE591905		HE591905.1	HE591905.1	NW_004071216.1
fr3:HE591906	HE591906		HE591906.1	HE591906.1	NW_004071217.1
fr3:HE591907	HE591907		HE591907.1	HE591907.1	NW_004071218.1
fr3:HE591908	HE591908		HE591908.1	HE591908.1	NW_004071219.1
fr3:HE591909	HE591909		HE591909.1	HE591909.1	NW_004071220.1
fr3:HE591910	HE591910		HE591910.1	HE591910.1	NW_004071221.1
fr3:HE591911	HE591911		HE591911.1	HE591911.1	NW_004071222.1
fr3:HE591912	HE591912		HE591912.1	HE591912.1	NW_004071223.1
fr3:HE591913	HE591913		HE591913.1	HE591913.1	NW_004071224.1
fr3:HE591914	HE591914		HE591914.1	HE591914.1	NW_004071225.1
fr3:HE591915	HE591915		HE591915.1	HE591915.1	NW_004071226.1
fr3:HE591916	HE591916		HE591916.1	HE591916.1	NW_004071227.1
fr3:HE591917	HE591917		HE591917.1	HE591917.1	NW_004071228.1
fr3:HE591920	HE591920		HE591920.1	HE591920.1	NW_004071229.1
fr3:HE591921	HE591921		HE591921.1	HE591921.1	NW_004071230.1
fr3:HE591922	HE591922		HE591922.1	HE591922.1	NW_004071231.1
fr3:HE591923	HE591923		HE591923.1	HE591923.1	NW_004071232.1
fr3:HE591924	HE591924		HE591924.1	HE591924.1	NW_004071233.1
fr3:HE591926	HE591926		HE591926.1	HE591926.1	NW_004071234.1
fr3:HE591927	HE591927		HE591927.1	HE591927.1	NW_004071235.1
fr3:HE591928	HE591928		HE591928.1	HE591928.1	NW_004071236.1
fr3:HE591929	HE591929		HE591929.1	HE591929.1	NW_004071237.1
fr3:HE591930	HE591930		HE591930.1	HE591930.1	NW_004071238.1
fr3:HE591931	HE591931		HE591931.1	HE591931.1	NW_004071239.1
fr3:HE591932	HE591932		HE591932.1	HE591932.1	NW_004071240.1
fr3:HE591933	HE591933		HE591933.1	HE591933.1	NW_004071241.1
fr3:HE591934	HE591934		HE591934.1	HE591934.1	NW_004071242.1
fr3:HE591935	HE591935		HE591935.1	HE591935.1	NW_004071243.1
fr3:HE591936	HE591936		HE591936.1	HE591936.1	NW_004071244.1
fr3:HE591937	HE591937		HE591937.1	HE591937.1	NW_004071245.1
fr3:HE591938	HE591938		HE591938.1	HE591938.1	NW_004071246.1
fr3:HE591939	HE591939		HE591939.1	HE591939.1	NW_004071247.1
fr3:HE591941	HE591941		HE591941.1	HE591941.1	NW_004071248.1
fr3:HE591942	HE591942		HE591942.1	HE591942.1	NW_004071249.1
fr3:HE591943	HE591943		HE591943.1	HE591943.1	NW_004071250.1
fr3:HE591944	HE591944		HE591944.1	HE591944.1	NW_004071251.1
fr3:HE591945	HE591945		HE591945.1	HE591945.1	NW_004071252.1
fr3:HE591946	HE591946		HE591946.1	HE591946.1	NW_004071253.1
fr3:HE591947	HE591947		HE591947.1	HE591947.1	NW_004071254.1
fr3:HE591948	HE591948		HE591948.1	HE591948.1	NW_004071255.1
fr3:HE591949	HE591949		HE591949.1	HE591949.1	NW_004071256.1
fr3:HE591950	HE591950		HE591950.1	HE591950.1	NW_004071257.1
fr3:HE591951	HE591951		HE591951.1	HE591951.1	NW_004071258.1
fr3:HE591952	HE591952		HE591952.1	HE591952.1	NW_004071259.1
fr3:HE591953	HE591953		HE591953.1	HE591953.1	NW_004071260.1
fr3:HE591954	HE591954		HE591954.1	HE591954.1	NW_004071261.1
fr3:HE591955	HE591955		HE591955.1	HE591955.1	NW_004071262.1
fr3:HE591956	HE591956		HE591956.1	HE591956.1	NW_004071263.1
fr3:HE591957	HE591957		HE591957.1	HE591957.1	NW_004071264.1
fr3:HE591958	HE591958		HE591958.1	HE591958.1	NW_004071265.1
fr3:HE591959	HE591959		HE591959.1	HE591959.1	NW_004071266.1
fr3:HE591960	HE591960		HE591960.1	HE591960.1	NW_004071267.1
fr3:HE591961	HE591961		HE591961.1	HE591961.1	NW_004071268.1
fr3:HE591962	HE591962		HE591962.1	HE591962.1	NW_004071269.1
fr3:HE591963	HE591963		HE591963.1	HE591963.1	NW_004071270.1
fr3:HE591965	HE591965		HE591965.1	HE591965.1	NW_004071271.1
fr3:HE591966	HE591966		HE591966.1	HE591966.1	NW_004071272.1
fr3:HE591967	HE591967		HE591967.1	HE591967.1	NW_004071273.1
fr3:HE591968	HE591968		HE591968.1	HE591968.1	NW_004071274.1
fr3:HE591969	HE591969		HE591969.1	HE591969.1	NW_004071275.1
fr3:HE591970	HE591970		HE591970.1	HE591970.1	NW_004071276.1
fr3:HE591971	HE591971		HE591971.1	HE591971.1	NW_004071277.1
fr3:HE591972	HE591972		HE591972.1	HE591972.1	NW_004071278.1
fr3:HE591973	HE591973		HE591973.1	HE591973.1	NW_004071279.1
fr3:HE591974	HE591974		HE591974.1	HE591974.1	NW_004071280.1
fr3:HE591975	HE591975		HE591975.1	HE591975.1	NW_004071281.1
fr3:HE591976	HE591976		HE591976.1	HE591976.1	NW_004071282.1
fr3:HE591977	HE591977		HE591977.1	HE591977.1	NW_004071283.1
fr3:HE591978	HE591978		HE591978.1	HE591978.1	NW_004071284.1
fr3:HE591979	HE591979		HE591979.1	HE591979.1	NW_004071285.1
fr3:HE591980	HE591980		HE591980.1	HE591980.1	NW_004071286.1
fr3:HE591981	HE591981		HE591981.1	HE591981.1	NW_004071287.1
fr3:HE591982	HE591982		HE591982.1	HE591982.1	NW_004071288.1
fr3:HE591983	HE591983		HE591983.1	HE591983.1	NW_004071289.1
fr3:HE591984	HE591984		HE591984.1	HE591984.1	NW_004071290.1
fr3:HE591985	HE591985		HE591985.1	HE591985.1	NW_004071291.1
fr3:HE591986	HE591986		HE591986.1	HE591986.1	NW_004071292.1
fr3:HE591987	HE591987		HE591987.1	HE591987.1	NW_004071293.1
fr3:HE591988	HE591988		HE591988.1	HE591988.1	NW_004071294.1
fr3:HE591989	HE591989		HE591989.1	HE591989.1	NW_004071295.1
fr3:HE591990	HE591990		HE591990.1	HE591990.1	NW_004071296.1
fr3:HE591991	HE591991		HE591991.1	HE591991.1	NW_004071297.1
fr3:HE591992	HE591992		HE591992.1	HE591992.1	NW_004071298.1
fr3:HE591993	HE591993		HE591993.1	HE591993.1	NW_004071299.1
fr3:HE591994	HE591994		HE591994.1	HE591994.1	NW_004071300.1
fr3:HE591996	HE591996		HE591996.1	HE591996.1	NW_004071301.1
fr3:HE591997	HE591997		HE591997.1	HE591997.1	NW_004071302.1
fr3:HE591998	HE591998		HE591998.1	HE591998.1	NW_004071303.1
fr3:HE591999	HE591999		HE591999.1	HE591999.1	NW_004071304.1
fr3:HE592000	HE592000		HE592000.1	HE592000.1	NW_004071305.1
fr3:HE592001	HE592001		HE592001.1	HE592001.1	NW_004071306.1
fr3:HE592002	HE592002		HE592002.1	HE592002.1	NW_004071307.1
fr3:HE592003	HE592003		HE592003.1	HE592003.1	NW_004071308.1
fr3:HE592004	HE592004		HE592004.1	HE592004.1	NW_004071309.1
fr3:HE592005	HE592005		HE592005.1	HE592005.1	NW_004071310.1
fr3:HE592006	HE592006		HE592006.1	HE592006.1	NW_004071311.1
fr3:HE592007	HE592007		HE592007.1	HE592007.1	NW_004071312.1
fr3:HE592008	HE592008		HE592008.1	HE592008.1	NW_004071313.1
fr3:HE592009	HE592009		HE592009.1	HE592009.1	NW_004071314.1
fr3:HE592010	HE592010		HE592010.1	HE592010.1	NW_004071315.1
fr3:HE592011	HE592011		HE592011.1	HE592011.1	NW_004071316.1
fr3:HE592012	HE592012		HE592012.1	HE592012.1	NW_004071317.1
fr3:HE592013	HE592013		HE592013.1	HE592013.1	NW_004071318.1
fr3:HE592014	HE592014		HE592014.1	HE592014.1	NW_004071319.1
fr3:HE592015	HE592015		HE592015.1	HE592015.1	NW_004071320.1
fr3:HE592016	HE592016		HE592016.1	HE592016.1	NW_004071321.1
fr3:HE592017	HE592017		HE592017.1	HE592017.1	NW_004071322.1
fr3:HE592018	HE592018		HE592018.1	HE592018.1	NW_004071323.1
fr3:HE592019	HE592019		HE592019.1	HE592019.1	NW_004071324.1
fr3:HE592020	HE592020		HE592020.1	HE592020.1	NW_004071325.1
fr3:HE592021	HE592021		HE592021.1	HE592021.1	NW_004071326.1
fr3:HE592022	HE592022		HE592022.1	HE592022.1	NW_004071327.1
fr3:HE592023	HE592023		HE592023.1	HE592023.1	NW_004071328.1
fr3:HE592024	HE592024		HE592024.1	HE592024.1	NW_004071329.1
fr3:HE592025	HE592025		HE592025.1	HE592025.1	NW_004071330.1
fr3:HE592026	HE592026		HE592026.1	HE592026.1	NW_004071331.1
fr3:HE592027	HE592027		HE592027.1	HE592027.1	NW_004071332.1
fr3:HE592028	HE592028		HE592028.1	HE592028.1	NW_004071333.1
fr3:HE592029	HE592029		HE592029.1	HE592029.1	NW_004071334.1
fr3:HE592030	HE592030		HE592030.1	HE592030.1	NW_004071335.1
fr3:HE592031	HE592031		HE592031.1	HE592031.1	NW_004071336.1
fr3:HE592032	HE592032		HE592032.1	HE592032.1	NW_004071337.1
fr3:HE592033	HE592033		HE592033.1	HE592033.1	NW_004071338.1
fr3:HE592034	HE592034		HE592034.1	HE592034.1	NW_004071339.1
fr3:HE592035	HE592035		HE592035.1	HE592035.1	NW_004071340.1
fr3:HE592036	HE592036		HE592036.1	HE592036.1	NW_004071341.1
fr3:HE592037	HE592037		HE592037.1	HE592037.1	NW_004071342.1
fr3:HE592038	HE592038		HE592038.1	HE592038.1	NW_004071343.1
fr3:HE592039	HE592039		HE592039.1	HE592039.1	NW_004071344.1
fr3:HE592040	HE592040		HE592040.1	HE592040.1	NW_004071345.1
fr3:HE592041	HE592041		HE592041.1	HE592041.1	NW_004071346.1
fr3:HE592042	HE592042		HE592042.1	HE592042.1	NW_004071347.1
fr3:HE592043	HE592043		HE592043.1	HE592043.1	NW_004071348.1
fr3:HE592044	HE592044		HE592044.1	HE592044.1	NW_004071349.1
fr3:HE592045	HE592045		HE592045.1	HE592045.1	NW_004071350.1
fr3:HE592046	HE592046		HE592046.1	HE592046.1	NW_004071351.1
fr3:HE592048	HE592048		HE592048.1	HE592048.1	NW_004071352.1
fr3:HE592049	HE592049		HE592049.1	HE592049.1	NW_004071353.1
fr3:HE592050	HE592050		HE592050.1	HE592050.1	NW_004071354.1
fr3:HE592051	HE592051		HE592051.1	HE592051.1	NW_004071355.1
fr3:HE592052	HE592052		HE592052.1	HE592052.1	NW_004071356.1
fr3:HE592053	HE592053		HE592053.1	HE592053.1	NW_004071357.1
fr3:HE592054	HE592054		HE592054.1	HE592054.1	NW_004071358.1
fr3:HE592055	HE592055		HE592055.1	HE592055.1	NW_004071359.1
fr3:HE592056	HE592056		HE592056.1	HE592056.1	NW_004071360.1
fr3:HE592057	HE592057		HE592057.1	HE592057.1	NW_004071361.1
fr3:HE592058	HE592058		HE592058.1	HE592058.1	NW_004071362.1
fr3:HE592059	HE592059		HE592059.1	HE592059.1	NW_004071751.1
fr3:HE592060	HE592060		HE592060.1	HE592060.1	NW_004071752.1
fr3:HE592061	HE592061		HE592061.1	HE592061.1	NW_004071753.1
fr3:HE592062	HE592062		HE592062.1	HE592062.1	NW_004071754.1
fr3:HE592063	HE592063		HE592063.1	HE592063.1	NW_004071755.1
fr3:HE592064	HE592064		HE592064.1	HE592064.1	NW_004071756.1
fr3:HE592065	HE592065		HE592065.1	HE592065.1	NW_004071757.1
fr3:HE592066	HE592066		HE592066.1	HE592066.1	NW_004071758.1
fr3:HE592067	HE592067		HE592067.1	HE592067.1	NW_004071759.1
fr3:HE592068	HE592068		HE592068.1	HE592068.1	NW_004071760.1
fr3:HE592069	HE592069		HE592069.1	HE592069.1	NW_004071761.1
fr3:HE592070	HE592070		HE592070.1	HE592070.1	NW_004071762.1
fr3:HE592071	HE592071		HE592071.1	HE592071.1	NW_004071763.1
fr3:HE592072	HE592072		HE592072.1	HE592072.1	NW_004071764.1
fr3:HE592073	HE592073		HE592073.1	HE592073.1	NW_004071765.1
fr3:HE592075	HE592075		HE592075.1	HE592075.1	NW_004071766.1
fr3:HE592076	HE592076		HE592076.1	HE592076.1	NW_004071767.1
fr3:HE592077	HE592077		HE592077.1	HE592077.1	NW_004071768.1
fr3:HE592078	HE592078		HE592078.1	HE592078.1	NW_004071769.1
fr3:HE592079	HE592079		HE592079.1	HE592079.1	NW_004071770.1
fr3:HE592080	HE592080		HE592080.1	HE592080.1	NW_004071771.1
fr3:HE592081	HE592081		HE592081.1	HE592081.1	NW_004071772.1
fr3:HE592082	HE592082		HE592082.1	HE592082.1	NW_004071773.1
fr3:HE592083	HE592083		HE592083.1	HE592083.1	NW_004071774.1
fr3:HE592084	HE592084		HE592084.1	HE592084.1	NW_004071775.1
fr3:HE592085	HE592085		HE592085.1	HE592085.1	NW_004071776.1
fr3:HE592086	HE592086		HE592086.1	HE592086.1	NW_004071777.1
fr3:HE592087	HE592087		HE592087.1	HE592087.1	NW_004071778.1
fr3:HE592088	HE592088		HE592088.1	HE592088.1	NW_004071779.1
fr3:HE592089	HE592089		HE592089.1	HE592089.1	NW_004071780.1
fr3:HE592090	HE592090		HE592090.1	HE592090.1	NW_004071781.1
fr3:HE592091	HE592091		HE592091.1	HE592091.1	NW_004071782.1
fr3:HE592092	HE592092		HE592092.1	HE592092.1	NW_004071783.1
fr3:HE592093	HE592093		HE592093.1	HE592093.1	NW_004071784.1
fr3:HE592094	HE592094		HE592094.1	HE592094.1	NW_004071785.1
fr3:HE592095	HE592095		HE592095.1	HE592095.1	NW_004071786.1
fr3:HE592096	HE592096		HE592096.1	HE592096.1	NW_004071787.1
fr3:HE592097	HE592097		HE592097.1	HE592097.1	NW_004071788.1
fr3:HE592098	HE592098		HE592098.1	HE592098.1	NW_004071789.1
fr3:HE592099	HE592099		HE592099.1	HE592099.1	NW_004071790.1
fr3:HE592100	HE592100		HE592100.1	HE592100.1	NW_004071791.1
fr3:HE592101	HE592101		HE592101.1	HE592101.1	NW_004071792.1
fr3:HE592102	HE592102		HE592102.1	HE592102.1	NW_004071793.1
fr3:HE592103	HE592103		HE592103.1	HE592103.1	NW_004071794.1
fr3:HE592104	HE592104		HE592104.1	HE592104.1	NW_004071795.1
fr3:HE592105	HE592105		HE592105.1	HE592105.1	NW_004071796.1
fr3:HE592106	HE592106		HE592106.1	HE592106.1	NW_004071797.1
fr3:HE592107	HE592107		HE592107.1	HE592107.1	NW_004071798.1
fr3:HE592108	HE592108		HE592108.1	HE592108.1	NW_004071799.1
fr3:HE592109	HE592109		HE592109.1	HE592109.1	NW_004071800.1
fr3:HE592110	HE592110		HE592110.1	HE592110.1	NW_004071801.1
fr3:HE592111	HE592111		HE592111.1	HE592111.1	NW_004071802.1
fr3:HE592112	HE592112		HE592112.1	HE592112.1	NW_004071803.1
fr3:HE592113	HE592113		HE592113.1	HE592113.1	NW_004071804.1
fr3:HE592114	HE592114		HE592114.1	HE592114.1	NW_004071805.1
fr3:HE592115	HE592115		HE592115.1	HE592115.1	NW_004071806.1
fr3:HE592116	HE592116		HE592116.1	HE592116.1	NW_004071807.1
fr3:HE592117	HE592117		HE592117.1	HE592117.1	NW_004071808.1
fr3:HE592118	HE592118		HE592118.1	HE592118.1	NW_004071809.1
fr3:HE592119	HE592119		HE592119.1	HE592119.1	NW_004071810.1
fr3:HE592120	HE592120		HE592120.1	HE592120.1	NW_004071811.1
fr3:HE592121	HE592121		HE592121.1	HE592121.1	NW_004071812.1
fr3:HE592122	HE592122		HE592122.1	HE592122.1	NW_004072482.1
fr3:HE592123	HE592123		HE592123.1	HE592123.1	NW_004072483.1
fr3:HE592124	HE592124		HE592124.1	HE592124.1	NW_004072484.1
fr3:HE592125	HE592125		HE592125.1	HE592125.1	NW_004072485.1
fr3:HE592126	HE592126		HE592126.1	HE592126.1	NW_004072486.1
fr3:HE592127	HE592127		HE592127.1	HE592127.1	NW_004072487.1
fr3:HE592128	HE592128		HE592128.1	HE592128.1	NW_004072488.1
fr3:HE592129	HE592129		HE592129.1	HE592129.1	NW_004072489.1
fr3:HE592130	HE592130		HE592130.1	HE592130.1	NW_004072490.1
fr3:HE592131	HE592131		HE592131.1	HE592131.1	NW_004072491.1
fr3:HE592132	HE592132		HE592132.1	HE592132.1	NW_004072492.1
fr3:HE592133	HE592133		HE592133.1	HE592133.1	NW_004072493.1
fr3:HE592134	HE592134		HE592134.1	HE592134.1	NW_004072494.1
fr3:HE592135	HE592135		HE592135.1	HE592135.1	NW_004072495.1
fr3:HE592136	HE592136		HE592136.1	HE592136.1	NW_004072496.1
fr3:HE592137	HE592137		HE592137.1	HE592137.1	NW_004072497.1
fr3:HE592138	HE592138		HE592138.1	HE592138.1	NW_004072498.1
fr3:HE592139	HE592139		HE592139.1	HE592139.1	NW_004072499.1
fr3:HE592140	HE592140		HE592140.1	HE592140.1	NW_004072500.1
fr3:HE592141	HE592141		HE592141.1	HE592141.1	NW_004072501.1
fr3:HE592142	HE592142		HE592142.1	HE592142.1	NW_004072502.1
fr3:HE592143	HE592143		HE592143.1	HE592143.1	NW_004072503.1
fr3:HE592144	HE592144		HE592144.1	HE592144.1	NW_004072504.1
fr3:HE592145	HE592145		HE592145.1	HE592145.1	NW_004072505.1
fr3:HE592146	HE592146		HE592146.1	HE592146.1	NW_004072506.1
fr3:HE592147	HE592147		HE592147.1	HE592147.1	NW_004072507.1
fr3:HE592148	HE592148		HE592148.1	HE592148.1	NW_004072508.1
fr3:HE592149	HE592149		HE592149.1	HE592149.1	NW_004072509.1
fr3:HE592150	HE592150		HE592150.1	HE592150.1	NW_004072510.1
fr3:HE592151	HE592151		HE592151.1	HE592151.1	NW_004072511.1
fr3:HE592152	HE592152		HE592152.1	HE592152.1	NW_004072512.1
fr3:HE592153	HE592153		HE592153.1	HE592153.1	NW_004072513.1
fr3:HE592154	HE592154		HE592154.1	HE592154.1	NW_004072514.1
fr3:HE592155	HE592155		HE592155.1	HE592155.1	NW_004072515.1
fr3:HE592156	HE592156		HE592156.1	HE592156.1	NW_004072516.1
fr3:HE592157	HE592157		HE592157.1	HE592157.1	NW_004072517.1
fr3:HE592158	HE592158		HE592158.1	HE592158.1	NW_004072518.1
fr3:HE592159	HE592159		HE592159.1	HE592159.1	NW_004072519.1
fr3:HE592160	HE592160		HE592160.1	HE592160.1	NW_004072520.1
fr3:HE592161	HE592161		HE592161.1	HE592161.1	NW_004072521.1
fr3:HE592162	HE592162		HE592162.1	HE592162.1	NW_004072522.1
fr3:HE592163	HE592163		HE592163.1	HE592163.1	NW_004072523.1
fr3:HE592164	HE592164		HE592164.1	HE592164.1	NW_004072524.1
fr3:HE592165	HE592165		HE592165.1	HE592165.1	NW_004072525.1
fr3:HE592166	HE592166		HE592166.1	HE592166.1	NW_004072526.1
fr3:HE592167	HE592167		HE592167.1	HE592167.1	NW_004072527.1
fr3:HE592168	HE592168		HE592168.1	HE592168.1	NW_004072528.1
fr3:HE592169	HE592169		HE592169.1	HE592169.1	NW_004072529.1
fr3:HE592170	HE592170		HE592170.1	HE592170.1	NW_004072530.1
fr3:HE592171	HE592171		HE592171.1	HE592171.1	NW_004072531.1
fr3:HE592173	HE592173		HE592173.1	HE592173.1	NW_004072532.1
fr3:HE592174	HE592174		HE592174.1	HE592174.1	NW_004072533.1
fr3:HE592175	HE592175		HE592175.1	HE592175.1	NW_004072534.1
fr3:HE592176	HE592176		HE592176.1	HE592176.1	NW_004072535.1
fr3:HE592177	HE592177		HE592177.1	HE592177.1	NW_004072536.1
fr3:HE592178	HE592178		HE592178.1	HE592178.1	NW_004072537.1
fr3:HE592179	HE592179		HE592179.1	HE592179.1	NW_004072538.1
fr3:HE592180	HE592180		HE592180.1	HE592180.1	NW_004072539.1
fr3:HE592181	HE592181		HE592181.1	HE592181.1	NW_004072540.1
fr3:HE592182	HE592182		HE592182.1	HE592182.1	NW_004072541.1
fr3:HE592183	HE592183		HE592183.1	HE592183.1	NW_004072542.1
fr3:HE592184	HE592184		HE592184.1	HE592184.1	NW_004072543.1
fr3:HE592185	HE592185		HE592185.1	HE592185.1	NW_004072544.1
fr3:HE592186	HE592186		HE592186.1	HE592186.1	NW_004072545.1
fr3:HE592187	HE592187		HE592187.1	HE592187.1	NW_004072546.1
fr3:HE592188	HE592188		HE592188.1	HE592188.1	NW_004072547.1
fr3:HE592189	HE592189		HE592189.1	HE592189.1	NW_004072548.1
fr3:HE592190	HE592190		HE592190.1	HE592190.1	NW_004072549.1
fr3:HE592191	HE592191		HE592191.1	HE592191.1	NW_004072550.1
fr3:HE592192	HE592192		HE592192.1	HE592192.1	NW_004072551.1
fr3:HE592193	HE592193		HE592193.1	HE592193.1	NW_004072552.1
fr3:HE592194	HE592194		HE592194.1	HE592194.1	NW_004072553.1
fr3:HE592195	HE592195		HE592195.1	HE592195.1	NW_004072554.1
fr3:HE592196	HE592196		HE592196.1	HE592196.1	NW_004072555.1
fr3:HE592197	HE592197		HE592197.1	HE592197.1	NW_004072556.1
fr3:HE592198	HE592198		HE592198.1	HE592198.1	NW_004072557.1
fr3:HE592199	HE592199		HE592199.1	HE592199.1	NW_004072558.1
fr3:HE592200	HE592200		HE592200.1	HE592200.1	NW_004072559.1
fr3:HE592201	HE592201		HE592201.1	HE592201.1	NW_004072560.1
fr3:HE592202	HE592202		HE592202.1	HE592202.1	NW_004072561.1
fr3:HE592203	HE592203		HE592203.1	HE592203.1	NW_004072562.1
fr3:HE592204	HE592204		HE592204.1	HE592204.1	NW_004072563.1
fr3:HE592205	HE592205		HE592205.1	HE592205.1	NW_004072564.1
fr3:HE592206	HE592206		HE592206.1	HE592206.1	NW_004072565.1
fr3:HE592207	HE592207		HE592207.1	HE592207.1	NW_004072566.1
fr3:HE592208	HE592208		HE592208.1	HE592208.1	NW_004072567.1
fr3:HE592209	HE592209		HE592209.1	HE592209.1	NW_004072568.1
fr3:HE592210	HE592210		HE592210.1	HE592210.1	NW_004072569.1
fr3:HE592211	HE592211		HE592211.1	HE592211.1	NW_004072570.1
fr3:HE592212	HE592212		HE592212.1	HE592212.1	NW_004072571.1
fr3:HE592213	HE592213		HE592213.1	HE592213.1	NW_004072572.1
fr3:HE592214	HE592214		HE592214.1	HE592214.1	NW_004072573.1
fr3:HE592215	HE592215		HE592215.1	HE592215.1	NW_004072574.1
fr3:HE592216	HE592216		HE592216.1	HE592216.1	NW_004072575.1
fr3:HE592217	HE592217		HE592217.1	HE592217.1	NW_004072576.1
fr3:HE592218	HE592218		HE592218.1	HE592218.1	NW_004072577.1
fr3:HE592219	HE592219		HE592219.1	HE592219.1	NW_004071967.1
fr3:HE592220	HE592220		HE592220.1	HE592220.1	NW_004071968.1
fr3:HE592221	HE592221		HE592221.1	HE592221.1	NW_004071969.1
fr3:HE592222	HE592222		HE592222.1	HE592222.1	NW_004071970.1
fr3:HE592223	HE592223		HE592223.1	HE592223.1	NW_004071971.1
fr3:HE592224	HE592224		HE592224.1	HE592224.1	NW_004071972.1
fr3:HE592225	HE592225		HE592225.1	HE592225.1	NW_004071973.1
fr3:HE592226	HE592226		HE592226.1	HE592226.1	NW_004071974.1
fr3:HE592227	HE592227		HE592227.1	HE592227.1	NW_004071975.1
fr3:HE592228	HE592228		HE592228.1	HE592228.1	NW_004071976.1
fr3:HE592229	HE592229		HE592229.1	HE592229.1	NW_004071977.1
fr3:HE592230	HE592230		HE592230.1	HE592230.1	NW_004071978.1
fr3:HE592231	HE592231		HE592231.1	HE592231.1	NW_004071979.1
fr3:HE592232	HE592232		HE592232.1	HE592232.1	NW_004071980.1
fr3:HE592233	HE592233		HE592233.1	HE592233.1	NW_004071981.1
fr3:HE592234	HE592234		HE592234.1	HE592234.1	NW_004077508.1
fr3:HE592235	HE592235		HE592235.1	HE592235.1	NW_004071982.1
fr3:HE592236	HE592236		HE592236.1	HE592236.1	NW_004071983.1
fr3:HE592237	HE592237		HE592237.1	HE592237.1	NW_004071984.1
fr3:HE592238	HE592238		HE592238.1	HE592238.1	NW_004071985.1
fr3:HE592239	HE592239		HE592239.1	HE592239.1	NW_004071986.1
fr3:HE592240	HE592240		HE592240.1	HE592240.1	NW_004071987.1
fr3:HE592241	HE592241		HE592241.1	HE592241.1	NW_004071988.1
fr3:HE592242	HE592242		HE592242.1	HE592242.1	NW_004071989.1
fr3:HE592243	HE592243		HE592243.1	HE592243.1	NW_004071990.1
fr3:HE592244	HE592244		HE592244.1	HE592244.1	NW_004071991.1
fr3:HE592245	HE592245		HE592245.1	HE592245.1	NW_004071992.1
fr3:HE592246	HE592246		HE592246.1	HE592246.1	NW_004071993.1
fr3:HE592247	HE592247		HE592247.1	HE592247.1	NW_004071994.1
fr3:HE592248	HE592248		HE592248.1	HE592248.1	NW_004071995.1
fr3:HE592249	HE592249		HE592249.1	HE592249.1	NW_004071996.1
fr3:HE592250	HE592250		HE592250.1	HE592250.1	NW_004071997.1
fr3:HE592251	HE592251		HE592251.1	HE592251.1	NW_004071998.1
fr3:HE592252	HE592252		HE592252.1	HE592252.1	NW_004071999.1
fr3:HE592253	HE592253		HE592253.1	HE592253.1	NW_004072000.1
fr3:HE592254	HE592254		HE592254.1	HE592254.1	NW_004072001.1
fr3:HE592255	HE592255		HE592255.1	HE592255.1	NW_004072002.1
fr3:HE592256	HE592256		HE592256.1	HE592256.1	NW_004072003.1
fr3:HE592257	HE592257		HE592257.1	HE592257.1	NW_004072004.1
fr3:HE592258	HE592258		HE592258.1	HE592258.1	NW_004072005.1
fr3:HE592259	HE592259		HE592259.1	HE592259.1	NW_004072006.1
fr3:HE592260	HE592260		HE592260.1	HE592260.1	NW_004072007.1
fr3:HE592261	HE592261		HE592261.1	HE592261.1	NW_004072008.1
fr3:HE592262	HE592262		HE592262.1	HE592262.1	NW_004072009.1
fr3:HE592263	HE592263		HE592263.1	HE592263.1	NW_004072010.1
fr3:HE592264	HE592264		HE592264.1	HE592264.1	NW_004072011.1
fr3:HE592265	HE592265		HE592265.1	HE592265.1	NW_004072012.1
fr3:HE592266	HE592266		HE592266.1	HE592266.1	NW_004072013.1
fr3:HE592267	HE592267		HE592267.1	HE592267.1	NW_004072014.1
fr3:HE592268	HE592268		HE592268.1	HE592268.1	NW_004072015.1
fr3:HE592269	HE592269		HE592269.1	HE592269.1	NW_004072016.1
fr3:HE592270	HE592270		HE592270.1	HE592270.1	NW_004072017.1
fr3:HE592271	HE592271		HE592271.1	HE592271.1	NW_004072018.1
fr3:HE592272	HE592272		HE592272.1	HE592272.1	NW_004072019.1
fr3:HE592273	HE592273		HE592273.1	HE592273.1	NW_004072020.1
fr3:HE592274	HE592274		HE592274.1	HE592274.1	NW_004072021.1
fr3:HE592275	HE592275		HE592275.1	HE592275.1	NW_004072022.1
fr3:HE592276	HE592276		HE592276.1	HE592276.1	NW_004072023.1
fr3:HE592277	HE592277		HE592277.1	HE592277.1	NW_004072024.1
fr3:HE592278	HE592278		HE592278.1	HE592278.1	NW_004072025.1
fr3:HE592279	HE592279		HE592279.1	HE592279.1	NW_004072026.1
fr3:HE592280	HE592280		HE592280.1	HE592280.1	NW_004072027.1
fr3:HE592281	HE592281		HE592281.1	HE592281.1	NW_004072028.1
fr3:HE592282	HE592282		HE592282.1	HE592282.1	NW_004072029.1
fr3:HE592283	HE592283		HE592283.1	HE592283.1	NW_004072030.1
fr3:HE592284	HE592284		HE592284.1	HE592284.1	NW_004072031.1
fr3:HE592285	HE592285		HE592285.1	HE592285.1	NW_004072032.1
fr3:HE592286	HE592286		HE592286.1	HE592286.1	NW_004072033.1
fr3:HE592287	HE592287		HE592287.1	HE592287.1	NW_004072034.1
fr3:HE592288	HE592288		HE592288.1	HE592288.1	NW_004072035.1
fr3:HE592289	HE592289		HE592289.1	HE592289.1	NW_004072036.1
fr3:HE592290	HE592290		HE592290.1	HE592290.1	NW_004072037.1
fr3:HE592291	HE592291		HE592291.1	HE592291.1	NW_004072038.1
fr3:HE592292	HE592292		HE592292.1	HE592292.1	NW_004072039.1
fr3:HE592293	HE592293		HE592293.1	HE592293.1	NW_004072040.1
fr3:HE592294	HE592294		HE592294.1	HE592294.1	NW_004072041.1
fr3:HE592295	HE592295		HE592295.1	HE592295.1	NW_004072042.1
fr3:HE592296	HE592296		HE592296.1	HE592296.1	NW_004072043.1
fr3:HE592297	HE592297		HE592297.1	HE592297.1	NW_004072044.1
fr3:HE592298	HE592298		HE592298.1	HE592298.1	NW_004072045.1
fr3:HE592299	HE592299		HE592299.1	HE592299.1	NW_004072046.1
fr3:HE592300	HE592300		HE592300.1	HE592300.1	NW_004072047.1
fr3:HE592301	HE592301		HE592301.1	HE592301.1	NW_004072048.1
fr3:HE592302	HE592302		HE592302.1	HE592302.1	NW_004072049.1
fr3:HE592303	HE592303		HE592303.1	HE592303.1	NW_004072050.1
fr3:HE592304	HE592304		HE592304.1	HE592304.1	NW_004072051.1
fr3:HE592305	HE592305		HE592305.1	HE592305.1	NW_004072052.1
fr3:HE592306	HE592306		HE592306.1	HE592306.1	NW_004072053.1
fr3:HE592307	HE592307		HE592307.1	HE592307.1	NW_004072054.1
fr3:HE592308	HE592308		HE592308.1	HE592308.1	NW_004072055.1
fr3:HE592309	HE592309		HE592309.1	HE592309.1	NW_004072056.1
fr3:HE592310	HE592310		HE592310.1	HE592310.1	NW_004072057.1
fr3:HE592311	HE592311		HE592311.1	HE592311.1	NW_004072058.1
fr3:HE592312	HE592312		HE592312.1	HE592312.1	NW_004072059.1
fr3:HE592313	HE592313		HE592313.1	HE592313.1	NW_004072060.1
fr3:HE592314	HE592314		HE592314.1	HE592314.1	NW_004072061.1
fr3:HE592315	HE592315		HE592315.1	HE592315.1	NW_004072062.1
fr3:HE592316	HE592316		HE592316.1	HE592316.1	NW_004072063.1
fr3:HE592317	HE592317		HE592317.1	HE592317.1	NW_004072064.1
fr3:HE592318	HE592318		HE592318.1	HE592318.1	NW_004072065.1
fr3:HE592319	HE592319		HE592319.1	HE592319.1	NW_004072066.1
fr3:HE592320	HE592320		HE592320.1	HE592320.1	NW_004072067.1
fr3:HE592321	HE592321		HE592321.1	HE592321.1	NW_004072068.1
fr3:HE592322	HE592322		HE592322.1	HE592322.1	NW_004072069.1
fr3:HE592323	HE592323		HE592323.1	HE592323.1	NW_004072070.1
fr3:HE592324	HE592324		HE592324.1	HE592324.1	NW_004072071.1
fr3:HE592325	HE592325		HE592325.1	HE592325.1	NW_004072072.1
fr3:HE592326	HE592326		HE592326.1	HE592326.1	NW_004072073.1
fr3:HE592327	HE592327		HE592327.1	HE592327.1	NW_004072074.1
fr3:HE592328	HE592328		HE592328.1	HE592328.1	NW_004072075.1
fr3:HE592329	HE592329		HE592329.1	HE592329.1	NW_004072076.1
fr3:HE592330	HE592330		HE592330.1	HE592330.1	NW_004072077.1
fr3:HE592331	HE592331		HE592331.1	HE592331.1	NW_004072078.1
fr3:HE592332	HE592332		HE592332.1	HE592332.1	NW_004072079.1
fr3:HE592333	HE592333		HE592333.1	HE592333.1	NW_004072080.1
fr3:HE592334	HE592334		HE592334.1	HE592334.1	NW_004072081.1
fr3:HE592335	HE592335		HE592335.1	HE592335.1	NW_004072082.1
fr3:HE592336	HE592336		HE592336.1	HE592336.1	NW_004072083.1
fr3:HE592337	HE592337		HE592337.1	HE592337.1	NW_004072084.1
fr3:HE592338	HE592338		HE592338.1	HE592338.1	NW_004072085.1
fr3:HE592339	HE592339		HE592339.1	HE592339.1	NW_004072086.1
fr3:HE592340	HE592340		HE592340.1	HE592340.1	NW_004072087.1
fr3:HE592341	HE592341		HE592341.1	HE592341.1	NW_004072088.1
fr3:HE592342	HE592342		HE592342.1	HE592342.1	NW_004072089.1
fr3:HE592343	HE592343		HE592343.1	HE592343.1	NW_004072090.1
fr3:HE592344	HE592344		HE592344.1	HE592344.1	NW_004072091.1
fr3:HE592345	HE592345		HE592345.1	HE592345.1	NW_004072092.1
fr3:HE592346	HE592346		HE592346.1	HE592346.1	NW_004072093.1
fr3:HE592347	HE592347		HE592347.1	HE592347.1	NW_004072094.1
fr3:HE592348	HE592348		HE592348.1	HE592348.1	NW_004072095.1
fr3:HE592349	HE592349		HE592349.1	HE592349.1	NW_004072096.1
fr3:HE592350	HE592350		HE592350.1	HE592350.1	NW_004072097.1
fr3:HE592351	HE592351		HE592351.1	HE592351.1	NW_004072098.1
fr3:HE592352	HE592352		HE592352.1	HE592352.1	NW_004072099.1
fr3:HE592353	HE592353		HE592353.1	HE592353.1	NW_004072100.1
fr3:HE592354	HE592354		HE592354.1	HE592354.1	NW_004072101.1
fr3:HE592355	HE592355		HE592355.1	HE592355.1	NW_004072102.1
fr3:HE592356	HE592356		HE592356.1	HE592356.1	NW_004072103.1
fr3:HE592357	HE592357		HE592357.1	HE592357.1	NW_004072104.1
fr3:HE592358	HE592358		HE592358.1	HE592358.1	NW_004072105.1
fr3:HE592359	HE592359		HE592359.1	HE592359.1	NW_004072106.1
fr3:HE592360	HE592360		HE592360.1	HE592360.1	NW_004072107.1
fr3:HE592361	HE592361		HE592361.1	HE592361.1	NW_004072108.1
fr3:HE592362	HE592362		HE592362.1	HE592362.1	NW_004072109.1
fr3:HE592363	HE592363		HE592363.1	HE592363.1	NW_004072110.1
fr3:HE592364	HE592364		HE592364.1	HE592364.1	NW_004072111.1
fr3:HE592365	HE592365		HE592365.1	HE592365.1	NW_004072112.1
fr3:HE592366	HE592366		HE592366.1	HE592366.1	NW_004072113.1
fr3:HE592367	HE592367		HE592367.1	HE592367.1	NW_004072114.1
fr3:HE592368	HE592368		HE592368.1	HE592368.1	NW_004072115.1
fr3:HE592369	HE592369		HE592369.1	HE592369.1	NW_004072116.1
fr3:HE592370	HE592370		HE592370.1	HE592370.1	NW_004072117.1
fr3:HE592371	HE592371		HE592371.1	HE592371.1	NW_004072118.1
fr3:HE592372	HE592372		HE592372.1	HE592372.1	NW_004072119.1
fr3:HE592373	HE592373		HE592373.1	HE592373.1	NW_004072120.1
fr3:HE592374	HE592374		HE592374.1	HE592374.1	NW_004072121.1
fr3:HE592375	HE592375		HE592375.1	HE592375.1	NW_004072122.1
fr3:HE592376	HE592376		HE592376.1	HE592376.1	NW_004072123.1
fr3:HE592377	HE592377		HE592377.1	HE592377.1	NW_004072124.1
fr3:HE592378	HE592378		HE592378.1	HE592378.1	NW_004072125.1
fr3:HE592379	HE592379		HE592379.1	HE592379.1	NW_004072126.1
fr3:HE592380	HE592380		HE592380.1	HE592380.1	NW_004072127.1
fr3:HE592381	HE592381		HE592381.1	HE592381.1	NW_004072128.1
fr3:HE592382	HE592382		HE592382.1	HE592382.1	NW_004072129.1
fr3:HE592383	HE592383		HE592383.1	HE592383.1	NW_004072130.1
fr3:HE592384	HE592384		HE592384.1	HE592384.1	NW_004072131.1
fr3:HE592385	HE592385		HE592385.1	HE592385.1	NW_004072132.1
fr3:HE592386	HE592386		HE592386.1	HE592386.1	NW_004072133.1
fr3:HE592387	HE592387		HE592387.1	HE592387.1	NW_004072134.1
fr3:HE592388	HE592388		HE592388.1	HE592388.1	NW_004072135.1
fr3:HE592389	HE592389		HE592389.1	HE592389.1	NW_004072136.1
fr3:HE592390	HE592390		HE592390.1	HE592390.1	NW_004072137.1
fr3:HE592391	HE592391		HE592391.1	HE592391.1	NW_004072138.1
fr3:HE592392	HE592392		HE592392.1	HE592392.1	NW_004072139.1
fr3:HE592393	HE592393		HE592393.1	HE592393.1	NW_004072140.1
fr3:HE592394	HE592394		HE592394.1	HE592394.1	NW_004072141.1
fr3:HE592395	HE592395		HE592395.1	HE592395.1	NW_004072142.1
fr3:HE592396	HE592396		HE592396.1	HE592396.1	NW_004072143.1
fr3:HE592397	HE592397		HE592397.1	HE592397.1	NW_004072144.1
fr3:HE592398	HE592398		HE592398.1	HE592398.1	NW_004072145.1
fr3:HE592399	HE592399		HE592399.1	HE592399.1	NW_004072146.1
fr3:HE592400	HE592400		HE592400.1	HE592400.1	NW_004072147.1
fr3:HE592401	HE592401		HE592401.1	HE592401.1	NW_004072148.1
fr3:HE592402	HE592402		HE592402.1	HE592402.1	NW_004072149.1
fr3:HE592403	HE592403		HE592403.1	HE592403.1	NW_004072150.1
fr3:HE592404	HE592404		HE592404.1	HE592404.1	NW_004072151.1
fr3:HE592405	HE592405		HE592405.1	HE592405.1	NW_004072152.1
fr3:HE592406	HE592406		HE592406.1	HE592406.1	NW_004072153.1
fr3:HE592407	HE592407		HE592407.1	HE592407.1	NW_004072154.1
fr3:HE592408	HE592408		HE592408.1	HE592408.1	NW_004072155.1
fr3:HE592409	HE592409		HE592409.1	HE592409.1	NW_004072156.1
fr3:HE592410	HE592410		HE592410.1	HE592410.1	NW_004072157.1
fr3:HE592411	HE592411		HE592411.1	HE592411.1	NW_004072158.1
fr3:HE592412	HE592412		HE592412.1	HE592412.1	NW_004072159.1
fr3:HE592413	HE592413		HE592413.1	HE592413.1	NW_004072160.1
fr3:HE592414	HE592414		HE592414.1	HE592414.1	NW_004072161.1
fr3:HE592415	HE592415		HE592415.1	HE592415.1	NW_004072162.1
fr3:HE592416	HE592416		HE592416.1	HE592416.1	NW_004072163.1
fr3:HE592417	HE592417		HE592417.1	HE592417.1	NW_004071955.1
fr3:HE592418	HE592418		HE592418.1	HE592418.1	NW_004071956.1
fr3:HE592419	HE592419		HE592419.1	HE592419.1	NW_004071957.1
fr3:HE592420	HE592420		HE592420.1	HE592420.1	NW_004071958.1
fr3:HE592421	HE592421		HE592421.1	HE592421.1	NW_004071959.1
fr3:HE592422	HE592422		HE592422.1	HE592422.1	NW_004071960.1
fr3:HE592423	HE592423		HE592423.1	HE592423.1	NW_004071961.1
fr3:HE592424	HE592424		HE592424.1	HE592424.1	NW_004071962.1
fr3:HE592425	HE592425		HE592425.1	HE592425.1	NW_004071963.1
fr3:HE592426	HE592426		HE592426.1	HE592426.1	NW_004071964.1
fr3:HE592427	HE592427		HE592427.1	HE592427.1	NW_004071965.1
fr3:HE592428	HE592428		HE592428.1	HE592428.1	NW_004071966.1
fr3:HE592429	HE592429		HE592429.1	HE592429.1	NW_004071748.1
fr3:HE592430	HE592430		HE592430.1	HE592430.1	NW_004071749.1
fr3:HE592431	HE592431		HE592431.1	HE592431.1	NW_004072164.1
fr3:HE592432	HE592432		HE592432.1	HE592432.1	NW_004072780.1
fr3:HE592433	HE592433		HE592433.1	HE592433.1	NW_004072781.1
fr3:HE592434	HE592434		HE592434.1	HE592434.1	NW_004072782.1
fr3:HE592435	HE592435		HE592435.1	HE592435.1	NW_004072783.1
fr3:HE592436	HE592436		HE592436.1	HE592436.1	NW_004072784.1
fr3:HE592437	HE592437		HE592437.1	HE592437.1	NW_004072785.1
fr3:HE592438	HE592438		HE592438.1	HE592438.1	NW_004072786.1
fr3:HE592439	HE592439		HE592439.1	HE592439.1	NW_004072787.1
fr3:HE592440	HE592440		HE592440.1	HE592440.1	NW_004072788.1
fr3:HE592441	HE592441		HE592441.1	HE592441.1	NW_004072789.1
fr3:HE592442	HE592442		HE592442.1	HE592442.1	NW_004072790.1
fr3:HE592443	HE592443		HE592443.1	HE592443.1	NW_004072791.1
fr3:HE592444	HE592444		HE592444.1	HE592444.1	NW_004072792.1
fr3:HE592445	HE592445		HE592445.1	HE592445.1	NW_004072793.1
fr3:HE592446	HE592446		HE592446.1	HE592446.1	NW_004072794.1
fr3:HE592447	HE592447		HE592447.1	HE592447.1	NW_004072795.1
fr3:HE592448	HE592448		HE592448.1	HE592448.1	NW_004072796.1
fr3:HE592449	HE592449		HE592449.1	HE592449.1	NW_004072797.1
fr3:HE592450	HE592450		HE592450.1	HE592450.1	NW_004072798.1
fr3:HE592451	HE592451		HE592451.1	HE592451.1	NW_004072799.1
fr3:HE592452	HE592452		HE592452.1	HE592452.1	NW_004072800.1
fr3:HE592453	HE592453		HE592453.1	HE592453.1	NW_004072801.1
fr3:HE592454	HE592454		HE592454.1	HE592454.1	NW_004072802.1
fr3:HE592455	HE592455		HE592455.1	HE592455.1	NW_004072803.1
fr3:HE592456	HE592456		HE592456.1	HE592456.1	NW_004072804.1
fr3:HE592457	HE592457		HE592457.1	HE592457.1	NW_004072805.1
fr3:HE592458	HE592458		HE592458.1	HE592458.1	NW_004072806.1
fr3:HE592459	HE592459		HE592459.1	HE592459.1	NW_004072807.1
fr3:HE592460	HE592460		HE592460.1	HE592460.1	NW_004072808.1
fr3:HE592461	HE592461		HE592461.1	HE592461.1	NW_004072809.1
fr3:HE592462	HE592462		HE592462.1	HE592462.1	NW_004072810.1
fr3:HE592463	HE592463		HE592463.1	HE592463.1	NW_004072811.1
fr3:HE592464	HE592464		HE592464.1	HE592464.1	NW_004072812.1
fr3:HE592465	HE592465		HE592465.1	HE592465.1	NW_004072813.1
fr3:HE592466	HE592466		HE592466.1	HE592466.1	NW_004072814.1
fr3:HE592467	HE592467		HE592467.1	HE592467.1	NW_004072815.1
fr3:HE592468	HE592468		HE592468.1	HE592468.1	NW_004072816.1
fr3:HE592469	HE592469		HE592469.1	HE592469.1	NW_004072817.1
fr3:HE592470	HE592470		HE592470.1	HE592470.1	NW_004072818.1
fr3:HE592471	HE592471		HE592471.1	HE592471.1	NW_004072819.1
fr3:HE592472	HE592472		HE592472.1	HE592472.1	NW_004072820.1
fr3:HE592473	HE592473		HE592473.1	HE592473.1	NW_004072821.1
fr3:HE592474	HE592474		HE592474.1	HE592474.1	NW_004072822.1
fr3:HE592475	HE592475		HE592475.1	HE592475.1	NW_004072823.1
fr3:HE592476	HE592476		HE592476.1	HE592476.1	NW_004072824.1
fr3:HE592477	HE592477		HE592477.1	HE592477.1	NW_004072825.1
fr3:HE592478	HE592478		HE592478.1	HE592478.1	NW_004072826.1
fr3:HE592479	HE592479		HE592479.1	HE592479.1	NW_004072827.1
fr3:HE592480	HE592480		HE592480.1	HE592480.1	NW_004072828.1
fr3:HE592481	HE592481		HE592481.1	HE592481.1	NW_004072829.1
fr3:HE592482	HE592482		HE592482.1	HE592482.1	NW_004072830.1
fr3:HE592483	HE592483		HE592483.1	HE592483.1	NW_004072831.1
fr3:HE592484	HE592484		HE592484.1	HE592484.1	NW_004072832.1
fr3:HE592485	HE592485		HE592485.1	HE592485.1	NW_004072833.1
fr3:HE592486	HE592486		HE592486.1	HE592486.1	NW_004072834.1
fr3:HE592487	HE592487		HE592487.1	HE592487.1	NW_004072835.1
fr3:HE592488	HE592488		HE592488.1	HE592488.1	NW_004072836.1
fr3:HE592489	HE592489		HE592489.1	HE592489.1	NW_004072837.1
fr3:HE592490	HE592490		HE592490.1	HE592490.1	NW_004072838.1
fr3:HE592491	HE592491		HE592491.1	HE592491.1	NW_004072839.1
fr3:HE592492	HE592492		HE592492.1	HE592492.1	NW_004072840.1
fr3:HE592493	HE592493		HE592493.1	HE592493.1	NW_004072841.1
fr3:HE592494	HE592494		HE592494.1	HE592494.1	NW_004072842.1
fr3:HE592495	HE592495		HE592495.1	HE592495.1	NW_004072843.1
fr3:HE592496	HE592496		HE592496.1	HE592496.1	NW_004072844.1
fr3:HE592497	HE592497		HE592497.1	HE592497.1	NW_004072845.1
fr3:HE592498	HE592498		HE592498.1	HE592498.1	NW_004072846.1
fr3:HE592499	HE592499		HE592499.1	HE592499.1	NW_004072847.1
fr3:HE592500	HE592500		HE592500.1	HE592500.1	NW_004072848.1
fr3:HE592501	HE592501		HE592501.1	HE592501.1	NW_004072849.1
fr3:HE592502	HE592502		HE592502.1	HE592502.1	NW_004072850.1
fr3:HE592503	HE592503		HE592503.1	HE592503.1	NW_004072851.1
fr3:HE592504	HE592504		HE592504.1	HE592504.1	NW_004072852.1
fr3:HE592505	HE592505		HE592505.1	HE592505.1	NW_004072853.1
fr3:HE592506	HE592506		HE592506.1	HE592506.1	NW_004072854.1
fr3:HE592507	HE592507		HE592507.1	HE592507.1	NW_004072855.1
fr3:HE592508	HE592508		HE592508.1	HE592508.1	NW_004072856.1
fr3:HE592509	HE592509		HE592509.1	HE592509.1	NW_004072857.1
fr3:HE592510	HE592510		HE592510.1	HE592510.1	NW_004072858.1
fr3:HE592511	HE592511		HE592511.1	HE592511.1	NW_004072859.1
fr3:HE592512	HE592512		HE592512.1	HE592512.1	NW_004072860.1
fr3:HE592513	HE592513		HE592513.1	HE592513.1	NW_004072861.1
fr3:HE592514	HE592514		HE592514.1	HE592514.1	NW_004072862.1
fr3:HE592515	HE592515		HE592515.1	HE592515.1	NW_004072863.1
fr3:HE592516	HE592516		HE592516.1	HE592516.1	NW_004072864.1
fr3:HE592517	HE592517		HE592517.1	HE592517.1	NW_004072865.1
fr3:HE592518	HE592518		HE592518.1	HE592518.1	NW_004072866.1
fr3:HE592519	HE592519		HE592519.1	HE592519.1	NW_004072867.1
fr3:HE592520	HE592520		HE592520.1	HE592520.1	NW_004072868.1
fr3:HE592521	HE592521		HE592521.1	HE592521.1	NW_004072869.1
fr3:HE592522	HE592522		HE592522.1	HE592522.1	NW_004072870.1
fr3:HE592523	HE592523		HE592523.1	HE592523.1	NW_004072871.1
fr3:HE592524	HE592524		HE592524.1	HE592524.1	NW_004072872.1
fr3:HE592525	HE592525		HE592525.1	HE592525.1	NW_004072873.1
fr3:HE592526	HE592526		HE592526.1	HE592526.1	NW_004072874.1
fr3:HE592527	HE592527		HE592527.1	HE592527.1	NW_004072875.1
fr3:HE592528	HE592528		HE592528.1	HE592528.1	NW_004072876.1
fr3:HE592529	HE592529		HE592529.1	HE592529.1	NW_004072877.1
fr3:HE592530	HE592530		HE592530.1	HE592530.1	NW_004072878.1
fr3:HE592531	HE592531		HE592531.1	HE592531.1	NW_004072879.1
fr3:HE592532	HE592532		HE592532.1	HE592532.1	NW_004072880.1
fr3:HE592533	HE592533		HE592533.1	HE592533.1	NW_004072881.1
fr3:HE592534	HE592534		HE592534.1	HE592534.1	NW_004072882.1
fr3:HE592535	HE592535		HE592535.1	HE592535.1	NW_004072883.1
fr3:HE592536	HE592536		HE592536.1	HE592536.1	NW_004072884.1
fr3:HE592537	HE592537		HE592537.1	HE592537.1	NW_004072885.1
fr3:HE592538	HE592538		HE592538.1	HE592538.1	NW_004072886.1
fr3:HE592539	HE592539		HE592539.1	HE592539.1	NW_004072887.1
fr3:HE592540	HE592540		HE592540.1	HE592540.1	NW_004072888.1
fr3:HE592541	HE592541		HE592541.1	HE592541.1	NW_004072889.1
fr3:HE592542	HE592542		HE592542.1	HE592542.1	NW_004072890.1
fr3:HE592543	HE592543		HE592543.1	HE592543.1	NW_004072891.1
fr3:HE592544	HE592544		HE592544.1	HE592544.1	NW_004072892.1
fr3:HE592545	HE592545		HE592545.1	HE592545.1	NW_004072893.1
fr3:HE592546	HE592546		HE592546.1	HE592546.1	NW_004072894.1
fr3:HE592547	HE592547		HE592547.1	HE592547.1	NW_004072895.1
fr3:HE592548	HE592548		HE592548.1	HE592548.1	NW_004072896.1
fr3:HE592549	HE592549		HE592549.1	HE592549.1	NW_004077509.1
fr3:HE592550	HE592550		HE592550.1	HE592550.1	NW_004072897.1
fr3:HE592551	HE592551		HE592551.1	HE592551.1	NW_004072898.1
fr3:HE592552	HE592552		HE592552.1	HE592552.1	NW_004072899.1
fr3:HE592553	HE592553		HE592553.1	HE592553.1	NW_004072900.1
fr3:HE592554	HE592554		HE592554.1	HE592554.1	NW_004072901.1
fr3:HE592555	HE592555		HE592555.1	HE592555.1	NW_004072902.1
fr3:HE592556	HE592556		HE592556.1	HE592556.1	NW_004072903.1
fr3:HE592557	HE592557		HE592557.1	HE592557.1	NW_004072904.1
fr3:HE592558	HE592558		HE592558.1	HE592558.1	NW_004072905.1
fr3:HE592559	HE592559		HE592559.1	HE592559.1	NW_004072906.1
fr3:HE592560	HE592560		HE592560.1	HE592560.1	NW_004072907.1
fr3:HE592561	HE592561		HE592561.1	HE592561.1	NW_004072908.1
fr3:HE592562	HE592562		HE592562.1	HE592562.1	NW_004072909.1
fr3:HE592563	HE592563		HE592563.1	HE592563.1	NW_004072910.1
fr3:HE592564	HE592564		HE592564.1	HE592564.1	NW_004072911.1
fr3:HE592565	HE592565		HE592565.1	HE592565.1	NW_004072912.1
fr3:HE592566	HE592566		HE592566.1	HE592566.1	NW_004072913.1
fr3:HE592567	HE592567		HE592567.1	HE592567.1	NW_004072914.1
fr3:HE592568	HE592568		HE592568.1	HE592568.1	NW_004072915.1
fr3:HE592569	HE592569		HE592569.1	HE592569.1	NW_004072916.1
fr3:HE592570	HE592570		HE592570.1	HE592570.1	NW_004072917.1
fr3:HE592571	HE592571		HE592571.1	HE592571.1	NW_004072918.1
fr3:HE592572	HE592572		HE592572.1	HE592572.1	NW_004072919.1
fr3:HE592573	HE592573		HE592573.1	HE592573.1	NW_004072920.1
fr3:HE592574	HE592574		HE592574.1	HE592574.1	NW_004072921.1
fr3:HE592575	HE592575		HE592575.1	HE592575.1	NW_004072922.1
fr3:HE592576	HE592576		HE592576.1	HE592576.1	NW_004072923.1
fr3:HE592577	HE592577		HE592577.1	HE592577.1	NW_004072924.1
fr3:HE592578	HE592578		HE592578.1	HE592578.1	NW_004072925.1
fr3:HE592579	HE592579		HE592579.1	HE592579.1	NW_004072926.1
fr3:HE592580	HE592580		HE592580.1	HE592580.1	NW_004072927.1
fr3:HE592581	HE592581		HE592581.1	HE592581.1	NW_004072928.1
fr3:HE592582	HE592582		HE592582.1	HE592582.1	NW_004072929.1
fr3:HE592583	HE592583		HE592583.1	HE592583.1	NW_004072930.1
fr3:HE592584	HE592584		HE592584.1	HE592584.1	NW_004072931.1
fr3:HE592585	HE592585		HE592585.1	HE592585.1	NW_004072932.1
fr3:HE592586	HE592586		HE592586.1	HE592586.1	NW_004072933.1
fr3:HE592587	HE592587		HE592587.1	HE592587.1	NW_004072934.1
fr3:HE592588	HE592588		HE592588.1	HE592588.1	NW_004072935.1
fr3:HE592589	HE592589		HE592589.1	HE592589.1	NW_004072936.1
fr3:HE592590	HE592590		HE592590.1	HE592590.1	NW_004072937.1
fr3:HE592591	HE592591		HE592591.1	HE592591.1	NW_004072938.1
fr3:HE592592	HE592592		HE592592.1	HE592592.1	NW_004072939.1
fr3:HE592593	HE592593		HE592593.1	HE592593.1	NW_004072940.1
fr3:HE592594	HE592594		HE592594.1	HE592594.1	NW_004072941.1
fr3:HE592595	HE592595		HE592595.1	HE592595.1	NW_004072942.1
fr3:HE592596	HE592596		HE592596.1	HE592596.1	NW_004072943.1
fr3:HE592597	HE592597		HE592597.1	HE592597.1	NW_004072944.1
fr3:HE592598	HE592598		HE592598.1	HE592598.1	NW_004072945.1
fr3:HE592599	HE592599		HE592599.1	HE592599.1	NW_004072946.1
fr3:HE592600	HE592600		HE592600.1	HE592600.1	NW_004072947.1
fr3:HE592601	HE592601		HE592601.1	HE592601.1	NW_004072948.1
fr3:HE592602	HE592602		HE592602.1	HE592602.1	NW_004072949.1
fr3:HE592603	HE592603		HE592603.1	HE592603.1	NW_004072950.1
fr3:HE592604	HE592604		HE592604.1	HE592604.1	NW_004072951.1
fr3:HE592605	HE592605		HE592605.1	HE592605.1	NW_004072952.1
fr3:HE592606	HE592606		HE592606.1	HE592606.1	NW_004072953.1
fr3:HE592607	HE592607		HE592607.1	HE592607.1	NW_004072954.1
fr3:HE592608	HE592608		HE592608.1	HE592608.1	NW_004072955.1
fr3:HE592609	HE592609		HE592609.1	HE592609.1	NW_004072956.1
fr3:HE592610	HE592610		HE592610.1	HE592610.1	NW_004072957.1
fr3:HE592611	HE592611		HE592611.1	HE592611.1	NW_004072958.1
fr3:HE592612	HE592612		HE592612.1	HE592612.1	NW_004072959.1
fr3:HE592613	HE592613		HE592613.1	HE592613.1	NW_004072960.1
fr3:HE592614	HE592614		HE592614.1	HE592614.1	NW_004072961.1
fr3:HE592615	HE592615		HE592615.1	HE592615.1	NW_004072962.1
fr3:HE592616	HE592616		HE592616.1	HE592616.1	NW_004072963.1
fr3:HE592617	HE592617		HE592617.1	HE592617.1	NW_004072964.1
fr3:HE592618	HE592618		HE592618.1	HE592618.1	NW_004072965.1
fr3:HE592619	HE592619		HE592619.1	HE592619.1	NW_004072966.1
fr3:HE592620	HE592620		HE592620.1	HE592620.1	NW_004072967.1
fr3:HE592621	HE592621		HE592621.1	HE592621.1	NW_004072968.1
fr3:HE592622	HE592622		HE592622.1	HE592622.1	NW_004072969.1
fr3:HE592623	HE592623		HE592623.1	HE592623.1	NW_004072970.1
fr3:HE592624	HE592624		HE592624.1	HE592624.1	NW_004072971.1
fr3:HE592625	HE592625		HE592625.1	HE592625.1	NW_004072972.1
fr3:HE592626	HE592626		HE592626.1	HE592626.1	NW_004072973.1
fr3:HE592627	HE592627		HE592627.1	HE592627.1	NW_004072974.1
fr3:HE592628	HE592628		HE592628.1	HE592628.1	NW_004072975.1
fr3:HE592629	HE592629		HE592629.1	HE592629.1	NW_004072976.1
fr3:HE592630	HE592630		HE592630.1	HE592630.1	NW_004072977.1
fr3:HE592631	HE592631		HE592631.1	HE592631.1	NW_004072978.1
fr3:HE592632	HE592632		HE592632.1	HE592632.1	NW_004072979.1
fr3:HE592633	HE592633		HE592633.1	HE592633.1	NW_004072980.1
fr3:HE592634	HE592634		HE592634.1	HE592634.1	NW_004072981.1
fr3:HE592635	HE592635		HE592635.1	HE592635.1	NW_004072982.1
fr3:HE592636	HE592636		HE592636.1	HE592636.1	NW_004072983.1
fr3:HE592637	HE592637		HE592637.1	HE592637.1	NW_004072984.1
fr3:HE592638	HE592638		HE592638.1	HE592638.1	NW_004072985.1
fr3:HE592639	HE592639		HE592639.1	HE592639.1	NW_004072986.1
fr3:HE592640	HE592640		HE592640.1	HE592640.1	NW_004072987.1
fr3:HE592641	HE592641		HE592641.1	HE592641.1	NW_004072988.1
fr3:HE592642	HE592642		HE592642.1	HE592642.1	NW_004072989.1
fr3:HE592643	HE592643		HE592643.1	HE592643.1	NW_004072990.1
fr3:HE592644	HE592644		HE592644.1	HE592644.1	NW_004072991.1
fr3:HE592645	HE592645		HE592645.1	HE592645.1	NW_004072992.1
fr3:HE592646	HE592646		HE592646.1	HE592646.1	NW_004072993.1
fr3:HE592647	HE592647		HE592647.1	HE592647.1	NW_004072994.1
fr3:HE592648	HE592648		HE592648.1	HE592648.1	NW_004072995.1
fr3:HE592649	HE592649		HE592649.1	HE592649.1	NW_004072578.1
fr3:HE592650	HE592650		HE592650.1	HE592650.1	NW_004072579.1
fr3:HE592651	HE592651		HE592651.1	HE592651.1	NW_004072580.1
fr3:HE592652	HE592652		HE592652.1	HE592652.1	NW_004073764.1
fr3:HE592653	HE592653		HE592653.1	HE592653.1	NW_004073895.1
fr3:HE592654	HE592654		HE592654.1	HE592654.1	NW_004073896.1
fr3:HE592655	HE592655		HE592655.1	HE592655.1	NW_004073897.1
fr3:HE592656	HE592656		HE592656.1	HE592656.1	NW_004073898.1
fr3:HE592657	HE592657		HE592657.1	HE592657.1	NW_004073899.1
fr3:HE592658	HE592658		HE592658.1	HE592658.1	NW_004073900.1
fr3:HE592659	HE592659		HE592659.1	HE592659.1	NW_004073901.1
fr3:HE592660	HE592660		HE592660.1	HE592660.1	NW_004073902.1
fr3:HE592661	HE592661		HE592661.1	HE592661.1	NW_004073903.1
fr3:HE592662	HE592662		HE592662.1	HE592662.1	NW_004073904.1
fr3:HE592663	HE592663		HE592663.1	HE592663.1	NW_004073905.1
fr3:HE592664	HE592664		HE592664.1	HE592664.1	NW_004073906.1
fr3:HE592665	HE592665		HE592665.1	HE592665.1	NW_004073907.1
fr3:HE592666	HE592666		HE592666.1	HE592666.1	NW_004073908.1
fr3:HE592667	HE592667		HE592667.1	HE592667.1	NW_004073909.1
fr3:HE592668	HE592668		HE592668.1	HE592668.1	NW_004073910.1
fr3:HE592669	HE592669		HE592669.1	HE592669.1	NW_004073911.1
fr3:HE592670	HE592670		HE592670.1	HE592670.1	NW_004073912.1
fr3:HE592671	HE592671		HE592671.1	HE592671.1	NW_004073913.1
fr3:HE592672	HE592672		HE592672.1	HE592672.1	NW_004073914.1
fr3:HE592673	HE592673		HE592673.1	HE592673.1	NW_004073915.1
fr3:HE592674	HE592674		HE592674.1	HE592674.1	NW_004073916.1
fr3:HE592675	HE592675		HE592675.1	HE592675.1	NW_004073917.1
fr3:HE592676	HE592676		HE592676.1	HE592676.1	NW_004073918.1
fr3:HE592677	HE592677		HE592677.1	HE592677.1	NW_004073919.1
fr3:HE592678	HE592678		HE592678.1	HE592678.1	NW_004073920.1
fr3:HE592679	HE592679		HE592679.1	HE592679.1	NW_004073921.1
fr3:HE592680	HE592680		HE592680.1	HE592680.1	NW_004073922.1
fr3:HE592681	HE592681		HE592681.1	HE592681.1	NW_004073923.1
fr3:HE592682	HE592682		HE592682.1	HE592682.1	NW_004073924.1
fr3:HE592683	HE592683		HE592683.1	HE592683.1	NW_004073925.1
fr3:HE592684	HE592684		HE592684.1	HE592684.1	NW_004073926.1
fr3:HE592685	HE592685		HE592685.1	HE592685.1	NW_004073927.1
fr3:HE592686	HE592686		HE592686.1	HE592686.1	NW_004073928.1
fr3:HE592687	HE592687		HE592687.1	HE592687.1	NW_004073929.1
fr3:HE592688	HE592688		HE592688.1	HE592688.1	NW_004073930.1
fr3:HE592689	HE592689		HE592689.1	HE592689.1	NW_004073931.1
fr3:HE592690	HE592690		HE592690.1	HE592690.1	NW_004073932.1
fr3:HE592691	HE592691		HE592691.1	HE592691.1	NW_004073933.1
fr3:HE592692	HE592692		HE592692.1	HE592692.1	NW_004073934.1
fr3:HE592693	HE592693		HE592693.1	HE592693.1	NW_004073935.1
fr3:HE592694	HE592694		HE592694.1	HE592694.1	NW_004073936.1
fr3:HE592695	HE592695		HE592695.1	HE592695.1	NW_004073937.1
fr3:HE592696	HE592696		HE592696.1	HE592696.1	NW_004073938.1
fr3:HE592697	HE592697		HE592697.1	HE592697.1	NW_004073939.1
fr3:HE592698	HE592698		HE592698.1	HE592698.1	NW_004073940.1
fr3:HE592699	HE592699		HE592699.1	HE592699.1	NW_004073941.1
fr3:HE592700	HE592700		HE592700.1	HE592700.1	NW_004073942.1
fr3:HE592701	HE592701		HE592701.1	HE592701.1	NW_004073943.1
fr3:HE592702	HE592702		HE592702.1	HE592702.1	NW_004073944.1
fr3:HE592703	HE592703		HE592703.1	HE592703.1	NW_004073945.1
fr3:HE592704	HE592704		HE592704.1	HE592704.1	NW_004073946.1
fr3:HE592705	HE592705		HE592705.1	HE592705.1	NW_004073947.1
fr3:HE592706	HE592706		HE592706.1	HE592706.1	NW_004073948.1
fr3:HE592707	HE592707		HE592707.1	HE592707.1	NW_004073949.1
fr3:HE592708	HE592708		HE592708.1	HE592708.1	NW_004073950.1
fr3:HE592709	HE592709		HE592709.1	HE592709.1	NW_004073951.1
fr3:HE592710	HE592710		HE592710.1	HE592710.1	NW_004073952.1
fr3:HE592711	HE592711		HE592711.1	HE592711.1	NW_004073953.1
fr3:HE592712	HE592712		HE592712.1	HE592712.1	NW_004073954.1
fr3:HE592713	HE592713		HE592713.1	HE592713.1	NW_004073955.1
fr3:HE592714	HE592714		HE592714.1	HE592714.1	NW_004073956.1
fr3:HE592715	HE592715		HE592715.1	HE592715.1	NW_004073957.1
fr3:HE592716	HE592716		HE592716.1	HE592716.1	NW_004073958.1
fr3:HE592717	HE592717		HE592717.1	HE592717.1	NW_004073959.1
fr3:HE592718	HE592718		HE592718.1	HE592718.1	NW_004073960.1
fr3:HE592719	HE592719		HE592719.1	HE592719.1	NW_004073961.1
fr3:HE592720	HE592720		HE592720.1	HE592720.1	NW_004073962.1
fr3:HE592721	HE592721		HE592721.1	HE592721.1	NW_004073963.1
fr3:HE592722	HE592722		HE592722.1	HE592722.1	NW_004073964.1
fr3:HE592723	HE592723		HE592723.1	HE592723.1	NW_004073965.1
fr3:HE592724	HE592724		HE592724.1	HE592724.1	NW_004073966.1
fr3:HE592725	HE592725		HE592725.1	HE592725.1	NW_004073967.1
fr3:HE592726	HE592726		HE592726.1	HE592726.1	NW_004073968.1
fr3:HE592727	HE592727		HE592727.1	HE592727.1	NW_004073969.1
fr3:HE592728	HE592728		HE592728.1	HE592728.1	NW_004073970.1
fr3:HE592729	HE592729		HE592729.1	HE592729.1	NW_004073971.1
fr3:HE592730	HE592730		HE592730.1	HE592730.1	NW_004073972.1
fr3:HE592731	HE592731		HE592731.1	HE592731.1	NW_004073973.1
fr3:HE592732	HE592732		HE592732.1	HE592732.1	NW_004073974.1
fr3:HE592733	HE592733		HE592733.1	HE592733.1	NW_004073975.1
fr3:HE592734	HE592734		HE592734.1	HE592734.1	NW_004073976.1
fr3:HE592735	HE592735		HE592735.1	HE592735.1	NW_004073977.1
fr3:HE592736	HE592736		HE592736.1	HE592736.1	NW_004073978.1
fr3:HE592737	HE592737		HE592737.1	HE592737.1	NW_004073979.1
fr3:HE592738	HE592738		HE592738.1	HE592738.1	NW_004073980.1
fr3:HE592739	HE592739		HE592739.1	HE592739.1	NW_004073981.1
fr3:HE592740	HE592740		HE592740.1	HE592740.1	NW_004073982.1
fr3:HE592741	HE592741		HE592741.1	HE592741.1	NW_004073983.1
fr3:HE592742	HE592742		HE592742.1	HE592742.1	NW_004073984.1
fr3:HE592743	HE592743		HE592743.1	HE592743.1	NW_004073985.1
fr3:HE592744	HE592744		HE592744.1	HE592744.1	NW_004073986.1
fr3:HE592745	HE592745		HE592745.1	HE592745.1	NW_004073987.1
fr3:HE592746	HE592746		HE592746.1	HE592746.1	NW_004073988.1
fr3:HE592747	HE592747		HE592747.1	HE592747.1	NW_004073989.1
fr3:HE592748	HE592748		HE592748.1	HE592748.1	NW_004073990.1
fr3:HE592749	HE592749		HE592749.1	HE592749.1	NW_004073991.1
fr3:HE592750	HE592750		HE592750.1	HE592750.1	NW_004073992.1
fr3:HE592751	HE592751		HE592751.1	HE592751.1	NW_004073993.1
fr3:HE592752	HE592752		HE592752.1	HE592752.1	NW_004073994.1
fr3:HE592753	HE592753		HE592753.1	HE592753.1	NW_004073995.1
fr3:HE592754	HE592754		HE592754.1	HE592754.1	NW_004073996.1
fr3:HE592755	HE592755		HE592755.1	HE592755.1	NW_004073997.1
fr3:HE592756	HE592756		HE592756.1	HE592756.1	NW_004073998.1
fr3:HE592757	HE592757		HE592757.1	HE592757.1	NW_004073999.1
fr3:HE592758	HE592758		HE592758.1	HE592758.1	NW_004074000.1
fr3:HE592759	HE592759		HE592759.1	HE592759.1	NW_004074001.1
fr3:HE592760	HE592760		HE592760.1	HE592760.1	NW_004074002.1
fr3:HE592761	HE592761		HE592761.1	HE592761.1	NW_004074003.1
fr3:HE592762	HE592762		HE592762.1	HE592762.1	NW_004074004.1
fr3:HE592763	HE592763		HE592763.1	HE592763.1	NW_004074005.1
fr3:HE592764	HE592764		HE592764.1	HE592764.1	NW_004074006.1
fr3:HE592765	HE592765		HE592765.1	HE592765.1	NW_004074007.1
fr3:HE592766	HE592766		HE592766.1	HE592766.1	NW_004074008.1
fr3:HE592767	HE592767		HE592767.1	HE592767.1	NW_004074009.1
fr3:HE592768	HE592768		HE592768.1	HE592768.1	NW_004074010.1
fr3:HE592769	HE592769		HE592769.1	HE592769.1	NW_004074011.1
fr3:HE592770	HE592770		HE592770.1	HE592770.1	NW_004074012.1
fr3:HE592771	HE592771		HE592771.1	HE592771.1	NW_004074013.1
fr3:HE592772	HE592772		HE592772.1	HE592772.1	NW_004074014.1
fr3:HE592773	HE592773		HE592773.1	HE592773.1	NW_004074015.1
fr3:HE592774	HE592774		HE592774.1	HE592774.1	NW_004074016.1
fr3:HE592775	HE592775		HE592775.1	HE592775.1	NW_004074017.1
fr3:HE592776	HE592776		HE592776.1	HE592776.1	NW_004074018.1
fr3:HE592777	HE592777		HE592777.1	HE592777.1	NW_004074019.1
fr3:HE592778	HE592778		HE592778.1	HE592778.1	NW_004074020.1
fr3:HE592779	HE592779		HE592779.1	HE592779.1	NW_004074021.1
fr3:HE592780	HE592780		HE592780.1	HE592780.1	NW_004074022.1
fr3:HE592781	HE592781		HE592781.1	HE592781.1	NW_004074023.1
fr3:HE592782	HE592782		HE592782.1	HE592782.1	NW_004074024.1
fr3:HE592783	HE592783		HE592783.1	HE592783.1	NW_004074025.1
fr3:HE592784	HE592784		HE592784.1	HE592784.1	NW_004074026.1
fr3:HE592785	HE592785		HE592785.1	HE592785.1	NW_004074027.1
fr3:HE592786	HE592786		HE592786.1	HE592786.1	NW_004074028.1
fr3:HE592787	HE592787		HE592787.1	HE592787.1	NW_004074029.1
fr3:HE592788	HE592788		HE592788.1	HE592788.1	NW_004074030.1
fr3:HE592789	HE592789		HE592789.1	HE592789.1	NW_004074031.1
fr3:HE592790	HE592790		HE592790.1	HE592790.1	NW_004074032.1
fr3:HE592791	HE592791		HE592791.1	HE592791.1	NW_004074033.1
fr3:HE592792	HE592792		HE592792.1	HE592792.1	NW_004074034.1
fr3:HE592793	HE592793		HE592793.1	HE592793.1	NW_004074035.1
fr3:HE592794	HE592794		HE592794.1	HE592794.1	NW_004074036.1
fr3:HE592795	HE592795		HE592795.1	HE592795.1	NW_004074037.1
fr3:HE592796	HE592796		HE592796.1	HE592796.1	NW_004074038.1
fr3:HE592797	HE592797		HE592797.1	HE592797.1	NW_004074039.1
fr3:HE592798	HE592798		HE592798.1	HE592798.1	NW_004074040.1
fr3:HE592799	HE592799		HE592799.1	HE592799.1	NW_004074041.1
fr3:HE592800	HE592800		HE592800.1	HE592800.1	NW_004074042.1
fr3:HE592801	HE592801		HE592801.1	HE592801.1	NW_004074043.1
fr3:HE592802	HE592802		HE592802.1	HE592802.1	NW_004074044.1
fr3:HE592803	HE592803		HE592803.1	HE592803.1	NW_004074045.1
fr3:HE592804	HE592804		HE592804.1	HE592804.1	NW_004074046.1
fr3:HE592805	HE592805		HE592805.1	HE592805.1	NW_004074047.1
fr3:HE592806	HE592806		HE592806.1	HE592806.1	NW_004074048.1
fr3:HE592807	HE592807		HE592807.1	HE592807.1	NW_004074049.1
fr3:HE592808	HE592808		HE592808.1	HE592808.1	NW_004074050.1
fr3:HE592809	HE592809		HE592809.1	HE592809.1	NW_004074051.1
fr3:HE592810	HE592810		HE592810.1	HE592810.1	NW_004074052.1
fr3:HE592811	HE592811		HE592811.1	HE592811.1	NW_004074053.1
fr3:HE592812	HE592812		HE592812.1	HE592812.1	NW_004074054.1
fr3:HE592813	HE592813		HE592813.1	HE592813.1	NW_004074055.1
fr3:HE592814	HE592814		HE592814.1	HE592814.1	NW_004074056.1
fr3:HE592815	HE592815		HE592815.1	HE592815.1	NW_004074057.1
fr3:HE592816	HE592816		HE592816.1	HE592816.1	NW_004074058.1
fr3:HE592817	HE592817		HE592817.1	HE592817.1	NW_004074059.1
fr3:HE592818	HE592818		HE592818.1	HE592818.1	NW_004074060.1
fr3:HE592819	HE592819		HE592819.1	HE592819.1	NW_004074061.1
fr3:HE592820	HE592820		HE592820.1	HE592820.1	NW_004074062.1
fr3:HE592821	HE592821		HE592821.1	HE592821.1	NW_004074063.1
fr3:HE592822	HE592822		HE592822.1	HE592822.1	NW_004074064.1
fr3:HE592823	HE592823		HE592823.1	HE592823.1	NW_004074065.1
fr3:HE592824	HE592824		HE592824.1	HE592824.1	NW_004074066.1
fr3:HE592825	HE592825		HE592825.1	HE592825.1	NW_004074067.1
fr3:HE592826	HE592826		HE592826.1	HE592826.1	NW_004074068.1
fr3:HE592827	HE592827		HE592827.1	HE592827.1	NW_004074069.1
fr3:HE592828	HE592828		HE592828.1	HE592828.1	NW_004074070.1
fr3:HE592829	HE592829		HE592829.1	HE592829.1	NW_004074071.1
fr3:HE592830	HE592830		HE592830.1	HE592830.1	NW_004074072.1
fr3:HE592831	HE592831		HE592831.1	HE592831.1	NW_004074073.1
fr3:HE592832	HE592832		HE592832.1	HE592832.1	NW_004074074.1
fr3:HE592833	HE592833		HE592833.1	HE592833.1	NW_004074075.1
fr3:HE592834	HE592834		HE592834.1	HE592834.1	NW_004074076.1
fr3:HE592835	HE592835		HE592835.1	HE592835.1	NW_004074077.1
fr3:HE592836	HE592836		HE592836.1	HE592836.1	NW_004074078.1
fr3:HE592837	HE592837		HE592837.1	HE592837.1	NW_004074079.1
fr3:HE592838	HE592838		HE592838.1	HE592838.1	NW_004074080.1
fr3:HE592839	HE592839		HE592839.1	HE592839.1	NW_004074081.1
fr3:HE592840	HE592840		HE592840.1	HE592840.1	NW_004074082.1
fr3:HE592841	HE592841		HE592841.1	HE592841.1	NW_004074083.1
fr3:HE592842	HE592842		HE592842.1	HE592842.1	NW_004074084.1
fr3:HE592843	HE592843		HE592843.1	HE592843.1	NW_004074085.1
fr3:HE592844	HE592844		HE592844.1	HE592844.1	NW_004074086.1
fr3:HE592845	HE592845		HE592845.1	HE592845.1	NW_004074087.1
fr3:HE592846	HE592846		HE592846.1	HE592846.1	NW_004074088.1
fr3:HE592847	HE592847		HE592847.1	HE592847.1	NW_004074089.1
fr3:HE592848	HE592848		HE592848.1	HE592848.1	NW_004074090.1
fr3:HE592849	HE592849		HE592849.1	HE592849.1	NW_004074091.1
fr3:HE592850	HE592850		HE592850.1	HE592850.1	NW_004074092.1
fr3:HE592851	HE592851		HE592851.1	HE592851.1	NW_004073766.1
fr3:HE592852	HE592852		HE592852.1	HE592852.1	NW_004073767.1
fr3:HE592853	HE592853		HE592853.1	HE592853.1	NW_004074093.1
fr3:HE592854	HE592854		HE592854.1	HE592854.1	NW_004074094.1
fr3:HE592855	HE592855		HE592855.1	HE592855.1	NW_004074095.1
fr3:HE592856	HE592856		HE592856.1	HE592856.1	NW_004074096.1
fr3:HE592857	HE592857		HE592857.1	HE592857.1	NW_004074097.1
fr3:HE592858	HE592858		HE592858.1	HE592858.1	NW_004074098.1
fr3:HE592859	HE592859		HE592859.1	HE592859.1	NW_004074099.1
fr3:HE592860	HE592860		HE592860.1	HE592860.1	NW_004074100.1
fr3:HE592861	HE592861		HE592861.1	HE592861.1	NW_004074101.1
fr3:HE592862	HE592862		HE592862.1	HE592862.1	NW_004074102.1
fr3:HE592863	HE592863		HE592863.1	HE592863.1	NW_004074103.1
fr3:HE592864	HE592864		HE592864.1	HE592864.1	NW_004074104.1
fr3:HE592865	HE592865		HE592865.1	HE592865.1	NW_004074105.1
fr3:HE592866	HE592866		HE592866.1	HE592866.1	NW_004074106.1
fr3:HE592867	HE592867		HE592867.1	HE592867.1	NW_004074107.1
fr3:HE592868	HE592868		HE592868.1	HE592868.1	NW_004074108.1
fr3:HE592869	HE592869		HE592869.1	HE592869.1	NW_004074109.1
fr3:HE592870	HE592870		HE592870.1	HE592870.1	NW_004074110.1
fr3:HE592871	HE592871		HE592871.1	HE592871.1	NW_004074111.1
fr3:HE592872	HE592872		HE592872.1	HE592872.1	NW_004074112.1
fr3:HE592873	HE592873		HE592873.1	HE592873.1	NW_004074113.1
fr3:HE592874	HE592874		HE592874.1	HE592874.1	NW_004074114.1
fr3:HE592875	HE592875		HE592875.1	HE592875.1	NW_004074115.1
fr3:HE592876	HE592876		HE592876.1	HE592876.1	NW_004074116.1
fr3:HE592877	HE592877		HE592877.1	HE592877.1	NW_004074117.1
fr3:HE592878	HE592878		HE592878.1	HE592878.1	NW_004074118.1
fr3:HE592879	HE592879		HE592879.1	HE592879.1	NW_004074119.1
fr3:HE592880	HE592880		HE592880.1	HE592880.1	NW_004074120.1
fr3:HE592881	HE592881		HE592881.1	HE592881.1	NW_004074121.1
fr3:HE592882	HE592882		HE592882.1	HE592882.1	NW_004074122.1
fr3:HE592883	HE592883		HE592883.1	HE592883.1	NW_004074123.1
fr3:HE592884	HE592884		HE592884.1	HE592884.1	NW_004074124.1
fr3:HE592885	HE592885		HE592885.1	HE592885.1	NW_004074125.1
fr3:HE592886	HE592886		HE592886.1	HE592886.1	NW_004074126.1
fr3:HE592887	HE592887		HE592887.1	HE592887.1	NW_004074127.1
fr3:HE592888	HE592888		HE592888.1	HE592888.1	NW_004074128.1
fr3:HE592889	HE592889		HE592889.1	HE592889.1	NW_004074129.1
fr3:HE592890	HE592890		HE592890.1	HE592890.1	NW_004074130.1
fr3:HE592891	HE592891		HE592891.1	HE592891.1	NW_004074131.1
fr3:HE592892	HE592892		HE592892.1	HE592892.1	NW_004074132.1
fr3:HE592893	HE592893		HE592893.1	HE592893.1	NW_004074133.1
fr3:HE592894	HE592894		HE592894.1	HE592894.1	NW_004074134.1
fr3:HE592895	HE592895		HE592895.1	HE592895.1	NW_004074135.1
fr3:HE592896	HE592896		HE592896.1	HE592896.1	NW_004074136.1
fr3:HE592897	HE592897		HE592897.1	HE592897.1	NW_004074137.1
fr3:HE592898	HE592898		HE592898.1	HE592898.1	NW_004074138.1
fr3:HE592899	HE592899		HE592899.1	HE592899.1	NW_004074139.1
fr3:HE592900	HE592900		HE592900.1	HE592900.1	NW_004074140.1
fr3:HE592901	HE592901		HE592901.1	HE592901.1	NW_004074141.1
fr3:HE592902	HE592902		HE592902.1	HE592902.1	NW_004074142.1
fr3:HE592903	HE592903		HE592903.1	HE592903.1	NW_004074143.1
fr3:HE592904	HE592904		HE592904.1	HE592904.1	NW_004074144.1
fr3:HE592905	HE592905		HE592905.1	HE592905.1	NW_004074145.1
fr3:HE592906	HE592906		HE592906.1	HE592906.1	NW_004074146.1
fr3:HE592907	HE592907		HE592907.1	HE592907.1	NW_004074147.1
fr3:HE592908	HE592908		HE592908.1	HE592908.1	NW_004074148.1
fr3:HE592909	HE592909		HE592909.1	HE592909.1	NW_004074149.1
fr3:HE592910	HE592910		HE592910.1	HE592910.1	NW_004074150.1
fr3:HE592911	HE592911		HE592911.1	HE592911.1	NW_004074151.1
fr3:HE592912	HE592912		HE592912.1	HE592912.1	NW_004074152.1
fr3:HE592913	HE592913		HE592913.1	HE592913.1	NW_004074153.1
fr3:HE592914	HE592914		HE592914.1	HE592914.1	NW_004074154.1
fr3:HE592915	HE592915		HE592915.1	HE592915.1	NW_004074155.1
fr3:HE592916	HE592916		HE592916.1	HE592916.1	NW_004074156.1
fr3:HE592917	HE592917		HE592917.1	HE592917.1	NW_004074157.1
fr3:HE592918	HE592918		HE592918.1	HE592918.1	NW_004074158.1
fr3:HE592919	HE592919		HE592919.1	HE592919.1	NW_004074159.1
fr3:HE592920	HE592920		HE592920.1	HE592920.1	NW_004074160.1
fr3:HE592921	HE592921		HE592921.1	HE592921.1	NW_004074161.1
fr3:HE592922	HE592922		HE592922.1	HE592922.1	NW_004074162.1
fr3:HE592923	HE592923		HE592923.1	HE592923.1	NW_004074163.1
fr3:HE592924	HE592924		HE592924.1	HE592924.1	NW_004074164.1
fr3:HE592925	HE592925		HE592925.1	HE592925.1	NW_004074165.1
fr3:HE592926	HE592926		HE592926.1	HE592926.1	NW_004074166.1
fr3:HE592927	HE592927		HE592927.1	HE592927.1	NW_004074167.1
fr3:HE592928	HE592928		HE592928.1	HE592928.1	NW_004074168.1
fr3:HE592929	HE592929		HE592929.1	HE592929.1	NW_004074169.1
fr3:HE592930	HE592930		HE592930.1	HE592930.1	NW_004074170.1
fr3:HE592931	HE592931		HE592931.1	HE592931.1	NW_004074171.1
fr3:HE592932	HE592932		HE592932.1	HE592932.1	NW_004074172.1
fr3:HE592933	HE592933		HE592933.1	HE592933.1	NW_004074173.1
fr3:HE592934	HE592934		HE592934.1	HE592934.1	NW_004074174.1
fr3:HE592935	HE592935		HE592935.1	HE592935.1	NW_004074175.1
fr3:HE592936	HE592936		HE592936.1	HE592936.1	NW_004074176.1
fr3:HE592937	HE592937		HE592937.1	HE592937.1	NW_004074177.1
fr3:HE592938	HE592938		HE592938.1	HE592938.1	NW_004074178.1
fr3:HE592939	HE592939		HE592939.1	HE592939.1	NW_004074179.1
fr3:HE592940	HE592940		HE592940.1	HE592940.1	NW_004074180.1
fr3:HE592941	HE592941		HE592941.1	HE592941.1	NW_004074181.1
fr3:HE592942	HE592942		HE592942.1	HE592942.1	NW_004074182.1
fr3:HE592943	HE592943		HE592943.1	HE592943.1	NW_004074183.1
fr3:HE592944	HE592944		HE592944.1	HE592944.1	NW_004074184.1
fr3:HE592945	HE592945		HE592945.1	HE592945.1	NW_004074185.1
fr3:HE592946	HE592946		HE592946.1	HE592946.1	NW_004074186.1
fr3:HE592947	HE592947		HE592947.1	HE592947.1	NW_004074187.1
fr3:HE592948	HE592948		HE592948.1	HE592948.1	NW_004074188.1
fr3:HE592949	HE592949		HE592949.1	HE592949.1	NW_004074189.1
fr3:HE592950	HE592950		HE592950.1	HE592950.1	NW_004074190.1
fr3:HE592951	HE592951		HE592951.1	HE592951.1	NW_004074191.1
fr3:HE592952	HE592952		HE592952.1	HE592952.1	NW_004074192.1
fr3:HE592953	HE592953		HE592953.1	HE592953.1	NW_004074193.1
fr3:HE592954	HE592954		HE592954.1	HE592954.1	NW_004074194.1
fr3:HE592955	HE592955		HE592955.1	HE592955.1	NW_004074195.1
fr3:HE592956	HE592956		HE592956.1	HE592956.1	NW_004074196.1
fr3:HE592957	HE592957		HE592957.1	HE592957.1	NW_004074197.1
fr3:HE592958	HE592958		HE592958.1	HE592958.1	NW_004074198.1
fr3:HE592959	HE592959		HE592959.1	HE592959.1	NW_004074199.1
fr3:HE592960	HE592960		HE592960.1	HE592960.1	NW_004074200.1
fr3:HE592961	HE592961		HE592961.1	HE592961.1	NW_004074201.1
fr3:HE592962	HE592962		HE592962.1	HE592962.1	NW_004074202.1
fr3:HE592963	HE592963		HE592963.1	HE592963.1	NW_004074203.1
fr3:HE592964	HE592964		HE592964.1	HE592964.1	NW_004074204.1
fr3:HE592965	HE592965		HE592965.1	HE592965.1	NW_004074205.1
fr3:HE592966	HE592966		HE592966.1	HE592966.1	NW_004074206.1
fr3:HE592967	HE592967		HE592967.1	HE592967.1	NW_004074207.1
fr3:HE592968	HE592968		HE592968.1	HE592968.1	NW_004074208.1
fr3:HE592969	HE592969		HE592969.1	HE592969.1	NW_004074209.1
fr3:HE592970	HE592970		HE592970.1	HE592970.1	NW_004074210.1
fr3:HE592971	HE592971		HE592971.1	HE592971.1	NW_004074211.1
fr3:HE592972	HE592972		HE592972.1	HE592972.1	NW_004074212.1
fr3:HE592973	HE592973		HE592973.1	HE592973.1	NW_004074213.1
fr3:HE592974	HE592974		HE592974.1	HE592974.1	NW_004074214.1
fr3:HE592975	HE592975		HE592975.1	HE592975.1	NW_004074215.1
fr3:HE592976	HE592976		HE592976.1	HE592976.1	NW_004074216.1
fr3:HE592977	HE592977		HE592977.1	HE592977.1	NW_004074217.1
fr3:HE592978	HE592978		HE592978.1	HE592978.1	NW_004074218.1
fr3:HE592979	HE592979		HE592979.1	HE592979.1	NW_004074219.1
fr3:HE592980	HE592980		HE592980.1	HE592980.1	NW_004074220.1
fr3:HE592981	HE592981		HE592981.1	HE592981.1	NW_004074221.1
fr3:HE592982	HE592982		HE592982.1	HE592982.1	NW_004074222.1
fr3:HE592983	HE592983		HE592983.1	HE592983.1	NW_004074223.1
fr3:HE592984	HE592984		HE592984.1	HE592984.1	NW_004074224.1
fr3:HE592985	HE592985		HE592985.1	HE592985.1	NW_004074225.1
fr3:HE592986	HE592986		HE592986.1	HE592986.1	NW_004074226.1
fr3:HE592987	HE592987		HE592987.1	HE592987.1	NW_004074227.1
fr3:HE592988	HE592988		HE592988.1	HE592988.1	NW_004074228.1
fr3:HE592989	HE592989		HE592989.1	HE592989.1	NW_004074229.1
fr3:HE592990	HE592990		HE592990.1	HE592990.1	NW_004074230.1
fr3:HE592991	HE592991		HE592991.1	HE592991.1	NW_004074231.1
fr3:HE592992	HE592992		HE592992.1	HE592992.1	NW_004074232.1
fr3:HE592993	HE592993		HE592993.1	HE592993.1	NW_004074233.1
fr3:HE592994	HE592994		HE592994.1	HE592994.1	NW_004074234.1
fr3:HE592995	HE592995		HE592995.1	HE592995.1	NW_004074235.1
fr3:HE592996	HE592996		HE592996.1	HE592996.1	NW_004074236.1
fr3:HE592997	HE592997		HE592997.1	HE592997.1	NW_004074237.1
fr3:HE592998	HE592998		HE592998.1	HE592998.1	NW_004074238.1
fr3:HE592999	HE592999		HE592999.1	HE592999.1	NW_004074239.1
fr3:HE593000	HE593000		HE593000.1	HE593000.1	NW_004074240.1
fr3:HE593001	HE593001		HE593001.1	HE593001.1	NW_004074241.1
fr3:HE593002	HE593002		HE593002.1	HE593002.1	NW_004074242.1
fr3:HE593003	HE593003		HE593003.1	HE593003.1	NW_004074243.1
fr3:HE593004	HE593004		HE593004.1	HE593004.1	NW_004074244.1
fr3:HE593005	HE593005		HE593005.1	HE593005.1	NW_004074245.1
fr3:HE593006	HE593006		HE593006.1	HE593006.1	NW_004074246.1
fr3:HE593007	HE593007		HE593007.1	HE593007.1	NW_004074247.1
fr3:HE593008	HE593008		HE593008.1	HE593008.1	NW_004074248.1
fr3:HE593009	HE593009		HE593009.1	HE593009.1	NW_004074249.1
fr3:HE593010	HE593010		HE593010.1	HE593010.1	NW_004074250.1
fr3:HE593011	HE593011		HE593011.1	HE593011.1	NW_004074251.1
fr3:HE593012	HE593012		HE593012.1	HE593012.1	NW_004074252.1
fr3:HE593013	HE593013		HE593013.1	HE593013.1	NW_004074253.1
fr3:HE593014	HE593014		HE593014.1	HE593014.1	NW_004074254.1
fr3:HE593015	HE593015		HE593015.1	HE593015.1	NW_004074255.1
fr3:HE593016	HE593016		HE593016.1	HE593016.1	NW_004074256.1
fr3:HE593017	HE593017		HE593017.1	HE593017.1	NW_004074257.1
fr3:HE593018	HE593018		HE593018.1	HE593018.1	NW_004074258.1
fr3:HE593019	HE593019		HE593019.1	HE593019.1	NW_004074259.1
fr3:HE593020	HE593020		HE593020.1	HE593020.1	NW_004074260.1
fr3:HE593021	HE593021		HE593021.1	HE593021.1	NW_004074261.1
fr3:HE593022	HE593022		HE593022.1	HE593022.1	NW_004074262.1
fr3:HE593023	HE593023		HE593023.1	HE593023.1	NW_004074263.1
fr3:HE593024	HE593024		HE593024.1	HE593024.1	NW_004074264.1
fr3:HE593025	HE593025		HE593025.1	HE593025.1	NW_004074265.1
fr3:HE593026	HE593026		HE593026.1	HE593026.1	NW_004074266.1
fr3:HE593027	HE593027		HE593027.1	HE593027.1	NW_004074267.1
fr3:HE593028	HE593028		HE593028.1	HE593028.1	NW_004074268.1
fr3:HE593029	HE593029		HE593029.1	HE593029.1	NW_004074269.1
fr3:HE593030	HE593030		HE593030.1	HE593030.1	NW_004074270.1
fr3:HE593031	HE593031		HE593031.1	HE593031.1	NW_004074271.1
fr3:HE593032	HE593032		HE593032.1	HE593032.1	NW_004074272.1
fr3:HE593033	HE593033		HE593033.1	HE593033.1	NW_004074273.1
fr3:HE593034	HE593034		HE593034.1	HE593034.1	NW_004074274.1
fr3:HE593035	HE593035		HE593035.1	HE593035.1	NW_004074275.1
fr3:HE593036	HE593036		HE593036.1	HE593036.1	NW_004074276.1
fr3:HE593037	HE593037		HE593037.1	HE593037.1	NW_004074277.1
fr3:HE593038	HE593038		HE593038.1	HE593038.1	NW_004074439.1
fr3:HE593039	HE593039		HE593039.1	HE593039.1	NW_004074440.1
fr3:HE593040	HE593040		HE593040.1	HE593040.1	NW_004074441.1
fr3:HE593041	HE593041		HE593041.1	HE593041.1	NW_004074442.1
fr3:HE593042	HE593042		HE593042.1	HE593042.1	NW_004074443.1
fr3:HE593043	HE593043		HE593043.1	HE593043.1	NW_004074444.1
fr3:HE593044	HE593044		HE593044.1	HE593044.1	NW_004074445.1
fr3:HE593045	HE593045		HE593045.1	HE593045.1	NW_004074446.1
fr3:HE593046	HE593046		HE593046.1	HE593046.1	NW_004074447.1
fr3:HE593047	HE593047		HE593047.1	HE593047.1	NW_004074448.1
fr3:HE593048	HE593048		HE593048.1	HE593048.1	NW_004074449.1
fr3:HE593049	HE593049		HE593049.1	HE593049.1	NW_004074450.1
fr3:HE593050	HE593050		HE593050.1	HE593050.1	NW_004074451.1
fr3:HE593051	HE593051		HE593051.1	HE593051.1	NW_004074452.1
fr3:HE593052	HE593052		HE593052.1	HE593052.1	NW_004074453.1
fr3:HE593053	HE593053		HE593053.1	HE593053.1	NW_004074454.1
fr3:HE593054	HE593054		HE593054.1	HE593054.1	NW_004074455.1
fr3:HE593055	HE593055		HE593055.1	HE593055.1	NW_004074456.1
fr3:HE593056	HE593056		HE593056.1	HE593056.1	NW_004074457.1
fr3:HE593057	HE593057		HE593057.1	HE593057.1	NW_004074458.1
fr3:HE593058	HE593058		HE593058.1	HE593058.1	NW_004074459.1
fr3:HE593059	HE593059		HE593059.1	HE593059.1	NW_004074460.1
fr3:HE593060	HE593060		HE593060.1	HE593060.1	NW_004074461.1
fr3:HE593061	HE593061		HE593061.1	HE593061.1	NW_004074462.1
fr3:HE593062	HE593062		HE593062.1	HE593062.1	NW_004074463.1
fr3:HE593063	HE593063		HE593063.1	HE593063.1	NW_004074464.1
fr3:HE593064	HE593064		HE593064.1	HE593064.1	NW_004074465.1
fr3:HE593065	HE593065		HE593065.1	HE593065.1	NW_004074466.1
fr3:HE593066	HE593066		HE593066.1	HE593066.1	NW_004074467.1
fr3:HE593067	HE593067		HE593067.1	HE593067.1	NW_004074468.1
fr3:HE593068	HE593068		HE593068.1	HE593068.1	NW_004074469.1
fr3:HE593069	HE593069		HE593069.1	HE593069.1	NW_004074470.1
fr3:HE593070	HE593070		HE593070.1	HE593070.1	NW_004074471.1
fr3:HE593071	HE593071		HE593071.1	HE593071.1	NW_004074472.1
fr3:HE593072	HE593072		HE593072.1	HE593072.1	NW_004074473.1
fr3:HE593073	HE593073		HE593073.1	HE593073.1	NW_004074474.1
fr3:HE593074	HE593074		HE593074.1	HE593074.1	NW_004074475.1
fr3:HE593075	HE593075		HE593075.1	HE593075.1	NW_004074476.1
fr3:HE593076	HE593076		HE593076.1	HE593076.1	NW_004074477.1
fr3:HE593077	HE593077		HE593077.1	HE593077.1	NW_004074478.1
fr3:HE593078	HE593078		HE593078.1	HE593078.1	NW_004074479.1
fr3:HE593079	HE593079		HE593079.1	HE593079.1	NW_004074480.1
fr3:HE593080	HE593080		HE593080.1	HE593080.1	NW_004074481.1
fr3:HE593081	HE593081		HE593081.1	HE593081.1	NW_004074482.1
fr3:HE593082	HE593082		HE593082.1	HE593082.1	NW_004074483.1
fr3:HE593083	HE593083		HE593083.1	HE593083.1	NW_004074484.1
fr3:HE593084	HE593084		HE593084.1	HE593084.1	NW_004074485.1
fr3:HE593085	HE593085		HE593085.1	HE593085.1	NW_004074486.1
fr3:HE593086	HE593086		HE593086.1	HE593086.1	NW_004074487.1
fr3:HE593087	HE593087		HE593087.1	HE593087.1	NW_004074488.1
fr3:HE593088	HE593088		HE593088.1	HE593088.1	NW_004074489.1
fr3:HE593089	HE593089		HE593089.1	HE593089.1	NW_004074490.1
fr3:HE593090	HE593090		HE593090.1	HE593090.1	NW_004074491.1
fr3:HE593091	HE593091		HE593091.1	HE593091.1	NW_004074492.1
fr3:HE593092	HE593092		HE593092.1	HE593092.1	NW_004074493.1
fr3:HE593093	HE593093		HE593093.1	HE593093.1	NW_004074494.1
fr3:HE593094	HE593094		HE593094.1	HE593094.1	NW_004074495.1
fr3:HE593095	HE593095		HE593095.1	HE593095.1	NW_004074496.1
fr3:HE593096	HE593096		HE593096.1	HE593096.1	NW_004074497.1
fr3:HE593097	HE593097		HE593097.1	HE593097.1	NW_004074498.1
fr3:HE593098	HE593098		HE593098.1	HE593098.1	NW_004074499.1
fr3:HE593099	HE593099		HE593099.1	HE593099.1	NW_004074500.1
fr3:HE593100	HE593100		HE593100.1	HE593100.1	NW_004074501.1
fr3:HE593101	HE593101		HE593101.1	HE593101.1	NW_004074502.1
fr3:HE593102	HE593102		HE593102.1	HE593102.1	NW_004074503.1
fr3:HE593103	HE593103		HE593103.1	HE593103.1	NW_004074504.1
fr3:HE593104	HE593104		HE593104.1	HE593104.1	NW_004074505.1
fr3:HE593105	HE593105		HE593105.1	HE593105.1	NW_004074506.1
fr3:HE593106	HE593106		HE593106.1	HE593106.1	NW_004074507.1
fr3:HE593107	HE593107		HE593107.1	HE593107.1	NW_004074508.1
fr3:HE593108	HE593108		HE593108.1	HE593108.1	NW_004074509.1
fr3:HE593109	HE593109		HE593109.1	HE593109.1	NW_004074510.1
fr3:HE593110	HE593110		HE593110.1	HE593110.1	NW_004074511.1
fr3:HE593111	HE593111		HE593111.1	HE593111.1	NW_004074512.1
fr3:HE593112	HE593112		HE593112.1	HE593112.1	NW_004074513.1
fr3:HE593113	HE593113		HE593113.1	HE593113.1	NW_004074514.1
fr3:HE593114	HE593114		HE593114.1	HE593114.1	NW_004074515.1
fr3:HE593115	HE593115		HE593115.1	HE593115.1	NW_004074516.1
fr3:HE593116	HE593116		HE593116.1	HE593116.1	NW_004074517.1
fr3:HE593117	HE593117		HE593117.1	HE593117.1	NW_004074518.1
fr3:HE593118	HE593118		HE593118.1	HE593118.1	NW_004074519.1
fr3:HE593119	HE593119		HE593119.1	HE593119.1	NW_004074520.1
fr3:HE593120	HE593120		HE593120.1	HE593120.1	NW_004074521.1
fr3:HE593121	HE593121		HE593121.1	HE593121.1	NW_004074522.1
fr3:HE593122	HE593122		HE593122.1	HE593122.1	NW_004074523.1
fr3:HE593123	HE593123		HE593123.1	HE593123.1	NW_004074524.1
fr3:HE593124	HE593124		HE593124.1	HE593124.1	NW_004074525.1
fr3:HE593125	HE593125		HE593125.1	HE593125.1	NW_004074526.1
fr3:HE593126	HE593126		HE593126.1	HE593126.1	NW_004074527.1
fr3:HE593127	HE593127		HE593127.1	HE593127.1	NW_004074528.1
fr3:HE593128	HE593128		HE593128.1	HE593128.1	NW_004074529.1
fr3:HE593129	HE593129		HE593129.1	HE593129.1	NW_004074530.1
fr3:HE593130	HE593130		HE593130.1	HE593130.1	NW_004074531.1
fr3:HE593131	HE593131		HE593131.1	HE593131.1	NW_004074532.1
fr3:HE593132	HE593132		HE593132.1	HE593132.1	NW_004074533.1
fr3:HE593133	HE593133		HE593133.1	HE593133.1	NW_004074534.1
fr3:HE593134	HE593134		HE593134.1	HE593134.1	NW_004074535.1
fr3:HE593135	HE593135		HE593135.1	HE593135.1	NW_004074536.1
fr3:HE593136	HE593136		HE593136.1	HE593136.1	NW_004074537.1
fr3:HE593137	HE593137		HE593137.1	HE593137.1	NW_004074538.1
fr3:HE593138	HE593138		HE593138.1	HE593138.1	NW_004074539.1
fr3:HE593139	HE593139		HE593139.1	HE593139.1	NW_004074540.1
fr3:HE593140	HE593140		HE593140.1	HE593140.1	NW_004074541.1
fr3:HE593141	HE593141		HE593141.1	HE593141.1	NW_004074542.1
fr3:HE593142	HE593142		HE593142.1	HE593142.1	NW_004074543.1
fr3:HE593143	HE593143		HE593143.1	HE593143.1	NW_004074544.1
fr3:HE593144	HE593144		HE593144.1	HE593144.1	NW_004074545.1
fr3:HE593145	HE593145		HE593145.1	HE593145.1	NW_004074546.1
fr3:HE593146	HE593146		HE593146.1	HE593146.1	NW_004074547.1
fr3:HE593147	HE593147		HE593147.1	HE593147.1	NW_004074548.1
fr3:HE593148	HE593148		HE593148.1	HE593148.1	NW_004074549.1
fr3:HE593149	HE593149		HE593149.1	HE593149.1	NW_004074550.1
fr3:HE593150	HE593150		HE593150.1	HE593150.1	NW_004074551.1
fr3:HE593151	HE593151		HE593151.1	HE593151.1	NW_004074552.1
fr3:HE593152	HE593152		HE593152.1	HE593152.1	NW_004074553.1
fr3:HE593153	HE593153		HE593153.1	HE593153.1	NW_004074554.1
fr3:HE593154	HE593154		HE593154.1	HE593154.1	NW_004074555.1
fr3:HE593155	HE593155		HE593155.1	HE593155.1	NW_004074556.1
fr3:HE593156	HE593156		HE593156.1	HE593156.1	NW_004074557.1
fr3:HE593157	HE593157		HE593157.1	HE593157.1	NW_004074558.1
fr3:HE593158	HE593158		HE593158.1	HE593158.1	NW_004074559.1
fr3:HE593159	HE593159		HE593159.1	HE593159.1	NW_004074560.1
fr3:HE593160	HE593160		HE593160.1	HE593160.1	NW_004074561.1
fr3:HE593161	HE593161		HE593161.1	HE593161.1	NW_004074562.1
fr3:HE593162	HE593162		HE593162.1	HE593162.1	NW_004074563.1
fr3:HE593163	HE593163		HE593163.1	HE593163.1	NW_004074564.1
fr3:HE593164	HE593164		HE593164.1	HE593164.1	NW_004074565.1
fr3:HE593165	HE593165		HE593165.1	HE593165.1	NW_004074566.1
fr3:HE593166	HE593166		HE593166.1	HE593166.1	NW_004074567.1
fr3:HE593167	HE593167		HE593167.1	HE593167.1	NW_004074568.1
fr3:HE593168	HE593168		HE593168.1	HE593168.1	NW_004074569.1
fr3:HE593169	HE593169		HE593169.1	HE593169.1	NW_004074570.1
fr3:HE593170	HE593170		HE593170.1	HE593170.1	NW_004074571.1
fr3:HE593171	HE593171		HE593171.1	HE593171.1	NW_004074572.1
fr3:HE593172	HE593172		HE593172.1	HE593172.1	NW_004074573.1
fr3:HE593173	HE593173		HE593173.1	HE593173.1	NW_004074574.1
fr3:HE593174	HE593174		HE593174.1	HE593174.1	NW_004074575.1
fr3:HE593175	HE593175		HE593175.1	HE593175.1	NW_004074576.1
fr3:HE593176	HE593176		HE593176.1	HE593176.1	NW_004074577.1
fr3:HE593177	HE593177		HE593177.1	HE593177.1	NW_004074578.1
fr3:HE593178	HE593178		HE593178.1	HE593178.1	NW_004074579.1
fr3:HE593179	HE593179		HE593179.1	HE593179.1	NW_004074580.1
fr3:HE593180	HE593180		HE593180.1	HE593180.1	NW_004074581.1
fr3:HE593181	HE593181		HE593181.1	HE593181.1	NW_004074582.1
fr3:HE593182	HE593182		HE593182.1	HE593182.1	NW_004074583.1
fr3:HE593183	HE593183		HE593183.1	HE593183.1	NW_004074584.1
fr3:HE593184	HE593184		HE593184.1	HE593184.1	NW_004074585.1
fr3:HE593185	HE593185		HE593185.1	HE593185.1	NW_004074586.1
fr3:HE593186	HE593186		HE593186.1	HE593186.1	NW_004074587.1
fr3:HE593187	HE593187		HE593187.1	HE593187.1	NW_004074588.1
fr3:HE593188	HE593188		HE593188.1	HE593188.1	NW_004074589.1
fr3:HE593189	HE593189		HE593189.1	HE593189.1	NW_004074590.1
fr3:HE593190	HE593190		HE593190.1	HE593190.1	NW_004074591.1
fr3:HE593191	HE593191		HE593191.1	HE593191.1	NW_004074592.1
fr3:HE593192	HE593192		HE593192.1	HE593192.1	NW_004074593.1
fr3:HE593193	HE593193		HE593193.1	HE593193.1	NW_004074594.1
fr3:HE593194	HE593194		HE593194.1	HE593194.1	NW_004074595.1
fr3:HE593195	HE593195		HE593195.1	HE593195.1	NW_004074596.1
fr3:HE593196	HE593196		HE593196.1	HE593196.1	NW_004074597.1
fr3:HE593197	HE593197		HE593197.1	HE593197.1	NW_004074598.1
fr3:HE593198	HE593198		HE593198.1	HE593198.1	NW_004074599.1
fr3:HE593199	HE593199		HE593199.1	HE593199.1	NW_004074600.1
fr3:HE593200	HE593200		HE593200.1	HE593200.1	NW_004074601.1
fr3:HE593201	HE593201		HE593201.1	HE593201.1	NW_004074602.1
fr3:HE593202	HE593202		HE593202.1	HE593202.1	NW_004074603.1
fr3:HE593203	HE593203		HE593203.1	HE593203.1	NW_004074604.1
fr3:HE593204	HE593204		HE593204.1	HE593204.1	NW_004074605.1
fr3:HE593205	HE593205		HE593205.1	HE593205.1	NW_004074606.1
fr3:HE593206	HE593206		HE593206.1	HE593206.1	NW_004074607.1
fr3:HE593207	HE593207		HE593207.1	HE593207.1	NW_004074608.1
fr3:HE593208	HE593208		HE593208.1	HE593208.1	NW_004074609.1
fr3:HE593209	HE593209		HE593209.1	HE593209.1	NW_004074610.1
fr3:HE593210	HE593210		HE593210.1	HE593210.1	NW_004074611.1
fr3:HE593211	HE593211		HE593211.1	HE593211.1	NW_004074612.1
fr3:HE593212	HE593212		HE593212.1	HE593212.1	NW_004074613.1
fr3:HE593213	HE593213		HE593213.1	HE593213.1	NW_004074614.1
fr3:HE593214	HE593214		HE593214.1	HE593214.1	NW_004074615.1
fr3:HE593215	HE593215		HE593215.1	HE593215.1	NW_004074616.1
fr3:HE593216	HE593216		HE593216.1	HE593216.1	NW_004074617.1
fr3:HE593217	HE593217		HE593217.1	HE593217.1	NW_004074618.1
fr3:HE593218	HE593218		HE593218.1	HE593218.1	NW_004074619.1
fr3:HE593219	HE593219		HE593219.1	HE593219.1	NW_004074620.1
fr3:HE593220	HE593220		HE593220.1	HE593220.1	NW_004074621.1
fr3:HE593221	HE593221		HE593221.1	HE593221.1	NW_004074622.1
fr3:HE593222	HE593222		HE593222.1	HE593222.1	NW_004074623.1
fr3:HE593223	HE593223		HE593223.1	HE593223.1	NW_004074624.1
fr3:HE593224	HE593224		HE593224.1	HE593224.1	NW_004074625.1
fr3:HE593225	HE593225		HE593225.1	HE593225.1	NW_004074626.1
fr3:HE593226	HE593226		HE593226.1	HE593226.1	NW_004074627.1
fr3:HE593227	HE593227		HE593227.1	HE593227.1	NW_004074628.1
fr3:HE593228	HE593228		HE593228.1	HE593228.1	NW_004074629.1
fr3:HE593229	HE593229		HE593229.1	HE593229.1	NW_004074630.1
fr3:HE593230	HE593230		HE593230.1	HE593230.1	NW_004074631.1
fr3:HE593231	HE593231		HE593231.1	HE593231.1	NW_004074633.1
fr3:HE593232	HE593232		HE593232.1	HE593232.1	NW_004074634.1
fr3:HE593233	HE593233		HE593233.1	HE593233.1	NW_004074635.1
fr3:HE593234	HE593234		HE593234.1	HE593234.1	NW_004074636.1
fr3:HE593235	HE593235		HE593235.1	HE593235.1	NW_004074637.1
fr3:HE593236	HE593236		HE593236.1	HE593236.1	NW_004074638.1
fr3:HE593237	HE593237		HE593237.1	HE593237.1	NW_004074639.1
fr3:HE593238	HE593238		HE593238.1	HE593238.1	NW_004074640.1
fr3:HE593239	HE593239		HE593239.1	HE593239.1	NW_004074641.1
fr3:HE593240	HE593240		HE593240.1	HE593240.1	NW_004074642.1
fr3:HE593241	HE593241		HE593241.1	HE593241.1	NW_004074643.1
fr3:HE593242	HE593242		HE593242.1	HE593242.1	NW_004074644.1
fr3:HE593243	HE593243		HE593243.1	HE593243.1	NW_004074645.1
fr3:HE593244	HE593244		HE593244.1	HE593244.1	NW_004074646.1
fr3:HE593245	HE593245		HE593245.1	HE593245.1	NW_004074647.1
fr3:HE593246	HE593246		HE593246.1	HE593246.1	NW_004074648.1
fr3:HE593247	HE593247		HE593247.1	HE593247.1	NW_004074649.1
fr3:HE593248	HE593248		HE593248.1	HE593248.1	NW_004074650.1
fr3:HE593249	HE593249		HE593249.1	HE593249.1	NW_004074651.1
fr3:HE593250	HE593250		HE593250.1	HE593250.1	NW_004077521.1
fr3:HE593251	HE593251		HE593251.1	HE593251.1	NW_004077522.1
fr3:HE593252	HE593252		HE593252.1	HE593252.1	NW_004077523.1
fr3:HE593253	HE593253		HE593253.1	HE593253.1	NW_004077524.1
fr3:HE593254	HE593254		HE593254.1	HE593254.1	NW_004077525.1
fr3:HE593255	HE593255		HE593255.1	HE593255.1	NW_004077526.1
fr3:HE593256	HE593256		HE593256.1	HE593256.1	NW_004077527.1
fr3:HE593257	HE593257		HE593257.1	HE593257.1	NW_004077528.1
fr3:HE593258	HE593258		HE593258.1	HE593258.1	NW_004077529.1
fr3:HE593259	HE593259		HE593259.1	HE593259.1	NW_004077530.1
fr3:HE593260	HE593260		HE593260.1	HE593260.1	NW_004077531.1
fr3:HE593261	HE593261		HE593261.1	HE593261.1	NW_004077532.1
fr3:HE593262	HE593262		HE593262.1	HE593262.1	NW_004077533.1
fr3:HE593263	HE593263		HE593263.1	HE593263.1	NW_004077534.1
fr3:HE593264	HE593264		HE593264.1	HE593264.1	NW_004077535.1
fr3:HE593265	HE593265		HE593265.1	HE593265.1	NW_004077536.1
fr3:HE593266	HE593266		HE593266.1	HE593266.1	NW_004077537.1
fr3:HE593267	HE593267		HE593267.1	HE593267.1	NW_004077538.1
fr3:HE593268	HE593268		HE593268.1	HE593268.1	NW_004077539.1
fr3:HE593269	HE593269		HE593269.1	HE593269.1	NW_004077540.1
fr3:HE593270	HE593270		HE593270.1	HE593270.1	NW_004077541.1
fr3:HE593271	HE593271		HE593271.1	HE593271.1	NW_004077542.1
fr3:HE593272	HE593272		HE593272.1	HE593272.1	NW_004077543.1
fr3:HE593273	HE593273		HE593273.1	HE593273.1	NW_004077544.1
fr3:HE593274	HE593274		HE593274.1	HE593274.1	NW_004077545.1
fr3:HE593275	HE593275		HE593275.1	HE593275.1	NW_004077546.1
fr3:HE593276	HE593276		HE593276.1	HE593276.1	NW_004077547.1
fr3:HE593277	HE593277		HE593277.1	HE593277.1	NW_004077548.1
fr3:HE593278	HE593278		HE593278.1	HE593278.1	NW_004077549.1
fr3:HE593279	HE593279		HE593279.1	HE593279.1	NW_004077550.1
fr3:HE593280	HE593280		HE593280.1	HE593280.1	NW_004077551.1
fr3:HE593281	HE593281		HE593281.1	HE593281.1	NW_004077552.1
fr3:HE593282	HE593282		HE593282.1	HE593282.1	NW_004077553.1
fr3:HE593283	HE593283		HE593283.1	HE593283.1	NW_004077554.1
fr3:HE593284	HE593284		HE593284.1	HE593284.1	NW_004077555.1
fr3:HE593285	HE593285		HE593285.1	HE593285.1	NW_004077556.1
fr3:HE593286	HE593286		HE593286.1	HE593286.1	NW_004077557.1
fr3:HE593287	HE593287		HE593287.1	HE593287.1	NW_004077558.1
fr3:HE593288	HE593288		HE593288.1	HE593288.1	NW_004077559.1
fr3:HE593289	HE593289		HE593289.1	HE593289.1	NW_004077560.1
fr3:HE593290	HE593290		HE593290.1	HE593290.1	NW_004077561.1
fr3:HE593291	HE593291		HE593291.1	HE593291.1	NW_004077562.1
fr3:HE593292	HE593292		HE593292.1	HE593292.1	NW_004077563.1
fr3:HE593293	HE593293		HE593293.1	HE593293.1	NW_004077564.1
fr3:HE593294	HE593294		HE593294.1	HE593294.1	NW_004077565.1
fr3:HE593295	HE593295		HE593295.1	HE593295.1	NW_004077566.1
fr3:HE593296	HE593296		HE593296.1	HE593296.1	NW_004077567.1
fr3:HE593297	HE593297		HE593297.1	HE593297.1	NW_004077568.1
fr3:HE593298	HE593298		HE593298.1	HE593298.1	NW_004077569.1
fr3:HE593299	HE593299		HE593299.1	HE593299.1	NW_004077570.1
fr3:HE593300	HE593300		HE593300.1	HE593300.1	NW_004077571.1
fr3:HE593301	HE593301		HE593301.1	HE593301.1	NW_004077572.1
fr3:HE593302	HE593302		HE593302.1	HE593302.1	NW_004077573.1
fr3:HE593303	HE593303		HE593303.1	HE593303.1	NW_004077574.1
fr3:HE593304	HE593304		HE593304.1	HE593304.1	NW_004077575.1
fr3:HE593305	HE593305		HE593305.1	HE593305.1	NW_004077576.1
fr3:HE593306	HE593306		HE593306.1	HE593306.1	NW_004077577.1
fr3:HE593307	HE593307		HE593307.1	HE593307.1	NW_004077578.1
fr3:HE593308	HE593308		HE593308.1	HE593308.1	NW_004077579.1
fr3:HE593309	HE593309		HE593309.1	HE593309.1	NW_004077580.1
fr3:HE593310	HE593310		HE593310.1	HE593310.1	NW_004077581.1
fr3:HE593311	HE593311		HE593311.1	HE593311.1	NW_004077582.1
fr3:HE593312	HE593312		HE593312.1	HE593312.1	NW_004077583.1
fr3:HE593313	HE593313		HE593313.1	HE593313.1	NW_004077584.1
fr3:HE593314	HE593314		HE593314.1	HE593314.1	NW_004077585.1
fr3:HE593315	HE593315		HE593315.1	HE593315.1	NW_004077586.1
fr3:HE593316	HE593316		HE593316.1	HE593316.1	NW_004077587.1
fr3:HE593317	HE593317		HE593317.1	HE593317.1	NW_004077588.1
fr3:HE593318	HE593318		HE593318.1	HE593318.1	NW_004077589.1
fr3:HE593319	HE593319		HE593319.1	HE593319.1	NW_004077590.1
fr3:HE593320	HE593320		HE593320.1	HE593320.1	NW_004077591.1
fr3:HE593321	HE593321		HE593321.1	HE593321.1	NW_004077592.1
fr3:HE593322	HE593322		HE593322.1	HE593322.1	NW_004077593.1
fr3:HE593323	HE593323		HE593323.1	HE593323.1	NW_004077594.1
fr3:HE593324	HE593324		HE593324.1	HE593324.1	NW_004077595.1
fr3:HE593325	HE593325		HE593325.1	HE593325.1	NW_004077596.1
fr3:HE593326	HE593326		HE593326.1	HE593326.1	NW_004077597.1
fr3:HE593327	HE593327		HE593327.1	HE593327.1	NW_004077598.1
fr3:HE593328	HE593328		HE593328.1	HE593328.1	NW_004077599.1
fr3:HE593329	HE593329		HE593329.1	HE593329.1	NW_004077600.1
fr3:HE593330	HE593330		HE593330.1	HE593330.1	NW_004077601.1
fr3:HE593331	HE593331		HE593331.1	HE593331.1	NW_004077602.1
fr3:HE593332	HE593332		HE593332.1	HE593332.1	NW_004077603.1
fr3:HE593333	HE593333		HE593333.1	HE593333.1	NW_004077604.1
fr3:HE593334	HE593334		HE593334.1	HE593334.1	NW_004077605.1
fr3:HE593335	HE593335		HE593335.1	HE593335.1	NW_004077606.1
fr3:HE593336	HE593336		HE593336.1	HE593336.1	NW_004077607.1
fr3:HE593337	HE593337		HE593337.1	HE593337.1	NW_004077608.1
fr3:HE593338	HE593338		HE593338.1	HE593338.1	NW_004077609.1
fr3:HE593339	HE593339		HE593339.1	HE593339.1	NW_004077610.1
fr3:HE593340	HE593340		HE593340.1	HE593340.1	NW_004077611.1
fr3:HE593341	HE593341		HE593341.1	HE593341.1	NW_004077612.1
fr3:HE593342	HE593342		HE593342.1	HE593342.1	NW_004077613.1
fr3:HE593343	HE593343		HE593343.1	HE593343.1	NW_004077614.1
fr3:HE593344	HE593344		HE593344.1	HE593344.1	NW_004077615.1
fr3:HE593345	HE593345		HE593345.1	HE593345.1	NW_004077616.1
fr3:HE593346	HE593346		HE593346.1	HE593346.1	NW_004077617.1
fr3:HE593347	HE593347		HE593347.1	HE593347.1	NW_004077618.1
fr3:HE593348	HE593348		HE593348.1	HE593348.1	NW_004077619.1
fr3:HE593349	HE593349		HE593349.1	HE593349.1	NW_004077620.1
fr3:HE593350	HE593350		HE593350.1	HE593350.1	NW_004077621.1
fr3:HE593351	HE593351		HE593351.1	HE593351.1	NW_004077622.1
fr3:HE593352	HE593352		HE593352.1	HE593352.1	NW_004077623.1
fr3:HE593353	HE593353		HE593353.1	HE593353.1	NW_004077624.1
fr3:HE593354	HE593354		HE593354.1	HE593354.1	NW_004077625.1
fr3:HE593355	HE593355		HE593355.1	HE593355.1	NW_004077626.1
fr3:HE593356	HE593356		HE593356.1	HE593356.1	NW_004077627.1
fr3:HE593357	HE593357		HE593357.1	HE593357.1	NW_004077628.1
fr3:HE593358	HE593358		HE593358.1	HE593358.1	NW_004077629.1
fr3:HE593359	HE593359		HE593359.1	HE593359.1	NW_004077630.1
fr3:HE593360	HE593360		HE593360.1	HE593360.1	NW_004077631.1
fr3:HE593361	HE593361		HE593361.1	HE593361.1	NW_004077632.1
fr3:HE593362	HE593362		HE593362.1	HE593362.1	NW_004077633.1
fr3:HE593363	HE593363		HE593363.1	HE593363.1	NW_004077634.1
fr3:HE593364	HE593364		HE593364.1	HE593364.1	NW_004077635.1
fr3:HE593365	HE593365		HE593365.1	HE593365.1	NW_004077636.1
fr3:HE593366	HE593366		HE593366.1	HE593366.1	NW_004077637.1
fr3:HE593367	HE593367		HE593367.1	HE593367.1	NW_004077638.1
fr3:HE593368	HE593368		HE593368.1	HE593368.1	NW_004077639.1
fr3:HE593369	HE593369		HE593369.1	HE593369.1	NW_004077640.1
fr3:HE593370	HE593370		HE593370.1	HE593370.1	NW_004077641.1
fr3:HE593371	HE593371		HE593371.1	HE593371.1	NW_004077642.1
fr3:HE593372	HE593372		HE593372.1	HE593372.1	NW_004077643.1
fr3:HE593373	HE593373		HE593373.1	HE593373.1	NW_004077644.1
fr3:HE593374	HE593374		HE593374.1	HE593374.1	NW_004077645.1
fr3:HE593375	HE593375		HE593375.1	HE593375.1	NW_004077646.1
fr3:HE593376	HE593376		HE593376.1	HE593376.1	NW_004077647.1
fr3:HE593377	HE593377		HE593377.1	HE593377.1	NW_004077648.1
fr3:HE593378	HE593378		HE593378.1	HE593378.1	NW_004077649.1
fr3:HE593379	HE593379		HE593379.1	HE593379.1	NW_004077650.1
fr3:HE593380	HE593380		HE593380.1	HE593380.1	NW_004077651.1
fr3:HE593381	HE593381		HE593381.1	HE593381.1	NW_004077652.1
fr3:HE593382	HE593382		HE593382.1	HE593382.1	NW_004077653.1
fr3:HE593383	HE593383		HE593383.1	HE593383.1	NW_004077654.1
fr3:HE593384	HE593384		HE593384.1	HE593384.1	NW_004077655.1
fr3:HE593385	HE593385		HE593385.1	HE593385.1	NW_004077656.1
fr3:HE593386	HE593386		HE593386.1	HE593386.1	NW_004077657.1
fr3:HE593387	HE593387		HE593387.1	HE593387.1	NW_004077658.1
fr3:HE593388	HE593388		HE593388.1	HE593388.1	NW_004077659.1
fr3:HE593389	HE593389		HE593389.1	HE593389.1	NW_004077660.1
fr3:HE593390	HE593390		HE593390.1	HE593390.1	NW_004077661.1
fr3:HE593391	HE593391		HE593391.1	HE593391.1	NW_004077662.1
fr3:HE593392	HE593392		HE593392.1	HE593392.1	NW_004077663.1
fr3:HE593393	HE593393		HE593393.1	HE593393.1	NW_004077664.1
fr3:HE593394	HE593394		HE593394.1	HE593394.1	NW_004077665.1
fr3:HE593395	HE593395		HE593395.1	HE593395.1	NW_004077666.1
fr3:HE593396	HE593396		HE593396.1	HE593396.1	NW_004077667.1
fr3:HE593397	HE593397		HE593397.1	HE593397.1	NW_004077668.1
fr3:HE593398	HE593398		HE593398.1	HE593398.1	NW_004077669.1
fr3:HE593399	HE593399		HE593399.1	HE593399.1	NW_004077670.1
fr3:HE593400	HE593400		HE593400.1	HE593400.1	NW_004077671.1
fr3:HE593401	HE593401		HE593401.1	HE593401.1	NW_004077672.1
fr3:HE593402	HE593402		HE593402.1	HE593402.1	NW_004077673.1
fr3:HE593403	HE593403		HE593403.1	HE593403.1	NW_004077674.1
fr3:HE593404	HE593404		HE593404.1	HE593404.1	NW_004077675.1
fr3:HE593405	HE593405		HE593405.1	HE593405.1	NW_004077676.1
fr3:HE593406	HE593406		HE593406.1	HE593406.1	NW_004077677.1
fr3:HE593407	HE593407		HE593407.1	HE593407.1	NW_004077678.1
fr3:HE593408	HE593408		HE593408.1	HE593408.1	NW_004077679.1
fr3:HE593409	HE593409		HE593409.1	HE593409.1	NW_004077680.1
fr3:HE593410	HE593410		HE593410.1	HE593410.1	NW_004077681.1
fr3:HE593411	HE593411		HE593411.1	HE593411.1	NW_004077682.1
fr3:HE593412	HE593412		HE593412.1	HE593412.1	NW_004077683.1
fr3:HE593413	HE593413		HE593413.1	HE593413.1	NW_004077684.1
fr3:HE593414	HE593414		HE593414.1	HE593414.1	NW_004077685.1
fr3:HE593415	HE593415		HE593415.1	HE593415.1	NW_004077686.1
fr3:HE593416	HE593416		HE593416.1	HE593416.1	NW_004077687.1
fr3:HE593417	HE593417		HE593417.1	HE593417.1	NW_004077688.1
fr3:HE593418	HE593418		HE593418.1	HE593418.1	NW_004077689.1
fr3:HE593419	HE593419		HE593419.1	HE593419.1	NW_004077690.1
fr3:HE593420	HE593420		HE593420.1	HE593420.1	NW_004077691.1
fr3:HE593421	HE593421		HE593421.1	HE593421.1	NW_004077692.1
fr3:HE593422	HE593422		HE593422.1	HE593422.1	NW_004077693.1
fr3:HE593423	HE593423		HE593423.1	HE593423.1	NW_004077694.1
fr3:HE593424	HE593424		HE593424.1	HE593424.1	NW_004077695.1
fr3:HE593425	HE593425		HE593425.1	HE593425.1	NW_004077696.1
fr3:HE593426	HE593426		HE593426.1	HE593426.1	NW_004077697.1
fr3:HE593427	HE593427		HE593427.1	HE593427.1	NW_004077698.1
fr3:HE593428	HE593428		HE593428.1	HE593428.1	NW_004077699.1
fr3:HE593429	HE593429		HE593429.1	HE593429.1	NW_004077700.1
fr3:HE593430	HE593430		HE593430.1	HE593430.1	NW_004077701.1
fr3:HE593431	HE593431		HE593431.1	HE593431.1	NW_004077702.1
fr3:HE593432	HE593432		HE593432.1	HE593432.1	NW_004077703.1
fr3:HE593433	HE593433		HE593433.1	HE593433.1	NW_004077704.1
fr3:HE593434	HE593434		HE593434.1	HE593434.1	NW_004077705.1
fr3:HE593435	HE593435		HE593435.1	HE593435.1	NW_004077706.1
fr3:HE593436	HE593436		HE593436.1	HE593436.1	NW_004077707.1
fr3:HE593437	HE593437		HE593437.1	HE593437.1	NW_004077708.1
fr3:HE593438	HE593438		HE593438.1	HE593438.1	NW_004077709.1
fr3:HE593439	HE593439		HE593439.1	HE593439.1	NW_004077710.1
fr3:HE593440	HE593440		HE593440.1	HE593440.1	NW_004077711.1
fr3:HE593441	HE593441		HE593441.1	HE593441.1	NW_004077712.1
fr3:HE593442	HE593442		HE593442.1	HE593442.1	NW_004077713.1
fr3:HE593443	HE593443		HE593443.1	HE593443.1	NW_004077714.1
fr3:HE593444	HE593444		HE593444.1	HE593444.1	NW_004077715.1
fr3:HE593445	HE593445		HE593445.1	HE593445.1	NW_004077716.1
fr3:HE593446	HE593446		HE593446.1	HE593446.1	NW_004077717.1
fr3:HE593447	HE593447		HE593447.1	HE593447.1	NW_004077718.1
fr3:HE593448	HE593448		HE593448.1	HE593448.1	NW_004077719.1
fr3:HE593449	HE593449		HE593449.1	HE593449.1	NW_004077720.1
fr3:HE593450	HE593450		HE593450.1	HE593450.1	NW_004077721.1
fr3:HE593451	HE593451		HE593451.1	HE593451.1	NW_004077722.1
fr3:HE593452	HE593452		HE593452.1	HE593452.1	NW_004077723.1
fr3:HE593453	HE593453		HE593453.1	HE593453.1	NW_004077724.1
fr3:HE593454	HE593454		HE593454.1	HE593454.1	NW_004077725.1
fr3:HE593455	HE593455		HE593455.1	HE593455.1	NW_004077726.1
fr3:HE593456	HE593456		HE593456.1	HE593456.1	NW_004077727.1
fr3:HE593457	HE593457		HE593457.1	HE593457.1	NW_004077728.1
fr3:HE593458	HE593458		HE593458.1	HE593458.1	NW_004077729.1
fr3:HE593459	HE593459		HE593459.1	HE593459.1	NW_004077730.1
fr3:HE593460	HE593460		HE593460.1	HE593460.1	NW_004077731.1
fr3:HE593461	HE593461		HE593461.1	HE593461.1	NW_004077732.1
fr3:HE593462	HE593462		HE593462.1	HE593462.1	NW_004077733.1
fr3:HE593463	HE593463		HE593463.1	HE593463.1	NW_004077734.1
fr3:HE593464	HE593464		HE593464.1	HE593464.1	NW_004077735.1
fr3:HE593465	HE593465		HE593465.1	HE593465.1	NW_004077736.1
fr3:HE593466	HE593466		HE593466.1	HE593466.1	NW_004077737.1
fr3:HE593467	HE593467		HE593467.1	HE593467.1	NW_004077738.1
fr3:HE593468	HE593468		HE593468.1	HE593468.1	NW_004077739.1
fr3:HE593469	HE593469		HE593469.1	HE593469.1	NW_004077740.1
fr3:HE593470	HE593470		HE593470.1	HE593470.1	NW_004077741.1
fr3:HE593471	HE593471		HE593471.1	HE593471.1	NW_004077742.1
fr3:HE593472	HE593472		HE593472.1	HE593472.1	NW_004077743.1
fr3:HE593473	HE593473		HE593473.1	HE593473.1	NW_004077744.1
fr3:HE593474	HE593474		HE593474.1	HE593474.1	NW_004077745.1
fr3:HE593475	HE593475		HE593475.1	HE593475.1	NW_004077746.1
fr3:HE593476	HE593476		HE593476.1	HE593476.1	NW_004077747.1
fr3:HE593477	HE593477		HE593477.1	HE593477.1	NW_004077748.1
fr3:HE593478	HE593478		HE593478.1	HE593478.1	NW_004077749.1
fr3:HE593479	HE593479		HE593479.1	HE593479.1	NW_004077750.1
fr3:HE593480	HE593480		HE593480.1	HE593480.1	NW_004077751.1
fr3:HE593481	HE593481		HE593481.1	HE593481.1	NW_004077752.1
fr3:HE593482	HE593482		HE593482.1	HE593482.1	NW_004077753.1
fr3:HE593483	HE593483		HE593483.1	HE593483.1	NW_004077754.1
fr3:HE593484	HE593484		HE593484.1	HE593484.1	NW_004077755.1
fr3:HE593485	HE593485		HE593485.1	HE593485.1	NW_004077756.1
fr3:HE593486	HE593486		HE593486.1	HE593486.1	NW_004077757.1
fr3:HE593487	HE593487		HE593487.1	HE593487.1	NW_004077758.1
fr3:HE593488	HE593488		HE593488.1	HE593488.1	NW_004077759.1
fr3:HE593489	HE593489		HE593489.1	HE593489.1	NW_004077760.1
fr3:HE593490	HE593490		HE593490.1	HE593490.1	NW_004077761.1
fr3:HE593491	HE593491		HE593491.1	HE593491.1	NW_004077762.1
fr3:HE593492	HE593492		HE593492.1	HE593492.1	NW_004077763.1
fr3:HE593493	HE593493		HE593493.1	HE593493.1	NW_004077764.1
fr3:HE593494	HE593494		HE593494.1	HE593494.1	NW_004077765.1
fr3:HE593495	HE593495		HE593495.1	HE593495.1	NW_004077766.1
fr3:HE593496	HE593496		HE593496.1	HE593496.1	NW_004077767.1
fr3:HE593497	HE593497		HE593497.1	HE593497.1	NW_004077768.1
fr3:HE593498	HE593498		HE593498.1	HE593498.1	NW_004077769.1
fr3:HE593499	HE593499		HE593499.1	HE593499.1	NW_004077770.1
fr3:HE593500	HE593500		HE593500.1	HE593500.1	NW_004077771.1
fr3:HE593501	HE593501		HE593501.1	HE593501.1	NW_004074816.1
fr3:HE593502	HE593502		HE593502.1	HE593502.1	NW_004074817.1
fr3:HE593503	HE593503		HE593503.1	HE593503.1	NW_004074818.1
fr3:HE593504	HE593504		HE593504.1	HE593504.1	NW_004074819.1
fr3:HE593505	HE593505		HE593505.1	HE593505.1	NW_004074820.1
fr3:HE593506	HE593506		HE593506.1	HE593506.1	NW_004074821.1
fr3:HE593507	HE593507		HE593507.1	HE593507.1	NW_004074822.1
fr3:HE593508	HE593508		HE593508.1	HE593508.1	NW_004074823.1
fr3:HE593509	HE593509		HE593509.1	HE593509.1	NW_004074824.1
fr3:HE593510	HE593510		HE593510.1	HE593510.1	NW_004074825.1
fr3:HE593511	HE593511		HE593511.1	HE593511.1	NW_004074826.1
fr3:HE593512	HE593512		HE593512.1	HE593512.1	NW_004074827.1
fr3:HE593513	HE593513		HE593513.1	HE593513.1	NW_004074828.1
fr3:HE593514	HE593514		HE593514.1	HE593514.1	NW_004074829.1
fr3:HE593515	HE593515		HE593515.1	HE593515.1	NW_004074830.1
fr3:HE593516	HE593516		HE593516.1	HE593516.1	NW_004074831.1
fr3:HE593517	HE593517		HE593517.1	HE593517.1	NW_004074832.1
fr3:HE593518	HE593518		HE593518.1	HE593518.1	NW_004074833.1
fr3:HE593519	HE593519		HE593519.1	HE593519.1	NW_004074834.1
fr3:HE593520	HE593520		HE593520.1	HE593520.1	NW_004074835.1
fr3:HE593521	HE593521		HE593521.1	HE593521.1	NW_004074836.1
fr3:HE593522	HE593522		HE593522.1	HE593522.1	NW_004074837.1
fr3:HE593523	HE593523		HE593523.1	HE593523.1	NW_004074838.1
fr3:HE593524	HE593524		HE593524.1	HE593524.1	NW_004074839.1
fr3:HE593525	HE593525		HE593525.1	HE593525.1	NW_004074840.1
fr3:HE593526	HE593526		HE593526.1	HE593526.1	NW_004074841.1
fr3:HE593527	HE593527		HE593527.1	HE593527.1	NW_004074842.1
fr3:HE593528	HE593528		HE593528.1	HE593528.1	NW_004074843.1
fr3:HE593529	HE593529		HE593529.1	HE593529.1	NW_004074844.1
fr3:HE593530	HE593530		HE593530.1	HE593530.1	NW_004074845.1
fr3:HE593531	HE593531		HE593531.1	HE593531.1	NW_004074846.1
fr3:HE593532	HE593532		HE593532.1	HE593532.1	NW_004074847.1
fr3:HE593533	HE593533		HE593533.1	HE593533.1	NW_004074848.1
fr3:HE593534	HE593534		HE593534.1	HE593534.1	NW_004074849.1
fr3:HE593535	HE593535		HE593535.1	HE593535.1	NW_004074850.1
fr3:HE593536	HE593536		HE593536.1	HE593536.1	NW_004074851.1
fr3:HE593537	HE593537		HE593537.1	HE593537.1	NW_004074852.1
fr3:HE593538	HE593538		HE593538.1	HE593538.1	NW_004074853.1
fr3:HE593539	HE593539		HE593539.1	HE593539.1	NW_004074854.1
fr3:HE593540	HE593540		HE593540.1	HE593540.1	NW_004074855.1
fr3:HE593541	HE593541		HE593541.1	HE593541.1	NW_004074856.1
fr3:HE593542	HE593542		HE593542.1	HE593542.1	NW_004074857.1
fr3:HE593543	HE593543		HE593543.1	HE593543.1	NW_004074858.1
fr3:HE593544	HE593544		HE593544.1	HE593544.1	NW_004075010.1
fr3:HE593545	HE593545		HE593545.1	HE593545.1	NW_004075011.1
fr3:HE593546	HE593546		HE593546.1	HE593546.1	NW_004075012.1
fr3:HE593547	HE593547		HE593547.1	HE593547.1	NW_004075013.1
fr3:HE593548	HE593548		HE593548.1	HE593548.1	NW_004075014.1
fr3:HE593549	HE593549		HE593549.1	HE593549.1	NW_004075015.1
fr3:HE593550	HE593550		HE593550.1	HE593550.1	NW_004075016.1
fr3:HE593551	HE593551		HE593551.1	HE593551.1	NW_004075017.1
fr3:HE593552	HE593552		HE593552.1	HE593552.1	NW_004075018.1
fr3:HE593553	HE593553		HE593553.1	HE593553.1	NW_004075019.1
fr3:HE593554	HE593554		HE593554.1	HE593554.1	NW_004075020.1
fr3:HE593555	HE593555		HE593555.1	HE593555.1	NW_004075021.1
fr3:HE593556	HE593556		HE593556.1	HE593556.1	NW_004075022.1
fr3:HE593557	HE593557		HE593557.1	HE593557.1	NW_004075023.1
fr3:HE593558	HE593558		HE593558.1	HE593558.1	NW_004075024.1
fr3:HE593559	HE593559		HE593559.1	HE593559.1	NW_004075025.1
fr3:HE593560	HE593560		HE593560.1	HE593560.1	NW_004075026.1
fr3:HE593561	HE593561		HE593561.1	HE593561.1	NW_004075027.1
fr3:HE593562	HE593562		HE593562.1	HE593562.1	NW_004075028.1
fr3:HE593563	HE593563		HE593563.1	HE593563.1	NW_004075029.1
fr3:HE593564	HE593564		HE593564.1	HE593564.1	NW_004075030.1
fr3:HE593565	HE593565		HE593565.1	HE593565.1	NW_004075031.1
fr3:HE593566	HE593566		HE593566.1	HE593566.1	NW_004075032.1
fr3:HE593567	HE593567		HE593567.1	HE593567.1	NW_004075033.1
fr3:HE593568	HE593568		HE593568.1	HE593568.1	NW_004075034.1
fr3:HE593569	HE593569		HE593569.1	HE593569.1	NW_004075035.1
fr3:HE593570	HE593570		HE593570.1	HE593570.1	NW_004075036.1
fr3:HE593571	HE593571		HE593571.1	HE593571.1	NW_004075037.1
fr3:HE593572	HE593572		HE593572.1	HE593572.1	NW_004075038.1
fr3:HE593573	HE593573		HE593573.1	HE593573.1	NW_004075039.1
fr3:HE593574	HE593574		HE593574.1	HE593574.1	NW_004075040.1
fr3:HE593575	HE593575		HE593575.1	HE593575.1	NW_004075041.1
fr3:HE593576	HE593576		HE593576.1	HE593576.1	NW_004075042.1
fr3:HE593577	HE593577		HE593577.1	HE593577.1	NW_004075043.1
fr3:HE593578	HE593578		HE593578.1	HE593578.1	NW_004075044.1
fr3:HE593579	HE593579		HE593579.1	HE593579.1	NW_004075045.1
fr3:HE593580	HE593580		HE593580.1	HE593580.1	NW_004075046.1
fr3:HE593581	HE593581		HE593581.1	HE593581.1	NW_004075047.1
fr3:HE593582	HE593582		HE593582.1	HE593582.1	NW_004075048.1
fr3:HE593583	HE593583		HE593583.1	HE593583.1	NW_004075049.1
fr3:HE593584	HE593584		HE593584.1	HE593584.1	NW_004075050.1
fr3:HE593585	HE593585		HE593585.1	HE593585.1	NW_004075051.1
fr3:HE593586	HE593586		HE593586.1	HE593586.1	NW_004075052.1
fr3:HE593587	HE593587		HE593587.1	HE593587.1	NW_004075053.1
fr3:HE593588	HE593588		HE593588.1	HE593588.1	NW_004075054.1
fr3:HE593589	HE593589		HE593589.1	HE593589.1	NW_004075055.1
fr3:HE593590	HE593590		HE593590.1	HE593590.1	NW_004075056.1
fr3:HE593591	HE593591		HE593591.1	HE593591.1	NW_004075057.1
fr3:HE593592	HE593592		HE593592.1	HE593592.1	NW_004075058.1
fr3:HE593593	HE593593		HE593593.1	HE593593.1	NW_004075059.1
fr3:HE593594	HE593594		HE593594.1	HE593594.1	NW_004075060.1
fr3:HE593595	HE593595		HE593595.1	HE593595.1	NW_004075061.1
fr3:HE593596	HE593596		HE593596.1	HE593596.1	NW_004075062.1
fr3:HE593597	HE593597		HE593597.1	HE593597.1	NW_004075063.1
fr3:HE593598	HE593598		HE593598.1	HE593598.1	NW_004075064.1
fr3:HE593599	HE593599		HE593599.1	HE593599.1	NW_004075065.1
fr3:HE593600	HE593600		HE593600.1	HE593600.1	NW_004075066.1
fr3:HE593601	HE593601		HE593601.1	HE593601.1	NW_004075067.1
fr3:HE593602	HE593602		HE593602.1	HE593602.1	NW_004075068.1
fr3:HE593603	HE593603		HE593603.1	HE593603.1	NW_004075069.1
fr3:HE593604	HE593604		HE593604.1	HE593604.1	NW_004075070.1
fr3:HE593605	HE593605		HE593605.1	HE593605.1	NW_004075071.1
fr3:HE593606	HE593606		HE593606.1	HE593606.1	NW_004075072.1
fr3:HE593607	HE593607		HE593607.1	HE593607.1	NW_004075073.1
fr3:HE593608	HE593608		HE593608.1	HE593608.1	NW_004075074.1
fr3:HE593609	HE593609		HE593609.1	HE593609.1	NW_004075075.1
fr3:HE593610	HE593610		HE593610.1	HE593610.1	NW_004075076.1
fr3:HE593611	HE593611		HE593611.1	HE593611.1	NW_004075077.1
fr3:HE593612	HE593612		HE593612.1	HE593612.1	NW_004075078.1
fr3:HE593613	HE593613		HE593613.1	HE593613.1	NW_004075079.1
fr3:HE593614	HE593614		HE593614.1	HE593614.1	NW_004075080.1
fr3:HE593615	HE593615		HE593615.1	HE593615.1	NW_004075081.1
fr3:HE593616	HE593616		HE593616.1	HE593616.1	NW_004075082.1
fr3:HE593617	HE593617		HE593617.1	HE593617.1	NW_004075083.1
fr3:HE593618	HE593618		HE593618.1	HE593618.1	NW_004075084.1
fr3:HE593619	HE593619		HE593619.1	HE593619.1	NW_004075085.1
fr3:HE593620	HE593620		HE593620.1	HE593620.1	NW_004075086.1
fr3:HE593621	HE593621		HE593621.1	HE593621.1	NW_004075087.1
fr3:HE593622	HE593622		HE593622.1	HE593622.1	NW_004075088.1
fr3:HE593623	HE593623		HE593623.1	HE593623.1	NW_004075089.1
fr3:HE593624	HE593624		HE593624.1	HE593624.1	NW_004075090.1
fr3:HE593625	HE593625		HE593625.1	HE593625.1	NW_004075091.1
fr3:HE593626	HE593626		HE593626.1	HE593626.1	NW_004075092.1
fr3:HE593627	HE593627		HE593627.1	HE593627.1	NW_004075093.1
fr3:HE593628	HE593628		HE593628.1	HE593628.1	NW_004075094.1
fr3:HE593629	HE593629		HE593629.1	HE593629.1	NW_004075095.1
fr3:HE593630	HE593630		HE593630.1	HE593630.1	NW_004075096.1
fr3:HE593631	HE593631		HE593631.1	HE593631.1	NW_004075097.1
fr3:HE593632	HE593632		HE593632.1	HE593632.1	NW_004075098.1
fr3:HE593633	HE593633		HE593633.1	HE593633.1	NW_004075099.1
fr3:HE593634	HE593634		HE593634.1	HE593634.1	NW_004075100.1
fr3:HE593635	HE593635		HE593635.1	HE593635.1	NW_004075101.1
fr3:HE593636	HE593636		HE593636.1	HE593636.1	NW_004075102.1
fr3:HE593637	HE593637		HE593637.1	HE593637.1	NW_004075103.1
fr3:HE593638	HE593638		HE593638.1	HE593638.1	NW_004075104.1
fr3:HE593639	HE593639		HE593639.1	HE593639.1	NW_004075105.1
fr3:HE593640	HE593640		HE593640.1	HE593640.1	NW_004075106.1
fr3:HE593641	HE593641		HE593641.1	HE593641.1	NW_004075107.1
fr3:HE593642	HE593642		HE593642.1	HE593642.1	NW_004075108.1
fr3:HE593643	HE593643		HE593643.1	HE593643.1	NW_004075109.1
fr3:HE593644	HE593644		HE593644.1	HE593644.1	NW_004075110.1
fr3:HE593645	HE593645		HE593645.1	HE593645.1	NW_004075111.1
fr3:HE593646	HE593646		HE593646.1	HE593646.1	NW_004075112.1
fr3:HE593647	HE593647		HE593647.1	HE593647.1	NW_004075113.1
fr3:HE593648	HE593648		HE593648.1	HE593648.1	NW_004075114.1
fr3:HE593649	HE593649		HE593649.1	HE593649.1	NW_004075115.1
fr3:HE593650	HE593650		HE593650.1	HE593650.1	NW_004075116.1
fr3:HE593651	HE593651		HE593651.1	HE593651.1	NW_004075117.1
fr3:HE593652	HE593652		HE593652.1	HE593652.1	NW_004075118.1
fr3:HE593653	HE593653		HE593653.1	HE593653.1	NW_004075119.1
fr3:HE593654	HE593654		HE593654.1	HE593654.1	NW_004075120.1
fr3:HE593655	HE593655		HE593655.1	HE593655.1	NW_004075121.1
fr3:HE593656	HE593656		HE593656.1	HE593656.1	NW_004075122.1
fr3:HE593657	HE593657		HE593657.1	HE593657.1	NW_004075123.1
fr3:HE593658	HE593658		HE593658.1	HE593658.1	NW_004075124.1
fr3:HE593659	HE593659		HE593659.1	HE593659.1	NW_004075125.1
fr3:HE593660	HE593660		HE593660.1	HE593660.1	NW_004075126.1
fr3:HE593661	HE593661		HE593661.1	HE593661.1	NW_004075127.1
fr3:HE593662	HE593662		HE593662.1	HE593662.1	NW_004075128.1
fr3:HE593663	HE593663		HE593663.1	HE593663.1	NW_004075129.1
fr3:HE593664	HE593664		HE593664.1	HE593664.1	NW_004075130.1
fr3:HE593665	HE593665		HE593665.1	HE593665.1	NW_004075131.1
fr3:HE593666	HE593666		HE593666.1	HE593666.1	NW_004075132.1
fr3:HE593667	HE593667		HE593667.1	HE593667.1	NW_004075133.1
fr3:HE593668	HE593668		HE593668.1	HE593668.1	NW_004075134.1
fr3:HE593669	HE593669		HE593669.1	HE593669.1	NW_004075135.1
fr3:HE593670	HE593670		HE593670.1	HE593670.1	NW_004075136.1
fr3:HE593671	HE593671		HE593671.1	HE593671.1	NW_004075137.1
fr3:HE593672	HE593672		HE593672.1	HE593672.1	NW_004075138.1
fr3:HE593673	HE593673		HE593673.1	HE593673.1	NW_004075139.1
fr3:HE593674	HE593674		HE593674.1	HE593674.1	NW_004075140.1
fr3:HE593675	HE593675		HE593675.1	HE593675.1	NW_004075141.1
fr3:HE593676	HE593676		HE593676.1	HE593676.1	NW_004075142.1
fr3:HE593677	HE593677		HE593677.1	HE593677.1	NW_004075143.1
fr3:HE593678	HE593678		HE593678.1	HE593678.1	NW_004075144.1
fr3:HE593679	HE593679		HE593679.1	HE593679.1	NW_004075145.1
fr3:HE593680	HE593680		HE593680.1	HE593680.1	NW_004075146.1
fr3:HE593681	HE593681		HE593681.1	HE593681.1	NW_004075147.1
fr3:HE593682	HE593682		HE593682.1	HE593682.1	NW_004075148.1
fr3:HE593683	HE593683		HE593683.1	HE593683.1	NW_004075149.1
fr3:HE593684	HE593684		HE593684.1	HE593684.1	NW_004075150.1
fr3:HE593685	HE593685		HE593685.1	HE593685.1	NW_004075151.1
fr3:HE593686	HE593686		HE593686.1	HE593686.1	NW_004075152.1
fr3:HE593687	HE593687		HE593687.1	HE593687.1	NW_004075153.1
fr3:HE593688	HE593688		HE593688.1	HE593688.1	NW_004075154.1
fr3:HE593689	HE593689		HE593689.1	HE593689.1	NW_004075155.1
fr3:HE593690	HE593690		HE593690.1	HE593690.1	NW_004075156.1
fr3:HE593691	HE593691		HE593691.1	HE593691.1	NW_004075157.1
fr3:HE593692	HE593692		HE593692.1	HE593692.1	NW_004075158.1
fr3:HE593693	HE593693		HE593693.1	HE593693.1	NW_004075159.1
fr3:HE593694	HE593694		HE593694.1	HE593694.1	NW_004075160.1
fr3:HE593695	HE593695		HE593695.1	HE593695.1	NW_004075161.1
fr3:HE593696	HE593696		HE593696.1	HE593696.1	NW_004075162.1
fr3:HE593697	HE593697		HE593697.1	HE593697.1	NW_004075163.1
fr3:HE593698	HE593698		HE593698.1	HE593698.1	NW_004075164.1
fr3:HE593699	HE593699		HE593699.1	HE593699.1	NW_004075165.1
fr3:HE593700	HE593700		HE593700.1	HE593700.1	NW_004075166.1
fr3:HE593701	HE593701		HE593701.1	HE593701.1	NW_004075167.1
fr3:HE593702	HE593702		HE593702.1	HE593702.1	NW_004075168.1
fr3:HE593703	HE593703		HE593703.1	HE593703.1	NW_004075169.1
fr3:HE593704	HE593704		HE593704.1	HE593704.1	NW_004075170.1
fr3:HE593705	HE593705		HE593705.1	HE593705.1	NW_004075171.1
fr3:HE593706	HE593706		HE593706.1	HE593706.1	NW_004075172.1
fr3:HE593707	HE593707		HE593707.1	HE593707.1	NW_004075173.1
fr3:HE593708	HE593708		HE593708.1	HE593708.1	NW_004075174.1
fr3:HE593709	HE593709		HE593709.1	HE593709.1	NW_004075175.1
fr3:HE593710	HE593710		HE593710.1	HE593710.1	NW_004075176.1
fr3:HE593711	HE593711		HE593711.1	HE593711.1	NW_004075177.1
fr3:HE593712	HE593712		HE593712.1	HE593712.1	NW_004075178.1
fr3:HE593713	HE593713		HE593713.1	HE593713.1	NW_004075179.1
fr3:HE593714	HE593714		HE593714.1	HE593714.1	NW_004075180.1
fr3:HE593715	HE593715		HE593715.1	HE593715.1	NW_004075181.1
fr3:HE593716	HE593716		HE593716.1	HE593716.1	NW_004075182.1
fr3:HE593717	HE593717		HE593717.1	HE593717.1	NW_004075183.1
fr3:HE593718	HE593718		HE593718.1	HE593718.1	NW_004075184.1
fr3:HE593719	HE593719		HE593719.1	HE593719.1	NW_004075185.1
fr3:HE593720	HE593720		HE593720.1	HE593720.1	NW_004075186.1
fr3:HE593721	HE593721		HE593721.1	HE593721.1	NW_004075187.1
fr3:HE593722	HE593722		HE593722.1	HE593722.1	NW_004075188.1
fr3:HE593723	HE593723		HE593723.1	HE593723.1	NW_004075189.1
fr3:HE593724	HE593724		HE593724.1	HE593724.1	NW_004075190.1
fr3:HE593725	HE593725		HE593725.1	HE593725.1	NW_004075191.1
fr3:HE593726	HE593726		HE593726.1	HE593726.1	NW_004075192.1
fr3:HE593727	HE593727		HE593727.1	HE593727.1	NW_004075193.1
fr3:HE593728	HE593728		HE593728.1	HE593728.1	NW_004075194.1
fr3:HE593729	HE593729		HE593729.1	HE593729.1	NW_004075195.1
fr3:HE593730	HE593730		HE593730.1	HE593730.1	NW_004075196.1
fr3:HE593731	HE593731		HE593731.1	HE593731.1	NW_004075197.1
fr3:HE593732	HE593732		HE593732.1	HE593732.1	NW_004075198.1
fr3:HE593733	HE593733		HE593733.1	HE593733.1	NW_004075199.1
fr3:HE593734	HE593734		HE593734.1	HE593734.1	NW_004075200.1
fr3:HE593735	HE593735		HE593735.1	HE593735.1	NW_004075201.1
fr3:HE593736	HE593736		HE593736.1	HE593736.1	NW_004075202.1
fr3:HE593737	HE593737		HE593737.1	HE593737.1	NW_004074652.1
fr3:HE593738	HE593738		HE593738.1	HE593738.1	NW_004074653.1
fr3:HE593739	HE593739		HE593739.1	HE593739.1	NW_004075203.1
fr3:HE593740	HE593740		HE593740.1	HE593740.1	NW_004075233.1
fr3:HE593741	HE593741		HE593741.1	HE593741.1	NW_004075234.1
fr3:HE593742	HE593742		HE593742.1	HE593742.1	NW_004075235.1
fr3:HE593743	HE593743		HE593743.1	HE593743.1	NW_004075236.1
fr3:HE593744	HE593744		HE593744.1	HE593744.1	NW_004075237.1
fr3:HE593745	HE593745		HE593745.1	HE593745.1	NW_004075238.1
fr3:HE593746	HE593746		HE593746.1	HE593746.1	NW_004075239.1
fr3:HE593747	HE593747		HE593747.1	HE593747.1	NW_004075240.1
fr3:HE593748	HE593748		HE593748.1	HE593748.1	NW_004075241.1
fr3:HE593749	HE593749		HE593749.1	HE593749.1	NW_004075242.1
fr3:HE593750	HE593750		HE593750.1	HE593750.1	NW_004075243.1
fr3:HE593751	HE593751		HE593751.1	HE593751.1	NW_004075244.1
fr3:HE593752	HE593752		HE593752.1	HE593752.1	NW_004075245.1
fr3:HE593753	HE593753		HE593753.1	HE593753.1	NW_004075246.1
fr3:HE593754	HE593754		HE593754.1	HE593754.1	NW_004075247.1
fr3:HE593755	HE593755		HE593755.1	HE593755.1	NW_004075248.1
fr3:HE593756	HE593756		HE593756.1	HE593756.1	NW_004075249.1
fr3:HE593757	HE593757		HE593757.1	HE593757.1	NW_004075250.1
fr3:HE593758	HE593758		HE593758.1	HE593758.1	NW_004075251.1
fr3:HE593759	HE593759		HE593759.1	HE593759.1	NW_004075252.1
fr3:HE593760	HE593760		HE593760.1	HE593760.1	NW_004075253.1
fr3:HE593761	HE593761		HE593761.1	HE593761.1	NW_004075254.1
fr3:HE593762	HE593762		HE593762.1	HE593762.1	NW_004075255.1
fr3:HE593763	HE593763		HE593763.1	HE593763.1	NW_004075256.1
fr3:HE593764	HE593764		HE593764.1	HE593764.1	NW_004075257.1
fr3:HE593765	HE593765		HE593765.1	HE593765.1	NW_004075258.1
fr3:HE593766	HE593766		HE593766.1	HE593766.1	NW_004075259.1
fr3:HE593767	HE593767		HE593767.1	HE593767.1	NW_004075260.1
fr3:HE593768	HE593768		HE593768.1	HE593768.1	NW_004075261.1
fr3:HE593769	HE593769		HE593769.1	HE593769.1	NW_004075262.1
fr3:HE593770	HE593770		HE593770.1	HE593770.1	NW_004075263.1
fr3:HE593771	HE593771		HE593771.1	HE593771.1	NW_004075264.1
fr3:HE593772	HE593772		HE593772.1	HE593772.1	NW_004075265.1
fr3:HE593773	HE593773		HE593773.1	HE593773.1	NW_004075266.1
fr3:HE593774	HE593774		HE593774.1	HE593774.1	NW_004075267.1
fr3:HE593775	HE593775		HE593775.1	HE593775.1	NW_004075268.1
fr3:HE593776	HE593776		HE593776.1	HE593776.1	NW_004075269.1
fr3:HE593777	HE593777		HE593777.1	HE593777.1	NW_004075270.1
fr3:HE593778	HE593778		HE593778.1	HE593778.1	NW_004075271.1
fr3:HE593779	HE593779		HE593779.1	HE593779.1	NW_004075272.1
fr3:HE593780	HE593780		HE593780.1	HE593780.1	NW_004075273.1
fr3:HE593781	HE593781		HE593781.1	HE593781.1	NW_004075274.1
fr3:HE593782	HE593782		HE593782.1	HE593782.1	NW_004075275.1
fr3:HE593783	HE593783		HE593783.1	HE593783.1	NW_004075276.1
fr3:HE593784	HE593784		HE593784.1	HE593784.1	NW_004075277.1
fr3:HE593785	HE593785		HE593785.1	HE593785.1	NW_004075278.1
fr3:HE593786	HE593786		HE593786.1	HE593786.1	NW_004075279.1
fr3:HE593787	HE593787		HE593787.1	HE593787.1	NW_004075280.1
fr3:HE593788	HE593788		HE593788.1	HE593788.1	NW_004075281.1
fr3:HE593789	HE593789		HE593789.1	HE593789.1	NW_004075282.1
fr3:HE593790	HE593790		HE593790.1	HE593790.1	NW_004075283.1
fr3:HE593791	HE593791		HE593791.1	HE593791.1	NW_004075284.1
fr3:HE593792	HE593792		HE593792.1	HE593792.1	NW_004075285.1
fr3:HE593793	HE593793		HE593793.1	HE593793.1	NW_004075286.1
fr3:HE593794	HE593794		HE593794.1	HE593794.1	NW_004075287.1
fr3:HE593795	HE593795		HE593795.1	HE593795.1	NW_004075288.1
fr3:HE593796	HE593796		HE593796.1	HE593796.1	NW_004075289.1
fr3:HE593797	HE593797		HE593797.1	HE593797.1	NW_004075290.1
fr3:HE593798	HE593798		HE593798.1	HE593798.1	NW_004075291.1
fr3:HE593799	HE593799		HE593799.1	HE593799.1	NW_004075292.1
fr3:HE593800	HE593800		HE593800.1	HE593800.1	NW_004075293.1
fr3:HE593801	HE593801		HE593801.1	HE593801.1	NW_004075294.1
fr3:HE593802	HE593802		HE593802.1	HE593802.1	NW_004075295.1
fr3:HE593803	HE593803		HE593803.1	HE593803.1	NW_004075296.1
fr3:HE593804	HE593804		HE593804.1	HE593804.1	NW_004075297.1
fr3:HE593805	HE593805		HE593805.1	HE593805.1	NW_004075298.1
fr3:HE593806	HE593806		HE593806.1	HE593806.1	NW_004075299.1
fr3:HE593807	HE593807		HE593807.1	HE593807.1	NW_004075300.1
fr3:HE593808	HE593808		HE593808.1	HE593808.1	NW_004075301.1
fr3:HE593809	HE593809		HE593809.1	HE593809.1	NW_004075302.1
fr3:HE593810	HE593810		HE593810.1	HE593810.1	NW_004075303.1
fr3:HE593811	HE593811		HE593811.1	HE593811.1	NW_004075304.1
fr3:HE593812	HE593812		HE593812.1	HE593812.1	NW_004075305.1
fr3:HE593813	HE593813		HE593813.1	HE593813.1	NW_004075306.1
fr3:HE593814	HE593814		HE593814.1	HE593814.1	NW_004075307.1
fr3:HE593815	HE593815		HE593815.1	HE593815.1	NW_004075308.1
fr3:HE593816	HE593816		HE593816.1	HE593816.1	NW_004075309.1
fr3:HE593817	HE593817		HE593817.1	HE593817.1	NW_004075310.1
fr3:HE593818	HE593818		HE593818.1	HE593818.1	NW_004075311.1
fr3:HE593819	HE593819		HE593819.1	HE593819.1	NW_004075312.1
fr3:HE593820	HE593820		HE593820.1	HE593820.1	NW_004075313.1
fr3:HE593821	HE593821		HE593821.1	HE593821.1	NW_004075314.1
fr3:HE593822	HE593822		HE593822.1	HE593822.1	NW_004075315.1
fr3:HE593823	HE593823		HE593823.1	HE593823.1	NW_004075316.1
fr3:HE593824	HE593824		HE593824.1	HE593824.1	NW_004075317.1
fr3:HE593825	HE593825		HE593825.1	HE593825.1	NW_004075318.1
fr3:HE593826	HE593826		HE593826.1	HE593826.1	NW_004075319.1
fr3:HE593827	HE593827		HE593827.1	HE593827.1	NW_004075320.1
fr3:HE593828	HE593828		HE593828.1	HE593828.1	NW_004075321.1
fr3:HE593829	HE593829		HE593829.1	HE593829.1	NW_004075322.1
fr3:HE593830	HE593830		HE593830.1	HE593830.1	NW_004075323.1
fr3:HE593831	HE593831		HE593831.1	HE593831.1	NW_004075324.1
fr3:HE593832	HE593832		HE593832.1	HE593832.1	NW_004075325.1
fr3:HE593833	HE593833		HE593833.1	HE593833.1	NW_004075326.1
fr3:HE593834	HE593834		HE593834.1	HE593834.1	NW_004075327.1
fr3:HE593835	HE593835		HE593835.1	HE593835.1	NW_004075328.1
fr3:HE593836	HE593836		HE593836.1	HE593836.1	NW_004075329.1
fr3:HE593837	HE593837		HE593837.1	HE593837.1	NW_004075330.1
fr3:HE593838	HE593838		HE593838.1	HE593838.1	NW_004075331.1
fr3:HE593839	HE593839		HE593839.1	HE593839.1	NW_004075332.1
fr3:HE593840	HE593840		HE593840.1	HE593840.1	NW_004075333.1
fr3:HE593841	HE593841		HE593841.1	HE593841.1	NW_004075334.1
fr3:HE593842	HE593842		HE593842.1	HE593842.1	NW_004075335.1
fr3:HE593843	HE593843		HE593843.1	HE593843.1	NW_004075336.1
fr3:HE593844	HE593844		HE593844.1	HE593844.1	NW_004075337.1
fr3:HE593845	HE593845		HE593845.1	HE593845.1	NW_004075338.1
fr3:HE593846	HE593846		HE593846.1	HE593846.1	NW_004075339.1
fr3:HE593847	HE593847		HE593847.1	HE593847.1	NW_004075340.1
fr3:HE593848	HE593848		HE593848.1	HE593848.1	NW_004075341.1
fr3:HE593849	HE593849		HE593849.1	HE593849.1	NW_004075342.1
fr3:HE593850	HE593850		HE593850.1	HE593850.1	NW_004075343.1
fr3:HE593851	HE593851		HE593851.1	HE593851.1	NW_004075344.1
fr3:HE593852	HE593852		HE593852.1	HE593852.1	NW_004075345.1
fr3:HE593853	HE593853		HE593853.1	HE593853.1	NW_004075346.1
fr3:HE593854	HE593854		HE593854.1	HE593854.1	NW_004075347.1
fr3:HE593855	HE593855		HE593855.1	HE593855.1	NW_004075348.1
fr3:HE593856	HE593856		HE593856.1	HE593856.1	NW_004075349.1
fr3:HE593857	HE593857		HE593857.1	HE593857.1	NW_004075350.1
fr3:HE593858	HE593858		HE593858.1	HE593858.1	NW_004075351.1
fr3:HE593859	HE593859		HE593859.1	HE593859.1	NW_004075352.1
fr3:HE593860	HE593860		HE593860.1	HE593860.1	NW_004075353.1
fr3:HE593861	HE593861		HE593861.1	HE593861.1	NW_004075354.1
fr3:HE593862	HE593862		HE593862.1	HE593862.1	NW_004075355.1
fr3:HE593863	HE593863		HE593863.1	HE593863.1	NW_004075356.1
fr3:HE593864	HE593864		HE593864.1	HE593864.1	NW_004075357.1
fr3:HE593865	HE593865		HE593865.1	HE593865.1	NW_004075358.1
fr3:HE593866	HE593866		HE593866.1	HE593866.1	NW_004075359.1
fr3:HE593867	HE593867		HE593867.1	HE593867.1	NW_004075360.1
fr3:HE593868	HE593868		HE593868.1	HE593868.1	NW_004075361.1
fr3:HE593869	HE593869		HE593869.1	HE593869.1	NW_004075362.1
fr3:HE593870	HE593870		HE593870.1	HE593870.1	NW_004075363.1
fr3:HE593871	HE593871		HE593871.1	HE593871.1	NW_004075364.1
fr3:HE593872	HE593872		HE593872.1	HE593872.1	NW_004075365.1
fr3:HE593873	HE593873		HE593873.1	HE593873.1	NW_004075366.1
fr3:HE593874	HE593874		HE593874.1	HE593874.1	NW_004075367.1
fr3:HE593875	HE593875		HE593875.1	HE593875.1	NW_004075368.1
fr3:HE593876	HE593876		HE593876.1	HE593876.1	NW_004075369.1
fr3:HE593877	HE593877		HE593877.1	HE593877.1	NW_004075370.1
fr3:HE593878	HE593878		HE593878.1	HE593878.1	NW_004075371.1
fr3:HE593879	HE593879		HE593879.1	HE593879.1	NW_004075372.1
fr3:HE593880	HE593880		HE593880.1	HE593880.1	NW_004075373.1
fr3:HE593881	HE593881		HE593881.1	HE593881.1	NW_004075374.1
fr3:HE593882	HE593882		HE593882.1	HE593882.1	NW_004075375.1
fr3:HE593883	HE593883		HE593883.1	HE593883.1	NW_004075376.1
fr3:HE593884	HE593884		HE593884.1	HE593884.1	NW_004075377.1
fr3:HE593885	HE593885		HE593885.1	HE593885.1	NW_004075378.1
fr3:HE593886	HE593886		HE593886.1	HE593886.1	NW_004075379.1
fr3:HE593887	HE593887		HE593887.1	HE593887.1	NW_004075380.1
fr3:HE593888	HE593888		HE593888.1	HE593888.1	NW_004075381.1
fr3:HE593889	HE593889		HE593889.1	HE593889.1	NW_004075382.1
fr3:HE593890	HE593890		HE593890.1	HE593890.1	NW_004075383.1
fr3:HE593891	HE593891		HE593891.1	HE593891.1	NW_004075384.1
fr3:HE593892	HE593892		HE593892.1	HE593892.1	NW_004075385.1
fr3:HE593893	HE593893		HE593893.1	HE593893.1	NW_004075386.1
fr3:HE593894	HE593894		HE593894.1	HE593894.1	NW_004075387.1
fr3:HE593895	HE593895		HE593895.1	HE593895.1	NW_004075388.1
fr3:HE593896	HE593896		HE593896.1	HE593896.1	NW_004077510.1
fr3:HE593897	HE593897		HE593897.1	HE593897.1	NW_004075389.1
fr3:HE593898	HE593898		HE593898.1	HE593898.1	NW_004075390.1
fr3:HE593899	HE593899		HE593899.1	HE593899.1	NW_004075391.1
fr3:HE593900	HE593900		HE593900.1	HE593900.1	NW_004075392.1
fr3:HE593901	HE593901		HE593901.1	HE593901.1	NW_004075393.1
fr3:HE593902	HE593902		HE593902.1	HE593902.1	NW_004075394.1
fr3:HE593903	HE593903		HE593903.1	HE593903.1	NW_004075395.1
fr3:HE593904	HE593904		HE593904.1	HE593904.1	NW_004075396.1
fr3:HE593905	HE593905		HE593905.1	HE593905.1	NW_004075397.1
fr3:HE593906	HE593906		HE593906.1	HE593906.1	NW_004075398.1
fr3:HE593907	HE593907		HE593907.1	HE593907.1	NW_004075399.1
fr3:HE593908	HE593908		HE593908.1	HE593908.1	NW_004075400.1
fr3:HE593909	HE593909		HE593909.1	HE593909.1	NW_004075401.1
fr3:HE593910	HE593910		HE593910.1	HE593910.1	NW_004075402.1
fr3:HE593911	HE593911		HE593911.1	HE593911.1	NW_004075403.1
fr3:HE593912	HE593912		HE593912.1	HE593912.1	NW_004075404.1
fr3:HE593913	HE593913		HE593913.1	HE593913.1	NW_004075405.1
fr3:HE593914	HE593914		HE593914.1	HE593914.1	NW_004075406.1
fr3:HE593915	HE593915		HE593915.1	HE593915.1	NW_004075407.1
fr3:HE593916	HE593916		HE593916.1	HE593916.1	NW_004075408.1
fr3:HE593917	HE593917		HE593917.1	HE593917.1	NW_004075409.1
fr3:HE593918	HE593918		HE593918.1	HE593918.1	NW_004075410.1
fr3:HE593919	HE593919		HE593919.1	HE593919.1	NW_004075411.1
fr3:HE593920	HE593920		HE593920.1	HE593920.1	NW_004075412.1
fr3:HE593921	HE593921		HE593921.1	HE593921.1	NW_004075413.1
fr3:HE593922	HE593922		HE593922.1	HE593922.1	NW_004075414.1
fr3:HE593923	HE593923		HE593923.1	HE593923.1	NW_004075415.1
fr3:HE593924	HE593924		HE593924.1	HE593924.1	NW_004075416.1
fr3:HE593925	HE593925		HE593925.1	HE593925.1	NW_004075417.1
fr3:HE593926	HE593926		HE593926.1	HE593926.1	NW_004075418.1
fr3:HE593927	HE593927		HE593927.1	HE593927.1	NW_004075419.1
fr3:HE593928	HE593928		HE593928.1	HE593928.1	NW_004075420.1
fr3:HE593929	HE593929		HE593929.1	HE593929.1	NW_004075421.1
fr3:HE593930	HE593930		HE593930.1	HE593930.1	NW_004075422.1
fr3:HE593931	HE593931		HE593931.1	HE593931.1	NW_004075423.1
fr3:HE593932	HE593932		HE593932.1	HE593932.1	NW_004075424.1
fr3:HE593933	HE593933		HE593933.1	HE593933.1	NW_004075425.1
fr3:HE593934	HE593934		HE593934.1	HE593934.1	NW_004075426.1
fr3:HE593935	HE593935		HE593935.1	HE593935.1	NW_004075427.1
fr3:HE593936	HE593936		HE593936.1	HE593936.1	NW_004075428.1
fr3:HE593937	HE593937		HE593937.1	HE593937.1	NW_004075232.1
fr3:HE593938	HE593938		HE593938.1	HE593938.1	NW_004075429.1
fr3:HE593939	HE593939		HE593939.1	HE593939.1	NW_004075430.1
fr3:HE593940	HE593940		HE593940.1	HE593940.1	NW_004075431.1
fr3:HE593941	HE593941		HE593941.1	HE593941.1	NW_004075432.1
fr3:HE593942	HE593942		HE593942.1	HE593942.1	NW_004075433.1
fr3:HE593943	HE593943		HE593943.1	HE593943.1	NW_004075434.1
fr3:HE593944	HE593944		HE593944.1	HE593944.1	NW_004075435.1
fr3:HE593945	HE593945		HE593945.1	HE593945.1	NW_004075436.1
fr3:HE593946	HE593946		HE593946.1	HE593946.1	NW_004075437.1
fr3:HE593947	HE593947		HE593947.1	HE593947.1	NW_004075438.1
fr3:HE593948	HE593948		HE593948.1	HE593948.1	NW_004075439.1
fr3:HE593949	HE593949		HE593949.1	HE593949.1	NW_004075440.1
fr3:HE593950	HE593950		HE593950.1	HE593950.1	NW_004075441.1
fr3:HE593951	HE593951		HE593951.1	HE593951.1	NW_004075442.1
fr3:HE593952	HE593952		HE593952.1	HE593952.1	NW_004075443.1
fr3:HE593953	HE593953		HE593953.1	HE593953.1	NW_004075444.1
fr3:HE593954	HE593954		HE593954.1	HE593954.1	NW_004075445.1
fr3:HE593955	HE593955		HE593955.1	HE593955.1	NW_004075446.1
fr3:HE593956	HE593956		HE593956.1	HE593956.1	NW_004075447.1
fr3:HE593957	HE593957		HE593957.1	HE593957.1	NW_004075448.1
fr3:HE593958	HE593958		HE593958.1	HE593958.1	NW_004075449.1
fr3:HE593959	HE593959		HE593959.1	HE593959.1	NW_004075450.1
fr3:HE593960	HE593960		HE593960.1	HE593960.1	NW_004075451.1
fr3:HE593961	HE593961		HE593961.1	HE593961.1	NW_004075452.1
fr3:HE593962	HE593962		HE593962.1	HE593962.1	NW_004075453.1
fr3:HE593963	HE593963		HE593963.1	HE593963.1	NW_004075454.1
fr3:HE593964	HE593964		HE593964.1	HE593964.1	NW_004075455.1
fr3:HE593965	HE593965		HE593965.1	HE593965.1	NW_004075456.1
fr3:HE593966	HE593966		HE593966.1	HE593966.1	NW_004075457.1
fr3:HE593967	HE593967		HE593967.1	HE593967.1	NW_004075458.1
fr3:HE593968	HE593968		HE593968.1	HE593968.1	NW_004075459.1
fr3:HE593969	HE593969		HE593969.1	HE593969.1	NW_004075460.1
fr3:HE593970	HE593970		HE593970.1	HE593970.1	NW_004075461.1
fr3:HE593971	HE593971		HE593971.1	HE593971.1	NW_004075462.1
fr3:HE593972	HE593972		HE593972.1	HE593972.1	NW_004075463.1
fr3:HE593973	HE593973		HE593973.1	HE593973.1	NW_004075464.1
fr3:HE593974	HE593974		HE593974.1	HE593974.1	NW_004075465.1
fr3:HE593975	HE593975		HE593975.1	HE593975.1	NW_004075466.1
fr3:HE593976	HE593976		HE593976.1	HE593976.1	NW_004075467.1
fr3:HE593977	HE593977		HE593977.1	HE593977.1	NW_004075468.1
fr3:HE593978	HE593978		HE593978.1	HE593978.1	NW_004075469.1
fr3:HE593979	HE593979		HE593979.1	HE593979.1	NW_004075470.1
fr3:HE593980	HE593980		HE593980.1	HE593980.1	NW_004075471.1
fr3:HE593981	HE593981		HE593981.1	HE593981.1	NW_004075472.1
fr3:HE593982	HE593982		HE593982.1	HE593982.1	NW_004075473.1
fr3:HE593983	HE593983		HE593983.1	HE593983.1	NW_004075474.1
fr3:HE593984	HE593984		HE593984.1	HE593984.1	NW_004075475.1
fr3:HE593985	HE593985		HE593985.1	HE593985.1	NW_004075476.1
fr3:HE593986	HE593986		HE593986.1	HE593986.1	NW_004075477.1
fr3:HE593987	HE593987		HE593987.1	HE593987.1	NW_004075478.1
fr3:HE593988	HE593988		HE593988.1	HE593988.1	NW_004075479.1
fr3:HE593989	HE593989		HE593989.1	HE593989.1	NW_004075480.1
fr3:HE593990	HE593990		HE593990.1	HE593990.1	NW_004075481.1
fr3:HE593991	HE593991		HE593991.1	HE593991.1	NW_004075482.1
fr3:HE593992	HE593992		HE593992.1	HE593992.1	NW_004075483.1
fr3:HE593993	HE593993		HE593993.1	HE593993.1	NW_004075484.1
fr3:HE593994	HE593994		HE593994.1	HE593994.1	NW_004075485.1
fr3:HE593995	HE593995		HE593995.1	HE593995.1	NW_004075486.1
fr3:HE593996	HE593996		HE593996.1	HE593996.1	NW_004075487.1
fr3:HE593997	HE593997		HE593997.1	HE593997.1	NW_004075488.1
fr3:HE593998	HE593998		HE593998.1	HE593998.1	NW_004075489.1
fr3:HE593999	HE593999		HE593999.1	HE593999.1	NW_004075490.1
fr3:HE594000	HE594000		HE594000.1	HE594000.1	NW_004075491.1
fr3:HE594001	HE594001		HE594001.1	HE594001.1	NW_004075492.1
fr3:HE594002	HE594002		HE594002.1	HE594002.1	NW_004075493.1
fr3:HE594003	HE594003		HE594003.1	HE594003.1	NW_004075494.1
fr3:HE594004	HE594004		HE594004.1	HE594004.1	NW_004075495.1
fr3:HE594005	HE594005		HE594005.1	HE594005.1	NW_004075496.1
fr3:HE594006	HE594006		HE594006.1	HE594006.1	NW_004075497.1
fr3:HE594007	HE594007		HE594007.1	HE594007.1	NW_004075498.1
fr3:HE594008	HE594008		HE594008.1	HE594008.1	NW_004075499.1
fr3:HE594009	HE594009		HE594009.1	HE594009.1	NW_004075500.1
fr3:HE594010	HE594010		HE594010.1	HE594010.1	NW_004075501.1
fr3:HE594011	HE594011		HE594011.1	HE594011.1	NW_004075502.1
fr3:HE594012	HE594012		HE594012.1	HE594012.1	NW_004075503.1
fr3:HE594013	HE594013		HE594013.1	HE594013.1	NW_004075504.1
fr3:HE594014	HE594014		HE594014.1	HE594014.1	NW_004075505.1
fr3:HE594015	HE594015		HE594015.1	HE594015.1	NW_004075506.1
fr3:HE594016	HE594016		HE594016.1	HE594016.1	NW_004075507.1
fr3:HE594017	HE594017		HE594017.1	HE594017.1	NW_004075508.1
fr3:HE594018	HE594018		HE594018.1	HE594018.1	NW_004075509.1
fr3:HE594019	HE594019		HE594019.1	HE594019.1	NW_004075510.1
fr3:HE594020	HE594020		HE594020.1	HE594020.1	NW_004075511.1
fr3:HE594021	HE594021		HE594021.1	HE594021.1	NW_004075512.1
fr3:HE594022	HE594022		HE594022.1	HE594022.1	NW_004075513.1
fr3:HE594023	HE594023		HE594023.1	HE594023.1	NW_004075514.1
fr3:HE594024	HE594024		HE594024.1	HE594024.1	NW_004075515.1
fr3:HE594025	HE594025		HE594025.1	HE594025.1	NW_004075516.1
fr3:HE594026	HE594026		HE594026.1	HE594026.1	NW_004075517.1
fr3:HE594027	HE594027		HE594027.1	HE594027.1	NW_004075518.1
fr3:HE594028	HE594028		HE594028.1	HE594028.1	NW_004075519.1
fr3:HE594029	HE594029		HE594029.1	HE594029.1	NW_004075520.1
fr3:HE594030	HE594030		HE594030.1	HE594030.1	NW_004075521.1
fr3:HE594031	HE594031		HE594031.1	HE594031.1	NW_004075522.1
fr3:HE594032	HE594032		HE594032.1	HE594032.1	NW_004075523.1
fr3:HE594033	HE594033		HE594033.1	HE594033.1	NW_004075524.1
fr3:HE594034	HE594034		HE594034.1	HE594034.1	NW_004075525.1
fr3:HE594035	HE594035		HE594035.1	HE594035.1	NW_004075526.1
fr3:HE594036	HE594036		HE594036.1	HE594036.1	NW_004075527.1
fr3:HE594037	HE594037		HE594037.1	HE594037.1	NW_004075528.1
fr3:HE594038	HE594038		HE594038.1	HE594038.1	NW_004075529.1
fr3:HE594039	HE594039		HE594039.1	HE594039.1	NW_004075530.1
fr3:HE594040	HE594040		HE594040.1	HE594040.1	NW_004075531.1
fr3:HE594041	HE594041		HE594041.1	HE594041.1	NW_004075532.1
fr3:HE594042	HE594042		HE594042.1	HE594042.1	NW_004075533.1
fr3:HE594043	HE594043		HE594043.1	HE594043.1	NW_004075534.1
fr3:HE594044	HE594044		HE594044.1	HE594044.1	NW_004075535.1
fr3:HE594045	HE594045		HE594045.1	HE594045.1	NW_004075536.1
fr3:HE594046	HE594046		HE594046.1	HE594046.1	NW_004075537.1
fr3:HE594047	HE594047		HE594047.1	HE594047.1	NW_004075538.1
fr3:HE594048	HE594048		HE594048.1	HE594048.1	NW_004075539.1
fr3:HE594049	HE594049		HE594049.1	HE594049.1	NW_004075540.1
fr3:HE594050	HE594050		HE594050.1	HE594050.1	NW_004075541.1
fr3:HE594051	HE594051		HE594051.1	HE594051.1	NW_004075542.1
fr3:HE594052	HE594052		HE594052.1	HE594052.1	NW_004075543.1
fr3:HE594053	HE594053		HE594053.1	HE594053.1	NW_004075544.1
fr3:HE594054	HE594054		HE594054.1	HE594054.1	NW_004075545.1
fr3:HE594055	HE594055		HE594055.1	HE594055.1	NW_004075546.1
fr3:HE594056	HE594056		HE594056.1	HE594056.1	NW_004075547.1
fr3:HE594057	HE594057		HE594057.1	HE594057.1	NW_004075548.1
fr3:HE594058	HE594058		HE594058.1	HE594058.1	NW_004075549.1
fr3:HE594059	HE594059		HE594059.1	HE594059.1	NW_004075550.1
fr3:HE594060	HE594060		HE594060.1	HE594060.1	NW_004075551.1
fr3:HE594061	HE594061		HE594061.1	HE594061.1	NW_004075552.1
fr3:HE594062	HE594062		HE594062.1	HE594062.1	NW_004075553.1
fr3:HE594063	HE594063		HE594063.1	HE594063.1	NW_004075554.1
fr3:HE594064	HE594064		HE594064.1	HE594064.1	NW_004075555.1
fr3:HE594065	HE594065		HE594065.1	HE594065.1	NW_004075556.1
fr3:HE594066	HE594066		HE594066.1	HE594066.1	NW_004075557.1
fr3:HE594067	HE594067		HE594067.1	HE594067.1	NW_004075558.1
fr3:HE594068	HE594068		HE594068.1	HE594068.1	NW_004075559.1
fr3:HE594069	HE594069		HE594069.1	HE594069.1	NW_004075560.1
fr3:HE594070	HE594070		HE594070.1	HE594070.1	NW_004075561.1
fr3:HE594071	HE594071		HE594071.1	HE594071.1	NW_004075562.1
fr3:HE594072	HE594072		HE594072.1	HE594072.1	NW_004075563.1
fr3:HE594073	HE594073		HE594073.1	HE594073.1	NW_004075564.1
fr3:HE594074	HE594074		HE594074.1	HE594074.1	NW_004075565.1
fr3:HE594075	HE594075		HE594075.1	HE594075.1	NW_004075566.1
fr3:HE594076	HE594076		HE594076.1	HE594076.1	NW_004075567.1
fr3:HE594077	HE594077		HE594077.1	HE594077.1	NW_004075568.1
fr3:HE594078	HE594078		HE594078.1	HE594078.1	NW_004075569.1
fr3:HE594079	HE594079		HE594079.1	HE594079.1	NW_004075570.1
fr3:HE594080	HE594080		HE594080.1	HE594080.1	NW_004075571.1
fr3:HE594081	HE594081		HE594081.1	HE594081.1	NW_004075572.1
fr3:HE594082	HE594082		HE594082.1	HE594082.1	NW_004075573.1
fr3:HE594083	HE594083		HE594083.1	HE594083.1	NW_004075574.1
fr3:HE594084	HE594084		HE594084.1	HE594084.1	NW_004075575.1
fr3:HE594085	HE594085		HE594085.1	HE594085.1	NW_004075576.1
fr3:HE594086	HE594086		HE594086.1	HE594086.1	NW_004075577.1
fr3:HE594087	HE594087		HE594087.1	HE594087.1	NW_004075578.1
fr3:HE594088	HE594088		HE594088.1	HE594088.1	NW_004075579.1
fr3:HE594089	HE594089		HE594089.1	HE594089.1	NW_004075580.1
fr3:HE594090	HE594090		HE594090.1	HE594090.1	NW_004075581.1
fr3:HE594091	HE594091		HE594091.1	HE594091.1	NW_004075582.1
fr3:HE594092	HE594092		HE594092.1	HE594092.1	NW_004075583.1
fr3:HE594093	HE594093		HE594093.1	HE594093.1	NW_004075584.1
fr3:HE594094	HE594094		HE594094.1	HE594094.1	NW_004075585.1
fr3:HE594095	HE594095		HE594095.1	HE594095.1	NW_004075586.1
fr3:HE594096	HE594096		HE594096.1	HE594096.1	NW_004075587.1
fr3:HE594097	HE594097		HE594097.1	HE594097.1	NW_004075588.1
fr3:HE594098	HE594098		HE594098.1	HE594098.1	NW_004075589.1
fr3:HE594099	HE594099		HE594099.1	HE594099.1	NW_004075590.1
fr3:HE594100	HE594100		HE594100.1	HE594100.1	NW_004075591.1
fr3:HE594101	HE594101		HE594101.1	HE594101.1	NW_004075592.1
fr3:HE594102	HE594102		HE594102.1	HE594102.1	NW_004075593.1
fr3:HE594103	HE594103		HE594103.1	HE594103.1	NW_004075594.1
fr3:HE594104	HE594104		HE594104.1	HE594104.1	NW_004075595.1
fr3:HE594105	HE594105		HE594105.1	HE594105.1	NW_004075596.1
fr3:HE594106	HE594106		HE594106.1	HE594106.1	NW_004075597.1
fr3:HE594107	HE594107		HE594107.1	HE594107.1	NW_004075598.1
fr3:HE594108	HE594108		HE594108.1	HE594108.1	NW_004075599.1
fr3:HE594109	HE594109		HE594109.1	HE594109.1	NW_004075600.1
fr3:HE594110	HE594110		HE594110.1	HE594110.1	NW_004075601.1
fr3:HE594111	HE594111		HE594111.1	HE594111.1	NW_004075602.1
fr3:HE594112	HE594112		HE594112.1	HE594112.1	NW_004075603.1
fr3:HE594113	HE594113		HE594113.1	HE594113.1	NW_004075604.1
fr3:HE594114	HE594114		HE594114.1	HE594114.1	NW_004075605.1
fr3:HE594115	HE594115		HE594115.1	HE594115.1	NW_004075606.1
fr3:HE594116	HE594116		HE594116.1	HE594116.1	NW_004075607.1
fr3:HE594117	HE594117		HE594117.1	HE594117.1	NW_004075608.1
fr3:HE594118	HE594118		HE594118.1	HE594118.1	NW_004075609.1
fr3:HE594119	HE594119		HE594119.1	HE594119.1	NW_004075610.1
fr3:HE594120	HE594120		HE594120.1	HE594120.1	NW_004075611.1
fr3:HE594121	HE594121		HE594121.1	HE594121.1	NW_004075612.1
fr3:HE594122	HE594122		HE594122.1	HE594122.1	NW_004075613.1
fr3:HE594123	HE594123		HE594123.1	HE594123.1	NW_004072996.1
fr3:HE594124	HE594124		HE594124.1	HE594124.1	NW_004072997.1
fr3:HE594125	HE594125		HE594125.1	HE594125.1	NW_004072998.1
fr3:HE594126	HE594126		HE594126.1	HE594126.1	NW_004072999.1
fr3:HE594127	HE594127		HE594127.1	HE594127.1	NW_004073000.1
fr3:HE594128	HE594128		HE594128.1	HE594128.1	NW_004073001.1
fr3:HE594129	HE594129		HE594129.1	HE594129.1	NW_004073002.1
fr3:HE594130	HE594130		HE594130.1	HE594130.1	NW_004073003.1
fr3:HE594131	HE594131		HE594131.1	HE594131.1	NW_004073004.1
fr3:HE594132	HE594132		HE594132.1	HE594132.1	NW_004073005.1
fr3:HE594133	HE594133		HE594133.1	HE594133.1	NW_004073006.1
fr3:HE594134	HE594134		HE594134.1	HE594134.1	NW_004073007.1
fr3:HE594135	HE594135		HE594135.1	HE594135.1	NW_004073008.1
fr3:HE594136	HE594136		HE594136.1	HE594136.1	NW_004073009.1
fr3:HE594137	HE594137		HE594137.1	HE594137.1	NW_004073010.1
fr3:HE594138	HE594138		HE594138.1	HE594138.1	NW_004073011.1
fr3:HE594139	HE594139		HE594139.1	HE594139.1	NW_004073012.1
fr3:HE594140	HE594140		HE594140.1	HE594140.1	NW_004073013.1
fr3:HE594141	HE594141		HE594141.1	HE594141.1	NW_004073014.1
fr3:HE594142	HE594142		HE594142.1	HE594142.1	NW_004073015.1
fr3:HE594143	HE594143		HE594143.1	HE594143.1	NW_004073016.1
fr3:HE594144	HE594144		HE594144.1	HE594144.1	NW_004073017.1
fr3:HE594145	HE594145		HE594145.1	HE594145.1	NW_004073018.1
fr3:HE594146	HE594146		HE594146.1	HE594146.1	NW_004073019.1
fr3:HE594147	HE594147		HE594147.1	HE594147.1	NW_004073020.1
fr3:HE594148	HE594148		HE594148.1	HE594148.1	NW_004073021.1
fr3:HE594149	HE594149		HE594149.1	HE594149.1	NW_004073022.1
fr3:HE594150	HE594150		HE594150.1	HE594150.1	NW_004073023.1
fr3:HE594151	HE594151		HE594151.1	HE594151.1	NW_004073024.1
fr3:HE594152	HE594152		HE594152.1	HE594152.1	NW_004073025.1
fr3:HE594153	HE594153		HE594153.1	HE594153.1	NW_004073026.1
fr3:HE594154	HE594154		HE594154.1	HE594154.1	NW_004073027.1
fr3:HE594155	HE594155		HE594155.1	HE594155.1	NW_004073028.1
fr3:HE594156	HE594156		HE594156.1	HE594156.1	NW_004073029.1
fr3:HE594157	HE594157		HE594157.1	HE594157.1	NW_004073030.1
fr3:HE594158	HE594158		HE594158.1	HE594158.1	NW_004073031.1
fr3:HE594159	HE594159		HE594159.1	HE594159.1	NW_004073032.1
fr3:HE594160	HE594160		HE594160.1	HE594160.1	NW_004073033.1
fr3:HE594161	HE594161		HE594161.1	HE594161.1	NW_004073034.1
fr3:HE594162	HE594162		HE594162.1	HE594162.1	NW_004073035.1
fr3:HE594163	HE594163		HE594163.1	HE594163.1	NW_004073036.1
fr3:HE594164	HE594164		HE594164.1	HE594164.1	NW_004073037.1
fr3:HE594165	HE594165		HE594165.1	HE594165.1	NW_004073038.1
fr3:HE594166	HE594166		HE594166.1	HE594166.1	NW_004073039.1
fr3:HE594167	HE594167		HE594167.1	HE594167.1	NW_004073040.1
fr3:HE594168	HE594168		HE594168.1	HE594168.1	NW_004073041.1
fr3:HE594169	HE594169		HE594169.1	HE594169.1	NW_004073042.1
fr3:HE594170	HE594170		HE594170.1	HE594170.1	NW_004073043.1
fr3:HE594171	HE594171		HE594171.1	HE594171.1	NW_004073044.1
fr3:HE594172	HE594172		HE594172.1	HE594172.1	NW_004073045.1
fr3:HE594173	HE594173		HE594173.1	HE594173.1	NW_004073046.1
fr3:HE594174	HE594174		HE594174.1	HE594174.1	NW_004073047.1
fr3:HE594175	HE594175		HE594175.1	HE594175.1	NW_004073048.1
fr3:HE594176	HE594176		HE594176.1	HE594176.1	NW_004073049.1
fr3:HE594177	HE594177		HE594177.1	HE594177.1	NW_004073050.1
fr3:HE594178	HE594178		HE594178.1	HE594178.1	NW_004073051.1
fr3:HE594179	HE594179		HE594179.1	HE594179.1	NW_004073052.1
fr3:HE594180	HE594180		HE594180.1	HE594180.1	NW_004073053.1
fr3:HE594181	HE594181		HE594181.1	HE594181.1	NW_004073054.1
fr3:HE594182	HE594182		HE594182.1	HE594182.1	NW_004073055.1
fr3:HE594183	HE594183		HE594183.1	HE594183.1	NW_004073056.1
fr3:HE594184	HE594184		HE594184.1	HE594184.1	NW_004073057.1
fr3:HE594185	HE594185		HE594185.1	HE594185.1	NW_004073058.1
fr3:HE594186	HE594186		HE594186.1	HE594186.1	NW_004073059.1
fr3:HE594187	HE594187		HE594187.1	HE594187.1	NW_004073060.1
fr3:HE594188	HE594188		HE594188.1	HE594188.1	NW_004073061.1
fr3:HE594189	HE594189		HE594189.1	HE594189.1	NW_004073062.1
fr3:HE594190	HE594190		HE594190.1	HE594190.1	NW_004073063.1
fr3:HE594191	HE594191		HE594191.1	HE594191.1	NW_004073064.1
fr3:HE594192	HE594192		HE594192.1	HE594192.1	NW_004073065.1
fr3:HE594193	HE594193		HE594193.1	HE594193.1	NW_004073066.1
fr3:HE594194	HE594194		HE594194.1	HE594194.1	NW_004073067.1
fr3:HE594195	HE594195		HE594195.1	HE594195.1	NW_004073068.1
fr3:HE594196	HE594196		HE594196.1	HE594196.1	NW_004073069.1
fr3:HE594197	HE594197		HE594197.1	HE594197.1	NW_004073070.1
fr3:HE594198	HE594198		HE594198.1	HE594198.1	NW_004073071.1
fr3:HE594199	HE594199		HE594199.1	HE594199.1	NW_004073072.1
fr3:HE594200	HE594200		HE594200.1	HE594200.1	NW_004073073.1
fr3:HE594201	HE594201		HE594201.1	HE594201.1	NW_004073074.1
fr3:HE594202	HE594202		HE594202.1	HE594202.1	NW_004073075.1
fr3:HE594203	HE594203		HE594203.1	HE594203.1	NW_004073076.1
fr3:HE594204	HE594204		HE594204.1	HE594204.1	NW_004073077.1
fr3:HE594205	HE594205		HE594205.1	HE594205.1	NW_004073078.1
fr3:HE594206	HE594206		HE594206.1	HE594206.1	NW_004073079.1
fr3:HE594207	HE594207		HE594207.1	HE594207.1	NW_004073080.1
fr3:HE594208	HE594208		HE594208.1	HE594208.1	NW_004073081.1
fr3:HE594209	HE594209		HE594209.1	HE594209.1	NW_004073082.1
fr3:HE594210	HE594210		HE594210.1	HE594210.1	NW_004073083.1
fr3:HE594211	HE594211		HE594211.1	HE594211.1	NW_004073084.1
fr3:HE594212	HE594212		HE594212.1	HE594212.1	NW_004073085.1
fr3:HE594213	HE594213		HE594213.1	HE594213.1	NW_004073086.1
fr3:HE594214	HE594214		HE594214.1	HE594214.1	NW_004073087.1
fr3:HE594215	HE594215		HE594215.1	HE594215.1	NW_004073088.1
fr3:HE594216	HE594216		HE594216.1	HE594216.1	NW_004073089.1
fr3:HE594217	HE594217		HE594217.1	HE594217.1	NW_004073090.1
fr3:HE594218	HE594218		HE594218.1	HE594218.1	NW_004073091.1
fr3:HE594219	HE594219		HE594219.1	HE594219.1	NW_004073092.1
fr3:HE594220	HE594220		HE594220.1	HE594220.1	NW_004073093.1
fr3:HE594221	HE594221		HE594221.1	HE594221.1	NW_004073094.1
fr3:HE594222	HE594222		HE594222.1	HE594222.1	NW_004073095.1
fr3:HE594223	HE594223		HE594223.1	HE594223.1	NW_004073096.1
fr3:HE594224	HE594224		HE594224.1	HE594224.1	NW_004073097.1
fr3:HE594225	HE594225		HE594225.1	HE594225.1	NW_004073098.1
fr3:HE594226	HE594226		HE594226.1	HE594226.1	NW_004073099.1
fr3:HE594227	HE594227		HE594227.1	HE594227.1	NW_004073100.1
fr3:HE594228	HE594228		HE594228.1	HE594228.1	NW_004073101.1
fr3:HE594229	HE594229		HE594229.1	HE594229.1	NW_004073102.1
fr3:HE594230	HE594230		HE594230.1	HE594230.1	NW_004073103.1
fr3:HE594231	HE594231		HE594231.1	HE594231.1	NW_004073104.1
fr3:HE594232	HE594232		HE594232.1	HE594232.1	NW_004073105.1
fr3:HE594233	HE594233		HE594233.1	HE594233.1	NW_004073106.1
fr3:HE594234	HE594234		HE594234.1	HE594234.1	NW_004073107.1
fr3:HE594235	HE594235		HE594235.1	HE594235.1	NW_004073108.1
fr3:HE594236	HE594236		HE594236.1	HE594236.1	NW_004073109.1
fr3:HE594237	HE594237		HE594237.1	HE594237.1	NW_004073110.1
fr3:HE594238	HE594238		HE594238.1	HE594238.1	NW_004073111.1
fr3:HE594239	HE594239		HE594239.1	HE594239.1	NW_004073112.1
fr3:HE594240	HE594240		HE594240.1	HE594240.1	NW_004073113.1
fr3:HE594241	HE594241		HE594241.1	HE594241.1	NW_004073114.1
fr3:HE594242	HE594242		HE594242.1	HE594242.1	NW_004073115.1
fr3:HE594243	HE594243		HE594243.1	HE594243.1	NW_004073116.1
fr3:HE594244	HE594244		HE594244.1	HE594244.1	NW_004073117.1
fr3:HE594245	HE594245		HE594245.1	HE594245.1	NW_004073118.1
fr3:HE594246	HE594246		HE594246.1	HE594246.1	NW_004073119.1
fr3:HE594247	HE594247		HE594247.1	HE594247.1	NW_004073120.1
fr3:HE594248	HE594248		HE594248.1	HE594248.1	NW_004075614.1
fr3:HE594249	HE594249		HE594249.1	HE594249.1	NW_004075615.1
fr3:HE594250	HE594250		HE594250.1	HE594250.1	NW_004075616.1
fr3:HE594251	HE594251		HE594251.1	HE594251.1	NW_004075617.1
fr3:HE594252	HE594252		HE594252.1	HE594252.1	NW_004075618.1
fr3:HE594253	HE594253		HE594253.1	HE594253.1	NW_004075619.1
fr3:HE594254	HE594254		HE594254.1	HE594254.1	NW_004075620.1
fr3:HE594255	HE594255		HE594255.1	HE594255.1	NW_004075621.1
fr3:HE594256	HE594256		HE594256.1	HE594256.1	NW_004075622.1
fr3:HE594257	HE594257		HE594257.1	HE594257.1	NW_004075623.1
fr3:HE594258	HE594258		HE594258.1	HE594258.1	NW_004075624.1
fr3:HE594259	HE594259		HE594259.1	HE594259.1	NW_004075625.1
fr3:HE594260	HE594260		HE594260.1	HE594260.1	NW_004075626.1
fr3:HE594261	HE594261		HE594261.1	HE594261.1	NW_004075627.1
fr3:HE594262	HE594262		HE594262.1	HE594262.1	NW_004075628.1
fr3:HE594263	HE594263		HE594263.1	HE594263.1	NW_004075629.1
fr3:HE594264	HE594264		HE594264.1	HE594264.1	NW_004075630.1
fr3:HE594265	HE594265		HE594265.1	HE594265.1	NW_004075631.1
fr3:HE594266	HE594266		HE594266.1	HE594266.1	NW_004075632.1
fr3:HE594267	HE594267		HE594267.1	HE594267.1	NW_004075633.1
fr3:HE594268	HE594268		HE594268.1	HE594268.1	NW_004075634.1
fr3:HE594269	HE594269		HE594269.1	HE594269.1	NW_004075635.1
fr3:HE594270	HE594270		HE594270.1	HE594270.1	NW_004075636.1
fr3:HE594271	HE594271		HE594271.1	HE594271.1	NW_004075637.1
fr3:HE594272	HE594272		HE594272.1	HE594272.1	NW_004075638.1
fr3:HE594273	HE594273		HE594273.1	HE594273.1	NW_004075639.1
fr3:HE594274	HE594274		HE594274.1	HE594274.1	NW_004075640.1
fr3:HE594275	HE594275		HE594275.1	HE594275.1	NW_004075641.1
fr3:HE594276	HE594276		HE594276.1	HE594276.1	NW_004075642.1
fr3:HE594277	HE594277		HE594277.1	HE594277.1	NW_004075643.1
fr3:HE594278	HE594278		HE594278.1	HE594278.1	NW_004075644.1
fr3:HE594279	HE594279		HE594279.1	HE594279.1	NW_004075645.1
fr3:HE594280	HE594280		HE594280.1	HE594280.1	NW_004075646.1
fr3:HE594281	HE594281		HE594281.1	HE594281.1	NW_004075647.1
fr3:HE594282	HE594282		HE594282.1	HE594282.1	NW_004075648.1
fr3:HE594283	HE594283		HE594283.1	HE594283.1	NW_004075649.1
fr3:HE594284	HE594284		HE594284.1	HE594284.1	NW_004075650.1
fr3:HE594285	HE594285		HE594285.1	HE594285.1	NW_004075651.1
fr3:HE594286	HE594286		HE594286.1	HE594286.1	NW_004075652.1
fr3:HE594287	HE594287		HE594287.1	HE594287.1	NW_004075653.1
fr3:HE594288	HE594288		HE594288.1	HE594288.1	NW_004075654.1
fr3:HE594289	HE594289		HE594289.1	HE594289.1	NW_004075655.1
fr3:HE594290	HE594290		HE594290.1	HE594290.1	NW_004075656.1
fr3:HE594291	HE594291		HE594291.1	HE594291.1	NW_004075657.1
fr3:HE594292	HE594292		HE594292.1	HE594292.1	NW_004075658.1
fr3:HE594293	HE594293		HE594293.1	HE594293.1	NW_004075659.1
fr3:HE594294	HE594294		HE594294.1	HE594294.1	NW_004075660.1
fr3:HE594295	HE594295		HE594295.1	HE594295.1	NW_004075661.1
fr3:HE594296	HE594296		HE594296.1	HE594296.1	NW_004075662.1
fr3:HE594297	HE594297		HE594297.1	HE594297.1	NW_004075663.1
fr3:HE594298	HE594298		HE594298.1	HE594298.1	NW_004075664.1
fr3:HE594299	HE594299		HE594299.1	HE594299.1	NW_004075665.1
fr3:HE594300	HE594300		HE594300.1	HE594300.1	NW_004075666.1
fr3:HE594301	HE594301		HE594301.1	HE594301.1	NW_004075667.1
fr3:HE594302	HE594302		HE594302.1	HE594302.1	NW_004075668.1
fr3:HE594303	HE594303		HE594303.1	HE594303.1	NW_004075669.1
fr3:HE594304	HE594304		HE594304.1	HE594304.1	NW_004075670.1
fr3:HE594305	HE594305		HE594305.1	HE594305.1	NW_004075671.1
fr3:HE594306	HE594306		HE594306.1	HE594306.1	NW_004075672.1
fr3:HE594307	HE594307		HE594307.1	HE594307.1	NW_004075673.1
fr3:HE594308	HE594308		HE594308.1	HE594308.1	NW_004075674.1
fr3:HE594309	HE594309		HE594309.1	HE594309.1	NW_004075675.1
fr3:HE594310	HE594310		HE594310.1	HE594310.1	NW_004075676.1
fr3:HE594311	HE594311		HE594311.1	HE594311.1	NW_004075677.1
fr3:HE594312	HE594312		HE594312.1	HE594312.1	NW_004075678.1
fr3:HE594313	HE594313		HE594313.1	HE594313.1	NW_004075679.1
fr3:HE594314	HE594314		HE594314.1	HE594314.1	NW_004075680.1
fr3:HE594315	HE594315		HE594315.1	HE594315.1	NW_004075681.1
fr3:HE594316	HE594316		HE594316.1	HE594316.1	NW_004075682.1
fr3:HE594317	HE594317		HE594317.1	HE594317.1	NW_004075683.1
fr3:HE594318	HE594318		HE594318.1	HE594318.1	NW_004075684.1
fr3:HE594319	HE594319		HE594319.1	HE594319.1	NW_004075685.1
fr3:HE594320	HE594320		HE594320.1	HE594320.1	NW_004075686.1
fr3:HE594321	HE594321		HE594321.1	HE594321.1	NW_004075687.1
fr3:HE594322	HE594322		HE594322.1	HE594322.1	NW_004075688.1
fr3:HE594323	HE594323		HE594323.1	HE594323.1	NW_004075689.1
fr3:HE594324	HE594324		HE594324.1	HE594324.1	NW_004075690.1
fr3:HE594325	HE594325		HE594325.1	HE594325.1	NW_004075691.1
fr3:HE594326	HE594326		HE594326.1	HE594326.1	NW_004075692.1
fr3:HE594327	HE594327		HE594327.1	HE594327.1	NW_004075693.1
fr3:HE594328	HE594328		HE594328.1	HE594328.1	NW_004075694.1
fr3:HE594329	HE594329		HE594329.1	HE594329.1	NW_004075695.1
fr3:HE594330	HE594330		HE594330.1	HE594330.1	NW_004075696.1
fr3:HE594331	HE594331		HE594331.1	HE594331.1	NW_004075697.1
fr3:HE594332	HE594332		HE594332.1	HE594332.1	NW_004075698.1
fr3:HE594333	HE594333		HE594333.1	HE594333.1	NW_004075699.1
fr3:HE594334	HE594334		HE594334.1	HE594334.1	NW_004075700.1
fr3:HE594335	HE594335		HE594335.1	HE594335.1	NW_004075701.1
fr3:HE594336	HE594336		HE594336.1	HE594336.1	NW_004075702.1
fr3:HE594337	HE594337		HE594337.1	HE594337.1	NW_004075703.1
fr3:HE594338	HE594338		HE594338.1	HE594338.1	NW_004075704.1
fr3:HE594339	HE594339		HE594339.1	HE594339.1	NW_004075705.1
fr3:HE594340	HE594340		HE594340.1	HE594340.1	NW_004075706.1
fr3:HE594341	HE594341		HE594341.1	HE594341.1	NW_004075707.1
fr3:HE594342	HE594342		HE594342.1	HE594342.1	NW_004075708.1
fr3:HE594343	HE594343		HE594343.1	HE594343.1	NW_004075709.1
fr3:HE594344	HE594344		HE594344.1	HE594344.1	NW_004075710.1
fr3:HE594345	HE594345		HE594345.1	HE594345.1	NW_004075711.1
fr3:HE594346	HE594346		HE594346.1	HE594346.1	NW_004075712.1
fr3:HE594347	HE594347		HE594347.1	HE594347.1	NW_004075713.1
fr3:HE594348	HE594348		HE594348.1	HE594348.1	NW_004075714.1
fr3:HE594349	HE594349		HE594349.1	HE594349.1	NW_004075715.1
fr3:HE594350	HE594350		HE594350.1	HE594350.1	NW_004075716.1
fr3:HE594351	HE594351		HE594351.1	HE594351.1	NW_004075717.1
fr3:HE594352	HE594352		HE594352.1	HE594352.1	NW_004075718.1
fr3:HE594353	HE594353		HE594353.1	HE594353.1	NW_004075719.1
fr3:HE594354	HE594354		HE594354.1	HE594354.1	NW_004075720.1
fr3:HE594355	HE594355		HE594355.1	HE594355.1	NW_004075721.1
fr3:HE594356	HE594356		HE594356.1	HE594356.1	NW_004075722.1
fr3:HE594357	HE594357		HE594357.1	HE594357.1	NW_004075723.1
fr3:HE594358	HE594358		HE594358.1	HE594358.1	NW_004075724.1
fr3:HE594359	HE594359		HE594359.1	HE594359.1	NW_004075725.1
fr3:HE594360	HE594360		HE594360.1	HE594360.1	NW_004075726.1
fr3:HE594361	HE594361		HE594361.1	HE594361.1	NW_004075727.1
fr3:HE594362	HE594362		HE594362.1	HE594362.1	NW_004075728.1
fr3:HE594363	HE594363		HE594363.1	HE594363.1	NW_004075729.1
fr3:HE594364	HE594364		HE594364.1	HE594364.1	NW_004075730.1
fr3:HE594365	HE594365		HE594365.1	HE594365.1	NW_004075731.1
fr3:HE594366	HE594366		HE594366.1	HE594366.1	NW_004075732.1
fr3:HE594367	HE594367		HE594367.1	HE594367.1	NW_004075733.1
fr3:HE594368	HE594368		HE594368.1	HE594368.1	NW_004075734.1
fr3:HE594369	HE594369		HE594369.1	HE594369.1	NW_004075735.1
fr3:HE594370	HE594370		HE594370.1	HE594370.1	NW_004075736.1
fr3:HE594371	HE594371		HE594371.1	HE594371.1	NW_004075737.1
fr3:HE594372	HE594372		HE594372.1	HE594372.1	NW_004075738.1
fr3:HE594373	HE594373		HE594373.1	HE594373.1	NW_004075739.1
fr3:HE594374	HE594374		HE594374.1	HE594374.1	NW_004075740.1
fr3:HE594375	HE594375		HE594375.1	HE594375.1	NW_004075741.1
fr3:HE594376	HE594376		HE594376.1	HE594376.1	NW_004075742.1
fr3:HE594377	HE594377		HE594377.1	HE594377.1	NW_004075743.1
fr3:HE594378	HE594378		HE594378.1	HE594378.1	NW_004075744.1
fr3:HE594379	HE594379		HE594379.1	HE594379.1	NW_004075745.1
fr3:HE594380	HE594380		HE594380.1	HE594380.1	NW_004075746.1
fr3:HE594381	HE594381		HE594381.1	HE594381.1	NW_004075747.1
fr3:HE594382	HE594382		HE594382.1	HE594382.1	NW_004075748.1
fr3:HE594383	HE594383		HE594383.1	HE594383.1	NW_004075749.1
fr3:HE594384	HE594384		HE594384.1	HE594384.1	NW_004075750.1
fr3:HE594385	HE594385		HE594385.1	HE594385.1	NW_004075751.1
fr3:HE594386	HE594386		HE594386.1	HE594386.1	NW_004075752.1
fr3:HE594387	HE594387		HE594387.1	HE594387.1	NW_004075753.1
fr3:HE594388	HE594388		HE594388.1	HE594388.1	NW_004075754.1
fr3:HE594389	HE594389		HE594389.1	HE594389.1	NW_004073121.1
fr3:HE594390	HE594390		HE594390.1	HE594390.1	NW_004073122.1
fr3:HE594391	HE594391		HE594391.1	HE594391.1	NW_004073123.1
fr3:HE594392	HE594392		HE594392.1	HE594392.1	NW_004073124.1
fr3:HE594393	HE594393		HE594393.1	HE594393.1	NW_004073125.1
fr3:HE594394	HE594394		HE594394.1	HE594394.1	NW_004073126.1
fr3:HE594395	HE594395		HE594395.1	HE594395.1	NW_004073127.1
fr3:HE594396	HE594396		HE594396.1	HE594396.1	NW_004073128.1
fr3:HE594397	HE594397		HE594397.1	HE594397.1	NW_004073129.1
fr3:HE594398	HE594398		HE594398.1	HE594398.1	NW_004073130.1
fr3:HE594399	HE594399		HE594399.1	HE594399.1	NW_004073131.1
fr3:HE594400	HE594400		HE594400.1	HE594400.1	NW_004073132.1
fr3:HE594401	HE594401		HE594401.1	HE594401.1	NW_004073133.1
fr3:HE594402	HE594402		HE594402.1	HE594402.1	NW_004073134.1
fr3:HE594403	HE594403		HE594403.1	HE594403.1	NW_004073135.1
fr3:HE594404	HE594404		HE594404.1	HE594404.1	NW_004073136.1
fr3:HE594405	HE594405		HE594405.1	HE594405.1	NW_004073137.1
fr3:HE594406	HE594406		HE594406.1	HE594406.1	NW_004073138.1
fr3:HE594407	HE594407		HE594407.1	HE594407.1	NW_004073139.1
fr3:HE594408	HE594408		HE594408.1	HE594408.1	NW_004073140.1
fr3:HE594409	HE594409		HE594409.1	HE594409.1	NW_004073141.1
fr3:HE594410	HE594410		HE594410.1	HE594410.1	NW_004073142.1
fr3:HE594411	HE594411		HE594411.1	HE594411.1	NW_004073143.1
fr3:HE594412	HE594412		HE594412.1	HE594412.1	NW_004073144.1
fr3:HE594413	HE594413		HE594413.1	HE594413.1	NW_004073145.1
fr3:HE594414	HE594414		HE594414.1	HE594414.1	NW_004073146.1
fr3:HE594415	HE594415		HE594415.1	HE594415.1	NW_004073147.1
fr3:HE594416	HE594416		HE594416.1	HE594416.1	NW_004073148.1
fr3:HE594417	HE594417		HE594417.1	HE594417.1	NW_004073149.1
fr3:HE594418	HE594418		HE594418.1	HE594418.1	NW_004073150.1
fr3:HE594419	HE594419		HE594419.1	HE594419.1	NW_004073151.1
fr3:HE594420	HE594420		HE594420.1	HE594420.1	NW_004073152.1
fr3:HE594421	HE594421		HE594421.1	HE594421.1	NW_004073153.1
fr3:HE594422	HE594422		HE594422.1	HE594422.1	NW_004073154.1
fr3:HE594423	HE594423		HE594423.1	HE594423.1	NW_004073155.1
fr3:HE594424	HE594424		HE594424.1	HE594424.1	NW_004073156.1
fr3:HE594425	HE594425		HE594425.1	HE594425.1	NW_004073157.1
fr3:HE594426	HE594426		HE594426.1	HE594426.1	NW_004073158.1
fr3:HE594427	HE594427		HE594427.1	HE594427.1	NW_004073159.1
fr3:HE594428	HE594428		HE594428.1	HE594428.1	NW_004073160.1
fr3:HE594429	HE594429		HE594429.1	HE594429.1	NW_004073161.1
fr3:HE594430	HE594430		HE594430.1	HE594430.1	NW_004073162.1
fr3:HE594431	HE594431		HE594431.1	HE594431.1	NW_004075755.1
fr3:HE594432	HE594432		HE594432.1	HE594432.1	NW_004075756.1
fr3:HE594433	HE594433		HE594433.1	HE594433.1	NW_004075757.1
fr3:HE594434	HE594434		HE594434.1	HE594434.1	NW_004075758.1
fr3:HE594435	HE594435		HE594435.1	HE594435.1	NW_004075759.1
fr3:HE594436	HE594436		HE594436.1	HE594436.1	NW_004075760.1
fr3:HE594437	HE594437		HE594437.1	HE594437.1	NW_004075761.1
fr3:HE594438	HE594438		HE594438.1	HE594438.1	NW_004075762.1
fr3:HE594439	HE594439		HE594439.1	HE594439.1	NW_004075763.1
fr3:HE594440	HE594440		HE594440.1	HE594440.1	NW_004075764.1
fr3:HE594441	HE594441		HE594441.1	HE594441.1	NW_004075765.1
fr3:HE594442	HE594442		HE594442.1	HE594442.1	NW_004075766.1
fr3:HE594443	HE594443		HE594443.1	HE594443.1	NW_004075767.1
fr3:HE594444	HE594444		HE594444.1	HE594444.1	NW_004075768.1
fr3:HE594445	HE594445		HE594445.1	HE594445.1	NW_004075769.1
fr3:HE594446	HE594446		HE594446.1	HE594446.1	NW_004075770.1
fr3:HE594447	HE594447		HE594447.1	HE594447.1	NW_004075771.1
fr3:HE594448	HE594448		HE594448.1	HE594448.1	NW_004075772.1
fr3:HE594449	HE594449		HE594449.1	HE594449.1	NW_004075773.1
fr3:HE594450	HE594450		HE594450.1	HE594450.1	NW_004075774.1
fr3:HE594451	HE594451		HE594451.1	HE594451.1	NW_004075775.1
fr3:HE594452	HE594452		HE594452.1	HE594452.1	NW_004075776.1
fr3:HE594453	HE594453		HE594453.1	HE594453.1	NW_004075777.1
fr3:HE594454	HE594454		HE594454.1	HE594454.1	NW_004075778.1
fr3:HE594455	HE594455		HE594455.1	HE594455.1	NW_004075779.1
fr3:HE594456	HE594456		HE594456.1	HE594456.1	NW_004075780.1
fr3:HE594457	HE594457		HE594457.1	HE594457.1	NW_004075781.1
fr3:HE594458	HE594458		HE594458.1	HE594458.1	NW_004075782.1
fr3:HE594459	HE594459		HE594459.1	HE594459.1	NW_004075783.1
fr3:HE594460	HE594460		HE594460.1	HE594460.1	NW_004075784.1
fr3:HE594461	HE594461		HE594461.1	HE594461.1	NW_004075785.1
fr3:HE594462	HE594462		HE594462.1	HE594462.1	NW_004075786.1
fr3:HE594463	HE594463		HE594463.1	HE594463.1	NW_004075787.1
fr3:HE594464	HE594464		HE594464.1	HE594464.1	NW_004075788.1
fr3:HE594465	HE594465		HE594465.1	HE594465.1	NW_004075789.1
fr3:HE594466	HE594466		HE594466.1	HE594466.1	NW_004075790.1
fr3:HE594467	HE594467		HE594467.1	HE594467.1	NW_004075791.1
fr3:HE594468	HE594468		HE594468.1	HE594468.1	NW_004075792.1
fr3:HE594469	HE594469		HE594469.1	HE594469.1	NW_004075793.1
fr3:HE594470	HE594470		HE594470.1	HE594470.1	NW_004075794.1
fr3:HE594471	HE594471		HE594471.1	HE594471.1	NW_004075795.1
fr3:HE594472	HE594472		HE594472.1	HE594472.1	NW_004075796.1
fr3:HE594473	HE594473		HE594473.1	HE594473.1	NW_004075797.1
fr3:HE594474	HE594474		HE594474.1	HE594474.1	NW_004075798.1
fr3:HE594475	HE594475		HE594475.1	HE594475.1	NW_004075799.1
fr3:HE594476	HE594476		HE594476.1	HE594476.1	NW_004075800.1
fr3:HE594477	HE594477		HE594477.1	HE594477.1	NW_004075801.1
fr3:HE594478	HE594478		HE594478.1	HE594478.1	NW_004075802.1
fr3:HE594479	HE594479		HE594479.1	HE594479.1	NW_004075803.1
fr3:HE594480	HE594480		HE594480.1	HE594480.1	NW_004075804.1
fr3:HE594481	HE594481		HE594481.1	HE594481.1	NW_004075805.1
fr3:HE594482	HE594482		HE594482.1	HE594482.1	NW_004075806.1
fr3:HE594483	HE594483		HE594483.1	HE594483.1	NW_004075807.1
fr3:HE594484	HE594484		HE594484.1	HE594484.1	NW_004075808.1
fr3:HE594485	HE594485		HE594485.1	HE594485.1	NW_004075809.1
fr3:HE594486	HE594486		HE594486.1	HE594486.1	NW_004075810.1
fr3:HE594487	HE594487		HE594487.1	HE594487.1	NW_004075811.1
fr3:HE594488	HE594488		HE594488.1	HE594488.1	NW_004075812.1
fr3:HE594489	HE594489		HE594489.1	HE594489.1	NW_004075813.1
fr3:HE594490	HE594490		HE594490.1	HE594490.1	NW_004075814.1
fr3:HE594491	HE594491		HE594491.1	HE594491.1	NW_004075815.1
fr3:HE594492	HE594492		HE594492.1	HE594492.1	NW_004075816.1
fr3:HE594493	HE594493		HE594493.1	HE594493.1	NW_004075817.1
fr3:HE594494	HE594494		HE594494.1	HE594494.1	NW_004075818.1
fr3:HE594495	HE594495		HE594495.1	HE594495.1	NW_004075819.1
fr3:HE594496	HE594496		HE594496.1	HE594496.1	NW_004075820.1
fr3:HE594497	HE594497		HE594497.1	HE594497.1	NW_004075821.1
fr3:HE594498	HE594498		HE594498.1	HE594498.1	NW_004075822.1
fr3:HE594499	HE594499		HE594499.1	HE594499.1	NW_004075823.1
fr3:HE594500	HE594500		HE594500.1	HE594500.1	NW_004075824.1
fr3:HE594501	HE594501		HE594501.1	HE594501.1	NW_004075825.1
fr3:HE594502	HE594502		HE594502.1	HE594502.1	NW_004075826.1
fr3:HE594503	HE594503		HE594503.1	HE594503.1	NW_004075827.1
fr3:HE594504	HE594504		HE594504.1	HE594504.1	NW_004075828.1
fr3:HE594505	HE594505		HE594505.1	HE594505.1	NW_004075829.1
fr3:HE594506	HE594506		HE594506.1	HE594506.1	NW_004075830.1
fr3:HE594507	HE594507		HE594507.1	HE594507.1	NW_004075831.1
fr3:HE594508	HE594508		HE594508.1	HE594508.1	NW_004075832.1
fr3:HE594509	HE594509		HE594509.1	HE594509.1	NW_004075833.1
fr3:HE594510	HE594510		HE594510.1	HE594510.1	NW_004075834.1
fr3:HE594511	HE594511		HE594511.1	HE594511.1	NW_004075835.1
fr3:HE594512	HE594512		HE594512.1	HE594512.1	NW_004075836.1
fr3:HE594513	HE594513		HE594513.1	HE594513.1	NW_004075837.1
fr3:HE594514	HE594514		HE594514.1	HE594514.1	NW_004075838.1
fr3:HE594515	HE594515		HE594515.1	HE594515.1	NW_004075839.1
fr3:HE594516	HE594516		HE594516.1	HE594516.1	NW_004075840.1
fr3:HE594517	HE594517		HE594517.1	HE594517.1	NW_004075841.1
fr3:HE594518	HE594518		HE594518.1	HE594518.1	NW_004075842.1
fr3:HE594519	HE594519		HE594519.1	HE594519.1	NW_004075843.1
fr3:HE594520	HE594520		HE594520.1	HE594520.1	NW_004075844.1
fr3:HE594521	HE594521		HE594521.1	HE594521.1	NW_004075845.1
fr3:HE594522	HE594522		HE594522.1	HE594522.1	NW_004075846.1
fr3:HE594523	HE594523		HE594523.1	HE594523.1	NW_004075847.1
fr3:HE594524	HE594524		HE594524.1	HE594524.1	NW_004075848.1
fr3:HE594525	HE594525		HE594525.1	HE594525.1	NW_004075849.1
fr3:HE594526	HE594526		HE594526.1	HE594526.1	NW_004075850.1
fr3:HE594527	HE594527		HE594527.1	HE594527.1	NW_004075851.1
fr3:HE594528	HE594528		HE594528.1	HE594528.1	NW_004075852.1
fr3:HE594529	HE594529		HE594529.1	HE594529.1	NW_004075853.1
fr3:HE594530	HE594530		HE594530.1	HE594530.1	NW_004075854.1
fr3:HE594531	HE594531		HE594531.1	HE594531.1	NW_004075855.1
fr3:HE594532	HE594532		HE594532.1	HE594532.1	NW_004075856.1
fr3:HE594533	HE594533		HE594533.1	HE594533.1	NW_004075857.1
fr3:HE594534	HE594534		HE594534.1	HE594534.1	NW_004075858.1
fr3:HE594535	HE594535		HE594535.1	HE594535.1	NW_004075859.1
fr3:HE594536	HE594536		HE594536.1	HE594536.1	NW_004075860.1
fr3:HE594537	HE594537		HE594537.1	HE594537.1	NW_004075861.1
fr3:HE594538	HE594538		HE594538.1	HE594538.1	NW_004075862.1
fr3:HE594539	HE594539		HE594539.1	HE594539.1	NW_004075863.1
fr3:HE594540	HE594540		HE594540.1	HE594540.1	NW_004075864.1
fr3:HE594541	HE594541		HE594541.1	HE594541.1	NW_004075865.1
fr3:HE594542	HE594542		HE594542.1	HE594542.1	NW_004075866.1
fr3:HE594543	HE594543		HE594543.1	HE594543.1	NW_004075867.1
fr3:HE594544	HE594544		HE594544.1	HE594544.1	NW_004075868.1
fr3:HE594545	HE594545		HE594545.1	HE594545.1	NW_004075869.1
fr3:HE594546	HE594546		HE594546.1	HE594546.1	NW_004075870.1
fr3:HE594547	HE594547		HE594547.1	HE594547.1	NW_004075871.1
fr3:HE594548	HE594548		HE594548.1	HE594548.1	NW_004075872.1
fr3:HE594549	HE594549		HE594549.1	HE594549.1	NW_004075873.1
fr3:HE594550	HE594550		HE594550.1	HE594550.1	NW_004075874.1
fr3:HE594551	HE594551		HE594551.1	HE594551.1	NW_004075875.1
fr3:HE594552	HE594552		HE594552.1	HE594552.1	NW_004075876.1
fr3:HE594553	HE594553		HE594553.1	HE594553.1	NW_004075877.1
fr3:HE594554	HE594554		HE594554.1	HE594554.1	NW_004075878.1
fr3:HE594555	HE594555		HE594555.1	HE594555.1	NW_004075879.1
fr3:HE594556	HE594556		HE594556.1	HE594556.1	NW_004075880.1
fr3:HE594557	HE594557		HE594557.1	HE594557.1	NW_004075881.1
fr3:HE594558	HE594558		HE594558.1	HE594558.1	NW_004075882.1
fr3:HE594559	HE594559		HE594559.1	HE594559.1	NW_004075883.1
fr3:HE594560	HE594560		HE594560.1	HE594560.1	NW_004075884.1
fr3:HE594561	HE594561		HE594561.1	HE594561.1	NW_004075885.1
fr3:HE594562	HE594562		HE594562.1	HE594562.1	NW_004075886.1
fr3:HE594563	HE594563		HE594563.1	HE594563.1	NW_004075887.1
fr3:HE594564	HE594564		HE594564.1	HE594564.1	NW_004077511.1
fr3:HE594565	HE594565		HE594565.1	HE594565.1	NW_004075888.1
fr3:HE594566	HE594566		HE594566.1	HE594566.1	NW_004075889.1
fr3:HE594567	HE594567		HE594567.1	HE594567.1	NW_004075890.1
fr3:HE594568	HE594568		HE594568.1	HE594568.1	NW_004075891.1
fr3:HE594569	HE594569		HE594569.1	HE594569.1	NW_004075892.1
fr3:HE594570	HE594570		HE594570.1	HE594570.1	NW_004075893.1
fr3:HE594571	HE594571		HE594571.1	HE594571.1	NW_004075894.1
fr3:HE594572	HE594572		HE594572.1	HE594572.1	NW_004075895.1
fr3:HE594573	HE594573		HE594573.1	HE594573.1	NW_004075896.1
fr3:HE594574	HE594574		HE594574.1	HE594574.1	NW_004075897.1
fr3:HE594575	HE594575		HE594575.1	HE594575.1	NW_004075898.1
fr3:HE594576	HE594576		HE594576.1	HE594576.1	NW_004075899.1
fr3:HE594577	HE594577		HE594577.1	HE594577.1	NW_004075900.1
fr3:HE594578	HE594578		HE594578.1	HE594578.1	NW_004075901.1
fr3:HE594579	HE594579		HE594579.1	HE594579.1	NW_004075902.1
fr3:HE594580	HE594580		HE594580.1	HE594580.1	NW_004075903.1
fr3:HE594581	HE594581		HE594581.1	HE594581.1	NW_004075904.1
fr3:HE594582	HE594582		HE594582.1	HE594582.1	NW_004075905.1
fr3:HE594583	HE594583		HE594583.1	HE594583.1	NW_004075906.1
fr3:HE594584	HE594584		HE594584.1	HE594584.1	NW_004075907.1
fr3:HE594585	HE594585		HE594585.1	HE594585.1	NW_004075908.1
fr3:HE594586	HE594586		HE594586.1	HE594586.1	NW_004075909.1
fr3:HE594587	HE594587		HE594587.1	HE594587.1	NW_004075910.1
fr3:HE594588	HE594588		HE594588.1	HE594588.1	NW_004075911.1
fr3:HE594589	HE594589		HE594589.1	HE594589.1	NW_004075912.1
fr3:HE594590	HE594590		HE594590.1	HE594590.1	NW_004075913.1
fr3:HE594591	HE594591		HE594591.1	HE594591.1	NW_004075914.1
fr3:HE594592	HE594592		HE594592.1	HE594592.1	NW_004075915.1
fr3:HE594593	HE594593		HE594593.1	HE594593.1	NW_004075916.1
fr3:HE594594	HE594594		HE594594.1	HE594594.1	NW_004075917.1
fr3:HE594595	HE594595		HE594595.1	HE594595.1	NW_004075918.1
fr3:HE594596	HE594596		HE594596.1	HE594596.1	NW_004075919.1
fr3:HE594597	HE594597		HE594597.1	HE594597.1	NW_004075920.1
fr3:HE594598	HE594598		HE594598.1	HE594598.1	NW_004075921.1
fr3:HE594599	HE594599		HE594599.1	HE594599.1	NW_004075922.1
fr3:HE594600	HE594600		HE594600.1	HE594600.1	NW_004075923.1
fr3:HE594601	HE594601		HE594601.1	HE594601.1	NW_004075924.1
fr3:HE594602	HE594602		HE594602.1	HE594602.1	NW_004075925.1
fr3:HE594603	HE594603		HE594603.1	HE594603.1	NW_004075926.1
fr3:HE594604	HE594604		HE594604.1	HE594604.1	NW_004075927.1
fr3:HE594605	HE594605		HE594605.1	HE594605.1	NW_004075928.1
fr3:HE594606	HE594606		HE594606.1	HE594606.1	NW_004075929.1
fr3:HE594607	HE594607		HE594607.1	HE594607.1	NW_004075930.1
fr3:HE594608	HE594608		HE594608.1	HE594608.1	NW_004075931.1
fr3:HE594609	HE594609		HE594609.1	HE594609.1	NW_004075932.1
fr3:HE594610	HE594610		HE594610.1	HE594610.1	NW_004075933.1
fr3:HE594611	HE594611		HE594611.1	HE594611.1	NW_004075934.1
fr3:HE594612	HE594612		HE594612.1	HE594612.1	NW_004075935.1
fr3:HE594613	HE594613		HE594613.1	HE594613.1	NW_004075936.1
fr3:HE594614	HE594614		HE594614.1	HE594614.1	NW_004075937.1
fr3:HE594615	HE594615		HE594615.1	HE594615.1	NW_004075938.1
fr3:HE594616	HE594616		HE594616.1	HE594616.1	NW_004075939.1
fr3:HE594617	HE594617		HE594617.1	HE594617.1	NW_004075940.1
fr3:HE594618	HE594618		HE594618.1	HE594618.1	NW_004075941.1
fr3:HE594619	HE594619		HE594619.1	HE594619.1	NW_004075942.1
fr3:HE594620	HE594620		HE594620.1	HE594620.1	NW_004075943.1
fr3:HE594621	HE594621		HE594621.1	HE594621.1	NW_004075944.1
fr3:HE594622	HE594622		HE594622.1	HE594622.1	NW_004075945.1
fr3:HE594623	HE594623		HE594623.1	HE594623.1	NW_004075946.1
fr3:HE594624	HE594624		HE594624.1	HE594624.1	NW_004075947.1
fr3:HE594625	HE594625		HE594625.1	HE594625.1	NW_004075948.1
fr3:HE594626	HE594626		HE594626.1	HE594626.1	NW_004075949.1
fr3:HE594627	HE594627		HE594627.1	HE594627.1	NW_004075950.1
fr3:HE594628	HE594628		HE594628.1	HE594628.1	NW_004075951.1
fr3:HE594629	HE594629		HE594629.1	HE594629.1	NW_004075952.1
fr3:HE594630	HE594630		HE594630.1	HE594630.1	NW_004075953.1
fr3:HE594631	HE594631		HE594631.1	HE594631.1	NW_004075954.1
fr3:HE594632	HE594632		HE594632.1	HE594632.1	NW_004075955.1
fr3:HE594633	HE594633		HE594633.1	HE594633.1	NW_004075956.1
fr3:HE594634	HE594634		HE594634.1	HE594634.1	NW_004075957.1
fr3:HE594635	HE594635		HE594635.1	HE594635.1	NW_004075958.1
fr3:HE594636	HE594636		HE594636.1	HE594636.1	NW_004075959.1
fr3:HE594637	HE594637		HE594637.1	HE594637.1	NW_004075960.1
fr3:HE594638	HE594638		HE594638.1	HE594638.1	NW_004075961.1
fr3:HE594639	HE594639		HE594639.1	HE594639.1	NW_004075962.1
fr3:HE594640	HE594640		HE594640.1	HE594640.1	NW_004075963.1
fr3:HE594641	HE594641		HE594641.1	HE594641.1	NW_004075964.1
fr3:HE594642	HE594642		HE594642.1	HE594642.1	NW_004075965.1
fr3:HE594643	HE594643		HE594643.1	HE594643.1	NW_004075966.1
fr3:HE594644	HE594644		HE594644.1	HE594644.1	NW_004075967.1
fr3:HE594645	HE594645		HE594645.1	HE594645.1	NW_004075968.1
fr3:HE594646	HE594646		HE594646.1	HE594646.1	NW_004075969.1
fr3:HE594647	HE594647		HE594647.1	HE594647.1	NW_004075970.1
fr3:HE594648	HE594648		HE594648.1	HE594648.1	NW_004075971.1
fr3:HE594649	HE594649		HE594649.1	HE594649.1	NW_004075972.1
fr3:HE594650	HE594650		HE594650.1	HE594650.1	NW_004075973.1
fr3:HE594651	HE594651		HE594651.1	HE594651.1	NW_004075974.1
fr3:HE594652	HE594652		HE594652.1	HE594652.1	NW_004075975.1
fr3:HE594653	HE594653		HE594653.1	HE594653.1	NW_004075976.1
fr3:HE594654	HE594654		HE594654.1	HE594654.1	NW_004075977.1
fr3:HE594655	HE594655		HE594655.1	HE594655.1	NW_004075978.1
fr3:HE594656	HE594656		HE594656.1	HE594656.1	NW_004075979.1
fr3:HE594657	HE594657		HE594657.1	HE594657.1	NW_004075980.1
fr3:HE594658	HE594658		HE594658.1	HE594658.1	NW_004075981.1
fr3:HE594659	HE594659		HE594659.1	HE594659.1	NW_004075982.1
fr3:HE594660	HE594660		HE594660.1	HE594660.1	NW_004075983.1
fr3:HE594661	HE594661		HE594661.1	HE594661.1	NW_004075984.1
fr3:HE594662	HE594662		HE594662.1	HE594662.1	NW_004075985.1
fr3:HE594663	HE594663		HE594663.1	HE594663.1	NW_004075986.1
fr3:HE594664	HE594664		HE594664.1	HE594664.1	NW_004075987.1
fr3:HE594665	HE594665		HE594665.1	HE594665.1	NW_004075988.1
fr3:HE594666	HE594666		HE594666.1	HE594666.1	NW_004075989.1
fr3:HE594667	HE594667		HE594667.1	HE594667.1	NW_004075990.1
fr3:HE594668	HE594668		HE594668.1	HE594668.1	NW_004075991.1
fr3:HE594669	HE594669		HE594669.1	HE594669.1	NW_004075992.1
fr3:HE594670	HE594670		HE594670.1	HE594670.1	NW_004075993.1
fr3:HE594671	HE594671		HE594671.1	HE594671.1	NW_004075994.1
fr3:HE594672	HE594672		HE594672.1	HE594672.1	NW_004075995.1
fr3:HE594673	HE594673		HE594673.1	HE594673.1	NW_004075996.1
fr3:HE594674	HE594674		HE594674.1	HE594674.1	NW_004075997.1
fr3:HE594675	HE594675		HE594675.1	HE594675.1	NW_004075998.1
fr3:HE594676	HE594676		HE594676.1	HE594676.1	NW_004075999.1
fr3:HE594677	HE594677		HE594677.1	HE594677.1	NW_004076000.1
fr3:HE594678	HE594678		HE594678.1	HE594678.1	NW_004076001.1
fr3:HE594679	HE594679		HE594679.1	HE594679.1	NW_004076002.1
fr3:HE594680	HE594680		HE594680.1	HE594680.1	NW_004076003.1
fr3:HE594681	HE594681		HE594681.1	HE594681.1	NW_004076004.1
fr3:HE594682	HE594682		HE594682.1	HE594682.1	NW_004076005.1
fr3:HE594683	HE594683		HE594683.1	HE594683.1	NW_004076006.1
fr3:HE594684	HE594684		HE594684.1	HE594684.1	NW_004076007.1
fr3:HE594685	HE594685		HE594685.1	HE594685.1	NW_004076008.1
fr3:HE594686	HE594686		HE594686.1	HE594686.1	NW_004076009.1
fr3:HE594687	HE594687		HE594687.1	HE594687.1	NW_004076010.1
fr3:HE594688	HE594688		HE594688.1	HE594688.1	NW_004076011.1
fr3:HE594689	HE594689		HE594689.1	HE594689.1	NW_004076012.1
fr3:HE594690	HE594690		HE594690.1	HE594690.1	NW_004076013.1
fr3:HE594691	HE594691		HE594691.1	HE594691.1	NW_004076014.1
fr3:HE594692	HE594692		HE594692.1	HE594692.1	NW_004076015.1
fr3:HE594693	HE594693		HE594693.1	HE594693.1	NW_004076016.1
fr3:HE594694	HE594694		HE594694.1	HE594694.1	NW_004076017.1
fr3:HE594695	HE594695		HE594695.1	HE594695.1	NW_004076018.1
fr3:HE594696	HE594696		HE594696.1	HE594696.1	NW_004076019.1
fr3:HE594697	HE594697		HE594697.1	HE594697.1	NW_004076020.1
fr3:HE594698	HE594698		HE594698.1	HE594698.1	NW_004076021.1
fr3:HE594699	HE594699		HE594699.1	HE594699.1	NW_004076022.1
fr3:HE594700	HE594700		HE594700.1	HE594700.1	NW_004076023.1
fr3:HE594701	HE594701		HE594701.1	HE594701.1	NW_004076024.1
fr3:HE594702	HE594702		HE594702.1	HE594702.1	NW_004076025.1
fr3:HE594703	HE594703		HE594703.1	HE594703.1	NW_004076026.1
fr3:HE594704	HE594704		HE594704.1	HE594704.1	NW_004076027.1
fr3:HE594705	HE594705		HE594705.1	HE594705.1	NW_004076028.1
fr3:HE594706	HE594706		HE594706.1	HE594706.1	NW_004076029.1
fr3:HE594707	HE594707		HE594707.1	HE594707.1	NW_004076030.1
fr3:HE594708	HE594708		HE594708.1	HE594708.1	NW_004076031.1
fr3:HE594709	HE594709		HE594709.1	HE594709.1	NW_004076032.1
fr3:HE594710	HE594710		HE594710.1	HE594710.1	NW_004076033.1
fr3:HE594711	HE594711		HE594711.1	HE594711.1	NW_004076034.1
fr3:HE594712	HE594712		HE594712.1	HE594712.1	NW_004076035.1
fr3:HE594713	HE594713		HE594713.1	HE594713.1	NW_004076036.1
fr3:HE594714	HE594714		HE594714.1	HE594714.1	NW_004076037.1
fr3:HE594715	HE594715		HE594715.1	HE594715.1	NW_004076038.1
fr3:HE594716	HE594716		HE594716.1	HE594716.1	NW_004076039.1
fr3:HE594717	HE594717		HE594717.1	HE594717.1	NW_004076040.1
fr3:HE594718	HE594718		HE594718.1	HE594718.1	NW_004076041.1
fr3:HE594719	HE594719		HE594719.1	HE594719.1	NW_004076042.1
fr3:HE594720	HE594720		HE594720.1	HE594720.1	NW_004076043.1
fr3:HE594721	HE594721		HE594721.1	HE594721.1	NW_004076044.1
fr3:HE594722	HE594722		HE594722.1	HE594722.1	NW_004076045.1
fr3:HE594723	HE594723		HE594723.1	HE594723.1	NW_004076046.1
fr3:HE594724	HE594724		HE594724.1	HE594724.1	NW_004076047.1
fr3:HE594725	HE594725		HE594725.1	HE594725.1	NW_004076048.1
fr3:HE594726	HE594726		HE594726.1	HE594726.1	NW_004076049.1
fr3:HE594727	HE594727		HE594727.1	HE594727.1	NW_004076050.1
fr3:HE594728	HE594728		HE594728.1	HE594728.1	NW_004076051.1
fr3:HE594729	HE594729		HE594729.1	HE594729.1	NW_004076052.1
fr3:HE594730	HE594730		HE594730.1	HE594730.1	NW_004076053.1
fr3:HE594731	HE594731		HE594731.1	HE594731.1	NW_004076054.1
fr3:HE594732	HE594732		HE594732.1	HE594732.1	NW_004076055.1
fr3:HE594733	HE594733		HE594733.1	HE594733.1	NW_004076056.1
fr3:HE594734	HE594734		HE594734.1	HE594734.1	NW_004076057.1
fr3:HE594735	HE594735		HE594735.1	HE594735.1	NW_004076058.1
fr3:HE594736	HE594736		HE594736.1	HE594736.1	NW_004076059.1
fr3:HE594737	HE594737		HE594737.1	HE594737.1	NW_004076060.1
fr3:HE594738	HE594738		HE594738.1	HE594738.1	NW_004076061.1
fr3:HE594739	HE594739		HE594739.1	HE594739.1	NW_004076062.1
fr3:HE594740	HE594740		HE594740.1	HE594740.1	NW_004076063.1
fr3:HE594741	HE594741		HE594741.1	HE594741.1	NW_004076064.1
fr3:HE594742	HE594742		HE594742.1	HE594742.1	NW_004076065.1
fr3:HE594743	HE594743		HE594743.1	HE594743.1	NW_004076066.1
fr3:HE594744	HE594744		HE594744.1	HE594744.1	NW_004076067.1
fr3:HE594745	HE594745		HE594745.1	HE594745.1	NW_004076068.1
fr3:HE594746	HE594746		HE594746.1	HE594746.1	NW_004076069.1
fr3:HE594747	HE594747		HE594747.1	HE594747.1	NW_004076070.1
fr3:HE594748	HE594748		HE594748.1	HE594748.1	NW_004076071.1
fr3:HE594749	HE594749		HE594749.1	HE594749.1	NW_004076072.1
fr3:HE594750	HE594750		HE594750.1	HE594750.1	NW_004076073.1
fr3:HE594751	HE594751		HE594751.1	HE594751.1	NW_004076074.1
fr3:HE594752	HE594752		HE594752.1	HE594752.1	NW_004076075.1
fr3:HE594753	HE594753		HE594753.1	HE594753.1	NW_004076076.1
fr3:HE594754	HE594754		HE594754.1	HE594754.1	NW_004076077.1
fr3:HE594755	HE594755		HE594755.1	HE594755.1	NW_004076078.1
fr3:HE594756	HE594756		HE594756.1	HE594756.1	NW_004076079.1
fr3:HE594757	HE594757		HE594757.1	HE594757.1	NW_004076080.1
fr3:HE594758	HE594758		HE594758.1	HE594758.1	NW_004076081.1
fr3:HE594759	HE594759		HE594759.1	HE594759.1	NW_004076082.1
fr3:HE594760	HE594760		HE594760.1	HE594760.1	NW_004076083.1
fr3:HE594761	HE594761		HE594761.1	HE594761.1	NW_004076084.1
fr3:HE594762	HE594762		HE594762.1	HE594762.1	NW_004076085.1
fr3:HE594763	HE594763		HE594763.1	HE594763.1	NW_004076086.1
fr3:HE594764	HE594764		HE594764.1	HE594764.1	NW_004076087.1
fr3:HE594765	HE594765		HE594765.1	HE594765.1	NW_004076088.1
fr3:HE594766	HE594766		HE594766.1	HE594766.1	NW_004076089.1
fr3:HE594767	HE594767		HE594767.1	HE594767.1	NW_004076090.1
fr3:HE594768	HE594768		HE594768.1	HE594768.1	NW_004076091.1
fr3:HE594769	HE594769		HE594769.1	HE594769.1	NW_004076092.1
fr3:HE594770	HE594770		HE594770.1	HE594770.1	NW_004076093.1
fr3:HE594771	HE594771		HE594771.1	HE594771.1	NW_004076094.1
fr3:HE594772	HE594772		HE594772.1	HE594772.1	NW_004076095.1
fr3:HE594773	HE594773		HE594773.1	HE594773.1	NW_004076096.1
fr3:HE594774	HE594774		HE594774.1	HE594774.1	NW_004076097.1
fr3:HE594775	HE594775		HE594775.1	HE594775.1	NW_004076098.1
fr3:HE594776	HE594776		HE594776.1	HE594776.1	NW_004076099.1
fr3:HE594777	HE594777		HE594777.1	HE594777.1	NW_004076100.1
fr3:HE594778	HE594778		HE594778.1	HE594778.1	NW_004076101.1
fr3:HE594779	HE594779		HE594779.1	HE594779.1	NW_004076102.1
fr3:HE594780	HE594780		HE594780.1	HE594780.1	NW_004076103.1
fr3:HE594781	HE594781		HE594781.1	HE594781.1	NW_004076104.1
fr3:HE594782	HE594782		HE594782.1	HE594782.1	NW_004076105.1
fr3:HE594783	HE594783		HE594783.1	HE594783.1	NW_004076106.1
fr3:HE594784	HE594784		HE594784.1	HE594784.1	NW_004076107.1
fr3:HE594785	HE594785		HE594785.1	HE594785.1	NW_004076108.1
fr3:HE594786	HE594786		HE594786.1	HE594786.1	NW_004076109.1
fr3:HE594787	HE594787		HE594787.1	HE594787.1	NW_004076110.1
fr3:HE594788	HE594788		HE594788.1	HE594788.1	NW_004076111.1
fr3:HE594789	HE594789		HE594789.1	HE594789.1	NW_004076112.1
fr3:HE594790	HE594790		HE594790.1	HE594790.1	NW_004076113.1
fr3:HE594791	HE594791		HE594791.1	HE594791.1	NW_004076114.1
fr3:HE594792	HE594792		HE594792.1	HE594792.1	NW_004076115.1
fr3:HE594793	HE594793		HE594793.1	HE594793.1	NW_004076116.1
fr3:HE594794	HE594794		HE594794.1	HE594794.1	NW_004076117.1
fr3:HE594795	HE594795		HE594795.1	HE594795.1	NW_004076118.1
fr3:HE594796	HE594796		HE594796.1	HE594796.1	NW_004076119.1
fr3:HE594797	HE594797		HE594797.1	HE594797.1	NW_004076120.1
fr3:HE594798	HE594798		HE594798.1	HE594798.1	NW_004076121.1
fr3:HE594799	HE594799		HE594799.1	HE594799.1	NW_004076122.1
fr3:HE594800	HE594800		HE594800.1	HE594800.1	NW_004076123.1
fr3:HE594801	HE594801		HE594801.1	HE594801.1	NW_004076124.1
fr3:HE594802	HE594802		HE594802.1	HE594802.1	NW_004076125.1
fr3:HE594803	HE594803		HE594803.1	HE594803.1	NW_004076126.1
fr3:HE594804	HE594804		HE594804.1	HE594804.1	NW_004076127.1
fr3:HE594805	HE594805		HE594805.1	HE594805.1	NW_004076128.1
fr3:HE594806	HE594806		HE594806.1	HE594806.1	NW_004076129.1
fr3:HE594807	HE594807		HE594807.1	HE594807.1	NW_004076130.1
fr3:HE594808	HE594808		HE594808.1	HE594808.1	NW_004076131.1
fr3:HE594809	HE594809		HE594809.1	HE594809.1	NW_004076132.1
fr3:HE594810	HE594810		HE594810.1	HE594810.1	NW_004076133.1
fr3:HE594811	HE594811		HE594811.1	HE594811.1	NW_004076134.1
fr3:HE594812	HE594812		HE594812.1	HE594812.1	NW_004076135.1
fr3:HE594813	HE594813		HE594813.1	HE594813.1	NW_004076136.1
fr3:HE594814	HE594814		HE594814.1	HE594814.1	NW_004076137.1
fr3:HE594815	HE594815		HE594815.1	HE594815.1	NW_004076138.1
fr3:HE594816	HE594816		HE594816.1	HE594816.1	NW_004076139.1
fr3:HE594817	HE594817		HE594817.1	HE594817.1	NW_004076140.1
fr3:HE594818	HE594818		HE594818.1	HE594818.1	NW_004076141.1
fr3:HE594819	HE594819		HE594819.1	HE594819.1	NW_004076142.1
fr3:HE594820	HE594820		HE594820.1	HE594820.1	NW_004076143.1
fr3:HE594821	HE594821		HE594821.1	HE594821.1	NW_004076144.1
fr3:HE594822	HE594822		HE594822.1	HE594822.1	NW_004076145.1
fr3:HE594823	HE594823		HE594823.1	HE594823.1	NW_004076146.1
fr3:HE594824	HE594824		HE594824.1	HE594824.1	NW_004076147.1
fr3:HE594825	HE594825		HE594825.1	HE594825.1	NW_004076148.1
fr3:HE594826	HE594826		HE594826.1	HE594826.1	NW_004076149.1
fr3:HE594827	HE594827		HE594827.1	HE594827.1	NW_004076150.1
fr3:HE594828	HE594828		HE594828.1	HE594828.1	NW_004076151.1
fr3:HE594829	HE594829		HE594829.1	HE594829.1	NW_004076152.1
fr3:HE594830	HE594830		HE594830.1	HE594830.1	NW_004076153.1
fr3:HE594831	HE594831		HE594831.1	HE594831.1	NW_004076154.1
fr3:HE594832	HE594832		HE594832.1	HE594832.1	NW_004076155.1
fr3:HE594833	HE594833		HE594833.1	HE594833.1	NW_004076156.1
fr3:HE594834	HE594834		HE594834.1	HE594834.1	NW_004076157.1
fr3:HE594835	HE594835		HE594835.1	HE594835.1	NW_004076158.1
fr3:HE594836	HE594836		HE594836.1	HE594836.1	NW_004076159.1
fr3:HE594837	HE594837		HE594837.1	HE594837.1	NW_004076160.1
fr3:HE594838	HE594838		HE594838.1	HE594838.1	NW_004076161.1
fr3:HE594839	HE594839		HE594839.1	HE594839.1	NW_004076162.1
fr3:HE594840	HE594840		HE594840.1	HE594840.1	NW_004076163.1
fr3:HE594841	HE594841		HE594841.1	HE594841.1	NW_004076164.1
fr3:HE594842	HE594842		HE594842.1	HE594842.1	NW_004076165.1
fr3:HE594843	HE594843		HE594843.1	HE594843.1	NW_004076166.1
fr3:HE594844	HE594844		HE594844.1	HE594844.1	NW_004076167.1
fr3:HE594845	HE594845		HE594845.1	HE594845.1	NW_004076168.1
fr3:HE594846	HE594846		HE594846.1	HE594846.1	NW_004076169.1
fr3:HE594847	HE594847		HE594847.1	HE594847.1	NW_004076170.1
fr3:HE594848	HE594848		HE594848.1	HE594848.1	NW_004076171.1
fr3:HE594849	HE594849		HE594849.1	HE594849.1	NW_004076172.1
fr3:HE594850	HE594850		HE594850.1	HE594850.1	NW_004076173.1
fr3:HE594851	HE594851		HE594851.1	HE594851.1	NW_004076174.1
fr3:HE594852	HE594852		HE594852.1	HE594852.1	NW_004076175.1
fr3:HE594853	HE594853		HE594853.1	HE594853.1	NW_004076176.1
fr3:HE594854	HE594854		HE594854.1	HE594854.1	NW_004076177.1
fr3:HE594855	HE594855		HE594855.1	HE594855.1	NW_004076178.1
fr3:HE594856	HE594856		HE594856.1	HE594856.1	NW_004076179.1
fr3:HE594857	HE594857		HE594857.1	HE594857.1	NW_004076180.1
fr3:HE594858	HE594858		HE594858.1	HE594858.1	NW_004076181.1
fr3:HE594859	HE594859		HE594859.1	HE594859.1	NW_004076182.1
fr3:HE594860	HE594860		HE594860.1	HE594860.1	NW_004076183.1
fr3:HE594861	HE594861		HE594861.1	HE594861.1	NW_004076184.1
fr3:HE594862	HE594862		HE594862.1	HE594862.1	NW_004076185.1
fr3:HE594863	HE594863		HE594863.1	HE594863.1	NW_004076186.1
fr3:HE594864	HE594864		HE594864.1	HE594864.1	NW_004076187.1
fr3:HE594865	HE594865		HE594865.1	HE594865.1	NW_004076188.1
fr3:HE594866	HE594866		HE594866.1	HE594866.1	NW_004076189.1
fr3:HE594867	HE594867		HE594867.1	HE594867.1	NW_004076190.1
fr3:HE594868	HE594868		HE594868.1	HE594868.1	NW_004076191.1
fr3:HE594869	HE594869		HE594869.1	HE594869.1	NW_004076192.1
fr3:HE594870	HE594870		HE594870.1	HE594870.1	NW_004076193.1
fr3:HE594871	HE594871		HE594871.1	HE594871.1	NW_004076194.1
fr3:HE594872	HE594872		HE594872.1	HE594872.1	NW_004076195.1
fr3:HE594873	HE594873		HE594873.1	HE594873.1	NW_004076196.1
fr3:HE594874	HE594874		HE594874.1	HE594874.1	NW_004076197.1
fr3:HE594875	HE594875		HE594875.1	HE594875.1	NW_004076198.1
fr3:HE594876	HE594876		HE594876.1	HE594876.1	NW_004076199.1
fr3:HE594877	HE594877		HE594877.1	HE594877.1	NW_004076200.1
fr3:HE594878	HE594878		HE594878.1	HE594878.1	NW_004076201.1
fr3:HE594879	HE594879		HE594879.1	HE594879.1	NW_004076202.1
fr3:HE594880	HE594880		HE594880.1	HE594880.1	NW_004076203.1
fr3:HE594881	HE594881		HE594881.1	HE594881.1	NW_004076204.1
fr3:HE594882	HE594882		HE594882.1	HE594882.1	NW_004076205.1
fr3:HE594883	HE594883		HE594883.1	HE594883.1	NW_004076206.1
fr3:HE594884	HE594884		HE594884.1	HE594884.1	NW_004076207.1
fr3:HE594885	HE594885		HE594885.1	HE594885.1	NW_004076208.1
fr3:HE594886	HE594886		HE594886.1	HE594886.1	NW_004076209.1
fr3:HE594887	HE594887		HE594887.1	HE594887.1	NW_004076210.1
fr3:HE594888	HE594888		HE594888.1	HE594888.1	NW_004076211.1
fr3:HE594889	HE594889		HE594889.1	HE594889.1	NW_004076212.1
fr3:HE594890	HE594890		HE594890.1	HE594890.1	NW_004076213.1
fr3:HE594891	HE594891		HE594891.1	HE594891.1	NW_004076214.1
fr3:HE594892	HE594892		HE594892.1	HE594892.1	NW_004076215.1
fr3:HE594893	HE594893		HE594893.1	HE594893.1	NW_004076216.1
fr3:HE594894	HE594894		HE594894.1	HE594894.1	NW_004076217.1
fr3:HE594895	HE594895		HE594895.1	HE594895.1	NW_004076218.1
fr3:HE594896	HE594896		HE594896.1	HE594896.1	NW_004076219.1
fr3:HE594897	HE594897		HE594897.1	HE594897.1	NW_004076220.1
fr3:HE594898	HE594898		HE594898.1	HE594898.1	NW_004076221.1
fr3:HE594899	HE594899		HE594899.1	HE594899.1	NW_004076222.1
fr3:HE594900	HE594900		HE594900.1	HE594900.1	NW_004076223.1
fr3:HE594901	HE594901		HE594901.1	HE594901.1	NW_004076224.1
fr3:HE594902	HE594902		HE594902.1	HE594902.1	NW_004076225.1
fr3:HE594903	HE594903		HE594903.1	HE594903.1	NW_004076226.1
fr3:HE594904	HE594904		HE594904.1	HE594904.1	NW_004076227.1
fr3:HE594905	HE594905		HE594905.1	HE594905.1	NW_004076228.1
fr3:HE594906	HE594906		HE594906.1	HE594906.1	NW_004076229.1
fr3:HE594907	HE594907		HE594907.1	HE594907.1	NW_004076230.1
fr3:HE594908	HE594908		HE594908.1	HE594908.1	NW_004076231.1
fr3:HE594909	HE594909		HE594909.1	HE594909.1	NW_004076232.1
fr3:HE594910	HE594910		HE594910.1	HE594910.1	NW_004076233.1
fr3:HE594911	HE594911		HE594911.1	HE594911.1	NW_004076234.1
fr3:HE594912	HE594912		HE594912.1	HE594912.1	NW_004076235.1
fr3:HE594913	HE594913		HE594913.1	HE594913.1	NW_004076236.1
fr3:HE594914	HE594914		HE594914.1	HE594914.1	NW_004076237.1
fr3:HE594915	HE594915		HE594915.1	HE594915.1	NW_004076238.1
fr3:HE594916	HE594916		HE594916.1	HE594916.1	NW_004076239.1
fr3:HE594917	HE594917		HE594917.1	HE594917.1	NW_004076240.1
fr3:HE594918	HE594918		HE594918.1	HE594918.1	NW_004076241.1
fr3:HE594919	HE594919		HE594919.1	HE594919.1	NW_004076242.1
fr3:HE594920	HE594920		HE594920.1	HE594920.1	NW_004076243.1
fr3:HE594921	HE594921		HE594921.1	HE594921.1	NW_004076244.1
fr3:HE594922	HE594922		HE594922.1	HE594922.1	NW_004076245.1
fr3:HE594923	HE594923		HE594923.1	HE594923.1	NW_004076246.1
fr3:HE594924	HE594924		HE594924.1	HE594924.1	NW_004076247.1
fr3:HE594925	HE594925		HE594925.1	HE594925.1	NW_004076248.1
fr3:HE594926	HE594926		HE594926.1	HE594926.1	NW_004076249.1
fr3:HE594927	HE594927		HE594927.1	HE594927.1	NW_004076250.1
fr3:HE594928	HE594928		HE594928.1	HE594928.1	NW_004076251.1
fr3:HE594929	HE594929		HE594929.1	HE594929.1	NW_004076252.1
fr3:HE594930	HE594930		HE594930.1	HE594930.1	NW_004076253.1
fr3:HE594931	HE594931		HE594931.1	HE594931.1	NW_004076254.1
fr3:HE594932	HE594932		HE594932.1	HE594932.1	NW_004076255.1
fr3:HE594933	HE594933		HE594933.1	HE594933.1	NW_004076256.1
fr3:HE594934	HE594934		HE594934.1	HE594934.1	NW_004076257.1
fr3:HE594935	HE594935		HE594935.1	HE594935.1	NW_004076258.1
fr3:HE594936	HE594936		HE594936.1	HE594936.1	NW_004076259.1
fr3:HE594937	HE594937		HE594937.1	HE594937.1	NW_004076260.1
fr3:HE594938	HE594938		HE594938.1	HE594938.1	NW_004076261.1
fr3:HE594939	HE594939		HE594939.1	HE594939.1	NW_004076262.1
fr3:HE594940	HE594940		HE594940.1	HE594940.1	NW_004076263.1
fr3:HE594941	HE594941		HE594941.1	HE594941.1	NW_004076264.1
fr3:HE594942	HE594942		HE594942.1	HE594942.1	NW_004076265.1
fr3:HE594943	HE594943		HE594943.1	HE594943.1	NW_004076266.1
fr3:HE594944	HE594944		HE594944.1	HE594944.1	NW_004076267.1
fr3:HE594945	HE594945		HE594945.1	HE594945.1	NW_004076268.1
fr3:HE594946	HE594946		HE594946.1	HE594946.1	NW_004076269.1
fr3:HE594947	HE594947		HE594947.1	HE594947.1	NW_004076270.1
fr3:HE594948	HE594948		HE594948.1	HE594948.1	NW_004076271.1
fr3:HE594949	HE594949		HE594949.1	HE594949.1	NW_004076272.1
fr3:HE594950	HE594950		HE594950.1	HE594950.1	NW_004076273.1
fr3:HE594951	HE594951		HE594951.1	HE594951.1	NW_004076274.1
fr3:HE594952	HE594952		HE594952.1	HE594952.1	NW_004076275.1
fr3:HE594953	HE594953		HE594953.1	HE594953.1	NW_004076276.1
fr3:HE594954	HE594954		HE594954.1	HE594954.1	NW_004076277.1
fr3:HE594955	HE594955		HE594955.1	HE594955.1	NW_004076278.1
fr3:HE594956	HE594956		HE594956.1	HE594956.1	NW_004076279.1
fr3:HE594957	HE594957		HE594957.1	HE594957.1	NW_004076280.1
fr3:HE594958	HE594958		HE594958.1	HE594958.1	NW_004076281.1
fr3:HE594959	HE594959		HE594959.1	HE594959.1	NW_004076282.1
fr3:HE594960	HE594960		HE594960.1	HE594960.1	NW_004076283.1
fr3:HE594961	HE594961		HE594961.1	HE594961.1	NW_004076284.1
fr3:HE594962	HE594962		HE594962.1	HE594962.1	NW_004076285.1
fr3:HE594963	HE594963		HE594963.1	HE594963.1	NW_004076286.1
fr3:HE594964	HE594964		HE594964.1	HE594964.1	NW_004076287.1
fr3:HE594965	HE594965		HE594965.1	HE594965.1	NW_004076288.1
fr3:HE594966	HE594966		HE594966.1	HE594966.1	NW_004076289.1
fr3:HE594967	HE594967		HE594967.1	HE594967.1	NW_004076290.1
fr3:HE594968	HE594968		HE594968.1	HE594968.1	NW_004076291.1
fr3:HE594969	HE594969		HE594969.1	HE594969.1	NW_004076292.1
fr3:HE594970	HE594970		HE594970.1	HE594970.1	NW_004076293.1
fr3:HE594971	HE594971		HE594971.1	HE594971.1	NW_004076294.1
fr3:HE594972	HE594972		HE594972.1	HE594972.1	NW_004076295.1
fr3:HE594973	HE594973		HE594973.1	HE594973.1	NW_004076296.1
fr3:HE594974	HE594974		HE594974.1	HE594974.1	NW_004076297.1
fr3:HE594975	HE594975		HE594975.1	HE594975.1	NW_004076298.1
fr3:HE594976	HE594976		HE594976.1	HE594976.1	NW_004076299.1
fr3:HE594977	HE594977		HE594977.1	HE594977.1	NW_004076300.1
fr3:HE594978	HE594978		HE594978.1	HE594978.1	NW_004076301.1
fr3:HE594979	HE594979		HE594979.1	HE594979.1	NW_004076302.1
fr3:HE594980	HE594980		HE594980.1	HE594980.1	NW_004076303.1
fr3:HE594981	HE594981		HE594981.1	HE594981.1	NW_004076304.1
fr3:HE594982	HE594982		HE594982.1	HE594982.1	NW_004076305.1
fr3:HE594983	HE594983		HE594983.1	HE594983.1	NW_004076306.1
fr3:HE594984	HE594984		HE594984.1	HE594984.1	NW_004076307.1
fr3:HE594985	HE594985		HE594985.1	HE594985.1	NW_004076308.1
fr3:HE594986	HE594986		HE594986.1	HE594986.1	NW_004076309.1
fr3:HE594987	HE594987		HE594987.1	HE594987.1	NW_004076310.1
fr3:HE594988	HE594988		HE594988.1	HE594988.1	NW_004076311.1
fr3:HE594989	HE594989		HE594989.1	HE594989.1	NW_004076312.1
fr3:HE594990	HE594990		HE594990.1	HE594990.1	NW_004076313.1
fr3:HE594991	HE594991		HE594991.1	HE594991.1	NW_004076314.1
fr3:HE594992	HE594992		HE594992.1	HE594992.1	NW_004076315.1
fr3:HE594993	HE594993		HE594993.1	HE594993.1	NW_004076316.1
fr3:HE594994	HE594994		HE594994.1	HE594994.1	NW_004076317.1
fr3:HE594995	HE594995		HE594995.1	HE594995.1	NW_004076318.1
fr3:HE594996	HE594996		HE594996.1	HE594996.1	NW_004076319.1
fr3:HE594997	HE594997		HE594997.1	HE594997.1	NW_004076320.1
fr3:HE594998	HE594998		HE594998.1	HE594998.1	NW_004076321.1
fr3:HE594999	HE594999		HE594999.1	HE594999.1	NW_004076322.1
fr3:HE595000	HE595000		HE595000.1	HE595000.1	NW_004076323.1
fr3:HE595001	HE595001		HE595001.1	HE595001.1	NW_004076324.1
fr3:HE595002	HE595002		HE595002.1	HE595002.1	NW_004076325.1
fr3:HE595003	HE595003		HE595003.1	HE595003.1	NW_004076326.1
fr3:HE595004	HE595004		HE595004.1	HE595004.1	NW_004076327.1
fr3:HE595005	HE595005		HE595005.1	HE595005.1	NW_004076328.1
fr3:HE595006	HE595006		HE595006.1	HE595006.1	NW_004076329.1
fr3:HE595007	HE595007		HE595007.1	HE595007.1	NW_004076330.1
fr3:HE595008	HE595008		HE595008.1	HE595008.1	NW_004076331.1
fr3:HE595009	HE595009		HE595009.1	HE595009.1	NW_004076332.1
fr3:HE595010	HE595010		HE595010.1	HE595010.1	NW_004076333.1
fr3:HE595011	HE595011		HE595011.1	HE595011.1	NW_004076334.1
fr3:HE595012	HE595012		HE595012.1	HE595012.1	NW_004076335.1
fr3:HE595013	HE595013		HE595013.1	HE595013.1	NW_004076336.1
fr3:HE595014	HE595014		HE595014.1	HE595014.1	NW_004076337.1
fr3:HE595015	HE595015		HE595015.1	HE595015.1	NW_004076338.1
fr3:HE595016	HE595016		HE595016.1	HE595016.1	NW_004076339.1
fr3:HE595017	HE595017		HE595017.1	HE595017.1	NW_004076340.1
fr3:HE595018	HE595018		HE595018.1	HE595018.1	NW_004076341.1
fr3:HE595019	HE595019		HE595019.1	HE595019.1	NW_004076342.1
fr3:HE595020	HE595020		HE595020.1	HE595020.1	NW_004073164.1
fr3:HE595021	HE595021		HE595021.1	HE595021.1	NW_004073165.1
fr3:HE595022	HE595022		HE595022.1	HE595022.1	NW_004073166.1
fr3:HE595023	HE595023		HE595023.1	HE595023.1	NW_004073167.1
fr3:HE595024	HE595024		HE595024.1	HE595024.1	NW_004073168.1
fr3:HE595025	HE595025		HE595025.1	HE595025.1	NW_004073169.1
fr3:HE595026	HE595026		HE595026.1	HE595026.1	NW_004073170.1
fr3:HE595027	HE595027		HE595027.1	HE595027.1	NW_004073171.1
fr3:HE595028	HE595028		HE595028.1	HE595028.1	NW_004073172.1
fr3:HE595029	HE595029		HE595029.1	HE595029.1	NW_004073173.1
fr3:HE595030	HE595030		HE595030.1	HE595030.1	NW_004073174.1
fr3:HE595031	HE595031		HE595031.1	HE595031.1	NW_004073175.1
fr3:HE595032	HE595032		HE595032.1	HE595032.1	NW_004073176.1
fr3:HE595033	HE595033		HE595033.1	HE595033.1	NW_004073177.1
fr3:HE595034	HE595034		HE595034.1	HE595034.1	NW_004073178.1
fr3:HE595035	HE595035		HE595035.1	HE595035.1	NW_004073179.1
fr3:HE595036	HE595036		HE595036.1	HE595036.1	NW_004073180.1
fr3:HE595037	HE595037		HE595037.1	HE595037.1	NW_004073181.1
fr3:HE595038	HE595038		HE595038.1	HE595038.1	NW_004073182.1
fr3:HE595039	HE595039		HE595039.1	HE595039.1	NW_004073183.1
fr3:HE595040	HE595040		HE595040.1	HE595040.1	NW_004073184.1
fr3:HE595041	HE595041		HE595041.1	HE595041.1	NW_004073185.1
fr3:HE595042	HE595042		HE595042.1	HE595042.1	NW_004073186.1
fr3:HE595043	HE595043		HE595043.1	HE595043.1	NW_004073187.1
fr3:HE595044	HE595044		HE595044.1	HE595044.1	NW_004073188.1
fr3:HE595045	HE595045		HE595045.1	HE595045.1	NW_004073189.1
fr3:HE595046	HE595046		HE595046.1	HE595046.1	NW_004073190.1
fr3:HE595047	HE595047		HE595047.1	HE595047.1	NW_004073191.1
fr3:HE595048	HE595048		HE595048.1	HE595048.1	NW_004073192.1
fr3:HE595049	HE595049		HE595049.1	HE595049.1	NW_004073193.1
fr3:HE595050	HE595050		HE595050.1	HE595050.1	NW_004073194.1
fr3:HE595051	HE595051		HE595051.1	HE595051.1	NW_004073195.1
fr3:HE595052	HE595052		HE595052.1	HE595052.1	NW_004073196.1
fr3:HE595053	HE595053		HE595053.1	HE595053.1	NW_004073197.1
fr3:HE595054	HE595054		HE595054.1	HE595054.1	NW_004073198.1
fr3:HE595055	HE595055		HE595055.1	HE595055.1	NW_004073199.1
fr3:HE595056	HE595056		HE595056.1	HE595056.1	NW_004073200.1
fr3:HE595057	HE595057		HE595057.1	HE595057.1	NW_004073201.1
fr3:HE595058	HE595058		HE595058.1	HE595058.1	NW_004073202.1
fr3:HE595059	HE595059		HE595059.1	HE595059.1	NW_004073203.1
fr3:HE595060	HE595060		HE595060.1	HE595060.1	NW_004073204.1
fr3:HE595061	HE595061		HE595061.1	HE595061.1	NW_004073205.1
fr3:HE595062	HE595062		HE595062.1	HE595062.1	NW_004073206.1
fr3:HE595063	HE595063		HE595063.1	HE595063.1	NW_004073207.1
fr3:HE595064	HE595064		HE595064.1	HE595064.1	NW_004073208.1
fr3:HE595065	HE595065		HE595065.1	HE595065.1	NW_004073209.1
fr3:HE595066	HE595066		HE595066.1	HE595066.1	NW_004073210.1
fr3:HE595067	HE595067		HE595067.1	HE595067.1	NW_004073211.1
fr3:HE595068	HE595068		HE595068.1	HE595068.1	NW_004073212.1
fr3:HE595069	HE595069		HE595069.1	HE595069.1	NW_004073213.1
fr3:HE595070	HE595070		HE595070.1	HE595070.1	NW_004073214.1
fr3:HE595071	HE595071		HE595071.1	HE595071.1	NW_004073215.1
fr3:HE595072	HE595072		HE595072.1	HE595072.1	NW_004073216.1
fr3:HE595073	HE595073		HE595073.1	HE595073.1	NW_004073217.1
fr3:HE595074	HE595074		HE595074.1	HE595074.1	NW_004073218.1
fr3:HE595075	HE595075		HE595075.1	HE595075.1	NW_004073219.1
fr3:HE595076	HE595076		HE595076.1	HE595076.1	NW_004073220.1
fr3:HE595077	HE595077		HE595077.1	HE595077.1	NW_004073221.1
fr3:HE595078	HE595078		HE595078.1	HE595078.1	NW_004073222.1
fr3:HE595079	HE595079		HE595079.1	HE595079.1	NW_004073223.1
fr3:HE595080	HE595080		HE595080.1	HE595080.1	NW_004073224.1
fr3:HE595081	HE595081		HE595081.1	HE595081.1	NW_004073225.1
fr3:HE595082	HE595082		HE595082.1	HE595082.1	NW_004073226.1
fr3:HE595083	HE595083		HE595083.1	HE595083.1	NW_004073227.1
fr3:HE595084	HE595084		HE595084.1	HE595084.1	NW_004073228.1
fr3:HE595085	HE595085		HE595085.1	HE595085.1	NW_004073229.1
fr3:HE595086	HE595086		HE595086.1	HE595086.1	NW_004073230.1
fr3:HE595087	HE595087		HE595087.1	HE595087.1	NW_004073231.1
fr3:HE595088	HE595088		HE595088.1	HE595088.1	NW_004073232.1
fr3:HE595089	HE595089		HE595089.1	HE595089.1	NW_004073233.1
fr3:HE595090	HE595090		HE595090.1	HE595090.1	NW_004073234.1
fr3:HE595091	HE595091		HE595091.1	HE595091.1	NW_004073235.1
fr3:HE595092	HE595092		HE595092.1	HE595092.1	NW_004073236.1
fr3:HE595093	HE595093		HE595093.1	HE595093.1	NW_004073237.1
fr3:HE595094	HE595094		HE595094.1	HE595094.1	NW_004073238.1
fr3:HE595095	HE595095		HE595095.1	HE595095.1	NW_004073239.1
fr3:HE595096	HE595096		HE595096.1	HE595096.1	NW_004073240.1
fr3:HE595097	HE595097		HE595097.1	HE595097.1	NW_004073241.1
fr3:HE595098	HE595098		HE595098.1	HE595098.1	NW_004073242.1
fr3:HE595099	HE595099		HE595099.1	HE595099.1	NW_004073243.1
fr3:HE595100	HE595100		HE595100.1	HE595100.1	NW_004073244.1
fr3:HE595101	HE595101		HE595101.1	HE595101.1	NW_004073245.1
fr3:HE595102	HE595102		HE595102.1	HE595102.1	NW_004073246.1
fr3:HE595103	HE595103		HE595103.1	HE595103.1	NW_004073247.1
fr3:HE595104	HE595104		HE595104.1	HE595104.1	NW_004073248.1
fr3:HE595105	HE595105		HE595105.1	HE595105.1	NW_004073249.1
fr3:HE595106	HE595106		HE595106.1	HE595106.1	NW_004073250.1
fr3:HE595107	HE595107		HE595107.1	HE595107.1	NW_004073251.1
fr3:HE595108	HE595108		HE595108.1	HE595108.1	NW_004073252.1
fr3:HE595109	HE595109		HE595109.1	HE595109.1	NW_004073253.1
fr3:HE595110	HE595110		HE595110.1	HE595110.1	NW_004073254.1
fr3:HE595111	HE595111		HE595111.1	HE595111.1	NW_004073255.1
fr3:HE595112	HE595112		HE595112.1	HE595112.1	NW_004073256.1
fr3:HE595113	HE595113		HE595113.1	HE595113.1	NW_004073257.1
fr3:HE595114	HE595114		HE595114.1	HE595114.1	NW_004073258.1
fr3:HE595115	HE595115		HE595115.1	HE595115.1	NW_004073259.1
fr3:HE595116	HE595116		HE595116.1	HE595116.1	NW_004073260.1
fr3:HE595117	HE595117		HE595117.1	HE595117.1	NW_004073261.1
fr3:HE595118	HE595118		HE595118.1	HE595118.1	NW_004073262.1
fr3:HE595119	HE595119		HE595119.1	HE595119.1	NW_004073263.1
fr3:HE595120	HE595120		HE595120.1	HE595120.1	NW_004073264.1
fr3:HE595121	HE595121		HE595121.1	HE595121.1	NW_004073265.1
fr3:HE595122	HE595122		HE595122.1	HE595122.1	NW_004073266.1
fr3:HE595123	HE595123		HE595123.1	HE595123.1	NW_004073267.1
fr3:HE595124	HE595124		HE595124.1	HE595124.1	NW_004073268.1
fr3:HE595125	HE595125		HE595125.1	HE595125.1	NW_004073269.1
fr3:HE595126	HE595126		HE595126.1	HE595126.1	NW_004073270.1
fr3:HE595127	HE595127		HE595127.1	HE595127.1	NW_004073271.1
fr3:HE595128	HE595128		HE595128.1	HE595128.1	NW_004073272.1
fr3:HE595129	HE595129		HE595129.1	HE595129.1	NW_004073273.1
fr3:HE595130	HE595130		HE595130.1	HE595130.1	NW_004073274.1
fr3:HE595131	HE595131		HE595131.1	HE595131.1	NW_004073275.1
fr3:HE595132	HE595132		HE595132.1	HE595132.1	NW_004073276.1
fr3:HE595133	HE595133		HE595133.1	HE595133.1	NW_004073277.1
fr3:HE595134	HE595134		HE595134.1	HE595134.1	NW_004073278.1
fr3:HE595135	HE595135		HE595135.1	HE595135.1	NW_004073279.1
fr3:HE595136	HE595136		HE595136.1	HE595136.1	NW_004073280.1
fr3:HE595137	HE595137		HE595137.1	HE595137.1	NW_004073281.1
fr3:HE595138	HE595138		HE595138.1	HE595138.1	NW_004073282.1
fr3:HE595139	HE595139		HE595139.1	HE595139.1	NW_004073283.1
fr3:HE595140	HE595140		HE595140.1	HE595140.1	NW_004073284.1
fr3:HE595141	HE595141		HE595141.1	HE595141.1	NW_004073285.1
fr3:HE595142	HE595142		HE595142.1	HE595142.1	NW_004073286.1
fr3:HE595143	HE595143		HE595143.1	HE595143.1	NW_004073287.1
fr3:HE595144	HE595144		HE595144.1	HE595144.1	NW_004073288.1
fr3:HE595145	HE595145		HE595145.1	HE595145.1	NW_004073289.1
fr3:HE595146	HE595146		HE595146.1	HE595146.1	NW_004073290.1
fr3:HE595147	HE595147		HE595147.1	HE595147.1	NW_004073291.1
fr3:HE595148	HE595148		HE595148.1	HE595148.1	NW_004076344.1
fr3:HE595149	HE595149		HE595149.1	HE595149.1	NW_004076345.1
fr3:HE595150	HE595150		HE595150.1	HE595150.1	NW_004076346.1
fr3:HE595151	HE595151		HE595151.1	HE595151.1	NW_004076347.1
fr3:HE595152	HE595152		HE595152.1	HE595152.1	NW_004076348.1
fr3:HE595153	HE595153		HE595153.1	HE595153.1	NW_004076349.1
fr3:HE595154	HE595154		HE595154.1	HE595154.1	NW_004076350.1
fr3:HE595155	HE595155		HE595155.1	HE595155.1	NW_004076351.1
fr3:HE595156	HE595156		HE595156.1	HE595156.1	NW_004076352.1
fr3:HE595157	HE595157		HE595157.1	HE595157.1	NW_004076353.1
fr3:HE595158	HE595158		HE595158.1	HE595158.1	NW_004076354.1
fr3:HE595159	HE595159		HE595159.1	HE595159.1	NW_004076355.1
fr3:HE595160	HE595160		HE595160.1	HE595160.1	NW_004076356.1
fr3:HE595161	HE595161		HE595161.1	HE595161.1	NW_004076357.1
fr3:HE595162	HE595162		HE595162.1	HE595162.1	NW_004076358.1
fr3:HE595163	HE595163		HE595163.1	HE595163.1	NW_004076359.1
fr3:HE595164	HE595164		HE595164.1	HE595164.1	NW_004076360.1
fr3:HE595165	HE595165		HE595165.1	HE595165.1	NW_004076361.1
fr3:HE595166	HE595166		HE595166.1	HE595166.1	NW_004076362.1
fr3:HE595167	HE595167		HE595167.1	HE595167.1	NW_004076363.1
fr3:HE595168	HE595168		HE595168.1	HE595168.1	NW_004076364.1
fr3:HE595169	HE595169		HE595169.1	HE595169.1	NW_004076365.1
fr3:HE595170	HE595170		HE595170.1	HE595170.1	NW_004076366.1
fr3:HE595171	HE595171		HE595171.1	HE595171.1	NW_004076367.1
fr3:HE595172	HE595172		HE595172.1	HE595172.1	NW_004076368.1
fr3:HE595173	HE595173		HE595173.1	HE595173.1	NW_004076369.1
fr3:HE595174	HE595174		HE595174.1	HE595174.1	NW_004076370.1
fr3:HE595175	HE595175		HE595175.1	HE595175.1	NW_004076371.1
fr3:HE595176	HE595176		HE595176.1	HE595176.1	NW_004076372.1
fr3:HE595177	HE595177		HE595177.1	HE595177.1	NW_004076373.1
fr3:HE595178	HE595178		HE595178.1	HE595178.1	NW_004076374.1
fr3:HE595179	HE595179		HE595179.1	HE595179.1	NW_004076375.1
fr3:HE595180	HE595180		HE595180.1	HE595180.1	NW_004076376.1
fr3:HE595181	HE595181		HE595181.1	HE595181.1	NW_004076377.1
fr3:HE595182	HE595182		HE595182.1	HE595182.1	NW_004076378.1
fr3:HE595183	HE595183		HE595183.1	HE595183.1	NW_004076379.1
fr3:HE595184	HE595184		HE595184.1	HE595184.1	NW_004076380.1
fr3:HE595185	HE595185		HE595185.1	HE595185.1	NW_004076381.1
fr3:HE595186	HE595186		HE595186.1	HE595186.1	NW_004076382.1
fr3:HE595187	HE595187		HE595187.1	HE595187.1	NW_004076383.1
fr3:HE595188	HE595188		HE595188.1	HE595188.1	NW_004076384.1
fr3:HE595189	HE595189		HE595189.1	HE595189.1	NW_004076385.1
fr3:HE595190	HE595190		HE595190.1	HE595190.1	NW_004076386.1
fr3:HE595191	HE595191		HE595191.1	HE595191.1	NW_004077512.1
fr3:HE595192	HE595192		HE595192.1	HE595192.1	NW_004076387.1
fr3:HE595193	HE595193		HE595193.1	HE595193.1	NW_004076388.1
fr3:HE595194	HE595194		HE595194.1	HE595194.1	NW_004076389.1
fr3:HE595195	HE595195		HE595195.1	HE595195.1	NW_004076390.1
fr3:HE595196	HE595196		HE595196.1	HE595196.1	NW_004076391.1
fr3:HE595197	HE595197		HE595197.1	HE595197.1	NW_004076392.1
fr3:HE595198	HE595198		HE595198.1	HE595198.1	NW_004076393.1
fr3:HE595199	HE595199		HE595199.1	HE595199.1	NW_004076394.1
fr3:HE595200	HE595200		HE595200.1	HE595200.1	NW_004076395.1
fr3:HE595201	HE595201		HE595201.1	HE595201.1	NW_004076396.1
fr3:HE595202	HE595202		HE595202.1	HE595202.1	NW_004076397.1
fr3:HE595203	HE595203		HE595203.1	HE595203.1	NW_004076398.1
fr3:HE595204	HE595204		HE595204.1	HE595204.1	NW_004076399.1
fr3:HE595205	HE595205		HE595205.1	HE595205.1	NW_004076400.1
fr3:HE595206	HE595206		HE595206.1	HE595206.1	NW_004076401.1
fr3:HE595207	HE595207		HE595207.1	HE595207.1	NW_004076402.1
fr3:HE595208	HE595208		HE595208.1	HE595208.1	NW_004076403.1
fr3:HE595209	HE595209		HE595209.1	HE595209.1	NW_004076404.1
fr3:HE595210	HE595210		HE595210.1	HE595210.1	NW_004076405.1
fr3:HE595211	HE595211		HE595211.1	HE595211.1	NW_004076406.1
fr3:HE595212	HE595212		HE595212.1	HE595212.1	NW_004076407.1
fr3:HE595213	HE595213		HE595213.1	HE595213.1	NW_004076408.1
fr3:HE595214	HE595214		HE595214.1	HE595214.1	NW_004076409.1
fr3:HE595215	HE595215		HE595215.1	HE595215.1	NW_004076410.1
fr3:HE595216	HE595216		HE595216.1	HE595216.1	NW_004076411.1
fr3:HE595217	HE595217		HE595217.1	HE595217.1	NW_004076412.1
fr3:HE595218	HE595218		HE595218.1	HE595218.1	NW_004076413.1
fr3:HE595219	HE595219		HE595219.1	HE595219.1	NW_004076414.1
fr3:HE595220	HE595220		HE595220.1	HE595220.1	NW_004076415.1
fr3:HE595221	HE595221		HE595221.1	HE595221.1	NW_004076416.1
fr3:HE595222	HE595222		HE595222.1	HE595222.1	NW_004076417.1
fr3:HE595223	HE595223		HE595223.1	HE595223.1	NW_004076418.1
fr3:HE595224	HE595224		HE595224.1	HE595224.1	NW_004076419.1
fr3:HE595225	HE595225		HE595225.1	HE595225.1	NW_004076420.1
fr3:HE595226	HE595226		HE595226.1	HE595226.1	NW_004076421.1
fr3:HE595227	HE595227		HE595227.1	HE595227.1	NW_004076422.1
fr3:HE595228	HE595228		HE595228.1	HE595228.1	NW_004076423.1
fr3:HE595229	HE595229		HE595229.1	HE595229.1	NW_004076424.1
fr3:HE595230	HE595230		HE595230.1	HE595230.1	NW_004076425.1
fr3:HE595231	HE595231		HE595231.1	HE595231.1	NW_004076426.1
fr3:HE595232	HE595232		HE595232.1	HE595232.1	NW_004076427.1
fr3:HE595233	HE595233		HE595233.1	HE595233.1	NW_004076428.1
fr3:HE595234	HE595234		HE595234.1	HE595234.1	NW_004076429.1
fr3:HE595235	HE595235		HE595235.1	HE595235.1	NW_004076430.1
fr3:HE595236	HE595236		HE595236.1	HE595236.1	NW_004076431.1
fr3:HE595237	HE595237		HE595237.1	HE595237.1	NW_004076432.1
fr3:HE595238	HE595238		HE595238.1	HE595238.1	NW_004076433.1
fr3:HE595239	HE595239		HE595239.1	HE595239.1	NW_004076434.1
fr3:HE595240	HE595240		HE595240.1	HE595240.1	NW_004076435.1
fr3:HE595241	HE595241		HE595241.1	HE595241.1	NW_004076436.1
fr3:HE595242	HE595242		HE595242.1	HE595242.1	NW_004076437.1
fr3:HE595243	HE595243		HE595243.1	HE595243.1	NW_004076438.1
fr3:HE595244	HE595244		HE595244.1	HE595244.1	NW_004076439.1
fr3:HE595245	HE595245		HE595245.1	HE595245.1	NW_004076440.1
fr3:HE595246	HE595246		HE595246.1	HE595246.1	NW_004076441.1
fr3:HE595247	HE595247		HE595247.1	HE595247.1	NW_004076442.1
fr3:HE595248	HE595248		HE595248.1	HE595248.1	NW_004076443.1
fr3:HE595249	HE595249		HE595249.1	HE595249.1	NW_004076444.1
fr3:HE595250	HE595250		HE595250.1	HE595250.1	NW_004076445.1
fr3:HE595251	HE595251		HE595251.1	HE595251.1	NW_004076446.1
fr3:HE595252	HE595252		HE595252.1	HE595252.1	NW_004076447.1
fr3:HE595253	HE595253		HE595253.1	HE595253.1	NW_004076448.1
fr3:HE595254	HE595254		HE595254.1	HE595254.1	NW_004076449.1
fr3:HE595255	HE595255		HE595255.1	HE595255.1	NW_004076450.1
fr3:HE595256	HE595256		HE595256.1	HE595256.1	NW_004076451.1
fr3:HE595257	HE595257		HE595257.1	HE595257.1	NW_004076452.1
fr3:HE595258	HE595258		HE595258.1	HE595258.1	NW_004076453.1
fr3:HE595259	HE595259		HE595259.1	HE595259.1	NW_004076454.1
fr3:HE595260	HE595260		HE595260.1	HE595260.1	NW_004076455.1
fr3:HE595261	HE595261		HE595261.1	HE595261.1	NW_004076456.1
fr3:HE595262	HE595262		HE595262.1	HE595262.1	NW_004076457.1
fr3:HE595263	HE595263		HE595263.1	HE595263.1	NW_004076458.1
fr3:HE595264	HE595264		HE595264.1	HE595264.1	NW_004076459.1
fr3:HE595265	HE595265		HE595265.1	HE595265.1	NW_004076460.1
fr3:HE595266	HE595266		HE595266.1	HE595266.1	NW_004076461.1
fr3:HE595267	HE595267		HE595267.1	HE595267.1	NW_004076462.1
fr3:HE595268	HE595268		HE595268.1	HE595268.1	NW_004076463.1
fr3:HE595269	HE595269		HE595269.1	HE595269.1	NW_004076464.1
fr3:HE595270	HE595270		HE595270.1	HE595270.1	NW_004076465.1
fr3:HE595271	HE595271		HE595271.1	HE595271.1	NW_004076466.1
fr3:HE595272	HE595272		HE595272.1	HE595272.1	NW_004076467.1
fr3:HE595273	HE595273		HE595273.1	HE595273.1	NW_004076468.1
fr3:HE595274	HE595274		HE595274.1	HE595274.1	NW_004076469.1
fr3:HE595275	HE595275		HE595275.1	HE595275.1	NW_004076470.1
fr3:HE595276	HE595276		HE595276.1	HE595276.1	NW_004076471.1
fr3:HE595277	HE595277		HE595277.1	HE595277.1	NW_004076472.1
fr3:HE595278	HE595278		HE595278.1	HE595278.1	NW_004076473.1
fr3:HE595279	HE595279		HE595279.1	HE595279.1	NW_004076474.1
fr3:HE595280	HE595280		HE595280.1	HE595280.1	NW_004076475.1
fr3:HE595281	HE595281		HE595281.1	HE595281.1	NW_004076476.1
fr3:HE595282	HE595282		HE595282.1	HE595282.1	NW_004076477.1
fr3:HE595283	HE595283		HE595283.1	HE595283.1	NW_004076478.1
fr3:HE595284	HE595284		HE595284.1	HE595284.1	NW_004073292.1
fr3:HE595285	HE595285		HE595285.1	HE595285.1	NW_004073293.1
fr3:HE595286	HE595286		HE595286.1	HE595286.1	NW_004073294.1
fr3:HE595287	HE595287		HE595287.1	HE595287.1	NW_004073295.1
fr3:HE595288	HE595288		HE595288.1	HE595288.1	NW_004073296.1
fr3:HE595289	HE595289		HE595289.1	HE595289.1	NW_004073297.1
fr3:HE595290	HE595290		HE595290.1	HE595290.1	NW_004073298.1
fr3:HE595291	HE595291		HE595291.1	HE595291.1	NW_004073299.1
fr3:HE595292	HE595292		HE595292.1	HE595292.1	NW_004073300.1
fr3:HE595293	HE595293		HE595293.1	HE595293.1	NW_004073301.1
fr3:HE595294	HE595294		HE595294.1	HE595294.1	NW_004073302.1
fr3:HE595295	HE595295		HE595295.1	HE595295.1	NW_004073303.1
fr3:HE595296	HE595296		HE595296.1	HE595296.1	NW_004073304.1
fr3:HE595297	HE595297		HE595297.1	HE595297.1	NW_004073305.1
fr3:HE595298	HE595298		HE595298.1	HE595298.1	NW_004073306.1
fr3:HE595299	HE595299		HE595299.1	HE595299.1	NW_004073307.1
fr3:HE595300	HE595300		HE595300.1	HE595300.1	NW_004073308.1
fr3:HE595301	HE595301		HE595301.1	HE595301.1	NW_004073309.1
fr3:HE595302	HE595302		HE595302.1	HE595302.1	NW_004073310.1
fr3:HE595303	HE595303		HE595303.1	HE595303.1	NW_004073311.1
fr3:HE595304	HE595304		HE595304.1	HE595304.1	NW_004073312.1
fr3:HE595305	HE595305		HE595305.1	HE595305.1	NW_004073313.1
fr3:HE595306	HE595306		HE595306.1	HE595306.1	NW_004073314.1
fr3:HE595307	HE595307		HE595307.1	HE595307.1	NW_004073315.1
fr3:HE595308	HE595308		HE595308.1	HE595308.1	NW_004073316.1
fr3:HE595309	HE595309		HE595309.1	HE595309.1	NW_004073317.1
fr3:HE595310	HE595310		HE595310.1	HE595310.1	NW_004073318.1
fr3:HE595311	HE595311		HE595311.1	HE595311.1	NW_004073319.1
fr3:HE595312	HE595312		HE595312.1	HE595312.1	NW_004073320.1
fr3:HE595313	HE595313		HE595313.1	HE595313.1	NW_004073321.1
fr3:HE595314	HE595314		HE595314.1	HE595314.1	NW_004073322.1
fr3:HE595315	HE595315		HE595315.1	HE595315.1	NW_004073323.1
fr3:HE595316	HE595316		HE595316.1	HE595316.1	NW_004073324.1
fr3:HE595317	HE595317		HE595317.1	HE595317.1	NW_004073325.1
fr3:HE595318	HE595318		HE595318.1	HE595318.1	NW_004073326.1
fr3:HE595319	HE595319		HE595319.1	HE595319.1	NW_004073327.1
fr3:HE595320	HE595320		HE595320.1	HE595320.1	NW_004073328.1
fr3:HE595321	HE595321		HE595321.1	HE595321.1	NW_004073329.1
fr3:HE595322	HE595322		HE595322.1	HE595322.1	NW_004073330.1
fr3:HE595323	HE595323		HE595323.1	HE595323.1	NW_004073331.1
fr3:HE595324	HE595324		HE595324.1	HE595324.1	NW_004073332.1
fr3:HE595325	HE595325		HE595325.1	HE595325.1	NW_004073333.1
fr3:HE595326	HE595326		HE595326.1	HE595326.1	NW_004076343.1
fr3:HE595327	HE595327		HE595327.1	HE595327.1	NW_004073334.1
fr3:HE595328	HE595328		HE595328.1	HE595328.1	NW_004076479.1
fr3:HE595329	HE595329		HE595329.1	HE595329.1	NW_004076480.1
fr3:HE595330	HE595330		HE595330.1	HE595330.1	NW_004076481.1
fr3:HE595331	HE595331		HE595331.1	HE595331.1	NW_004076482.1
fr3:HE595332	HE595332		HE595332.1	HE595332.1	NW_004076483.1
fr3:HE595333	HE595333		HE595333.1	HE595333.1	NW_004076484.1
fr3:HE595334	HE595334		HE595334.1	HE595334.1	NW_004076485.1
fr3:HE595335	HE595335		HE595335.1	HE595335.1	NW_004076486.1
fr3:HE595336	HE595336		HE595336.1	HE595336.1	NW_004076487.1
fr3:HE595337	HE595337		HE595337.1	HE595337.1	NW_004076488.1
fr3:HE595338	HE595338		HE595338.1	HE595338.1	NW_004076489.1
fr3:HE595339	HE595339		HE595339.1	HE595339.1	NW_004076490.1
fr3:HE595340	HE595340		HE595340.1	HE595340.1	NW_004076491.1
fr3:HE595341	HE595341		HE595341.1	HE595341.1	NW_004076492.1
fr3:HE595342	HE595342		HE595342.1	HE595342.1	NW_004076493.1
fr3:HE595343	HE595343		HE595343.1	HE595343.1	NW_004076494.1
fr3:HE595344	HE595344		HE595344.1	HE595344.1	NW_004076495.1
fr3:HE595345	HE595345		HE595345.1	HE595345.1	NW_004076496.1
fr3:HE595346	HE595346		HE595346.1	HE595346.1	NW_004076497.1
fr3:HE595347	HE595347		HE595347.1	HE595347.1	NW_004076498.1
fr3:HE595348	HE595348		HE595348.1	HE595348.1	NW_004076499.1
fr3:HE595349	HE595349		HE595349.1	HE595349.1	NW_004076500.1
fr3:HE595350	HE595350		HE595350.1	HE595350.1	NW_004076501.1
fr3:HE595351	HE595351		HE595351.1	HE595351.1	NW_004076502.1
fr3:HE595352	HE595352		HE595352.1	HE595352.1	NW_004076503.1
fr3:HE595353	HE595353		HE595353.1	HE595353.1	NW_004076504.1
fr3:HE595354	HE595354		HE595354.1	HE595354.1	NW_004076505.1
fr3:HE595355	HE595355		HE595355.1	HE595355.1	NW_004076506.1
fr3:HE595356	HE595356		HE595356.1	HE595356.1	NW_004076507.1
fr3:HE595357	HE595357		HE595357.1	HE595357.1	NW_004076508.1
fr3:HE595358	HE595358		HE595358.1	HE595358.1	NW_004076509.1
fr3:HE595359	HE595359		HE595359.1	HE595359.1	NW_004076510.1
fr3:HE595360	HE595360		HE595360.1	HE595360.1	NW_004076511.1
fr3:HE595361	HE595361		HE595361.1	HE595361.1	NW_004076512.1
fr3:HE595362	HE595362		HE595362.1	HE595362.1	NW_004076513.1
fr3:HE595363	HE595363		HE595363.1	HE595363.1	NW_004076514.1
fr3:HE595364	HE595364		HE595364.1	HE595364.1	NW_004076515.1
fr3:HE595365	HE595365		HE595365.1	HE595365.1	NW_004076516.1
fr3:HE595366	HE595366		HE595366.1	HE595366.1	NW_004076517.1
fr3:HE595367	HE595367		HE595367.1	HE595367.1	NW_004076518.1
fr3:HE595368	HE595368		HE595368.1	HE595368.1	NW_004076519.1
fr3:HE595369	HE595369		HE595369.1	HE595369.1	NW_004076520.1
fr3:HE595370	HE595370		HE595370.1	HE595370.1	NW_004076521.1
fr3:HE595371	HE595371		HE595371.1	HE595371.1	NW_004076522.1
fr3:HE595372	HE595372		HE595372.1	HE595372.1	NW_004076523.1
fr3:HE595373	HE595373		HE595373.1	HE595373.1	NW_004076524.1
fr3:HE595374	HE595374		HE595374.1	HE595374.1	NW_004076525.1
fr3:HE595375	HE595375		HE595375.1	HE595375.1	NW_004076526.1
fr3:HE595376	HE595376		HE595376.1	HE595376.1	NW_004076527.1
fr3:HE595377	HE595377		HE595377.1	HE595377.1	NW_004076528.1
fr3:HE595378	HE595378		HE595378.1	HE595378.1	NW_004076529.1
fr3:HE595379	HE595379		HE595379.1	HE595379.1	NW_004076530.1
fr3:HE595380	HE595380		HE595380.1	HE595380.1	NW_004076531.1
fr3:HE595381	HE595381		HE595381.1	HE595381.1	NW_004076532.1
fr3:HE595382	HE595382		HE595382.1	HE595382.1	NW_004076533.1
fr3:HE595383	HE595383		HE595383.1	HE595383.1	NW_004076534.1
fr3:HE595384	HE595384		HE595384.1	HE595384.1	NW_004076535.1
fr3:HE595385	HE595385		HE595385.1	HE595385.1	NW_004076536.1
fr3:HE595386	HE595386		HE595386.1	HE595386.1	NW_004076537.1
fr3:HE595387	HE595387		HE595387.1	HE595387.1	NW_004076538.1
fr3:HE595388	HE595388		HE595388.1	HE595388.1	NW_004076539.1
fr3:HE595389	HE595389		HE595389.1	HE595389.1	NW_004076540.1
fr3:HE595390	HE595390		HE595390.1	HE595390.1	NW_004076541.1
fr3:HE595391	HE595391		HE595391.1	HE595391.1	NW_004076542.1
fr3:HE595392	HE595392		HE595392.1	HE595392.1	NW_004076543.1
fr3:HE595393	HE595393		HE595393.1	HE595393.1	NW_004076544.1
fr3:HE595394	HE595394		HE595394.1	HE595394.1	NW_004076545.1
fr3:HE595395	HE595395		HE595395.1	HE595395.1	NW_004076546.1
fr3:HE595396	HE595396		HE595396.1	HE595396.1	NW_004076547.1
fr3:HE595397	HE595397		HE595397.1	HE595397.1	NW_004076548.1
fr3:HE595398	HE595398		HE595398.1	HE595398.1	NW_004076549.1
fr3:HE595399	HE595399		HE595399.1	HE595399.1	NW_004076550.1
fr3:HE595400	HE595400		HE595400.1	HE595400.1	NW_004076551.1
fr3:HE595401	HE595401		HE595401.1	HE595401.1	NW_004076552.1
fr3:HE595402	HE595402		HE595402.1	HE595402.1	NW_004076553.1
fr3:HE595403	HE595403		HE595403.1	HE595403.1	NW_004076554.1
fr3:HE595404	HE595404		HE595404.1	HE595404.1	NW_004076555.1
fr3:HE595405	HE595405		HE595405.1	HE595405.1	NW_004076556.1
fr3:HE595406	HE595406		HE595406.1	HE595406.1	NW_004076557.1
fr3:HE595407	HE595407		HE595407.1	HE595407.1	NW_004076558.1
fr3:HE595408	HE595408		HE595408.1	HE595408.1	NW_004076559.1
fr3:HE595409	HE595409		HE595409.1	HE595409.1	NW_004076560.1
fr3:HE595410	HE595410		HE595410.1	HE595410.1	NW_004076561.1
fr3:HE595411	HE595411		HE595411.1	HE595411.1	NW_004076562.1
fr3:HE595412	HE595412		HE595412.1	HE595412.1	NW_004076563.1
fr3:HE595413	HE595413		HE595413.1	HE595413.1	NW_004076564.1
fr3:HE595414	HE595414		HE595414.1	HE595414.1	NW_004076565.1
fr3:HE595415	HE595415		HE595415.1	HE595415.1	NW_004076566.1
fr3:HE595416	HE595416		HE595416.1	HE595416.1	NW_004076567.1
fr3:HE595417	HE595417		HE595417.1	HE595417.1	NW_004076568.1
fr3:HE595418	HE595418		HE595418.1	HE595418.1	NW_004076569.1
fr3:HE595419	HE595419		HE595419.1	HE595419.1	NW_004076570.1
fr3:HE595420	HE595420		HE595420.1	HE595420.1	NW_004076571.1
fr3:HE595421	HE595421		HE595421.1	HE595421.1	NW_004076572.1
fr3:HE595422	HE595422		HE595422.1	HE595422.1	NW_004076573.1
fr3:HE595423	HE595423		HE595423.1	HE595423.1	NW_004076574.1
fr3:HE595424	HE595424		HE595424.1	HE595424.1	NW_004076575.1
fr3:HE595425	HE595425		HE595425.1	HE595425.1	NW_004076576.1
fr3:HE595426	HE595426		HE595426.1	HE595426.1	NW_004076577.1
fr3:HE595427	HE595427		HE595427.1	HE595427.1	NW_004076578.1
fr3:HE595428	HE595428		HE595428.1	HE595428.1	NW_004076579.1
fr3:HE595429	HE595429		HE595429.1	HE595429.1	NW_004076580.1
fr3:HE595430	HE595430		HE595430.1	HE595430.1	NW_004076581.1
fr3:HE595431	HE595431		HE595431.1	HE595431.1	NW_004076582.1
fr3:HE595432	HE595432		HE595432.1	HE595432.1	NW_004076583.1
fr3:HE595433	HE595433		HE595433.1	HE595433.1	NW_004076584.1
fr3:HE595434	HE595434		HE595434.1	HE595434.1	NW_004076585.1
fr3:HE595435	HE595435		HE595435.1	HE595435.1	NW_004076586.1
fr3:HE595436	HE595436		HE595436.1	HE595436.1	NW_004076587.1
fr3:HE595437	HE595437		HE595437.1	HE595437.1	NW_004076588.1
fr3:HE595438	HE595438		HE595438.1	HE595438.1	NW_004076589.1
fr3:HE595439	HE595439		HE595439.1	HE595439.1	NW_004076590.1
fr3:HE595440	HE595440		HE595440.1	HE595440.1	NW_004076591.1
fr3:HE595441	HE595441		HE595441.1	HE595441.1	NW_004076592.1
fr3:HE595442	HE595442		HE595442.1	HE595442.1	NW_004076593.1
fr3:HE595443	HE595443		HE595443.1	HE595443.1	NW_004076594.1
fr3:HE595444	HE595444		HE595444.1	HE595444.1	NW_004076595.1
fr3:HE595445	HE595445		HE595445.1	HE595445.1	NW_004076596.1
fr3:HE595446	HE595446		HE595446.1	HE595446.1	NW_004076597.1
fr3:HE595447	HE595447		HE595447.1	HE595447.1	NW_004076598.1
fr3:HE595448	HE595448		HE595448.1	HE595448.1	NW_004076599.1
fr3:HE595449	HE595449		HE595449.1	HE595449.1	NW_004076600.1
fr3:HE595450	HE595450		HE595450.1	HE595450.1	NW_004076601.1
fr3:HE595451	HE595451		HE595451.1	HE595451.1	NW_004076602.1
fr3:HE595452	HE595452		HE595452.1	HE595452.1	NW_004076603.1
fr3:HE595453	HE595453		HE595453.1	HE595453.1	NW_004076604.1
fr3:HE595454	HE595454		HE595454.1	HE595454.1	NW_004076605.1
fr3:HE595455	HE595455		HE595455.1	HE595455.1	NW_004076606.1
fr3:HE595456	HE595456		HE595456.1	HE595456.1	NW_004076607.1
fr3:HE595457	HE595457		HE595457.1	HE595457.1	NW_004076608.1
fr3:HE595458	HE595458		HE595458.1	HE595458.1	NW_004076609.1
fr3:HE595459	HE595459		HE595459.1	HE595459.1	NW_004076610.1
fr3:HE595460	HE595460		HE595460.1	HE595460.1	NW_004076611.1
fr3:HE595461	HE595461		HE595461.1	HE595461.1	NW_004076612.1
fr3:HE595462	HE595462		HE595462.1	HE595462.1	NW_004076613.1
fr3:HE595463	HE595463		HE595463.1	HE595463.1	NW_004076614.1
fr3:HE595464	HE595464		HE595464.1	HE595464.1	NW_004076615.1
fr3:HE595465	HE595465		HE595465.1	HE595465.1	NW_004076616.1
fr3:HE595466	HE595466		HE595466.1	HE595466.1	NW_004076617.1
fr3:HE595467	HE595467		HE595467.1	HE595467.1	NW_004076618.1
fr3:HE595468	HE595468		HE595468.1	HE595468.1	NW_004076619.1
fr3:HE595469	HE595469		HE595469.1	HE595469.1	NW_004076620.1
fr3:HE595470	HE595470		HE595470.1	HE595470.1	NW_004076621.1
fr3:HE595471	HE595471		HE595471.1	HE595471.1	NW_004076622.1
fr3:HE595472	HE595472		HE595472.1	HE595472.1	NW_004076623.1
fr3:HE595473	HE595473		HE595473.1	HE595473.1	NW_004076624.1
fr3:HE595474	HE595474		HE595474.1	HE595474.1	NW_004076625.1
fr3:HE595475	HE595475		HE595475.1	HE595475.1	NW_004076626.1
fr3:HE595476	HE595476		HE595476.1	HE595476.1	NW_004076627.1
fr3:HE595477	HE595477		HE595477.1	HE595477.1	NW_004076628.1
fr3:HE595478	HE595478		HE595478.1	HE595478.1	NW_004076629.1
fr3:HE595479	HE595479		HE595479.1	HE595479.1	NW_004076630.1
fr3:HE595480	HE595480		HE595480.1	HE595480.1	NW_004076631.1
fr3:HE595481	HE595481		HE595481.1	HE595481.1	NW_004076632.1
fr3:HE595482	HE595482		HE595482.1	HE595482.1	NW_004076633.1
fr3:HE595483	HE595483		HE595483.1	HE595483.1	NW_004076634.1
fr3:HE595484	HE595484		HE595484.1	HE595484.1	NW_004076635.1
fr3:HE595485	HE595485		HE595485.1	HE595485.1	NW_004076636.1
fr3:HE595486	HE595486		HE595486.1	HE595486.1	NW_004076637.1
fr3:HE595487	HE595487		HE595487.1	HE595487.1	NW_004076638.1
fr3:HE595488	HE595488		HE595488.1	HE595488.1	NW_004076639.1
fr3:HE595489	HE595489		HE595489.1	HE595489.1	NW_004076640.1
fr3:HE595490	HE595490		HE595490.1	HE595490.1	NW_004076641.1
fr3:HE595491	HE595491		HE595491.1	HE595491.1	NW_004076642.1
fr3:HE595492	HE595492		HE595492.1	HE595492.1	NW_004076643.1
fr3:HE595493	HE595493		HE595493.1	HE595493.1	NW_004076644.1
fr3:HE595494	HE595494		HE595494.1	HE595494.1	NW_004076645.1
fr3:HE595495	HE595495		HE595495.1	HE595495.1	NW_004076646.1
fr3:HE595496	HE595496		HE595496.1	HE595496.1	NW_004076647.1
fr3:HE595497	HE595497		HE595497.1	HE595497.1	NW_004076648.1
fr3:HE595498	HE595498		HE595498.1	HE595498.1	NW_004076649.1
fr3:HE595499	HE595499		HE595499.1	HE595499.1	NW_004076650.1
fr3:HE595500	HE595500		HE595500.1	HE595500.1	NW_004076651.1
fr3:HE595501	HE595501		HE595501.1	HE595501.1	NW_004076652.1
fr3:HE595502	HE595502		HE595502.1	HE595502.1	NW_004076653.1
fr3:HE595503	HE595503		HE595503.1	HE595503.1	NW_004076654.1
fr3:HE595504	HE595504		HE595504.1	HE595504.1	NW_004076655.1
fr3:HE595505	HE595505		HE595505.1	HE595505.1	NW_004076656.1
fr3:HE595506	HE595506		HE595506.1	HE595506.1	NW_004076657.1
fr3:HE595507	HE595507		HE595507.1	HE595507.1	NW_004076658.1
fr3:HE595508	HE595508		HE595508.1	HE595508.1	NW_004076659.1
fr3:HE595509	HE595509		HE595509.1	HE595509.1	NW_004076660.1
fr3:HE595510	HE595510		HE595510.1	HE595510.1	NW_004076661.1
fr3:HE595511	HE595511		HE595511.1	HE595511.1	NW_004076662.1
fr3:HE595512	HE595512		HE595512.1	HE595512.1	NW_004076663.1
fr3:HE595513	HE595513		HE595513.1	HE595513.1	NW_004076664.1
fr3:HE595514	HE595514		HE595514.1	HE595514.1	NW_004076665.1
fr3:HE595515	HE595515		HE595515.1	HE595515.1	NW_004076666.1
fr3:HE595516	HE595516		HE595516.1	HE595516.1	NW_004076667.1
fr3:HE595517	HE595517		HE595517.1	HE595517.1	NW_004076668.1
fr3:HE595518	HE595518		HE595518.1	HE595518.1	NW_004076669.1
fr3:HE595519	HE595519		HE595519.1	HE595519.1	NW_004076670.1
fr3:HE595520	HE595520		HE595520.1	HE595520.1	NW_004076671.1
fr3:HE595521	HE595521		HE595521.1	HE595521.1	NW_004076672.1
fr3:HE595522	HE595522		HE595522.1	HE595522.1	NW_004076673.1
fr3:HE595523	HE595523		HE595523.1	HE595523.1	NW_004076674.1
fr3:HE595524	HE595524		HE595524.1	HE595524.1	NW_004076675.1
fr3:HE595525	HE595525		HE595525.1	HE595525.1	NW_004076676.1
fr3:HE595526	HE595526		HE595526.1	HE595526.1	NW_004076677.1
fr3:HE595527	HE595527		HE595527.1	HE595527.1	NW_004076678.1
fr3:HE595528	HE595528		HE595528.1	HE595528.1	NW_004076683.1
fr3:HE595529	HE595529		HE595529.1	HE595529.1	NW_004076684.1
fr3:HE595530	HE595530		HE595530.1	HE595530.1	NW_004076685.1
fr3:HE595531	HE595531		HE595531.1	HE595531.1	NW_004076686.1
fr3:HE595532	HE595532		HE595532.1	HE595532.1	NW_004076687.1
fr3:HE595533	HE595533		HE595533.1	HE595533.1	NW_004076688.1
fr3:HE595534	HE595534		HE595534.1	HE595534.1	NW_004076689.1
fr3:HE595535	HE595535		HE595535.1	HE595535.1	NW_004076690.1
fr3:HE595536	HE595536		HE595536.1	HE595536.1	NW_004076691.1
fr3:HE595537	HE595537		HE595537.1	HE595537.1	NW_004076692.1
fr3:HE595538	HE595538		HE595538.1	HE595538.1	NW_004076693.1
fr3:HE595539	HE595539		HE595539.1	HE595539.1	NW_004076694.1
fr3:HE595540	HE595540		HE595540.1	HE595540.1	NW_004076695.1
fr3:HE595541	HE595541		HE595541.1	HE595541.1	NW_004076696.1
fr3:HE595542	HE595542		HE595542.1	HE595542.1	NW_004076697.1
fr3:HE595543	HE595543		HE595543.1	HE595543.1	NW_004076698.1
fr3:HE595544	HE595544		HE595544.1	HE595544.1	NW_004076699.1
fr3:HE595545	HE595545		HE595545.1	HE595545.1	NW_004076700.1
fr3:HE595546	HE595546		HE595546.1	HE595546.1	NW_004076701.1
fr3:HE595547	HE595547		HE595547.1	HE595547.1	NW_004076702.1
fr3:HE595548	HE595548		HE595548.1	HE595548.1	NW_004076703.1
fr3:HE595549	HE595549		HE595549.1	HE595549.1	NW_004076704.1
fr3:HE595550	HE595550		HE595550.1	HE595550.1	NW_004076705.1
fr3:HE595551	HE595551		HE595551.1	HE595551.1	NW_004076706.1
fr3:HE595552	HE595552		HE595552.1	HE595552.1	NW_004076707.1
fr3:HE595553	HE595553		HE595553.1	HE595553.1	NW_004076708.1
fr3:HE595554	HE595554		HE595554.1	HE595554.1	NW_004076709.1
fr3:HE595555	HE595555		HE595555.1	HE595555.1	NW_004076710.1
fr3:HE595556	HE595556		HE595556.1	HE595556.1	NW_004076711.1
fr3:HE595557	HE595557		HE595557.1	HE595557.1	NW_004076712.1
fr3:HE595558	HE595558		HE595558.1	HE595558.1	NW_004076713.1
fr3:HE595559	HE595559		HE595559.1	HE595559.1	NW_004076714.1
fr3:HE595560	HE595560		HE595560.1	HE595560.1	NW_004076715.1
fr3:HE595561	HE595561		HE595561.1	HE595561.1	NW_004076716.1
fr3:HE595562	HE595562		HE595562.1	HE595562.1	NW_004076717.1
fr3:HE595563	HE595563		HE595563.1	HE595563.1	NW_004076718.1
fr3:HE595564	HE595564		HE595564.1	HE595564.1	NW_004076719.1
fr3:HE595565	HE595565		HE595565.1	HE595565.1	NW_004076720.1
fr3:HE595566	HE595566		HE595566.1	HE595566.1	NW_004076721.1
fr3:HE595567	HE595567		HE595567.1	HE595567.1	NW_004076722.1
fr3:HE595568	HE595568		HE595568.1	HE595568.1	NW_004076723.1
fr3:HE595569	HE595569		HE595569.1	HE595569.1	NW_004076724.1
fr3:HE595570	HE595570		HE595570.1	HE595570.1	NW_004076725.1
fr3:HE595571	HE595571		HE595571.1	HE595571.1	NW_004076726.1
fr3:HE595572	HE595572		HE595572.1	HE595572.1	NW_004076727.1
fr3:HE595573	HE595573		HE595573.1	HE595573.1	NW_004076728.1
fr3:HE595574	HE595574		HE595574.1	HE595574.1	NW_004076729.1
fr3:HE595575	HE595575		HE595575.1	HE595575.1	NW_004076730.1
fr3:HE595576	HE595576		HE595576.1	HE595576.1	NW_004076731.1
fr3:HE595577	HE595577		HE595577.1	HE595577.1	NW_004076732.1
fr3:HE595578	HE595578		HE595578.1	HE595578.1	NW_004076733.1
fr3:HE595579	HE595579		HE595579.1	HE595579.1	NW_004076734.1
fr3:HE595580	HE595580		HE595580.1	HE595580.1	NW_004076735.1
fr3:HE595581	HE595581		HE595581.1	HE595581.1	NW_004076736.1
fr3:HE595582	HE595582		HE595582.1	HE595582.1	NW_004076737.1
fr3:HE595583	HE595583		HE595583.1	HE595583.1	NW_004076738.1
fr3:HE595584	HE595584		HE595584.1	HE595584.1	NW_004076739.1
fr3:HE595585	HE595585		HE595585.1	HE595585.1	NW_004076740.1
fr3:HE595586	HE595586		HE595586.1	HE595586.1	NW_004076741.1
fr3:HE595587	HE595587		HE595587.1	HE595587.1	NW_004076742.1
fr3:HE595588	HE595588		HE595588.1	HE595588.1	NW_004076743.1
fr3:HE595589	HE595589		HE595589.1	HE595589.1	NW_004076744.1
fr3:HE595590	HE595590		HE595590.1	HE595590.1	NW_004076745.1
fr3:HE595591	HE595591		HE595591.1	HE595591.1	NW_004076746.1
fr3:HE595592	HE595592		HE595592.1	HE595592.1	NW_004076747.1
fr3:HE595593	HE595593		HE595593.1	HE595593.1	NW_004076748.1
fr3:HE595594	HE595594		HE595594.1	HE595594.1	NW_004076749.1
fr3:HE595595	HE595595		HE595595.1	HE595595.1	NW_004076750.1
fr3:HE595596	HE595596		HE595596.1	HE595596.1	NW_004076751.1
fr3:HE595597	HE595597		HE595597.1	HE595597.1	NW_004076752.1
fr3:HE595598	HE595598		HE595598.1	HE595598.1	NW_004076753.1
fr3:HE595599	HE595599		HE595599.1	HE595599.1	NW_004076754.1
fr3:HE595600	HE595600		HE595600.1	HE595600.1	NW_004076755.1
fr3:HE595601	HE595601		HE595601.1	HE595601.1	NW_004076756.1
fr3:HE595602	HE595602		HE595602.1	HE595602.1	NW_004076757.1
fr3:HE595603	HE595603		HE595603.1	HE595603.1	NW_004076758.1
fr3:HE595604	HE595604		HE595604.1	HE595604.1	NW_004076759.1
fr3:HE595605	HE595605		HE595605.1	HE595605.1	NW_004076760.1
fr3:HE595606	HE595606		HE595606.1	HE595606.1	NW_004076761.1
fr3:HE595607	HE595607		HE595607.1	HE595607.1	NW_004076762.1
fr3:HE595608	HE595608		HE595608.1	HE595608.1	NW_004076763.1
fr3:HE595609	HE595609		HE595609.1	HE595609.1	NW_004076764.1
fr3:HE595610	HE595610		HE595610.1	HE595610.1	NW_004076765.1
fr3:HE595611	HE595611		HE595611.1	HE595611.1	NW_004076766.1
fr3:HE595612	HE595612		HE595612.1	HE595612.1	NW_004076767.1
fr3:HE595613	HE595613		HE595613.1	HE595613.1	NW_004076768.1
fr3:HE595614	HE595614		HE595614.1	HE595614.1	NW_004076769.1
fr3:HE595615	HE595615		HE595615.1	HE595615.1	NW_004076770.1
fr3:HE595616	HE595616		HE595616.1	HE595616.1	NW_004076771.1
fr3:HE595617	HE595617		HE595617.1	HE595617.1	NW_004076772.1
fr3:HE595618	HE595618		HE595618.1	HE595618.1	NW_004076773.1
fr3:HE595619	HE595619		HE595619.1	HE595619.1	NW_004076774.1
fr3:HE595620	HE595620		HE595620.1	HE595620.1	NW_004076775.1
fr3:HE595621	HE595621		HE595621.1	HE595621.1	NW_004076776.1
fr3:HE595622	HE595622		HE595622.1	HE595622.1	NW_004076777.1
fr3:HE595623	HE595623		HE595623.1	HE595623.1	NW_004076778.1
fr3:HE595624	HE595624		HE595624.1	HE595624.1	NW_004076779.1
fr3:HE595625	HE595625		HE595625.1	HE595625.1	NW_004076780.1
fr3:HE595626	HE595626		HE595626.1	HE595626.1	NW_004076781.1
fr3:HE595627	HE595627		HE595627.1	HE595627.1	NW_004076782.1
fr3:HE595628	HE595628		HE595628.1	HE595628.1	NW_004076783.1
fr3:HE595629	HE595629		HE595629.1	HE595629.1	NW_004076784.1
fr3:HE595630	HE595630		HE595630.1	HE595630.1	NW_004076785.1
fr3:HE595631	HE595631		HE595631.1	HE595631.1	NW_004076786.1
fr3:HE595632	HE595632		HE595632.1	HE595632.1	NW_004076787.1
fr3:HE595633	HE595633		HE595633.1	HE595633.1	NW_004076788.1
fr3:HE595634	HE595634		HE595634.1	HE595634.1	NW_004076789.1
fr3:HE595635	HE595635		HE595635.1	HE595635.1	NW_004076790.1
fr3:HE595636	HE595636		HE595636.1	HE595636.1	NW_004076791.1
fr3:HE595637	HE595637		HE595637.1	HE595637.1	NW_004076792.1
fr3:HE595638	HE595638		HE595638.1	HE595638.1	NW_004076793.1
fr3:HE595639	HE595639		HE595639.1	HE595639.1	NW_004076794.1
fr3:HE595640	HE595640		HE595640.1	HE595640.1	NW_004076795.1
fr3:HE595641	HE595641		HE595641.1	HE595641.1	NW_004076796.1
fr3:HE595642	HE595642		HE595642.1	HE595642.1	NW_004076797.1
fr3:HE595643	HE595643		HE595643.1	HE595643.1	NW_004076798.1
fr3:HE595644	HE595644		HE595644.1	HE595644.1	NW_004076799.1
fr3:HE595645	HE595645		HE595645.1	HE595645.1	NW_004076800.1
fr3:HE595646	HE595646		HE595646.1	HE595646.1	NW_004076801.1
fr3:HE595647	HE595647		HE595647.1	HE595647.1	NW_004076802.1
fr3:HE595648	HE595648		HE595648.1	HE595648.1	NW_004076803.1
fr3:HE595649	HE595649		HE595649.1	HE595649.1	NW_004076804.1
fr3:HE595650	HE595650		HE595650.1	HE595650.1	NW_004076805.1
fr3:HE595651	HE595651		HE595651.1	HE595651.1	NW_004076806.1
fr3:HE595652	HE595652		HE595652.1	HE595652.1	NW_004076807.1
fr3:HE595653	HE595653		HE595653.1	HE595653.1	NW_004076808.1
fr3:HE595654	HE595654		HE595654.1	HE595654.1	NW_004076809.1
fr3:HE595655	HE595655		HE595655.1	HE595655.1	NW_004076810.1
fr3:HE595656	HE595656		HE595656.1	HE595656.1	NW_004076811.1
fr3:HE595657	HE595657		HE595657.1	HE595657.1	NW_004076812.1
fr3:HE595658	HE595658		HE595658.1	HE595658.1	NW_004076813.1
fr3:HE595659	HE595659		HE595659.1	HE595659.1	NW_004076814.1
fr3:HE595660	HE595660		HE595660.1	HE595660.1	NW_004076815.1
fr3:HE595661	HE595661		HE595661.1	HE595661.1	NW_004076816.1
fr3:HE595662	HE595662		HE595662.1	HE595662.1	NW_004076817.1
fr3:HE595663	HE595663		HE595663.1	HE595663.1	NW_004076818.1
fr3:HE595664	HE595664		HE595664.1	HE595664.1	NW_004076819.1
fr3:HE595665	HE595665		HE595665.1	HE595665.1	NW_004076820.1
fr3:HE595666	HE595666		HE595666.1	HE595666.1	NW_004076821.1
fr3:HE595667	HE595667		HE595667.1	HE595667.1	NW_004076822.1
fr3:HE595668	HE595668		HE595668.1	HE595668.1	NW_004076823.1
fr3:HE595669	HE595669		HE595669.1	HE595669.1	NW_004076824.1
fr3:HE595670	HE595670		HE595670.1	HE595670.1	NW_004076825.1
fr3:HE595671	HE595671		HE595671.1	HE595671.1	NW_004076826.1
fr3:HE595672	HE595672		HE595672.1	HE595672.1	NW_004076827.1
fr3:HE595673	HE595673		HE595673.1	HE595673.1	NW_004076828.1
fr3:HE595674	HE595674		HE595674.1	HE595674.1	NW_004076829.1
fr3:HE595675	HE595675		HE595675.1	HE595675.1	NW_004076830.1
fr3:HE595676	HE595676		HE595676.1	HE595676.1	NW_004076831.1
fr3:HE595677	HE595677		HE595677.1	HE595677.1	NW_004076832.1
fr3:HE595678	HE595678		HE595678.1	HE595678.1	NW_004076833.1
fr3:HE595679	HE595679		HE595679.1	HE595679.1	NW_004076834.1
fr3:HE595680	HE595680		HE595680.1	HE595680.1	NW_004076835.1
fr3:HE595681	HE595681		HE595681.1	HE595681.1	NW_004076836.1
fr3:HE595682	HE595682		HE595682.1	HE595682.1	NW_004076837.1
fr3:HE595683	HE595683		HE595683.1	HE595683.1	NW_004076838.1
fr3:HE595684	HE595684		HE595684.1	HE595684.1	NW_004076839.1
fr3:HE595685	HE595685		HE595685.1	HE595685.1	NW_004076840.1
fr3:HE595686	HE595686		HE595686.1	HE595686.1	NW_004076841.1
fr3:HE595687	HE595687		HE595687.1	HE595687.1	NW_004076842.1
fr3:HE595688	HE595688		HE595688.1	HE595688.1	NW_004076843.1
fr3:HE595689	HE595689		HE595689.1	HE595689.1	NW_004076844.1
fr3:HE595690	HE595690		HE595690.1	HE595690.1	NW_004076845.1
fr3:HE595691	HE595691		HE595691.1	HE595691.1	NW_004076846.1
fr3:HE595692	HE595692		HE595692.1	HE595692.1	NW_004076847.1
fr3:HE595693	HE595693		HE595693.1	HE595693.1	NW_004076848.1
fr3:HE595694	HE595694		HE595694.1	HE595694.1	NW_004076849.1
fr3:HE595695	HE595695		HE595695.1	HE595695.1	NW_004076850.1
fr3:HE595696	HE595696		HE595696.1	HE595696.1	NW_004076851.1
fr3:HE595697	HE595697		HE595697.1	HE595697.1	NW_004076852.1
fr3:HE595698	HE595698		HE595698.1	HE595698.1	NW_004076853.1
fr3:HE595699	HE595699		HE595699.1	HE595699.1	NW_004076854.1
fr3:HE595700	HE595700		HE595700.1	HE595700.1	NW_004076855.1
fr3:HE595701	HE595701		HE595701.1	HE595701.1	NW_004076856.1
fr3:HE595702	HE595702		HE595702.1	HE595702.1	NW_004076857.1
fr3:HE595703	HE595703		HE595703.1	HE595703.1	NW_004076858.1
fr3:HE595704	HE595704		HE595704.1	HE595704.1	NW_004076859.1
fr3:HE595705	HE595705		HE595705.1	HE595705.1	NW_004076860.1
fr3:HE595706	HE595706		HE595706.1	HE595706.1	NW_004076861.1
fr3:HE595707	HE595707		HE595707.1	HE595707.1	NW_004076862.1
fr3:HE595708	HE595708		HE595708.1	HE595708.1	NW_004076863.1
fr3:HE595709	HE595709		HE595709.1	HE595709.1	NW_004076864.1
fr3:HE595710	HE595710		HE595710.1	HE595710.1	NW_004076865.1
fr3:HE595711	HE595711		HE595711.1	HE595711.1	NW_004076866.1
fr3:HE595712	HE595712		HE595712.1	HE595712.1	NW_004076867.1
fr3:HE595713	HE595713		HE595713.1	HE595713.1	NW_004076868.1
fr3:HE595714	HE595714		HE595714.1	HE595714.1	NW_004076869.1
fr3:HE595715	HE595715		HE595715.1	HE595715.1	NW_004076870.1
fr3:HE595716	HE595716		HE595716.1	HE595716.1	NW_004076871.1
fr3:HE595717	HE595717		HE595717.1	HE595717.1	NW_004076872.1
fr3:HE595718	HE595718		HE595718.1	HE595718.1	NW_004076873.1
fr3:HE595719	HE595719		HE595719.1	HE595719.1	NW_004076874.1
fr3:HE595720	HE595720		HE595720.1	HE595720.1	NW_004076875.1
fr3:HE595721	HE595721		HE595721.1	HE595721.1	NW_004076876.1
fr3:HE595722	HE595722		HE595722.1	HE595722.1	NW_004076877.1
fr3:HE595723	HE595723		HE595723.1	HE595723.1	NW_004076878.1
fr3:HE595724	HE595724		HE595724.1	HE595724.1	NW_004076879.1
fr3:HE595725	HE595725		HE595725.1	HE595725.1	NW_004076880.1
fr3:HE595726	HE595726		HE595726.1	HE595726.1	NW_004076881.1
fr3:HE595727	HE595727		HE595727.1	HE595727.1	NW_004076882.1
fr3:HE595728	HE595728		HE595728.1	HE595728.1	NW_004076883.1
fr3:HE595729	HE595729		HE595729.1	HE595729.1	NW_004076884.1
fr3:HE595730	HE595730		HE595730.1	HE595730.1	NW_004076885.1
fr3:HE595731	HE595731		HE595731.1	HE595731.1	NW_004077513.1
fr3:HE595732	HE595732		HE595732.1	HE595732.1	NW_004076886.1
fr3:HE595733	HE595733		HE595733.1	HE595733.1	NW_004076887.1
fr3:HE595734	HE595734		HE595734.1	HE595734.1	NW_004076888.1
fr3:HE595735	HE595735		HE595735.1	HE595735.1	NW_004076889.1
fr3:HE595736	HE595736		HE595736.1	HE595736.1	NW_004076890.1
fr3:HE595737	HE595737		HE595737.1	HE595737.1	NW_004076891.1
fr3:HE595738	HE595738		HE595738.1	HE595738.1	NW_004076892.1
fr3:HE595739	HE595739		HE595739.1	HE595739.1	NW_004076893.1
fr3:HE595740	HE595740		HE595740.1	HE595740.1	NW_004076894.1
fr3:HE595741	HE595741		HE595741.1	HE595741.1	NW_004076895.1
fr3:HE595742	HE595742		HE595742.1	HE595742.1	NW_004076896.1
fr3:HE595743	HE595743		HE595743.1	HE595743.1	NW_004076897.1
fr3:HE595744	HE595744		HE595744.1	HE595744.1	NW_004076898.1
fr3:HE595745	HE595745		HE595745.1	HE595745.1	NW_004076899.1
fr3:HE595746	HE595746		HE595746.1	HE595746.1	NW_004076900.1
fr3:HE595747	HE595747		HE595747.1	HE595747.1	NW_004076901.1
fr3:HE595748	HE595748		HE595748.1	HE595748.1	NW_004076902.1
fr3:HE595749	HE595749		HE595749.1	HE595749.1	NW_004076903.1
fr3:HE595750	HE595750		HE595750.1	HE595750.1	NW_004076904.1
fr3:HE595751	HE595751		HE595751.1	HE595751.1	NW_004076905.1
fr3:HE595752	HE595752		HE595752.1	HE595752.1	NW_004076906.1
fr3:HE595753	HE595753		HE595753.1	HE595753.1	NW_004076907.1
fr3:HE595754	HE595754		HE595754.1	HE595754.1	NW_004076908.1
fr3:HE595755	HE595755		HE595755.1	HE595755.1	NW_004076909.1
fr3:HE595756	HE595756		HE595756.1	HE595756.1	NW_004076910.1
fr3:HE595757	HE595757		HE595757.1	HE595757.1	NW_004076911.1
fr3:HE595758	HE595758		HE595758.1	HE595758.1	NW_004076912.1
fr3:HE595759	HE595759		HE595759.1	HE595759.1	NW_004076913.1
fr3:HE595760	HE595760		HE595760.1	HE595760.1	NW_004076914.1
fr3:HE595761	HE595761		HE595761.1	HE595761.1	NW_004076915.1
fr3:HE595762	HE595762		HE595762.1	HE595762.1	NW_004076916.1
fr3:HE595763	HE595763		HE595763.1	HE595763.1	NW_004076917.1
fr3:HE595764	HE595764		HE595764.1	HE595764.1	NW_004076918.1
fr3:HE595765	HE595765		HE595765.1	HE595765.1	NW_004076919.1
fr3:HE595766	HE595766		HE595766.1	HE595766.1	NW_004076920.1
fr3:HE595767	HE595767		HE595767.1	HE595767.1	NW_004076921.1
fr3:HE595768	HE595768		HE595768.1	HE595768.1	NW_004076922.1
fr3:HE595769	HE595769		HE595769.1	HE595769.1	NW_004076923.1
fr3:HE595770	HE595770		HE595770.1	HE595770.1	NW_004076924.1
fr3:HE595771	HE595771		HE595771.1	HE595771.1	NW_004076925.1
fr3:HE595772	HE595772		HE595772.1	HE595772.1	NW_004076926.1
fr3:HE595773	HE595773		HE595773.1	HE595773.1	NW_004076927.1
fr3:HE595774	HE595774		HE595774.1	HE595774.1	NW_004076928.1
fr3:HE595775	HE595775		HE595775.1	HE595775.1	NW_004076929.1
fr3:HE595776	HE595776		HE595776.1	HE595776.1	NW_004076930.1
fr3:HE595777	HE595777		HE595777.1	HE595777.1	NW_004076931.1
fr3:HE595778	HE595778		HE595778.1	HE595778.1	NW_004076932.1
fr3:HE595779	HE595779		HE595779.1	HE595779.1	NW_004076933.1
fr3:HE595780	HE595780		HE595780.1	HE595780.1	NW_004076934.1
fr3:HE595781	HE595781		HE595781.1	HE595781.1	NW_004076935.1
fr3:HE595782	HE595782		HE595782.1	HE595782.1	NW_004076936.1
fr3:HE595783	HE595783		HE595783.1	HE595783.1	NW_004076937.1
fr3:HE595784	HE595784		HE595784.1	HE595784.1	NW_004076938.1
fr3:HE595785	HE595785		HE595785.1	HE595785.1	NW_004076939.1
fr3:HE595786	HE595786		HE595786.1	HE595786.1	NW_004076940.1
fr3:HE595787	HE595787		HE595787.1	HE595787.1	NW_004076941.1
fr3:HE595788	HE595788		HE595788.1	HE595788.1	NW_004076942.1
fr3:HE595789	HE595789		HE595789.1	HE595789.1	NW_004076943.1
fr3:HE595790	HE595790		HE595790.1	HE595790.1	NW_004076944.1
fr3:HE595791	HE595791		HE595791.1	HE595791.1	NW_004076945.1
fr3:HE595792	HE595792		HE595792.1	HE595792.1	NW_004076946.1
fr3:HE595793	HE595793		HE595793.1	HE595793.1	NW_004076947.1
fr3:HE595794	HE595794		HE595794.1	HE595794.1	NW_004076948.1
fr3:HE595795	HE595795		HE595795.1	HE595795.1	NW_004076949.1
fr3:HE595796	HE595796		HE595796.1	HE595796.1	NW_004076950.1
fr3:HE595797	HE595797		HE595797.1	HE595797.1	NW_004076951.1
fr3:HE595798	HE595798		HE595798.1	HE595798.1	NW_004076952.1
fr3:HE595799	HE595799		HE595799.1	HE595799.1	NW_004076953.1
fr3:HE595800	HE595800		HE595800.1	HE595800.1	NW_004076954.1
fr3:HE595801	HE595801		HE595801.1	HE595801.1	NW_004076955.1
fr3:HE595802	HE595802		HE595802.1	HE595802.1	NW_004076956.1
fr3:HE595803	HE595803		HE595803.1	HE595803.1	NW_004076957.1
fr3:HE595804	HE595804		HE595804.1	HE595804.1	NW_004076958.1
fr3:HE595805	HE595805		HE595805.1	HE595805.1	NW_004076959.1
fr3:HE595806	HE595806		HE595806.1	HE595806.1	NW_004076960.1
fr3:HE595807	HE595807		HE595807.1	HE595807.1	NW_004076961.1
fr3:HE595808	HE595808		HE595808.1	HE595808.1	NW_004076962.1
fr3:HE595809	HE595809		HE595809.1	HE595809.1	NW_004076963.1
fr3:HE595810	HE595810		HE595810.1	HE595810.1	NW_004076964.1
fr3:HE595811	HE595811		HE595811.1	HE595811.1	NW_004076965.1
fr3:HE595812	HE595812		HE595812.1	HE595812.1	NW_004076966.1
fr3:HE595813	HE595813		HE595813.1	HE595813.1	NW_004076967.1
fr3:HE595814	HE595814		HE595814.1	HE595814.1	NW_004076968.1
fr3:HE595815	HE595815		HE595815.1	HE595815.1	NW_004076969.1
fr3:HE595816	HE595816		HE595816.1	HE595816.1	NW_004076970.1
fr3:HE595817	HE595817		HE595817.1	HE595817.1	NW_004076971.1
fr3:HE595818	HE595818		HE595818.1	HE595818.1	NW_004076972.1
fr3:HE595819	HE595819		HE595819.1	HE595819.1	NW_004076973.1
fr3:HE595820	HE595820		HE595820.1	HE595820.1	NW_004076974.1
fr3:HE595821	HE595821		HE595821.1	HE595821.1	NW_004076975.1
fr3:HE595822	HE595822		HE595822.1	HE595822.1	NW_004076976.1
fr3:HE595823	HE595823		HE595823.1	HE595823.1	NW_004076977.1
fr3:HE595824	HE595824		HE595824.1	HE595824.1	NW_004076978.1
fr3:HE595825	HE595825		HE595825.1	HE595825.1	NW_004076979.1
fr3:HE595826	HE595826		HE595826.1	HE595826.1	NW_004076980.1
fr3:HE595827	HE595827		HE595827.1	HE595827.1	NW_004076981.1
fr3:HE595828	HE595828		HE595828.1	HE595828.1	NW_004076982.1
fr3:HE595829	HE595829		HE595829.1	HE595829.1	NW_004076983.1
fr3:HE595830	HE595830		HE595830.1	HE595830.1	NW_004076984.1
fr3:HE595831	HE595831		HE595831.1	HE595831.1	NW_004076985.1
fr3:HE595832	HE595832		HE595832.1	HE595832.1	NW_004076986.1
fr3:HE595833	HE595833		HE595833.1	HE595833.1	NW_004076987.1
fr3:HE595834	HE595834		HE595834.1	HE595834.1	NW_004076988.1
fr3:HE595835	HE595835		HE595835.1	HE595835.1	NW_004076989.1
fr3:HE595836	HE595836		HE595836.1	HE595836.1	NW_004076990.1
fr3:HE595837	HE595837		HE595837.1	HE595837.1	NW_004076991.1
fr3:HE595838	HE595838		HE595838.1	HE595838.1	NW_004076992.1
fr3:HE595839	HE595839		HE595839.1	HE595839.1	NW_004076993.1
fr3:HE595840	HE595840		HE595840.1	HE595840.1	NW_004076994.1
fr3:HE595841	HE595841		HE595841.1	HE595841.1	NW_004076995.1
fr3:HE595842	HE595842		HE595842.1	HE595842.1	NW_004076996.1
fr3:HE595843	HE595843		HE595843.1	HE595843.1	NW_004076997.1
fr3:HE595844	HE595844		HE595844.1	HE595844.1	NW_004076998.1
fr3:HE595845	HE595845		HE595845.1	HE595845.1	NW_004076999.1
fr3:HE595846	HE595846		HE595846.1	HE595846.1	NW_004077000.1
fr3:HE595847	HE595847		HE595847.1	HE595847.1	NW_004077001.1
fr3:HE595848	HE595848		HE595848.1	HE595848.1	NW_004077002.1
fr3:HE595849	HE595849		HE595849.1	HE595849.1	NW_004077003.1
fr3:HE595850	HE595850		HE595850.1	HE595850.1	NW_004077004.1
fr3:HE595851	HE595851		HE595851.1	HE595851.1	NW_004077005.1
fr3:HE595852	HE595852		HE595852.1	HE595852.1	NW_004077006.1
fr3:HE595853	HE595853		HE595853.1	HE595853.1	NW_004077007.1
fr3:HE595854	HE595854		HE595854.1	HE595854.1	NW_004077008.1
fr3:HE595855	HE595855		HE595855.1	HE595855.1	NW_004077009.1
fr3:HE595856	HE595856		HE595856.1	HE595856.1	NW_004077010.1
fr3:HE595857	HE595857		HE595857.1	HE595857.1	NW_004077011.1
fr3:HE595858	HE595858		HE595858.1	HE595858.1	NW_004077012.1
fr3:HE595859	HE595859		HE595859.1	HE595859.1	NW_004077013.1
fr3:HE595860	HE595860		HE595860.1	HE595860.1	NW_004077014.1
fr3:HE595861	HE595861		HE595861.1	HE595861.1	NW_004077015.1
fr3:HE595862	HE595862		HE595862.1	HE595862.1	NW_004077016.1
fr3:HE595863	HE595863		HE595863.1	HE595863.1	NW_004077017.1
fr3:HE595864	HE595864		HE595864.1	HE595864.1	NW_004077018.1
fr3:HE595865	HE595865		HE595865.1	HE595865.1	NW_004077019.1
fr3:HE595866	HE595866		HE595866.1	HE595866.1	NW_004077020.1
fr3:HE595867	HE595867		HE595867.1	HE595867.1	NW_004077021.1
fr3:HE595868	HE595868		HE595868.1	HE595868.1	NW_004077022.1
fr3:HE595869	HE595869		HE595869.1	HE595869.1	NW_004077023.1
fr3:HE595870	HE595870		HE595870.1	HE595870.1	NW_004077024.1
fr3:HE595871	HE595871		HE595871.1	HE595871.1	NW_004077025.1
fr3:HE595872	HE595872		HE595872.1	HE595872.1	NW_004077026.1
fr3:HE595873	HE595873		HE595873.1	HE595873.1	NW_004077027.1
fr3:HE595874	HE595874		HE595874.1	HE595874.1	NW_004077028.1
fr3:HE595875	HE595875		HE595875.1	HE595875.1	NW_004077029.1
fr3:HE595876	HE595876		HE595876.1	HE595876.1	NW_004077030.1
fr3:HE595877	HE595877		HE595877.1	HE595877.1	NW_004077031.1
fr3:HE595878	HE595878		HE595878.1	HE595878.1	NW_004077032.1
fr3:HE595879	HE595879		HE595879.1	HE595879.1	NW_004077033.1
fr3:HE595880	HE595880		HE595880.1	HE595880.1	NW_004077034.1
fr3:HE595881	HE595881		HE595881.1	HE595881.1	NW_004077035.1
fr3:HE595882	HE595882		HE595882.1	HE595882.1	NW_004077036.1
fr3:HE595883	HE595883		HE595883.1	HE595883.1	NW_004077037.1
fr3:HE595884	HE595884		HE595884.1	HE595884.1	NW_004077038.1
fr3:HE595885	HE595885		HE595885.1	HE595885.1	NW_004077039.1
fr3:HE595886	HE595886		HE595886.1	HE595886.1	NW_004077040.1
fr3:HE595887	HE595887		HE595887.1	HE595887.1	NW_004077041.1
fr3:HE595888	HE595888		HE595888.1	HE595888.1	NW_004077042.1
fr3:HE595889	HE595889		HE595889.1	HE595889.1	NW_004077043.1
fr3:HE595890	HE595890		HE595890.1	HE595890.1	NW_004077044.1
fr3:HE595891	HE595891		HE595891.1	HE595891.1	NW_004077045.1
fr3:HE595892	HE595892		HE595892.1	HE595892.1	NW_004077046.1
fr3:HE595893	HE595893		HE595893.1	HE595893.1	NW_004077047.1
fr3:HE595894	HE595894		HE595894.1	HE595894.1	NW_004077048.1
fr3:HE595895	HE595895		HE595895.1	HE595895.1	NW_004077049.1
fr3:HE595896	HE595896		HE595896.1	HE595896.1	NW_004077050.1
fr3:HE595897	HE595897		HE595897.1	HE595897.1	NW_004077051.1
fr3:HE595898	HE595898		HE595898.1	HE595898.1	NW_004077052.1
fr3:HE595899	HE595899		HE595899.1	HE595899.1	NW_004077053.1
fr3:HE595900	HE595900		HE595900.1	HE595900.1	NW_004077054.1
fr3:HE595901	HE595901		HE595901.1	HE595901.1	NW_004077055.1
fr3:HE595902	HE595902		HE595902.1	HE595902.1	NW_004077056.1
fr3:HE595903	HE595903		HE595903.1	HE595903.1	NW_004077057.1
fr3:HE595904	HE595904		HE595904.1	HE595904.1	NW_004077058.1
fr3:HE595905	HE595905		HE595905.1	HE595905.1	NW_004077059.1
fr3:HE595906	HE595906		HE595906.1	HE595906.1	NW_004077060.1
fr3:HE595907	HE595907		HE595907.1	HE595907.1	NW_004077061.1
fr3:HE595908	HE595908		HE595908.1	HE595908.1	NW_004077062.1
fr3:HE595909	HE595909		HE595909.1	HE595909.1	NW_004077063.1
fr3:HE595910	HE595910		HE595910.1	HE595910.1	NW_004077064.1
fr3:HE595911	HE595911		HE595911.1	HE595911.1	NW_004077065.1
fr3:HE595912	HE595912		HE595912.1	HE595912.1	NW_004077066.1
fr3:HE595913	HE595913		HE595913.1	HE595913.1	NW_004077067.1
fr3:HE595914	HE595914		HE595914.1	HE595914.1	NW_004077068.1
fr3:HE595915	HE595915		HE595915.1	HE595915.1	NW_004073335.1
fr3:HE595916	HE595916		HE595916.1	HE595916.1	NW_004073336.1
fr3:HE595917	HE595917		HE595917.1	HE595917.1	NW_004073337.1
fr3:HE595918	HE595918		HE595918.1	HE595918.1	NW_004073338.1
fr3:HE595919	HE595919		HE595919.1	HE595919.1	NW_004073339.1
fr3:HE595920	HE595920		HE595920.1	HE595920.1	NW_004073340.1
fr3:HE595921	HE595921		HE595921.1	HE595921.1	NW_004073341.1
fr3:HE595922	HE595922		HE595922.1	HE595922.1	NW_004073342.1
fr3:HE595923	HE595923		HE595923.1	HE595923.1	NW_004073343.1
fr3:HE595924	HE595924		HE595924.1	HE595924.1	NW_004073344.1
fr3:HE595925	HE595925		HE595925.1	HE595925.1	NW_004073345.1
fr3:HE595926	HE595926		HE595926.1	HE595926.1	NW_004073346.1
fr3:HE595927	HE595927		HE595927.1	HE595927.1	NW_004073347.1
fr3:HE595928	HE595928		HE595928.1	HE595928.1	NW_004073348.1
fr3:HE595929	HE595929		HE595929.1	HE595929.1	NW_004073349.1
fr3:HE595930	HE595930		HE595930.1	HE595930.1	NW_004073350.1
fr3:HE595931	HE595931		HE595931.1	HE595931.1	NW_004073351.1
fr3:HE595932	HE595932		HE595932.1	HE595932.1	NW_004073352.1
fr3:HE595933	HE595933		HE595933.1	HE595933.1	NW_004073353.1
fr3:HE595934	HE595934		HE595934.1	HE595934.1	NW_004073354.1
fr3:HE595935	HE595935		HE595935.1	HE595935.1	NW_004073355.1
fr3:HE595936	HE595936		HE595936.1	HE595936.1	NW_004073356.1
fr3:HE595937	HE595937		HE595937.1	HE595937.1	NW_004073357.1
fr3:HE595938	HE595938		HE595938.1	HE595938.1	NW_004073358.1
fr3:HE595939	HE595939		HE595939.1	HE595939.1	NW_004073359.1
fr3:HE595940	HE595940		HE595940.1	HE595940.1	NW_004073360.1
fr3:HE595941	HE595941		HE595941.1	HE595941.1	NW_004073361.1
fr3:HE595942	HE595942		HE595942.1	HE595942.1	NW_004073362.1
fr3:HE595943	HE595943		HE595943.1	HE595943.1	NW_004073363.1
fr3:HE595944	HE595944		HE595944.1	HE595944.1	NW_004073364.1
fr3:HE595945	HE595945		HE595945.1	HE595945.1	NW_004073365.1
fr3:HE595946	HE595946		HE595946.1	HE595946.1	NW_004073366.1
fr3:HE595947	HE595947		HE595947.1	HE595947.1	NW_004073367.1
fr3:HE595948	HE595948		HE595948.1	HE595948.1	NW_004073368.1
fr3:HE595949	HE595949		HE595949.1	HE595949.1	NW_004073369.1
fr3:HE595950	HE595950		HE595950.1	HE595950.1	NW_004073370.1
fr3:HE595951	HE595951		HE595951.1	HE595951.1	NW_004073371.1
fr3:HE595952	HE595952		HE595952.1	HE595952.1	NW_004073372.1
fr3:HE595953	HE595953		HE595953.1	HE595953.1	NW_004073373.1
fr3:HE595954	HE595954		HE595954.1	HE595954.1	NW_004073374.1
fr3:HE595955	HE595955		HE595955.1	HE595955.1	NW_004073375.1
fr3:HE595956	HE595956		HE595956.1	HE595956.1	NW_004073376.1
fr3:HE595957	HE595957		HE595957.1	HE595957.1	NW_004073377.1
fr3:HE595958	HE595958		HE595958.1	HE595958.1	NW_004073378.1
fr3:HE595959	HE595959		HE595959.1	HE595959.1	NW_004073379.1
fr3:HE595960	HE595960		HE595960.1	HE595960.1	NW_004073380.1
fr3:HE595961	HE595961		HE595961.1	HE595961.1	NW_004073381.1
fr3:HE595962	HE595962		HE595962.1	HE595962.1	NW_004073382.1
fr3:HE595963	HE595963		HE595963.1	HE595963.1	NW_004073383.1
fr3:HE595964	HE595964		HE595964.1	HE595964.1	NW_004073384.1
fr3:HE595965	HE595965		HE595965.1	HE595965.1	NW_004073385.1
fr3:HE595966	HE595966		HE595966.1	HE595966.1	NW_004073386.1
fr3:HE595967	HE595967		HE595967.1	HE595967.1	NW_004073387.1
fr3:HE595968	HE595968		HE595968.1	HE595968.1	NW_004073388.1
fr3:HE595969	HE595969		HE595969.1	HE595969.1	NW_004073389.1
fr3:HE595970	HE595970		HE595970.1	HE595970.1	NW_004073390.1
fr3:HE595971	HE595971		HE595971.1	HE595971.1	NW_004073391.1
fr3:HE595972	HE595972		HE595972.1	HE595972.1	NW_004073392.1
fr3:HE595973	HE595973		HE595973.1	HE595973.1	NW_004073393.1
fr3:HE595974	HE595974		HE595974.1	HE595974.1	NW_004073394.1
fr3:HE595975	HE595975		HE595975.1	HE595975.1	NW_004073395.1
fr3:HE595976	HE595976		HE595976.1	HE595976.1	NW_004077514.1
fr3:HE595977	HE595977		HE595977.1	HE595977.1	NW_004073396.1
fr3:HE595978	HE595978		HE595978.1	HE595978.1	NW_004073397.1
fr3:HE595979	HE595979		HE595979.1	HE595979.1	NW_004073398.1
fr3:HE595980	HE595980		HE595980.1	HE595980.1	NW_004073399.1
fr3:HE595981	HE595981		HE595981.1	HE595981.1	NW_004073400.1
fr3:HE595982	HE595982		HE595982.1	HE595982.1	NW_004073401.1
fr3:HE595983	HE595983		HE595983.1	HE595983.1	NW_004073402.1
fr3:HE595984	HE595984		HE595984.1	HE595984.1	NW_004073403.1
fr3:HE595985	HE595985		HE595985.1	HE595985.1	NW_004073404.1
fr3:HE595986	HE595986		HE595986.1	HE595986.1	NW_004073405.1
fr3:HE595987	HE595987		HE595987.1	HE595987.1	NW_004073406.1
fr3:HE595988	HE595988		HE595988.1	HE595988.1	NW_004073407.1
fr3:HE595989	HE595989		HE595989.1	HE595989.1	NW_004073408.1
fr3:HE595990	HE595990		HE595990.1	HE595990.1	NW_004073409.1
fr3:HE595991	HE595991		HE595991.1	HE595991.1	NW_004073410.1
fr3:HE595992	HE595992		HE595992.1	HE595992.1	NW_004073411.1
fr3:HE595993	HE595993		HE595993.1	HE595993.1	NW_004073412.1
fr3:HE595994	HE595994		HE595994.1	HE595994.1	NW_004073413.1
fr3:HE595995	HE595995		HE595995.1	HE595995.1	NW_004073414.1
fr3:HE595996	HE595996		HE595996.1	HE595996.1	NW_004073415.1
fr3:HE595997	HE595997		HE595997.1	HE595997.1	NW_004073416.1
fr3:HE595998	HE595998		HE595998.1	HE595998.1	NW_004073417.1
fr3:HE595999	HE595999		HE595999.1	HE595999.1	NW_004073418.1
fr3:HE596000	HE596000		HE596000.1	HE596000.1	NW_004073419.1
fr3:HE596001	HE596001		HE596001.1	HE596001.1	NW_004073420.1
fr3:HE596002	HE596002		HE596002.1	HE596002.1	NW_004073421.1
fr3:HE596003	HE596003		HE596003.1	HE596003.1	NW_004073422.1
fr3:HE596004	HE596004		HE596004.1	HE596004.1	NW_004073423.1
fr3:HE596005	HE596005		HE596005.1	HE596005.1	NW_004073424.1
fr3:HE596006	HE596006		HE596006.1	HE596006.1	NW_004073425.1
fr3:HE596007	HE596007		HE596007.1	HE596007.1	NW_004073426.1
fr3:HE596008	HE596008		HE596008.1	HE596008.1	NW_004073427.1
fr3:HE596009	HE596009		HE596009.1	HE596009.1	NW_004073428.1
fr3:HE596010	HE596010		HE596010.1	HE596010.1	NW_004073429.1
fr3:HE596011	HE596011		HE596011.1	HE596011.1	NW_004073430.1
fr3:HE596012	HE596012		HE596012.1	HE596012.1	NW_004073431.1
fr3:HE596013	HE596013		HE596013.1	HE596013.1	NW_004073432.1
fr3:HE596014	HE596014		HE596014.1	HE596014.1	NW_004073433.1
fr3:HE596015	HE596015		HE596015.1	HE596015.1	NW_004073434.1
fr3:HE596016	HE596016		HE596016.1	HE596016.1	NW_004073435.1
fr3:HE596017	HE596017		HE596017.1	HE596017.1	NW_004073436.1
fr3:HE596018	HE596018		HE596018.1	HE596018.1	NW_004073437.1
fr3:HE596019	HE596019		HE596019.1	HE596019.1	NW_004073438.1
fr3:HE596020	HE596020		HE596020.1	HE596020.1	NW_004073439.1
fr3:HE596021	HE596021		HE596021.1	HE596021.1	NW_004073440.1
fr3:HE596022	HE596022		HE596022.1	HE596022.1	NW_004073441.1
fr3:HE596023	HE596023		HE596023.1	HE596023.1	NW_004073442.1
fr3:HE596024	HE596024		HE596024.1	HE596024.1	NW_004073443.1
fr3:HE596025	HE596025		HE596025.1	HE596025.1	NW_004073444.1
fr3:HE596026	HE596026		HE596026.1	HE596026.1	NW_004073445.1
fr3:HE596027	HE596027		HE596027.1	HE596027.1	NW_004073446.1
fr3:HE596028	HE596028		HE596028.1	HE596028.1	NW_004073447.1
fr3:HE596029	HE596029		HE596029.1	HE596029.1	NW_004073448.1
fr3:HE596030	HE596030		HE596030.1	HE596030.1	NW_004073449.1
fr3:HE596031	HE596031		HE596031.1	HE596031.1	NW_004073450.1
fr3:HE596032	HE596032		HE596032.1	HE596032.1	NW_004073451.1
fr3:HE596033	HE596033		HE596033.1	HE596033.1	NW_004073452.1
fr3:HE596034	HE596034		HE596034.1	HE596034.1	NW_004073453.1
fr3:HE596035	HE596035		HE596035.1	HE596035.1	NW_004073454.1
fr3:HE596036	HE596036		HE596036.1	HE596036.1	NW_004073455.1
fr3:HE596037	HE596037		HE596037.1	HE596037.1	NW_004077069.1
fr3:HE596038	HE596038		HE596038.1	HE596038.1	NW_004077070.1
fr3:HE596039	HE596039		HE596039.1	HE596039.1	NW_004077071.1
fr3:HE596040	HE596040		HE596040.1	HE596040.1	NW_004077072.1
fr3:HE596041	HE596041		HE596041.1	HE596041.1	NW_004077073.1
fr3:HE596042	HE596042		HE596042.1	HE596042.1	NW_004077074.1
fr3:HE596043	HE596043		HE596043.1	HE596043.1	NW_004077075.1
fr3:HE596044	HE596044		HE596044.1	HE596044.1	NW_004077076.1
fr3:HE596045	HE596045		HE596045.1	HE596045.1	NW_004077077.1
fr3:HE596046	HE596046		HE596046.1	HE596046.1	NW_004077078.1
fr3:HE596047	HE596047		HE596047.1	HE596047.1	NW_004077079.1
fr3:HE596048	HE596048		HE596048.1	HE596048.1	NW_004077080.1
fr3:HE596049	HE596049		HE596049.1	HE596049.1	NW_004077081.1
fr3:HE596050	HE596050		HE596050.1	HE596050.1	NW_004077082.1
fr3:HE596051	HE596051		HE596051.1	HE596051.1	NW_004077083.1
fr3:HE596052	HE596052		HE596052.1	HE596052.1	NW_004077084.1
fr3:HE596053	HE596053		HE596053.1	HE596053.1	NW_004077085.1
fr3:HE596054	HE596054		HE596054.1	HE596054.1	NW_004077086.1
fr3:HE596055	HE596055		HE596055.1	HE596055.1	NW_004077087.1
fr3:HE596056	HE596056		HE596056.1	HE596056.1	NW_004077088.1
fr3:HE596057	HE596057		HE596057.1	HE596057.1	NW_004077089.1
fr3:HE596058	HE596058		HE596058.1	HE596058.1	NW_004077090.1
fr3:HE596059	HE596059		HE596059.1	HE596059.1	NW_004077091.1
fr3:HE596060	HE596060		HE596060.1	HE596060.1	NW_004077092.1
fr3:HE596061	HE596061		HE596061.1	HE596061.1	NW_004077093.1
fr3:HE596062	HE596062		HE596062.1	HE596062.1	NW_004077094.1
fr3:HE596063	HE596063		HE596063.1	HE596063.1	NW_004077095.1
fr3:HE596064	HE596064		HE596064.1	HE596064.1	NW_004077096.1
fr3:HE596065	HE596065		HE596065.1	HE596065.1	NW_004077097.1
fr3:HE596066	HE596066		HE596066.1	HE596066.1	NW_004077098.1
fr3:HE596067	HE596067		HE596067.1	HE596067.1	NW_004077099.1
fr3:HE596068	HE596068		HE596068.1	HE596068.1	NW_004077100.1
fr3:HE596069	HE596069		HE596069.1	HE596069.1	NW_004077101.1
fr3:HE596070	HE596070		HE596070.1	HE596070.1	NW_004077102.1
fr3:HE596071	HE596071		HE596071.1	HE596071.1	NW_004077103.1
fr3:HE596072	HE596072		HE596072.1	HE596072.1	NW_004077104.1
fr3:HE596073	HE596073		HE596073.1	HE596073.1	NW_004077105.1
fr3:HE596074	HE596074		HE596074.1	HE596074.1	NW_004077106.1
fr3:HE596075	HE596075		HE596075.1	HE596075.1	NW_004077107.1
fr3:HE596076	HE596076		HE596076.1	HE596076.1	NW_004077108.1
fr3:HE596077	HE596077		HE596077.1	HE596077.1	NW_004077109.1
fr3:HE596078	HE596078		HE596078.1	HE596078.1	NW_004077110.1
fr3:HE596079	HE596079		HE596079.1	HE596079.1	NW_004077111.1
fr3:HE596080	HE596080		HE596080.1	HE596080.1	NW_004077112.1
fr3:HE596081	HE596081		HE596081.1	HE596081.1	NW_004077113.1
fr3:HE596082	HE596082		HE596082.1	HE596082.1	NW_004077114.1
fr3:HE596083	HE596083		HE596083.1	HE596083.1	NW_004077115.1
fr3:HE596084	HE596084		HE596084.1	HE596084.1	NW_004077116.1
fr3:HE596085	HE596085		HE596085.1	HE596085.1	NW_004077117.1
fr3:HE596086	HE596086		HE596086.1	HE596086.1	NW_004077118.1
fr3:HE596087	HE596087		HE596087.1	HE596087.1	NW_004077119.1
fr3:HE596088	HE596088		HE596088.1	HE596088.1	NW_004077120.1
fr3:HE596089	HE596089		HE596089.1	HE596089.1	NW_004077121.1
fr3:HE596090	HE596090		HE596090.1	HE596090.1	NW_004077122.1
fr3:HE596091	HE596091		HE596091.1	HE596091.1	NW_004077123.1
fr3:HE596092	HE596092		HE596092.1	HE596092.1	NW_004077124.1
fr3:HE596093	HE596093		HE596093.1	HE596093.1	NW_004077125.1
fr3:HE596094	HE596094		HE596094.1	HE596094.1	NW_004077126.1
fr3:HE596095	HE596095		HE596095.1	HE596095.1	NW_004077127.1
fr3:HE596096	HE596096		HE596096.1	HE596096.1	NW_004077128.1
fr3:HE596097	HE596097		HE596097.1	HE596097.1	NW_004077129.1
fr3:HE596098	HE596098		HE596098.1	HE596098.1	NW_004077130.1
fr3:HE596099	HE596099		HE596099.1	HE596099.1	NW_004077131.1
fr3:HE596100	HE596100		HE596100.1	HE596100.1	NW_004077132.1
fr3:HE596101	HE596101		HE596101.1	HE596101.1	NW_004077133.1
fr3:HE596102	HE596102		HE596102.1	HE596102.1	NW_004077134.1
fr3:HE596103	HE596103		HE596103.1	HE596103.1	NW_004077135.1
fr3:HE596104	HE596104		HE596104.1	HE596104.1	NW_004077136.1
fr3:HE596105	HE596105		HE596105.1	HE596105.1	NW_004077137.1
fr3:HE596106	HE596106		HE596106.1	HE596106.1	NW_004077138.1
fr3:HE596107	HE596107		HE596107.1	HE596107.1	NW_004077139.1
fr3:HE596108	HE596108		HE596108.1	HE596108.1	NW_004077140.1
fr3:HE596109	HE596109		HE596109.1	HE596109.1	NW_004077141.1
fr3:HE596110	HE596110		HE596110.1	HE596110.1	NW_004077142.1
fr3:HE596111	HE596111		HE596111.1	HE596111.1	NW_004077143.1
fr3:HE596112	HE596112		HE596112.1	HE596112.1	NW_004077144.1
fr3:HE596113	HE596113		HE596113.1	HE596113.1	NW_004077145.1
fr3:HE596114	HE596114		HE596114.1	HE596114.1	NW_004077146.1
fr3:HE596115	HE596115		HE596115.1	HE596115.1	NW_004077147.1
fr3:HE596116	HE596116		HE596116.1	HE596116.1	NW_004077148.1
fr3:HE596117	HE596117		HE596117.1	HE596117.1	NW_004077149.1
fr3:HE596118	HE596118		HE596118.1	HE596118.1	NW_004077150.1
fr3:HE596119	HE596119		HE596119.1	HE596119.1	NW_004077151.1
fr3:HE596120	HE596120		HE596120.1	HE596120.1	NW_004077152.1
fr3:HE596121	HE596121		HE596121.1	HE596121.1	NW_004077153.1
fr3:HE596122	HE596122		HE596122.1	HE596122.1	NW_004077154.1
fr3:HE596123	HE596123		HE596123.1	HE596123.1	NW_004077155.1
fr3:HE596124	HE596124		HE596124.1	HE596124.1	NW_004077156.1
fr3:HE596125	HE596125		HE596125.1	HE596125.1	NW_004077157.1
fr3:HE596126	HE596126		HE596126.1	HE596126.1	NW_004077158.1
fr3:HE596127	HE596127		HE596127.1	HE596127.1	NW_004077159.1
fr3:HE596128	HE596128		HE596128.1	HE596128.1	NW_004077160.1
fr3:HE596129	HE596129		HE596129.1	HE596129.1	NW_004077161.1
fr3:HE596130	HE596130		HE596130.1	HE596130.1	NW_004077162.1
fr3:HE596131	HE596131		HE596131.1	HE596131.1	NW_004077163.1
fr3:HE596132	HE596132		HE596132.1	HE596132.1	NW_004077164.1
fr3:HE596133	HE596133		HE596133.1	HE596133.1	NW_004077165.1
fr3:HE596134	HE596134		HE596134.1	HE596134.1	NW_004077166.1
fr3:HE596135	HE596135		HE596135.1	HE596135.1	NW_004077167.1
fr3:HE596136	HE596136		HE596136.1	HE596136.1	NW_004077168.1
fr3:HE596137	HE596137		HE596137.1	HE596137.1	NW_004077169.1
fr3:HE596138	HE596138		HE596138.1	HE596138.1	NW_004077170.1
fr3:HE596139	HE596139		HE596139.1	HE596139.1	NW_004077171.1
fr3:HE596140	HE596140		HE596140.1	HE596140.1	NW_004077172.1
fr3:HE596141	HE596141		HE596141.1	HE596141.1	NW_004077173.1
fr3:HE596142	HE596142		HE596142.1	HE596142.1	NW_004077174.1
fr3:HE596143	HE596143		HE596143.1	HE596143.1	NW_004077175.1
fr3:HE596144	HE596144		HE596144.1	HE596144.1	NW_004077176.1
fr3:HE596145	HE596145		HE596145.1	HE596145.1	NW_004077177.1
fr3:HE596146	HE596146		HE596146.1	HE596146.1	NW_004077178.1
fr3:HE596147	HE596147		HE596147.1	HE596147.1	NW_004077179.1
fr3:HE596148	HE596148		HE596148.1	HE596148.1	NW_004077180.1
fr3:HE596149	HE596149		HE596149.1	HE596149.1	NW_004077181.1
fr3:HE596150	HE596150		HE596150.1	HE596150.1	NW_004077182.1
fr3:HE596151	HE596151		HE596151.1	HE596151.1	NW_004077183.1
fr3:HE596152	HE596152		HE596152.1	HE596152.1	NW_004077184.1
fr3:HE596153	HE596153		HE596153.1	HE596153.1	NW_004077185.1
fr3:HE596154	HE596154		HE596154.1	HE596154.1	NW_004077186.1
fr3:HE596155	HE596155		HE596155.1	HE596155.1	NW_004077187.1
fr3:HE596156	HE596156		HE596156.1	HE596156.1	NW_004077188.1
fr3:HE596157	HE596157		HE596157.1	HE596157.1	NW_004077189.1
fr3:HE596158	HE596158		HE596158.1	HE596158.1	NW_004077190.1
fr3:HE596159	HE596159		HE596159.1	HE596159.1	NW_004077191.1
fr3:HE596160	HE596160		HE596160.1	HE596160.1	NW_004077192.1
fr3:HE596161	HE596161		HE596161.1	HE596161.1	NW_004077193.1
fr3:HE596162	HE596162		HE596162.1	HE596162.1	NW_004077194.1
fr3:HE596163	HE596163		HE596163.1	HE596163.1	NW_004077195.1
fr3:HE596164	HE596164		HE596164.1	HE596164.1	NW_004077196.1
fr3:HE596165	HE596165		HE596165.1	HE596165.1	NW_004077197.1
fr3:HE596166	HE596166		HE596166.1	HE596166.1	NW_004077198.1
fr3:HE596167	HE596167		HE596167.1	HE596167.1	NW_004077199.1
fr3:HE596168	HE596168		HE596168.1	HE596168.1	NW_004077200.1
fr3:HE596169	HE596169		HE596169.1	HE596169.1	NW_004077201.1
fr3:HE596170	HE596170		HE596170.1	HE596170.1	NW_004077202.1
fr3:HE596171	HE596171		HE596171.1	HE596171.1	NW_004077203.1
fr3:HE596172	HE596172		HE596172.1	HE596172.1	NW_004077204.1
fr3:HE596173	HE596173		HE596173.1	HE596173.1	NW_004077205.1
fr3:HE596174	HE596174		HE596174.1	HE596174.1	NW_004077206.1
fr3:HE596175	HE596175		HE596175.1	HE596175.1	NW_004077207.1
fr3:HE596176	HE596176		HE596176.1	HE596176.1	NW_004077208.1
fr3:HE596177	HE596177		HE596177.1	HE596177.1	NW_004077209.1
fr3:HE596178	HE596178		HE596178.1	HE596178.1	NW_004077210.1
fr3:HE596179	HE596179		HE596179.1	HE596179.1	NW_004077211.1
fr3:HE596180	HE596180		HE596180.1	HE596180.1	NW_004077212.1
fr3:HE596181	HE596181		HE596181.1	HE596181.1	NW_004077213.1
fr3:HE596182	HE596182		HE596182.1	HE596182.1	NW_004077214.1
fr3:HE596183	HE596183		HE596183.1	HE596183.1	NW_004077215.1
fr3:HE596184	HE596184		HE596184.1	HE596184.1	NW_004077216.1
fr3:HE596185	HE596185		HE596185.1	HE596185.1	NW_004077217.1
fr3:HE596186	HE596186		HE596186.1	HE596186.1	NW_004077218.1
fr3:HE596187	HE596187		HE596187.1	HE596187.1	NW_004077219.1
fr3:HE596188	HE596188		HE596188.1	HE596188.1	NW_004077220.1
fr3:HE596189	HE596189		HE596189.1	HE596189.1	NW_004077221.1
fr3:HE596190	HE596190		HE596190.1	HE596190.1	NW_004077222.1
fr3:HE596191	HE596191		HE596191.1	HE596191.1	NW_004077223.1
fr3:HE596192	HE596192		HE596192.1	HE596192.1	NW_004077224.1
fr3:HE596193	HE596193		HE596193.1	HE596193.1	NW_004077225.1
fr3:HE596194	HE596194		HE596194.1	HE596194.1	NW_004077226.1
fr3:HE596195	HE596195		HE596195.1	HE596195.1	NW_004077227.1
fr3:HE596196	HE596196		HE596196.1	HE596196.1	NW_004077228.1
fr3:HE596197	HE596197		HE596197.1	HE596197.1	NW_004077229.1
fr3:HE596198	HE596198		HE596198.1	HE596198.1	NW_004077230.1
fr3:HE596199	HE596199		HE596199.1	HE596199.1	NW_004077231.1
fr3:HE596200	HE596200		HE596200.1	HE596200.1	NW_004077232.1
fr3:HE596201	HE596201		HE596201.1	HE596201.1	NW_004077233.1
fr3:HE596202	HE596202		HE596202.1	HE596202.1	NW_004077234.1
fr3:HE596203	HE596203		HE596203.1	HE596203.1	NW_004077235.1
fr3:HE596204	HE596204		HE596204.1	HE596204.1	NW_004077236.1
fr3:HE596205	HE596205		HE596205.1	HE596205.1	NW_004077237.1
fr3:HE596206	HE596206		HE596206.1	HE596206.1	NW_004077238.1
fr3:HE596207	HE596207		HE596207.1	HE596207.1	NW_004077239.1
fr3:HE596208	HE596208		HE596208.1	HE596208.1	NW_004077240.1
fr3:HE596209	HE596209		HE596209.1	HE596209.1	NW_004077241.1
fr3:HE596210	HE596210		HE596210.1	HE596210.1	NW_004077242.1
fr3:HE596211	HE596211		HE596211.1	HE596211.1	NW_004077243.1
fr3:HE596212	HE596212		HE596212.1	HE596212.1	NW_004077244.1
fr3:HE596213	HE596213		HE596213.1	HE596213.1	NW_004077245.1
fr3:HE596214	HE596214		HE596214.1	HE596214.1	NW_004077246.1
fr3:HE596215	HE596215		HE596215.1	HE596215.1	NW_004077247.1
fr3:HE596216	HE596216		HE596216.1	HE596216.1	NW_004077248.1
fr3:HE596217	HE596217		HE596217.1	HE596217.1	NW_004077249.1
fr3:HE596218	HE596218		HE596218.1	HE596218.1	NW_004077250.1
fr3:HE596219	HE596219		HE596219.1	HE596219.1	NW_004077251.1
fr3:HE596220	HE596220		HE596220.1	HE596220.1	NW_004077252.1
fr3:HE596221	HE596221		HE596221.1	HE596221.1	NW_004077253.1
fr3:HE596222	HE596222		HE596222.1	HE596222.1	NW_004077254.1
fr3:HE596223	HE596223		HE596223.1	HE596223.1	NW_004077255.1
fr3:HE596224	HE596224		HE596224.1	HE596224.1	NW_004077256.1
fr3:HE596225	HE596225		HE596225.1	HE596225.1	NW_004077257.1
fr3:HE596226	HE596226		HE596226.1	HE596226.1	NW_004077258.1
fr3:HE596227	HE596227		HE596227.1	HE596227.1	NW_004077259.1
fr3:HE596228	HE596228		HE596228.1	HE596228.1	NW_004077260.1
fr3:HE596229	HE596229		HE596229.1	HE596229.1	NW_004077261.1
fr3:HE596230	HE596230		HE596230.1	HE596230.1	NW_004077262.1
fr3:HE596231	HE596231		HE596231.1	HE596231.1	NW_004077263.1
fr3:HE596232	HE596232		HE596232.1	HE596232.1	NW_004077264.1
fr3:HE596233	HE596233		HE596233.1	HE596233.1	NW_004077265.1
fr3:HE596234	HE596234		HE596234.1	HE596234.1	NW_004077266.1
fr3:HE596235	HE596235		HE596235.1	HE596235.1	NW_004077267.1
fr3:HE596236	HE596236		HE596236.1	HE596236.1	NW_004077268.1
fr3:HE596237	HE596237		HE596237.1	HE596237.1	NW_004077269.1
fr3:HE596238	HE596238		HE596238.1	HE596238.1	NW_004077270.1
fr3:HE596239	HE596239		HE596239.1	HE596239.1	NW_004077271.1
fr3:HE596240	HE596240		HE596240.1	HE596240.1	NW_004077272.1
fr3:HE596241	HE596241		HE596241.1	HE596241.1	NW_004077273.1
fr3:HE596242	HE596242		HE596242.1	HE596242.1	NW_004077274.1
fr3:HE596243	HE596243		HE596243.1	HE596243.1	NW_004077275.1
fr3:HE596244	HE596244		HE596244.1	HE596244.1	NW_004077276.1
fr3:HE596245	HE596245		HE596245.1	HE596245.1	NW_004077277.1
fr3:HE596246	HE596246		HE596246.1	HE596246.1	NW_004077278.1
fr3:HE596247	HE596247		HE596247.1	HE596247.1	NW_004077279.1
fr3:HE596248	HE596248		HE596248.1	HE596248.1	NW_004077280.1
fr3:HE596249	HE596249		HE596249.1	HE596249.1	NW_004077281.1
fr3:HE596250	HE596250		HE596250.1	HE596250.1	NW_004077282.1
fr3:HE596251	HE596251		HE596251.1	HE596251.1	NW_004077283.1
fr3:HE596252	HE596252		HE596252.1	HE596252.1	NW_004077284.1
fr3:HE596253	HE596253		HE596253.1	HE596253.1	NW_004077285.1
fr3:HE596254	HE596254		HE596254.1	HE596254.1	NW_004077286.1
fr3:HE596255	HE596255		HE596255.1	HE596255.1	NW_004077287.1
fr3:HE596256	HE596256		HE596256.1	HE596256.1	NW_004077288.1
fr3:HE596257	HE596257		HE596257.1	HE596257.1	NW_004077289.1
fr3:HE596258	HE596258		HE596258.1	HE596258.1	NW_004077290.1
fr3:HE596259	HE596259		HE596259.1	HE596259.1	NW_004077291.1
fr3:HE596260	HE596260		HE596260.1	HE596260.1	NW_004077292.1
fr3:HE596261	HE596261		HE596261.1	HE596261.1	NW_004077293.1
fr3:HE596262	HE596262		HE596262.1	HE596262.1	NW_004077294.1
fr3:HE596263	HE596263		HE596263.1	HE596263.1	NW_004077295.1
fr3:HE596264	HE596264		HE596264.1	HE596264.1	NW_004077296.1
fr3:HE596265	HE596265		HE596265.1	HE596265.1	NW_004077297.1
fr3:HE596266	HE596266		HE596266.1	HE596266.1	NW_004077298.1
fr3:HE596267	HE596267		HE596267.1	HE596267.1	NW_004077299.1
fr3:HE596268	HE596268		HE596268.1	HE596268.1	NW_004077300.1
fr3:HE596269	HE596269		HE596269.1	HE596269.1	NW_004077301.1
fr3:HE596270	HE596270		HE596270.1	HE596270.1	NW_004077302.1
fr3:HE596271	HE596271		HE596271.1	HE596271.1	NW_004077303.1
fr3:HE596272	HE596272		HE596272.1	HE596272.1	NW_004077304.1
fr3:HE596273	HE596273		HE596273.1	HE596273.1	NW_004077305.1
fr3:HE596274	HE596274		HE596274.1	HE596274.1	NW_004077306.1
fr3:HE596275	HE596275		HE596275.1	HE596275.1	NW_004077307.1
fr3:HE596276	HE596276		HE596276.1	HE596276.1	NW_004077308.1
fr3:HE596277	HE596277		HE596277.1	HE596277.1	NW_004077309.1
fr3:HE596278	HE596278		HE596278.1	HE596278.1	NW_004077310.1
fr3:HE596279	HE596279		HE596279.1	HE596279.1	NW_004077311.1
fr3:HE596280	HE596280		HE596280.1	HE596280.1	NW_004077312.1
fr3:HE596281	HE596281		HE596281.1	HE596281.1	NW_004077313.1
fr3:HE596282	HE596282		HE596282.1	HE596282.1	NW_004077314.1
fr3:HE596283	HE596283		HE596283.1	HE596283.1	NW_004077315.1
fr3:HE596284	HE596284		HE596284.1	HE596284.1	NW_004077316.1
fr3:HE596285	HE596285		HE596285.1	HE596285.1	NW_004077317.1
fr3:HE596286	HE596286		HE596286.1	HE596286.1	NW_004077318.1
fr3:HE596287	HE596287		HE596287.1	HE596287.1	NW_004077319.1
fr3:HE596288	HE596288		HE596288.1	HE596288.1	NW_004077320.1
fr3:HE596289	HE596289		HE596289.1	HE596289.1	NW_004077321.1
fr3:HE596290	HE596290		HE596290.1	HE596290.1	NW_004077322.1
fr3:HE596291	HE596291		HE596291.1	HE596291.1	NW_004077323.1
fr3:HE596292	HE596292		HE596292.1	HE596292.1	NW_004077324.1
fr3:HE596293	HE596293		HE596293.1	HE596293.1	NW_004077325.1
fr3:HE596294	HE596294		HE596294.1	HE596294.1	NW_004077326.1
fr3:HE596295	HE596295		HE596295.1	HE596295.1	NW_004077327.1
fr3:HE596296	HE596296		HE596296.1	HE596296.1	NW_004077328.1
fr3:HE596297	HE596297		HE596297.1	HE596297.1	NW_004077329.1
fr3:HE596298	HE596298		HE596298.1	HE596298.1	NW_004077330.1
fr3:HE596299	HE596299		HE596299.1	HE596299.1	NW_004077331.1
fr3:HE596300	HE596300		HE596300.1	HE596300.1	NW_004077332.1
fr3:HE596301	HE596301		HE596301.1	HE596301.1	NW_004077333.1
fr3:HE596302	HE596302		HE596302.1	HE596302.1	NW_004077334.1
fr3:HE596303	HE596303		HE596303.1	HE596303.1	NW_004077335.1
fr3:HE596304	HE596304		HE596304.1	HE596304.1	NW_004077336.1
fr3:HE596305	HE596305		HE596305.1	HE596305.1	NW_004077337.1
fr3:HE596306	HE596306		HE596306.1	HE596306.1	NW_004077338.1
fr3:HE596307	HE596307		HE596307.1	HE596307.1	NW_004077339.1
fr3:HE596308	HE596308		HE596308.1	HE596308.1	NW_004077340.1
fr3:HE596309	HE596309		HE596309.1	HE596309.1	NW_004077341.1
fr3:HE596310	HE596310		HE596310.1	HE596310.1	NW_004077342.1
fr3:HE596311	HE596311		HE596311.1	HE596311.1	NW_004077343.1
fr3:HE596312	HE596312		HE596312.1	HE596312.1	NW_004077344.1
fr3:HE596313	HE596313		HE596313.1	HE596313.1	NW_004077345.1
fr3:HE596314	HE596314		HE596314.1	HE596314.1	NW_004077346.1
fr3:HE596315	HE596315		HE596315.1	HE596315.1	NW_004077347.1
fr3:HE596316	HE596316		HE596316.1	HE596316.1	NW_004077348.1
fr3:HE596317	HE596317		HE596317.1	HE596317.1	NW_004077349.1
fr3:HE596318	HE596318		HE596318.1	HE596318.1	NW_004077350.1
fr3:HE596319	HE596319		HE596319.1	HE596319.1	NW_004077351.1
fr3:HE596320	HE596320		HE596320.1	HE596320.1	NW_004077352.1
fr3:HE596321	HE596321		HE596321.1	HE596321.1	NW_004077353.1
fr3:HE596322	HE596322		HE596322.1	HE596322.1	NW_004077354.1
fr3:HE596323	HE596323		HE596323.1	HE596323.1	NW_004077355.1
fr3:HE596324	HE596324		HE596324.1	HE596324.1	NW_004077356.1
fr3:HE596325	HE596325		HE596325.1	HE596325.1	NW_004077357.1
fr3:HE596326	HE596326		HE596326.1	HE596326.1	NW_004077358.1
fr3:HE596327	HE596327		HE596327.1	HE596327.1	NW_004077359.1
fr3:HE596328	HE596328		HE596328.1	HE596328.1	NW_004077360.1
fr3:HE596329	HE596329		HE596329.1	HE596329.1	NW_004077361.1
fr3:HE596330	HE596330		HE596330.1	HE596330.1	NW_004077362.1
fr3:HE596331	HE596331		HE596331.1	HE596331.1	NW_004077363.1
fr3:HE596332	HE596332		HE596332.1	HE596332.1	NW_004077364.1
fr3:HE596333	HE596333		HE596333.1	HE596333.1	NW_004077365.1
fr3:HE596334	HE596334		HE596334.1	HE596334.1	NW_004077366.1
fr3:HE596335	HE596335		HE596335.1	HE596335.1	NW_004077367.1
fr3:HE596336	HE596336		HE596336.1	HE596336.1	NW_004077368.1
fr3:HE596337	HE596337		HE596337.1	HE596337.1	NW_004077369.1
fr3:HE596338	HE596338		HE596338.1	HE596338.1	NW_004077370.1
fr3:HE596339	HE596339		HE596339.1	HE596339.1	NW_004077371.1
fr3:HE596340	HE596340		HE596340.1	HE596340.1	NW_004077372.1
fr3:HE596341	HE596341		HE596341.1	HE596341.1	NW_004077373.1
fr3:HE596342	HE596342		HE596342.1	HE596342.1	NW_004077374.1
fr3:HE596343	HE596343		HE596343.1	HE596343.1	NW_004077375.1
fr3:HE596344	HE596344		HE596344.1	HE596344.1	NW_004077376.1
fr3:HE596345	HE596345		HE596345.1	HE596345.1	NW_004077377.1
fr3:HE596346	HE596346		HE596346.1	HE596346.1	NW_004077378.1
fr3:HE596347	HE596347		HE596347.1	HE596347.1	NW_004077379.1
fr3:HE596348	HE596348		HE596348.1	HE596348.1	NW_004077380.1
fr3:HE596349	HE596349		HE596349.1	HE596349.1	NW_004077381.1
fr3:HE596350	HE596350		HE596350.1	HE596350.1	NW_004077382.1
fr3:HE596351	HE596351		HE596351.1	HE596351.1	NW_004077383.1
fr3:HE596352	HE596352		HE596352.1	HE596352.1	NW_004077384.1
fr3:HE596353	HE596353		HE596353.1	HE596353.1	NW_004077515.1
fr3:HE596354	HE596354		HE596354.1	HE596354.1	NW_004077385.1
fr3:HE596355	HE596355		HE596355.1	HE596355.1	NW_004077386.1
fr3:HE596356	HE596356		HE596356.1	HE596356.1	NW_004077387.1
fr3:HE596357	HE596357		HE596357.1	HE596357.1	NW_004077388.1
fr3:HE596358	HE596358		HE596358.1	HE596358.1	NW_004077389.1
fr3:HE596359	HE596359		HE596359.1	HE596359.1	NW_004077390.1
fr3:HE596360	HE596360		HE596360.1	HE596360.1	NW_004077391.1
fr3:HE596361	HE596361		HE596361.1	HE596361.1	NW_004077392.1
fr3:HE596362	HE596362		HE596362.1	HE596362.1	NW_004077393.1
fr3:HE596363	HE596363		HE596363.1	HE596363.1	NW_004077394.1
fr3:HE596364	HE596364		HE596364.1	HE596364.1	NW_004077395.1
fr3:HE596365	HE596365		HE596365.1	HE596365.1	NW_004077396.1
fr3:HE596366	HE596366		HE596366.1	HE596366.1	NW_004077397.1
fr3:HE596367	HE596367		HE596367.1	HE596367.1	NW_004077398.1
fr3:HE596368	HE596368		HE596368.1	HE596368.1	NW_004077399.1
fr3:HE596369	HE596369		HE596369.1	HE596369.1	NW_004077400.1
fr3:HE596370	HE596370		HE596370.1	HE596370.1	NW_004077401.1
fr3:HE596371	HE596371		HE596371.1	HE596371.1	NW_004077402.1
fr3:HE596372	HE596372		HE596372.1	HE596372.1	NW_004077403.1
fr3:HE596373	HE596373		HE596373.1	HE596373.1	NW_004077404.1
fr3:HE596374	HE596374		HE596374.1	HE596374.1	NW_004077405.1
fr3:HE596375	HE596375		HE596375.1	HE596375.1	NW_004077406.1
fr3:HE596376	HE596376		HE596376.1	HE596376.1	NW_004077407.1
fr3:HE596377	HE596377		HE596377.1	HE596377.1	NW_004077408.1
fr3:HE596378	HE596378		HE596378.1	HE596378.1	NW_004077409.1
fr3:HE596379	HE596379		HE596379.1	HE596379.1	NW_004077410.1
fr3:HE596380	HE596380		HE596380.1	HE596380.1	NW_004077411.1
fr3:HE596381	HE596381		HE596381.1	HE596381.1	NW_004077412.1
fr3:HE596382	HE596382		HE596382.1	HE596382.1	NW_004077413.1
fr3:HE596383	HE596383		HE596383.1	HE596383.1	NW_004077414.1
fr3:HE596384	HE596384		HE596384.1	HE596384.1	NW_004077415.1
fr3:HE596385	HE596385		HE596385.1	HE596385.1	NW_004077416.1
fr3:HE596386	HE596386		HE596386.1	HE596386.1	NW_004077417.1
fr3:HE596387	HE596387		HE596387.1	HE596387.1	NW_004077418.1
fr3:HE596388	HE596388		HE596388.1	HE596388.1	NW_004077419.1
fr3:HE596389	HE596389		HE596389.1	HE596389.1	NW_004077420.1
fr3:HE596390	HE596390		HE596390.1	HE596390.1	NW_004077421.1
fr3:HE596391	HE596391		HE596391.1	HE596391.1	NW_004077422.1
fr3:HE596392	HE596392		HE596392.1	HE596392.1	NW_004077423.1
fr3:HE596393	HE596393		HE596393.1	HE596393.1	NW_004077424.1
fr3:HE596394	HE596394		HE596394.1	HE596394.1	NW_004077425.1
fr3:HE596395	HE596395		HE596395.1	HE596395.1	NW_004077426.1
fr3:HE596396	HE596396		HE596396.1	HE596396.1	NW_004077427.1
fr3:HE596397	HE596397		HE596397.1	HE596397.1	NW_004077428.1
fr3:HE596398	HE596398		HE596398.1	HE596398.1	NW_004077429.1
fr3:HE596399	HE596399		HE596399.1	HE596399.1	NW_004077430.1
fr3:HE596400	HE596400		HE596400.1	HE596400.1	NW_004077431.1
fr3:HE596401	HE596401		HE596401.1	HE596401.1	NW_004077432.1
fr3:HE596402	HE596402		HE596402.1	HE596402.1	NW_004077433.1
fr3:HE596403	HE596403		HE596403.1	HE596403.1	NW_004077434.1
fr3:HE596404	HE596404		HE596404.1	HE596404.1	NW_004077435.1
fr3:HE596405	HE596405		HE596405.1	HE596405.1	NW_004077436.1
fr3:HE596406	HE596406		HE596406.1	HE596406.1	NW_004077437.1
fr3:HE596407	HE596407		HE596407.1	HE596407.1	NW_004077438.1
fr3:HE596408	HE596408		HE596408.1	HE596408.1	NW_004077439.1
fr3:HE596409	HE596409		HE596409.1	HE596409.1	NW_004077440.1
fr3:HE596410	HE596410		HE596410.1	HE596410.1	NW_004077441.1
fr3:HE596411	HE596411		HE596411.1	HE596411.1	NW_004077442.1
fr3:HE596412	HE596412		HE596412.1	HE596412.1	NW_004077443.1
fr3:HE596413	HE596413		HE596413.1	HE596413.1	NW_004077444.1
fr3:HE596414	HE596414		HE596414.1	HE596414.1	NW_004077445.1
fr3:HE596415	HE596415		HE596415.1	HE596415.1	NW_004077446.1
fr3:HE596416	HE596416		HE596416.1	HE596416.1	NW_004077447.1
fr3:HE596417	HE596417		HE596417.1	HE596417.1	NW_004077448.1
fr3:HE596418	HE596418		HE596418.1	HE596418.1	NW_004077449.1
fr3:HE596419	HE596419		HE596419.1	HE596419.1	NW_004077450.1
fr3:HE596420	HE596420		HE596420.1	HE596420.1	NW_004077451.1
fr3:HE596421	HE596421		HE596421.1	HE596421.1	NW_004077452.1
fr3:HE596422	HE596422		HE596422.1	HE596422.1	NW_004077453.1
fr3:HE596423	HE596423		HE596423.1	HE596423.1	NW_004077454.1
fr3:HE596424	HE596424		HE596424.1	HE596424.1	NW_004077455.1
fr3:HE596425	HE596425		HE596425.1	HE596425.1	NW_004077456.1
fr3:HE596426	HE596426		HE596426.1	HE596426.1	NW_004077457.1
fr3:HE596427	HE596427		HE596427.1	HE596427.1	NW_004077458.1
fr3:HE596428	HE596428		HE596428.1	HE596428.1	NW_004077459.1
fr3:HE596429	HE596429		HE596429.1	HE596429.1	NW_004077460.1
fr3:HE596430	HE596430		HE596430.1	HE596430.1	NW_004077461.1
fr3:HE596431	HE596431		HE596431.1	HE596431.1	NW_004077462.1
fr3:HE596432	HE596432		HE596432.1	HE596432.1	NW_004077463.1
fr3:HE596433	HE596433		HE596433.1	HE596433.1	NW_004077464.1
fr3:HE596434	HE596434		HE596434.1	HE596434.1	NW_004077465.1
fr3:HE596435	HE596435		HE596435.1	HE596435.1	NW_004077466.1
fr3:HE596436	HE596436		HE596436.1	HE596436.1	NW_004077467.1
fr3:HE596437	HE596437		HE596437.1	HE596437.1	NW_004077468.1
fr3:HE596438	HE596438		HE596438.1	HE596438.1	NW_004077469.1
fr3:HE596439	HE596439		HE596439.1	HE596439.1	NW_004077470.1
fr3:HE596440	HE596440		HE596440.1	HE596440.1	NW_004077471.1
fr3:HE596441	HE596441		HE596441.1	HE596441.1	NW_004077472.1
fr3:HE596442	HE596442		HE596442.1	HE596442.1	NW_004077473.1
fr3:HE596443	HE596443		HE596443.1	HE596443.1	NW_004077474.1
fr3:HE596444	HE596444		HE596444.1	HE596444.1	NW_004077475.1
fr3:HE596445	HE596445		HE596445.1	HE596445.1	NW_004077476.1
fr3:HE596446	HE596446		HE596446.1	HE596446.1	NW_004077477.1
fr3:HE596447	HE596447		HE596447.1	HE596447.1	NW_004077478.1
fr3:HE596448	HE596448		HE596448.1	HE596448.1	NW_004077479.1
fr3:HE596449	HE596449		HE596449.1	HE596449.1	NW_004077480.1
fr3:HE596450	HE596450		HE596450.1	HE596450.1	NW_004077481.1
fr3:HE596451	HE596451		HE596451.1	HE596451.1	NW_004077482.1
fr3:HE596452	HE596452		HE596452.1	HE596452.1	NW_004077483.1
fr3:HE596453	HE596453		HE596453.1	HE596453.1	NW_004077484.1
fr3:HE596454	HE596454		HE596454.1	HE596454.1	NW_004077485.1
fr3:HE596455	HE596455		HE596455.1	HE596455.1	NW_004077486.1
fr3:HE596456	HE596456		HE596456.1	HE596456.1	NW_004077487.1
fr3:HE596457	HE596457		HE596457.1	HE596457.1	NW_004077488.1
fr3:HE596458	HE596458		HE596458.1	HE596458.1	NW_004077489.1
fr3:HE596459	HE596459		HE596459.1	HE596459.1	NW_004077490.1
fr3:HE596460	HE596460		HE596460.1	HE596460.1	NW_004077491.1
fr3:HE596461	HE596461		HE596461.1	HE596461.1	NW_004077492.1
fr3:HE596462	HE596462		HE596462.1	HE596462.1	NW_004077493.1
fr3:HE596463	HE596463		HE596463.1	HE596463.1	NW_004077494.1
fr3:HE596464	HE596464		HE596464.1	HE596464.1	NW_004077495.1
fr3:HE596465	HE596465		HE596465.1	HE596465.1	NW_004077496.1
fr3:HE596466	HE596466		HE596466.1	HE596466.1	NW_004077497.1
fr3:HE596467	HE596467		HE596467.1	HE596467.1	NW_004077498.1
fr3:HE596468	HE596468		HE596468.1	HE596468.1	NW_004077499.1
fr3:HE596469	HE596469		HE596469.1	HE596469.1	NW_004077500.1
fr3:HE596470	HE596470		HE596470.1	HE596470.1	NW_004077501.1
fr3:HE596471	HE596471		HE596471.1	HE596471.1	NW_004077502.1
fr3:HE596472	HE596472		HE596472.1	HE596472.1	NW_004077503.1
fr3:HE596473	HE596473		HE596473.1	HE596473.1	NW_004077504.1
fr3:HE596474	HE596474		HE596474.1	HE596474.1	NW_004077505.1
fr3:HE596475	HE596475		HE596475.1	HE596475.1	NW_004077506.1
fr3:HE596476	HE596476		HE596476.1	HE596476.1	NW_004077772.1
fr3:HE596477	HE596477		HE596477.1	HE596477.1	NW_004077773.1
fr3:HE596478	HE596478		HE596478.1	HE596478.1	NW_004077774.1
fr3:HE596479	HE596479		HE596479.1	HE596479.1	NW_004077775.1
fr3:HE596480	HE596480		HE596480.1	HE596480.1	NW_004077776.1
fr3:HE596481	HE596481		HE596481.1	HE596481.1	NW_004077777.1
fr3:HE596482	HE596482		HE596482.1	HE596482.1	NW_004077778.1
fr3:HE596483	HE596483		HE596483.1	HE596483.1	NW_004077779.1
fr3:HE596484	HE596484		HE596484.1	HE596484.1	NW_004077780.1
fr3:HE596485	HE596485		HE596485.1	HE596485.1	NW_004077781.1
fr3:HE596486	HE596486		HE596486.1	HE596486.1	NW_004077782.1
fr3:HE596487	HE596487		HE596487.1	HE596487.1	NW_004077783.1
fr3:HE596488	HE596488		HE596488.1	HE596488.1	NW_004077784.1
fr3:HE596489	HE596489		HE596489.1	HE596489.1	NW_004077785.1
fr3:HE596490	HE596490		HE596490.1	HE596490.1	NW_004077786.1
fr3:HE596491	HE596491		HE596491.1	HE596491.1	NW_004077787.1
fr3:HE596492	HE596492		HE596492.1	HE596492.1	NW_004077788.1
fr3:HE596493	HE596493		HE596493.1	HE596493.1	NW_004077789.1
fr3:HE596494	HE596494		HE596494.1	HE596494.1	NW_004077790.1
fr3:HE596495	HE596495		HE596495.1	HE596495.1	NW_004077791.1
fr3:HE596496	HE596496		HE596496.1	HE596496.1	NW_004077792.1
fr3:HE596497	HE596497		HE596497.1	HE596497.1	NW_004077793.1
fr3:HE596498	HE596498		HE596498.1	HE596498.1	NW_004077794.1
fr3:HE596499	HE596499		HE596499.1	HE596499.1	NW_004077795.1
fr3:HE596500	HE596500		HE596500.1	HE596500.1	NW_004077796.1
fr3:HE596501	HE596501		HE596501.1	HE596501.1	NW_004077797.1
fr3:HE596502	HE596502		HE596502.1	HE596502.1	NW_004077798.1
fr3:HE596503	HE596503		HE596503.1	HE596503.1	NW_004077799.1
fr3:HE596504	HE596504		HE596504.1	HE596504.1	NW_004077800.1
fr3:HE596505	HE596505		HE596505.1	HE596505.1	NW_004077801.1
fr3:HE596506	HE596506		HE596506.1	HE596506.1	NW_004077802.1
fr3:HE596507	HE596507		HE596507.1	HE596507.1	NW_004077803.1
fr3:HE596508	HE596508		HE596508.1	HE596508.1	NW_004077804.1
fr3:HE596509	HE596509		HE596509.1	HE596509.1	NW_004077805.1
fr3:HE596510	HE596510		HE596510.1	HE596510.1	NW_004077806.1
fr3:HE596511	HE596511		HE596511.1	HE596511.1	NW_004077807.1
fr3:HE596512	HE596512		HE596512.1	HE596512.1	NW_004077808.1
fr3:HE596513	HE596513		HE596513.1	HE596513.1	NW_004077809.1
fr3:HE596514	HE596514		HE596514.1	HE596514.1	NW_004077810.1
fr3:HE596515	HE596515		HE596515.1	HE596515.1	NW_004077811.1
fr3:HE596516	HE596516		HE596516.1	HE596516.1	NW_004077812.1
fr3:HE596517	HE596517		HE596517.1	HE596517.1	NW_004077813.1
fr3:HE596518	HE596518		HE596518.1	HE596518.1	NW_004077814.1
fr3:HE596519	HE596519		HE596519.1	HE596519.1	NW_004077815.1
fr3:HE596520	HE596520		HE596520.1	HE596520.1	NW_004077816.1
fr3:HE596521	HE596521		HE596521.1	HE596521.1	NW_004077817.1
fr3:HE596522	HE596522		HE596522.1	HE596522.1	NW_004077818.1
fr3:HE596523	HE596523		HE596523.1	HE596523.1	NW_004077819.1
fr3:HE596524	HE596524		HE596524.1	HE596524.1	NW_004077820.1
fr3:HE596525	HE596525		HE596525.1	HE596525.1	NW_004077821.1
fr3:HE596526	HE596526		HE596526.1	HE596526.1	NW_004077822.1
fr3:HE596527	HE596527		HE596527.1	HE596527.1	NW_004077823.1
fr3:HE596528	HE596528		HE596528.1	HE596528.1	NW_004077824.1
fr3:HE596529	HE596529		HE596529.1	HE596529.1	NW_004077825.1
fr3:HE596530	HE596530		HE596530.1	HE596530.1	NW_004077826.1
fr3:HE596531	HE596531		HE596531.1	HE596531.1	NW_004077827.1
fr3:HE596532	HE596532		HE596532.1	HE596532.1	NW_004077828.1
fr3:HE596533	HE596533		HE596533.1	HE596533.1	NW_004077829.1
fr3:HE596534	HE596534		HE596534.1	HE596534.1	NW_004077830.1
fr3:HE596535	HE596535		HE596535.1	HE596535.1	NW_004077831.1
fr3:HE596536	HE596536		HE596536.1	HE596536.1	NW_004077832.1
fr3:HE596537	HE596537		HE596537.1	HE596537.1	NW_004077833.1
fr3:HE596538	HE596538		HE596538.1	HE596538.1	NW_004077834.1
fr3:HE596539	HE596539		HE596539.1	HE596539.1	NW_004077835.1
fr3:HE596540	HE596540		HE596540.1	HE596540.1	NW_004077836.1
fr3:HE596541	HE596541		HE596541.1	HE596541.1	NW_004077837.1
fr3:HE596542	HE596542		HE596542.1	HE596542.1	NW_004077838.1
fr3:HE596543	HE596543		HE596543.1	HE596543.1	NW_004077839.1
fr3:HE596544	HE596544		HE596544.1	HE596544.1	NW_004077840.1
fr3:HE596545	HE596545		HE596545.1	HE596545.1	NW_004077841.1
fr3:HE596546	HE596546		HE596546.1	HE596546.1	NW_004077842.1
fr3:HE596547	HE596547		HE596547.1	HE596547.1	NW_004077843.1
fr3:HE596548	HE596548		HE596548.1	HE596548.1	NW_004077844.1
fr3:HE596549	HE596549		HE596549.1	HE596549.1	NW_004077845.1
fr3:HE596550	HE596550		HE596550.1	HE596550.1	NW_004077846.1
fr3:HE596551	HE596551		HE596551.1	HE596551.1	NW_004077847.1
fr3:HE596552	HE596552		HE596552.1	HE596552.1	NW_004077848.1
fr3:HE596553	HE596553		HE596553.1	HE596553.1	NW_004077849.1
fr3:HE596554	HE596554		HE596554.1	HE596554.1	NW_004077850.1
fr3:HE596555	HE596555		HE596555.1	HE596555.1	NW_004077851.1
fr3:HE596556	HE596556		HE596556.1	HE596556.1	NW_004077852.1
fr3:HE596557	HE596557		HE596557.1	HE596557.1	NW_004077853.1
fr3:HE596558	HE596558		HE596558.1	HE596558.1	NW_004077854.1
fr3:HE596559	HE596559		HE596559.1	HE596559.1	NW_004077855.1
fr3:HE596560	HE596560		HE596560.1	HE596560.1	NW_004077856.1
fr3:HE596561	HE596561		HE596561.1	HE596561.1	NW_004077857.1
fr3:HE596562	HE596562		HE596562.1	HE596562.1	NW_004077858.1
fr3:HE596563	HE596563		HE596563.1	HE596563.1	NW_004077859.1
fr3:HE596564	HE596564		HE596564.1	HE596564.1	NW_004077860.1
fr3:HE596565	HE596565		HE596565.1	HE596565.1	NW_004077861.1
fr3:HE596566	HE596566		HE596566.1	HE596566.1	NW_004077862.1
fr3:HE596567	HE596567		HE596567.1	HE596567.1	NW_004077863.1
fr3:HE596568	HE596568		HE596568.1	HE596568.1	NW_004077864.1
fr3:HE596569	HE596569		HE596569.1	HE596569.1	NW_004077865.1
fr3:HE596570	HE596570		HE596570.1	HE596570.1	NW_004077866.1
fr3:HE596571	HE596571		HE596571.1	HE596571.1	NW_004077867.1
fr3:HE596572	HE596572		HE596572.1	HE596572.1	NW_004077868.1
fr3:HE596573	HE596573		HE596573.1	HE596573.1	NW_004077869.1
fr3:HE596574	HE596574		HE596574.1	HE596574.1	NW_004077870.1
fr3:HE596575	HE596575		HE596575.1	HE596575.1	NW_004077871.1
fr3:HE596576	HE596576		HE596576.1	HE596576.1	NW_004077872.1
fr3:HE596577	HE596577		HE596577.1	HE596577.1	NW_004077873.1
fr3:HE596578	HE596578		HE596578.1	HE596578.1	NW_004077874.1
fr3:HE596579	HE596579		HE596579.1	HE596579.1	NW_004077875.1
fr3:HE596580	HE596580		HE596580.1	HE596580.1	NW_004077876.1
fr3:HE596581	HE596581		HE596581.1	HE596581.1	NW_004077877.1
fr3:HE596582	HE596582		HE596582.1	HE596582.1	NW_004077878.1
fr3:HE596583	HE596583		HE596583.1	HE596583.1	NW_004077879.1
fr3:HE596584	HE596584		HE596584.1	HE596584.1	NW_004077880.1
fr3:HE596585	HE596585		HE596585.1	HE596585.1	NW_004077881.1
fr3:HE596586	HE596586		HE596586.1	HE596586.1	NW_004077882.1
fr3:HE596587	HE596587		HE596587.1	HE596587.1	NW_004077883.1
fr3:HE596588	HE596588		HE596588.1	HE596588.1	NW_004077884.1
fr3:HE596589	HE596589		HE596589.1	HE596589.1	NW_004077885.1
fr3:HE596590	HE596590		HE596590.1	HE596590.1	NW_004077886.1
fr3:HE596591	HE596591		HE596591.1	HE596591.1	NW_004077887.1
fr3:HE596592	HE596592		HE596592.1	HE596592.1	NW_004077888.1
fr3:HE596593	HE596593		HE596593.1	HE596593.1	NW_004077889.1
fr3:HE596594	HE596594		HE596594.1	HE596594.1	NW_004077890.1
fr3:HE596595	HE596595		HE596595.1	HE596595.1	NW_004077891.1
fr3:HE596596	HE596596		HE596596.1	HE596596.1	NW_004077892.1
fr3:HE596597	HE596597		HE596597.1	HE596597.1	NW_004077893.1
fr3:HE596598	HE596598		HE596598.1	HE596598.1	NW_004077894.1
fr3:HE596599	HE596599		HE596599.1	HE596599.1	NW_004077895.1
fr3:HE596600	HE596600		HE596600.1	HE596600.1	NW_004077896.1
fr3:HE596601	HE596601		HE596601.1	HE596601.1	NW_004077897.1
fr3:HE596602	HE596602		HE596602.1	HE596602.1	NW_004077516.1
fr3:HE596603	HE596603		HE596603.1	HE596603.1	NW_004077898.1
fr3:HE596604	HE596604		HE596604.1	HE596604.1	NW_004077899.1
fr3:HE596605	HE596605		HE596605.1	HE596605.1	NW_004077900.1
fr3:HE596606	HE596606		HE596606.1	HE596606.1	NW_004077901.1
fr3:HE596607	HE596607		HE596607.1	HE596607.1	NW_004077902.1
fr3:HE596608	HE596608		HE596608.1	HE596608.1	NW_004077903.1
fr3:HE596609	HE596609		HE596609.1	HE596609.1	NW_004077904.1
fr3:HE596610	HE596610		HE596610.1	HE596610.1	NW_004077905.1
fr3:HE596611	HE596611		HE596611.1	HE596611.1	NW_004077906.1
fr3:HE596612	HE596612		HE596612.1	HE596612.1	NW_004077907.1
fr3:HE596613	HE596613		HE596613.1	HE596613.1	NW_004077908.1
fr3:HE596614	HE596614		HE596614.1	HE596614.1	NW_004077909.1
fr3:HE596615	HE596615		HE596615.1	HE596615.1	NW_004077910.1
fr3:HE596616	HE596616		HE596616.1	HE596616.1	NW_004077911.1
fr3:HE596617	HE596617		HE596617.1	HE596617.1	NW_004077912.1
fr3:HE596618	HE596618		HE596618.1	HE596618.1	NW_004077913.1
fr3:HE596619	HE596619		HE596619.1	HE596619.1	NW_004077914.1
fr3:HE596620	HE596620		HE596620.1	HE596620.1	NW_004077915.1
fr3:HE596621	HE596621		HE596621.1	HE596621.1	NW_004077916.1
fr3:HE596622	HE596622		HE596622.1	HE596622.1	NW_004077917.1
fr3:HE596623	HE596623		HE596623.1	HE596623.1	NW_004077918.1
fr3:HE596624	HE596624		HE596624.1	HE596624.1	NW_004077919.1
fr3:HE596625	HE596625		HE596625.1	HE596625.1	NW_004077920.1
fr3:HE596626	HE596626		HE596626.1	HE596626.1	NW_004077921.1
fr3:HE596627	HE596627		HE596627.1	HE596627.1	NW_004077922.1
fr3:HE596628	HE596628		HE596628.1	HE596628.1	NW_004077923.1
fr3:HE596629	HE596629		HE596629.1	HE596629.1	NW_004077924.1
fr3:HE596630	HE596630		HE596630.1	HE596630.1	NW_004077925.1
fr3:HE596631	HE596631		HE596631.1	HE596631.1	NW_004077926.1
fr3:HE596632	HE596632		HE596632.1	HE596632.1	NW_004077927.1
fr3:HE596633	HE596633		HE596633.1	HE596633.1	NW_004077928.1
fr3:HE596634	HE596634		HE596634.1	HE596634.1	NW_004077929.1
fr3:HE596635	HE596635		HE596635.1	HE596635.1	NW_004077930.1
fr3:HE596636	HE596636		HE596636.1	HE596636.1	NW_004077931.1
fr3:HE596637	HE596637		HE596637.1	HE596637.1	NW_004077932.1
fr3:HE596638	HE596638		HE596638.1	HE596638.1	NW_004077933.1
fr3:HE596639	HE596639		HE596639.1	HE596639.1	NW_004077934.1
fr3:HE596640	HE596640		HE596640.1	HE596640.1	NW_004077935.1
fr3:HE596641	HE596641		HE596641.1	HE596641.1	NW_004077936.1
fr3:HE596642	HE596642		HE596642.1	HE596642.1	NW_004077937.1
fr3:HE596643	HE596643		HE596643.1	HE596643.1	NW_004077938.1
fr3:HE596644	HE596644		HE596644.1	HE596644.1	NW_004077939.1
fr3:HE596645	HE596645		HE596645.1	HE596645.1	NW_004077940.1
fr3:HE596646	HE596646		HE596646.1	HE596646.1	NW_004077941.1
fr3:HE596647	HE596647		HE596647.1	HE596647.1	NW_004077942.1
fr3:HE596648	HE596648		HE596648.1	HE596648.1	NW_004077943.1
fr3:HE596649	HE596649		HE596649.1	HE596649.1	NW_004077944.1
fr3:HE596650	HE596650		HE596650.1	HE596650.1	NW_004077945.1
fr3:HE596651	HE596651		HE596651.1	HE596651.1	NW_004077946.1
fr3:HE596652	HE596652		HE596652.1	HE596652.1	NW_004077947.1
fr3:HE596653	HE596653		HE596653.1	HE596653.1	NW_004077948.1
fr3:HE596654	HE596654		HE596654.1	HE596654.1	NW_004077949.1
fr3:HE596655	HE596655		HE596655.1	HE596655.1	NW_004077950.1
fr3:HE596656	HE596656		HE596656.1	HE596656.1	NW_004077951.1
fr3:HE596657	HE596657		HE596657.1	HE596657.1	NW_004077952.1
fr3:HE596658	HE596658		HE596658.1	HE596658.1	NW_004077953.1
fr3:HE596659	HE596659		HE596659.1	HE596659.1	NW_004077954.1
fr3:HE596660	HE596660		HE596660.1	HE596660.1	NW_004077955.1
fr3:HE596661	HE596661		HE596661.1	HE596661.1	NW_004077956.1
fr3:HE596662	HE596662		HE596662.1	HE596662.1	NW_004077957.1
fr3:HE596663	HE596663		HE596663.1	HE596663.1	NW_004077958.1
fr3:HE596664	HE596664		HE596664.1	HE596664.1	NW_004077959.1
fr3:HE596665	HE596665		HE596665.1	HE596665.1	NW_004077960.1
fr3:HE596666	HE596666		HE596666.1	HE596666.1	NW_004077961.1
fr3:HE596667	HE596667		HE596667.1	HE596667.1	NW_004077962.1
fr3:HE596668	HE596668		HE596668.1	HE596668.1	NW_004077963.1
fr3:HE596669	HE596669		HE596669.1	HE596669.1	NW_004077964.1
fr3:HE596670	HE596670		HE596670.1	HE596670.1	NW_004077965.1
fr3:HE596671	HE596671		HE596671.1	HE596671.1	NW_004077966.1
fr3:HE596672	HE596672		HE596672.1	HE596672.1	NW_004077967.1
fr3:HE596673	HE596673		HE596673.1	HE596673.1	NW_004077968.1
fr3:HE596674	HE596674		HE596674.1	HE596674.1	NW_004077969.1
fr3:HE596675	HE596675		HE596675.1	HE596675.1	NW_004077970.1
fr3:HE596676	HE596676		HE596676.1	HE596676.1	NW_004077971.1
fr3:HE596677	HE596677		HE596677.1	HE596677.1	NW_004077972.1
fr3:HE596678	HE596678		HE596678.1	HE596678.1	NW_004077973.1
fr3:HE596679	HE596679		HE596679.1	HE596679.1	NW_004077974.1
fr3:HE596680	HE596680		HE596680.1	HE596680.1	NW_004077975.1
fr3:HE596681	HE596681		HE596681.1	HE596681.1	NW_004077976.1
fr3:HE596682	HE596682		HE596682.1	HE596682.1	NW_004077977.1
fr3:HE596683	HE596683		HE596683.1	HE596683.1	NW_004077978.1
fr3:HE596684	HE596684		HE596684.1	HE596684.1	NW_004077979.1
fr3:HE596685	HE596685		HE596685.1	HE596685.1	NW_004077980.1
fr3:HE596686	HE596686		HE596686.1	HE596686.1	NW_004077981.1
fr3:HE596687	HE596687		HE596687.1	HE596687.1	NW_004077982.1
fr3:HE596688	HE596688		HE596688.1	HE596688.1	NW_004077983.1
fr3:HE596689	HE596689		HE596689.1	HE596689.1	NW_004077984.1
fr3:HE596690	HE596690		HE596690.1	HE596690.1	NW_004077985.1
fr3:HE596691	HE596691		HE596691.1	HE596691.1	NW_004076679.1
fr3:HE596692	HE596692		HE596692.1	HE596692.1	NW_004076680.1
fr3:HE596693	HE596693		HE596693.1	HE596693.1	NW_004076681.1
fr3:HE596694	HE596694		HE596694.1	HE596694.1	NW_004076682.1
fr3:HE596695	HE596695		HE596695.1	HE596695.1	NW_004071174.1
fr3:HE596696	HE596696		HE596696.1	HE596696.1	NW_004071363.1
fr3:HE596697	HE596697		HE596697.1	HE596697.1	NW_004071364.1
fr3:HE596698	HE596698		HE596698.1	HE596698.1	NW_004071365.1
fr3:HE596699	HE596699		HE596699.1	HE596699.1	NW_004071366.1
fr3:HE596700	HE596700		HE596700.1	HE596700.1	NW_004071367.1
fr3:HE596701	HE596701		HE596701.1	HE596701.1	NW_004071368.1
fr3:HE596702	HE596702		HE596702.1	HE596702.1	NW_004071369.1
fr3:HE596703	HE596703		HE596703.1	HE596703.1	NW_004071370.1
fr3:HE596704	HE596704		HE596704.1	HE596704.1	NW_004071371.1
fr3:HE596705	HE596705		HE596705.1	HE596705.1	NW_004071372.1
fr3:HE596706	HE596706		HE596706.1	HE596706.1	NW_004071373.1
fr3:HE596707	HE596707		HE596707.1	HE596707.1	NW_004071374.1
fr3:HE596708	HE596708		HE596708.1	HE596708.1	NW_004071375.1
fr3:HE596709	HE596709		HE596709.1	HE596709.1	NW_004071376.1
fr3:HE596710	HE596710		HE596710.1	HE596710.1	NW_004071377.1
fr3:HE596711	HE596711		HE596711.1	HE596711.1	NW_004071378.1
fr3:HE596712	HE596712		HE596712.1	HE596712.1	NW_004071379.1
fr3:HE596713	HE596713		HE596713.1	HE596713.1	NW_004071380.1
fr3:HE596714	HE596714		HE596714.1	HE596714.1	NW_004071381.1
fr3:HE596715	HE596715		HE596715.1	HE596715.1	NW_004071382.1
fr3:HE596716	HE596716		HE596716.1	HE596716.1	NW_004071383.1
fr3:HE596717	HE596717		HE596717.1	HE596717.1	NW_004071384.1
fr3:HE596718	HE596718		HE596718.1	HE596718.1	NW_004071385.1
fr3:HE596719	HE596719		HE596719.1	HE596719.1	NW_004071386.1
fr3:HE596720	HE596720		HE596720.1	HE596720.1	NW_004071387.1
fr3:HE596721	HE596721		HE596721.1	HE596721.1	NW_004071388.1
fr3:HE596722	HE596722		HE596722.1	HE596722.1	NW_004071389.1
fr3:HE596723	HE596723		HE596723.1	HE596723.1	NW_004071390.1
fr3:HE596724	HE596724		HE596724.1	HE596724.1	NW_004071391.1
fr3:HE596725	HE596725		HE596725.1	HE596725.1	NW_004071392.1
fr3:HE596726	HE596726		HE596726.1	HE596726.1	NW_004071393.1
fr3:HE596727	HE596727		HE596727.1	HE596727.1	NW_004071394.1
fr3:HE596728	HE596728		HE596728.1	HE596728.1	NW_004071395.1
fr3:HE596729	HE596729		HE596729.1	HE596729.1	NW_004071396.1
fr3:HE596730	HE596730		HE596730.1	HE596730.1	NW_004071397.1
fr3:HE596731	HE596731		HE596731.1	HE596731.1	NW_004071398.1
fr3:HE596732	HE596732		HE596732.1	HE596732.1	NW_004071399.1
fr3:HE596733	HE596733		HE596733.1	HE596733.1	NW_004071400.1
fr3:HE596734	HE596734		HE596734.1	HE596734.1	NW_004071401.1
fr3:HE596735	HE596735		HE596735.1	HE596735.1	NW_004071402.1
fr3:HE596736	HE596736		HE596736.1	HE596736.1	NW_004071403.1
fr3:HE596737	HE596737		HE596737.1	HE596737.1	NW_004071404.1
fr3:HE596738	HE596738		HE596738.1	HE596738.1	NW_004071405.1
fr3:HE596739	HE596739		HE596739.1	HE596739.1	NW_004071406.1
fr3:HE596740	HE596740		HE596740.1	HE596740.1	NW_004071407.1
fr3:HE596741	HE596741		HE596741.1	HE596741.1	NW_004071408.1
fr3:HE596742	HE596742		HE596742.1	HE596742.1	NW_004071409.1
fr3:HE596743	HE596743		HE596743.1	HE596743.1	NW_004071410.1
fr3:HE596744	HE596744		HE596744.1	HE596744.1	NW_004071411.1
fr3:HE596745	HE596745		HE596745.1	HE596745.1	NW_004071412.1
fr3:HE596746	HE596746		HE596746.1	HE596746.1	NW_004071413.1
fr3:HE596747	HE596747		HE596747.1	HE596747.1	NW_004071414.1
fr3:HE596748	HE596748		HE596748.1	HE596748.1	NW_004071415.1
fr3:HE596749	HE596749		HE596749.1	HE596749.1	NW_004071416.1
fr3:HE596750	HE596750		HE596750.1	HE596750.1	NW_004071417.1
fr3:HE596751	HE596751		HE596751.1	HE596751.1	NW_004071418.1
fr3:HE596752	HE596752		HE596752.1	HE596752.1	NW_004071419.1
fr3:HE596753	HE596753		HE596753.1	HE596753.1	NW_004071420.1
fr3:HE596754	HE596754		HE596754.1	HE596754.1	NW_004071421.1
fr3:HE596755	HE596755		HE596755.1	HE596755.1	NW_004071422.1
fr3:HE596756	HE596756		HE596756.1	HE596756.1	NW_004071423.1
fr3:HE596757	HE596757		HE596757.1	HE596757.1	NW_004071424.1
fr3:HE596758	HE596758		HE596758.1	HE596758.1	NW_004071425.1
fr3:HE596759	HE596759		HE596759.1	HE596759.1	NW_004071426.1
fr3:HE596760	HE596760		HE596760.1	HE596760.1	NW_004071427.1
fr3:HE596761	HE596761		HE596761.1	HE596761.1	NW_004071428.1
fr3:HE596762	HE596762		HE596762.1	HE596762.1	NW_004071429.1
fr3:HE596763	HE596763		HE596763.1	HE596763.1	NW_004071430.1
fr3:HE596764	HE596764		HE596764.1	HE596764.1	NW_004071431.1
fr3:HE596765	HE596765		HE596765.1	HE596765.1	NW_004071432.1
fr3:HE596766	HE596766		HE596766.1	HE596766.1	NW_004071433.1
fr3:HE596767	HE596767		HE596767.1	HE596767.1	NW_004071434.1
fr3:HE596768	HE596768		HE596768.1	HE596768.1	NW_004071435.1
fr3:HE596769	HE596769		HE596769.1	HE596769.1	NW_004071436.1
fr3:HE596770	HE596770		HE596770.1	HE596770.1	NW_004071437.1
fr3:HE596771	HE596771		HE596771.1	HE596771.1	NW_004071438.1
fr3:HE596772	HE596772		HE596772.1	HE596772.1	NW_004071439.1
fr3:HE596773	HE596773		HE596773.1	HE596773.1	NW_004071440.1
fr3:HE596774	HE596774		HE596774.1	HE596774.1	NW_004071441.1
fr3:HE596775	HE596775		HE596775.1	HE596775.1	NW_004071442.1
fr3:HE596776	HE596776		HE596776.1	HE596776.1	NW_004071443.1
fr3:HE596777	HE596777		HE596777.1	HE596777.1	NW_004071444.1
fr3:HE596778	HE596778		HE596778.1	HE596778.1	NW_004071445.1
fr3:HE596779	HE596779		HE596779.1	HE596779.1	NW_004071446.1
fr3:HE596780	HE596780		HE596780.1	HE596780.1	NW_004071447.1
fr3:HE596781	HE596781		HE596781.1	HE596781.1	NW_004071448.1
fr3:HE596782	HE596782		HE596782.1	HE596782.1	NW_004071449.1
fr3:HE596783	HE596783		HE596783.1	HE596783.1	NW_004071450.1
fr3:HE596784	HE596784		HE596784.1	HE596784.1	NW_004071451.1
fr3:HE596785	HE596785		HE596785.1	HE596785.1	NW_004071452.1
fr3:HE596786	HE596786		HE596786.1	HE596786.1	NW_004071453.1
fr3:HE596787	HE596787		HE596787.1	HE596787.1	NW_004071454.1
fr3:HE596788	HE596788		HE596788.1	HE596788.1	NW_004071455.1
fr3:HE596789	HE596789		HE596789.1	HE596789.1	NW_004071456.1
fr3:HE596790	HE596790		HE596790.1	HE596790.1	NW_004071457.1
fr3:HE596791	HE596791		HE596791.1	HE596791.1	NW_004071458.1
fr3:HE596792	HE596792		HE596792.1	HE596792.1	NW_004071459.1
fr3:HE596793	HE596793		HE596793.1	HE596793.1	NW_004071460.1
fr3:HE596794	HE596794		HE596794.1	HE596794.1	NW_004071461.1
fr3:HE596795	HE596795		HE596795.1	HE596795.1	NW_004071462.1
fr3:HE596796	HE596796		HE596796.1	HE596796.1	NW_004071463.1
fr3:HE596797	HE596797		HE596797.1	HE596797.1	NW_004071464.1
fr3:HE596798	HE596798		HE596798.1	HE596798.1	NW_004071465.1
fr3:HE596799	HE596799		HE596799.1	HE596799.1	NW_004071466.1
fr3:HE596800	HE596800		HE596800.1	HE596800.1	NW_004071467.1
fr3:HE596801	HE596801		HE596801.1	HE596801.1	NW_004071468.1
fr3:HE596802	HE596802		HE596802.1	HE596802.1	NW_004071469.1
fr3:HE596803	HE596803		HE596803.1	HE596803.1	NW_004071470.1
fr3:HE596804	HE596804		HE596804.1	HE596804.1	NW_004071471.1
fr3:HE596805	HE596805		HE596805.1	HE596805.1	NW_004071472.1
fr3:HE596806	HE596806		HE596806.1	HE596806.1	NW_004071473.1
fr3:HE596807	HE596807		HE596807.1	HE596807.1	NW_004071474.1
fr3:HE596808	HE596808		HE596808.1	HE596808.1	NW_004071475.1
fr3:HE596809	HE596809		HE596809.1	HE596809.1	NW_004071476.1
fr3:HE596810	HE596810		HE596810.1	HE596810.1	NW_004071477.1
fr3:HE596811	HE596811		HE596811.1	HE596811.1	NW_004071478.1
fr3:HE596812	HE596812		HE596812.1	HE596812.1	NW_004071479.1
fr3:HE596813	HE596813		HE596813.1	HE596813.1	NW_004071480.1
fr3:HE596814	HE596814		HE596814.1	HE596814.1	NW_004071481.1
fr3:HE596815	HE596815		HE596815.1	HE596815.1	NW_004071482.1
fr3:HE596816	HE596816		HE596816.1	HE596816.1	NW_004071483.1
fr3:HE596817	HE596817		HE596817.1	HE596817.1	NW_004071484.1
fr3:HE596818	HE596818		HE596818.1	HE596818.1	NW_004071485.1
fr3:HE596819	HE596819		HE596819.1	HE596819.1	NW_004071486.1
fr3:HE596820	HE596820		HE596820.1	HE596820.1	NW_004071487.1
fr3:HE596821	HE596821		HE596821.1	HE596821.1	NW_004071488.1
fr3:HE596822	HE596822		HE596822.1	HE596822.1	NW_004071489.1
fr3:HE596823	HE596823		HE596823.1	HE596823.1	NW_004071490.1
fr3:HE596824	HE596824		HE596824.1	HE596824.1	NW_004071491.1
fr3:HE596825	HE596825		HE596825.1	HE596825.1	NW_004071492.1
fr3:HE596826	HE596826		HE596826.1	HE596826.1	NW_004071493.1
fr3:HE596827	HE596827		HE596827.1	HE596827.1	NW_004071494.1
fr3:HE596828	HE596828		HE596828.1	HE596828.1	NW_004071495.1
fr3:HE596829	HE596829		HE596829.1	HE596829.1	NW_004071496.1
fr3:HE596830	HE596830		HE596830.1	HE596830.1	NW_004071497.1
fr3:HE596831	HE596831		HE596831.1	HE596831.1	NW_004071498.1
fr3:HE596832	HE596832		HE596832.1	HE596832.1	NW_004071499.1
fr3:HE596833	HE596833		HE596833.1	HE596833.1	NW_004071500.1
fr3:HE596834	HE596834		HE596834.1	HE596834.1	NW_004071501.1
fr3:HE596835	HE596835		HE596835.1	HE596835.1	NW_004071502.1
fr3:HE596836	HE596836		HE596836.1	HE596836.1	NW_004071503.1
fr3:HE596837	HE596837		HE596837.1	HE596837.1	NW_004071504.1
fr3:HE596838	HE596838		HE596838.1	HE596838.1	NW_004071505.1
fr3:HE596839	HE596839		HE596839.1	HE596839.1	NW_004071506.1
fr3:HE596840	HE596840		HE596840.1	HE596840.1	NW_004071507.1
fr3:HE596841	HE596841		HE596841.1	HE596841.1	NW_004071508.1
fr3:HE596842	HE596842		HE596842.1	HE596842.1	NW_004071509.1
fr3:HE596843	HE596843		HE596843.1	HE596843.1	NW_004071510.1
fr3:HE596844	HE596844		HE596844.1	HE596844.1	NW_004071511.1
fr3:HE596845	HE596845		HE596845.1	HE596845.1	NW_004071512.1
fr3:HE596846	HE596846		HE596846.1	HE596846.1	NW_004071513.1
fr3:HE596847	HE596847		HE596847.1	HE596847.1	NW_004071514.1
fr3:HE596848	HE596848		HE596848.1	HE596848.1	NW_004071515.1
fr3:HE596849	HE596849		HE596849.1	HE596849.1	NW_004071516.1
fr3:HE596850	HE596850		HE596850.1	HE596850.1	NW_004071517.1
fr3:HE596851	HE596851		HE596851.1	HE596851.1	NW_004071518.1
fr3:HE596852	HE596852		HE596852.1	HE596852.1	NW_004071519.1
fr3:HE596853	HE596853		HE596853.1	HE596853.1	NW_004071520.1
fr3:HE596854	HE596854		HE596854.1	HE596854.1	NW_004071521.1
fr3:HE596855	HE596855		HE596855.1	HE596855.1	NW_004071522.1
fr3:HE596856	HE596856		HE596856.1	HE596856.1	NW_004071523.1
fr3:HE596857	HE596857		HE596857.1	HE596857.1	NW_004071524.1
fr3:HE596858	HE596858		HE596858.1	HE596858.1	NW_004071525.1
fr3:HE596859	HE596859		HE596859.1	HE596859.1	NW_004071526.1
fr3:HE596860	HE596860		HE596860.1	HE596860.1	NW_004071527.1
fr3:HE596861	HE596861		HE596861.1	HE596861.1	NW_004071528.1
fr3:HE596862	HE596862		HE596862.1	HE596862.1	NW_004071529.1
fr3:HE596863	HE596863		HE596863.1	HE596863.1	NW_004071530.1
fr3:HE596864	HE596864		HE596864.1	HE596864.1	NW_004071531.1
fr3:HE596865	HE596865		HE596865.1	HE596865.1	NW_004071532.1
fr3:HE596866	HE596866		HE596866.1	HE596866.1	NW_004071533.1
fr3:HE596867	HE596867		HE596867.1	HE596867.1	NW_004071534.1
fr3:HE596868	HE596868		HE596868.1	HE596868.1	NW_004071535.1
fr3:HE596869	HE596869		HE596869.1	HE596869.1	NW_004071536.1
fr3:HE596870	HE596870		HE596870.1	HE596870.1	NW_004071537.1
fr3:HE596871	HE596871		HE596871.1	HE596871.1	NW_004071538.1
fr3:HE596872	HE596872		HE596872.1	HE596872.1	NW_004071539.1
fr3:HE596873	HE596873		HE596873.1	HE596873.1	NW_004071540.1
fr3:HE596874	HE596874		HE596874.1	HE596874.1	NW_004071541.1
fr3:HE596875	HE596875		HE596875.1	HE596875.1	NW_004071542.1
fr3:HE596876	HE596876		HE596876.1	HE596876.1	NW_004071543.1
fr3:HE596877	HE596877		HE596877.1	HE596877.1	NW_004071544.1
fr3:HE596878	HE596878		HE596878.1	HE596878.1	NW_004071545.1
fr3:HE596879	HE596879		HE596879.1	HE596879.1	NW_004071546.1
fr3:HE596880	HE596880		HE596880.1	HE596880.1	NW_004071547.1
fr3:HE596881	HE596881		HE596881.1	HE596881.1	NW_004071548.1
fr3:HE596882	HE596882		HE596882.1	HE596882.1	NW_004071549.1
fr3:HE596883	HE596883		HE596883.1	HE596883.1	NW_004071550.1
fr3:HE596884	HE596884		HE596884.1	HE596884.1	NW_004071551.1
fr3:HE596885	HE596885		HE596885.1	HE596885.1	NW_004071552.1
fr3:HE596886	HE596886		HE596886.1	HE596886.1	NW_004071553.1
fr3:HE596887	HE596887		HE596887.1	HE596887.1	NW_004071554.1
fr3:HE596888	HE596888		HE596888.1	HE596888.1	NW_004071555.1
fr3:HE596889	HE596889		HE596889.1	HE596889.1	NW_004071556.1
fr3:HE596890	HE596890		HE596890.1	HE596890.1	NW_004071557.1
fr3:HE596891	HE596891		HE596891.1	HE596891.1	NW_004071558.1
fr3:HE596892	HE596892		HE596892.1	HE596892.1	NW_004071559.1
fr3:HE596893	HE596893		HE596893.1	HE596893.1	NW_004071560.1
fr3:HE596894	HE596894		HE596894.1	HE596894.1	NW_004071567.1
fr3:HE596895	HE596895		HE596895.1	HE596895.1	NW_004071568.1
fr3:HE596896	HE596896		HE596896.1	HE596896.1	NW_004071569.1
fr3:HE596897	HE596897		HE596897.1	HE596897.1	NW_004071570.1
fr3:HE596898	HE596898		HE596898.1	HE596898.1	NW_004071571.1
fr3:HE596899	HE596899		HE596899.1	HE596899.1	NW_004071572.1
fr3:HE596900	HE596900		HE596900.1	HE596900.1	NW_004071573.1
fr3:HE596901	HE596901		HE596901.1	HE596901.1	NW_004071574.1
fr3:HE596902	HE596902		HE596902.1	HE596902.1	NW_004071575.1
fr3:HE596903	HE596903		HE596903.1	HE596903.1	NW_004071576.1
fr3:HE596904	HE596904		HE596904.1	HE596904.1	NW_004071577.1
fr3:HE596905	HE596905		HE596905.1	HE596905.1	NW_004071578.1
fr3:HE596906	HE596906		HE596906.1	HE596906.1	NW_004071579.1
fr3:HE596907	HE596907		HE596907.1	HE596907.1	NW_004071580.1
fr3:HE596908	HE596908		HE596908.1	HE596908.1	NW_004071581.1
fr3:HE596909	HE596909		HE596909.1	HE596909.1	NW_004071582.1
fr3:HE596910	HE596910		HE596910.1	HE596910.1	NW_004071583.1
fr3:HE596911	HE596911		HE596911.1	HE596911.1	NW_004071584.1
fr3:HE596912	HE596912		HE596912.1	HE596912.1	NW_004071585.1
fr3:HE596913	HE596913		HE596913.1	HE596913.1	NW_004071586.1
fr3:HE596914	HE596914		HE596914.1	HE596914.1	NW_004071587.1
fr3:HE596915	HE596915		HE596915.1	HE596915.1	NW_004071588.1
fr3:HE596916	HE596916		HE596916.1	HE596916.1	NW_004071589.1
fr3:HE596917	HE596917		HE596917.1	HE596917.1	NW_004071590.1
fr3:HE596918	HE596918		HE596918.1	HE596918.1	NW_004071591.1
fr3:HE596919	HE596919		HE596919.1	HE596919.1	NW_004071592.1
fr3:HE596920	HE596920		HE596920.1	HE596920.1	NW_004071593.1
fr3:HE596921	HE596921		HE596921.1	HE596921.1	NW_004071594.1
fr3:HE596922	HE596922		HE596922.1	HE596922.1	NW_004071595.1
fr3:HE596923	HE596923		HE596923.1	HE596923.1	NW_004071596.1
fr3:HE596924	HE596924		HE596924.1	HE596924.1	NW_004071597.1
fr3:HE596925	HE596925		HE596925.1	HE596925.1	NW_004071598.1
fr3:HE596926	HE596926		HE596926.1	HE596926.1	NW_004071599.1
fr3:HE596927	HE596927		HE596927.1	HE596927.1	NW_004071600.1
fr3:HE596928	HE596928		HE596928.1	HE596928.1	NW_004071601.1
fr3:HE596929	HE596929		HE596929.1	HE596929.1	NW_004071602.1
fr3:HE596930	HE596930		HE596930.1	HE596930.1	NW_004071603.1
fr3:HE596931	HE596931		HE596931.1	HE596931.1	NW_004071604.1
fr3:HE596932	HE596932		HE596932.1	HE596932.1	NW_004071605.1
fr3:HE596933	HE596933		HE596933.1	HE596933.1	NW_004071606.1
fr3:HE596934	HE596934		HE596934.1	HE596934.1	NW_004071607.1
fr3:HE596935	HE596935		HE596935.1	HE596935.1	NW_004071608.1
fr3:HE596936	HE596936		HE596936.1	HE596936.1	NW_004071609.1
fr3:HE596937	HE596937		HE596937.1	HE596937.1	NW_004071610.1
fr3:HE596938	HE596938		HE596938.1	HE596938.1	NW_004071611.1
fr3:HE596939	HE596939		HE596939.1	HE596939.1	NW_004071612.1
fr3:HE596940	HE596940		HE596940.1	HE596940.1	NW_004071613.1
fr3:HE596941	HE596941		HE596941.1	HE596941.1	NW_004071614.1
fr3:HE596942	HE596942		HE596942.1	HE596942.1	NW_004071615.1
fr3:HE596943	HE596943		HE596943.1	HE596943.1	NW_004071616.1
fr3:HE596944	HE596944		HE596944.1	HE596944.1	NW_004071617.1
fr3:HE596945	HE596945		HE596945.1	HE596945.1	NW_004071618.1
fr3:HE596946	HE596946		HE596946.1	HE596946.1	NW_004071619.1
fr3:HE596947	HE596947		HE596947.1	HE596947.1	NW_004071620.1
fr3:HE596948	HE596948		HE596948.1	HE596948.1	NW_004071621.1
fr3:HE596949	HE596949		HE596949.1	HE596949.1	NW_004071622.1
fr3:HE596950	HE596950		HE596950.1	HE596950.1	NW_004071623.1
fr3:HE596951	HE596951		HE596951.1	HE596951.1	NW_004071624.1
fr3:HE596952	HE596952		HE596952.1	HE596952.1	NW_004071625.1
fr3:HE596953	HE596953		HE596953.1	HE596953.1	NW_004071626.1
fr3:HE596954	HE596954		HE596954.1	HE596954.1	NW_004071627.1
fr3:HE596955	HE596955		HE596955.1	HE596955.1	NW_004071628.1
fr3:HE596956	HE596956		HE596956.1	HE596956.1	NW_004071629.1
fr3:HE596957	HE596957		HE596957.1	HE596957.1	NW_004071630.1
fr3:HE596958	HE596958		HE596958.1	HE596958.1	NW_004071631.1
fr3:HE596959	HE596959		HE596959.1	HE596959.1	NW_004071632.1
fr3:HE596960	HE596960		HE596960.1	HE596960.1	NW_004071633.1
fr3:HE596961	HE596961		HE596961.1	HE596961.1	NW_004071634.1
fr3:HE596962	HE596962		HE596962.1	HE596962.1	NW_004071635.1
fr3:HE596963	HE596963		HE596963.1	HE596963.1	NW_004071636.1
fr3:HE596964	HE596964		HE596964.1	HE596964.1	NW_004071637.1
fr3:HE596965	HE596965		HE596965.1	HE596965.1	NW_004071638.1
fr3:HE596966	HE596966		HE596966.1	HE596966.1	NW_004071639.1
fr3:HE596967	HE596967		HE596967.1	HE596967.1	NW_004071640.1
fr3:HE596968	HE596968		HE596968.1	HE596968.1	NW_004071641.1
fr3:HE596969	HE596969		HE596969.1	HE596969.1	NW_004071642.1
fr3:HE596970	HE596970		HE596970.1	HE596970.1	NW_004071643.1
fr3:HE596971	HE596971		HE596971.1	HE596971.1	NW_004071644.1
fr3:HE596972	HE596972		HE596972.1	HE596972.1	NW_004071645.1
fr3:HE596973	HE596973		HE596973.1	HE596973.1	NW_004071646.1
fr3:HE596974	HE596974		HE596974.1	HE596974.1	NW_004071647.1
fr3:HE596975	HE596975		HE596975.1	HE596975.1	NW_004071648.1
fr3:HE596976	HE596976		HE596976.1	HE596976.1	NW_004071649.1
fr3:HE596977	HE596977		HE596977.1	HE596977.1	NW_004071650.1
fr3:HE596978	HE596978		HE596978.1	HE596978.1	NW_004071651.1
fr3:HE596979	HE596979		HE596979.1	HE596979.1	NW_004071652.1
fr3:HE596980	HE596980		HE596980.1	HE596980.1	NW_004071653.1
fr3:HE596981	HE596981		HE596981.1	HE596981.1	NW_004071654.1
fr3:HE596982	HE596982		HE596982.1	HE596982.1	NW_004071655.1
fr3:HE596983	HE596983		HE596983.1	HE596983.1	NW_004071656.1
fr3:HE596984	HE596984		HE596984.1	HE596984.1	NW_004071657.1
fr3:HE596985	HE596985		HE596985.1	HE596985.1	NW_004071658.1
fr3:HE596986	HE596986		HE596986.1	HE596986.1	NW_004071659.1
fr3:HE596987	HE596987		HE596987.1	HE596987.1	NW_004071660.1
fr3:HE596988	HE596988		HE596988.1	HE596988.1	NW_004071661.1
fr3:HE596989	HE596989		HE596989.1	HE596989.1	NW_004071662.1
fr3:HE596990	HE596990		HE596990.1	HE596990.1	NW_004077517.1
fr3:HE596991	HE596991		HE596991.1	HE596991.1	NW_004071663.1
fr3:HE596992	HE596992		HE596992.1	HE596992.1	NW_004071664.1
fr3:HE596993	HE596993		HE596993.1	HE596993.1	NW_004071665.1
fr3:HE596994	HE596994		HE596994.1	HE596994.1	NW_004071666.1
fr3:HE596995	HE596995		HE596995.1	HE596995.1	NW_004071667.1
fr3:HE596996	HE596996		HE596996.1	HE596996.1	NW_004071668.1
fr3:HE596997	HE596997		HE596997.1	HE596997.1	NW_004071669.1
fr3:HE596998	HE596998		HE596998.1	HE596998.1	NW_004071670.1
fr3:HE596999	HE596999		HE596999.1	HE596999.1	NW_004071671.1
fr3:HE597000	HE597000		HE597000.1	HE597000.1	NW_004071672.1
fr3:HE597001	HE597001		HE597001.1	HE597001.1	NW_004071673.1
fr3:HE597002	HE597002		HE597002.1	HE597002.1	NW_004071674.1
fr3:HE597003	HE597003		HE597003.1	HE597003.1	NW_004071675.1
fr3:HE597004	HE597004		HE597004.1	HE597004.1	NW_004071676.1
fr3:HE597005	HE597005		HE597005.1	HE597005.1	NW_004071677.1
fr3:HE597006	HE597006		HE597006.1	HE597006.1	NW_004071678.1
fr3:HE597007	HE597007		HE597007.1	HE597007.1	NW_004071679.1
fr3:HE597008	HE597008		HE597008.1	HE597008.1	NW_004071680.1
fr3:HE597009	HE597009		HE597009.1	HE597009.1	NW_004071681.1
fr3:HE597010	HE597010		HE597010.1	HE597010.1	NW_004071682.1
fr3:HE597011	HE597011		HE597011.1	HE597011.1	NW_004071683.1
fr3:HE597012	HE597012		HE597012.1	HE597012.1	NW_004071684.1
fr3:HE597013	HE597013		HE597013.1	HE597013.1	NW_004071685.1
fr3:HE597014	HE597014		HE597014.1	HE597014.1	NW_004071686.1
fr3:HE597015	HE597015		HE597015.1	HE597015.1	NW_004071687.1
fr3:HE597016	HE597016		HE597016.1	HE597016.1	NW_004071688.1
fr3:HE597017	HE597017		HE597017.1	HE597017.1	NW_004071689.1
fr3:HE597018	HE597018		HE597018.1	HE597018.1	NW_004071690.1
fr3:HE597019	HE597019		HE597019.1	HE597019.1	NW_004071691.1
fr3:HE597020	HE597020		HE597020.1	HE597020.1	NW_004071692.1
fr3:HE597021	HE597021		HE597021.1	HE597021.1	NW_004071693.1
fr3:HE597022	HE597022		HE597022.1	HE597022.1	NW_004071694.1
fr3:HE597023	HE597023		HE597023.1	HE597023.1	NW_004071695.1
fr3:HE597024	HE597024		HE597024.1	HE597024.1	NW_004071696.1
fr3:HE597025	HE597025		HE597025.1	HE597025.1	NW_004071697.1
fr3:HE597026	HE597026		HE597026.1	HE597026.1	NW_004071698.1
fr3:HE597027	HE597027		HE597027.1	HE597027.1	NW_004071699.1
fr3:HE597028	HE597028		HE597028.1	HE597028.1	NW_004071700.1
fr3:HE597029	HE597029		HE597029.1	HE597029.1	NW_004071701.1
fr3:HE597030	HE597030		HE597030.1	HE597030.1	NW_004071702.1
fr3:HE597031	HE597031		HE597031.1	HE597031.1	NW_004071703.1
fr3:HE597032	HE597032		HE597032.1	HE597032.1	NW_004071704.1
fr3:HE597033	HE597033		HE597033.1	HE597033.1	NW_004071705.1
fr3:HE597034	HE597034		HE597034.1	HE597034.1	NW_004071706.1
fr3:HE597035	HE597035		HE597035.1	HE597035.1	NW_004071707.1
fr3:HE597036	HE597036		HE597036.1	HE597036.1	NW_004071708.1
fr3:HE597037	HE597037		HE597037.1	HE597037.1	NW_004071709.1
fr3:HE597038	HE597038		HE597038.1	HE597038.1	NW_004071710.1
fr3:HE597039	HE597039		HE597039.1	HE597039.1	NW_004071711.1
fr3:HE597040	HE597040		HE597040.1	HE597040.1	NW_004071712.1
fr3:HE597041	HE597041		HE597041.1	HE597041.1	NW_004071713.1
fr3:HE597042	HE597042		HE597042.1	HE597042.1	NW_004071714.1
fr3:HE597043	HE597043		HE597043.1	HE597043.1	NW_004071715.1
fr3:HE597044	HE597044		HE597044.1	HE597044.1	NW_004071716.1
fr3:HE597045	HE597045		HE597045.1	HE597045.1	NW_004071717.1
fr3:HE597046	HE597046		HE597046.1	HE597046.1	NW_004071718.1
fr3:HE597047	HE597047		HE597047.1	HE597047.1	NW_004071719.1
fr3:HE597048	HE597048		HE597048.1	HE597048.1	NW_004071720.1
fr3:HE597049	HE597049		HE597049.1	HE597049.1	NW_004071721.1
fr3:HE597050	HE597050		HE597050.1	HE597050.1	NW_004071722.1
fr3:HE597051	HE597051		HE597051.1	HE597051.1	NW_004071723.1
fr3:HE597052	HE597052		HE597052.1	HE597052.1	NW_004071724.1
fr3:HE597053	HE597053		HE597053.1	HE597053.1	NW_004071725.1
fr3:HE597054	HE597054		HE597054.1	HE597054.1	NW_004071726.1
fr3:HE597055	HE597055		HE597055.1	HE597055.1	NW_004071727.1
fr3:HE597056	HE597056		HE597056.1	HE597056.1	NW_004071728.1
fr3:HE597057	HE597057		HE597057.1	HE597057.1	NW_004071729.1
fr3:HE597058	HE597058		HE597058.1	HE597058.1	NW_004071730.1
fr3:HE597059	HE597059		HE597059.1	HE597059.1	NW_004071731.1
fr3:HE597060	HE597060		HE597060.1	HE597060.1	NW_004071732.1
fr3:HE597061	HE597061		HE597061.1	HE597061.1	NW_004071733.1
fr3:HE597062	HE597062		HE597062.1	HE597062.1	NW_004071734.1
fr3:HE597063	HE597063		HE597063.1	HE597063.1	NW_004071735.1
fr3:HE597064	HE597064		HE597064.1	HE597064.1	NW_004071736.1
fr3:HE597065	HE597065		HE597065.1	HE597065.1	NW_004071737.1
fr3:HE597066	HE597066		HE597066.1	HE597066.1	NW_004071738.1
fr3:HE597067	HE597067		HE597067.1	HE597067.1	NW_004071739.1
fr3:HE597068	HE597068		HE597068.1	HE597068.1	NW_004071740.1
fr3:HE597069	HE597069		HE597069.1	HE597069.1	NW_004071741.1
fr3:HE597070	HE597070		HE597070.1	HE597070.1	NW_004071742.1
fr3:HE597071	HE597071		HE597071.1	HE597071.1	NW_004071743.1
fr3:HE597072	HE597072		HE597072.1	HE597072.1	NW_004071744.1
fr3:HE597073	HE597073		HE597073.1	HE597073.1	NW_004071745.1
fr3:HE597074	HE597074		HE597074.1	HE597074.1	NW_004071746.1
fr3:HE597075	HE597075		HE597075.1	HE597075.1	NW_004071747.1
fr3:HE597076	HE597076		HE597076.1	HE597076.1	NW_004073460.1
fr3:HE597077	HE597077		HE597077.1	HE597077.1	NW_004073461.1
fr3:HE597078	HE597078		HE597078.1	HE597078.1	NW_004073462.1
fr3:HE597079	HE597079		HE597079.1	HE597079.1	NW_004073463.1
fr3:HE597080	HE597080		HE597080.1	HE597080.1	NW_004073464.1
fr3:HE597081	HE597081		HE597081.1	HE597081.1	NW_004073465.1
fr3:HE597082	HE597082		HE597082.1	HE597082.1	NW_004073466.1
fr3:HE597083	HE597083		HE597083.1	HE597083.1	NW_004073467.1
fr3:HE597084	HE597084		HE597084.1	HE597084.1	NW_004073468.1
fr3:HE597085	HE597085		HE597085.1	HE597085.1	NW_004073469.1
fr3:HE597086	HE597086		HE597086.1	HE597086.1	NW_004073470.1
fr3:HE597087	HE597087		HE597087.1	HE597087.1	NW_004073471.1
fr3:HE597088	HE597088		HE597088.1	HE597088.1	NW_004073472.1
fr3:HE597089	HE597089		HE597089.1	HE597089.1	NW_004073473.1
fr3:HE597090	HE597090		HE597090.1	HE597090.1	NW_004073474.1
fr3:HE597091	HE597091		HE597091.1	HE597091.1	NW_004073475.1
fr3:HE597092	HE597092		HE597092.1	HE597092.1	NW_004073476.1
fr3:HE597093	HE597093		HE597093.1	HE597093.1	NW_004073477.1
fr3:HE597094	HE597094		HE597094.1	HE597094.1	NW_004073478.1
fr3:HE597095	HE597095		HE597095.1	HE597095.1	NW_004073479.1
fr3:HE597096	HE597096		HE597096.1	HE597096.1	NW_004073480.1
fr3:HE597097	HE597097		HE597097.1	HE597097.1	NW_004073481.1
fr3:HE597098	HE597098		HE597098.1	HE597098.1	NW_004073482.1
fr3:HE597099	HE597099		HE597099.1	HE597099.1	NW_004073483.1
fr3:HE597100	HE597100		HE597100.1	HE597100.1	NW_004073484.1
fr3:HE597101	HE597101		HE597101.1	HE597101.1	NW_004073485.1
fr3:HE597102	HE597102		HE597102.1	HE597102.1	NW_004073486.1
fr3:HE597103	HE597103		HE597103.1	HE597103.1	NW_004073487.1
fr3:HE597104	HE597104		HE597104.1	HE597104.1	NW_004073488.1
fr3:HE597105	HE597105		HE597105.1	HE597105.1	NW_004073489.1
fr3:HE597106	HE597106		HE597106.1	HE597106.1	NW_004073490.1
fr3:HE597107	HE597107		HE597107.1	HE597107.1	NW_004073491.1
fr3:HE597108	HE597108		HE597108.1	HE597108.1	NW_004073492.1
fr3:HE597109	HE597109		HE597109.1	HE597109.1	NW_004073493.1
fr3:HE597110	HE597110		HE597110.1	HE597110.1	NW_004073494.1
fr3:HE597111	HE597111		HE597111.1	HE597111.1	NW_004073495.1
fr3:HE597112	HE597112		HE597112.1	HE597112.1	NW_004073496.1
fr3:HE597113	HE597113		HE597113.1	HE597113.1	NW_004073497.1
fr3:HE597114	HE597114		HE597114.1	HE597114.1	NW_004073498.1
fr3:HE597115	HE597115		HE597115.1	HE597115.1	NW_004071750.1
fr3:HE597116	HE597116		HE597116.1	HE597116.1	NW_004071813.1
fr3:HE597117	HE597117		HE597117.1	HE597117.1	NW_004071814.1
fr3:HE597118	HE597118		HE597118.1	HE597118.1	NW_004071815.1
fr3:HE597119	HE597119		HE597119.1	HE597119.1	NW_004071816.1
fr3:HE597120	HE597120		HE597120.1	HE597120.1	NW_004071817.1
fr3:HE597121	HE597121		HE597121.1	HE597121.1	NW_004071818.1
fr3:HE597122	HE597122		HE597122.1	HE597122.1	NW_004071819.1
fr3:HE597123	HE597123		HE597123.1	HE597123.1	NW_004071820.1
fr3:HE597124	HE597124		HE597124.1	HE597124.1	NW_004071821.1
fr3:HE597125	HE597125		HE597125.1	HE597125.1	NW_004071822.1
fr3:HE597126	HE597126		HE597126.1	HE597126.1	NW_004071823.1
fr3:HE597127	HE597127		HE597127.1	HE597127.1	NW_004071824.1
fr3:HE597128	HE597128		HE597128.1	HE597128.1	NW_004071825.1
fr3:HE597129	HE597129		HE597129.1	HE597129.1	NW_004071826.1
fr3:HE597130	HE597130		HE597130.1	HE597130.1	NW_004071827.1
fr3:HE597131	HE597131		HE597131.1	HE597131.1	NW_004071828.1
fr3:HE597132	HE597132		HE597132.1	HE597132.1	NW_004071829.1
fr3:HE597133	HE597133		HE597133.1	HE597133.1	NW_004071830.1
fr3:HE597134	HE597134		HE597134.1	HE597134.1	NW_004071831.1
fr3:HE597135	HE597135		HE597135.1	HE597135.1	NW_004071832.1
fr3:HE597136	HE597136		HE597136.1	HE597136.1	NW_004071833.1
fr3:HE597137	HE597137		HE597137.1	HE597137.1	NW_004071834.1
fr3:HE597138	HE597138		HE597138.1	HE597138.1	NW_004071835.1
fr3:HE597139	HE597139		HE597139.1	HE597139.1	NW_004071836.1
fr3:HE597140	HE597140		HE597140.1	HE597140.1	NW_004071837.1
fr3:HE597141	HE597141		HE597141.1	HE597141.1	NW_004071838.1
fr3:HE597142	HE597142		HE597142.1	HE597142.1	NW_004071839.1
fr3:HE597143	HE597143		HE597143.1	HE597143.1	NW_004071840.1
fr3:HE597144	HE597144		HE597144.1	HE597144.1	NW_004071841.1
fr3:HE597145	HE597145		HE597145.1	HE597145.1	NW_004071842.1
fr3:HE597146	HE597146		HE597146.1	HE597146.1	NW_004071843.1
fr3:HE597147	HE597147		HE597147.1	HE597147.1	NW_004071844.1
fr3:HE597148	HE597148		HE597148.1	HE597148.1	NW_004071845.1
fr3:HE597149	HE597149		HE597149.1	HE597149.1	NW_004071846.1
fr3:HE597150	HE597150		HE597150.1	HE597150.1	NW_004071847.1
fr3:HE597151	HE597151		HE597151.1	HE597151.1	NW_004071848.1
fr3:HE597152	HE597152		HE597152.1	HE597152.1	NW_004071849.1
fr3:HE597153	HE597153		HE597153.1	HE597153.1	NW_004071850.1
fr3:HE597154	HE597154		HE597154.1	HE597154.1	NW_004071851.1
fr3:HE597155	HE597155		HE597155.1	HE597155.1	NW_004071852.1
fr3:HE597156	HE597156		HE597156.1	HE597156.1	NW_004071853.1
fr3:HE597157	HE597157		HE597157.1	HE597157.1	NW_004071854.1
fr3:HE597158	HE597158		HE597158.1	HE597158.1	NW_004071855.1
fr3:HE597159	HE597159		HE597159.1	HE597159.1	NW_004071856.1
fr3:HE597160	HE597160		HE597160.1	HE597160.1	NW_004071857.1
fr3:HE597161	HE597161		HE597161.1	HE597161.1	NW_004071858.1
fr3:HE597162	HE597162		HE597162.1	HE597162.1	NW_004071859.1
fr3:HE597163	HE597163		HE597163.1	HE597163.1	NW_004071860.1
fr3:HE597164	HE597164		HE597164.1	HE597164.1	NW_004071861.1
fr3:HE597165	HE597165		HE597165.1	HE597165.1	NW_004071862.1
fr3:HE597166	HE597166		HE597166.1	HE597166.1	NW_004071863.1
fr3:HE597167	HE597167		HE597167.1	HE597167.1	NW_004071864.1
fr3:HE597168	HE597168		HE597168.1	HE597168.1	NW_004071865.1
fr3:HE597169	HE597169		HE597169.1	HE597169.1	NW_004071866.1
fr3:HE597170	HE597170		HE597170.1	HE597170.1	NW_004071867.1
fr3:HE597171	HE597171		HE597171.1	HE597171.1	NW_004071868.1
fr3:HE597172	HE597172		HE597172.1	HE597172.1	NW_004071869.1
fr3:HE597173	HE597173		HE597173.1	HE597173.1	NW_004071870.1
fr3:HE597174	HE597174		HE597174.1	HE597174.1	NW_004071871.1
fr3:HE597175	HE597175		HE597175.1	HE597175.1	NW_004071872.1
fr3:HE597176	HE597176		HE597176.1	HE597176.1	NW_004071873.1
fr3:HE597177	HE597177		HE597177.1	HE597177.1	NW_004071874.1
fr3:HE597178	HE597178		HE597178.1	HE597178.1	NW_004071875.1
fr3:HE597179	HE597179		HE597179.1	HE597179.1	NW_004071876.1
fr3:HE597180	HE597180		HE597180.1	HE597180.1	NW_004071877.1
fr3:HE597181	HE597181		HE597181.1	HE597181.1	NW_004071878.1
fr3:HE597182	HE597182		HE597182.1	HE597182.1	NW_004071879.1
fr3:HE597183	HE597183		HE597183.1	HE597183.1	NW_004071880.1
fr3:HE597184	HE597184		HE597184.1	HE597184.1	NW_004071881.1
fr3:HE597185	HE597185		HE597185.1	HE597185.1	NW_004071882.1
fr3:HE597186	HE597186		HE597186.1	HE597186.1	NW_004071883.1
fr3:HE597187	HE597187		HE597187.1	HE597187.1	NW_004071884.1
fr3:HE597188	HE597188		HE597188.1	HE597188.1	NW_004071885.1
fr3:HE597189	HE597189		HE597189.1	HE597189.1	NW_004071886.1
fr3:HE597190	HE597190		HE597190.1	HE597190.1	NW_004071887.1
fr3:HE597191	HE597191		HE597191.1	HE597191.1	NW_004071888.1
fr3:HE597192	HE597192		HE597192.1	HE597192.1	NW_004071889.1
fr3:HE597193	HE597193		HE597193.1	HE597193.1	NW_004071890.1
fr3:HE597194	HE597194		HE597194.1	HE597194.1	NW_004071891.1
fr3:HE597195	HE597195		HE597195.1	HE597195.1	NW_004071892.1
fr3:HE597196	HE597196		HE597196.1	HE597196.1	NW_004071893.1
fr3:HE597197	HE597197		HE597197.1	HE597197.1	NW_004071894.1
fr3:HE597198	HE597198		HE597198.1	HE597198.1	NW_004071895.1
fr3:HE597199	HE597199		HE597199.1	HE597199.1	NW_004071896.1
fr3:HE597200	HE597200		HE597200.1	HE597200.1	NW_004071897.1
fr3:HE597201	HE597201		HE597201.1	HE597201.1	NW_004071898.1
fr3:HE597202	HE597202		HE597202.1	HE597202.1	NW_004071899.1
fr3:HE597203	HE597203		HE597203.1	HE597203.1	NW_004071900.1
fr3:HE597204	HE597204		HE597204.1	HE597204.1	NW_004071901.1
fr3:HE597205	HE597205		HE597205.1	HE597205.1	NW_004071902.1
fr3:HE597206	HE597206		HE597206.1	HE597206.1	NW_004071903.1
fr3:HE597207	HE597207		HE597207.1	HE597207.1	NW_004071904.1
fr3:HE597208	HE597208		HE597208.1	HE597208.1	NW_004071905.1
fr3:HE597209	HE597209		HE597209.1	HE597209.1	NW_004071906.1
fr3:HE597210	HE597210		HE597210.1	HE597210.1	NW_004071907.1
fr3:HE597211	HE597211		HE597211.1	HE597211.1	NW_004071908.1
fr3:HE597212	HE597212		HE597212.1	HE597212.1	NW_004071909.1
fr3:HE597213	HE597213		HE597213.1	HE597213.1	NW_004071910.1
fr3:HE597214	HE597214		HE597214.1	HE597214.1	NW_004071911.1
fr3:HE597215	HE597215		HE597215.1	HE597215.1	NW_004071912.1
fr3:HE597216	HE597216		HE597216.1	HE597216.1	NW_004071913.1
fr3:HE597217	HE597217		HE597217.1	HE597217.1	NW_004071914.1
fr3:HE597218	HE597218		HE597218.1	HE597218.1	NW_004071915.1
fr3:HE597219	HE597219		HE597219.1	HE597219.1	NW_004071916.1
fr3:HE597220	HE597220		HE597220.1	HE597220.1	NW_004071917.1
fr3:HE597221	HE597221		HE597221.1	HE597221.1	NW_004071918.1
fr3:HE597222	HE597222		HE597222.1	HE597222.1	NW_004071919.1
fr3:HE597223	HE597223		HE597223.1	HE597223.1	NW_004071920.1
fr3:HE597224	HE597224		HE597224.1	HE597224.1	NW_004071921.1
fr3:HE597225	HE597225		HE597225.1	HE597225.1	NW_004071922.1
fr3:HE597226	HE597226		HE597226.1	HE597226.1	NW_004071923.1
fr3:HE597227	HE597227		HE597227.1	HE597227.1	NW_004071924.1
fr3:HE597228	HE597228		HE597228.1	HE597228.1	NW_004071925.1
fr3:HE597229	HE597229		HE597229.1	HE597229.1	NW_004071926.1
fr3:HE597230	HE597230		HE597230.1	HE597230.1	NW_004071927.1
fr3:HE597231	HE597231		HE597231.1	HE597231.1	NW_004071928.1
fr3:HE597232	HE597232		HE597232.1	HE597232.1	NW_004071929.1
fr3:HE597233	HE597233		HE597233.1	HE597233.1	NW_004071930.1
fr3:HE597234	HE597234		HE597234.1	HE597234.1	NW_004071931.1
fr3:HE597235	HE597235		HE597235.1	HE597235.1	NW_004071932.1
fr3:HE597236	HE597236		HE597236.1	HE597236.1	NW_004071933.1
fr3:HE597237	HE597237		HE597237.1	HE597237.1	NW_004071934.1
fr3:HE597238	HE597238		HE597238.1	HE597238.1	NW_004071935.1
fr3:HE597239	HE597239		HE597239.1	HE597239.1	NW_004071936.1
fr3:HE597240	HE597240		HE597240.1	HE597240.1	NW_004071937.1
fr3:HE597241	HE597241		HE597241.1	HE597241.1	NW_004071938.1
fr3:HE597242	HE597242		HE597242.1	HE597242.1	NW_004071939.1
fr3:HE597243	HE597243		HE597243.1	HE597243.1	NW_004071940.1
fr3:HE597244	HE597244		HE597244.1	HE597244.1	NW_004071941.1
fr3:HE597245	HE597245		HE597245.1	HE597245.1	NW_004071942.1
fr3:HE597246	HE597246		HE597246.1	HE597246.1	NW_004071943.1
fr3:HE597247	HE597247		HE597247.1	HE597247.1	NW_004071944.1
fr3:HE597248	HE597248		HE597248.1	HE597248.1	NW_004071945.1
fr3:HE597249	HE597249		HE597249.1	HE597249.1	NW_004071946.1
fr3:HE597250	HE597250		HE597250.1	HE597250.1	NW_004071947.1
fr3:HE597251	HE597251		HE597251.1	HE597251.1	NW_004071561.1
fr3:HE597252	HE597252		HE597252.1	HE597252.1	NW_004071562.1
fr3:HE597253	HE597253		HE597253.1	HE597253.1	NW_004072165.1
fr3:HE597254	HE597254		HE597254.1	HE597254.1	NW_004072169.1
fr3:HE597255	HE597255		HE597255.1	HE597255.1	NW_004072170.1
fr3:HE597256	HE597256		HE597256.1	HE597256.1	NW_004072171.1
fr3:HE597257	HE597257		HE597257.1	HE597257.1	NW_004072172.1
fr3:HE597258	HE597258		HE597258.1	HE597258.1	NW_004072173.1
fr3:HE597259	HE597259		HE597259.1	HE597259.1	NW_004072174.1
fr3:HE597260	HE597260		HE597260.1	HE597260.1	NW_004072175.1
fr3:HE597261	HE597261		HE597261.1	HE597261.1	NW_004072176.1
fr3:HE597262	HE597262		HE597262.1	HE597262.1	NW_004072177.1
fr3:HE597263	HE597263		HE597263.1	HE597263.1	NW_004072178.1
fr3:HE597264	HE597264		HE597264.1	HE597264.1	NW_004072179.1
fr3:HE597265	HE597265		HE597265.1	HE597265.1	NW_004072180.1
fr3:HE597266	HE597266		HE597266.1	HE597266.1	NW_004072181.1
fr3:HE597267	HE597267		HE597267.1	HE597267.1	NW_004072182.1
fr3:HE597268	HE597268		HE597268.1	HE597268.1	NW_004072183.1
fr3:HE597269	HE597269		HE597269.1	HE597269.1	NW_004072184.1
fr3:HE597270	HE597270		HE597270.1	HE597270.1	NW_004072185.1
fr3:HE597271	HE597271		HE597271.1	HE597271.1	NW_004072186.1
fr3:HE597272	HE597272		HE597272.1	HE597272.1	NW_004072187.1
fr3:HE597273	HE597273		HE597273.1	HE597273.1	NW_004072188.1
fr3:HE597274	HE597274		HE597274.1	HE597274.1	NW_004072189.1
fr3:HE597275	HE597275		HE597275.1	HE597275.1	NW_004072190.1
fr3:HE597276	HE597276		HE597276.1	HE597276.1	NW_004072191.1
fr3:HE597277	HE597277		HE597277.1	HE597277.1	NW_004072192.1
fr3:HE597278	HE597278		HE597278.1	HE597278.1	NW_004072193.1
fr3:HE597279	HE597279		HE597279.1	HE597279.1	NW_004072194.1
fr3:HE597280	HE597280		HE597280.1	HE597280.1	NW_004072195.1
fr3:HE597281	HE597281		HE597281.1	HE597281.1	NW_004072196.1
fr3:HE597282	HE597282		HE597282.1	HE597282.1	NW_004072197.1
fr3:HE597283	HE597283		HE597283.1	HE597283.1	NW_004072198.1
fr3:HE597284	HE597284		HE597284.1	HE597284.1	NW_004072199.1
fr3:HE597285	HE597285		HE597285.1	HE597285.1	NW_004072200.1
fr3:HE597286	HE597286		HE597286.1	HE597286.1	NW_004072201.1
fr3:HE597287	HE597287		HE597287.1	HE597287.1	NW_004072202.1
fr3:HE597288	HE597288		HE597288.1	HE597288.1	NW_004072203.1
fr3:HE597289	HE597289		HE597289.1	HE597289.1	NW_004072204.1
fr3:HE597290	HE597290		HE597290.1	HE597290.1	NW_004072205.1
fr3:HE597291	HE597291		HE597291.1	HE597291.1	NW_004072206.1
fr3:HE597292	HE597292		HE597292.1	HE597292.1	NW_004072207.1
fr3:HE597293	HE597293		HE597293.1	HE597293.1	NW_004072208.1
fr3:HE597294	HE597294		HE597294.1	HE597294.1	NW_004072209.1
fr3:HE597295	HE597295		HE597295.1	HE597295.1	NW_004072210.1
fr3:HE597296	HE597296		HE597296.1	HE597296.1	NW_004072211.1
fr3:HE597297	HE597297		HE597297.1	HE597297.1	NW_004072212.1
fr3:HE597298	HE597298		HE597298.1	HE597298.1	NW_004072213.1
fr3:HE597299	HE597299		HE597299.1	HE597299.1	NW_004072214.1
fr3:HE597300	HE597300		HE597300.1	HE597300.1	NW_004072215.1
fr3:HE597301	HE597301		HE597301.1	HE597301.1	NW_004072216.1
fr3:HE597302	HE597302		HE597302.1	HE597302.1	NW_004072217.1
fr3:HE597303	HE597303		HE597303.1	HE597303.1	NW_004072218.1
fr3:HE597304	HE597304		HE597304.1	HE597304.1	NW_004072219.1
fr3:HE597305	HE597305		HE597305.1	HE597305.1	NW_004072220.1
fr3:HE597306	HE597306		HE597306.1	HE597306.1	NW_004072221.1
fr3:HE597307	HE597307		HE597307.1	HE597307.1	NW_004072222.1
fr3:HE597308	HE597308		HE597308.1	HE597308.1	NW_004072223.1
fr3:HE597309	HE597309		HE597309.1	HE597309.1	NW_004072224.1
fr3:HE597310	HE597310		HE597310.1	HE597310.1	NW_004072225.1
fr3:HE597311	HE597311		HE597311.1	HE597311.1	NW_004072226.1
fr3:HE597312	HE597312		HE597312.1	HE597312.1	NW_004072227.1
fr3:HE597313	HE597313		HE597313.1	HE597313.1	NW_004072228.1
fr3:HE597314	HE597314		HE597314.1	HE597314.1	NW_004072229.1
fr3:HE597315	HE597315		HE597315.1	HE597315.1	NW_004072230.1
fr3:HE597316	HE597316		HE597316.1	HE597316.1	NW_004072231.1
fr3:HE597317	HE597317		HE597317.1	HE597317.1	NW_004072232.1
fr3:HE597318	HE597318		HE597318.1	HE597318.1	NW_004072233.1
fr3:HE597319	HE597319		HE597319.1	HE597319.1	NW_004072234.1
fr3:HE597320	HE597320		HE597320.1	HE597320.1	NW_004072235.1
fr3:HE597321	HE597321		HE597321.1	HE597321.1	NW_004072236.1
fr3:HE597322	HE597322		HE597322.1	HE597322.1	NW_004072237.1
fr3:HE597323	HE597323		HE597323.1	HE597323.1	NW_004072238.1
fr3:HE597324	HE597324		HE597324.1	HE597324.1	NW_004072239.1
fr3:HE597325	HE597325		HE597325.1	HE597325.1	NW_004072240.1
fr3:HE597326	HE597326		HE597326.1	HE597326.1	NW_004072241.1
fr3:HE597327	HE597327		HE597327.1	HE597327.1	NW_004072242.1
fr3:HE597328	HE597328		HE597328.1	HE597328.1	NW_004072243.1
fr3:HE597329	HE597329		HE597329.1	HE597329.1	NW_004072244.1
fr3:HE597330	HE597330		HE597330.1	HE597330.1	NW_004072245.1
fr3:HE597331	HE597331		HE597331.1	HE597331.1	NW_004072246.1
fr3:HE597332	HE597332		HE597332.1	HE597332.1	NW_004072247.1
fr3:HE597333	HE597333		HE597333.1	HE597333.1	NW_004072248.1
fr3:HE597334	HE597334		HE597334.1	HE597334.1	NW_004072249.1
fr3:HE597335	HE597335		HE597335.1	HE597335.1	NW_004072250.1
fr3:HE597336	HE597336		HE597336.1	HE597336.1	NW_004072251.1
fr3:HE597337	HE597337		HE597337.1	HE597337.1	NW_004072252.1
fr3:HE597338	HE597338		HE597338.1	HE597338.1	NW_004072253.1
fr3:HE597339	HE597339		HE597339.1	HE597339.1	NW_004072254.1
fr3:HE597340	HE597340		HE597340.1	HE597340.1	NW_004072255.1
fr3:HE597341	HE597341		HE597341.1	HE597341.1	NW_004072256.1
fr3:HE597342	HE597342		HE597342.1	HE597342.1	NW_004072257.1
fr3:HE597343	HE597343		HE597343.1	HE597343.1	NW_004072258.1
fr3:HE597344	HE597344		HE597344.1	HE597344.1	NW_004072259.1
fr3:HE597345	HE597345		HE597345.1	HE597345.1	NW_004072260.1
fr3:HE597346	HE597346		HE597346.1	HE597346.1	NW_004072261.1
fr3:HE597347	HE597347		HE597347.1	HE597347.1	NW_004072262.1
fr3:HE597348	HE597348		HE597348.1	HE597348.1	NW_004072263.1
fr3:HE597349	HE597349		HE597349.1	HE597349.1	NW_004072264.1
fr3:HE597350	HE597350		HE597350.1	HE597350.1	NW_004072265.1
fr3:HE597351	HE597351		HE597351.1	HE597351.1	NW_004072266.1
fr3:HE597352	HE597352		HE597352.1	HE597352.1	NW_004072267.1
fr3:HE597353	HE597353		HE597353.1	HE597353.1	NW_004072268.1
fr3:HE597354	HE597354		HE597354.1	HE597354.1	NW_004072269.1
fr3:HE597355	HE597355		HE597355.1	HE597355.1	NW_004072270.1
fr3:HE597356	HE597356		HE597356.1	HE597356.1	NW_004072271.1
fr3:HE597357	HE597357		HE597357.1	HE597357.1	NW_004072272.1
fr3:HE597358	HE597358		HE597358.1	HE597358.1	NW_004072273.1
fr3:HE597359	HE597359		HE597359.1	HE597359.1	NW_004072274.1
fr3:HE597360	HE597360		HE597360.1	HE597360.1	NW_004072275.1
fr3:HE597361	HE597361		HE597361.1	HE597361.1	NW_004072276.1
fr3:HE597362	HE597362		HE597362.1	HE597362.1	NW_004072277.1
fr3:HE597363	HE597363		HE597363.1	HE597363.1	NW_004072278.1
fr3:HE597364	HE597364		HE597364.1	HE597364.1	NW_004072279.1
fr3:HE597365	HE597365		HE597365.1	HE597365.1	NW_004072280.1
fr3:HE597366	HE597366		HE597366.1	HE597366.1	NW_004072281.1
fr3:HE597367	HE597367		HE597367.1	HE597367.1	NW_004072282.1
fr3:HE597368	HE597368		HE597368.1	HE597368.1	NW_004072283.1
fr3:HE597369	HE597369		HE597369.1	HE597369.1	NW_004072284.1
fr3:HE597370	HE597370		HE597370.1	HE597370.1	NW_004072285.1
fr3:HE597371	HE597371		HE597371.1	HE597371.1	NW_004072286.1
fr3:HE597372	HE597372		HE597372.1	HE597372.1	NW_004072287.1
fr3:HE597373	HE597373		HE597373.1	HE597373.1	NW_004072288.1
fr3:HE597374	HE597374		HE597374.1	HE597374.1	NW_004072289.1
fr3:HE597375	HE597375		HE597375.1	HE597375.1	NW_004072290.1
fr3:HE597376	HE597376		HE597376.1	HE597376.1	NW_004072291.1
fr3:HE597377	HE597377		HE597377.1	HE597377.1	NW_004072292.1
fr3:HE597378	HE597378		HE597378.1	HE597378.1	NW_004072293.1
fr3:HE597379	HE597379		HE597379.1	HE597379.1	NW_004072294.1
fr3:HE597380	HE597380		HE597380.1	HE597380.1	NW_004072295.1
fr3:HE597381	HE597381		HE597381.1	HE597381.1	NW_004072296.1
fr3:HE597382	HE597382		HE597382.1	HE597382.1	NW_004072297.1
fr3:HE597383	HE597383		HE597383.1	HE597383.1	NW_004072298.1
fr3:HE597384	HE597384		HE597384.1	HE597384.1	NW_004072299.1
fr3:HE597385	HE597385		HE597385.1	HE597385.1	NW_004072300.1
fr3:HE597386	HE597386		HE597386.1	HE597386.1	NW_004072301.1
fr3:HE597387	HE597387		HE597387.1	HE597387.1	NW_004072302.1
fr3:HE597388	HE597388		HE597388.1	HE597388.1	NW_004072303.1
fr3:HE597389	HE597389		HE597389.1	HE597389.1	NW_004072304.1
fr3:HE597390	HE597390		HE597390.1	HE597390.1	NW_004072305.1
fr3:HE597391	HE597391		HE597391.1	HE597391.1	NW_004072306.1
fr3:HE597392	HE597392		HE597392.1	HE597392.1	NW_004072307.1
fr3:HE597393	HE597393		HE597393.1	HE597393.1	NW_004072308.1
fr3:HE597394	HE597394		HE597394.1	HE597394.1	NW_004072309.1
fr3:HE597395	HE597395		HE597395.1	HE597395.1	NW_004072310.1
fr3:HE597396	HE597396		HE597396.1	HE597396.1	NW_004072311.1
fr3:HE597397	HE597397		HE597397.1	HE597397.1	NW_004072312.1
fr3:HE597398	HE597398		HE597398.1	HE597398.1	NW_004072313.1
fr3:HE597399	HE597399		HE597399.1	HE597399.1	NW_004072314.1
fr3:HE597400	HE597400		HE597400.1	HE597400.1	NW_004072315.1
fr3:HE597401	HE597401		HE597401.1	HE597401.1	NW_004072316.1
fr3:HE597402	HE597402		HE597402.1	HE597402.1	NW_004072317.1
fr3:HE597403	HE597403		HE597403.1	HE597403.1	NW_004072318.1
fr3:HE597404	HE597404		HE597404.1	HE597404.1	NW_004072319.1
fr3:HE597405	HE597405		HE597405.1	HE597405.1	NW_004072320.1
fr3:HE597406	HE597406		HE597406.1	HE597406.1	NW_004072321.1
fr3:HE597407	HE597407		HE597407.1	HE597407.1	NW_004072322.1
fr3:HE597408	HE597408		HE597408.1	HE597408.1	NW_004072323.1
fr3:HE597409	HE597409		HE597409.1	HE597409.1	NW_004072324.1
fr3:HE597410	HE597410		HE597410.1	HE597410.1	NW_004072325.1
fr3:HE597411	HE597411		HE597411.1	HE597411.1	NW_004072326.1
fr3:HE597412	HE597412		HE597412.1	HE597412.1	NW_004072327.1
fr3:HE597413	HE597413		HE597413.1	HE597413.1	NW_004072328.1
fr3:HE597414	HE597414		HE597414.1	HE597414.1	NW_004072329.1
fr3:HE597415	HE597415		HE597415.1	HE597415.1	NW_004072330.1
fr3:HE597416	HE597416		HE597416.1	HE597416.1	NW_004072331.1
fr3:HE597417	HE597417		HE597417.1	HE597417.1	NW_004072332.1
fr3:HE597418	HE597418		HE597418.1	HE597418.1	NW_004072333.1
fr3:HE597419	HE597419		HE597419.1	HE597419.1	NW_004072334.1
fr3:HE597420	HE597420		HE597420.1	HE597420.1	NW_004072335.1
fr3:HE597421	HE597421		HE597421.1	HE597421.1	NW_004072336.1
fr3:HE597422	HE597422		HE597422.1	HE597422.1	NW_004072337.1
fr3:HE597423	HE597423		HE597423.1	HE597423.1	NW_004072338.1
fr3:HE597424	HE597424		HE597424.1	HE597424.1	NW_004072339.1
fr3:HE597425	HE597425		HE597425.1	HE597425.1	NW_004072340.1
fr3:HE597426	HE597426		HE597426.1	HE597426.1	NW_004072341.1
fr3:HE597427	HE597427		HE597427.1	HE597427.1	NW_004072342.1
fr3:HE597428	HE597428		HE597428.1	HE597428.1	NW_004072343.1
fr3:HE597429	HE597429		HE597429.1	HE597429.1	NW_004072344.1
fr3:HE597430	HE597430		HE597430.1	HE597430.1	NW_004072345.1
fr3:HE597431	HE597431		HE597431.1	HE597431.1	NW_004072346.1
fr3:HE597432	HE597432		HE597432.1	HE597432.1	NW_004072347.1
fr3:HE597433	HE597433		HE597433.1	HE597433.1	NW_004072348.1
fr3:HE597434	HE597434		HE597434.1	HE597434.1	NW_004072349.1
fr3:HE597435	HE597435		HE597435.1	HE597435.1	NW_004072350.1
fr3:HE597436	HE597436		HE597436.1	HE597436.1	NW_004072351.1
fr3:HE597437	HE597437		HE597437.1	HE597437.1	NW_004072352.1
fr3:HE597438	HE597438		HE597438.1	HE597438.1	NW_004072353.1
fr3:HE597439	HE597439		HE597439.1	HE597439.1	NW_004072354.1
fr3:HE597440	HE597440		HE597440.1	HE597440.1	NW_004072355.1
fr3:HE597441	HE597441		HE597441.1	HE597441.1	NW_004072356.1
fr3:HE597442	HE597442		HE597442.1	HE597442.1	NW_004072357.1
fr3:HE597443	HE597443		HE597443.1	HE597443.1	NW_004072358.1
fr3:HE597444	HE597444		HE597444.1	HE597444.1	NW_004072359.1
fr3:HE597445	HE597445		HE597445.1	HE597445.1	NW_004072360.1
fr3:HE597446	HE597446		HE597446.1	HE597446.1	NW_004072361.1
fr3:HE597447	HE597447		HE597447.1	HE597447.1	NW_004072362.1
fr3:HE597448	HE597448		HE597448.1	HE597448.1	NW_004072363.1
fr3:HE597449	HE597449		HE597449.1	HE597449.1	NW_004072364.1
fr3:HE597450	HE597450		HE597450.1	HE597450.1	NW_004072365.1
fr3:HE597451	HE597451		HE597451.1	HE597451.1	NW_004072366.1
fr3:HE597452	HE597452		HE597452.1	HE597452.1	NW_004072581.1
fr3:HE597453	HE597453		HE597453.1	HE597453.1	NW_004072582.1
fr3:HE597454	HE597454		HE597454.1	HE597454.1	NW_004072583.1
fr3:HE597455	HE597455		HE597455.1	HE597455.1	NW_004072584.1
fr3:HE597456	HE597456		HE597456.1	HE597456.1	NW_004072585.1
fr3:HE597457	HE597457		HE597457.1	HE597457.1	NW_004072586.1
fr3:HE597458	HE597458		HE597458.1	HE597458.1	NW_004072587.1
fr3:HE597459	HE597459		HE597459.1	HE597459.1	NW_004072588.1
fr3:HE597460	HE597460		HE597460.1	HE597460.1	NW_004072589.1
fr3:HE597461	HE597461		HE597461.1	HE597461.1	NW_004072590.1
fr3:HE597462	HE597462		HE597462.1	HE597462.1	NW_004072591.1
fr3:HE597463	HE597463		HE597463.1	HE597463.1	NW_004072592.1
fr3:HE597464	HE597464		HE597464.1	HE597464.1	NW_004072593.1
fr3:HE597465	HE597465		HE597465.1	HE597465.1	NW_004072594.1
fr3:HE597466	HE597466		HE597466.1	HE597466.1	NW_004072595.1
fr3:HE597467	HE597467		HE597467.1	HE597467.1	NW_004072596.1
fr3:HE597468	HE597468		HE597468.1	HE597468.1	NW_004072597.1
fr3:HE597469	HE597469		HE597469.1	HE597469.1	NW_004072598.1
fr3:HE597470	HE597470		HE597470.1	HE597470.1	NW_004072599.1
fr3:HE597471	HE597471		HE597471.1	HE597471.1	NW_004072600.1
fr3:HE597472	HE597472		HE597472.1	HE597472.1	NW_004072601.1
fr3:HE597473	HE597473		HE597473.1	HE597473.1	NW_004072602.1
fr3:HE597474	HE597474		HE597474.1	HE597474.1	NW_004072603.1
fr3:HE597475	HE597475		HE597475.1	HE597475.1	NW_004072604.1
fr3:HE597476	HE597476		HE597476.1	HE597476.1	NW_004072605.1
fr3:HE597477	HE597477		HE597477.1	HE597477.1	NW_004072606.1
fr3:HE597478	HE597478		HE597478.1	HE597478.1	NW_004072607.1
fr3:HE597479	HE597479		HE597479.1	HE597479.1	NW_004072608.1
fr3:HE597480	HE597480		HE597480.1	HE597480.1	NW_004072609.1
fr3:HE597481	HE597481		HE597481.1	HE597481.1	NW_004072610.1
fr3:HE597482	HE597482		HE597482.1	HE597482.1	NW_004072611.1
fr3:HE597483	HE597483		HE597483.1	HE597483.1	NW_004072612.1
fr3:HE597484	HE597484		HE597484.1	HE597484.1	NW_004072613.1
fr3:HE597485	HE597485		HE597485.1	HE597485.1	NW_004072614.1
fr3:HE597486	HE597486		HE597486.1	HE597486.1	NW_004072615.1
fr3:HE597487	HE597487		HE597487.1	HE597487.1	NW_004072616.1
fr3:HE597488	HE597488		HE597488.1	HE597488.1	NW_004072617.1
fr3:HE597489	HE597489		HE597489.1	HE597489.1	NW_004072618.1
fr3:HE597490	HE597490		HE597490.1	HE597490.1	NW_004072619.1
fr3:HE597491	HE597491		HE597491.1	HE597491.1	NW_004072620.1
fr3:HE597492	HE597492		HE597492.1	HE597492.1	NW_004072621.1
fr3:HE597493	HE597493		HE597493.1	HE597493.1	NW_004072622.1
fr3:HE597494	HE597494		HE597494.1	HE597494.1	NW_004072623.1
fr3:HE597495	HE597495		HE597495.1	HE597495.1	NW_004072624.1
fr3:HE597496	HE597496		HE597496.1	HE597496.1	NW_004072625.1
fr3:HE597497	HE597497		HE597497.1	HE597497.1	NW_004072626.1
fr3:HE597498	HE597498		HE597498.1	HE597498.1	NW_004072627.1
fr3:HE597499	HE597499		HE597499.1	HE597499.1	NW_004072628.1
fr3:HE597500	HE597500		HE597500.1	HE597500.1	NW_004072629.1
fr3:HE597501	HE597501		HE597501.1	HE597501.1	NW_004072630.1
fr3:HE597502	HE597502		HE597502.1	HE597502.1	NW_004072631.1
fr3:HE597503	HE597503		HE597503.1	HE597503.1	NW_004072632.1
fr3:HE597504	HE597504		HE597504.1	HE597504.1	NW_004072633.1
fr3:HE597505	HE597505		HE597505.1	HE597505.1	NW_004072634.1
fr3:HE597506	HE597506		HE597506.1	HE597506.1	NW_004072635.1
fr3:HE597507	HE597507		HE597507.1	HE597507.1	NW_004072636.1
fr3:HE597508	HE597508		HE597508.1	HE597508.1	NW_004072637.1
fr3:HE597509	HE597509		HE597509.1	HE597509.1	NW_004072638.1
fr3:HE597510	HE597510		HE597510.1	HE597510.1	NW_004072639.1
fr3:HE597511	HE597511		HE597511.1	HE597511.1	NW_004072640.1
fr3:HE597512	HE597512		HE597512.1	HE597512.1	NW_004072641.1
fr3:HE597513	HE597513		HE597513.1	HE597513.1	NW_004072642.1
fr3:HE597514	HE597514		HE597514.1	HE597514.1	NW_004072643.1
fr3:HE597515	HE597515		HE597515.1	HE597515.1	NW_004072644.1
fr3:HE597516	HE597516		HE597516.1	HE597516.1	NW_004072645.1
fr3:HE597517	HE597517		HE597517.1	HE597517.1	NW_004072646.1
fr3:HE597518	HE597518		HE597518.1	HE597518.1	NW_004072647.1
fr3:HE597519	HE597519		HE597519.1	HE597519.1	NW_004072648.1
fr3:HE597520	HE597520		HE597520.1	HE597520.1	NW_004072649.1
fr3:HE597521	HE597521		HE597521.1	HE597521.1	NW_004072650.1
fr3:HE597522	HE597522		HE597522.1	HE597522.1	NW_004072651.1
fr3:HE597523	HE597523		HE597523.1	HE597523.1	NW_004072652.1
fr3:HE597524	HE597524		HE597524.1	HE597524.1	NW_004072653.1
fr3:HE597525	HE597525		HE597525.1	HE597525.1	NW_004072654.1
fr3:HE597526	HE597526		HE597526.1	HE597526.1	NW_004072655.1
fr3:HE597527	HE597527		HE597527.1	HE597527.1	NW_004072656.1
fr3:HE597528	HE597528		HE597528.1	HE597528.1	NW_004072657.1
fr3:HE597529	HE597529		HE597529.1	HE597529.1	NW_004072658.1
fr3:HE597530	HE597530		HE597530.1	HE597530.1	NW_004072659.1
fr3:HE597531	HE597531		HE597531.1	HE597531.1	NW_004072660.1
fr3:HE597532	HE597532		HE597532.1	HE597532.1	NW_004072661.1
fr3:HE597533	HE597533		HE597533.1	HE597533.1	NW_004072662.1
fr3:HE597534	HE597534		HE597534.1	HE597534.1	NW_004072663.1
fr3:HE597535	HE597535		HE597535.1	HE597535.1	NW_004072664.1
fr3:HE597536	HE597536		HE597536.1	HE597536.1	NW_004072665.1
fr3:HE597537	HE597537		HE597537.1	HE597537.1	NW_004072666.1
fr3:HE597538	HE597538		HE597538.1	HE597538.1	NW_004072667.1
fr3:HE597539	HE597539		HE597539.1	HE597539.1	NW_004072668.1
fr3:HE597540	HE597540		HE597540.1	HE597540.1	NW_004072669.1
fr3:HE597541	HE597541		HE597541.1	HE597541.1	NW_004072670.1
fr3:HE597542	HE597542		HE597542.1	HE597542.1	NW_004072671.1
fr3:HE597543	HE597543		HE597543.1	HE597543.1	NW_004072672.1
fr3:HE597544	HE597544		HE597544.1	HE597544.1	NW_004072673.1
fr3:HE597545	HE597545		HE597545.1	HE597545.1	NW_004072674.1
fr3:HE597546	HE597546		HE597546.1	HE597546.1	NW_004072675.1
fr3:HE597547	HE597547		HE597547.1	HE597547.1	NW_004072676.1
fr3:HE597548	HE597548		HE597548.1	HE597548.1	NW_004072677.1
fr3:HE597549	HE597549		HE597549.1	HE597549.1	NW_004072678.1
fr3:HE597550	HE597550		HE597550.1	HE597550.1	NW_004072679.1
fr3:HE597551	HE597551		HE597551.1	HE597551.1	NW_004072680.1
fr3:HE597552	HE597552		HE597552.1	HE597552.1	NW_004072681.1
fr3:HE597553	HE597553		HE597553.1	HE597553.1	NW_004072682.1
fr3:HE597554	HE597554		HE597554.1	HE597554.1	NW_004072683.1
fr3:HE597555	HE597555		HE597555.1	HE597555.1	NW_004072684.1
fr3:HE597556	HE597556		HE597556.1	HE597556.1	NW_004072685.1
fr3:HE597557	HE597557		HE597557.1	HE597557.1	NW_004072686.1
fr3:HE597558	HE597558		HE597558.1	HE597558.1	NW_004072687.1
fr3:HE597559	HE597559		HE597559.1	HE597559.1	NW_004072688.1
fr3:HE597560	HE597560		HE597560.1	HE597560.1	NW_004072689.1
fr3:HE597561	HE597561		HE597561.1	HE597561.1	NW_004072690.1
fr3:HE597562	HE597562		HE597562.1	HE597562.1	NW_004072691.1
fr3:HE597563	HE597563		HE597563.1	HE597563.1	NW_004072692.1
fr3:HE597564	HE597564		HE597564.1	HE597564.1	NW_004072693.1
fr3:HE597565	HE597565		HE597565.1	HE597565.1	NW_004072694.1
fr3:HE597566	HE597566		HE597566.1	HE597566.1	NW_004072695.1
fr3:HE597567	HE597567		HE597567.1	HE597567.1	NW_004072696.1
fr3:HE597568	HE597568		HE597568.1	HE597568.1	NW_004072697.1
fr3:HE597569	HE597569		HE597569.1	HE597569.1	NW_004072698.1
fr3:HE597570	HE597570		HE597570.1	HE597570.1	NW_004072699.1
fr3:HE597571	HE597571		HE597571.1	HE597571.1	NW_004072700.1
fr3:HE597572	HE597572		HE597572.1	HE597572.1	NW_004072701.1
fr3:HE597573	HE597573		HE597573.1	HE597573.1	NW_004072702.1
fr3:HE597574	HE597574		HE597574.1	HE597574.1	NW_004072703.1
fr3:HE597575	HE597575		HE597575.1	HE597575.1	NW_004072704.1
fr3:HE597576	HE597576		HE597576.1	HE597576.1	NW_004072705.1
fr3:HE597577	HE597577		HE597577.1	HE597577.1	NW_004072706.1
fr3:HE597578	HE597578		HE597578.1	HE597578.1	NW_004072707.1
fr3:HE597579	HE597579		HE597579.1	HE597579.1	NW_004072708.1
fr3:HE597580	HE597580		HE597580.1	HE597580.1	NW_004072709.1
fr3:HE597581	HE597581		HE597581.1	HE597581.1	NW_004072710.1
fr3:HE597582	HE597582		HE597582.1	HE597582.1	NW_004072711.1
fr3:HE597583	HE597583		HE597583.1	HE597583.1	NW_004072712.1
fr3:HE597584	HE597584		HE597584.1	HE597584.1	NW_004072713.1
fr3:HE597585	HE597585		HE597585.1	HE597585.1	NW_004072714.1
fr3:HE597586	HE597586		HE597586.1	HE597586.1	NW_004072715.1
fr3:HE597587	HE597587		HE597587.1	HE597587.1	NW_004072716.1
fr3:HE597588	HE597588		HE597588.1	HE597588.1	NW_004072717.1
fr3:HE597589	HE597589		HE597589.1	HE597589.1	NW_004072718.1
fr3:HE597590	HE597590		HE597590.1	HE597590.1	NW_004072719.1
fr3:HE597591	HE597591		HE597591.1	HE597591.1	NW_004072720.1
fr3:HE597592	HE597592		HE597592.1	HE597592.1	NW_004072721.1
fr3:HE597593	HE597593		HE597593.1	HE597593.1	NW_004072722.1
fr3:HE597594	HE597594		HE597594.1	HE597594.1	NW_004072723.1
fr3:HE597595	HE597595		HE597595.1	HE597595.1	NW_004072724.1
fr3:HE597596	HE597596		HE597596.1	HE597596.1	NW_004072725.1
fr3:HE597597	HE597597		HE597597.1	HE597597.1	NW_004072726.1
fr3:HE597598	HE597598		HE597598.1	HE597598.1	NW_004072727.1
fr3:HE597599	HE597599		HE597599.1	HE597599.1	NW_004072728.1
fr3:HE597600	HE597600		HE597600.1	HE597600.1	NW_004072729.1
fr3:HE597601	HE597601		HE597601.1	HE597601.1	NW_004072730.1
fr3:HE597602	HE597602		HE597602.1	HE597602.1	NW_004072731.1
fr3:HE597603	HE597603		HE597603.1	HE597603.1	NW_004072732.1
fr3:HE597604	HE597604		HE597604.1	HE597604.1	NW_004072733.1
fr3:HE597605	HE597605		HE597605.1	HE597605.1	NW_004072734.1
fr3:HE597606	HE597606		HE597606.1	HE597606.1	NW_004072735.1
fr3:HE597607	HE597607		HE597607.1	HE597607.1	NW_004072736.1
fr3:HE597608	HE597608		HE597608.1	HE597608.1	NW_004072737.1
fr3:HE597609	HE597609		HE597609.1	HE597609.1	NW_004072738.1
fr3:HE597610	HE597610		HE597610.1	HE597610.1	NW_004072739.1
fr3:HE597611	HE597611		HE597611.1	HE597611.1	NW_004072740.1
fr3:HE597612	HE597612		HE597612.1	HE597612.1	NW_004072741.1
fr3:HE597613	HE597613		HE597613.1	HE597613.1	NW_004072742.1
fr3:HE597614	HE597614		HE597614.1	HE597614.1	NW_004072743.1
fr3:HE597615	HE597615		HE597615.1	HE597615.1	NW_004072744.1
fr3:HE597616	HE597616		HE597616.1	HE597616.1	NW_004072745.1
fr3:HE597617	HE597617		HE597617.1	HE597617.1	NW_004072746.1
fr3:HE597618	HE597618		HE597618.1	HE597618.1	NW_004072747.1
fr3:HE597619	HE597619		HE597619.1	HE597619.1	NW_004072748.1
fr3:HE597620	HE597620		HE597620.1	HE597620.1	NW_004072749.1
fr3:HE597621	HE597621		HE597621.1	HE597621.1	NW_004072750.1
fr3:HE597622	HE597622		HE597622.1	HE597622.1	NW_004072751.1
fr3:HE597623	HE597623		HE597623.1	HE597623.1	NW_004072752.1
fr3:HE597624	HE597624		HE597624.1	HE597624.1	NW_004072753.1
fr3:HE597625	HE597625		HE597625.1	HE597625.1	NW_004072754.1
fr3:HE597626	HE597626		HE597626.1	HE597626.1	NW_004072755.1
fr3:HE597627	HE597627		HE597627.1	HE597627.1	NW_004072756.1
fr3:HE597628	HE597628		HE597628.1	HE597628.1	NW_004072757.1
fr3:HE597629	HE597629		HE597629.1	HE597629.1	NW_004072758.1
fr3:HE597630	HE597630		HE597630.1	HE597630.1	NW_004072759.1
fr3:HE597631	HE597631		HE597631.1	HE597631.1	NW_004072760.1
fr3:HE597632	HE597632		HE597632.1	HE597632.1	NW_004072761.1
fr3:HE597633	HE597633		HE597633.1	HE597633.1	NW_004072762.1
fr3:HE597634	HE597634		HE597634.1	HE597634.1	NW_004072763.1
fr3:HE597635	HE597635		HE597635.1	HE597635.1	NW_004072764.1
fr3:HE597636	HE597636		HE597636.1	HE597636.1	NW_004072765.1
fr3:HE597637	HE597637		HE597637.1	HE597637.1	NW_004072766.1
fr3:HE597638	HE597638		HE597638.1	HE597638.1	NW_004072767.1
fr3:HE597639	HE597639		HE597639.1	HE597639.1	NW_004072768.1
fr3:HE597640	HE597640		HE597640.1	HE597640.1	NW_004072769.1
fr3:HE597641	HE597641		HE597641.1	HE597641.1	NW_004072770.1
fr3:HE597642	HE597642		HE597642.1	HE597642.1	NW_004072771.1
fr3:HE597643	HE597643		HE597643.1	HE597643.1	NW_004072772.1
fr3:HE597644	HE597644		HE597644.1	HE597644.1	NW_004072773.1
fr3:HE597645	HE597645		HE597645.1	HE597645.1	NW_004072774.1
fr3:HE597646	HE597646		HE597646.1	HE597646.1	NW_004072775.1
fr3:HE597647	HE597647		HE597647.1	HE597647.1	NW_004072776.1
fr3:HE597648	HE597648		HE597648.1	HE597648.1	NW_004072777.1
fr3:HE597649	HE597649		HE597649.1	HE597649.1	NW_004072778.1
fr3:HE597650	HE597650		HE597650.1	HE597650.1	NW_004072779.1
fr3:HE597651	HE597651		HE597651.1	HE597651.1	NW_004073163.1
fr3:HE597652	HE597652		HE597652.1	HE597652.1	NW_004073456.1
fr3:HE597653	HE597653		HE597653.1	HE597653.1	NW_004073457.1
fr3:HE597654	HE597654		HE597654.1	HE597654.1	NW_004073458.1
fr3:HE597655	HE597655		HE597655.1	HE597655.1	NW_004073459.1
fr3:HE597656	HE597656		HE597656.1	HE597656.1	NW_004073499.1
fr3:HE597657	HE597657		HE597657.1	HE597657.1	NW_004073500.1
fr3:HE597658	HE597658		HE597658.1	HE597658.1	NW_004073501.1
fr3:HE597659	HE597659		HE597659.1	HE597659.1	NW_004073502.1
fr3:HE597660	HE597660		HE597660.1	HE597660.1	NW_004073503.1
fr3:HE597661	HE597661		HE597661.1	HE597661.1	NW_004073504.1
fr3:HE597662	HE597662		HE597662.1	HE597662.1	NW_004073505.1
fr3:HE597663	HE597663		HE597663.1	HE597663.1	NW_004073506.1
fr3:HE597664	HE597664		HE597664.1	HE597664.1	NW_004073507.1
fr3:HE597665	HE597665		HE597665.1	HE597665.1	NW_004073508.1
fr3:HE597666	HE597666		HE597666.1	HE597666.1	NW_004073509.1
fr3:HE597667	HE597667		HE597667.1	HE597667.1	NW_004073510.1
fr3:HE597668	HE597668		HE597668.1	HE597668.1	NW_004073511.1
fr3:HE597669	HE597669		HE597669.1	HE597669.1	NW_004073512.1
fr3:HE597670	HE597670		HE597670.1	HE597670.1	NW_004073513.1
fr3:HE597671	HE597671		HE597671.1	HE597671.1	NW_004073514.1
fr3:HE597672	HE597672		HE597672.1	HE597672.1	NW_004073515.1
fr3:HE597673	HE597673		HE597673.1	HE597673.1	NW_004073516.1
fr3:HE597674	HE597674		HE597674.1	HE597674.1	NW_004073517.1
fr3:HE597675	HE597675		HE597675.1	HE597675.1	NW_004073518.1
fr3:HE597676	HE597676		HE597676.1	HE597676.1	NW_004073519.1
fr3:HE597677	HE597677		HE597677.1	HE597677.1	NW_004073520.1
fr3:HE597678	HE597678		HE597678.1	HE597678.1	NW_004073521.1
fr3:HE597679	HE597679		HE597679.1	HE597679.1	NW_004073522.1
fr3:HE597680	HE597680		HE597680.1	HE597680.1	NW_004073523.1
fr3:HE597681	HE597681		HE597681.1	HE597681.1	NW_004073524.1
fr3:HE597682	HE597682		HE597682.1	HE597682.1	NW_004073525.1
fr3:HE597683	HE597683		HE597683.1	HE597683.1	NW_004073526.1
fr3:HE597684	HE597684		HE597684.1	HE597684.1	NW_004073527.1
fr3:HE597685	HE597685		HE597685.1	HE597685.1	NW_004073528.1
fr3:HE597686	HE597686		HE597686.1	HE597686.1	NW_004073529.1
fr3:HE597687	HE597687		HE597687.1	HE597687.1	NW_004073530.1
fr3:HE597688	HE597688		HE597688.1	HE597688.1	NW_004073531.1
fr3:HE597689	HE597689		HE597689.1	HE597689.1	NW_004073532.1
fr3:HE597690	HE597690		HE597690.1	HE597690.1	NW_004073533.1
fr3:HE597691	HE597691		HE597691.1	HE597691.1	NW_004073534.1
fr3:HE597692	HE597692		HE597692.1	HE597692.1	NW_004073535.1
fr3:HE597693	HE597693		HE597693.1	HE597693.1	NW_004073536.1
fr3:HE597694	HE597694		HE597694.1	HE597694.1	NW_004073537.1
fr3:HE597695	HE597695		HE597695.1	HE597695.1	NW_004073538.1
fr3:HE597696	HE597696		HE597696.1	HE597696.1	NW_004073539.1
fr3:HE597697	HE597697		HE597697.1	HE597697.1	NW_004073540.1
fr3:HE597698	HE597698		HE597698.1	HE597698.1	NW_004073541.1
fr3:HE597699	HE597699		HE597699.1	HE597699.1	NW_004073542.1
fr3:HE597700	HE597700		HE597700.1	HE597700.1	NW_004073543.1
fr3:HE597701	HE597701		HE597701.1	HE597701.1	NW_004073544.1
fr3:HE597702	HE597702		HE597702.1	HE597702.1	NW_004073545.1
fr3:HE597703	HE597703		HE597703.1	HE597703.1	NW_004073546.1
fr3:HE597704	HE597704		HE597704.1	HE597704.1	NW_004073547.1
fr3:HE597705	HE597705		HE597705.1	HE597705.1	NW_004073548.1
fr3:HE597706	HE597706		HE597706.1	HE597706.1	NW_004073549.1
fr3:HE597707	HE597707		HE597707.1	HE597707.1	NW_004073550.1
fr3:HE597708	HE597708		HE597708.1	HE597708.1	NW_004073551.1
fr3:HE597709	HE597709		HE597709.1	HE597709.1	NW_004073552.1
fr3:HE597710	HE597710		HE597710.1	HE597710.1	NW_004073553.1
fr3:HE597711	HE597711		HE597711.1	HE597711.1	NW_004073554.1
fr3:HE597712	HE597712		HE597712.1	HE597712.1	NW_004073555.1
fr3:HE597713	HE597713		HE597713.1	HE597713.1	NW_004073556.1
fr3:HE597714	HE597714		HE597714.1	HE597714.1	NW_004073557.1
fr3:HE597715	HE597715		HE597715.1	HE597715.1	NW_004073558.1
fr3:HE597716	HE597716		HE597716.1	HE597716.1	NW_004073559.1
fr3:HE597717	HE597717		HE597717.1	HE597717.1	NW_004073560.1
fr3:HE597718	HE597718		HE597718.1	HE597718.1	NW_004073561.1
fr3:HE597719	HE597719		HE597719.1	HE597719.1	NW_004073562.1
fr3:HE597720	HE597720		HE597720.1	HE597720.1	NW_004073563.1
fr3:HE597721	HE597721		HE597721.1	HE597721.1	NW_004073564.1
fr3:HE597722	HE597722		HE597722.1	HE597722.1	NW_004073565.1
fr3:HE597723	HE597723		HE597723.1	HE597723.1	NW_004073566.1
fr3:HE597724	HE597724		HE597724.1	HE597724.1	NW_004073567.1
fr3:HE597725	HE597725		HE597725.1	HE597725.1	NW_004073568.1
fr3:HE597726	HE597726		HE597726.1	HE597726.1	NW_004073569.1
fr3:HE597727	HE597727		HE597727.1	HE597727.1	NW_004073570.1
fr3:HE597728	HE597728		HE597728.1	HE597728.1	NW_004073571.1
fr3:HE597729	HE597729		HE597729.1	HE597729.1	NW_004073572.1
fr3:HE597730	HE597730		HE597730.1	HE597730.1	NW_004073573.1
fr3:HE597731	HE597731		HE597731.1	HE597731.1	NW_004073574.1
fr3:HE597732	HE597732		HE597732.1	HE597732.1	NW_004073575.1
fr3:HE597733	HE597733		HE597733.1	HE597733.1	NW_004073576.1
fr3:HE597734	HE597734		HE597734.1	HE597734.1	NW_004073577.1
fr3:HE597735	HE597735		HE597735.1	HE597735.1	NW_004073578.1
fr3:HE597736	HE597736		HE597736.1	HE597736.1	NW_004073579.1
fr3:HE597737	HE597737		HE597737.1	HE597737.1	NW_004073580.1
fr3:HE597738	HE597738		HE597738.1	HE597738.1	NW_004073581.1
fr3:HE597739	HE597739		HE597739.1	HE597739.1	NW_004073582.1
fr3:HE597740	HE597740		HE597740.1	HE597740.1	NW_004073583.1
fr3:HE597741	HE597741		HE597741.1	HE597741.1	NW_004073584.1
fr3:HE597742	HE597742		HE597742.1	HE597742.1	NW_004073585.1
fr3:HE597743	HE597743		HE597743.1	HE597743.1	NW_004073586.1
fr3:HE597744	HE597744		HE597744.1	HE597744.1	NW_004073587.1
fr3:HE597745	HE597745		HE597745.1	HE597745.1	NW_004073588.1
fr3:HE597746	HE597746		HE597746.1	HE597746.1	NW_004073589.1
fr3:HE597747	HE597747		HE597747.1	HE597747.1	NW_004073590.1
fr3:HE597748	HE597748		HE597748.1	HE597748.1	NW_004073591.1
fr3:HE597749	HE597749		HE597749.1	HE597749.1	NW_004073592.1
fr3:HE597750	HE597750		HE597750.1	HE597750.1	NW_004073593.1
fr3:HE597751	HE597751		HE597751.1	HE597751.1	NW_004073594.1
fr3:HE597752	HE597752		HE597752.1	HE597752.1	NW_004073595.1
fr3:HE597753	HE597753		HE597753.1	HE597753.1	NW_004073596.1
fr3:HE597754	HE597754		HE597754.1	HE597754.1	NW_004073597.1
fr3:HE597755	HE597755		HE597755.1	HE597755.1	NW_004073598.1
fr3:HE597756	HE597756		HE597756.1	HE597756.1	NW_004073599.1
fr3:HE597757	HE597757		HE597757.1	HE597757.1	NW_004073600.1
fr3:HE597758	HE597758		HE597758.1	HE597758.1	NW_004073601.1
fr3:HE597759	HE597759		HE597759.1	HE597759.1	NW_004073602.1
fr3:HE597760	HE597760		HE597760.1	HE597760.1	NW_004073603.1
fr3:HE597761	HE597761		HE597761.1	HE597761.1	NW_004073604.1
fr3:HE597762	HE597762		HE597762.1	HE597762.1	NW_004073605.1
fr3:HE597763	HE597763		HE597763.1	HE597763.1	NW_004073606.1
fr3:HE597764	HE597764		HE597764.1	HE597764.1	NW_004073607.1
fr3:HE597765	HE597765		HE597765.1	HE597765.1	NW_004073608.1
fr3:HE597766	HE597766		HE597766.1	HE597766.1	NW_004073609.1
fr3:HE597767	HE597767		HE597767.1	HE597767.1	NW_004073610.1
fr3:HE597768	HE597768		HE597768.1	HE597768.1	NW_004073611.1
fr3:HE597769	HE597769		HE597769.1	HE597769.1	NW_004073612.1
fr3:HE597770	HE597770		HE597770.1	HE597770.1	NW_004073613.1
fr3:HE597771	HE597771		HE597771.1	HE597771.1	NW_004073614.1
fr3:HE597772	HE597772		HE597772.1	HE597772.1	NW_004073615.1
fr3:HE597773	HE597773		HE597773.1	HE597773.1	NW_004073616.1
fr3:HE597774	HE597774		HE597774.1	HE597774.1	NW_004073617.1
fr3:HE597775	HE597775		HE597775.1	HE597775.1	NW_004073618.1
fr3:HE597776	HE597776		HE597776.1	HE597776.1	NW_004073619.1
fr3:HE597777	HE597777		HE597777.1	HE597777.1	NW_004073620.1
fr3:HE597778	HE597778		HE597778.1	HE597778.1	NW_004073621.1
fr3:HE597779	HE597779		HE597779.1	HE597779.1	NW_004073622.1
fr3:HE597780	HE597780		HE597780.1	HE597780.1	NW_004073623.1
fr3:HE597781	HE597781		HE597781.1	HE597781.1	NW_004073624.1
fr3:HE597782	HE597782		HE597782.1	HE597782.1	NW_004073625.1
fr3:HE597783	HE597783		HE597783.1	HE597783.1	NW_004072166.1
fr3:HE597784	HE597784		HE597784.1	HE597784.1	NW_004072167.1
fr3:HE597785	HE597785		HE597785.1	HE597785.1	NW_004072168.1
fr3:HE597786	HE597786		HE597786.1	HE597786.1	NW_004073765.1
fr3:HE597787	HE597787		HE597787.1	HE597787.1	NW_004073770.1
fr3:HE597788	HE597788		HE597788.1	HE597788.1	NW_004073771.1
fr3:HE597789	HE597789		HE597789.1	HE597789.1	NW_004073772.1
fr3:HE597790	HE597790		HE597790.1	HE597790.1	NW_004073773.1
fr3:HE597791	HE597791		HE597791.1	HE597791.1	NW_004073774.1
fr3:HE597792	HE597792		HE597792.1	HE597792.1	NW_004073775.1
fr3:HE597793	HE597793		HE597793.1	HE597793.1	NW_004073776.1
fr3:HE597794	HE597794		HE597794.1	HE597794.1	NW_004073777.1
fr3:HE597795	HE597795		HE597795.1	HE597795.1	NW_004073778.1
fr3:HE597796	HE597796		HE597796.1	HE597796.1	NW_004073779.1
fr3:HE597797	HE597797		HE597797.1	HE597797.1	NW_004073780.1
fr3:HE597798	HE597798		HE597798.1	HE597798.1	NW_004073781.1
fr3:HE597799	HE597799		HE597799.1	HE597799.1	NW_004073782.1
fr3:HE597800	HE597800		HE597800.1	HE597800.1	NW_004073783.1
fr3:HE597801	HE597801		HE597801.1	HE597801.1	NW_004073784.1
fr3:HE597802	HE597802		HE597802.1	HE597802.1	NW_004073785.1
fr3:HE597803	HE597803		HE597803.1	HE597803.1	NW_004073786.1
fr3:HE597804	HE597804		HE597804.1	HE597804.1	NW_004073787.1
fr3:HE597805	HE597805		HE597805.1	HE597805.1	NW_004073788.1
fr3:HE597806	HE597806		HE597806.1	HE597806.1	NW_004073789.1
fr3:HE597807	HE597807		HE597807.1	HE597807.1	NW_004073790.1
fr3:HE597808	HE597808		HE597808.1	HE597808.1	NW_004073791.1
fr3:HE597809	HE597809		HE597809.1	HE597809.1	NW_004073792.1
fr3:HE597810	HE597810		HE597810.1	HE597810.1	NW_004073793.1
fr3:HE597811	HE597811		HE597811.1	HE597811.1	NW_004073794.1
fr3:HE597812	HE597812		HE597812.1	HE597812.1	NW_004073795.1
fr3:HE597813	HE597813		HE597813.1	HE597813.1	NW_004073796.1
fr3:HE597814	HE597814		HE597814.1	HE597814.1	NW_004073797.1
fr3:HE597815	HE597815		HE597815.1	HE597815.1	NW_004073798.1
fr3:HE597816	HE597816		HE597816.1	HE597816.1	NW_004073799.1
fr3:HE597817	HE597817		HE597817.1	HE597817.1	NW_004073800.1
fr3:HE597818	HE597818		HE597818.1	HE597818.1	NW_004073801.1
fr3:HE597819	HE597819		HE597819.1	HE597819.1	NW_004073802.1
fr3:HE597820	HE597820		HE597820.1	HE597820.1	NW_004073803.1
fr3:HE597821	HE597821		HE597821.1	HE597821.1	NW_004073804.1
fr3:HE597822	HE597822		HE597822.1	HE597822.1	NW_004073805.1
fr3:HE597823	HE597823		HE597823.1	HE597823.1	NW_004073806.1
fr3:HE597824	HE597824		HE597824.1	HE597824.1	NW_004073807.1
fr3:HE597825	HE597825		HE597825.1	HE597825.1	NW_004073808.1
fr3:HE597826	HE597826		HE597826.1	HE597826.1	NW_004073809.1
fr3:HE597827	HE597827		HE597827.1	HE597827.1	NW_004073810.1
fr3:HE597828	HE597828		HE597828.1	HE597828.1	NW_004073811.1
fr3:HE597829	HE597829		HE597829.1	HE597829.1	NW_004073812.1
fr3:HE597830	HE597830		HE597830.1	HE597830.1	NW_004073813.1
fr3:HE597831	HE597831		HE597831.1	HE597831.1	NW_004073814.1
fr3:HE597832	HE597832		HE597832.1	HE597832.1	NW_004073815.1
fr3:HE597833	HE597833		HE597833.1	HE597833.1	NW_004073816.1
fr3:HE597834	HE597834		HE597834.1	HE597834.1	NW_004073817.1
fr3:HE597835	HE597835		HE597835.1	HE597835.1	NW_004073818.1
fr3:HE597836	HE597836		HE597836.1	HE597836.1	NW_004073819.1
fr3:HE597837	HE597837		HE597837.1	HE597837.1	NW_004073820.1
fr3:HE597838	HE597838		HE597838.1	HE597838.1	NW_004073821.1
fr3:HE597839	HE597839		HE597839.1	HE597839.1	NW_004073822.1
fr3:HE597840	HE597840		HE597840.1	HE597840.1	NW_004073823.1
fr3:HE597841	HE597841		HE597841.1	HE597841.1	NW_004073824.1
fr3:HE597842	HE597842		HE597842.1	HE597842.1	NW_004073825.1
fr3:HE597843	HE597843		HE597843.1	HE597843.1	NW_004073826.1
fr3:HE597844	HE597844		HE597844.1	HE597844.1	NW_004073827.1
fr3:HE597845	HE597845		HE597845.1	HE597845.1	NW_004073828.1
fr3:HE597846	HE597846		HE597846.1	HE597846.1	NW_004073829.1
fr3:HE597847	HE597847		HE597847.1	HE597847.1	NW_004073830.1
fr3:HE597848	HE597848		HE597848.1	HE597848.1	NW_004073831.1
fr3:HE597849	HE597849		HE597849.1	HE597849.1	NW_004073832.1
fr3:HE597850	HE597850		HE597850.1	HE597850.1	NW_004073833.1
fr3:HE597851	HE597851		HE597851.1	HE597851.1	NW_004073834.1
fr3:HE597852	HE597852		HE597852.1	HE597852.1	NW_004073835.1
fr3:HE597853	HE597853		HE597853.1	HE597853.1	NW_004073836.1
fr3:HE597854	HE597854		HE597854.1	HE597854.1	NW_004073837.1
fr3:HE597855	HE597855		HE597855.1	HE597855.1	NW_004073838.1
fr3:HE597856	HE597856		HE597856.1	HE597856.1	NW_004073839.1
fr3:HE597857	HE597857		HE597857.1	HE597857.1	NW_004073840.1
fr3:HE597858	HE597858		HE597858.1	HE597858.1	NW_004073841.1
fr3:HE597859	HE597859		HE597859.1	HE597859.1	NW_004073842.1
fr3:HE597860	HE597860		HE597860.1	HE597860.1	NW_004073843.1
fr3:HE597861	HE597861		HE597861.1	HE597861.1	NW_004073844.1
fr3:HE597862	HE597862		HE597862.1	HE597862.1	NW_004073845.1
fr3:HE597863	HE597863		HE597863.1	HE597863.1	NW_004073846.1
fr3:HE597864	HE597864		HE597864.1	HE597864.1	NW_004073847.1
fr3:HE597865	HE597865		HE597865.1	HE597865.1	NW_004073848.1
fr3:HE597866	HE597866		HE597866.1	HE597866.1	NW_004073849.1
fr3:HE597867	HE597867		HE597867.1	HE597867.1	NW_004073850.1
fr3:HE597868	HE597868		HE597868.1	HE597868.1	NW_004073851.1
fr3:HE597869	HE597869		HE597869.1	HE597869.1	NW_004073852.1
fr3:HE597870	HE597870		HE597870.1	HE597870.1	NW_004073853.1
fr3:HE597871	HE597871		HE597871.1	HE597871.1	NW_004073854.1
fr3:HE597872	HE597872		HE597872.1	HE597872.1	NW_004073855.1
fr3:HE597873	HE597873		HE597873.1	HE597873.1	NW_004073856.1
fr3:HE597874	HE597874		HE597874.1	HE597874.1	NW_004073857.1
fr3:HE597875	HE597875		HE597875.1	HE597875.1	NW_004073858.1
fr3:HE597876	HE597876		HE597876.1	HE597876.1	NW_004073859.1
fr3:HE597877	HE597877		HE597877.1	HE597877.1	NW_004073860.1
fr3:HE597878	HE597878		HE597878.1	HE597878.1	NW_004073861.1
fr3:HE597879	HE597879		HE597879.1	HE597879.1	NW_004073862.1
fr3:HE597880	HE597880		HE597880.1	HE597880.1	NW_004073863.1
fr3:HE597881	HE597881		HE597881.1	HE597881.1	NW_004073864.1
fr3:HE597882	HE597882		HE597882.1	HE597882.1	NW_004073865.1
fr3:HE597883	HE597883		HE597883.1	HE597883.1	NW_004073866.1
fr3:HE597884	HE597884		HE597884.1	HE597884.1	NW_004073867.1
fr3:HE597885	HE597885		HE597885.1	HE597885.1	NW_004073868.1
fr3:HE597886	HE597886		HE597886.1	HE597886.1	NW_004073869.1
fr3:HE597887	HE597887		HE597887.1	HE597887.1	NW_004073870.1
fr3:HE597888	HE597888		HE597888.1	HE597888.1	NW_004073871.1
fr3:HE597889	HE597889		HE597889.1	HE597889.1	NW_004073872.1
fr3:HE597890	HE597890		HE597890.1	HE597890.1	NW_004073873.1
fr3:HE597891	HE597891		HE597891.1	HE597891.1	NW_004073874.1
fr3:HE597892	HE597892		HE597892.1	HE597892.1	NW_004073875.1
fr3:HE597893	HE597893		HE597893.1	HE597893.1	NW_004073876.1
fr3:HE597894	HE597894		HE597894.1	HE597894.1	NW_004073877.1
fr3:HE597895	HE597895		HE597895.1	HE597895.1	NW_004073878.1
fr3:HE597896	HE597896		HE597896.1	HE597896.1	NW_004073879.1
fr3:HE597897	HE597897		HE597897.1	HE597897.1	NW_004073880.1
fr3:HE597898	HE597898		HE597898.1	HE597898.1	NW_004073881.1
fr3:HE597899	HE597899		HE597899.1	HE597899.1	NW_004073882.1
fr3:HE597900	HE597900		HE597900.1	HE597900.1	NW_004073883.1
fr3:HE597901	HE597901		HE597901.1	HE597901.1	NW_004073884.1
fr3:HE597902	HE597902		HE597902.1	HE597902.1	NW_004073885.1
fr3:HE597903	HE597903		HE597903.1	HE597903.1	NW_004073886.1
fr3:HE597904	HE597904		HE597904.1	HE597904.1	NW_004073887.1
fr3:HE597905	HE597905		HE597905.1	HE597905.1	NW_004073888.1
fr3:HE597906	HE597906		HE597906.1	HE597906.1	NW_004073889.1
fr3:HE597907	HE597907		HE597907.1	HE597907.1	NW_004073890.1
fr3:HE597908	HE597908		HE597908.1	HE597908.1	NW_004073891.1
fr3:HE597909	HE597909		HE597909.1	HE597909.1	NW_004073892.1
fr3:HE597910	HE597910		HE597910.1	HE597910.1	NW_004073893.1
fr3:HE597911	HE597911		HE597911.1	HE597911.1	NW_004073894.1
fr3:HE597912	HE597912		HE597912.1	HE597912.1	NW_004077518.1
fr3:HE597913	HE597913		HE597913.1	HE597913.1	NW_004073626.1
fr3:HE597914	HE597914		HE597914.1	HE597914.1	NW_004073627.1
fr3:HE597915	HE597915		HE597915.1	HE597915.1	NW_004073628.1
fr3:HE597916	HE597916		HE597916.1	HE597916.1	NW_004073629.1
fr3:HE597917	HE597917		HE597917.1	HE597917.1	NW_004073630.1
fr3:HE597918	HE597918		HE597918.1	HE597918.1	NW_004073631.1
fr3:HE597919	HE597919		HE597919.1	HE597919.1	NW_004073632.1
fr3:HE597920	HE597920		HE597920.1	HE597920.1	NW_004073633.1
fr3:HE597921	HE597921		HE597921.1	HE597921.1	NW_004073634.1
fr3:HE597922	HE597922		HE597922.1	HE597922.1	NW_004073635.1
fr3:HE597923	HE597923		HE597923.1	HE597923.1	NW_004073636.1
fr3:HE597924	HE597924		HE597924.1	HE597924.1	NW_004073637.1
fr3:HE597925	HE597925		HE597925.1	HE597925.1	NW_004073638.1
fr3:HE597926	HE597926		HE597926.1	HE597926.1	NW_004073768.1
fr3:HE597927	HE597927		HE597927.1	HE597927.1	NW_004073769.1
fr3:HE597928	HE597928		HE597928.1	HE597928.1	NW_004074278.1
fr3:HE597929	HE597929		HE597929.1	HE597929.1	NW_004074279.1
fr3:HE597930	HE597930		HE597930.1	HE597930.1	NW_004074280.1
fr3:HE597931	HE597931		HE597931.1	HE597931.1	NW_004074281.1
fr3:HE597932	HE597932		HE597932.1	HE597932.1	NW_004074282.1
fr3:HE597933	HE597933		HE597933.1	HE597933.1	NW_004074283.1
fr3:HE597934	HE597934		HE597934.1	HE597934.1	NW_004074284.1
fr3:HE597935	HE597935		HE597935.1	HE597935.1	NW_004074285.1
fr3:HE597936	HE597936		HE597936.1	HE597936.1	NW_004074286.1
fr3:HE597937	HE597937		HE597937.1	HE597937.1	NW_004074287.1
fr3:HE597938	HE597938		HE597938.1	HE597938.1	NW_004074288.1
fr3:HE597939	HE597939		HE597939.1	HE597939.1	NW_004074289.1
fr3:HE597940	HE597940		HE597940.1	HE597940.1	NW_004074290.1
fr3:HE597941	HE597941		HE597941.1	HE597941.1	NW_004074291.1
fr3:HE597942	HE597942		HE597942.1	HE597942.1	NW_004074292.1
fr3:HE597943	HE597943		HE597943.1	HE597943.1	NW_004074293.1
fr3:HE597944	HE597944		HE597944.1	HE597944.1	NW_004074294.1
fr3:HE597945	HE597945		HE597945.1	HE597945.1	NW_004074295.1
fr3:HE597946	HE597946		HE597946.1	HE597946.1	NW_004074296.1
fr3:HE597947	HE597947		HE597947.1	HE597947.1	NW_004074297.1
fr3:HE597948	HE597948		HE597948.1	HE597948.1	NW_004074298.1
fr3:HE597949	HE597949		HE597949.1	HE597949.1	NW_004074299.1
fr3:HE597950	HE597950		HE597950.1	HE597950.1	NW_004074300.1
fr3:HE597951	HE597951		HE597951.1	HE597951.1	NW_004074301.1
fr3:HE597952	HE597952		HE597952.1	HE597952.1	NW_004074302.1
fr3:HE597953	HE597953		HE597953.1	HE597953.1	NW_004074303.1
fr3:HE597954	HE597954		HE597954.1	HE597954.1	NW_004074304.1
fr3:HE597955	HE597955		HE597955.1	HE597955.1	NW_004074305.1
fr3:HE597956	HE597956		HE597956.1	HE597956.1	NW_004074306.1
fr3:HE597957	HE597957		HE597957.1	HE597957.1	NW_004074307.1
fr3:HE597958	HE597958		HE597958.1	HE597958.1	NW_004074308.1
fr3:HE597959	HE597959		HE597959.1	HE597959.1	NW_004074309.1
fr3:HE597960	HE597960		HE597960.1	HE597960.1	NW_004074310.1
fr3:HE597961	HE597961		HE597961.1	HE597961.1	NW_004074311.1
fr3:HE597962	HE597962		HE597962.1	HE597962.1	NW_004074312.1
fr3:HE597963	HE597963		HE597963.1	HE597963.1	NW_004074313.1
fr3:HE597964	HE597964		HE597964.1	HE597964.1	NW_004074314.1
fr3:HE597965	HE597965		HE597965.1	HE597965.1	NW_004074315.1
fr3:HE597966	HE597966		HE597966.1	HE597966.1	NW_004074316.1
fr3:HE597967	HE597967		HE597967.1	HE597967.1	NW_004074317.1
fr3:HE597968	HE597968		HE597968.1	HE597968.1	NW_004074318.1
fr3:HE597969	HE597969		HE597969.1	HE597969.1	NW_004074319.1
fr3:HE597970	HE597970		HE597970.1	HE597970.1	NW_004074320.1
fr3:HE597971	HE597971		HE597971.1	HE597971.1	NW_004074321.1
fr3:HE597972	HE597972		HE597972.1	HE597972.1	NW_004074322.1
fr3:HE597973	HE597973		HE597973.1	HE597973.1	NW_004074323.1
fr3:HE597974	HE597974		HE597974.1	HE597974.1	NW_004074324.1
fr3:HE597975	HE597975		HE597975.1	HE597975.1	NW_004074325.1
fr3:HE597976	HE597976		HE597976.1	HE597976.1	NW_004074326.1
fr3:HE597977	HE597977		HE597977.1	HE597977.1	NW_004074327.1
fr3:HE597978	HE597978		HE597978.1	HE597978.1	NW_004074328.1
fr3:HE597979	HE597979		HE597979.1	HE597979.1	NW_004074329.1
fr3:HE597980	HE597980		HE597980.1	HE597980.1	NW_004074330.1
fr3:HE597981	HE597981		HE597981.1	HE597981.1	NW_004074331.1
fr3:HE597982	HE597982		HE597982.1	HE597982.1	NW_004074332.1
fr3:HE597983	HE597983		HE597983.1	HE597983.1	NW_004074333.1
fr3:HE597984	HE597984		HE597984.1	HE597984.1	NW_004074334.1
fr3:HE597985	HE597985		HE597985.1	HE597985.1	NW_004074335.1
fr3:HE597986	HE597986		HE597986.1	HE597986.1	NW_004074336.1
fr3:HE597987	HE597987		HE597987.1	HE597987.1	NW_004074337.1
fr3:HE597988	HE597988		HE597988.1	HE597988.1	NW_004074338.1
fr3:HE597989	HE597989		HE597989.1	HE597989.1	NW_004074339.1
fr3:HE597990	HE597990		HE597990.1	HE597990.1	NW_004074340.1
fr3:HE597991	HE597991		HE597991.1	HE597991.1	NW_004074341.1
fr3:HE597992	HE597992		HE597992.1	HE597992.1	NW_004074342.1
fr3:HE597993	HE597993		HE597993.1	HE597993.1	NW_004074343.1
fr3:HE597994	HE597994		HE597994.1	HE597994.1	NW_004074344.1
fr3:HE597995	HE597995		HE597995.1	HE597995.1	NW_004074345.1
fr3:HE597996	HE597996		HE597996.1	HE597996.1	NW_004074346.1
fr3:HE597997	HE597997		HE597997.1	HE597997.1	NW_004074347.1
fr3:HE597998	HE597998		HE597998.1	HE597998.1	NW_004074348.1
fr3:HE597999	HE597999		HE597999.1	HE597999.1	NW_004074349.1
fr3:HE598000	HE598000		HE598000.1	HE598000.1	NW_004074350.1
fr3:HE598001	HE598001		HE598001.1	HE598001.1	NW_004074351.1
fr3:HE598002	HE598002		HE598002.1	HE598002.1	NW_004074352.1
fr3:HE598003	HE598003		HE598003.1	HE598003.1	NW_004074353.1
fr3:HE598004	HE598004		HE598004.1	HE598004.1	NW_004074354.1
fr3:HE598005	HE598005		HE598005.1	HE598005.1	NW_004074355.1
fr3:HE598006	HE598006		HE598006.1	HE598006.1	NW_004074356.1
fr3:HE598007	HE598007		HE598007.1	HE598007.1	NW_004074357.1
fr3:HE598008	HE598008		HE598008.1	HE598008.1	NW_004074358.1
fr3:HE598009	HE598009		HE598009.1	HE598009.1	NW_004074359.1
fr3:HE598010	HE598010		HE598010.1	HE598010.1	NW_004074360.1
fr3:HE598011	HE598011		HE598011.1	HE598011.1	NW_004074361.1
fr3:HE598012	HE598012		HE598012.1	HE598012.1	NW_004074362.1
fr3:HE598013	HE598013		HE598013.1	HE598013.1	NW_004074363.1
fr3:HE598014	HE598014		HE598014.1	HE598014.1	NW_004074364.1
fr3:HE598015	HE598015		HE598015.1	HE598015.1	NW_004074365.1
fr3:HE598016	HE598016		HE598016.1	HE598016.1	NW_004074366.1
fr3:HE598017	HE598017		HE598017.1	HE598017.1	NW_004074367.1
fr3:HE598018	HE598018		HE598018.1	HE598018.1	NW_004074368.1
fr3:HE598019	HE598019		HE598019.1	HE598019.1	NW_004074369.1
fr3:HE598020	HE598020		HE598020.1	HE598020.1	NW_004074370.1
fr3:HE598021	HE598021		HE598021.1	HE598021.1	NW_004074371.1
fr3:HE598022	HE598022		HE598022.1	HE598022.1	NW_004074372.1
fr3:HE598023	HE598023		HE598023.1	HE598023.1	NW_004074373.1
fr3:HE598024	HE598024		HE598024.1	HE598024.1	NW_004074374.1
fr3:HE598025	HE598025		HE598025.1	HE598025.1	NW_004074375.1
fr3:HE598026	HE598026		HE598026.1	HE598026.1	NW_004074376.1
fr3:HE598027	HE598027		HE598027.1	HE598027.1	NW_004074377.1
fr3:HE598028	HE598028		HE598028.1	HE598028.1	NW_004074378.1
fr3:HE598029	HE598029		HE598029.1	HE598029.1	NW_004074379.1
fr3:HE598030	HE598030		HE598030.1	HE598030.1	NW_004074380.1
fr3:HE598031	HE598031		HE598031.1	HE598031.1	NW_004074381.1
fr3:HE598032	HE598032		HE598032.1	HE598032.1	NW_004074382.1
fr3:HE598033	HE598033		HE598033.1	HE598033.1	NW_004074383.1
fr3:HE598034	HE598034		HE598034.1	HE598034.1	NW_004074384.1
fr3:HE598035	HE598035		HE598035.1	HE598035.1	NW_004074385.1
fr3:HE598036	HE598036		HE598036.1	HE598036.1	NW_004074386.1
fr3:HE598037	HE598037		HE598037.1	HE598037.1	NW_004074387.1
fr3:HE598038	HE598038		HE598038.1	HE598038.1	NW_004074388.1
fr3:HE598039	HE598039		HE598039.1	HE598039.1	NW_004074389.1
fr3:HE598040	HE598040		HE598040.1	HE598040.1	NW_004074390.1
fr3:HE598041	HE598041		HE598041.1	HE598041.1	NW_004074391.1
fr3:HE598042	HE598042		HE598042.1	HE598042.1	NW_004074392.1
fr3:HE598043	HE598043		HE598043.1	HE598043.1	NW_004074393.1
fr3:HE598044	HE598044		HE598044.1	HE598044.1	NW_004077519.1
fr3:HE598045	HE598045		HE598045.1	HE598045.1	NW_004074394.1
fr3:HE598046	HE598046		HE598046.1	HE598046.1	NW_004074395.1
fr3:HE598047	HE598047		HE598047.1	HE598047.1	NW_004074396.1
fr3:HE598048	HE598048		HE598048.1	HE598048.1	NW_004074397.1
fr3:HE598049	HE598049		HE598049.1	HE598049.1	NW_004074398.1
fr3:HE598050	HE598050		HE598050.1	HE598050.1	NW_004074399.1
fr3:HE598051	HE598051		HE598051.1	HE598051.1	NW_004074400.1
fr3:HE598052	HE598052		HE598052.1	HE598052.1	NW_004074401.1
fr3:HE598053	HE598053		HE598053.1	HE598053.1	NW_004074402.1
fr3:HE598054	HE598054		HE598054.1	HE598054.1	NW_004074403.1
fr3:HE598055	HE598055		HE598055.1	HE598055.1	NW_004074404.1
fr3:HE598056	HE598056		HE598056.1	HE598056.1	NW_004074405.1
fr3:HE598057	HE598057		HE598057.1	HE598057.1	NW_004074406.1
fr3:HE598058	HE598058		HE598058.1	HE598058.1	NW_004074407.1
fr3:HE598059	HE598059		HE598059.1	HE598059.1	NW_004074408.1
fr3:HE598060	HE598060		HE598060.1	HE598060.1	NW_004074409.1
fr3:HE598061	HE598061		HE598061.1	HE598061.1	NW_004074410.1
fr3:HE598062	HE598062		HE598062.1	HE598062.1	NW_004074411.1
fr3:HE598063	HE598063		HE598063.1	HE598063.1	NW_004074412.1
fr3:HE598064	HE598064		HE598064.1	HE598064.1	NW_004074413.1
fr3:HE598065	HE598065		HE598065.1	HE598065.1	NW_004074414.1
fr3:HE598066	HE598066		HE598066.1	HE598066.1	NW_004074415.1
fr3:HE598067	HE598067		HE598067.1	HE598067.1	NW_004074416.1
fr3:HE598068	HE598068		HE598068.1	HE598068.1	NW_004074417.1
fr3:HE598069	HE598069		HE598069.1	HE598069.1	NW_004074418.1
fr3:HE598070	HE598070		HE598070.1	HE598070.1	NW_004074419.1
fr3:HE598071	HE598071		HE598071.1	HE598071.1	NW_004074420.1
fr3:HE598072	HE598072		HE598072.1	HE598072.1	NW_004074421.1
fr3:HE598073	HE598073		HE598073.1	HE598073.1	NW_004074422.1
fr3:HE598074	HE598074		HE598074.1	HE598074.1	NW_004074423.1
fr3:HE598075	HE598075		HE598075.1	HE598075.1	NW_004074424.1
fr3:HE598076	HE598076		HE598076.1	HE598076.1	NW_004074425.1
fr3:HE598077	HE598077		HE598077.1	HE598077.1	NW_004074426.1
fr3:HE598078	HE598078		HE598078.1	HE598078.1	NW_004074427.1
fr3:HE598079	HE598079		HE598079.1	HE598079.1	NW_004074428.1
fr3:HE598080	HE598080		HE598080.1	HE598080.1	NW_004074429.1
fr3:HE598081	HE598081		HE598081.1	HE598081.1	NW_004074430.1
fr3:HE598082	HE598082		HE598082.1	HE598082.1	NW_004074431.1
fr3:HE598083	HE598083		HE598083.1	HE598083.1	NW_004074432.1
fr3:HE598084	HE598084		HE598084.1	HE598084.1	NW_004074433.1
fr3:HE598085	HE598085		HE598085.1	HE598085.1	NW_004074434.1
fr3:HE598086	HE598086		HE598086.1	HE598086.1	NW_004074435.1
fr3:HE598087	HE598087		HE598087.1	HE598087.1	NW_004074436.1
fr3:HE598088	HE598088		HE598088.1	HE598088.1	NW_004074437.1
fr3:HE598089	HE598089		HE598089.1	HE598089.1	NW_004074438.1
fr3:HE598090	HE598090		HE598090.1	HE598090.1	NW_004073639.1
fr3:HE598091	HE598091		HE598091.1	HE598091.1	NW_004073640.1
fr3:HE598092	HE598092		HE598092.1	HE598092.1	NW_004073641.1
fr3:HE598093	HE598093		HE598093.1	HE598093.1	NW_004073642.1
fr3:HE598094	HE598094		HE598094.1	HE598094.1	NW_004073643.1
fr3:HE598095	HE598095		HE598095.1	HE598095.1	NW_004073644.1
fr3:HE598096	HE598096		HE598096.1	HE598096.1	NW_004073645.1
fr3:HE598097	HE598097		HE598097.1	HE598097.1	NW_004073646.1
fr3:HE598098	HE598098		HE598098.1	HE598098.1	NW_004073647.1
fr3:HE598099	HE598099		HE598099.1	HE598099.1	NW_004073648.1
fr3:HE598100	HE598100		HE598100.1	HE598100.1	NW_004073649.1
fr3:HE598101	HE598101		HE598101.1	HE598101.1	NW_004073650.1
fr3:HE598102	HE598102		HE598102.1	HE598102.1	NW_004073651.1
fr3:HE598103	HE598103		HE598103.1	HE598103.1	NW_004073652.1
fr3:HE598104	HE598104		HE598104.1	HE598104.1	NW_004073653.1
fr3:HE598105	HE598105		HE598105.1	HE598105.1	NW_004073654.1
fr3:HE598106	HE598106		HE598106.1	HE598106.1	NW_004073655.1
fr3:HE598107	HE598107		HE598107.1	HE598107.1	NW_004073656.1
fr3:HE598108	HE598108		HE598108.1	HE598108.1	NW_004073657.1
fr3:HE598109	HE598109		HE598109.1	HE598109.1	NW_004073658.1
fr3:HE598110	HE598110		HE598110.1	HE598110.1	NW_004073659.1
fr3:HE598111	HE598111		HE598111.1	HE598111.1	NW_004073660.1
fr3:HE598112	HE598112		HE598112.1	HE598112.1	NW_004073661.1
fr3:HE598113	HE598113		HE598113.1	HE598113.1	NW_004073662.1
fr3:HE598114	HE598114		HE598114.1	HE598114.1	NW_004073663.1
fr3:HE598115	HE598115		HE598115.1	HE598115.1	NW_004073664.1
fr3:HE598116	HE598116		HE598116.1	HE598116.1	NW_004073665.1
fr3:HE598117	HE598117		HE598117.1	HE598117.1	NW_004073666.1
fr3:HE598118	HE598118		HE598118.1	HE598118.1	NW_004073667.1
fr3:HE598119	HE598119		HE598119.1	HE598119.1	NW_004073668.1
fr3:HE598120	HE598120		HE598120.1	HE598120.1	NW_004073669.1
fr3:HE598121	HE598121		HE598121.1	HE598121.1	NW_004073670.1
fr3:HE598122	HE598122		HE598122.1	HE598122.1	NW_004073671.1
fr3:HE598123	HE598123		HE598123.1	HE598123.1	NW_004073672.1
fr3:HE598124	HE598124		HE598124.1	HE598124.1	NW_004073673.1
fr3:HE598125	HE598125		HE598125.1	HE598125.1	NW_004073674.1
fr3:HE598126	HE598126		HE598126.1	HE598126.1	NW_004073675.1
fr3:HE598127	HE598127		HE598127.1	HE598127.1	NW_004073676.1
fr3:HE598128	HE598128		HE598128.1	HE598128.1	NW_004073677.1
fr3:HE598129	HE598129		HE598129.1	HE598129.1	NW_004073678.1
fr3:HE598130	HE598130		HE598130.1	HE598130.1	NW_004073679.1
fr3:HE598131	HE598131		HE598131.1	HE598131.1	NW_004073680.1
fr3:HE598132	HE598132		HE598132.1	HE598132.1	NW_004074632.1
fr3:HE598133	HE598133		HE598133.1	HE598133.1	NW_004074657.1
fr3:HE598134	HE598134		HE598134.1	HE598134.1	NW_004074658.1
fr3:HE598135	HE598135		HE598135.1	HE598135.1	NW_004074659.1
fr3:HE598136	HE598136		HE598136.1	HE598136.1	NW_004074660.1
fr3:HE598137	HE598137		HE598137.1	HE598137.1	NW_004074661.1
fr3:HE598138	HE598138		HE598138.1	HE598138.1	NW_004074662.1
fr3:HE598139	HE598139		HE598139.1	HE598139.1	NW_004074663.1
fr3:HE598140	HE598140		HE598140.1	HE598140.1	NW_004074664.1
fr3:HE598141	HE598141		HE598141.1	HE598141.1	NW_004074665.1
fr3:HE598142	HE598142		HE598142.1	HE598142.1	NW_004074666.1
fr3:HE598143	HE598143		HE598143.1	HE598143.1	NW_004074667.1
fr3:HE598144	HE598144		HE598144.1	HE598144.1	NW_004074668.1
fr3:HE598145	HE598145		HE598145.1	HE598145.1	NW_004074669.1
fr3:HE598146	HE598146		HE598146.1	HE598146.1	NW_004074670.1
fr3:HE598147	HE598147		HE598147.1	HE598147.1	NW_004074671.1
fr3:HE598148	HE598148		HE598148.1	HE598148.1	NW_004074672.1
fr3:HE598149	HE598149		HE598149.1	HE598149.1	NW_004074673.1
fr3:HE598150	HE598150		HE598150.1	HE598150.1	NW_004074674.1
fr3:HE598151	HE598151		HE598151.1	HE598151.1	NW_004074675.1
fr3:HE598152	HE598152		HE598152.1	HE598152.1	NW_004074676.1
fr3:HE598153	HE598153		HE598153.1	HE598153.1	NW_004074677.1
fr3:HE598154	HE598154		HE598154.1	HE598154.1	NW_004074678.1
fr3:HE598155	HE598155		HE598155.1	HE598155.1	NW_004074679.1
fr3:HE598156	HE598156		HE598156.1	HE598156.1	NW_004074680.1
fr3:HE598157	HE598157		HE598157.1	HE598157.1	NW_004074681.1
fr3:HE598158	HE598158		HE598158.1	HE598158.1	NW_004074682.1
fr3:HE598159	HE598159		HE598159.1	HE598159.1	NW_004074683.1
fr3:HE598160	HE598160		HE598160.1	HE598160.1	NW_004074684.1
fr3:HE598161	HE598161		HE598161.1	HE598161.1	NW_004074685.1
fr3:HE598162	HE598162		HE598162.1	HE598162.1	NW_004074686.1
fr3:HE598163	HE598163		HE598163.1	HE598163.1	NW_004074687.1
fr3:HE598164	HE598164		HE598164.1	HE598164.1	NW_004074688.1
fr3:HE598165	HE598165		HE598165.1	HE598165.1	NW_004074689.1
fr3:HE598166	HE598166		HE598166.1	HE598166.1	NW_004074690.1
fr3:HE598167	HE598167		HE598167.1	HE598167.1	NW_004074691.1
fr3:HE598168	HE598168		HE598168.1	HE598168.1	NW_004074692.1
fr3:HE598169	HE598169		HE598169.1	HE598169.1	NW_004074693.1
fr3:HE598170	HE598170		HE598170.1	HE598170.1	NW_004074694.1
fr3:HE598171	HE598171		HE598171.1	HE598171.1	NW_004074695.1
fr3:HE598172	HE598172		HE598172.1	HE598172.1	NW_004074696.1
fr3:HE598173	HE598173		HE598173.1	HE598173.1	NW_004074697.1
fr3:HE598174	HE598174		HE598174.1	HE598174.1	NW_004074698.1
fr3:HE598175	HE598175		HE598175.1	HE598175.1	NW_004074699.1
fr3:HE598176	HE598176		HE598176.1	HE598176.1	NW_004074700.1
fr3:HE598177	HE598177		HE598177.1	HE598177.1	NW_004074701.1
fr3:HE598178	HE598178		HE598178.1	HE598178.1	NW_004074702.1
fr3:HE598179	HE598179		HE598179.1	HE598179.1	NW_004074703.1
fr3:HE598180	HE598180		HE598180.1	HE598180.1	NW_004074704.1
fr3:HE598181	HE598181		HE598181.1	HE598181.1	NW_004074705.1
fr3:HE598182	HE598182		HE598182.1	HE598182.1	NW_004074706.1
fr3:HE598183	HE598183		HE598183.1	HE598183.1	NW_004074707.1
fr3:HE598184	HE598184		HE598184.1	HE598184.1	NW_004074708.1
fr3:HE598185	HE598185		HE598185.1	HE598185.1	NW_004074709.1
fr3:HE598186	HE598186		HE598186.1	HE598186.1	NW_004074710.1
fr3:HE598187	HE598187		HE598187.1	HE598187.1	NW_004074711.1
fr3:HE598188	HE598188		HE598188.1	HE598188.1	NW_004074712.1
fr3:HE598189	HE598189		HE598189.1	HE598189.1	NW_004074713.1
fr3:HE598190	HE598190		HE598190.1	HE598190.1	NW_004074714.1
fr3:HE598191	HE598191		HE598191.1	HE598191.1	NW_004074715.1
fr3:HE598192	HE598192		HE598192.1	HE598192.1	NW_004074716.1
fr3:HE598193	HE598193		HE598193.1	HE598193.1	NW_004074717.1
fr3:HE598194	HE598194		HE598194.1	HE598194.1	NW_004074718.1
fr3:HE598195	HE598195		HE598195.1	HE598195.1	NW_004074719.1
fr3:HE598196	HE598196		HE598196.1	HE598196.1	NW_004074720.1
fr3:HE598197	HE598197		HE598197.1	HE598197.1	NW_004074721.1
fr3:HE598198	HE598198		HE598198.1	HE598198.1	NW_004074722.1
fr3:HE598199	HE598199		HE598199.1	HE598199.1	NW_004074723.1
fr3:HE598200	HE598200		HE598200.1	HE598200.1	NW_004074724.1
fr3:HE598201	HE598201		HE598201.1	HE598201.1	NW_004074725.1
fr3:HE598202	HE598202		HE598202.1	HE598202.1	NW_004074726.1
fr3:HE598203	HE598203		HE598203.1	HE598203.1	NW_004074727.1
fr3:HE598204	HE598204		HE598204.1	HE598204.1	NW_004074728.1
fr3:HE598205	HE598205		HE598205.1	HE598205.1	NW_004074729.1
fr3:HE598206	HE598206		HE598206.1	HE598206.1	NW_004074730.1
fr3:HE598207	HE598207		HE598207.1	HE598207.1	NW_004074731.1
fr3:HE598208	HE598208		HE598208.1	HE598208.1	NW_004074732.1
fr3:HE598209	HE598209		HE598209.1	HE598209.1	NW_004074733.1
fr3:HE598210	HE598210		HE598210.1	HE598210.1	NW_004074734.1
fr3:HE598211	HE598211		HE598211.1	HE598211.1	NW_004074735.1
fr3:HE598212	HE598212		HE598212.1	HE598212.1	NW_004074736.1
fr3:HE598213	HE598213		HE598213.1	HE598213.1	NW_004074737.1
fr3:HE598214	HE598214		HE598214.1	HE598214.1	NW_004074738.1
fr3:HE598215	HE598215		HE598215.1	HE598215.1	NW_004074739.1
fr3:HE598216	HE598216		HE598216.1	HE598216.1	NW_004074740.1
fr3:HE598217	HE598217		HE598217.1	HE598217.1	NW_004074741.1
fr3:HE598218	HE598218		HE598218.1	HE598218.1	NW_004074742.1
fr3:HE598219	HE598219		HE598219.1	HE598219.1	NW_004074743.1
fr3:HE598220	HE598220		HE598220.1	HE598220.1	NW_004074744.1
fr3:HE598221	HE598221		HE598221.1	HE598221.1	NW_004074745.1
fr3:HE598222	HE598222		HE598222.1	HE598222.1	NW_004074746.1
fr3:HE598223	HE598223		HE598223.1	HE598223.1	NW_004074747.1
fr3:HE598224	HE598224		HE598224.1	HE598224.1	NW_004074748.1
fr3:HE598225	HE598225		HE598225.1	HE598225.1	NW_004074749.1
fr3:HE598226	HE598226		HE598226.1	HE598226.1	NW_004074750.1
fr3:HE598227	HE598227		HE598227.1	HE598227.1	NW_004074751.1
fr3:HE598228	HE598228		HE598228.1	HE598228.1	NW_004074752.1
fr3:HE598229	HE598229		HE598229.1	HE598229.1	NW_004074753.1
fr3:HE598230	HE598230		HE598230.1	HE598230.1	NW_004074754.1
fr3:HE598231	HE598231		HE598231.1	HE598231.1	NW_004074755.1
fr3:HE598232	HE598232		HE598232.1	HE598232.1	NW_004074756.1
fr3:HE598233	HE598233		HE598233.1	HE598233.1	NW_004074757.1
fr3:HE598234	HE598234		HE598234.1	HE598234.1	NW_004074758.1
fr3:HE598235	HE598235		HE598235.1	HE598235.1	NW_004074759.1
fr3:HE598236	HE598236		HE598236.1	HE598236.1	NW_004074760.1
fr3:HE598237	HE598237		HE598237.1	HE598237.1	NW_004074761.1
fr3:HE598238	HE598238		HE598238.1	HE598238.1	NW_004074762.1
fr3:HE598239	HE598239		HE598239.1	HE598239.1	NW_004074763.1
fr3:HE598240	HE598240		HE598240.1	HE598240.1	NW_004074764.1
fr3:HE598241	HE598241		HE598241.1	HE598241.1	NW_004074765.1
fr3:HE598242	HE598242		HE598242.1	HE598242.1	NW_004074766.1
fr3:HE598243	HE598243		HE598243.1	HE598243.1	NW_004074767.1
fr3:HE598244	HE598244		HE598244.1	HE598244.1	NW_004074768.1
fr3:HE598245	HE598245		HE598245.1	HE598245.1	NW_004074769.1
fr3:HE598246	HE598246		HE598246.1	HE598246.1	NW_004074770.1
fr3:HE598247	HE598247		HE598247.1	HE598247.1	NW_004074771.1
fr3:HE598248	HE598248		HE598248.1	HE598248.1	NW_004074772.1
fr3:HE598249	HE598249		HE598249.1	HE598249.1	NW_004074773.1
fr3:HE598250	HE598250		HE598250.1	HE598250.1	NW_004074774.1
fr3:HE598251	HE598251		HE598251.1	HE598251.1	NW_004074775.1
fr3:HE598252	HE598252		HE598252.1	HE598252.1	NW_004074776.1
fr3:HE598253	HE598253		HE598253.1	HE598253.1	NW_004074777.1
fr3:HE598254	HE598254		HE598254.1	HE598254.1	NW_004074778.1
fr3:HE598255	HE598255		HE598255.1	HE598255.1	NW_004074779.1
fr3:HE598256	HE598256		HE598256.1	HE598256.1	NW_004074780.1
fr3:HE598257	HE598257		HE598257.1	HE598257.1	NW_004074781.1
fr3:HE598258	HE598258		HE598258.1	HE598258.1	NW_004074782.1
fr3:HE598259	HE598259		HE598259.1	HE598259.1	NW_004074783.1
fr3:HE598260	HE598260		HE598260.1	HE598260.1	NW_004074784.1
fr3:HE598261	HE598261		HE598261.1	HE598261.1	NW_004074785.1
fr3:HE598262	HE598262		HE598262.1	HE598262.1	NW_004074786.1
fr3:HE598263	HE598263		HE598263.1	HE598263.1	NW_004074787.1
fr3:HE598264	HE598264		HE598264.1	HE598264.1	NW_004074788.1
fr3:HE598265	HE598265		HE598265.1	HE598265.1	NW_004074789.1
fr3:HE598266	HE598266		HE598266.1	HE598266.1	NW_004074790.1
fr3:HE598267	HE598267		HE598267.1	HE598267.1	NW_004074791.1
fr3:HE598268	HE598268		HE598268.1	HE598268.1	NW_004074792.1
fr3:HE598269	HE598269		HE598269.1	HE598269.1	NW_004074793.1
fr3:HE598270	HE598270		HE598270.1	HE598270.1	NW_004074794.1
fr3:HE598271	HE598271		HE598271.1	HE598271.1	NW_004074795.1
fr3:HE598272	HE598272		HE598272.1	HE598272.1	NW_004074796.1
fr3:HE598273	HE598273		HE598273.1	HE598273.1	NW_004074797.1
fr3:HE598274	HE598274		HE598274.1	HE598274.1	NW_004074798.1
fr3:HE598275	HE598275		HE598275.1	HE598275.1	NW_004074799.1
fr3:HE598276	HE598276		HE598276.1	HE598276.1	NW_004074800.1
fr3:HE598277	HE598277		HE598277.1	HE598277.1	NW_004074801.1
fr3:HE598278	HE598278		HE598278.1	HE598278.1	NW_004074802.1
fr3:HE598279	HE598279		HE598279.1	HE598279.1	NW_004074803.1
fr3:HE598280	HE598280		HE598280.1	HE598280.1	NW_004074804.1
fr3:HE598281	HE598281		HE598281.1	HE598281.1	NW_004074805.1
fr3:HE598282	HE598282		HE598282.1	HE598282.1	NW_004074806.1
fr3:HE598283	HE598283		HE598283.1	HE598283.1	NW_004074807.1
fr3:HE598284	HE598284		HE598284.1	HE598284.1	NW_004074808.1
fr3:HE598285	HE598285		HE598285.1	HE598285.1	NW_004074809.1
fr3:HE598286	HE598286		HE598286.1	HE598286.1	NW_004074810.1
fr3:HE598287	HE598287		HE598287.1	HE598287.1	NW_004074811.1
fr3:HE598288	HE598288		HE598288.1	HE598288.1	NW_004074812.1
fr3:HE598289	HE598289		HE598289.1	HE598289.1	NW_004074813.1
fr3:HE598290	HE598290		HE598290.1	HE598290.1	NW_004074814.1
fr3:HE598291	HE598291		HE598291.1	HE598291.1	NW_004074815.1
fr3:HE598292	HE598292		HE598292.1	HE598292.1	NW_004073681.1
fr3:HE598293	HE598293		HE598293.1	HE598293.1	NW_004073682.1
fr3:HE598294	HE598294		HE598294.1	HE598294.1	NW_004073683.1
fr3:HE598295	HE598295		HE598295.1	HE598295.1	NW_004073684.1
fr3:HE598296	HE598296		HE598296.1	HE598296.1	NW_004073685.1
fr3:HE598297	HE598297		HE598297.1	HE598297.1	NW_004073686.1
fr3:HE598298	HE598298		HE598298.1	HE598298.1	NW_004073687.1
fr3:HE598299	HE598299		HE598299.1	HE598299.1	NW_004073688.1
fr3:HE598300	HE598300		HE598300.1	HE598300.1	NW_004073689.1
fr3:HE598301	HE598301		HE598301.1	HE598301.1	NW_004073690.1
fr3:HE598302	HE598302		HE598302.1	HE598302.1	NW_004073691.1
fr3:HE598303	HE598303		HE598303.1	HE598303.1	NW_004073692.1
fr3:HE598304	HE598304		HE598304.1	HE598304.1	NW_004073693.1
fr3:HE598305	HE598305		HE598305.1	HE598305.1	NW_004073694.1
fr3:HE598306	HE598306		HE598306.1	HE598306.1	NW_004073695.1
fr3:HE598307	HE598307		HE598307.1	HE598307.1	NW_004073696.1
fr3:HE598308	HE598308		HE598308.1	HE598308.1	NW_004073697.1
fr3:HE598309	HE598309		HE598309.1	HE598309.1	NW_004073698.1
fr3:HE598310	HE598310		HE598310.1	HE598310.1	NW_004073699.1
fr3:HE598311	HE598311		HE598311.1	HE598311.1	NW_004073700.1
fr3:HE598312	HE598312		HE598312.1	HE598312.1	NW_004073701.1
fr3:HE598313	HE598313		HE598313.1	HE598313.1	NW_004073702.1
fr3:HE598314	HE598314		HE598314.1	HE598314.1	NW_004073703.1
fr3:HE598315	HE598315		HE598315.1	HE598315.1	NW_004073704.1
fr3:HE598316	HE598316		HE598316.1	HE598316.1	NW_004073705.1
fr3:HE598317	HE598317		HE598317.1	HE598317.1	NW_004073706.1
fr3:HE598318	HE598318		HE598318.1	HE598318.1	NW_004073707.1
fr3:HE598319	HE598319		HE598319.1	HE598319.1	NW_004073708.1
fr3:HE598320	HE598320		HE598320.1	HE598320.1	NW_004073709.1
fr3:HE598321	HE598321		HE598321.1	HE598321.1	NW_004073710.1
fr3:HE598322	HE598322		HE598322.1	HE598322.1	NW_004073711.1
fr3:HE598323	HE598323		HE598323.1	HE598323.1	NW_004073712.1
fr3:HE598324	HE598324		HE598324.1	HE598324.1	NW_004073713.1
fr3:HE598325	HE598325		HE598325.1	HE598325.1	NW_004073714.1
fr3:HE598326	HE598326		HE598326.1	HE598326.1	NW_004073715.1
fr3:HE598327	HE598327		HE598327.1	HE598327.1	NW_004073716.1
fr3:HE598328	HE598328		HE598328.1	HE598328.1	NW_004073717.1
fr3:HE598329	HE598329		HE598329.1	HE598329.1	NW_004073718.1
fr3:HE598330	HE598330		HE598330.1	HE598330.1	NW_004073719.1
fr3:HE598331	HE598331		HE598331.1	HE598331.1	NW_004073720.1
fr3:HE598332	HE598332		HE598332.1	HE598332.1	NW_004073721.1
fr3:HE598333	HE598333		HE598333.1	HE598333.1	NW_004073722.1
fr3:HE598334	HE598334		HE598334.1	HE598334.1	NW_004074654.1
fr3:HE598335	HE598335		HE598335.1	HE598335.1	NW_004074859.1
fr3:HE598336	HE598336		HE598336.1	HE598336.1	NW_004074860.1
fr3:HE598337	HE598337		HE598337.1	HE598337.1	NW_004074861.1
fr3:HE598338	HE598338		HE598338.1	HE598338.1	NW_004074862.1
fr3:HE598339	HE598339		HE598339.1	HE598339.1	NW_004074863.1
fr3:HE598340	HE598340		HE598340.1	HE598340.1	NW_004074864.1
fr3:HE598341	HE598341		HE598341.1	HE598341.1	NW_004074865.1
fr3:HE598342	HE598342		HE598342.1	HE598342.1	NW_004074866.1
fr3:HE598343	HE598343		HE598343.1	HE598343.1	NW_004074867.1
fr3:HE598344	HE598344		HE598344.1	HE598344.1	NW_004074868.1
fr3:HE598345	HE598345		HE598345.1	HE598345.1	NW_004074869.1
fr3:HE598346	HE598346		HE598346.1	HE598346.1	NW_004074870.1
fr3:HE598347	HE598347		HE598347.1	HE598347.1	NW_004074871.1
fr3:HE598348	HE598348		HE598348.1	HE598348.1	NW_004074872.1
fr3:HE598349	HE598349		HE598349.1	HE598349.1	NW_004074873.1
fr3:HE598350	HE598350		HE598350.1	HE598350.1	NW_004074874.1
fr3:HE598351	HE598351		HE598351.1	HE598351.1	NW_004074875.1
fr3:HE598352	HE598352		HE598352.1	HE598352.1	NW_004074876.1
fr3:HE598353	HE598353		HE598353.1	HE598353.1	NW_004074877.1
fr3:HE598354	HE598354		HE598354.1	HE598354.1	NW_004074878.1
fr3:HE598355	HE598355		HE598355.1	HE598355.1	NW_004074879.1
fr3:HE598356	HE598356		HE598356.1	HE598356.1	NW_004074880.1
fr3:HE598357	HE598357		HE598357.1	HE598357.1	NW_004074881.1
fr3:HE598358	HE598358		HE598358.1	HE598358.1	NW_004074882.1
fr3:HE598359	HE598359		HE598359.1	HE598359.1	NW_004074883.1
fr3:HE598360	HE598360		HE598360.1	HE598360.1	NW_004074884.1
fr3:HE598361	HE598361		HE598361.1	HE598361.1	NW_004074885.1
fr3:HE598362	HE598362		HE598362.1	HE598362.1	NW_004074886.1
fr3:HE598363	HE598363		HE598363.1	HE598363.1	NW_004074887.1
fr3:HE598364	HE598364		HE598364.1	HE598364.1	NW_004074888.1
fr3:HE598365	HE598365		HE598365.1	HE598365.1	NW_004074889.1
fr3:HE598366	HE598366		HE598366.1	HE598366.1	NW_004074890.1
fr3:HE598367	HE598367		HE598367.1	HE598367.1	NW_004074891.1
fr3:HE598368	HE598368		HE598368.1	HE598368.1	NW_004074892.1
fr3:HE598369	HE598369		HE598369.1	HE598369.1	NW_004077520.1
fr3:HE598370	HE598370		HE598370.1	HE598370.1	NW_004074893.1
fr3:HE598371	HE598371		HE598371.1	HE598371.1	NW_004074894.1
fr3:HE598372	HE598372		HE598372.1	HE598372.1	NW_004074895.1
fr3:HE598373	HE598373		HE598373.1	HE598373.1	NW_004074896.1
fr3:HE598374	HE598374		HE598374.1	HE598374.1	NW_004074897.1
fr3:HE598375	HE598375		HE598375.1	HE598375.1	NW_004074898.1
fr3:HE598376	HE598376		HE598376.1	HE598376.1	NW_004074899.1
fr3:HE598377	HE598377		HE598377.1	HE598377.1	NW_004074900.1
fr3:HE598378	HE598378		HE598378.1	HE598378.1	NW_004074901.1
fr3:HE598379	HE598379		HE598379.1	HE598379.1	NW_004074902.1
fr3:HE598380	HE598380		HE598380.1	HE598380.1	NW_004074903.1
fr3:HE598381	HE598381		HE598381.1	HE598381.1	NW_004074904.1
fr3:HE598382	HE598382		HE598382.1	HE598382.1	NW_004074905.1
fr3:HE598383	HE598383		HE598383.1	HE598383.1	NW_004074906.1
fr3:HE598384	HE598384		HE598384.1	HE598384.1	NW_004074907.1
fr3:HE598385	HE598385		HE598385.1	HE598385.1	NW_004074908.1
fr3:HE598386	HE598386		HE598386.1	HE598386.1	NW_004074909.1
fr3:HE598387	HE598387		HE598387.1	HE598387.1	NW_004074910.1
fr3:HE598388	HE598388		HE598388.1	HE598388.1	NW_004074911.1
fr3:HE598389	HE598389		HE598389.1	HE598389.1	NW_004074912.1
fr3:HE598390	HE598390		HE598390.1	HE598390.1	NW_004074913.1
fr3:HE598391	HE598391		HE598391.1	HE598391.1	NW_004074914.1
fr3:HE598392	HE598392		HE598392.1	HE598392.1	NW_004074915.1
fr3:HE598393	HE598393		HE598393.1	HE598393.1	NW_004074916.1
fr3:HE598394	HE598394		HE598394.1	HE598394.1	NW_004074917.1
fr3:HE598395	HE598395		HE598395.1	HE598395.1	NW_004074918.1
fr3:HE598396	HE598396		HE598396.1	HE598396.1	NW_004074919.1
fr3:HE598397	HE598397		HE598397.1	HE598397.1	NW_004074920.1
fr3:HE598398	HE598398		HE598398.1	HE598398.1	NW_004074921.1
fr3:HE598399	HE598399		HE598399.1	HE598399.1	NW_004074922.1
fr3:HE598400	HE598400		HE598400.1	HE598400.1	NW_004074923.1
fr3:HE598401	HE598401		HE598401.1	HE598401.1	NW_004074924.1
fr3:HE598402	HE598402		HE598402.1	HE598402.1	NW_004074925.1
fr3:HE598403	HE598403		HE598403.1	HE598403.1	NW_004074926.1
fr3:HE598404	HE598404		HE598404.1	HE598404.1	NW_004074927.1
fr3:HE598405	HE598405		HE598405.1	HE598405.1	NW_004074928.1
fr3:HE598406	HE598406		HE598406.1	HE598406.1	NW_004074929.1
fr3:HE598407	HE598407		HE598407.1	HE598407.1	NW_004074930.1
fr3:HE598408	HE598408		HE598408.1	HE598408.1	NW_004074931.1
fr3:HE598409	HE598409		HE598409.1	HE598409.1	NW_004074932.1
fr3:HE598410	HE598410		HE598410.1	HE598410.1	NW_004074933.1
fr3:HE598411	HE598411		HE598411.1	HE598411.1	NW_004074934.1
fr3:HE598412	HE598412		HE598412.1	HE598412.1	NW_004074935.1
fr3:HE598413	HE598413		HE598413.1	HE598413.1	NW_004074936.1
fr3:HE598414	HE598414		HE598414.1	HE598414.1	NW_004074937.1
fr3:HE598415	HE598415		HE598415.1	HE598415.1	NW_004074938.1
fr3:HE598416	HE598416		HE598416.1	HE598416.1	NW_004074939.1
fr3:HE598417	HE598417		HE598417.1	HE598417.1	NW_004074940.1
fr3:HE598418	HE598418		HE598418.1	HE598418.1	NW_004074941.1
fr3:HE598419	HE598419		HE598419.1	HE598419.1	NW_004074942.1
fr3:HE598420	HE598420		HE598420.1	HE598420.1	NW_004074943.1
fr3:HE598421	HE598421		HE598421.1	HE598421.1	NW_004074944.1
fr3:HE598422	HE598422		HE598422.1	HE598422.1	NW_004074945.1
fr3:HE598423	HE598423		HE598423.1	HE598423.1	NW_004074946.1
fr3:HE598424	HE598424		HE598424.1	HE598424.1	NW_004074947.1
fr3:HE598425	HE598425		HE598425.1	HE598425.1	NW_004074948.1
fr3:HE598426	HE598426		HE598426.1	HE598426.1	NW_004074949.1
fr3:HE598427	HE598427		HE598427.1	HE598427.1	NW_004074950.1
fr3:HE598428	HE598428		HE598428.1	HE598428.1	NW_004074951.1
fr3:HE598429	HE598429		HE598429.1	HE598429.1	NW_004074952.1
fr3:HE598430	HE598430		HE598430.1	HE598430.1	NW_004074953.1
fr3:HE598431	HE598431		HE598431.1	HE598431.1	NW_004074954.1
fr3:HE598432	HE598432		HE598432.1	HE598432.1	NW_004074955.1
fr3:HE598433	HE598433		HE598433.1	HE598433.1	NW_004074956.1
fr3:HE598434	HE598434		HE598434.1	HE598434.1	NW_004074957.1
fr3:HE598435	HE598435		HE598435.1	HE598435.1	NW_004074958.1
fr3:HE598436	HE598436		HE598436.1	HE598436.1	NW_004074959.1
fr3:HE598437	HE598437		HE598437.1	HE598437.1	NW_004074960.1
fr3:HE598438	HE598438		HE598438.1	HE598438.1	NW_004074961.1
fr3:HE598439	HE598439		HE598439.1	HE598439.1	NW_004074962.1
fr3:HE598440	HE598440		HE598440.1	HE598440.1	NW_004074963.1
fr3:HE598441	HE598441		HE598441.1	HE598441.1	NW_004074964.1
fr3:HE598442	HE598442		HE598442.1	HE598442.1	NW_004074965.1
fr3:HE598443	HE598443		HE598443.1	HE598443.1	NW_004074966.1
fr3:HE598444	HE598444		HE598444.1	HE598444.1	NW_004074967.1
fr3:HE598445	HE598445		HE598445.1	HE598445.1	NW_004074968.1
fr3:HE598446	HE598446		HE598446.1	HE598446.1	NW_004074969.1
fr3:HE598447	HE598447		HE598447.1	HE598447.1	NW_004074970.1
fr3:HE598448	HE598448		HE598448.1	HE598448.1	NW_004074971.1
fr3:HE598449	HE598449		HE598449.1	HE598449.1	NW_004074972.1
fr3:HE598450	HE598450		HE598450.1	HE598450.1	NW_004074973.1
fr3:HE598451	HE598451		HE598451.1	HE598451.1	NW_004074974.1
fr3:HE598452	HE598452		HE598452.1	HE598452.1	NW_004074975.1
fr3:HE598453	HE598453		HE598453.1	HE598453.1	NW_004074976.1
fr3:HE598454	HE598454		HE598454.1	HE598454.1	NW_004074977.1
fr3:HE598455	HE598455		HE598455.1	HE598455.1	NW_004074978.1
fr3:HE598456	HE598456		HE598456.1	HE598456.1	NW_004074979.1
fr3:HE598457	HE598457		HE598457.1	HE598457.1	NW_004074980.1
fr3:HE598458	HE598458		HE598458.1	HE598458.1	NW_004074981.1
fr3:HE598459	HE598459		HE598459.1	HE598459.1	NW_004074982.1
fr3:HE598460	HE598460		HE598460.1	HE598460.1	NW_004074983.1
fr3:HE598461	HE598461		HE598461.1	HE598461.1	NW_004074984.1
fr3:HE598462	HE598462		HE598462.1	HE598462.1	NW_004074985.1
fr3:HE598463	HE598463		HE598463.1	HE598463.1	NW_004074986.1
fr3:HE598464	HE598464		HE598464.1	HE598464.1	NW_004074987.1
fr3:HE598465	HE598465		HE598465.1	HE598465.1	NW_004074988.1
fr3:HE598466	HE598466		HE598466.1	HE598466.1	NW_004074989.1
fr3:HE598467	HE598467		HE598467.1	HE598467.1	NW_004074990.1
fr3:HE598468	HE598468		HE598468.1	HE598468.1	NW_004074991.1
fr3:HE598469	HE598469		HE598469.1	HE598469.1	NW_004074992.1
fr3:HE598470	HE598470		HE598470.1	HE598470.1	NW_004074993.1
fr3:HE598471	HE598471		HE598471.1	HE598471.1	NW_004074994.1
fr3:HE598472	HE598472		HE598472.1	HE598472.1	NW_004074995.1
fr3:HE598473	HE598473		HE598473.1	HE598473.1	NW_004074996.1
fr3:HE598474	HE598474		HE598474.1	HE598474.1	NW_004074997.1
fr3:HE598475	HE598475		HE598475.1	HE598475.1	NW_004074998.1
fr3:HE598476	HE598476		HE598476.1	HE598476.1	NW_004074999.1
fr3:HE598477	HE598477		HE598477.1	HE598477.1	NW_004075000.1
fr3:HE598478	HE598478		HE598478.1	HE598478.1	NW_004075001.1
fr3:HE598479	HE598479		HE598479.1	HE598479.1	NW_004075002.1
fr3:HE598480	HE598480		HE598480.1	HE598480.1	NW_004075003.1
fr3:HE598481	HE598481		HE598481.1	HE598481.1	NW_004075004.1
fr3:HE598482	HE598482		HE598482.1	HE598482.1	NW_004075005.1
fr3:HE598483	HE598483		HE598483.1	HE598483.1	NW_004075006.1
fr3:HE598484	HE598484		HE598484.1	HE598484.1	NW_004075007.1
fr3:HE598485	HE598485		HE598485.1	HE598485.1	NW_004075008.1
fr3:HE598486	HE598486		HE598486.1	HE598486.1	NW_004075009.1
fr3:HE598487	HE598487		HE598487.1	HE598487.1	NW_004073723.1
fr3:HE598488	HE598488		HE598488.1	HE598488.1	NW_004073724.1
fr3:HE598489	HE598489		HE598489.1	HE598489.1	NW_004073725.1
fr3:HE598490	HE598490		HE598490.1	HE598490.1	NW_004073726.1
fr3:HE598491	HE598491		HE598491.1	HE598491.1	NW_004073727.1
fr3:HE598492	HE598492		HE598492.1	HE598492.1	NW_004073728.1
fr3:HE598493	HE598493		HE598493.1	HE598493.1	NW_004073729.1
fr3:HE598494	HE598494		HE598494.1	HE598494.1	NW_004073730.1
fr3:HE598495	HE598495		HE598495.1	HE598495.1	NW_004073731.1
fr3:HE598496	HE598496		HE598496.1	HE598496.1	NW_004073732.1
fr3:HE598497	HE598497		HE598497.1	HE598497.1	NW_004073733.1
fr3:HE598498	HE598498		HE598498.1	HE598498.1	NW_004073734.1
fr3:HE598499	HE598499		HE598499.1	HE598499.1	NW_004073735.1
fr3:HE598500	HE598500		HE598500.1	HE598500.1	NW_004073736.1
fr3:HE598501	HE598501		HE598501.1	HE598501.1	NW_004073737.1
fr3:HE598502	HE598502		HE598502.1	HE598502.1	NW_004073738.1
fr3:HE598503	HE598503		HE598503.1	HE598503.1	NW_004073739.1
fr3:HE598504	HE598504		HE598504.1	HE598504.1	NW_004073740.1
fr3:HE598505	HE598505		HE598505.1	HE598505.1	NW_004073741.1
fr3:HE598506	HE598506		HE598506.1	HE598506.1	NW_004073742.1
fr3:HE598507	HE598507		HE598507.1	HE598507.1	NW_004073743.1
fr3:HE598508	HE598508		HE598508.1	HE598508.1	NW_004073744.1
fr3:HE598509	HE598509		HE598509.1	HE598509.1	NW_004073745.1
fr3:HE598510	HE598510		HE598510.1	HE598510.1	NW_004073746.1
fr3:HE598511	HE598511		HE598511.1	HE598511.1	NW_004073747.1
fr3:HE598512	HE598512		HE598512.1	HE598512.1	NW_004073748.1
fr3:HE598513	HE598513		HE598513.1	HE598513.1	NW_004073749.1
fr3:HE598514	HE598514		HE598514.1	HE598514.1	NW_004073750.1
fr3:HE598515	HE598515		HE598515.1	HE598515.1	NW_004073751.1
fr3:HE598516	HE598516		HE598516.1	HE598516.1	NW_004073752.1
fr3:HE598517	HE598517		HE598517.1	HE598517.1	NW_004073753.1
fr3:HE598518	HE598518		HE598518.1	HE598518.1	NW_004073754.1
fr3:HE598519	HE598519		HE598519.1	HE598519.1	NW_004073755.1
fr3:HE598520	HE598520		HE598520.1	HE598520.1	NW_004073756.1
fr3:HE598521	HE598521		HE598521.1	HE598521.1	NW_004073757.1
fr3:HE598522	HE598522		HE598522.1	HE598522.1	NW_004073758.1
fr3:HE598523	HE598523		HE598523.1	HE598523.1	NW_004073759.1
fr3:HE598524	HE598524		HE598524.1	HE598524.1	NW_004073760.1
fr3:HE598525	HE598525		HE598525.1	HE598525.1	NW_004073761.1
fr3:HE598526	HE598526		HE598526.1	HE598526.1	NW_004073762.1
fr3:HE598527	HE598527		HE598527.1	HE598527.1	NW_004073763.1
fr3:HE598528	HE598528		HE598528.1	HE598528.1	NW_004074655.1
fr3:HE598529	HE598529		HE598529.1	HE598529.1	NW_004074656.1
fr3:HE598530	HE598530		HE598530.1	HE598530.1	NW_004075204.1
fr3:HE598531	HE598531		HE598531.1	HE598531.1	NW_004075205.1
fr3:HE598532	HE598532		HE598532.1	HE598532.1	NW_004075206.1
fr3:HE598533	HE598533		HE598533.1	HE598533.1	NW_004075207.1
fr3:HE598534	HE598534		HE598534.1	HE598534.1	NW_004075208.1
fr3:HE598535	HE598535		HE598535.1	HE598535.1	NW_004075209.1
fr3:HE598536	HE598536		HE598536.1	HE598536.1	NW_004075210.1
fr3:HE598537	HE598537		HE598537.1	HE598537.1	NW_004075211.1
fr3:HE598538	HE598538		HE598538.1	HE598538.1	NW_004075212.1
fr3:HE598539	HE598539		HE598539.1	HE598539.1	NW_004075213.1
fr3:HE598540	HE598540		HE598540.1	HE598540.1	NW_004075214.1
fr3:HE598541	HE598541		HE598541.1	HE598541.1	NW_004075215.1
fr3:HE598542	HE598542		HE598542.1	HE598542.1	NW_004075216.1
fr3:HE598543	HE598543		HE598543.1	HE598543.1	NW_004075217.1
fr3:HE598544	HE598544		HE598544.1	HE598544.1	NW_004075218.1
fr3:HE598545	HE598545		HE598545.1	HE598545.1	NW_004075219.1
fr3:HE598546	HE598546		HE598546.1	HE598546.1	NW_004075220.1
fr3:HE598547	HE598547		HE598547.1	HE598547.1	NW_004075221.1
fr3:HE598548	HE598548		HE598548.1	HE598548.1	NW_004075222.1
fr3:HE598549	HE598549		HE598549.1	HE598549.1	NW_004075223.1
fr3:HE598550	HE598550		HE598550.1	HE598550.1	NW_004075224.1
fr3:HE598551	HE598551		HE598551.1	HE598551.1	NW_004075225.1
fr3:HE598555	HE598555		HE598555.1	HE598555.1	NW_004075226.1
fr3:HE598556	HE598556		HE598556.1	HE598556.1	NW_004075227.1
fr3:HE598557	HE598557		HE598557.1	HE598557.1	NW_004075228.1
fr3:HE598558	HE598558		HE598558.1	HE598558.1	NW_004075229.1
fr3:HE598559	HE598559		HE598559.1	HE598559.1	NW_004075230.1
fr3:HE598560	HE598560		HE598560.1	HE598560.1	NW_004075231.1
fr3:chr1	chr1		1	HE602535.1	NC_018890.1
fr3:chr10	chr10		10	HE602544.1	NC_018899.1
fr3:chr11	chr11		11	HE602545.1	NC_018900.1
fr3:chr12	chr12		12	HE602546.1	NC_018901.1
fr3:chr13	chr13		13	HE602547.1	NC_018902.1
fr3:chr14	chr14		14	HE602548.1	NC_018903.1
fr3:chr15	chr15		15	HE602549.1	NC_018904.1
fr3:chr16	chr16		16	HE602550.1	NC_018905.1
fr3:chr17	chr17		17	HE602551.1	NC_018906.1
fr3:chr18	chr18		18	HE602552.1	NC_018907.1
fr3:chr19	chr19		19	HE602553.1	NC_018908.1
fr3:chr2	chr2		2	HE602536.1	NC_018891.1
fr3:chr20	chr20		20	HE602554.1	NC_018909.1
fr3:chr21	chr21		21	HE602555.1	NC_018910.1
fr3:chr22	chr22		22	HE602556.1	NC_018911.1
fr3:chr3	chr3		3	HE602537.1	NC_018892.1
fr3:chr4	chr4		4	HE602538.1	NC_018893.1
fr3:chr5	chr5		5	HE602539.1	NC_018894.1
fr3:chr6	chr6		6	HE602540.1	NC_018895.1
fr3:chr7	chr7		7	HE602541.1	NC_018896.1
fr3:chr8	chr8		8	HE602542.1	NC_018897.1
fr3:chr9	chr9		9	HE602543.1	NC_018898.1
fr3:chrM	chrM		MT	AJ421455.1	NC_004299.1
