seq_id	ucsc	assembly	ensembl	genbank	refseq
hetGla2:AHKG01109621	AHKG01109621		AHKG01109621.1	AHKG01109621.1	NW_004625088.1
hetGla2:AHKG01109678	AHKG01109678		AHKG01109678.1	AHKG01109678.1	NW_004625101.1
hetGla2:AHKG01109690	AHKG01109690		AHKG01109690.1	AHKG01109690.1	NW_004625104.1
hetGla2:AHKG01109734	AHKG01109734		AHKG01109734.1	AHKG01109734.1	NW_004625113.1
hetGla2:AHKG01109735	AHKG01109735		AHKG01109735.1	AHKG01109735.1	NW_004625114.1
hetGla2:AHKG01109747	AHKG01109747		AHKG01109747.1	AHKG01109747.1	NW_004625118.1
hetGla2:AHKG01109748	AHKG01109748		AHKG01109748.1	AHKG01109748.1	NW_004625119.1
hetGla2:AHKG01109755	AHKG01109755		AHKG01109755.1	AHKG01109755.1	NW_004625121.1
hetGla2:AHKG01109756	AHKG01109756		AHKG01109756.1	AHKG01109756.1	NW_004625122.1
hetGla2:AHKG01109801	AHKG01109801		AHKG01109801.1	AHKG01109801.1	NW_004625130.1
hetGla2:AHKG01109810	AHKG01109810		AHKG01109810.1	AHKG01109810.1	NW_004625133.1
hetGla2:AHKG01109811	AHKG01109811		AHKG01109811.1	AHKG01109811.1	NW_004625134.1
hetGla2:AHKG01109824	AHKG01109824		AHKG01109824.1	AHKG01109824.1	NW_004625138.1
hetGla2:AHKG01109852	AHKG01109852		AHKG01109852.1	AHKG01109852.1	NW_004625146.1
hetGla2:AHKG01109855	AHKG01109855		AHKG01109855.1	AHKG01109855.1	NW_004625148.1
hetGla2:AHKG01109895	AHKG01109895		AHKG01109895.1	AHKG01109895.1	NW_004625157.1
hetGla2:AHKG01109896	AHKG01109896		AHKG01109896.1	AHKG01109896.1	NW_004625158.1
hetGla2:AHKG01109904	AHKG01109904		AHKG01109904.1	AHKG01109904.1	NW_004625161.1
hetGla2:AHKG01109909	AHKG01109909		AHKG01109909.1	AHKG01109909.1	NW_004625163.1
hetGla2:AHKG01109914	AHKG01109914		AHKG01109914.1	AHKG01109914.1	NW_004625165.1
hetGla2:AHKG01109917	AHKG01109917		AHKG01109917.1	AHKG01109917.1	NW_004625167.1
hetGla2:AHKG01109923	AHKG01109923		AHKG01109923.1	AHKG01109923.1	NW_004625170.1
hetGla2:AHKG01109933	AHKG01109933		AHKG01109933.1	AHKG01109933.1	NW_004625173.1
hetGla2:AHKG01109938	AHKG01109938		AHKG01109938.1	AHKG01109938.1	NW_004625175.1
hetGla2:AHKG01109986	AHKG01109986		AHKG01109986.1	AHKG01109986.1	NW_004625191.1
hetGla2:AHKG01110003	AHKG01110003		AHKG01110003.1	AHKG01110003.1	NW_004625196.1
hetGla2:AHKG01110004	AHKG01110004		AHKG01110004.1	AHKG01110004.1	NW_004625197.1
hetGla2:AHKG01110018	AHKG01110018		AHKG01110018.1	AHKG01110018.1	NW_004625202.1
hetGla2:AHKG01110019	AHKG01110019		AHKG01110019.1	AHKG01110019.1	NW_004625203.1
hetGla2:AHKG01110020	AHKG01110020		AHKG01110020.1	AHKG01110020.1	NW_004625204.1
hetGla2:AHKG01110033	AHKG01110033		AHKG01110033.1	AHKG01110033.1	NW_004625209.1
hetGla2:AHKG01110039	AHKG01110039		AHKG01110039.1	AHKG01110039.1	NW_004625212.1
hetGla2:AHKG01110051	AHKG01110051		AHKG01110051.1	AHKG01110051.1	NW_004625216.1
hetGla2:AHKG01110078	AHKG01110078		AHKG01110078.1	AHKG01110078.1	NW_004625224.1
hetGla2:AHKG01110079	AHKG01110079		AHKG01110079.1	AHKG01110079.1	NW_004625225.1
hetGla2:AHKG01110080	AHKG01110080		AHKG01110080.1	AHKG01110080.1	NW_004625226.1
hetGla2:AHKG01110087	AHKG01110087		AHKG01110087.1	AHKG01110087.1	NW_004625229.1
hetGla2:AHKG01110093	AHKG01110093		AHKG01110093.1	AHKG01110093.1	NW_004625232.1
hetGla2:AHKG01110102	AHKG01110102		AHKG01110102.1	AHKG01110102.1	NW_004625235.1
hetGla2:AHKG01110122	AHKG01110122		AHKG01110122.1	AHKG01110122.1	NW_004625242.1
hetGla2:AHKG01110123	AHKG01110123		AHKG01110123.1	AHKG01110123.1	NW_004625243.1
hetGla2:AHKG01110142	AHKG01110142		AHKG01110142.1	AHKG01110142.1	NW_004625250.1
hetGla2:AHKG01110148	AHKG01110148		AHKG01110148.1	AHKG01110148.1	NW_004625253.1
hetGla2:AHKG01110161	AHKG01110161		AHKG01110161.1	AHKG01110161.1	NW_004625258.1
hetGla2:AHKG01110165	AHKG01110165		AHKG01110165.1	AHKG01110165.1	NW_004625260.1
hetGla2:AHKG01110182	AHKG01110182		AHKG01110182.1	AHKG01110182.1	NW_004625267.1
hetGla2:AHKG01110183	AHKG01110183		AHKG01110183.1	AHKG01110183.1	NW_004625268.1
hetGla2:AHKG01110188	AHKG01110188		AHKG01110188.1	AHKG01110188.1	NW_004625270.1
hetGla2:AHKG01110199	AHKG01110199		AHKG01110199.1	AHKG01110199.1	NW_004625274.1
hetGla2:AHKG01110204	AHKG01110204		AHKG01110204.1	AHKG01110204.1	NW_004625277.1
hetGla2:AHKG01110205	AHKG01110205		AHKG01110205.1	AHKG01110205.1	NW_004625278.1
hetGla2:AHKG01110212	AHKG01110212		AHKG01110212.1	AHKG01110212.1	NW_004625281.1
hetGla2:AHKG01110213	AHKG01110213		AHKG01110213.1	AHKG01110213.1	NW_004625282.1
hetGla2:AHKG01110214	AHKG01110214		AHKG01110214.1	AHKG01110214.1	NW_004625283.1
hetGla2:AHKG01110223	AHKG01110223		AHKG01110223.1	AHKG01110223.1	NW_004625286.1
hetGla2:AHKG01110227	AHKG01110227		AHKG01110227.1	AHKG01110227.1	NW_004625288.1
hetGla2:AHKG01110238	AHKG01110238		AHKG01110238.1	AHKG01110238.1	NW_004625293.1
hetGla2:AHKG01110244	AHKG01110244		AHKG01110244.1	AHKG01110244.1	NW_004625296.1
hetGla2:AHKG01110255	AHKG01110255		AHKG01110255.1	AHKG01110255.1	NW_004625300.1
hetGla2:AHKG01110260	AHKG01110260		AHKG01110260.1	AHKG01110260.1	NW_004625303.1
hetGla2:AHKG01110289	AHKG01110289		AHKG01110289.1	AHKG01110289.1	NW_004625315.1
hetGla2:AHKG01110292	AHKG01110292		AHKG01110292.1	AHKG01110292.1	NW_004625317.1
hetGla2:AHKG01110297	AHKG01110297		AHKG01110297.1	AHKG01110297.1	NW_004625319.1
hetGla2:AHKG01110298	AHKG01110298		AHKG01110298.1	AHKG01110298.1	NW_004625320.1
hetGla2:AHKG01110303	AHKG01110303		AHKG01110303.1	AHKG01110303.1	NW_004625322.1
hetGla2:AHKG01110313	AHKG01110313		AHKG01110313.1	AHKG01110313.1	NW_004625325.1
hetGla2:AHKG01110318	AHKG01110318		AHKG01110318.1	AHKG01110318.1	NW_004625328.1
hetGla2:AHKG01110331	AHKG01110331		AHKG01110331.1	AHKG01110331.1	NW_004625332.1
hetGla2:AHKG01110336	AHKG01110336		AHKG01110336.1	AHKG01110336.1	NW_004625335.1
hetGla2:AHKG01110340	AHKG01110340		AHKG01110340.1	AHKG01110340.1	NW_004625337.1
hetGla2:AHKG01110346	AHKG01110346		AHKG01110346.1	AHKG01110346.1	NW_004625340.1
hetGla2:AHKG01110353	AHKG01110353		AHKG01110353.1	AHKG01110353.1	NW_004625343.1
hetGla2:AHKG01110363	AHKG01110363		AHKG01110363.1	AHKG01110363.1	NW_004625347.1
hetGla2:AHKG01110364	AHKG01110364		AHKG01110364.1	AHKG01110364.1	NW_004625348.1
hetGla2:AHKG01110374	AHKG01110374		AHKG01110374.1	AHKG01110374.1	NW_004625352.1
hetGla2:AHKG01110375	AHKG01110375		AHKG01110375.1	AHKG01110375.1	NW_004625353.1
hetGla2:AHKG01110378	AHKG01110378		AHKG01110378.1	AHKG01110378.1	NW_004625355.1
hetGla2:AHKG01110386	AHKG01110386		AHKG01110386.1	AHKG01110386.1	NW_004625359.1
hetGla2:AHKG01110387	AHKG01110387		AHKG01110387.1	AHKG01110387.1	NW_004625360.1
hetGla2:AHKG01110429	AHKG01110429		AHKG01110429.1	AHKG01110429.1	NW_004625376.1
hetGla2:AHKG01110435	AHKG01110435		AHKG01110435.1	AHKG01110435.1	NW_004625379.1
hetGla2:AHKG01110436	AHKG01110436		AHKG01110436.1	AHKG01110436.1	NW_004625380.1
hetGla2:AHKG01110440	AHKG01110440		AHKG01110440.1	AHKG01110440.1	NW_004625382.1
hetGla2:AHKG01110446	AHKG01110446		AHKG01110446.1	AHKG01110446.1	NW_004625385.1
hetGla2:AHKG01110449	AHKG01110449		AHKG01110449.1	AHKG01110449.1	NW_004625387.1
hetGla2:AHKG01110454	AHKG01110454		AHKG01110454.1	AHKG01110454.1	NW_004625390.1
hetGla2:AHKG01110461	AHKG01110461		AHKG01110461.1	AHKG01110461.1	NW_004625394.1
hetGla2:AHKG01110476	AHKG01110476		AHKG01110476.1	AHKG01110476.1	NW_004625400.1
hetGla2:AHKG01110477	AHKG01110477		AHKG01110477.1	AHKG01110477.1	NW_004625401.1
hetGla2:AHKG01110482	AHKG01110482		AHKG01110482.1	AHKG01110482.1	NW_004625403.1
hetGla2:AHKG01110486	AHKG01110486		AHKG01110486.1	AHKG01110486.1	NW_004625405.1
hetGla2:AHKG01110497	AHKG01110497		AHKG01110497.1	AHKG01110497.1	NW_004625410.1
hetGla2:AHKG01110508	AHKG01110508		AHKG01110508.1	AHKG01110508.1	NW_004625415.1
hetGla2:AHKG01110509	AHKG01110509		AHKG01110509.1	AHKG01110509.1	NW_004625416.1
hetGla2:AHKG01110531	AHKG01110531		AHKG01110531.1	AHKG01110531.1	NW_004625425.1
hetGla2:AHKG01110551	AHKG01110551		AHKG01110551.1	AHKG01110551.1	NW_004625434.1
hetGla2:AHKG01110556	AHKG01110556		AHKG01110556.1	AHKG01110556.1	NW_004625436.1
hetGla2:AHKG01110560	AHKG01110560		AHKG01110560.1	AHKG01110560.1	NW_004625438.1
hetGla2:AHKG01110561	AHKG01110561		AHKG01110561.1	AHKG01110561.1	NW_004625439.1
hetGla2:AHKG01110565	AHKG01110565		AHKG01110565.1	AHKG01110565.1	NW_004625441.1
hetGla2:AHKG01110566	AHKG01110566		AHKG01110566.1	AHKG01110566.1	NW_004625442.1
hetGla2:AHKG01110602	AHKG01110602		AHKG01110602.1	AHKG01110602.1	NW_004625454.1
hetGla2:AHKG01110603	AHKG01110603		AHKG01110603.1	AHKG01110603.1	NW_004625455.1
hetGla2:AHKG01110607	AHKG01110607		AHKG01110607.1	AHKG01110607.1	NW_004625457.1
hetGla2:AHKG01110608	AHKG01110608		AHKG01110608.1	AHKG01110608.1	NW_004625458.1
hetGla2:AHKG01110611	AHKG01110611		AHKG01110611.1	AHKG01110611.1	NW_004625460.1
hetGla2:AHKG01110612	AHKG01110612		AHKG01110612.1	AHKG01110612.1	NW_004625461.1
hetGla2:AHKG01110621	AHKG01110621		AHKG01110621.1	AHKG01110621.1	NW_004625466.1
hetGla2:AHKG01110627	AHKG01110627		AHKG01110627.1	AHKG01110627.1	NW_004625469.1
hetGla2:AHKG01110633	AHKG01110633		AHKG01110633.1	AHKG01110633.1	NW_004625472.1
hetGla2:AHKG01110639	AHKG01110639		AHKG01110639.1	AHKG01110639.1	NW_004625475.1
hetGla2:AHKG01110648	AHKG01110648		AHKG01110648.1	AHKG01110648.1	NW_004625479.1
hetGla2:AHKG01110662	AHKG01110662		AHKG01110662.1	AHKG01110662.1	NW_004625486.1
hetGla2:AHKG01110680	AHKG01110680		AHKG01110680.1	AHKG01110680.1	NW_004625494.1
hetGla2:AHKG01110692	AHKG01110692		AHKG01110692.1	AHKG01110692.1	NW_004625500.1
hetGla2:AHKG01110693	AHKG01110693		AHKG01110693.1	AHKG01110693.1	NW_004625501.1
hetGla2:AHKG01110694	AHKG01110694		AHKG01110694.1	AHKG01110694.1	NW_004625502.1
hetGla2:AHKG01110699	AHKG01110699		AHKG01110699.1	AHKG01110699.1	NW_004625505.1
hetGla2:AHKG01110700	AHKG01110700		AHKG01110700.1	AHKG01110700.1	NW_004625506.1
hetGla2:AHKG01110701	AHKG01110701		AHKG01110701.1	AHKG01110701.1	NW_004625507.1
hetGla2:AHKG01110709	AHKG01110709		AHKG01110709.1	AHKG01110709.1	NW_004625510.1
hetGla2:AHKG01110712	AHKG01110712		AHKG01110712.1	AHKG01110712.1	NW_004625512.1
hetGla2:AHKG01110720	AHKG01110720		AHKG01110720.1	AHKG01110720.1	NW_004625516.1
hetGla2:AHKG01110721	AHKG01110721		AHKG01110721.1	AHKG01110721.1	NW_004625517.1
hetGla2:AHKG01110724	AHKG01110724		AHKG01110724.1	AHKG01110724.1	NW_004625519.1
hetGla2:AHKG01110725	AHKG01110725		AHKG01110725.1	AHKG01110725.1	NW_004625520.1
hetGla2:AHKG01110728	AHKG01110728		AHKG01110728.1	AHKG01110728.1	NW_004625522.1
hetGla2:AHKG01110729	AHKG01110729		AHKG01110729.1	AHKG01110729.1	NW_004625523.1
hetGla2:AHKG01110730	AHKG01110730		AHKG01110730.1	AHKG01110730.1	NW_004625524.1
hetGla2:AHKG01110731	AHKG01110731		AHKG01110731.1	AHKG01110731.1	NW_004625525.1
hetGla2:AHKG01110732	AHKG01110732		AHKG01110732.1	AHKG01110732.1	NW_004625526.1
hetGla2:AHKG01110733	AHKG01110733		AHKG01110733.1	AHKG01110733.1	NW_004625527.1
hetGla2:AHKG01110734	AHKG01110734		AHKG01110734.1	AHKG01110734.1	NW_004625528.1
hetGla2:AHKG01110739	AHKG01110739		AHKG01110739.1	AHKG01110739.1	NW_004625530.1
hetGla2:AHKG01110740	AHKG01110740		AHKG01110740.1	AHKG01110740.1	NW_004625531.1
hetGla2:AHKG01110741	AHKG01110741		AHKG01110741.1	AHKG01110741.1	NW_004625532.1
hetGla2:AHKG01110750	AHKG01110750		AHKG01110750.1	AHKG01110750.1	NW_004625536.1
hetGla2:AHKG01110756	AHKG01110756		AHKG01110756.1	AHKG01110756.1	NW_004625539.1
hetGla2:AHKG01110759	AHKG01110759		AHKG01110759.1	AHKG01110759.1	NW_004625541.1
hetGla2:AHKG01110762	AHKG01110762		AHKG01110762.1	AHKG01110762.1	NW_004625543.1
hetGla2:AHKG01110763	AHKG01110763		AHKG01110763.1	AHKG01110763.1	NW_004625544.1
hetGla2:AHKG01110764	AHKG01110764		AHKG01110764.1	AHKG01110764.1	NW_004625545.1
hetGla2:AHKG01110765	AHKG01110765		AHKG01110765.1	AHKG01110765.1	NW_004625546.1
hetGla2:AHKG01110769	AHKG01110769		AHKG01110769.1	AHKG01110769.1	NW_004625548.1
hetGla2:AHKG01110775	AHKG01110775		AHKG01110775.1	AHKG01110775.1	NW_004625551.1
hetGla2:AHKG01110780	AHKG01110780		AHKG01110780.1	AHKG01110780.1	NW_004625554.1
hetGla2:AHKG01110783	AHKG01110783		AHKG01110783.1	AHKG01110783.1	NW_004625556.1
hetGla2:AHKG01110788	AHKG01110788		AHKG01110788.1	AHKG01110788.1	NW_004625558.1
hetGla2:AHKG01110789	AHKG01110789		AHKG01110789.1	AHKG01110789.1	NW_004625559.1
hetGla2:AHKG01110792	AHKG01110792		AHKG01110792.1	AHKG01110792.1	NW_004625561.1
hetGla2:AHKG01110802	AHKG01110802		AHKG01110802.1	AHKG01110802.1	NW_004625566.1
hetGla2:AHKG01110803	AHKG01110803		AHKG01110803.1	AHKG01110803.1	NW_004625567.1
hetGla2:AHKG01110804	AHKG01110804		AHKG01110804.1	AHKG01110804.1	NW_004625568.1
hetGla2:AHKG01110807	AHKG01110807		AHKG01110807.1	AHKG01110807.1	NW_004625570.1
hetGla2:AHKG01110810	AHKG01110810		AHKG01110810.1	AHKG01110810.1	NW_004625572.1
hetGla2:AHKG01110813	AHKG01110813		AHKG01110813.1	AHKG01110813.1	NW_004625574.1
hetGla2:AHKG01110814	AHKG01110814		AHKG01110814.1	AHKG01110814.1	NW_004625575.1
hetGla2:AHKG01110815	AHKG01110815		AHKG01110815.1	AHKG01110815.1	NW_004625576.1
hetGla2:AHKG01110823	AHKG01110823		AHKG01110823.1	AHKG01110823.1	NW_004625580.1
hetGla2:AHKG01110824	AHKG01110824		AHKG01110824.1	AHKG01110824.1	NW_004625581.1
hetGla2:AHKG01110825	AHKG01110825		AHKG01110825.1	AHKG01110825.1	NW_004625582.1
hetGla2:AHKG01110826	AHKG01110826		AHKG01110826.1	AHKG01110826.1	NW_004625583.1
hetGla2:AHKG01110827	AHKG01110827		AHKG01110827.1	AHKG01110827.1	NW_004625584.1
hetGla2:AHKG01110841	AHKG01110841		AHKG01110841.1	AHKG01110841.1	NW_004625590.1
hetGla2:AHKG01110844	AHKG01110844		AHKG01110844.1	AHKG01110844.1	NW_004625592.1
hetGla2:AHKG01110849	AHKG01110849		AHKG01110849.1	AHKG01110849.1	NW_004625595.1
hetGla2:AHKG01110850	AHKG01110850		AHKG01110850.1	AHKG01110850.1	NW_004625596.1
hetGla2:AHKG01110854	AHKG01110854		AHKG01110854.1	AHKG01110854.1	NW_004625598.1
hetGla2:AHKG01110860	AHKG01110860		AHKG01110860.1	AHKG01110860.1	NW_004625601.1
hetGla2:AHKG01110863	AHKG01110863		AHKG01110863.1	AHKG01110863.1	NW_004625603.1
hetGla2:AHKG01110864	AHKG01110864		AHKG01110864.1	AHKG01110864.1	NW_004625604.1
hetGla2:AHKG01110865	AHKG01110865		AHKG01110865.1	AHKG01110865.1	NW_004625605.1
hetGla2:AHKG01110868	AHKG01110868		AHKG01110868.1	AHKG01110868.1	NW_004625607.1
hetGla2:AHKG01110873	AHKG01110873		AHKG01110873.1	AHKG01110873.1	NW_004625610.1
hetGla2:AHKG01110874	AHKG01110874		AHKG01110874.1	AHKG01110874.1	NW_004625611.1
hetGla2:AHKG01110875	AHKG01110875		AHKG01110875.1	AHKG01110875.1	NW_004625612.1
hetGla2:AHKG01110878	AHKG01110878		AHKG01110878.1	AHKG01110878.1	NW_004625614.1
hetGla2:AHKG01110881	AHKG01110881		AHKG01110881.1	AHKG01110881.1	NW_004625616.1
hetGla2:AHKG01110884	AHKG01110884		AHKG01110884.1	AHKG01110884.1	NW_004625618.1
hetGla2:AHKG01110885	AHKG01110885		AHKG01110885.1	AHKG01110885.1	NW_004625619.1
hetGla2:AHKG01110890	AHKG01110890		AHKG01110890.1	AHKG01110890.1	NW_004625621.1
hetGla2:AHKG01110898	AHKG01110898		AHKG01110898.1	AHKG01110898.1	NW_004625625.1
hetGla2:AHKG01110899	AHKG01110899		AHKG01110899.1	AHKG01110899.1	NW_004625626.1
hetGla2:AHKG01110900	AHKG01110900		AHKG01110900.1	AHKG01110900.1	NW_004625627.1
hetGla2:AHKG01110907	AHKG01110907		AHKG01110907.1	AHKG01110907.1	NW_004625631.1
hetGla2:AHKG01110908	AHKG01110908		AHKG01110908.1	AHKG01110908.1	NW_004625632.1
hetGla2:AHKG01110909	AHKG01110909		AHKG01110909.1	AHKG01110909.1	NW_004625633.1
hetGla2:AHKG01110910	AHKG01110910		AHKG01110910.1	AHKG01110910.1	NW_004625634.1
hetGla2:AHKG01110911	AHKG01110911		AHKG01110911.1	AHKG01110911.1	NW_004625635.1
hetGla2:AHKG01110914	AHKG01110914		AHKG01110914.1	AHKG01110914.1	NW_004625637.1
hetGla2:AHKG01110917	AHKG01110917		AHKG01110917.1	AHKG01110917.1	NW_004625639.1
hetGla2:AHKG01110918	AHKG01110918		AHKG01110918.1	AHKG01110918.1	NW_004625640.1
hetGla2:AHKG01110921	AHKG01110921		AHKG01110921.1	AHKG01110921.1	NW_004625642.1
hetGla2:AHKG01110922	AHKG01110922		AHKG01110922.1	AHKG01110922.1	NW_004625643.1
hetGla2:AHKG01110933	AHKG01110933		AHKG01110933.1	AHKG01110933.1	NW_004625649.1
hetGla2:AHKG01110937	AHKG01110937		AHKG01110937.1	AHKG01110937.1	NW_004625651.1
hetGla2:AHKG01110938	AHKG01110938		AHKG01110938.1	AHKG01110938.1	NW_004625652.1
hetGla2:AHKG01110946	AHKG01110946		AHKG01110946.1	AHKG01110946.1	NW_004625656.1
hetGla2:AHKG01110952	AHKG01110952		AHKG01110952.1	AHKG01110952.1	NW_004625659.1
hetGla2:AHKG01110959	AHKG01110959		AHKG01110959.1	AHKG01110959.1	NW_004625663.1
hetGla2:AHKG01110960	AHKG01110960		AHKG01110960.1	AHKG01110960.1	NW_004625664.1
hetGla2:AHKG01110976	AHKG01110976		AHKG01110976.1	AHKG01110976.1	NW_004625671.1
hetGla2:AHKG01110977	AHKG01110977		AHKG01110977.1	AHKG01110977.1	NW_004625672.1
hetGla2:AHKG01110978	AHKG01110978		AHKG01110978.1	AHKG01110978.1	NW_004625673.1
hetGla2:AHKG01110994	AHKG01110994		AHKG01110994.1	AHKG01110994.1	NW_004625681.1
hetGla2:AHKG01110995	AHKG01110995		AHKG01110995.1	AHKG01110995.1	NW_004625682.1
hetGla2:AHKG01111001	AHKG01111001		AHKG01111001.1	AHKG01111001.1	NW_004625685.1
hetGla2:AHKG01111002	AHKG01111002		AHKG01111002.1	AHKG01111002.1	NW_004625686.1
hetGla2:AHKG01111003	AHKG01111003		AHKG01111003.1	AHKG01111003.1	NW_004625687.1
hetGla2:AHKG01111006	AHKG01111006		AHKG01111006.1	AHKG01111006.1	NW_004625689.1
hetGla2:AHKG01111007	AHKG01111007		AHKG01111007.1	AHKG01111007.1	NW_004625690.1
hetGla2:AHKG01111020	AHKG01111020		AHKG01111020.1	AHKG01111020.1	NW_004625697.1
hetGla2:AHKG01111027	AHKG01111027		AHKG01111027.1	AHKG01111027.1	NW_004625701.1
hetGla2:AHKG01111030	AHKG01111030		AHKG01111030.1	AHKG01111030.1	NW_004625703.1
hetGla2:AHKG01111033	AHKG01111033		AHKG01111033.1	AHKG01111033.1	NW_004625705.1
hetGla2:AHKG01111040	AHKG01111040		AHKG01111040.1	AHKG01111040.1	NW_004625709.1
hetGla2:AHKG01111041	AHKG01111041		AHKG01111041.1	AHKG01111041.1	NW_004625710.1
hetGla2:AHKG01111046	AHKG01111046		AHKG01111046.1	AHKG01111046.1	NW_004625713.1
hetGla2:AHKG01111063	AHKG01111063		AHKG01111063.1	AHKG01111063.1	NW_004625722.1
hetGla2:AHKG01111070	AHKG01111070		AHKG01111070.1	AHKG01111070.1	NW_004625726.1
hetGla2:AHKG01111071	AHKG01111071		AHKG01111071.1	AHKG01111071.1	NW_004625727.1
hetGla2:AHKG01111085	AHKG01111085		AHKG01111085.1	AHKG01111085.1	NW_004625734.1
hetGla2:AHKG01111086	AHKG01111086		AHKG01111086.1	AHKG01111086.1	NW_004625735.1
hetGla2:AHKG01111089	AHKG01111089		AHKG01111089.1	AHKG01111089.1	NW_004625737.1
hetGla2:AHKG01111094	AHKG01111094		AHKG01111094.1	AHKG01111094.1	NW_004625740.1
hetGla2:AHKG01111101	AHKG01111101		AHKG01111101.1	AHKG01111101.1	NW_004625744.1
hetGla2:AHKG01111102	AHKG01111102		AHKG01111102.1	AHKG01111102.1	NW_004625745.1
hetGla2:AHKG01111103	AHKG01111103		AHKG01111103.1	AHKG01111103.1	NW_004625746.1
hetGla2:AHKG01111110	AHKG01111110		AHKG01111110.1	AHKG01111110.1	NW_004625750.1
hetGla2:AHKG01111111	AHKG01111111		AHKG01111111.1	AHKG01111111.1	NW_004625751.1
hetGla2:AHKG01111116	AHKG01111116		AHKG01111116.1	AHKG01111116.1	NW_004625754.1
hetGla2:AHKG01111117	AHKG01111117		AHKG01111117.1	AHKG01111117.1	NW_004625755.1
hetGla2:AHKG01111118	AHKG01111118		AHKG01111118.1	AHKG01111118.1	NW_004625756.1
hetGla2:AHKG01111129	AHKG01111129		AHKG01111129.1	AHKG01111129.1	NW_004625762.1
hetGla2:AHKG01111138	AHKG01111138		AHKG01111138.1	AHKG01111138.1	NW_004625767.1
hetGla2:AHKG01111146	AHKG01111146		AHKG01111146.1	AHKG01111146.1	NW_004625771.1
hetGla2:AHKG01111147	AHKG01111147		AHKG01111147.1	AHKG01111147.1	NW_004625772.1
hetGla2:AHKG01111162	AHKG01111162		AHKG01111162.1	AHKG01111162.1	NW_004625780.1
hetGla2:AHKG01111194	AHKG01111194		AHKG01111194.1	AHKG01111194.1	NW_004625796.1
hetGla2:AHKG01111195	AHKG01111195		AHKG01111195.1	AHKG01111195.1	NW_004625797.1
hetGla2:AHKG01111220	AHKG01111220		AHKG01111220.1	AHKG01111220.1	NW_004625809.1
hetGla2:AHKG01111226	AHKG01111226		AHKG01111226.1	AHKG01111226.1	NW_004625812.1
hetGla2:AHKG01111230	AHKG01111230		AHKG01111230.1	AHKG01111230.1	NW_004625814.1
hetGla2:AHKG01111231	AHKG01111231		AHKG01111231.1	AHKG01111231.1	NW_004625815.1
hetGla2:AHKG01111244	AHKG01111244		AHKG01111244.1	AHKG01111244.1	NW_004625822.1
hetGla2:AHKG01111249	AHKG01111249		AHKG01111249.1	AHKG01111249.1	NW_004625825.1
hetGla2:AHKG01111254	AHKG01111254		AHKG01111254.1	AHKG01111254.1	NW_004625828.1
hetGla2:AHKG01111259	AHKG01111259		AHKG01111259.1	AHKG01111259.1	NW_004625831.1
hetGla2:AHKG01111260	AHKG01111260		AHKG01111260.1	AHKG01111260.1	NW_004625832.1
hetGla2:AHKG01111267	AHKG01111267		AHKG01111267.1	AHKG01111267.1	NW_004625836.1
hetGla2:AHKG01111268	AHKG01111268		AHKG01111268.1	AHKG01111268.1	NW_004625837.1
hetGla2:AHKG01111271	AHKG01111271		AHKG01111271.1	AHKG01111271.1	NW_004625839.1
hetGla2:AHKG01111272	AHKG01111272		AHKG01111272.1	AHKG01111272.1	NW_004625840.1
hetGla2:AHKG01111273	AHKG01111273		AHKG01111273.1	AHKG01111273.1	NW_004625841.1
hetGla2:AHKG01111293	AHKG01111293		AHKG01111293.1	AHKG01111293.1	NW_004625851.1
hetGla2:AHKG01111311	AHKG01111311		AHKG01111311.1	AHKG01111311.1	NW_004625859.1
hetGla2:AHKG01111320	AHKG01111320		AHKG01111320.1	AHKG01111320.1	NW_004625864.1
hetGla2:AHKG01111325	AHKG01111325		AHKG01111325.1	AHKG01111325.1	NW_004625867.1
hetGla2:AHKG01111326	AHKG01111326		AHKG01111326.1	AHKG01111326.1	NW_004625868.1
hetGla2:AHKG01111329	AHKG01111329		AHKG01111329.1	AHKG01111329.1	NW_004625870.1
hetGla2:AHKG01111348	AHKG01111348		AHKG01111348.1	AHKG01111348.1	NW_004625880.1
hetGla2:AHKG01111351	AHKG01111351		AHKG01111351.1	AHKG01111351.1	NW_004625882.1
hetGla2:AHKG01111354	AHKG01111354		AHKG01111354.1	AHKG01111354.1	NW_004625884.1
hetGla2:AHKG01111355	AHKG01111355		AHKG01111355.1	AHKG01111355.1	NW_004625885.1
hetGla2:AHKG01111356	AHKG01111356		AHKG01111356.1	AHKG01111356.1	NW_004625886.1
hetGla2:AHKG01111359	AHKG01111359		AHKG01111359.1	AHKG01111359.1	NW_004625888.1
hetGla2:AHKG01111362	AHKG01111362		AHKG01111362.1	AHKG01111362.1	NW_004625890.1
hetGla2:AHKG01111365	AHKG01111365		AHKG01111365.1	AHKG01111365.1	NW_004625892.1
hetGla2:AHKG01111366	AHKG01111366		AHKG01111366.1	AHKG01111366.1	NW_004625893.1
hetGla2:AHKG01111367	AHKG01111367		AHKG01111367.1	AHKG01111367.1	NW_004625894.1
hetGla2:AHKG01111370	AHKG01111370		AHKG01111370.1	AHKG01111370.1	NW_004625896.1
hetGla2:AHKG01111375	AHKG01111375		AHKG01111375.1	AHKG01111375.1	NW_004625899.1
hetGla2:AHKG01111380	AHKG01111380		AHKG01111380.1	AHKG01111380.1	NW_004625902.1
hetGla2:AHKG01111385	AHKG01111385		AHKG01111385.1	AHKG01111385.1	NW_004625905.1
hetGla2:AHKG01111400	AHKG01111400		AHKG01111400.1	AHKG01111400.1	NW_004625913.1
hetGla2:AHKG01111401	AHKG01111401		AHKG01111401.1	AHKG01111401.1	NW_004625914.1
hetGla2:AHKG01111406	AHKG01111406		AHKG01111406.1	AHKG01111406.1	NW_004625917.1
hetGla2:AHKG01111407	AHKG01111407		AHKG01111407.1	AHKG01111407.1	NW_004625918.1
hetGla2:AHKG01111408	AHKG01111408		AHKG01111408.1	AHKG01111408.1	NW_004625919.1
hetGla2:AHKG01111409	AHKG01111409		AHKG01111409.1	AHKG01111409.1	NW_004625920.1
hetGla2:AHKG01111414	AHKG01111414		AHKG01111414.1	AHKG01111414.1	NW_004625923.1
hetGla2:AHKG01111423	AHKG01111423		AHKG01111423.1	AHKG01111423.1	NW_004625928.1
hetGla2:AHKG01111424	AHKG01111424		AHKG01111424.1	AHKG01111424.1	NW_004625929.1
hetGla2:AHKG01111431	AHKG01111431		AHKG01111431.1	AHKG01111431.1	NW_004625933.1
hetGla2:AHKG01111436	AHKG01111436		AHKG01111436.1	AHKG01111436.1	NW_004625936.1
hetGla2:AHKG01111437	AHKG01111437		AHKG01111437.1	AHKG01111437.1	NW_004625937.1
hetGla2:AHKG01111444	AHKG01111444		AHKG01111444.1	AHKG01111444.1	NW_004625941.1
hetGla2:AHKG01111447	AHKG01111447		AHKG01111447.1	AHKG01111447.1	NW_004625943.1
hetGla2:AHKG01111460	AHKG01111460		AHKG01111460.1	AHKG01111460.1	NW_004625949.1
hetGla2:AHKG01111461	AHKG01111461		AHKG01111461.1	AHKG01111461.1	NW_004625950.1
hetGla2:AHKG01111462	AHKG01111462		AHKG01111462.1	AHKG01111462.1	NW_004625951.1
hetGla2:AHKG01111465	AHKG01111465		AHKG01111465.1	AHKG01111465.1	NW_004625953.1
hetGla2:AHKG01111475	AHKG01111475		AHKG01111475.1	AHKG01111475.1	NW_004625958.1
hetGla2:AHKG01111478	AHKG01111478		AHKG01111478.1	AHKG01111478.1	NW_004625960.1
hetGla2:AHKG01111479	AHKG01111479		AHKG01111479.1	AHKG01111479.1	NW_004625961.1
hetGla2:AHKG01111480	AHKG01111480		AHKG01111480.1	AHKG01111480.1	NW_004625962.1
hetGla2:AHKG01111481	AHKG01111481		AHKG01111481.1	AHKG01111481.1	NW_004625963.1
hetGla2:AHKG01111482	AHKG01111482		AHKG01111482.1	AHKG01111482.1	NW_004625964.1
hetGla2:AHKG01111483	AHKG01111483		AHKG01111483.1	AHKG01111483.1	NW_004625965.1
hetGla2:AHKG01111494	AHKG01111494		AHKG01111494.1	AHKG01111494.1	NW_004625971.1
hetGla2:AHKG01111497	AHKG01111497		AHKG01111497.1	AHKG01111497.1	NW_004625973.1
hetGla2:AHKG01111502	AHKG01111502		AHKG01111502.1	AHKG01111502.1	NW_004625976.1
hetGla2:AHKG01111507	AHKG01111507		AHKG01111507.1	AHKG01111507.1	NW_004625979.1
hetGla2:AHKG01111510	AHKG01111510		AHKG01111510.1	AHKG01111510.1	NW_004625981.1
hetGla2:AHKG01111511	AHKG01111511		AHKG01111511.1	AHKG01111511.1	NW_004625982.1
hetGla2:AHKG01111512	AHKG01111512		AHKG01111512.1	AHKG01111512.1	NW_004625983.1
hetGla2:AHKG01111515	AHKG01111515		AHKG01111515.1	AHKG01111515.1	NW_004625985.1
hetGla2:AHKG01111518	AHKG01111518		AHKG01111518.1	AHKG01111518.1	NW_004625987.1
hetGla2:AHKG01111521	AHKG01111521		AHKG01111521.1	AHKG01111521.1	NW_004625989.1
hetGla2:AHKG01111524	AHKG01111524		AHKG01111524.1	AHKG01111524.1	NW_004625991.1
hetGla2:AHKG01111533	AHKG01111533		AHKG01111533.1	AHKG01111533.1	NW_004625996.1
hetGla2:AHKG01111539	AHKG01111539		AHKG01111539.1	AHKG01111539.1	NW_004625999.1
hetGla2:AHKG01111540	AHKG01111540		AHKG01111540.1	AHKG01111540.1	NW_004626000.1
hetGla2:AHKG01111541	AHKG01111541		AHKG01111541.1	AHKG01111541.1	NW_004626001.1
hetGla2:AHKG01111542	AHKG01111542		AHKG01111542.1	AHKG01111542.1	NW_004626002.1
hetGla2:AHKG01111543	AHKG01111543		AHKG01111543.1	AHKG01111543.1	NW_004626003.1
hetGla2:AHKG01111548	AHKG01111548		AHKG01111548.1	AHKG01111548.1	NW_004626006.1
hetGla2:AHKG01111551	AHKG01111551		AHKG01111551.1	AHKG01111551.1	NW_004626008.1
hetGla2:AHKG01111552	AHKG01111552		AHKG01111552.1	AHKG01111552.1	NW_004626009.1
hetGla2:AHKG01111553	AHKG01111553		AHKG01111553.1	AHKG01111553.1	NW_004626010.1
hetGla2:AHKG01111554	AHKG01111554		AHKG01111554.1	AHKG01111554.1	NW_004626011.1
hetGla2:AHKG01111555	AHKG01111555		AHKG01111555.1	AHKG01111555.1	NW_004626012.1
hetGla2:AHKG01111558	AHKG01111558		AHKG01111558.1	AHKG01111558.1	NW_004626014.1
hetGla2:AHKG01111563	AHKG01111563		AHKG01111563.1	AHKG01111563.1	NW_004626017.1
hetGla2:AHKG01111566	AHKG01111566		AHKG01111566.1	AHKG01111566.1	NW_004626019.1
hetGla2:AHKG01111567	AHKG01111567		AHKG01111567.1	AHKG01111567.1	NW_004626020.1
hetGla2:AHKG01111568	AHKG01111568		AHKG01111568.1	AHKG01111568.1	NW_004626021.1
hetGla2:AHKG01111569	AHKG01111569		AHKG01111569.1	AHKG01111569.1	NW_004626022.1
hetGla2:AHKG01111570	AHKG01111570		AHKG01111570.1	AHKG01111570.1	NW_004626023.1
hetGla2:AHKG01111571	AHKG01111571		AHKG01111571.1	AHKG01111571.1	NW_004626024.1
hetGla2:AHKG01111574	AHKG01111574		AHKG01111574.1	AHKG01111574.1	NW_004626026.1
hetGla2:AHKG01111575	AHKG01111575		AHKG01111575.1	AHKG01111575.1	NW_004626027.1
hetGla2:AHKG01111576	AHKG01111576		AHKG01111576.1	AHKG01111576.1	NW_004626028.1
hetGla2:AHKG01111577	AHKG01111577		AHKG01111577.1	AHKG01111577.1	NW_004626029.1
hetGla2:AHKG01111578	AHKG01111578		AHKG01111578.1	AHKG01111578.1	NW_004626030.1
hetGla2:AHKG01111579	AHKG01111579		AHKG01111579.1	AHKG01111579.1	NW_004626031.1
hetGla2:AHKG01111580	AHKG01111580		AHKG01111580.1	AHKG01111580.1	NW_004626032.1
hetGla2:AHKG01111583	AHKG01111583		AHKG01111583.1	AHKG01111583.1	NW_004626034.1
hetGla2:AHKG01111584	AHKG01111584		AHKG01111584.1	AHKG01111584.1	NW_004626035.1
hetGla2:AHKG01111585	AHKG01111585		AHKG01111585.1	AHKG01111585.1	NW_004626036.1
hetGla2:AHKG01111588	AHKG01111588		AHKG01111588.1	AHKG01111588.1	NW_004626038.1
hetGla2:AHKG01111589	AHKG01111589		AHKG01111589.1	AHKG01111589.1	NW_004626039.1
hetGla2:AHKG01111590	AHKG01111590		AHKG01111590.1	AHKG01111590.1	NW_004626040.1
hetGla2:AHKG01111591	AHKG01111591		AHKG01111591.1	AHKG01111591.1	NW_004626041.1
hetGla2:AHKG01111592	AHKG01111592		AHKG01111592.1	AHKG01111592.1	NW_004626042.1
hetGla2:AHKG01111593	AHKG01111593		AHKG01111593.1	AHKG01111593.1	NW_004626043.1
hetGla2:AHKG01111594	AHKG01111594		AHKG01111594.1	AHKG01111594.1	NW_004626044.1
hetGla2:AHKG01111595	AHKG01111595		AHKG01111595.1	AHKG01111595.1	NW_004626045.1
hetGla2:AHKG01111598	AHKG01111598		AHKG01111598.1	AHKG01111598.1	NW_004626047.1
hetGla2:AHKG01111602	AHKG01111602		AHKG01111602.1	AHKG01111602.1	NW_004626049.1
hetGla2:AHKG01111605	AHKG01111605		AHKG01111605.1	AHKG01111605.1	NW_004626051.1
hetGla2:AHKG01111606	AHKG01111606		AHKG01111606.1	AHKG01111606.1	NW_004626052.1
hetGla2:AHKG01111607	AHKG01111607		AHKG01111607.1	AHKG01111607.1	NW_004626053.1
hetGla2:AHKG01111608	AHKG01111608		AHKG01111608.1	AHKG01111608.1	NW_004626054.1
hetGla2:AHKG01111609	AHKG01111609		AHKG01111609.1	AHKG01111609.1	NW_004626055.1
hetGla2:AHKG01111610	AHKG01111610		AHKG01111610.1	AHKG01111610.1	NW_004626056.1
hetGla2:AHKG01111613	AHKG01111613		AHKG01111613.1	AHKG01111613.1	NW_004626058.1
hetGla2:AHKG01111614	AHKG01111614		AHKG01111614.1	AHKG01111614.1	NW_004626059.1
hetGla2:AHKG01111615	AHKG01111615		AHKG01111615.1	AHKG01111615.1	NW_004626060.1
hetGla2:AHKG01111616	AHKG01111616		AHKG01111616.1	AHKG01111616.1	NW_004626061.1
hetGla2:AHKG01111617	AHKG01111617		AHKG01111617.1	AHKG01111617.1	NW_004626062.1
hetGla2:AHKG01111618	AHKG01111618		AHKG01111618.1	AHKG01111618.1	NW_004626063.1
hetGla2:AHKG01111619	AHKG01111619		AHKG01111619.1	AHKG01111619.1	NW_004626064.1
hetGla2:AHKG01111620	AHKG01111620		AHKG01111620.1	AHKG01111620.1	NW_004626065.1
hetGla2:AHKG01111621	AHKG01111621		AHKG01111621.1	AHKG01111621.1	NW_004626066.1
hetGla2:AHKG01111622	AHKG01111622		AHKG01111622.1	AHKG01111622.1	NW_004626067.1
hetGla2:AHKG01111623	AHKG01111623		AHKG01111623.1	AHKG01111623.1	NW_004626068.1
hetGla2:AHKG01111624	AHKG01111624		AHKG01111624.1	AHKG01111624.1	NW_004626069.1
hetGla2:AHKG01111625	AHKG01111625		AHKG01111625.1	AHKG01111625.1	NW_004626070.1
hetGla2:AHKG01111626	AHKG01111626		AHKG01111626.1	AHKG01111626.1	NW_004626071.1
hetGla2:AHKG01111631	AHKG01111631		AHKG01111631.1	AHKG01111631.1	NW_004626074.1
hetGla2:AHKG01111632	AHKG01111632		AHKG01111632.1	AHKG01111632.1	NW_004626075.1
hetGla2:AHKG01111633	AHKG01111633		AHKG01111633.1	AHKG01111633.1	NW_004626076.1
hetGla2:AHKG01111634	AHKG01111634		AHKG01111634.1	AHKG01111634.1	NW_004626077.1
hetGla2:AHKG01111635	AHKG01111635		AHKG01111635.1	AHKG01111635.1	NW_004626078.1
hetGla2:AHKG01111636	AHKG01111636		AHKG01111636.1	AHKG01111636.1	NW_004626079.1
hetGla2:AHKG01111637	AHKG01111637		AHKG01111637.1	AHKG01111637.1	NW_004626080.1
hetGla2:AHKG01111638	AHKG01111638		AHKG01111638.1	AHKG01111638.1	NW_004626081.1
hetGla2:AHKG01111639	AHKG01111639		AHKG01111639.1	AHKG01111639.1	NW_004626082.1
hetGla2:AHKG01111640	AHKG01111640		AHKG01111640.1	AHKG01111640.1	NW_004626083.1
hetGla2:AHKG01111641	AHKG01111641		AHKG01111641.1	AHKG01111641.1	NW_004626084.1
hetGla2:AHKG01111642	AHKG01111642		AHKG01111642.1	AHKG01111642.1	NW_004626085.1
hetGla2:AHKG01111645	AHKG01111645		AHKG01111645.1	AHKG01111645.1	NW_004626087.1
hetGla2:AHKG01111646	AHKG01111646		AHKG01111646.1	AHKG01111646.1	NW_004626088.1
hetGla2:AHKG01111647	AHKG01111647		AHKG01111647.1	AHKG01111647.1	NW_004626089.1
hetGla2:AHKG01111648	AHKG01111648		AHKG01111648.1	AHKG01111648.1	NW_004626090.1
hetGla2:AHKG01111649	AHKG01111649		AHKG01111649.1	AHKG01111649.1	NW_004626091.1
hetGla2:AHKG01111650	AHKG01111650		AHKG01111650.1	AHKG01111650.1	NW_004626092.1
hetGla2:AHKG01111651	AHKG01111651		AHKG01111651.1	AHKG01111651.1	NW_004626093.1
hetGla2:AHKG01111652	AHKG01111652		AHKG01111652.1	AHKG01111652.1	NW_004626094.1
hetGla2:AHKG01111653	AHKG01111653		AHKG01111653.1	AHKG01111653.1	NW_004626095.1
hetGla2:AHKG01111654	AHKG01111654		AHKG01111654.1	AHKG01111654.1	NW_004626096.1
hetGla2:AHKG01111655	AHKG01111655		AHKG01111655.1	AHKG01111655.1	NW_004626097.1
hetGla2:AHKG01111656	AHKG01111656		AHKG01111656.1	AHKG01111656.1	NW_004626098.1
hetGla2:AHKG01111657	AHKG01111657		AHKG01111657.1	AHKG01111657.1	NW_004626099.1
hetGla2:AHKG01111658	AHKG01111658		AHKG01111658.1	AHKG01111658.1	NW_004626100.1
hetGla2:AHKG01111659	AHKG01111659		AHKG01111659.1	AHKG01111659.1	NW_004626101.1
hetGla2:AHKG01111660	AHKG01111660		AHKG01111660.1	AHKG01111660.1	NW_004626102.1
hetGla2:AHKG01111663	AHKG01111663		AHKG01111663.1	AHKG01111663.1	NW_004626104.1
hetGla2:AHKG01111664	AHKG01111664		AHKG01111664.1	AHKG01111664.1	NW_004626105.1
hetGla2:AHKG01111665	AHKG01111665		AHKG01111665.1	AHKG01111665.1	NW_004626106.1
hetGla2:AHKG01111666	AHKG01111666		AHKG01111666.1	AHKG01111666.1	NW_004626107.1
hetGla2:AHKG01111667	AHKG01111667		AHKG01111667.1	AHKG01111667.1	NW_004626108.1
hetGla2:AHKG01111668	AHKG01111668		AHKG01111668.1	AHKG01111668.1	NW_004626109.1
hetGla2:AHKG01111669	AHKG01111669		AHKG01111669.1	AHKG01111669.1	NW_004626110.1
hetGla2:AHKG01111670	AHKG01111670		AHKG01111670.1	AHKG01111670.1	NW_004626111.1
hetGla2:AHKG01111671	AHKG01111671		AHKG01111671.1	AHKG01111671.1	NW_004626112.1
hetGla2:AHKG01111672	AHKG01111672		AHKG01111672.1	AHKG01111672.1	NW_004626113.1
hetGla2:AHKG01111673	AHKG01111673		AHKG01111673.1	AHKG01111673.1	NW_004626114.1
hetGla2:AHKG01111674	AHKG01111674		AHKG01111674.1	AHKG01111674.1	NW_004626115.1
hetGla2:AHKG01111675	AHKG01111675		AHKG01111675.1	AHKG01111675.1	NW_004626116.1
hetGla2:AHKG01111678	AHKG01111678		AHKG01111678.1	AHKG01111678.1	NW_004626118.1
hetGla2:AHKG01111679	AHKG01111679		AHKG01111679.1	AHKG01111679.1	NW_004626119.1
hetGla2:AHKG01111680	AHKG01111680		AHKG01111680.1	AHKG01111680.1	NW_004626120.1
hetGla2:AHKG01111683	AHKG01111683		AHKG01111683.1	AHKG01111683.1	NW_004626122.1
hetGla2:AHKG01111684	AHKG01111684		AHKG01111684.1	AHKG01111684.1	NW_004626123.1
hetGla2:AHKG01111685	AHKG01111685		AHKG01111685.1	AHKG01111685.1	NW_004626124.1
hetGla2:AHKG01111686	AHKG01111686		AHKG01111686.1	AHKG01111686.1	NW_004626125.1
hetGla2:AHKG01111687	AHKG01111687		AHKG01111687.1	AHKG01111687.1	NW_004626126.1
hetGla2:AHKG01111688	AHKG01111688		AHKG01111688.1	AHKG01111688.1	NW_004626127.1
hetGla2:AHKG01111689	AHKG01111689		AHKG01111689.1	AHKG01111689.1	NW_004626128.1
hetGla2:AHKG01111690	AHKG01111690		AHKG01111690.1	AHKG01111690.1	NW_004626129.1
hetGla2:AHKG01111695	AHKG01111695		AHKG01111695.1	AHKG01111695.1	NW_004626132.1
hetGla2:AHKG01111696	AHKG01111696		AHKG01111696.1	AHKG01111696.1	NW_004626133.1
hetGla2:AHKG01111697	AHKG01111697		AHKG01111697.1	AHKG01111697.1	NW_004626134.1
hetGla2:AHKG01111698	AHKG01111698		AHKG01111698.1	AHKG01111698.1	NW_004626135.1
hetGla2:AHKG01111699	AHKG01111699		AHKG01111699.1	AHKG01111699.1	NW_004626136.1
hetGla2:AHKG01111700	AHKG01111700		AHKG01111700.1	AHKG01111700.1	NW_004626137.1
hetGla2:AHKG01111703	AHKG01111703		AHKG01111703.1	AHKG01111703.1	NW_004626139.1
hetGla2:AHKG01111704	AHKG01111704		AHKG01111704.1	AHKG01111704.1	NW_004626140.1
hetGla2:AHKG01111707	AHKG01111707		AHKG01111707.1	AHKG01111707.1	NW_004626142.1
hetGla2:AHKG01111708	AHKG01111708		AHKG01111708.1	AHKG01111708.1	NW_004626143.1
hetGla2:AHKG01111709	AHKG01111709		AHKG01111709.1	AHKG01111709.1	NW_004626144.1
hetGla2:AHKG01111710	AHKG01111710		AHKG01111710.1	AHKG01111710.1	NW_004626145.1
hetGla2:AHKG01111715	AHKG01111715		AHKG01111715.1	AHKG01111715.1	NW_004626147.1
hetGla2:AHKG01111716	AHKG01111716		AHKG01111716.1	AHKG01111716.1	NW_004626148.1
hetGla2:AHKG01111717	AHKG01111717		AHKG01111717.1	AHKG01111717.1	NW_004626149.1
hetGla2:AHKG01111718	AHKG01111718		AHKG01111718.1	AHKG01111718.1	NW_004626150.1
hetGla2:AHKG01111719	AHKG01111719		AHKG01111719.1	AHKG01111719.1	NW_004626151.1
hetGla2:AHKG01111722	AHKG01111722		AHKG01111722.1	AHKG01111722.1	NW_004626153.1
hetGla2:AHKG01111723	AHKG01111723		AHKG01111723.1	AHKG01111723.1	NW_004626154.1
hetGla2:AHKG01111724	AHKG01111724		AHKG01111724.1	AHKG01111724.1	NW_004626155.1
hetGla2:AHKG01111725	AHKG01111725		AHKG01111725.1	AHKG01111725.1	NW_004626156.1
hetGla2:AHKG01111726	AHKG01111726		AHKG01111726.1	AHKG01111726.1	NW_004626157.1
hetGla2:AHKG01111729	AHKG01111729		AHKG01111729.1	AHKG01111729.1	NW_004626159.1
hetGla2:AHKG01111730	AHKG01111730		AHKG01111730.1	AHKG01111730.1	NW_004626160.1
hetGla2:AHKG01111733	AHKG01111733		AHKG01111733.1	AHKG01111733.1	NW_004626162.1
hetGla2:AHKG01111734	AHKG01111734		AHKG01111734.1	AHKG01111734.1	NW_004626163.1
hetGla2:AHKG01111735	AHKG01111735		AHKG01111735.1	AHKG01111735.1	NW_004626164.1
hetGla2:AHKG01111736	AHKG01111736		AHKG01111736.1	AHKG01111736.1	NW_004626165.1
hetGla2:AHKG01111737	AHKG01111737		AHKG01111737.1	AHKG01111737.1	NW_004626166.1
hetGla2:AHKG01111738	AHKG01111738		AHKG01111738.1	AHKG01111738.1	NW_004626167.1
hetGla2:AHKG01111739	AHKG01111739		AHKG01111739.1	AHKG01111739.1	NW_004626168.1
hetGla2:AHKG01111740	AHKG01111740		AHKG01111740.1	AHKG01111740.1	NW_004626169.1
hetGla2:AHKG01111741	AHKG01111741		AHKG01111741.1	AHKG01111741.1	NW_004626170.1
hetGla2:AHKG01111742	AHKG01111742		AHKG01111742.1	AHKG01111742.1	NW_004626171.1
hetGla2:AHKG01111743	AHKG01111743		AHKG01111743.1	AHKG01111743.1	NW_004626172.1
hetGla2:AHKG01111744	AHKG01111744		AHKG01111744.1	AHKG01111744.1	NW_004626173.1
hetGla2:AHKG01111745	AHKG01111745		AHKG01111745.1	AHKG01111745.1	NW_004626174.1
hetGla2:AHKG01111746	AHKG01111746		AHKG01111746.1	AHKG01111746.1	NW_004626175.1
hetGla2:AHKG01111749	AHKG01111749		AHKG01111749.1	AHKG01111749.1	NW_004626177.1
hetGla2:AHKG01111750	AHKG01111750		AHKG01111750.1	AHKG01111750.1	NW_004626178.1
hetGla2:AHKG01111751	AHKG01111751		AHKG01111751.1	AHKG01111751.1	NW_004626179.1
hetGla2:AHKG01111752	AHKG01111752		AHKG01111752.1	AHKG01111752.1	NW_004626180.1
hetGla2:AHKG01111753	AHKG01111753		AHKG01111753.1	AHKG01111753.1	NW_004626181.1
hetGla2:AHKG01111754	AHKG01111754		AHKG01111754.1	AHKG01111754.1	NW_004626182.1
hetGla2:AHKG01111755	AHKG01111755		AHKG01111755.1	AHKG01111755.1	NW_004626183.1
hetGla2:AHKG01111756	AHKG01111756		AHKG01111756.1	AHKG01111756.1	NW_004626184.1
hetGla2:AHKG01111757	AHKG01111757		AHKG01111757.1	AHKG01111757.1	NW_004626185.1
hetGla2:AHKG01111760	AHKG01111760		AHKG01111760.1	AHKG01111760.1	NW_004626187.1
hetGla2:AHKG01111761	AHKG01111761		AHKG01111761.1	AHKG01111761.1	NW_004626188.1
hetGla2:AHKG01111762	AHKG01111762		AHKG01111762.1	AHKG01111762.1	NW_004626189.1
hetGla2:AHKG01111763	AHKG01111763		AHKG01111763.1	AHKG01111763.1	NW_004626190.1
hetGla2:AHKG01111764	AHKG01111764		AHKG01111764.1	AHKG01111764.1	NW_004626191.1
hetGla2:AHKG01111765	AHKG01111765		AHKG01111765.1	AHKG01111765.1	NW_004626192.1
hetGla2:AHKG01111766	AHKG01111766		AHKG01111766.1	AHKG01111766.1	NW_004626193.1
hetGla2:AHKG01111767	AHKG01111767		AHKG01111767.1	AHKG01111767.1	NW_004626194.1
hetGla2:AHKG01111768	AHKG01111768		AHKG01111768.1	AHKG01111768.1	NW_004626195.1
hetGla2:AHKG01111769	AHKG01111769		AHKG01111769.1	AHKG01111769.1	NW_004626196.1
hetGla2:AHKG01111770	AHKG01111770		AHKG01111770.1	AHKG01111770.1	NW_004626197.1
hetGla2:AHKG01111771	AHKG01111771		AHKG01111771.1	AHKG01111771.1	NW_004626198.1
hetGla2:AHKG01111772	AHKG01111772		AHKG01111772.1	AHKG01111772.1	NW_004626199.1
hetGla2:AHKG01111773	AHKG01111773		AHKG01111773.1	AHKG01111773.1	NW_004626200.1
hetGla2:AHKG01111774	AHKG01111774		AHKG01111774.1	AHKG01111774.1	NW_004626201.1
hetGla2:AHKG01111775	AHKG01111775		AHKG01111775.1	AHKG01111775.1	NW_004626202.1
hetGla2:AHKG01111778	AHKG01111778		AHKG01111778.1	AHKG01111778.1	NW_004626204.1
hetGla2:AHKG01111781	AHKG01111781		AHKG01111781.1	AHKG01111781.1	NW_004626206.1
hetGla2:AHKG01111782	AHKG01111782		AHKG01111782.1	AHKG01111782.1	NW_004626207.1
hetGla2:AHKG01111785	AHKG01111785		AHKG01111785.1	AHKG01111785.1	NW_004626209.1
hetGla2:AHKG01111786	AHKG01111786		AHKG01111786.1	AHKG01111786.1	NW_004626210.1
hetGla2:AHKG01111787	AHKG01111787		AHKG01111787.1	AHKG01111787.1	NW_004626211.1
hetGla2:AHKG01111788	AHKG01111788		AHKG01111788.1	AHKG01111788.1	NW_004626212.1
hetGla2:AHKG01111789	AHKG01111789		AHKG01111789.1	AHKG01111789.1	NW_004626213.1
hetGla2:AHKG01111790	AHKG01111790		AHKG01111790.1	AHKG01111790.1	NW_004626214.1
hetGla2:AHKG01111791	AHKG01111791		AHKG01111791.1	AHKG01111791.1	NW_004626215.1
hetGla2:AHKG01111792	AHKG01111792		AHKG01111792.1	AHKG01111792.1	NW_004626216.1
hetGla2:AHKG01111793	AHKG01111793		AHKG01111793.1	AHKG01111793.1	NW_004626217.1
hetGla2:AHKG01111794	AHKG01111794		AHKG01111794.1	AHKG01111794.1	NW_004626218.1
hetGla2:AHKG01111795	AHKG01111795		AHKG01111795.1	AHKG01111795.1	NW_004626219.1
hetGla2:AHKG01111796	AHKG01111796		AHKG01111796.1	AHKG01111796.1	NW_004626220.1
hetGla2:AHKG01111797	AHKG01111797		AHKG01111797.1	AHKG01111797.1	NW_004626221.1
hetGla2:AHKG01111798	AHKG01111798		AHKG01111798.1	AHKG01111798.1	NW_004626222.1
hetGla2:AHKG01111799	AHKG01111799		AHKG01111799.1	AHKG01111799.1	NW_004626223.1
hetGla2:AHKG01111800	AHKG01111800		AHKG01111800.1	AHKG01111800.1	NW_004626224.1
hetGla2:AHKG01111801	AHKG01111801		AHKG01111801.1	AHKG01111801.1	NW_004626225.1
hetGla2:AHKG01111802	AHKG01111802		AHKG01111802.1	AHKG01111802.1	NW_004626226.1
hetGla2:AHKG01111803	AHKG01111803		AHKG01111803.1	AHKG01111803.1	NW_004626227.1
hetGla2:AHKG01111804	AHKG01111804		AHKG01111804.1	AHKG01111804.1	NW_004626228.1
hetGla2:AHKG01111805	AHKG01111805		AHKG01111805.1	AHKG01111805.1	NW_004626229.1
hetGla2:AHKG01111806	AHKG01111806		AHKG01111806.1	AHKG01111806.1	NW_004626230.1
hetGla2:AHKG01111807	AHKG01111807		AHKG01111807.1	AHKG01111807.1	NW_004626231.1
hetGla2:AHKG01111808	AHKG01111808		AHKG01111808.1	AHKG01111808.1	NW_004626232.1
hetGla2:AHKG01111809	AHKG01111809		AHKG01111809.1	AHKG01111809.1	NW_004626233.1
hetGla2:AHKG01111810	AHKG01111810		AHKG01111810.1	AHKG01111810.1	NW_004626234.1
hetGla2:AHKG01111811	AHKG01111811		AHKG01111811.1	AHKG01111811.1	NW_004626235.1
hetGla2:AHKG01111812	AHKG01111812		AHKG01111812.1	AHKG01111812.1	NW_004626236.1
hetGla2:AHKG01111817	AHKG01111817		AHKG01111817.1	AHKG01111817.1	NW_004626239.1
hetGla2:AHKG01111818	AHKG01111818		AHKG01111818.1	AHKG01111818.1	NW_004626240.1
hetGla2:AHKG01111819	AHKG01111819		AHKG01111819.1	AHKG01111819.1	NW_004626241.1
hetGla2:AHKG01111824	AHKG01111824		AHKG01111824.1	AHKG01111824.1	NW_004626243.1
hetGla2:AHKG01111825	AHKG01111825		AHKG01111825.1	AHKG01111825.1	NW_004626244.1
hetGla2:AHKG01111826	AHKG01111826		AHKG01111826.1	AHKG01111826.1	NW_004626245.1
hetGla2:AHKG01111827	AHKG01111827		AHKG01111827.1	AHKG01111827.1	NW_004626246.1
hetGla2:AHKG01111828	AHKG01111828		AHKG01111828.1	AHKG01111828.1	NW_004626247.1
hetGla2:AHKG01111829	AHKG01111829		AHKG01111829.1	AHKG01111829.1	NW_004626248.1
hetGla2:AHKG01111830	AHKG01111830		AHKG01111830.1	AHKG01111830.1	NW_004626249.1
hetGla2:AHKG01111831	AHKG01111831		AHKG01111831.1	AHKG01111831.1	NW_004626250.1
hetGla2:AHKG01111832	AHKG01111832		AHKG01111832.1	AHKG01111832.1	NW_004626251.1
hetGla2:AHKG01111833	AHKG01111833		AHKG01111833.1	AHKG01111833.1	NW_004626252.1
hetGla2:AHKG01111834	AHKG01111834		AHKG01111834.1	AHKG01111834.1	NW_004626253.1
hetGla2:AHKG01111835	AHKG01111835		AHKG01111835.1	AHKG01111835.1	NW_004626254.1
hetGla2:AHKG01111836	AHKG01111836		AHKG01111836.1	AHKG01111836.1	NW_004626255.1
hetGla2:AHKG01111837	AHKG01111837		AHKG01111837.1	AHKG01111837.1	NW_004626256.1
hetGla2:AHKG01111838	AHKG01111838		AHKG01111838.1	AHKG01111838.1	NW_004626257.1
hetGla2:AHKG01111839	AHKG01111839		AHKG01111839.1	AHKG01111839.1	NW_004626258.1
hetGla2:AHKG01111840	AHKG01111840		AHKG01111840.1	AHKG01111840.1	NW_004626259.1
hetGla2:AHKG01111841	AHKG01111841		AHKG01111841.1	AHKG01111841.1	NW_004626260.1
hetGla2:AHKG01111842	AHKG01111842		AHKG01111842.1	AHKG01111842.1	NW_004626261.1
hetGla2:AHKG01111843	AHKG01111843		AHKG01111843.1	AHKG01111843.1	NW_004626262.1
hetGla2:AHKG01111844	AHKG01111844		AHKG01111844.1	AHKG01111844.1	NW_004626263.1
hetGla2:AHKG01111845	AHKG01111845		AHKG01111845.1	AHKG01111845.1	NW_004626264.1
hetGla2:AHKG01111846	AHKG01111846		AHKG01111846.1	AHKG01111846.1	NW_004626265.1
hetGla2:AHKG01111849	AHKG01111849		AHKG01111849.1	AHKG01111849.1	NW_004626267.1
hetGla2:AHKG01111850	AHKG01111850		AHKG01111850.1	AHKG01111850.1	NW_004626268.1
hetGla2:AHKG01111851	AHKG01111851		AHKG01111851.1	AHKG01111851.1	NW_004626269.1
hetGla2:AHKG01111852	AHKG01111852		AHKG01111852.1	AHKG01111852.1	NW_004626270.1
hetGla2:AHKG01111853	AHKG01111853		AHKG01111853.1	AHKG01111853.1	NW_004626271.1
hetGla2:AHKG01111854	AHKG01111854		AHKG01111854.1	AHKG01111854.1	NW_004626272.1
hetGla2:AHKG01111855	AHKG01111855		AHKG01111855.1	AHKG01111855.1	NW_004626273.1
hetGla2:AHKG01111856	AHKG01111856		AHKG01111856.1	AHKG01111856.1	NW_004626274.1
hetGla2:AHKG01111857	AHKG01111857		AHKG01111857.1	AHKG01111857.1	NW_004626275.1
hetGla2:AHKG01111860	AHKG01111860		AHKG01111860.1	AHKG01111860.1	NW_004626277.1
hetGla2:AHKG01111861	AHKG01111861		AHKG01111861.1	AHKG01111861.1	NW_004626278.1
hetGla2:AHKG01111864	AHKG01111864		AHKG01111864.1	AHKG01111864.1	NW_004626280.1
hetGla2:AHKG01111865	AHKG01111865		AHKG01111865.1	AHKG01111865.1	NW_004626281.1
hetGla2:AHKG01111866	AHKG01111866		AHKG01111866.1	AHKG01111866.1	NW_004626282.1
hetGla2:AHKG01111867	AHKG01111867		AHKG01111867.1	AHKG01111867.1	NW_004626283.1
hetGla2:AHKG01111868	AHKG01111868		AHKG01111868.1	AHKG01111868.1	NW_004626284.1
hetGla2:AHKG01111869	AHKG01111869		AHKG01111869.1	AHKG01111869.1	NW_004626285.1
hetGla2:AHKG01111870	AHKG01111870		AHKG01111870.1	AHKG01111870.1	NW_004626286.1
hetGla2:AHKG01111871	AHKG01111871		AHKG01111871.1	AHKG01111871.1	NW_004626287.1
hetGla2:AHKG01111872	AHKG01111872		AHKG01111872.1	AHKG01111872.1	NW_004626288.1
hetGla2:AHKG01111875	AHKG01111875		AHKG01111875.1	AHKG01111875.1	NW_004626290.1
hetGla2:AHKG01111876	AHKG01111876		AHKG01111876.1	AHKG01111876.1	NW_004626291.1
hetGla2:AHKG01111877	AHKG01111877		AHKG01111877.1	AHKG01111877.1	NW_004626292.1
hetGla2:AHKG01111878	AHKG01111878		AHKG01111878.1	AHKG01111878.1	NW_004626293.1
hetGla2:AHKG01111879	AHKG01111879		AHKG01111879.1	AHKG01111879.1	NW_004626294.1
hetGla2:AHKG01111880	AHKG01111880		AHKG01111880.1	AHKG01111880.1	NW_004626295.1
hetGla2:AHKG01111881	AHKG01111881		AHKG01111881.1	AHKG01111881.1	NW_004626296.1
hetGla2:AHKG01111882	AHKG01111882		AHKG01111882.1	AHKG01111882.1	NW_004626297.1
hetGla2:AHKG01111883	AHKG01111883		AHKG01111883.1	AHKG01111883.1	NW_004626298.1
hetGla2:AHKG01111884	AHKG01111884		AHKG01111884.1	AHKG01111884.1	NW_004626299.1
hetGla2:AHKG01111885	AHKG01111885		AHKG01111885.1	AHKG01111885.1	NW_004626300.1
hetGla2:AHKG01111886	AHKG01111886		AHKG01111886.1	AHKG01111886.1	NW_004626301.1
hetGla2:AHKG01111887	AHKG01111887		AHKG01111887.1	AHKG01111887.1	NW_004626302.1
hetGla2:AHKG01111888	AHKG01111888		AHKG01111888.1	AHKG01111888.1	NW_004626303.1
hetGla2:AHKG01111889	AHKG01111889		AHKG01111889.1	AHKG01111889.1	NW_004626304.1
hetGla2:AHKG01111890	AHKG01111890		AHKG01111890.1	AHKG01111890.1	NW_004626305.1
hetGla2:AHKG01111891	AHKG01111891		AHKG01111891.1	AHKG01111891.1	NW_004626306.1
hetGla2:AHKG01111892	AHKG01111892		AHKG01111892.1	AHKG01111892.1	NW_004626307.1
hetGla2:AHKG01111893	AHKG01111893		AHKG01111893.1	AHKG01111893.1	NW_004626308.1
hetGla2:AHKG01111894	AHKG01111894		AHKG01111894.1	AHKG01111894.1	NW_004626309.1
hetGla2:AHKG01111897	AHKG01111897		AHKG01111897.1	AHKG01111897.1	NW_004626311.1
hetGla2:AHKG01111898	AHKG01111898		AHKG01111898.1	AHKG01111898.1	NW_004626312.1
hetGla2:AHKG01111899	AHKG01111899		AHKG01111899.1	AHKG01111899.1	NW_004626313.1
hetGla2:AHKG01111900	AHKG01111900		AHKG01111900.1	AHKG01111900.1	NW_004626314.1
hetGla2:AHKG01111901	AHKG01111901		AHKG01111901.1	AHKG01111901.1	NW_004626315.1
hetGla2:AHKG01111902	AHKG01111902		AHKG01111902.1	AHKG01111902.1	NW_004626316.1
hetGla2:AHKG01111903	AHKG01111903		AHKG01111903.1	AHKG01111903.1	NW_004626317.1
hetGla2:AHKG01111904	AHKG01111904		AHKG01111904.1	AHKG01111904.1	NW_004626318.1
hetGla2:AHKG01111905	AHKG01111905		AHKG01111905.1	AHKG01111905.1	NW_004626319.1
hetGla2:AHKG01111906	AHKG01111906		AHKG01111906.1	AHKG01111906.1	NW_004626320.1
hetGla2:AHKG01111907	AHKG01111907		AHKG01111907.1	AHKG01111907.1	NW_004626321.1
hetGla2:AHKG01111910	AHKG01111910		AHKG01111910.1	AHKG01111910.1	NW_004626323.1
hetGla2:AHKG01111911	AHKG01111911		AHKG01111911.1	AHKG01111911.1	NW_004626324.1
hetGla2:AHKG01111912	AHKG01111912		AHKG01111912.1	AHKG01111912.1	NW_004626325.1
hetGla2:AHKG01111915	AHKG01111915		AHKG01111915.1	AHKG01111915.1	NW_004626327.1
hetGla2:AHKG01111916	AHKG01111916		AHKG01111916.1	AHKG01111916.1	NW_004626328.1
hetGla2:AHKG01111917	AHKG01111917		AHKG01111917.1	AHKG01111917.1	NW_004626329.1
hetGla2:AHKG01111918	AHKG01111918		AHKG01111918.1	AHKG01111918.1	NW_004626330.1
hetGla2:AHKG01111919	AHKG01111919		AHKG01111919.1	AHKG01111919.1	NW_004626331.1
hetGla2:AHKG01111920	AHKG01111920		AHKG01111920.1	AHKG01111920.1	NW_004626332.1
hetGla2:AHKG01111925	AHKG01111925		AHKG01111925.1	AHKG01111925.1	NW_004626334.1
hetGla2:AHKG01111928	AHKG01111928		AHKG01111928.1	AHKG01111928.1	NW_004626336.1
hetGla2:AHKG01111931	AHKG01111931		AHKG01111931.1	AHKG01111931.1	NW_004626338.1
hetGla2:AHKG01111932	AHKG01111932		AHKG01111932.1	AHKG01111932.1	NW_004626339.1
hetGla2:AHKG01111933	AHKG01111933		AHKG01111933.1	AHKG01111933.1	NW_004626340.1
hetGla2:AHKG01111936	AHKG01111936		AHKG01111936.1	AHKG01111936.1	NW_004626342.1
hetGla2:AHKG01111937	AHKG01111937		AHKG01111937.1	AHKG01111937.1	NW_004626343.1
hetGla2:AHKG01111941	AHKG01111941		AHKG01111941.1	AHKG01111941.1	NW_004626345.1
hetGla2:AHKG01111942	AHKG01111942		AHKG01111942.1	AHKG01111942.1	NW_004626346.1
hetGla2:AHKG01111943	AHKG01111943		AHKG01111943.1	AHKG01111943.1	NW_004626347.1
hetGla2:AHKG01111944	AHKG01111944		AHKG01111944.1	AHKG01111944.1	NW_004626348.1
hetGla2:AHKG01111945	AHKG01111945		AHKG01111945.1	AHKG01111945.1	NW_004626349.1
hetGla2:AHKG01111946	AHKG01111946		AHKG01111946.1	AHKG01111946.1	NW_004626350.1
hetGla2:AHKG01111947	AHKG01111947		AHKG01111947.1	AHKG01111947.1	NW_004626351.1
hetGla2:AHKG01111948	AHKG01111948		AHKG01111948.1	AHKG01111948.1	NW_004626352.1
hetGla2:AHKG01111949	AHKG01111949		AHKG01111949.1	AHKG01111949.1	NW_004626353.1
hetGla2:AHKG01111950	AHKG01111950		AHKG01111950.1	AHKG01111950.1	NW_004626354.1
hetGla2:AHKG01111951	AHKG01111951		AHKG01111951.1	AHKG01111951.1	NW_004626355.1
hetGla2:AHKG01111952	AHKG01111952		AHKG01111952.1	AHKG01111952.1	NW_004626356.1
hetGla2:AHKG01111953	AHKG01111953		AHKG01111953.1	AHKG01111953.1	NW_004626357.1
hetGla2:AHKG01111954	AHKG01111954		AHKG01111954.1	AHKG01111954.1	NW_004626358.1
hetGla2:AHKG01111955	AHKG01111955		AHKG01111955.1	AHKG01111955.1	NW_004626359.1
hetGla2:AHKG01111958	AHKG01111958		AHKG01111958.1	AHKG01111958.1	NW_004626361.1
hetGla2:AHKG01111959	AHKG01111959		AHKG01111959.1	AHKG01111959.1	NW_004626362.1
hetGla2:AHKG01111960	AHKG01111960		AHKG01111960.1	AHKG01111960.1	NW_004626363.1
hetGla2:AHKG01111961	AHKG01111961		AHKG01111961.1	AHKG01111961.1	NW_004626364.1
hetGla2:AHKG01111962	AHKG01111962		AHKG01111962.1	AHKG01111962.1	NW_004626365.1
hetGla2:AHKG01111963	AHKG01111963		AHKG01111963.1	AHKG01111963.1	NW_004626366.1
hetGla2:AHKG01111968	AHKG01111968		AHKG01111968.1	AHKG01111968.1	NW_004626369.1
hetGla2:AHKG01111971	AHKG01111971		AHKG01111971.1	AHKG01111971.1	NW_004626371.1
hetGla2:AHKG01111972	AHKG01111972		AHKG01111972.1	AHKG01111972.1	NW_004626372.1
hetGla2:AHKG01111973	AHKG01111973		AHKG01111973.1	AHKG01111973.1	NW_004626373.1
hetGla2:AHKG01111974	AHKG01111974		AHKG01111974.1	AHKG01111974.1	NW_004626374.1
hetGla2:AHKG01111977	AHKG01111977		AHKG01111977.1	AHKG01111977.1	NW_004626376.1
hetGla2:AHKG01111978	AHKG01111978		AHKG01111978.1	AHKG01111978.1	NW_004626377.1
hetGla2:AHKG01111981	AHKG01111981		AHKG01111981.1	AHKG01111981.1	NW_004626379.1
hetGla2:AHKG01111982	AHKG01111982		AHKG01111982.1	AHKG01111982.1	NW_004626380.1
hetGla2:AHKG01111983	AHKG01111983		AHKG01111983.1	AHKG01111983.1	NW_004626381.1
hetGla2:AHKG01111984	AHKG01111984		AHKG01111984.1	AHKG01111984.1	NW_004626382.1
hetGla2:AHKG01111985	AHKG01111985		AHKG01111985.1	AHKG01111985.1	NW_004626383.1
hetGla2:AHKG01111986	AHKG01111986		AHKG01111986.1	AHKG01111986.1	NW_004626384.1
hetGla2:AHKG01111991	AHKG01111991		AHKG01111991.1	AHKG01111991.1	NW_004626387.1
hetGla2:AHKG01111992	AHKG01111992		AHKG01111992.1	AHKG01111992.1	NW_004626388.1
hetGla2:AHKG01111995	AHKG01111995		AHKG01111995.1	AHKG01111995.1	NW_004626390.1
hetGla2:AHKG01111996	AHKG01111996		AHKG01111996.1	AHKG01111996.1	NW_004626391.1
hetGla2:AHKG01111997	AHKG01111997		AHKG01111997.1	AHKG01111997.1	NW_004626392.1
hetGla2:AHKG01111998	AHKG01111998		AHKG01111998.1	AHKG01111998.1	NW_004626393.1
hetGla2:AHKG01112001	AHKG01112001		AHKG01112001.1	AHKG01112001.1	NW_004626395.1
hetGla2:AHKG01112002	AHKG01112002		AHKG01112002.1	AHKG01112002.1	NW_004626396.1
hetGla2:AHKG01112003	AHKG01112003		AHKG01112003.1	AHKG01112003.1	NW_004626397.1
hetGla2:AHKG01112004	AHKG01112004		AHKG01112004.1	AHKG01112004.1	NW_004626398.1
hetGla2:AHKG01112005	AHKG01112005		AHKG01112005.1	AHKG01112005.1	NW_004626399.1
hetGla2:AHKG01112006	AHKG01112006		AHKG01112006.1	AHKG01112006.1	NW_004626400.1
hetGla2:AHKG01112007	AHKG01112007		AHKG01112007.1	AHKG01112007.1	NW_004626401.1
hetGla2:AHKG01112008	AHKG01112008		AHKG01112008.1	AHKG01112008.1	NW_004626402.1
hetGla2:AHKG01112009	AHKG01112009		AHKG01112009.1	AHKG01112009.1	NW_004626403.1
hetGla2:AHKG01112010	AHKG01112010		AHKG01112010.1	AHKG01112010.1	NW_004626404.1
hetGla2:AHKG01112011	AHKG01112011		AHKG01112011.1	AHKG01112011.1	NW_004626405.1
hetGla2:AHKG01112014	AHKG01112014		AHKG01112014.1	AHKG01112014.1	NW_004626407.1
hetGla2:AHKG01112015	AHKG01112015		AHKG01112015.1	AHKG01112015.1	NW_004626408.1
hetGla2:AHKG01112016	AHKG01112016		AHKG01112016.1	AHKG01112016.1	NW_004626409.1
hetGla2:AHKG01112017	AHKG01112017		AHKG01112017.1	AHKG01112017.1	NW_004626410.1
hetGla2:AHKG01112018	AHKG01112018		AHKG01112018.1	AHKG01112018.1	NW_004626411.1
hetGla2:AHKG01112019	AHKG01112019		AHKG01112019.1	AHKG01112019.1	NW_004626412.1
hetGla2:AHKG01112020	AHKG01112020		AHKG01112020.1	AHKG01112020.1	NW_004626413.1
hetGla2:AHKG01112021	AHKG01112021		AHKG01112021.1	AHKG01112021.1	NW_004626414.1
hetGla2:AHKG01112022	AHKG01112022		AHKG01112022.1	AHKG01112022.1	NW_004626415.1
hetGla2:AHKG01112023	AHKG01112023		AHKG01112023.1	AHKG01112023.1	NW_004626416.1
hetGla2:AHKG01112026	AHKG01112026		AHKG01112026.1	AHKG01112026.1	NW_004626418.1
hetGla2:AHKG01112027	AHKG01112027		AHKG01112027.1	AHKG01112027.1	NW_004626419.1
hetGla2:AHKG01112028	AHKG01112028		AHKG01112028.1	AHKG01112028.1	NW_004626420.1
hetGla2:AHKG01112031	AHKG01112031		AHKG01112031.1	AHKG01112031.1	NW_004626422.1
hetGla2:AHKG01112032	AHKG01112032		AHKG01112032.1	AHKG01112032.1	NW_004626423.1
hetGla2:AHKG01112033	AHKG01112033		AHKG01112033.1	AHKG01112033.1	NW_004626424.1
hetGla2:AHKG01112034	AHKG01112034		AHKG01112034.1	AHKG01112034.1	NW_004626425.1
hetGla2:AHKG01112035	AHKG01112035		AHKG01112035.1	AHKG01112035.1	NW_004626426.1
hetGla2:AHKG01112036	AHKG01112036		AHKG01112036.1	AHKG01112036.1	NW_004626427.1
hetGla2:AHKG01112037	AHKG01112037		AHKG01112037.1	AHKG01112037.1	NW_004626428.1
hetGla2:AHKG01112038	AHKG01112038		AHKG01112038.1	AHKG01112038.1	NW_004626429.1
hetGla2:AHKG01112039	AHKG01112039		AHKG01112039.1	AHKG01112039.1	NW_004626430.1
hetGla2:AHKG01112040	AHKG01112040		AHKG01112040.1	AHKG01112040.1	NW_004626431.1
hetGla2:AHKG01112041	AHKG01112041		AHKG01112041.1	AHKG01112041.1	NW_004626432.1
hetGla2:AHKG01112044	AHKG01112044		AHKG01112044.1	AHKG01112044.1	NW_004626434.1
hetGla2:AHKG01112045	AHKG01112045		AHKG01112045.1	AHKG01112045.1	NW_004626435.1
hetGla2:AHKG01112048	AHKG01112048		AHKG01112048.1	AHKG01112048.1	NW_004626437.1
hetGla2:AHKG01112049	AHKG01112049		AHKG01112049.1	AHKG01112049.1	NW_004626438.1
hetGla2:AHKG01112050	AHKG01112050		AHKG01112050.1	AHKG01112050.1	NW_004626439.1
hetGla2:AHKG01112055	AHKG01112055		AHKG01112055.1	AHKG01112055.1	NW_004626442.1
hetGla2:AHKG01112056	AHKG01112056		AHKG01112056.1	AHKG01112056.1	NW_004626443.1
hetGla2:AHKG01112057	AHKG01112057		AHKG01112057.1	AHKG01112057.1	NW_004626444.1
hetGla2:AHKG01112058	AHKG01112058		AHKG01112058.1	AHKG01112058.1	NW_004626445.1
hetGla2:AHKG01112059	AHKG01112059		AHKG01112059.1	AHKG01112059.1	NW_004626446.1
hetGla2:AHKG01112060	AHKG01112060		AHKG01112060.1	AHKG01112060.1	NW_004626447.1
hetGla2:AHKG01112061	AHKG01112061		AHKG01112061.1	AHKG01112061.1	NW_004626448.1
hetGla2:AHKG01112062	AHKG01112062		AHKG01112062.1	AHKG01112062.1	NW_004626449.1
hetGla2:AHKG01112063	AHKG01112063		AHKG01112063.1	AHKG01112063.1	NW_004626450.1
hetGla2:AHKG01112064	AHKG01112064		AHKG01112064.1	AHKG01112064.1	NW_004626451.1
hetGla2:AHKG01112065	AHKG01112065		AHKG01112065.1	AHKG01112065.1	NW_004626452.1
hetGla2:AHKG01112066	AHKG01112066		AHKG01112066.1	AHKG01112066.1	NW_004626453.1
hetGla2:AHKG01112067	AHKG01112067		AHKG01112067.1	AHKG01112067.1	NW_004626454.1
hetGla2:AHKG01112068	AHKG01112068		AHKG01112068.1	AHKG01112068.1	NW_004626455.1
hetGla2:AHKG01112069	AHKG01112069		AHKG01112069.1	AHKG01112069.1	NW_004626456.1
hetGla2:AHKG01112070	AHKG01112070		AHKG01112070.1	AHKG01112070.1	NW_004626457.1
hetGla2:AHKG01112071	AHKG01112071		AHKG01112071.1	AHKG01112071.1	NW_004626458.1
hetGla2:AHKG01112072	AHKG01112072		AHKG01112072.1	AHKG01112072.1	NW_004626459.1
hetGla2:AHKG01112073	AHKG01112073		AHKG01112073.1	AHKG01112073.1	NW_004626460.1
hetGla2:AHKG01112074	AHKG01112074		AHKG01112074.1	AHKG01112074.1	NW_004626461.1
hetGla2:AHKG01112075	AHKG01112075		AHKG01112075.1	AHKG01112075.1	NW_004626462.1
hetGla2:AHKG01112076	AHKG01112076		AHKG01112076.1	AHKG01112076.1	NW_004626463.1
hetGla2:AHKG01112077	AHKG01112077		AHKG01112077.1	AHKG01112077.1	NW_004626464.1
hetGla2:AHKG01112078	AHKG01112078		AHKG01112078.1	AHKG01112078.1	NW_004626465.1
hetGla2:AHKG01112079	AHKG01112079		AHKG01112079.1	AHKG01112079.1	NW_004626466.1
hetGla2:AHKG01112080	AHKG01112080		AHKG01112080.1	AHKG01112080.1	NW_004626467.1
hetGla2:AHKG01112081	AHKG01112081		AHKG01112081.1	AHKG01112081.1	NW_004626468.1
hetGla2:AHKG01112082	AHKG01112082		AHKG01112082.1	AHKG01112082.1	NW_004626469.1
hetGla2:AHKG01112083	AHKG01112083		AHKG01112083.1	AHKG01112083.1	NW_004626470.1
hetGla2:AHKG01112084	AHKG01112084		AHKG01112084.1	AHKG01112084.1	NW_004626471.1
hetGla2:AHKG01112085	AHKG01112085		AHKG01112085.1	AHKG01112085.1	NW_004626472.1
hetGla2:AHKG01112086	AHKG01112086		AHKG01112086.1	AHKG01112086.1	NW_004626473.1
hetGla2:AHKG01112091	AHKG01112091		AHKG01112091.1	AHKG01112091.1	NW_004626476.1
hetGla2:AHKG01112092	AHKG01112092		AHKG01112092.1	AHKG01112092.1	NW_004626477.1
hetGla2:AHKG01112093	AHKG01112093		AHKG01112093.1	AHKG01112093.1	NW_004626478.1
hetGla2:AHKG01112094	AHKG01112094		AHKG01112094.1	AHKG01112094.1	NW_004626479.1
hetGla2:AHKG01112095	AHKG01112095		AHKG01112095.1	AHKG01112095.1	NW_004626480.1
hetGla2:AHKG01112096	AHKG01112096		AHKG01112096.1	AHKG01112096.1	NW_004626481.1
hetGla2:AHKG01112097	AHKG01112097		AHKG01112097.1	AHKG01112097.1	NW_004626482.1
hetGla2:AHKG01112098	AHKG01112098		AHKG01112098.1	AHKG01112098.1	NW_004626483.1
hetGla2:AHKG01112101	AHKG01112101		AHKG01112101.1	AHKG01112101.1	NW_004626485.1
hetGla2:AHKG01112104	AHKG01112104		AHKG01112104.1	AHKG01112104.1	NW_004626487.1
hetGla2:AHKG01112105	AHKG01112105		AHKG01112105.1	AHKG01112105.1	NW_004626488.1
hetGla2:AHKG01112106	AHKG01112106		AHKG01112106.1	AHKG01112106.1	NW_004626489.1
hetGla2:AHKG01112107	AHKG01112107		AHKG01112107.1	AHKG01112107.1	NW_004626490.1
hetGla2:AHKG01112108	AHKG01112108		AHKG01112108.1	AHKG01112108.1	NW_004626491.1
hetGla2:AHKG01112111	AHKG01112111		AHKG01112111.1	AHKG01112111.1	NW_004626493.1
hetGla2:AHKG01112112	AHKG01112112		AHKG01112112.1	AHKG01112112.1	NW_004626494.1
hetGla2:AHKG01112113	AHKG01112113		AHKG01112113.1	AHKG01112113.1	NW_004626495.1
hetGla2:AHKG01112114	AHKG01112114		AHKG01112114.1	AHKG01112114.1	NW_004626496.1
hetGla2:AHKG01112115	AHKG01112115		AHKG01112115.1	AHKG01112115.1	NW_004626497.1
hetGla2:AHKG01112116	AHKG01112116		AHKG01112116.1	AHKG01112116.1	NW_004626498.1
hetGla2:AHKG01112117	AHKG01112117		AHKG01112117.1	AHKG01112117.1	NW_004626499.1
hetGla2:AHKG01112118	AHKG01112118		AHKG01112118.1	AHKG01112118.1	NW_004626500.1
hetGla2:AHKG01112119	AHKG01112119		AHKG01112119.1	AHKG01112119.1	NW_004626501.1
hetGla2:AHKG01112120	AHKG01112120		AHKG01112120.1	AHKG01112120.1	NW_004626502.1
hetGla2:AHKG01112121	AHKG01112121		AHKG01112121.1	AHKG01112121.1	NW_004626503.1
hetGla2:AHKG01112122	AHKG01112122		AHKG01112122.1	AHKG01112122.1	NW_004626504.1
hetGla2:AHKG01112123	AHKG01112123		AHKG01112123.1	AHKG01112123.1	NW_004626505.1
hetGla2:AHKG01112124	AHKG01112124		AHKG01112124.1	AHKG01112124.1	NW_004626506.1
hetGla2:AHKG01112125	AHKG01112125		AHKG01112125.1	AHKG01112125.1	NW_004626507.1
hetGla2:AHKG01112128	AHKG01112128		AHKG01112128.1	AHKG01112128.1	NW_004626509.1
hetGla2:AHKG01112129	AHKG01112129		AHKG01112129.1	AHKG01112129.1	NW_004626510.1
hetGla2:AHKG01112130	AHKG01112130		AHKG01112130.1	AHKG01112130.1	NW_004626511.1
hetGla2:AHKG01112131	AHKG01112131		AHKG01112131.1	AHKG01112131.1	NW_004626512.1
hetGla2:AHKG01112132	AHKG01112132		AHKG01112132.1	AHKG01112132.1	NW_004626513.1
hetGla2:AHKG01112133	AHKG01112133		AHKG01112133.1	AHKG01112133.1	NW_004626514.1
hetGla2:AHKG01112134	AHKG01112134		AHKG01112134.1	AHKG01112134.1	NW_004626515.1
hetGla2:AHKG01112135	AHKG01112135		AHKG01112135.1	AHKG01112135.1	NW_004626516.1
hetGla2:AHKG01112138	AHKG01112138		AHKG01112138.1	AHKG01112138.1	NW_004626518.1
hetGla2:AHKG01112139	AHKG01112139		AHKG01112139.1	AHKG01112139.1	NW_004626519.1
hetGla2:AHKG01112140	AHKG01112140		AHKG01112140.1	AHKG01112140.1	NW_004626520.1
hetGla2:AHKG01112141	AHKG01112141		AHKG01112141.1	AHKG01112141.1	NW_004626521.1
hetGla2:AHKG01112142	AHKG01112142		AHKG01112142.1	AHKG01112142.1	NW_004626522.1
hetGla2:AHKG01112143	AHKG01112143		AHKG01112143.1	AHKG01112143.1	NW_004626523.1
hetGla2:AHKG01112144	AHKG01112144		AHKG01112144.1	AHKG01112144.1	NW_004626524.1
hetGla2:AHKG01112145	AHKG01112145		AHKG01112145.1	AHKG01112145.1	NW_004626525.1
hetGla2:AHKG01112146	AHKG01112146		AHKG01112146.1	AHKG01112146.1	NW_004626526.1
hetGla2:AHKG01112149	AHKG01112149		AHKG01112149.1	AHKG01112149.1	NW_004626528.1
hetGla2:AHKG01112150	AHKG01112150		AHKG01112150.1	AHKG01112150.1	NW_004626529.1
hetGla2:AHKG01112153	AHKG01112153		AHKG01112153.1	AHKG01112153.1	NW_004626531.1
hetGla2:AHKG01112154	AHKG01112154		AHKG01112154.1	AHKG01112154.1	NW_004626532.1
hetGla2:AHKG01112155	AHKG01112155		AHKG01112155.1	AHKG01112155.1	NW_004626533.1
hetGla2:AHKG01112156	AHKG01112156		AHKG01112156.1	AHKG01112156.1	NW_004626534.1
hetGla2:AHKG01112157	AHKG01112157		AHKG01112157.1	AHKG01112157.1	NW_004626535.1
hetGla2:AHKG01112158	AHKG01112158		AHKG01112158.1	AHKG01112158.1	NW_004626536.1
hetGla2:AHKG01112159	AHKG01112159		AHKG01112159.1	AHKG01112159.1	NW_004626537.1
hetGla2:AHKG01112162	AHKG01112162		AHKG01112162.1	AHKG01112162.1	NW_004626539.1
hetGla2:AHKG01112163	AHKG01112163		AHKG01112163.1	AHKG01112163.1	NW_004626540.1
hetGla2:AHKG01112164	AHKG01112164		AHKG01112164.1	AHKG01112164.1	NW_004626541.1
hetGla2:AHKG01112165	AHKG01112165		AHKG01112165.1	AHKG01112165.1	NW_004626542.1
hetGla2:AHKG01112166	AHKG01112166		AHKG01112166.1	AHKG01112166.1	NW_004626543.1
hetGla2:AHKG01112171	AHKG01112171		AHKG01112171.1	AHKG01112171.1	NW_004626546.1
hetGla2:AHKG01112172	AHKG01112172		AHKG01112172.1	AHKG01112172.1	NW_004626547.1
hetGla2:AHKG01112173	AHKG01112173		AHKG01112173.1	AHKG01112173.1	NW_004626548.1
hetGla2:AHKG01112174	AHKG01112174		AHKG01112174.1	AHKG01112174.1	NW_004626549.1
hetGla2:AHKG01112175	AHKG01112175		AHKG01112175.1	AHKG01112175.1	NW_004626550.1
hetGla2:AHKG01112176	AHKG01112176		AHKG01112176.1	AHKG01112176.1	NW_004626551.1
hetGla2:AHKG01112181	AHKG01112181		AHKG01112181.1	AHKG01112181.1	NW_004626554.1
hetGla2:AHKG01112182	AHKG01112182		AHKG01112182.1	AHKG01112182.1	NW_004626555.1
hetGla2:AHKG01112185	AHKG01112185		AHKG01112185.1	AHKG01112185.1	NW_004626557.1
hetGla2:AHKG01112186	AHKG01112186		AHKG01112186.1	AHKG01112186.1	NW_004626558.1
hetGla2:AHKG01112189	AHKG01112189		AHKG01112189.1	AHKG01112189.1	NW_004626560.1
hetGla2:AHKG01112190	AHKG01112190		AHKG01112190.1	AHKG01112190.1	NW_004626561.1
hetGla2:AHKG01112191	AHKG01112191		AHKG01112191.1	AHKG01112191.1	NW_004626562.1
hetGla2:AHKG01112192	AHKG01112192		AHKG01112192.1	AHKG01112192.1	NW_004626563.1
hetGla2:AHKG01112195	AHKG01112195		AHKG01112195.1	AHKG01112195.1	NW_004626565.1
hetGla2:AHKG01112196	AHKG01112196		AHKG01112196.1	AHKG01112196.1	NW_004626566.1
hetGla2:AHKG01112197	AHKG01112197		AHKG01112197.1	AHKG01112197.1	NW_004626567.1
hetGla2:AHKG01112198	AHKG01112198		AHKG01112198.1	AHKG01112198.1	NW_004626568.1
hetGla2:AHKG01112199	AHKG01112199		AHKG01112199.1	AHKG01112199.1	NW_004626569.1
hetGla2:AHKG01112200	AHKG01112200		AHKG01112200.1	AHKG01112200.1	NW_004626570.1
hetGla2:AHKG01112201	AHKG01112201		AHKG01112201.1	AHKG01112201.1	NW_004626571.1
hetGla2:AHKG01112202	AHKG01112202		AHKG01112202.1	AHKG01112202.1	NW_004626572.1
hetGla2:AHKG01112203	AHKG01112203		AHKG01112203.1	AHKG01112203.1	NW_004626573.1
hetGla2:AHKG01112204	AHKG01112204		AHKG01112204.1	AHKG01112204.1	NW_004626574.1
hetGla2:AHKG01112205	AHKG01112205		AHKG01112205.1	AHKG01112205.1	NW_004626575.1
hetGla2:AHKG01112206	AHKG01112206		AHKG01112206.1	AHKG01112206.1	NW_004626576.1
hetGla2:AHKG01112210	AHKG01112210		AHKG01112210.1	AHKG01112210.1	NW_004626578.1
hetGla2:AHKG01112211	AHKG01112211		AHKG01112211.1	AHKG01112211.1	NW_004626579.1
hetGla2:AHKG01112212	AHKG01112212		AHKG01112212.1	AHKG01112212.1	NW_004626580.1
hetGla2:AHKG01112213	AHKG01112213		AHKG01112213.1	AHKG01112213.1	NW_004626581.1
hetGla2:AHKG01112214	AHKG01112214		AHKG01112214.1	AHKG01112214.1	NW_004626582.1
hetGla2:AHKG01112215	AHKG01112215		AHKG01112215.1	AHKG01112215.1	NW_004626583.1
hetGla2:AHKG01112216	AHKG01112216		AHKG01112216.1	AHKG01112216.1	NW_004626584.1
hetGla2:AHKG01112217	AHKG01112217		AHKG01112217.1	AHKG01112217.1	NW_004626585.1
hetGla2:AHKG01112218	AHKG01112218		AHKG01112218.1	AHKG01112218.1	NW_004626586.1
hetGla2:AHKG01112219	AHKG01112219		AHKG01112219.1	AHKG01112219.1	NW_004626587.1
hetGla2:AHKG01112222	AHKG01112222		AHKG01112222.1	AHKG01112222.1	NW_004626589.1
hetGla2:AHKG01112223	AHKG01112223		AHKG01112223.1	AHKG01112223.1	NW_004626590.1
hetGla2:AHKG01112224	AHKG01112224		AHKG01112224.1	AHKG01112224.1	NW_004626591.1
hetGla2:AHKG01112225	AHKG01112225		AHKG01112225.1	AHKG01112225.1	NW_004626592.1
hetGla2:AHKG01112228	AHKG01112228		AHKG01112228.1	AHKG01112228.1	NW_004626594.1
hetGla2:AHKG01112229	AHKG01112229		AHKG01112229.1	AHKG01112229.1	NW_004626595.1
hetGla2:AHKG01112230	AHKG01112230		AHKG01112230.1	AHKG01112230.1	NW_004626596.1
hetGla2:AHKG01112231	AHKG01112231		AHKG01112231.1	AHKG01112231.1	NW_004626597.1
hetGla2:AHKG01112232	AHKG01112232		AHKG01112232.1	AHKG01112232.1	NW_004626598.1
hetGla2:AHKG01112233	AHKG01112233		AHKG01112233.1	AHKG01112233.1	NW_004626599.1
hetGla2:AHKG01112234	AHKG01112234		AHKG01112234.1	AHKG01112234.1	NW_004626600.1
hetGla2:AHKG01112235	AHKG01112235		AHKG01112235.1	AHKG01112235.1	NW_004626601.1
hetGla2:AHKG01112236	AHKG01112236		AHKG01112236.1	AHKG01112236.1	NW_004626602.1
hetGla2:AHKG01112237	AHKG01112237		AHKG01112237.1	AHKG01112237.1	NW_004626603.1
hetGla2:AHKG01112238	AHKG01112238		AHKG01112238.1	AHKG01112238.1	NW_004626604.1
hetGla2:AHKG01112239	AHKG01112239		AHKG01112239.1	AHKG01112239.1	NW_004626605.1
hetGla2:AHKG01112240	AHKG01112240		AHKG01112240.1	AHKG01112240.1	NW_004626606.1
hetGla2:AHKG01112241	AHKG01112241		AHKG01112241.1	AHKG01112241.1	NW_004626607.1
hetGla2:AHKG01112242	AHKG01112242		AHKG01112242.1	AHKG01112242.1	NW_004626608.1
hetGla2:AHKG01112243	AHKG01112243		AHKG01112243.1	AHKG01112243.1	NW_004626609.1
hetGla2:AHKG01112244	AHKG01112244		AHKG01112244.1	AHKG01112244.1	NW_004626610.1
hetGla2:AHKG01112245	AHKG01112245		AHKG01112245.1	AHKG01112245.1	NW_004626611.1
hetGla2:AHKG01112246	AHKG01112246		AHKG01112246.1	AHKG01112246.1	NW_004626612.1
hetGla2:AHKG01112247	AHKG01112247		AHKG01112247.1	AHKG01112247.1	NW_004626613.1
hetGla2:AHKG01112248	AHKG01112248		AHKG01112248.1	AHKG01112248.1	NW_004626614.1
hetGla2:AHKG01112249	AHKG01112249		AHKG01112249.1	AHKG01112249.1	NW_004626615.1
hetGla2:AHKG01112250	AHKG01112250		AHKG01112250.1	AHKG01112250.1	NW_004626616.1
hetGla2:AHKG01112251	AHKG01112251		AHKG01112251.1	AHKG01112251.1	NW_004626617.1
hetGla2:AHKG01112252	AHKG01112252		AHKG01112252.1	AHKG01112252.1	NW_004626618.1
hetGla2:AHKG01112253	AHKG01112253		AHKG01112253.1	AHKG01112253.1	NW_004626619.1
hetGla2:AHKG01112254	AHKG01112254		AHKG01112254.1	AHKG01112254.1	NW_004626620.1
hetGla2:AHKG01112255	AHKG01112255		AHKG01112255.1	AHKG01112255.1	NW_004626621.1
hetGla2:AHKG01112256	AHKG01112256		AHKG01112256.1	AHKG01112256.1	NW_004626622.1
hetGla2:AHKG01112257	AHKG01112257		AHKG01112257.1	AHKG01112257.1	NW_004626623.1
hetGla2:AHKG01112258	AHKG01112258		AHKG01112258.1	AHKG01112258.1	NW_004626624.1
hetGla2:AHKG01112261	AHKG01112261		AHKG01112261.1	AHKG01112261.1	NW_004626626.1
hetGla2:AHKG01112262	AHKG01112262		AHKG01112262.1	AHKG01112262.1	NW_004626627.1
hetGla2:AHKG01112263	AHKG01112263		AHKG01112263.1	AHKG01112263.1	NW_004626628.1
hetGla2:AHKG01112264	AHKG01112264		AHKG01112264.1	AHKG01112264.1	NW_004626629.1
hetGla2:AHKG01112265	AHKG01112265		AHKG01112265.1	AHKG01112265.1	NW_004626630.1
hetGla2:AHKG01112266	AHKG01112266		AHKG01112266.1	AHKG01112266.1	NW_004626631.1
hetGla2:AHKG01112267	AHKG01112267		AHKG01112267.1	AHKG01112267.1	NW_004626632.1
hetGla2:AHKG01112268	AHKG01112268		AHKG01112268.1	AHKG01112268.1	NW_004626633.1
hetGla2:AHKG01112271	AHKG01112271		AHKG01112271.1	AHKG01112271.1	NW_004626635.1
hetGla2:AHKG01112272	AHKG01112272		AHKG01112272.1	AHKG01112272.1	NW_004626636.1
hetGla2:AHKG01112273	AHKG01112273		AHKG01112273.1	AHKG01112273.1	NW_004626637.1
hetGla2:AHKG01112274	AHKG01112274		AHKG01112274.1	AHKG01112274.1	NW_004626638.1
hetGla2:AHKG01112275	AHKG01112275		AHKG01112275.1	AHKG01112275.1	NW_004626639.1
hetGla2:AHKG01112276	AHKG01112276		AHKG01112276.1	AHKG01112276.1	NW_004626640.1
hetGla2:AHKG01112277	AHKG01112277		AHKG01112277.1	AHKG01112277.1	NW_004626641.1
hetGla2:AHKG01112278	AHKG01112278		AHKG01112278.1	AHKG01112278.1	NW_004626642.1
hetGla2:AHKG01112281	AHKG01112281		AHKG01112281.1	AHKG01112281.1	NW_004626644.1
hetGla2:AHKG01112282	AHKG01112282		AHKG01112282.1	AHKG01112282.1	NW_004626645.1
hetGla2:AHKG01112283	AHKG01112283		AHKG01112283.1	AHKG01112283.1	NW_004626646.1
hetGla2:AHKG01112284	AHKG01112284		AHKG01112284.1	AHKG01112284.1	NW_004626647.1
hetGla2:AHKG01112285	AHKG01112285		AHKG01112285.1	AHKG01112285.1	NW_004626648.1
hetGla2:AHKG01112286	AHKG01112286		AHKG01112286.1	AHKG01112286.1	NW_004626649.1
hetGla2:AHKG01112287	AHKG01112287		AHKG01112287.1	AHKG01112287.1	NW_004626650.1
hetGla2:AHKG01112288	AHKG01112288		AHKG01112288.1	AHKG01112288.1	NW_004626651.1
hetGla2:AHKG01112289	AHKG01112289		AHKG01112289.1	AHKG01112289.1	NW_004626652.1
hetGla2:AHKG01112290	AHKG01112290		AHKG01112290.1	AHKG01112290.1	NW_004626653.1
hetGla2:AHKG01112291	AHKG01112291		AHKG01112291.1	AHKG01112291.1	NW_004626654.1
hetGla2:AHKG01112292	AHKG01112292		AHKG01112292.1	AHKG01112292.1	NW_004626655.1
hetGla2:AHKG01112293	AHKG01112293		AHKG01112293.1	AHKG01112293.1	NW_004626656.1
hetGla2:AHKG01112294	AHKG01112294		AHKG01112294.1	AHKG01112294.1	NW_004626657.1
hetGla2:AHKG01112295	AHKG01112295		AHKG01112295.1	AHKG01112295.1	NW_004626658.1
hetGla2:AHKG01112296	AHKG01112296		AHKG01112296.1	AHKG01112296.1	NW_004626659.1
hetGla2:AHKG01112297	AHKG01112297		AHKG01112297.1	AHKG01112297.1	NW_004626660.1
hetGla2:AHKG01112298	AHKG01112298		AHKG01112298.1	AHKG01112298.1	NW_004626661.1
hetGla2:AHKG01112299	AHKG01112299		AHKG01112299.1	AHKG01112299.1	NW_004626662.1
hetGla2:AHKG01112300	AHKG01112300		AHKG01112300.1	AHKG01112300.1	NW_004626663.1
hetGla2:AHKG01112301	AHKG01112301		AHKG01112301.1	AHKG01112301.1	NW_004626664.1
hetGla2:AHKG01112302	AHKG01112302		AHKG01112302.1	AHKG01112302.1	NW_004626665.1
hetGla2:AHKG01112303	AHKG01112303		AHKG01112303.1	AHKG01112303.1	NW_004626666.1
hetGla2:AHKG01112304	AHKG01112304		AHKG01112304.1	AHKG01112304.1	NW_004626667.1
hetGla2:AHKG01112305	AHKG01112305		AHKG01112305.1	AHKG01112305.1	NW_004626668.1
hetGla2:AHKG01112306	AHKG01112306		AHKG01112306.1	AHKG01112306.1	NW_004626669.1
hetGla2:AHKG01112307	AHKG01112307		AHKG01112307.1	AHKG01112307.1	NW_004626670.1
hetGla2:AHKG01112308	AHKG01112308		AHKG01112308.1	AHKG01112308.1	NW_004626671.1
hetGla2:AHKG01112309	AHKG01112309		AHKG01112309.1	AHKG01112309.1	NW_004626672.1
hetGla2:AHKG01112310	AHKG01112310		AHKG01112310.1	AHKG01112310.1	NW_004626673.1
hetGla2:AHKG01112311	AHKG01112311		AHKG01112311.1	AHKG01112311.1	NW_004626674.1
hetGla2:AHKG01112312	AHKG01112312		AHKG01112312.1	AHKG01112312.1	NW_004626675.1
hetGla2:AHKG01112313	AHKG01112313		AHKG01112313.1	AHKG01112313.1	NW_004626676.1
hetGla2:AHKG01112316	AHKG01112316		AHKG01112316.1	AHKG01112316.1	NW_004626678.1
hetGla2:AHKG01112317	AHKG01112317		AHKG01112317.1	AHKG01112317.1	NW_004626679.1
hetGla2:AHKG01112318	AHKG01112318		AHKG01112318.1	AHKG01112318.1	NW_004626680.1
hetGla2:AHKG01112319	AHKG01112319		AHKG01112319.1	AHKG01112319.1	NW_004626681.1
hetGla2:AHKG01112320	AHKG01112320		AHKG01112320.1	AHKG01112320.1	NW_004626682.1
hetGla2:AHKG01112324	AHKG01112324		AHKG01112324.1	AHKG01112324.1	NW_004626684.1
hetGla2:AHKG01112325	AHKG01112325		AHKG01112325.1	AHKG01112325.1	NW_004626685.1
hetGla2:AHKG01112326	AHKG01112326		AHKG01112326.1	AHKG01112326.1	NW_004626686.1
hetGla2:AHKG01112327	AHKG01112327		AHKG01112327.1	AHKG01112327.1	NW_004626687.1
hetGla2:AHKG01112328	AHKG01112328		AHKG01112328.1	AHKG01112328.1	NW_004626688.1
hetGla2:AHKG01112329	AHKG01112329		AHKG01112329.1	AHKG01112329.1	NW_004626689.1
hetGla2:AHKG01112330	AHKG01112330		AHKG01112330.1	AHKG01112330.1	NW_004626690.1
hetGla2:AHKG01112331	AHKG01112331		AHKG01112331.1	AHKG01112331.1	NW_004626691.1
hetGla2:AHKG01112332	AHKG01112332		AHKG01112332.1	AHKG01112332.1	NW_004626692.1
hetGla2:AHKG01112333	AHKG01112333		AHKG01112333.1	AHKG01112333.1	NW_004626693.1
hetGla2:AHKG01112334	AHKG01112334		AHKG01112334.1	AHKG01112334.1	NW_004626694.1
hetGla2:AHKG01112335	AHKG01112335		AHKG01112335.1	AHKG01112335.1	NW_004626695.1
hetGla2:AHKG01112336	AHKG01112336		AHKG01112336.1	AHKG01112336.1	NW_004626696.1
hetGla2:AHKG01112337	AHKG01112337		AHKG01112337.1	AHKG01112337.1	NW_004626697.1
hetGla2:AHKG01112338	AHKG01112338		AHKG01112338.1	AHKG01112338.1	NW_004626698.1
hetGla2:AHKG01112339	AHKG01112339		AHKG01112339.1	AHKG01112339.1	NW_004626699.1
hetGla2:AHKG01112340	AHKG01112340		AHKG01112340.1	AHKG01112340.1	NW_004626700.1
hetGla2:AHKG01112343	AHKG01112343		AHKG01112343.1	AHKG01112343.1	NW_004626702.1
hetGla2:AHKG01112344	AHKG01112344		AHKG01112344.1	AHKG01112344.1	NW_004626703.1
hetGla2:AHKG01112345	AHKG01112345		AHKG01112345.1	AHKG01112345.1	NW_004626704.1
hetGla2:AHKG01112346	AHKG01112346		AHKG01112346.1	AHKG01112346.1	NW_004626705.1
hetGla2:AHKG01112347	AHKG01112347		AHKG01112347.1	AHKG01112347.1	NW_004626706.1
hetGla2:AHKG01112348	AHKG01112348		AHKG01112348.1	AHKG01112348.1	NW_004626707.1
hetGla2:AHKG01112349	AHKG01112349		AHKG01112349.1	AHKG01112349.1	NW_004626708.1
hetGla2:AHKG01112350	AHKG01112350		AHKG01112350.1	AHKG01112350.1	NW_004626709.1
hetGla2:AHKG01112351	AHKG01112351		AHKG01112351.1	AHKG01112351.1	NW_004626710.1
hetGla2:AHKG01112352	AHKG01112352		AHKG01112352.1	AHKG01112352.1	NW_004626711.1
hetGla2:AHKG01112353	AHKG01112353		AHKG01112353.1	AHKG01112353.1	NW_004626712.1
hetGla2:AHKG01112354	AHKG01112354		AHKG01112354.1	AHKG01112354.1	NW_004626713.1
hetGla2:AHKG01112355	AHKG01112355		AHKG01112355.1	AHKG01112355.1	NW_004626714.1
hetGla2:AHKG01112356	AHKG01112356		AHKG01112356.1	AHKG01112356.1	NW_004626715.1
hetGla2:AHKG01112357	AHKG01112357		AHKG01112357.1	AHKG01112357.1	NW_004626716.1
hetGla2:AHKG01112358	AHKG01112358		AHKG01112358.1	AHKG01112358.1	NW_004626717.1
hetGla2:AHKG01112359	AHKG01112359		AHKG01112359.1	AHKG01112359.1	NW_004626718.1
hetGla2:AHKG01112360	AHKG01112360		AHKG01112360.1	AHKG01112360.1	NW_004626719.1
hetGla2:AHKG01112361	AHKG01112361		AHKG01112361.1	AHKG01112361.1	NW_004626720.1
hetGla2:AHKG01112362	AHKG01112362		AHKG01112362.1	AHKG01112362.1	NW_004626721.1
hetGla2:AHKG01112363	AHKG01112363		AHKG01112363.1	AHKG01112363.1	NW_004626722.1
hetGla2:AHKG01112364	AHKG01112364		AHKG01112364.1	AHKG01112364.1	NW_004626723.1
hetGla2:AHKG01112365	AHKG01112365		AHKG01112365.1	AHKG01112365.1	NW_004626724.1
hetGla2:AHKG01112366	AHKG01112366		AHKG01112366.1	AHKG01112366.1	NW_004626725.1
hetGla2:AHKG01112367	AHKG01112367		AHKG01112367.1	AHKG01112367.1	NW_004626726.1
hetGla2:AHKG01112368	AHKG01112368		AHKG01112368.1	AHKG01112368.1	NW_004626727.1
hetGla2:AHKG01112369	AHKG01112369		AHKG01112369.1	AHKG01112369.1	NW_004626728.1
hetGla2:AHKG01112370	AHKG01112370		AHKG01112370.1	AHKG01112370.1	NW_004626729.1
hetGla2:AHKG01112371	AHKG01112371		AHKG01112371.1	AHKG01112371.1	NW_004626730.1
hetGla2:AHKG01112374	AHKG01112374		AHKG01112374.1	AHKG01112374.1	NW_004626732.1
hetGla2:AHKG01112375	AHKG01112375		AHKG01112375.1	AHKG01112375.1	NW_004626733.1
hetGla2:AHKG01112376	AHKG01112376		AHKG01112376.1	AHKG01112376.1	NW_004626734.1
hetGla2:AHKG01112377	AHKG01112377		AHKG01112377.1	AHKG01112377.1	NW_004626735.1
hetGla2:AHKG01112378	AHKG01112378		AHKG01112378.1	AHKG01112378.1	NW_004626736.1
hetGla2:AHKG01112379	AHKG01112379		AHKG01112379.1	AHKG01112379.1	NW_004626737.1
hetGla2:AHKG01112380	AHKG01112380		AHKG01112380.1	AHKG01112380.1	NW_004626738.1
hetGla2:AHKG01112381	AHKG01112381		AHKG01112381.1	AHKG01112381.1	NW_004626739.1
hetGla2:AHKG01112382	AHKG01112382		AHKG01112382.1	AHKG01112382.1	NW_004626740.1
hetGla2:AHKG01112383	AHKG01112383		AHKG01112383.1	AHKG01112383.1	NW_004626741.1
hetGla2:AHKG01112384	AHKG01112384		AHKG01112384.1	AHKG01112384.1	NW_004626742.1
hetGla2:AHKG01112385	AHKG01112385		AHKG01112385.1	AHKG01112385.1	NW_004626743.1
hetGla2:AHKG01112386	AHKG01112386		AHKG01112386.1	AHKG01112386.1	NW_004626744.1
hetGla2:AHKG01112387	AHKG01112387		AHKG01112387.1	AHKG01112387.1	NW_004626745.1
hetGla2:AHKG01112388	AHKG01112388		AHKG01112388.1	AHKG01112388.1	NW_004626746.1
hetGla2:AHKG01112389	AHKG01112389		AHKG01112389.1	AHKG01112389.1	NW_004626747.1
hetGla2:AHKG01112390	AHKG01112390		AHKG01112390.1	AHKG01112390.1	NW_004626748.1
hetGla2:AHKG01112391	AHKG01112391		AHKG01112391.1	AHKG01112391.1	NW_004626749.1
hetGla2:AHKG01112392	AHKG01112392		AHKG01112392.1	AHKG01112392.1	NW_004626750.1
hetGla2:AHKG01112393	AHKG01112393		AHKG01112393.1	AHKG01112393.1	NW_004626751.1
hetGla2:AHKG01112394	AHKG01112394		AHKG01112394.1	AHKG01112394.1	NW_004626752.1
hetGla2:AHKG01112395	AHKG01112395		AHKG01112395.1	AHKG01112395.1	NW_004626753.1
hetGla2:AHKG01112396	AHKG01112396		AHKG01112396.1	AHKG01112396.1	NW_004626754.1
hetGla2:AHKG01112397	AHKG01112397		AHKG01112397.1	AHKG01112397.1	NW_004626755.1
hetGla2:AHKG01112398	AHKG01112398		AHKG01112398.1	AHKG01112398.1	NW_004626756.1
hetGla2:AHKG01112399	AHKG01112399		AHKG01112399.1	AHKG01112399.1	NW_004626757.1
hetGla2:AHKG01112400	AHKG01112400		AHKG01112400.1	AHKG01112400.1	NW_004626758.1
hetGla2:AHKG01112401	AHKG01112401		AHKG01112401.1	AHKG01112401.1	NW_004626759.1
hetGla2:AHKG01112402	AHKG01112402		AHKG01112402.1	AHKG01112402.1	NW_004626760.1
hetGla2:AHKG01112403	AHKG01112403		AHKG01112403.1	AHKG01112403.1	NW_004626761.1
hetGla2:AHKG01112406	AHKG01112406		AHKG01112406.1	AHKG01112406.1	NW_004626763.1
hetGla2:AHKG01112407	AHKG01112407		AHKG01112407.1	AHKG01112407.1	NW_004626764.1
hetGla2:AHKG01112408	AHKG01112408		AHKG01112408.1	AHKG01112408.1	NW_004626765.1
hetGla2:AHKG01112411	AHKG01112411		AHKG01112411.1	AHKG01112411.1	NW_004626767.1
hetGla2:AHKG01112412	AHKG01112412		AHKG01112412.1	AHKG01112412.1	NW_004626768.1
hetGla2:AHKG01112413	AHKG01112413		AHKG01112413.1	AHKG01112413.1	NW_004626769.1
hetGla2:AHKG01112414	AHKG01112414		AHKG01112414.1	AHKG01112414.1	NW_004626770.1
hetGla2:AHKG01112415	AHKG01112415		AHKG01112415.1	AHKG01112415.1	NW_004626771.1
hetGla2:AHKG01112416	AHKG01112416		AHKG01112416.1	AHKG01112416.1	NW_004626772.1
hetGla2:AHKG01112417	AHKG01112417		AHKG01112417.1	AHKG01112417.1	NW_004626773.1
hetGla2:AHKG01112418	AHKG01112418		AHKG01112418.1	AHKG01112418.1	NW_004626774.1
hetGla2:AHKG01112419	AHKG01112419		AHKG01112419.1	AHKG01112419.1	NW_004626775.1
hetGla2:AHKG01112420	AHKG01112420		AHKG01112420.1	AHKG01112420.1	NW_004626776.1
hetGla2:AHKG01112421	AHKG01112421		AHKG01112421.1	AHKG01112421.1	NW_004626777.1
hetGla2:AHKG01112422	AHKG01112422		AHKG01112422.1	AHKG01112422.1	NW_004626778.1
hetGla2:AHKG01112423	AHKG01112423		AHKG01112423.1	AHKG01112423.1	NW_004626779.1
hetGla2:AHKG01112424	AHKG01112424		AHKG01112424.1	AHKG01112424.1	NW_004626780.1
hetGla2:AHKG01112425	AHKG01112425		AHKG01112425.1	AHKG01112425.1	NW_004626781.1
hetGla2:AHKG01112426	AHKG01112426		AHKG01112426.1	AHKG01112426.1	NW_004626782.1
hetGla2:AHKG01112427	AHKG01112427		AHKG01112427.1	AHKG01112427.1	NW_004626783.1
hetGla2:AHKG01112428	AHKG01112428		AHKG01112428.1	AHKG01112428.1	NW_004626784.1
hetGla2:AHKG01112429	AHKG01112429		AHKG01112429.1	AHKG01112429.1	NW_004626785.1
hetGla2:AHKG01112430	AHKG01112430		AHKG01112430.1	AHKG01112430.1	NW_004626786.1
hetGla2:AHKG01112431	AHKG01112431		AHKG01112431.1	AHKG01112431.1	NW_004626787.1
hetGla2:AHKG01112434	AHKG01112434		AHKG01112434.1	AHKG01112434.1	NW_004626789.1
hetGla2:AHKG01112435	AHKG01112435		AHKG01112435.1	AHKG01112435.1	NW_004626790.1
hetGla2:AHKG01112436	AHKG01112436		AHKG01112436.1	AHKG01112436.1	NW_004626791.1
hetGla2:AHKG01112437	AHKG01112437		AHKG01112437.1	AHKG01112437.1	NW_004626792.1
hetGla2:AHKG01112438	AHKG01112438		AHKG01112438.1	AHKG01112438.1	NW_004626793.1
hetGla2:AHKG01112439	AHKG01112439		AHKG01112439.1	AHKG01112439.1	NW_004626794.1
hetGla2:AHKG01112440	AHKG01112440		AHKG01112440.1	AHKG01112440.1	NW_004626795.1
hetGla2:AHKG01112441	AHKG01112441		AHKG01112441.1	AHKG01112441.1	NW_004626796.1
hetGla2:AHKG01112442	AHKG01112442		AHKG01112442.1	AHKG01112442.1	NW_004626797.1
hetGla2:AHKG01112443	AHKG01112443		AHKG01112443.1	AHKG01112443.1	NW_004626798.1
hetGla2:AHKG01112444	AHKG01112444		AHKG01112444.1	AHKG01112444.1	NW_004626799.1
hetGla2:AHKG01112445	AHKG01112445		AHKG01112445.1	AHKG01112445.1	NW_004626800.1
hetGla2:AHKG01112446	AHKG01112446		AHKG01112446.1	AHKG01112446.1	NW_004626801.1
hetGla2:AHKG01112447	AHKG01112447		AHKG01112447.1	AHKG01112447.1	NW_004626802.1
hetGla2:AHKG01112448	AHKG01112448		AHKG01112448.1	AHKG01112448.1	NW_004626803.1
hetGla2:AHKG01112449	AHKG01112449		AHKG01112449.1	AHKG01112449.1	NW_004626804.1
hetGla2:AHKG01112452	AHKG01112452		AHKG01112452.1	AHKG01112452.1	NW_004626807.1
hetGla2:AHKG01112453	AHKG01112453		AHKG01112453.1	AHKG01112453.1	NW_004626808.1
hetGla2:AHKG01112454	AHKG01112454		AHKG01112454.1	AHKG01112454.1	NW_004626809.1
hetGla2:AHKG01112455	AHKG01112455		AHKG01112455.1	AHKG01112455.1	NW_004626810.1
hetGla2:AHKG01112458	AHKG01112458		AHKG01112458.1	AHKG01112458.1	NW_004626812.1
hetGla2:AHKG01112459	AHKG01112459		AHKG01112459.1	AHKG01112459.1	NW_004626813.1
hetGla2:AHKG01112460	AHKG01112460		AHKG01112460.1	AHKG01112460.1	NW_004626814.1
hetGla2:AHKG01112461	AHKG01112461		AHKG01112461.1	AHKG01112461.1	NW_004626815.1
hetGla2:AHKG01112462	AHKG01112462		AHKG01112462.1	AHKG01112462.1	NW_004626816.1
hetGla2:AHKG01112463	AHKG01112463		AHKG01112463.1	AHKG01112463.1	NW_004626817.1
hetGla2:AHKG01112464	AHKG01112464		AHKG01112464.1	AHKG01112464.1	NW_004626818.1
hetGla2:AHKG01112465	AHKG01112465		AHKG01112465.1	AHKG01112465.1	NW_004626819.1
hetGla2:AHKG01112466	AHKG01112466		AHKG01112466.1	AHKG01112466.1	NW_004626820.1
hetGla2:AHKG01112467	AHKG01112467		AHKG01112467.1	AHKG01112467.1	NW_004626821.1
hetGla2:AHKG01112472	AHKG01112472		AHKG01112472.1	AHKG01112472.1	NW_004626824.1
hetGla2:AHKG01112473	AHKG01112473		AHKG01112473.1	AHKG01112473.1	NW_004626825.1
hetGla2:AHKG01112474	AHKG01112474		AHKG01112474.1	AHKG01112474.1	NW_004626826.1
hetGla2:AHKG01112475	AHKG01112475		AHKG01112475.1	AHKG01112475.1	NW_004626827.1
hetGla2:AHKG01112476	AHKG01112476		AHKG01112476.1	AHKG01112476.1	NW_004626828.1
hetGla2:AHKG01112477	AHKG01112477		AHKG01112477.1	AHKG01112477.1	NW_004626829.1
hetGla2:AHKG01112478	AHKG01112478		AHKG01112478.1	AHKG01112478.1	NW_004626830.1
hetGla2:AHKG01112479	AHKG01112479		AHKG01112479.1	AHKG01112479.1	NW_004626831.1
hetGla2:AHKG01112480	AHKG01112480		AHKG01112480.1	AHKG01112480.1	NW_004626832.1
hetGla2:AHKG01112481	AHKG01112481		AHKG01112481.1	AHKG01112481.1	NW_004626833.1
hetGla2:AHKG01112482	AHKG01112482		AHKG01112482.1	AHKG01112482.1	NW_004626834.1
hetGla2:AHKG01112483	AHKG01112483		AHKG01112483.1	AHKG01112483.1	NW_004626835.1
hetGla2:AHKG01112484	AHKG01112484		AHKG01112484.1	AHKG01112484.1	NW_004626836.1
hetGla2:AHKG01112485	AHKG01112485		AHKG01112485.1	AHKG01112485.1	NW_004626837.1
hetGla2:AHKG01112486	AHKG01112486		AHKG01112486.1	AHKG01112486.1	NW_004626838.1
hetGla2:AHKG01112487	AHKG01112487		AHKG01112487.1	AHKG01112487.1	NW_004626839.1
hetGla2:AHKG01112488	AHKG01112488		AHKG01112488.1	AHKG01112488.1	NW_004626840.1
hetGla2:AHKG01112489	AHKG01112489		AHKG01112489.1	AHKG01112489.1	NW_004626841.1
hetGla2:AHKG01112490	AHKG01112490		AHKG01112490.1	AHKG01112490.1	NW_004626842.1
hetGla2:AHKG01112491	AHKG01112491		AHKG01112491.1	AHKG01112491.1	NW_004626843.1
hetGla2:AHKG01112494	AHKG01112494		AHKG01112494.1	AHKG01112494.1	NW_004626845.1
hetGla2:AHKG01112495	AHKG01112495		AHKG01112495.1	AHKG01112495.1	NW_004626846.1
hetGla2:AHKG01112496	AHKG01112496		AHKG01112496.1	AHKG01112496.1	NW_004626847.1
hetGla2:AHKG01112497	AHKG01112497		AHKG01112497.1	AHKG01112497.1	NW_004626848.1
hetGla2:AHKG01112498	AHKG01112498		AHKG01112498.1	AHKG01112498.1	NW_004626849.1
hetGla2:AHKG01112501	AHKG01112501		AHKG01112501.1	AHKG01112501.1	NW_004626851.1
hetGla2:AHKG01112502	AHKG01112502		AHKG01112502.1	AHKG01112502.1	NW_004626852.1
hetGla2:AHKG01112503	AHKG01112503		AHKG01112503.1	AHKG01112503.1	NW_004626853.1
hetGla2:AHKG01112504	AHKG01112504		AHKG01112504.1	AHKG01112504.1	NW_004626854.1
hetGla2:AHKG01112505	AHKG01112505		AHKG01112505.1	AHKG01112505.1	NW_004626855.1
hetGla2:AHKG01112506	AHKG01112506		AHKG01112506.1	AHKG01112506.1	NW_004626856.1
hetGla2:AHKG01112507	AHKG01112507		AHKG01112507.1	AHKG01112507.1	NW_004626857.1
hetGla2:AHKG01112508	AHKG01112508		AHKG01112508.1	AHKG01112508.1	NW_004626858.1
hetGla2:AHKG01112509	AHKG01112509		AHKG01112509.1	AHKG01112509.1	NW_004626859.1
hetGla2:AHKG01112510	AHKG01112510		AHKG01112510.1	AHKG01112510.1	NW_004626860.1
hetGla2:AHKG01112511	AHKG01112511		AHKG01112511.1	AHKG01112511.1	NW_004626861.1
hetGla2:AHKG01112512	AHKG01112512		AHKG01112512.1	AHKG01112512.1	NW_004626862.1
hetGla2:AHKG01112513	AHKG01112513		AHKG01112513.1	AHKG01112513.1	NW_004626863.1
hetGla2:AHKG01112514	AHKG01112514		AHKG01112514.1	AHKG01112514.1	NW_004626864.1
hetGla2:AHKG01112517	AHKG01112517		AHKG01112517.1	AHKG01112517.1	NW_004626866.1
hetGla2:AHKG01112518	AHKG01112518		AHKG01112518.1	AHKG01112518.1	NW_004626867.1
hetGla2:AHKG01112521	AHKG01112521		AHKG01112521.1	AHKG01112521.1	NW_004626869.1
hetGla2:AHKG01112522	AHKG01112522		AHKG01112522.1	AHKG01112522.1	NW_004626870.1
hetGla2:AHKG01112523	AHKG01112523		AHKG01112523.1	AHKG01112523.1	NW_004626871.1
hetGla2:AHKG01112524	AHKG01112524		AHKG01112524.1	AHKG01112524.1	NW_004626872.1
hetGla2:AHKG01112525	AHKG01112525		AHKG01112525.1	AHKG01112525.1	NW_004626873.1
hetGla2:AHKG01112526	AHKG01112526		AHKG01112526.1	AHKG01112526.1	NW_004626874.1
hetGla2:AHKG01112527	AHKG01112527		AHKG01112527.1	AHKG01112527.1	NW_004626875.1
hetGla2:AHKG01112528	AHKG01112528		AHKG01112528.1	AHKG01112528.1	NW_004626876.1
hetGla2:AHKG01112529	AHKG01112529		AHKG01112529.1	AHKG01112529.1	NW_004626877.1
hetGla2:AHKG01112530	AHKG01112530		AHKG01112530.1	AHKG01112530.1	NW_004626878.1
hetGla2:AHKG01112531	AHKG01112531		AHKG01112531.1	AHKG01112531.1	NW_004626879.1
hetGla2:AHKG01112532	AHKG01112532		AHKG01112532.1	AHKG01112532.1	NW_004626880.1
hetGla2:AHKG01112533	AHKG01112533		AHKG01112533.1	AHKG01112533.1	NW_004626881.1
hetGla2:AHKG01112534	AHKG01112534		AHKG01112534.1	AHKG01112534.1	NW_004626882.1
hetGla2:AHKG01112535	AHKG01112535		AHKG01112535.1	AHKG01112535.1	NW_004626883.1
hetGla2:AHKG01112536	AHKG01112536		AHKG01112536.1	AHKG01112536.1	NW_004626884.1
hetGla2:AHKG01112537	AHKG01112537		AHKG01112537.1	AHKG01112537.1	NW_004626885.1
hetGla2:AHKG01112538	AHKG01112538		AHKG01112538.1	AHKG01112538.1	NW_004626886.1
hetGla2:AHKG01112539	AHKG01112539		AHKG01112539.1	AHKG01112539.1	NW_004626887.1
hetGla2:AHKG01112540	AHKG01112540		AHKG01112540.1	AHKG01112540.1	NW_004626888.1
hetGla2:AHKG01112541	AHKG01112541		AHKG01112541.1	AHKG01112541.1	NW_004626889.1
hetGla2:AHKG01112542	AHKG01112542		AHKG01112542.1	AHKG01112542.1	NW_004626890.1
hetGla2:AHKG01112543	AHKG01112543		AHKG01112543.1	AHKG01112543.1	NW_004626891.1
hetGla2:AHKG01112544	AHKG01112544		AHKG01112544.1	AHKG01112544.1	NW_004626892.1
hetGla2:AHKG01112545	AHKG01112545		AHKG01112545.1	AHKG01112545.1	NW_004626893.1
hetGla2:AHKG01112546	AHKG01112546		AHKG01112546.1	AHKG01112546.1	NW_004626894.1
hetGla2:AHKG01112547	AHKG01112547		AHKG01112547.1	AHKG01112547.1	NW_004626895.1
hetGla2:AHKG01112548	AHKG01112548		AHKG01112548.1	AHKG01112548.1	NW_004626896.1
hetGla2:AHKG01112549	AHKG01112549		AHKG01112549.1	AHKG01112549.1	NW_004626897.1
hetGla2:AHKG01112550	AHKG01112550		AHKG01112550.1	AHKG01112550.1	NW_004626898.1
hetGla2:AHKG01112551	AHKG01112551		AHKG01112551.1	AHKG01112551.1	NW_004626899.1
hetGla2:AHKG01112552	AHKG01112552		AHKG01112552.1	AHKG01112552.1	NW_004626900.1
hetGla2:AHKG01112553	AHKG01112553		AHKG01112553.1	AHKG01112553.1	NW_004626901.1
hetGla2:AHKG01112554	AHKG01112554		AHKG01112554.1	AHKG01112554.1	NW_004626902.1
hetGla2:AHKG01112555	AHKG01112555		AHKG01112555.1	AHKG01112555.1	NW_004626903.1
hetGla2:AHKG01112558	AHKG01112558		AHKG01112558.1	AHKG01112558.1	NW_004626905.1
hetGla2:AHKG01112559	AHKG01112559		AHKG01112559.1	AHKG01112559.1	NW_004626906.1
hetGla2:AHKG01112560	AHKG01112560		AHKG01112560.1	AHKG01112560.1	NW_004626907.1
hetGla2:AHKG01112561	AHKG01112561		AHKG01112561.1	AHKG01112561.1	NW_004626908.1
hetGla2:AHKG01112562	AHKG01112562		AHKG01112562.1	AHKG01112562.1	NW_004626909.1
hetGla2:AHKG01112563	AHKG01112563		AHKG01112563.1	AHKG01112563.1	NW_004626910.1
hetGla2:AHKG01112564	AHKG01112564		AHKG01112564.1	AHKG01112564.1	NW_004626911.1
hetGla2:AHKG01112565	AHKG01112565		AHKG01112565.1	AHKG01112565.1	NW_004626912.1
hetGla2:AHKG01112566	AHKG01112566		AHKG01112566.1	AHKG01112566.1	NW_004626913.1
hetGla2:AHKG01112567	AHKG01112567		AHKG01112567.1	AHKG01112567.1	NW_004626914.1
hetGla2:AHKG01112568	AHKG01112568		AHKG01112568.1	AHKG01112568.1	NW_004626915.1
hetGla2:AHKG01112569	AHKG01112569		AHKG01112569.1	AHKG01112569.1	NW_004626916.1
hetGla2:AHKG01112570	AHKG01112570		AHKG01112570.1	AHKG01112570.1	NW_004626917.1
hetGla2:AHKG01112571	AHKG01112571		AHKG01112571.1	AHKG01112571.1	NW_004626918.1
hetGla2:AHKG01112572	AHKG01112572		AHKG01112572.1	AHKG01112572.1	NW_004626919.1
hetGla2:AHKG01112573	AHKG01112573		AHKG01112573.1	AHKG01112573.1	NW_004626920.1
hetGla2:AHKG01112576	AHKG01112576		AHKG01112576.1	AHKG01112576.1	NW_004626922.1
hetGla2:AHKG01112577	AHKG01112577		AHKG01112577.1	AHKG01112577.1	NW_004626923.1
hetGla2:AHKG01112578	AHKG01112578		AHKG01112578.1	AHKG01112578.1	NW_004626924.1
hetGla2:AHKG01112579	AHKG01112579		AHKG01112579.1	AHKG01112579.1	NW_004626925.1
hetGla2:AHKG01112580	AHKG01112580		AHKG01112580.1	AHKG01112580.1	NW_004626926.1
hetGla2:AHKG01112581	AHKG01112581		AHKG01112581.1	AHKG01112581.1	NW_004626927.1
hetGla2:AHKG01112582	AHKG01112582		AHKG01112582.1	AHKG01112582.1	NW_004626928.1
hetGla2:AHKG01112583	AHKG01112583		AHKG01112583.1	AHKG01112583.1	NW_004626929.1
hetGla2:AHKG01112584	AHKG01112584		AHKG01112584.1	AHKG01112584.1	NW_004626930.1
hetGla2:AHKG01112585	AHKG01112585		AHKG01112585.1	AHKG01112585.1	NW_004626931.1
hetGla2:AHKG01112586	AHKG01112586		AHKG01112586.1	AHKG01112586.1	NW_004626932.1
hetGla2:AHKG01112587	AHKG01112587		AHKG01112587.1	AHKG01112587.1	NW_004626933.1
hetGla2:AHKG01112588	AHKG01112588		AHKG01112588.1	AHKG01112588.1	NW_004626934.1
hetGla2:AHKG01112589	AHKG01112589		AHKG01112589.1	AHKG01112589.1	NW_004626935.1
hetGla2:AHKG01112590	AHKG01112590		AHKG01112590.1	AHKG01112590.1	NW_004626936.1
hetGla2:AHKG01112591	AHKG01112591		AHKG01112591.1	AHKG01112591.1	NW_004626937.1
hetGla2:AHKG01112592	AHKG01112592		AHKG01112592.1	AHKG01112592.1	NW_004626938.1
hetGla2:AHKG01112593	AHKG01112593		AHKG01112593.1	AHKG01112593.1	NW_004626939.1
hetGla2:AHKG01112594	AHKG01112594		AHKG01112594.1	AHKG01112594.1	NW_004626940.1
hetGla2:AHKG01112595	AHKG01112595		AHKG01112595.1	AHKG01112595.1	NW_004626941.1
hetGla2:AHKG01112596	AHKG01112596		AHKG01112596.1	AHKG01112596.1	NW_004626942.1
hetGla2:AHKG01112597	AHKG01112597		AHKG01112597.1	AHKG01112597.1	NW_004626943.1
hetGla2:AHKG01112598	AHKG01112598		AHKG01112598.1	AHKG01112598.1	NW_004626944.1
hetGla2:AHKG01112601	AHKG01112601		AHKG01112601.1	AHKG01112601.1	NW_004626946.1
hetGla2:AHKG01112604	AHKG01112604		AHKG01112604.1	AHKG01112604.1	NW_004626948.1
hetGla2:AHKG01112605	AHKG01112605		AHKG01112605.1	AHKG01112605.1	NW_004626949.1
hetGla2:AHKG01112606	AHKG01112606		AHKG01112606.1	AHKG01112606.1	NW_004626950.1
hetGla2:AHKG01112607	AHKG01112607		AHKG01112607.1	AHKG01112607.1	NW_004626951.1
hetGla2:AHKG01112608	AHKG01112608		AHKG01112608.1	AHKG01112608.1	NW_004626952.1
hetGla2:AHKG01112609	AHKG01112609		AHKG01112609.1	AHKG01112609.1	NW_004626953.1
hetGla2:AHKG01112610	AHKG01112610		AHKG01112610.1	AHKG01112610.1	NW_004626954.1
hetGla2:AHKG01112611	AHKG01112611		AHKG01112611.1	AHKG01112611.1	NW_004626955.1
hetGla2:AHKG01112612	AHKG01112612		AHKG01112612.1	AHKG01112612.1	NW_004626956.1
hetGla2:AHKG01112613	AHKG01112613		AHKG01112613.1	AHKG01112613.1	NW_004626957.1
hetGla2:AHKG01112614	AHKG01112614		AHKG01112614.1	AHKG01112614.1	NW_004626958.1
hetGla2:AHKG01112615	AHKG01112615		AHKG01112615.1	AHKG01112615.1	NW_004626959.1
hetGla2:AHKG01112616	AHKG01112616		AHKG01112616.1	AHKG01112616.1	NW_004626960.1
hetGla2:AHKG01112617	AHKG01112617		AHKG01112617.1	AHKG01112617.1	NW_004626961.1
hetGla2:AHKG01112618	AHKG01112618		AHKG01112618.1	AHKG01112618.1	NW_004626962.1
hetGla2:AHKG01112619	AHKG01112619		AHKG01112619.1	AHKG01112619.1	NW_004626963.1
hetGla2:AHKG01112620	AHKG01112620		AHKG01112620.1	AHKG01112620.1	NW_004626964.1
hetGla2:AHKG01112621	AHKG01112621		AHKG01112621.1	AHKG01112621.1	NW_004626965.1
hetGla2:AHKG01112622	AHKG01112622		AHKG01112622.1	AHKG01112622.1	NW_004626966.1
hetGla2:AHKG01112623	AHKG01112623		AHKG01112623.1	AHKG01112623.1	NW_004626967.1
hetGla2:AHKG01112624	AHKG01112624		AHKG01112624.1	AHKG01112624.1	NW_004626968.1
hetGla2:AHKG01112625	AHKG01112625		AHKG01112625.1	AHKG01112625.1	NW_004626969.1
hetGla2:AHKG01112626	AHKG01112626		AHKG01112626.1	AHKG01112626.1	NW_004626970.1
hetGla2:AHKG01112627	AHKG01112627		AHKG01112627.1	AHKG01112627.1	NW_004626971.1
hetGla2:AHKG01112628	AHKG01112628		AHKG01112628.1	AHKG01112628.1	NW_004626972.1
hetGla2:AHKG01112629	AHKG01112629		AHKG01112629.1	AHKG01112629.1	NW_004626973.1
hetGla2:AHKG01112630	AHKG01112630		AHKG01112630.1	AHKG01112630.1	NW_004626974.1
hetGla2:AHKG01112631	AHKG01112631		AHKG01112631.1	AHKG01112631.1	NW_004626975.1
hetGla2:AHKG01112632	AHKG01112632		AHKG01112632.1	AHKG01112632.1	NW_004626976.1
hetGla2:AHKG01112633	AHKG01112633		AHKG01112633.1	AHKG01112633.1	NW_004626977.1
hetGla2:AHKG01112634	AHKG01112634		AHKG01112634.1	AHKG01112634.1	NW_004626978.1
hetGla2:AHKG01112635	AHKG01112635		AHKG01112635.1	AHKG01112635.1	NW_004626979.1
hetGla2:AHKG01112636	AHKG01112636		AHKG01112636.1	AHKG01112636.1	NW_004626980.1
hetGla2:AHKG01112637	AHKG01112637		AHKG01112637.1	AHKG01112637.1	NW_004626981.1
hetGla2:AHKG01112638	AHKG01112638		AHKG01112638.1	AHKG01112638.1	NW_004626982.1
hetGla2:AHKG01112639	AHKG01112639		AHKG01112639.1	AHKG01112639.1	NW_004626983.1
hetGla2:AHKG01112640	AHKG01112640		AHKG01112640.1	AHKG01112640.1	NW_004626984.1
hetGla2:AHKG01112643	AHKG01112643		AHKG01112643.1	AHKG01112643.1	NW_004626986.1
hetGla2:AHKG01112644	AHKG01112644		AHKG01112644.1	AHKG01112644.1	NW_004626987.1
hetGla2:AHKG01112645	AHKG01112645		AHKG01112645.1	AHKG01112645.1	NW_004626988.1
hetGla2:AHKG01112646	AHKG01112646		AHKG01112646.1	AHKG01112646.1	NW_004626989.1
hetGla2:AHKG01112649	AHKG01112649		AHKG01112649.1	AHKG01112649.1	NW_004626991.1
hetGla2:AHKG01112650	AHKG01112650		AHKG01112650.1	AHKG01112650.1	NW_004626992.1
hetGla2:AHKG01112651	AHKG01112651		AHKG01112651.1	AHKG01112651.1	NW_004626993.1
hetGla2:AHKG01112652	AHKG01112652		AHKG01112652.1	AHKG01112652.1	NW_004626994.1
hetGla2:AHKG01112653	AHKG01112653		AHKG01112653.1	AHKG01112653.1	NW_004626995.1
hetGla2:AHKG01112654	AHKG01112654		AHKG01112654.1	AHKG01112654.1	NW_004626996.1
hetGla2:AHKG01112655	AHKG01112655		AHKG01112655.1	AHKG01112655.1	NW_004626997.1
hetGla2:AHKG01112656	AHKG01112656		AHKG01112656.1	AHKG01112656.1	NW_004626998.1
hetGla2:AHKG01112657	AHKG01112657		AHKG01112657.1	AHKG01112657.1	NW_004626999.1
hetGla2:AHKG01112658	AHKG01112658		AHKG01112658.1	AHKG01112658.1	NW_004627000.1
hetGla2:AHKG01112659	AHKG01112659		AHKG01112659.1	AHKG01112659.1	NW_004627001.1
hetGla2:AHKG01112660	AHKG01112660		AHKG01112660.1	AHKG01112660.1	NW_004627002.1
hetGla2:AHKG01112661	AHKG01112661		AHKG01112661.1	AHKG01112661.1	NW_004627003.1
hetGla2:AHKG01112662	AHKG01112662		AHKG01112662.1	AHKG01112662.1	NW_004627004.1
hetGla2:AHKG01112663	AHKG01112663		AHKG01112663.1	AHKG01112663.1	NW_004627005.1
hetGla2:AHKG01112664	AHKG01112664		AHKG01112664.1	AHKG01112664.1	NW_004627006.1
hetGla2:AHKG01112667	AHKG01112667		AHKG01112667.1	AHKG01112667.1	NW_004627008.1
hetGla2:AHKG01112668	AHKG01112668		AHKG01112668.1	AHKG01112668.1	NW_004627009.1
hetGla2:AHKG01112669	AHKG01112669		AHKG01112669.1	AHKG01112669.1	NW_004627010.1
hetGla2:AHKG01112670	AHKG01112670		AHKG01112670.1	AHKG01112670.1	NW_004627011.1
hetGla2:AHKG01112671	AHKG01112671		AHKG01112671.1	AHKG01112671.1	NW_004627012.1
hetGla2:AHKG01112672	AHKG01112672		AHKG01112672.1	AHKG01112672.1	NW_004627013.1
hetGla2:AHKG01112673	AHKG01112673		AHKG01112673.1	AHKG01112673.1	NW_004627014.1
hetGla2:AHKG01112674	AHKG01112674		AHKG01112674.1	AHKG01112674.1	NW_004627015.1
hetGla2:AHKG01112675	AHKG01112675		AHKG01112675.1	AHKG01112675.1	NW_004627016.1
hetGla2:AHKG01112676	AHKG01112676		AHKG01112676.1	AHKG01112676.1	NW_004627017.1
hetGla2:AHKG01112677	AHKG01112677		AHKG01112677.1	AHKG01112677.1	NW_004627018.1
hetGla2:AHKG01112678	AHKG01112678		AHKG01112678.1	AHKG01112678.1	NW_004627019.1
hetGla2:AHKG01112679	AHKG01112679		AHKG01112679.1	AHKG01112679.1	NW_004627020.1
hetGla2:AHKG01112680	AHKG01112680		AHKG01112680.1	AHKG01112680.1	NW_004627021.1
hetGla2:AHKG01112681	AHKG01112681		AHKG01112681.1	AHKG01112681.1	NW_004627022.1
hetGla2:AHKG01112682	AHKG01112682		AHKG01112682.1	AHKG01112682.1	NW_004627023.1
hetGla2:AHKG01112683	AHKG01112683		AHKG01112683.1	AHKG01112683.1	NW_004627024.1
hetGla2:AHKG01112684	AHKG01112684		AHKG01112684.1	AHKG01112684.1	NW_004627025.1
hetGla2:AHKG01112685	AHKG01112685		AHKG01112685.1	AHKG01112685.1	NW_004627026.1
hetGla2:AHKG01112686	AHKG01112686		AHKG01112686.1	AHKG01112686.1	NW_004627027.1
hetGla2:AHKG01112687	AHKG01112687		AHKG01112687.1	AHKG01112687.1	NW_004627028.1
hetGla2:AHKG01112688	AHKG01112688		AHKG01112688.1	AHKG01112688.1	NW_004627029.1
hetGla2:AHKG01112689	AHKG01112689		AHKG01112689.1	AHKG01112689.1	NW_004627030.1
hetGla2:AHKG01112690	AHKG01112690		AHKG01112690.1	AHKG01112690.1	NW_004627031.1
hetGla2:AHKG01112691	AHKG01112691		AHKG01112691.1	AHKG01112691.1	NW_004627032.1
hetGla2:AHKG01112692	AHKG01112692		AHKG01112692.1	AHKG01112692.1	NW_004627033.1
hetGla2:AHKG01112693	AHKG01112693		AHKG01112693.1	AHKG01112693.1	NW_004627034.1
hetGla2:AHKG01112694	AHKG01112694		AHKG01112694.1	AHKG01112694.1	NW_004627035.1
hetGla2:AHKG01112695	AHKG01112695		AHKG01112695.1	AHKG01112695.1	NW_004627036.1
hetGla2:AHKG01112696	AHKG01112696		AHKG01112696.1	AHKG01112696.1	NW_004627037.1
hetGla2:AHKG01112697	AHKG01112697		AHKG01112697.1	AHKG01112697.1	NW_004627038.1
hetGla2:AHKG01112698	AHKG01112698		AHKG01112698.1	AHKG01112698.1	NW_004627039.1
hetGla2:AHKG01112699	AHKG01112699		AHKG01112699.1	AHKG01112699.1	NW_004627040.1
hetGla2:AHKG01112700	AHKG01112700		AHKG01112700.1	AHKG01112700.1	NW_004627041.1
hetGla2:AHKG01112701	AHKG01112701		AHKG01112701.1	AHKG01112701.1	NW_004627042.1
hetGla2:AHKG01112702	AHKG01112702		AHKG01112702.1	AHKG01112702.1	NW_004627043.1
hetGla2:AHKG01112703	AHKG01112703		AHKG01112703.1	AHKG01112703.1	NW_004627044.1
hetGla2:AHKG01112704	AHKG01112704		AHKG01112704.1	AHKG01112704.1	NW_004627045.1
hetGla2:AHKG01112705	AHKG01112705		AHKG01112705.1	AHKG01112705.1	NW_004627046.1
hetGla2:AHKG01112706	AHKG01112706		AHKG01112706.1	AHKG01112706.1	NW_004627047.1
hetGla2:AHKG01112707	AHKG01112707		AHKG01112707.1	AHKG01112707.1	NW_004627048.1
hetGla2:AHKG01112708	AHKG01112708		AHKG01112708.1	AHKG01112708.1	NW_004627049.1
hetGla2:AHKG01112709	AHKG01112709		AHKG01112709.1	AHKG01112709.1	NW_004627050.1
hetGla2:AHKG01112710	AHKG01112710		AHKG01112710.1	AHKG01112710.1	NW_004627051.1
hetGla2:AHKG01112711	AHKG01112711		AHKG01112711.1	AHKG01112711.1	NW_004627052.1
hetGla2:AHKG01112712	AHKG01112712		AHKG01112712.1	AHKG01112712.1	NW_004627053.1
hetGla2:AHKG01112713	AHKG01112713		AHKG01112713.1	AHKG01112713.1	NW_004627054.1
hetGla2:AHKG01112714	AHKG01112714		AHKG01112714.1	AHKG01112714.1	NW_004627055.1
hetGla2:AHKG01112715	AHKG01112715		AHKG01112715.1	AHKG01112715.1	NW_004627056.1
hetGla2:AHKG01112716	AHKG01112716		AHKG01112716.1	AHKG01112716.1	NW_004627057.1
hetGla2:AHKG01112717	AHKG01112717		AHKG01112717.1	AHKG01112717.1	NW_004627058.1
hetGla2:AHKG01112718	AHKG01112718		AHKG01112718.1	AHKG01112718.1	NW_004627059.1
hetGla2:AHKG01112719	AHKG01112719		AHKG01112719.1	AHKG01112719.1	NW_004627060.1
hetGla2:AHKG01112720	AHKG01112720		AHKG01112720.1	AHKG01112720.1	NW_004627061.1
hetGla2:AHKG01112721	AHKG01112721		AHKG01112721.1	AHKG01112721.1	NW_004627062.1
hetGla2:AHKG01112722	AHKG01112722		AHKG01112722.1	AHKG01112722.1	NW_004627063.1
hetGla2:AHKG01112725	AHKG01112725		AHKG01112725.1	AHKG01112725.1	NW_004627065.1
hetGla2:AHKG01112726	AHKG01112726		AHKG01112726.1	AHKG01112726.1	NW_004627066.1
hetGla2:AHKG01112729	AHKG01112729		AHKG01112729.1	AHKG01112729.1	NW_004627068.1
hetGla2:AHKG01112730	AHKG01112730		AHKG01112730.1	AHKG01112730.1	NW_004627069.1
hetGla2:AHKG01112731	AHKG01112731		AHKG01112731.1	AHKG01112731.1	NW_004627070.1
hetGla2:AHKG01112732	AHKG01112732		AHKG01112732.1	AHKG01112732.1	NW_004627071.1
hetGla2:AHKG01112733	AHKG01112733		AHKG01112733.1	AHKG01112733.1	NW_004627072.1
hetGla2:AHKG01112734	AHKG01112734		AHKG01112734.1	AHKG01112734.1	NW_004627073.1
hetGla2:AHKG01112735	AHKG01112735		AHKG01112735.1	AHKG01112735.1	NW_004627074.1
hetGla2:AHKG01112736	AHKG01112736		AHKG01112736.1	AHKG01112736.1	NW_004627075.1
hetGla2:AHKG01112737	AHKG01112737		AHKG01112737.1	AHKG01112737.1	NW_004627076.1
hetGla2:AHKG01112738	AHKG01112738		AHKG01112738.1	AHKG01112738.1	NW_004627077.1
hetGla2:AHKG01112739	AHKG01112739		AHKG01112739.1	AHKG01112739.1	NW_004627078.1
hetGla2:AHKG01112740	AHKG01112740		AHKG01112740.1	AHKG01112740.1	NW_004627079.1
hetGla2:AHKG01112741	AHKG01112741		AHKG01112741.1	AHKG01112741.1	NW_004627080.1
hetGla2:AHKG01112742	AHKG01112742		AHKG01112742.1	AHKG01112742.1	NW_004627081.1
hetGla2:AHKG01112743	AHKG01112743		AHKG01112743.1	AHKG01112743.1	NW_004627082.1
hetGla2:AHKG01112744	AHKG01112744		AHKG01112744.1	AHKG01112744.1	NW_004627083.1
hetGla2:AHKG01112745	AHKG01112745		AHKG01112745.1	AHKG01112745.1	NW_004627084.1
hetGla2:AHKG01112746	AHKG01112746		AHKG01112746.1	AHKG01112746.1	NW_004627085.1
hetGla2:AHKG01112747	AHKG01112747		AHKG01112747.1	AHKG01112747.1	NW_004627086.1
hetGla2:AHKG01112748	AHKG01112748		AHKG01112748.1	AHKG01112748.1	NW_004627087.1
hetGla2:AHKG01112749	AHKG01112749		AHKG01112749.1	AHKG01112749.1	NW_004627088.1
hetGla2:AHKG01112750	AHKG01112750		AHKG01112750.1	AHKG01112750.1	NW_004627089.1
hetGla2:AHKG01112751	AHKG01112751		AHKG01112751.1	AHKG01112751.1	NW_004627090.1
hetGla2:AHKG01112752	AHKG01112752		AHKG01112752.1	AHKG01112752.1	NW_004627091.1
hetGla2:AHKG01112753	AHKG01112753		AHKG01112753.1	AHKG01112753.1	NW_004627092.1
hetGla2:AHKG01112754	AHKG01112754		AHKG01112754.1	AHKG01112754.1	NW_004627093.1
hetGla2:AHKG01112755	AHKG01112755		AHKG01112755.1	AHKG01112755.1	NW_004627094.1
hetGla2:AHKG01112756	AHKG01112756		AHKG01112756.1	AHKG01112756.1	NW_004627095.1
hetGla2:AHKG01112757	AHKG01112757		AHKG01112757.1	AHKG01112757.1	NW_004627096.1
hetGla2:AHKG01112758	AHKG01112758		AHKG01112758.1	AHKG01112758.1	NW_004627097.1
hetGla2:AHKG01112759	AHKG01112759		AHKG01112759.1	AHKG01112759.1	NW_004627098.1
hetGla2:AHKG01112760	AHKG01112760		AHKG01112760.1	AHKG01112760.1	NW_004627099.1
hetGla2:AHKG01112761	AHKG01112761		AHKG01112761.1	AHKG01112761.1	NW_004627100.1
hetGla2:AHKG01112762	AHKG01112762		AHKG01112762.1	AHKG01112762.1	NW_004627101.1
hetGla2:AHKG01112763	AHKG01112763		AHKG01112763.1	AHKG01112763.1	NW_004627102.1
hetGla2:AHKG01112764	AHKG01112764		AHKG01112764.1	AHKG01112764.1	NW_004627103.1
hetGla2:AHKG01112765	AHKG01112765		AHKG01112765.1	AHKG01112765.1	NW_004627104.1
hetGla2:AHKG01112766	AHKG01112766		AHKG01112766.1	AHKG01112766.1	NW_004627105.1
hetGla2:AHKG01112767	AHKG01112767		AHKG01112767.1	AHKG01112767.1	NW_004627106.1
hetGla2:AHKG01112768	AHKG01112768		AHKG01112768.1	AHKG01112768.1	NW_004627107.1
hetGla2:AHKG01112769	AHKG01112769		AHKG01112769.1	AHKG01112769.1	NW_004627108.1
hetGla2:AHKG01112770	AHKG01112770		AHKG01112770.1	AHKG01112770.1	NW_004627109.1
hetGla2:AHKG01112771	AHKG01112771		AHKG01112771.1	AHKG01112771.1	NW_004627110.1
hetGla2:AHKG01112772	AHKG01112772		AHKG01112772.1	AHKG01112772.1	NW_004627111.1
hetGla2:AHKG01112773	AHKG01112773		AHKG01112773.1	AHKG01112773.1	NW_004627112.1
hetGla2:AHKG01112774	AHKG01112774		AHKG01112774.1	AHKG01112774.1	NW_004627113.1
hetGla2:AHKG01112775	AHKG01112775		AHKG01112775.1	AHKG01112775.1	NW_004627114.1
hetGla2:AHKG01112776	AHKG01112776		AHKG01112776.1	AHKG01112776.1	NW_004627115.1
hetGla2:AHKG01112777	AHKG01112777		AHKG01112777.1	AHKG01112777.1	NW_004627116.1
hetGla2:AHKG01112778	AHKG01112778		AHKG01112778.1	AHKG01112778.1	NW_004627117.1
hetGla2:AHKG01112779	AHKG01112779		AHKG01112779.1	AHKG01112779.1	NW_004627118.1
hetGla2:AHKG01112780	AHKG01112780		AHKG01112780.1	AHKG01112780.1	NW_004627119.1
hetGla2:AHKG01112781	AHKG01112781		AHKG01112781.1	AHKG01112781.1	NW_004627120.1
hetGla2:AHKG01112782	AHKG01112782		AHKG01112782.1	AHKG01112782.1	NW_004627121.1
hetGla2:AHKG01112783	AHKG01112783		AHKG01112783.1	AHKG01112783.1	NW_004627122.1
hetGla2:AHKG01112784	AHKG01112784		AHKG01112784.1	AHKG01112784.1	NW_004627123.1
hetGla2:AHKG01112785	AHKG01112785		AHKG01112785.1	AHKG01112785.1	NW_004627124.1
hetGla2:AHKG01112786	AHKG01112786		AHKG01112786.1	AHKG01112786.1	NW_004627125.1
hetGla2:AHKG01112787	AHKG01112787		AHKG01112787.1	AHKG01112787.1	NW_004627126.1
hetGla2:AHKG01112788	AHKG01112788		AHKG01112788.1	AHKG01112788.1	NW_004627127.1
hetGla2:AHKG01112789	AHKG01112789		AHKG01112789.1	AHKG01112789.1	NW_004627128.1
hetGla2:AHKG01112790	AHKG01112790		AHKG01112790.1	AHKG01112790.1	NW_004627129.1
hetGla2:AHKG01112791	AHKG01112791		AHKG01112791.1	AHKG01112791.1	NW_004627130.1
hetGla2:AHKG01112792	AHKG01112792		AHKG01112792.1	AHKG01112792.1	NW_004627131.1
hetGla2:AHKG01112793	AHKG01112793		AHKG01112793.1	AHKG01112793.1	NW_004627132.1
hetGla2:AHKG01112794	AHKG01112794		AHKG01112794.1	AHKG01112794.1	NW_004627133.1
hetGla2:AHKG01112795	AHKG01112795		AHKG01112795.1	AHKG01112795.1	NW_004627134.1
hetGla2:AHKG01112796	AHKG01112796		AHKG01112796.1	AHKG01112796.1	NW_004627135.1
hetGla2:AHKG01112797	AHKG01112797		AHKG01112797.1	AHKG01112797.1	NW_004627136.1
hetGla2:AHKG01112798	AHKG01112798		AHKG01112798.1	AHKG01112798.1	NW_004627137.1
hetGla2:AHKG01112799	AHKG01112799		AHKG01112799.1	AHKG01112799.1	NW_004627138.1
hetGla2:AHKG01112800	AHKG01112800		AHKG01112800.1	AHKG01112800.1	NW_004627139.1
hetGla2:AHKG01112801	AHKG01112801		AHKG01112801.1	AHKG01112801.1	NW_004627140.1
hetGla2:AHKG01112802	AHKG01112802		AHKG01112802.1	AHKG01112802.1	NW_004627141.1
hetGla2:AHKG01112803	AHKG01112803		AHKG01112803.1	AHKG01112803.1	NW_004627142.1
hetGla2:AHKG01112804	AHKG01112804		AHKG01112804.1	AHKG01112804.1	NW_004627143.1
hetGla2:AHKG01112805	AHKG01112805		AHKG01112805.1	AHKG01112805.1	NW_004627144.1
hetGla2:AHKG01112806	AHKG01112806		AHKG01112806.1	AHKG01112806.1	NW_004627145.1
hetGla2:AHKG01112807	AHKG01112807		AHKG01112807.1	AHKG01112807.1	NW_004627146.1
hetGla2:AHKG01112808	AHKG01112808		AHKG01112808.1	AHKG01112808.1	NW_004627147.1
hetGla2:AHKG01112809	AHKG01112809		AHKG01112809.1	AHKG01112809.1	NW_004627148.1
hetGla2:AHKG01112810	AHKG01112810		AHKG01112810.1	AHKG01112810.1	NW_004627149.1
hetGla2:AHKG01112811	AHKG01112811		AHKG01112811.1	AHKG01112811.1	NW_004627150.1
hetGla2:AHKG01112812	AHKG01112812		AHKG01112812.1	AHKG01112812.1	NW_004627151.1
hetGla2:AHKG01112813	AHKG01112813		AHKG01112813.1	AHKG01112813.1	NW_004627152.1
hetGla2:AHKG01112814	AHKG01112814		AHKG01112814.1	AHKG01112814.1	NW_004627153.1
hetGla2:AHKG01112815	AHKG01112815		AHKG01112815.1	AHKG01112815.1	NW_004627154.1
hetGla2:AHKG01112816	AHKG01112816		AHKG01112816.1	AHKG01112816.1	NW_004627155.1
hetGla2:AHKG01112817	AHKG01112817		AHKG01112817.1	AHKG01112817.1	NW_004627156.1
hetGla2:AHKG01112820	AHKG01112820		AHKG01112820.1	AHKG01112820.1	NW_004627158.1
hetGla2:AHKG01112821	AHKG01112821		AHKG01112821.1	AHKG01112821.1	NW_004627159.1
hetGla2:AHKG01112822	AHKG01112822		AHKG01112822.1	AHKG01112822.1	NW_004627160.1
hetGla2:AHKG01112823	AHKG01112823		AHKG01112823.1	AHKG01112823.1	NW_004627161.1
hetGla2:AHKG01112824	AHKG01112824		AHKG01112824.1	AHKG01112824.1	NW_004627162.1
hetGla2:AHKG01112825	AHKG01112825		AHKG01112825.1	AHKG01112825.1	NW_004627163.1
hetGla2:AHKG01112826	AHKG01112826		AHKG01112826.1	AHKG01112826.1	NW_004627164.1
hetGla2:AHKG01112827	AHKG01112827		AHKG01112827.1	AHKG01112827.1	NW_004627165.1
hetGla2:AHKG01112828	AHKG01112828		AHKG01112828.1	AHKG01112828.1	NW_004627166.1
hetGla2:AHKG01112829	AHKG01112829		AHKG01112829.1	AHKG01112829.1	NW_004627167.1
hetGla2:AHKG01112830	AHKG01112830		AHKG01112830.1	AHKG01112830.1	NW_004627168.1
hetGla2:AHKG01112831	AHKG01112831		AHKG01112831.1	AHKG01112831.1	NW_004627169.1
hetGla2:AHKG01112832	AHKG01112832		AHKG01112832.1	AHKG01112832.1	NW_004627170.1
hetGla2:AHKG01112833	AHKG01112833		AHKG01112833.1	AHKG01112833.1	NW_004627171.1
hetGla2:AHKG01112836	AHKG01112836		AHKG01112836.1	AHKG01112836.1	NW_004627173.1
hetGla2:AHKG01112837	AHKG01112837		AHKG01112837.1	AHKG01112837.1	NW_004627174.1
hetGla2:AHKG01112838	AHKG01112838		AHKG01112838.1	AHKG01112838.1	NW_004627175.1
hetGla2:AHKG01112839	AHKG01112839		AHKG01112839.1	AHKG01112839.1	NW_004627176.1
hetGla2:AHKG01112840	AHKG01112840		AHKG01112840.1	AHKG01112840.1	NW_004627177.1
hetGla2:AHKG01112841	AHKG01112841		AHKG01112841.1	AHKG01112841.1	NW_004627178.1
hetGla2:AHKG01112842	AHKG01112842		AHKG01112842.1	AHKG01112842.1	NW_004627179.1
hetGla2:AHKG01112843	AHKG01112843		AHKG01112843.1	AHKG01112843.1	NW_004627180.1
hetGla2:AHKG01112844	AHKG01112844		AHKG01112844.1	AHKG01112844.1	NW_004627181.1
hetGla2:AHKG01112845	AHKG01112845		AHKG01112845.1	AHKG01112845.1	NW_004627182.1
hetGla2:AHKG01112846	AHKG01112846		AHKG01112846.1	AHKG01112846.1	NW_004627183.1
hetGla2:AHKG01112847	AHKG01112847		AHKG01112847.1	AHKG01112847.1	NW_004627184.1
hetGla2:AHKG01112848	AHKG01112848		AHKG01112848.1	AHKG01112848.1	NW_004627185.1
hetGla2:AHKG01112849	AHKG01112849		AHKG01112849.1	AHKG01112849.1	NW_004627186.1
hetGla2:AHKG01112850	AHKG01112850		AHKG01112850.1	AHKG01112850.1	NW_004627187.1
hetGla2:AHKG01112851	AHKG01112851		AHKG01112851.1	AHKG01112851.1	NW_004627188.1
hetGla2:AHKG01112852	AHKG01112852		AHKG01112852.1	AHKG01112852.1	NW_004627189.1
hetGla2:AHKG01112853	AHKG01112853		AHKG01112853.1	AHKG01112853.1	NW_004627190.1
hetGla2:AHKG01112854	AHKG01112854		AHKG01112854.1	AHKG01112854.1	NW_004627191.1
hetGla2:AHKG01112855	AHKG01112855		AHKG01112855.1	AHKG01112855.1	NW_004627192.1
hetGla2:AHKG01112856	AHKG01112856		AHKG01112856.1	AHKG01112856.1	NW_004627193.1
hetGla2:AHKG01112857	AHKG01112857		AHKG01112857.1	AHKG01112857.1	NW_004627194.1
hetGla2:AHKG01112858	AHKG01112858		AHKG01112858.1	AHKG01112858.1	NW_004627195.1
hetGla2:AHKG01112859	AHKG01112859		AHKG01112859.1	AHKG01112859.1	NW_004627196.1
hetGla2:AHKG01112860	AHKG01112860		AHKG01112860.1	AHKG01112860.1	NW_004627197.1
hetGla2:AHKG01112861	AHKG01112861		AHKG01112861.1	AHKG01112861.1	NW_004627198.1
hetGla2:AHKG01112862	AHKG01112862		AHKG01112862.1	AHKG01112862.1	NW_004627199.1
hetGla2:AHKG01112863	AHKG01112863		AHKG01112863.1	AHKG01112863.1	NW_004627200.1
hetGla2:AHKG01112864	AHKG01112864		AHKG01112864.1	AHKG01112864.1	NW_004627201.1
hetGla2:AHKG01112865	AHKG01112865		AHKG01112865.1	AHKG01112865.1	NW_004627202.1
hetGla2:AHKG01112866	AHKG01112866		AHKG01112866.1	AHKG01112866.1	NW_004627203.1
hetGla2:AHKG01112867	AHKG01112867		AHKG01112867.1	AHKG01112867.1	NW_004627204.1
hetGla2:AHKG01112868	AHKG01112868		AHKG01112868.1	AHKG01112868.1	NW_004627205.1
hetGla2:AHKG01112869	AHKG01112869		AHKG01112869.1	AHKG01112869.1	NW_004627206.1
hetGla2:AHKG01112870	AHKG01112870		AHKG01112870.1	AHKG01112870.1	NW_004627207.1
hetGla2:AHKG01112871	AHKG01112871		AHKG01112871.1	AHKG01112871.1	NW_004627208.1
hetGla2:AHKG01112872	AHKG01112872		AHKG01112872.1	AHKG01112872.1	NW_004627209.1
hetGla2:AHKG01112873	AHKG01112873		AHKG01112873.1	AHKG01112873.1	NW_004627210.1
hetGla2:AHKG01112874	AHKG01112874		AHKG01112874.1	AHKG01112874.1	NW_004627211.1
hetGla2:AHKG01112875	AHKG01112875		AHKG01112875.1	AHKG01112875.1	NW_004627212.1
hetGla2:AHKG01112876	AHKG01112876		AHKG01112876.1	AHKG01112876.1	NW_004627213.1
hetGla2:AHKG01112877	AHKG01112877		AHKG01112877.1	AHKG01112877.1	NW_004627214.1
hetGla2:AHKG01112878	AHKG01112878		AHKG01112878.1	AHKG01112878.1	NW_004627215.1
hetGla2:AHKG01112879	AHKG01112879		AHKG01112879.1	AHKG01112879.1	NW_004627216.1
hetGla2:AHKG01112882	AHKG01112882		AHKG01112882.1	AHKG01112882.1	NW_004627218.1
hetGla2:AHKG01112883	AHKG01112883		AHKG01112883.1	AHKG01112883.1	NW_004627219.1
hetGla2:AHKG01112884	AHKG01112884		AHKG01112884.1	AHKG01112884.1	NW_004627220.1
hetGla2:AHKG01112885	AHKG01112885		AHKG01112885.1	AHKG01112885.1	NW_004627221.1
hetGla2:AHKG01112886	AHKG01112886		AHKG01112886.1	AHKG01112886.1	NW_004627222.1
hetGla2:AHKG01112887	AHKG01112887		AHKG01112887.1	AHKG01112887.1	NW_004627223.1
hetGla2:AHKG01112888	AHKG01112888		AHKG01112888.1	AHKG01112888.1	NW_004627224.1
hetGla2:AHKG01112889	AHKG01112889		AHKG01112889.1	AHKG01112889.1	NW_004627225.1
hetGla2:AHKG01112890	AHKG01112890		AHKG01112890.1	AHKG01112890.1	NW_004627226.1
hetGla2:AHKG01112891	AHKG01112891		AHKG01112891.1	AHKG01112891.1	NW_004627227.1
hetGla2:AHKG01112892	AHKG01112892		AHKG01112892.1	AHKG01112892.1	NW_004627228.1
hetGla2:AHKG01112893	AHKG01112893		AHKG01112893.1	AHKG01112893.1	NW_004627229.1
hetGla2:AHKG01112894	AHKG01112894		AHKG01112894.1	AHKG01112894.1	NW_004627230.1
hetGla2:AHKG01112895	AHKG01112895		AHKG01112895.1	AHKG01112895.1	NW_004627231.1
hetGla2:AHKG01112896	AHKG01112896		AHKG01112896.1	AHKG01112896.1	NW_004627232.1
hetGla2:AHKG01112897	AHKG01112897		AHKG01112897.1	AHKG01112897.1	NW_004627233.1
hetGla2:AHKG01112898	AHKG01112898		AHKG01112898.1	AHKG01112898.1	NW_004627234.1
hetGla2:AHKG01112899	AHKG01112899		AHKG01112899.1	AHKG01112899.1	NW_004627235.1
hetGla2:AHKG01112900	AHKG01112900		AHKG01112900.1	AHKG01112900.1	NW_004627236.1
hetGla2:AHKG01112901	AHKG01112901		AHKG01112901.1	AHKG01112901.1	NW_004627237.1
hetGla2:AHKG01112902	AHKG01112902		AHKG01112902.1	AHKG01112902.1	NW_004627238.1
hetGla2:AHKG01112903	AHKG01112903		AHKG01112903.1	AHKG01112903.1	NW_004627239.1
hetGla2:AHKG01112904	AHKG01112904		AHKG01112904.1	AHKG01112904.1	NW_004627240.1
hetGla2:AHKG01112905	AHKG01112905		AHKG01112905.1	AHKG01112905.1	NW_004627241.1
hetGla2:AHKG01112906	AHKG01112906		AHKG01112906.1	AHKG01112906.1	NW_004627242.1
hetGla2:AHKG01112909	AHKG01112909		AHKG01112909.1	AHKG01112909.1	NW_004627244.1
hetGla2:AHKG01112910	AHKG01112910		AHKG01112910.1	AHKG01112910.1	NW_004627245.1
hetGla2:AHKG01112911	AHKG01112911		AHKG01112911.1	AHKG01112911.1	NW_004627246.1
hetGla2:AHKG01112912	AHKG01112912		AHKG01112912.1	AHKG01112912.1	NW_004627247.1
hetGla2:AHKG01112913	AHKG01112913		AHKG01112913.1	AHKG01112913.1	NW_004627248.1
hetGla2:AHKG01112914	AHKG01112914		AHKG01112914.1	AHKG01112914.1	NW_004627249.1
hetGla2:AHKG01112915	AHKG01112915		AHKG01112915.1	AHKG01112915.1	NW_004627250.1
hetGla2:AHKG01112916	AHKG01112916		AHKG01112916.1	AHKG01112916.1	NW_004627251.1
hetGla2:AHKG01112917	AHKG01112917		AHKG01112917.1	AHKG01112917.1	NW_004627252.1
hetGla2:AHKG01112918	AHKG01112918		AHKG01112918.1	AHKG01112918.1	NW_004627253.1
hetGla2:AHKG01112919	AHKG01112919		AHKG01112919.1	AHKG01112919.1	NW_004627254.1
hetGla2:AHKG01112920	AHKG01112920		AHKG01112920.1	AHKG01112920.1	NW_004627255.1
hetGla2:AHKG01112921	AHKG01112921		AHKG01112921.1	AHKG01112921.1	NW_004627256.1
hetGla2:AHKG01112922	AHKG01112922		AHKG01112922.1	AHKG01112922.1	NW_004627257.1
hetGla2:AHKG01112923	AHKG01112923		AHKG01112923.1	AHKG01112923.1	NW_004627258.1
hetGla2:AHKG01112924	AHKG01112924		AHKG01112924.1	AHKG01112924.1	NW_004627259.1
hetGla2:AHKG01112925	AHKG01112925		AHKG01112925.1	AHKG01112925.1	NW_004627260.1
hetGla2:AHKG01112926	AHKG01112926		AHKG01112926.1	AHKG01112926.1	NW_004627261.1
hetGla2:AHKG01112927	AHKG01112927		AHKG01112927.1	AHKG01112927.1	NW_004627262.1
hetGla2:AHKG01112928	AHKG01112928		AHKG01112928.1	AHKG01112928.1	NW_004627263.1
hetGla2:AHKG01112929	AHKG01112929		AHKG01112929.1	AHKG01112929.1	NW_004627264.1
hetGla2:AHKG01112930	AHKG01112930		AHKG01112930.1	AHKG01112930.1	NW_004627265.1
hetGla2:AHKG01112931	AHKG01112931		AHKG01112931.1	AHKG01112931.1	NW_004627266.1
hetGla2:AHKG01112932	AHKG01112932		AHKG01112932.1	AHKG01112932.1	NW_004627267.1
hetGla2:AHKG01112933	AHKG01112933		AHKG01112933.1	AHKG01112933.1	NW_004627268.1
hetGla2:AHKG01112934	AHKG01112934		AHKG01112934.1	AHKG01112934.1	NW_004627269.1
hetGla2:AHKG01112935	AHKG01112935		AHKG01112935.1	AHKG01112935.1	NW_004627270.1
hetGla2:AHKG01112936	AHKG01112936		AHKG01112936.1	AHKG01112936.1	NW_004627271.1
hetGla2:AHKG01112937	AHKG01112937		AHKG01112937.1	AHKG01112937.1	NW_004627272.1
hetGla2:AHKG01112938	AHKG01112938		AHKG01112938.1	AHKG01112938.1	NW_004627273.1
hetGla2:AHKG01112939	AHKG01112939		AHKG01112939.1	AHKG01112939.1	NW_004627274.1
hetGla2:AHKG01112940	AHKG01112940		AHKG01112940.1	AHKG01112940.1	NW_004627275.1
hetGla2:AHKG01112941	AHKG01112941		AHKG01112941.1	AHKG01112941.1	NW_004627276.1
hetGla2:AHKG01112942	AHKG01112942		AHKG01112942.1	AHKG01112942.1	NW_004627277.1
hetGla2:AHKG01112943	AHKG01112943		AHKG01112943.1	AHKG01112943.1	NW_004627278.1
hetGla2:AHKG01112944	AHKG01112944		AHKG01112944.1	AHKG01112944.1	NW_004627279.1
hetGla2:AHKG01112945	AHKG01112945		AHKG01112945.1	AHKG01112945.1	NW_004627280.1
hetGla2:AHKG01112946	AHKG01112946		AHKG01112946.1	AHKG01112946.1	NW_004627281.1
hetGla2:AHKG01112947	AHKG01112947		AHKG01112947.1	AHKG01112947.1	NW_004627282.1
hetGla2:AHKG01112948	AHKG01112948		AHKG01112948.1	AHKG01112948.1	NW_004627283.1
hetGla2:AHKG01112949	AHKG01112949		AHKG01112949.1	AHKG01112949.1	NW_004627284.1
hetGla2:AHKG01112950	AHKG01112950		AHKG01112950.1	AHKG01112950.1	NW_004627285.1
hetGla2:AHKG01112951	AHKG01112951		AHKG01112951.1	AHKG01112951.1	NW_004627286.1
hetGla2:AHKG01112952	AHKG01112952		AHKG01112952.1	AHKG01112952.1	NW_004627287.1
hetGla2:AHKG01112953	AHKG01112953		AHKG01112953.1	AHKG01112953.1	NW_004627288.1
hetGla2:AHKG01112954	AHKG01112954		AHKG01112954.1	AHKG01112954.1	NW_004627289.1
hetGla2:AHKG01112955	AHKG01112955		AHKG01112955.1	AHKG01112955.1	NW_004627290.1
hetGla2:AHKG01112956	AHKG01112956		AHKG01112956.1	AHKG01112956.1	NW_004627291.1
hetGla2:AHKG01112957	AHKG01112957		AHKG01112957.1	AHKG01112957.1	NW_004627292.1
hetGla2:AHKG01112958	AHKG01112958		AHKG01112958.1	AHKG01112958.1	NW_004627293.1
hetGla2:AHKG01112959	AHKG01112959		AHKG01112959.1	AHKG01112959.1	NW_004627294.1
hetGla2:AHKG01112960	AHKG01112960		AHKG01112960.1	AHKG01112960.1	NW_004627295.1
hetGla2:AHKG01112961	AHKG01112961		AHKG01112961.1	AHKG01112961.1	NW_004627296.1
hetGla2:AHKG01112962	AHKG01112962		AHKG01112962.1	AHKG01112962.1	NW_004627297.1
hetGla2:AHKG01112963	AHKG01112963		AHKG01112963.1	AHKG01112963.1	NW_004627298.1
hetGla2:AHKG01112964	AHKG01112964		AHKG01112964.1	AHKG01112964.1	NW_004627299.1
hetGla2:AHKG01112965	AHKG01112965		AHKG01112965.1	AHKG01112965.1	NW_004627300.1
hetGla2:AHKG01112966	AHKG01112966		AHKG01112966.1	AHKG01112966.1	NW_004627301.1
hetGla2:AHKG01112967	AHKG01112967		AHKG01112967.1	AHKG01112967.1	NW_004627302.1
hetGla2:AHKG01112968	AHKG01112968		AHKG01112968.1	AHKG01112968.1	NW_004627303.1
hetGla2:AHKG01112969	AHKG01112969		AHKG01112969.1	AHKG01112969.1	NW_004627304.1
hetGla2:AHKG01112970	AHKG01112970		AHKG01112970.1	AHKG01112970.1	NW_004627305.1
hetGla2:AHKG01112971	AHKG01112971		AHKG01112971.1	AHKG01112971.1	NW_004627306.1
hetGla2:AHKG01112972	AHKG01112972		AHKG01112972.1	AHKG01112972.1	NW_004627307.1
hetGla2:AHKG01112973	AHKG01112973		AHKG01112973.1	AHKG01112973.1	NW_004627308.1
hetGla2:AHKG01112974	AHKG01112974		AHKG01112974.1	AHKG01112974.1	NW_004627309.1
hetGla2:AHKG01112975	AHKG01112975		AHKG01112975.1	AHKG01112975.1	NW_004627310.1
hetGla2:AHKG01112976	AHKG01112976		AHKG01112976.1	AHKG01112976.1	NW_004627311.1
hetGla2:AHKG01112977	AHKG01112977		AHKG01112977.1	AHKG01112977.1	NW_004627312.1
hetGla2:AHKG01112978	AHKG01112978		AHKG01112978.1	AHKG01112978.1	NW_004627313.1
hetGla2:AHKG01112979	AHKG01112979		AHKG01112979.1	AHKG01112979.1	NW_004627314.1
hetGla2:AHKG01112980	AHKG01112980		AHKG01112980.1	AHKG01112980.1	NW_004627315.1
hetGla2:AHKG01112981	AHKG01112981		AHKG01112981.1	AHKG01112981.1	NW_004627316.1
hetGla2:AHKG01112982	AHKG01112982		AHKG01112982.1	AHKG01112982.1	NW_004627317.1
hetGla2:AHKG01112983	AHKG01112983		AHKG01112983.1	AHKG01112983.1	NW_004627318.1
hetGla2:AHKG01112984	AHKG01112984		AHKG01112984.1	AHKG01112984.1	NW_004627319.1
hetGla2:AHKG01112985	AHKG01112985		AHKG01112985.1	AHKG01112985.1	NW_004627320.1
hetGla2:AHKG01112986	AHKG01112986		AHKG01112986.1	AHKG01112986.1	NW_004627321.1
hetGla2:AHKG01112987	AHKG01112987		AHKG01112987.1	AHKG01112987.1	NW_004627322.1
hetGla2:AHKG01112988	AHKG01112988		AHKG01112988.1	AHKG01112988.1	NW_004627323.1
hetGla2:AHKG01112989	AHKG01112989		AHKG01112989.1	AHKG01112989.1	NW_004627324.1
hetGla2:AHKG01112990	AHKG01112990		AHKG01112990.1	AHKG01112990.1	NW_004627325.1
hetGla2:AHKG01112991	AHKG01112991		AHKG01112991.1	AHKG01112991.1	NW_004627326.1
hetGla2:AHKG01112992	AHKG01112992		AHKG01112992.1	AHKG01112992.1	NW_004627327.1
hetGla2:AHKG01112993	AHKG01112993		AHKG01112993.1	AHKG01112993.1	NW_004627328.1
hetGla2:AHKG01112994	AHKG01112994		AHKG01112994.1	AHKG01112994.1	NW_004627329.1
hetGla2:AHKG01112995	AHKG01112995		AHKG01112995.1	AHKG01112995.1	NW_004627330.1
hetGla2:AHKG01112996	AHKG01112996		AHKG01112996.1	AHKG01112996.1	NW_004627331.1
hetGla2:AHKG01112997	AHKG01112997		AHKG01112997.1	AHKG01112997.1	NW_004627332.1
hetGla2:AHKG01112998	AHKG01112998		AHKG01112998.1	AHKG01112998.1	NW_004627333.1
hetGla2:AHKG01112999	AHKG01112999		AHKG01112999.1	AHKG01112999.1	NW_004627334.1
hetGla2:AHKG01113000	AHKG01113000		AHKG01113000.1	AHKG01113000.1	NW_004627335.1
hetGla2:AHKG01113003	AHKG01113003		AHKG01113003.1	AHKG01113003.1	NW_004627337.1
hetGla2:AHKG01113004	AHKG01113004		AHKG01113004.1	AHKG01113004.1	NW_004627338.1
hetGla2:AHKG01113005	AHKG01113005		AHKG01113005.1	AHKG01113005.1	NW_004627339.1
hetGla2:AHKG01113006	AHKG01113006		AHKG01113006.1	AHKG01113006.1	NW_004627340.1
hetGla2:AHKG01113007	AHKG01113007		AHKG01113007.1	AHKG01113007.1	NW_004627341.1
hetGla2:AHKG01113008	AHKG01113008		AHKG01113008.1	AHKG01113008.1	NW_004627342.1
hetGla2:AHKG01113009	AHKG01113009		AHKG01113009.1	AHKG01113009.1	NW_004627343.1
hetGla2:AHKG01113010	AHKG01113010		AHKG01113010.1	AHKG01113010.1	NW_004627344.1
hetGla2:AHKG01113011	AHKG01113011		AHKG01113011.1	AHKG01113011.1	NW_004627345.1
hetGla2:AHKG01113012	AHKG01113012		AHKG01113012.1	AHKG01113012.1	NW_004627346.1
hetGla2:AHKG01113013	AHKG01113013		AHKG01113013.1	AHKG01113013.1	NW_004627347.1
hetGla2:AHKG01113014	AHKG01113014		AHKG01113014.1	AHKG01113014.1	NW_004627348.1
hetGla2:AHKG01113017	AHKG01113017		AHKG01113017.1	AHKG01113017.1	NW_004627350.1
hetGla2:AHKG01113018	AHKG01113018		AHKG01113018.1	AHKG01113018.1	NW_004627351.1
hetGla2:AHKG01113019	AHKG01113019		AHKG01113019.1	AHKG01113019.1	NW_004627352.1
hetGla2:AHKG01113020	AHKG01113020		AHKG01113020.1	AHKG01113020.1	NW_004627353.1
hetGla2:AHKG01113021	AHKG01113021		AHKG01113021.1	AHKG01113021.1	NW_004627354.1
hetGla2:AHKG01113022	AHKG01113022		AHKG01113022.1	AHKG01113022.1	NW_004627355.1
hetGla2:AHKG01113023	AHKG01113023		AHKG01113023.1	AHKG01113023.1	NW_004627356.1
hetGla2:AHKG01113024	AHKG01113024		AHKG01113024.1	AHKG01113024.1	NW_004627357.1
hetGla2:AHKG01113025	AHKG01113025		AHKG01113025.1	AHKG01113025.1	NW_004627358.1
hetGla2:AHKG01113028	AHKG01113028		AHKG01113028.1	AHKG01113028.1	NW_004627360.1
hetGla2:AHKG01113029	AHKG01113029		AHKG01113029.1	AHKG01113029.1	NW_004627361.1
hetGla2:AHKG01113030	AHKG01113030		AHKG01113030.1	AHKG01113030.1	NW_004627362.1
hetGla2:AHKG01113031	AHKG01113031		AHKG01113031.1	AHKG01113031.1	NW_004627363.1
hetGla2:AHKG01113032	AHKG01113032		AHKG01113032.1	AHKG01113032.1	NW_004627364.1
hetGla2:AHKG01113033	AHKG01113033		AHKG01113033.1	AHKG01113033.1	NW_004627365.1
hetGla2:AHKG01113034	AHKG01113034		AHKG01113034.1	AHKG01113034.1	NW_004627366.1
hetGla2:AHKG01113035	AHKG01113035		AHKG01113035.1	AHKG01113035.1	NW_004627367.1
hetGla2:AHKG01113036	AHKG01113036		AHKG01113036.1	AHKG01113036.1	NW_004627368.1
hetGla2:AHKG01113037	AHKG01113037		AHKG01113037.1	AHKG01113037.1	NW_004627369.1
hetGla2:AHKG01113038	AHKG01113038		AHKG01113038.1	AHKG01113038.1	NW_004627370.1
hetGla2:AHKG01113039	AHKG01113039		AHKG01113039.1	AHKG01113039.1	NW_004627371.1
hetGla2:AHKG01113040	AHKG01113040		AHKG01113040.1	AHKG01113040.1	NW_004627372.1
hetGla2:AHKG01113041	AHKG01113041		AHKG01113041.1	AHKG01113041.1	NW_004627373.1
hetGla2:AHKG01113042	AHKG01113042		AHKG01113042.1	AHKG01113042.1	NW_004627374.1
hetGla2:AHKG01113043	AHKG01113043		AHKG01113043.1	AHKG01113043.1	NW_004627375.1
hetGla2:AHKG01113044	AHKG01113044		AHKG01113044.1	AHKG01113044.1	NW_004627376.1
hetGla2:AHKG01113045	AHKG01113045		AHKG01113045.1	AHKG01113045.1	NW_004627377.1
hetGla2:AHKG01113046	AHKG01113046		AHKG01113046.1	AHKG01113046.1	NW_004627378.1
hetGla2:AHKG01113047	AHKG01113047		AHKG01113047.1	AHKG01113047.1	NW_004627379.1
hetGla2:AHKG01113048	AHKG01113048		AHKG01113048.1	AHKG01113048.1	NW_004627380.1
hetGla2:AHKG01113049	AHKG01113049		AHKG01113049.1	AHKG01113049.1	NW_004627381.1
hetGla2:AHKG01113052	AHKG01113052		AHKG01113052.1	AHKG01113052.1	NW_004627383.1
hetGla2:AHKG01113053	AHKG01113053		AHKG01113053.1	AHKG01113053.1	NW_004627384.1
hetGla2:AHKG01113054	AHKG01113054		AHKG01113054.1	AHKG01113054.1	NW_004627385.1
hetGla2:AHKG01113055	AHKG01113055		AHKG01113055.1	AHKG01113055.1	NW_004627386.1
hetGla2:AHKG01113056	AHKG01113056		AHKG01113056.1	AHKG01113056.1	NW_004627387.1
hetGla2:AHKG01113057	AHKG01113057		AHKG01113057.1	AHKG01113057.1	NW_004627388.1
hetGla2:AHKG01113058	AHKG01113058		AHKG01113058.1	AHKG01113058.1	NW_004627389.1
hetGla2:AHKG01113059	AHKG01113059		AHKG01113059.1	AHKG01113059.1	NW_004627390.1
hetGla2:AHKG01113060	AHKG01113060		AHKG01113060.1	AHKG01113060.1	NW_004627391.1
hetGla2:AHKG01113061	AHKG01113061		AHKG01113061.1	AHKG01113061.1	NW_004627392.1
hetGla2:AHKG01113062	AHKG01113062		AHKG01113062.1	AHKG01113062.1	NW_004627393.1
hetGla2:AHKG01113063	AHKG01113063		AHKG01113063.1	AHKG01113063.1	NW_004627394.1
hetGla2:AHKG01113064	AHKG01113064		AHKG01113064.1	AHKG01113064.1	NW_004627395.1
hetGla2:AHKG01113065	AHKG01113065		AHKG01113065.1	AHKG01113065.1	NW_004627396.1
hetGla2:AHKG01113066	AHKG01113066		AHKG01113066.1	AHKG01113066.1	NW_004627397.1
hetGla2:AHKG01113067	AHKG01113067		AHKG01113067.1	AHKG01113067.1	NW_004627398.1
hetGla2:AHKG01113068	AHKG01113068		AHKG01113068.1	AHKG01113068.1	NW_004627399.1
hetGla2:AHKG01113069	AHKG01113069		AHKG01113069.1	AHKG01113069.1	NW_004627400.1
hetGla2:AHKG01113070	AHKG01113070		AHKG01113070.1	AHKG01113070.1	NW_004627401.1
hetGla2:AHKG01113071	AHKG01113071		AHKG01113071.1	AHKG01113071.1	NW_004627402.1
hetGla2:AHKG01113072	AHKG01113072		AHKG01113072.1	AHKG01113072.1	NW_004627403.1
hetGla2:AHKG01113073	AHKG01113073		AHKG01113073.1	AHKG01113073.1	NW_004627404.1
hetGla2:AHKG01113074	AHKG01113074		AHKG01113074.1	AHKG01113074.1	NW_004627405.1
hetGla2:AHKG01113075	AHKG01113075		AHKG01113075.1	AHKG01113075.1	NW_004627406.1
hetGla2:AHKG01113076	AHKG01113076		AHKG01113076.1	AHKG01113076.1	NW_004627407.1
hetGla2:AHKG01113077	AHKG01113077		AHKG01113077.1	AHKG01113077.1	NW_004627408.1
hetGla2:AHKG01113078	AHKG01113078		AHKG01113078.1	AHKG01113078.1	NW_004627409.1
hetGla2:AHKG01113079	AHKG01113079		AHKG01113079.1	AHKG01113079.1	NW_004627410.1
hetGla2:AHKG01113080	AHKG01113080		AHKG01113080.1	AHKG01113080.1	NW_004627411.1
hetGla2:AHKG01113081	AHKG01113081		AHKG01113081.1	AHKG01113081.1	NW_004627412.1
hetGla2:AHKG01113082	AHKG01113082		AHKG01113082.1	AHKG01113082.1	NW_004627413.1
hetGla2:AHKG01113083	AHKG01113083		AHKG01113083.1	AHKG01113083.1	NW_004627414.1
hetGla2:AHKG01113084	AHKG01113084		AHKG01113084.1	AHKG01113084.1	NW_004627415.1
hetGla2:AHKG01113085	AHKG01113085		AHKG01113085.1	AHKG01113085.1	NW_004627416.1
hetGla2:AHKG01113086	AHKG01113086		AHKG01113086.1	AHKG01113086.1	NW_004627417.1
hetGla2:AHKG01113087	AHKG01113087		AHKG01113087.1	AHKG01113087.1	NW_004627418.1
hetGla2:AHKG01113088	AHKG01113088		AHKG01113088.1	AHKG01113088.1	NW_004627419.1
hetGla2:AHKG01113089	AHKG01113089		AHKG01113089.1	AHKG01113089.1	NW_004627420.1
hetGla2:AHKG01113090	AHKG01113090		AHKG01113090.1	AHKG01113090.1	NW_004627421.1
hetGla2:AHKG01113091	AHKG01113091		AHKG01113091.1	AHKG01113091.1	NW_004627422.1
hetGla2:AHKG01113092	AHKG01113092		AHKG01113092.1	AHKG01113092.1	NW_004627423.1
hetGla2:AHKG01113093	AHKG01113093		AHKG01113093.1	AHKG01113093.1	NW_004627424.1
hetGla2:AHKG01113094	AHKG01113094		AHKG01113094.1	AHKG01113094.1	NW_004627425.1
hetGla2:AHKG01113095	AHKG01113095		AHKG01113095.1	AHKG01113095.1	NW_004627426.1
hetGla2:AHKG01113096	AHKG01113096		AHKG01113096.1	AHKG01113096.1	NW_004627427.1
hetGla2:AHKG01113097	AHKG01113097		AHKG01113097.1	AHKG01113097.1	NW_004627428.1
hetGla2:AHKG01113098	AHKG01113098		AHKG01113098.1	AHKG01113098.1	NW_004627429.1
hetGla2:AHKG01113099	AHKG01113099		AHKG01113099.1	AHKG01113099.1	NW_004627430.1
hetGla2:AHKG01113100	AHKG01113100		AHKG01113100.1	AHKG01113100.1	NW_004627431.1
hetGla2:AHKG01113101	AHKG01113101		AHKG01113101.1	AHKG01113101.1	NW_004627432.1
hetGla2:AHKG01113102	AHKG01113102		AHKG01113102.1	AHKG01113102.1	NW_004627433.1
hetGla2:AHKG01113103	AHKG01113103		AHKG01113103.1	AHKG01113103.1	NW_004627434.1
hetGla2:AHKG01113104	AHKG01113104		AHKG01113104.1	AHKG01113104.1	NW_004627435.1
hetGla2:AHKG01113105	AHKG01113105		AHKG01113105.1	AHKG01113105.1	NW_004627436.1
hetGla2:AHKG01113106	AHKG01113106		AHKG01113106.1	AHKG01113106.1	NW_004627437.1
hetGla2:AHKG01113107	AHKG01113107		AHKG01113107.1	AHKG01113107.1	NW_004627438.1
hetGla2:AHKG01113108	AHKG01113108		AHKG01113108.1	AHKG01113108.1	NW_004627439.1
hetGla2:AHKG01113109	AHKG01113109		AHKG01113109.1	AHKG01113109.1	NW_004627440.1
hetGla2:AHKG01113110	AHKG01113110		AHKG01113110.1	AHKG01113110.1	NW_004627441.1
hetGla2:AHKG01113111	AHKG01113111		AHKG01113111.1	AHKG01113111.1	NW_004627442.1
hetGla2:AHKG01113112	AHKG01113112		AHKG01113112.1	AHKG01113112.1	NW_004627443.1
hetGla2:AHKG01113113	AHKG01113113		AHKG01113113.1	AHKG01113113.1	NW_004627444.1
hetGla2:AHKG01113114	AHKG01113114		AHKG01113114.1	AHKG01113114.1	NW_004627445.1
hetGla2:AHKG01113115	AHKG01113115		AHKG01113115.1	AHKG01113115.1	NW_004627446.1
hetGla2:AHKG01113116	AHKG01113116		AHKG01113116.1	AHKG01113116.1	NW_004627447.1
hetGla2:AHKG01113117	AHKG01113117		AHKG01113117.1	AHKG01113117.1	NW_004627448.1
hetGla2:AHKG01113118	AHKG01113118		AHKG01113118.1	AHKG01113118.1	NW_004627449.1
hetGla2:AHKG01113119	AHKG01113119		AHKG01113119.1	AHKG01113119.1	NW_004627450.1
hetGla2:AHKG01113123	AHKG01113123		AHKG01113123.1	AHKG01113123.1	NW_004627452.1
hetGla2:AHKG01113124	AHKG01113124		AHKG01113124.1	AHKG01113124.1	NW_004627453.1
hetGla2:AHKG01113125	AHKG01113125		AHKG01113125.1	AHKG01113125.1	NW_004627454.1
hetGla2:AHKG01113126	AHKG01113126		AHKG01113126.1	AHKG01113126.1	NW_004627455.1
hetGla2:AHKG01113127	AHKG01113127		AHKG01113127.1	AHKG01113127.1	NW_004627456.1
hetGla2:AHKG01113128	AHKG01113128		AHKG01113128.1	AHKG01113128.1	NW_004627457.1
hetGla2:AHKG01113129	AHKG01113129		AHKG01113129.1	AHKG01113129.1	NW_004627458.1
hetGla2:AHKG01113130	AHKG01113130		AHKG01113130.1	AHKG01113130.1	NW_004627459.1
hetGla2:AHKG01113131	AHKG01113131		AHKG01113131.1	AHKG01113131.1	NW_004627460.1
hetGla2:AHKG01113132	AHKG01113132		AHKG01113132.1	AHKG01113132.1	NW_004627461.1
hetGla2:AHKG01113133	AHKG01113133		AHKG01113133.1	AHKG01113133.1	NW_004627462.1
hetGla2:AHKG01113134	AHKG01113134		AHKG01113134.1	AHKG01113134.1	NW_004627463.1
hetGla2:AHKG01113135	AHKG01113135		AHKG01113135.1	AHKG01113135.1	NW_004627464.1
hetGla2:AHKG01113136	AHKG01113136		AHKG01113136.1	AHKG01113136.1	NW_004627465.1
hetGla2:AHKG01113137	AHKG01113137		AHKG01113137.1	AHKG01113137.1	NW_004627466.1
hetGla2:AHKG01113138	AHKG01113138		AHKG01113138.1	AHKG01113138.1	NW_004627467.1
hetGla2:AHKG01113139	AHKG01113139		AHKG01113139.1	AHKG01113139.1	NW_004627468.1
hetGla2:AHKG01113140	AHKG01113140		AHKG01113140.1	AHKG01113140.1	NW_004627469.1
hetGla2:AHKG01113141	AHKG01113141		AHKG01113141.1	AHKG01113141.1	NW_004627470.1
hetGla2:AHKG01113142	AHKG01113142		AHKG01113142.1	AHKG01113142.1	NW_004627471.1
hetGla2:AHKG01113143	AHKG01113143		AHKG01113143.1	AHKG01113143.1	NW_004627472.1
hetGla2:AHKG01113144	AHKG01113144		AHKG01113144.1	AHKG01113144.1	NW_004627473.1
hetGla2:AHKG01113145	AHKG01113145		AHKG01113145.1	AHKG01113145.1	NW_004627474.1
hetGla2:AHKG01113146	AHKG01113146		AHKG01113146.1	AHKG01113146.1	NW_004627475.1
hetGla2:AHKG01113147	AHKG01113147		AHKG01113147.1	AHKG01113147.1	NW_004627476.1
hetGla2:AHKG01113148	AHKG01113148		AHKG01113148.1	AHKG01113148.1	NW_004627477.1
hetGla2:AHKG01113149	AHKG01113149		AHKG01113149.1	AHKG01113149.1	NW_004627478.1
hetGla2:AHKG01113150	AHKG01113150		AHKG01113150.1	AHKG01113150.1	NW_004627479.1
hetGla2:AHKG01113151	AHKG01113151		AHKG01113151.1	AHKG01113151.1	NW_004627480.1
hetGla2:AHKG01113152	AHKG01113152		AHKG01113152.1	AHKG01113152.1	NW_004627481.1
hetGla2:AHKG01113153	AHKG01113153		AHKG01113153.1	AHKG01113153.1	NW_004627482.1
hetGla2:AHKG01113154	AHKG01113154		AHKG01113154.1	AHKG01113154.1	NW_004627483.1
hetGla2:AHKG01113155	AHKG01113155		AHKG01113155.1	AHKG01113155.1	NW_004627484.1
hetGla2:AHKG01113156	AHKG01113156		AHKG01113156.1	AHKG01113156.1	NW_004627485.1
hetGla2:AHKG01113157	AHKG01113157		AHKG01113157.1	AHKG01113157.1	NW_004627486.1
hetGla2:AHKG01113158	AHKG01113158		AHKG01113158.1	AHKG01113158.1	NW_004627487.1
hetGla2:AHKG01113159	AHKG01113159		AHKG01113159.1	AHKG01113159.1	NW_004627488.1
hetGla2:AHKG01113160	AHKG01113160		AHKG01113160.1	AHKG01113160.1	NW_004627489.1
hetGla2:AHKG01113161	AHKG01113161		AHKG01113161.1	AHKG01113161.1	NW_004627490.1
hetGla2:AHKG01113162	AHKG01113162		AHKG01113162.1	AHKG01113162.1	NW_004627491.1
hetGla2:AHKG01113163	AHKG01113163		AHKG01113163.1	AHKG01113163.1	NW_004627492.1
hetGla2:AHKG01113164	AHKG01113164		AHKG01113164.1	AHKG01113164.1	NW_004627493.1
hetGla2:AHKG01113165	AHKG01113165		AHKG01113165.1	AHKG01113165.1	NW_004627494.1
hetGla2:AHKG01113166	AHKG01113166		AHKG01113166.1	AHKG01113166.1	NW_004627495.1
hetGla2:AHKG01113167	AHKG01113167		AHKG01113167.1	AHKG01113167.1	NW_004627496.1
hetGla2:AHKG01113168	AHKG01113168		AHKG01113168.1	AHKG01113168.1	NW_004627497.1
hetGla2:AHKG01113169	AHKG01113169		AHKG01113169.1	AHKG01113169.1	NW_004627498.1
hetGla2:AHKG01113170	AHKG01113170		AHKG01113170.1	AHKG01113170.1	NW_004627499.1
hetGla2:AHKG01113171	AHKG01113171		AHKG01113171.1	AHKG01113171.1	NW_004627500.1
hetGla2:AHKG01113172	AHKG01113172		AHKG01113172.1	AHKG01113172.1	NW_004627501.1
hetGla2:AHKG01113173	AHKG01113173		AHKG01113173.1	AHKG01113173.1	NW_004627502.1
hetGla2:AHKG01113174	AHKG01113174		AHKG01113174.1	AHKG01113174.1	NW_004627503.1
hetGla2:AHKG01113175	AHKG01113175		AHKG01113175.1	AHKG01113175.1	NW_004627504.1
hetGla2:AHKG01113176	AHKG01113176		AHKG01113176.1	AHKG01113176.1	NW_004627505.1
hetGla2:AHKG01113177	AHKG01113177		AHKG01113177.1	AHKG01113177.1	NW_004627506.1
hetGla2:AHKG01113178	AHKG01113178		AHKG01113178.1	AHKG01113178.1	NW_004627507.1
hetGla2:AHKG01113179	AHKG01113179		AHKG01113179.1	AHKG01113179.1	NW_004627508.1
hetGla2:AHKG01113180	AHKG01113180		AHKG01113180.1	AHKG01113180.1	NW_004627509.1
hetGla2:AHKG01113181	AHKG01113181		AHKG01113181.1	AHKG01113181.1	NW_004627510.1
hetGla2:AHKG01113182	AHKG01113182		AHKG01113182.1	AHKG01113182.1	NW_004627511.1
hetGla2:AHKG01113183	AHKG01113183		AHKG01113183.1	AHKG01113183.1	NW_004627512.1
hetGla2:AHKG01113184	AHKG01113184		AHKG01113184.1	AHKG01113184.1	NW_004627513.1
hetGla2:AHKG01113185	AHKG01113185		AHKG01113185.1	AHKG01113185.1	NW_004627514.1
hetGla2:AHKG01113186	AHKG01113186		AHKG01113186.1	AHKG01113186.1	NW_004627515.1
hetGla2:AHKG01113187	AHKG01113187		AHKG01113187.1	AHKG01113187.1	NW_004627516.1
hetGla2:AHKG01113188	AHKG01113188		AHKG01113188.1	AHKG01113188.1	NW_004627517.1
hetGla2:AHKG01113189	AHKG01113189		AHKG01113189.1	AHKG01113189.1	NW_004627518.1
hetGla2:AHKG01113190	AHKG01113190		AHKG01113190.1	AHKG01113190.1	NW_004627519.1
hetGla2:AHKG01113193	AHKG01113193		AHKG01113193.1	AHKG01113193.1	NW_004627521.1
hetGla2:AHKG01113194	AHKG01113194		AHKG01113194.1	AHKG01113194.1	NW_004627522.1
hetGla2:AHKG01113195	AHKG01113195		AHKG01113195.1	AHKG01113195.1	NW_004627523.1
hetGla2:AHKG01113196	AHKG01113196		AHKG01113196.1	AHKG01113196.1	NW_004627524.1
hetGla2:AHKG01113197	AHKG01113197		AHKG01113197.1	AHKG01113197.1	NW_004627525.1
hetGla2:AHKG01113198	AHKG01113198		AHKG01113198.1	AHKG01113198.1	NW_004627526.1
hetGla2:AHKG01113199	AHKG01113199		AHKG01113199.1	AHKG01113199.1	NW_004627527.1
hetGla2:AHKG01113200	AHKG01113200		AHKG01113200.1	AHKG01113200.1	NW_004627528.1
hetGla2:AHKG01113203	AHKG01113203		AHKG01113203.1	AHKG01113203.1	NW_004627530.1
hetGla2:AHKG01113204	AHKG01113204		AHKG01113204.1	AHKG01113204.1	NW_004627531.1
hetGla2:AHKG01113205	AHKG01113205		AHKG01113205.1	AHKG01113205.1	NW_004627532.1
hetGla2:AHKG01113206	AHKG01113206		AHKG01113206.1	AHKG01113206.1	NW_004627533.1
hetGla2:AHKG01113207	AHKG01113207		AHKG01113207.1	AHKG01113207.1	NW_004627534.1
hetGla2:AHKG01113208	AHKG01113208		AHKG01113208.1	AHKG01113208.1	NW_004627535.1
hetGla2:AHKG01113209	AHKG01113209		AHKG01113209.1	AHKG01113209.1	NW_004627536.1
hetGla2:AHKG01113210	AHKG01113210		AHKG01113210.1	AHKG01113210.1	NW_004627537.1
hetGla2:AHKG01113211	AHKG01113211		AHKG01113211.1	AHKG01113211.1	NW_004627538.1
hetGla2:AHKG01113212	AHKG01113212		AHKG01113212.1	AHKG01113212.1	NW_004627539.1
hetGla2:AHKG01113213	AHKG01113213		AHKG01113213.1	AHKG01113213.1	NW_004627540.1
hetGla2:AHKG01113214	AHKG01113214		AHKG01113214.1	AHKG01113214.1	NW_004627541.1
hetGla2:AHKG01113215	AHKG01113215		AHKG01113215.1	AHKG01113215.1	NW_004627542.1
hetGla2:AHKG01113216	AHKG01113216		AHKG01113216.1	AHKG01113216.1	NW_004627543.1
hetGla2:AHKG01113217	AHKG01113217		AHKG01113217.1	AHKG01113217.1	NW_004627544.1
hetGla2:AHKG01113218	AHKG01113218		AHKG01113218.1	AHKG01113218.1	NW_004627545.1
hetGla2:AHKG01113219	AHKG01113219		AHKG01113219.1	AHKG01113219.1	NW_004627546.1
hetGla2:AHKG01113220	AHKG01113220		AHKG01113220.1	AHKG01113220.1	NW_004627547.1
hetGla2:AHKG01113221	AHKG01113221		AHKG01113221.1	AHKG01113221.1	NW_004627548.1
hetGla2:AHKG01113222	AHKG01113222		AHKG01113222.1	AHKG01113222.1	NW_004627549.1
hetGla2:AHKG01113223	AHKG01113223		AHKG01113223.1	AHKG01113223.1	NW_004627550.1
hetGla2:AHKG01113224	AHKG01113224		AHKG01113224.1	AHKG01113224.1	NW_004627551.1
hetGla2:AHKG01113225	AHKG01113225		AHKG01113225.1	AHKG01113225.1	NW_004627552.1
hetGla2:AHKG01113226	AHKG01113226		AHKG01113226.1	AHKG01113226.1	NW_004627553.1
hetGla2:AHKG01113227	AHKG01113227		AHKG01113227.1	AHKG01113227.1	NW_004627554.1
hetGla2:AHKG01113228	AHKG01113228		AHKG01113228.1	AHKG01113228.1	NW_004627555.1
hetGla2:AHKG01113229	AHKG01113229		AHKG01113229.1	AHKG01113229.1	NW_004627556.1
hetGla2:AHKG01113230	AHKG01113230		AHKG01113230.1	AHKG01113230.1	NW_004627557.1
hetGla2:AHKG01113231	AHKG01113231		AHKG01113231.1	AHKG01113231.1	NW_004627558.1
hetGla2:AHKG01113232	AHKG01113232		AHKG01113232.1	AHKG01113232.1	NW_004627559.1
hetGla2:AHKG01113233	AHKG01113233		AHKG01113233.1	AHKG01113233.1	NW_004627560.1
hetGla2:AHKG01113234	AHKG01113234		AHKG01113234.1	AHKG01113234.1	NW_004627561.1
hetGla2:AHKG01113235	AHKG01113235		AHKG01113235.1	AHKG01113235.1	NW_004627562.1
hetGla2:AHKG01113236	AHKG01113236		AHKG01113236.1	AHKG01113236.1	NW_004627563.1
hetGla2:AHKG01113237	AHKG01113237		AHKG01113237.1	AHKG01113237.1	NW_004627564.1
hetGla2:AHKG01113238	AHKG01113238		AHKG01113238.1	AHKG01113238.1	NW_004627565.1
hetGla2:AHKG01113239	AHKG01113239		AHKG01113239.1	AHKG01113239.1	NW_004627566.1
hetGla2:AHKG01113242	AHKG01113242		AHKG01113242.1	AHKG01113242.1	NW_004627568.1
hetGla2:AHKG01113243	AHKG01113243		AHKG01113243.1	AHKG01113243.1	NW_004627569.1
hetGla2:AHKG01113244	AHKG01113244		AHKG01113244.1	AHKG01113244.1	NW_004627570.1
hetGla2:AHKG01113245	AHKG01113245		AHKG01113245.1	AHKG01113245.1	NW_004627571.1
hetGla2:AHKG01113246	AHKG01113246		AHKG01113246.1	AHKG01113246.1	NW_004627572.1
hetGla2:AHKG01113247	AHKG01113247		AHKG01113247.1	AHKG01113247.1	NW_004627573.1
hetGla2:AHKG01113248	AHKG01113248		AHKG01113248.1	AHKG01113248.1	NW_004627574.1
hetGla2:AHKG01113249	AHKG01113249		AHKG01113249.1	AHKG01113249.1	NW_004627575.1
hetGla2:AHKG01113250	AHKG01113250		AHKG01113250.1	AHKG01113250.1	NW_004627576.1
hetGla2:AHKG01113251	AHKG01113251		AHKG01113251.1	AHKG01113251.1	NW_004627577.1
hetGla2:AHKG01113252	AHKG01113252		AHKG01113252.1	AHKG01113252.1	NW_004627578.1
hetGla2:AHKG01113253	AHKG01113253		AHKG01113253.1	AHKG01113253.1	NW_004627579.1
hetGla2:AHKG01113254	AHKG01113254		AHKG01113254.1	AHKG01113254.1	NW_004627580.1
hetGla2:AHKG01113255	AHKG01113255		AHKG01113255.1	AHKG01113255.1	NW_004627581.1
hetGla2:AHKG01113256	AHKG01113256		AHKG01113256.1	AHKG01113256.1	NW_004627582.1
hetGla2:AHKG01113257	AHKG01113257		AHKG01113257.1	AHKG01113257.1	NW_004627583.1
hetGla2:AHKG01113258	AHKG01113258		AHKG01113258.1	AHKG01113258.1	NW_004627584.1
hetGla2:AHKG01113259	AHKG01113259		AHKG01113259.1	AHKG01113259.1	NW_004627585.1
hetGla2:AHKG01113260	AHKG01113260		AHKG01113260.1	AHKG01113260.1	NW_004627586.1
hetGla2:AHKG01113261	AHKG01113261		AHKG01113261.1	AHKG01113261.1	NW_004627587.1
hetGla2:AHKG01113262	AHKG01113262		AHKG01113262.1	AHKG01113262.1	NW_004627588.1
hetGla2:AHKG01113263	AHKG01113263		AHKG01113263.1	AHKG01113263.1	NW_004627589.1
hetGla2:AHKG01113264	AHKG01113264		AHKG01113264.1	AHKG01113264.1	NW_004627590.1
hetGla2:AHKG01113265	AHKG01113265		AHKG01113265.1	AHKG01113265.1	NW_004627591.1
hetGla2:AHKG01113266	AHKG01113266		AHKG01113266.1	AHKG01113266.1	NW_004627592.1
hetGla2:AHKG01113267	AHKG01113267		AHKG01113267.1	AHKG01113267.1	NW_004627593.1
hetGla2:AHKG01113268	AHKG01113268		AHKG01113268.1	AHKG01113268.1	NW_004627594.1
hetGla2:AHKG01113269	AHKG01113269		AHKG01113269.1	AHKG01113269.1	NW_004627595.1
hetGla2:AHKG01113270	AHKG01113270		AHKG01113270.1	AHKG01113270.1	NW_004627596.1
hetGla2:AHKG01113271	AHKG01113271		AHKG01113271.1	AHKG01113271.1	NW_004627597.1
hetGla2:AHKG01113272	AHKG01113272		AHKG01113272.1	AHKG01113272.1	NW_004627598.1
hetGla2:AHKG01113273	AHKG01113273		AHKG01113273.1	AHKG01113273.1	NW_004627599.1
hetGla2:AHKG01113274	AHKG01113274		AHKG01113274.1	AHKG01113274.1	NW_004627600.1
hetGla2:AHKG01113275	AHKG01113275		AHKG01113275.1	AHKG01113275.1	NW_004627601.1
hetGla2:AHKG01113276	AHKG01113276		AHKG01113276.1	AHKG01113276.1	NW_004627602.1
hetGla2:AHKG01113277	AHKG01113277		AHKG01113277.1	AHKG01113277.1	NW_004627603.1
hetGla2:AHKG01113278	AHKG01113278		AHKG01113278.1	AHKG01113278.1	NW_004627604.1
hetGla2:AHKG01113279	AHKG01113279		AHKG01113279.1	AHKG01113279.1	NW_004627605.1
hetGla2:AHKG01113280	AHKG01113280		AHKG01113280.1	AHKG01113280.1	NW_004627606.1
hetGla2:AHKG01113281	AHKG01113281		AHKG01113281.1	AHKG01113281.1	NW_004627607.1
hetGla2:AHKG01113282	AHKG01113282		AHKG01113282.1	AHKG01113282.1	NW_004627608.1
hetGla2:AHKG01113283	AHKG01113283		AHKG01113283.1	AHKG01113283.1	NW_004627609.1
hetGla2:AHKG01113284	AHKG01113284		AHKG01113284.1	AHKG01113284.1	NW_004627610.1
hetGla2:AHKG01113285	AHKG01113285		AHKG01113285.1	AHKG01113285.1	NW_004627611.1
hetGla2:AHKG01113286	AHKG01113286		AHKG01113286.1	AHKG01113286.1	NW_004627612.1
hetGla2:AHKG01113287	AHKG01113287		AHKG01113287.1	AHKG01113287.1	NW_004627613.1
hetGla2:AHKG01113288	AHKG01113288		AHKG01113288.1	AHKG01113288.1	NW_004627614.1
hetGla2:AHKG01113289	AHKG01113289		AHKG01113289.1	AHKG01113289.1	NW_004627615.1
hetGla2:AHKG01113290	AHKG01113290		AHKG01113290.1	AHKG01113290.1	NW_004627616.1
hetGla2:AHKG01113291	AHKG01113291		AHKG01113291.1	AHKG01113291.1	NW_004627617.1
hetGla2:AHKG01113292	AHKG01113292		AHKG01113292.1	AHKG01113292.1	NW_004627618.1
hetGla2:AHKG01113293	AHKG01113293		AHKG01113293.1	AHKG01113293.1	NW_004627619.1
hetGla2:AHKG01113294	AHKG01113294		AHKG01113294.1	AHKG01113294.1	NW_004627620.1
hetGla2:AHKG01113295	AHKG01113295		AHKG01113295.1	AHKG01113295.1	NW_004627621.1
hetGla2:AHKG01113296	AHKG01113296		AHKG01113296.1	AHKG01113296.1	NW_004627622.1
hetGla2:AHKG01113297	AHKG01113297		AHKG01113297.1	AHKG01113297.1	NW_004627623.1
hetGla2:AHKG01113298	AHKG01113298		AHKG01113298.1	AHKG01113298.1	NW_004627624.1
hetGla2:AHKG01113299	AHKG01113299		AHKG01113299.1	AHKG01113299.1	NW_004627625.1
hetGla2:AHKG01113300	AHKG01113300		AHKG01113300.1	AHKG01113300.1	NW_004627626.1
hetGla2:AHKG01113301	AHKG01113301		AHKG01113301.1	AHKG01113301.1	NW_004627627.1
hetGla2:AHKG01113302	AHKG01113302		AHKG01113302.1	AHKG01113302.1	NW_004627628.1
hetGla2:AHKG01113303	AHKG01113303		AHKG01113303.1	AHKG01113303.1	NW_004627629.1
hetGla2:AHKG01113304	AHKG01113304		AHKG01113304.1	AHKG01113304.1	NW_004627630.1
hetGla2:AHKG01113305	AHKG01113305		AHKG01113305.1	AHKG01113305.1	NW_004627631.1
hetGla2:AHKG01113306	AHKG01113306		AHKG01113306.1	AHKG01113306.1	NW_004627632.1
hetGla2:AHKG01113307	AHKG01113307		AHKG01113307.1	AHKG01113307.1	NW_004627633.1
hetGla2:AHKG01113308	AHKG01113308		AHKG01113308.1	AHKG01113308.1	NW_004627634.1
hetGla2:AHKG01113309	AHKG01113309		AHKG01113309.1	AHKG01113309.1	NW_004627635.1
hetGla2:AHKG01113310	AHKG01113310		AHKG01113310.1	AHKG01113310.1	NW_004627636.1
hetGla2:AHKG01113311	AHKG01113311		AHKG01113311.1	AHKG01113311.1	NW_004627637.1
hetGla2:AHKG01113312	AHKG01113312		AHKG01113312.1	AHKG01113312.1	NW_004627638.1
hetGla2:AHKG01113313	AHKG01113313		AHKG01113313.1	AHKG01113313.1	NW_004627639.1
hetGla2:AHKG01113314	AHKG01113314		AHKG01113314.1	AHKG01113314.1	NW_004627640.1
hetGla2:AHKG01113315	AHKG01113315		AHKG01113315.1	AHKG01113315.1	NW_004627641.1
hetGla2:AHKG01113316	AHKG01113316		AHKG01113316.1	AHKG01113316.1	NW_004627642.1
hetGla2:AHKG01113317	AHKG01113317		AHKG01113317.1	AHKG01113317.1	NW_004627643.1
hetGla2:AHKG01113318	AHKG01113318		AHKG01113318.1	AHKG01113318.1	NW_004627644.1
hetGla2:AHKG01113319	AHKG01113319		AHKG01113319.1	AHKG01113319.1	NW_004627645.1
hetGla2:AHKG01113320	AHKG01113320		AHKG01113320.1	AHKG01113320.1	NW_004627646.1
hetGla2:AHKG01113321	AHKG01113321		AHKG01113321.1	AHKG01113321.1	NW_004627647.1
hetGla2:AHKG01113322	AHKG01113322		AHKG01113322.1	AHKG01113322.1	NW_004627648.1
hetGla2:AHKG01113323	AHKG01113323		AHKG01113323.1	AHKG01113323.1	NW_004627649.1
hetGla2:AHKG01113324	AHKG01113324		AHKG01113324.1	AHKG01113324.1	NW_004627650.1
hetGla2:AHKG01113325	AHKG01113325		AHKG01113325.1	AHKG01113325.1	NW_004627651.1
hetGla2:AHKG01113326	AHKG01113326		AHKG01113326.1	AHKG01113326.1	NW_004627652.1
hetGla2:AHKG01113327	AHKG01113327		AHKG01113327.1	AHKG01113327.1	NW_004627653.1
hetGla2:AHKG01113328	AHKG01113328		AHKG01113328.1	AHKG01113328.1	NW_004627654.1
hetGla2:AHKG01113329	AHKG01113329		AHKG01113329.1	AHKG01113329.1	NW_004627655.1
hetGla2:AHKG01113330	AHKG01113330		AHKG01113330.1	AHKG01113330.1	NW_004627656.1
hetGla2:AHKG01113331	AHKG01113331		AHKG01113331.1	AHKG01113331.1	NW_004627657.1
hetGla2:AHKG01113332	AHKG01113332		AHKG01113332.1	AHKG01113332.1	NW_004627658.1
hetGla2:AHKG01113333	AHKG01113333		AHKG01113333.1	AHKG01113333.1	NW_004627659.1
hetGla2:AHKG01113334	AHKG01113334		AHKG01113334.1	AHKG01113334.1	NW_004627660.1
hetGla2:AHKG01113335	AHKG01113335		AHKG01113335.1	AHKG01113335.1	NW_004627661.1
hetGla2:AHKG01113336	AHKG01113336		AHKG01113336.1	AHKG01113336.1	NW_004627662.1
hetGla2:AHKG01113337	AHKG01113337		AHKG01113337.1	AHKG01113337.1	NW_004627663.1
hetGla2:AHKG01113338	AHKG01113338		AHKG01113338.1	AHKG01113338.1	NW_004627664.1
hetGla2:AHKG01113339	AHKG01113339		AHKG01113339.1	AHKG01113339.1	NW_004627665.1
hetGla2:AHKG01113340	AHKG01113340		AHKG01113340.1	AHKG01113340.1	NW_004627666.1
hetGla2:AHKG01113341	AHKG01113341		AHKG01113341.1	AHKG01113341.1	NW_004627667.1
hetGla2:AHKG01113342	AHKG01113342		AHKG01113342.1	AHKG01113342.1	NW_004627668.1
hetGla2:AHKG01113343	AHKG01113343		AHKG01113343.1	AHKG01113343.1	NW_004627669.1
hetGla2:AHKG01113344	AHKG01113344		AHKG01113344.1	AHKG01113344.1	NW_004627670.1
hetGla2:AHKG01113345	AHKG01113345		AHKG01113345.1	AHKG01113345.1	NW_004627671.1
hetGla2:AHKG01113346	AHKG01113346		AHKG01113346.1	AHKG01113346.1	NW_004627672.1
hetGla2:AHKG01113347	AHKG01113347		AHKG01113347.1	AHKG01113347.1	NW_004627673.1
hetGla2:AHKG01113348	AHKG01113348		AHKG01113348.1	AHKG01113348.1	NW_004627674.1
hetGla2:AHKG01113349	AHKG01113349		AHKG01113349.1	AHKG01113349.1	NW_004627675.1
hetGla2:AHKG01113350	AHKG01113350		AHKG01113350.1	AHKG01113350.1	NW_004627676.1
hetGla2:AHKG01113351	AHKG01113351		AHKG01113351.1	AHKG01113351.1	NW_004627677.1
hetGla2:AHKG01113352	AHKG01113352		AHKG01113352.1	AHKG01113352.1	NW_004627678.1
hetGla2:AHKG01113353	AHKG01113353		AHKG01113353.1	AHKG01113353.1	NW_004627679.1
hetGla2:AHKG01113354	AHKG01113354		AHKG01113354.1	AHKG01113354.1	NW_004627680.1
hetGla2:AHKG01113355	AHKG01113355		AHKG01113355.1	AHKG01113355.1	NW_004627681.1
hetGla2:AHKG01113356	AHKG01113356		AHKG01113356.1	AHKG01113356.1	NW_004627682.1
hetGla2:AHKG01113357	AHKG01113357		AHKG01113357.1	AHKG01113357.1	NW_004627683.1
hetGla2:AHKG01113358	AHKG01113358		AHKG01113358.1	AHKG01113358.1	NW_004627684.1
hetGla2:AHKG01113359	AHKG01113359		AHKG01113359.1	AHKG01113359.1	NW_004627685.1
hetGla2:AHKG01113360	AHKG01113360		AHKG01113360.1	AHKG01113360.1	NW_004627686.1
hetGla2:AHKG01113361	AHKG01113361		AHKG01113361.1	AHKG01113361.1	NW_004627687.1
hetGla2:AHKG01113362	AHKG01113362		AHKG01113362.1	AHKG01113362.1	NW_004627688.1
hetGla2:AHKG01113363	AHKG01113363		AHKG01113363.1	AHKG01113363.1	NW_004627689.1
hetGla2:AHKG01113364	AHKG01113364		AHKG01113364.1	AHKG01113364.1	NW_004627690.1
hetGla2:AHKG01113365	AHKG01113365		AHKG01113365.1	AHKG01113365.1	NW_004627691.1
hetGla2:AHKG01113366	AHKG01113366		AHKG01113366.1	AHKG01113366.1	NW_004627692.1
hetGla2:AHKG01113367	AHKG01113367		AHKG01113367.1	AHKG01113367.1	NW_004627693.1
hetGla2:AHKG01113368	AHKG01113368		AHKG01113368.1	AHKG01113368.1	NW_004627694.1
hetGla2:AHKG01113369	AHKG01113369		AHKG01113369.1	AHKG01113369.1	NW_004627695.1
hetGla2:AHKG01113370	AHKG01113370		AHKG01113370.1	AHKG01113370.1	NW_004627696.1
hetGla2:AHKG01113371	AHKG01113371		AHKG01113371.1	AHKG01113371.1	NW_004627697.1
hetGla2:AHKG01113372	AHKG01113372		AHKG01113372.1	AHKG01113372.1	NW_004627698.1
hetGla2:AHKG01113373	AHKG01113373		AHKG01113373.1	AHKG01113373.1	NW_004627699.1
hetGla2:AHKG01113374	AHKG01113374		AHKG01113374.1	AHKG01113374.1	NW_004627700.1
hetGla2:AHKG01113375	AHKG01113375		AHKG01113375.1	AHKG01113375.1	NW_004627701.1
hetGla2:AHKG01113376	AHKG01113376		AHKG01113376.1	AHKG01113376.1	NW_004627702.1
hetGla2:AHKG01113377	AHKG01113377		AHKG01113377.1	AHKG01113377.1	NW_004627703.1
hetGla2:AHKG01113378	AHKG01113378		AHKG01113378.1	AHKG01113378.1	NW_004627704.1
hetGla2:AHKG01113379	AHKG01113379		AHKG01113379.1	AHKG01113379.1	NW_004627705.1
hetGla2:AHKG01113380	AHKG01113380		AHKG01113380.1	AHKG01113380.1	NW_004627706.1
hetGla2:AHKG01113381	AHKG01113381		AHKG01113381.1	AHKG01113381.1	NW_004627707.1
hetGla2:AHKG01113382	AHKG01113382		AHKG01113382.1	AHKG01113382.1	NW_004627708.1
hetGla2:AHKG01113383	AHKG01113383		AHKG01113383.1	AHKG01113383.1	NW_004627709.1
hetGla2:AHKG01113384	AHKG01113384		AHKG01113384.1	AHKG01113384.1	NW_004627710.1
hetGla2:AHKG01113385	AHKG01113385		AHKG01113385.1	AHKG01113385.1	NW_004627711.1
hetGla2:AHKG01113386	AHKG01113386		AHKG01113386.1	AHKG01113386.1	NW_004627712.1
hetGla2:AHKG01113387	AHKG01113387		AHKG01113387.1	AHKG01113387.1	NW_004627713.1
hetGla2:AHKG01113388	AHKG01113388		AHKG01113388.1	AHKG01113388.1	NW_004627714.1
hetGla2:AHKG01113389	AHKG01113389		AHKG01113389.1	AHKG01113389.1	NW_004627715.1
hetGla2:AHKG01113390	AHKG01113390		AHKG01113390.1	AHKG01113390.1	NW_004627716.1
hetGla2:AHKG01113391	AHKG01113391		AHKG01113391.1	AHKG01113391.1	NW_004627717.1
hetGla2:AHKG01113392	AHKG01113392		AHKG01113392.1	AHKG01113392.1	NW_004627718.1
hetGla2:AHKG01113393	AHKG01113393		AHKG01113393.1	AHKG01113393.1	NW_004627719.1
hetGla2:AHKG01113394	AHKG01113394		AHKG01113394.1	AHKG01113394.1	NW_004627720.1
hetGla2:AHKG01113395	AHKG01113395		AHKG01113395.1	AHKG01113395.1	NW_004627721.1
hetGla2:AHKG01113396	AHKG01113396		AHKG01113396.1	AHKG01113396.1	NW_004627722.1
hetGla2:AHKG01113397	AHKG01113397		AHKG01113397.1	AHKG01113397.1	NW_004627723.1
hetGla2:AHKG01113398	AHKG01113398		AHKG01113398.1	AHKG01113398.1	NW_004627724.1
hetGla2:AHKG01113399	AHKG01113399		AHKG01113399.1	AHKG01113399.1	NW_004627725.1
hetGla2:AHKG01113400	AHKG01113400		AHKG01113400.1	AHKG01113400.1	NW_004627726.1
hetGla2:AHKG01113401	AHKG01113401		AHKG01113401.1	AHKG01113401.1	NW_004627727.1
hetGla2:AHKG01113402	AHKG01113402		AHKG01113402.1	AHKG01113402.1	NW_004627728.1
hetGla2:AHKG01113403	AHKG01113403		AHKG01113403.1	AHKG01113403.1	NW_004627729.1
hetGla2:AHKG01113404	AHKG01113404		AHKG01113404.1	AHKG01113404.1	NW_004627730.1
hetGla2:AHKG01113405	AHKG01113405		AHKG01113405.1	AHKG01113405.1	NW_004627731.1
hetGla2:AHKG01113406	AHKG01113406		AHKG01113406.1	AHKG01113406.1	NW_004627732.1
hetGla2:AHKG01113407	AHKG01113407		AHKG01113407.1	AHKG01113407.1	NW_004627733.1
hetGla2:AHKG01113408	AHKG01113408		AHKG01113408.1	AHKG01113408.1	NW_004627734.1
hetGla2:AHKG01113409	AHKG01113409		AHKG01113409.1	AHKG01113409.1	NW_004627735.1
hetGla2:AHKG01113412	AHKG01113412		AHKG01113412.1	AHKG01113412.1	NW_004627737.1
hetGla2:AHKG01113413	AHKG01113413		AHKG01113413.1	AHKG01113413.1	NW_004627738.1
hetGla2:AHKG01113414	AHKG01113414		AHKG01113414.1	AHKG01113414.1	NW_004627739.1
hetGla2:AHKG01113415	AHKG01113415		AHKG01113415.1	AHKG01113415.1	NW_004627740.1
hetGla2:AHKG01113416	AHKG01113416		AHKG01113416.1	AHKG01113416.1	NW_004627741.1
hetGla2:AHKG01113417	AHKG01113417		AHKG01113417.1	AHKG01113417.1	NW_004627742.1
hetGla2:AHKG01113418	AHKG01113418		AHKG01113418.1	AHKG01113418.1	NW_004627743.1
hetGla2:AHKG01113419	AHKG01113419		AHKG01113419.1	AHKG01113419.1	NW_004627744.1
hetGla2:AHKG01113420	AHKG01113420		AHKG01113420.1	AHKG01113420.1	NW_004627745.1
hetGla2:AHKG01113421	AHKG01113421		AHKG01113421.1	AHKG01113421.1	NW_004627746.1
hetGla2:AHKG01113422	AHKG01113422		AHKG01113422.1	AHKG01113422.1	NW_004627747.1
hetGla2:AHKG01113423	AHKG01113423		AHKG01113423.1	AHKG01113423.1	NW_004627748.1
hetGla2:AHKG01113424	AHKG01113424		AHKG01113424.1	AHKG01113424.1	NW_004627749.1
hetGla2:AHKG01113425	AHKG01113425		AHKG01113425.1	AHKG01113425.1	NW_004627750.1
hetGla2:AHKG01113426	AHKG01113426		AHKG01113426.1	AHKG01113426.1	NW_004627751.1
hetGla2:AHKG01113427	AHKG01113427		AHKG01113427.1	AHKG01113427.1	NW_004627752.1
hetGla2:AHKG01113428	AHKG01113428		AHKG01113428.1	AHKG01113428.1	NW_004627753.1
hetGla2:AHKG01113429	AHKG01113429		AHKG01113429.1	AHKG01113429.1	NW_004627754.1
hetGla2:AHKG01113430	AHKG01113430		AHKG01113430.1	AHKG01113430.1	NW_004627755.1
hetGla2:AHKG01113431	AHKG01113431		AHKG01113431.1	AHKG01113431.1	NW_004627756.1
hetGla2:AHKG01113432	AHKG01113432		AHKG01113432.1	AHKG01113432.1	NW_004627757.1
hetGla2:AHKG01113433	AHKG01113433		AHKG01113433.1	AHKG01113433.1	NW_004627758.1
hetGla2:AHKG01113434	AHKG01113434		AHKG01113434.1	AHKG01113434.1	NW_004627759.1
hetGla2:AHKG01113435	AHKG01113435		AHKG01113435.1	AHKG01113435.1	NW_004627760.1
hetGla2:AHKG01113436	AHKG01113436		AHKG01113436.1	AHKG01113436.1	NW_004627761.1
hetGla2:AHKG01113437	AHKG01113437		AHKG01113437.1	AHKG01113437.1	NW_004627762.1
hetGla2:AHKG01113438	AHKG01113438		AHKG01113438.1	AHKG01113438.1	NW_004627763.1
hetGla2:AHKG01113439	AHKG01113439		AHKG01113439.1	AHKG01113439.1	NW_004627764.1
hetGla2:AHKG01113440	AHKG01113440		AHKG01113440.1	AHKG01113440.1	NW_004627765.1
hetGla2:AHKG01113441	AHKG01113441		AHKG01113441.1	AHKG01113441.1	NW_004627766.1
hetGla2:AHKG01113442	AHKG01113442		AHKG01113442.1	AHKG01113442.1	NW_004627767.1
hetGla2:AHKG01113443	AHKG01113443		AHKG01113443.1	AHKG01113443.1	NW_004627768.1
hetGla2:AHKG01113444	AHKG01113444		AHKG01113444.1	AHKG01113444.1	NW_004627769.1
hetGla2:AHKG01113445	AHKG01113445		AHKG01113445.1	AHKG01113445.1	NW_004627770.1
hetGla2:AHKG01113446	AHKG01113446		AHKG01113446.1	AHKG01113446.1	NW_004627771.1
hetGla2:AHKG01113447	AHKG01113447		AHKG01113447.1	AHKG01113447.1	NW_004627772.1
hetGla2:AHKG01113448	AHKG01113448		AHKG01113448.1	AHKG01113448.1	NW_004627773.1
hetGla2:AHKG01113449	AHKG01113449		AHKG01113449.1	AHKG01113449.1	NW_004627774.1
hetGla2:AHKG01113450	AHKG01113450		AHKG01113450.1	AHKG01113450.1	NW_004627775.1
hetGla2:AHKG01113451	AHKG01113451		AHKG01113451.1	AHKG01113451.1	NW_004627776.1
hetGla2:AHKG01113452	AHKG01113452		AHKG01113452.1	AHKG01113452.1	NW_004627777.1
hetGla2:AHKG01113453	AHKG01113453		AHKG01113453.1	AHKG01113453.1	NW_004627778.1
hetGla2:AHKG01113454	AHKG01113454		AHKG01113454.1	AHKG01113454.1	NW_004627779.1
hetGla2:AHKG01113455	AHKG01113455		AHKG01113455.1	AHKG01113455.1	NW_004627780.1
hetGla2:AHKG01113456	AHKG01113456		AHKG01113456.1	AHKG01113456.1	NW_004627781.1
hetGla2:AHKG01113457	AHKG01113457		AHKG01113457.1	AHKG01113457.1	NW_004627782.1
hetGla2:AHKG01113458	AHKG01113458		AHKG01113458.1	AHKG01113458.1	NW_004627783.1
hetGla2:AHKG01113459	AHKG01113459		AHKG01113459.1	AHKG01113459.1	NW_004627784.1
hetGla2:AHKG01113460	AHKG01113460		AHKG01113460.1	AHKG01113460.1	NW_004627785.1
hetGla2:AHKG01113461	AHKG01113461		AHKG01113461.1	AHKG01113461.1	NW_004627786.1
hetGla2:AHKG01113462	AHKG01113462		AHKG01113462.1	AHKG01113462.1	NW_004627787.1
hetGla2:AHKG01113463	AHKG01113463		AHKG01113463.1	AHKG01113463.1	NW_004627788.1
hetGla2:AHKG01113464	AHKG01113464		AHKG01113464.1	AHKG01113464.1	NW_004627789.1
hetGla2:AHKG01113465	AHKG01113465		AHKG01113465.1	AHKG01113465.1	NW_004627790.1
hetGla2:AHKG01113466	AHKG01113466		AHKG01113466.1	AHKG01113466.1	NW_004627791.1
hetGla2:AHKG01113467	AHKG01113467		AHKG01113467.1	AHKG01113467.1	NW_004627792.1
hetGla2:AHKG01113468	AHKG01113468		AHKG01113468.1	AHKG01113468.1	NW_004627793.1
hetGla2:AHKG01113469	AHKG01113469		AHKG01113469.1	AHKG01113469.1	NW_004627794.1
hetGla2:AHKG01113470	AHKG01113470		AHKG01113470.1	AHKG01113470.1	NW_004627795.1
hetGla2:AHKG01113471	AHKG01113471		AHKG01113471.1	AHKG01113471.1	NW_004627796.1
hetGla2:AHKG01113472	AHKG01113472		AHKG01113472.1	AHKG01113472.1	NW_004627797.1
hetGla2:AHKG01113473	AHKG01113473		AHKG01113473.1	AHKG01113473.1	NW_004627798.1
hetGla2:AHKG01113474	AHKG01113474		AHKG01113474.1	AHKG01113474.1	NW_004627799.1
hetGla2:AHKG01113475	AHKG01113475		AHKG01113475.1	AHKG01113475.1	NW_004627800.1
hetGla2:AHKG01113476	AHKG01113476		AHKG01113476.1	AHKG01113476.1	NW_004627801.1
hetGla2:AHKG01113477	AHKG01113477		AHKG01113477.1	AHKG01113477.1	NW_004627802.1
hetGla2:AHKG01113478	AHKG01113478		AHKG01113478.1	AHKG01113478.1	NW_004627803.1
hetGla2:AHKG01113479	AHKG01113479		AHKG01113479.1	AHKG01113479.1	NW_004627804.1
hetGla2:AHKG01113480	AHKG01113480		AHKG01113480.1	AHKG01113480.1	NW_004627805.1
hetGla2:AHKG01113481	AHKG01113481		AHKG01113481.1	AHKG01113481.1	NW_004627806.1
hetGla2:AHKG01113482	AHKG01113482		AHKG01113482.1	AHKG01113482.1	NW_004627807.1
hetGla2:AHKG01113483	AHKG01113483		AHKG01113483.1	AHKG01113483.1	NW_004627808.1
hetGla2:AHKG01113484	AHKG01113484		AHKG01113484.1	AHKG01113484.1	NW_004627809.1
hetGla2:AHKG01113485	AHKG01113485		AHKG01113485.1	AHKG01113485.1	NW_004627810.1
hetGla2:AHKG01113486	AHKG01113486		AHKG01113486.1	AHKG01113486.1	NW_004627811.1
hetGla2:AHKG01113487	AHKG01113487		AHKG01113487.1	AHKG01113487.1	NW_004627812.1
hetGla2:AHKG01113488	AHKG01113488		AHKG01113488.1	AHKG01113488.1	NW_004627813.1
hetGla2:AHKG01113489	AHKG01113489		AHKG01113489.1	AHKG01113489.1	NW_004627814.1
hetGla2:AHKG01113490	AHKG01113490		AHKG01113490.1	AHKG01113490.1	NW_004627815.1
hetGla2:AHKG01113491	AHKG01113491		AHKG01113491.1	AHKG01113491.1	NW_004627816.1
hetGla2:AHKG01113492	AHKG01113492		AHKG01113492.1	AHKG01113492.1	NW_004627817.1
hetGla2:AHKG01113493	AHKG01113493		AHKG01113493.1	AHKG01113493.1	NW_004627818.1
hetGla2:AHKG01113494	AHKG01113494		AHKG01113494.1	AHKG01113494.1	NW_004627819.1
hetGla2:AHKG01113495	AHKG01113495		AHKG01113495.1	AHKG01113495.1	NW_004627820.1
hetGla2:AHKG01113496	AHKG01113496		AHKG01113496.1	AHKG01113496.1	NW_004627821.1
hetGla2:AHKG01113497	AHKG01113497		AHKG01113497.1	AHKG01113497.1	NW_004627822.1
hetGla2:AHKG01113498	AHKG01113498		AHKG01113498.1	AHKG01113498.1	NW_004627823.1
hetGla2:AHKG01113499	AHKG01113499		AHKG01113499.1	AHKG01113499.1	NW_004627824.1
hetGla2:AHKG01113500	AHKG01113500		AHKG01113500.1	AHKG01113500.1	NW_004627825.1
hetGla2:AHKG01113501	AHKG01113501		AHKG01113501.1	AHKG01113501.1	NW_004627826.1
hetGla2:AHKG01113502	AHKG01113502		AHKG01113502.1	AHKG01113502.1	NW_004627827.1
hetGla2:AHKG01113503	AHKG01113503		AHKG01113503.1	AHKG01113503.1	NW_004627828.1
hetGla2:AHKG01113504	AHKG01113504		AHKG01113504.1	AHKG01113504.1	NW_004627829.1
hetGla2:AHKG01113505	AHKG01113505		AHKG01113505.1	AHKG01113505.1	NW_004627830.1
hetGla2:AHKG01113506	AHKG01113506		AHKG01113506.1	AHKG01113506.1	NW_004627831.1
hetGla2:AHKG01113507	AHKG01113507		AHKG01113507.1	AHKG01113507.1	NW_004627832.1
hetGla2:AHKG01113508	AHKG01113508		AHKG01113508.1	AHKG01113508.1	NW_004627833.1
hetGla2:AHKG01113509	AHKG01113509		AHKG01113509.1	AHKG01113509.1	NW_004627834.1
hetGla2:AHKG01113510	AHKG01113510		AHKG01113510.1	AHKG01113510.1	NW_004627835.1
hetGla2:AHKG01113511	AHKG01113511		AHKG01113511.1	AHKG01113511.1	NW_004627836.1
hetGla2:AHKG01113512	AHKG01113512		AHKG01113512.1	AHKG01113512.1	NW_004627837.1
hetGla2:AHKG01113513	AHKG01113513		AHKG01113513.1	AHKG01113513.1	NW_004627838.1
hetGla2:AHKG01113514	AHKG01113514		AHKG01113514.1	AHKG01113514.1	NW_004627839.1
hetGla2:AHKG01113515	AHKG01113515		AHKG01113515.1	AHKG01113515.1	NW_004627840.1
hetGla2:AHKG01113516	AHKG01113516		AHKG01113516.1	AHKG01113516.1	NW_004627841.1
hetGla2:AHKG01113517	AHKG01113517		AHKG01113517.1	AHKG01113517.1	NW_004627842.1
hetGla2:AHKG01113518	AHKG01113518		AHKG01113518.1	AHKG01113518.1	NW_004627843.1
hetGla2:AHKG01113519	AHKG01113519		AHKG01113519.1	AHKG01113519.1	NW_004627844.1
hetGla2:AHKG01113520	AHKG01113520		AHKG01113520.1	AHKG01113520.1	NW_004627845.1
hetGla2:AHKG01113521	AHKG01113521		AHKG01113521.1	AHKG01113521.1	NW_004627846.1
hetGla2:AHKG01113522	AHKG01113522		AHKG01113522.1	AHKG01113522.1	NW_004627847.1
hetGla2:AHKG01113523	AHKG01113523		AHKG01113523.1	AHKG01113523.1	NW_004627848.1
hetGla2:AHKG01113524	AHKG01113524		AHKG01113524.1	AHKG01113524.1	NW_004627849.1
hetGla2:AHKG01113525	AHKG01113525		AHKG01113525.1	AHKG01113525.1	NW_004627850.1
hetGla2:AHKG01113526	AHKG01113526		AHKG01113526.1	AHKG01113526.1	NW_004627851.1
hetGla2:AHKG01113527	AHKG01113527		AHKG01113527.1	AHKG01113527.1	NW_004627852.1
hetGla2:AHKG01113528	AHKG01113528		AHKG01113528.1	AHKG01113528.1	NW_004627853.1
hetGla2:AHKG01113529	AHKG01113529		AHKG01113529.1	AHKG01113529.1	NW_004627854.1
hetGla2:AHKG01113530	AHKG01113530		AHKG01113530.1	AHKG01113530.1	NW_004627855.1
hetGla2:AHKG01113531	AHKG01113531		AHKG01113531.1	AHKG01113531.1	NW_004627856.1
hetGla2:AHKG01113532	AHKG01113532		AHKG01113532.1	AHKG01113532.1	NW_004627857.1
hetGla2:AHKG01113533	AHKG01113533		AHKG01113533.1	AHKG01113533.1	NW_004627858.1
hetGla2:AHKG01113534	AHKG01113534		AHKG01113534.1	AHKG01113534.1	NW_004627859.1
hetGla2:AHKG01113535	AHKG01113535		AHKG01113535.1	AHKG01113535.1	NW_004627860.1
hetGla2:AHKG01113536	AHKG01113536		AHKG01113536.1	AHKG01113536.1	NW_004627861.1
hetGla2:AHKG01113537	AHKG01113537		AHKG01113537.1	AHKG01113537.1	NW_004627862.1
hetGla2:AHKG01113538	AHKG01113538		AHKG01113538.1	AHKG01113538.1	NW_004627863.1
hetGla2:AHKG01113539	AHKG01113539		AHKG01113539.1	AHKG01113539.1	NW_004627864.1
hetGla2:AHKG01113540	AHKG01113540		AHKG01113540.1	AHKG01113540.1	NW_004627865.1
hetGla2:AHKG01113541	AHKG01113541		AHKG01113541.1	AHKG01113541.1	NW_004627866.1
hetGla2:AHKG01113542	AHKG01113542		AHKG01113542.1	AHKG01113542.1	NW_004627867.1
hetGla2:AHKG01113543	AHKG01113543		AHKG01113543.1	AHKG01113543.1	NW_004627868.1
hetGla2:AHKG01113544	AHKG01113544		AHKG01113544.1	AHKG01113544.1	NW_004627869.1
hetGla2:AHKG01113545	AHKG01113545		AHKG01113545.1	AHKG01113545.1	NW_004627870.1
hetGla2:AHKG01113546	AHKG01113546		AHKG01113546.1	AHKG01113546.1	NW_004627871.1
hetGla2:AHKG01113547	AHKG01113547		AHKG01113547.1	AHKG01113547.1	NW_004627872.1
hetGla2:AHKG01113548	AHKG01113548		AHKG01113548.1	AHKG01113548.1	NW_004627873.1
hetGla2:AHKG01113549	AHKG01113549		AHKG01113549.1	AHKG01113549.1	NW_004627874.1
hetGla2:AHKG01113550	AHKG01113550		AHKG01113550.1	AHKG01113550.1	NW_004627875.1
hetGla2:AHKG01113551	AHKG01113551		AHKG01113551.1	AHKG01113551.1	NW_004627876.1
hetGla2:AHKG01113552	AHKG01113552		AHKG01113552.1	AHKG01113552.1	NW_004627877.1
hetGla2:AHKG01113553	AHKG01113553		AHKG01113553.1	AHKG01113553.1	NW_004627878.1
hetGla2:AHKG01113554	AHKG01113554		AHKG01113554.1	AHKG01113554.1	NW_004627879.1
hetGla2:AHKG01113555	AHKG01113555		AHKG01113555.1	AHKG01113555.1	NW_004627880.1
hetGla2:AHKG01113556	AHKG01113556		AHKG01113556.1	AHKG01113556.1	NW_004627881.1
hetGla2:AHKG01113557	AHKG01113557		AHKG01113557.1	AHKG01113557.1	NW_004627882.1
hetGla2:AHKG01113558	AHKG01113558		AHKG01113558.1	AHKG01113558.1	NW_004627883.1
hetGla2:AHKG01113559	AHKG01113559		AHKG01113559.1	AHKG01113559.1	NW_004627884.1
hetGla2:AHKG01113560	AHKG01113560		AHKG01113560.1	AHKG01113560.1	NW_004627885.1
hetGla2:AHKG01113561	AHKG01113561		AHKG01113561.1	AHKG01113561.1	NW_004627886.1
hetGla2:AHKG01113562	AHKG01113562		AHKG01113562.1	AHKG01113562.1	NW_004627887.1
hetGla2:AHKG01113563	AHKG01113563		AHKG01113563.1	AHKG01113563.1	NW_004627888.1
hetGla2:AHKG01113564	AHKG01113564		AHKG01113564.1	AHKG01113564.1	NW_004627889.1
hetGla2:AHKG01113565	AHKG01113565		AHKG01113565.1	AHKG01113565.1	NW_004627890.1
hetGla2:AHKG01113566	AHKG01113566		AHKG01113566.1	AHKG01113566.1	NW_004627891.1
hetGla2:AHKG01113567	AHKG01113567		AHKG01113567.1	AHKG01113567.1	NW_004627892.1
hetGla2:AHKG01113568	AHKG01113568		AHKG01113568.1	AHKG01113568.1	NW_004627893.1
hetGla2:AHKG01113569	AHKG01113569		AHKG01113569.1	AHKG01113569.1	NW_004627894.1
hetGla2:AHKG01113570	AHKG01113570		AHKG01113570.1	AHKG01113570.1	NW_004627895.1
hetGla2:AHKG01113571	AHKG01113571		AHKG01113571.1	AHKG01113571.1	NW_004627896.1
hetGla2:AHKG01113572	AHKG01113572		AHKG01113572.1	AHKG01113572.1	NW_004627897.1
hetGla2:AHKG01113573	AHKG01113573		AHKG01113573.1	AHKG01113573.1	NW_004627898.1
hetGla2:AHKG01113574	AHKG01113574		AHKG01113574.1	AHKG01113574.1	NW_004627899.1
hetGla2:AHKG01113575	AHKG01113575		AHKG01113575.1	AHKG01113575.1	NW_004627900.1
hetGla2:AHKG01113576	AHKG01113576		AHKG01113576.1	AHKG01113576.1	NW_004627901.1
hetGla2:AHKG01113577	AHKG01113577		AHKG01113577.1	AHKG01113577.1	NW_004627902.1
hetGla2:AHKG01113578	AHKG01113578		AHKG01113578.1	AHKG01113578.1	NW_004627903.1
hetGla2:AHKG01113579	AHKG01113579		AHKG01113579.1	AHKG01113579.1	NW_004627904.1
hetGla2:AHKG01113580	AHKG01113580		AHKG01113580.1	AHKG01113580.1	NW_004627905.1
hetGla2:AHKG01113581	AHKG01113581		AHKG01113581.1	AHKG01113581.1	NW_004627906.1
hetGla2:AHKG01113582	AHKG01113582		AHKG01113582.1	AHKG01113582.1	NW_004627907.1
hetGla2:AHKG01113583	AHKG01113583		AHKG01113583.1	AHKG01113583.1	NW_004627908.1
hetGla2:AHKG01113584	AHKG01113584		AHKG01113584.1	AHKG01113584.1	NW_004627909.1
hetGla2:AHKG01113585	AHKG01113585		AHKG01113585.1	AHKG01113585.1	NW_004627910.1
hetGla2:AHKG01113586	AHKG01113586		AHKG01113586.1	AHKG01113586.1	NW_004627911.1
hetGla2:AHKG01113587	AHKG01113587		AHKG01113587.1	AHKG01113587.1	NW_004627912.1
hetGla2:AHKG01113588	AHKG01113588		AHKG01113588.1	AHKG01113588.1	NW_004627913.1
hetGla2:AHKG01113589	AHKG01113589		AHKG01113589.1	AHKG01113589.1	NW_004627914.1
hetGla2:AHKG01113590	AHKG01113590		AHKG01113590.1	AHKG01113590.1	NW_004627915.1
hetGla2:AHKG01113591	AHKG01113591		AHKG01113591.1	AHKG01113591.1	NW_004627916.1
hetGla2:AHKG01113592	AHKG01113592		AHKG01113592.1	AHKG01113592.1	NW_004627917.1
hetGla2:AHKG01113593	AHKG01113593		AHKG01113593.1	AHKG01113593.1	NW_004627918.1
hetGla2:AHKG01113594	AHKG01113594		AHKG01113594.1	AHKG01113594.1	NW_004627919.1
hetGla2:AHKG01113595	AHKG01113595		AHKG01113595.1	AHKG01113595.1	NW_004627920.1
hetGla2:AHKG01113596	AHKG01113596		AHKG01113596.1	AHKG01113596.1	NW_004627921.1
hetGla2:AHKG01113597	AHKG01113597		AHKG01113597.1	AHKG01113597.1	NW_004627922.1
hetGla2:AHKG01113598	AHKG01113598		AHKG01113598.1	AHKG01113598.1	NW_004627923.1
hetGla2:AHKG01113599	AHKG01113599		AHKG01113599.1	AHKG01113599.1	NW_004627924.1
hetGla2:AHKG01113600	AHKG01113600		AHKG01113600.1	AHKG01113600.1	NW_004627925.1
hetGla2:AHKG01113601	AHKG01113601		AHKG01113601.1	AHKG01113601.1	NW_004627926.1
hetGla2:AHKG01113602	AHKG01113602		AHKG01113602.1	AHKG01113602.1	NW_004627927.1
hetGla2:AHKG01113603	AHKG01113603		AHKG01113603.1	AHKG01113603.1	NW_004627928.1
hetGla2:AHKG01113604	AHKG01113604		AHKG01113604.1	AHKG01113604.1	NW_004627929.1
hetGla2:AHKG01113605	AHKG01113605		AHKG01113605.1	AHKG01113605.1	NW_004627930.1
hetGla2:AHKG01113608	AHKG01113608		AHKG01113608.1	AHKG01113608.1	NW_004627932.1
hetGla2:AHKG01113609	AHKG01113609		AHKG01113609.1	AHKG01113609.1	NW_004627933.1
hetGla2:AHKG01113610	AHKG01113610		AHKG01113610.1	AHKG01113610.1	NW_004627934.1
hetGla2:AHKG01113611	AHKG01113611		AHKG01113611.1	AHKG01113611.1	NW_004627935.1
hetGla2:AHKG01113612	AHKG01113612		AHKG01113612.1	AHKG01113612.1	NW_004627936.1
hetGla2:AHKG01113613	AHKG01113613		AHKG01113613.1	AHKG01113613.1	NW_004627937.1
hetGla2:AHKG01113614	AHKG01113614		AHKG01113614.1	AHKG01113614.1	NW_004627938.1
hetGla2:AHKG01113615	AHKG01113615		AHKG01113615.1	AHKG01113615.1	NW_004627939.1
hetGla2:AHKG01113616	AHKG01113616		AHKG01113616.1	AHKG01113616.1	NW_004627940.1
hetGla2:AHKG01113617	AHKG01113617		AHKG01113617.1	AHKG01113617.1	NW_004627941.1
hetGla2:AHKG01113618	AHKG01113618		AHKG01113618.1	AHKG01113618.1	NW_004627942.1
hetGla2:AHKG01113619	AHKG01113619		AHKG01113619.1	AHKG01113619.1	NW_004627943.1
hetGla2:AHKG01113620	AHKG01113620		AHKG01113620.1	AHKG01113620.1	NW_004627944.1
hetGla2:AHKG01113621	AHKG01113621		AHKG01113621.1	AHKG01113621.1	NW_004627945.1
hetGla2:AHKG01113622	AHKG01113622		AHKG01113622.1	AHKG01113622.1	NW_004627946.1
hetGla2:AHKG01113623	AHKG01113623		AHKG01113623.1	AHKG01113623.1	NW_004627947.1
hetGla2:AHKG01113624	AHKG01113624		AHKG01113624.1	AHKG01113624.1	NW_004627948.1
hetGla2:AHKG01113625	AHKG01113625		AHKG01113625.1	AHKG01113625.1	NW_004627949.1
hetGla2:AHKG01113626	AHKG01113626		AHKG01113626.1	AHKG01113626.1	NW_004627950.1
hetGla2:AHKG01113627	AHKG01113627		AHKG01113627.1	AHKG01113627.1	NW_004627951.1
hetGla2:AHKG01113628	AHKG01113628		AHKG01113628.1	AHKG01113628.1	NW_004627952.1
hetGla2:AHKG01113629	AHKG01113629		AHKG01113629.1	AHKG01113629.1	NW_004627953.1
hetGla2:AHKG01113630	AHKG01113630		AHKG01113630.1	AHKG01113630.1	NW_004627954.1
hetGla2:AHKG01113631	AHKG01113631		AHKG01113631.1	AHKG01113631.1	NW_004627955.1
hetGla2:AHKG01113632	AHKG01113632		AHKG01113632.1	AHKG01113632.1	NW_004627956.1
hetGla2:AHKG01113633	AHKG01113633		AHKG01113633.1	AHKG01113633.1	NW_004627957.1
hetGla2:AHKG01113634	AHKG01113634		AHKG01113634.1	AHKG01113634.1	NW_004627958.1
hetGla2:AHKG01113635	AHKG01113635		AHKG01113635.1	AHKG01113635.1	NW_004627959.1
hetGla2:AHKG01113636	AHKG01113636		AHKG01113636.1	AHKG01113636.1	NW_004627960.1
hetGla2:AHKG01113637	AHKG01113637		AHKG01113637.1	AHKG01113637.1	NW_004627961.1
hetGla2:AHKG01113638	AHKG01113638		AHKG01113638.1	AHKG01113638.1	NW_004627962.1
hetGla2:AHKG01113639	AHKG01113639		AHKG01113639.1	AHKG01113639.1	NW_004627963.1
hetGla2:AHKG01113640	AHKG01113640		AHKG01113640.1	AHKG01113640.1	NW_004627964.1
hetGla2:AHKG01113641	AHKG01113641		AHKG01113641.1	AHKG01113641.1	NW_004627965.1
hetGla2:AHKG01113642	AHKG01113642		AHKG01113642.1	AHKG01113642.1	NW_004627966.1
hetGla2:AHKG01113643	AHKG01113643		AHKG01113643.1	AHKG01113643.1	NW_004627967.1
hetGla2:AHKG01113644	AHKG01113644		AHKG01113644.1	AHKG01113644.1	NW_004627968.1
hetGla2:AHKG01113645	AHKG01113645		AHKG01113645.1	AHKG01113645.1	NW_004627969.1
hetGla2:AHKG01113646	AHKG01113646		AHKG01113646.1	AHKG01113646.1	NW_004627970.1
hetGla2:AHKG01113647	AHKG01113647		AHKG01113647.1	AHKG01113647.1	NW_004627971.1
hetGla2:AHKG01113648	AHKG01113648		AHKG01113648.1	AHKG01113648.1	NW_004627972.1
hetGla2:AHKG01113649	AHKG01113649		AHKG01113649.1	AHKG01113649.1	NW_004627973.1
hetGla2:AHKG01113650	AHKG01113650		AHKG01113650.1	AHKG01113650.1	NW_004627974.1
hetGla2:AHKG01113651	AHKG01113651		AHKG01113651.1	AHKG01113651.1	NW_004627975.1
hetGla2:AHKG01113652	AHKG01113652		AHKG01113652.1	AHKG01113652.1	NW_004627976.1
hetGla2:AHKG01113653	AHKG01113653		AHKG01113653.1	AHKG01113653.1	NW_004627977.1
hetGla2:AHKG01113654	AHKG01113654		AHKG01113654.1	AHKG01113654.1	NW_004627978.1
hetGla2:AHKG01113655	AHKG01113655		AHKG01113655.1	AHKG01113655.1	NW_004627979.1
hetGla2:AHKG01113656	AHKG01113656		AHKG01113656.1	AHKG01113656.1	NW_004627980.1
hetGla2:AHKG01113657	AHKG01113657		AHKG01113657.1	AHKG01113657.1	NW_004627981.1
hetGla2:AHKG01113658	AHKG01113658		AHKG01113658.1	AHKG01113658.1	NW_004627982.1
hetGla2:AHKG01113659	AHKG01113659		AHKG01113659.1	AHKG01113659.1	NW_004627983.1
hetGla2:AHKG01113660	AHKG01113660		AHKG01113660.1	AHKG01113660.1	NW_004627984.1
hetGla2:AHKG01113661	AHKG01113661		AHKG01113661.1	AHKG01113661.1	NW_004627985.1
hetGla2:AHKG01113662	AHKG01113662		AHKG01113662.1	AHKG01113662.1	NW_004627986.1
hetGla2:AHKG01113663	AHKG01113663		AHKG01113663.1	AHKG01113663.1	NW_004627987.1
hetGla2:AHKG01113664	AHKG01113664		AHKG01113664.1	AHKG01113664.1	NW_004627988.1
hetGla2:AHKG01113665	AHKG01113665		AHKG01113665.1	AHKG01113665.1	NW_004627989.1
hetGla2:AHKG01113666	AHKG01113666		AHKG01113666.1	AHKG01113666.1	NW_004627990.1
hetGla2:AHKG01113667	AHKG01113667		AHKG01113667.1	AHKG01113667.1	NW_004627991.1
hetGla2:AHKG01113668	AHKG01113668		AHKG01113668.1	AHKG01113668.1	NW_004627992.1
hetGla2:AHKG01113669	AHKG01113669		AHKG01113669.1	AHKG01113669.1	NW_004627993.1
hetGla2:AHKG01113670	AHKG01113670		AHKG01113670.1	AHKG01113670.1	NW_004627994.1
hetGla2:AHKG01113671	AHKG01113671		AHKG01113671.1	AHKG01113671.1	NW_004627995.1
hetGla2:AHKG01113672	AHKG01113672		AHKG01113672.1	AHKG01113672.1	NW_004627996.1
hetGla2:AHKG01113673	AHKG01113673		AHKG01113673.1	AHKG01113673.1	NW_004627997.1
hetGla2:AHKG01113674	AHKG01113674		AHKG01113674.1	AHKG01113674.1	NW_004627998.1
hetGla2:AHKG01113675	AHKG01113675		AHKG01113675.1	AHKG01113675.1	NW_004627999.1
hetGla2:AHKG01113676	AHKG01113676		AHKG01113676.1	AHKG01113676.1	NW_004628000.1
hetGla2:AHKG01113677	AHKG01113677		AHKG01113677.1	AHKG01113677.1	NW_004628001.1
hetGla2:AHKG01113678	AHKG01113678		AHKG01113678.1	AHKG01113678.1	NW_004628002.1
hetGla2:AHKG01113679	AHKG01113679		AHKG01113679.1	AHKG01113679.1	NW_004628003.1
hetGla2:AHKG01113680	AHKG01113680		AHKG01113680.1	AHKG01113680.1	NW_004628004.1
hetGla2:AHKG01113681	AHKG01113681		AHKG01113681.1	AHKG01113681.1	NW_004628005.1
hetGla2:AHKG01113682	AHKG01113682		AHKG01113682.1	AHKG01113682.1	NW_004628006.1
hetGla2:AHKG01113683	AHKG01113683		AHKG01113683.1	AHKG01113683.1	NW_004628007.1
hetGla2:AHKG01113684	AHKG01113684		AHKG01113684.1	AHKG01113684.1	NW_004628008.1
hetGla2:AHKG01113685	AHKG01113685		AHKG01113685.1	AHKG01113685.1	NW_004628009.1
hetGla2:AHKG01113686	AHKG01113686		AHKG01113686.1	AHKG01113686.1	NW_004628010.1
hetGla2:AHKG01113687	AHKG01113687		AHKG01113687.1	AHKG01113687.1	NW_004628011.1
hetGla2:AHKG01113688	AHKG01113688		AHKG01113688.1	AHKG01113688.1	NW_004628012.1
hetGla2:AHKG01113689	AHKG01113689		AHKG01113689.1	AHKG01113689.1	NW_004628013.1
hetGla2:AHKG01113690	AHKG01113690		AHKG01113690.1	AHKG01113690.1	NW_004628014.1
hetGla2:AHKG01113691	AHKG01113691		AHKG01113691.1	AHKG01113691.1	NW_004628015.1
hetGla2:AHKG01113692	AHKG01113692		AHKG01113692.1	AHKG01113692.1	NW_004628016.1
hetGla2:AHKG01113693	AHKG01113693		AHKG01113693.1	AHKG01113693.1	NW_004628017.1
hetGla2:AHKG01113694	AHKG01113694		AHKG01113694.1	AHKG01113694.1	NW_004628018.1
hetGla2:AHKG01113695	AHKG01113695		AHKG01113695.1	AHKG01113695.1	NW_004628019.1
hetGla2:AHKG01113696	AHKG01113696		AHKG01113696.1	AHKG01113696.1	NW_004628020.1
hetGla2:AHKG01113697	AHKG01113697		AHKG01113697.1	AHKG01113697.1	NW_004628021.1
hetGla2:AHKG01113698	AHKG01113698		AHKG01113698.1	AHKG01113698.1	NW_004628022.1
hetGla2:AHKG01113699	AHKG01113699		AHKG01113699.1	AHKG01113699.1	NW_004628023.1
hetGla2:AHKG01113700	AHKG01113700		AHKG01113700.1	AHKG01113700.1	NW_004628024.1
hetGla2:AHKG01113701	AHKG01113701		AHKG01113701.1	AHKG01113701.1	NW_004628025.1
hetGla2:AHKG01113702	AHKG01113702		AHKG01113702.1	AHKG01113702.1	NW_004628026.1
hetGla2:AHKG01113703	AHKG01113703		AHKG01113703.1	AHKG01113703.1	NW_004628027.1
hetGla2:AHKG01113704	AHKG01113704		AHKG01113704.1	AHKG01113704.1	NW_004628028.1
hetGla2:AHKG01113705	AHKG01113705		AHKG01113705.1	AHKG01113705.1	NW_004628029.1
hetGla2:AHKG01113706	AHKG01113706		AHKG01113706.1	AHKG01113706.1	NW_004628030.1
hetGla2:AHKG01113707	AHKG01113707		AHKG01113707.1	AHKG01113707.1	NW_004628031.1
hetGla2:AHKG01113708	AHKG01113708		AHKG01113708.1	AHKG01113708.1	NW_004628032.1
hetGla2:AHKG01113709	AHKG01113709		AHKG01113709.1	AHKG01113709.1	NW_004628033.1
hetGla2:AHKG01113710	AHKG01113710		AHKG01113710.1	AHKG01113710.1	NW_004628034.1
hetGla2:AHKG01113711	AHKG01113711		AHKG01113711.1	AHKG01113711.1	NW_004628035.1
hetGla2:AHKG01113712	AHKG01113712		AHKG01113712.1	AHKG01113712.1	NW_004628036.1
hetGla2:AHKG01113713	AHKG01113713		AHKG01113713.1	AHKG01113713.1	NW_004628037.1
hetGla2:AHKG01113714	AHKG01113714		AHKG01113714.1	AHKG01113714.1	NW_004628038.1
hetGla2:AHKG01113715	AHKG01113715		AHKG01113715.1	AHKG01113715.1	NW_004628039.1
hetGla2:AHKG01113716	AHKG01113716		AHKG01113716.1	AHKG01113716.1	NW_004628040.1
hetGla2:AHKG01113717	AHKG01113717		AHKG01113717.1	AHKG01113717.1	NW_004628041.1
hetGla2:AHKG01113718	AHKG01113718		AHKG01113718.1	AHKG01113718.1	NW_004628042.1
hetGla2:AHKG01113719	AHKG01113719		AHKG01113719.1	AHKG01113719.1	NW_004628043.1
hetGla2:AHKG01113720	AHKG01113720		AHKG01113720.1	AHKG01113720.1	NW_004628044.1
hetGla2:AHKG01113721	AHKG01113721		AHKG01113721.1	AHKG01113721.1	NW_004628045.1
hetGla2:AHKG01113722	AHKG01113722		AHKG01113722.1	AHKG01113722.1	NW_004628046.1
hetGla2:AHKG01113723	AHKG01113723		AHKG01113723.1	AHKG01113723.1	NW_004628047.1
hetGla2:AHKG01113724	AHKG01113724		AHKG01113724.1	AHKG01113724.1	NW_004628048.1
hetGla2:AHKG01113725	AHKG01113725		AHKG01113725.1	AHKG01113725.1	NW_004628049.1
hetGla2:AHKG01113726	AHKG01113726		AHKG01113726.1	AHKG01113726.1	NW_004628050.1
hetGla2:AHKG01113727	AHKG01113727		AHKG01113727.1	AHKG01113727.1	NW_004628051.1
hetGla2:AHKG01113728	AHKG01113728		AHKG01113728.1	AHKG01113728.1	NW_004628052.1
hetGla2:AHKG01113729	AHKG01113729		AHKG01113729.1	AHKG01113729.1	NW_004628053.1
hetGla2:AHKG01113730	AHKG01113730		AHKG01113730.1	AHKG01113730.1	NW_004628054.1
hetGla2:AHKG01113731	AHKG01113731		AHKG01113731.1	AHKG01113731.1	NW_004628055.1
hetGla2:AHKG01113732	AHKG01113732		AHKG01113732.1	AHKG01113732.1	NW_004628056.1
hetGla2:AHKG01113733	AHKG01113733		AHKG01113733.1	AHKG01113733.1	NW_004628057.1
hetGla2:AHKG01113734	AHKG01113734		AHKG01113734.1	AHKG01113734.1	NW_004628058.1
hetGla2:AHKG01113735	AHKG01113735		AHKG01113735.1	AHKG01113735.1	NW_004628059.1
hetGla2:AHKG01113736	AHKG01113736		AHKG01113736.1	AHKG01113736.1	NW_004628060.1
hetGla2:AHKG01113737	AHKG01113737		AHKG01113737.1	AHKG01113737.1	NW_004628061.1
hetGla2:AHKG01113738	AHKG01113738		AHKG01113738.1	AHKG01113738.1	NW_004628062.1
hetGla2:AHKG01113739	AHKG01113739		AHKG01113739.1	AHKG01113739.1	NW_004628063.1
hetGla2:AHKG01113740	AHKG01113740		AHKG01113740.1	AHKG01113740.1	NW_004628064.1
hetGla2:AHKG01113741	AHKG01113741		AHKG01113741.1	AHKG01113741.1	NW_004628065.1
hetGla2:AHKG01113742	AHKG01113742		AHKG01113742.1	AHKG01113742.1	NW_004628066.1
hetGla2:AHKG01113743	AHKG01113743		AHKG01113743.1	AHKG01113743.1	NW_004628067.1
hetGla2:AHKG01113744	AHKG01113744		AHKG01113744.1	AHKG01113744.1	NW_004628068.1
hetGla2:AHKG01113745	AHKG01113745		AHKG01113745.1	AHKG01113745.1	NW_004628069.1
hetGla2:AHKG01113746	AHKG01113746		AHKG01113746.1	AHKG01113746.1	NW_004628070.1
hetGla2:AHKG01113747	AHKG01113747		AHKG01113747.1	AHKG01113747.1	NW_004628071.1
hetGla2:AHKG01113748	AHKG01113748		AHKG01113748.1	AHKG01113748.1	NW_004628072.1
hetGla2:AHKG01113749	AHKG01113749		AHKG01113749.1	AHKG01113749.1	NW_004628073.1
hetGla2:AHKG01113750	AHKG01113750		AHKG01113750.1	AHKG01113750.1	NW_004628074.1
hetGla2:AHKG01113751	AHKG01113751		AHKG01113751.1	AHKG01113751.1	NW_004628075.1
hetGla2:AHKG01113752	AHKG01113752		AHKG01113752.1	AHKG01113752.1	NW_004628076.1
hetGla2:AHKG01113753	AHKG01113753		AHKG01113753.1	AHKG01113753.1	NW_004628077.1
hetGla2:AHKG01113754	AHKG01113754		AHKG01113754.1	AHKG01113754.1	NW_004628078.1
hetGla2:AHKG01113755	AHKG01113755		AHKG01113755.1	AHKG01113755.1	NW_004628079.1
hetGla2:AHKG01113756	AHKG01113756		AHKG01113756.1	AHKG01113756.1	NW_004628080.1
hetGla2:AHKG01113757	AHKG01113757		AHKG01113757.1	AHKG01113757.1	NW_004628081.1
hetGla2:AHKG01113758	AHKG01113758		AHKG01113758.1	AHKG01113758.1	NW_004628082.1
hetGla2:AHKG01113759	AHKG01113759		AHKG01113759.1	AHKG01113759.1	NW_004628083.1
hetGla2:AHKG01113760	AHKG01113760		AHKG01113760.1	AHKG01113760.1	NW_004628084.1
hetGla2:AHKG01113761	AHKG01113761		AHKG01113761.1	AHKG01113761.1	NW_004628085.1
hetGla2:AHKG01113762	AHKG01113762		AHKG01113762.1	AHKG01113762.1	NW_004628086.1
hetGla2:AHKG01113763	AHKG01113763		AHKG01113763.1	AHKG01113763.1	NW_004628087.1
hetGla2:AHKG01113764	AHKG01113764		AHKG01113764.1	AHKG01113764.1	NW_004628088.1
hetGla2:AHKG01113765	AHKG01113765		AHKG01113765.1	AHKG01113765.1	NW_004628089.1
hetGla2:AHKG01113766	AHKG01113766		AHKG01113766.1	AHKG01113766.1	NW_004628090.1
hetGla2:AHKG01113767	AHKG01113767		AHKG01113767.1	AHKG01113767.1	NW_004628091.1
hetGla2:AHKG01113768	AHKG01113768		AHKG01113768.1	AHKG01113768.1	NW_004628092.1
hetGla2:AHKG01113769	AHKG01113769		AHKG01113769.1	AHKG01113769.1	NW_004628093.1
hetGla2:AHKG01113770	AHKG01113770		AHKG01113770.1	AHKG01113770.1	NW_004628094.1
hetGla2:AHKG01113771	AHKG01113771		AHKG01113771.1	AHKG01113771.1	NW_004628095.1
hetGla2:AHKG01113772	AHKG01113772		AHKG01113772.1	AHKG01113772.1	NW_004628096.1
hetGla2:AHKG01113773	AHKG01113773		AHKG01113773.1	AHKG01113773.1	NW_004628097.1
hetGla2:AHKG01113774	AHKG01113774		AHKG01113774.1	AHKG01113774.1	NW_004628098.1
hetGla2:AHKG01113775	AHKG01113775		AHKG01113775.1	AHKG01113775.1	NW_004628099.1
hetGla2:AHKG01113776	AHKG01113776		AHKG01113776.1	AHKG01113776.1	NW_004628100.1
hetGla2:AHKG01113777	AHKG01113777		AHKG01113777.1	AHKG01113777.1	NW_004628101.1
hetGla2:AHKG01113778	AHKG01113778		AHKG01113778.1	AHKG01113778.1	NW_004628102.1
hetGla2:AHKG01113779	AHKG01113779		AHKG01113779.1	AHKG01113779.1	NW_004628103.1
hetGla2:AHKG01113780	AHKG01113780		AHKG01113780.1	AHKG01113780.1	NW_004628104.1
hetGla2:AHKG01113781	AHKG01113781		AHKG01113781.1	AHKG01113781.1	NW_004628105.1
hetGla2:AHKG01113782	AHKG01113782		AHKG01113782.1	AHKG01113782.1	NW_004628106.1
hetGla2:AHKG01113783	AHKG01113783		AHKG01113783.1	AHKG01113783.1	NW_004628107.1
hetGla2:AHKG01113784	AHKG01113784		AHKG01113784.1	AHKG01113784.1	NW_004628108.1
hetGla2:AHKG01113785	AHKG01113785		AHKG01113785.1	AHKG01113785.1	NW_004628109.1
hetGla2:AHKG01113786	AHKG01113786		AHKG01113786.1	AHKG01113786.1	NW_004628110.1
hetGla2:AHKG01113787	AHKG01113787		AHKG01113787.1	AHKG01113787.1	NW_004628111.1
hetGla2:AHKG01113788	AHKG01113788		AHKG01113788.1	AHKG01113788.1	NW_004628112.1
hetGla2:AHKG01113789	AHKG01113789		AHKG01113789.1	AHKG01113789.1	NW_004628113.1
hetGla2:AHKG01113790	AHKG01113790		AHKG01113790.1	AHKG01113790.1	NW_004628114.1
hetGla2:AHKG01113791	AHKG01113791		AHKG01113791.1	AHKG01113791.1	NW_004628115.1
hetGla2:AHKG01113792	AHKG01113792		AHKG01113792.1	AHKG01113792.1	NW_004628116.1
hetGla2:AHKG01113793	AHKG01113793		AHKG01113793.1	AHKG01113793.1	NW_004628117.1
hetGla2:AHKG01113794	AHKG01113794		AHKG01113794.1	AHKG01113794.1	NW_004628118.1
hetGla2:AHKG01113795	AHKG01113795		AHKG01113795.1	AHKG01113795.1	NW_004628119.1
hetGla2:AHKG01113796	AHKG01113796		AHKG01113796.1	AHKG01113796.1	NW_004628120.1
hetGla2:AHKG01113797	AHKG01113797		AHKG01113797.1	AHKG01113797.1	NW_004628121.1
hetGla2:AHKG01113798	AHKG01113798		AHKG01113798.1	AHKG01113798.1	NW_004628122.1
hetGla2:AHKG01113799	AHKG01113799		AHKG01113799.1	AHKG01113799.1	NW_004628123.1
hetGla2:AHKG01113800	AHKG01113800		AHKG01113800.1	AHKG01113800.1	NW_004628124.1
hetGla2:AHKG01113801	AHKG01113801		AHKG01113801.1	AHKG01113801.1	NW_004628125.1
hetGla2:AHKG01113802	AHKG01113802		AHKG01113802.1	AHKG01113802.1	NW_004628126.1
hetGla2:AHKG01113803	AHKG01113803		AHKG01113803.1	AHKG01113803.1	NW_004628127.1
hetGla2:AHKG01113804	AHKG01113804		AHKG01113804.1	AHKG01113804.1	NW_004628128.1
hetGla2:AHKG01113805	AHKG01113805		AHKG01113805.1	AHKG01113805.1	NW_004628129.1
hetGla2:AHKG01113806	AHKG01113806		AHKG01113806.1	AHKG01113806.1	NW_004628130.1
hetGla2:AHKG01113807	AHKG01113807		AHKG01113807.1	AHKG01113807.1	NW_004628131.1
hetGla2:AHKG01113808	AHKG01113808		AHKG01113808.1	AHKG01113808.1	NW_004628132.1
hetGla2:AHKG01113809	AHKG01113809		AHKG01113809.1	AHKG01113809.1	NW_004628133.1
hetGla2:AHKG01113810	AHKG01113810		AHKG01113810.1	AHKG01113810.1	NW_004628134.1
hetGla2:AHKG01113811	AHKG01113811		AHKG01113811.1	AHKG01113811.1	NW_004628135.1
hetGla2:AHKG01113812	AHKG01113812		AHKG01113812.1	AHKG01113812.1	NW_004628136.1
hetGla2:AHKG01113813	AHKG01113813		AHKG01113813.1	AHKG01113813.1	NW_004628137.1
hetGla2:AHKG01113814	AHKG01113814		AHKG01113814.1	AHKG01113814.1	NW_004628138.1
hetGla2:AHKG01113815	AHKG01113815		AHKG01113815.1	AHKG01113815.1	NW_004628139.1
hetGla2:AHKG01113816	AHKG01113816		AHKG01113816.1	AHKG01113816.1	NW_004628140.1
hetGla2:AHKG01113817	AHKG01113817		AHKG01113817.1	AHKG01113817.1	NW_004628141.1
hetGla2:AHKG01113818	AHKG01113818		AHKG01113818.1	AHKG01113818.1	NW_004628142.1
hetGla2:AHKG01113819	AHKG01113819		AHKG01113819.1	AHKG01113819.1	NW_004628143.1
hetGla2:AHKG01113820	AHKG01113820		AHKG01113820.1	AHKG01113820.1	NW_004628144.1
hetGla2:AHKG01113821	AHKG01113821		AHKG01113821.1	AHKG01113821.1	NW_004628145.1
hetGla2:AHKG01113822	AHKG01113822		AHKG01113822.1	AHKG01113822.1	NW_004628146.1
hetGla2:AHKG01113823	AHKG01113823		AHKG01113823.1	AHKG01113823.1	NW_004628147.1
hetGla2:AHKG01113824	AHKG01113824		AHKG01113824.1	AHKG01113824.1	NW_004628148.1
hetGla2:AHKG01113825	AHKG01113825		AHKG01113825.1	AHKG01113825.1	NW_004628149.1
hetGla2:AHKG01113826	AHKG01113826		AHKG01113826.1	AHKG01113826.1	NW_004628150.1
hetGla2:AHKG01113827	AHKG01113827		AHKG01113827.1	AHKG01113827.1	NW_004628151.1
hetGla2:AHKG01113828	AHKG01113828		AHKG01113828.1	AHKG01113828.1	NW_004628152.1
hetGla2:AHKG01113829	AHKG01113829		AHKG01113829.1	AHKG01113829.1	NW_004628153.1
hetGla2:AHKG01113830	AHKG01113830		AHKG01113830.1	AHKG01113830.1	NW_004628154.1
hetGla2:AHKG01113831	AHKG01113831		AHKG01113831.1	AHKG01113831.1	NW_004628155.1
hetGla2:AHKG01113832	AHKG01113832		AHKG01113832.1	AHKG01113832.1	NW_004628156.1
hetGla2:AHKG01113833	AHKG01113833		AHKG01113833.1	AHKG01113833.1	NW_004628157.1
hetGla2:AHKG01113834	AHKG01113834		AHKG01113834.1	AHKG01113834.1	NW_004628158.1
hetGla2:AHKG01113835	AHKG01113835		AHKG01113835.1	AHKG01113835.1	NW_004628159.1
hetGla2:AHKG01113836	AHKG01113836		AHKG01113836.1	AHKG01113836.1	NW_004628160.1
hetGla2:AHKG01113837	AHKG01113837		AHKG01113837.1	AHKG01113837.1	NW_004628161.1
hetGla2:AHKG01113838	AHKG01113838		AHKG01113838.1	AHKG01113838.1	NW_004628162.1
hetGla2:AHKG01113839	AHKG01113839		AHKG01113839.1	AHKG01113839.1	NW_004628163.1
hetGla2:AHKG01113840	AHKG01113840		AHKG01113840.1	AHKG01113840.1	NW_004628164.1
hetGla2:AHKG01113841	AHKG01113841		AHKG01113841.1	AHKG01113841.1	NW_004628165.1
hetGla2:AHKG01113842	AHKG01113842		AHKG01113842.1	AHKG01113842.1	NW_004628166.1
hetGla2:AHKG01113843	AHKG01113843		AHKG01113843.1	AHKG01113843.1	NW_004628167.1
hetGla2:AHKG01113844	AHKG01113844		AHKG01113844.1	AHKG01113844.1	NW_004628168.1
hetGla2:AHKG01113845	AHKG01113845		AHKG01113845.1	AHKG01113845.1	NW_004628169.1
hetGla2:AHKG01113846	AHKG01113846		AHKG01113846.1	AHKG01113846.1	NW_004628170.1
hetGla2:AHKG01113847	AHKG01113847		AHKG01113847.1	AHKG01113847.1	NW_004628171.1
hetGla2:AHKG01113848	AHKG01113848		AHKG01113848.1	AHKG01113848.1	NW_004628172.1
hetGla2:AHKG01113849	AHKG01113849		AHKG01113849.1	AHKG01113849.1	NW_004628173.1
hetGla2:AHKG01113850	AHKG01113850		AHKG01113850.1	AHKG01113850.1	NW_004628174.1
hetGla2:AHKG01113851	AHKG01113851		AHKG01113851.1	AHKG01113851.1	NW_004628175.1
hetGla2:AHKG01113852	AHKG01113852		AHKG01113852.1	AHKG01113852.1	NW_004628176.1
hetGla2:AHKG01113853	AHKG01113853		AHKG01113853.1	AHKG01113853.1	NW_004628177.1
hetGla2:AHKG01113854	AHKG01113854		AHKG01113854.1	AHKG01113854.1	NW_004628178.1
hetGla2:AHKG01113855	AHKG01113855		AHKG01113855.1	AHKG01113855.1	NW_004628179.1
hetGla2:AHKG01113856	AHKG01113856		AHKG01113856.1	AHKG01113856.1	NW_004628180.1
hetGla2:AHKG01113857	AHKG01113857		AHKG01113857.1	AHKG01113857.1	NW_004628181.1
hetGla2:AHKG01113858	AHKG01113858		AHKG01113858.1	AHKG01113858.1	NW_004628182.1
hetGla2:AHKG01113859	AHKG01113859		AHKG01113859.1	AHKG01113859.1	NW_004628183.1
hetGla2:AHKG01113860	AHKG01113860		AHKG01113860.1	AHKG01113860.1	NW_004628184.1
hetGla2:AHKG01113861	AHKG01113861		AHKG01113861.1	AHKG01113861.1	NW_004628185.1
hetGla2:AHKG01113862	AHKG01113862		AHKG01113862.1	AHKG01113862.1	NW_004628186.1
hetGla2:AHKG01113863	AHKG01113863		AHKG01113863.1	AHKG01113863.1	NW_004628187.1
hetGla2:AHKG01113864	AHKG01113864		AHKG01113864.1	AHKG01113864.1	NW_004628188.1
hetGla2:AHKG01113865	AHKG01113865		AHKG01113865.1	AHKG01113865.1	NW_004628189.1
hetGla2:AHKG01113866	AHKG01113866		AHKG01113866.1	AHKG01113866.1	NW_004628190.1
hetGla2:AHKG01113867	AHKG01113867		AHKG01113867.1	AHKG01113867.1	NW_004628191.1
hetGla2:AHKG01113868	AHKG01113868		AHKG01113868.1	AHKG01113868.1	NW_004628192.1
hetGla2:AHKG01113869	AHKG01113869		AHKG01113869.1	AHKG01113869.1	NW_004628193.1
hetGla2:AHKG01113870	AHKG01113870		AHKG01113870.1	AHKG01113870.1	NW_004628194.1
hetGla2:AHKG01113871	AHKG01113871		AHKG01113871.1	AHKG01113871.1	NW_004628195.1
hetGla2:AHKG01113872	AHKG01113872		AHKG01113872.1	AHKG01113872.1	NW_004628196.1
hetGla2:AHKG01113873	AHKG01113873		AHKG01113873.1	AHKG01113873.1	NW_004628197.1
hetGla2:AHKG01113874	AHKG01113874		AHKG01113874.1	AHKG01113874.1	NW_004628198.1
hetGla2:AHKG01113875	AHKG01113875		AHKG01113875.1	AHKG01113875.1	NW_004628199.1
hetGla2:AHKG01113876	AHKG01113876		AHKG01113876.1	AHKG01113876.1	NW_004628200.1
hetGla2:AHKG01113877	AHKG01113877		AHKG01113877.1	AHKG01113877.1	NW_004628201.1
hetGla2:AHKG01113878	AHKG01113878		AHKG01113878.1	AHKG01113878.1	NW_004628202.1
hetGla2:AHKG01113879	AHKG01113879		AHKG01113879.1	AHKG01113879.1	NW_004628203.1
hetGla2:AHKG01113880	AHKG01113880		AHKG01113880.1	AHKG01113880.1	NW_004628204.1
hetGla2:AHKG01113881	AHKG01113881		AHKG01113881.1	AHKG01113881.1	NW_004628205.1
hetGla2:AHKG01113882	AHKG01113882		AHKG01113882.1	AHKG01113882.1	NW_004628206.1
hetGla2:AHKG01113883	AHKG01113883		AHKG01113883.1	AHKG01113883.1	NW_004628207.1
hetGla2:AHKG01113884	AHKG01113884		AHKG01113884.1	AHKG01113884.1	NW_004628208.1
hetGla2:AHKG01113885	AHKG01113885		AHKG01113885.1	AHKG01113885.1	NW_004628209.1
hetGla2:AHKG01113886	AHKG01113886		AHKG01113886.1	AHKG01113886.1	NW_004628210.1
hetGla2:AHKG01113887	AHKG01113887		AHKG01113887.1	AHKG01113887.1	NW_004628211.1
hetGla2:AHKG01113888	AHKG01113888		AHKG01113888.1	AHKG01113888.1	NW_004628212.1
hetGla2:AHKG01113889	AHKG01113889		AHKG01113889.1	AHKG01113889.1	NW_004628213.1
hetGla2:AHKG01113890	AHKG01113890		AHKG01113890.1	AHKG01113890.1	NW_004628214.1
hetGla2:AHKG01113891	AHKG01113891		AHKG01113891.1	AHKG01113891.1	NW_004628215.1
hetGla2:AHKG01113892	AHKG01113892		AHKG01113892.1	AHKG01113892.1	NW_004628216.1
hetGla2:AHKG01113893	AHKG01113893		AHKG01113893.1	AHKG01113893.1	NW_004628217.1
hetGla2:AHKG01113894	AHKG01113894		AHKG01113894.1	AHKG01113894.1	NW_004628218.1
hetGla2:AHKG01113895	AHKG01113895		AHKG01113895.1	AHKG01113895.1	NW_004628219.1
hetGla2:AHKG01113896	AHKG01113896		AHKG01113896.1	AHKG01113896.1	NW_004628220.1
hetGla2:AHKG01113897	AHKG01113897		AHKG01113897.1	AHKG01113897.1	NW_004628221.1
hetGla2:AHKG01113898	AHKG01113898		AHKG01113898.1	AHKG01113898.1	NW_004628222.1
hetGla2:AHKG01113899	AHKG01113899		AHKG01113899.1	AHKG01113899.1	NW_004628223.1
hetGla2:AHKG01113900	AHKG01113900		AHKG01113900.1	AHKG01113900.1	NW_004628224.1
hetGla2:AHKG01113901	AHKG01113901		AHKG01113901.1	AHKG01113901.1	NW_004628225.1
hetGla2:AHKG01113902	AHKG01113902		AHKG01113902.1	AHKG01113902.1	NW_004628226.1
hetGla2:AHKG01113903	AHKG01113903		AHKG01113903.1	AHKG01113903.1	NW_004628227.1
hetGla2:AHKG01113904	AHKG01113904		AHKG01113904.1	AHKG01113904.1	NW_004628228.1
hetGla2:AHKG01113905	AHKG01113905		AHKG01113905.1	AHKG01113905.1	NW_004628229.1
hetGla2:AHKG01113906	AHKG01113906		AHKG01113906.1	AHKG01113906.1	NW_004628230.1
hetGla2:AHKG01113907	AHKG01113907		AHKG01113907.1	AHKG01113907.1	NW_004628231.1
hetGla2:AHKG01113908	AHKG01113908		AHKG01113908.1	AHKG01113908.1	NW_004628232.1
hetGla2:AHKG01113909	AHKG01113909		AHKG01113909.1	AHKG01113909.1	NW_004628233.1
hetGla2:AHKG01113910	AHKG01113910		AHKG01113910.1	AHKG01113910.1	NW_004628234.1
hetGla2:AHKG01113911	AHKG01113911		AHKG01113911.1	AHKG01113911.1	NW_004628235.1
hetGla2:AHKG01113912	AHKG01113912		AHKG01113912.1	AHKG01113912.1	NW_004628236.1
hetGla2:AHKG01113913	AHKG01113913		AHKG01113913.1	AHKG01113913.1	NW_004628237.1
hetGla2:AHKG01113914	AHKG01113914		AHKG01113914.1	AHKG01113914.1	NW_004628238.1
hetGla2:AHKG01113915	AHKG01113915		AHKG01113915.1	AHKG01113915.1	NW_004628239.1
hetGla2:AHKG01113916	AHKG01113916		AHKG01113916.1	AHKG01113916.1	NW_004628240.1
hetGla2:AHKG01113917	AHKG01113917		AHKG01113917.1	AHKG01113917.1	NW_004628241.1
hetGla2:AHKG01113918	AHKG01113918		AHKG01113918.1	AHKG01113918.1	NW_004628242.1
hetGla2:AHKG01113919	AHKG01113919		AHKG01113919.1	AHKG01113919.1	NW_004628243.1
hetGla2:AHKG01113920	AHKG01113920		AHKG01113920.1	AHKG01113920.1	NW_004628244.1
hetGla2:AHKG01113921	AHKG01113921		AHKG01113921.1	AHKG01113921.1	NW_004628245.1
hetGla2:AHKG01113922	AHKG01113922		AHKG01113922.1	AHKG01113922.1	NW_004628246.1
hetGla2:AHKG01113923	AHKG01113923		AHKG01113923.1	AHKG01113923.1	NW_004628247.1
hetGla2:AHKG01113924	AHKG01113924		AHKG01113924.1	AHKG01113924.1	NW_004628248.1
hetGla2:AHKG01113925	AHKG01113925		AHKG01113925.1	AHKG01113925.1	NW_004628249.1
hetGla2:AHKG01113926	AHKG01113926		AHKG01113926.1	AHKG01113926.1	NW_004628250.1
hetGla2:AHKG01113927	AHKG01113927		AHKG01113927.1	AHKG01113927.1	NW_004628251.1
hetGla2:AHKG01113928	AHKG01113928		AHKG01113928.1	AHKG01113928.1	NW_004628252.1
hetGla2:AHKG01113929	AHKG01113929		AHKG01113929.1	AHKG01113929.1	NW_004628253.1
hetGla2:AHKG01113930	AHKG01113930		AHKG01113930.1	AHKG01113930.1	NW_004628254.1
hetGla2:AHKG01113931	AHKG01113931		AHKG01113931.1	AHKG01113931.1	NW_004628255.1
hetGla2:AHKG01113932	AHKG01113932		AHKG01113932.1	AHKG01113932.1	NW_004628256.1
hetGla2:AHKG01113933	AHKG01113933		AHKG01113933.1	AHKG01113933.1	NW_004628257.1
hetGla2:AHKG01113934	AHKG01113934		AHKG01113934.1	AHKG01113934.1	NW_004628258.1
hetGla2:AHKG01113935	AHKG01113935		AHKG01113935.1	AHKG01113935.1	NW_004628259.1
hetGla2:AHKG01113936	AHKG01113936		AHKG01113936.1	AHKG01113936.1	NW_004628260.1
hetGla2:AHKG01113937	AHKG01113937		AHKG01113937.1	AHKG01113937.1	NW_004628261.1
hetGla2:AHKG01113938	AHKG01113938		AHKG01113938.1	AHKG01113938.1	NW_004628262.1
hetGla2:AHKG01113939	AHKG01113939		AHKG01113939.1	AHKG01113939.1	NW_004628263.1
hetGla2:AHKG01113940	AHKG01113940		AHKG01113940.1	AHKG01113940.1	NW_004628264.1
hetGla2:AHKG01113941	AHKG01113941		AHKG01113941.1	AHKG01113941.1	NW_004628265.1
hetGla2:AHKG01113942	AHKG01113942		AHKG01113942.1	AHKG01113942.1	NW_004628266.1
hetGla2:AHKG01113943	AHKG01113943		AHKG01113943.1	AHKG01113943.1	NW_004628267.1
hetGla2:AHKG01113944	AHKG01113944		AHKG01113944.1	AHKG01113944.1	NW_004628268.1
hetGla2:AHKG01113945	AHKG01113945		AHKG01113945.1	AHKG01113945.1	NW_004628269.1
hetGla2:AHKG01113946	AHKG01113946		AHKG01113946.1	AHKG01113946.1	NW_004628270.1
hetGla2:AHKG01113947	AHKG01113947		AHKG01113947.1	AHKG01113947.1	NW_004628271.1
hetGla2:AHKG01113948	AHKG01113948		AHKG01113948.1	AHKG01113948.1	NW_004628272.1
hetGla2:AHKG01113949	AHKG01113949		AHKG01113949.1	AHKG01113949.1	NW_004628273.1
hetGla2:AHKG01113950	AHKG01113950		AHKG01113950.1	AHKG01113950.1	NW_004628274.1
hetGla2:AHKG01113951	AHKG01113951		AHKG01113951.1	AHKG01113951.1	NW_004628275.1
hetGla2:AHKG01113954	AHKG01113954		AHKG01113954.1	AHKG01113954.1	NW_004628277.1
hetGla2:AHKG01113955	AHKG01113955		AHKG01113955.1	AHKG01113955.1	NW_004628278.1
hetGla2:AHKG01113956	AHKG01113956		AHKG01113956.1	AHKG01113956.1	NW_004628279.1
hetGla2:AHKG01113957	AHKG01113957		AHKG01113957.1	AHKG01113957.1	NW_004628280.1
hetGla2:AHKG01113958	AHKG01113958		AHKG01113958.1	AHKG01113958.1	NW_004628281.1
hetGla2:AHKG01113959	AHKG01113959		AHKG01113959.1	AHKG01113959.1	NW_004628282.1
hetGla2:AHKG01113960	AHKG01113960		AHKG01113960.1	AHKG01113960.1	NW_004628283.1
hetGla2:AHKG01113961	AHKG01113961		AHKG01113961.1	AHKG01113961.1	NW_004628284.1
hetGla2:AHKG01113962	AHKG01113962		AHKG01113962.1	AHKG01113962.1	NW_004628285.1
hetGla2:AHKG01113963	AHKG01113963		AHKG01113963.1	AHKG01113963.1	NW_004628286.1
hetGla2:AHKG01113964	AHKG01113964		AHKG01113964.1	AHKG01113964.1	NW_004628287.1
hetGla2:AHKG01113965	AHKG01113965		AHKG01113965.1	AHKG01113965.1	NW_004628288.1
hetGla2:AHKG01113966	AHKG01113966		AHKG01113966.1	AHKG01113966.1	NW_004628289.1
hetGla2:AHKG01113967	AHKG01113967		AHKG01113967.1	AHKG01113967.1	NW_004628290.1
hetGla2:AHKG01113968	AHKG01113968		AHKG01113968.1	AHKG01113968.1	NW_004628291.1
hetGla2:AHKG01113969	AHKG01113969		AHKG01113969.1	AHKG01113969.1	NW_004628292.1
hetGla2:AHKG01113970	AHKG01113970		AHKG01113970.1	AHKG01113970.1	NW_004628293.1
hetGla2:AHKG01113971	AHKG01113971		AHKG01113971.1	AHKG01113971.1	NW_004628294.1
hetGla2:AHKG01113972	AHKG01113972		AHKG01113972.1	AHKG01113972.1	NW_004628295.1
hetGla2:AHKG01113973	AHKG01113973		AHKG01113973.1	AHKG01113973.1	NW_004628296.1
hetGla2:AHKG01113974	AHKG01113974		AHKG01113974.1	AHKG01113974.1	NW_004628297.1
hetGla2:AHKG01113975	AHKG01113975		AHKG01113975.1	AHKG01113975.1	NW_004628298.1
hetGla2:AHKG01113976	AHKG01113976		AHKG01113976.1	AHKG01113976.1	NW_004628299.1
hetGla2:AHKG01113977	AHKG01113977		AHKG01113977.1	AHKG01113977.1	NW_004628300.1
hetGla2:AHKG01113978	AHKG01113978		AHKG01113978.1	AHKG01113978.1	NW_004628301.1
hetGla2:AHKG01113979	AHKG01113979		AHKG01113979.1	AHKG01113979.1	NW_004628302.1
hetGla2:AHKG01113980	AHKG01113980		AHKG01113980.1	AHKG01113980.1	NW_004628303.1
hetGla2:AHKG01113981	AHKG01113981		AHKG01113981.1	AHKG01113981.1	NW_004628304.1
hetGla2:AHKG01113982	AHKG01113982		AHKG01113982.1	AHKG01113982.1	NW_004628305.1
hetGla2:AHKG01113983	AHKG01113983		AHKG01113983.1	AHKG01113983.1	NW_004628306.1
hetGla2:AHKG01113984	AHKG01113984		AHKG01113984.1	AHKG01113984.1	NW_004628307.1
hetGla2:AHKG01113985	AHKG01113985		AHKG01113985.1	AHKG01113985.1	NW_004628308.1
hetGla2:AHKG01113986	AHKG01113986		AHKG01113986.1	AHKG01113986.1	NW_004628309.1
hetGla2:AHKG01113987	AHKG01113987		AHKG01113987.1	AHKG01113987.1	NW_004628310.1
hetGla2:AHKG01113988	AHKG01113988		AHKG01113988.1	AHKG01113988.1	NW_004628311.1
hetGla2:AHKG01113989	AHKG01113989		AHKG01113989.1	AHKG01113989.1	NW_004628312.1
hetGla2:AHKG01113990	AHKG01113990		AHKG01113990.1	AHKG01113990.1	NW_004628313.1
hetGla2:AHKG01113991	AHKG01113991		AHKG01113991.1	AHKG01113991.1	NW_004628314.1
hetGla2:AHKG01113992	AHKG01113992		AHKG01113992.1	AHKG01113992.1	NW_004628315.1
hetGla2:AHKG01113993	AHKG01113993		AHKG01113993.1	AHKG01113993.1	NW_004628316.1
hetGla2:AHKG01113994	AHKG01113994		AHKG01113994.1	AHKG01113994.1	NW_004628317.1
hetGla2:AHKG01113995	AHKG01113995		AHKG01113995.1	AHKG01113995.1	NW_004628318.1
hetGla2:AHKG01113996	AHKG01113996		AHKG01113996.1	AHKG01113996.1	NW_004628319.1
hetGla2:AHKG01113997	AHKG01113997		AHKG01113997.1	AHKG01113997.1	NW_004628320.1
hetGla2:AHKG01113998	AHKG01113998		AHKG01113998.1	AHKG01113998.1	NW_004628321.1
hetGla2:AHKG01113999	AHKG01113999		AHKG01113999.1	AHKG01113999.1	NW_004628322.1
hetGla2:AHKG01114000	AHKG01114000		AHKG01114000.1	AHKG01114000.1	NW_004628323.1
hetGla2:AHKG01114001	AHKG01114001		AHKG01114001.1	AHKG01114001.1	NW_004628324.1
hetGla2:AHKG01114002	AHKG01114002		AHKG01114002.1	AHKG01114002.1	NW_004628325.1
hetGla2:AHKG01114003	AHKG01114003		AHKG01114003.1	AHKG01114003.1	NW_004628326.1
hetGla2:AHKG01114004	AHKG01114004		AHKG01114004.1	AHKG01114004.1	NW_004628327.1
hetGla2:AHKG01114005	AHKG01114005		AHKG01114005.1	AHKG01114005.1	NW_004628328.1
hetGla2:AHKG01114006	AHKG01114006		AHKG01114006.1	AHKG01114006.1	NW_004628329.1
hetGla2:AHKG01114007	AHKG01114007		AHKG01114007.1	AHKG01114007.1	NW_004628330.1
hetGla2:AHKG01114008	AHKG01114008		AHKG01114008.1	AHKG01114008.1	NW_004628331.1
hetGla2:AHKG01114009	AHKG01114009		AHKG01114009.1	AHKG01114009.1	NW_004628332.1
hetGla2:AHKG01114010	AHKG01114010		AHKG01114010.1	AHKG01114010.1	NW_004628333.1
hetGla2:AHKG01114011	AHKG01114011		AHKG01114011.1	AHKG01114011.1	NW_004628334.1
hetGla2:AHKG01114012	AHKG01114012		AHKG01114012.1	AHKG01114012.1	NW_004628335.1
hetGla2:AHKG01114013	AHKG01114013		AHKG01114013.1	AHKG01114013.1	NW_004628336.1
hetGla2:AHKG01114014	AHKG01114014		AHKG01114014.1	AHKG01114014.1	NW_004628337.1
hetGla2:AHKG01114015	AHKG01114015		AHKG01114015.1	AHKG01114015.1	NW_004628338.1
hetGla2:AHKG01114016	AHKG01114016		AHKG01114016.1	AHKG01114016.1	NW_004628339.1
hetGla2:AHKG01114017	AHKG01114017		AHKG01114017.1	AHKG01114017.1	NW_004628340.1
hetGla2:AHKG01114018	AHKG01114018		AHKG01114018.1	AHKG01114018.1	NW_004628341.1
hetGla2:AHKG01114019	AHKG01114019		AHKG01114019.1	AHKG01114019.1	NW_004628342.1
hetGla2:AHKG01114020	AHKG01114020		AHKG01114020.1	AHKG01114020.1	NW_004628343.1
hetGla2:AHKG01114021	AHKG01114021		AHKG01114021.1	AHKG01114021.1	NW_004628344.1
hetGla2:AHKG01114022	AHKG01114022		AHKG01114022.1	AHKG01114022.1	NW_004628345.1
hetGla2:AHKG01114023	AHKG01114023		AHKG01114023.1	AHKG01114023.1	NW_004628346.1
hetGla2:AHKG01114024	AHKG01114024		AHKG01114024.1	AHKG01114024.1	NW_004628347.1
hetGla2:AHKG01114025	AHKG01114025		AHKG01114025.1	AHKG01114025.1	NW_004628348.1
hetGla2:AHKG01114026	AHKG01114026		AHKG01114026.1	AHKG01114026.1	NW_004628349.1
hetGla2:AHKG01114027	AHKG01114027		AHKG01114027.1	AHKG01114027.1	NW_004628350.1
hetGla2:AHKG01114028	AHKG01114028		AHKG01114028.1	AHKG01114028.1	NW_004628351.1
hetGla2:AHKG01114029	AHKG01114029		AHKG01114029.1	AHKG01114029.1	NW_004628352.1
hetGla2:AHKG01114030	AHKG01114030		AHKG01114030.1	AHKG01114030.1	NW_004628353.1
hetGla2:AHKG01114031	AHKG01114031		AHKG01114031.1	AHKG01114031.1	NW_004628354.1
hetGla2:AHKG01114032	AHKG01114032		AHKG01114032.1	AHKG01114032.1	NW_004628355.1
hetGla2:AHKG01114033	AHKG01114033		AHKG01114033.1	AHKG01114033.1	NW_004628356.1
hetGla2:AHKG01114034	AHKG01114034		AHKG01114034.1	AHKG01114034.1	NW_004628357.1
hetGla2:AHKG01114035	AHKG01114035		AHKG01114035.1	AHKG01114035.1	NW_004628358.1
hetGla2:AHKG01114036	AHKG01114036		AHKG01114036.1	AHKG01114036.1	NW_004628359.1
hetGla2:AHKG01114037	AHKG01114037		AHKG01114037.1	AHKG01114037.1	NW_004628360.1
hetGla2:AHKG01114038	AHKG01114038		AHKG01114038.1	AHKG01114038.1	NW_004628361.1
hetGla2:AHKG01114039	AHKG01114039		AHKG01114039.1	AHKG01114039.1	NW_004628362.1
hetGla2:AHKG01114040	AHKG01114040		AHKG01114040.1	AHKG01114040.1	NW_004628363.1
hetGla2:AHKG01114041	AHKG01114041		AHKG01114041.1	AHKG01114041.1	NW_004628364.1
hetGla2:AHKG01114042	AHKG01114042		AHKG01114042.1	AHKG01114042.1	NW_004628365.1
hetGla2:AHKG01114043	AHKG01114043		AHKG01114043.1	AHKG01114043.1	NW_004628366.1
hetGla2:AHKG01114044	AHKG01114044		AHKG01114044.1	AHKG01114044.1	NW_004628367.1
hetGla2:AHKG01114045	AHKG01114045		AHKG01114045.1	AHKG01114045.1	NW_004628368.1
hetGla2:AHKG01114046	AHKG01114046		AHKG01114046.1	AHKG01114046.1	NW_004628369.1
hetGla2:AHKG01114047	AHKG01114047		AHKG01114047.1	AHKG01114047.1	NW_004628370.1
hetGla2:AHKG01114048	AHKG01114048		AHKG01114048.1	AHKG01114048.1	NW_004628371.1
hetGla2:AHKG01114049	AHKG01114049		AHKG01114049.1	AHKG01114049.1	NW_004628372.1
hetGla2:AHKG01114050	AHKG01114050		AHKG01114050.1	AHKG01114050.1	NW_004628373.1
hetGla2:AHKG01114051	AHKG01114051		AHKG01114051.1	AHKG01114051.1	NW_004628374.1
hetGla2:AHKG01114052	AHKG01114052		AHKG01114052.1	AHKG01114052.1	NW_004628375.1
hetGla2:AHKG01114053	AHKG01114053		AHKG01114053.1	AHKG01114053.1	NW_004628376.1
hetGla2:AHKG01114054	AHKG01114054		AHKG01114054.1	AHKG01114054.1	NW_004628377.1
hetGla2:AHKG01114055	AHKG01114055		AHKG01114055.1	AHKG01114055.1	NW_004628378.1
hetGla2:AHKG01114056	AHKG01114056		AHKG01114056.1	AHKG01114056.1	NW_004628379.1
hetGla2:AHKG01114057	AHKG01114057		AHKG01114057.1	AHKG01114057.1	NW_004628380.1
hetGla2:AHKG01114058	AHKG01114058		AHKG01114058.1	AHKG01114058.1	NW_004628381.1
hetGla2:AHKG01114059	AHKG01114059		AHKG01114059.1	AHKG01114059.1	NW_004628382.1
hetGla2:AHKG01114060	AHKG01114060		AHKG01114060.1	AHKG01114060.1	NW_004628383.1
hetGla2:AHKG01114061	AHKG01114061		AHKG01114061.1	AHKG01114061.1	NW_004628384.1
hetGla2:AHKG01114062	AHKG01114062		AHKG01114062.1	AHKG01114062.1	NW_004628385.1
hetGla2:AHKG01114063	AHKG01114063		AHKG01114063.1	AHKG01114063.1	NW_004628386.1
hetGla2:AHKG01114064	AHKG01114064		AHKG01114064.1	AHKG01114064.1	NW_004628387.1
hetGla2:AHKG01114065	AHKG01114065		AHKG01114065.1	AHKG01114065.1	NW_004628388.1
hetGla2:AHKG01114066	AHKG01114066		AHKG01114066.1	AHKG01114066.1	NW_004628389.1
hetGla2:AHKG01114067	AHKG01114067		AHKG01114067.1	AHKG01114067.1	NW_004628390.1
hetGla2:AHKG01114068	AHKG01114068		AHKG01114068.1	AHKG01114068.1	NW_004628391.1
hetGla2:AHKG01114069	AHKG01114069		AHKG01114069.1	AHKG01114069.1	NW_004628392.1
hetGla2:AHKG01114070	AHKG01114070		AHKG01114070.1	AHKG01114070.1	NW_004628393.1
hetGla2:AHKG01114071	AHKG01114071		AHKG01114071.1	AHKG01114071.1	NW_004628394.1
hetGla2:AHKG01114072	AHKG01114072		AHKG01114072.1	AHKG01114072.1	NW_004628395.1
hetGla2:AHKG01114073	AHKG01114073		AHKG01114073.1	AHKG01114073.1	NW_004628396.1
hetGla2:AHKG01114074	AHKG01114074		AHKG01114074.1	AHKG01114074.1	NW_004628397.1
hetGla2:AHKG01114075	AHKG01114075		AHKG01114075.1	AHKG01114075.1	NW_004628398.1
hetGla2:AHKG01114076	AHKG01114076		AHKG01114076.1	AHKG01114076.1	NW_004628399.1
hetGla2:AHKG01114077	AHKG01114077		AHKG01114077.1	AHKG01114077.1	NW_004628400.1
hetGla2:AHKG01114078	AHKG01114078		AHKG01114078.1	AHKG01114078.1	NW_004628401.1
hetGla2:AHKG01114079	AHKG01114079		AHKG01114079.1	AHKG01114079.1	NW_004628402.1
hetGla2:AHKG01114080	AHKG01114080		AHKG01114080.1	AHKG01114080.1	NW_004628403.1
hetGla2:AHKG01114081	AHKG01114081		AHKG01114081.1	AHKG01114081.1	NW_004628404.1
hetGla2:AHKG01114082	AHKG01114082		AHKG01114082.1	AHKG01114082.1	NW_004628405.1
hetGla2:AHKG01114083	AHKG01114083		AHKG01114083.1	AHKG01114083.1	NW_004628406.1
hetGla2:AHKG01114084	AHKG01114084		AHKG01114084.1	AHKG01114084.1	NW_004628407.1
hetGla2:AHKG01114085	AHKG01114085		AHKG01114085.1	AHKG01114085.1	NW_004628408.1
hetGla2:AHKG01114086	AHKG01114086		AHKG01114086.1	AHKG01114086.1	NW_004628409.1
hetGla2:AHKG01114087	AHKG01114087		AHKG01114087.1	AHKG01114087.1	NW_004628410.1
hetGla2:AHKG01114088	AHKG01114088		AHKG01114088.1	AHKG01114088.1	NW_004628411.1
hetGla2:AHKG01114089	AHKG01114089		AHKG01114089.1	AHKG01114089.1	NW_004628412.1
hetGla2:AHKG01114090	AHKG01114090		AHKG01114090.1	AHKG01114090.1	NW_004628413.1
hetGla2:AHKG01114091	AHKG01114091		AHKG01114091.1	AHKG01114091.1	NW_004628414.1
hetGla2:AHKG01114092	AHKG01114092		AHKG01114092.1	AHKG01114092.1	NW_004628415.1
hetGla2:AHKG01114093	AHKG01114093		AHKG01114093.1	AHKG01114093.1	NW_004628416.1
hetGla2:AHKG01114094	AHKG01114094		AHKG01114094.1	AHKG01114094.1	NW_004628417.1
hetGla2:AHKG01114095	AHKG01114095		AHKG01114095.1	AHKG01114095.1	NW_004628418.1
hetGla2:AHKG01114096	AHKG01114096		AHKG01114096.1	AHKG01114096.1	NW_004628419.1
hetGla2:AHKG01114097	AHKG01114097		AHKG01114097.1	AHKG01114097.1	NW_004628420.1
hetGla2:AHKG01114098	AHKG01114098		AHKG01114098.1	AHKG01114098.1	NW_004628421.1
hetGla2:AHKG01114099	AHKG01114099		AHKG01114099.1	AHKG01114099.1	NW_004628422.1
hetGla2:AHKG01114100	AHKG01114100		AHKG01114100.1	AHKG01114100.1	NW_004628423.1
hetGla2:AHKG01114101	AHKG01114101		AHKG01114101.1	AHKG01114101.1	NW_004628424.1
hetGla2:AHKG01114102	AHKG01114102		AHKG01114102.1	AHKG01114102.1	NW_004628425.1
hetGla2:AHKG01114103	AHKG01114103		AHKG01114103.1	AHKG01114103.1	NW_004628426.1
hetGla2:AHKG01114104	AHKG01114104		AHKG01114104.1	AHKG01114104.1	NW_004628427.1
hetGla2:AHKG01114105	AHKG01114105		AHKG01114105.1	AHKG01114105.1	NW_004628428.1
hetGla2:AHKG01114106	AHKG01114106		AHKG01114106.1	AHKG01114106.1	NW_004628429.1
hetGla2:AHKG01114107	AHKG01114107		AHKG01114107.1	AHKG01114107.1	NW_004628430.1
hetGla2:AHKG01114108	AHKG01114108		AHKG01114108.1	AHKG01114108.1	NW_004628431.1
hetGla2:AHKG01114109	AHKG01114109		AHKG01114109.1	AHKG01114109.1	NW_004628432.1
hetGla2:AHKG01114110	AHKG01114110		AHKG01114110.1	AHKG01114110.1	NW_004628433.1
hetGla2:AHKG01114111	AHKG01114111		AHKG01114111.1	AHKG01114111.1	NW_004628434.1
hetGla2:AHKG01114112	AHKG01114112		AHKG01114112.1	AHKG01114112.1	NW_004628435.1
hetGla2:AHKG01114113	AHKG01114113		AHKG01114113.1	AHKG01114113.1	NW_004628436.1
hetGla2:AHKG01114114	AHKG01114114		AHKG01114114.1	AHKG01114114.1	NW_004628437.1
hetGla2:AHKG01114115	AHKG01114115		AHKG01114115.1	AHKG01114115.1	NW_004628438.1
hetGla2:AHKG01114116	AHKG01114116		AHKG01114116.1	AHKG01114116.1	NW_004628439.1
hetGla2:AHKG01114117	AHKG01114117		AHKG01114117.1	AHKG01114117.1	NW_004628440.1
hetGla2:AHKG01114118	AHKG01114118		AHKG01114118.1	AHKG01114118.1	NW_004628441.1
hetGla2:AHKG01114119	AHKG01114119		AHKG01114119.1	AHKG01114119.1	NW_004628442.1
hetGla2:AHKG01114120	AHKG01114120		AHKG01114120.1	AHKG01114120.1	NW_004628443.1
hetGla2:AHKG01114121	AHKG01114121		AHKG01114121.1	AHKG01114121.1	NW_004628444.1
hetGla2:AHKG01114122	AHKG01114122		AHKG01114122.1	AHKG01114122.1	NW_004628445.1
hetGla2:AHKG01114125	AHKG01114125		AHKG01114125.1	AHKG01114125.1	NW_004628447.1
hetGla2:AHKG01114126	AHKG01114126		AHKG01114126.1	AHKG01114126.1	NW_004628448.1
hetGla2:AHKG01114127	AHKG01114127		AHKG01114127.1	AHKG01114127.1	NW_004628449.1
hetGla2:AHKG01114128	AHKG01114128		AHKG01114128.1	AHKG01114128.1	NW_004628450.1
hetGla2:AHKG01114129	AHKG01114129		AHKG01114129.1	AHKG01114129.1	NW_004628451.1
hetGla2:AHKG01114130	AHKG01114130		AHKG01114130.1	AHKG01114130.1	NW_004628452.1
hetGla2:AHKG01114131	AHKG01114131		AHKG01114131.1	AHKG01114131.1	NW_004628453.1
hetGla2:AHKG01114132	AHKG01114132		AHKG01114132.1	AHKG01114132.1	NW_004628454.1
hetGla2:AHKG01114133	AHKG01114133		AHKG01114133.1	AHKG01114133.1	NW_004628455.1
hetGla2:AHKG01114134	AHKG01114134		AHKG01114134.1	AHKG01114134.1	NW_004628456.1
hetGla2:AHKG01114135	AHKG01114135		AHKG01114135.1	AHKG01114135.1	NW_004628457.1
hetGla2:AHKG01114136	AHKG01114136		AHKG01114136.1	AHKG01114136.1	NW_004628458.1
hetGla2:AHKG01114137	AHKG01114137		AHKG01114137.1	AHKG01114137.1	NW_004628459.1
hetGla2:AHKG01114138	AHKG01114138		AHKG01114138.1	AHKG01114138.1	NW_004628460.1
hetGla2:AHKG01114139	AHKG01114139		AHKG01114139.1	AHKG01114139.1	NW_004628461.1
hetGla2:AHKG01114140	AHKG01114140		AHKG01114140.1	AHKG01114140.1	NW_004628462.1
hetGla2:AHKG01114141	AHKG01114141		AHKG01114141.1	AHKG01114141.1	NW_004628463.1
hetGla2:AHKG01114142	AHKG01114142		AHKG01114142.1	AHKG01114142.1	NW_004628464.1
hetGla2:AHKG01114143	AHKG01114143		AHKG01114143.1	AHKG01114143.1	NW_004628465.1
hetGla2:AHKG01114144	AHKG01114144		AHKG01114144.1	AHKG01114144.1	NW_004628466.1
hetGla2:AHKG01114145	AHKG01114145		AHKG01114145.1	AHKG01114145.1	NW_004628467.1
hetGla2:AHKG01114146	AHKG01114146		AHKG01114146.1	AHKG01114146.1	NW_004628468.1
hetGla2:AHKG01114147	AHKG01114147		AHKG01114147.1	AHKG01114147.1	NW_004628469.1
hetGla2:AHKG01114148	AHKG01114148		AHKG01114148.1	AHKG01114148.1	NW_004628470.1
hetGla2:AHKG01114149	AHKG01114149		AHKG01114149.1	AHKG01114149.1	NW_004628471.1
hetGla2:AHKG01114150	AHKG01114150		AHKG01114150.1	AHKG01114150.1	NW_004628472.1
hetGla2:AHKG01114151	AHKG01114151		AHKG01114151.1	AHKG01114151.1	NW_004628473.1
hetGla2:AHKG01114152	AHKG01114152		AHKG01114152.1	AHKG01114152.1	NW_004628474.1
hetGla2:AHKG01114153	AHKG01114153		AHKG01114153.1	AHKG01114153.1	NW_004628475.1
hetGla2:AHKG01114154	AHKG01114154		AHKG01114154.1	AHKG01114154.1	NW_004628476.1
hetGla2:AHKG01114155	AHKG01114155		AHKG01114155.1	AHKG01114155.1	NW_004628477.1
hetGla2:AHKG01114156	AHKG01114156		AHKG01114156.1	AHKG01114156.1	NW_004628478.1
hetGla2:AHKG01114157	AHKG01114157		AHKG01114157.1	AHKG01114157.1	NW_004628479.1
hetGla2:AHKG01114158	AHKG01114158		AHKG01114158.1	AHKG01114158.1	NW_004628480.1
hetGla2:AHKG01114159	AHKG01114159		AHKG01114159.1	AHKG01114159.1	NW_004628481.1
hetGla2:AHKG01114160	AHKG01114160		AHKG01114160.1	AHKG01114160.1	NW_004628482.1
hetGla2:AHKG01114161	AHKG01114161		AHKG01114161.1	AHKG01114161.1	NW_004628483.1
hetGla2:AHKG01114162	AHKG01114162		AHKG01114162.1	AHKG01114162.1	NW_004628484.1
hetGla2:AHKG01114163	AHKG01114163		AHKG01114163.1	AHKG01114163.1	NW_004628485.1
hetGla2:AHKG01114164	AHKG01114164		AHKG01114164.1	AHKG01114164.1	NW_004628486.1
hetGla2:AHKG01114165	AHKG01114165		AHKG01114165.1	AHKG01114165.1	NW_004628487.1
hetGla2:AHKG01114166	AHKG01114166		AHKG01114166.1	AHKG01114166.1	NW_004628488.1
hetGla2:AHKG01114167	AHKG01114167		AHKG01114167.1	AHKG01114167.1	NW_004628489.1
hetGla2:AHKG01114168	AHKG01114168		AHKG01114168.1	AHKG01114168.1	NW_004628490.1
hetGla2:AHKG01114169	AHKG01114169		AHKG01114169.1	AHKG01114169.1	NW_004628491.1
hetGla2:AHKG01114170	AHKG01114170		AHKG01114170.1	AHKG01114170.1	NW_004628492.1
hetGla2:AHKG01114171	AHKG01114171		AHKG01114171.1	AHKG01114171.1	NW_004628493.1
hetGla2:AHKG01114172	AHKG01114172		AHKG01114172.1	AHKG01114172.1	NW_004628494.1
hetGla2:AHKG01114173	AHKG01114173		AHKG01114173.1	AHKG01114173.1	NW_004628495.1
hetGla2:AHKG01114174	AHKG01114174		AHKG01114174.1	AHKG01114174.1	NW_004628496.1
hetGla2:AHKG01114175	AHKG01114175		AHKG01114175.1	AHKG01114175.1	NW_004628497.1
hetGla2:AHKG01114176	AHKG01114176		AHKG01114176.1	AHKG01114176.1	NW_004628498.1
hetGla2:AHKG01114177	AHKG01114177		AHKG01114177.1	AHKG01114177.1	NW_004628499.1
hetGla2:AHKG01114178	AHKG01114178		AHKG01114178.1	AHKG01114178.1	NW_004628500.1
hetGla2:AHKG01114179	AHKG01114179		AHKG01114179.1	AHKG01114179.1	NW_004628501.1
hetGla2:AHKG01114180	AHKG01114180		AHKG01114180.1	AHKG01114180.1	NW_004628502.1
hetGla2:AHKG01114181	AHKG01114181		AHKG01114181.1	AHKG01114181.1	NW_004628503.1
hetGla2:AHKG01114182	AHKG01114182		AHKG01114182.1	AHKG01114182.1	NW_004628504.1
hetGla2:AHKG01114183	AHKG01114183		AHKG01114183.1	AHKG01114183.1	NW_004628505.1
hetGla2:AHKG01114184	AHKG01114184		AHKG01114184.1	AHKG01114184.1	NW_004628506.1
hetGla2:AHKG01114185	AHKG01114185		AHKG01114185.1	AHKG01114185.1	NW_004628507.1
hetGla2:AHKG01114186	AHKG01114186		AHKG01114186.1	AHKG01114186.1	NW_004628508.1
hetGla2:AHKG01114187	AHKG01114187		AHKG01114187.1	AHKG01114187.1	NW_004628509.1
hetGla2:AHKG01114188	AHKG01114188		AHKG01114188.1	AHKG01114188.1	NW_004628510.1
hetGla2:AHKG01114189	AHKG01114189		AHKG01114189.1	AHKG01114189.1	NW_004628511.1
hetGla2:AHKG01114190	AHKG01114190		AHKG01114190.1	AHKG01114190.1	NW_004628512.1
hetGla2:AHKG01114191	AHKG01114191		AHKG01114191.1	AHKG01114191.1	NW_004628513.1
hetGla2:AHKG01114192	AHKG01114192		AHKG01114192.1	AHKG01114192.1	NW_004628514.1
hetGla2:AHKG01114193	AHKG01114193		AHKG01114193.1	AHKG01114193.1	NW_004628515.1
hetGla2:AHKG01114194	AHKG01114194		AHKG01114194.1	AHKG01114194.1	NW_004628516.1
hetGla2:AHKG01114195	AHKG01114195		AHKG01114195.1	AHKG01114195.1	NW_004628517.1
hetGla2:AHKG01114196	AHKG01114196		AHKG01114196.1	AHKG01114196.1	NW_004628518.1
hetGla2:AHKG01114197	AHKG01114197		AHKG01114197.1	AHKG01114197.1	NW_004628519.1
hetGla2:AHKG01114198	AHKG01114198		AHKG01114198.1	AHKG01114198.1	NW_004628520.1
hetGla2:AHKG01114199	AHKG01114199		AHKG01114199.1	AHKG01114199.1	NW_004628521.1
hetGla2:AHKG01114200	AHKG01114200		AHKG01114200.1	AHKG01114200.1	NW_004628522.1
hetGla2:AHKG01114201	AHKG01114201		AHKG01114201.1	AHKG01114201.1	NW_004628523.1
hetGla2:AHKG01114202	AHKG01114202		AHKG01114202.1	AHKG01114202.1	NW_004628524.1
hetGla2:AHKG01114203	AHKG01114203		AHKG01114203.1	AHKG01114203.1	NW_004628525.1
hetGla2:AHKG01114204	AHKG01114204		AHKG01114204.1	AHKG01114204.1	NW_004628526.1
hetGla2:AHKG01114205	AHKG01114205		AHKG01114205.1	AHKG01114205.1	NW_004628527.1
hetGla2:AHKG01114206	AHKG01114206		AHKG01114206.1	AHKG01114206.1	NW_004628528.1
hetGla2:AHKG01114207	AHKG01114207		AHKG01114207.1	AHKG01114207.1	NW_004628529.1
hetGla2:AHKG01114208	AHKG01114208		AHKG01114208.1	AHKG01114208.1	NW_004628530.1
hetGla2:AHKG01114209	AHKG01114209		AHKG01114209.1	AHKG01114209.1	NW_004628531.1
hetGla2:AHKG01114210	AHKG01114210		AHKG01114210.1	AHKG01114210.1	NW_004628532.1
hetGla2:AHKG01114211	AHKG01114211		AHKG01114211.1	AHKG01114211.1	NW_004628533.1
hetGla2:AHKG01114212	AHKG01114212		AHKG01114212.1	AHKG01114212.1	NW_004628534.1
hetGla2:AHKG01114213	AHKG01114213		AHKG01114213.1	AHKG01114213.1	NW_004628535.1
hetGla2:AHKG01114214	AHKG01114214		AHKG01114214.1	AHKG01114214.1	NW_004628536.1
hetGla2:AHKG01114215	AHKG01114215		AHKG01114215.1	AHKG01114215.1	NW_004628537.1
hetGla2:AHKG01114216	AHKG01114216		AHKG01114216.1	AHKG01114216.1	NW_004628538.1
hetGla2:AHKG01114217	AHKG01114217		AHKG01114217.1	AHKG01114217.1	NW_004628539.1
hetGla2:AHKG01114218	AHKG01114218		AHKG01114218.1	AHKG01114218.1	NW_004628540.1
hetGla2:AHKG01114219	AHKG01114219		AHKG01114219.1	AHKG01114219.1	NW_004628541.1
hetGla2:AHKG01114220	AHKG01114220		AHKG01114220.1	AHKG01114220.1	NW_004628542.1
hetGla2:AHKG01114221	AHKG01114221		AHKG01114221.1	AHKG01114221.1	NW_004628543.1
hetGla2:AHKG01114222	AHKG01114222		AHKG01114222.1	AHKG01114222.1	NW_004628544.1
hetGla2:AHKG01114223	AHKG01114223		AHKG01114223.1	AHKG01114223.1	NW_004628545.1
hetGla2:AHKG01114224	AHKG01114224		AHKG01114224.1	AHKG01114224.1	NW_004628546.1
hetGla2:AHKG01114225	AHKG01114225		AHKG01114225.1	AHKG01114225.1	NW_004628547.1
hetGla2:AHKG01114226	AHKG01114226		AHKG01114226.1	AHKG01114226.1	NW_004628548.1
hetGla2:AHKG01114227	AHKG01114227		AHKG01114227.1	AHKG01114227.1	NW_004628549.1
hetGla2:AHKG01114228	AHKG01114228		AHKG01114228.1	AHKG01114228.1	NW_004628550.1
hetGla2:AHKG01114229	AHKG01114229		AHKG01114229.1	AHKG01114229.1	NW_004628551.1
hetGla2:AHKG01114230	AHKG01114230		AHKG01114230.1	AHKG01114230.1	NW_004628552.1
hetGla2:AHKG01114231	AHKG01114231		AHKG01114231.1	AHKG01114231.1	NW_004628553.1
hetGla2:AHKG01114232	AHKG01114232		AHKG01114232.1	AHKG01114232.1	NW_004628554.1
hetGla2:AHKG01114233	AHKG01114233		AHKG01114233.1	AHKG01114233.1	NW_004628555.1
hetGla2:AHKG01114234	AHKG01114234		AHKG01114234.1	AHKG01114234.1	NW_004628556.1
hetGla2:AHKG01114235	AHKG01114235		AHKG01114235.1	AHKG01114235.1	NW_004628557.1
hetGla2:AHKG01114236	AHKG01114236		AHKG01114236.1	AHKG01114236.1	NW_004628558.1
hetGla2:AHKG01114237	AHKG01114237		AHKG01114237.1	AHKG01114237.1	NW_004628559.1
hetGla2:AHKG01114238	AHKG01114238		AHKG01114238.1	AHKG01114238.1	NW_004628560.1
hetGla2:AHKG01114239	AHKG01114239		AHKG01114239.1	AHKG01114239.1	NW_004628561.1
hetGla2:AHKG01114240	AHKG01114240		AHKG01114240.1	AHKG01114240.1	NW_004628562.1
hetGla2:AHKG01114241	AHKG01114241		AHKG01114241.1	AHKG01114241.1	NW_004628563.1
hetGla2:AHKG01114242	AHKG01114242		AHKG01114242.1	AHKG01114242.1	NW_004628564.1
hetGla2:AHKG01114243	AHKG01114243		AHKG01114243.1	AHKG01114243.1	NW_004628565.1
hetGla2:AHKG01114244	AHKG01114244		AHKG01114244.1	AHKG01114244.1	NW_004628566.1
hetGla2:AHKG01114245	AHKG01114245		AHKG01114245.1	AHKG01114245.1	NW_004628567.1
hetGla2:AHKG01114246	AHKG01114246		AHKG01114246.1	AHKG01114246.1	NW_004628568.1
hetGla2:AHKG01114247	AHKG01114247		AHKG01114247.1	AHKG01114247.1	NW_004628569.1
hetGla2:AHKG01114248	AHKG01114248		AHKG01114248.1	AHKG01114248.1	NW_004628570.1
hetGla2:AHKG01114249	AHKG01114249		AHKG01114249.1	AHKG01114249.1	NW_004628571.1
hetGla2:AHKG01114250	AHKG01114250		AHKG01114250.1	AHKG01114250.1	NW_004628572.1
hetGla2:AHKG01114251	AHKG01114251		AHKG01114251.1	AHKG01114251.1	NW_004628573.1
hetGla2:AHKG01114252	AHKG01114252		AHKG01114252.1	AHKG01114252.1	NW_004628574.1
hetGla2:AHKG01114253	AHKG01114253		AHKG01114253.1	AHKG01114253.1	NW_004628575.1
hetGla2:AHKG01114254	AHKG01114254		AHKG01114254.1	AHKG01114254.1	NW_004628576.1
hetGla2:AHKG01114255	AHKG01114255		AHKG01114255.1	AHKG01114255.1	NW_004628577.1
hetGla2:AHKG01114256	AHKG01114256		AHKG01114256.1	AHKG01114256.1	NW_004628578.1
hetGla2:AHKG01114257	AHKG01114257		AHKG01114257.1	AHKG01114257.1	NW_004628579.1
hetGla2:AHKG01114258	AHKG01114258		AHKG01114258.1	AHKG01114258.1	NW_004628580.1
hetGla2:AHKG01114259	AHKG01114259		AHKG01114259.1	AHKG01114259.1	NW_004628581.1
hetGla2:AHKG01114260	AHKG01114260		AHKG01114260.1	AHKG01114260.1	NW_004628582.1
hetGla2:AHKG01114261	AHKG01114261		AHKG01114261.1	AHKG01114261.1	NW_004628583.1
hetGla2:AHKG01114262	AHKG01114262		AHKG01114262.1	AHKG01114262.1	NW_004628584.1
hetGla2:AHKG01114263	AHKG01114263		AHKG01114263.1	AHKG01114263.1	NW_004628585.1
hetGla2:AHKG01114264	AHKG01114264		AHKG01114264.1	AHKG01114264.1	NW_004628586.1
hetGla2:AHKG01114265	AHKG01114265		AHKG01114265.1	AHKG01114265.1	NW_004628587.1
hetGla2:AHKG01114266	AHKG01114266		AHKG01114266.1	AHKG01114266.1	NW_004628588.1
hetGla2:AHKG01114267	AHKG01114267		AHKG01114267.1	AHKG01114267.1	NW_004628589.1
hetGla2:AHKG01114268	AHKG01114268		AHKG01114268.1	AHKG01114268.1	NW_004628590.1
hetGla2:AHKG01114269	AHKG01114269		AHKG01114269.1	AHKG01114269.1	NW_004628591.1
hetGla2:AHKG01114270	AHKG01114270		AHKG01114270.1	AHKG01114270.1	NW_004628592.1
hetGla2:AHKG01114271	AHKG01114271		AHKG01114271.1	AHKG01114271.1	NW_004628593.1
hetGla2:AHKG01114272	AHKG01114272		AHKG01114272.1	AHKG01114272.1	NW_004628594.1
hetGla2:AHKG01114273	AHKG01114273		AHKG01114273.1	AHKG01114273.1	NW_004628595.1
hetGla2:AHKG01114274	AHKG01114274		AHKG01114274.1	AHKG01114274.1	NW_004628596.1
hetGla2:AHKG01114275	AHKG01114275		AHKG01114275.1	AHKG01114275.1	NW_004628597.1
hetGla2:AHKG01114276	AHKG01114276		AHKG01114276.1	AHKG01114276.1	NW_004628598.1
hetGla2:AHKG01114277	AHKG01114277		AHKG01114277.1	AHKG01114277.1	NW_004628599.1
hetGla2:AHKG01114278	AHKG01114278		AHKG01114278.1	AHKG01114278.1	NW_004628600.1
hetGla2:AHKG01114279	AHKG01114279		AHKG01114279.1	AHKG01114279.1	NW_004628601.1
hetGla2:AHKG01114280	AHKG01114280		AHKG01114280.1	AHKG01114280.1	NW_004628602.1
hetGla2:AHKG01114281	AHKG01114281		AHKG01114281.1	AHKG01114281.1	NW_004628603.1
hetGla2:AHKG01114282	AHKG01114282		AHKG01114282.1	AHKG01114282.1	NW_004628604.1
hetGla2:AHKG01114283	AHKG01114283		AHKG01114283.1	AHKG01114283.1	NW_004628605.1
hetGla2:AHKG01114284	AHKG01114284		AHKG01114284.1	AHKG01114284.1	NW_004628606.1
hetGla2:AHKG01114285	AHKG01114285		AHKG01114285.1	AHKG01114285.1	NW_004628607.1
hetGla2:AHKG01114286	AHKG01114286		AHKG01114286.1	AHKG01114286.1	NW_004628608.1
hetGla2:AHKG01114287	AHKG01114287		AHKG01114287.1	AHKG01114287.1	NW_004628609.1
hetGla2:AHKG01114288	AHKG01114288		AHKG01114288.1	AHKG01114288.1	NW_004628610.1
hetGla2:AHKG01114289	AHKG01114289		AHKG01114289.1	AHKG01114289.1	NW_004628611.1
hetGla2:AHKG01114290	AHKG01114290		AHKG01114290.1	AHKG01114290.1	NW_004628612.1
hetGla2:AHKG01114291	AHKG01114291		AHKG01114291.1	AHKG01114291.1	NW_004628613.1
hetGla2:AHKG01114292	AHKG01114292		AHKG01114292.1	AHKG01114292.1	NW_004628614.1
hetGla2:AHKG01114293	AHKG01114293		AHKG01114293.1	AHKG01114293.1	NW_004628615.1
hetGla2:AHKG01114294	AHKG01114294		AHKG01114294.1	AHKG01114294.1	NW_004628616.1
hetGla2:AHKG01114295	AHKG01114295		AHKG01114295.1	AHKG01114295.1	NW_004628617.1
hetGla2:AHKG01114296	AHKG01114296		AHKG01114296.1	AHKG01114296.1	NW_004628618.1
hetGla2:AHKG01114297	AHKG01114297		AHKG01114297.1	AHKG01114297.1	NW_004628619.1
hetGla2:AHKG01114300	AHKG01114300		AHKG01114300.1	AHKG01114300.1	NW_004628621.1
hetGla2:AHKG01114301	AHKG01114301		AHKG01114301.1	AHKG01114301.1	NW_004628622.1
hetGla2:AHKG01114302	AHKG01114302		AHKG01114302.1	AHKG01114302.1	NW_004628623.1
hetGla2:AHKG01114303	AHKG01114303		AHKG01114303.1	AHKG01114303.1	NW_004628624.1
hetGla2:AHKG01114304	AHKG01114304		AHKG01114304.1	AHKG01114304.1	NW_004628625.1
hetGla2:AHKG01114305	AHKG01114305		AHKG01114305.1	AHKG01114305.1	NW_004628626.1
hetGla2:AHKG01114306	AHKG01114306		AHKG01114306.1	AHKG01114306.1	NW_004628627.1
hetGla2:AHKG01114307	AHKG01114307		AHKG01114307.1	AHKG01114307.1	NW_004628628.1
hetGla2:AHKG01114308	AHKG01114308		AHKG01114308.1	AHKG01114308.1	NW_004628629.1
hetGla2:AHKG01114309	AHKG01114309		AHKG01114309.1	AHKG01114309.1	NW_004628630.1
hetGla2:AHKG01114310	AHKG01114310		AHKG01114310.1	AHKG01114310.1	NW_004628631.1
hetGla2:AHKG01114311	AHKG01114311		AHKG01114311.1	AHKG01114311.1	NW_004628632.1
hetGla2:AHKG01114312	AHKG01114312		AHKG01114312.1	AHKG01114312.1	NW_004628633.1
hetGla2:AHKG01114313	AHKG01114313		AHKG01114313.1	AHKG01114313.1	NW_004628634.1
hetGla2:AHKG01114314	AHKG01114314		AHKG01114314.1	AHKG01114314.1	NW_004628635.1
hetGla2:AHKG01114315	AHKG01114315		AHKG01114315.1	AHKG01114315.1	NW_004628636.1
hetGla2:AHKG01114316	AHKG01114316		AHKG01114316.1	AHKG01114316.1	NW_004628637.1
hetGla2:AHKG01114317	AHKG01114317		AHKG01114317.1	AHKG01114317.1	NW_004628638.1
hetGla2:AHKG01114318	AHKG01114318		AHKG01114318.1	AHKG01114318.1	NW_004628639.1
hetGla2:AHKG01114319	AHKG01114319		AHKG01114319.1	AHKG01114319.1	NW_004628640.1
hetGla2:AHKG01114320	AHKG01114320		AHKG01114320.1	AHKG01114320.1	NW_004628641.1
hetGla2:AHKG01114321	AHKG01114321		AHKG01114321.1	AHKG01114321.1	NW_004628642.1
hetGla2:AHKG01114322	AHKG01114322		AHKG01114322.1	AHKG01114322.1	NW_004628643.1
hetGla2:AHKG01114323	AHKG01114323		AHKG01114323.1	AHKG01114323.1	NW_004628644.1
hetGla2:AHKG01114324	AHKG01114324		AHKG01114324.1	AHKG01114324.1	NW_004628645.1
hetGla2:AHKG01114325	AHKG01114325		AHKG01114325.1	AHKG01114325.1	NW_004628646.1
hetGla2:AHKG01114326	AHKG01114326		AHKG01114326.1	AHKG01114326.1	NW_004628647.1
hetGla2:AHKG01114327	AHKG01114327		AHKG01114327.1	AHKG01114327.1	NW_004628648.1
hetGla2:AHKG01114328	AHKG01114328		AHKG01114328.1	AHKG01114328.1	NW_004628649.1
hetGla2:AHKG01114329	AHKG01114329		AHKG01114329.1	AHKG01114329.1	NW_004628650.1
hetGla2:AHKG01114330	AHKG01114330		AHKG01114330.1	AHKG01114330.1	NW_004628651.1
hetGla2:AHKG01114331	AHKG01114331		AHKG01114331.1	AHKG01114331.1	NW_004628652.1
hetGla2:AHKG01114332	AHKG01114332		AHKG01114332.1	AHKG01114332.1	NW_004628653.1
hetGla2:AHKG01114333	AHKG01114333		AHKG01114333.1	AHKG01114333.1	NW_004628654.1
hetGla2:AHKG01114334	AHKG01114334		AHKG01114334.1	AHKG01114334.1	NW_004628655.1
hetGla2:AHKG01114335	AHKG01114335		AHKG01114335.1	AHKG01114335.1	NW_004628656.1
hetGla2:AHKG01114336	AHKG01114336		AHKG01114336.1	AHKG01114336.1	NW_004628657.1
hetGla2:AHKG01114337	AHKG01114337		AHKG01114337.1	AHKG01114337.1	NW_004628658.1
hetGla2:AHKG01114338	AHKG01114338		AHKG01114338.1	AHKG01114338.1	NW_004628659.1
hetGla2:AHKG01114339	AHKG01114339		AHKG01114339.1	AHKG01114339.1	NW_004628660.1
hetGla2:AHKG01114340	AHKG01114340		AHKG01114340.1	AHKG01114340.1	NW_004628661.1
hetGla2:AHKG01114341	AHKG01114341		AHKG01114341.1	AHKG01114341.1	NW_004628662.1
hetGla2:AHKG01114342	AHKG01114342		AHKG01114342.1	AHKG01114342.1	NW_004628663.1
hetGla2:AHKG01114343	AHKG01114343		AHKG01114343.1	AHKG01114343.1	NW_004628664.1
hetGla2:AHKG01114344	AHKG01114344		AHKG01114344.1	AHKG01114344.1	NW_004628665.1
hetGla2:AHKG01114345	AHKG01114345		AHKG01114345.1	AHKG01114345.1	NW_004628666.1
hetGla2:AHKG01114346	AHKG01114346		AHKG01114346.1	AHKG01114346.1	NW_004628667.1
hetGla2:AHKG01114347	AHKG01114347		AHKG01114347.1	AHKG01114347.1	NW_004628668.1
hetGla2:AHKG01114348	AHKG01114348		AHKG01114348.1	AHKG01114348.1	NW_004628669.1
hetGla2:AHKG01114349	AHKG01114349		AHKG01114349.1	AHKG01114349.1	NW_004628670.1
hetGla2:AHKG01114350	AHKG01114350		AHKG01114350.1	AHKG01114350.1	NW_004628671.1
hetGla2:AHKG01114351	AHKG01114351		AHKG01114351.1	AHKG01114351.1	NW_004628672.1
hetGla2:AHKG01114352	AHKG01114352		AHKG01114352.1	AHKG01114352.1	NW_004628673.1
hetGla2:AHKG01114353	AHKG01114353		AHKG01114353.1	AHKG01114353.1	NW_004628674.1
hetGla2:AHKG01114354	AHKG01114354		AHKG01114354.1	AHKG01114354.1	NW_004628675.1
hetGla2:AHKG01114355	AHKG01114355		AHKG01114355.1	AHKG01114355.1	NW_004628676.1
hetGla2:AHKG01114356	AHKG01114356		AHKG01114356.1	AHKG01114356.1	NW_004628677.1
hetGla2:AHKG01114357	AHKG01114357		AHKG01114357.1	AHKG01114357.1	NW_004628678.1
hetGla2:AHKG01114358	AHKG01114358		AHKG01114358.1	AHKG01114358.1	NW_004628679.1
hetGla2:AHKG01114359	AHKG01114359		AHKG01114359.1	AHKG01114359.1	NW_004628680.1
hetGla2:AHKG01114360	AHKG01114360		AHKG01114360.1	AHKG01114360.1	NW_004628681.1
hetGla2:AHKG01114361	AHKG01114361		AHKG01114361.1	AHKG01114361.1	NW_004628682.1
hetGla2:AHKG01114362	AHKG01114362		AHKG01114362.1	AHKG01114362.1	NW_004628683.1
hetGla2:AHKG01114363	AHKG01114363		AHKG01114363.1	AHKG01114363.1	NW_004628684.1
hetGla2:AHKG01114364	AHKG01114364		AHKG01114364.1	AHKG01114364.1	NW_004628685.1
hetGla2:AHKG01114365	AHKG01114365		AHKG01114365.1	AHKG01114365.1	NW_004628686.1
hetGla2:AHKG01114366	AHKG01114366		AHKG01114366.1	AHKG01114366.1	NW_004628687.1
hetGla2:AHKG01114367	AHKG01114367		AHKG01114367.1	AHKG01114367.1	NW_004628688.1
hetGla2:AHKG01114368	AHKG01114368		AHKG01114368.1	AHKG01114368.1	NW_004628689.1
hetGla2:AHKG01114369	AHKG01114369		AHKG01114369.1	AHKG01114369.1	NW_004628690.1
hetGla2:AHKG01114370	AHKG01114370		AHKG01114370.1	AHKG01114370.1	NW_004628691.1
hetGla2:AHKG01114371	AHKG01114371		AHKG01114371.1	AHKG01114371.1	NW_004628692.1
hetGla2:AHKG01114372	AHKG01114372		AHKG01114372.1	AHKG01114372.1	NW_004628693.1
hetGla2:AHKG01114373	AHKG01114373		AHKG01114373.1	AHKG01114373.1	NW_004628694.1
hetGla2:AHKG01114374	AHKG01114374		AHKG01114374.1	AHKG01114374.1	NW_004628695.1
hetGla2:AHKG01114375	AHKG01114375		AHKG01114375.1	AHKG01114375.1	NW_004628696.1
hetGla2:AHKG01114376	AHKG01114376		AHKG01114376.1	AHKG01114376.1	NW_004628697.1
hetGla2:AHKG01114377	AHKG01114377		AHKG01114377.1	AHKG01114377.1	NW_004628698.1
hetGla2:AHKG01114378	AHKG01114378		AHKG01114378.1	AHKG01114378.1	NW_004628699.1
hetGla2:AHKG01114379	AHKG01114379		AHKG01114379.1	AHKG01114379.1	NW_004628700.1
hetGla2:AHKG01114380	AHKG01114380		AHKG01114380.1	AHKG01114380.1	NW_004628701.1
hetGla2:AHKG01114381	AHKG01114381		AHKG01114381.1	AHKG01114381.1	NW_004628702.1
hetGla2:AHKG01114382	AHKG01114382		AHKG01114382.1	AHKG01114382.1	NW_004628703.1
hetGla2:AHKG01114383	AHKG01114383		AHKG01114383.1	AHKG01114383.1	NW_004628704.1
hetGla2:AHKG01114384	AHKG01114384		AHKG01114384.1	AHKG01114384.1	NW_004628705.1
hetGla2:AHKG01114385	AHKG01114385		AHKG01114385.1	AHKG01114385.1	NW_004628706.1
hetGla2:AHKG01114386	AHKG01114386		AHKG01114386.1	AHKG01114386.1	NW_004628707.1
hetGla2:AHKG01114387	AHKG01114387		AHKG01114387.1	AHKG01114387.1	NW_004628708.1
hetGla2:AHKG01114388	AHKG01114388		AHKG01114388.1	AHKG01114388.1	NW_004628709.1
hetGla2:AHKG01114389	AHKG01114389		AHKG01114389.1	AHKG01114389.1	NW_004628710.1
hetGla2:AHKG01114390	AHKG01114390		AHKG01114390.1	AHKG01114390.1	NW_004628711.1
hetGla2:AHKG01114391	AHKG01114391		AHKG01114391.1	AHKG01114391.1	NW_004628712.1
hetGla2:AHKG01114392	AHKG01114392		AHKG01114392.1	AHKG01114392.1	NW_004628713.1
hetGla2:AHKG01114393	AHKG01114393		AHKG01114393.1	AHKG01114393.1	NW_004628714.1
hetGla2:AHKG01114394	AHKG01114394		AHKG01114394.1	AHKG01114394.1	NW_004628715.1
hetGla2:AHKG01114395	AHKG01114395		AHKG01114395.1	AHKG01114395.1	NW_004628716.1
hetGla2:AHKG01114396	AHKG01114396		AHKG01114396.1	AHKG01114396.1	NW_004628717.1
hetGla2:AHKG01114397	AHKG01114397		AHKG01114397.1	AHKG01114397.1	NW_004628718.1
hetGla2:AHKG01114398	AHKG01114398		AHKG01114398.1	AHKG01114398.1	NW_004628719.1
hetGla2:AHKG01114399	AHKG01114399		AHKG01114399.1	AHKG01114399.1	NW_004628720.1
hetGla2:AHKG01114400	AHKG01114400		AHKG01114400.1	AHKG01114400.1	NW_004628721.1
hetGla2:AHKG01114401	AHKG01114401		AHKG01114401.1	AHKG01114401.1	NW_004628722.1
hetGla2:AHKG01114402	AHKG01114402		AHKG01114402.1	AHKG01114402.1	NW_004628723.1
hetGla2:AHKG01114403	AHKG01114403		AHKG01114403.1	AHKG01114403.1	NW_004628724.1
hetGla2:AHKG01114404	AHKG01114404		AHKG01114404.1	AHKG01114404.1	NW_004628725.1
hetGla2:AHKG01114405	AHKG01114405		AHKG01114405.1	AHKG01114405.1	NW_004628726.1
hetGla2:AHKG01114406	AHKG01114406		AHKG01114406.1	AHKG01114406.1	NW_004628727.1
hetGla2:AHKG01114407	AHKG01114407		AHKG01114407.1	AHKG01114407.1	NW_004628728.1
hetGla2:AHKG01114408	AHKG01114408		AHKG01114408.1	AHKG01114408.1	NW_004628729.1
hetGla2:AHKG01114409	AHKG01114409		AHKG01114409.1	AHKG01114409.1	NW_004628730.1
hetGla2:AHKG01114410	AHKG01114410		AHKG01114410.1	AHKG01114410.1	NW_004628731.1
hetGla2:AHKG01114411	AHKG01114411		AHKG01114411.1	AHKG01114411.1	NW_004628732.1
hetGla2:AHKG01114412	AHKG01114412		AHKG01114412.1	AHKG01114412.1	NW_004628733.1
hetGla2:AHKG01114413	AHKG01114413		AHKG01114413.1	AHKG01114413.1	NW_004628734.1
hetGla2:AHKG01114414	AHKG01114414		AHKG01114414.1	AHKG01114414.1	NW_004628735.1
hetGla2:AHKG01114415	AHKG01114415		AHKG01114415.1	AHKG01114415.1	NW_004628736.1
hetGla2:AHKG01114416	AHKG01114416		AHKG01114416.1	AHKG01114416.1	NW_004628737.1
hetGla2:AHKG01114417	AHKG01114417		AHKG01114417.1	AHKG01114417.1	NW_004628738.1
hetGla2:AHKG01114418	AHKG01114418		AHKG01114418.1	AHKG01114418.1	NW_004628739.1
hetGla2:AHKG01114419	AHKG01114419		AHKG01114419.1	AHKG01114419.1	NW_004628740.1
hetGla2:AHKG01114420	AHKG01114420		AHKG01114420.1	AHKG01114420.1	NW_004628741.1
hetGla2:AHKG01114421	AHKG01114421		AHKG01114421.1	AHKG01114421.1	NW_004628742.1
hetGla2:AHKG01114422	AHKG01114422		AHKG01114422.1	AHKG01114422.1	NW_004628743.1
hetGla2:AHKG01114423	AHKG01114423		AHKG01114423.1	AHKG01114423.1	NW_004628744.1
hetGla2:AHKG01114424	AHKG01114424		AHKG01114424.1	AHKG01114424.1	NW_004628745.1
hetGla2:AHKG01114425	AHKG01114425		AHKG01114425.1	AHKG01114425.1	NW_004628746.1
hetGla2:AHKG01114426	AHKG01114426		AHKG01114426.1	AHKG01114426.1	NW_004628747.1
hetGla2:AHKG01114427	AHKG01114427		AHKG01114427.1	AHKG01114427.1	NW_004628748.1
hetGla2:AHKG01114428	AHKG01114428		AHKG01114428.1	AHKG01114428.1	NW_004628749.1
hetGla2:AHKG01114429	AHKG01114429		AHKG01114429.1	AHKG01114429.1	NW_004628750.1
hetGla2:AHKG01114430	AHKG01114430		AHKG01114430.1	AHKG01114430.1	NW_004628751.1
hetGla2:AHKG01114431	AHKG01114431		AHKG01114431.1	AHKG01114431.1	NW_004628752.1
hetGla2:AHKG01114432	AHKG01114432		AHKG01114432.1	AHKG01114432.1	NW_004628753.1
hetGla2:AHKG01114433	AHKG01114433		AHKG01114433.1	AHKG01114433.1	NW_004628754.1
hetGla2:AHKG01114434	AHKG01114434		AHKG01114434.1	AHKG01114434.1	NW_004628755.1
hetGla2:AHKG01114435	AHKG01114435		AHKG01114435.1	AHKG01114435.1	NW_004628756.1
hetGla2:AHKG01114436	AHKG01114436		AHKG01114436.1	AHKG01114436.1	NW_004628757.1
hetGla2:AHKG01114437	AHKG01114437		AHKG01114437.1	AHKG01114437.1	NW_004628758.1
hetGla2:AHKG01114438	AHKG01114438		AHKG01114438.1	AHKG01114438.1	NW_004628759.1
hetGla2:AHKG01114439	AHKG01114439		AHKG01114439.1	AHKG01114439.1	NW_004628760.1
hetGla2:AHKG01114440	AHKG01114440		AHKG01114440.1	AHKG01114440.1	NW_004628761.1
hetGla2:AHKG01114441	AHKG01114441		AHKG01114441.1	AHKG01114441.1	NW_004628762.1
hetGla2:AHKG01114442	AHKG01114442		AHKG01114442.1	AHKG01114442.1	NW_004628763.1
hetGla2:AHKG01114443	AHKG01114443		AHKG01114443.1	AHKG01114443.1	NW_004628764.1
hetGla2:AHKG01114444	AHKG01114444		AHKG01114444.1	AHKG01114444.1	NW_004628765.1
hetGla2:AHKG01114445	AHKG01114445		AHKG01114445.1	AHKG01114445.1	NW_004628766.1
hetGla2:AHKG01114446	AHKG01114446		AHKG01114446.1	AHKG01114446.1	NW_004628767.1
hetGla2:AHKG01114447	AHKG01114447		AHKG01114447.1	AHKG01114447.1	NW_004628768.1
hetGla2:AHKG01114448	AHKG01114448		AHKG01114448.1	AHKG01114448.1	NW_004628769.1
hetGla2:AHKG01114449	AHKG01114449		AHKG01114449.1	AHKG01114449.1	NW_004628770.1
hetGla2:AHKG01114450	AHKG01114450		AHKG01114450.1	AHKG01114450.1	NW_004628771.1
hetGla2:AHKG01114451	AHKG01114451		AHKG01114451.1	AHKG01114451.1	NW_004628772.1
hetGla2:AHKG01114452	AHKG01114452		AHKG01114452.1	AHKG01114452.1	NW_004628773.1
hetGla2:AHKG01114453	AHKG01114453		AHKG01114453.1	AHKG01114453.1	NW_004628774.1
hetGla2:AHKG01114454	AHKG01114454		AHKG01114454.1	AHKG01114454.1	NW_004628775.1
hetGla2:AHKG01114455	AHKG01114455		AHKG01114455.1	AHKG01114455.1	NW_004628776.1
hetGla2:AHKG01114456	AHKG01114456		AHKG01114456.1	AHKG01114456.1	NW_004628777.1
hetGla2:AHKG01114457	AHKG01114457		AHKG01114457.1	AHKG01114457.1	NW_004628778.1
hetGla2:AHKG01114458	AHKG01114458		AHKG01114458.1	AHKG01114458.1	NW_004628779.1
hetGla2:AHKG01114459	AHKG01114459		AHKG01114459.1	AHKG01114459.1	NW_004628780.1
hetGla2:AHKG01114460	AHKG01114460		AHKG01114460.1	AHKG01114460.1	NW_004628781.1
hetGla2:AHKG01114461	AHKG01114461		AHKG01114461.1	AHKG01114461.1	NW_004628782.1
hetGla2:AHKG01114462	AHKG01114462		AHKG01114462.1	AHKG01114462.1	NW_004628783.1
hetGla2:AHKG01114463	AHKG01114463		AHKG01114463.1	AHKG01114463.1	NW_004628784.1
hetGla2:AHKG01114464	AHKG01114464		AHKG01114464.1	AHKG01114464.1	NW_004628785.1
hetGla2:AHKG01114465	AHKG01114465		AHKG01114465.1	AHKG01114465.1	NW_004628786.1
hetGla2:AHKG01114466	AHKG01114466		AHKG01114466.1	AHKG01114466.1	NW_004628787.1
hetGla2:AHKG01114467	AHKG01114467		AHKG01114467.1	AHKG01114467.1	NW_004628788.1
hetGla2:AHKG01114468	AHKG01114468		AHKG01114468.1	AHKG01114468.1	NW_004628789.1
hetGla2:AHKG01114469	AHKG01114469		AHKG01114469.1	AHKG01114469.1	NW_004628790.1
hetGla2:AHKG01114470	AHKG01114470		AHKG01114470.1	AHKG01114470.1	NW_004628791.1
hetGla2:AHKG01114471	AHKG01114471		AHKG01114471.1	AHKG01114471.1	NW_004628792.1
hetGla2:AHKG01114472	AHKG01114472		AHKG01114472.1	AHKG01114472.1	NW_004628793.1
hetGla2:AHKG01114473	AHKG01114473		AHKG01114473.1	AHKG01114473.1	NW_004628794.1
hetGla2:AHKG01114474	AHKG01114474		AHKG01114474.1	AHKG01114474.1	NW_004628795.1
hetGla2:AHKG01114475	AHKG01114475		AHKG01114475.1	AHKG01114475.1	NW_004628796.1
hetGla2:AHKG01114476	AHKG01114476		AHKG01114476.1	AHKG01114476.1	NW_004628797.1
hetGla2:AHKG01114477	AHKG01114477		AHKG01114477.1	AHKG01114477.1	NW_004628798.1
hetGla2:AHKG01114478	AHKG01114478		AHKG01114478.1	AHKG01114478.1	NW_004628799.1
hetGla2:AHKG01114479	AHKG01114479		AHKG01114479.1	AHKG01114479.1	NW_004628800.1
hetGla2:AHKG01114480	AHKG01114480		AHKG01114480.1	AHKG01114480.1	NW_004628801.1
hetGla2:AHKG01114481	AHKG01114481		AHKG01114481.1	AHKG01114481.1	NW_004628802.1
hetGla2:AHKG01114482	AHKG01114482		AHKG01114482.1	AHKG01114482.1	NW_004628803.1
hetGla2:AHKG01114483	AHKG01114483		AHKG01114483.1	AHKG01114483.1	NW_004628804.1
hetGla2:AHKG01114484	AHKG01114484		AHKG01114484.1	AHKG01114484.1	NW_004628805.1
hetGla2:AHKG01114485	AHKG01114485		AHKG01114485.1	AHKG01114485.1	NW_004628806.1
hetGla2:AHKG01114486	AHKG01114486		AHKG01114486.1	AHKG01114486.1	NW_004628807.1
hetGla2:AHKG01114487	AHKG01114487		AHKG01114487.1	AHKG01114487.1	NW_004628808.1
hetGla2:AHKG01114488	AHKG01114488		AHKG01114488.1	AHKG01114488.1	NW_004628809.1
hetGla2:AHKG01114489	AHKG01114489		AHKG01114489.1	AHKG01114489.1	NW_004628810.1
hetGla2:AHKG01114490	AHKG01114490		AHKG01114490.1	AHKG01114490.1	NW_004628811.1
hetGla2:AHKG01114491	AHKG01114491		AHKG01114491.1	AHKG01114491.1	NW_004628812.1
hetGla2:AHKG01114492	AHKG01114492		AHKG01114492.1	AHKG01114492.1	NW_004628813.1
hetGla2:AHKG01114493	AHKG01114493		AHKG01114493.1	AHKG01114493.1	NW_004628814.1
hetGla2:AHKG01114494	AHKG01114494		AHKG01114494.1	AHKG01114494.1	NW_004628815.1
hetGla2:AHKG01114495	AHKG01114495		AHKG01114495.1	AHKG01114495.1	NW_004628816.1
hetGla2:AHKG01114496	AHKG01114496		AHKG01114496.1	AHKG01114496.1	NW_004628817.1
hetGla2:AHKG01114497	AHKG01114497		AHKG01114497.1	AHKG01114497.1	NW_004628818.1
hetGla2:AHKG01114498	AHKG01114498		AHKG01114498.1	AHKG01114498.1	NW_004628819.1
hetGla2:AHKG01114499	AHKG01114499		AHKG01114499.1	AHKG01114499.1	NW_004628820.1
hetGla2:AHKG01114500	AHKG01114500		AHKG01114500.1	AHKG01114500.1	NW_004628821.1
hetGla2:AHKG01114503	AHKG01114503		AHKG01114503.1	AHKG01114503.1	NW_004628823.1
hetGla2:AHKG01114504	AHKG01114504		AHKG01114504.1	AHKG01114504.1	NW_004628824.1
hetGla2:AHKG01114505	AHKG01114505		AHKG01114505.1	AHKG01114505.1	NW_004628825.1
hetGla2:AHKG01114506	AHKG01114506		AHKG01114506.1	AHKG01114506.1	NW_004628826.1
hetGla2:AHKG01114507	AHKG01114507		AHKG01114507.1	AHKG01114507.1	NW_004628827.1
hetGla2:AHKG01114508	AHKG01114508		AHKG01114508.1	AHKG01114508.1	NW_004628828.1
hetGla2:AHKG01114509	AHKG01114509		AHKG01114509.1	AHKG01114509.1	NW_004628829.1
hetGla2:AHKG01114510	AHKG01114510		AHKG01114510.1	AHKG01114510.1	NW_004628830.1
hetGla2:AHKG01114511	AHKG01114511		AHKG01114511.1	AHKG01114511.1	NW_004628831.1
hetGla2:AHKG01114512	AHKG01114512		AHKG01114512.1	AHKG01114512.1	NW_004628832.1
hetGla2:AHKG01114513	AHKG01114513		AHKG01114513.1	AHKG01114513.1	NW_004628833.1
hetGla2:AHKG01114514	AHKG01114514		AHKG01114514.1	AHKG01114514.1	NW_004628834.1
hetGla2:AHKG01114515	AHKG01114515		AHKG01114515.1	AHKG01114515.1	NW_004628835.1
hetGla2:AHKG01114516	AHKG01114516		AHKG01114516.1	AHKG01114516.1	NW_004628836.1
hetGla2:AHKG01114517	AHKG01114517		AHKG01114517.1	AHKG01114517.1	NW_004628837.1
hetGla2:AHKG01114518	AHKG01114518		AHKG01114518.1	AHKG01114518.1	NW_004628838.1
hetGla2:AHKG01114519	AHKG01114519		AHKG01114519.1	AHKG01114519.1	NW_004628839.1
hetGla2:AHKG01114520	AHKG01114520		AHKG01114520.1	AHKG01114520.1	NW_004628840.1
hetGla2:AHKG01114521	AHKG01114521		AHKG01114521.1	AHKG01114521.1	NW_004628841.1
hetGla2:AHKG01114522	AHKG01114522		AHKG01114522.1	AHKG01114522.1	NW_004628842.1
hetGla2:AHKG01114523	AHKG01114523		AHKG01114523.1	AHKG01114523.1	NW_004628843.1
hetGla2:AHKG01114524	AHKG01114524		AHKG01114524.1	AHKG01114524.1	NW_004628844.1
hetGla2:AHKG01114525	AHKG01114525		AHKG01114525.1	AHKG01114525.1	NW_004628845.1
hetGla2:AHKG01114526	AHKG01114526		AHKG01114526.1	AHKG01114526.1	NW_004628846.1
hetGla2:AHKG01114527	AHKG01114527		AHKG01114527.1	AHKG01114527.1	NW_004628847.1
hetGla2:AHKG01114528	AHKG01114528		AHKG01114528.1	AHKG01114528.1	NW_004628848.1
hetGla2:AHKG01114529	AHKG01114529		AHKG01114529.1	AHKG01114529.1	NW_004628849.1
hetGla2:AHKG01114530	AHKG01114530		AHKG01114530.1	AHKG01114530.1	NW_004628850.1
hetGla2:AHKG01114531	AHKG01114531		AHKG01114531.1	AHKG01114531.1	NW_004628851.1
hetGla2:AHKG01114532	AHKG01114532		AHKG01114532.1	AHKG01114532.1	NW_004628852.1
hetGla2:AHKG01114533	AHKG01114533		AHKG01114533.1	AHKG01114533.1	NW_004628853.1
hetGla2:AHKG01114534	AHKG01114534		AHKG01114534.1	AHKG01114534.1	NW_004628854.1
hetGla2:AHKG01114535	AHKG01114535		AHKG01114535.1	AHKG01114535.1	NW_004628855.1
hetGla2:AHKG01114536	AHKG01114536		AHKG01114536.1	AHKG01114536.1	NW_004628856.1
hetGla2:AHKG01114537	AHKG01114537		AHKG01114537.1	AHKG01114537.1	NW_004628857.1
hetGla2:AHKG01114538	AHKG01114538		AHKG01114538.1	AHKG01114538.1	NW_004628858.1
hetGla2:AHKG01114539	AHKG01114539		AHKG01114539.1	AHKG01114539.1	NW_004628859.1
hetGla2:AHKG01114542	AHKG01114542		AHKG01114542.1	AHKG01114542.1	NW_004628861.1
hetGla2:AHKG01114543	AHKG01114543		AHKG01114543.1	AHKG01114543.1	NW_004628862.1
hetGla2:AHKG01114544	AHKG01114544		AHKG01114544.1	AHKG01114544.1	NW_004628863.1
hetGla2:AHKG01114545	AHKG01114545		AHKG01114545.1	AHKG01114545.1	NW_004628864.1
hetGla2:AHKG01114546	AHKG01114546		AHKG01114546.1	AHKG01114546.1	NW_004628865.1
hetGla2:AHKG01114547	AHKG01114547		AHKG01114547.1	AHKG01114547.1	NW_004628866.1
hetGla2:AHKG01114548	AHKG01114548		AHKG01114548.1	AHKG01114548.1	NW_004628867.1
hetGla2:AHKG01114549	AHKG01114549		AHKG01114549.1	AHKG01114549.1	NW_004628868.1
hetGla2:AHKG01114550	AHKG01114550		AHKG01114550.1	AHKG01114550.1	NW_004628869.1
hetGla2:AHKG01114551	AHKG01114551		AHKG01114551.1	AHKG01114551.1	NW_004628870.1
hetGla2:AHKG01114552	AHKG01114552		AHKG01114552.1	AHKG01114552.1	NW_004628871.1
hetGla2:AHKG01114553	AHKG01114553		AHKG01114553.1	AHKG01114553.1	NW_004628872.1
hetGla2:AHKG01114554	AHKG01114554		AHKG01114554.1	AHKG01114554.1	NW_004628873.1
hetGla2:AHKG01114555	AHKG01114555		AHKG01114555.1	AHKG01114555.1	NW_004628874.1
hetGla2:AHKG01114556	AHKG01114556		AHKG01114556.1	AHKG01114556.1	NW_004628875.1
hetGla2:AHKG01114557	AHKG01114557		AHKG01114557.1	AHKG01114557.1	NW_004628876.1
hetGla2:AHKG01114558	AHKG01114558		AHKG01114558.1	AHKG01114558.1	NW_004628877.1
hetGla2:AHKG01114559	AHKG01114559		AHKG01114559.1	AHKG01114559.1	NW_004628878.1
hetGla2:AHKG01114560	AHKG01114560		AHKG01114560.1	AHKG01114560.1	NW_004628879.1
hetGla2:AHKG01114561	AHKG01114561		AHKG01114561.1	AHKG01114561.1	NW_004628880.1
hetGla2:AHKG01114562	AHKG01114562		AHKG01114562.1	AHKG01114562.1	NW_004628881.1
hetGla2:AHKG01114563	AHKG01114563		AHKG01114563.1	AHKG01114563.1	NW_004628882.1
hetGla2:AHKG01114564	AHKG01114564		AHKG01114564.1	AHKG01114564.1	NW_004628883.1
hetGla2:AHKG01114565	AHKG01114565		AHKG01114565.1	AHKG01114565.1	NW_004628884.1
hetGla2:AHKG01114566	AHKG01114566		AHKG01114566.1	AHKG01114566.1	NW_004628885.1
hetGla2:AHKG01114567	AHKG01114567		AHKG01114567.1	AHKG01114567.1	NW_004628886.1
hetGla2:AHKG01114568	AHKG01114568		AHKG01114568.1	AHKG01114568.1	NW_004628887.1
hetGla2:AHKG01114569	AHKG01114569		AHKG01114569.1	AHKG01114569.1	NW_004628888.1
hetGla2:AHKG01114570	AHKG01114570		AHKG01114570.1	AHKG01114570.1	NW_004628889.1
hetGla2:AHKG01114571	AHKG01114571		AHKG01114571.1	AHKG01114571.1	NW_004628890.1
hetGla2:AHKG01114572	AHKG01114572		AHKG01114572.1	AHKG01114572.1	NW_004628891.1
hetGla2:AHKG01114573	AHKG01114573		AHKG01114573.1	AHKG01114573.1	NW_004628892.1
hetGla2:AHKG01114574	AHKG01114574		AHKG01114574.1	AHKG01114574.1	NW_004628893.1
hetGla2:AHKG01114575	AHKG01114575		AHKG01114575.1	AHKG01114575.1	NW_004628894.1
hetGla2:AHKG01114576	AHKG01114576		AHKG01114576.1	AHKG01114576.1	NW_004628895.1
hetGla2:AHKG01114577	AHKG01114577		AHKG01114577.1	AHKG01114577.1	NW_004628896.1
hetGla2:AHKG01114578	AHKG01114578		AHKG01114578.1	AHKG01114578.1	NW_004628897.1
hetGla2:AHKG01114579	AHKG01114579		AHKG01114579.1	AHKG01114579.1	NW_004628898.1
hetGla2:AHKG01114580	AHKG01114580		AHKG01114580.1	AHKG01114580.1	NW_004628899.1
hetGla2:AHKG01114581	AHKG01114581		AHKG01114581.1	AHKG01114581.1	NW_004628900.1
hetGla2:AHKG01114582	AHKG01114582		AHKG01114582.1	AHKG01114582.1	NW_004628901.1
hetGla2:AHKG01114583	AHKG01114583		AHKG01114583.1	AHKG01114583.1	NW_004628902.1
hetGla2:AHKG01114584	AHKG01114584		AHKG01114584.1	AHKG01114584.1	NW_004628903.1
hetGla2:AHKG01114585	AHKG01114585		AHKG01114585.1	AHKG01114585.1	NW_004628904.1
hetGla2:AHKG01114586	AHKG01114586		AHKG01114586.1	AHKG01114586.1	NW_004628905.1
hetGla2:AHKG01114587	AHKG01114587		AHKG01114587.1	AHKG01114587.1	NW_004628906.1
hetGla2:AHKG01114588	AHKG01114588		AHKG01114588.1	AHKG01114588.1	NW_004628907.1
hetGla2:AHKG01114589	AHKG01114589		AHKG01114589.1	AHKG01114589.1	NW_004628908.1
hetGla2:AHKG01114590	AHKG01114590		AHKG01114590.1	AHKG01114590.1	NW_004628909.1
hetGla2:AHKG01114591	AHKG01114591		AHKG01114591.1	AHKG01114591.1	NW_004628910.1
hetGla2:AHKG01114592	AHKG01114592		AHKG01114592.1	AHKG01114592.1	NW_004628911.1
hetGla2:AHKG01114593	AHKG01114593		AHKG01114593.1	AHKG01114593.1	NW_004628912.1
hetGla2:AHKG01114594	AHKG01114594		AHKG01114594.1	AHKG01114594.1	NW_004628913.1
hetGla2:AHKG01114595	AHKG01114595		AHKG01114595.1	AHKG01114595.1	NW_004628914.1
hetGla2:AHKG01114596	AHKG01114596		AHKG01114596.1	AHKG01114596.1	NW_004628915.1
hetGla2:AHKG01114597	AHKG01114597		AHKG01114597.1	AHKG01114597.1	NW_004628916.1
hetGla2:AHKG01114598	AHKG01114598		AHKG01114598.1	AHKG01114598.1	NW_004628917.1
hetGla2:AHKG01114599	AHKG01114599		AHKG01114599.1	AHKG01114599.1	NW_004628918.1
hetGla2:AHKG01114600	AHKG01114600		AHKG01114600.1	AHKG01114600.1	NW_004628919.1
hetGla2:AHKG01114601	AHKG01114601		AHKG01114601.1	AHKG01114601.1	NW_004628920.1
hetGla2:AHKG01114602	AHKG01114602		AHKG01114602.1	AHKG01114602.1	NW_004628921.1
hetGla2:AHKG01114603	AHKG01114603		AHKG01114603.1	AHKG01114603.1	NW_004628922.1
hetGla2:AHKG01114604	AHKG01114604		AHKG01114604.1	AHKG01114604.1	NW_004628923.1
hetGla2:AHKG01114605	AHKG01114605		AHKG01114605.1	AHKG01114605.1	NW_004628924.1
hetGla2:AHKG01114606	AHKG01114606		AHKG01114606.1	AHKG01114606.1	NW_004628925.1
hetGla2:AHKG01114607	AHKG01114607		AHKG01114607.1	AHKG01114607.1	NW_004628926.1
hetGla2:AHKG01114608	AHKG01114608		AHKG01114608.1	AHKG01114608.1	NW_004628927.1
hetGla2:AHKG01114609	AHKG01114609		AHKG01114609.1	AHKG01114609.1	NW_004628928.1
hetGla2:AHKG01114610	AHKG01114610		AHKG01114610.1	AHKG01114610.1	NW_004628929.1
hetGla2:AHKG01114611	AHKG01114611		AHKG01114611.1	AHKG01114611.1	NW_004628930.1
hetGla2:AHKG01114612	AHKG01114612		AHKG01114612.1	AHKG01114612.1	NW_004628931.1
hetGla2:AHKG01114613	AHKG01114613		AHKG01114613.1	AHKG01114613.1	NW_004628932.1
hetGla2:AHKG01114614	AHKG01114614		AHKG01114614.1	AHKG01114614.1	NW_004628933.1
hetGla2:AHKG01114615	AHKG01114615		AHKG01114615.1	AHKG01114615.1	NW_004628934.1
hetGla2:AHKG01114616	AHKG01114616		AHKG01114616.1	AHKG01114616.1	NW_004628935.1
hetGla2:AHKG01114617	AHKG01114617		AHKG01114617.1	AHKG01114617.1	NW_004628936.1
hetGla2:AHKG01114618	AHKG01114618		AHKG01114618.1	AHKG01114618.1	NW_004628937.1
hetGla2:AHKG01114619	AHKG01114619		AHKG01114619.1	AHKG01114619.1	NW_004628938.1
hetGla2:AHKG01114620	AHKG01114620		AHKG01114620.1	AHKG01114620.1	NW_004628939.1
hetGla2:AHKG01114621	AHKG01114621		AHKG01114621.1	AHKG01114621.1	NW_004628940.1
hetGla2:AHKG01114622	AHKG01114622		AHKG01114622.1	AHKG01114622.1	NW_004628941.1
hetGla2:AHKG01114623	AHKG01114623		AHKG01114623.1	AHKG01114623.1	NW_004628942.1
hetGla2:AHKG01114624	AHKG01114624		AHKG01114624.1	AHKG01114624.1	NW_004628943.1
hetGla2:AHKG01114625	AHKG01114625		AHKG01114625.1	AHKG01114625.1	NW_004628944.1
hetGla2:AHKG01114626	AHKG01114626		AHKG01114626.1	AHKG01114626.1	NW_004628945.1
hetGla2:AHKG01114627	AHKG01114627		AHKG01114627.1	AHKG01114627.1	NW_004628946.1
hetGla2:AHKG01114628	AHKG01114628		AHKG01114628.1	AHKG01114628.1	NW_004628947.1
hetGla2:AHKG01114629	AHKG01114629		AHKG01114629.1	AHKG01114629.1	NW_004628948.1
hetGla2:AHKG01114630	AHKG01114630		AHKG01114630.1	AHKG01114630.1	NW_004628949.1
hetGla2:AHKG01114631	AHKG01114631		AHKG01114631.1	AHKG01114631.1	NW_004628950.1
hetGla2:AHKG01114632	AHKG01114632		AHKG01114632.1	AHKG01114632.1	NW_004628951.1
hetGla2:AHKG01114633	AHKG01114633		AHKG01114633.1	AHKG01114633.1	NW_004628952.1
hetGla2:AHKG01114652	AHKG01114652		AHKG01114652.1	AHKG01114652.1	NW_004626806.1
hetGla2:JH602043	JH602043		JH602043.1	JH602043.1	NW_004624730.1
hetGla2:JH602044	JH602044		JH602044.1	JH602044.1	NW_004624731.1
hetGla2:JH602045	JH602045		JH602045.1	JH602045.1	NW_004624732.1
hetGla2:JH602046	JH602046		JH602046.1	JH602046.1	NW_004624733.1
hetGla2:JH602047	JH602047		JH602047.1	JH602047.1	NW_004624734.1
hetGla2:JH602048	JH602048		JH602048.1	JH602048.1	NW_004624735.1
hetGla2:JH602049	JH602049		JH602049.1	JH602049.1	NW_004624736.1
hetGla2:JH602050	JH602050		JH602050.1	JH602050.1	NW_004624737.1
hetGla2:JH602051	JH602051		JH602051.1	JH602051.1	NW_004624738.1
hetGla2:JH602052	JH602052		JH602052.1	JH602052.1	NW_004624739.1
hetGla2:JH602053	JH602053		JH602053.1	JH602053.1	NW_004624740.1
hetGla2:JH602054	JH602054		JH602054.1	JH602054.1	NW_004624741.1
hetGla2:JH602055	JH602055		JH602055.1	JH602055.1	NW_004624742.1
hetGla2:JH602056	JH602056		JH602056.1	JH602056.1	NW_004624743.1
hetGla2:JH602057	JH602057		JH602057.1	JH602057.1	NW_004624744.1
hetGla2:JH602058	JH602058		JH602058.1	JH602058.1	NW_004624745.1
hetGla2:JH602059	JH602059		JH602059.1	JH602059.1	NW_004624746.1
hetGla2:JH602060	JH602060		JH602060.1	JH602060.1	NW_004624747.1
hetGla2:JH602061	JH602061		JH602061.1	JH602061.1	NW_004624748.1
hetGla2:JH602062	JH602062		JH602062.1	JH602062.1	NW_004624749.1
hetGla2:JH602063	JH602063		JH602063.1	JH602063.1	NW_004624750.1
hetGla2:JH602064	JH602064		JH602064.1	JH602064.1	NW_004624751.1
hetGla2:JH602065	JH602065		JH602065.1	JH602065.1	NW_004624752.1
hetGla2:JH602066	JH602066		JH602066.1	JH602066.1	NW_004624753.1
hetGla2:JH602067	JH602067		JH602067.1	JH602067.1	NW_004624754.1
hetGla2:JH602068	JH602068		JH602068.1	JH602068.1	NW_004624755.1
hetGla2:JH602069	JH602069		JH602069.1	JH602069.1	NW_004624756.1
hetGla2:JH602070	JH602070		JH602070.1	JH602070.1	NW_004624757.1
hetGla2:JH602071	JH602071		JH602071.1	JH602071.1	NW_004624758.1
hetGla2:JH602072	JH602072		JH602072.1	JH602072.1	NW_004624759.1
hetGla2:JH602073	JH602073		JH602073.1	JH602073.1	NW_004624760.1
hetGla2:JH602074	JH602074		JH602074.1	JH602074.1	NW_004624761.1
hetGla2:JH602075	JH602075		JH602075.1	JH602075.1	NW_004624762.1
hetGla2:JH602076	JH602076		JH602076.1	JH602076.1	NW_004624763.1
hetGla2:JH602077	JH602077		JH602077.1	JH602077.1	NW_004624764.1
hetGla2:JH602078	JH602078		JH602078.1	JH602078.1	NW_004624765.1
hetGla2:JH602079	JH602079		JH602079.1	JH602079.1	NW_004624766.1
hetGla2:JH602080	JH602080		JH602080.1	JH602080.1	NW_004624767.1
hetGla2:JH602081	JH602081		JH602081.1	JH602081.1	NW_004624768.1
hetGla2:JH602082	JH602082		JH602082.1	JH602082.1	NW_004624769.1
hetGla2:JH602083	JH602083		JH602083.1	JH602083.1	NW_004624770.1
hetGla2:JH602084	JH602084		JH602084.1	JH602084.1	NW_004624771.1
hetGla2:JH602085	JH602085		JH602085.1	JH602085.1	NW_004624772.1
hetGla2:JH602086	JH602086		JH602086.1	JH602086.1	NW_004624773.1
hetGla2:JH602087	JH602087		JH602087.1	JH602087.1	NW_004624774.1
hetGla2:JH602088	JH602088		JH602088.1	JH602088.1	NW_004624775.1
hetGla2:JH602089	JH602089		JH602089.1	JH602089.1	NW_004624776.1
hetGla2:JH602090	JH602090		JH602090.1	JH602090.1	NW_004624777.1
hetGla2:JH602091	JH602091		JH602091.1	JH602091.1	NW_004624778.1
hetGla2:JH602092	JH602092		JH602092.1	JH602092.1	NW_004624779.1
hetGla2:JH602093	JH602093		JH602093.1	JH602093.1	NW_004624780.1
hetGla2:JH602094	JH602094		JH602094.1	JH602094.1	NW_004624781.1
hetGla2:JH602095	JH602095		JH602095.1	JH602095.1	NW_004624782.1
hetGla2:JH602096	JH602096		JH602096.1	JH602096.1	NW_004624783.1
hetGla2:JH602097	JH602097		JH602097.1	JH602097.1	NW_004624784.1
hetGla2:JH602098	JH602098		JH602098.1	JH602098.1	NW_004624785.1
hetGla2:JH602099	JH602099		JH602099.1	JH602099.1	NW_004624786.1
hetGla2:JH602100	JH602100		JH602100.1	JH602100.1	NW_004624787.1
hetGla2:JH602101	JH602101		JH602101.1	JH602101.1	NW_004624788.1
hetGla2:JH602102	JH602102		JH602102.1	JH602102.1	NW_004624789.1
hetGla2:JH602103	JH602103		JH602103.1	JH602103.1	NW_004624790.1
hetGla2:JH602104	JH602104		JH602104.1	JH602104.1	NW_004624791.1
hetGla2:JH602105	JH602105		JH602105.1	JH602105.1	NW_004624792.1
hetGla2:JH602106	JH602106		JH602106.1	JH602106.1	NW_004624793.1
hetGla2:JH602107	JH602107		JH602107.1	JH602107.1	NW_004624794.1
hetGla2:JH602108	JH602108		JH602108.1	JH602108.1	NW_004624795.1
hetGla2:JH602109	JH602109		JH602109.1	JH602109.1	NW_004624796.1
hetGla2:JH602110	JH602110		JH602110.1	JH602110.1	NW_004624797.1
hetGla2:JH602111	JH602111		JH602111.1	JH602111.1	NW_004624798.1
hetGla2:JH602112	JH602112		JH602112.1	JH602112.1	NW_004624799.1
hetGla2:JH602113	JH602113		JH602113.1	JH602113.1	NW_004624800.1
hetGla2:JH602114	JH602114		JH602114.1	JH602114.1	NW_004624801.1
hetGla2:JH602115	JH602115		JH602115.1	JH602115.1	NW_004624802.1
hetGla2:JH602116	JH602116		JH602116.1	JH602116.1	NW_004624803.1
hetGla2:JH602117	JH602117		JH602117.1	JH602117.1	NW_004624804.1
hetGla2:JH602118	JH602118		JH602118.1	JH602118.1	NW_004624805.1
hetGla2:JH602119	JH602119		JH602119.1	JH602119.1	NW_004624806.1
hetGla2:JH602120	JH602120		JH602120.1	JH602120.1	NW_004624807.1
hetGla2:JH602121	JH602121		JH602121.1	JH602121.1	NW_004624808.1
hetGla2:JH602122	JH602122		JH602122.1	JH602122.1	NW_004624809.1
hetGla2:JH602123	JH602123		JH602123.1	JH602123.1	NW_004624810.1
hetGla2:JH602124	JH602124		JH602124.1	JH602124.1	NW_004624811.1
hetGla2:JH602125	JH602125		JH602125.1	JH602125.1	NW_004624812.1
hetGla2:JH602126	JH602126		JH602126.1	JH602126.1	NW_004624813.1
hetGla2:JH602127	JH602127		JH602127.1	JH602127.1	NW_004624814.1
hetGla2:JH602128	JH602128		JH602128.1	JH602128.1	NW_004624815.1
hetGla2:JH602129	JH602129		JH602129.1	JH602129.1	NW_004624816.1
hetGla2:JH602130	JH602130		JH602130.1	JH602130.1	NW_004624817.1
hetGla2:JH602131	JH602131		JH602131.1	JH602131.1	NW_004624818.1
hetGla2:JH602132	JH602132		JH602132.1	JH602132.1	NW_004624819.1
hetGla2:JH602133	JH602133		JH602133.1	JH602133.1	NW_004624820.1
hetGla2:JH602134	JH602134		JH602134.1	JH602134.1	NW_004624821.1
hetGla2:JH602135	JH602135		JH602135.1	JH602135.1	NW_004624822.1
hetGla2:JH602136	JH602136		JH602136.1	JH602136.1	NW_004624823.1
hetGla2:JH602137	JH602137		JH602137.1	JH602137.1	NW_004624824.1
hetGla2:JH602138	JH602138		JH602138.1	JH602138.1	NW_004624825.1
hetGla2:JH602139	JH602139		JH602139.1	JH602139.1	NW_004624826.1
hetGla2:JH602140	JH602140		JH602140.1	JH602140.1	NW_004624827.1
hetGla2:JH602141	JH602141		JH602141.1	JH602141.1	NW_004624828.1
hetGla2:JH602142	JH602142		JH602142.1	JH602142.1	NW_004624829.1
hetGla2:JH602143	JH602143		JH602143.1	JH602143.1	NW_004624830.1
hetGla2:JH602144	JH602144		JH602144.1	JH602144.1	NW_004624831.1
hetGla2:JH602145	JH602145		JH602145.1	JH602145.1	NW_004624832.1
hetGla2:JH602146	JH602146		JH602146.1	JH602146.1	NW_004624833.1
hetGla2:JH602147	JH602147		JH602147.1	JH602147.1	NW_004624834.1
hetGla2:JH602148	JH602148		JH602148.1	JH602148.1	NW_004624835.1
hetGla2:JH602149	JH602149		JH602149.1	JH602149.1	NW_004624836.1
hetGla2:JH602150	JH602150		JH602150.1	JH602150.1	NW_004624837.1
hetGla2:JH602151	JH602151		JH602151.1	JH602151.1	NW_004624838.1
hetGla2:JH602152	JH602152		JH602152.1	JH602152.1	NW_004624839.1
hetGla2:JH602153	JH602153		JH602153.1	JH602153.1	NW_004624840.1
hetGla2:JH602154	JH602154		JH602154.1	JH602154.1	NW_004624841.1
hetGla2:JH602155	JH602155		JH602155.1	JH602155.1	NW_004624842.1
hetGla2:JH602156	JH602156		JH602156.1	JH602156.1	NW_004624843.1
hetGla2:JH602157	JH602157		JH602157.1	JH602157.1	NW_004624844.1
hetGla2:JH602158	JH602158		JH602158.1	JH602158.1	NW_004624845.1
hetGla2:JH602159	JH602159		JH602159.1	JH602159.1	NW_004624846.1
hetGla2:JH602160	JH602160		JH602160.1	JH602160.1	NW_004624847.1
hetGla2:JH602161	JH602161		JH602161.1	JH602161.1	NW_004624848.1
hetGla2:JH602162	JH602162		JH602162.1	JH602162.1	NW_004624849.1
hetGla2:JH602163	JH602163		JH602163.1	JH602163.1	NW_004624850.1
hetGla2:JH602164	JH602164		JH602164.1	JH602164.1	NW_004624851.1
hetGla2:JH602165	JH602165		JH602165.1	JH602165.1	NW_004624852.1
hetGla2:JH602166	JH602166		JH602166.1	JH602166.1	NW_004624853.1
hetGla2:JH602167	JH602167		JH602167.1	JH602167.1	NW_004624854.1
hetGla2:JH602168	JH602168		JH602168.1	JH602168.1	NW_004624855.1
hetGla2:JH602169	JH602169		JH602169.1	JH602169.1	NW_004624856.1
hetGla2:JH602170	JH602170		JH602170.1	JH602170.1	NW_004624857.1
hetGla2:JH602171	JH602171		JH602171.1	JH602171.1	NW_004624858.1
hetGla2:JH602172	JH602172		JH602172.1	JH602172.1	NW_004624859.1
hetGla2:JH602173	JH602173		JH602173.1	JH602173.1	NW_004624860.1
hetGla2:JH602174	JH602174		JH602174.1	JH602174.1	NW_004624861.1
hetGla2:JH602175	JH602175		JH602175.1	JH602175.1	NW_004624862.1
hetGla2:JH602176	JH602176		JH602176.1	JH602176.1	NW_004624863.1
hetGla2:JH602177	JH602177		JH602177.1	JH602177.1	NW_004624864.1
hetGla2:JH602178	JH602178		JH602178.1	JH602178.1	NW_004624865.1
hetGla2:JH602179	JH602179		JH602179.1	JH602179.1	NW_004624866.1
hetGla2:JH602180	JH602180		JH602180.1	JH602180.1	NW_004624867.1
hetGla2:JH602181	JH602181		JH602181.1	JH602181.1	NW_004624868.1
hetGla2:JH602182	JH602182		JH602182.1	JH602182.1	NW_004624869.1
hetGla2:JH602183	JH602183		JH602183.1	JH602183.1	NW_004624870.1
hetGla2:JH602184	JH602184		JH602184.1	JH602184.1	NW_004624871.1
hetGla2:JH602185	JH602185		JH602185.1	JH602185.1	NW_004624872.1
hetGla2:JH602186	JH602186		JH602186.1	JH602186.1	NW_004624873.1
hetGla2:JH602187	JH602187		JH602187.1	JH602187.1	NW_004624874.1
hetGla2:JH602188	JH602188		JH602188.1	JH602188.1	NW_004624875.1
hetGla2:JH602189	JH602189		JH602189.1	JH602189.1	NW_004624876.1
hetGla2:JH602190	JH602190		JH602190.1	JH602190.1	NW_004624877.1
hetGla2:JH602191	JH602191		JH602191.1	JH602191.1	NW_004624878.1
hetGla2:JH602192	JH602192		JH602192.1	JH602192.1	NW_004624879.1
hetGla2:JH602193	JH602193		JH602193.1	JH602193.1	NW_004624880.1
hetGla2:JH602194	JH602194		JH602194.1	JH602194.1	NW_004624881.1
hetGla2:JH602195	JH602195		JH602195.1	JH602195.1	NW_004624882.1
hetGla2:JH602196	JH602196		JH602196.1	JH602196.1	NW_004624883.1
hetGla2:JH602197	JH602197		JH602197.1	JH602197.1	NW_004624884.1
hetGla2:JH602198	JH602198		JH602198.1	JH602198.1	NW_004624885.1
hetGla2:JH602199	JH602199		JH602199.1	JH602199.1	NW_004624886.1
hetGla2:JH602200	JH602200		JH602200.1	JH602200.1	NW_004624887.1
hetGla2:JH602201	JH602201		JH602201.1	JH602201.1	NW_004624888.1
hetGla2:JH602202	JH602202		JH602202.1	JH602202.1	NW_004624889.1
hetGla2:JH602203	JH602203		JH602203.1	JH602203.1	NW_004624890.1
hetGla2:JH602204	JH602204		JH602204.1	JH602204.1	NW_004624891.1
hetGla2:JH602205	JH602205		JH602205.1	JH602205.1	NW_004624892.1
hetGla2:JH602206	JH602206		JH602206.1	JH602206.1	NW_004624893.1
hetGla2:JH602207	JH602207		JH602207.1	JH602207.1	NW_004624894.1
hetGla2:JH602208	JH602208		JH602208.1	JH602208.1	NW_004624895.1
hetGla2:JH602209	JH602209		JH602209.1	JH602209.1	NW_004624896.1
hetGla2:JH602210	JH602210		JH602210.1	JH602210.1	NW_004624897.1
hetGla2:JH602211	JH602211		JH602211.1	JH602211.1	NW_004624898.1
hetGla2:JH602212	JH602212		JH602212.1	JH602212.1	NW_004624899.1
hetGla2:JH602213	JH602213		JH602213.1	JH602213.1	NW_004624900.1
hetGla2:JH602214	JH602214		JH602214.1	JH602214.1	NW_004624901.1
hetGla2:JH602215	JH602215		JH602215.1	JH602215.1	NW_004624902.1
hetGla2:JH602216	JH602216		JH602216.1	JH602216.1	NW_004624903.1
hetGla2:JH602217	JH602217		JH602217.1	JH602217.1	NW_004624904.1
hetGla2:JH602218	JH602218		JH602218.1	JH602218.1	NW_004624905.1
hetGla2:JH602219	JH602219		JH602219.1	JH602219.1	NW_004624906.1
hetGla2:JH602220	JH602220		JH602220.1	JH602220.1	NW_004624907.1
hetGla2:JH602221	JH602221		JH602221.1	JH602221.1	NW_004624908.1
hetGla2:JH602222	JH602222		JH602222.1	JH602222.1	NW_004624909.1
hetGla2:JH602223	JH602223		JH602223.1	JH602223.1	NW_004624910.1
hetGla2:JH602224	JH602224		JH602224.1	JH602224.1	NW_004624911.1
hetGla2:JH602225	JH602225		JH602225.1	JH602225.1	NW_004624912.1
hetGla2:JH602226	JH602226		JH602226.1	JH602226.1	NW_004624913.1
hetGla2:JH602227	JH602227		JH602227.1	JH602227.1	NW_004624914.1
hetGla2:JH602228	JH602228		JH602228.1	JH602228.1	NW_004624915.1
hetGla2:JH602229	JH602229		JH602229.1	JH602229.1	NW_004624916.1
hetGla2:JH602230	JH602230		JH602230.1	JH602230.1	NW_004624917.1
hetGla2:JH602231	JH602231		JH602231.1	JH602231.1	NW_004624918.1
hetGla2:JH602232	JH602232		JH602232.1	JH602232.1	NW_004624919.1
hetGla2:JH602233	JH602233		JH602233.1	JH602233.1	NW_004624920.1
hetGla2:JH602234	JH602234		JH602234.1	JH602234.1	NW_004624921.1
hetGla2:JH602235	JH602235		JH602235.1	JH602235.1	NW_004624922.1
hetGla2:JH602236	JH602236		JH602236.1	JH602236.1	NW_004624923.1
hetGla2:JH602237	JH602237		JH602237.1	JH602237.1	NW_004624924.1
hetGla2:JH602238	JH602238		JH602238.1	JH602238.1	NW_004624925.1
hetGla2:JH602239	JH602239		JH602239.1	JH602239.1	NW_004624926.1
hetGla2:JH602240	JH602240		JH602240.1	JH602240.1	NW_004624927.1
hetGla2:JH602241	JH602241		JH602241.1	JH602241.1	NW_004624928.1
hetGla2:JH602242	JH602242		JH602242.1	JH602242.1	NW_004624929.1
hetGla2:JH602243	JH602243		JH602243.1	JH602243.1	NW_004624930.1
hetGla2:JH602244	JH602244		JH602244.1	JH602244.1	NW_004624931.1
hetGla2:JH602245	JH602245		JH602245.1	JH602245.1	NW_004624932.1
hetGla2:JH602246	JH602246		JH602246.1	JH602246.1	NW_004624933.1
hetGla2:JH602247	JH602247		JH602247.1	JH602247.1	NW_004624934.1
hetGla2:JH602248	JH602248		JH602248.1	JH602248.1	NW_004624935.1
hetGla2:JH602249	JH602249		JH602249.1	JH602249.1	NW_004624936.1
hetGla2:JH602250	JH602250		JH602250.1	JH602250.1	NW_004624937.1
hetGla2:JH602251	JH602251		JH602251.1	JH602251.1	NW_004624938.1
hetGla2:JH602252	JH602252		JH602252.1	JH602252.1	NW_004624939.1
hetGla2:JH602253	JH602253		JH602253.1	JH602253.1	NW_004624940.1
hetGla2:JH602254	JH602254		JH602254.1	JH602254.1	NW_004624941.1
hetGla2:JH602255	JH602255		JH602255.1	JH602255.1	NW_004624942.1
hetGla2:JH602256	JH602256		JH602256.1	JH602256.1	NW_004624943.1
hetGla2:JH602257	JH602257		JH602257.1	JH602257.1	NW_004624944.1
hetGla2:JH602258	JH602258		JH602258.1	JH602258.1	NW_004624945.1
hetGla2:JH602259	JH602259		JH602259.1	JH602259.1	NW_004624946.1
hetGla2:JH602260	JH602260		JH602260.1	JH602260.1	NW_004624947.1
hetGla2:JH602261	JH602261		JH602261.1	JH602261.1	NW_004624948.1
hetGla2:JH602262	JH602262		JH602262.1	JH602262.1	NW_004624949.1
hetGla2:JH602263	JH602263		JH602263.1	JH602263.1	NW_004624950.1
hetGla2:JH602264	JH602264		JH602264.1	JH602264.1	NW_004624951.1
hetGla2:JH602265	JH602265		JH602265.1	JH602265.1	NW_004624952.1
hetGla2:JH602266	JH602266		JH602266.1	JH602266.1	NW_004624953.1
hetGla2:JH602267	JH602267		JH602267.1	JH602267.1	NW_004624954.1
hetGla2:JH602268	JH602268		JH602268.1	JH602268.1	NW_004624955.1
hetGla2:JH602269	JH602269		JH602269.1	JH602269.1	NW_004624956.1
hetGla2:JH602270	JH602270		JH602270.1	JH602270.1	NW_004624957.1
hetGla2:JH602271	JH602271		JH602271.1	JH602271.1	NW_004624958.1
hetGla2:JH602272	JH602272		JH602272.1	JH602272.1	NW_004624959.1
hetGla2:JH602273	JH602273		JH602273.1	JH602273.1	NW_004624960.1
hetGla2:JH602274	JH602274		JH602274.1	JH602274.1	NW_004624961.1
hetGla2:JH602275	JH602275		JH602275.1	JH602275.1	NW_004624962.1
hetGla2:JH602276	JH602276		JH602276.1	JH602276.1	NW_004624963.1
hetGla2:JH602277	JH602277		JH602277.1	JH602277.1	NW_004624964.1
hetGla2:JH602278	JH602278		JH602278.1	JH602278.1	NW_004624965.1
hetGla2:JH602279	JH602279		JH602279.1	JH602279.1	NW_004624966.1
hetGla2:JH602280	JH602280		JH602280.1	JH602280.1	NW_004624967.1
hetGla2:JH602281	JH602281		JH602281.1	JH602281.1	NW_004624968.1
hetGla2:JH602282	JH602282		JH602282.1	JH602282.1	NW_004624969.1
hetGla2:JH602283	JH602283		JH602283.1	JH602283.1	NW_004624970.1
hetGla2:JH602284	JH602284		JH602284.1	JH602284.1	NW_004624971.1
hetGla2:JH602285	JH602285		JH602285.1	JH602285.1	NW_004624972.1
hetGla2:JH602286	JH602286		JH602286.1	JH602286.1	NW_004624973.1
hetGla2:JH602287	JH602287		JH602287.1	JH602287.1	NW_004624974.1
hetGla2:JH602288	JH602288		JH602288.1	JH602288.1	NW_004624975.1
hetGla2:JH602289	JH602289		JH602289.1	JH602289.1	NW_004624976.1
hetGla2:JH602290	JH602290		JH602290.1	JH602290.1	NW_004624977.1
hetGla2:JH602291	JH602291		JH602291.1	JH602291.1	NW_004624978.1
hetGla2:JH602292	JH602292		JH602292.1	JH602292.1	NW_004624979.1
hetGla2:JH602293	JH602293		JH602293.1	JH602293.1	NW_004624980.1
hetGla2:JH602294	JH602294		JH602294.1	JH602294.1	NW_004624981.1
hetGla2:JH602295	JH602295		JH602295.1	JH602295.1	NW_004624982.1
hetGla2:JH602296	JH602296		JH602296.1	JH602296.1	NW_004624983.1
hetGla2:JH602297	JH602297		JH602297.1	JH602297.1	NW_004624984.1
hetGla2:JH602298	JH602298		JH602298.1	JH602298.1	NW_004624985.1
hetGla2:JH602299	JH602299		JH602299.1	JH602299.1	NW_004624986.1
hetGla2:JH602300	JH602300		JH602300.1	JH602300.1	NW_004624987.1
hetGla2:JH602301	JH602301		JH602301.1	JH602301.1	NW_004624988.1
hetGla2:JH602302	JH602302		JH602302.1	JH602302.1	NW_004624989.1
hetGla2:JH602303	JH602303		JH602303.1	JH602303.1	NW_004624990.1
hetGla2:JH602304	JH602304		JH602304.1	JH602304.1	NW_004624991.1
hetGla2:JH602305	JH602305		JH602305.1	JH602305.1	NW_004624992.1
hetGla2:JH602306	JH602306		JH602306.1	JH602306.1	NW_004624993.1
hetGla2:JH602307	JH602307		JH602307.1	JH602307.1	NW_004624994.1
hetGla2:JH602308	JH602308		JH602308.1	JH602308.1	NW_004624995.1
hetGla2:JH602309	JH602309		JH602309.1	JH602309.1	NW_004624996.1
hetGla2:JH602310	JH602310		JH602310.1	JH602310.1	NW_004624997.1
hetGla2:JH602311	JH602311		JH602311.1	JH602311.1	NW_004624998.1
hetGla2:JH602312	JH602312		JH602312.1	JH602312.1	NW_004624999.1
hetGla2:JH602313	JH602313		JH602313.1	JH602313.1	NW_004625000.1
hetGla2:JH602314	JH602314		JH602314.1	JH602314.1	NW_004625001.1
hetGla2:JH602315	JH602315		JH602315.1	JH602315.1	NW_004625002.1
hetGla2:JH602316	JH602316		JH602316.1	JH602316.1	NW_004625003.1
hetGla2:JH602317	JH602317		JH602317.1	JH602317.1	NW_004625004.1
hetGla2:JH602318	JH602318		JH602318.1	JH602318.1	NW_004625005.1
hetGla2:JH602319	JH602319		JH602319.1	JH602319.1	NW_004625006.1
hetGla2:JH602320	JH602320		JH602320.1	JH602320.1	NW_004625007.1
hetGla2:JH602321	JH602321		JH602321.1	JH602321.1	NW_004625008.1
hetGla2:JH602322	JH602322		JH602322.1	JH602322.1	NW_004625009.1
hetGla2:JH602323	JH602323		JH602323.1	JH602323.1	NW_004625010.1
hetGla2:JH602324	JH602324		JH602324.1	JH602324.1	NW_004625011.1
hetGla2:JH602325	JH602325		JH602325.1	JH602325.1	NW_004625012.1
hetGla2:JH602326	JH602326		JH602326.1	JH602326.1	NW_004625013.1
hetGla2:JH602327	JH602327		JH602327.1	JH602327.1	NW_004625014.1
hetGla2:JH602328	JH602328		JH602328.1	JH602328.1	NW_004625015.1
hetGla2:JH602329	JH602329		JH602329.1	JH602329.1	NW_004625016.1
hetGla2:JH602330	JH602330		JH602330.1	JH602330.1	NW_004625017.1
hetGla2:JH602331	JH602331		JH602331.1	JH602331.1	NW_004625018.1
hetGla2:JH602332	JH602332		JH602332.1	JH602332.1	NW_004625019.1
hetGla2:JH602333	JH602333		JH602333.1	JH602333.1	NW_004625020.1
hetGla2:JH602334	JH602334		JH602334.1	JH602334.1	NW_004625021.1
hetGla2:JH602335	JH602335		JH602335.1	JH602335.1	NW_004625022.1
hetGla2:JH602336	JH602336		JH602336.1	JH602336.1	NW_004625023.1
hetGla2:JH602337	JH602337		JH602337.1	JH602337.1	NW_004625024.1
hetGla2:JH602338	JH602338		JH602338.1	JH602338.1	NW_004625025.1
hetGla2:JH602339	JH602339		JH602339.1	JH602339.1	NW_004625026.1
hetGla2:JH602340	JH602340		JH602340.1	JH602340.1	NW_004625027.1
hetGla2:JH602341	JH602341		JH602341.1	JH602341.1	NW_004625028.1
hetGla2:JH602342	JH602342		JH602342.1	JH602342.1	NW_004625029.1
hetGla2:JH602343	JH602343		JH602343.1	JH602343.1	NW_004625030.1
hetGla2:JH602344	JH602344		JH602344.1	JH602344.1	NW_004625031.1
hetGla2:JH602345	JH602345		JH602345.1	JH602345.1	NW_004625032.1
hetGla2:JH602346	JH602346		JH602346.1	JH602346.1	NW_004625033.1
hetGla2:JH602347	JH602347		JH602347.1	JH602347.1	NW_004625034.1
hetGla2:JH602348	JH602348		JH602348.1	JH602348.1	NW_004625035.1
hetGla2:JH602349	JH602349		JH602349.1	JH602349.1	NW_004625036.1
hetGla2:JH602350	JH602350		JH602350.1	JH602350.1	NW_004625037.1
hetGla2:JH602351	JH602351		JH602351.1	JH602351.1	NW_004625038.1
hetGla2:JH602352	JH602352		JH602352.1	JH602352.1	NW_004625039.1
hetGla2:JH602353	JH602353		JH602353.1	JH602353.1	NW_004625040.1
hetGla2:JH602354	JH602354		JH602354.1	JH602354.1	NW_004625041.1
hetGla2:JH602355	JH602355		JH602355.1	JH602355.1	NW_004625042.1
hetGla2:JH602356	JH602356		JH602356.1	JH602356.1	NW_004625043.1
hetGla2:JH602357	JH602357		JH602357.1	JH602357.1	NW_004625044.1
hetGla2:JH602358	JH602358		JH602358.1	JH602358.1	NW_004625045.1
hetGla2:JH602359	JH602359		JH602359.1	JH602359.1	NW_004625046.1
hetGla2:JH602360	JH602360		JH602360.1	JH602360.1	NW_004625047.1
hetGla2:JH602361	JH602361		JH602361.1	JH602361.1	NW_004625048.1
hetGla2:JH602362	JH602362		JH602362.1	JH602362.1	NW_004625049.1
hetGla2:JH602363	JH602363		JH602363.1	JH602363.1	NW_004625050.1
hetGla2:JH602364	JH602364		JH602364.1	JH602364.1	NW_004625051.1
hetGla2:JH602365	JH602365		JH602365.1	JH602365.1	NW_004625052.1
hetGla2:JH602366	JH602366		JH602366.1	JH602366.1	NW_004625053.1
hetGla2:JH602367	JH602367		JH602367.1	JH602367.1	NW_004625054.1
hetGla2:JH602368	JH602368		JH602368.1	JH602368.1	NW_004625055.1
hetGla2:JH602369	JH602369		JH602369.1	JH602369.1	NW_004625056.1
hetGla2:JH602370	JH602370		JH602370.1	JH602370.1	NW_004625057.1
hetGla2:JH602371	JH602371		JH602371.1	JH602371.1	NW_004625058.1
hetGla2:JH602372	JH602372		JH602372.1	JH602372.1	NW_004625059.1
hetGla2:JH602373	JH602373		JH602373.1	JH602373.1	NW_004625060.1
hetGla2:JH602374	JH602374		JH602374.1	JH602374.1	NW_004625061.1
hetGla2:JH602375	JH602375		JH602375.1	JH602375.1	NW_004625062.1
hetGla2:JH602376	JH602376		JH602376.1	JH602376.1	NW_004625063.1
hetGla2:JH602377	JH602377		JH602377.1	JH602377.1	NW_004625064.1
hetGla2:JH602378	JH602378		JH602378.1	JH602378.1	NW_004625065.1
hetGla2:JH602379	JH602379		JH602379.1	JH602379.1	NW_004625066.1
hetGla2:JH602380	JH602380		JH602380.1	JH602380.1	NW_004625067.1
hetGla2:JH602381	JH602381		JH602381.1	JH602381.1	NW_004625068.1
hetGla2:JH602382	JH602382		JH602382.1	JH602382.1	NW_004625069.1
hetGla2:JH602383	JH602383		JH602383.1	JH602383.1	NW_004625070.1
hetGla2:JH602384	JH602384		JH602384.1	JH602384.1	NW_004625071.1
hetGla2:JH602385	JH602385		JH602385.1	JH602385.1	NW_004625072.1
hetGla2:JH602386	JH602386		JH602386.1	JH602386.1	NW_004625073.1
hetGla2:JH602387	JH602387		JH602387.1	JH602387.1	NW_004625074.1
hetGla2:JH602388	JH602388		JH602388.1	JH602388.1	NW_004625075.1
hetGla2:JH602389	JH602389		JH602389.1	JH602389.1	NW_004625076.1
hetGla2:JH602390	JH602390		JH602390.1	JH602390.1	NW_004625077.1
hetGla2:JH602391	JH602391		JH602391.1	JH602391.1	NW_004625078.1
hetGla2:JH602392	JH602392		JH602392.1	JH602392.1	NW_004625079.1
hetGla2:JH602393	JH602393		JH602393.1	JH602393.1	NW_004625080.1
hetGla2:JH602394	JH602394		JH602394.1	JH602394.1	NW_004625081.1
hetGla2:JH602395	JH602395		JH602395.1	JH602395.1	NW_004625082.1
hetGla2:JH602396	JH602396		JH602396.1	JH602396.1	NW_004625083.1
hetGla2:JH602397	JH602397		JH602397.1	JH602397.1	NW_004625084.1
hetGla2:JH602398	JH602398		JH602398.1	JH602398.1	NW_004625085.1
hetGla2:JH602399	JH602399		JH602399.1	JH602399.1	NW_004625086.1
hetGla2:JH602400	JH602400		JH602400.1	JH602400.1	NW_004625087.1
hetGla2:JH602401	JH602401		JH602401.1	JH602401.1	NW_004625089.1
hetGla2:JH602402	JH602402		JH602402.1	JH602402.1	NW_004625090.1
hetGla2:JH602403	JH602403		JH602403.1	JH602403.1	NW_004625091.1
hetGla2:JH602404	JH602404		JH602404.1	JH602404.1	NW_004625092.1
hetGla2:JH602405	JH602405		JH602405.1	JH602405.1	NW_004625093.1
hetGla2:JH602406	JH602406		JH602406.1	JH602406.1	NW_004625094.1
hetGla2:JH602407	JH602407		JH602407.1	JH602407.1	NW_004625095.1
hetGla2:JH602408	JH602408		JH602408.1	JH602408.1	NW_004625096.1
hetGla2:JH602409	JH602409		JH602409.1	JH602409.1	NW_004625097.1
hetGla2:JH602410	JH602410		JH602410.1	JH602410.1	NW_004625098.1
hetGla2:JH602411	JH602411		JH602411.1	JH602411.1	NW_004625099.1
hetGla2:JH602412	JH602412		JH602412.1	JH602412.1	NW_004625100.1
hetGla2:JH602413	JH602413		JH602413.1	JH602413.1	NW_004625102.1
hetGla2:JH602414	JH602414		JH602414.1	JH602414.1	NW_004625103.1
hetGla2:JH602415	JH602415		JH602415.1	JH602415.1	NW_004625105.1
hetGla2:JH602416	JH602416		JH602416.1	JH602416.1	NW_004625106.1
hetGla2:JH602417	JH602417		JH602417.1	JH602417.1	NW_004625107.1
hetGla2:JH602418	JH602418		JH602418.1	JH602418.1	NW_004625108.1
hetGla2:JH602419	JH602419		JH602419.1	JH602419.1	NW_004625109.1
hetGla2:JH602420	JH602420		JH602420.1	JH602420.1	NW_004625110.1
hetGla2:JH602421	JH602421		JH602421.1	JH602421.1	NW_004625111.1
hetGla2:JH602422	JH602422		JH602422.1	JH602422.1	NW_004625112.1
hetGla2:JH602423	JH602423		JH602423.1	JH602423.1	NW_004625115.1
hetGla2:JH602424	JH602424		JH602424.1	JH602424.1	NW_004625116.1
hetGla2:JH602425	JH602425		JH602425.1	JH602425.1	NW_004625117.1
hetGla2:JH602426	JH602426		JH602426.1	JH602426.1	NW_004625120.1
hetGla2:JH602427	JH602427		JH602427.1	JH602427.1	NW_004625123.1
hetGla2:JH602428	JH602428		JH602428.1	JH602428.1	NW_004625124.1
hetGla2:JH602429	JH602429		JH602429.1	JH602429.1	NW_004625125.1
hetGla2:JH602430	JH602430		JH602430.1	JH602430.1	NW_004625126.1
hetGla2:JH602431	JH602431		JH602431.1	JH602431.1	NW_004625127.1
hetGla2:JH602432	JH602432		JH602432.1	JH602432.1	NW_004625128.1
hetGla2:JH602433	JH602433		JH602433.1	JH602433.1	NW_004625129.1
hetGla2:JH602434	JH602434		JH602434.1	JH602434.1	NW_004625131.1
hetGla2:JH602435	JH602435		JH602435.1	JH602435.1	NW_004625132.1
hetGla2:JH602436	JH602436		JH602436.1	JH602436.1	NW_004625135.1
hetGla2:JH602437	JH602437		JH602437.1	JH602437.1	NW_004625136.1
hetGla2:JH602438	JH602438		JH602438.1	JH602438.1	NW_004625137.1
hetGla2:JH602439	JH602439		JH602439.1	JH602439.1	NW_004625139.1
hetGla2:JH602440	JH602440		JH602440.1	JH602440.1	NW_004625140.1
hetGla2:JH602441	JH602441		JH602441.1	JH602441.1	NW_004625141.1
hetGla2:JH602442	JH602442		JH602442.1	JH602442.1	NW_004625142.1
hetGla2:JH602443	JH602443		JH602443.1	JH602443.1	NW_004625143.1
hetGla2:JH602444	JH602444		JH602444.1	JH602444.1	NW_004625144.1
hetGla2:JH602445	JH602445		JH602445.1	JH602445.1	NW_004625145.1
hetGla2:JH602446	JH602446		JH602446.1	JH602446.1	NW_004625147.1
hetGla2:JH602447	JH602447		JH602447.1	JH602447.1	NW_004625149.1
hetGla2:JH602448	JH602448		JH602448.1	JH602448.1	NW_004625150.1
hetGla2:JH602449	JH602449		JH602449.1	JH602449.1	NW_004625151.1
hetGla2:JH602450	JH602450		JH602450.1	JH602450.1	NW_004625152.1
hetGla2:JH602451	JH602451		JH602451.1	JH602451.1	NW_004625153.1
hetGla2:JH602452	JH602452		JH602452.1	JH602452.1	NW_004625154.1
hetGla2:JH602453	JH602453		JH602453.1	JH602453.1	NW_004625155.1
hetGla2:JH602454	JH602454		JH602454.1	JH602454.1	NW_004625156.1
hetGla2:JH602455	JH602455		JH602455.1	JH602455.1	NW_004625159.1
hetGla2:JH602456	JH602456		JH602456.1	JH602456.1	NW_004625160.1
hetGla2:JH602457	JH602457		JH602457.1	JH602457.1	NW_004625162.1
hetGla2:JH602458	JH602458		JH602458.1	JH602458.1	NW_004625164.1
hetGla2:JH602459	JH602459		JH602459.1	JH602459.1	NW_004625166.1
hetGla2:JH602460	JH602460		JH602460.1	JH602460.1	NW_004625168.1
hetGla2:JH602461	JH602461		JH602461.1	JH602461.1	NW_004625169.1
hetGla2:JH602462	JH602462		JH602462.1	JH602462.1	NW_004625171.1
hetGla2:JH602463	JH602463		JH602463.1	JH602463.1	NW_004625172.1
hetGla2:JH602464	JH602464		JH602464.1	JH602464.1	NW_004625174.1
hetGla2:JH602465	JH602465		JH602465.1	JH602465.1	NW_004625176.1
hetGla2:JH602466	JH602466		JH602466.1	JH602466.1	NW_004625177.1
hetGla2:JH602467	JH602467		JH602467.1	JH602467.1	NW_004625178.1
hetGla2:JH602468	JH602468		JH602468.1	JH602468.1	NW_004625179.1
hetGla2:JH602469	JH602469		JH602469.1	JH602469.1	NW_004625180.1
hetGla2:JH602470	JH602470		JH602470.1	JH602470.1	NW_004625181.1
hetGla2:JH602471	JH602471		JH602471.1	JH602471.1	NW_004625182.1
hetGla2:JH602472	JH602472		JH602472.1	JH602472.1	NW_004625183.1
hetGla2:JH602473	JH602473		JH602473.1	JH602473.1	NW_004625184.1
hetGla2:JH602474	JH602474		JH602474.1	JH602474.1	NW_004625185.1
hetGla2:JH602475	JH602475		JH602475.1	JH602475.1	NW_004625186.1
hetGla2:JH602476	JH602476		JH602476.1	JH602476.1	NW_004625187.1
hetGla2:JH602477	JH602477		JH602477.1	JH602477.1	NW_004625188.1
hetGla2:JH602478	JH602478		JH602478.1	JH602478.1	NW_004625189.1
hetGla2:JH602479	JH602479		JH602479.1	JH602479.1	NW_004625190.1
hetGla2:JH602480	JH602480		JH602480.1	JH602480.1	NW_004625192.1
hetGla2:JH602481	JH602481		JH602481.1	JH602481.1	NW_004625193.1
hetGla2:JH602482	JH602482		JH602482.1	JH602482.1	NW_004625194.1
hetGla2:JH602483	JH602483		JH602483.1	JH602483.1	NW_004625195.1
hetGla2:JH602484	JH602484		JH602484.1	JH602484.1	NW_004625198.1
hetGla2:JH602485	JH602485		JH602485.1	JH602485.1	NW_004625199.1
hetGla2:JH602486	JH602486		JH602486.1	JH602486.1	NW_004625200.1
hetGla2:JH602487	JH602487		JH602487.1	JH602487.1	NW_004625201.1
hetGla2:JH602488	JH602488		JH602488.1	JH602488.1	NW_004625205.1
hetGla2:JH602489	JH602489		JH602489.1	JH602489.1	NW_004625206.1
hetGla2:JH602490	JH602490		JH602490.1	JH602490.1	NW_004625207.1
hetGla2:JH602491	JH602491		JH602491.1	JH602491.1	NW_004625208.1
hetGla2:JH602492	JH602492		JH602492.1	JH602492.1	NW_004625210.1
hetGla2:JH602493	JH602493		JH602493.1	JH602493.1	NW_004625211.1
hetGla2:JH602494	JH602494		JH602494.1	JH602494.1	NW_004625213.1
hetGla2:JH602495	JH602495		JH602495.1	JH602495.1	NW_004625214.1
hetGla2:JH602496	JH602496		JH602496.1	JH602496.1	NW_004625215.1
hetGla2:JH602497	JH602497		JH602497.1	JH602497.1	NW_004625217.1
hetGla2:JH602498	JH602498		JH602498.1	JH602498.1	NW_004625218.1
hetGla2:JH602499	JH602499		JH602499.1	JH602499.1	NW_004625219.1
hetGla2:JH602500	JH602500		JH602500.1	JH602500.1	NW_004625220.1
hetGla2:JH602501	JH602501		JH602501.1	JH602501.1	NW_004625221.1
hetGla2:JH602502	JH602502		JH602502.1	JH602502.1	NW_004625222.1
hetGla2:JH602503	JH602503		JH602503.1	JH602503.1	NW_004625223.1
hetGla2:JH602504	JH602504		JH602504.1	JH602504.1	NW_004625227.1
hetGla2:JH602505	JH602505		JH602505.1	JH602505.1	NW_004625228.1
hetGla2:JH602506	JH602506		JH602506.1	JH602506.1	NW_004625230.1
hetGla2:JH602507	JH602507		JH602507.1	JH602507.1	NW_004625231.1
hetGla2:JH602508	JH602508		JH602508.1	JH602508.1	NW_004625233.1
hetGla2:JH602509	JH602509		JH602509.1	JH602509.1	NW_004625234.1
hetGla2:JH602510	JH602510		JH602510.1	JH602510.1	NW_004625236.1
hetGla2:JH602511	JH602511		JH602511.1	JH602511.1	NW_004625237.1
hetGla2:JH602512	JH602512		JH602512.1	JH602512.1	NW_004625238.1
hetGla2:JH602513	JH602513		JH602513.1	JH602513.1	NW_004625239.1
hetGla2:JH602514	JH602514		JH602514.1	JH602514.1	NW_004625240.1
hetGla2:JH602515	JH602515		JH602515.1	JH602515.1	NW_004625241.1
hetGla2:JH602516	JH602516		JH602516.1	JH602516.1	NW_004625244.1
hetGla2:JH602517	JH602517		JH602517.1	JH602517.1	NW_004625245.1
hetGla2:JH602518	JH602518		JH602518.1	JH602518.1	NW_004625246.1
hetGla2:JH602519	JH602519		JH602519.1	JH602519.1	NW_004625247.1
hetGla2:JH602520	JH602520		JH602520.1	JH602520.1	NW_004625248.1
hetGla2:JH602521	JH602521		JH602521.1	JH602521.1	NW_004625249.1
hetGla2:JH602522	JH602522		JH602522.1	JH602522.1	NW_004625251.1
hetGla2:JH602523	JH602523		JH602523.1	JH602523.1	NW_004625252.1
hetGla2:JH602524	JH602524		JH602524.1	JH602524.1	NW_004625254.1
hetGla2:JH602525	JH602525		JH602525.1	JH602525.1	NW_004625255.1
hetGla2:JH602526	JH602526		JH602526.1	JH602526.1	NW_004625256.1
hetGla2:JH602527	JH602527		JH602527.1	JH602527.1	NW_004625257.1
hetGla2:JH602528	JH602528		JH602528.1	JH602528.1	NW_004625259.1
hetGla2:JH602529	JH602529		JH602529.1	JH602529.1	NW_004625261.1
hetGla2:JH602530	JH602530		JH602530.1	JH602530.1	NW_004625262.1
hetGla2:JH602531	JH602531		JH602531.1	JH602531.1	NW_004625263.1
hetGla2:JH602532	JH602532		JH602532.1	JH602532.1	NW_004625264.1
hetGla2:JH602533	JH602533		JH602533.1	JH602533.1	NW_004625265.1
hetGla2:JH602534	JH602534		JH602534.1	JH602534.1	NW_004625266.1
hetGla2:JH602535	JH602535		JH602535.1	JH602535.1	NW_004625269.1
hetGla2:JH602536	JH602536		JH602536.1	JH602536.1	NW_004625271.1
hetGla2:JH602537	JH602537		JH602537.1	JH602537.1	NW_004625272.1
hetGla2:JH602538	JH602538		JH602538.1	JH602538.1	NW_004625273.1
hetGla2:JH602539	JH602539		JH602539.1	JH602539.1	NW_004625275.1
hetGla2:JH602540	JH602540		JH602540.1	JH602540.1	NW_004625276.1
hetGla2:JH602541	JH602541		JH602541.1	JH602541.1	NW_004625279.1
hetGla2:JH602542	JH602542		JH602542.1	JH602542.1	NW_004625280.1
hetGla2:JH602543	JH602543		JH602543.1	JH602543.1	NW_004625284.1
hetGla2:JH602544	JH602544		JH602544.1	JH602544.1	NW_004625285.1
hetGla2:JH602545	JH602545		JH602545.1	JH602545.1	NW_004625287.1
hetGla2:JH602546	JH602546		JH602546.1	JH602546.1	NW_004625289.1
hetGla2:JH602547	JH602547		JH602547.1	JH602547.1	NW_004625290.1
hetGla2:JH602548	JH602548		JH602548.1	JH602548.1	NW_004625291.1
hetGla2:JH602549	JH602549		JH602549.1	JH602549.1	NW_004625292.1
hetGla2:JH602550	JH602550		JH602550.1	JH602550.1	NW_004625294.1
hetGla2:JH602551	JH602551		JH602551.1	JH602551.1	NW_004625295.1
hetGla2:JH602552	JH602552		JH602552.1	JH602552.1	NW_004625297.1
hetGla2:JH602553	JH602553		JH602553.1	JH602553.1	NW_004625298.1
hetGla2:JH602554	JH602554		JH602554.1	JH602554.1	NW_004625299.1
hetGla2:JH602555	JH602555		JH602555.1	JH602555.1	NW_004625301.1
hetGla2:JH602556	JH602556		JH602556.1	JH602556.1	NW_004625302.1
hetGla2:JH602557	JH602557		JH602557.1	JH602557.1	NW_004625304.1
hetGla2:JH602558	JH602558		JH602558.1	JH602558.1	NW_004625305.1
hetGla2:JH602559	JH602559		JH602559.1	JH602559.1	NW_004625306.1
hetGla2:JH602560	JH602560		JH602560.1	JH602560.1	NW_004625307.1
hetGla2:JH602561	JH602561		JH602561.1	JH602561.1	NW_004625308.1
hetGla2:JH602562	JH602562		JH602562.1	JH602562.1	NW_004625309.1
hetGla2:JH602563	JH602563		JH602563.1	JH602563.1	NW_004625310.1
hetGla2:JH602564	JH602564		JH602564.1	JH602564.1	NW_004625311.1
hetGla2:JH602565	JH602565		JH602565.1	JH602565.1	NW_004625312.1
hetGla2:JH602566	JH602566		JH602566.1	JH602566.1	NW_004625313.1
hetGla2:JH602567	JH602567		JH602567.1	JH602567.1	NW_004625314.1
hetGla2:JH602568	JH602568		JH602568.1	JH602568.1	NW_004625316.1
hetGla2:JH602569	JH602569		JH602569.1	JH602569.1	NW_004625318.1
hetGla2:JH602570	JH602570		JH602570.1	JH602570.1	NW_004625321.1
hetGla2:JH602571	JH602571		JH602571.1	JH602571.1	NW_004625323.1
hetGla2:JH602572	JH602572		JH602572.1	JH602572.1	NW_004625324.1
hetGla2:JH602573	JH602573		JH602573.1	JH602573.1	NW_004625326.1
hetGla2:JH602574	JH602574		JH602574.1	JH602574.1	NW_004625327.1
hetGla2:JH602575	JH602575		JH602575.1	JH602575.1	NW_004625329.1
hetGla2:JH602576	JH602576		JH602576.1	JH602576.1	NW_004625330.1
hetGla2:JH602577	JH602577		JH602577.1	JH602577.1	NW_004625331.1
hetGla2:JH602578	JH602578		JH602578.1	JH602578.1	NW_004625333.1
hetGla2:JH602579	JH602579		JH602579.1	JH602579.1	NW_004625334.1
hetGla2:JH602580	JH602580		JH602580.1	JH602580.1	NW_004625336.1
hetGla2:JH602581	JH602581		JH602581.1	JH602581.1	NW_004625338.1
hetGla2:JH602582	JH602582		JH602582.1	JH602582.1	NW_004625339.1
hetGla2:JH602583	JH602583		JH602583.1	JH602583.1	NW_004625341.1
hetGla2:JH602584	JH602584		JH602584.1	JH602584.1	NW_004625342.1
hetGla2:JH602585	JH602585		JH602585.1	JH602585.1	NW_004625344.1
hetGla2:JH602586	JH602586		JH602586.1	JH602586.1	NW_004625345.1
hetGla2:JH602587	JH602587		JH602587.1	JH602587.1	NW_004625346.1
hetGla2:JH602588	JH602588		JH602588.1	JH602588.1	NW_004625349.1
hetGla2:JH602589	JH602589		JH602589.1	JH602589.1	NW_004625350.1
hetGla2:JH602590	JH602590		JH602590.1	JH602590.1	NW_004625351.1
hetGla2:JH602591	JH602591		JH602591.1	JH602591.1	NW_004625354.1
hetGla2:JH602592	JH602592		JH602592.1	JH602592.1	NW_004625356.1
hetGla2:JH602593	JH602593		JH602593.1	JH602593.1	NW_004625357.1
hetGla2:JH602594	JH602594		JH602594.1	JH602594.1	NW_004625358.1
hetGla2:JH602595	JH602595		JH602595.1	JH602595.1	NW_004625361.1
hetGla2:JH602596	JH602596		JH602596.1	JH602596.1	NW_004625362.1
hetGla2:JH602597	JH602597		JH602597.1	JH602597.1	NW_004625363.1
hetGla2:JH602598	JH602598		JH602598.1	JH602598.1	NW_004625364.1
hetGla2:JH602599	JH602599		JH602599.1	JH602599.1	NW_004625365.1
hetGla2:JH602600	JH602600		JH602600.1	JH602600.1	NW_004625366.1
hetGla2:JH602601	JH602601		JH602601.1	JH602601.1	NW_004625367.1
hetGla2:JH602602	JH602602		JH602602.1	JH602602.1	NW_004625368.1
hetGla2:JH602603	JH602603		JH602603.1	JH602603.1	NW_004625369.1
hetGla2:JH602604	JH602604		JH602604.1	JH602604.1	NW_004625370.1
hetGla2:JH602605	JH602605		JH602605.1	JH602605.1	NW_004625371.1
hetGla2:JH602606	JH602606		JH602606.1	JH602606.1	NW_004625372.1
hetGla2:JH602607	JH602607		JH602607.1	JH602607.1	NW_004625373.1
hetGla2:JH602608	JH602608		JH602608.1	JH602608.1	NW_004625374.1
hetGla2:JH602609	JH602609		JH602609.1	JH602609.1	NW_004625375.1
hetGla2:JH602610	JH602610		JH602610.1	JH602610.1	NW_004625377.1
hetGla2:JH602611	JH602611		JH602611.1	JH602611.1	NW_004625378.1
hetGla2:JH602612	JH602612		JH602612.1	JH602612.1	NW_004625381.1
hetGla2:JH602613	JH602613		JH602613.1	JH602613.1	NW_004625383.1
hetGla2:JH602614	JH602614		JH602614.1	JH602614.1	NW_004625384.1
hetGla2:JH602615	JH602615		JH602615.1	JH602615.1	NW_004625386.1
hetGla2:JH602616	JH602616		JH602616.1	JH602616.1	NW_004625388.1
hetGla2:JH602617	JH602617		JH602617.1	JH602617.1	NW_004625389.1
hetGla2:JH602618	JH602618		JH602618.1	JH602618.1	NW_004625391.1
hetGla2:JH602619	JH602619		JH602619.1	JH602619.1	NW_004625392.1
hetGla2:JH602620	JH602620		JH602620.1	JH602620.1	NW_004625393.1
hetGla2:JH602621	JH602621		JH602621.1	JH602621.1	NW_004625395.1
hetGla2:JH602622	JH602622		JH602622.1	JH602622.1	NW_004625396.1
hetGla2:JH602623	JH602623		JH602623.1	JH602623.1	NW_004625397.1
hetGla2:JH602624	JH602624		JH602624.1	JH602624.1	NW_004625398.1
hetGla2:JH602625	JH602625		JH602625.1	JH602625.1	NW_004625399.1
hetGla2:JH602626	JH602626		JH602626.1	JH602626.1	NW_004625402.1
hetGla2:JH602627	JH602627		JH602627.1	JH602627.1	NW_004625404.1
hetGla2:JH602628	JH602628		JH602628.1	JH602628.1	NW_004625406.1
hetGla2:JH602629	JH602629		JH602629.1	JH602629.1	NW_004625407.1
hetGla2:JH602630	JH602630		JH602630.1	JH602630.1	NW_004625408.1
hetGla2:JH602631	JH602631		JH602631.1	JH602631.1	NW_004625409.1
hetGla2:JH602632	JH602632		JH602632.1	JH602632.1	NW_004625411.1
hetGla2:JH602633	JH602633		JH602633.1	JH602633.1	NW_004625412.1
hetGla2:JH602634	JH602634		JH602634.1	JH602634.1	NW_004625413.1
hetGla2:JH602635	JH602635		JH602635.1	JH602635.1	NW_004625414.1
hetGla2:JH602636	JH602636		JH602636.1	JH602636.1	NW_004625417.1
hetGla2:JH602637	JH602637		JH602637.1	JH602637.1	NW_004625418.1
hetGla2:JH602638	JH602638		JH602638.1	JH602638.1	NW_004625419.1
hetGla2:JH602639	JH602639		JH602639.1	JH602639.1	NW_004625420.1
hetGla2:JH602640	JH602640		JH602640.1	JH602640.1	NW_004625421.1
hetGla2:JH602641	JH602641		JH602641.1	JH602641.1	NW_004625422.1
hetGla2:JH602642	JH602642		JH602642.1	JH602642.1	NW_004625423.1
hetGla2:JH602643	JH602643		JH602643.1	JH602643.1	NW_004625424.1
hetGla2:JH602644	JH602644		JH602644.1	JH602644.1	NW_004625426.1
hetGla2:JH602645	JH602645		JH602645.1	JH602645.1	NW_004625427.1
hetGla2:JH602646	JH602646		JH602646.1	JH602646.1	NW_004625428.1
hetGla2:JH602647	JH602647		JH602647.1	JH602647.1	NW_004625429.1
hetGla2:JH602648	JH602648		JH602648.1	JH602648.1	NW_004625430.1
hetGla2:JH602649	JH602649		JH602649.1	JH602649.1	NW_004625431.1
hetGla2:JH602650	JH602650		JH602650.1	JH602650.1	NW_004625432.1
hetGla2:JH602651	JH602651		JH602651.1	JH602651.1	NW_004625433.1
hetGla2:JH602652	JH602652		JH602652.1	JH602652.1	NW_004625435.1
hetGla2:JH602653	JH602653		JH602653.1	JH602653.1	NW_004625437.1
hetGla2:JH602654	JH602654		JH602654.1	JH602654.1	NW_004625440.1
hetGla2:JH602655	JH602655		JH602655.1	JH602655.1	NW_004625443.1
hetGla2:JH602656	JH602656		JH602656.1	JH602656.1	NW_004625444.1
hetGla2:JH602657	JH602657		JH602657.1	JH602657.1	NW_004625445.1
hetGla2:JH602658	JH602658		JH602658.1	JH602658.1	NW_004625446.1
hetGla2:JH602659	JH602659		JH602659.1	JH602659.1	NW_004625447.1
hetGla2:JH602660	JH602660		JH602660.1	JH602660.1	NW_004625448.1
hetGla2:JH602661	JH602661		JH602661.1	JH602661.1	NW_004625449.1
hetGla2:JH602662	JH602662		JH602662.1	JH602662.1	NW_004625450.1
hetGla2:JH602663	JH602663		JH602663.1	JH602663.1	NW_004625451.1
hetGla2:JH602664	JH602664		JH602664.1	JH602664.1	NW_004625452.1
hetGla2:JH602665	JH602665		JH602665.1	JH602665.1	NW_004625453.1
hetGla2:JH602666	JH602666		JH602666.1	JH602666.1	NW_004625456.1
hetGla2:JH602667	JH602667		JH602667.1	JH602667.1	NW_004625459.1
hetGla2:JH602668	JH602668		JH602668.1	JH602668.1	NW_004625462.1
hetGla2:JH602669	JH602669		JH602669.1	JH602669.1	NW_004625463.1
hetGla2:JH602670	JH602670		JH602670.1	JH602670.1	NW_004625464.1
hetGla2:JH602671	JH602671		JH602671.1	JH602671.1	NW_004625465.1
hetGla2:JH602672	JH602672		JH602672.1	JH602672.1	NW_004625467.1
hetGla2:JH602673	JH602673		JH602673.1	JH602673.1	NW_004625468.1
hetGla2:JH602674	JH602674		JH602674.1	JH602674.1	NW_004625470.1
hetGla2:JH602675	JH602675		JH602675.1	JH602675.1	NW_004625471.1
hetGla2:JH602676	JH602676		JH602676.1	JH602676.1	NW_004625473.1
hetGla2:JH602677	JH602677		JH602677.1	JH602677.1	NW_004625474.1
hetGla2:JH602678	JH602678		JH602678.1	JH602678.1	NW_004625476.1
hetGla2:JH602679	JH602679		JH602679.1	JH602679.1	NW_004625477.1
hetGla2:JH602680	JH602680		JH602680.1	JH602680.1	NW_004625478.1
hetGla2:JH602681	JH602681		JH602681.1	JH602681.1	NW_004625480.1
hetGla2:JH602682	JH602682		JH602682.1	JH602682.1	NW_004625481.1
hetGla2:JH602683	JH602683		JH602683.1	JH602683.1	NW_004625482.1
hetGla2:JH602684	JH602684		JH602684.1	JH602684.1	NW_004625483.1
hetGla2:JH602685	JH602685		JH602685.1	JH602685.1	NW_004625484.1
hetGla2:JH602686	JH602686		JH602686.1	JH602686.1	NW_004625485.1
hetGla2:JH602687	JH602687		JH602687.1	JH602687.1	NW_004625487.1
hetGla2:JH602688	JH602688		JH602688.1	JH602688.1	NW_004625488.1
hetGla2:JH602689	JH602689		JH602689.1	JH602689.1	NW_004625489.1
hetGla2:JH602690	JH602690		JH602690.1	JH602690.1	NW_004625490.1
hetGla2:JH602691	JH602691		JH602691.1	JH602691.1	NW_004625491.1
hetGla2:JH602692	JH602692		JH602692.1	JH602692.1	NW_004625492.1
hetGla2:JH602693	JH602693		JH602693.1	JH602693.1	NW_004625493.1
hetGla2:JH602694	JH602694		JH602694.1	JH602694.1	NW_004625495.1
hetGla2:JH602695	JH602695		JH602695.1	JH602695.1	NW_004625496.1
hetGla2:JH602696	JH602696		JH602696.1	JH602696.1	NW_004625497.1
hetGla2:JH602697	JH602697		JH602697.1	JH602697.1	NW_004625498.1
hetGla2:JH602698	JH602698		JH602698.1	JH602698.1	NW_004625499.1
hetGla2:JH602699	JH602699		JH602699.1	JH602699.1	NW_004625503.1
hetGla2:JH602700	JH602700		JH602700.1	JH602700.1	NW_004625504.1
hetGla2:JH602701	JH602701		JH602701.1	JH602701.1	NW_004625508.1
hetGla2:JH602702	JH602702		JH602702.1	JH602702.1	NW_004625509.1
hetGla2:JH602703	JH602703		JH602703.1	JH602703.1	NW_004625511.1
hetGla2:JH602704	JH602704		JH602704.1	JH602704.1	NW_004625513.1
hetGla2:JH602705	JH602705		JH602705.1	JH602705.1	NW_004625514.1
hetGla2:JH602706	JH602706		JH602706.1	JH602706.1	NW_004625515.1
hetGla2:JH602707	JH602707		JH602707.1	JH602707.1	NW_004625518.1
hetGla2:JH602708	JH602708		JH602708.1	JH602708.1	NW_004625521.1
hetGla2:JH602709	JH602709		JH602709.1	JH602709.1	NW_004625529.1
hetGla2:JH602710	JH602710		JH602710.1	JH602710.1	NW_004625533.1
hetGla2:JH602711	JH602711		JH602711.1	JH602711.1	NW_004625534.1
hetGla2:JH602712	JH602712		JH602712.1	JH602712.1	NW_004625535.1
hetGla2:JH602713	JH602713		JH602713.1	JH602713.1	NW_004625537.1
hetGla2:JH602714	JH602714		JH602714.1	JH602714.1	NW_004625538.1
hetGla2:JH602715	JH602715		JH602715.1	JH602715.1	NW_004625540.1
hetGla2:JH602716	JH602716		JH602716.1	JH602716.1	NW_004625542.1
hetGla2:JH602717	JH602717		JH602717.1	JH602717.1	NW_004625547.1
hetGla2:JH602718	JH602718		JH602718.1	JH602718.1	NW_004625549.1
hetGla2:JH602719	JH602719		JH602719.1	JH602719.1	NW_004625550.1
hetGla2:JH602720	JH602720		JH602720.1	JH602720.1	NW_004625552.1
hetGla2:JH602721	JH602721		JH602721.1	JH602721.1	NW_004625553.1
hetGla2:JH602722	JH602722		JH602722.1	JH602722.1	NW_004625555.1
hetGla2:JH602723	JH602723		JH602723.1	JH602723.1	NW_004625557.1
hetGla2:JH602724	JH602724		JH602724.1	JH602724.1	NW_004625560.1
hetGla2:JH602725	JH602725		JH602725.1	JH602725.1	NW_004625562.1
hetGla2:JH602726	JH602726		JH602726.1	JH602726.1	NW_004625563.1
hetGla2:JH602727	JH602727		JH602727.1	JH602727.1	NW_004625564.1
hetGla2:JH602728	JH602728		JH602728.1	JH602728.1	NW_004625565.1
hetGla2:JH602729	JH602729		JH602729.1	JH602729.1	NW_004625569.1
hetGla2:JH602730	JH602730		JH602730.1	JH602730.1	NW_004625571.1
hetGla2:JH602731	JH602731		JH602731.1	JH602731.1	NW_004625573.1
hetGla2:JH602732	JH602732		JH602732.1	JH602732.1	NW_004625577.1
hetGla2:JH602733	JH602733		JH602733.1	JH602733.1	NW_004625578.1
hetGla2:JH602734	JH602734		JH602734.1	JH602734.1	NW_004625579.1
hetGla2:JH602735	JH602735		JH602735.1	JH602735.1	NW_004625585.1
hetGla2:JH602736	JH602736		JH602736.1	JH602736.1	NW_004625586.1
hetGla2:JH602737	JH602737		JH602737.1	JH602737.1	NW_004625587.1
hetGla2:JH602738	JH602738		JH602738.1	JH602738.1	NW_004625588.1
hetGla2:JH602739	JH602739		JH602739.1	JH602739.1	NW_004625589.1
hetGla2:JH602740	JH602740		JH602740.1	JH602740.1	NW_004625591.1
hetGla2:JH602741	JH602741		JH602741.1	JH602741.1	NW_004625593.1
hetGla2:JH602742	JH602742		JH602742.1	JH602742.1	NW_004625594.1
hetGla2:JH602743	JH602743		JH602743.1	JH602743.1	NW_004625597.1
hetGla2:JH602744	JH602744		JH602744.1	JH602744.1	NW_004625599.1
hetGla2:JH602745	JH602745		JH602745.1	JH602745.1	NW_004625600.1
hetGla2:JH602746	JH602746		JH602746.1	JH602746.1	NW_004625602.1
hetGla2:JH602747	JH602747		JH602747.1	JH602747.1	NW_004625606.1
hetGla2:JH602748	JH602748		JH602748.1	JH602748.1	NW_004625608.1
hetGla2:JH602749	JH602749		JH602749.1	JH602749.1	NW_004625609.1
hetGla2:JH602750	JH602750		JH602750.1	JH602750.1	NW_004625613.1
hetGla2:JH602751	JH602751		JH602751.1	JH602751.1	NW_004625615.1
hetGla2:JH602752	JH602752		JH602752.1	JH602752.1	NW_004625617.1
hetGla2:JH602753	JH602753		JH602753.1	JH602753.1	NW_004625620.1
hetGla2:JH602754	JH602754		JH602754.1	JH602754.1	NW_004625622.1
hetGla2:JH602755	JH602755		JH602755.1	JH602755.1	NW_004625623.1
hetGla2:JH602756	JH602756		JH602756.1	JH602756.1	NW_004625624.1
hetGla2:JH602757	JH602757		JH602757.1	JH602757.1	NW_004625628.1
hetGla2:JH602758	JH602758		JH602758.1	JH602758.1	NW_004625629.1
hetGla2:JH602759	JH602759		JH602759.1	JH602759.1	NW_004625630.1
hetGla2:JH602760	JH602760		JH602760.1	JH602760.1	NW_004625636.1
hetGla2:JH602761	JH602761		JH602761.1	JH602761.1	NW_004625638.1
hetGla2:JH602762	JH602762		JH602762.1	JH602762.1	NW_004625641.1
hetGla2:JH602763	JH602763		JH602763.1	JH602763.1	NW_004625644.1
hetGla2:JH602764	JH602764		JH602764.1	JH602764.1	NW_004625645.1
hetGla2:JH602765	JH602765		JH602765.1	JH602765.1	NW_004625646.1
hetGla2:JH602766	JH602766		JH602766.1	JH602766.1	NW_004625647.1
hetGla2:JH602767	JH602767		JH602767.1	JH602767.1	NW_004625648.1
hetGla2:JH602768	JH602768		JH602768.1	JH602768.1	NW_004625650.1
hetGla2:JH602769	JH602769		JH602769.1	JH602769.1	NW_004625653.1
hetGla2:JH602770	JH602770		JH602770.1	JH602770.1	NW_004625654.1
hetGla2:JH602771	JH602771		JH602771.1	JH602771.1	NW_004625655.1
hetGla2:JH602772	JH602772		JH602772.1	JH602772.1	NW_004625657.1
hetGla2:JH602773	JH602773		JH602773.1	JH602773.1	NW_004625658.1
hetGla2:JH602774	JH602774		JH602774.1	JH602774.1	NW_004625660.1
hetGla2:JH602775	JH602775		JH602775.1	JH602775.1	NW_004625661.1
hetGla2:JH602776	JH602776		JH602776.1	JH602776.1	NW_004625662.1
hetGla2:JH602777	JH602777		JH602777.1	JH602777.1	NW_004625665.1
hetGla2:JH602778	JH602778		JH602778.1	JH602778.1	NW_004625666.1
hetGla2:JH602779	JH602779		JH602779.1	JH602779.1	NW_004625667.1
hetGla2:JH602780	JH602780		JH602780.1	JH602780.1	NW_004625668.1
hetGla2:JH602781	JH602781		JH602781.1	JH602781.1	NW_004625669.1
hetGla2:JH602782	JH602782		JH602782.1	JH602782.1	NW_004625670.1
hetGla2:JH602783	JH602783		JH602783.1	JH602783.1	NW_004625674.1
hetGla2:JH602784	JH602784		JH602784.1	JH602784.1	NW_004625675.1
hetGla2:JH602785	JH602785		JH602785.1	JH602785.1	NW_004625676.1
hetGla2:JH602786	JH602786		JH602786.1	JH602786.1	NW_004625677.1
hetGla2:JH602787	JH602787		JH602787.1	JH602787.1	NW_004625678.1
hetGla2:JH602788	JH602788		JH602788.1	JH602788.1	NW_004625679.1
hetGla2:JH602789	JH602789		JH602789.1	JH602789.1	NW_004625680.1
hetGla2:JH602790	JH602790		JH602790.1	JH602790.1	NW_004625683.1
hetGla2:JH602791	JH602791		JH602791.1	JH602791.1	NW_004625684.1
hetGla2:JH602792	JH602792		JH602792.1	JH602792.1	NW_004625688.1
hetGla2:JH602793	JH602793		JH602793.1	JH602793.1	NW_004625691.1
hetGla2:JH602794	JH602794		JH602794.1	JH602794.1	NW_004625692.1
hetGla2:JH602795	JH602795		JH602795.1	JH602795.1	NW_004625693.1
hetGla2:JH602796	JH602796		JH602796.1	JH602796.1	NW_004625694.1
hetGla2:JH602797	JH602797		JH602797.1	JH602797.1	NW_004625695.1
hetGla2:JH602798	JH602798		JH602798.1	JH602798.1	NW_004625696.1
hetGla2:JH602799	JH602799		JH602799.1	JH602799.1	NW_004625698.1
hetGla2:JH602800	JH602800		JH602800.1	JH602800.1	NW_004625699.1
hetGla2:JH602801	JH602801		JH602801.1	JH602801.1	NW_004625700.1
hetGla2:JH602802	JH602802		JH602802.1	JH602802.1	NW_004625702.1
hetGla2:JH602803	JH602803		JH602803.1	JH602803.1	NW_004625704.1
hetGla2:JH602804	JH602804		JH602804.1	JH602804.1	NW_004625706.1
hetGla2:JH602805	JH602805		JH602805.1	JH602805.1	NW_004625707.1
hetGla2:JH602806	JH602806		JH602806.1	JH602806.1	NW_004625708.1
hetGla2:JH602807	JH602807		JH602807.1	JH602807.1	NW_004625711.1
hetGla2:JH602808	JH602808		JH602808.1	JH602808.1	NW_004625712.1
hetGla2:JH602809	JH602809		JH602809.1	JH602809.1	NW_004625714.1
hetGla2:JH602810	JH602810		JH602810.1	JH602810.1	NW_004625715.1
hetGla2:JH602811	JH602811		JH602811.1	JH602811.1	NW_004625716.1
hetGla2:JH602812	JH602812		JH602812.1	JH602812.1	NW_004625717.1
hetGla2:JH602813	JH602813		JH602813.1	JH602813.1	NW_004625718.1
hetGla2:JH602814	JH602814		JH602814.1	JH602814.1	NW_004625719.1
hetGla2:JH602815	JH602815		JH602815.1	JH602815.1	NW_004625720.1
hetGla2:JH602816	JH602816		JH602816.1	JH602816.1	NW_004625721.1
hetGla2:JH602817	JH602817		JH602817.1	JH602817.1	NW_004625723.1
hetGla2:JH602818	JH602818		JH602818.1	JH602818.1	NW_004625724.1
hetGla2:JH602819	JH602819		JH602819.1	JH602819.1	NW_004625725.1
hetGla2:JH602820	JH602820		JH602820.1	JH602820.1	NW_004625728.1
hetGla2:JH602821	JH602821		JH602821.1	JH602821.1	NW_004625729.1
hetGla2:JH602822	JH602822		JH602822.1	JH602822.1	NW_004625730.1
hetGla2:JH602823	JH602823		JH602823.1	JH602823.1	NW_004625731.1
hetGla2:JH602824	JH602824		JH602824.1	JH602824.1	NW_004625732.1
hetGla2:JH602825	JH602825		JH602825.1	JH602825.1	NW_004625733.1
hetGla2:JH602826	JH602826		JH602826.1	JH602826.1	NW_004625736.1
hetGla2:JH602827	JH602827		JH602827.1	JH602827.1	NW_004625738.1
hetGla2:JH602828	JH602828		JH602828.1	JH602828.1	NW_004625739.1
hetGla2:JH602829	JH602829		JH602829.1	JH602829.1	NW_004625741.1
hetGla2:JH602830	JH602830		JH602830.1	JH602830.1	NW_004625742.1
hetGla2:JH602831	JH602831		JH602831.1	JH602831.1	NW_004625743.1
hetGla2:JH602832	JH602832		JH602832.1	JH602832.1	NW_004625747.1
hetGla2:JH602833	JH602833		JH602833.1	JH602833.1	NW_004625748.1
hetGla2:JH602834	JH602834		JH602834.1	JH602834.1	NW_004625749.1
hetGla2:JH602835	JH602835		JH602835.1	JH602835.1	NW_004625752.1
hetGla2:JH602836	JH602836		JH602836.1	JH602836.1	NW_004625753.1
hetGla2:JH602837	JH602837		JH602837.1	JH602837.1	NW_004625757.1
hetGla2:JH602838	JH602838		JH602838.1	JH602838.1	NW_004625758.1
hetGla2:JH602839	JH602839		JH602839.1	JH602839.1	NW_004625759.1
hetGla2:JH602840	JH602840		JH602840.1	JH602840.1	NW_004625760.1
hetGla2:JH602841	JH602841		JH602841.1	JH602841.1	NW_004625761.1
hetGla2:JH602842	JH602842		JH602842.1	JH602842.1	NW_004625763.1
hetGla2:JH602843	JH602843		JH602843.1	JH602843.1	NW_004625764.1
hetGla2:JH602844	JH602844		JH602844.1	JH602844.1	NW_004625765.1
hetGla2:JH602845	JH602845		JH602845.1	JH602845.1	NW_004625766.1
hetGla2:JH602846	JH602846		JH602846.1	JH602846.1	NW_004625768.1
hetGla2:JH602847	JH602847		JH602847.1	JH602847.1	NW_004625769.1
hetGla2:JH602848	JH602848		JH602848.1	JH602848.1	NW_004625770.1
hetGla2:JH602849	JH602849		JH602849.1	JH602849.1	NW_004625773.1
hetGla2:JH602850	JH602850		JH602850.1	JH602850.1	NW_004625774.1
hetGla2:JH602851	JH602851		JH602851.1	JH602851.1	NW_004625775.1
hetGla2:JH602852	JH602852		JH602852.1	JH602852.1	NW_004625776.1
hetGla2:JH602853	JH602853		JH602853.1	JH602853.1	NW_004625777.1
hetGla2:JH602854	JH602854		JH602854.1	JH602854.1	NW_004625778.1
hetGla2:JH602855	JH602855		JH602855.1	JH602855.1	NW_004625779.1
hetGla2:JH602856	JH602856		JH602856.1	JH602856.1	NW_004625781.1
hetGla2:JH602857	JH602857		JH602857.1	JH602857.1	NW_004625782.1
hetGla2:JH602858	JH602858		JH602858.1	JH602858.1	NW_004625783.1
hetGla2:JH602859	JH602859		JH602859.1	JH602859.1	NW_004625784.1
hetGla2:JH602860	JH602860		JH602860.1	JH602860.1	NW_004625785.1
hetGla2:JH602861	JH602861		JH602861.1	JH602861.1	NW_004625786.1
hetGla2:JH602862	JH602862		JH602862.1	JH602862.1	NW_004625787.1
hetGla2:JH602863	JH602863		JH602863.1	JH602863.1	NW_004625788.1
hetGla2:JH602864	JH602864		JH602864.1	JH602864.1	NW_004625789.1
hetGla2:JH602865	JH602865		JH602865.1	JH602865.1	NW_004625790.1
hetGla2:JH602866	JH602866		JH602866.1	JH602866.1	NW_004625791.1
hetGla2:JH602867	JH602867		JH602867.1	JH602867.1	NW_004625792.1
hetGla2:JH602868	JH602868		JH602868.1	JH602868.1	NW_004625793.1
hetGla2:JH602869	JH602869		JH602869.1	JH602869.1	NW_004625794.1
hetGla2:JH602870	JH602870		JH602870.1	JH602870.1	NW_004625795.1
hetGla2:JH602871	JH602871		JH602871.1	JH602871.1	NW_004625798.1
hetGla2:JH602872	JH602872		JH602872.1	JH602872.1	NW_004625799.1
hetGla2:JH602873	JH602873		JH602873.1	JH602873.1	NW_004625800.1
hetGla2:JH602874	JH602874		JH602874.1	JH602874.1	NW_004625801.1
hetGla2:JH602875	JH602875		JH602875.1	JH602875.1	NW_004625802.1
hetGla2:JH602876	JH602876		JH602876.1	JH602876.1	NW_004625803.1
hetGla2:JH602877	JH602877		JH602877.1	JH602877.1	NW_004625804.1
hetGla2:JH602878	JH602878		JH602878.1	JH602878.1	NW_004625805.1
hetGla2:JH602879	JH602879		JH602879.1	JH602879.1	NW_004625806.1
hetGla2:JH602880	JH602880		JH602880.1	JH602880.1	NW_004625807.1
hetGla2:JH602881	JH602881		JH602881.1	JH602881.1	NW_004625808.1
hetGla2:JH602882	JH602882		JH602882.1	JH602882.1	NW_004625810.1
hetGla2:JH602883	JH602883		JH602883.1	JH602883.1	NW_004625811.1
hetGla2:JH602884	JH602884		JH602884.1	JH602884.1	NW_004625813.1
hetGla2:JH602885	JH602885		JH602885.1	JH602885.1	NW_004625816.1
hetGla2:JH602886	JH602886		JH602886.1	JH602886.1	NW_004625817.1
hetGla2:JH602887	JH602887		JH602887.1	JH602887.1	NW_004625818.1
hetGla2:JH602888	JH602888		JH602888.1	JH602888.1	NW_004625819.1
hetGla2:JH602889	JH602889		JH602889.1	JH602889.1	NW_004625820.1
hetGla2:JH602890	JH602890		JH602890.1	JH602890.1	NW_004625821.1
hetGla2:JH602891	JH602891		JH602891.1	JH602891.1	NW_004625823.1
hetGla2:JH602892	JH602892		JH602892.1	JH602892.1	NW_004625824.1
hetGla2:JH602893	JH602893		JH602893.1	JH602893.1	NW_004625826.1
hetGla2:JH602894	JH602894		JH602894.1	JH602894.1	NW_004625827.1
hetGla2:JH602895	JH602895		JH602895.1	JH602895.1	NW_004625829.1
hetGla2:JH602896	JH602896		JH602896.1	JH602896.1	NW_004625830.1
hetGla2:JH602897	JH602897		JH602897.1	JH602897.1	NW_004625833.1
hetGla2:JH602898	JH602898		JH602898.1	JH602898.1	NW_004625834.1
hetGla2:JH602899	JH602899		JH602899.1	JH602899.1	NW_004625835.1
hetGla2:JH602900	JH602900		JH602900.1	JH602900.1	NW_004625838.1
hetGla2:JH602901	JH602901		JH602901.1	JH602901.1	NW_004625842.1
hetGla2:JH602902	JH602902		JH602902.1	JH602902.1	NW_004625843.1
hetGla2:JH602903	JH602903		JH602903.1	JH602903.1	NW_004625844.1
hetGla2:JH602904	JH602904		JH602904.1	JH602904.1	NW_004625845.1
hetGla2:JH602905	JH602905		JH602905.1	JH602905.1	NW_004625846.1
hetGla2:JH602906	JH602906		JH602906.1	JH602906.1	NW_004625847.1
hetGla2:JH602907	JH602907		JH602907.1	JH602907.1	NW_004625848.1
hetGla2:JH602908	JH602908		JH602908.1	JH602908.1	NW_004625849.1
hetGla2:JH602909	JH602909		JH602909.1	JH602909.1	NW_004625850.1
hetGla2:JH602910	JH602910		JH602910.1	JH602910.1	NW_004625852.1
hetGla2:JH602911	JH602911		JH602911.1	JH602911.1	NW_004625853.1
hetGla2:JH602912	JH602912		JH602912.1	JH602912.1	NW_004625854.1
hetGla2:JH602913	JH602913		JH602913.1	JH602913.1	NW_004625855.1
hetGla2:JH602914	JH602914		JH602914.1	JH602914.1	NW_004625856.1
hetGla2:JH602915	JH602915		JH602915.1	JH602915.1	NW_004625857.1
hetGla2:JH602916	JH602916		JH602916.1	JH602916.1	NW_004625858.1
hetGla2:JH602917	JH602917		JH602917.1	JH602917.1	NW_004625860.1
hetGla2:JH602918	JH602918		JH602918.1	JH602918.1	NW_004625861.1
hetGla2:JH602919	JH602919		JH602919.1	JH602919.1	NW_004625862.1
hetGla2:JH602920	JH602920		JH602920.1	JH602920.1	NW_004625863.1
hetGla2:JH602921	JH602921		JH602921.1	JH602921.1	NW_004625865.1
hetGla2:JH602922	JH602922		JH602922.1	JH602922.1	NW_004625866.1
hetGla2:JH602923	JH602923		JH602923.1	JH602923.1	NW_004625869.1
hetGla2:JH602924	JH602924		JH602924.1	JH602924.1	NW_004625871.1
hetGla2:JH602925	JH602925		JH602925.1	JH602925.1	NW_004625872.1
hetGla2:JH602926	JH602926		JH602926.1	JH602926.1	NW_004625873.1
hetGla2:JH602927	JH602927		JH602927.1	JH602927.1	NW_004625874.1
hetGla2:JH602928	JH602928		JH602928.1	JH602928.1	NW_004625875.1
hetGla2:JH602929	JH602929		JH602929.1	JH602929.1	NW_004625876.1
hetGla2:JH602930	JH602930		JH602930.1	JH602930.1	NW_004625877.1
hetGla2:JH602931	JH602931		JH602931.1	JH602931.1	NW_004625878.1
hetGla2:JH602932	JH602932		JH602932.1	JH602932.1	NW_004625879.1
hetGla2:JH602933	JH602933		JH602933.1	JH602933.1	NW_004625881.1
hetGla2:JH602934	JH602934		JH602934.1	JH602934.1	NW_004625883.1
hetGla2:JH602935	JH602935		JH602935.1	JH602935.1	NW_004625887.1
hetGla2:JH602936	JH602936		JH602936.1	JH602936.1	NW_004625889.1
hetGla2:JH602937	JH602937		JH602937.1	JH602937.1	NW_004625891.1
hetGla2:JH602938	JH602938		JH602938.1	JH602938.1	NW_004625895.1
hetGla2:JH602939	JH602939		JH602939.1	JH602939.1	NW_004625897.1
hetGla2:JH602940	JH602940		JH602940.1	JH602940.1	NW_004625898.1
hetGla2:JH602941	JH602941		JH602941.1	JH602941.1	NW_004625900.1
hetGla2:JH602942	JH602942		JH602942.1	JH602942.1	NW_004625901.1
hetGla2:JH602943	JH602943		JH602943.1	JH602943.1	NW_004625903.1
hetGla2:JH602944	JH602944		JH602944.1	JH602944.1	NW_004625904.1
hetGla2:JH602945	JH602945		JH602945.1	JH602945.1	NW_004625906.1
hetGla2:JH602946	JH602946		JH602946.1	JH602946.1	NW_004625907.1
hetGla2:JH602947	JH602947		JH602947.1	JH602947.1	NW_004625908.1
hetGla2:JH602948	JH602948		JH602948.1	JH602948.1	NW_004625909.1
hetGla2:JH602949	JH602949		JH602949.1	JH602949.1	NW_004625910.1
hetGla2:JH602950	JH602950		JH602950.1	JH602950.1	NW_004625911.1
hetGla2:JH602951	JH602951		JH602951.1	JH602951.1	NW_004625912.1
hetGla2:JH602952	JH602952		JH602952.1	JH602952.1	NW_004625915.1
hetGla2:JH602953	JH602953		JH602953.1	JH602953.1	NW_004625916.1
hetGla2:JH602954	JH602954		JH602954.1	JH602954.1	NW_004625921.1
hetGla2:JH602955	JH602955		JH602955.1	JH602955.1	NW_004625922.1
hetGla2:JH602956	JH602956		JH602956.1	JH602956.1	NW_004625924.1
hetGla2:JH602957	JH602957		JH602957.1	JH602957.1	NW_004625925.1
hetGla2:JH602958	JH602958		JH602958.1	JH602958.1	NW_004625926.1
hetGla2:JH602959	JH602959		JH602959.1	JH602959.1	NW_004625927.1
hetGla2:JH602960	JH602960		JH602960.1	JH602960.1	NW_004625930.1
hetGla2:JH602961	JH602961		JH602961.1	JH602961.1	NW_004625931.1
hetGla2:JH602962	JH602962		JH602962.1	JH602962.1	NW_004625932.1
hetGla2:JH602963	JH602963		JH602963.1	JH602963.1	NW_004625934.1
hetGla2:JH602964	JH602964		JH602964.1	JH602964.1	NW_004625935.1
hetGla2:JH602965	JH602965		JH602965.1	JH602965.1	NW_004625938.1
hetGla2:JH602966	JH602966		JH602966.1	JH602966.1	NW_004625939.1
hetGla2:JH602967	JH602967		JH602967.1	JH602967.1	NW_004625940.1
hetGla2:JH602968	JH602968		JH602968.1	JH602968.1	NW_004625942.1
hetGla2:JH602969	JH602969		JH602969.1	JH602969.1	NW_004625944.1
hetGla2:JH602970	JH602970		JH602970.1	JH602970.1	NW_004625945.1
hetGla2:JH602971	JH602971		JH602971.1	JH602971.1	NW_004625946.1
hetGla2:JH602972	JH602972		JH602972.1	JH602972.1	NW_004625947.1
hetGla2:JH602973	JH602973		JH602973.1	JH602973.1	NW_004625948.1
hetGla2:JH602974	JH602974		JH602974.1	JH602974.1	NW_004625952.1
hetGla2:JH602975	JH602975		JH602975.1	JH602975.1	NW_004625954.1
hetGla2:JH602976	JH602976		JH602976.1	JH602976.1	NW_004625955.1
hetGla2:JH602977	JH602977		JH602977.1	JH602977.1	NW_004625956.1
hetGla2:JH602978	JH602978		JH602978.1	JH602978.1	NW_004625957.1
hetGla2:JH602979	JH602979		JH602979.1	JH602979.1	NW_004625959.1
hetGla2:JH602980	JH602980		JH602980.1	JH602980.1	NW_004625966.1
hetGla2:JH602981	JH602981		JH602981.1	JH602981.1	NW_004625967.1
hetGla2:JH602982	JH602982		JH602982.1	JH602982.1	NW_004625968.1
hetGla2:JH602983	JH602983		JH602983.1	JH602983.1	NW_004625969.1
hetGla2:JH602984	JH602984		JH602984.1	JH602984.1	NW_004625970.1
hetGla2:JH602985	JH602985		JH602985.1	JH602985.1	NW_004625972.1
hetGla2:JH602986	JH602986		JH602986.1	JH602986.1	NW_004625974.1
hetGla2:JH602987	JH602987		JH602987.1	JH602987.1	NW_004625975.1
hetGla2:JH602988	JH602988		JH602988.1	JH602988.1	NW_004625977.1
hetGla2:JH602989	JH602989		JH602989.1	JH602989.1	NW_004625978.1
hetGla2:JH602990	JH602990		JH602990.1	JH602990.1	NW_004625980.1
hetGla2:JH602991	JH602991		JH602991.1	JH602991.1	NW_004625984.1
hetGla2:JH602992	JH602992		JH602992.1	JH602992.1	NW_004625986.1
hetGla2:JH602993	JH602993		JH602993.1	JH602993.1	NW_004625988.1
hetGla2:JH602994	JH602994		JH602994.1	JH602994.1	NW_004625990.1
hetGla2:JH602995	JH602995		JH602995.1	JH602995.1	NW_004625992.1
hetGla2:JH602996	JH602996		JH602996.1	JH602996.1	NW_004625993.1
hetGla2:JH602997	JH602997		JH602997.1	JH602997.1	NW_004625994.1
hetGla2:JH602998	JH602998		JH602998.1	JH602998.1	NW_004625995.1
hetGla2:JH602999	JH602999		JH602999.1	JH602999.1	NW_004625997.1
hetGla2:JH603000	JH603000		JH603000.1	JH603000.1	NW_004625998.1
hetGla2:JH603001	JH603001		JH603001.1	JH603001.1	NW_004626004.1
hetGla2:JH603002	JH603002		JH603002.1	JH603002.1	NW_004626005.1
hetGla2:JH603003	JH603003		JH603003.1	JH603003.1	NW_004626007.1
hetGla2:JH603004	JH603004		JH603004.1	JH603004.1	NW_004626013.1
hetGla2:JH603005	JH603005		JH603005.1	JH603005.1	NW_004626015.1
hetGla2:JH603006	JH603006		JH603006.1	JH603006.1	NW_004626016.1
hetGla2:JH603007	JH603007		JH603007.1	JH603007.1	NW_004626018.1
hetGla2:JH603008	JH603008		JH603008.1	JH603008.1	NW_004626025.1
hetGla2:JH603009	JH603009		JH603009.1	JH603009.1	NW_004626033.1
hetGla2:JH603010	JH603010		JH603010.1	JH603010.1	NW_004626037.1
hetGla2:JH603011	JH603011		JH603011.1	JH603011.1	NW_004626046.1
hetGla2:JH603012	JH603012		JH603012.1	JH603012.1	NW_004626048.1
hetGla2:JH603013	JH603013		JH603013.1	JH603013.1	NW_004626050.1
hetGla2:JH603014	JH603014		JH603014.1	JH603014.1	NW_004626057.1
hetGla2:JH603015	JH603015		JH603015.1	JH603015.1	NW_004626072.1
hetGla2:JH603016	JH603016		JH603016.1	JH603016.1	NW_004626073.1
hetGla2:JH603017	JH603017		JH603017.1	JH603017.1	NW_004626086.1
hetGla2:JH603018	JH603018		JH603018.1	JH603018.1	NW_004626103.1
hetGla2:JH603019	JH603019		JH603019.1	JH603019.1	NW_004626117.1
hetGla2:JH603020	JH603020		JH603020.1	JH603020.1	NW_004626121.1
hetGla2:JH603021	JH603021		JH603021.1	JH603021.1	NW_004626130.1
hetGla2:JH603022	JH603022		JH603022.1	JH603022.1	NW_004626131.1
hetGla2:JH603023	JH603023		JH603023.1	JH603023.1	NW_004626138.1
hetGla2:JH603024	JH603024		JH603024.1	JH603024.1	NW_004626141.1
hetGla2:JH603025	JH603025		JH603025.1	JH603025.1	NW_004626146.1
hetGla2:JH603026	JH603026		JH603026.1	JH603026.1	NW_004626152.1
hetGla2:JH603027	JH603027		JH603027.1	JH603027.1	NW_004626158.1
hetGla2:JH603028	JH603028		JH603028.1	JH603028.1	NW_004626161.1
hetGla2:JH603029	JH603029		JH603029.1	JH603029.1	NW_004626176.1
hetGla2:JH603030	JH603030		JH603030.1	JH603030.1	NW_004626186.1
hetGla2:JH603031	JH603031		JH603031.1	JH603031.1	NW_004626203.1
hetGla2:JH603032	JH603032		JH603032.1	JH603032.1	NW_004626205.1
hetGla2:JH603033	JH603033		JH603033.1	JH603033.1	NW_004626208.1
hetGla2:JH603034	JH603034		JH603034.1	JH603034.1	NW_004626237.1
hetGla2:JH603035	JH603035		JH603035.1	JH603035.1	NW_004626238.1
hetGla2:JH603036	JH603036		JH603036.1	JH603036.1	NW_004626242.1
hetGla2:JH603037	JH603037		JH603037.1	JH603037.1	NW_004626266.1
hetGla2:JH603038	JH603038		JH603038.1	JH603038.1	NW_004626276.1
hetGla2:JH603039	JH603039		JH603039.1	JH603039.1	NW_004626279.1
hetGla2:JH603040	JH603040		JH603040.1	JH603040.1	NW_004626289.1
hetGla2:JH603041	JH603041		JH603041.1	JH603041.1	NW_004626310.1
hetGla2:JH603042	JH603042		JH603042.1	JH603042.1	NW_004626322.1
hetGla2:JH603043	JH603043		JH603043.1	JH603043.1	NW_004626326.1
hetGla2:JH603044	JH603044		JH603044.1	JH603044.1	NW_004626333.1
hetGla2:JH603045	JH603045		JH603045.1	JH603045.1	NW_004626335.1
hetGla2:JH603046	JH603046		JH603046.1	JH603046.1	NW_004626337.1
hetGla2:JH603047	JH603047		JH603047.1	JH603047.1	NW_004626341.1
hetGla2:JH603048	JH603048		JH603048.1	JH603048.1	NW_004626344.1
hetGla2:JH603049	JH603049		JH603049.1	JH603049.1	NW_004626360.1
hetGla2:JH603050	JH603050		JH603050.1	JH603050.1	NW_004626367.1
hetGla2:JH603051	JH603051		JH603051.1	JH603051.1	NW_004626368.1
hetGla2:JH603052	JH603052		JH603052.1	JH603052.1	NW_004626370.1
hetGla2:JH603053	JH603053		JH603053.1	JH603053.1	NW_004626375.1
hetGla2:JH603054	JH603054		JH603054.1	JH603054.1	NW_004626378.1
hetGla2:JH603055	JH603055		JH603055.1	JH603055.1	NW_004626385.1
hetGla2:JH603056	JH603056		JH603056.1	JH603056.1	NW_004626386.1
hetGla2:JH603057	JH603057		JH603057.1	JH603057.1	NW_004626389.1
hetGla2:JH603058	JH603058		JH603058.1	JH603058.1	NW_004626394.1
hetGla2:JH603059	JH603059		JH603059.1	JH603059.1	NW_004626406.1
hetGla2:JH603060	JH603060		JH603060.1	JH603060.1	NW_004626417.1
hetGla2:JH603061	JH603061		JH603061.1	JH603061.1	NW_004626421.1
hetGla2:JH603062	JH603062		JH603062.1	JH603062.1	NW_004626433.1
hetGla2:JH603063	JH603063		JH603063.1	JH603063.1	NW_004626436.1
hetGla2:JH603064	JH603064		JH603064.1	JH603064.1	NW_004626440.1
hetGla2:JH603065	JH603065		JH603065.1	JH603065.1	NW_004626441.1
hetGla2:JH603066	JH603066		JH603066.1	JH603066.1	NW_004626474.1
hetGla2:JH603067	JH603067		JH603067.1	JH603067.1	NW_004626475.1
hetGla2:JH603068	JH603068		JH603068.1	JH603068.1	NW_004626484.1
hetGla2:JH603069	JH603069		JH603069.1	JH603069.1	NW_004626486.1
hetGla2:JH603070	JH603070		JH603070.1	JH603070.1	NW_004626492.1
hetGla2:JH603071	JH603071		JH603071.1	JH603071.1	NW_004626508.1
hetGla2:JH603072	JH603072		JH603072.1	JH603072.1	NW_004626517.1
hetGla2:JH603073	JH603073		JH603073.1	JH603073.1	NW_004626527.1
hetGla2:JH603074	JH603074		JH603074.1	JH603074.1	NW_004626530.1
hetGla2:JH603075	JH603075		JH603075.1	JH603075.1	NW_004626538.1
hetGla2:JH603076	JH603076		JH603076.1	JH603076.1	NW_004626544.1
hetGla2:JH603077	JH603077		JH603077.1	JH603077.1	NW_004626545.1
hetGla2:JH603078	JH603078		JH603078.1	JH603078.1	NW_004626552.1
hetGla2:JH603079	JH603079		JH603079.1	JH603079.1	NW_004626553.1
hetGla2:JH603080	JH603080		JH603080.1	JH603080.1	NW_004626556.1
hetGla2:JH603081	JH603081		JH603081.1	JH603081.1	NW_004626559.1
hetGla2:JH603082	JH603082		JH603082.1	JH603082.1	NW_004626564.1
hetGla2:JH603083	JH603083		JH603083.1	JH603083.1	NW_004626577.1
hetGla2:JH603084	JH603084		JH603084.1	JH603084.1	NW_004626588.1
hetGla2:JH603085	JH603085		JH603085.1	JH603085.1	NW_004626593.1
hetGla2:JH603086	JH603086		JH603086.1	JH603086.1	NW_004626625.1
hetGla2:JH603087	JH603087		JH603087.1	JH603087.1	NW_004626634.1
hetGla2:JH603088	JH603088		JH603088.1	JH603088.1	NW_004626643.1
hetGla2:JH603089	JH603089		JH603089.1	JH603089.1	NW_004626677.1
hetGla2:JH603090	JH603090		JH603090.1	JH603090.1	NW_004626683.1
hetGla2:JH603091	JH603091		JH603091.1	JH603091.1	NW_004626701.1
hetGla2:JH603092	JH603092		JH603092.1	JH603092.1	NW_004626731.1
hetGla2:JH603093	JH603093		JH603093.1	JH603093.1	NW_004626762.1
hetGla2:JH603094	JH603094		JH603094.1	JH603094.1	NW_004626766.1
hetGla2:JH603095	JH603095		JH603095.1	JH603095.1	NW_004626788.1
hetGla2:JH603096	JH603096		JH603096.1	JH603096.1	NW_004626805.1
hetGla2:JH603097	JH603097		JH603097.1	JH603097.1	NW_004626811.1
hetGla2:JH603098	JH603098		JH603098.1	JH603098.1	NW_004626822.1
hetGla2:JH603099	JH603099		JH603099.1	JH603099.1	NW_004626823.1
hetGla2:JH603100	JH603100		JH603100.1	JH603100.1	NW_004626844.1
hetGla2:JH603101	JH603101		JH603101.1	JH603101.1	NW_004626850.1
hetGla2:JH603102	JH603102		JH603102.1	JH603102.1	NW_004626865.1
hetGla2:JH603103	JH603103		JH603103.1	JH603103.1	NW_004626868.1
hetGla2:JH603104	JH603104		JH603104.1	JH603104.1	NW_004626904.1
hetGla2:JH603105	JH603105		JH603105.1	JH603105.1	NW_004626921.1
hetGla2:JH603106	JH603106		JH603106.1	JH603106.1	NW_004626945.1
hetGla2:JH603107	JH603107		JH603107.1	JH603107.1	NW_004626947.1
hetGla2:JH603108	JH603108		JH603108.1	JH603108.1	NW_004626985.1
hetGla2:JH603109	JH603109		JH603109.1	JH603109.1	NW_004626990.1
hetGla2:JH603110	JH603110		JH603110.1	JH603110.1	NW_004627007.1
hetGla2:JH603111	JH603111		JH603111.1	JH603111.1	NW_004627064.1
hetGla2:JH603112	JH603112		JH603112.1	JH603112.1	NW_004627067.1
hetGla2:JH603113	JH603113		JH603113.1	JH603113.1	NW_004627157.1
hetGla2:JH603114	JH603114		JH603114.1	JH603114.1	NW_004627172.1
hetGla2:JH603115	JH603115		JH603115.1	JH603115.1	NW_004627217.1
hetGla2:JH603116	JH603116		JH603116.1	JH603116.1	NW_004627243.1
hetGla2:JH603117	JH603117		JH603117.1	JH603117.1	NW_004627336.1
hetGla2:JH603118	JH603118		JH603118.1	JH603118.1	NW_004627349.1
hetGla2:JH603119	JH603119		JH603119.1	JH603119.1	NW_004627359.1
hetGla2:JH603120	JH603120		JH603120.1	JH603120.1	NW_004627382.1
hetGla2:JH603121	JH603121		JH603121.1	JH603121.1	NW_004627451.1
hetGla2:JH603122	JH603122		JH603122.1	JH603122.1	NW_004627520.1
hetGla2:JH603123	JH603123		JH603123.1	JH603123.1	NW_004627529.1
hetGla2:JH603124	JH603124		JH603124.1	JH603124.1	NW_004627567.1
hetGla2:JH603125	JH603125		JH603125.1	JH603125.1	NW_004627736.1
hetGla2:JH603126	JH603126		JH603126.1	JH603126.1	NW_004627931.1
hetGla2:JH603127	JH603127		JH603127.1	JH603127.1	NW_004628276.1
hetGla2:JH603128	JH603128		JH603128.1	JH603128.1	NW_004628446.1
hetGla2:JH603129	JH603129		JH603129.1	JH603129.1	NW_004628620.1
hetGla2:JH603130	JH603130		JH603130.1	JH603130.1	NW_004628822.1
hetGla2:JH603131	JH603131		JH603131.1	JH603131.1	NW_004628860.1
hetGla2:JH603132	JH603132		JH603132.1	JH603132.1	NW_004628953.1
hetGla2:JH603133	JH603133		JH603133.1	JH603133.1	NW_004628954.1
hetGla2:JH603134	JH603134		JH603134.1	JH603134.1	NW_004628955.1
hetGla2:JH603135	JH603135		JH603135.1	JH603135.1	NW_004628956.1
hetGla2:JH603136	JH603136		JH603136.1	JH603136.1	NW_004628957.1
hetGla2:chrM	chrM		MT		NC_015112.1
