seq_id	ucsc	assembly	ensembl	genbank	refseq
loxAfr3:chrM	chrM		MT		
loxAfr3:scaffold_0	scaffold_0		scaffold_0	GL010027.1	
loxAfr3:scaffold_1	scaffold_1		scaffold_1	GL010028.1	
loxAfr3:scaffold_10	scaffold_10		scaffold_10	GL010037.1	
loxAfr3:scaffold_100	scaffold_100		scaffold_100	GL010127.1	
loxAfr3:scaffold_1000	scaffold_1000		scaffold_1000	AAGU03094464.1	
loxAfr3:scaffold_1001	scaffold_1001		scaffold_1001	AAGU03094465.1	
loxAfr3:scaffold_1002	scaffold_1002		scaffold_1002	AAGU03094466.1	
loxAfr3:scaffold_1003	scaffold_1003		scaffold_1003	AAGU03094467.1	
loxAfr3:scaffold_1004	scaffold_1004		scaffold_1004	AAGU03094468.1	
loxAfr3:scaffold_1005	scaffold_1005		scaffold_1005	AAGU03094469.1	
loxAfr3:scaffold_1006	scaffold_1006		scaffold_1006	AAGU03094470.1	
loxAfr3:scaffold_1007	scaffold_1007		scaffold_1007	AAGU03094471.1	
loxAfr3:scaffold_1008	scaffold_1008		scaffold_1008	AAGU03094472.1	
loxAfr3:scaffold_1009	scaffold_1009		scaffold_1009	GL010675.1	
loxAfr3:scaffold_101	scaffold_101		scaffold_101	GL010128.1	
loxAfr3:scaffold_1010	scaffold_1010		scaffold_1010	AAGU03094475.1	
loxAfr3:scaffold_1011	scaffold_1011		scaffold_1011	AAGU03094476.1	
loxAfr3:scaffold_1012	scaffold_1012		scaffold_1012	AAGU03094477.1	
loxAfr3:scaffold_1013	scaffold_1013		scaffold_1013	AAGU03094478.1	
loxAfr3:scaffold_1014	scaffold_1014		scaffold_1014	AAGU03094479.1	
loxAfr3:scaffold_1015	scaffold_1015		scaffold_1015	AAGU03094480.1	
loxAfr3:scaffold_1016	scaffold_1016		scaffold_1016	GL010676.1	
loxAfr3:scaffold_1017	scaffold_1017		scaffold_1017	AAGU03094483.1	
loxAfr3:scaffold_1018	scaffold_1018		scaffold_1018	AAGU03094484.1	
loxAfr3:scaffold_1019	scaffold_1019		scaffold_1019	AAGU03094485.1	
loxAfr3:scaffold_102	scaffold_102		scaffold_102	GL010129.1	
loxAfr3:scaffold_1020	scaffold_1020		scaffold_1020	AAGU03094486.1	
loxAfr3:scaffold_1021	scaffold_1021		scaffold_1021	AAGU03094487.1	
loxAfr3:scaffold_1022	scaffold_1022		scaffold_1022	AAGU03094488.1	
loxAfr3:scaffold_1023	scaffold_1023		scaffold_1023	AAGU03094489.1	
loxAfr3:scaffold_1024	scaffold_1024		scaffold_1024	AAGU03094490.1	
loxAfr3:scaffold_1025	scaffold_1025		scaffold_1025	AAGU03094491.1	
loxAfr3:scaffold_1026	scaffold_1026		scaffold_1026	GL010677.1	
loxAfr3:scaffold_1027	scaffold_1027		scaffold_1027	AAGU03094494.1	
loxAfr3:scaffold_1028	scaffold_1028		scaffold_1028	AAGU03094495.1	
loxAfr3:scaffold_1029	scaffold_1029		scaffold_1029	AAGU03094496.1	
loxAfr3:scaffold_103	scaffold_103		scaffold_103	GL010130.1	
loxAfr3:scaffold_1030	scaffold_1030		scaffold_1030	AAGU03094497.1	
loxAfr3:scaffold_1031	scaffold_1031		scaffold_1031	AAGU03094498.1	
loxAfr3:scaffold_1032	scaffold_1032		scaffold_1032	AAGU03094499.1	
loxAfr3:scaffold_1033	scaffold_1033		scaffold_1033	AAGU03094500.1	
loxAfr3:scaffold_1034	scaffold_1034		scaffold_1034	AAGU03094501.1	
loxAfr3:scaffold_1035	scaffold_1035		scaffold_1035	AAGU03094502.1	
loxAfr3:scaffold_1036	scaffold_1036		scaffold_1036	AAGU03094503.1	
loxAfr3:scaffold_1037	scaffold_1037		scaffold_1037	AAGU03094504.1	
loxAfr3:scaffold_1038	scaffold_1038		scaffold_1038	AAGU03094505.1	
loxAfr3:scaffold_1039	scaffold_1039		scaffold_1039	AAGU03094506.1	
loxAfr3:scaffold_104	scaffold_104		scaffold_104	GL010131.1	
loxAfr3:scaffold_1040	scaffold_1040		scaffold_1040	AAGU03094507.1	
loxAfr3:scaffold_1041	scaffold_1041		scaffold_1041	AAGU03094508.1	
loxAfr3:scaffold_1042	scaffold_1042		scaffold_1042	AAGU03094509.1	
loxAfr3:scaffold_1043	scaffold_1043		scaffold_1043	AAGU03094510.1	
loxAfr3:scaffold_1044	scaffold_1044		scaffold_1044	AAGU03094511.1	
loxAfr3:scaffold_1045	scaffold_1045		scaffold_1045	AAGU03094512.1	
loxAfr3:scaffold_1046	scaffold_1046		scaffold_1046	AAGU03094513.1	
loxAfr3:scaffold_1047	scaffold_1047		scaffold_1047	AAGU03094514.1	
loxAfr3:scaffold_1048	scaffold_1048		scaffold_1048	AAGU03094515.1	
loxAfr3:scaffold_1049	scaffold_1049		scaffold_1049	AAGU03094516.1	
loxAfr3:scaffold_105	scaffold_105		scaffold_105	GL010132.1	
loxAfr3:scaffold_1050	scaffold_1050		scaffold_1050	AAGU03094517.1	
loxAfr3:scaffold_1051	scaffold_1051		scaffold_1051	AAGU03094518.1	
loxAfr3:scaffold_1052	scaffold_1052		scaffold_1052	AAGU03094519.1	
loxAfr3:scaffold_1053	scaffold_1053		scaffold_1053	AAGU03094520.1	
loxAfr3:scaffold_1054	scaffold_1054		scaffold_1054	AAGU03094521.1	
loxAfr3:scaffold_1055	scaffold_1055		scaffold_1055	GL010678.1	
loxAfr3:scaffold_1056	scaffold_1056		scaffold_1056	AAGU03094524.1	
loxAfr3:scaffold_1057	scaffold_1057		scaffold_1057	AAGU03094525.1	
loxAfr3:scaffold_1058	scaffold_1058		scaffold_1058	AAGU03094526.1	
loxAfr3:scaffold_1059	scaffold_1059		scaffold_1059	AAGU03094527.1	
loxAfr3:scaffold_106	scaffold_106		scaffold_106	GL010133.1	
loxAfr3:scaffold_1060	scaffold_1060		scaffold_1060	AAGU03094528.1	
loxAfr3:scaffold_1061	scaffold_1061		scaffold_1061	GL010679.1	
loxAfr3:scaffold_1062	scaffold_1062		scaffold_1062	AAGU03094531.1	
loxAfr3:scaffold_1063	scaffold_1063		scaffold_1063	AAGU03094532.1	
loxAfr3:scaffold_1064	scaffold_1064		scaffold_1064	GL010680.1	
loxAfr3:scaffold_1065	scaffold_1065		scaffold_1065	AAGU03094535.1	
loxAfr3:scaffold_1066	scaffold_1066		scaffold_1066	AAGU03094536.1	
loxAfr3:scaffold_1067	scaffold_1067		scaffold_1067	AAGU03094537.1	
loxAfr3:scaffold_1068	scaffold_1068		scaffold_1068	AAGU03094538.1	
loxAfr3:scaffold_1069	scaffold_1069		scaffold_1069	AAGU03094539.1	
loxAfr3:scaffold_107	scaffold_107		scaffold_107	GL010134.1	
loxAfr3:scaffold_1070	scaffold_1070		scaffold_1070	AAGU03094540.1	
loxAfr3:scaffold_1071	scaffold_1071		scaffold_1071	AAGU03094541.1	
loxAfr3:scaffold_1072	scaffold_1072		scaffold_1072	AAGU03094542.1	
loxAfr3:scaffold_1073	scaffold_1073		scaffold_1073	AAGU03094543.1	
loxAfr3:scaffold_1074	scaffold_1074		scaffold_1074	AAGU03094544.1	
loxAfr3:scaffold_1075	scaffold_1075		scaffold_1075	AAGU03094545.1	
loxAfr3:scaffold_1076	scaffold_1076		scaffold_1076	AAGU03094546.1	
loxAfr3:scaffold_1077	scaffold_1077		scaffold_1077	AAGU03094547.1	
loxAfr3:scaffold_1078	scaffold_1078		scaffold_1078	GL010681.1	
loxAfr3:scaffold_1079	scaffold_1079		scaffold_1079	AAGU03094550.1	
loxAfr3:scaffold_108	scaffold_108		scaffold_108	GL010135.1	
loxAfr3:scaffold_1080	scaffold_1080		scaffold_1080	AAGU03094551.1	
loxAfr3:scaffold_1081	scaffold_1081		scaffold_1081	AAGU03094552.1	
loxAfr3:scaffold_1082	scaffold_1082		scaffold_1082	AAGU03094553.1	
loxAfr3:scaffold_1083	scaffold_1083		scaffold_1083	AAGU03094554.1	
loxAfr3:scaffold_1084	scaffold_1084		scaffold_1084	AAGU03094555.1	
loxAfr3:scaffold_1085	scaffold_1085		scaffold_1085	AAGU03094556.1	
loxAfr3:scaffold_1086	scaffold_1086		scaffold_1086	AAGU03094557.1	
loxAfr3:scaffold_1087	scaffold_1087		scaffold_1087	AAGU03094558.1	
loxAfr3:scaffold_1088	scaffold_1088		scaffold_1088	AAGU03094559.1	
loxAfr3:scaffold_1089	scaffold_1089		scaffold_1089	AAGU03094560.1	
loxAfr3:scaffold_109	scaffold_109		scaffold_109	GL010136.1	
loxAfr3:scaffold_1090	scaffold_1090		scaffold_1090	AAGU03094561.1	
loxAfr3:scaffold_1091	scaffold_1091		scaffold_1091	AAGU03094562.1	
loxAfr3:scaffold_1092	scaffold_1092		scaffold_1092	AAGU03094563.1	
loxAfr3:scaffold_1093	scaffold_1093		scaffold_1093	AAGU03094564.1	
loxAfr3:scaffold_1094	scaffold_1094		scaffold_1094	AAGU03094565.1	
loxAfr3:scaffold_1095	scaffold_1095		scaffold_1095	AAGU03094566.1	
loxAfr3:scaffold_1096	scaffold_1096		scaffold_1096	AAGU03094567.1	
loxAfr3:scaffold_1097	scaffold_1097		scaffold_1097	AAGU03094568.1	
loxAfr3:scaffold_1098	scaffold_1098		scaffold_1098	AAGU03094569.1	
loxAfr3:scaffold_1099	scaffold_1099		scaffold_1099	AAGU03094570.1	
loxAfr3:scaffold_11	scaffold_11		scaffold_11	GL010038.1	
loxAfr3:scaffold_110	scaffold_110		scaffold_110	GL010137.1	
loxAfr3:scaffold_1100	scaffold_1100		scaffold_1100	AAGU03094571.1	
loxAfr3:scaffold_1101	scaffold_1101		scaffold_1101	AAGU03094572.1	
loxAfr3:scaffold_1102	scaffold_1102		scaffold_1102	AAGU03094573.1	
loxAfr3:scaffold_1103	scaffold_1103		scaffold_1103	AAGU03094574.1	
loxAfr3:scaffold_1104	scaffold_1104		scaffold_1104	AAGU03094575.1	
loxAfr3:scaffold_1105	scaffold_1105		scaffold_1105	GL010682.1	
loxAfr3:scaffold_1106	scaffold_1106		scaffold_1106	AAGU03094578.1	
loxAfr3:scaffold_1107	scaffold_1107		scaffold_1107	AAGU03094579.1	
loxAfr3:scaffold_1108	scaffold_1108		scaffold_1108	AAGU03094580.1	
loxAfr3:scaffold_1109	scaffold_1109		scaffold_1109	AAGU03094581.1	
loxAfr3:scaffold_111	scaffold_111		scaffold_111	GL010138.1	
loxAfr3:scaffold_1110	scaffold_1110		scaffold_1110	AAGU03094582.1	
loxAfr3:scaffold_1111	scaffold_1111		scaffold_1111	AAGU03094583.1	
loxAfr3:scaffold_1112	scaffold_1112		scaffold_1112	AAGU03094584.1	
loxAfr3:scaffold_1113	scaffold_1113		scaffold_1113	AAGU03094585.1	
loxAfr3:scaffold_1114	scaffold_1114		scaffold_1114	AAGU03094586.1	
loxAfr3:scaffold_1115	scaffold_1115		scaffold_1115	AAGU03094587.1	
loxAfr3:scaffold_1116	scaffold_1116		scaffold_1116	AAGU03094588.1	
loxAfr3:scaffold_1117	scaffold_1117		scaffold_1117	AAGU03094589.1	
loxAfr3:scaffold_1118	scaffold_1118		scaffold_1118	AAGU03094590.1	
loxAfr3:scaffold_1119	scaffold_1119		scaffold_1119	AAGU03094591.1	
loxAfr3:scaffold_112	scaffold_112		scaffold_112	GL010139.1	
loxAfr3:scaffold_1120	scaffold_1120		scaffold_1120	AAGU03094592.1	
loxAfr3:scaffold_1121	scaffold_1121		scaffold_1121	AAGU03094593.1	
loxAfr3:scaffold_1122	scaffold_1122		scaffold_1122	AAGU03094594.1	
loxAfr3:scaffold_1123	scaffold_1123		scaffold_1123	AAGU03094595.1	
loxAfr3:scaffold_1124	scaffold_1124		scaffold_1124	AAGU03094596.1	
loxAfr3:scaffold_1125	scaffold_1125		scaffold_1125	AAGU03094597.1	
loxAfr3:scaffold_1126	scaffold_1126		scaffold_1126	AAGU03094598.1	
loxAfr3:scaffold_1127	scaffold_1127		scaffold_1127	AAGU03094599.1	
loxAfr3:scaffold_1128	scaffold_1128		scaffold_1128	AAGU03094600.1	
loxAfr3:scaffold_1129	scaffold_1129		scaffold_1129	AAGU03094601.1	
loxAfr3:scaffold_113	scaffold_113		scaffold_113	GL010140.1	
loxAfr3:scaffold_1130	scaffold_1130		scaffold_1130	AAGU03094602.1	
loxAfr3:scaffold_1131	scaffold_1131		scaffold_1131	AAGU03094603.1	
loxAfr3:scaffold_1132	scaffold_1132		scaffold_1132	AAGU03094604.1	
loxAfr3:scaffold_1133	scaffold_1133		scaffold_1133	AAGU03094605.1	
loxAfr3:scaffold_1134	scaffold_1134		scaffold_1134	AAGU03094606.1	
loxAfr3:scaffold_1135	scaffold_1135		scaffold_1135	AAGU03094607.1	
loxAfr3:scaffold_1136	scaffold_1136		scaffold_1136	AAGU03094608.1	
loxAfr3:scaffold_1137	scaffold_1137		scaffold_1137	AAGU03094609.1	
loxAfr3:scaffold_1138	scaffold_1138		scaffold_1138	AAGU03094610.1	
loxAfr3:scaffold_1139	scaffold_1139		scaffold_1139	AAGU03094611.1	
loxAfr3:scaffold_114	scaffold_114		scaffold_114	GL010141.1	
loxAfr3:scaffold_1140	scaffold_1140		scaffold_1140	AAGU03094612.1	
loxAfr3:scaffold_1141	scaffold_1141		scaffold_1141	AAGU03094613.1	
loxAfr3:scaffold_1142	scaffold_1142		scaffold_1142	AAGU03094614.1	
loxAfr3:scaffold_1143	scaffold_1143		scaffold_1143	AAGU03094615.1	
loxAfr3:scaffold_1144	scaffold_1144		scaffold_1144	AAGU03094616.1	
loxAfr3:scaffold_1145	scaffold_1145		scaffold_1145	AAGU03094617.1	
loxAfr3:scaffold_1146	scaffold_1146		scaffold_1146	AAGU03094618.1	
loxAfr3:scaffold_1147	scaffold_1147		scaffold_1147	GL010683.1	
loxAfr3:scaffold_1148	scaffold_1148		scaffold_1148	AAGU03094621.1	
loxAfr3:scaffold_1149	scaffold_1149		scaffold_1149	AAGU03094622.1	
loxAfr3:scaffold_115	scaffold_115		scaffold_115	GL010142.1	
loxAfr3:scaffold_1150	scaffold_1150		scaffold_1150	AAGU03094623.1	
loxAfr3:scaffold_1151	scaffold_1151		scaffold_1151	AAGU03094624.1	
loxAfr3:scaffold_1152	scaffold_1152		scaffold_1152	GL010684.1	
loxAfr3:scaffold_1153	scaffold_1153		scaffold_1153	AAGU03094627.1	
loxAfr3:scaffold_1154	scaffold_1154		scaffold_1154	GL010685.1	
loxAfr3:scaffold_1155	scaffold_1155		scaffold_1155	AAGU03094630.1	
loxAfr3:scaffold_1156	scaffold_1156		scaffold_1156	GL010686.1	
loxAfr3:scaffold_1157	scaffold_1157		scaffold_1157	AAGU03094633.1	
loxAfr3:scaffold_1158	scaffold_1158		scaffold_1158	AAGU03094634.1	
loxAfr3:scaffold_1159	scaffold_1159		scaffold_1159	AAGU03094635.1	
loxAfr3:scaffold_116	scaffold_116		scaffold_116	GL010143.1	
loxAfr3:scaffold_1160	scaffold_1160		scaffold_1160	AAGU03094636.1	
loxAfr3:scaffold_1161	scaffold_1161		scaffold_1161	AAGU03094637.1	
loxAfr3:scaffold_1162	scaffold_1162		scaffold_1162	AAGU03094638.1	
loxAfr3:scaffold_1163	scaffold_1163		scaffold_1163	AAGU03094639.1	
loxAfr3:scaffold_1164	scaffold_1164		scaffold_1164	AAGU03094640.1	
loxAfr3:scaffold_1165	scaffold_1165		scaffold_1165	AAGU03094641.1	
loxAfr3:scaffold_1166	scaffold_1166		scaffold_1166	AAGU03094642.1	
loxAfr3:scaffold_1167	scaffold_1167		scaffold_1167	AAGU03094643.1	
loxAfr3:scaffold_1168	scaffold_1168		scaffold_1168	AAGU03094644.1	
loxAfr3:scaffold_1169	scaffold_1169		scaffold_1169	AAGU03094645.1	
loxAfr3:scaffold_117	scaffold_117		scaffold_117	GL010144.1	
loxAfr3:scaffold_1170	scaffold_1170		scaffold_1170	AAGU03094646.1	
loxAfr3:scaffold_1171	scaffold_1171		scaffold_1171	AAGU03094647.1	
loxAfr3:scaffold_1172	scaffold_1172		scaffold_1172	AAGU03094648.1	
loxAfr3:scaffold_1173	scaffold_1173		scaffold_1173	AAGU03094649.1	
loxAfr3:scaffold_1174	scaffold_1174		scaffold_1174	AAGU03094650.1	
loxAfr3:scaffold_1175	scaffold_1175		scaffold_1175	AAGU03094651.1	
loxAfr3:scaffold_1176	scaffold_1176		scaffold_1176	AAGU03094652.1	
loxAfr3:scaffold_1177	scaffold_1177		scaffold_1177	AAGU03094653.1	
loxAfr3:scaffold_1178	scaffold_1178		scaffold_1178	AAGU03094654.1	
loxAfr3:scaffold_1179	scaffold_1179		scaffold_1179	AAGU03094655.1	
loxAfr3:scaffold_118	scaffold_118		scaffold_118	GL010145.1	
loxAfr3:scaffold_1180	scaffold_1180		scaffold_1180	GL010687.1	
loxAfr3:scaffold_1181	scaffold_1181		scaffold_1181	AAGU03094658.1	
loxAfr3:scaffold_1182	scaffold_1182		scaffold_1182	AAGU03094659.1	
loxAfr3:scaffold_1183	scaffold_1183		scaffold_1183	AAGU03094660.1	
loxAfr3:scaffold_1184	scaffold_1184		scaffold_1184	AAGU03094661.1	
loxAfr3:scaffold_1185	scaffold_1185		scaffold_1185	GL010688.1	
loxAfr3:scaffold_1186	scaffold_1186		scaffold_1186	AAGU03094664.1	
loxAfr3:scaffold_1187	scaffold_1187		scaffold_1187	AAGU03094665.1	
loxAfr3:scaffold_1188	scaffold_1188		scaffold_1188	AAGU03094666.1	
loxAfr3:scaffold_1189	scaffold_1189		scaffold_1189	AAGU03094667.1	
loxAfr3:scaffold_119	scaffold_119		scaffold_119	GL010146.1	
loxAfr3:scaffold_1190	scaffold_1190		scaffold_1190	AAGU03094668.1	
loxAfr3:scaffold_1191	scaffold_1191		scaffold_1191	AAGU03094669.1	
loxAfr3:scaffold_1192	scaffold_1192		scaffold_1192	AAGU03094670.1	
loxAfr3:scaffold_1193	scaffold_1193		scaffold_1193	AAGU03094671.1	
loxAfr3:scaffold_1194	scaffold_1194		scaffold_1194	AAGU03094672.1	
loxAfr3:scaffold_1195	scaffold_1195		scaffold_1195	AAGU03094673.1	
loxAfr3:scaffold_1196	scaffold_1196		scaffold_1196	AAGU03094674.1	
loxAfr3:scaffold_1197	scaffold_1197		scaffold_1197	AAGU03094675.1	
loxAfr3:scaffold_1198	scaffold_1198		scaffold_1198	AAGU03094676.1	
loxAfr3:scaffold_1199	scaffold_1199		scaffold_1199	AAGU03094677.1	
loxAfr3:scaffold_12	scaffold_12		scaffold_12	GL010039.1	
loxAfr3:scaffold_120	scaffold_120		scaffold_120	GL010147.1	
loxAfr3:scaffold_1200	scaffold_1200		scaffold_1200	AAGU03094678.1	
loxAfr3:scaffold_1201	scaffold_1201		scaffold_1201	AAGU03094679.1	
loxAfr3:scaffold_1202	scaffold_1202		scaffold_1202	AAGU03094680.1	
loxAfr3:scaffold_1203	scaffold_1203		scaffold_1203	AAGU03094681.1	
loxAfr3:scaffold_1204	scaffold_1204		scaffold_1204	AAGU03094682.1	
loxAfr3:scaffold_1205	scaffold_1205		scaffold_1205	AAGU03094683.1	
loxAfr3:scaffold_1206	scaffold_1206		scaffold_1206	AAGU03094684.1	
loxAfr3:scaffold_1207	scaffold_1207		scaffold_1207	AAGU03094685.1	
loxAfr3:scaffold_1208	scaffold_1208		scaffold_1208	AAGU03094686.1	
loxAfr3:scaffold_1209	scaffold_1209		scaffold_1209	AAGU03094687.1	
loxAfr3:scaffold_121	scaffold_121		scaffold_121	GL010148.1	
loxAfr3:scaffold_1210	scaffold_1210		scaffold_1210	AAGU03094688.1	
loxAfr3:scaffold_1211	scaffold_1211		scaffold_1211	AAGU03094689.1	
loxAfr3:scaffold_1212	scaffold_1212		scaffold_1212	AAGU03094690.1	
loxAfr3:scaffold_1213	scaffold_1213		scaffold_1213	AAGU03094691.1	
loxAfr3:scaffold_1214	scaffold_1214		scaffold_1214	AAGU03094692.1	
loxAfr3:scaffold_1215	scaffold_1215		scaffold_1215	AAGU03094693.1	
loxAfr3:scaffold_1216	scaffold_1216		scaffold_1216	AAGU03094694.1	
loxAfr3:scaffold_1217	scaffold_1217		scaffold_1217	AAGU03094695.1	
loxAfr3:scaffold_1218	scaffold_1218		scaffold_1218	AAGU03094696.1	
loxAfr3:scaffold_1219	scaffold_1219		scaffold_1219	AAGU03094697.1	
loxAfr3:scaffold_122	scaffold_122		scaffold_122	GL010149.1	
loxAfr3:scaffold_1220	scaffold_1220		scaffold_1220	AAGU03094698.1	
loxAfr3:scaffold_1221	scaffold_1221		scaffold_1221	AAGU03094699.1	
loxAfr3:scaffold_1222	scaffold_1222		scaffold_1222	AAGU03094700.1	
loxAfr3:scaffold_1223	scaffold_1223		scaffold_1223	AAGU03094701.1	
loxAfr3:scaffold_1224	scaffold_1224		scaffold_1224	AAGU03094702.1	
loxAfr3:scaffold_1225	scaffold_1225		scaffold_1225	AAGU03094703.1	
loxAfr3:scaffold_1226	scaffold_1226		scaffold_1226	AAGU03094704.1	
loxAfr3:scaffold_1227	scaffold_1227		scaffold_1227	AAGU03094705.1	
loxAfr3:scaffold_1228	scaffold_1228		scaffold_1228	AAGU03094706.1	
loxAfr3:scaffold_1229	scaffold_1229		scaffold_1229	AAGU03094707.1	
loxAfr3:scaffold_123	scaffold_123		scaffold_123	GL010150.1	
loxAfr3:scaffold_1230	scaffold_1230		scaffold_1230	AAGU03094708.1	
loxAfr3:scaffold_1231	scaffold_1231		scaffold_1231	AAGU03094709.1	
loxAfr3:scaffold_1232	scaffold_1232		scaffold_1232	AAGU03094710.1	
loxAfr3:scaffold_1233	scaffold_1233		scaffold_1233	AAGU03094711.1	
loxAfr3:scaffold_1234	scaffold_1234		scaffold_1234	AAGU03094712.1	
loxAfr3:scaffold_1235	scaffold_1235		scaffold_1235	AAGU03094713.1	
loxAfr3:scaffold_1236	scaffold_1236		scaffold_1236	AAGU03094714.1	
loxAfr3:scaffold_1237	scaffold_1237		scaffold_1237	AAGU03094715.1	
loxAfr3:scaffold_1238	scaffold_1238		scaffold_1238	AAGU03094716.1	
loxAfr3:scaffold_1239	scaffold_1239		scaffold_1239	AAGU03094717.1	
loxAfr3:scaffold_124	scaffold_124		scaffold_124	GL010151.1	
loxAfr3:scaffold_1240	scaffold_1240		scaffold_1240	AAGU03094718.1	
loxAfr3:scaffold_1241	scaffold_1241		scaffold_1241	AAGU03094719.1	
loxAfr3:scaffold_1242	scaffold_1242		scaffold_1242	AAGU03094720.1	
loxAfr3:scaffold_1243	scaffold_1243		scaffold_1243	AAGU03094721.1	
loxAfr3:scaffold_1244	scaffold_1244		scaffold_1244	AAGU03094722.1	
loxAfr3:scaffold_1245	scaffold_1245		scaffold_1245	AAGU03094723.1	
loxAfr3:scaffold_1246	scaffold_1246		scaffold_1246	AAGU03094724.1	
loxAfr3:scaffold_1247	scaffold_1247		scaffold_1247	AAGU03094725.1	
loxAfr3:scaffold_1248	scaffold_1248		scaffold_1248	AAGU03094726.1	
loxAfr3:scaffold_1249	scaffold_1249		scaffold_1249	AAGU03094727.1	
loxAfr3:scaffold_125	scaffold_125		scaffold_125	GL010152.1	
loxAfr3:scaffold_1250	scaffold_1250		scaffold_1250	AAGU03094728.1	
loxAfr3:scaffold_1251	scaffold_1251		scaffold_1251	AAGU03094729.1	
loxAfr3:scaffold_1252	scaffold_1252		scaffold_1252	AAGU03094730.1	
loxAfr3:scaffold_1253	scaffold_1253		scaffold_1253	AAGU03094731.1	
loxAfr3:scaffold_1254	scaffold_1254		scaffold_1254	AAGU03094732.1	
loxAfr3:scaffold_1255	scaffold_1255		scaffold_1255	AAGU03094733.1	
loxAfr3:scaffold_1256	scaffold_1256		scaffold_1256	GL010689.1	
loxAfr3:scaffold_1257	scaffold_1257		scaffold_1257	AAGU03094736.1	
loxAfr3:scaffold_1258	scaffold_1258		scaffold_1258	AAGU03094737.1	
loxAfr3:scaffold_1259	scaffold_1259		scaffold_1259	AAGU03094738.1	
loxAfr3:scaffold_126	scaffold_126		scaffold_126	GL010153.1	
loxAfr3:scaffold_1260	scaffold_1260		scaffold_1260	AAGU03094739.1	
loxAfr3:scaffold_1261	scaffold_1261		scaffold_1261	AAGU03094740.1	
loxAfr3:scaffold_1262	scaffold_1262		scaffold_1262	AAGU03094741.1	
loxAfr3:scaffold_1263	scaffold_1263		scaffold_1263	AAGU03094742.1	
loxAfr3:scaffold_1264	scaffold_1264		scaffold_1264	AAGU03094743.1	
loxAfr3:scaffold_1265	scaffold_1265		scaffold_1265	AAGU03094744.1	
loxAfr3:scaffold_1266	scaffold_1266		scaffold_1266	AAGU03094745.1	
loxAfr3:scaffold_1267	scaffold_1267		scaffold_1267	AAGU03094746.1	
loxAfr3:scaffold_1268	scaffold_1268		scaffold_1268	AAGU03094747.1	
loxAfr3:scaffold_1269	scaffold_1269		scaffold_1269	AAGU03094748.1	
loxAfr3:scaffold_127	scaffold_127		scaffold_127	GL010154.1	
loxAfr3:scaffold_1270	scaffold_1270		scaffold_1270	AAGU03094749.1	
loxAfr3:scaffold_1271	scaffold_1271		scaffold_1271	AAGU03094750.1	
loxAfr3:scaffold_1272	scaffold_1272		scaffold_1272	AAGU03094751.1	
loxAfr3:scaffold_1273	scaffold_1273		scaffold_1273	AAGU03094752.1	
loxAfr3:scaffold_1274	scaffold_1274		scaffold_1274	AAGU03094753.1	
loxAfr3:scaffold_1275	scaffold_1275		scaffold_1275	AAGU03094754.1	
loxAfr3:scaffold_1276	scaffold_1276		scaffold_1276	AAGU03094755.1	
loxAfr3:scaffold_1277	scaffold_1277		scaffold_1277	AAGU03094756.1	
loxAfr3:scaffold_1278	scaffold_1278		scaffold_1278	AAGU03094757.1	
loxAfr3:scaffold_1279	scaffold_1279		scaffold_1279	AAGU03094758.1	
loxAfr3:scaffold_128	scaffold_128		scaffold_128	GL010155.1	
loxAfr3:scaffold_1280	scaffold_1280		scaffold_1280	AAGU03094759.1	
loxAfr3:scaffold_1281	scaffold_1281		scaffold_1281	AAGU03094760.1	
loxAfr3:scaffold_1282	scaffold_1282		scaffold_1282	AAGU03094761.1	
loxAfr3:scaffold_1283	scaffold_1283		scaffold_1283	AAGU03094762.1	
loxAfr3:scaffold_1284	scaffold_1284		scaffold_1284	AAGU03094763.1	
loxAfr3:scaffold_1285	scaffold_1285		scaffold_1285	GL010690.1	
loxAfr3:scaffold_1286	scaffold_1286		scaffold_1286	AAGU03094766.1	
loxAfr3:scaffold_1287	scaffold_1287		scaffold_1287	AAGU03094767.1	
loxAfr3:scaffold_1288	scaffold_1288		scaffold_1288	AAGU03094768.1	
loxAfr3:scaffold_1289	scaffold_1289		scaffold_1289	GL010691.1	
loxAfr3:scaffold_129	scaffold_129		scaffold_129	GL010156.1	
loxAfr3:scaffold_1290	scaffold_1290		scaffold_1290	AAGU03094772.1	
loxAfr3:scaffold_1291	scaffold_1291		scaffold_1291	AAGU03094773.1	
loxAfr3:scaffold_1292	scaffold_1292		scaffold_1292	AAGU03094774.1	
loxAfr3:scaffold_1293	scaffold_1293		scaffold_1293	AAGU03094775.1	
loxAfr3:scaffold_1294	scaffold_1294		scaffold_1294	AAGU03094776.1	
loxAfr3:scaffold_1295	scaffold_1295		scaffold_1295	AAGU03094777.1	
loxAfr3:scaffold_1296	scaffold_1296		scaffold_1296	AAGU03094778.1	
loxAfr3:scaffold_1297	scaffold_1297		scaffold_1297	AAGU03094779.1	
loxAfr3:scaffold_1298	scaffold_1298		scaffold_1298	AAGU03094780.1	
loxAfr3:scaffold_1299	scaffold_1299		scaffold_1299	AAGU03094781.1	
loxAfr3:scaffold_13	scaffold_13		scaffold_13	GL010040.1	
loxAfr3:scaffold_130	scaffold_130		scaffold_130	GL010157.1	
loxAfr3:scaffold_1300	scaffold_1300		scaffold_1300	AAGU03094782.1	
loxAfr3:scaffold_1301	scaffold_1301		scaffold_1301	GL010692.1	
loxAfr3:scaffold_1302	scaffold_1302		scaffold_1302	AAGU03094785.1	
loxAfr3:scaffold_1303	scaffold_1303		scaffold_1303	GL010693.1	
loxAfr3:scaffold_1304	scaffold_1304		scaffold_1304	AAGU03094790.1	
loxAfr3:scaffold_1305	scaffold_1305		scaffold_1305	AAGU03094791.1	
loxAfr3:scaffold_1306	scaffold_1306		scaffold_1306	AAGU03094792.1	
loxAfr3:scaffold_1307	scaffold_1307		scaffold_1307	AAGU03094793.1	
loxAfr3:scaffold_1308	scaffold_1308		scaffold_1308	AAGU03094794.1	
loxAfr3:scaffold_1309	scaffold_1309		scaffold_1309	AAGU03094795.1	
loxAfr3:scaffold_131	scaffold_131		scaffold_131	GL010158.1	
loxAfr3:scaffold_1310	scaffold_1310		scaffold_1310	AAGU03094796.1	
loxAfr3:scaffold_1311	scaffold_1311		scaffold_1311	AAGU03094797.1	
loxAfr3:scaffold_1312	scaffold_1312		scaffold_1312	AAGU03094798.1	
loxAfr3:scaffold_1313	scaffold_1313		scaffold_1313	AAGU03094799.1	
loxAfr3:scaffold_1314	scaffold_1314		scaffold_1314	AAGU03094800.1	
loxAfr3:scaffold_1315	scaffold_1315		scaffold_1315	AAGU03094801.1	
loxAfr3:scaffold_1316	scaffold_1316		scaffold_1316	GL010694.1	
loxAfr3:scaffold_1317	scaffold_1317		scaffold_1317	AAGU03094804.1	
loxAfr3:scaffold_1318	scaffold_1318		scaffold_1318	AAGU03094805.1	
loxAfr3:scaffold_1319	scaffold_1319		scaffold_1319	AAGU03094806.1	
loxAfr3:scaffold_132	scaffold_132		scaffold_132	GL010159.1	
loxAfr3:scaffold_1320	scaffold_1320		scaffold_1320	AAGU03094807.1	
loxAfr3:scaffold_1321	scaffold_1321		scaffold_1321	AAGU03094808.1	
loxAfr3:scaffold_1322	scaffold_1322		scaffold_1322	AAGU03094809.1	
loxAfr3:scaffold_1323	scaffold_1323		scaffold_1323	AAGU03094810.1	
loxAfr3:scaffold_1324	scaffold_1324		scaffold_1324	AAGU03094811.1	
loxAfr3:scaffold_1325	scaffold_1325		scaffold_1325	AAGU03094812.1	
loxAfr3:scaffold_1326	scaffold_1326		scaffold_1326	AAGU03094813.1	
loxAfr3:scaffold_1327	scaffold_1327		scaffold_1327	AAGU03094814.1	
loxAfr3:scaffold_1328	scaffold_1328		scaffold_1328	AAGU03094815.1	
loxAfr3:scaffold_1329	scaffold_1329		scaffold_1329	AAGU03094816.1	
loxAfr3:scaffold_133	scaffold_133		scaffold_133	GL010160.1	
loxAfr3:scaffold_1330	scaffold_1330		scaffold_1330	AAGU03094817.1	
loxAfr3:scaffold_1331	scaffold_1331		scaffold_1331	AAGU03094818.1	
loxAfr3:scaffold_1332	scaffold_1332		scaffold_1332	AAGU03094819.1	
loxAfr3:scaffold_1333	scaffold_1333		scaffold_1333	AAGU03094820.1	
loxAfr3:scaffold_1334	scaffold_1334		scaffold_1334	AAGU03094821.1	
loxAfr3:scaffold_1335	scaffold_1335		scaffold_1335	AAGU03094822.1	
loxAfr3:scaffold_1336	scaffold_1336		scaffold_1336	AAGU03094823.1	
loxAfr3:scaffold_1337	scaffold_1337		scaffold_1337	AAGU03094824.1	
loxAfr3:scaffold_1338	scaffold_1338		scaffold_1338	GL010695.1	
loxAfr3:scaffold_1339	scaffold_1339		scaffold_1339	AAGU03094827.1	
loxAfr3:scaffold_134	scaffold_134		scaffold_134	GL010161.1	
loxAfr3:scaffold_1340	scaffold_1340		scaffold_1340	AAGU03094828.1	
loxAfr3:scaffold_1341	scaffold_1341		scaffold_1341	AAGU03094829.1	
loxAfr3:scaffold_1342	scaffold_1342		scaffold_1342	AAGU03094830.1	
loxAfr3:scaffold_1343	scaffold_1343		scaffold_1343	AAGU03094831.1	
loxAfr3:scaffold_1344	scaffold_1344		scaffold_1344	AAGU03094832.1	
loxAfr3:scaffold_1345	scaffold_1345		scaffold_1345	AAGU03094833.1	
loxAfr3:scaffold_1346	scaffold_1346		scaffold_1346	AAGU03094834.1	
loxAfr3:scaffold_1347	scaffold_1347		scaffold_1347	AAGU03094835.1	
loxAfr3:scaffold_1348	scaffold_1348		scaffold_1348	AAGU03094836.1	
loxAfr3:scaffold_1349	scaffold_1349		scaffold_1349	AAGU03094837.1	
loxAfr3:scaffold_135	scaffold_135		scaffold_135	GL010162.1	
loxAfr3:scaffold_1350	scaffold_1350		scaffold_1350	AAGU03094838.1	
loxAfr3:scaffold_1351	scaffold_1351		scaffold_1351	AAGU03094839.1	
loxAfr3:scaffold_1352	scaffold_1352		scaffold_1352	AAGU03094840.1	
loxAfr3:scaffold_1353	scaffold_1353		scaffold_1353	AAGU03094841.1	
loxAfr3:scaffold_1354	scaffold_1354		scaffold_1354	AAGU03094842.1	
loxAfr3:scaffold_1355	scaffold_1355		scaffold_1355	AAGU03094843.1	
loxAfr3:scaffold_1356	scaffold_1356		scaffold_1356	AAGU03094844.1	
loxAfr3:scaffold_1357	scaffold_1357		scaffold_1357	AAGU03094845.1	
loxAfr3:scaffold_1358	scaffold_1358		scaffold_1358	AAGU03094846.1	
loxAfr3:scaffold_1359	scaffold_1359		scaffold_1359	AAGU03094847.1	
loxAfr3:scaffold_136	scaffold_136		scaffold_136	GL010163.1	
loxAfr3:scaffold_1360	scaffold_1360		scaffold_1360	AAGU03094848.1	
loxAfr3:scaffold_1361	scaffold_1361		scaffold_1361	AAGU03094849.1	
loxAfr3:scaffold_1362	scaffold_1362		scaffold_1362	AAGU03094850.1	
loxAfr3:scaffold_1363	scaffold_1363		scaffold_1363	AAGU03094851.1	
loxAfr3:scaffold_1364	scaffold_1364		scaffold_1364	AAGU03094852.1	
loxAfr3:scaffold_1365	scaffold_1365		scaffold_1365	AAGU03094853.1	
loxAfr3:scaffold_1366	scaffold_1366		scaffold_1366	AAGU03094854.1	
loxAfr3:scaffold_1367	scaffold_1367		scaffold_1367	AAGU03094855.1	
loxAfr3:scaffold_1368	scaffold_1368		scaffold_1368	AAGU03094856.1	
loxAfr3:scaffold_1369	scaffold_1369		scaffold_1369	AAGU03094857.1	
loxAfr3:scaffold_137	scaffold_137		scaffold_137	GL010164.1	
loxAfr3:scaffold_1370	scaffold_1370		scaffold_1370	AAGU03094858.1	
loxAfr3:scaffold_1371	scaffold_1371		scaffold_1371	AAGU03094859.1	
loxAfr3:scaffold_1372	scaffold_1372		scaffold_1372	AAGU03094860.1	
loxAfr3:scaffold_1373	scaffold_1373		scaffold_1373	AAGU03094861.1	
loxAfr3:scaffold_1374	scaffold_1374		scaffold_1374	AAGU03094862.1	
loxAfr3:scaffold_1375	scaffold_1375		scaffold_1375	AAGU03094863.1	
loxAfr3:scaffold_1376	scaffold_1376		scaffold_1376	GL010696.1	
loxAfr3:scaffold_1377	scaffold_1377		scaffold_1377	AAGU03094866.1	
loxAfr3:scaffold_1378	scaffold_1378		scaffold_1378	AAGU03094867.1	
loxAfr3:scaffold_1379	scaffold_1379		scaffold_1379	AAGU03094868.1	
loxAfr3:scaffold_138	scaffold_138		scaffold_138	GL010165.1	
loxAfr3:scaffold_1380	scaffold_1380		scaffold_1380	AAGU03094869.1	
loxAfr3:scaffold_1381	scaffold_1381		scaffold_1381	AAGU03094870.1	
loxAfr3:scaffold_1382	scaffold_1382		scaffold_1382	AAGU03094871.1	
loxAfr3:scaffold_1383	scaffold_1383		scaffold_1383	AAGU03094872.1	
loxAfr3:scaffold_1384	scaffold_1384		scaffold_1384	AAGU03094873.1	
loxAfr3:scaffold_1385	scaffold_1385		scaffold_1385	AAGU03094874.1	
loxAfr3:scaffold_1386	scaffold_1386		scaffold_1386	AAGU03094875.1	
loxAfr3:scaffold_1387	scaffold_1387		scaffold_1387	AAGU03094876.1	
loxAfr3:scaffold_1388	scaffold_1388		scaffold_1388	AAGU03094877.1	
loxAfr3:scaffold_1389	scaffold_1389		scaffold_1389	AAGU03094878.1	
loxAfr3:scaffold_139	scaffold_139		scaffold_139	GL010166.1	
loxAfr3:scaffold_1390	scaffold_1390		scaffold_1390	AAGU03094879.1	
loxAfr3:scaffold_1391	scaffold_1391		scaffold_1391	AAGU03094880.1	
loxAfr3:scaffold_1392	scaffold_1392		scaffold_1392	AAGU03094881.1	
loxAfr3:scaffold_1393	scaffold_1393		scaffold_1393	AAGU03094882.1	
loxAfr3:scaffold_1394	scaffold_1394		scaffold_1394	AAGU03094883.1	
loxAfr3:scaffold_1395	scaffold_1395		scaffold_1395	AAGU03094884.1	
loxAfr3:scaffold_1396	scaffold_1396		scaffold_1396	AAGU03094885.1	
loxAfr3:scaffold_1397	scaffold_1397		scaffold_1397	AAGU03094886.1	
loxAfr3:scaffold_1398	scaffold_1398		scaffold_1398	AAGU03094887.1	
loxAfr3:scaffold_1399	scaffold_1399		scaffold_1399	AAGU03094888.1	
loxAfr3:scaffold_14	scaffold_14		scaffold_14	GL010041.1	
loxAfr3:scaffold_140	scaffold_140		scaffold_140	GL010167.1	
loxAfr3:scaffold_1400	scaffold_1400		scaffold_1400	AAGU03094889.1	
loxAfr3:scaffold_1401	scaffold_1401		scaffold_1401	AAGU03094890.1	
loxAfr3:scaffold_1402	scaffold_1402		scaffold_1402	AAGU03094891.1	
loxAfr3:scaffold_1403	scaffold_1403		scaffold_1403	AAGU03094892.1	
loxAfr3:scaffold_1404	scaffold_1404		scaffold_1404	AAGU03094893.1	
loxAfr3:scaffold_1405	scaffold_1405		scaffold_1405	AAGU03094894.1	
loxAfr3:scaffold_1406	scaffold_1406		scaffold_1406	AAGU03094895.1	
loxAfr3:scaffold_1407	scaffold_1407		scaffold_1407	AAGU03094896.1	
loxAfr3:scaffold_1408	scaffold_1408		scaffold_1408	AAGU03094897.1	
loxAfr3:scaffold_1409	scaffold_1409		scaffold_1409	AAGU03094898.1	
loxAfr3:scaffold_141	scaffold_141		scaffold_141	GL010168.1	
loxAfr3:scaffold_1410	scaffold_1410		scaffold_1410	AAGU03094899.1	
loxAfr3:scaffold_1411	scaffold_1411		scaffold_1411	AAGU03094900.1	
loxAfr3:scaffold_1412	scaffold_1412		scaffold_1412	AAGU03094901.1	
loxAfr3:scaffold_1413	scaffold_1413		scaffold_1413	AAGU03094902.1	
loxAfr3:scaffold_1414	scaffold_1414		scaffold_1414	AAGU03094903.1	
loxAfr3:scaffold_1415	scaffold_1415		scaffold_1415	AAGU03094904.1	
loxAfr3:scaffold_1416	scaffold_1416		scaffold_1416	AAGU03094905.1	
loxAfr3:scaffold_1417	scaffold_1417		scaffold_1417	AAGU03094906.1	
loxAfr3:scaffold_1418	scaffold_1418		scaffold_1418	AAGU03094907.1	
loxAfr3:scaffold_1419	scaffold_1419		scaffold_1419	AAGU03094908.1	
loxAfr3:scaffold_142	scaffold_142		scaffold_142	GL010169.1	
loxAfr3:scaffold_1420	scaffold_1420		scaffold_1420	AAGU03094909.1	
loxAfr3:scaffold_1421	scaffold_1421		scaffold_1421	GL010697.1	
loxAfr3:scaffold_1422	scaffold_1422		scaffold_1422	AAGU03094914.1	
loxAfr3:scaffold_1423	scaffold_1423		scaffold_1423	AAGU03094915.1	
loxAfr3:scaffold_1424	scaffold_1424		scaffold_1424	AAGU03094916.1	
loxAfr3:scaffold_1425	scaffold_1425		scaffold_1425	AAGU03094917.1	
loxAfr3:scaffold_1426	scaffold_1426		scaffold_1426	AAGU03094918.1	
loxAfr3:scaffold_1427	scaffold_1427		scaffold_1427	AAGU03094919.1	
loxAfr3:scaffold_1428	scaffold_1428		scaffold_1428	AAGU03094920.1	
loxAfr3:scaffold_1429	scaffold_1429		scaffold_1429	AAGU03094921.1	
loxAfr3:scaffold_143	scaffold_143		scaffold_143	GL010170.1	
loxAfr3:scaffold_1430	scaffold_1430		scaffold_1430	AAGU03094922.1	
loxAfr3:scaffold_1431	scaffold_1431		scaffold_1431	AAGU03094923.1	
loxAfr3:scaffold_1432	scaffold_1432		scaffold_1432	GL010698.1	
loxAfr3:scaffold_1433	scaffold_1433		scaffold_1433	AAGU03094926.1	
loxAfr3:scaffold_1434	scaffold_1434		scaffold_1434	AAGU03094927.1	
loxAfr3:scaffold_1435	scaffold_1435		scaffold_1435	AAGU03094928.1	
loxAfr3:scaffold_1436	scaffold_1436		scaffold_1436	AAGU03094929.1	
loxAfr3:scaffold_1437	scaffold_1437		scaffold_1437	AAGU03094930.1	
loxAfr3:scaffold_1438	scaffold_1438		scaffold_1438	AAGU03094931.1	
loxAfr3:scaffold_1439	scaffold_1439		scaffold_1439	AAGU03094932.1	
loxAfr3:scaffold_144	scaffold_144		scaffold_144	GL010171.1	
loxAfr3:scaffold_1440	scaffold_1440		scaffold_1440	AAGU03094933.1	
loxAfr3:scaffold_1441	scaffold_1441		scaffold_1441	AAGU03094934.1	
loxAfr3:scaffold_1442	scaffold_1442		scaffold_1442	AAGU03094935.1	
loxAfr3:scaffold_1443	scaffold_1443		scaffold_1443	AAGU03094936.1	
loxAfr3:scaffold_1444	scaffold_1444		scaffold_1444	GL010699.1	
loxAfr3:scaffold_1445	scaffold_1445		scaffold_1445	AAGU03094939.1	
loxAfr3:scaffold_1446	scaffold_1446		scaffold_1446	AAGU03094940.1	
loxAfr3:scaffold_1447	scaffold_1447		scaffold_1447	AAGU03094941.1	
loxAfr3:scaffold_1448	scaffold_1448		scaffold_1448	AAGU03094942.1	
loxAfr3:scaffold_1449	scaffold_1449		scaffold_1449	AAGU03094943.1	
loxAfr3:scaffold_145	scaffold_145		scaffold_145	GL010172.1	
loxAfr3:scaffold_1450	scaffold_1450		scaffold_1450	AAGU03094944.1	
loxAfr3:scaffold_1451	scaffold_1451		scaffold_1451	AAGU03094945.1	
loxAfr3:scaffold_1452	scaffold_1452		scaffold_1452	AAGU03094946.1	
loxAfr3:scaffold_1453	scaffold_1453		scaffold_1453	AAGU03094947.1	
loxAfr3:scaffold_1454	scaffold_1454		scaffold_1454	AAGU03094948.1	
loxAfr3:scaffold_1455	scaffold_1455		scaffold_1455	AAGU03094949.1	
loxAfr3:scaffold_1456	scaffold_1456		scaffold_1456	AAGU03094950.1	
loxAfr3:scaffold_1457	scaffold_1457		scaffold_1457	AAGU03094951.1	
loxAfr3:scaffold_1458	scaffold_1458		scaffold_1458	AAGU03094952.1	
loxAfr3:scaffold_1459	scaffold_1459		scaffold_1459	AAGU03094953.1	
loxAfr3:scaffold_146	scaffold_146		scaffold_146	GL010173.1	
loxAfr3:scaffold_1460	scaffold_1460		scaffold_1460	AAGU03094954.1	
loxAfr3:scaffold_1461	scaffold_1461		scaffold_1461	AAGU03094955.1	
loxAfr3:scaffold_1462	scaffold_1462		scaffold_1462	GL010700.1	
loxAfr3:scaffold_1463	scaffold_1463		scaffold_1463	GL010701.1	
loxAfr3:scaffold_1464	scaffold_1464		scaffold_1464	AAGU03094960.1	
loxAfr3:scaffold_1465	scaffold_1465		scaffold_1465	AAGU03094961.1	
loxAfr3:scaffold_1466	scaffold_1466		scaffold_1466	AAGU03094962.1	
loxAfr3:scaffold_1467	scaffold_1467		scaffold_1467	AAGU03094963.1	
loxAfr3:scaffold_1468	scaffold_1468		scaffold_1468	AAGU03094964.1	
loxAfr3:scaffold_1469	scaffold_1469		scaffold_1469	AAGU03094965.1	
loxAfr3:scaffold_147	scaffold_147		scaffold_147	GL010174.1	
loxAfr3:scaffold_1470	scaffold_1470		scaffold_1470	AAGU03094966.1	
loxAfr3:scaffold_1471	scaffold_1471		scaffold_1471	AAGU03094967.1	
loxAfr3:scaffold_1472	scaffold_1472		scaffold_1472	AAGU03094968.1	
loxAfr3:scaffold_1473	scaffold_1473		scaffold_1473	AAGU03094969.1	
loxAfr3:scaffold_1474	scaffold_1474		scaffold_1474	AAGU03094970.1	
loxAfr3:scaffold_1475	scaffold_1475		scaffold_1475	AAGU03094971.1	
loxAfr3:scaffold_1476	scaffold_1476		scaffold_1476	AAGU03094972.1	
loxAfr3:scaffold_1477	scaffold_1477		scaffold_1477	AAGU03094973.1	
loxAfr3:scaffold_1478	scaffold_1478		scaffold_1478	AAGU03094974.1	
loxAfr3:scaffold_1479	scaffold_1479		scaffold_1479	AAGU03094975.1	
loxAfr3:scaffold_148	scaffold_148		scaffold_148	GL010175.1	
loxAfr3:scaffold_1480	scaffold_1480		scaffold_1480	AAGU03094976.1	
loxAfr3:scaffold_1481	scaffold_1481		scaffold_1481	AAGU03094977.1	
loxAfr3:scaffold_1482	scaffold_1482		scaffold_1482	AAGU03094978.1	
loxAfr3:scaffold_1483	scaffold_1483		scaffold_1483	AAGU03094979.1	
loxAfr3:scaffold_1484	scaffold_1484		scaffold_1484	AAGU03094980.1	
loxAfr3:scaffold_1485	scaffold_1485		scaffold_1485	AAGU03094981.1	
loxAfr3:scaffold_1486	scaffold_1486		scaffold_1486	AAGU03094982.1	
loxAfr3:scaffold_1487	scaffold_1487		scaffold_1487	AAGU03094983.1	
loxAfr3:scaffold_1488	scaffold_1488		scaffold_1488	AAGU03094984.1	
loxAfr3:scaffold_1489	scaffold_1489		scaffold_1489	AAGU03094985.1	
loxAfr3:scaffold_149	scaffold_149		scaffold_149	GL010176.1	
loxAfr3:scaffold_1490	scaffold_1490		scaffold_1490	AAGU03094986.1	
loxAfr3:scaffold_1491	scaffold_1491		scaffold_1491	AAGU03094987.1	
loxAfr3:scaffold_1492	scaffold_1492		scaffold_1492	AAGU03094988.1	
loxAfr3:scaffold_1493	scaffold_1493		scaffold_1493	AAGU03094989.1	
loxAfr3:scaffold_1494	scaffold_1494		scaffold_1494	AAGU03094990.1	
loxAfr3:scaffold_1495	scaffold_1495		scaffold_1495	AAGU03094991.1	
loxAfr3:scaffold_1496	scaffold_1496		scaffold_1496	GL010702.1	
loxAfr3:scaffold_1497	scaffold_1497		scaffold_1497	AAGU03094995.1	
loxAfr3:scaffold_1498	scaffold_1498		scaffold_1498	AAGU03094996.1	
loxAfr3:scaffold_1499	scaffold_1499		scaffold_1499	AAGU03094997.1	
loxAfr3:scaffold_15	scaffold_15		scaffold_15	GL010042.1	
loxAfr3:scaffold_150	scaffold_150		scaffold_150	GL010177.1	
loxAfr3:scaffold_1500	scaffold_1500		scaffold_1500	AAGU03094998.1	
loxAfr3:scaffold_1501	scaffold_1501		scaffold_1501	AAGU03094999.1	
loxAfr3:scaffold_1502	scaffold_1502		scaffold_1502	AAGU03095000.1	
loxAfr3:scaffold_1503	scaffold_1503		scaffold_1503	AAGU03095001.1	
loxAfr3:scaffold_1504	scaffold_1504		scaffold_1504	AAGU03095002.1	
loxAfr3:scaffold_1505	scaffold_1505		scaffold_1505	AAGU03095003.1	
loxAfr3:scaffold_1506	scaffold_1506		scaffold_1506	AAGU03095004.1	
loxAfr3:scaffold_1507	scaffold_1507		scaffold_1507	AAGU03095005.1	
loxAfr3:scaffold_1508	scaffold_1508		scaffold_1508	AAGU03095006.1	
loxAfr3:scaffold_1509	scaffold_1509		scaffold_1509	AAGU03095007.1	
loxAfr3:scaffold_151	scaffold_151		scaffold_151	GL010178.1	
loxAfr3:scaffold_1510	scaffold_1510		scaffold_1510	AAGU03095008.1	
loxAfr3:scaffold_1511	scaffold_1511		scaffold_1511	AAGU03095009.1	
loxAfr3:scaffold_1512	scaffold_1512		scaffold_1512	AAGU03095010.1	
loxAfr3:scaffold_1513	scaffold_1513		scaffold_1513	AAGU03095011.1	
loxAfr3:scaffold_1514	scaffold_1514		scaffold_1514	AAGU03095012.1	
loxAfr3:scaffold_1515	scaffold_1515		scaffold_1515	AAGU03095013.1	
loxAfr3:scaffold_1516	scaffold_1516		scaffold_1516	AAGU03095014.1	
loxAfr3:scaffold_1517	scaffold_1517		scaffold_1517	AAGU03095015.1	
loxAfr3:scaffold_1518	scaffold_1518		scaffold_1518	AAGU03095016.1	
loxAfr3:scaffold_1519	scaffold_1519		scaffold_1519	AAGU03095017.1	
loxAfr3:scaffold_152	scaffold_152		scaffold_152	GL010179.1	
loxAfr3:scaffold_1520	scaffold_1520		scaffold_1520	AAGU03095018.1	
loxAfr3:scaffold_1521	scaffold_1521		scaffold_1521	AAGU03095019.1	
loxAfr3:scaffold_1522	scaffold_1522		scaffold_1522	AAGU03095020.1	
loxAfr3:scaffold_1523	scaffold_1523		scaffold_1523	AAGU03095021.1	
loxAfr3:scaffold_1524	scaffold_1524		scaffold_1524	AAGU03095022.1	
loxAfr3:scaffold_1525	scaffold_1525		scaffold_1525	AAGU03095023.1	
loxAfr3:scaffold_1526	scaffold_1526		scaffold_1526	AAGU03095024.1	
loxAfr3:scaffold_1527	scaffold_1527		scaffold_1527	AAGU03095025.1	
loxAfr3:scaffold_1528	scaffold_1528		scaffold_1528	AAGU03095026.1	
loxAfr3:scaffold_1529	scaffold_1529		scaffold_1529	AAGU03095027.1	
loxAfr3:scaffold_153	scaffold_153		scaffold_153	GL010180.1	
loxAfr3:scaffold_1530	scaffold_1530		scaffold_1530	AAGU03095028.1	
loxAfr3:scaffold_1531	scaffold_1531		scaffold_1531	AAGU03095029.1	
loxAfr3:scaffold_1532	scaffold_1532		scaffold_1532	AAGU03095030.1	
loxAfr3:scaffold_1533	scaffold_1533		scaffold_1533	AAGU03095031.1	
loxAfr3:scaffold_1534	scaffold_1534		scaffold_1534	AAGU03095032.1	
loxAfr3:scaffold_1535	scaffold_1535		scaffold_1535	AAGU03095033.1	
loxAfr3:scaffold_1536	scaffold_1536		scaffold_1536	AAGU03095034.1	
loxAfr3:scaffold_1537	scaffold_1537		scaffold_1537	AAGU03095035.1	
loxAfr3:scaffold_1538	scaffold_1538		scaffold_1538	AAGU03095036.1	
loxAfr3:scaffold_1539	scaffold_1539		scaffold_1539	AAGU03095037.1	
loxAfr3:scaffold_154	scaffold_154		scaffold_154	GL010181.1	
loxAfr3:scaffold_1540	scaffold_1540		scaffold_1540	AAGU03095038.1	
loxAfr3:scaffold_1541	scaffold_1541		scaffold_1541	AAGU03095039.1	
loxAfr3:scaffold_1542	scaffold_1542		scaffold_1542	AAGU03095040.1	
loxAfr3:scaffold_1543	scaffold_1543		scaffold_1543	AAGU03095041.1	
loxAfr3:scaffold_1544	scaffold_1544		scaffold_1544	AAGU03095042.1	
loxAfr3:scaffold_1545	scaffold_1545		scaffold_1545	AAGU03095043.1	
loxAfr3:scaffold_1546	scaffold_1546		scaffold_1546	AAGU03095044.1	
loxAfr3:scaffold_1547	scaffold_1547		scaffold_1547	AAGU03095045.1	
loxAfr3:scaffold_1548	scaffold_1548		scaffold_1548	AAGU03095046.1	
loxAfr3:scaffold_1549	scaffold_1549		scaffold_1549	AAGU03095047.1	
loxAfr3:scaffold_155	scaffold_155		scaffold_155	GL010182.1	
loxAfr3:scaffold_1550	scaffold_1550		scaffold_1550	AAGU03095048.1	
loxAfr3:scaffold_1551	scaffold_1551		scaffold_1551	AAGU03095049.1	
loxAfr3:scaffold_1552	scaffold_1552		scaffold_1552	AAGU03095050.1	
loxAfr3:scaffold_1553	scaffold_1553		scaffold_1553	AAGU03095051.1	
loxAfr3:scaffold_1554	scaffold_1554		scaffold_1554	AAGU03095052.1	
loxAfr3:scaffold_1555	scaffold_1555		scaffold_1555	AAGU03095053.1	
loxAfr3:scaffold_1556	scaffold_1556		scaffold_1556	AAGU03095054.1	
loxAfr3:scaffold_1557	scaffold_1557		scaffold_1557	AAGU03095055.1	
loxAfr3:scaffold_1558	scaffold_1558		scaffold_1558	AAGU03095056.1	
loxAfr3:scaffold_1559	scaffold_1559		scaffold_1559	AAGU03095057.1	
loxAfr3:scaffold_156	scaffold_156		scaffold_156	GL010183.1	
loxAfr3:scaffold_1560	scaffold_1560		scaffold_1560	AAGU03095058.1	
loxAfr3:scaffold_1561	scaffold_1561		scaffold_1561	AAGU03095059.1	
loxAfr3:scaffold_1562	scaffold_1562		scaffold_1562	AAGU03095060.1	
loxAfr3:scaffold_1563	scaffold_1563		scaffold_1563	AAGU03095061.1	
loxAfr3:scaffold_1564	scaffold_1564		scaffold_1564	AAGU03095062.1	
loxAfr3:scaffold_1565	scaffold_1565		scaffold_1565	AAGU03095063.1	
loxAfr3:scaffold_1566	scaffold_1566		scaffold_1566	AAGU03095064.1	
loxAfr3:scaffold_1567	scaffold_1567		scaffold_1567	AAGU03095065.1	
loxAfr3:scaffold_1568	scaffold_1568		scaffold_1568	AAGU03095066.1	
loxAfr3:scaffold_1569	scaffold_1569		scaffold_1569	AAGU03095067.1	
loxAfr3:scaffold_157	scaffold_157		scaffold_157	GL010184.1	
loxAfr3:scaffold_1570	scaffold_1570		scaffold_1570	AAGU03095068.1	
loxAfr3:scaffold_1571	scaffold_1571		scaffold_1571	AAGU03095069.1	
loxAfr3:scaffold_1572	scaffold_1572		scaffold_1572	AAGU03095070.1	
loxAfr3:scaffold_1573	scaffold_1573		scaffold_1573	AAGU03095071.1	
loxAfr3:scaffold_1574	scaffold_1574		scaffold_1574	AAGU03095072.1	
loxAfr3:scaffold_1575	scaffold_1575		scaffold_1575	AAGU03095073.1	
loxAfr3:scaffold_1576	scaffold_1576		scaffold_1576	AAGU03095074.1	
loxAfr3:scaffold_1577	scaffold_1577		scaffold_1577	AAGU03095075.1	
loxAfr3:scaffold_1578	scaffold_1578		scaffold_1578	AAGU03095076.1	
loxAfr3:scaffold_1579	scaffold_1579		scaffold_1579	AAGU03095077.1	
loxAfr3:scaffold_158	scaffold_158		scaffold_158	GL010185.1	
loxAfr3:scaffold_1580	scaffold_1580		scaffold_1580	AAGU03095078.1	
loxAfr3:scaffold_1581	scaffold_1581		scaffold_1581	AAGU03095079.1	
loxAfr3:scaffold_1582	scaffold_1582		scaffold_1582	AAGU03095080.1	
loxAfr3:scaffold_1583	scaffold_1583		scaffold_1583	AAGU03095081.1	
loxAfr3:scaffold_1584	scaffold_1584		scaffold_1584	AAGU03095082.1	
loxAfr3:scaffold_1585	scaffold_1585		scaffold_1585	AAGU03095083.1	
loxAfr3:scaffold_1586	scaffold_1586		scaffold_1586	AAGU03095084.1	
loxAfr3:scaffold_1587	scaffold_1587		scaffold_1587	AAGU03095085.1	
loxAfr3:scaffold_1588	scaffold_1588		scaffold_1588	AAGU03095086.1	
loxAfr3:scaffold_1589	scaffold_1589		scaffold_1589	AAGU03095087.1	
loxAfr3:scaffold_159	scaffold_159		scaffold_159	GL010186.1	
loxAfr3:scaffold_1590	scaffold_1590		scaffold_1590	AAGU03095088.1	
loxAfr3:scaffold_1591	scaffold_1591		scaffold_1591	AAGU03095089.1	
loxAfr3:scaffold_1592	scaffold_1592		scaffold_1592	AAGU03095090.1	
loxAfr3:scaffold_1593	scaffold_1593		scaffold_1593	AAGU03095091.1	
loxAfr3:scaffold_1594	scaffold_1594		scaffold_1594	AAGU03095092.1	
loxAfr3:scaffold_1595	scaffold_1595		scaffold_1595	AAGU03095093.1	
loxAfr3:scaffold_1596	scaffold_1596		scaffold_1596	AAGU03095094.1	
loxAfr3:scaffold_1597	scaffold_1597		scaffold_1597	AAGU03095095.1	
loxAfr3:scaffold_1598	scaffold_1598		scaffold_1598	AAGU03095096.1	
loxAfr3:scaffold_1599	scaffold_1599		scaffold_1599	AAGU03095097.1	
loxAfr3:scaffold_16	scaffold_16		scaffold_16	GL010043.1	
loxAfr3:scaffold_160	scaffold_160		scaffold_160	GL010187.1	
loxAfr3:scaffold_1600	scaffold_1600		scaffold_1600	AAGU03095098.1	
loxAfr3:scaffold_1601	scaffold_1601		scaffold_1601	AAGU03095099.1	
loxAfr3:scaffold_1602	scaffold_1602		scaffold_1602	AAGU03095100.1	
loxAfr3:scaffold_1603	scaffold_1603		scaffold_1603	AAGU03095101.1	
loxAfr3:scaffold_1604	scaffold_1604		scaffold_1604	AAGU03095102.1	
loxAfr3:scaffold_1605	scaffold_1605		scaffold_1605	AAGU03095103.1	
loxAfr3:scaffold_1606	scaffold_1606		scaffold_1606	AAGU03095104.1	
loxAfr3:scaffold_1607	scaffold_1607		scaffold_1607	AAGU03095105.1	
loxAfr3:scaffold_1608	scaffold_1608		scaffold_1608	AAGU03095106.1	
loxAfr3:scaffold_1609	scaffold_1609		scaffold_1609	AAGU03095107.1	
loxAfr3:scaffold_161	scaffold_161		scaffold_161	GL010188.1	
loxAfr3:scaffold_1610	scaffold_1610		scaffold_1610	AAGU03095108.1	
loxAfr3:scaffold_1611	scaffold_1611		scaffold_1611	AAGU03095109.1	
loxAfr3:scaffold_1612	scaffold_1612		scaffold_1612	AAGU03095110.1	
loxAfr3:scaffold_1613	scaffold_1613		scaffold_1613	AAGU03095111.1	
loxAfr3:scaffold_1614	scaffold_1614		scaffold_1614	AAGU03095112.1	
loxAfr3:scaffold_1615	scaffold_1615		scaffold_1615	AAGU03095113.1	
loxAfr3:scaffold_1616	scaffold_1616		scaffold_1616	AAGU03095114.1	
loxAfr3:scaffold_1617	scaffold_1617		scaffold_1617	AAGU03095115.1	
loxAfr3:scaffold_1618	scaffold_1618		scaffold_1618	AAGU03095116.1	
loxAfr3:scaffold_1619	scaffold_1619		scaffold_1619	AAGU03095117.1	
loxAfr3:scaffold_162	scaffold_162		scaffold_162	GL010189.1	
loxAfr3:scaffold_1620	scaffold_1620		scaffold_1620	AAGU03095118.1	
loxAfr3:scaffold_1621	scaffold_1621		scaffold_1621	AAGU03095119.1	
loxAfr3:scaffold_1622	scaffold_1622		scaffold_1622	AAGU03095120.1	
loxAfr3:scaffold_1623	scaffold_1623		scaffold_1623	AAGU03095121.1	
loxAfr3:scaffold_1624	scaffold_1624		scaffold_1624	GL010703.1	
loxAfr3:scaffold_1625	scaffold_1625		scaffold_1625	AAGU03095124.1	
loxAfr3:scaffold_1626	scaffold_1626		scaffold_1626	AAGU03095125.1	
loxAfr3:scaffold_1627	scaffold_1627		scaffold_1627	AAGU03095126.1	
loxAfr3:scaffold_1628	scaffold_1628		scaffold_1628	AAGU03095127.1	
loxAfr3:scaffold_1629	scaffold_1629		scaffold_1629	AAGU03095128.1	
loxAfr3:scaffold_163	scaffold_163		scaffold_163	GL010190.1	
loxAfr3:scaffold_1630	scaffold_1630		scaffold_1630	AAGU03095129.1	
loxAfr3:scaffold_1631	scaffold_1631		scaffold_1631	AAGU03095130.1	
loxAfr3:scaffold_1632	scaffold_1632		scaffold_1632	AAGU03095131.1	
loxAfr3:scaffold_1633	scaffold_1633		scaffold_1633	AAGU03095132.1	
loxAfr3:scaffold_1634	scaffold_1634		scaffold_1634	AAGU03095133.1	
loxAfr3:scaffold_1635	scaffold_1635		scaffold_1635	AAGU03095134.1	
loxAfr3:scaffold_1636	scaffold_1636		scaffold_1636	AAGU03095135.1	
loxAfr3:scaffold_1637	scaffold_1637		scaffold_1637	AAGU03095136.1	
loxAfr3:scaffold_1638	scaffold_1638		scaffold_1638	AAGU03095137.1	
loxAfr3:scaffold_1639	scaffold_1639		scaffold_1639	AAGU03095138.1	
loxAfr3:scaffold_164	scaffold_164		scaffold_164	GL010191.1	
loxAfr3:scaffold_1640	scaffold_1640		scaffold_1640	AAGU03095139.1	
loxAfr3:scaffold_1641	scaffold_1641		scaffold_1641	AAGU03095140.1	
loxAfr3:scaffold_1642	scaffold_1642		scaffold_1642	AAGU03095141.1	
loxAfr3:scaffold_1643	scaffold_1643		scaffold_1643	AAGU03095142.1	
loxAfr3:scaffold_1644	scaffold_1644		scaffold_1644	AAGU03095143.1	
loxAfr3:scaffold_1645	scaffold_1645		scaffold_1645	AAGU03095144.1	
loxAfr3:scaffold_1646	scaffold_1646		scaffold_1646	AAGU03095145.1	
loxAfr3:scaffold_1647	scaffold_1647		scaffold_1647	AAGU03095146.1	
loxAfr3:scaffold_1648	scaffold_1648		scaffold_1648	AAGU03095147.1	
loxAfr3:scaffold_1649	scaffold_1649		scaffold_1649	AAGU03095148.1	
loxAfr3:scaffold_165	scaffold_165		scaffold_165	GL010192.1	
loxAfr3:scaffold_1650	scaffold_1650		scaffold_1650	AAGU03095149.1	
loxAfr3:scaffold_1651	scaffold_1651		scaffold_1651	AAGU03095150.1	
loxAfr3:scaffold_1652	scaffold_1652		scaffold_1652	AAGU03095151.1	
loxAfr3:scaffold_1653	scaffold_1653		scaffold_1653	AAGU03095152.1	
loxAfr3:scaffold_1654	scaffold_1654		scaffold_1654	AAGU03095153.1	
loxAfr3:scaffold_1655	scaffold_1655		scaffold_1655	AAGU03095154.1	
loxAfr3:scaffold_1656	scaffold_1656		scaffold_1656	AAGU03095155.1	
loxAfr3:scaffold_1657	scaffold_1657		scaffold_1657	AAGU03095156.1	
loxAfr3:scaffold_1658	scaffold_1658		scaffold_1658	AAGU03095157.1	
loxAfr3:scaffold_1659	scaffold_1659		scaffold_1659	AAGU03095158.1	
loxAfr3:scaffold_166	scaffold_166		scaffold_166	GL010193.1	
loxAfr3:scaffold_1660	scaffold_1660		scaffold_1660	AAGU03095159.1	
loxAfr3:scaffold_1661	scaffold_1661		scaffold_1661	AAGU03095160.1	
loxAfr3:scaffold_1662	scaffold_1662		scaffold_1662	AAGU03095161.1	
loxAfr3:scaffold_1663	scaffold_1663		scaffold_1663	AAGU03095162.1	
loxAfr3:scaffold_1664	scaffold_1664		scaffold_1664	AAGU03095163.1	
loxAfr3:scaffold_1665	scaffold_1665		scaffold_1665	AAGU03095164.1	
loxAfr3:scaffold_1666	scaffold_1666		scaffold_1666	AAGU03095165.1	
loxAfr3:scaffold_1667	scaffold_1667		scaffold_1667	AAGU03095166.1	
loxAfr3:scaffold_1668	scaffold_1668		scaffold_1668	AAGU03095167.1	
loxAfr3:scaffold_1669	scaffold_1669		scaffold_1669	AAGU03095168.1	
loxAfr3:scaffold_167	scaffold_167		scaffold_167	GL010194.1	
loxAfr3:scaffold_1670	scaffold_1670		scaffold_1670	AAGU03095169.1	
loxAfr3:scaffold_1671	scaffold_1671		scaffold_1671	AAGU03095170.1	
loxAfr3:scaffold_1672	scaffold_1672		scaffold_1672	AAGU03095171.1	
loxAfr3:scaffold_1673	scaffold_1673		scaffold_1673	AAGU03095172.1	
loxAfr3:scaffold_1674	scaffold_1674		scaffold_1674	AAGU03095173.1	
loxAfr3:scaffold_1675	scaffold_1675		scaffold_1675	GL010704.1	
loxAfr3:scaffold_1676	scaffold_1676		scaffold_1676	AAGU03095176.1	
loxAfr3:scaffold_1677	scaffold_1677		scaffold_1677	AAGU03095177.1	
loxAfr3:scaffold_1678	scaffold_1678		scaffold_1678	AAGU03095178.1	
loxAfr3:scaffold_1679	scaffold_1679		scaffold_1679	AAGU03095179.1	
loxAfr3:scaffold_168	scaffold_168		scaffold_168	GL010195.1	
loxAfr3:scaffold_1680	scaffold_1680		scaffold_1680	AAGU03095180.1	
loxAfr3:scaffold_1681	scaffold_1681		scaffold_1681	AAGU03095181.1	
loxAfr3:scaffold_1682	scaffold_1682		scaffold_1682	AAGU03095182.1	
loxAfr3:scaffold_1683	scaffold_1683		scaffold_1683	AAGU03095183.1	
loxAfr3:scaffold_1684	scaffold_1684		scaffold_1684	AAGU03095184.1	
loxAfr3:scaffold_1685	scaffold_1685		scaffold_1685	AAGU03095185.1	
loxAfr3:scaffold_1686	scaffold_1686		scaffold_1686	AAGU03095186.1	
loxAfr3:scaffold_1687	scaffold_1687		scaffold_1687	AAGU03095187.1	
loxAfr3:scaffold_1688	scaffold_1688		scaffold_1688	AAGU03095188.1	
loxAfr3:scaffold_1689	scaffold_1689		scaffold_1689	AAGU03095189.1	
loxAfr3:scaffold_169	scaffold_169		scaffold_169	GL010196.1	
loxAfr3:scaffold_1690	scaffold_1690		scaffold_1690	AAGU03095190.1	
loxAfr3:scaffold_1691	scaffold_1691		scaffold_1691	AAGU03095191.1	
loxAfr3:scaffold_1692	scaffold_1692		scaffold_1692	AAGU03095192.1	
loxAfr3:scaffold_1693	scaffold_1693		scaffold_1693	AAGU03095193.1	
loxAfr3:scaffold_1694	scaffold_1694		scaffold_1694	AAGU03095194.1	
loxAfr3:scaffold_1695	scaffold_1695		scaffold_1695	AAGU03095195.1	
loxAfr3:scaffold_1696	scaffold_1696		scaffold_1696	AAGU03095196.1	
loxAfr3:scaffold_1697	scaffold_1697		scaffold_1697	AAGU03095197.1	
loxAfr3:scaffold_1698	scaffold_1698		scaffold_1698	AAGU03095198.1	
loxAfr3:scaffold_1699	scaffold_1699		scaffold_1699	AAGU03095199.1	
loxAfr3:scaffold_17	scaffold_17		scaffold_17	GL010044.1	
loxAfr3:scaffold_170	scaffold_170		scaffold_170	GL010197.1	
loxAfr3:scaffold_1700	scaffold_1700		scaffold_1700	AAGU03095200.1	
loxAfr3:scaffold_1701	scaffold_1701		scaffold_1701	AAGU03095201.1	
loxAfr3:scaffold_1702	scaffold_1702		scaffold_1702	AAGU03095202.1	
loxAfr3:scaffold_1703	scaffold_1703		scaffold_1703	AAGU03095203.1	
loxAfr3:scaffold_1704	scaffold_1704		scaffold_1704	AAGU03095204.1	
loxAfr3:scaffold_1705	scaffold_1705		scaffold_1705	AAGU03095205.1	
loxAfr3:scaffold_1706	scaffold_1706		scaffold_1706	AAGU03095206.1	
loxAfr3:scaffold_1707	scaffold_1707		scaffold_1707	AAGU03095207.1	
loxAfr3:scaffold_1708	scaffold_1708		scaffold_1708	AAGU03095208.1	
loxAfr3:scaffold_1709	scaffold_1709		scaffold_1709	AAGU03095209.1	
loxAfr3:scaffold_171	scaffold_171		scaffold_171	GL010198.1	
loxAfr3:scaffold_1710	scaffold_1710		scaffold_1710	AAGU03095210.1	
loxAfr3:scaffold_1711	scaffold_1711		scaffold_1711	AAGU03095211.1	
loxAfr3:scaffold_1712	scaffold_1712		scaffold_1712	AAGU03095212.1	
loxAfr3:scaffold_1713	scaffold_1713		scaffold_1713	AAGU03095213.1	
loxAfr3:scaffold_1714	scaffold_1714		scaffold_1714	AAGU03095214.1	
loxAfr3:scaffold_1715	scaffold_1715		scaffold_1715	AAGU03095215.1	
loxAfr3:scaffold_1716	scaffold_1716		scaffold_1716	GL010705.1	
loxAfr3:scaffold_1717	scaffold_1717		scaffold_1717	AAGU03095218.1	
loxAfr3:scaffold_1718	scaffold_1718		scaffold_1718	AAGU03095219.1	
loxAfr3:scaffold_1719	scaffold_1719		scaffold_1719	AAGU03095220.1	
loxAfr3:scaffold_172	scaffold_172		scaffold_172	GL010199.1	
loxAfr3:scaffold_1720	scaffold_1720		scaffold_1720	AAGU03095221.1	
loxAfr3:scaffold_1721	scaffold_1721		scaffold_1721	AAGU03095222.1	
loxAfr3:scaffold_1722	scaffold_1722		scaffold_1722	AAGU03095223.1	
loxAfr3:scaffold_1723	scaffold_1723		scaffold_1723	AAGU03095224.1	
loxAfr3:scaffold_1724	scaffold_1724		scaffold_1724	AAGU03095225.1	
loxAfr3:scaffold_1725	scaffold_1725		scaffold_1725	AAGU03095226.1	
loxAfr3:scaffold_1726	scaffold_1726		scaffold_1726	AAGU03095227.1	
loxAfr3:scaffold_1727	scaffold_1727		scaffold_1727	AAGU03095228.1	
loxAfr3:scaffold_1728	scaffold_1728		scaffold_1728	AAGU03095229.1	
loxAfr3:scaffold_1729	scaffold_1729		scaffold_1729	AAGU03095230.1	
loxAfr3:scaffold_173	scaffold_173		scaffold_173	GL010200.1	
loxAfr3:scaffold_1730	scaffold_1730		scaffold_1730	AAGU03095231.1	
loxAfr3:scaffold_1731	scaffold_1731		scaffold_1731	AAGU03095232.1	
loxAfr3:scaffold_1732	scaffold_1732		scaffold_1732	AAGU03095233.1	
loxAfr3:scaffold_1733	scaffold_1733		scaffold_1733	AAGU03095234.1	
loxAfr3:scaffold_1734	scaffold_1734		scaffold_1734	AAGU03095235.1	
loxAfr3:scaffold_1735	scaffold_1735		scaffold_1735	AAGU03095236.1	
loxAfr3:scaffold_1736	scaffold_1736		scaffold_1736	AAGU03095237.1	
loxAfr3:scaffold_1737	scaffold_1737		scaffold_1737	AAGU03095238.1	
loxAfr3:scaffold_1738	scaffold_1738		scaffold_1738	AAGU03095239.1	
loxAfr3:scaffold_1739	scaffold_1739		scaffold_1739	AAGU03095240.1	
loxAfr3:scaffold_174	scaffold_174		scaffold_174	GL010201.1	
loxAfr3:scaffold_1740	scaffold_1740		scaffold_1740	AAGU03095241.1	
loxAfr3:scaffold_1741	scaffold_1741		scaffold_1741	AAGU03095242.1	
loxAfr3:scaffold_1742	scaffold_1742		scaffold_1742	AAGU03095243.1	
loxAfr3:scaffold_1743	scaffold_1743		scaffold_1743	AAGU03095244.1	
loxAfr3:scaffold_1744	scaffold_1744		scaffold_1744	AAGU03095245.1	
loxAfr3:scaffold_1745	scaffold_1745		scaffold_1745	AAGU03095246.1	
loxAfr3:scaffold_1746	scaffold_1746		scaffold_1746	AAGU03095247.1	
loxAfr3:scaffold_1747	scaffold_1747		scaffold_1747	AAGU03095248.1	
loxAfr3:scaffold_1748	scaffold_1748		scaffold_1748	AAGU03095249.1	
loxAfr3:scaffold_1749	scaffold_1749		scaffold_1749	AAGU03095250.1	
loxAfr3:scaffold_175	scaffold_175		scaffold_175	GL010202.1	
loxAfr3:scaffold_1750	scaffold_1750		scaffold_1750	AAGU03095251.1	
loxAfr3:scaffold_1751	scaffold_1751		scaffold_1751	AAGU03095252.1	
loxAfr3:scaffold_1752	scaffold_1752		scaffold_1752	AAGU03095253.1	
loxAfr3:scaffold_1753	scaffold_1753		scaffold_1753	AAGU03095254.1	
loxAfr3:scaffold_1754	scaffold_1754		scaffold_1754	AAGU03095255.1	
loxAfr3:scaffold_1755	scaffold_1755		scaffold_1755	AAGU03095256.1	
loxAfr3:scaffold_1756	scaffold_1756		scaffold_1756	AAGU03095257.1	
loxAfr3:scaffold_1757	scaffold_1757		scaffold_1757	AAGU03095258.1	
loxAfr3:scaffold_1758	scaffold_1758		scaffold_1758	AAGU03095259.1	
loxAfr3:scaffold_1759	scaffold_1759		scaffold_1759	AAGU03095260.1	
loxAfr3:scaffold_176	scaffold_176		scaffold_176	GL010203.1	
loxAfr3:scaffold_1760	scaffold_1760		scaffold_1760	AAGU03095261.1	
loxAfr3:scaffold_1761	scaffold_1761		scaffold_1761	AAGU03095262.1	
loxAfr3:scaffold_1762	scaffold_1762		scaffold_1762	AAGU03095263.1	
loxAfr3:scaffold_1763	scaffold_1763		scaffold_1763	AAGU03095264.1	
loxAfr3:scaffold_1764	scaffold_1764		scaffold_1764	AAGU03095265.1	
loxAfr3:scaffold_1765	scaffold_1765		scaffold_1765	AAGU03095266.1	
loxAfr3:scaffold_1766	scaffold_1766		scaffold_1766	AAGU03095267.1	
loxAfr3:scaffold_1767	scaffold_1767		scaffold_1767	AAGU03095268.1	
loxAfr3:scaffold_1768	scaffold_1768		scaffold_1768	AAGU03095269.1	
loxAfr3:scaffold_1769	scaffold_1769		scaffold_1769	AAGU03095270.1	
loxAfr3:scaffold_177	scaffold_177		scaffold_177	GL010204.1	
loxAfr3:scaffold_1770	scaffold_1770		scaffold_1770	AAGU03095271.1	
loxAfr3:scaffold_1771	scaffold_1771		scaffold_1771	AAGU03095272.1	
loxAfr3:scaffold_1772	scaffold_1772		scaffold_1772	AAGU03095273.1	
loxAfr3:scaffold_1773	scaffold_1773		scaffold_1773	AAGU03095274.1	
loxAfr3:scaffold_1774	scaffold_1774		scaffold_1774	AAGU03095275.1	
loxAfr3:scaffold_1775	scaffold_1775		scaffold_1775	AAGU03095276.1	
loxAfr3:scaffold_1776	scaffold_1776		scaffold_1776	AAGU03095277.1	
loxAfr3:scaffold_1777	scaffold_1777		scaffold_1777	AAGU03095278.1	
loxAfr3:scaffold_1778	scaffold_1778		scaffold_1778	AAGU03095279.1	
loxAfr3:scaffold_1779	scaffold_1779		scaffold_1779	AAGU03095280.1	
loxAfr3:scaffold_178	scaffold_178		scaffold_178	GL010205.1	
loxAfr3:scaffold_1780	scaffold_1780		scaffold_1780	AAGU03095281.1	
loxAfr3:scaffold_1781	scaffold_1781		scaffold_1781	GL010706.1	
loxAfr3:scaffold_1782	scaffold_1782		scaffold_1782	AAGU03095284.1	
loxAfr3:scaffold_1783	scaffold_1783		scaffold_1783	AAGU03095285.1	
loxAfr3:scaffold_1784	scaffold_1784		scaffold_1784	AAGU03095286.1	
loxAfr3:scaffold_1785	scaffold_1785		scaffold_1785	AAGU03095287.1	
loxAfr3:scaffold_1786	scaffold_1786		scaffold_1786	AAGU03095288.1	
loxAfr3:scaffold_1787	scaffold_1787		scaffold_1787	AAGU03095289.1	
loxAfr3:scaffold_1788	scaffold_1788		scaffold_1788	AAGU03095290.1	
loxAfr3:scaffold_1789	scaffold_1789		scaffold_1789	AAGU03095291.1	
loxAfr3:scaffold_179	scaffold_179		scaffold_179	GL010206.1	
loxAfr3:scaffold_1790	scaffold_1790		scaffold_1790	AAGU03095292.1	
loxAfr3:scaffold_1791	scaffold_1791		scaffold_1791	AAGU03095293.1	
loxAfr3:scaffold_1792	scaffold_1792		scaffold_1792	AAGU03095294.1	
loxAfr3:scaffold_1793	scaffold_1793		scaffold_1793	AAGU03095295.1	
loxAfr3:scaffold_1794	scaffold_1794		scaffold_1794	AAGU03095296.1	
loxAfr3:scaffold_1795	scaffold_1795		scaffold_1795	AAGU03095297.1	
loxAfr3:scaffold_1796	scaffold_1796		scaffold_1796	AAGU03095298.1	
loxAfr3:scaffold_1797	scaffold_1797		scaffold_1797	AAGU03095299.1	
loxAfr3:scaffold_1798	scaffold_1798		scaffold_1798	AAGU03095300.1	
loxAfr3:scaffold_1799	scaffold_1799		scaffold_1799	AAGU03095301.1	
loxAfr3:scaffold_18	scaffold_18		scaffold_18	GL010045.1	
loxAfr3:scaffold_180	scaffold_180		scaffold_180	GL010207.1	
loxAfr3:scaffold_1800	scaffold_1800		scaffold_1800	AAGU03095302.1	
loxAfr3:scaffold_1801	scaffold_1801		scaffold_1801	AAGU03095303.1	
loxAfr3:scaffold_1802	scaffold_1802		scaffold_1802	AAGU03095304.1	
loxAfr3:scaffold_1803	scaffold_1803		scaffold_1803	AAGU03095305.1	
loxAfr3:scaffold_1804	scaffold_1804		scaffold_1804	AAGU03095306.1	
loxAfr3:scaffold_1805	scaffold_1805		scaffold_1805	AAGU03095307.1	
loxAfr3:scaffold_1806	scaffold_1806		scaffold_1806	AAGU03095308.1	
loxAfr3:scaffold_1807	scaffold_1807		scaffold_1807	AAGU03095309.1	
loxAfr3:scaffold_1808	scaffold_1808		scaffold_1808	AAGU03095310.1	
loxAfr3:scaffold_1809	scaffold_1809		scaffold_1809	AAGU03095311.1	
loxAfr3:scaffold_181	scaffold_181		scaffold_181	GL010208.1	
loxAfr3:scaffold_1810	scaffold_1810		scaffold_1810	AAGU03095312.1	
loxAfr3:scaffold_1811	scaffold_1811		scaffold_1811	AAGU03095313.1	
loxAfr3:scaffold_1812	scaffold_1812		scaffold_1812	AAGU03095314.1	
loxAfr3:scaffold_1813	scaffold_1813		scaffold_1813	AAGU03095315.1	
loxAfr3:scaffold_1814	scaffold_1814		scaffold_1814	AAGU03095316.1	
loxAfr3:scaffold_1815	scaffold_1815		scaffold_1815	AAGU03095317.1	
loxAfr3:scaffold_1816	scaffold_1816		scaffold_1816	AAGU03095318.1	
loxAfr3:scaffold_1817	scaffold_1817		scaffold_1817	AAGU03095319.1	
loxAfr3:scaffold_1818	scaffold_1818		scaffold_1818	AAGU03095320.1	
loxAfr3:scaffold_1819	scaffold_1819		scaffold_1819	AAGU03095321.1	
loxAfr3:scaffold_182	scaffold_182		scaffold_182	GL010209.1	
loxAfr3:scaffold_1820	scaffold_1820		scaffold_1820	AAGU03095322.1	
loxAfr3:scaffold_1821	scaffold_1821		scaffold_1821	AAGU03095323.1	
loxAfr3:scaffold_1822	scaffold_1822		scaffold_1822	AAGU03095324.1	
loxAfr3:scaffold_1823	scaffold_1823		scaffold_1823	AAGU03095325.1	
loxAfr3:scaffold_1824	scaffold_1824		scaffold_1824	AAGU03095326.1	
loxAfr3:scaffold_1825	scaffold_1825		scaffold_1825	AAGU03095327.1	
loxAfr3:scaffold_1826	scaffold_1826		scaffold_1826	AAGU03095328.1	
loxAfr3:scaffold_1827	scaffold_1827		scaffold_1827	GL010707.1	
loxAfr3:scaffold_1828	scaffold_1828		scaffold_1828	AAGU03095331.1	
loxAfr3:scaffold_1829	scaffold_1829		scaffold_1829	GL010708.1	
loxAfr3:scaffold_183	scaffold_183		scaffold_183	GL010210.1	
loxAfr3:scaffold_1830	scaffold_1830		scaffold_1830	AAGU03095334.1	
loxAfr3:scaffold_1831	scaffold_1831		scaffold_1831	AAGU03095335.1	
loxAfr3:scaffold_1832	scaffold_1832		scaffold_1832	AAGU03095336.1	
loxAfr3:scaffold_1833	scaffold_1833		scaffold_1833	AAGU03095337.1	
loxAfr3:scaffold_1834	scaffold_1834		scaffold_1834	AAGU03095338.1	
loxAfr3:scaffold_1835	scaffold_1835		scaffold_1835	AAGU03095339.1	
loxAfr3:scaffold_1836	scaffold_1836		scaffold_1836	AAGU03095340.1	
loxAfr3:scaffold_1837	scaffold_1837		scaffold_1837	AAGU03095341.1	
loxAfr3:scaffold_1838	scaffold_1838		scaffold_1838	AAGU03095342.1	
loxAfr3:scaffold_1839	scaffold_1839		scaffold_1839	AAGU03095343.1	
loxAfr3:scaffold_184	scaffold_184		scaffold_184	GL010211.1	
loxAfr3:scaffold_1840	scaffold_1840		scaffold_1840	AAGU03095344.1	
loxAfr3:scaffold_1841	scaffold_1841		scaffold_1841	AAGU03095345.1	
loxAfr3:scaffold_1842	scaffold_1842		scaffold_1842	AAGU03095346.1	
loxAfr3:scaffold_1843	scaffold_1843		scaffold_1843	AAGU03095347.1	
loxAfr3:scaffold_1844	scaffold_1844		scaffold_1844	AAGU03095348.1	
loxAfr3:scaffold_1845	scaffold_1845		scaffold_1845	AAGU03095349.1	
loxAfr3:scaffold_1846	scaffold_1846		scaffold_1846	AAGU03095350.1	
loxAfr3:scaffold_1847	scaffold_1847		scaffold_1847	AAGU03095351.1	
loxAfr3:scaffold_1848	scaffold_1848		scaffold_1848	AAGU03095352.1	
loxAfr3:scaffold_1849	scaffold_1849		scaffold_1849	AAGU03095353.1	
loxAfr3:scaffold_185	scaffold_185		scaffold_185	GL010212.1	
loxAfr3:scaffold_1850	scaffold_1850		scaffold_1850	AAGU03095354.1	
loxAfr3:scaffold_1851	scaffold_1851		scaffold_1851	AAGU03095355.1	
loxAfr3:scaffold_1852	scaffold_1852		scaffold_1852	AAGU03095356.1	
loxAfr3:scaffold_1853	scaffold_1853		scaffold_1853	AAGU03095357.1	
loxAfr3:scaffold_1854	scaffold_1854		scaffold_1854	AAGU03095358.1	
loxAfr3:scaffold_1855	scaffold_1855		scaffold_1855	AAGU03095359.1	
loxAfr3:scaffold_1856	scaffold_1856		scaffold_1856	AAGU03095360.1	
loxAfr3:scaffold_1857	scaffold_1857		scaffold_1857	AAGU03095361.1	
loxAfr3:scaffold_1858	scaffold_1858		scaffold_1858	AAGU03095362.1	
loxAfr3:scaffold_1859	scaffold_1859		scaffold_1859	AAGU03095363.1	
loxAfr3:scaffold_186	scaffold_186		scaffold_186	GL010213.1	
loxAfr3:scaffold_1860	scaffold_1860		scaffold_1860	AAGU03095364.1	
loxAfr3:scaffold_1861	scaffold_1861		scaffold_1861	AAGU03095365.1	
loxAfr3:scaffold_1862	scaffold_1862		scaffold_1862	AAGU03095366.1	
loxAfr3:scaffold_1863	scaffold_1863		scaffold_1863	AAGU03095367.1	
loxAfr3:scaffold_1864	scaffold_1864		scaffold_1864	AAGU03095368.1	
loxAfr3:scaffold_1865	scaffold_1865		scaffold_1865	AAGU03095369.1	
loxAfr3:scaffold_1866	scaffold_1866		scaffold_1866	AAGU03095370.1	
loxAfr3:scaffold_1867	scaffold_1867		scaffold_1867	AAGU03095371.1	
loxAfr3:scaffold_1868	scaffold_1868		scaffold_1868	AAGU03095372.1	
loxAfr3:scaffold_1869	scaffold_1869		scaffold_1869	AAGU03095373.1	
loxAfr3:scaffold_187	scaffold_187		scaffold_187	GL010214.1	
loxAfr3:scaffold_1870	scaffold_1870		scaffold_1870	AAGU03095374.1	
loxAfr3:scaffold_1871	scaffold_1871		scaffold_1871	AAGU03095375.1	
loxAfr3:scaffold_1872	scaffold_1872		scaffold_1872	AAGU03095376.1	
loxAfr3:scaffold_1873	scaffold_1873		scaffold_1873	AAGU03095377.1	
loxAfr3:scaffold_1874	scaffold_1874		scaffold_1874	AAGU03095378.1	
loxAfr3:scaffold_1875	scaffold_1875		scaffold_1875	AAGU03095379.1	
loxAfr3:scaffold_1876	scaffold_1876		scaffold_1876	AAGU03095380.1	
loxAfr3:scaffold_1877	scaffold_1877		scaffold_1877	AAGU03095381.1	
loxAfr3:scaffold_1878	scaffold_1878		scaffold_1878	AAGU03095382.1	
loxAfr3:scaffold_1879	scaffold_1879		scaffold_1879	AAGU03095383.1	
loxAfr3:scaffold_188	scaffold_188		scaffold_188	GL010215.1	
loxAfr3:scaffold_1880	scaffold_1880		scaffold_1880	AAGU03095384.1	
loxAfr3:scaffold_1881	scaffold_1881		scaffold_1881	AAGU03095385.1	
loxAfr3:scaffold_1882	scaffold_1882		scaffold_1882	AAGU03095386.1	
loxAfr3:scaffold_1883	scaffold_1883		scaffold_1883	AAGU03095387.1	
loxAfr3:scaffold_1884	scaffold_1884		scaffold_1884	AAGU03095388.1	
loxAfr3:scaffold_1885	scaffold_1885		scaffold_1885	AAGU03095389.1	
loxAfr3:scaffold_1886	scaffold_1886		scaffold_1886	AAGU03095390.1	
loxAfr3:scaffold_1887	scaffold_1887		scaffold_1887	AAGU03095391.1	
loxAfr3:scaffold_1888	scaffold_1888		scaffold_1888	AAGU03095392.1	
loxAfr3:scaffold_1889	scaffold_1889		scaffold_1889	AAGU03095393.1	
loxAfr3:scaffold_189	scaffold_189		scaffold_189	GL010216.1	
loxAfr3:scaffold_1890	scaffold_1890		scaffold_1890	AAGU03095394.1	
loxAfr3:scaffold_1891	scaffold_1891		scaffold_1891	AAGU03095395.1	
loxAfr3:scaffold_1892	scaffold_1892		scaffold_1892	AAGU03095396.1	
loxAfr3:scaffold_1893	scaffold_1893		scaffold_1893	AAGU03095397.1	
loxAfr3:scaffold_1894	scaffold_1894		scaffold_1894	AAGU03095398.1	
loxAfr3:scaffold_1895	scaffold_1895		scaffold_1895	AAGU03095399.1	
loxAfr3:scaffold_1896	scaffold_1896		scaffold_1896	AAGU03095400.1	
loxAfr3:scaffold_1897	scaffold_1897		scaffold_1897	AAGU03095401.1	
loxAfr3:scaffold_1898	scaffold_1898		scaffold_1898	AAGU03095402.1	
loxAfr3:scaffold_1899	scaffold_1899		scaffold_1899	AAGU03095403.1	
loxAfr3:scaffold_19	scaffold_19		scaffold_19	GL010046.1	
loxAfr3:scaffold_190	scaffold_190		scaffold_190	GL010217.1	
loxAfr3:scaffold_1900	scaffold_1900		scaffold_1900	AAGU03095404.1	
loxAfr3:scaffold_1901	scaffold_1901		scaffold_1901	AAGU03095405.1	
loxAfr3:scaffold_1902	scaffold_1902		scaffold_1902	AAGU03095406.1	
loxAfr3:scaffold_1903	scaffold_1903		scaffold_1903	AAGU03095407.1	
loxAfr3:scaffold_1904	scaffold_1904		scaffold_1904	AAGU03095408.1	
loxAfr3:scaffold_1905	scaffold_1905		scaffold_1905	AAGU03095409.1	
loxAfr3:scaffold_1906	scaffold_1906		scaffold_1906	AAGU03095410.1	
loxAfr3:scaffold_1907	scaffold_1907		scaffold_1907	AAGU03095411.1	
loxAfr3:scaffold_1908	scaffold_1908		scaffold_1908	AAGU03095412.1	
loxAfr3:scaffold_1909	scaffold_1909		scaffold_1909	AAGU03095413.1	
loxAfr3:scaffold_191	scaffold_191		scaffold_191	GL010218.1	
loxAfr3:scaffold_1910	scaffold_1910		scaffold_1910	AAGU03095414.1	
loxAfr3:scaffold_1911	scaffold_1911		scaffold_1911	AAGU03095415.1	
loxAfr3:scaffold_1912	scaffold_1912		scaffold_1912	AAGU03095416.1	
loxAfr3:scaffold_1913	scaffold_1913		scaffold_1913	AAGU03095417.1	
loxAfr3:scaffold_1914	scaffold_1914		scaffold_1914	AAGU03095418.1	
loxAfr3:scaffold_1915	scaffold_1915		scaffold_1915	AAGU03095419.1	
loxAfr3:scaffold_1916	scaffold_1916		scaffold_1916	AAGU03095420.1	
loxAfr3:scaffold_1917	scaffold_1917		scaffold_1917	AAGU03095421.1	
loxAfr3:scaffold_1918	scaffold_1918		scaffold_1918	AAGU03095422.1	
loxAfr3:scaffold_1919	scaffold_1919		scaffold_1919	AAGU03095423.1	
loxAfr3:scaffold_192	scaffold_192		scaffold_192	GL010219.1	
loxAfr3:scaffold_1920	scaffold_1920		scaffold_1920	AAGU03095424.1	
loxAfr3:scaffold_1921	scaffold_1921		scaffold_1921	AAGU03095425.1	
loxAfr3:scaffold_1922	scaffold_1922		scaffold_1922	AAGU03095426.1	
loxAfr3:scaffold_1923	scaffold_1923		scaffold_1923	AAGU03095427.1	
loxAfr3:scaffold_1924	scaffold_1924		scaffold_1924	AAGU03095428.1	
loxAfr3:scaffold_1925	scaffold_1925		scaffold_1925	AAGU03095429.1	
loxAfr3:scaffold_1926	scaffold_1926		scaffold_1926	AAGU03095430.1	
loxAfr3:scaffold_1927	scaffold_1927		scaffold_1927	AAGU03095431.1	
loxAfr3:scaffold_1928	scaffold_1928		scaffold_1928	AAGU03095432.1	
loxAfr3:scaffold_1929	scaffold_1929		scaffold_1929	AAGU03095433.1	
loxAfr3:scaffold_193	scaffold_193		scaffold_193	GL010220.1	
loxAfr3:scaffold_1930	scaffold_1930		scaffold_1930	AAGU03095434.1	
loxAfr3:scaffold_1931	scaffold_1931		scaffold_1931	AAGU03095435.1	
loxAfr3:scaffold_1932	scaffold_1932		scaffold_1932	AAGU03095436.1	
loxAfr3:scaffold_1933	scaffold_1933		scaffold_1933	AAGU03095437.1	
loxAfr3:scaffold_1934	scaffold_1934		scaffold_1934	AAGU03095438.1	
loxAfr3:scaffold_1935	scaffold_1935		scaffold_1935	AAGU03095439.1	
loxAfr3:scaffold_1936	scaffold_1936		scaffold_1936	AAGU03095440.1	
loxAfr3:scaffold_1937	scaffold_1937		scaffold_1937	AAGU03095441.1	
loxAfr3:scaffold_1938	scaffold_1938		scaffold_1938	AAGU03095442.1	
loxAfr3:scaffold_1939	scaffold_1939		scaffold_1939	AAGU03095443.1	
loxAfr3:scaffold_194	scaffold_194		scaffold_194	GL010221.1	
loxAfr3:scaffold_1940	scaffold_1940		scaffold_1940	AAGU03095444.1	
loxAfr3:scaffold_1941	scaffold_1941		scaffold_1941	AAGU03095445.1	
loxAfr3:scaffold_1942	scaffold_1942		scaffold_1942	AAGU03095446.1	
loxAfr3:scaffold_1943	scaffold_1943		scaffold_1943	AAGU03095447.1	
loxAfr3:scaffold_1944	scaffold_1944		scaffold_1944	AAGU03095448.1	
loxAfr3:scaffold_1945	scaffold_1945		scaffold_1945	AAGU03095449.1	
loxAfr3:scaffold_1946	scaffold_1946		scaffold_1946	AAGU03095450.1	
loxAfr3:scaffold_1947	scaffold_1947		scaffold_1947	AAGU03095451.1	
loxAfr3:scaffold_1948	scaffold_1948		scaffold_1948	AAGU03095452.1	
loxAfr3:scaffold_1949	scaffold_1949		scaffold_1949	AAGU03095453.1	
loxAfr3:scaffold_195	scaffold_195		scaffold_195	GL010222.1	
loxAfr3:scaffold_1950	scaffold_1950		scaffold_1950	AAGU03095454.1	
loxAfr3:scaffold_1951	scaffold_1951		scaffold_1951	AAGU03095455.1	
loxAfr3:scaffold_1952	scaffold_1952		scaffold_1952	AAGU03095456.1	
loxAfr3:scaffold_1953	scaffold_1953		scaffold_1953	AAGU03095457.1	
loxAfr3:scaffold_1954	scaffold_1954		scaffold_1954	AAGU03095458.1	
loxAfr3:scaffold_1955	scaffold_1955		scaffold_1955	AAGU03095459.1	
loxAfr3:scaffold_1956	scaffold_1956		scaffold_1956	AAGU03095460.1	
loxAfr3:scaffold_1957	scaffold_1957		scaffold_1957	AAGU03095461.1	
loxAfr3:scaffold_1958	scaffold_1958		scaffold_1958	AAGU03095462.1	
loxAfr3:scaffold_1959	scaffold_1959		scaffold_1959	AAGU03095463.1	
loxAfr3:scaffold_196	scaffold_196		scaffold_196	GL010223.1	
loxAfr3:scaffold_1960	scaffold_1960		scaffold_1960	AAGU03095464.1	
loxAfr3:scaffold_1961	scaffold_1961		scaffold_1961	AAGU03095465.1	
loxAfr3:scaffold_1962	scaffold_1962		scaffold_1962	AAGU03095466.1	
loxAfr3:scaffold_1963	scaffold_1963		scaffold_1963	AAGU03095467.1	
loxAfr3:scaffold_1964	scaffold_1964		scaffold_1964	AAGU03095468.1	
loxAfr3:scaffold_1965	scaffold_1965		scaffold_1965	AAGU03095469.1	
loxAfr3:scaffold_1966	scaffold_1966		scaffold_1966	AAGU03095470.1	
loxAfr3:scaffold_1967	scaffold_1967		scaffold_1967	AAGU03095471.1	
loxAfr3:scaffold_1968	scaffold_1968		scaffold_1968	AAGU03095472.1	
loxAfr3:scaffold_1969	scaffold_1969		scaffold_1969	AAGU03095473.1	
loxAfr3:scaffold_197	scaffold_197		scaffold_197	GL010224.1	
loxAfr3:scaffold_1970	scaffold_1970		scaffold_1970	AAGU03095474.1	
loxAfr3:scaffold_1971	scaffold_1971		scaffold_1971	AAGU03095475.1	
loxAfr3:scaffold_1972	scaffold_1972		scaffold_1972	AAGU03095476.1	
loxAfr3:scaffold_1973	scaffold_1973		scaffold_1973	AAGU03095477.1	
loxAfr3:scaffold_1974	scaffold_1974		scaffold_1974	AAGU03095478.1	
loxAfr3:scaffold_1975	scaffold_1975		scaffold_1975	AAGU03095479.1	
loxAfr3:scaffold_1976	scaffold_1976		scaffold_1976	AAGU03095480.1	
loxAfr3:scaffold_1977	scaffold_1977		scaffold_1977	AAGU03095481.1	
loxAfr3:scaffold_1978	scaffold_1978		scaffold_1978	AAGU03095482.1	
loxAfr3:scaffold_1979	scaffold_1979		scaffold_1979	AAGU03095483.1	
loxAfr3:scaffold_198	scaffold_198		scaffold_198	GL010225.1	
loxAfr3:scaffold_1980	scaffold_1980		scaffold_1980	AAGU03095484.1	
loxAfr3:scaffold_1981	scaffold_1981		scaffold_1981	AAGU03095485.1	
loxAfr3:scaffold_1982	scaffold_1982		scaffold_1982	AAGU03095486.1	
loxAfr3:scaffold_1983	scaffold_1983		scaffold_1983	AAGU03095487.1	
loxAfr3:scaffold_1984	scaffold_1984		scaffold_1984	AAGU03095488.1	
loxAfr3:scaffold_1985	scaffold_1985		scaffold_1985	AAGU03095489.1	
loxAfr3:scaffold_1986	scaffold_1986		scaffold_1986	AAGU03095490.1	
loxAfr3:scaffold_1987	scaffold_1987		scaffold_1987	AAGU03095491.1	
loxAfr3:scaffold_1988	scaffold_1988		scaffold_1988	AAGU03095492.1	
loxAfr3:scaffold_1989	scaffold_1989		scaffold_1989	AAGU03095493.1	
loxAfr3:scaffold_199	scaffold_199		scaffold_199	GL010226.1	
loxAfr3:scaffold_1990	scaffold_1990		scaffold_1990	AAGU03095494.1	
loxAfr3:scaffold_1991	scaffold_1991		scaffold_1991	AAGU03095495.1	
loxAfr3:scaffold_1992	scaffold_1992		scaffold_1992	AAGU03095496.1	
loxAfr3:scaffold_1993	scaffold_1993		scaffold_1993	AAGU03095497.1	
loxAfr3:scaffold_1994	scaffold_1994		scaffold_1994	AAGU03095498.1	
loxAfr3:scaffold_1995	scaffold_1995		scaffold_1995	AAGU03095499.1	
loxAfr3:scaffold_1996	scaffold_1996		scaffold_1996	AAGU03095500.1	
loxAfr3:scaffold_1997	scaffold_1997		scaffold_1997	AAGU03095501.1	
loxAfr3:scaffold_1998	scaffold_1998		scaffold_1998	AAGU03095502.1	
loxAfr3:scaffold_1999	scaffold_1999		scaffold_1999	AAGU03095503.1	
loxAfr3:scaffold_2	scaffold_2		scaffold_2	GL010029.1	
loxAfr3:scaffold_20	scaffold_20		scaffold_20	GL010047.1	
loxAfr3:scaffold_200	scaffold_200		scaffold_200	GL010227.1	
loxAfr3:scaffold_2000	scaffold_2000		scaffold_2000	AAGU03095504.1	
loxAfr3:scaffold_2001	scaffold_2001		scaffold_2001	AAGU03095505.1	
loxAfr3:scaffold_2002	scaffold_2002		scaffold_2002	AAGU03095506.1	
loxAfr3:scaffold_2003	scaffold_2003		scaffold_2003	AAGU03095507.1	
loxAfr3:scaffold_2004	scaffold_2004		scaffold_2004	AAGU03095508.1	
loxAfr3:scaffold_2005	scaffold_2005		scaffold_2005	AAGU03095509.1	
loxAfr3:scaffold_2006	scaffold_2006		scaffold_2006	AAGU03095510.1	
loxAfr3:scaffold_2007	scaffold_2007		scaffold_2007	AAGU03095511.1	
loxAfr3:scaffold_2008	scaffold_2008		scaffold_2008	AAGU03095512.1	
loxAfr3:scaffold_2009	scaffold_2009		scaffold_2009	AAGU03095513.1	
loxAfr3:scaffold_201	scaffold_201		scaffold_201	GL010228.1	
loxAfr3:scaffold_2010	scaffold_2010		scaffold_2010	AAGU03095514.1	
loxAfr3:scaffold_2011	scaffold_2011		scaffold_2011	AAGU03095515.1	
loxAfr3:scaffold_2012	scaffold_2012		scaffold_2012	AAGU03095516.1	
loxAfr3:scaffold_2013	scaffold_2013		scaffold_2013	AAGU03095517.1	
loxAfr3:scaffold_2014	scaffold_2014		scaffold_2014	AAGU03095518.1	
loxAfr3:scaffold_2015	scaffold_2015		scaffold_2015	AAGU03095519.1	
loxAfr3:scaffold_2016	scaffold_2016		scaffold_2016	AAGU03095520.1	
loxAfr3:scaffold_2017	scaffold_2017		scaffold_2017	AAGU03095521.1	
loxAfr3:scaffold_2018	scaffold_2018		scaffold_2018	AAGU03095522.1	
loxAfr3:scaffold_2019	scaffold_2019		scaffold_2019	AAGU03095523.1	
loxAfr3:scaffold_202	scaffold_202		scaffold_202	GL010229.1	
loxAfr3:scaffold_2020	scaffold_2020		scaffold_2020	AAGU03095524.1	
loxAfr3:scaffold_2021	scaffold_2021		scaffold_2021	AAGU03095525.1	
loxAfr3:scaffold_2022	scaffold_2022		scaffold_2022	AAGU03095526.1	
loxAfr3:scaffold_2023	scaffold_2023		scaffold_2023	AAGU03095527.1	
loxAfr3:scaffold_2024	scaffold_2024		scaffold_2024	AAGU03095528.1	
loxAfr3:scaffold_2025	scaffold_2025		scaffold_2025	AAGU03095529.1	
loxAfr3:scaffold_2026	scaffold_2026		scaffold_2026	AAGU03095530.1	
loxAfr3:scaffold_2027	scaffold_2027		scaffold_2027	AAGU03095531.1	
loxAfr3:scaffold_2028	scaffold_2028		scaffold_2028	AAGU03095532.1	
loxAfr3:scaffold_2029	scaffold_2029		scaffold_2029	AAGU03095533.1	
loxAfr3:scaffold_203	scaffold_203		scaffold_203	GL010230.1	
loxAfr3:scaffold_2030	scaffold_2030		scaffold_2030	AAGU03095534.1	
loxAfr3:scaffold_2031	scaffold_2031		scaffold_2031	AAGU03095535.1	
loxAfr3:scaffold_2032	scaffold_2032		scaffold_2032	AAGU03095536.1	
loxAfr3:scaffold_2033	scaffold_2033		scaffold_2033	AAGU03095537.1	
loxAfr3:scaffold_2034	scaffold_2034		scaffold_2034	AAGU03095538.1	
loxAfr3:scaffold_2035	scaffold_2035		scaffold_2035	AAGU03095539.1	
loxAfr3:scaffold_2036	scaffold_2036		scaffold_2036	AAGU03095540.1	
loxAfr3:scaffold_2037	scaffold_2037		scaffold_2037	AAGU03095541.1	
loxAfr3:scaffold_2038	scaffold_2038		scaffold_2038	AAGU03095542.1	
loxAfr3:scaffold_2039	scaffold_2039		scaffold_2039	AAGU03095543.1	
loxAfr3:scaffold_204	scaffold_204		scaffold_204	GL010231.1	
loxAfr3:scaffold_2040	scaffold_2040		scaffold_2040	AAGU03095544.1	
loxAfr3:scaffold_2041	scaffold_2041		scaffold_2041	AAGU03095545.1	
loxAfr3:scaffold_2042	scaffold_2042		scaffold_2042	AAGU03095546.1	
loxAfr3:scaffold_2043	scaffold_2043		scaffold_2043	AAGU03095547.1	
loxAfr3:scaffold_2044	scaffold_2044		scaffold_2044	AAGU03095548.1	
loxAfr3:scaffold_2045	scaffold_2045		scaffold_2045	AAGU03095549.1	
loxAfr3:scaffold_2046	scaffold_2046		scaffold_2046	AAGU03095550.1	
loxAfr3:scaffold_2047	scaffold_2047		scaffold_2047	AAGU03095551.1	
loxAfr3:scaffold_2048	scaffold_2048		scaffold_2048	AAGU03095552.1	
loxAfr3:scaffold_2049	scaffold_2049		scaffold_2049	AAGU03095553.1	
loxAfr3:scaffold_205	scaffold_205		scaffold_205	GL010232.1	
loxAfr3:scaffold_2050	scaffold_2050		scaffold_2050	AAGU03095554.1	
loxAfr3:scaffold_2051	scaffold_2051		scaffold_2051	AAGU03095555.1	
loxAfr3:scaffold_2052	scaffold_2052		scaffold_2052	AAGU03095556.1	
loxAfr3:scaffold_2053	scaffold_2053		scaffold_2053	AAGU03095557.1	
loxAfr3:scaffold_2054	scaffold_2054		scaffold_2054	AAGU03095558.1	
loxAfr3:scaffold_2055	scaffold_2055		scaffold_2055	AAGU03095559.1	
loxAfr3:scaffold_2056	scaffold_2056		scaffold_2056	AAGU03095560.1	
loxAfr3:scaffold_2057	scaffold_2057		scaffold_2057	AAGU03095561.1	
loxAfr3:scaffold_2058	scaffold_2058		scaffold_2058	AAGU03095562.1	
loxAfr3:scaffold_2059	scaffold_2059		scaffold_2059	AAGU03095563.1	
loxAfr3:scaffold_206	scaffold_206		scaffold_206	GL010233.1	
loxAfr3:scaffold_2060	scaffold_2060		scaffold_2060	AAGU03095564.1	
loxAfr3:scaffold_2061	scaffold_2061		scaffold_2061	AAGU03095565.1	
loxAfr3:scaffold_2062	scaffold_2062		scaffold_2062	GL010709.1	
loxAfr3:scaffold_2063	scaffold_2063		scaffold_2063	AAGU03095568.1	
loxAfr3:scaffold_2064	scaffold_2064		scaffold_2064	AAGU03095569.1	
loxAfr3:scaffold_2065	scaffold_2065		scaffold_2065	AAGU03095570.1	
loxAfr3:scaffold_2066	scaffold_2066		scaffold_2066	AAGU03095571.1	
loxAfr3:scaffold_2067	scaffold_2067		scaffold_2067	AAGU03095572.1	
loxAfr3:scaffold_2068	scaffold_2068		scaffold_2068	AAGU03095573.1	
loxAfr3:scaffold_2069	scaffold_2069		scaffold_2069	AAGU03095574.1	
loxAfr3:scaffold_207	scaffold_207		scaffold_207	GL010234.1	
loxAfr3:scaffold_2070	scaffold_2070		scaffold_2070	AAGU03095575.1	
loxAfr3:scaffold_2071	scaffold_2071		scaffold_2071	AAGU03095576.1	
loxAfr3:scaffold_2072	scaffold_2072		scaffold_2072	AAGU03095577.1	
loxAfr3:scaffold_2073	scaffold_2073		scaffold_2073	AAGU03095578.1	
loxAfr3:scaffold_2074	scaffold_2074		scaffold_2074	AAGU03095579.1	
loxAfr3:scaffold_2075	scaffold_2075		scaffold_2075	AAGU03095580.1	
loxAfr3:scaffold_2076	scaffold_2076		scaffold_2076	AAGU03095581.1	
loxAfr3:scaffold_2077	scaffold_2077		scaffold_2077	AAGU03095582.1	
loxAfr3:scaffold_2078	scaffold_2078		scaffold_2078	AAGU03095583.1	
loxAfr3:scaffold_2079	scaffold_2079		scaffold_2079	AAGU03095584.1	
loxAfr3:scaffold_208	scaffold_208		scaffold_208	GL010235.1	
loxAfr3:scaffold_2080	scaffold_2080		scaffold_2080	AAGU03095585.1	
loxAfr3:scaffold_2081	scaffold_2081		scaffold_2081	AAGU03095586.1	
loxAfr3:scaffold_2082	scaffold_2082		scaffold_2082	AAGU03095587.1	
loxAfr3:scaffold_2083	scaffold_2083		scaffold_2083	AAGU03095588.1	
loxAfr3:scaffold_2084	scaffold_2084		scaffold_2084	AAGU03095589.1	
loxAfr3:scaffold_2085	scaffold_2085		scaffold_2085	AAGU03095590.1	
loxAfr3:scaffold_2086	scaffold_2086		scaffold_2086	AAGU03095591.1	
loxAfr3:scaffold_2087	scaffold_2087		scaffold_2087	AAGU03095592.1	
loxAfr3:scaffold_2088	scaffold_2088		scaffold_2088	AAGU03095593.1	
loxAfr3:scaffold_2089	scaffold_2089		scaffold_2089	AAGU03095594.1	
loxAfr3:scaffold_209	scaffold_209		scaffold_209	GL010236.1	
loxAfr3:scaffold_2090	scaffold_2090		scaffold_2090	AAGU03095595.1	
loxAfr3:scaffold_2091	scaffold_2091		scaffold_2091	AAGU03095596.1	
loxAfr3:scaffold_2092	scaffold_2092		scaffold_2092	AAGU03095597.1	
loxAfr3:scaffold_2093	scaffold_2093		scaffold_2093	AAGU03095598.1	
loxAfr3:scaffold_2094	scaffold_2094		scaffold_2094	AAGU03095599.1	
loxAfr3:scaffold_2095	scaffold_2095		scaffold_2095	AAGU03095600.1	
loxAfr3:scaffold_2096	scaffold_2096		scaffold_2096	AAGU03095601.1	
loxAfr3:scaffold_2097	scaffold_2097		scaffold_2097	AAGU03095602.1	
loxAfr3:scaffold_2098	scaffold_2098		scaffold_2098	AAGU03095603.1	
loxAfr3:scaffold_2099	scaffold_2099		scaffold_2099	GL010710.1	
loxAfr3:scaffold_21	scaffold_21		scaffold_21	GL010048.1	
loxAfr3:scaffold_210	scaffold_210		scaffold_210	GL010237.1	
loxAfr3:scaffold_2100	scaffold_2100		scaffold_2100	AAGU03095606.1	
loxAfr3:scaffold_2101	scaffold_2101		scaffold_2101	AAGU03095607.1	
loxAfr3:scaffold_2102	scaffold_2102		scaffold_2102	AAGU03095608.1	
loxAfr3:scaffold_2103	scaffold_2103		scaffold_2103	GL010711.1	
loxAfr3:scaffold_2104	scaffold_2104		scaffold_2104	GL010712.1	
loxAfr3:scaffold_2105	scaffold_2105		scaffold_2105	AAGU03095613.1	
loxAfr3:scaffold_2106	scaffold_2106		scaffold_2106	AAGU03095614.1	
loxAfr3:scaffold_2107	scaffold_2107		scaffold_2107	AAGU03095615.1	
loxAfr3:scaffold_2108	scaffold_2108		scaffold_2108	AAGU03095616.1	
loxAfr3:scaffold_2109	scaffold_2109		scaffold_2109	AAGU03095617.1	
loxAfr3:scaffold_211	scaffold_211		scaffold_211	GL010238.1	
loxAfr3:scaffold_2110	scaffold_2110		scaffold_2110	AAGU03095618.1	
loxAfr3:scaffold_2111	scaffold_2111		scaffold_2111	AAGU03095619.1	
loxAfr3:scaffold_2112	scaffold_2112		scaffold_2112	AAGU03095620.1	
loxAfr3:scaffold_2113	scaffold_2113		scaffold_2113	AAGU03095621.1	
loxAfr3:scaffold_2114	scaffold_2114		scaffold_2114	AAGU03095622.1	
loxAfr3:scaffold_2115	scaffold_2115		scaffold_2115	AAGU03095623.1	
loxAfr3:scaffold_2116	scaffold_2116		scaffold_2116	AAGU03095624.1	
loxAfr3:scaffold_2117	scaffold_2117		scaffold_2117	AAGU03095625.1	
loxAfr3:scaffold_2118	scaffold_2118		scaffold_2118	AAGU03095626.1	
loxAfr3:scaffold_2119	scaffold_2119		scaffold_2119	AAGU03095627.1	
loxAfr3:scaffold_212	scaffold_212		scaffold_212	GL010239.1	
loxAfr3:scaffold_2120	scaffold_2120		scaffold_2120	AAGU03095628.1	
loxAfr3:scaffold_2121	scaffold_2121		scaffold_2121	AAGU03095629.1	
loxAfr3:scaffold_2122	scaffold_2122		scaffold_2122	AAGU03095630.1	
loxAfr3:scaffold_2123	scaffold_2123		scaffold_2123	AAGU03095631.1	
loxAfr3:scaffold_2124	scaffold_2124		scaffold_2124	AAGU03095632.1	
loxAfr3:scaffold_2125	scaffold_2125		scaffold_2125	AAGU03095633.1	
loxAfr3:scaffold_2126	scaffold_2126		scaffold_2126	AAGU03095634.1	
loxAfr3:scaffold_2127	scaffold_2127		scaffold_2127	AAGU03095635.1	
loxAfr3:scaffold_2128	scaffold_2128		scaffold_2128	AAGU03095636.1	
loxAfr3:scaffold_2129	scaffold_2129		scaffold_2129	AAGU03095637.1	
loxAfr3:scaffold_213	scaffold_213		scaffold_213	GL010240.1	
loxAfr3:scaffold_2130	scaffold_2130		scaffold_2130	AAGU03095638.1	
loxAfr3:scaffold_2131	scaffold_2131		scaffold_2131	AAGU03095639.1	
loxAfr3:scaffold_2132	scaffold_2132		scaffold_2132	AAGU03095640.1	
loxAfr3:scaffold_2133	scaffold_2133		scaffold_2133	AAGU03095641.1	
loxAfr3:scaffold_2134	scaffold_2134		scaffold_2134	AAGU03095642.1	
loxAfr3:scaffold_2135	scaffold_2135		scaffold_2135	AAGU03095643.1	
loxAfr3:scaffold_2136	scaffold_2136		scaffold_2136	AAGU03095644.1	
loxAfr3:scaffold_2137	scaffold_2137		scaffold_2137	AAGU03095645.1	
loxAfr3:scaffold_2138	scaffold_2138		scaffold_2138	AAGU03095646.1	
loxAfr3:scaffold_2139	scaffold_2139		scaffold_2139	AAGU03095647.1	
loxAfr3:scaffold_214	scaffold_214		scaffold_214	GL010241.1	
loxAfr3:scaffold_2140	scaffold_2140		scaffold_2140	AAGU03095648.1	
loxAfr3:scaffold_2141	scaffold_2141		scaffold_2141	AAGU03095649.1	
loxAfr3:scaffold_2142	scaffold_2142		scaffold_2142	AAGU03095650.1	
loxAfr3:scaffold_2143	scaffold_2143		scaffold_2143	AAGU03095651.1	
loxAfr3:scaffold_2144	scaffold_2144		scaffold_2144	AAGU03095652.1	
loxAfr3:scaffold_2145	scaffold_2145		scaffold_2145	AAGU03095653.1	
loxAfr3:scaffold_2146	scaffold_2146		scaffold_2146	AAGU03095654.1	
loxAfr3:scaffold_2147	scaffold_2147		scaffold_2147	AAGU03095655.1	
loxAfr3:scaffold_2148	scaffold_2148		scaffold_2148	AAGU03095656.1	
loxAfr3:scaffold_2149	scaffold_2149		scaffold_2149	AAGU03095657.1	
loxAfr3:scaffold_215	scaffold_215		scaffold_215	GL010242.1	
loxAfr3:scaffold_2150	scaffold_2150		scaffold_2150	GL010713.1	
loxAfr3:scaffold_2151	scaffold_2151		scaffold_2151	AAGU03095660.1	
loxAfr3:scaffold_2152	scaffold_2152		scaffold_2152	AAGU03095661.1	
loxAfr3:scaffold_2153	scaffold_2153		scaffold_2153	AAGU03095662.1	
loxAfr3:scaffold_2154	scaffold_2154		scaffold_2154	AAGU03095663.1	
loxAfr3:scaffold_2155	scaffold_2155		scaffold_2155	AAGU03095664.1	
loxAfr3:scaffold_2156	scaffold_2156		scaffold_2156	AAGU03095665.1	
loxAfr3:scaffold_2157	scaffold_2157		scaffold_2157	AAGU03095666.1	
loxAfr3:scaffold_2158	scaffold_2158		scaffold_2158	AAGU03095667.1	
loxAfr3:scaffold_2159	scaffold_2159		scaffold_2159	AAGU03095668.1	
loxAfr3:scaffold_216	scaffold_216		scaffold_216	GL010243.1	
loxAfr3:scaffold_2160	scaffold_2160		scaffold_2160	AAGU03095669.1	
loxAfr3:scaffold_2161	scaffold_2161		scaffold_2161	AAGU03095670.1	
loxAfr3:scaffold_2162	scaffold_2162		scaffold_2162	AAGU03095671.1	
loxAfr3:scaffold_2163	scaffold_2163		scaffold_2163	AAGU03095672.1	
loxAfr3:scaffold_2164	scaffold_2164		scaffold_2164	AAGU03095673.1	
loxAfr3:scaffold_2165	scaffold_2165		scaffold_2165	AAGU03095674.1	
loxAfr3:scaffold_2166	scaffold_2166		scaffold_2166	AAGU03095675.1	
loxAfr3:scaffold_2167	scaffold_2167		scaffold_2167	AAGU03095676.1	
loxAfr3:scaffold_2168	scaffold_2168		scaffold_2168	AAGU03095677.1	
loxAfr3:scaffold_2169	scaffold_2169		scaffold_2169	AAGU03095678.1	
loxAfr3:scaffold_217	scaffold_217		scaffold_217	GL010244.1	
loxAfr3:scaffold_2170	scaffold_2170		scaffold_2170	AAGU03095679.1	
loxAfr3:scaffold_2171	scaffold_2171		scaffold_2171	AAGU03095680.1	
loxAfr3:scaffold_2172	scaffold_2172		scaffold_2172	AAGU03095681.1	
loxAfr3:scaffold_2173	scaffold_2173		scaffold_2173	AAGU03095682.1	
loxAfr3:scaffold_2174	scaffold_2174		scaffold_2174	AAGU03095683.1	
loxAfr3:scaffold_2175	scaffold_2175		scaffold_2175	AAGU03095684.1	
loxAfr3:scaffold_2176	scaffold_2176		scaffold_2176	AAGU03095685.1	
loxAfr3:scaffold_2177	scaffold_2177		scaffold_2177	AAGU03095686.1	
loxAfr3:scaffold_2178	scaffold_2178		scaffold_2178	AAGU03095687.1	
loxAfr3:scaffold_2179	scaffold_2179		scaffold_2179	AAGU03095688.1	
loxAfr3:scaffold_218	scaffold_218		scaffold_218	GL010245.1	
loxAfr3:scaffold_2180	scaffold_2180		scaffold_2180	AAGU03095689.1	
loxAfr3:scaffold_2181	scaffold_2181		scaffold_2181	AAGU03095690.1	
loxAfr3:scaffold_2182	scaffold_2182		scaffold_2182	AAGU03095691.1	
loxAfr3:scaffold_2183	scaffold_2183		scaffold_2183	AAGU03095692.1	
loxAfr3:scaffold_2184	scaffold_2184		scaffold_2184	AAGU03095693.1	
loxAfr3:scaffold_2185	scaffold_2185		scaffold_2185	AAGU03095694.1	
loxAfr3:scaffold_2186	scaffold_2186		scaffold_2186	AAGU03095695.1	
loxAfr3:scaffold_2187	scaffold_2187		scaffold_2187	AAGU03095696.1	
loxAfr3:scaffold_2188	scaffold_2188		scaffold_2188	AAGU03095697.1	
loxAfr3:scaffold_2189	scaffold_2189		scaffold_2189	AAGU03095698.1	
loxAfr3:scaffold_219	scaffold_219		scaffold_219	GL010246.1	
loxAfr3:scaffold_2190	scaffold_2190		scaffold_2190	AAGU03095699.1	
loxAfr3:scaffold_2191	scaffold_2191		scaffold_2191	AAGU03095700.1	
loxAfr3:scaffold_2192	scaffold_2192		scaffold_2192	AAGU03095701.1	
loxAfr3:scaffold_2193	scaffold_2193		scaffold_2193	AAGU03095702.1	
loxAfr3:scaffold_2194	scaffold_2194		scaffold_2194	AAGU03095703.1	
loxAfr3:scaffold_2195	scaffold_2195		scaffold_2195	AAGU03095704.1	
loxAfr3:scaffold_2196	scaffold_2196		scaffold_2196	AAGU03095705.1	
loxAfr3:scaffold_2197	scaffold_2197		scaffold_2197	AAGU03095706.1	
loxAfr3:scaffold_2198	scaffold_2198		scaffold_2198	AAGU03095707.1	
loxAfr3:scaffold_2199	scaffold_2199		scaffold_2199	AAGU03095708.1	
loxAfr3:scaffold_22	scaffold_22		scaffold_22	GL010049.1	
loxAfr3:scaffold_220	scaffold_220		scaffold_220	GL010247.1	
loxAfr3:scaffold_2200	scaffold_2200		scaffold_2200	AAGU03095709.1	
loxAfr3:scaffold_2201	scaffold_2201		scaffold_2201	AAGU03095710.1	
loxAfr3:scaffold_2202	scaffold_2202		scaffold_2202	AAGU03095711.1	
loxAfr3:scaffold_2203	scaffold_2203		scaffold_2203	AAGU03095712.1	
loxAfr3:scaffold_2204	scaffold_2204		scaffold_2204	AAGU03095713.1	
loxAfr3:scaffold_2205	scaffold_2205		scaffold_2205	AAGU03095714.1	
loxAfr3:scaffold_2206	scaffold_2206		scaffold_2206	AAGU03095715.1	
loxAfr3:scaffold_2207	scaffold_2207		scaffold_2207	AAGU03095716.1	
loxAfr3:scaffold_2208	scaffold_2208		scaffold_2208	AAGU03095717.1	
loxAfr3:scaffold_2209	scaffold_2209		scaffold_2209	AAGU03095718.1	
loxAfr3:scaffold_221	scaffold_221		scaffold_221	GL010248.1	
loxAfr3:scaffold_2210	scaffold_2210		scaffold_2210	AAGU03095719.1	
loxAfr3:scaffold_2211	scaffold_2211		scaffold_2211	AAGU03095720.1	
loxAfr3:scaffold_2212	scaffold_2212		scaffold_2212	AAGU03095721.1	
loxAfr3:scaffold_2213	scaffold_2213		scaffold_2213	AAGU03095722.1	
loxAfr3:scaffold_2214	scaffold_2214		scaffold_2214	AAGU03095723.1	
loxAfr3:scaffold_2215	scaffold_2215		scaffold_2215	AAGU03095724.1	
loxAfr3:scaffold_2216	scaffold_2216		scaffold_2216	AAGU03095725.1	
loxAfr3:scaffold_2217	scaffold_2217		scaffold_2217	AAGU03095726.1	
loxAfr3:scaffold_2218	scaffold_2218		scaffold_2218	AAGU03095727.1	
loxAfr3:scaffold_2219	scaffold_2219		scaffold_2219	AAGU03095728.1	
loxAfr3:scaffold_222	scaffold_222		scaffold_222	GL010249.1	
loxAfr3:scaffold_2220	scaffold_2220		scaffold_2220	AAGU03095729.1	
loxAfr3:scaffold_2221	scaffold_2221		scaffold_2221	AAGU03095730.1	
loxAfr3:scaffold_2222	scaffold_2222		scaffold_2222	AAGU03095731.1	
loxAfr3:scaffold_2223	scaffold_2223		scaffold_2223	AAGU03095732.1	
loxAfr3:scaffold_2224	scaffold_2224		scaffold_2224	AAGU03095733.1	
loxAfr3:scaffold_2225	scaffold_2225		scaffold_2225	AAGU03095734.1	
loxAfr3:scaffold_2226	scaffold_2226		scaffold_2226	AAGU03095735.1	
loxAfr3:scaffold_2227	scaffold_2227		scaffold_2227	AAGU03095736.1	
loxAfr3:scaffold_2228	scaffold_2228		scaffold_2228	AAGU03095737.1	
loxAfr3:scaffold_2229	scaffold_2229		scaffold_2229	AAGU03095738.1	
loxAfr3:scaffold_223	scaffold_223		scaffold_223	GL010250.1	
loxAfr3:scaffold_2230	scaffold_2230		scaffold_2230	AAGU03095739.1	
loxAfr3:scaffold_2231	scaffold_2231		scaffold_2231	AAGU03095740.1	
loxAfr3:scaffold_2232	scaffold_2232		scaffold_2232	AAGU03095741.1	
loxAfr3:scaffold_2233	scaffold_2233		scaffold_2233	AAGU03095742.1	
loxAfr3:scaffold_2234	scaffold_2234		scaffold_2234	AAGU03095743.1	
loxAfr3:scaffold_2235	scaffold_2235		scaffold_2235	AAGU03095744.1	
loxAfr3:scaffold_2236	scaffold_2236		scaffold_2236	AAGU03095745.1	
loxAfr3:scaffold_2237	scaffold_2237		scaffold_2237	AAGU03095746.1	
loxAfr3:scaffold_2238	scaffold_2238		scaffold_2238	AAGU03095747.1	
loxAfr3:scaffold_2239	scaffold_2239		scaffold_2239	AAGU03095748.1	
loxAfr3:scaffold_224	scaffold_224		scaffold_224	GL010251.1	
loxAfr3:scaffold_2240	scaffold_2240		scaffold_2240	AAGU03095749.1	
loxAfr3:scaffold_2241	scaffold_2241		scaffold_2241	AAGU03095750.1	
loxAfr3:scaffold_2242	scaffold_2242		scaffold_2242	AAGU03095751.1	
loxAfr3:scaffold_2243	scaffold_2243		scaffold_2243	AAGU03095752.1	
loxAfr3:scaffold_2244	scaffold_2244		scaffold_2244	AAGU03095753.1	
loxAfr3:scaffold_2245	scaffold_2245		scaffold_2245	AAGU03095754.1	
loxAfr3:scaffold_2246	scaffold_2246		scaffold_2246	AAGU03095755.1	
loxAfr3:scaffold_2247	scaffold_2247		scaffold_2247	AAGU03095756.1	
loxAfr3:scaffold_2248	scaffold_2248		scaffold_2248	AAGU03095757.1	
loxAfr3:scaffold_2249	scaffold_2249		scaffold_2249	AAGU03095758.1	
loxAfr3:scaffold_225	scaffold_225		scaffold_225	GL010252.1	
loxAfr3:scaffold_2250	scaffold_2250		scaffold_2250	AAGU03095759.1	
loxAfr3:scaffold_2251	scaffold_2251		scaffold_2251	AAGU03095760.1	
loxAfr3:scaffold_2252	scaffold_2252		scaffold_2252	AAGU03095761.1	
loxAfr3:scaffold_2253	scaffold_2253		scaffold_2253	AAGU03095762.1	
loxAfr3:scaffold_2254	scaffold_2254		scaffold_2254	AAGU03095763.1	
loxAfr3:scaffold_2255	scaffold_2255		scaffold_2255	AAGU03095764.1	
loxAfr3:scaffold_2256	scaffold_2256		scaffold_2256	AAGU03095765.1	
loxAfr3:scaffold_2257	scaffold_2257		scaffold_2257	AAGU03095766.1	
loxAfr3:scaffold_2258	scaffold_2258		scaffold_2258	AAGU03095767.1	
loxAfr3:scaffold_2259	scaffold_2259		scaffold_2259	AAGU03095768.1	
loxAfr3:scaffold_226	scaffold_226		scaffold_226	GL010253.1	
loxAfr3:scaffold_2260	scaffold_2260		scaffold_2260	AAGU03095769.1	
loxAfr3:scaffold_2261	scaffold_2261		scaffold_2261	AAGU03095770.1	
loxAfr3:scaffold_2262	scaffold_2262		scaffold_2262	AAGU03095771.1	
loxAfr3:scaffold_2263	scaffold_2263		scaffold_2263	AAGU03095772.1	
loxAfr3:scaffold_2264	scaffold_2264		scaffold_2264	AAGU03095773.1	
loxAfr3:scaffold_2265	scaffold_2265		scaffold_2265	AAGU03095774.1	
loxAfr3:scaffold_2266	scaffold_2266		scaffold_2266	AAGU03095775.1	
loxAfr3:scaffold_2267	scaffold_2267		scaffold_2267	AAGU03095776.1	
loxAfr3:scaffold_2268	scaffold_2268		scaffold_2268	AAGU03095777.1	
loxAfr3:scaffold_2269	scaffold_2269		scaffold_2269	AAGU03095778.1	
loxAfr3:scaffold_227	scaffold_227		scaffold_227	GL010254.1	
loxAfr3:scaffold_2270	scaffold_2270		scaffold_2270	AAGU03095779.1	
loxAfr3:scaffold_2271	scaffold_2271		scaffold_2271	AAGU03095780.1	
loxAfr3:scaffold_2272	scaffold_2272		scaffold_2272	AAGU03095781.1	
loxAfr3:scaffold_2273	scaffold_2273		scaffold_2273	AAGU03095782.1	
loxAfr3:scaffold_2274	scaffold_2274		scaffold_2274	AAGU03095783.1	
loxAfr3:scaffold_2275	scaffold_2275		scaffold_2275	AAGU03095784.1	
loxAfr3:scaffold_2276	scaffold_2276		scaffold_2276	AAGU03095785.1	
loxAfr3:scaffold_2277	scaffold_2277		scaffold_2277	GL010714.1	
loxAfr3:scaffold_2278	scaffold_2278		scaffold_2278	AAGU03095788.1	
loxAfr3:scaffold_2279	scaffold_2279		scaffold_2279	AAGU03095789.1	
loxAfr3:scaffold_228	scaffold_228		scaffold_228	GL010255.1	
loxAfr3:scaffold_2280	scaffold_2280		scaffold_2280	AAGU03095790.1	
loxAfr3:scaffold_2281	scaffold_2281		scaffold_2281	AAGU03095791.1	
loxAfr3:scaffold_2282	scaffold_2282		scaffold_2282	AAGU03095792.1	
loxAfr3:scaffold_2283	scaffold_2283		scaffold_2283	AAGU03095793.1	
loxAfr3:scaffold_2284	scaffold_2284		scaffold_2284	AAGU03095794.1	
loxAfr3:scaffold_2285	scaffold_2285		scaffold_2285	AAGU03095795.1	
loxAfr3:scaffold_2286	scaffold_2286		scaffold_2286	AAGU03095796.1	
loxAfr3:scaffold_2287	scaffold_2287		scaffold_2287	AAGU03095797.1	
loxAfr3:scaffold_2288	scaffold_2288		scaffold_2288	AAGU03095798.1	
loxAfr3:scaffold_2289	scaffold_2289		scaffold_2289	AAGU03095799.1	
loxAfr3:scaffold_229	scaffold_229		scaffold_229	GL010256.1	
loxAfr3:scaffold_2290	scaffold_2290		scaffold_2290	AAGU03095800.1	
loxAfr3:scaffold_2291	scaffold_2291		scaffold_2291	AAGU03095801.1	
loxAfr3:scaffold_2292	scaffold_2292		scaffold_2292	AAGU03095802.1	
loxAfr3:scaffold_2293	scaffold_2293		scaffold_2293	AAGU03095803.1	
loxAfr3:scaffold_2294	scaffold_2294		scaffold_2294	AAGU03095804.1	
loxAfr3:scaffold_2295	scaffold_2295		scaffold_2295	AAGU03095805.1	
loxAfr3:scaffold_2296	scaffold_2296		scaffold_2296	AAGU03095806.1	
loxAfr3:scaffold_2297	scaffold_2297		scaffold_2297	AAGU03095807.1	
loxAfr3:scaffold_2298	scaffold_2298		scaffold_2298	AAGU03095808.1	
loxAfr3:scaffold_2299	scaffold_2299		scaffold_2299	GL010715.1	
loxAfr3:scaffold_23	scaffold_23		scaffold_23	GL010050.1	
loxAfr3:scaffold_230	scaffold_230		scaffold_230	GL010257.1	
loxAfr3:scaffold_2300	scaffold_2300		scaffold_2300	AAGU03095811.1	
loxAfr3:scaffold_2301	scaffold_2301		scaffold_2301	AAGU03095812.1	
loxAfr3:scaffold_2302	scaffold_2302		scaffold_2302	AAGU03095813.1	
loxAfr3:scaffold_2303	scaffold_2303		scaffold_2303	AAGU03095814.1	
loxAfr3:scaffold_2304	scaffold_2304		scaffold_2304	AAGU03095815.1	
loxAfr3:scaffold_2305	scaffold_2305		scaffold_2305	AAGU03095816.1	
loxAfr3:scaffold_2306	scaffold_2306		scaffold_2306	AAGU03095817.1	
loxAfr3:scaffold_2307	scaffold_2307		scaffold_2307	AAGU03095818.1	
loxAfr3:scaffold_2308	scaffold_2308		scaffold_2308	AAGU03095819.1	
loxAfr3:scaffold_2309	scaffold_2309		scaffold_2309	AAGU03095820.1	
loxAfr3:scaffold_231	scaffold_231		scaffold_231	GL010258.1	
loxAfr3:scaffold_2310	scaffold_2310		scaffold_2310	AAGU03095821.1	
loxAfr3:scaffold_2311	scaffold_2311		scaffold_2311	AAGU03095822.1	
loxAfr3:scaffold_2312	scaffold_2312		scaffold_2312	AAGU03095823.1	
loxAfr3:scaffold_2313	scaffold_2313		scaffold_2313	AAGU03095824.1	
loxAfr3:scaffold_2314	scaffold_2314		scaffold_2314	AAGU03095825.1	
loxAfr3:scaffold_2315	scaffold_2315		scaffold_2315	AAGU03095826.1	
loxAfr3:scaffold_2316	scaffold_2316		scaffold_2316	AAGU03095827.1	
loxAfr3:scaffold_2317	scaffold_2317		scaffold_2317	AAGU03095828.1	
loxAfr3:scaffold_2318	scaffold_2318		scaffold_2318	AAGU03095829.1	
loxAfr3:scaffold_2319	scaffold_2319		scaffold_2319	AAGU03095830.1	
loxAfr3:scaffold_232	scaffold_232		scaffold_232	GL010259.1	
loxAfr3:scaffold_2320	scaffold_2320		scaffold_2320	AAGU03095831.1	
loxAfr3:scaffold_2321	scaffold_2321		scaffold_2321	AAGU03095832.1	
loxAfr3:scaffold_2322	scaffold_2322		scaffold_2322	AAGU03095833.1	
loxAfr3:scaffold_2323	scaffold_2323		scaffold_2323	AAGU03095834.1	
loxAfr3:scaffold_2324	scaffold_2324		scaffold_2324	GL010716.1	
loxAfr3:scaffold_2325	scaffold_2325		scaffold_2325	AAGU03095837.1	
loxAfr3:scaffold_2326	scaffold_2326		scaffold_2326	AAGU03095838.1	
loxAfr3:scaffold_2327	scaffold_2327		scaffold_2327	AAGU03095839.1	
loxAfr3:scaffold_2328	scaffold_2328		scaffold_2328	AAGU03095840.1	
loxAfr3:scaffold_2329	scaffold_2329		scaffold_2329	AAGU03095841.1	
loxAfr3:scaffold_233	scaffold_233		scaffold_233	GL010260.1	
loxAfr3:scaffold_2330	scaffold_2330		scaffold_2330	AAGU03095842.1	
loxAfr3:scaffold_2331	scaffold_2331		scaffold_2331	GL010717.1	
loxAfr3:scaffold_2332	scaffold_2332		scaffold_2332	GL010718.1	
loxAfr3:scaffold_2333	scaffold_2333		scaffold_2333	AAGU03095847.1	
loxAfr3:scaffold_2334	scaffold_2334		scaffold_2334	AAGU03095848.1	
loxAfr3:scaffold_2335	scaffold_2335		scaffold_2335	AAGU03095849.1	
loxAfr3:scaffold_2336	scaffold_2336		scaffold_2336	GL010719.1	
loxAfr3:scaffold_2337	scaffold_2337		scaffold_2337	AAGU03095852.1	
loxAfr3:scaffold_2338	scaffold_2338		scaffold_2338	AAGU03095853.1	
loxAfr3:scaffold_2339	scaffold_2339		scaffold_2339	AAGU03095854.1	
loxAfr3:scaffold_234	scaffold_234		scaffold_234	GL010261.1	
loxAfr3:scaffold_2340	scaffold_2340		scaffold_2340	AAGU03095855.1	
loxAfr3:scaffold_2341	scaffold_2341		scaffold_2341	AAGU03095856.1	
loxAfr3:scaffold_2342	scaffold_2342		scaffold_2342	AAGU03095857.1	
loxAfr3:scaffold_2343	scaffold_2343		scaffold_2343	AAGU03095858.1	
loxAfr3:scaffold_2344	scaffold_2344		scaffold_2344	AAGU03095859.1	
loxAfr3:scaffold_2345	scaffold_2345		scaffold_2345	AAGU03095860.1	
loxAfr3:scaffold_2346	scaffold_2346		scaffold_2346	AAGU03095861.1	
loxAfr3:scaffold_2347	scaffold_2347		scaffold_2347	AAGU03095862.1	
loxAfr3:scaffold_2348	scaffold_2348		scaffold_2348	AAGU03095863.1	
loxAfr3:scaffold_2349	scaffold_2349		scaffold_2349	AAGU03095864.1	
loxAfr3:scaffold_235	scaffold_235		scaffold_235	GL010262.1	
loxAfr3:scaffold_2350	scaffold_2350		scaffold_2350	AAGU03095865.1	
loxAfr3:scaffold_2351	scaffold_2351		scaffold_2351	AAGU03095866.1	
loxAfr3:scaffold_236	scaffold_236		scaffold_236	GL010263.1	
loxAfr3:scaffold_237	scaffold_237		scaffold_237	GL010264.1	
loxAfr3:scaffold_238	scaffold_238		scaffold_238	GL010265.1	
loxAfr3:scaffold_239	scaffold_239		scaffold_239	GL010266.1	
loxAfr3:scaffold_24	scaffold_24		scaffold_24	GL010051.1	
loxAfr3:scaffold_240	scaffold_240		scaffold_240	GL010267.1	
loxAfr3:scaffold_241	scaffold_241		scaffold_241	GL010268.1	
loxAfr3:scaffold_242	scaffold_242		scaffold_242	GL010269.1	
loxAfr3:scaffold_243	scaffold_243		scaffold_243	GL010270.1	
loxAfr3:scaffold_244	scaffold_244		scaffold_244	GL010271.1	
loxAfr3:scaffold_245	scaffold_245		scaffold_245	GL010272.1	
loxAfr3:scaffold_246	scaffold_246		scaffold_246	GL010273.1	
loxAfr3:scaffold_247	scaffold_247		scaffold_247	GL010274.1	
loxAfr3:scaffold_248	scaffold_248		scaffold_248	GL010275.1	
loxAfr3:scaffold_249	scaffold_249		scaffold_249	GL010276.1	
loxAfr3:scaffold_25	scaffold_25		scaffold_25	GL010052.1	
loxAfr3:scaffold_250	scaffold_250		scaffold_250	GL010277.1	
loxAfr3:scaffold_251	scaffold_251		scaffold_251	GL010278.1	
loxAfr3:scaffold_252	scaffold_252		scaffold_252	GL010279.1	
loxAfr3:scaffold_253	scaffold_253		scaffold_253	GL010280.1	
loxAfr3:scaffold_254	scaffold_254		scaffold_254	GL010281.1	
loxAfr3:scaffold_255	scaffold_255		scaffold_255	GL010282.1	
loxAfr3:scaffold_256	scaffold_256		scaffold_256	GL010283.1	
loxAfr3:scaffold_257	scaffold_257		scaffold_257	GL010284.1	
loxAfr3:scaffold_258	scaffold_258		scaffold_258	GL010285.1	
loxAfr3:scaffold_259	scaffold_259		scaffold_259	GL010286.1	
loxAfr3:scaffold_26	scaffold_26		scaffold_26	GL010053.1	
loxAfr3:scaffold_260	scaffold_260		scaffold_260	GL010287.1	
loxAfr3:scaffold_261	scaffold_261		scaffold_261	GL010288.1	
loxAfr3:scaffold_262	scaffold_262		scaffold_262	GL010289.1	
loxAfr3:scaffold_263	scaffold_263		scaffold_263	GL010290.1	
loxAfr3:scaffold_264	scaffold_264		scaffold_264	GL010291.1	
loxAfr3:scaffold_265	scaffold_265		scaffold_265	GL010292.1	
loxAfr3:scaffold_266	scaffold_266		scaffold_266	GL010293.1	
loxAfr3:scaffold_267	scaffold_267		scaffold_267	GL010294.1	
loxAfr3:scaffold_268	scaffold_268		scaffold_268	GL010295.1	
loxAfr3:scaffold_269	scaffold_269		scaffold_269	GL010296.1	
loxAfr3:scaffold_27	scaffold_27		scaffold_27	GL010054.1	
loxAfr3:scaffold_270	scaffold_270		scaffold_270	GL010297.1	
loxAfr3:scaffold_271	scaffold_271		scaffold_271	GL010298.1	
loxAfr3:scaffold_272	scaffold_272		scaffold_272	GL010299.1	
loxAfr3:scaffold_273	scaffold_273		scaffold_273	GL010300.1	
loxAfr3:scaffold_274	scaffold_274		scaffold_274	GL010301.1	
loxAfr3:scaffold_275	scaffold_275		scaffold_275	GL010302.1	
loxAfr3:scaffold_276	scaffold_276		scaffold_276	GL010303.1	
loxAfr3:scaffold_277	scaffold_277		scaffold_277	GL010304.1	
loxAfr3:scaffold_278	scaffold_278		scaffold_278	GL010305.1	
loxAfr3:scaffold_279	scaffold_279		scaffold_279	GL010306.1	
loxAfr3:scaffold_28	scaffold_28		scaffold_28	GL010055.1	
loxAfr3:scaffold_280	scaffold_280		scaffold_280	GL010307.1	
loxAfr3:scaffold_281	scaffold_281		scaffold_281	GL010308.1	
loxAfr3:scaffold_282	scaffold_282		scaffold_282	GL010309.1	
loxAfr3:scaffold_283	scaffold_283		scaffold_283	GL010310.1	
loxAfr3:scaffold_284	scaffold_284		scaffold_284	GL010311.1	
loxAfr3:scaffold_285	scaffold_285		scaffold_285	GL010312.1	
loxAfr3:scaffold_286	scaffold_286		scaffold_286	GL010313.1	
loxAfr3:scaffold_287	scaffold_287		scaffold_287	GL010314.1	
loxAfr3:scaffold_288	scaffold_288		scaffold_288	GL010315.1	
loxAfr3:scaffold_289	scaffold_289		scaffold_289	GL010316.1	
loxAfr3:scaffold_29	scaffold_29		scaffold_29	GL010056.1	
loxAfr3:scaffold_290	scaffold_290		scaffold_290	AAGU03092498.1	
loxAfr3:scaffold_291	scaffold_291		scaffold_291	AAGU03092499.1	
loxAfr3:scaffold_292	scaffold_292		scaffold_292	GL010317.1	
loxAfr3:scaffold_293	scaffold_293		scaffold_293	GL010318.1	
loxAfr3:scaffold_294	scaffold_294		scaffold_294	AAGU03092536.1	
loxAfr3:scaffold_295	scaffold_295		scaffold_295	GL010319.1	
loxAfr3:scaffold_296	scaffold_296		scaffold_296	GL010320.1	
loxAfr3:scaffold_297	scaffold_297		scaffold_297	GL010321.1	
loxAfr3:scaffold_298	scaffold_298		scaffold_298	GL010322.1	
loxAfr3:scaffold_299	scaffold_299		scaffold_299	GL010323.1	
loxAfr3:scaffold_3	scaffold_3		scaffold_3	GL010030.1	
loxAfr3:scaffold_30	scaffold_30		scaffold_30	GL010057.1	
loxAfr3:scaffold_300	scaffold_300		scaffold_300	GL010324.1	
loxAfr3:scaffold_301	scaffold_301		scaffold_301	GL010325.1	
loxAfr3:scaffold_302	scaffold_302		scaffold_302	GL010326.1	
loxAfr3:scaffold_303	scaffold_303		scaffold_303	GL010327.1	
loxAfr3:scaffold_304	scaffold_304		scaffold_304	GL010328.1	
loxAfr3:scaffold_305	scaffold_305		scaffold_305	GL010329.1	
loxAfr3:scaffold_306	scaffold_306		scaffold_306	GL010330.1	
loxAfr3:scaffold_307	scaffold_307		scaffold_307	GL010331.1	
loxAfr3:scaffold_308	scaffold_308		scaffold_308	GL010332.1	
loxAfr3:scaffold_309	scaffold_309		scaffold_309	GL010333.1	
loxAfr3:scaffold_31	scaffold_31		scaffold_31	GL010058.1	
loxAfr3:scaffold_310	scaffold_310		scaffold_310	GL010334.1	
loxAfr3:scaffold_311	scaffold_311		scaffold_311	GL010335.1	
loxAfr3:scaffold_312	scaffold_312		scaffold_312	GL010336.1	
loxAfr3:scaffold_313	scaffold_313		scaffold_313	GL010337.1	
loxAfr3:scaffold_314	scaffold_314		scaffold_314	AAGU03092643.1	
loxAfr3:scaffold_315	scaffold_315		scaffold_315	GL010338.1	
loxAfr3:scaffold_316	scaffold_316		scaffold_316	GL010339.1	
loxAfr3:scaffold_317	scaffold_317		scaffold_317	GL010340.1	
loxAfr3:scaffold_318	scaffold_318		scaffold_318	GL010341.1	
loxAfr3:scaffold_319	scaffold_319		scaffold_319	GL010342.1	
loxAfr3:scaffold_32	scaffold_32		scaffold_32	GL010059.1	
loxAfr3:scaffold_320	scaffold_320		scaffold_320	GL010343.1	
loxAfr3:scaffold_321	scaffold_321		scaffold_321	GL010344.1	
loxAfr3:scaffold_322	scaffold_322		scaffold_322	GL010345.1	
loxAfr3:scaffold_323	scaffold_323		scaffold_323	GL010346.1	
loxAfr3:scaffold_324	scaffold_324		scaffold_324	GL010347.1	
loxAfr3:scaffold_325	scaffold_325		scaffold_325	GL010348.1	
loxAfr3:scaffold_326	scaffold_326		scaffold_326	GL010349.1	
loxAfr3:scaffold_327	scaffold_327		scaffold_327	GL010350.1	
loxAfr3:scaffold_328	scaffold_328		scaffold_328	AAGU03092734.1	
loxAfr3:scaffold_329	scaffold_329		scaffold_329	AAGU03092735.1	
loxAfr3:scaffold_33	scaffold_33		scaffold_33	GL010060.1	
loxAfr3:scaffold_330	scaffold_330		scaffold_330	GL010351.1	
loxAfr3:scaffold_331	scaffold_331		scaffold_331	GL010352.1	
loxAfr3:scaffold_332	scaffold_332		scaffold_332	GL010353.1	
loxAfr3:scaffold_333	scaffold_333		scaffold_333	GL010354.1	
loxAfr3:scaffold_334	scaffold_334		scaffold_334	GL010355.1	
loxAfr3:scaffold_335	scaffold_335		scaffold_335	GL010356.1	
loxAfr3:scaffold_336	scaffold_336		scaffold_336	GL010357.1	
loxAfr3:scaffold_337	scaffold_337		scaffold_337	GL010358.1	
loxAfr3:scaffold_338	scaffold_338		scaffold_338	GL010359.1	
loxAfr3:scaffold_339	scaffold_339		scaffold_339	GL010360.1	
loxAfr3:scaffold_34	scaffold_34		scaffold_34	GL010061.1	
loxAfr3:scaffold_340	scaffold_340		scaffold_340	GL010361.1	
loxAfr3:scaffold_341	scaffold_341		scaffold_341	GL010362.1	
loxAfr3:scaffold_342	scaffold_342		scaffold_342	GL010363.1	
loxAfr3:scaffold_343	scaffold_343		scaffold_343	AAGU03092838.1	
loxAfr3:scaffold_344	scaffold_344		scaffold_344	GL010364.1	
loxAfr3:scaffold_345	scaffold_345		scaffold_345	GL010365.1	
loxAfr3:scaffold_346	scaffold_346		scaffold_346	GL010366.1	
loxAfr3:scaffold_347	scaffold_347		scaffold_347	AAGU03092857.1	
loxAfr3:scaffold_348	scaffold_348		scaffold_348	GL010367.1	
loxAfr3:scaffold_349	scaffold_349		scaffold_349	GL010368.1	
loxAfr3:scaffold_35	scaffold_35		scaffold_35	GL010062.1	
loxAfr3:scaffold_350	scaffold_350		scaffold_350	GL010369.1	
loxAfr3:scaffold_351	scaffold_351		scaffold_351	GL010370.1	
loxAfr3:scaffold_352	scaffold_352		scaffold_352	GL010371.1	
loxAfr3:scaffold_353	scaffold_353		scaffold_353	AAGU03092900.1	
loxAfr3:scaffold_354	scaffold_354		scaffold_354	GL010372.1	
loxAfr3:scaffold_355	scaffold_355		scaffold_355	GL010373.1	
loxAfr3:scaffold_356	scaffold_356		scaffold_356	GL010374.1	
loxAfr3:scaffold_357	scaffold_357		scaffold_357	GL010375.1	
loxAfr3:scaffold_358	scaffold_358		scaffold_358	AAGU03092935.1	
loxAfr3:scaffold_359	scaffold_359		scaffold_359	AAGU03092936.1	
loxAfr3:scaffold_36	scaffold_36		scaffold_36	GL010063.1	
loxAfr3:scaffold_360	scaffold_360		scaffold_360	AAGU03092937.1	
loxAfr3:scaffold_361	scaffold_361		scaffold_361	GL010376.1	
loxAfr3:scaffold_362	scaffold_362		scaffold_362	GL010377.1	
loxAfr3:scaffold_363	scaffold_363		scaffold_363	AAGU03092949.1	
loxAfr3:scaffold_364	scaffold_364		scaffold_364	AAGU03092950.1	
loxAfr3:scaffold_365	scaffold_365		scaffold_365	AAGU03092951.1	
loxAfr3:scaffold_366	scaffold_366		scaffold_366	GL010378.1	
loxAfr3:scaffold_367	scaffold_367		scaffold_367	GL010379.1	
loxAfr3:scaffold_368	scaffold_368		scaffold_368	GL010380.1	
loxAfr3:scaffold_369	scaffold_369		scaffold_369	GL010381.1	
loxAfr3:scaffold_37	scaffold_37		scaffold_37	GL010064.1	
loxAfr3:scaffold_370	scaffold_370		scaffold_370	AAGU03092962.1	
loxAfr3:scaffold_371	scaffold_371		scaffold_371	AAGU03092963.1	
loxAfr3:scaffold_372	scaffold_372		scaffold_372	GL010382.1	
loxAfr3:scaffold_373	scaffold_373		scaffold_373	GL010383.1	
loxAfr3:scaffold_374	scaffold_374		scaffold_374	AAGU03092975.1	
loxAfr3:scaffold_375	scaffold_375		scaffold_375	GL010384.1	
loxAfr3:scaffold_376	scaffold_376		scaffold_376	GL010385.1	
loxAfr3:scaffold_377	scaffold_377		scaffold_377	GL010386.1	
loxAfr3:scaffold_378	scaffold_378		scaffold_378	AAGU03092992.1	
loxAfr3:scaffold_379	scaffold_379		scaffold_379	GL010387.1	
loxAfr3:scaffold_38	scaffold_38		scaffold_38	GL010065.1	
loxAfr3:scaffold_380	scaffold_380		scaffold_380	AAGU03092998.1	
loxAfr3:scaffold_381	scaffold_381		scaffold_381	GL010388.1	
loxAfr3:scaffold_382	scaffold_382		scaffold_382	AAGU03093001.1	
loxAfr3:scaffold_383	scaffold_383		scaffold_383	GL010389.1	
loxAfr3:scaffold_384	scaffold_384		scaffold_384	GL010390.1	
loxAfr3:scaffold_385	scaffold_385		scaffold_385	GL010391.1	
loxAfr3:scaffold_386	scaffold_386		scaffold_386	GL010392.1	
loxAfr3:scaffold_387	scaffold_387		scaffold_387	GL010393.1	
loxAfr3:scaffold_388	scaffold_388		scaffold_388	AAGU03093036.1	
loxAfr3:scaffold_389	scaffold_389		scaffold_389	AAGU03093037.1	
loxAfr3:scaffold_39	scaffold_39		scaffold_39	GL010066.1	
loxAfr3:scaffold_390	scaffold_390		scaffold_390	GL010394.1	
loxAfr3:scaffold_391	scaffold_391		scaffold_391	GL010395.1	
loxAfr3:scaffold_392	scaffold_392		scaffold_392	GL010396.1	
loxAfr3:scaffold_393	scaffold_393		scaffold_393	GL010397.1	
loxAfr3:scaffold_394	scaffold_394		scaffold_394	AAGU03093058.1	
loxAfr3:scaffold_395	scaffold_395		scaffold_395	AAGU03093059.1	
loxAfr3:scaffold_396	scaffold_396		scaffold_396	GL010398.1	
loxAfr3:scaffold_397	scaffold_397		scaffold_397	AAGU03093065.1	
loxAfr3:scaffold_398	scaffold_398		scaffold_398	GL010399.1	
loxAfr3:scaffold_399	scaffold_399		scaffold_399	GL010400.1	
loxAfr3:scaffold_4	scaffold_4		scaffold_4	GL010031.1	
loxAfr3:scaffold_40	scaffold_40		scaffold_40	GL010067.1	
loxAfr3:scaffold_400	scaffold_400		scaffold_400	GL010401.1	
loxAfr3:scaffold_401	scaffold_401		scaffold_401	GL010402.1	
loxAfr3:scaffold_402	scaffold_402		scaffold_402	GL010403.1	
loxAfr3:scaffold_403	scaffold_403		scaffold_403	GL010404.1	
loxAfr3:scaffold_404	scaffold_404		scaffold_404	AAGU03093109.1	
loxAfr3:scaffold_405	scaffold_405		scaffold_405	GL010405.1	
loxAfr3:scaffold_406	scaffold_406		scaffold_406	GL010406.1	
loxAfr3:scaffold_407	scaffold_407		scaffold_407	AAGU03093118.1	
loxAfr3:scaffold_408	scaffold_408		scaffold_408	GL010407.1	
loxAfr3:scaffold_409	scaffold_409		scaffold_409	GL010408.1	
loxAfr3:scaffold_41	scaffold_41		scaffold_41	GL010068.1	
loxAfr3:scaffold_410	scaffold_410		scaffold_410	GL010409.1	
loxAfr3:scaffold_411	scaffold_411		scaffold_411	GL010410.1	
loxAfr3:scaffold_412	scaffold_412		scaffold_412	GL010411.1	
loxAfr3:scaffold_413	scaffold_413		scaffold_413	GL010412.1	
loxAfr3:scaffold_414	scaffold_414		scaffold_414	GL010413.1	
loxAfr3:scaffold_415	scaffold_415		scaffold_415	GL010414.1	
loxAfr3:scaffold_416	scaffold_416		scaffold_416	GL010415.1	
loxAfr3:scaffold_417	scaffold_417		scaffold_417	GL010416.1	
loxAfr3:scaffold_418	scaffold_418		scaffold_418	GL010417.1	
loxAfr3:scaffold_419	scaffold_419		scaffold_419	GL010418.1	
loxAfr3:scaffold_42	scaffold_42		scaffold_42	GL010069.1	
loxAfr3:scaffold_420	scaffold_420		scaffold_420	GL010419.1	
loxAfr3:scaffold_421	scaffold_421		scaffold_421	GL010420.1	
loxAfr3:scaffold_422	scaffold_422		scaffold_422	GL010421.1	
loxAfr3:scaffold_423	scaffold_423		scaffold_423	GL010422.1	
loxAfr3:scaffold_424	scaffold_424		scaffold_424	GL010423.1	
loxAfr3:scaffold_425	scaffold_425		scaffold_425	GL010424.1	
loxAfr3:scaffold_426	scaffold_426		scaffold_426	GL010425.1	
loxAfr3:scaffold_427	scaffold_427		scaffold_427	AAGU03093206.1	
loxAfr3:scaffold_428	scaffold_428		scaffold_428	GL010426.1	
loxAfr3:scaffold_429	scaffold_429		scaffold_429	GL010427.1	
loxAfr3:scaffold_43	scaffold_43		scaffold_43	GL010070.1	
loxAfr3:scaffold_430	scaffold_430		scaffold_430	GL010428.1	
loxAfr3:scaffold_431	scaffold_431		scaffold_431	GL010429.1	
loxAfr3:scaffold_432	scaffold_432		scaffold_432	GL010430.1	
loxAfr3:scaffold_433	scaffold_433		scaffold_433	GL010431.1	
loxAfr3:scaffold_434	scaffold_434		scaffold_434	GL010432.1	
loxAfr3:scaffold_435	scaffold_435		scaffold_435	GL010433.1	
loxAfr3:scaffold_436	scaffold_436		scaffold_436	AAGU03093261.1	
loxAfr3:scaffold_437	scaffold_437		scaffold_437	GL010434.1	
loxAfr3:scaffold_438	scaffold_438		scaffold_438	GL010435.1	
loxAfr3:scaffold_439	scaffold_439		scaffold_439	GL010436.1	
loxAfr3:scaffold_44	scaffold_44		scaffold_44	GL010071.1	
loxAfr3:scaffold_440	scaffold_440		scaffold_440	GL010437.1	
loxAfr3:scaffold_441	scaffold_441		scaffold_441	AAGU03093280.1	
loxAfr3:scaffold_442	scaffold_442		scaffold_442	AAGU03093281.1	
loxAfr3:scaffold_443	scaffold_443		scaffold_443	AAGU03093282.1	
loxAfr3:scaffold_444	scaffold_444		scaffold_444	AAGU03093283.1	
loxAfr3:scaffold_445	scaffold_445		scaffold_445	GL010438.1	
loxAfr3:scaffold_446	scaffold_446		scaffold_446	GL010439.1	
loxAfr3:scaffold_447	scaffold_447		scaffold_447	GL010440.1	
loxAfr3:scaffold_448	scaffold_448		scaffold_448	AAGU03093296.1	
loxAfr3:scaffold_449	scaffold_449		scaffold_449	GL010441.1	
loxAfr3:scaffold_45	scaffold_45		scaffold_45	GL010072.1	
loxAfr3:scaffold_450	scaffold_450		scaffold_450	GL010442.1	
loxAfr3:scaffold_451	scaffold_451		scaffold_451	GL010443.1	
loxAfr3:scaffold_452	scaffold_452		scaffold_452	GL010444.1	
loxAfr3:scaffold_453	scaffold_453		scaffold_453	GL010445.1	
loxAfr3:scaffold_454	scaffold_454		scaffold_454	GL010446.1	
loxAfr3:scaffold_455	scaffold_455		scaffold_455	GL010447.1	
loxAfr3:scaffold_456	scaffold_456		scaffold_456	GL010448.1	
loxAfr3:scaffold_457	scaffold_457		scaffold_457	GL010449.1	
loxAfr3:scaffold_458	scaffold_458		scaffold_458	GL010450.1	
loxAfr3:scaffold_459	scaffold_459		scaffold_459	GL010451.1	
loxAfr3:scaffold_46	scaffold_46		scaffold_46	GL010073.1	
loxAfr3:scaffold_460	scaffold_460		scaffold_460	GL010452.1	
loxAfr3:scaffold_461	scaffold_461		scaffold_461	GL010453.1	
loxAfr3:scaffold_462	scaffold_462		scaffold_462	GL010454.1	
loxAfr3:scaffold_463	scaffold_463		scaffold_463	AAGU03093384.1	
loxAfr3:scaffold_464	scaffold_464		scaffold_464	GL010455.1	
loxAfr3:scaffold_465	scaffold_465		scaffold_465	GL010456.1	
loxAfr3:scaffold_466	scaffold_466		scaffold_466	GL010457.1	
loxAfr3:scaffold_467	scaffold_467		scaffold_467	GL010458.1	
loxAfr3:scaffold_468	scaffold_468		scaffold_468	GL010459.1	
loxAfr3:scaffold_469	scaffold_469		scaffold_469	GL010460.1	
loxAfr3:scaffold_47	scaffold_47		scaffold_47	GL010074.1	
loxAfr3:scaffold_470	scaffold_470		scaffold_470	GL010461.1	
loxAfr3:scaffold_471	scaffold_471		scaffold_471	AAGU03093430.1	
loxAfr3:scaffold_472	scaffold_472		scaffold_472	AAGU03093431.1	
loxAfr3:scaffold_473	scaffold_473		scaffold_473	AAGU03093432.1	
loxAfr3:scaffold_474	scaffold_474		scaffold_474	GL010462.1	
loxAfr3:scaffold_475	scaffold_475		scaffold_475	AAGU03093438.1	
loxAfr3:scaffold_476	scaffold_476		scaffold_476	GL010463.1	
loxAfr3:scaffold_477	scaffold_477		scaffold_477	GL010464.1	
loxAfr3:scaffold_478	scaffold_478		scaffold_478	GL010465.1	
loxAfr3:scaffold_479	scaffold_479		scaffold_479	GL010466.1	
loxAfr3:scaffold_48	scaffold_48		scaffold_48	GL010075.1	
loxAfr3:scaffold_480	scaffold_480		scaffold_480	GL010467.1	
loxAfr3:scaffold_481	scaffold_481		scaffold_481	GL010468.1	
loxAfr3:scaffold_482	scaffold_482		scaffold_482	GL010469.1	
loxAfr3:scaffold_483	scaffold_483		scaffold_483	AAGU03093475.1	
loxAfr3:scaffold_484	scaffold_484		scaffold_484	GL010470.1	
loxAfr3:scaffold_485	scaffold_485		scaffold_485	GL010471.1	
loxAfr3:scaffold_486	scaffold_486		scaffold_486	GL010472.1	
loxAfr3:scaffold_487	scaffold_487		scaffold_487	GL010473.1	
loxAfr3:scaffold_488	scaffold_488		scaffold_488	GL010474.1	
loxAfr3:scaffold_489	scaffold_489		scaffold_489	GL010475.1	
loxAfr3:scaffold_49	scaffold_49		scaffold_49	GL010076.1	
loxAfr3:scaffold_490	scaffold_490		scaffold_490	GL010476.1	
loxAfr3:scaffold_491	scaffold_491		scaffold_491	GL010477.1	
loxAfr3:scaffold_492	scaffold_492		scaffold_492	GL010478.1	
loxAfr3:scaffold_493	scaffold_493		scaffold_493	GL010479.1	
loxAfr3:scaffold_494	scaffold_494		scaffold_494	GL010480.1	
loxAfr3:scaffold_495	scaffold_495		scaffold_495	GL010481.1	
loxAfr3:scaffold_496	scaffold_496		scaffold_496	GL010482.1	
loxAfr3:scaffold_497	scaffold_497		scaffold_497	GL010483.1	
loxAfr3:scaffold_498	scaffold_498		scaffold_498	AAGU03093535.1	
loxAfr3:scaffold_499	scaffold_499		scaffold_499	GL010484.1	
loxAfr3:scaffold_5	scaffold_5		scaffold_5	GL010032.1	
loxAfr3:scaffold_50	scaffold_50		scaffold_50	GL010077.1	
loxAfr3:scaffold_500	scaffold_500		scaffold_500	GL010485.1	
loxAfr3:scaffold_501	scaffold_501		scaffold_501	AAGU03093545.1	
loxAfr3:scaffold_502	scaffold_502		scaffold_502	GL010486.1	
loxAfr3:scaffold_503	scaffold_503		scaffold_503	AAGU03093551.1	
loxAfr3:scaffold_504	scaffold_504		scaffold_504	GL010487.1	
loxAfr3:scaffold_505	scaffold_505		scaffold_505	GL010488.1	
loxAfr3:scaffold_506	scaffold_506		scaffold_506	GL010489.1	
loxAfr3:scaffold_507	scaffold_507		scaffold_507	GL010490.1	
loxAfr3:scaffold_508	scaffold_508		scaffold_508	GL010491.1	
loxAfr3:scaffold_509	scaffold_509		scaffold_509	GL010492.1	
loxAfr3:scaffold_51	scaffold_51		scaffold_51	GL010078.1	
loxAfr3:scaffold_510	scaffold_510		scaffold_510	GL010493.1	
loxAfr3:scaffold_511	scaffold_511		scaffold_511	AAGU03093582.1	
loxAfr3:scaffold_512	scaffold_512		scaffold_512	AAGU03093583.1	
loxAfr3:scaffold_513	scaffold_513		scaffold_513	AAGU03093584.1	
loxAfr3:scaffold_514	scaffold_514		scaffold_514	AAGU03093585.1	
loxAfr3:scaffold_515	scaffold_515		scaffold_515	GL010494.1	
loxAfr3:scaffold_516	scaffold_516		scaffold_516	AAGU03093591.1	
loxAfr3:scaffold_517	scaffold_517		scaffold_517	GL010495.1	
loxAfr3:scaffold_518	scaffold_518		scaffold_518	AAGU03093594.1	
loxAfr3:scaffold_519	scaffold_519		scaffold_519	GL010496.1	
loxAfr3:scaffold_52	scaffold_52		scaffold_52	GL010079.1	
loxAfr3:scaffold_520	scaffold_520		scaffold_520	AAGU03093598.1	
loxAfr3:scaffold_521	scaffold_521		scaffold_521	AAGU03093599.1	
loxAfr3:scaffold_522	scaffold_522		scaffold_522	AAGU03093600.1	
loxAfr3:scaffold_523	scaffold_523		scaffold_523	GL010497.1	
loxAfr3:scaffold_524	scaffold_524		scaffold_524	GL010498.1	
loxAfr3:scaffold_525	scaffold_525		scaffold_525	GL010499.1	
loxAfr3:scaffold_526	scaffold_526		scaffold_526	GL010500.1	
loxAfr3:scaffold_527	scaffold_527		scaffold_527	GL010501.1	
loxAfr3:scaffold_528	scaffold_528		scaffold_528	GL010502.1	
loxAfr3:scaffold_529	scaffold_529		scaffold_529	GL010503.1	
loxAfr3:scaffold_53	scaffold_53		scaffold_53	GL010080.1	
loxAfr3:scaffold_530	scaffold_530		scaffold_530	AAGU03093627.1	
loxAfr3:scaffold_531	scaffold_531		scaffold_531	GL010504.1	
loxAfr3:scaffold_532	scaffold_532		scaffold_532	AAGU03093630.1	
loxAfr3:scaffold_533	scaffold_533		scaffold_533	GL010505.1	
loxAfr3:scaffold_534	scaffold_534		scaffold_534	AAGU03093633.1	
loxAfr3:scaffold_535	scaffold_535		scaffold_535	AAGU03093634.1	
loxAfr3:scaffold_536	scaffold_536		scaffold_536	GL010506.1	
loxAfr3:scaffold_537	scaffold_537		scaffold_537	GL010507.1	
loxAfr3:scaffold_538	scaffold_538		scaffold_538	AAGU03093645.1	
loxAfr3:scaffold_539	scaffold_539		scaffold_539	AAGU03093646.1	
loxAfr3:scaffold_54	scaffold_54		scaffold_54	GL010081.1	
loxAfr3:scaffold_540	scaffold_540		scaffold_540	GL010508.1	
loxAfr3:scaffold_541	scaffold_541		scaffold_541	AAGU03093651.1	
loxAfr3:scaffold_542	scaffold_542		scaffold_542	GL010509.1	
loxAfr3:scaffold_543	scaffold_543		scaffold_543	GL010510.1	
loxAfr3:scaffold_544	scaffold_544		scaffold_544	GL010511.1	
loxAfr3:scaffold_545	scaffold_545		scaffold_545	AAGU03093664.1	
loxAfr3:scaffold_546	scaffold_546		scaffold_546	GL010512.1	
loxAfr3:scaffold_547	scaffold_547		scaffold_547	AAGU03093667.1	
loxAfr3:scaffold_548	scaffold_548		scaffold_548	AAGU03093668.1	
loxAfr3:scaffold_549	scaffold_549		scaffold_549	AAGU03093669.1	
loxAfr3:scaffold_55	scaffold_55		scaffold_55	GL010082.1	
loxAfr3:scaffold_550	scaffold_550		scaffold_550	GL010513.1	
loxAfr3:scaffold_551	scaffold_551		scaffold_551	GL010514.1	
loxAfr3:scaffold_552	scaffold_552		scaffold_552	AAGU03093679.1	
loxAfr3:scaffold_553	scaffold_553		scaffold_553	GL010515.1	
loxAfr3:scaffold_554	scaffold_554		scaffold_554	GL010516.1	
loxAfr3:scaffold_555	scaffold_555		scaffold_555	AAGU03093684.1	
loxAfr3:scaffold_556	scaffold_556		scaffold_556	AAGU03093685.1	
loxAfr3:scaffold_557	scaffold_557		scaffold_557	GL010517.1	
loxAfr3:scaffold_558	scaffold_558		scaffold_558	GL010518.1	
loxAfr3:scaffold_559	scaffold_559		scaffold_559	GL010519.1	
loxAfr3:scaffold_56	scaffold_56		scaffold_56	GL010083.1	
loxAfr3:scaffold_560	scaffold_560		scaffold_560	AAGU03093696.1	
loxAfr3:scaffold_561	scaffold_561		scaffold_561	GL010520.1	
loxAfr3:scaffold_562	scaffold_562		scaffold_562	AAGU03093700.1	
loxAfr3:scaffold_563	scaffold_563		scaffold_563	AAGU03093701.1	
loxAfr3:scaffold_564	scaffold_564		scaffold_564	GL010521.1	
loxAfr3:scaffold_565	scaffold_565		scaffold_565	GL010522.1	
loxAfr3:scaffold_566	scaffold_566		scaffold_566	AAGU03093709.1	
loxAfr3:scaffold_567	scaffold_567		scaffold_567	GL010523.1	
loxAfr3:scaffold_568	scaffold_568		scaffold_568	GL010524.1	
loxAfr3:scaffold_569	scaffold_569		scaffold_569	GL010525.1	
loxAfr3:scaffold_57	scaffold_57		scaffold_57	GL010084.1	
loxAfr3:scaffold_570	scaffold_570		scaffold_570	GL010526.1	
loxAfr3:scaffold_571	scaffold_571		scaffold_571	GL010527.1	
loxAfr3:scaffold_572	scaffold_572		scaffold_572	AAGU03093729.1	
loxAfr3:scaffold_573	scaffold_573		scaffold_573	GL010528.1	
loxAfr3:scaffold_574	scaffold_574		scaffold_574	AAGU03093734.1	
loxAfr3:scaffold_575	scaffold_575		scaffold_575	GL010529.1	
loxAfr3:scaffold_576	scaffold_576		scaffold_576	GL010530.1	
loxAfr3:scaffold_577	scaffold_577		scaffold_577	GL010531.1	
loxAfr3:scaffold_578	scaffold_578		scaffold_578	GL010532.1	
loxAfr3:scaffold_579	scaffold_579		scaffold_579	GL010533.1	
loxAfr3:scaffold_58	scaffold_58		scaffold_58	GL010085.1	
loxAfr3:scaffold_580	scaffold_580		scaffold_580	AAGU03093747.1	
loxAfr3:scaffold_581	scaffold_581		scaffold_581	AAGU03093748.1	
loxAfr3:scaffold_582	scaffold_582		scaffold_582	AAGU03093749.1	
loxAfr3:scaffold_583	scaffold_583		scaffold_583	AAGU03093750.1	
loxAfr3:scaffold_584	scaffold_584		scaffold_584	GL010534.1	
loxAfr3:scaffold_585	scaffold_585		scaffold_585	AAGU03093754.1	
loxAfr3:scaffold_586	scaffold_586		scaffold_586	GL010535.1	
loxAfr3:scaffold_587	scaffold_587		scaffold_587	GL010536.1	
loxAfr3:scaffold_588	scaffold_588		scaffold_588	GL010537.1	
loxAfr3:scaffold_589	scaffold_589		scaffold_589	GL010538.1	
loxAfr3:scaffold_59	scaffold_59		scaffold_59	GL010086.1	
loxAfr3:scaffold_590	scaffold_590		scaffold_590	AAGU03093776.1	
loxAfr3:scaffold_591	scaffold_591		scaffold_591	AAGU03093777.1	
loxAfr3:scaffold_592	scaffold_592		scaffold_592	GL010539.1	
loxAfr3:scaffold_593	scaffold_593		scaffold_593	AAGU03093780.1	
loxAfr3:scaffold_594	scaffold_594		scaffold_594	GL010540.1	
loxAfr3:scaffold_595	scaffold_595		scaffold_595	AAGU03093786.1	
loxAfr3:scaffold_596	scaffold_596		scaffold_596	GL010541.1	
loxAfr3:scaffold_597	scaffold_597		scaffold_597	AAGU03093791.1	
loxAfr3:scaffold_598	scaffold_598		scaffold_598	GL010542.1	
loxAfr3:scaffold_599	scaffold_599		scaffold_599	GL010543.1	
loxAfr3:scaffold_6	scaffold_6		scaffold_6	GL010033.1	
loxAfr3:scaffold_60	scaffold_60		scaffold_60	GL010087.1	
loxAfr3:scaffold_600	scaffold_600		scaffold_600	GL010544.1	
loxAfr3:scaffold_601	scaffold_601		scaffold_601	AAGU03093806.1	
loxAfr3:scaffold_602	scaffold_602		scaffold_602	GL010545.1	
loxAfr3:scaffold_603	scaffold_603		scaffold_603	GL010546.1	
loxAfr3:scaffold_604	scaffold_604		scaffold_604	AAGU03093818.1	
loxAfr3:scaffold_605	scaffold_605		scaffold_605	GL010547.1	
loxAfr3:scaffold_606	scaffold_606		scaffold_606	GL010548.1	
loxAfr3:scaffold_607	scaffold_607		scaffold_607	AAGU03093826.1	
loxAfr3:scaffold_608	scaffold_608		scaffold_608	GL010549.1	
loxAfr3:scaffold_609	scaffold_609		scaffold_609	GL010550.1	
loxAfr3:scaffold_61	scaffold_61		scaffold_61	GL010088.1	
loxAfr3:scaffold_610	scaffold_610		scaffold_610	AAGU03093834.1	
loxAfr3:scaffold_611	scaffold_611		scaffold_611	GL010551.1	
loxAfr3:scaffold_612	scaffold_612		scaffold_612	GL010552.1	
loxAfr3:scaffold_613	scaffold_613		scaffold_613	GL010553.1	
loxAfr3:scaffold_614	scaffold_614		scaffold_614	GL010554.1	
loxAfr3:scaffold_615	scaffold_615		scaffold_615	AAGU03093850.1	
loxAfr3:scaffold_616	scaffold_616		scaffold_616	GL010555.1	
loxAfr3:scaffold_617	scaffold_617		scaffold_617	AAGU03093854.1	
loxAfr3:scaffold_618	scaffold_618		scaffold_618	AAGU03093855.1	
loxAfr3:scaffold_619	scaffold_619		scaffold_619	GL010556.1	
loxAfr3:scaffold_62	scaffold_62		scaffold_62	GL010089.1	
loxAfr3:scaffold_620	scaffold_620		scaffold_620	AAGU03093861.1	
loxAfr3:scaffold_621	scaffold_621		scaffold_621	AAGU03093862.1	
loxAfr3:scaffold_622	scaffold_622		scaffold_622	GL010557.1	
loxAfr3:scaffold_623	scaffold_623		scaffold_623	GL010558.1	
loxAfr3:scaffold_624	scaffold_624		scaffold_624	GL010559.1	
loxAfr3:scaffold_625	scaffold_625		scaffold_625	GL010560.1	
loxAfr3:scaffold_626	scaffold_626		scaffold_626	AAGU03093884.1	
loxAfr3:scaffold_627	scaffold_627		scaffold_627	GL010561.1	
loxAfr3:scaffold_628	scaffold_628		scaffold_628	GL010562.1	
loxAfr3:scaffold_629	scaffold_629		scaffold_629	AAGU03093893.1	
loxAfr3:scaffold_63	scaffold_63		scaffold_63	GL010090.1	
loxAfr3:scaffold_630	scaffold_630		scaffold_630	AAGU03093894.1	
loxAfr3:scaffold_631	scaffold_631		scaffold_631	AAGU03093895.1	
loxAfr3:scaffold_632	scaffold_632		scaffold_632	AAGU03093896.1	
loxAfr3:scaffold_633	scaffold_633		scaffold_633	GL010563.1	
loxAfr3:scaffold_634	scaffold_634		scaffold_634	AAGU03093900.1	
loxAfr3:scaffold_635	scaffold_635		scaffold_635	GL010564.1	
loxAfr3:scaffold_636	scaffold_636		scaffold_636	AAGU03093904.1	
loxAfr3:scaffold_637	scaffold_637		scaffold_637	GL010565.1	
loxAfr3:scaffold_638	scaffold_638		scaffold_638	AAGU03093908.1	
loxAfr3:scaffold_639	scaffold_639		scaffold_639	AAGU03093909.1	
loxAfr3:scaffold_64	scaffold_64		scaffold_64	GL010091.1	
loxAfr3:scaffold_640	scaffold_640		scaffold_640	GL010566.1	
loxAfr3:scaffold_641	scaffold_641		scaffold_641	AAGU03093917.1	
loxAfr3:scaffold_642	scaffold_642		scaffold_642	GL010567.1	
loxAfr3:scaffold_643	scaffold_643		scaffold_643	AAGU03093924.1	
loxAfr3:scaffold_644	scaffold_644		scaffold_644	AAGU03093925.1	
loxAfr3:scaffold_645	scaffold_645		scaffold_645	AAGU03093926.1	
loxAfr3:scaffold_646	scaffold_646		scaffold_646	AAGU03093927.1	
loxAfr3:scaffold_647	scaffold_647		scaffold_647	GL010568.1	
loxAfr3:scaffold_648	scaffold_648		scaffold_648	GL010569.1	
loxAfr3:scaffold_649	scaffold_649		scaffold_649	AAGU03093932.1	
loxAfr3:scaffold_65	scaffold_65		scaffold_65	GL010092.1	
loxAfr3:scaffold_650	scaffold_650		scaffold_650	AAGU03093933.1	
loxAfr3:scaffold_651	scaffold_651		scaffold_651	GL010570.1	
loxAfr3:scaffold_652	scaffold_652		scaffold_652	GL010571.1	
loxAfr3:scaffold_653	scaffold_653		scaffold_653	GL010572.1	
loxAfr3:scaffold_654	scaffold_654		scaffold_654	AAGU03093949.1	
loxAfr3:scaffold_655	scaffold_655		scaffold_655	AAGU03093950.1	
loxAfr3:scaffold_656	scaffold_656		scaffold_656	GL010573.1	
loxAfr3:scaffold_657	scaffold_657		scaffold_657	AAGU03093953.1	
loxAfr3:scaffold_658	scaffold_658		scaffold_658	AAGU03093954.1	
loxAfr3:scaffold_659	scaffold_659		scaffold_659	GL010574.1	
loxAfr3:scaffold_66	scaffold_66		scaffold_66	GL010093.1	
loxAfr3:scaffold_660	scaffold_660		scaffold_660	GL010575.1	
loxAfr3:scaffold_661	scaffold_661		scaffold_661	GL010576.1	
loxAfr3:scaffold_662	scaffold_662		scaffold_662	AAGU03093962.1	
loxAfr3:scaffold_663	scaffold_663		scaffold_663	AAGU03093963.1	
loxAfr3:scaffold_664	scaffold_664		scaffold_664	GL010577.1	
loxAfr3:scaffold_665	scaffold_665		scaffold_665	AAGU03093966.1	
loxAfr3:scaffold_666	scaffold_666		scaffold_666	GL010578.1	
loxAfr3:scaffold_667	scaffold_667		scaffold_667	AAGU03093969.1	
loxAfr3:scaffold_668	scaffold_668		scaffold_668	GL010579.1	
loxAfr3:scaffold_669	scaffold_669		scaffold_669	GL010580.1	
loxAfr3:scaffold_67	scaffold_67		scaffold_67	GL010094.1	
loxAfr3:scaffold_670	scaffold_670		scaffold_670	GL010581.1	
loxAfr3:scaffold_671	scaffold_671		scaffold_671	AAGU03093982.1	
loxAfr3:scaffold_672	scaffold_672		scaffold_672	AAGU03093983.1	
loxAfr3:scaffold_673	scaffold_673		scaffold_673	GL010582.1	
loxAfr3:scaffold_674	scaffold_674		scaffold_674	AAGU03093986.1	
loxAfr3:scaffold_675	scaffold_675		scaffold_675	AAGU03093987.1	
loxAfr3:scaffold_676	scaffold_676		scaffold_676	GL010583.1	
loxAfr3:scaffold_677	scaffold_677		scaffold_677	AAGU03093990.1	
loxAfr3:scaffold_678	scaffold_678		scaffold_678	GL010584.1	
loxAfr3:scaffold_679	scaffold_679		scaffold_679	AAGU03093996.1	
loxAfr3:scaffold_68	scaffold_68		scaffold_68	GL010095.1	
loxAfr3:scaffold_680	scaffold_680		scaffold_680	GL010585.1	
loxAfr3:scaffold_681	scaffold_681		scaffold_681	GL010586.1	
loxAfr3:scaffold_682	scaffold_682		scaffold_682	AAGU03094003.1	
loxAfr3:scaffold_683	scaffold_683		scaffold_683	GL010587.1	
loxAfr3:scaffold_684	scaffold_684		scaffold_684	AAGU03094009.1	
loxAfr3:scaffold_685	scaffold_685		scaffold_685	GL010588.1	
loxAfr3:scaffold_686	scaffold_686		scaffold_686	AAGU03094015.1	
loxAfr3:scaffold_687	scaffold_687		scaffold_687	AAGU03094016.1	
loxAfr3:scaffold_688	scaffold_688		scaffold_688	GL010589.1	
loxAfr3:scaffold_689	scaffold_689		scaffold_689	AAGU03094019.1	
loxAfr3:scaffold_69	scaffold_69		scaffold_69	GL010096.1	
loxAfr3:scaffold_690	scaffold_690		scaffold_690	GL010590.1	
loxAfr3:scaffold_691	scaffold_691		scaffold_691	AAGU03094022.1	
loxAfr3:scaffold_692	scaffold_692		scaffold_692	AAGU03094023.1	
loxAfr3:scaffold_693	scaffold_693		scaffold_693	AAGU03094024.1	
loxAfr3:scaffold_694	scaffold_694		scaffold_694	AAGU03094025.1	
loxAfr3:scaffold_695	scaffold_695		scaffold_695	AAGU03094026.1	
loxAfr3:scaffold_696	scaffold_696		scaffold_696	AAGU03094027.1	
loxAfr3:scaffold_697	scaffold_697		scaffold_697	AAGU03094028.1	
loxAfr3:scaffold_698	scaffold_698		scaffold_698	AAGU03094029.1	
loxAfr3:scaffold_699	scaffold_699		scaffold_699	GL010591.1	
loxAfr3:scaffold_7	scaffold_7		scaffold_7	GL010034.1	
loxAfr3:scaffold_70	scaffold_70		scaffold_70	GL010097.1	
loxAfr3:scaffold_700	scaffold_700		scaffold_700	AAGU03094033.1	
loxAfr3:scaffold_701	scaffold_701		scaffold_701	AAGU03094034.1	
loxAfr3:scaffold_702	scaffold_702		scaffold_702	AAGU03094035.1	
loxAfr3:scaffold_703	scaffold_703		scaffold_703	GL010592.1	
loxAfr3:scaffold_704	scaffold_704		scaffold_704	AAGU03094038.1	
loxAfr3:scaffold_705	scaffold_705		scaffold_705	AAGU03094039.1	
loxAfr3:scaffold_706	scaffold_706		scaffold_706	GL010593.1	
loxAfr3:scaffold_707	scaffold_707		scaffold_707	GL010594.1	
loxAfr3:scaffold_708	scaffold_708		scaffold_708	GL010595.1	
loxAfr3:scaffold_709	scaffold_709		scaffold_709	GL010596.1	
loxAfr3:scaffold_71	scaffold_71		scaffold_71	GL010098.1	
loxAfr3:scaffold_710	scaffold_710		scaffold_710	GL010597.1	
loxAfr3:scaffold_711	scaffold_711		scaffold_711	AAGU03094059.1	
loxAfr3:scaffold_712	scaffold_712		scaffold_712	GL010598.1	
loxAfr3:scaffold_713	scaffold_713		scaffold_713	AAGU03094062.1	
loxAfr3:scaffold_714	scaffold_714		scaffold_714	AAGU03094063.1	
loxAfr3:scaffold_715	scaffold_715		scaffold_715	AAGU03094064.1	
loxAfr3:scaffold_716	scaffold_716		scaffold_716	AAGU03094065.1	
loxAfr3:scaffold_717	scaffold_717		scaffold_717	AAGU03094066.1	
loxAfr3:scaffold_718	scaffold_718		scaffold_718	AAGU03094067.1	
loxAfr3:scaffold_719	scaffold_719		scaffold_719	GL010599.1	
loxAfr3:scaffold_72	scaffold_72		scaffold_72	GL010099.1	
loxAfr3:scaffold_720	scaffold_720		scaffold_720	AAGU03094070.1	
loxAfr3:scaffold_721	scaffold_721		scaffold_721	GL010600.1	
loxAfr3:scaffold_722	scaffold_722		scaffold_722	GL010601.1	
loxAfr3:scaffold_723	scaffold_723		scaffold_723	AAGU03094075.1	
loxAfr3:scaffold_724	scaffold_724		scaffold_724	GL010602.1	
loxAfr3:scaffold_725	scaffold_725		scaffold_725	GL010603.1	
loxAfr3:scaffold_726	scaffold_726		scaffold_726	AAGU03094082.1	
loxAfr3:scaffold_727	scaffold_727		scaffold_727	AAGU03094083.1	
loxAfr3:scaffold_728	scaffold_728		scaffold_728	AAGU03094084.1	
loxAfr3:scaffold_729	scaffold_729		scaffold_729	AAGU03094085.1	
loxAfr3:scaffold_73	scaffold_73		scaffold_73	GL010100.1	
loxAfr3:scaffold_730	scaffold_730		scaffold_730	AAGU03094086.1	
loxAfr3:scaffold_731	scaffold_731		scaffold_731	AAGU03094087.1	
loxAfr3:scaffold_732	scaffold_732		scaffold_732	GL010604.1	
loxAfr3:scaffold_733	scaffold_733		scaffold_733	AAGU03094091.1	
loxAfr3:scaffold_734	scaffold_734		scaffold_734	AAGU03094092.1	
loxAfr3:scaffold_735	scaffold_735		scaffold_735	AAGU03094093.1	
loxAfr3:scaffold_736	scaffold_736		scaffold_736	AAGU03094094.1	
loxAfr3:scaffold_737	scaffold_737		scaffold_737	AAGU03094095.1	
loxAfr3:scaffold_738	scaffold_738		scaffold_738	GL010605.1	
loxAfr3:scaffold_739	scaffold_739		scaffold_739	GL010606.1	
loxAfr3:scaffold_74	scaffold_74		scaffold_74	GL010101.1	
loxAfr3:scaffold_740	scaffold_740		scaffold_740	AAGU03094102.1	
loxAfr3:scaffold_741	scaffold_741		scaffold_741	AAGU03094103.1	
loxAfr3:scaffold_742	scaffold_742		scaffold_742	GL010607.1	
loxAfr3:scaffold_743	scaffold_743		scaffold_743	GL010608.1	
loxAfr3:scaffold_744	scaffold_744		scaffold_744	AAGU03094108.1	
loxAfr3:scaffold_745	scaffold_745		scaffold_745	AAGU03094109.1	
loxAfr3:scaffold_746	scaffold_746		scaffold_746	AAGU03094110.1	
loxAfr3:scaffold_747	scaffold_747		scaffold_747	AAGU03094111.1	
loxAfr3:scaffold_748	scaffold_748		scaffold_748	GL010609.1	
loxAfr3:scaffold_749	scaffold_749		scaffold_749	AAGU03094115.1	
loxAfr3:scaffold_75	scaffold_75		scaffold_75	GL010102.1	
loxAfr3:scaffold_750	scaffold_750		scaffold_750		
loxAfr3:scaffold_751	scaffold_751		scaffold_751	AAGU03094117.1	
loxAfr3:scaffold_752	scaffold_752		scaffold_752	AAGU03094118.1	
loxAfr3:scaffold_753	scaffold_753		scaffold_753	AAGU03094119.1	
loxAfr3:scaffold_754	scaffold_754		scaffold_754	GL010610.1	
loxAfr3:scaffold_755	scaffold_755		scaffold_755	AAGU03094124.1	
loxAfr3:scaffold_756	scaffold_756		scaffold_756	AAGU03094125.1	
loxAfr3:scaffold_757	scaffold_757		scaffold_757	GL010611.1	
loxAfr3:scaffold_758	scaffold_758		scaffold_758	GL010612.1	
loxAfr3:scaffold_759	scaffold_759		scaffold_759	AAGU03094130.1	
loxAfr3:scaffold_76	scaffold_76		scaffold_76	GL010103.1	
loxAfr3:scaffold_760	scaffold_760		scaffold_760	GL010613.1	
loxAfr3:scaffold_761	scaffold_761		scaffold_761	AAGU03094134.1	
loxAfr3:scaffold_762	scaffold_762		scaffold_762	GL010614.1	
loxAfr3:scaffold_763	scaffold_763		scaffold_763	AAGU03094138.1	
loxAfr3:scaffold_764	scaffold_764		scaffold_764	GL010615.1	
loxAfr3:scaffold_765	scaffold_765		scaffold_765	AAGU03094142.1	
loxAfr3:scaffold_766	scaffold_766		scaffold_766	GL010616.1	
loxAfr3:scaffold_767	scaffold_767		scaffold_767	GL010617.1	
loxAfr3:scaffold_768	scaffold_768		scaffold_768	AAGU03094147.1	
loxAfr3:scaffold_769	scaffold_769		scaffold_769	AAGU03094148.1	
loxAfr3:scaffold_77	scaffold_77		scaffold_77	GL010104.1	
loxAfr3:scaffold_770	scaffold_770		scaffold_770	GL010618.1	
loxAfr3:scaffold_771	scaffold_771		scaffold_771	AAGU03094151.1	
loxAfr3:scaffold_772	scaffold_772		scaffold_772	GL010619.1	
loxAfr3:scaffold_773	scaffold_773		scaffold_773	AAGU03094154.1	
loxAfr3:scaffold_774	scaffold_774		scaffold_774	GL010620.1	
loxAfr3:scaffold_775	scaffold_775		scaffold_775	AAGU03094159.1	
loxAfr3:scaffold_776	scaffold_776		scaffold_776	AAGU03094160.1	
loxAfr3:scaffold_777	scaffold_777		scaffold_777	AAGU03094161.1	
loxAfr3:scaffold_778	scaffold_778		scaffold_778	AAGU03094162.1	
loxAfr3:scaffold_779	scaffold_779		scaffold_779	GL010621.1	
loxAfr3:scaffold_78	scaffold_78		scaffold_78	GL010105.1	
loxAfr3:scaffold_780	scaffold_780		scaffold_780	GL010622.1	
loxAfr3:scaffold_781	scaffold_781		scaffold_781	GL010623.1	
loxAfr3:scaffold_782	scaffold_782		scaffold_782	AAGU03094174.1	
loxAfr3:scaffold_783	scaffold_783		scaffold_783	AAGU03094175.1	
loxAfr3:scaffold_784	scaffold_784		scaffold_784	GL010624.1	
loxAfr3:scaffold_785	scaffold_785		scaffold_785	AAGU03094179.1	
loxAfr3:scaffold_786	scaffold_786		scaffold_786	GL010625.1	
loxAfr3:scaffold_787	scaffold_787		scaffold_787	AAGU03094182.1	
loxAfr3:scaffold_788	scaffold_788		scaffold_788	AAGU03094183.1	
loxAfr3:scaffold_789	scaffold_789		scaffold_789	AAGU03094184.1	
loxAfr3:scaffold_79	scaffold_79		scaffold_79	GL010106.1	
loxAfr3:scaffold_790	scaffold_790		scaffold_790	AAGU03094185.1	
loxAfr3:scaffold_791	scaffold_791		scaffold_791	AAGU03094186.1	
loxAfr3:scaffold_792	scaffold_792		scaffold_792	AAGU03094187.1	
loxAfr3:scaffold_793	scaffold_793		scaffold_793	AAGU03094188.1	
loxAfr3:scaffold_794	scaffold_794		scaffold_794	AAGU03094189.1	
loxAfr3:scaffold_795	scaffold_795		scaffold_795	AAGU03094190.1	
loxAfr3:scaffold_796	scaffold_796		scaffold_796	GL010626.1	
loxAfr3:scaffold_797	scaffold_797		scaffold_797	AAGU03094193.1	
loxAfr3:scaffold_798	scaffold_798		scaffold_798	GL010627.1	
loxAfr3:scaffold_799	scaffold_799		scaffold_799	AAGU03094196.1	
loxAfr3:scaffold_8	scaffold_8		scaffold_8	GL010035.1	
loxAfr3:scaffold_80	scaffold_80		scaffold_80	GL010107.1	
loxAfr3:scaffold_800	scaffold_800		scaffold_800	AAGU03094197.1	
loxAfr3:scaffold_801	scaffold_801		scaffold_801	AAGU03094198.1	
loxAfr3:scaffold_802	scaffold_802		scaffold_802	AAGU03094199.1	
loxAfr3:scaffold_803	scaffold_803		scaffold_803	AAGU03094200.1	
loxAfr3:scaffold_804	scaffold_804		scaffold_804	AAGU03094201.1	
loxAfr3:scaffold_805	scaffold_805		scaffold_805	GL010628.1	
loxAfr3:scaffold_806	scaffold_806		scaffold_806	AAGU03094204.1	
loxAfr3:scaffold_807	scaffold_807		scaffold_807	AAGU03094205.1	
loxAfr3:scaffold_808	scaffold_808		scaffold_808	GL010629.1	
loxAfr3:scaffold_809	scaffold_809		scaffold_809	AAGU03094209.1	
loxAfr3:scaffold_81	scaffold_81		scaffold_81	GL010108.1	
loxAfr3:scaffold_810	scaffold_810		scaffold_810	AAGU03094210.1	
loxAfr3:scaffold_811	scaffold_811		scaffold_811	GL010630.1	
loxAfr3:scaffold_812	scaffold_812		scaffold_812	GL010631.1	
loxAfr3:scaffold_813	scaffold_813		scaffold_813	AAGU03094215.1	
loxAfr3:scaffold_814	scaffold_814		scaffold_814	AAGU03094216.1	
loxAfr3:scaffold_815	scaffold_815		scaffold_815	GL010632.1	
loxAfr3:scaffold_816	scaffold_816		scaffold_816	GL010633.1	
loxAfr3:scaffold_817	scaffold_817		scaffold_817	GL010634.1	
loxAfr3:scaffold_818	scaffold_818		scaffold_818	AAGU03094223.1	
loxAfr3:scaffold_819	scaffold_819		scaffold_819	AAGU03094224.1	
loxAfr3:scaffold_82	scaffold_82		scaffold_82	GL010109.1	
loxAfr3:scaffold_820	scaffold_820		scaffold_820	GL010635.1	
loxAfr3:scaffold_821	scaffold_821		scaffold_821	AAGU03094229.1	
loxAfr3:scaffold_822	scaffold_822		scaffold_822	GL010636.1	
loxAfr3:scaffold_823	scaffold_823		scaffold_823	AAGU03094233.1	
loxAfr3:scaffold_824	scaffold_824		scaffold_824	AAGU03094234.1	
loxAfr3:scaffold_825	scaffold_825		scaffold_825	AAGU03094235.1	
loxAfr3:scaffold_826	scaffold_826		scaffold_826	AAGU03094236.1	
loxAfr3:scaffold_827	scaffold_827		scaffold_827	AAGU03094237.1	
loxAfr3:scaffold_828	scaffold_828		scaffold_828	AAGU03094238.1	
loxAfr3:scaffold_829	scaffold_829		scaffold_829	GL010637.1	
loxAfr3:scaffold_83	scaffold_83		scaffold_83	GL010110.1	
loxAfr3:scaffold_830	scaffold_830		scaffold_830	GL010638.1	
loxAfr3:scaffold_831	scaffold_831		scaffold_831	AAGU03094243.1	
loxAfr3:scaffold_832	scaffold_832		scaffold_832	AAGU03094244.1	
loxAfr3:scaffold_833	scaffold_833		scaffold_833	GL010639.1	
loxAfr3:scaffold_834	scaffold_834		scaffold_834	AAGU03094247.1	
loxAfr3:scaffold_835	scaffold_835		scaffold_835	GL010640.1	
loxAfr3:scaffold_836	scaffold_836		scaffold_836	AAGU03094251.1	
loxAfr3:scaffold_837	scaffold_837		scaffold_837	AAGU03094252.1	
loxAfr3:scaffold_838	scaffold_838		scaffold_838	GL010641.1	
loxAfr3:scaffold_839	scaffold_839		scaffold_839	GL010642.1	
loxAfr3:scaffold_84	scaffold_84		scaffold_84	GL010111.1	
loxAfr3:scaffold_840	scaffold_840		scaffold_840	AAGU03094257.1	
loxAfr3:scaffold_841	scaffold_841		scaffold_841	AAGU03094258.1	
loxAfr3:scaffold_842	scaffold_842		scaffold_842	AAGU03094259.1	
loxAfr3:scaffold_843	scaffold_843		scaffold_843	AAGU03094260.1	
loxAfr3:scaffold_844	scaffold_844		scaffold_844	GL010643.1	
loxAfr3:scaffold_845	scaffold_845		scaffold_845	AAGU03094263.1	
loxAfr3:scaffold_846	scaffold_846		scaffold_846	AAGU03094264.1	
loxAfr3:scaffold_847	scaffold_847		scaffold_847	AAGU03094265.1	
loxAfr3:scaffold_848	scaffold_848		scaffold_848	AAGU03094266.1	
loxAfr3:scaffold_849	scaffold_849		scaffold_849	AAGU03094267.1	
loxAfr3:scaffold_85	scaffold_85		scaffold_85	GL010112.1	
loxAfr3:scaffold_850	scaffold_850		scaffold_850	AAGU03094268.1	
loxAfr3:scaffold_851	scaffold_851		scaffold_851	GL010644.1	
loxAfr3:scaffold_852	scaffold_852		scaffold_852	GL010645.1	
loxAfr3:scaffold_853	scaffold_853		scaffold_853	GL010646.1	
loxAfr3:scaffold_854	scaffold_854		scaffold_854	AAGU03094276.1	
loxAfr3:scaffold_855	scaffold_855		scaffold_855	AAGU03094277.1	
loxAfr3:scaffold_856	scaffold_856		scaffold_856	AAGU03094278.1	
loxAfr3:scaffold_857	scaffold_857		scaffold_857	AAGU03094279.1	
loxAfr3:scaffold_858	scaffold_858		scaffold_858	AAGU03094280.1	
loxAfr3:scaffold_859	scaffold_859		scaffold_859	AAGU03094281.1	
loxAfr3:scaffold_86	scaffold_86		scaffold_86	GL010113.1	
loxAfr3:scaffold_860	scaffold_860		scaffold_860	AAGU03094282.1	
loxAfr3:scaffold_861	scaffold_861		scaffold_861	AAGU03094283.1	
loxAfr3:scaffold_862	scaffold_862		scaffold_862	AAGU03094284.1	
loxAfr3:scaffold_863	scaffold_863		scaffold_863	AAGU03094285.1	
loxAfr3:scaffold_864	scaffold_864		scaffold_864	AAGU03094286.1	
loxAfr3:scaffold_865	scaffold_865		scaffold_865	AAGU03094287.1	
loxAfr3:scaffold_866	scaffold_866		scaffold_866	AAGU03094288.1	
loxAfr3:scaffold_867	scaffold_867		scaffold_867	AAGU03094289.1	
loxAfr3:scaffold_868	scaffold_868		scaffold_868	AAGU03094290.1	
loxAfr3:scaffold_869	scaffold_869		scaffold_869	AAGU03094291.1	
loxAfr3:scaffold_87	scaffold_87		scaffold_87	GL010114.1	
loxAfr3:scaffold_870	scaffold_870		scaffold_870	AAGU03094292.1	
loxAfr3:scaffold_871	scaffold_871		scaffold_871	AAGU03094293.1	
loxAfr3:scaffold_872	scaffold_872		scaffold_872	GL010647.1	
loxAfr3:scaffold_873	scaffold_873		scaffold_873	AAGU03094296.1	
loxAfr3:scaffold_874	scaffold_874		scaffold_874	AAGU03094297.1	
loxAfr3:scaffold_875	scaffold_875		scaffold_875	GL010648.1	
loxAfr3:scaffold_876	scaffold_876		scaffold_876	AAGU03094300.1	
loxAfr3:scaffold_877	scaffold_877		scaffold_877	AAGU03094301.1	
loxAfr3:scaffold_878	scaffold_878		scaffold_878	AAGU03094302.1	
loxAfr3:scaffold_879	scaffold_879		scaffold_879	AAGU03094303.1	
loxAfr3:scaffold_88	scaffold_88		scaffold_88	GL010115.1	
loxAfr3:scaffold_880	scaffold_880		scaffold_880	AAGU03094304.1	
loxAfr3:scaffold_881	scaffold_881		scaffold_881	AAGU03094305.1	
loxAfr3:scaffold_882	scaffold_882		scaffold_882	GL010649.1	
loxAfr3:scaffold_883	scaffold_883		scaffold_883	AAGU03094308.1	
loxAfr3:scaffold_884	scaffold_884		scaffold_884	AAGU03094309.1	
loxAfr3:scaffold_885	scaffold_885		scaffold_885	AAGU03094310.1	
loxAfr3:scaffold_886	scaffold_886		scaffold_886	AAGU03094311.1	
loxAfr3:scaffold_887	scaffold_887		scaffold_887	GL010650.1	
loxAfr3:scaffold_888	scaffold_888		scaffold_888	AAGU03094315.1	
loxAfr3:scaffold_889	scaffold_889		scaffold_889	AAGU03094316.1	
loxAfr3:scaffold_89	scaffold_89		scaffold_89	GL010116.1	
loxAfr3:scaffold_890	scaffold_890		scaffold_890	AAGU03094317.1	
loxAfr3:scaffold_891	scaffold_891		scaffold_891	AAGU03094318.1	
loxAfr3:scaffold_892	scaffold_892		scaffold_892	AAGU03094319.1	
loxAfr3:scaffold_893	scaffold_893		scaffold_893	GL010651.1	
loxAfr3:scaffold_894	scaffold_894		scaffold_894	AAGU03094322.1	
loxAfr3:scaffold_895	scaffold_895		scaffold_895	AAGU03094323.1	
loxAfr3:scaffold_896	scaffold_896		scaffold_896	GL010652.1	
loxAfr3:scaffold_897	scaffold_897		scaffold_897	GL010653.1	
loxAfr3:scaffold_898	scaffold_898		scaffold_898	AAGU03094329.1	
loxAfr3:scaffold_899	scaffold_899		scaffold_899	AAGU03094330.1	
loxAfr3:scaffold_9	scaffold_9		scaffold_9	GL010036.1	
loxAfr3:scaffold_90	scaffold_90		scaffold_90	GL010117.1	
loxAfr3:scaffold_900	scaffold_900		scaffold_900	GL010654.1	
loxAfr3:scaffold_901	scaffold_901		scaffold_901	AAGU03094333.1	
loxAfr3:scaffold_902	scaffold_902		scaffold_902	AAGU03094334.1	
loxAfr3:scaffold_903	scaffold_903		scaffold_903	GL010655.1	
loxAfr3:scaffold_904	scaffold_904		scaffold_904	GL010656.1	
loxAfr3:scaffold_905	scaffold_905		scaffold_905	AAGU03094339.1	
loxAfr3:scaffold_906	scaffold_906		scaffold_906	AAGU03094340.1	
loxAfr3:scaffold_907	scaffold_907		scaffold_907	GL010657.1	
loxAfr3:scaffold_908	scaffold_908		scaffold_908	GL010658.1	
loxAfr3:scaffold_909	scaffold_909		scaffold_909	AAGU03094347.1	
loxAfr3:scaffold_91	scaffold_91		scaffold_91	GL010118.1	
loxAfr3:scaffold_910	scaffold_910		scaffold_910	AAGU03094348.1	
loxAfr3:scaffold_911	scaffold_911		scaffold_911	AAGU03094349.1	
loxAfr3:scaffold_912	scaffold_912		scaffold_912	AAGU03094350.1	
loxAfr3:scaffold_913	scaffold_913		scaffold_913	GL010659.1	
loxAfr3:scaffold_914	scaffold_914		scaffold_914	AAGU03094354.1	
loxAfr3:scaffold_915	scaffold_915		scaffold_915	AAGU03094355.1	
loxAfr3:scaffold_916	scaffold_916		scaffold_916	AAGU03094356.1	
loxAfr3:scaffold_917	scaffold_917		scaffold_917	AAGU03094357.1	
loxAfr3:scaffold_918	scaffold_918		scaffold_918	GL010660.1	
loxAfr3:scaffold_919	scaffold_919		scaffold_919	GL010661.1	
loxAfr3:scaffold_92	scaffold_92		scaffold_92	GL010119.1	
loxAfr3:scaffold_920	scaffold_920		scaffold_920	AAGU03094363.1	
loxAfr3:scaffold_921	scaffold_921		scaffold_921	GL010662.1	
loxAfr3:scaffold_922	scaffold_922		scaffold_922	AAGU03094367.1	
loxAfr3:scaffold_923	scaffold_923		scaffold_923	AAGU03094368.1	
loxAfr3:scaffold_924	scaffold_924		scaffold_924	AAGU03094369.1	
loxAfr3:scaffold_925	scaffold_925		scaffold_925	AAGU03094370.1	
loxAfr3:scaffold_926	scaffold_926		scaffold_926	AAGU03094371.1	
loxAfr3:scaffold_927	scaffold_927		scaffold_927	GL010663.1	
loxAfr3:scaffold_928	scaffold_928		scaffold_928	AAGU03094374.1	
loxAfr3:scaffold_929	scaffold_929		scaffold_929	AAGU03094375.1	
loxAfr3:scaffold_93	scaffold_93		scaffold_93	GL010120.1	
loxAfr3:scaffold_930	scaffold_930		scaffold_930	AAGU03094376.1	
loxAfr3:scaffold_931	scaffold_931		scaffold_931	AAGU03094377.1	
loxAfr3:scaffold_932	scaffold_932		scaffold_932	AAGU03094378.1	
loxAfr3:scaffold_933	scaffold_933		scaffold_933	AAGU03094379.1	
loxAfr3:scaffold_934	scaffold_934		scaffold_934	AAGU03094380.1	
loxAfr3:scaffold_935	scaffold_935		scaffold_935	AAGU03094381.1	
loxAfr3:scaffold_936	scaffold_936		scaffold_936	GL010664.1	
loxAfr3:scaffold_937	scaffold_937		scaffold_937	AAGU03094386.1	
loxAfr3:scaffold_938	scaffold_938		scaffold_938	AAGU03094387.1	
loxAfr3:scaffold_939	scaffold_939		scaffold_939	AAGU03094388.1	
loxAfr3:scaffold_94	scaffold_94		scaffold_94	GL010121.1	
loxAfr3:scaffold_940	scaffold_940		scaffold_940	GL010665.1	
loxAfr3:scaffold_941	scaffold_941		scaffold_941	AAGU03094391.1	
loxAfr3:scaffold_942	scaffold_942		scaffold_942	AAGU03094392.1	
loxAfr3:scaffold_943	scaffold_943		scaffold_943	GL010666.1	
loxAfr3:scaffold_944	scaffold_944		scaffold_944	AAGU03094395.1	
loxAfr3:scaffold_945	scaffold_945		scaffold_945	GL010667.1	
loxAfr3:scaffold_946	scaffold_946		scaffold_946	AAGU03094398.1	
loxAfr3:scaffold_947	scaffold_947		scaffold_947	AAGU03094399.1	
loxAfr3:scaffold_948	scaffold_948		scaffold_948	AAGU03094400.1	
loxAfr3:scaffold_949	scaffold_949		scaffold_949	AAGU03094401.1	
loxAfr3:scaffold_95	scaffold_95		scaffold_95	GL010122.1	
loxAfr3:scaffold_950	scaffold_950		scaffold_950	AAGU03094402.1	
loxAfr3:scaffold_951	scaffold_951		scaffold_951	AAGU03094403.1	
loxAfr3:scaffold_952	scaffold_952		scaffold_952	AAGU03094404.1	
loxAfr3:scaffold_953	scaffold_953		scaffold_953	AAGU03094405.1	
loxAfr3:scaffold_954	scaffold_954		scaffold_954	GL010668.1	
loxAfr3:scaffold_955	scaffold_955		scaffold_955	AAGU03094409.1	
loxAfr3:scaffold_956	scaffold_956		scaffold_956	AAGU03094410.1	
loxAfr3:scaffold_957	scaffold_957		scaffold_957	AAGU03094411.1	
loxAfr3:scaffold_958	scaffold_958		scaffold_958	AAGU03094412.1	
loxAfr3:scaffold_959	scaffold_959		scaffold_959	AAGU03094413.1	
loxAfr3:scaffold_96	scaffold_96		scaffold_96	GL010123.1	
loxAfr3:scaffold_960	scaffold_960		scaffold_960	GL010669.1	
loxAfr3:scaffold_961	scaffold_961		scaffold_961	AAGU03094416.1	
loxAfr3:scaffold_962	scaffold_962		scaffold_962	AAGU03094417.1	
loxAfr3:scaffold_963	scaffold_963		scaffold_963	AAGU03094418.1	
loxAfr3:scaffold_964	scaffold_964		scaffold_964	GL010670.1	
loxAfr3:scaffold_965	scaffold_965		scaffold_965	AAGU03094423.1	
loxAfr3:scaffold_966	scaffold_966		scaffold_966	AAGU03094424.1	
loxAfr3:scaffold_967	scaffold_967		scaffold_967	AAGU03094425.1	
loxAfr3:scaffold_968	scaffold_968		scaffold_968	GL010671.1	
loxAfr3:scaffold_969	scaffold_969		scaffold_969	AAGU03094428.1	
loxAfr3:scaffold_97	scaffold_97		scaffold_97	GL010124.1	
loxAfr3:scaffold_970	scaffold_970		scaffold_970	AAGU03094429.1	
loxAfr3:scaffold_971	scaffold_971		scaffold_971	AAGU03094430.1	
loxAfr3:scaffold_972	scaffold_972		scaffold_972	AAGU03094431.1	
loxAfr3:scaffold_973	scaffold_973		scaffold_973	AAGU03094432.1	
loxAfr3:scaffold_974	scaffold_974		scaffold_974	AAGU03094433.1	
loxAfr3:scaffold_975	scaffold_975		scaffold_975	AAGU03094434.1	
loxAfr3:scaffold_976	scaffold_976		scaffold_976	AAGU03094435.1	
loxAfr3:scaffold_977	scaffold_977		scaffold_977	AAGU03094436.1	
loxAfr3:scaffold_978	scaffold_978		scaffold_978	AAGU03094437.1	
loxAfr3:scaffold_979	scaffold_979		scaffold_979	AAGU03094438.1	
loxAfr3:scaffold_98	scaffold_98		scaffold_98	GL010125.1	
loxAfr3:scaffold_980	scaffold_980		scaffold_980	AAGU03094439.1	
loxAfr3:scaffold_981	scaffold_981		scaffold_981	AAGU03094440.1	
loxAfr3:scaffold_982	scaffold_982		scaffold_982	GL010672.1	
loxAfr3:scaffold_983	scaffold_983		scaffold_983	AAGU03094444.1	
loxAfr3:scaffold_984	scaffold_984		scaffold_984	AAGU03094445.1	
loxAfr3:scaffold_985	scaffold_985		scaffold_985	AAGU03094446.1	
loxAfr3:scaffold_986	scaffold_986		scaffold_986	AAGU03094447.1	
loxAfr3:scaffold_987	scaffold_987		scaffold_987	AAGU03094448.1	
loxAfr3:scaffold_988	scaffold_988		scaffold_988	AAGU03094449.1	
loxAfr3:scaffold_989	scaffold_989		scaffold_989	AAGU03094450.1	
loxAfr3:scaffold_99	scaffold_99		scaffold_99	GL010126.1	
loxAfr3:scaffold_990	scaffold_990		scaffold_990	AAGU03094451.1	
loxAfr3:scaffold_991	scaffold_991		scaffold_991	GL010673.1	
loxAfr3:scaffold_992	scaffold_992		scaffold_992	AAGU03094454.1	
loxAfr3:scaffold_993	scaffold_993		scaffold_993	AAGU03094455.1	
loxAfr3:scaffold_994	scaffold_994		scaffold_994	AAGU03094456.1	
loxAfr3:scaffold_995	scaffold_995		scaffold_995	AAGU03094457.1	
loxAfr3:scaffold_996	scaffold_996		scaffold_996	AAGU03094458.1	
loxAfr3:scaffold_997	scaffold_997		scaffold_997	AAGU03094459.1	
loxAfr3:scaffold_998	scaffold_998		scaffold_998	AAGU03094460.1	
loxAfr3:scaffold_999	scaffold_999		scaffold_999	GL010674.1	
