seq_id	ucsc	assembly	ensembl	genbank	refseq
musFur1:AEYP01107703	AEYP01107703		AEYP01107703.1		
musFur1:AEYP01108159	AEYP01108159		AEYP01108159.1		
musFur1:AEYP01108459	AEYP01108459		AEYP01108459.1		
musFur1:AEYP01108526	AEYP01108526		AEYP01108526.1		
musFur1:AEYP01108555	AEYP01108555		AEYP01108555.1		
musFur1:AEYP01108665	AEYP01108665		AEYP01108665.1		
musFur1:AEYP01108712	AEYP01108712		AEYP01108712.1		
musFur1:AEYP01108756	AEYP01108756		AEYP01108756.1		
musFur1:AEYP01108785	AEYP01108785		AEYP01108785.1		
musFur1:AEYP01108786	AEYP01108786		AEYP01108786.1		
musFur1:AEYP01108845	AEYP01108845		AEYP01108845.1		
musFur1:AEYP01108921	AEYP01108921		AEYP01108921.1		
musFur1:AEYP01108960	AEYP01108960		AEYP01108960.1		
musFur1:AEYP01109005	AEYP01109005		AEYP01109005.1		
musFur1:AEYP01109065	AEYP01109065		AEYP01109065.1		
musFur1:AEYP01109078	AEYP01109078		AEYP01109078.1		
musFur1:AEYP01109108	AEYP01109108		AEYP01109108.1		
musFur1:AEYP01109123	AEYP01109123		AEYP01109123.1		
musFur1:AEYP01109128	AEYP01109128		AEYP01109128.1		
musFur1:AEYP01109140	AEYP01109140		AEYP01109140.1		
musFur1:AEYP01109160	AEYP01109160		AEYP01109160.1		
musFur1:AEYP01109169	AEYP01109169		AEYP01109169.1		
musFur1:AEYP01109231	AEYP01109231		AEYP01109231.1		
musFur1:AEYP01109232	AEYP01109232		AEYP01109232.1		
musFur1:AEYP01109325	AEYP01109325		AEYP01109325.1		
musFur1:AEYP01109348	AEYP01109348		AEYP01109348.1		
musFur1:AEYP01109357	AEYP01109357		AEYP01109357.1		
musFur1:AEYP01109409	AEYP01109409		AEYP01109409.1		
musFur1:AEYP01109434	AEYP01109434		AEYP01109434.1		
musFur1:AEYP01109440	AEYP01109440		AEYP01109440.1		
musFur1:AEYP01109444	AEYP01109444		AEYP01109444.1		
musFur1:AEYP01109445	AEYP01109445		AEYP01109445.1		
musFur1:AEYP01109460	AEYP01109460		AEYP01109460.1		
musFur1:AEYP01109490	AEYP01109490		AEYP01109490.1		
musFur1:AEYP01109501	AEYP01109501		AEYP01109501.1		
musFur1:AEYP01109506	AEYP01109506		AEYP01109506.1		
musFur1:AEYP01109511	AEYP01109511		AEYP01109511.1		
musFur1:AEYP01109526	AEYP01109526		AEYP01109526.1		
musFur1:AEYP01109532	AEYP01109532		AEYP01109532.1		
musFur1:AEYP01109533	AEYP01109533		AEYP01109533.1		
musFur1:AEYP01109546	AEYP01109546		AEYP01109546.1		
musFur1:AEYP01109552	AEYP01109552		AEYP01109552.1		
musFur1:AEYP01109572	AEYP01109572		AEYP01109572.1		
musFur1:AEYP01109577	AEYP01109577		AEYP01109577.1		
musFur1:AEYP01109612	AEYP01109612		AEYP01109612.1		
musFur1:AEYP01109640	AEYP01109640		AEYP01109640.1		
musFur1:AEYP01109648	AEYP01109648		AEYP01109648.1		
musFur1:AEYP01109649	AEYP01109649		AEYP01109649.1		
musFur1:AEYP01109670	AEYP01109670		AEYP01109670.1		
musFur1:AEYP01109676	AEYP01109676		AEYP01109676.1		
musFur1:AEYP01109684	AEYP01109684		AEYP01109684.1		
musFur1:AEYP01109702	AEYP01109702		AEYP01109702.1		
musFur1:AEYP01109707	AEYP01109707		AEYP01109707.1		
musFur1:AEYP01109718	AEYP01109718		AEYP01109718.1		
musFur1:AEYP01109731	AEYP01109731		AEYP01109731.1		
musFur1:AEYP01109734	AEYP01109734		AEYP01109734.1		
musFur1:AEYP01109735	AEYP01109735		AEYP01109735.1		
musFur1:AEYP01109736	AEYP01109736		AEYP01109736.1		
musFur1:AEYP01109742	AEYP01109742		AEYP01109742.1		
musFur1:AEYP01109783	AEYP01109783		AEYP01109783.1		
musFur1:AEYP01109790	AEYP01109790		AEYP01109790.1		
musFur1:AEYP01109806	AEYP01109806		AEYP01109806.1		
musFur1:AEYP01109810	AEYP01109810		AEYP01109810.1		
musFur1:AEYP01109822	AEYP01109822		AEYP01109822.1		
musFur1:AEYP01109823	AEYP01109823		AEYP01109823.1		
musFur1:AEYP01109824	AEYP01109824		AEYP01109824.1		
musFur1:AEYP01109833	AEYP01109833		AEYP01109833.1		
musFur1:AEYP01109834	AEYP01109834		AEYP01109834.1		
musFur1:AEYP01109835	AEYP01109835		AEYP01109835.1		
musFur1:AEYP01109836	AEYP01109836		AEYP01109836.1		
musFur1:AEYP01109837	AEYP01109837		AEYP01109837.1		
musFur1:AEYP01109856	AEYP01109856		AEYP01109856.1		
musFur1:AEYP01109871	AEYP01109871		AEYP01109871.1		
musFur1:AEYP01109879	AEYP01109879		AEYP01109879.1		
musFur1:AEYP01109880	AEYP01109880		AEYP01109880.1		
musFur1:AEYP01109910	AEYP01109910		AEYP01109910.1		
musFur1:AEYP01109926	AEYP01109926		AEYP01109926.1		
musFur1:AEYP01109931	AEYP01109931		AEYP01109931.1		
musFur1:AEYP01109940	AEYP01109940		AEYP01109940.1		
musFur1:AEYP01109941	AEYP01109941		AEYP01109941.1		
musFur1:AEYP01110008	AEYP01110008		AEYP01110008.1		
musFur1:AEYP01110018	AEYP01110018		AEYP01110018.1		
musFur1:AEYP01110031	AEYP01110031		AEYP01110031.1		
musFur1:AEYP01110049	AEYP01110049		AEYP01110049.1		
musFur1:AEYP01110066	AEYP01110066		AEYP01110066.1		
musFur1:AEYP01110080	AEYP01110080		AEYP01110080.1		
musFur1:AEYP01110100	AEYP01110100		AEYP01110100.1		
musFur1:AEYP01110103	AEYP01110103		AEYP01110103.1		
musFur1:AEYP01110112	AEYP01110112		AEYP01110112.1		
musFur1:AEYP01110129	AEYP01110129		AEYP01110129.1		
musFur1:AEYP01110136	AEYP01110136		AEYP01110136.1		
musFur1:AEYP01110165	AEYP01110165		AEYP01110165.1		
musFur1:AEYP01110169	AEYP01110169		AEYP01110169.1		
musFur1:AEYP01110173	AEYP01110173		AEYP01110173.1		
musFur1:AEYP01110186	AEYP01110186		AEYP01110186.1		
musFur1:AEYP01110187	AEYP01110187		AEYP01110187.1		
musFur1:AEYP01110199	AEYP01110199		AEYP01110199.1		
musFur1:AEYP01110200	AEYP01110200		AEYP01110200.1		
musFur1:AEYP01110217	AEYP01110217		AEYP01110217.1		
musFur1:AEYP01110218	AEYP01110218		AEYP01110218.1		
musFur1:AEYP01110222	AEYP01110222		AEYP01110222.1		
musFur1:AEYP01110223	AEYP01110223		AEYP01110223.1		
musFur1:AEYP01110226	AEYP01110226		AEYP01110226.1		
musFur1:AEYP01110249	AEYP01110249		AEYP01110249.1		
musFur1:AEYP01110250	AEYP01110250		AEYP01110250.1		
musFur1:AEYP01110251	AEYP01110251		AEYP01110251.1		
musFur1:AEYP01110252	AEYP01110252		AEYP01110252.1		
musFur1:AEYP01110259	AEYP01110259		AEYP01110259.1		
musFur1:AEYP01110269	AEYP01110269		AEYP01110269.1		
musFur1:AEYP01110270	AEYP01110270		AEYP01110270.1		
musFur1:AEYP01110281	AEYP01110281		AEYP01110281.1		
musFur1:AEYP01110282	AEYP01110282		AEYP01110282.1		
musFur1:AEYP01110289	AEYP01110289		AEYP01110289.1		
musFur1:AEYP01110309	AEYP01110309		AEYP01110309.1		
musFur1:AEYP01110323	AEYP01110323		AEYP01110323.1		
musFur1:AEYP01110324	AEYP01110324		AEYP01110324.1		
musFur1:AEYP01110328	AEYP01110328		AEYP01110328.1		
musFur1:AEYP01110329	AEYP01110329		AEYP01110329.1		
musFur1:AEYP01110330	AEYP01110330		AEYP01110330.1		
musFur1:AEYP01110333	AEYP01110333		AEYP01110333.1		
musFur1:AEYP01110334	AEYP01110334		AEYP01110334.1		
musFur1:AEYP01110338	AEYP01110338		AEYP01110338.1		
musFur1:AEYP01110339	AEYP01110339		AEYP01110339.1		
musFur1:AEYP01110343	AEYP01110343		AEYP01110343.1		
musFur1:AEYP01110347	AEYP01110347		AEYP01110347.1		
musFur1:AEYP01110348	AEYP01110348		AEYP01110348.1		
musFur1:AEYP01110349	AEYP01110349		AEYP01110349.1		
musFur1:AEYP01110359	AEYP01110359		AEYP01110359.1		
musFur1:AEYP01110366	AEYP01110366		AEYP01110366.1		
musFur1:AEYP01110394	AEYP01110394		AEYP01110394.1		
musFur1:AEYP01110404	AEYP01110404		AEYP01110404.1		
musFur1:AEYP01110408	AEYP01110408		AEYP01110408.1		
musFur1:AEYP01110417	AEYP01110417		AEYP01110417.1		
musFur1:AEYP01110424	AEYP01110424		AEYP01110424.1		
musFur1:AEYP01110428	AEYP01110428		AEYP01110428.1		
musFur1:AEYP01110429	AEYP01110429		AEYP01110429.1		
musFur1:AEYP01110430	AEYP01110430		AEYP01110430.1		
musFur1:AEYP01110434	AEYP01110434		AEYP01110434.1		
musFur1:AEYP01110452	AEYP01110452		AEYP01110452.1		
musFur1:AEYP01110453	AEYP01110453		AEYP01110453.1		
musFur1:AEYP01110457	AEYP01110457		AEYP01110457.1		
musFur1:AEYP01110464	AEYP01110464		AEYP01110464.1		
musFur1:AEYP01110465	AEYP01110465		AEYP01110465.1		
musFur1:AEYP01110478	AEYP01110478		AEYP01110478.1		
musFur1:AEYP01110488	AEYP01110488		AEYP01110488.1		
musFur1:AEYP01110496	AEYP01110496		AEYP01110496.1		
musFur1:AEYP01110506	AEYP01110506		AEYP01110506.1		
musFur1:AEYP01110507	AEYP01110507		AEYP01110507.1		
musFur1:AEYP01110508	AEYP01110508		AEYP01110508.1		
musFur1:AEYP01110520	AEYP01110520		AEYP01110520.1		
musFur1:AEYP01110521	AEYP01110521		AEYP01110521.1		
musFur1:AEYP01110525	AEYP01110525		AEYP01110525.1		
musFur1:AEYP01110526	AEYP01110526		AEYP01110526.1		
musFur1:AEYP01110527	AEYP01110527		AEYP01110527.1		
musFur1:AEYP01110530	AEYP01110530		AEYP01110530.1		
musFur1:AEYP01110543	AEYP01110543		AEYP01110543.1		
musFur1:AEYP01110548	AEYP01110548		AEYP01110548.1		
musFur1:AEYP01110549	AEYP01110549		AEYP01110549.1		
musFur1:AEYP01110555	AEYP01110555		AEYP01110555.1		
musFur1:AEYP01110559	AEYP01110559		AEYP01110559.1		
musFur1:AEYP01110560	AEYP01110560		AEYP01110560.1		
musFur1:AEYP01110561	AEYP01110561		AEYP01110561.1		
musFur1:AEYP01110562	AEYP01110562		AEYP01110562.1		
musFur1:AEYP01110565	AEYP01110565		AEYP01110565.1		
musFur1:AEYP01110566	AEYP01110566		AEYP01110566.1		
musFur1:AEYP01110567	AEYP01110567		AEYP01110567.1		
musFur1:AEYP01110568	AEYP01110568		AEYP01110568.1		
musFur1:AEYP01110569	AEYP01110569		AEYP01110569.1		
musFur1:AEYP01110570	AEYP01110570		AEYP01110570.1		
musFur1:AEYP01110571	AEYP01110571		AEYP01110571.1		
musFur1:AEYP01110576	AEYP01110576		AEYP01110576.1		
musFur1:AEYP01110577	AEYP01110577		AEYP01110577.1		
musFur1:AEYP01110578	AEYP01110578		AEYP01110578.1		
musFur1:AEYP01110585	AEYP01110585		AEYP01110585.1		
musFur1:AEYP01110586	AEYP01110586		AEYP01110586.1		
musFur1:AEYP01110587	AEYP01110587		AEYP01110587.1		
musFur1:AEYP01110588	AEYP01110588		AEYP01110588.1		
musFur1:AEYP01110589	AEYP01110589		AEYP01110589.1		
musFur1:AEYP01110592	AEYP01110592		AEYP01110592.1		
musFur1:AEYP01110593	AEYP01110593		AEYP01110593.1		
musFur1:AEYP01110595	AEYP01110595		AEYP01110595.1		
musFur1:AEYP01110596	AEYP01110596		AEYP01110596.1		
musFur1:AEYP01110597	AEYP01110597		AEYP01110597.1		
musFur1:AEYP01110598	AEYP01110598		AEYP01110598.1		
musFur1:AEYP01110601	AEYP01110601		AEYP01110601.1		
musFur1:AEYP01110605	AEYP01110605		AEYP01110605.1		
musFur1:AEYP01110606	AEYP01110606		AEYP01110606.1		
musFur1:AEYP01110611	AEYP01110611		AEYP01110611.1		
musFur1:AEYP01110612	AEYP01110612		AEYP01110612.1		
musFur1:AEYP01110620	AEYP01110620		AEYP01110620.1		
musFur1:AEYP01110621	AEYP01110621		AEYP01110621.1		
musFur1:AEYP01110626	AEYP01110626		AEYP01110626.1		
musFur1:AEYP01110627	AEYP01110627		AEYP01110627.1		
musFur1:AEYP01110632	AEYP01110632		AEYP01110632.1		
musFur1:AEYP01110635	AEYP01110635		AEYP01110635.1		
musFur1:AEYP01110636	AEYP01110636		AEYP01110636.1		
musFur1:AEYP01110637	AEYP01110637		AEYP01110637.1		
musFur1:AEYP01110638	AEYP01110638		AEYP01110638.1		
musFur1:AEYP01110647	AEYP01110647		AEYP01110647.1		
musFur1:AEYP01110648	AEYP01110648		AEYP01110648.1		
musFur1:AEYP01110649	AEYP01110649		AEYP01110649.1		
musFur1:AEYP01110654	AEYP01110654		AEYP01110654.1		
musFur1:AEYP01110657	AEYP01110657		AEYP01110657.1		
musFur1:AEYP01110667	AEYP01110667		AEYP01110667.1		
musFur1:AEYP01110670	AEYP01110670		AEYP01110670.1		
musFur1:AEYP01110671	AEYP01110671		AEYP01110671.1		
musFur1:AEYP01110672	AEYP01110672		AEYP01110672.1		
musFur1:AEYP01110679	AEYP01110679		AEYP01110679.1		
musFur1:AEYP01110686	AEYP01110686		AEYP01110686.1		
musFur1:AEYP01110689	AEYP01110689		AEYP01110689.1		
musFur1:AEYP01110705	AEYP01110705		AEYP01110705.1		
musFur1:AEYP01110714	AEYP01110714		AEYP01110714.1		
musFur1:AEYP01110715	AEYP01110715		AEYP01110715.1		
musFur1:AEYP01110716	AEYP01110716		AEYP01110716.1		
musFur1:AEYP01110725	AEYP01110725		AEYP01110725.1		
musFur1:AEYP01110728	AEYP01110728		AEYP01110728.1		
musFur1:AEYP01110733	AEYP01110733		AEYP01110733.1		
musFur1:AEYP01110734	AEYP01110734		AEYP01110734.1		
musFur1:AEYP01110737	AEYP01110737		AEYP01110737.1		
musFur1:AEYP01110738	AEYP01110738		AEYP01110738.1		
musFur1:AEYP01110749	AEYP01110749		AEYP01110749.1		
musFur1:AEYP01110758	AEYP01110758		AEYP01110758.1		
musFur1:AEYP01110769	AEYP01110769		AEYP01110769.1		
musFur1:AEYP01110779	AEYP01110779		AEYP01110779.1		
musFur1:AEYP01110783	AEYP01110783		AEYP01110783.1		
musFur1:AEYP01110790	AEYP01110790		AEYP01110790.1		
musFur1:AEYP01110795	AEYP01110795		AEYP01110795.1		
musFur1:AEYP01110798	AEYP01110798		AEYP01110798.1		
musFur1:AEYP01110831	AEYP01110831		AEYP01110831.1		
musFur1:AEYP01110832	AEYP01110832		AEYP01110832.1		
musFur1:AEYP01110847	AEYP01110847		AEYP01110847.1		
musFur1:AEYP01110852	AEYP01110852		AEYP01110852.1		
musFur1:AEYP01110860	AEYP01110860		AEYP01110860.1		
musFur1:AEYP01110867	AEYP01110867		AEYP01110867.1		
musFur1:AEYP01110868	AEYP01110868		AEYP01110868.1		
musFur1:AEYP01110874	AEYP01110874		AEYP01110874.1		
musFur1:AEYP01110902	AEYP01110902		AEYP01110902.1		
musFur1:AEYP01110911	AEYP01110911		AEYP01110911.1		
musFur1:AEYP01110925	AEYP01110925		AEYP01110925.1		
musFur1:AEYP01110930	AEYP01110930		AEYP01110930.1		
musFur1:AEYP01110933	AEYP01110933		AEYP01110933.1		
musFur1:AEYP01110938	AEYP01110938		AEYP01110938.1		
musFur1:AEYP01110947	AEYP01110947		AEYP01110947.1		
musFur1:AEYP01110962	AEYP01110962		AEYP01110962.1		
musFur1:AEYP01111007	AEYP01111007		AEYP01111007.1		
musFur1:AEYP01111036	AEYP01111036		AEYP01111036.1		
musFur1:AEYP01111072	AEYP01111072		AEYP01111072.1		
musFur1:AEYP01111079	AEYP01111079		AEYP01111079.1		
musFur1:AEYP01111084	AEYP01111084		AEYP01111084.1		
musFur1:AEYP01111085	AEYP01111085		AEYP01111085.1		
musFur1:AEYP01111114	AEYP01111114		AEYP01111114.1		
musFur1:AEYP01111117	AEYP01111117		AEYP01111117.1		
musFur1:AEYP01111120	AEYP01111120		AEYP01111120.1		
musFur1:AEYP01111133	AEYP01111133		AEYP01111133.1		
musFur1:AEYP01111142	AEYP01111142		AEYP01111142.1		
musFur1:AEYP01111143	AEYP01111143		AEYP01111143.1		
musFur1:AEYP01111152	AEYP01111152		AEYP01111152.1		
musFur1:AEYP01111153	AEYP01111153		AEYP01111153.1		
musFur1:AEYP01111178	AEYP01111178		AEYP01111178.1		
musFur1:AEYP01111179	AEYP01111179		AEYP01111179.1		
musFur1:AEYP01111188	AEYP01111188		AEYP01111188.1		
musFur1:AEYP01111193	AEYP01111193		AEYP01111193.1		
musFur1:AEYP01111194	AEYP01111194		AEYP01111194.1		
musFur1:AEYP01111199	AEYP01111199		AEYP01111199.1		
musFur1:AEYP01111200	AEYP01111200		AEYP01111200.1		
musFur1:AEYP01111230	AEYP01111230		AEYP01111230.1		
musFur1:AEYP01111249	AEYP01111249		AEYP01111249.1		
musFur1:AEYP01111254	AEYP01111254		AEYP01111254.1		
musFur1:AEYP01111265	AEYP01111265		AEYP01111265.1		
musFur1:AEYP01111272	AEYP01111272		AEYP01111272.1		
musFur1:AEYP01111277	AEYP01111277		AEYP01111277.1		
musFur1:AEYP01111284	AEYP01111284		AEYP01111284.1		
musFur1:AEYP01111285	AEYP01111285		AEYP01111285.1		
musFur1:AEYP01111288	AEYP01111288		AEYP01111288.1		
musFur1:AEYP01111307	AEYP01111307		AEYP01111307.1		
musFur1:AEYP01111324	AEYP01111324		AEYP01111324.1		
musFur1:AEYP01111331	AEYP01111331		AEYP01111331.1		
musFur1:AEYP01111336	AEYP01111336		AEYP01111336.1		
musFur1:AEYP01111355	AEYP01111355		AEYP01111355.1		
musFur1:AEYP01111386	AEYP01111386		AEYP01111386.1		
musFur1:AEYP01111412	AEYP01111412		AEYP01111412.1		
musFur1:AEYP01111429	AEYP01111429		AEYP01111429.1		
musFur1:AEYP01111436	AEYP01111436		AEYP01111436.1		
musFur1:AEYP01111455	AEYP01111455		AEYP01111455.1		
musFur1:AEYP01111462	AEYP01111462		AEYP01111462.1		
musFur1:AEYP01111467	AEYP01111467		AEYP01111467.1		
musFur1:AEYP01111472	AEYP01111472		AEYP01111472.1		
musFur1:AEYP01111479	AEYP01111479		AEYP01111479.1		
musFur1:AEYP01111486	AEYP01111486		AEYP01111486.1		
musFur1:AEYP01111503	AEYP01111503		AEYP01111503.1		
musFur1:AEYP01111504	AEYP01111504		AEYP01111504.1		
musFur1:AEYP01111511	AEYP01111511		AEYP01111511.1		
musFur1:AEYP01111536	AEYP01111536		AEYP01111536.1		
musFur1:AEYP01111537	AEYP01111537		AEYP01111537.1		
musFur1:AEYP01111561	AEYP01111561		AEYP01111561.1		
musFur1:AEYP01111562	AEYP01111562		AEYP01111562.1		
musFur1:AEYP01111565	AEYP01111565		AEYP01111565.1		
musFur1:AEYP01111570	AEYP01111570		AEYP01111570.1		
musFur1:AEYP01111587	AEYP01111587		AEYP01111587.1		
musFur1:AEYP01111591	AEYP01111591		AEYP01111591.1		
musFur1:AEYP01111592	AEYP01111592		AEYP01111592.1		
musFur1:AEYP01111595	AEYP01111595		AEYP01111595.1		
musFur1:AEYP01111596	AEYP01111596		AEYP01111596.1		
musFur1:AEYP01111597	AEYP01111597		AEYP01111597.1		
musFur1:AEYP01111604	AEYP01111604		AEYP01111604.1		
musFur1:AEYP01111609	AEYP01111609		AEYP01111609.1		
musFur1:AEYP01111616	AEYP01111616		AEYP01111616.1		
musFur1:AEYP01111621	AEYP01111621		AEYP01111621.1		
musFur1:AEYP01111622	AEYP01111622		AEYP01111622.1		
musFur1:AEYP01111631	AEYP01111631		AEYP01111631.1		
musFur1:AEYP01111634	AEYP01111634		AEYP01111634.1		
musFur1:AEYP01111635	AEYP01111635		AEYP01111635.1		
musFur1:AEYP01111638	AEYP01111638		AEYP01111638.1		
musFur1:AEYP01111647	AEYP01111647		AEYP01111647.1		
musFur1:AEYP01111658	AEYP01111658		AEYP01111658.1		
musFur1:AEYP01111665	AEYP01111665		AEYP01111665.1		
musFur1:AEYP01111678	AEYP01111678		AEYP01111678.1		
musFur1:AEYP01111681	AEYP01111681		AEYP01111681.1		
musFur1:AEYP01111691	AEYP01111691		AEYP01111691.1		
musFur1:AEYP01111698	AEYP01111698		AEYP01111698.1		
musFur1:AEYP01111699	AEYP01111699		AEYP01111699.1		
musFur1:AEYP01111700	AEYP01111700		AEYP01111700.1		
musFur1:AEYP01111707	AEYP01111707		AEYP01111707.1		
musFur1:AEYP01111710	AEYP01111710		AEYP01111710.1		
musFur1:AEYP01111711	AEYP01111711		AEYP01111711.1		
musFur1:AEYP01111718	AEYP01111718		AEYP01111718.1		
musFur1:AEYP01111719	AEYP01111719		AEYP01111719.1		
musFur1:AEYP01111720	AEYP01111720		AEYP01111720.1		
musFur1:AEYP01111727	AEYP01111727		AEYP01111727.1		
musFur1:AEYP01111728	AEYP01111728		AEYP01111728.1		
musFur1:AEYP01111730	AEYP01111730		AEYP01111730.1		
musFur1:AEYP01111731	AEYP01111731		AEYP01111731.1		
musFur1:AEYP01111734	AEYP01111734		AEYP01111734.1		
musFur1:AEYP01111748	AEYP01111748		AEYP01111748.1		
musFur1:AEYP01111753	AEYP01111753		AEYP01111753.1		
musFur1:AEYP01111760	AEYP01111760		AEYP01111760.1		
musFur1:AEYP01111763	AEYP01111763		AEYP01111763.1		
musFur1:AEYP01111766	AEYP01111766		AEYP01111766.1		
musFur1:AEYP01111767	AEYP01111767		AEYP01111767.1		
musFur1:AEYP01111776	AEYP01111776		AEYP01111776.1		
musFur1:AEYP01111777	AEYP01111777		AEYP01111777.1		
musFur1:AEYP01111778	AEYP01111778		AEYP01111778.1		
musFur1:AEYP01111785	AEYP01111785		AEYP01111785.1		
musFur1:AEYP01111790	AEYP01111790		AEYP01111790.1		
musFur1:AEYP01111791	AEYP01111791		AEYP01111791.1		
musFur1:AEYP01111794	AEYP01111794		AEYP01111794.1		
musFur1:AEYP01111795	AEYP01111795		AEYP01111795.1		
musFur1:AEYP01111800	AEYP01111800		AEYP01111800.1		
musFur1:AEYP01111801	AEYP01111801		AEYP01111801.1		
musFur1:AEYP01111804	AEYP01111804		AEYP01111804.1		
musFur1:AEYP01111809	AEYP01111809		AEYP01111809.1		
musFur1:AEYP01111810	AEYP01111810		AEYP01111810.1		
musFur1:AEYP01111815	AEYP01111815		AEYP01111815.1		
musFur1:AEYP01111822	AEYP01111822		AEYP01111822.1		
musFur1:AEYP01111823	AEYP01111823		AEYP01111823.1		
musFur1:AEYP01111824	AEYP01111824		AEYP01111824.1		
musFur1:AEYP01111825	AEYP01111825		AEYP01111825.1		
musFur1:AEYP01111826	AEYP01111826		AEYP01111826.1		
musFur1:AEYP01111839	AEYP01111839		AEYP01111839.1		
musFur1:AEYP01111842	AEYP01111842		AEYP01111842.1		
musFur1:AEYP01111843	AEYP01111843		AEYP01111843.1		
musFur1:AEYP01111846	AEYP01111846		AEYP01111846.1		
musFur1:AEYP01111859	AEYP01111859		AEYP01111859.1		
musFur1:AEYP01111860	AEYP01111860		AEYP01111860.1		
musFur1:AEYP01111863	AEYP01111863		AEYP01111863.1		
musFur1:AEYP01111866	AEYP01111866		AEYP01111866.1		
musFur1:AEYP01111867	AEYP01111867		AEYP01111867.1		
musFur1:AEYP01111868	AEYP01111868		AEYP01111868.1		
musFur1:AEYP01111869	AEYP01111869		AEYP01111869.1		
musFur1:AEYP01111874	AEYP01111874		AEYP01111874.1		
musFur1:AEYP01111879	AEYP01111879		AEYP01111879.1		
musFur1:AEYP01111880	AEYP01111880		AEYP01111880.1		
musFur1:AEYP01111881	AEYP01111881		AEYP01111881.1		
musFur1:AEYP01111882	AEYP01111882		AEYP01111882.1		
musFur1:AEYP01111889	AEYP01111889		AEYP01111889.1		
musFur1:AEYP01111890	AEYP01111890		AEYP01111890.1		
musFur1:AEYP01111891	AEYP01111891		AEYP01111891.1		
musFur1:AEYP01111900	AEYP01111900		AEYP01111900.1		
musFur1:AEYP01111901	AEYP01111901		AEYP01111901.1		
musFur1:AEYP01111902	AEYP01111902		AEYP01111902.1		
musFur1:AEYP01111911	AEYP01111911		AEYP01111911.1		
musFur1:AEYP01111916	AEYP01111916		AEYP01111916.1		
musFur1:AEYP01111917	AEYP01111917		AEYP01111917.1		
musFur1:AEYP01111922	AEYP01111922		AEYP01111922.1		
musFur1:AEYP01111923	AEYP01111923		AEYP01111923.1		
musFur1:AEYP01111926	AEYP01111926		AEYP01111926.1		
musFur1:AEYP01111929	AEYP01111929		AEYP01111929.1		
musFur1:AEYP01111930	AEYP01111930		AEYP01111930.1		
musFur1:AEYP01111935	AEYP01111935		AEYP01111935.1		
musFur1:AEYP01111936	AEYP01111936		AEYP01111936.1		
musFur1:AEYP01111937	AEYP01111937		AEYP01111937.1		
musFur1:AEYP01111939	AEYP01111939		AEYP01111939.1		
musFur1:AEYP01111940	AEYP01111940		AEYP01111940.1		
musFur1:AEYP01111941	AEYP01111941		AEYP01111941.1		
musFur1:AEYP01111944	AEYP01111944		AEYP01111944.1		
musFur1:AEYP01111947	AEYP01111947		AEYP01111947.1		
musFur1:AEYP01111948	AEYP01111948		AEYP01111948.1		
musFur1:AEYP01111951	AEYP01111951		AEYP01111951.1		
musFur1:AEYP01111952	AEYP01111952		AEYP01111952.1		
musFur1:AEYP01111956	AEYP01111956		AEYP01111956.1		
musFur1:AEYP01111957	AEYP01111957		AEYP01111957.1		
musFur1:AEYP01111958	AEYP01111958		AEYP01111958.1		
musFur1:AEYP01111959	AEYP01111959		AEYP01111959.1		
musFur1:AEYP01111960	AEYP01111960		AEYP01111960.1		
musFur1:AEYP01111961	AEYP01111961		AEYP01111961.1		
musFur1:AEYP01111962	AEYP01111962		AEYP01111962.1		
musFur1:AEYP01111965	AEYP01111965		AEYP01111965.1		
musFur1:AEYP01111966	AEYP01111966		AEYP01111966.1		
musFur1:AEYP01111967	AEYP01111967		AEYP01111967.1		
musFur1:AEYP01111970	AEYP01111970		AEYP01111970.1		
musFur1:AEYP01111971	AEYP01111971		AEYP01111971.1		
musFur1:AEYP01111972	AEYP01111972		AEYP01111972.1		
musFur1:AEYP01111973	AEYP01111973		AEYP01111973.1		
musFur1:AEYP01111976	AEYP01111976		AEYP01111976.1		
musFur1:AEYP01111977	AEYP01111977		AEYP01111977.1		
musFur1:AEYP01111978	AEYP01111978		AEYP01111978.1		
musFur1:AEYP01111979	AEYP01111979		AEYP01111979.1		
musFur1:AEYP01111980	AEYP01111980		AEYP01111980.1		
musFur1:AEYP01111981	AEYP01111981		AEYP01111981.1		
musFur1:AEYP01111982	AEYP01111982		AEYP01111982.1		
musFur1:AEYP01111983	AEYP01111983		AEYP01111983.1		
musFur1:AEYP01111986	AEYP01111986		AEYP01111986.1		
musFur1:AEYP01111987	AEYP01111987		AEYP01111987.1		
musFur1:AEYP01111988	AEYP01111988		AEYP01111988.1		
musFur1:AEYP01111989	AEYP01111989		AEYP01111989.1		
musFur1:AEYP01111990	AEYP01111990		AEYP01111990.1		
musFur1:AEYP01111993	AEYP01111993		AEYP01111993.1		
musFur1:AEYP01111994	AEYP01111994		AEYP01111994.1		
musFur1:AEYP01111997	AEYP01111997		AEYP01111997.1		
musFur1:AEYP01111998	AEYP01111998		AEYP01111998.1		
musFur1:AEYP01111999	AEYP01111999		AEYP01111999.1		
musFur1:AEYP01112000	AEYP01112000		AEYP01112000.1		
musFur1:AEYP01112001	AEYP01112001		AEYP01112001.1		
musFur1:AEYP01112002	AEYP01112002		AEYP01112002.1		
musFur1:AEYP01112003	AEYP01112003		AEYP01112003.1		
musFur1:AEYP01112004	AEYP01112004		AEYP01112004.1		
musFur1:AEYP01112005	AEYP01112005		AEYP01112005.1		
musFur1:AEYP01112006	AEYP01112006		AEYP01112006.1		
musFur1:AEYP01112007	AEYP01112007		AEYP01112007.1		
musFur1:AEYP01112008	AEYP01112008		AEYP01112008.1		
musFur1:AEYP01112009	AEYP01112009		AEYP01112009.1		
musFur1:AEYP01112010	AEYP01112010		AEYP01112010.1		
musFur1:AEYP01112011	AEYP01112011		AEYP01112011.1		
musFur1:AEYP01112014	AEYP01112014		AEYP01112014.1		
musFur1:AEYP01112015	AEYP01112015		AEYP01112015.1		
musFur1:AEYP01112016	AEYP01112016		AEYP01112016.1		
musFur1:AEYP01112017	AEYP01112017		AEYP01112017.1		
musFur1:AEYP01112018	AEYP01112018		AEYP01112018.1		
musFur1:AEYP01112019	AEYP01112019		AEYP01112019.1		
musFur1:AEYP01112022	AEYP01112022		AEYP01112022.1		
musFur1:AEYP01112023	AEYP01112023		AEYP01112023.1		
musFur1:AEYP01112024	AEYP01112024		AEYP01112024.1		
musFur1:AEYP01112025	AEYP01112025		AEYP01112025.1		
musFur1:AEYP01112026	AEYP01112026		AEYP01112026.1		
musFur1:AEYP01112027	AEYP01112027		AEYP01112027.1		
musFur1:AEYP01112028	AEYP01112028		AEYP01112028.1		
musFur1:AEYP01112029	AEYP01112029		AEYP01112029.1		
musFur1:AEYP01112030	AEYP01112030		AEYP01112030.1		
musFur1:AEYP01112031	AEYP01112031		AEYP01112031.1		
musFur1:AEYP01112032	AEYP01112032		AEYP01112032.1		
musFur1:AEYP01112033	AEYP01112033		AEYP01112033.1		
musFur1:AEYP01112034	AEYP01112034		AEYP01112034.1		
musFur1:AEYP01112035	AEYP01112035		AEYP01112035.1		
musFur1:AEYP01112037	AEYP01112037		AEYP01112037.1		
musFur1:AEYP01112038	AEYP01112038		AEYP01112038.1		
musFur1:AEYP01112039	AEYP01112039		AEYP01112039.1		
musFur1:AEYP01112040	AEYP01112040		AEYP01112040.1		
musFur1:AEYP01112041	AEYP01112041		AEYP01112041.1		
musFur1:AEYP01112042	AEYP01112042		AEYP01112042.1		
musFur1:AEYP01112043	AEYP01112043		AEYP01112043.1		
musFur1:AEYP01112044	AEYP01112044		AEYP01112044.1		
musFur1:AEYP01112046	AEYP01112046		AEYP01112046.1		
musFur1:AEYP01112047	AEYP01112047		AEYP01112047.1		
musFur1:AEYP01112050	AEYP01112050		AEYP01112050.1		
musFur1:AEYP01112051	AEYP01112051		AEYP01112051.1		
musFur1:AEYP01112052	AEYP01112052		AEYP01112052.1		
musFur1:AEYP01112053	AEYP01112053		AEYP01112053.1		
musFur1:AEYP01112054	AEYP01112054		AEYP01112054.1		
musFur1:AEYP01112055	AEYP01112055		AEYP01112055.1		
musFur1:AEYP01112056	AEYP01112056		AEYP01112056.1		
musFur1:AEYP01112057	AEYP01112057		AEYP01112057.1		
musFur1:AEYP01112058	AEYP01112058		AEYP01112058.1		
musFur1:AEYP01112059	AEYP01112059		AEYP01112059.1		
musFur1:AEYP01112060	AEYP01112060		AEYP01112060.1		
musFur1:AEYP01112061	AEYP01112061		AEYP01112061.1		
musFur1:AEYP01112062	AEYP01112062		AEYP01112062.1		
musFur1:AEYP01112063	AEYP01112063		AEYP01112063.1		
musFur1:AEYP01112064	AEYP01112064		AEYP01112064.1		
musFur1:AEYP01112065	AEYP01112065		AEYP01112065.1		
musFur1:AEYP01112066	AEYP01112066		AEYP01112066.1		
musFur1:AEYP01112069	AEYP01112069		AEYP01112069.1		
musFur1:AEYP01112070	AEYP01112070		AEYP01112070.1		
musFur1:AEYP01112071	AEYP01112071		AEYP01112071.1		
musFur1:AEYP01112074	AEYP01112074		AEYP01112074.1		
musFur1:AEYP01112075	AEYP01112075		AEYP01112075.1		
musFur1:AEYP01112076	AEYP01112076		AEYP01112076.1		
musFur1:AEYP01112079	AEYP01112079		AEYP01112079.1		
musFur1:AEYP01112080	AEYP01112080		AEYP01112080.1		
musFur1:AEYP01112081	AEYP01112081		AEYP01112081.1		
musFur1:AEYP01112082	AEYP01112082		AEYP01112082.1		
musFur1:AEYP01112083	AEYP01112083		AEYP01112083.1		
musFur1:AEYP01112084	AEYP01112084		AEYP01112084.1		
musFur1:AEYP01112085	AEYP01112085		AEYP01112085.1		
musFur1:AEYP01112086	AEYP01112086		AEYP01112086.1		
musFur1:AEYP01112087	AEYP01112087		AEYP01112087.1		
musFur1:AEYP01112088	AEYP01112088		AEYP01112088.1		
musFur1:AEYP01112089	AEYP01112089		AEYP01112089.1		
musFur1:AEYP01112090	AEYP01112090		AEYP01112090.1		
musFur1:AEYP01112091	AEYP01112091		AEYP01112091.1		
musFur1:AEYP01112092	AEYP01112092		AEYP01112092.1		
musFur1:AEYP01112093	AEYP01112093		AEYP01112093.1		
musFur1:AEYP01112094	AEYP01112094		AEYP01112094.1		
musFur1:AEYP01112095	AEYP01112095		AEYP01112095.1		
musFur1:AEYP01112096	AEYP01112096		AEYP01112096.1		
musFur1:AEYP01112097	AEYP01112097		AEYP01112097.1		
musFur1:AEYP01112098	AEYP01112098		AEYP01112098.1		
musFur1:AEYP01112099	AEYP01112099		AEYP01112099.1		
musFur1:AEYP01112100	AEYP01112100		AEYP01112100.1		
musFur1:AEYP01112101	AEYP01112101		AEYP01112101.1		
musFur1:AEYP01112102	AEYP01112102		AEYP01112102.1		
musFur1:AEYP01112103	AEYP01112103		AEYP01112103.1		
musFur1:AEYP01112104	AEYP01112104		AEYP01112104.1		
musFur1:AEYP01112105	AEYP01112105		AEYP01112105.1		
musFur1:AEYP01112106	AEYP01112106		AEYP01112106.1		
musFur1:AEYP01112107	AEYP01112107		AEYP01112107.1		
musFur1:AEYP01112108	AEYP01112108		AEYP01112108.1		
musFur1:AEYP01112109	AEYP01112109		AEYP01112109.1		
musFur1:AEYP01112110	AEYP01112110		AEYP01112110.1		
musFur1:AEYP01112111	AEYP01112111		AEYP01112111.1		
musFur1:AEYP01112112	AEYP01112112		AEYP01112112.1		
musFur1:AEYP01112113	AEYP01112113		AEYP01112113.1		
musFur1:AEYP01112114	AEYP01112114		AEYP01112114.1		
musFur1:AEYP01112115	AEYP01112115		AEYP01112115.1		
musFur1:AEYP01112116	AEYP01112116		AEYP01112116.1		
musFur1:AEYP01112117	AEYP01112117		AEYP01112117.1		
musFur1:AEYP01112118	AEYP01112118		AEYP01112118.1		
musFur1:AEYP01112119	AEYP01112119		AEYP01112119.1		
musFur1:AEYP01112120	AEYP01112120		AEYP01112120.1		
musFur1:AEYP01112121	AEYP01112121		AEYP01112121.1		
musFur1:AEYP01112122	AEYP01112122		AEYP01112122.1		
musFur1:AEYP01112123	AEYP01112123		AEYP01112123.1		
musFur1:AEYP01112124	AEYP01112124		AEYP01112124.1		
musFur1:AEYP01112125	AEYP01112125		AEYP01112125.1		
musFur1:AEYP01112126	AEYP01112126		AEYP01112126.1		
musFur1:AEYP01112127	AEYP01112127		AEYP01112127.1		
musFur1:AEYP01112128	AEYP01112128		AEYP01112128.1		
musFur1:AEYP01112129	AEYP01112129		AEYP01112129.1		
musFur1:AEYP01112130	AEYP01112130		AEYP01112130.1		
musFur1:AEYP01112131	AEYP01112131		AEYP01112131.1		
musFur1:AEYP01112132	AEYP01112132		AEYP01112132.1		
musFur1:AEYP01112133	AEYP01112133		AEYP01112133.1		
musFur1:AEYP01112134	AEYP01112134		AEYP01112134.1		
musFur1:AEYP01112135	AEYP01112135		AEYP01112135.1		
musFur1:AEYP01112137	AEYP01112137		AEYP01112137.1		
musFur1:AEYP01112138	AEYP01112138		AEYP01112138.1		
musFur1:AEYP01112139	AEYP01112139		AEYP01112139.1		
musFur1:AEYP01112140	AEYP01112140		AEYP01112140.1		
musFur1:AEYP01112141	AEYP01112141		AEYP01112141.1		
musFur1:AEYP01112142	AEYP01112142		AEYP01112142.1		
musFur1:AEYP01112143	AEYP01112143		AEYP01112143.1		
musFur1:AEYP01112144	AEYP01112144		AEYP01112144.1		
musFur1:AEYP01112145	AEYP01112145		AEYP01112145.1		
musFur1:AEYP01112146	AEYP01112146		AEYP01112146.1		
musFur1:AEYP01112147	AEYP01112147		AEYP01112147.1		
musFur1:AEYP01112148	AEYP01112148		AEYP01112148.1		
musFur1:AEYP01112149	AEYP01112149		AEYP01112149.1		
musFur1:AEYP01112150	AEYP01112150		AEYP01112150.1		
musFur1:AEYP01112151	AEYP01112151		AEYP01112151.1		
musFur1:AEYP01112152	AEYP01112152		AEYP01112152.1		
musFur1:AEYP01112153	AEYP01112153		AEYP01112153.1		
musFur1:AEYP01112154	AEYP01112154		AEYP01112154.1		
musFur1:AEYP01112155	AEYP01112155		AEYP01112155.1		
musFur1:AEYP01112156	AEYP01112156		AEYP01112156.1		
musFur1:AEYP01112157	AEYP01112157		AEYP01112157.1		
musFur1:AEYP01112158	AEYP01112158		AEYP01112158.1		
musFur1:AEYP01112159	AEYP01112159		AEYP01112159.1		
musFur1:AEYP01112160	AEYP01112160		AEYP01112160.1		
musFur1:AEYP01112161	AEYP01112161		AEYP01112161.1		
musFur1:AEYP01112162	AEYP01112162		AEYP01112162.1		
musFur1:AEYP01112163	AEYP01112163		AEYP01112163.1		
musFur1:AEYP01112164	AEYP01112164		AEYP01112164.1		
musFur1:AEYP01112165	AEYP01112165		AEYP01112165.1		
musFur1:AEYP01112166	AEYP01112166		AEYP01112166.1		
musFur1:AEYP01112167	AEYP01112167		AEYP01112167.1		
musFur1:AEYP01112168	AEYP01112168		AEYP01112168.1		
musFur1:AEYP01112169	AEYP01112169		AEYP01112169.1		
musFur1:AEYP01112170	AEYP01112170		AEYP01112170.1		
musFur1:AEYP01112171	AEYP01112171		AEYP01112171.1		
musFur1:AEYP01112172	AEYP01112172		AEYP01112172.1		
musFur1:AEYP01112173	AEYP01112173		AEYP01112173.1		
musFur1:AEYP01112174	AEYP01112174		AEYP01112174.1		
musFur1:AEYP01112175	AEYP01112175		AEYP01112175.1		
musFur1:AEYP01112176	AEYP01112176		AEYP01112176.1		
musFur1:AEYP01112177	AEYP01112177		AEYP01112177.1		
musFur1:AEYP01112178	AEYP01112178		AEYP01112178.1		
musFur1:AEYP01112179	AEYP01112179		AEYP01112179.1		
musFur1:AEYP01112180	AEYP01112180		AEYP01112180.1		
musFur1:AEYP01112181	AEYP01112181		AEYP01112181.1		
musFur1:AEYP01112182	AEYP01112182		AEYP01112182.1		
musFur1:AEYP01112183	AEYP01112183		AEYP01112183.1		
musFur1:AEYP01112184	AEYP01112184		AEYP01112184.1		
musFur1:AEYP01112185	AEYP01112185		AEYP01112185.1		
musFur1:AEYP01112186	AEYP01112186		AEYP01112186.1		
musFur1:AEYP01112187	AEYP01112187		AEYP01112187.1		
musFur1:AEYP01112189	AEYP01112189		AEYP01112189.1		
musFur1:AEYP01112190	AEYP01112190		AEYP01112190.1		
musFur1:AEYP01112191	AEYP01112191		AEYP01112191.1		
musFur1:AEYP01112192	AEYP01112192		AEYP01112192.1		
musFur1:AEYP01112193	AEYP01112193		AEYP01112193.1		
musFur1:AEYP01112194	AEYP01112194		AEYP01112194.1		
musFur1:AEYP01112195	AEYP01112195		AEYP01112195.1		
musFur1:AEYP01112196	AEYP01112196		AEYP01112196.1		
musFur1:AEYP01112197	AEYP01112197		AEYP01112197.1		
musFur1:AEYP01112198	AEYP01112198		AEYP01112198.1		
musFur1:AEYP01112199	AEYP01112199		AEYP01112199.1		
musFur1:AEYP01112200	AEYP01112200		AEYP01112200.1		
musFur1:AEYP01112201	AEYP01112201		AEYP01112201.1		
musFur1:AEYP01112202	AEYP01112202		AEYP01112202.1		
musFur1:AEYP01112203	AEYP01112203		AEYP01112203.1		
musFur1:AEYP01112204	AEYP01112204		AEYP01112204.1		
musFur1:AEYP01112205	AEYP01112205		AEYP01112205.1		
musFur1:AEYP01112206	AEYP01112206		AEYP01112206.1		
musFur1:AEYP01112207	AEYP01112207		AEYP01112207.1		
musFur1:AEYP01112208	AEYP01112208		AEYP01112208.1		
musFur1:AEYP01112209	AEYP01112209		AEYP01112209.1		
musFur1:AEYP01112210	AEYP01112210		AEYP01112210.1		
musFur1:AEYP01112211	AEYP01112211		AEYP01112211.1		
musFur1:AEYP01112212	AEYP01112212		AEYP01112212.1		
musFur1:AEYP01112213	AEYP01112213		AEYP01112213.1		
musFur1:AEYP01112214	AEYP01112214		AEYP01112214.1		
musFur1:AEYP01112215	AEYP01112215		AEYP01112215.1		
musFur1:AEYP01112217	AEYP01112217		AEYP01112217.1		
musFur1:AEYP01112218	AEYP01112218		AEYP01112218.1		
musFur1:AEYP01112219	AEYP01112219		AEYP01112219.1		
musFur1:AEYP01112220	AEYP01112220		AEYP01112220.1		
musFur1:AEYP01112221	AEYP01112221		AEYP01112221.1		
musFur1:AEYP01112222	AEYP01112222		AEYP01112222.1		
musFur1:AEYP01112223	AEYP01112223		AEYP01112223.1		
musFur1:AEYP01112224	AEYP01112224		AEYP01112224.1		
musFur1:AEYP01112225	AEYP01112225		AEYP01112225.1		
musFur1:AEYP01112226	AEYP01112226		AEYP01112226.1		
musFur1:AEYP01112227	AEYP01112227		AEYP01112227.1		
musFur1:AEYP01112228	AEYP01112228		AEYP01112228.1		
musFur1:AEYP01112229	AEYP01112229		AEYP01112229.1		
musFur1:AEYP01112230	AEYP01112230		AEYP01112230.1		
musFur1:AEYP01112231	AEYP01112231		AEYP01112231.1		
musFur1:AEYP01112232	AEYP01112232		AEYP01112232.1		
musFur1:AEYP01112233	AEYP01112233		AEYP01112233.1		
musFur1:AEYP01112234	AEYP01112234		AEYP01112234.1		
musFur1:AEYP01112235	AEYP01112235		AEYP01112235.1		
musFur1:AEYP01112236	AEYP01112236		AEYP01112236.1		
musFur1:AEYP01112237	AEYP01112237		AEYP01112237.1		
musFur1:AEYP01112238	AEYP01112238		AEYP01112238.1		
musFur1:AEYP01112239	AEYP01112239		AEYP01112239.1		
musFur1:AEYP01112240	AEYP01112240		AEYP01112240.1		
musFur1:AEYP01112241	AEYP01112241		AEYP01112241.1		
musFur1:AEYP01112242	AEYP01112242		AEYP01112242.1		
musFur1:AEYP01112243	AEYP01112243		AEYP01112243.1		
musFur1:AEYP01112244	AEYP01112244		AEYP01112244.1		
musFur1:AEYP01112245	AEYP01112245		AEYP01112245.1		
musFur1:AEYP01112246	AEYP01112246		AEYP01112246.1		
musFur1:AEYP01112247	AEYP01112247		AEYP01112247.1		
musFur1:AEYP01112249	AEYP01112249		AEYP01112249.1		
musFur1:AEYP01112250	AEYP01112250		AEYP01112250.1		
musFur1:AEYP01112251	AEYP01112251		AEYP01112251.1		
musFur1:AEYP01112252	AEYP01112252		AEYP01112252.1		
musFur1:AEYP01112253	AEYP01112253		AEYP01112253.1		
musFur1:AEYP01112254	AEYP01112254		AEYP01112254.1		
musFur1:AEYP01112255	AEYP01112255		AEYP01112255.1		
musFur1:AEYP01112256	AEYP01112256		AEYP01112256.1		
musFur1:AEYP01112257	AEYP01112257		AEYP01112257.1		
musFur1:AEYP01112258	AEYP01112258		AEYP01112258.1		
musFur1:AEYP01112259	AEYP01112259		AEYP01112259.1		
musFur1:AEYP01112260	AEYP01112260		AEYP01112260.1		
musFur1:AEYP01112261	AEYP01112261		AEYP01112261.1		
musFur1:AEYP01112262	AEYP01112262		AEYP01112262.1		
musFur1:AEYP01112263	AEYP01112263		AEYP01112263.1		
musFur1:AEYP01112264	AEYP01112264		AEYP01112264.1		
musFur1:AEYP01112265	AEYP01112265		AEYP01112265.1		
musFur1:AEYP01112266	AEYP01112266		AEYP01112266.1		
musFur1:AEYP01112267	AEYP01112267		AEYP01112267.1		
musFur1:AEYP01112268	AEYP01112268		AEYP01112268.1		
musFur1:AEYP01112269	AEYP01112269		AEYP01112269.1		
musFur1:AEYP01112270	AEYP01112270		AEYP01112270.1		
musFur1:AEYP01112271	AEYP01112271		AEYP01112271.1		
musFur1:AEYP01112272	AEYP01112272		AEYP01112272.1		
musFur1:AEYP01112273	AEYP01112273		AEYP01112273.1		
musFur1:AEYP01112274	AEYP01112274		AEYP01112274.1		
musFur1:AEYP01112275	AEYP01112275		AEYP01112275.1		
musFur1:AEYP01112276	AEYP01112276		AEYP01112276.1		
musFur1:AEYP01112277	AEYP01112277		AEYP01112277.1		
musFur1:AEYP01112278	AEYP01112278		AEYP01112278.1		
musFur1:AEYP01112279	AEYP01112279		AEYP01112279.1		
musFur1:AEYP01112280	AEYP01112280		AEYP01112280.1		
musFur1:AEYP01112281	AEYP01112281		AEYP01112281.1		
musFur1:AEYP01112282	AEYP01112282		AEYP01112282.1		
musFur1:AEYP01112283	AEYP01112283		AEYP01112283.1		
musFur1:AEYP01112284	AEYP01112284		AEYP01112284.1		
musFur1:AEYP01112285	AEYP01112285		AEYP01112285.1		
musFur1:AEYP01112286	AEYP01112286		AEYP01112286.1		
musFur1:AEYP01112287	AEYP01112287		AEYP01112287.1		
musFur1:AEYP01112288	AEYP01112288		AEYP01112288.1		
musFur1:AEYP01112289	AEYP01112289		AEYP01112289.1		
musFur1:AEYP01112290	AEYP01112290		AEYP01112290.1		
musFur1:AEYP01112291	AEYP01112291		AEYP01112291.1		
musFur1:AEYP01112292	AEYP01112292		AEYP01112292.1		
musFur1:AEYP01112293	AEYP01112293		AEYP01112293.1		
musFur1:AEYP01112294	AEYP01112294		AEYP01112294.1		
musFur1:AEYP01112296	AEYP01112296		AEYP01112296.1		
musFur1:AEYP01112297	AEYP01112297		AEYP01112297.1		
musFur1:AEYP01112298	AEYP01112298		AEYP01112298.1		
musFur1:AEYP01112299	AEYP01112299		AEYP01112299.1		
musFur1:AEYP01112300	AEYP01112300		AEYP01112300.1		
musFur1:AEYP01112301	AEYP01112301		AEYP01112301.1		
musFur1:AEYP01112302	AEYP01112302		AEYP01112302.1		
musFur1:AEYP01112303	AEYP01112303		AEYP01112303.1		
musFur1:AEYP01112304	AEYP01112304		AEYP01112304.1		
musFur1:AEYP01112305	AEYP01112305		AEYP01112305.1		
musFur1:AEYP01112306	AEYP01112306		AEYP01112306.1		
musFur1:AEYP01112307	AEYP01112307		AEYP01112307.1		
musFur1:AEYP01112308	AEYP01112308		AEYP01112308.1		
musFur1:AEYP01112309	AEYP01112309		AEYP01112309.1		
musFur1:AEYP01112310	AEYP01112310		AEYP01112310.1		
musFur1:AEYP01112311	AEYP01112311		AEYP01112311.1		
musFur1:AEYP01112313	AEYP01112313		AEYP01112313.1		
musFur1:AEYP01112314	AEYP01112314		AEYP01112314.1		
musFur1:AEYP01112315	AEYP01112315		AEYP01112315.1		
musFur1:AEYP01112316	AEYP01112316		AEYP01112316.1		
musFur1:AEYP01112317	AEYP01112317		AEYP01112317.1		
musFur1:AEYP01112318	AEYP01112318		AEYP01112318.1		
musFur1:AEYP01112319	AEYP01112319		AEYP01112319.1		
musFur1:AEYP01112320	AEYP01112320		AEYP01112320.1		
musFur1:AEYP01112321	AEYP01112321		AEYP01112321.1		
musFur1:AEYP01112322	AEYP01112322		AEYP01112322.1		
musFur1:AEYP01112324	AEYP01112324		AEYP01112324.1		
musFur1:AEYP01112325	AEYP01112325		AEYP01112325.1		
musFur1:AEYP01112326	AEYP01112326		AEYP01112326.1		
musFur1:AEYP01112327	AEYP01112327		AEYP01112327.1		
musFur1:AEYP01112328	AEYP01112328		AEYP01112328.1		
musFur1:AEYP01112329	AEYP01112329		AEYP01112329.1		
musFur1:AEYP01112331	AEYP01112331		AEYP01112331.1		
musFur1:AEYP01112332	AEYP01112332		AEYP01112332.1		
musFur1:AEYP01112333	AEYP01112333		AEYP01112333.1		
musFur1:AEYP01112334	AEYP01112334		AEYP01112334.1		
musFur1:AEYP01112335	AEYP01112335		AEYP01112335.1		
musFur1:AEYP01112336	AEYP01112336		AEYP01112336.1		
musFur1:AEYP01112337	AEYP01112337		AEYP01112337.1		
musFur1:AEYP01112338	AEYP01112338		AEYP01112338.1		
musFur1:AEYP01112339	AEYP01112339		AEYP01112339.1		
musFur1:AEYP01112340	AEYP01112340		AEYP01112340.1		
musFur1:AEYP01112341	AEYP01112341		AEYP01112341.1		
musFur1:AEYP01112342	AEYP01112342		AEYP01112342.1		
musFur1:AEYP01112343	AEYP01112343		AEYP01112343.1		
musFur1:AEYP01112344	AEYP01112344		AEYP01112344.1		
musFur1:AEYP01112345	AEYP01112345		AEYP01112345.1		
musFur1:AEYP01112346	AEYP01112346		AEYP01112346.1		
musFur1:AEYP01112347	AEYP01112347		AEYP01112347.1		
musFur1:AEYP01112348	AEYP01112348		AEYP01112348.1		
musFur1:AEYP01112349	AEYP01112349		AEYP01112349.1		
musFur1:AEYP01112350	AEYP01112350		AEYP01112350.1		
musFur1:AEYP01112351	AEYP01112351		AEYP01112351.1		
musFur1:AEYP01112352	AEYP01112352		AEYP01112352.1		
musFur1:AEYP01112353	AEYP01112353		AEYP01112353.1		
musFur1:AEYP01112354	AEYP01112354		AEYP01112354.1		
musFur1:AEYP01112355	AEYP01112355		AEYP01112355.1		
musFur1:AEYP01112356	AEYP01112356		AEYP01112356.1		
musFur1:AEYP01112357	AEYP01112357		AEYP01112357.1		
musFur1:AEYP01112358	AEYP01112358		AEYP01112358.1		
musFur1:AEYP01112359	AEYP01112359		AEYP01112359.1		
musFur1:AEYP01112360	AEYP01112360		AEYP01112360.1		
musFur1:AEYP01112362	AEYP01112362		AEYP01112362.1		
musFur1:AEYP01112363	AEYP01112363		AEYP01112363.1		
musFur1:AEYP01112364	AEYP01112364		AEYP01112364.1		
musFur1:AEYP01112365	AEYP01112365		AEYP01112365.1		
musFur1:AEYP01112366	AEYP01112366		AEYP01112366.1		
musFur1:AEYP01112367	AEYP01112367		AEYP01112367.1		
musFur1:AEYP01112368	AEYP01112368		AEYP01112368.1		
musFur1:AEYP01112369	AEYP01112369		AEYP01112369.1		
musFur1:AEYP01112370	AEYP01112370		AEYP01112370.1		
musFur1:AEYP01112371	AEYP01112371		AEYP01112371.1		
musFur1:AEYP01112372	AEYP01112372		AEYP01112372.1		
musFur1:AEYP01112373	AEYP01112373		AEYP01112373.1		
musFur1:AEYP01112374	AEYP01112374		AEYP01112374.1		
musFur1:AEYP01112375	AEYP01112375		AEYP01112375.1		
musFur1:AEYP01112376	AEYP01112376		AEYP01112376.1		
musFur1:AEYP01112377	AEYP01112377		AEYP01112377.1		
musFur1:AEYP01112378	AEYP01112378		AEYP01112378.1		
musFur1:AEYP01112379	AEYP01112379		AEYP01112379.1		
musFur1:AEYP01112380	AEYP01112380		AEYP01112380.1		
musFur1:AEYP01112381	AEYP01112381		AEYP01112381.1		
musFur1:AEYP01112382	AEYP01112382		AEYP01112382.1		
musFur1:AEYP01112383	AEYP01112383		AEYP01112383.1		
musFur1:AEYP01112384	AEYP01112384		AEYP01112384.1		
musFur1:AEYP01112385	AEYP01112385		AEYP01112385.1		
musFur1:AEYP01112386	AEYP01112386		AEYP01112386.1		
musFur1:AEYP01112387	AEYP01112387		AEYP01112387.1		
musFur1:AEYP01112388	AEYP01112388		AEYP01112388.1		
musFur1:AEYP01112389	AEYP01112389		AEYP01112389.1		
musFur1:AEYP01112390	AEYP01112390		AEYP01112390.1		
musFur1:AEYP01112391	AEYP01112391		AEYP01112391.1		
musFur1:AEYP01112392	AEYP01112392		AEYP01112392.1		
musFur1:AEYP01112393	AEYP01112393		AEYP01112393.1		
musFur1:AEYP01112394	AEYP01112394		AEYP01112394.1		
musFur1:AEYP01112395	AEYP01112395		AEYP01112395.1		
musFur1:AEYP01112396	AEYP01112396		AEYP01112396.1		
musFur1:AEYP01112397	AEYP01112397		AEYP01112397.1		
musFur1:AEYP01112398	AEYP01112398		AEYP01112398.1		
musFur1:AEYP01112399	AEYP01112399		AEYP01112399.1		
musFur1:AEYP01112400	AEYP01112400		AEYP01112400.1		
musFur1:AEYP01112401	AEYP01112401		AEYP01112401.1		
musFur1:AEYP01112402	AEYP01112402		AEYP01112402.1		
musFur1:AEYP01112403	AEYP01112403		AEYP01112403.1		
musFur1:AEYP01112404	AEYP01112404		AEYP01112404.1		
musFur1:AEYP01112405	AEYP01112405		AEYP01112405.1		
musFur1:AEYP01112406	AEYP01112406		AEYP01112406.1		
musFur1:AEYP01112407	AEYP01112407		AEYP01112407.1		
musFur1:AEYP01112408	AEYP01112408		AEYP01112408.1		
musFur1:AEYP01112409	AEYP01112409		AEYP01112409.1		
musFur1:AEYP01112410	AEYP01112410		AEYP01112410.1		
musFur1:AEYP01112411	AEYP01112411		AEYP01112411.1		
musFur1:AEYP01112412	AEYP01112412		AEYP01112412.1		
musFur1:AEYP01112413	AEYP01112413		AEYP01112413.1		
musFur1:AEYP01112414	AEYP01112414		AEYP01112414.1		
musFur1:AEYP01112415	AEYP01112415		AEYP01112415.1		
musFur1:AEYP01112416	AEYP01112416		AEYP01112416.1		
musFur1:AEYP01112417	AEYP01112417		AEYP01112417.1		
musFur1:AEYP01112418	AEYP01112418		AEYP01112418.1		
musFur1:AEYP01112419	AEYP01112419		AEYP01112419.1		
musFur1:AEYP01112420	AEYP01112420		AEYP01112420.1		
musFur1:AEYP01112421	AEYP01112421		AEYP01112421.1		
musFur1:AEYP01112422	AEYP01112422		AEYP01112422.1		
musFur1:AEYP01112423	AEYP01112423		AEYP01112423.1		
musFur1:AEYP01112424	AEYP01112424		AEYP01112424.1		
musFur1:AEYP01112425	AEYP01112425		AEYP01112425.1		
musFur1:AEYP01112426	AEYP01112426		AEYP01112426.1		
musFur1:AEYP01112427	AEYP01112427		AEYP01112427.1		
musFur1:AEYP01112428	AEYP01112428		AEYP01112428.1		
musFur1:AEYP01112429	AEYP01112429		AEYP01112429.1		
musFur1:AEYP01112430	AEYP01112430		AEYP01112430.1		
musFur1:AEYP01112431	AEYP01112431		AEYP01112431.1		
musFur1:AEYP01112432	AEYP01112432		AEYP01112432.1		
musFur1:AEYP01112433	AEYP01112433		AEYP01112433.1		
musFur1:AEYP01112435	AEYP01112435		AEYP01112435.1		
musFur1:AEYP01112436	AEYP01112436		AEYP01112436.1		
musFur1:AEYP01112437	AEYP01112437		AEYP01112437.1		
musFur1:AEYP01112438	AEYP01112438		AEYP01112438.1		
musFur1:AEYP01112439	AEYP01112439		AEYP01112439.1		
musFur1:AEYP01112440	AEYP01112440		AEYP01112440.1		
musFur1:AEYP01112441	AEYP01112441		AEYP01112441.1		
musFur1:AEYP01112442	AEYP01112442		AEYP01112442.1		
musFur1:AEYP01112443	AEYP01112443		AEYP01112443.1		
musFur1:AEYP01112444	AEYP01112444		AEYP01112444.1		
musFur1:AEYP01112445	AEYP01112445		AEYP01112445.1		
musFur1:AEYP01112446	AEYP01112446		AEYP01112446.1		
musFur1:AEYP01112447	AEYP01112447		AEYP01112447.1		
musFur1:AEYP01112448	AEYP01112448		AEYP01112448.1		
musFur1:AEYP01112449	AEYP01112449		AEYP01112449.1		
musFur1:AEYP01112450	AEYP01112450		AEYP01112450.1		
musFur1:AEYP01112451	AEYP01112451		AEYP01112451.1		
musFur1:AEYP01112452	AEYP01112452		AEYP01112452.1		
musFur1:AEYP01112453	AEYP01112453		AEYP01112453.1		
musFur1:AEYP01112454	AEYP01112454		AEYP01112454.1		
musFur1:AEYP01112455	AEYP01112455		AEYP01112455.1		
musFur1:AEYP01112456	AEYP01112456		AEYP01112456.1		
musFur1:AEYP01112457	AEYP01112457		AEYP01112457.1		
musFur1:AEYP01112458	AEYP01112458		AEYP01112458.1		
musFur1:AEYP01112459	AEYP01112459		AEYP01112459.1		
musFur1:AEYP01112460	AEYP01112460		AEYP01112460.1		
musFur1:AEYP01112461	AEYP01112461		AEYP01112461.1		
musFur1:AEYP01112462	AEYP01112462		AEYP01112462.1		
musFur1:AEYP01112463	AEYP01112463		AEYP01112463.1		
musFur1:AEYP01112464	AEYP01112464		AEYP01112464.1		
musFur1:AEYP01112465	AEYP01112465		AEYP01112465.1		
musFur1:AEYP01112466	AEYP01112466		AEYP01112466.1		
musFur1:AEYP01112467	AEYP01112467		AEYP01112467.1		
musFur1:AEYP01112468	AEYP01112468		AEYP01112468.1		
musFur1:AEYP01112469	AEYP01112469		AEYP01112469.1		
musFur1:AEYP01112470	AEYP01112470		AEYP01112470.1		
musFur1:AEYP01112471	AEYP01112471		AEYP01112471.1		
musFur1:AEYP01112472	AEYP01112472		AEYP01112472.1		
musFur1:AEYP01112473	AEYP01112473		AEYP01112473.1		
musFur1:AEYP01112474	AEYP01112474		AEYP01112474.1		
musFur1:AEYP01112475	AEYP01112475		AEYP01112475.1		
musFur1:AEYP01112476	AEYP01112476		AEYP01112476.1		
musFur1:AEYP01112477	AEYP01112477		AEYP01112477.1		
musFur1:AEYP01112478	AEYP01112478		AEYP01112478.1		
musFur1:AEYP01112479	AEYP01112479		AEYP01112479.1		
musFur1:AEYP01112480	AEYP01112480		AEYP01112480.1		
musFur1:AEYP01112481	AEYP01112481		AEYP01112481.1		
musFur1:AEYP01112482	AEYP01112482		AEYP01112482.1		
musFur1:AEYP01112483	AEYP01112483		AEYP01112483.1		
musFur1:AEYP01112484	AEYP01112484		AEYP01112484.1		
musFur1:AEYP01112485	AEYP01112485		AEYP01112485.1		
musFur1:AEYP01112486	AEYP01112486		AEYP01112486.1		
musFur1:AEYP01112487	AEYP01112487		AEYP01112487.1		
musFur1:AEYP01112488	AEYP01112488		AEYP01112488.1		
musFur1:AEYP01112489	AEYP01112489		AEYP01112489.1		
musFur1:AEYP01112490	AEYP01112490		AEYP01112490.1		
musFur1:AEYP01112491	AEYP01112491		AEYP01112491.1		
musFur1:AEYP01112492	AEYP01112492		AEYP01112492.1		
musFur1:AEYP01112493	AEYP01112493		AEYP01112493.1		
musFur1:AEYP01112494	AEYP01112494		AEYP01112494.1		
musFur1:AEYP01112495	AEYP01112495		AEYP01112495.1		
musFur1:AEYP01112496	AEYP01112496		AEYP01112496.1		
musFur1:AEYP01112497	AEYP01112497		AEYP01112497.1		
musFur1:AEYP01112498	AEYP01112498		AEYP01112498.1		
musFur1:AEYP01112499	AEYP01112499		AEYP01112499.1		
musFur1:AEYP01112500	AEYP01112500		AEYP01112500.1		
musFur1:AEYP01112501	AEYP01112501		AEYP01112501.1		
musFur1:AEYP01112502	AEYP01112502		AEYP01112502.1		
musFur1:AEYP01112503	AEYP01112503		AEYP01112503.1		
musFur1:AEYP01112504	AEYP01112504		AEYP01112504.1		
musFur1:AEYP01112505	AEYP01112505		AEYP01112505.1		
musFur1:AEYP01112506	AEYP01112506		AEYP01112506.1		
musFur1:AEYP01112507	AEYP01112507		AEYP01112507.1		
musFur1:AEYP01112508	AEYP01112508		AEYP01112508.1		
musFur1:AEYP01112509	AEYP01112509		AEYP01112509.1		
musFur1:AEYP01112510	AEYP01112510		AEYP01112510.1		
musFur1:AEYP01112511	AEYP01112511		AEYP01112511.1		
musFur1:AEYP01112512	AEYP01112512		AEYP01112512.1		
musFur1:AEYP01112513	AEYP01112513		AEYP01112513.1		
musFur1:AEYP01112514	AEYP01112514		AEYP01112514.1		
musFur1:AEYP01112515	AEYP01112515		AEYP01112515.1		
musFur1:AEYP01112516	AEYP01112516		AEYP01112516.1		
musFur1:AEYP01112517	AEYP01112517		AEYP01112517.1		
musFur1:AEYP01112518	AEYP01112518		AEYP01112518.1		
musFur1:AEYP01112519	AEYP01112519		AEYP01112519.1		
musFur1:AEYP01112520	AEYP01112520		AEYP01112520.1		
musFur1:AEYP01112521	AEYP01112521		AEYP01112521.1		
musFur1:AEYP01112522	AEYP01112522		AEYP01112522.1		
musFur1:AEYP01112523	AEYP01112523		AEYP01112523.1		
musFur1:AEYP01112524	AEYP01112524		AEYP01112524.1		
musFur1:AEYP01112525	AEYP01112525		AEYP01112525.1		
musFur1:AEYP01112526	AEYP01112526		AEYP01112526.1		
musFur1:AEYP01112527	AEYP01112527		AEYP01112527.1		
musFur1:AEYP01112528	AEYP01112528		AEYP01112528.1		
musFur1:AEYP01112529	AEYP01112529		AEYP01112529.1		
musFur1:AEYP01112530	AEYP01112530		AEYP01112530.1		
musFur1:AEYP01112531	AEYP01112531		AEYP01112531.1		
musFur1:AEYP01112532	AEYP01112532		AEYP01112532.1		
musFur1:AEYP01112533	AEYP01112533		AEYP01112533.1		
musFur1:AEYP01112534	AEYP01112534		AEYP01112534.1		
musFur1:AEYP01112535	AEYP01112535		AEYP01112535.1		
musFur1:AEYP01112536	AEYP01112536		AEYP01112536.1		
musFur1:AEYP01112537	AEYP01112537		AEYP01112537.1		
musFur1:AEYP01112539	AEYP01112539		AEYP01112539.1		
musFur1:AEYP01112540	AEYP01112540		AEYP01112540.1		
musFur1:AEYP01112541	AEYP01112541		AEYP01112541.1		
musFur1:AEYP01112542	AEYP01112542		AEYP01112542.1		
musFur1:AEYP01112543	AEYP01112543		AEYP01112543.1		
musFur1:AEYP01112544	AEYP01112544		AEYP01112544.1		
musFur1:AEYP01112545	AEYP01112545		AEYP01112545.1		
musFur1:AEYP01112546	AEYP01112546		AEYP01112546.1		
musFur1:AEYP01112547	AEYP01112547		AEYP01112547.1		
musFur1:AEYP01112548	AEYP01112548		AEYP01112548.1		
musFur1:AEYP01112549	AEYP01112549		AEYP01112549.1		
musFur1:AEYP01112550	AEYP01112550		AEYP01112550.1		
musFur1:AEYP01112551	AEYP01112551		AEYP01112551.1		
musFur1:AEYP01112552	AEYP01112552		AEYP01112552.1		
musFur1:AEYP01112553	AEYP01112553		AEYP01112553.1		
musFur1:AEYP01112554	AEYP01112554		AEYP01112554.1		
musFur1:AEYP01112555	AEYP01112555		AEYP01112555.1		
musFur1:AEYP01112556	AEYP01112556		AEYP01112556.1		
musFur1:AEYP01112557	AEYP01112557		AEYP01112557.1		
musFur1:AEYP01112558	AEYP01112558		AEYP01112558.1		
musFur1:AEYP01112559	AEYP01112559		AEYP01112559.1		
musFur1:AEYP01112560	AEYP01112560		AEYP01112560.1		
musFur1:AEYP01112561	AEYP01112561		AEYP01112561.1		
musFur1:AEYP01112562	AEYP01112562		AEYP01112562.1		
musFur1:AEYP01112563	AEYP01112563		AEYP01112563.1		
musFur1:AEYP01112564	AEYP01112564		AEYP01112564.1		
musFur1:AEYP01112565	AEYP01112565		AEYP01112565.1		
musFur1:AEYP01112566	AEYP01112566		AEYP01112566.1		
musFur1:AEYP01112567	AEYP01112567		AEYP01112567.1		
musFur1:AEYP01112568	AEYP01112568		AEYP01112568.1		
musFur1:AEYP01112569	AEYP01112569		AEYP01112569.1		
musFur1:AEYP01112570	AEYP01112570		AEYP01112570.1		
musFur1:AEYP01112571	AEYP01112571		AEYP01112571.1		
musFur1:AEYP01112572	AEYP01112572		AEYP01112572.1		
musFur1:AEYP01112573	AEYP01112573		AEYP01112573.1		
musFur1:AEYP01112574	AEYP01112574		AEYP01112574.1		
musFur1:AEYP01112575	AEYP01112575		AEYP01112575.1		
musFur1:AEYP01112576	AEYP01112576		AEYP01112576.1		
musFur1:AEYP01112577	AEYP01112577		AEYP01112577.1		
musFur1:AEYP01112578	AEYP01112578		AEYP01112578.1		
musFur1:AEYP01112579	AEYP01112579		AEYP01112579.1		
musFur1:AEYP01112580	AEYP01112580		AEYP01112580.1		
musFur1:AEYP01112581	AEYP01112581		AEYP01112581.1		
musFur1:AEYP01112582	AEYP01112582		AEYP01112582.1		
musFur1:AEYP01112583	AEYP01112583		AEYP01112583.1		
musFur1:AEYP01112584	AEYP01112584		AEYP01112584.1		
musFur1:AEYP01112585	AEYP01112585		AEYP01112585.1		
musFur1:AEYP01112586	AEYP01112586		AEYP01112586.1		
musFur1:AEYP01112587	AEYP01112587		AEYP01112587.1		
musFur1:AEYP01112588	AEYP01112588		AEYP01112588.1		
musFur1:AEYP01112589	AEYP01112589		AEYP01112589.1		
musFur1:AEYP01112590	AEYP01112590		AEYP01112590.1		
musFur1:AEYP01112591	AEYP01112591		AEYP01112591.1		
musFur1:AEYP01112592	AEYP01112592		AEYP01112592.1		
musFur1:AEYP01112593	AEYP01112593		AEYP01112593.1		
musFur1:AEYP01112594	AEYP01112594		AEYP01112594.1		
musFur1:AEYP01112595	AEYP01112595		AEYP01112595.1		
musFur1:AEYP01112596	AEYP01112596		AEYP01112596.1		
musFur1:AEYP01112597	AEYP01112597		AEYP01112597.1		
musFur1:AEYP01112598	AEYP01112598		AEYP01112598.1		
musFur1:AEYP01112599	AEYP01112599		AEYP01112599.1		
musFur1:AEYP01112600	AEYP01112600		AEYP01112600.1		
musFur1:AEYP01112601	AEYP01112601		AEYP01112601.1		
musFur1:AEYP01112602	AEYP01112602		AEYP01112602.1		
musFur1:AEYP01112603	AEYP01112603		AEYP01112603.1		
musFur1:AEYP01112604	AEYP01112604		AEYP01112604.1		
musFur1:AEYP01112605	AEYP01112605		AEYP01112605.1		
musFur1:AEYP01112606	AEYP01112606		AEYP01112606.1		
musFur1:AEYP01112607	AEYP01112607		AEYP01112607.1		
musFur1:AEYP01112608	AEYP01112608		AEYP01112608.1		
musFur1:AEYP01112609	AEYP01112609		AEYP01112609.1		
musFur1:AEYP01112610	AEYP01112610		AEYP01112610.1		
musFur1:AEYP01112611	AEYP01112611		AEYP01112611.1		
musFur1:AEYP01112612	AEYP01112612		AEYP01112612.1		
musFur1:AEYP01112613	AEYP01112613		AEYP01112613.1		
musFur1:AEYP01112614	AEYP01112614		AEYP01112614.1		
musFur1:AEYP01112615	AEYP01112615		AEYP01112615.1		
musFur1:AEYP01112616	AEYP01112616		AEYP01112616.1		
musFur1:AEYP01112617	AEYP01112617		AEYP01112617.1		
musFur1:AEYP01112618	AEYP01112618		AEYP01112618.1		
musFur1:AEYP01112619	AEYP01112619		AEYP01112619.1		
musFur1:AEYP01112620	AEYP01112620		AEYP01112620.1		
musFur1:AEYP01112621	AEYP01112621		AEYP01112621.1		
musFur1:AEYP01112622	AEYP01112622		AEYP01112622.1		
musFur1:AEYP01112623	AEYP01112623		AEYP01112623.1		
musFur1:AEYP01112624	AEYP01112624		AEYP01112624.1		
musFur1:AEYP01112625	AEYP01112625		AEYP01112625.1		
musFur1:AEYP01112626	AEYP01112626		AEYP01112626.1		
musFur1:AEYP01112627	AEYP01112627		AEYP01112627.1		
musFur1:AEYP01112628	AEYP01112628		AEYP01112628.1		
musFur1:AEYP01112629	AEYP01112629		AEYP01112629.1		
musFur1:AEYP01112630	AEYP01112630		AEYP01112630.1		
musFur1:AEYP01112631	AEYP01112631		AEYP01112631.1		
musFur1:AEYP01112632	AEYP01112632		AEYP01112632.1		
musFur1:AEYP01112633	AEYP01112633		AEYP01112633.1		
musFur1:AEYP01112635	AEYP01112635		AEYP01112635.1		
musFur1:AEYP01112636	AEYP01112636		AEYP01112636.1		
musFur1:AEYP01112637	AEYP01112637		AEYP01112637.1		
musFur1:AEYP01112638	AEYP01112638		AEYP01112638.1		
musFur1:AEYP01112639	AEYP01112639		AEYP01112639.1		
musFur1:AEYP01112640	AEYP01112640		AEYP01112640.1		
musFur1:AEYP01112641	AEYP01112641		AEYP01112641.1		
musFur1:AEYP01112642	AEYP01112642		AEYP01112642.1		
musFur1:AEYP01112643	AEYP01112643		AEYP01112643.1		
musFur1:AEYP01112644	AEYP01112644		AEYP01112644.1		
musFur1:AEYP01112645	AEYP01112645		AEYP01112645.1		
musFur1:AEYP01112646	AEYP01112646		AEYP01112646.1		
musFur1:AEYP01112647	AEYP01112647		AEYP01112647.1		
musFur1:AEYP01112648	AEYP01112648		AEYP01112648.1		
musFur1:AEYP01112649	AEYP01112649		AEYP01112649.1		
musFur1:AEYP01112650	AEYP01112650		AEYP01112650.1		
musFur1:AEYP01112651	AEYP01112651		AEYP01112651.1		
musFur1:AEYP01112652	AEYP01112652		AEYP01112652.1		
musFur1:AEYP01112653	AEYP01112653		AEYP01112653.1		
musFur1:AEYP01112654	AEYP01112654		AEYP01112654.1		
musFur1:AEYP01112655	AEYP01112655		AEYP01112655.1		
musFur1:AEYP01112656	AEYP01112656		AEYP01112656.1		
musFur1:AEYP01112657	AEYP01112657		AEYP01112657.1		
musFur1:AEYP01112658	AEYP01112658		AEYP01112658.1		
musFur1:AEYP01112659	AEYP01112659		AEYP01112659.1		
musFur1:AEYP01112660	AEYP01112660		AEYP01112660.1		
musFur1:AEYP01112661	AEYP01112661		AEYP01112661.1		
musFur1:AEYP01112662	AEYP01112662		AEYP01112662.1		
musFur1:AEYP01112663	AEYP01112663		AEYP01112663.1		
musFur1:AEYP01112664	AEYP01112664		AEYP01112664.1		
musFur1:AEYP01112665	AEYP01112665		AEYP01112665.1		
musFur1:AEYP01112666	AEYP01112666		AEYP01112666.1		
musFur1:AEYP01112667	AEYP01112667		AEYP01112667.1		
musFur1:AEYP01112668	AEYP01112668		AEYP01112668.1		
musFur1:AEYP01112669	AEYP01112669		AEYP01112669.1		
musFur1:AEYP01112670	AEYP01112670		AEYP01112670.1		
musFur1:AEYP01112671	AEYP01112671		AEYP01112671.1		
musFur1:AEYP01112672	AEYP01112672		AEYP01112672.1		
musFur1:AEYP01112673	AEYP01112673		AEYP01112673.1		
musFur1:AEYP01112674	AEYP01112674		AEYP01112674.1		
musFur1:AEYP01112675	AEYP01112675		AEYP01112675.1		
musFur1:AEYP01112676	AEYP01112676		AEYP01112676.1		
musFur1:AEYP01112677	AEYP01112677		AEYP01112677.1		
musFur1:AEYP01112678	AEYP01112678		AEYP01112678.1		
musFur1:AEYP01112679	AEYP01112679		AEYP01112679.1		
musFur1:AEYP01112680	AEYP01112680		AEYP01112680.1		
musFur1:AEYP01112681	AEYP01112681		AEYP01112681.1		
musFur1:AEYP01112682	AEYP01112682		AEYP01112682.1		
musFur1:AEYP01112683	AEYP01112683		AEYP01112683.1		
musFur1:AEYP01112684	AEYP01112684		AEYP01112684.1		
musFur1:AEYP01112685	AEYP01112685		AEYP01112685.1		
musFur1:AEYP01112686	AEYP01112686		AEYP01112686.1		
musFur1:AEYP01112687	AEYP01112687		AEYP01112687.1		
musFur1:AEYP01112688	AEYP01112688		AEYP01112688.1		
musFur1:AEYP01112689	AEYP01112689		AEYP01112689.1		
musFur1:AEYP01112691	AEYP01112691		AEYP01112691.1		
musFur1:AEYP01112692	AEYP01112692		AEYP01112692.1		
musFur1:AEYP01112693	AEYP01112693		AEYP01112693.1		
musFur1:AEYP01112694	AEYP01112694		AEYP01112694.1		
musFur1:AEYP01112695	AEYP01112695		AEYP01112695.1		
musFur1:AEYP01112696	AEYP01112696		AEYP01112696.1		
musFur1:AEYP01112697	AEYP01112697		AEYP01112697.1		
musFur1:AEYP01112698	AEYP01112698		AEYP01112698.1		
musFur1:AEYP01112699	AEYP01112699		AEYP01112699.1		
musFur1:AEYP01112700	AEYP01112700		AEYP01112700.1		
musFur1:AEYP01112701	AEYP01112701		AEYP01112701.1		
musFur1:AEYP01112702	AEYP01112702		AEYP01112702.1		
musFur1:AEYP01112703	AEYP01112703		AEYP01112703.1		
musFur1:AEYP01112704	AEYP01112704		AEYP01112704.1		
musFur1:AEYP01112705	AEYP01112705		AEYP01112705.1		
musFur1:AEYP01112706	AEYP01112706		AEYP01112706.1		
musFur1:AEYP01112707	AEYP01112707		AEYP01112707.1		
musFur1:AEYP01112708	AEYP01112708		AEYP01112708.1		
musFur1:AEYP01112709	AEYP01112709		AEYP01112709.1		
musFur1:AEYP01112710	AEYP01112710		AEYP01112710.1		
musFur1:AEYP01112711	AEYP01112711		AEYP01112711.1		
musFur1:AEYP01112712	AEYP01112712		AEYP01112712.1		
musFur1:AEYP01112713	AEYP01112713		AEYP01112713.1		
musFur1:AEYP01112714	AEYP01112714		AEYP01112714.1		
musFur1:AEYP01112715	AEYP01112715		AEYP01112715.1		
musFur1:AEYP01112716	AEYP01112716		AEYP01112716.1		
musFur1:AEYP01112717	AEYP01112717		AEYP01112717.1		
musFur1:AEYP01112718	AEYP01112718		AEYP01112718.1		
musFur1:AEYP01112719	AEYP01112719		AEYP01112719.1		
musFur1:AEYP01112720	AEYP01112720		AEYP01112720.1		
musFur1:AEYP01112721	AEYP01112721		AEYP01112721.1		
musFur1:AEYP01112722	AEYP01112722		AEYP01112722.1		
musFur1:AEYP01112723	AEYP01112723		AEYP01112723.1		
musFur1:AEYP01112724	AEYP01112724		AEYP01112724.1		
musFur1:AEYP01112725	AEYP01112725		AEYP01112725.1		
musFur1:AEYP01112726	AEYP01112726		AEYP01112726.1		
musFur1:AEYP01112727	AEYP01112727		AEYP01112727.1		
musFur1:AEYP01112728	AEYP01112728		AEYP01112728.1		
musFur1:AEYP01112730	AEYP01112730		AEYP01112730.1		
musFur1:AEYP01112731	AEYP01112731		AEYP01112731.1		
musFur1:AEYP01112733	AEYP01112733		AEYP01112733.1		
musFur1:AEYP01112734	AEYP01112734		AEYP01112734.1		
musFur1:AEYP01112735	AEYP01112735		AEYP01112735.1		
musFur1:AEYP01112736	AEYP01112736		AEYP01112736.1		
musFur1:AEYP01112737	AEYP01112737		AEYP01112737.1		
musFur1:AEYP01112739	AEYP01112739		AEYP01112739.1		
musFur1:AEYP01112740	AEYP01112740		AEYP01112740.1		
musFur1:AEYP01112741	AEYP01112741		AEYP01112741.1		
musFur1:AEYP01112742	AEYP01112742		AEYP01112742.1		
musFur1:AEYP01112743	AEYP01112743		AEYP01112743.1		
musFur1:AEYP01112744	AEYP01112744		AEYP01112744.1		
musFur1:AEYP01112745	AEYP01112745		AEYP01112745.1		
musFur1:AEYP01112746	AEYP01112746		AEYP01112746.1		
musFur1:AEYP01112747	AEYP01112747		AEYP01112747.1		
musFur1:AEYP01112748	AEYP01112748		AEYP01112748.1		
musFur1:AEYP01112749	AEYP01112749		AEYP01112749.1		
musFur1:AEYP01112750	AEYP01112750		AEYP01112750.1		
musFur1:AEYP01112751	AEYP01112751		AEYP01112751.1		
musFur1:AEYP01112752	AEYP01112752		AEYP01112752.1		
musFur1:AEYP01112753	AEYP01112753		AEYP01112753.1		
musFur1:AEYP01112754	AEYP01112754		AEYP01112754.1		
musFur1:AEYP01112755	AEYP01112755		AEYP01112755.1		
musFur1:AEYP01112756	AEYP01112756		AEYP01112756.1		
musFur1:AEYP01112757	AEYP01112757		AEYP01112757.1		
musFur1:AEYP01112758	AEYP01112758		AEYP01112758.1		
musFur1:AEYP01112759	AEYP01112759		AEYP01112759.1		
musFur1:AEYP01112760	AEYP01112760		AEYP01112760.1		
musFur1:AEYP01112761	AEYP01112761		AEYP01112761.1		
musFur1:AEYP01112762	AEYP01112762		AEYP01112762.1		
musFur1:AEYP01112763	AEYP01112763		AEYP01112763.1		
musFur1:AEYP01112764	AEYP01112764		AEYP01112764.1		
musFur1:AEYP01112765	AEYP01112765		AEYP01112765.1		
musFur1:AEYP01112766	AEYP01112766		AEYP01112766.1		
musFur1:AEYP01112767	AEYP01112767		AEYP01112767.1		
musFur1:AEYP01112768	AEYP01112768		AEYP01112768.1		
musFur1:AEYP01112769	AEYP01112769		AEYP01112769.1		
musFur1:AEYP01112770	AEYP01112770		AEYP01112770.1		
musFur1:AEYP01112771	AEYP01112771		AEYP01112771.1		
musFur1:AEYP01112772	AEYP01112772		AEYP01112772.1		
musFur1:AEYP01112773	AEYP01112773		AEYP01112773.1		
musFur1:AEYP01112774	AEYP01112774		AEYP01112774.1		
musFur1:AEYP01112775	AEYP01112775		AEYP01112775.1		
musFur1:AEYP01112776	AEYP01112776		AEYP01112776.1		
musFur1:AEYP01112777	AEYP01112777		AEYP01112777.1		
musFur1:AEYP01112778	AEYP01112778		AEYP01112778.1		
musFur1:AEYP01112779	AEYP01112779		AEYP01112779.1		
musFur1:AEYP01112780	AEYP01112780		AEYP01112780.1		
musFur1:AEYP01112781	AEYP01112781		AEYP01112781.1		
musFur1:AEYP01112782	AEYP01112782		AEYP01112782.1		
musFur1:AEYP01112783	AEYP01112783		AEYP01112783.1		
musFur1:AEYP01112784	AEYP01112784		AEYP01112784.1		
musFur1:AEYP01112785	AEYP01112785		AEYP01112785.1		
musFur1:AEYP01112786	AEYP01112786		AEYP01112786.1		
musFur1:AEYP01112787	AEYP01112787		AEYP01112787.1		
musFur1:AEYP01112788	AEYP01112788		AEYP01112788.1		
musFur1:AEYP01112789	AEYP01112789		AEYP01112789.1		
musFur1:AEYP01112790	AEYP01112790		AEYP01112790.1		
musFur1:AEYP01112791	AEYP01112791		AEYP01112791.1		
musFur1:AEYP01112792	AEYP01112792		AEYP01112792.1		
musFur1:AEYP01112793	AEYP01112793		AEYP01112793.1		
musFur1:AEYP01112794	AEYP01112794		AEYP01112794.1		
musFur1:AEYP01112795	AEYP01112795		AEYP01112795.1		
musFur1:AEYP01112796	AEYP01112796		AEYP01112796.1		
musFur1:AEYP01112797	AEYP01112797		AEYP01112797.1		
musFur1:AEYP01112798	AEYP01112798		AEYP01112798.1		
musFur1:AEYP01112799	AEYP01112799		AEYP01112799.1		
musFur1:AEYP01112800	AEYP01112800		AEYP01112800.1		
musFur1:AEYP01112801	AEYP01112801		AEYP01112801.1		
musFur1:AEYP01112802	AEYP01112802		AEYP01112802.1		
musFur1:AEYP01112803	AEYP01112803		AEYP01112803.1		
musFur1:AEYP01112804	AEYP01112804		AEYP01112804.1		
musFur1:AEYP01112805	AEYP01112805		AEYP01112805.1		
musFur1:AEYP01112806	AEYP01112806		AEYP01112806.1		
musFur1:AEYP01112807	AEYP01112807		AEYP01112807.1		
musFur1:AEYP01112808	AEYP01112808		AEYP01112808.1		
musFur1:AEYP01112809	AEYP01112809		AEYP01112809.1		
musFur1:AEYP01112810	AEYP01112810		AEYP01112810.1		
musFur1:AEYP01112811	AEYP01112811		AEYP01112811.1		
musFur1:AEYP01112812	AEYP01112812		AEYP01112812.1		
musFur1:AEYP01112813	AEYP01112813		AEYP01112813.1		
musFur1:AEYP01112814	AEYP01112814		AEYP01112814.1		
musFur1:AEYP01112815	AEYP01112815		AEYP01112815.1		
musFur1:AEYP01112816	AEYP01112816		AEYP01112816.1		
musFur1:AEYP01112817	AEYP01112817		AEYP01112817.1		
musFur1:AEYP01112818	AEYP01112818		AEYP01112818.1		
musFur1:AEYP01112819	AEYP01112819		AEYP01112819.1		
musFur1:AEYP01112820	AEYP01112820		AEYP01112820.1		
musFur1:AEYP01112821	AEYP01112821		AEYP01112821.1		
musFur1:AEYP01112822	AEYP01112822		AEYP01112822.1		
musFur1:AEYP01112823	AEYP01112823		AEYP01112823.1		
musFur1:AEYP01112824	AEYP01112824		AEYP01112824.1		
musFur1:AEYP01112825	AEYP01112825		AEYP01112825.1		
musFur1:AEYP01112826	AEYP01112826		AEYP01112826.1		
musFur1:AEYP01112827	AEYP01112827		AEYP01112827.1		
musFur1:AEYP01112828	AEYP01112828		AEYP01112828.1		
musFur1:AEYP01112829	AEYP01112829		AEYP01112829.1		
musFur1:AEYP01112830	AEYP01112830		AEYP01112830.1		
musFur1:AEYP01112831	AEYP01112831		AEYP01112831.1		
musFur1:AEYP01112832	AEYP01112832		AEYP01112832.1		
musFur1:AEYP01112833	AEYP01112833		AEYP01112833.1		
musFur1:AEYP01112834	AEYP01112834		AEYP01112834.1		
musFur1:AEYP01112835	AEYP01112835		AEYP01112835.1		
musFur1:AEYP01112836	AEYP01112836		AEYP01112836.1		
musFur1:AEYP01112837	AEYP01112837		AEYP01112837.1		
musFur1:AEYP01112838	AEYP01112838		AEYP01112838.1		
musFur1:AEYP01112839	AEYP01112839		AEYP01112839.1		
musFur1:AEYP01112840	AEYP01112840		AEYP01112840.1		
musFur1:AEYP01112841	AEYP01112841		AEYP01112841.1		
musFur1:AEYP01112842	AEYP01112842		AEYP01112842.1		
musFur1:AEYP01112843	AEYP01112843		AEYP01112843.1		
musFur1:AEYP01112844	AEYP01112844		AEYP01112844.1		
musFur1:AEYP01112845	AEYP01112845		AEYP01112845.1		
musFur1:AEYP01112846	AEYP01112846		AEYP01112846.1		
musFur1:AEYP01112847	AEYP01112847		AEYP01112847.1		
musFur1:AEYP01112848	AEYP01112848		AEYP01112848.1		
musFur1:AEYP01112849	AEYP01112849		AEYP01112849.1		
musFur1:AEYP01112850	AEYP01112850		AEYP01112850.1		
musFur1:AEYP01112851	AEYP01112851		AEYP01112851.1		
musFur1:AEYP01112852	AEYP01112852		AEYP01112852.1		
musFur1:AEYP01112853	AEYP01112853		AEYP01112853.1		
musFur1:AEYP01112854	AEYP01112854		AEYP01112854.1		
musFur1:AEYP01112855	AEYP01112855		AEYP01112855.1		
musFur1:AEYP01112856	AEYP01112856		AEYP01112856.1		
musFur1:AEYP01112857	AEYP01112857		AEYP01112857.1		
musFur1:AEYP01112858	AEYP01112858		AEYP01112858.1		
musFur1:AEYP01112859	AEYP01112859		AEYP01112859.1		
musFur1:AEYP01112860	AEYP01112860		AEYP01112860.1		
musFur1:AEYP01112861	AEYP01112861		AEYP01112861.1		
musFur1:AEYP01112862	AEYP01112862		AEYP01112862.1		
musFur1:AEYP01112863	AEYP01112863		AEYP01112863.1		
musFur1:AEYP01112864	AEYP01112864		AEYP01112864.1		
musFur1:AEYP01112865	AEYP01112865		AEYP01112865.1		
musFur1:AEYP01112866	AEYP01112866		AEYP01112866.1		
musFur1:AEYP01112867	AEYP01112867		AEYP01112867.1		
musFur1:AEYP01112868	AEYP01112868		AEYP01112868.1		
musFur1:AEYP01112869	AEYP01112869		AEYP01112869.1		
musFur1:AEYP01112870	AEYP01112870		AEYP01112870.1		
musFur1:AEYP01112871	AEYP01112871		AEYP01112871.1		
musFur1:AEYP01112872	AEYP01112872		AEYP01112872.1		
musFur1:AEYP01112873	AEYP01112873		AEYP01112873.1		
musFur1:AEYP01112874	AEYP01112874		AEYP01112874.1		
musFur1:AEYP01112875	AEYP01112875		AEYP01112875.1		
musFur1:AEYP01112876	AEYP01112876		AEYP01112876.1		
musFur1:AEYP01112877	AEYP01112877		AEYP01112877.1		
musFur1:AEYP01112878	AEYP01112878		AEYP01112878.1		
musFur1:AEYP01112879	AEYP01112879		AEYP01112879.1		
musFur1:AEYP01112880	AEYP01112880		AEYP01112880.1		
musFur1:AEYP01112881	AEYP01112881		AEYP01112881.1		
musFur1:AEYP01112882	AEYP01112882		AEYP01112882.1		
musFur1:AEYP01112883	AEYP01112883		AEYP01112883.1		
musFur1:AEYP01112884	AEYP01112884		AEYP01112884.1		
musFur1:AEYP01112885	AEYP01112885		AEYP01112885.1		
musFur1:AEYP01112886	AEYP01112886		AEYP01112886.1		
musFur1:AEYP01112887	AEYP01112887		AEYP01112887.1		
musFur1:AEYP01112888	AEYP01112888		AEYP01112888.1		
musFur1:AEYP01112889	AEYP01112889		AEYP01112889.1		
musFur1:AEYP01112890	AEYP01112890		AEYP01112890.1		
musFur1:AEYP01112891	AEYP01112891		AEYP01112891.1		
musFur1:AEYP01112892	AEYP01112892		AEYP01112892.1		
musFur1:AEYP01112893	AEYP01112893		AEYP01112893.1		
musFur1:AEYP01112894	AEYP01112894		AEYP01112894.1		
musFur1:AEYP01112895	AEYP01112895		AEYP01112895.1		
musFur1:AEYP01112896	AEYP01112896		AEYP01112896.1		
musFur1:AEYP01112897	AEYP01112897		AEYP01112897.1		
musFur1:AEYP01112898	AEYP01112898		AEYP01112898.1		
musFur1:AEYP01112899	AEYP01112899		AEYP01112899.1		
musFur1:AEYP01112900	AEYP01112900		AEYP01112900.1		
musFur1:AEYP01112901	AEYP01112901		AEYP01112901.1		
musFur1:AEYP01112902	AEYP01112902		AEYP01112902.1		
musFur1:AEYP01112903	AEYP01112903		AEYP01112903.1		
musFur1:AEYP01112904	AEYP01112904		AEYP01112904.1		
musFur1:AEYP01112905	AEYP01112905		AEYP01112905.1		
musFur1:AEYP01112906	AEYP01112906		AEYP01112906.1		
musFur1:AEYP01112907	AEYP01112907		AEYP01112907.1		
musFur1:AEYP01112908	AEYP01112908		AEYP01112908.1		
musFur1:AEYP01112909	AEYP01112909		AEYP01112909.1		
musFur1:AEYP01112910	AEYP01112910		AEYP01112910.1		
musFur1:AEYP01112911	AEYP01112911		AEYP01112911.1		
musFur1:AEYP01112912	AEYP01112912		AEYP01112912.1		
musFur1:AEYP01112913	AEYP01112913		AEYP01112913.1		
musFur1:AEYP01112914	AEYP01112914		AEYP01112914.1		
musFur1:AEYP01112915	AEYP01112915		AEYP01112915.1		
musFur1:AEYP01112916	AEYP01112916		AEYP01112916.1		
musFur1:AEYP01112917	AEYP01112917		AEYP01112917.1		
musFur1:AEYP01112918	AEYP01112918		AEYP01112918.1		
musFur1:AEYP01112919	AEYP01112919		AEYP01112919.1		
musFur1:AEYP01112920	AEYP01112920		AEYP01112920.1		
musFur1:AEYP01112921	AEYP01112921		AEYP01112921.1		
musFur1:AEYP01112922	AEYP01112922		AEYP01112922.1		
musFur1:AEYP01112923	AEYP01112923		AEYP01112923.1		
musFur1:AEYP01112924	AEYP01112924		AEYP01112924.1		
musFur1:AEYP01112925	AEYP01112925		AEYP01112925.1		
musFur1:AEYP01112926	AEYP01112926		AEYP01112926.1		
musFur1:AEYP01112927	AEYP01112927		AEYP01112927.1		
musFur1:AEYP01112928	AEYP01112928		AEYP01112928.1		
musFur1:AEYP01112929	AEYP01112929		AEYP01112929.1		
musFur1:AEYP01112930	AEYP01112930		AEYP01112930.1		
musFur1:AEYP01112931	AEYP01112931		AEYP01112931.1		
musFur1:AEYP01112932	AEYP01112932		AEYP01112932.1		
musFur1:AEYP01112933	AEYP01112933		AEYP01112933.1		
musFur1:AEYP01112934	AEYP01112934		AEYP01112934.1		
musFur1:AEYP01112935	AEYP01112935		AEYP01112935.1		
musFur1:AEYP01112936	AEYP01112936		AEYP01112936.1		
musFur1:AEYP01112937	AEYP01112937		AEYP01112937.1		
musFur1:AEYP01112938	AEYP01112938		AEYP01112938.1		
musFur1:AEYP01112939	AEYP01112939		AEYP01112939.1		
musFur1:AEYP01112940	AEYP01112940		AEYP01112940.1		
musFur1:AEYP01112941	AEYP01112941		AEYP01112941.1		
musFur1:AEYP01112942	AEYP01112942		AEYP01112942.1		
musFur1:AEYP01112943	AEYP01112943		AEYP01112943.1		
musFur1:AEYP01112944	AEYP01112944		AEYP01112944.1		
musFur1:AEYP01112945	AEYP01112945		AEYP01112945.1		
musFur1:AEYP01112946	AEYP01112946		AEYP01112946.1		
musFur1:AEYP01112947	AEYP01112947		AEYP01112947.1		
musFur1:AEYP01112948	AEYP01112948		AEYP01112948.1		
musFur1:AEYP01112949	AEYP01112949		AEYP01112949.1		
musFur1:AEYP01112950	AEYP01112950		AEYP01112950.1		
musFur1:AEYP01112951	AEYP01112951		AEYP01112951.1		
musFur1:AEYP01112952	AEYP01112952		AEYP01112952.1		
musFur1:AEYP01112953	AEYP01112953		AEYP01112953.1		
musFur1:AEYP01112954	AEYP01112954		AEYP01112954.1		
musFur1:AEYP01112955	AEYP01112955		AEYP01112955.1		
musFur1:AEYP01112956	AEYP01112956		AEYP01112956.1		
musFur1:AEYP01112957	AEYP01112957		AEYP01112957.1		
musFur1:AEYP01112958	AEYP01112958		AEYP01112958.1		
musFur1:AEYP01112959	AEYP01112959		AEYP01112959.1		
musFur1:AEYP01112960	AEYP01112960		AEYP01112960.1		
musFur1:AEYP01112961	AEYP01112961		AEYP01112961.1		
musFur1:AEYP01112962	AEYP01112962		AEYP01112962.1		
musFur1:AEYP01112963	AEYP01112963		AEYP01112963.1		
musFur1:AEYP01112964	AEYP01112964		AEYP01112964.1		
musFur1:AEYP01112966	AEYP01112966		AEYP01112966.1		
musFur1:AEYP01112967	AEYP01112967		AEYP01112967.1		
musFur1:AEYP01112968	AEYP01112968		AEYP01112968.1		
musFur1:AEYP01112969	AEYP01112969		AEYP01112969.1		
musFur1:AEYP01112970	AEYP01112970		AEYP01112970.1		
musFur1:AEYP01112971	AEYP01112971		AEYP01112971.1		
musFur1:AEYP01112972	AEYP01112972		AEYP01112972.1		
musFur1:AEYP01112973	AEYP01112973		AEYP01112973.1		
musFur1:AEYP01112974	AEYP01112974		AEYP01112974.1		
musFur1:AEYP01112975	AEYP01112975		AEYP01112975.1		
musFur1:AEYP01112976	AEYP01112976		AEYP01112976.1		
musFur1:AEYP01112977	AEYP01112977		AEYP01112977.1		
musFur1:AEYP01112978	AEYP01112978		AEYP01112978.1		
musFur1:AEYP01112979	AEYP01112979		AEYP01112979.1		
musFur1:AEYP01112980	AEYP01112980		AEYP01112980.1		
musFur1:AEYP01112981	AEYP01112981		AEYP01112981.1		
musFur1:AEYP01112982	AEYP01112982		AEYP01112982.1		
musFur1:AEYP01112983	AEYP01112983		AEYP01112983.1		
musFur1:AEYP01112984	AEYP01112984		AEYP01112984.1		
musFur1:AEYP01112985	AEYP01112985		AEYP01112985.1		
musFur1:AEYP01112986	AEYP01112986		AEYP01112986.1		
musFur1:AEYP01112987	AEYP01112987		AEYP01112987.1		
musFur1:AEYP01112988	AEYP01112988		AEYP01112988.1		
musFur1:AEYP01112989	AEYP01112989		AEYP01112989.1		
musFur1:AEYP01112990	AEYP01112990		AEYP01112990.1		
musFur1:AEYP01112991	AEYP01112991		AEYP01112991.1		
musFur1:AEYP01112992	AEYP01112992		AEYP01112992.1		
musFur1:AEYP01112993	AEYP01112993		AEYP01112993.1		
musFur1:AEYP01112994	AEYP01112994		AEYP01112994.1		
musFur1:AEYP01112995	AEYP01112995		AEYP01112995.1		
musFur1:AEYP01112996	AEYP01112996		AEYP01112996.1		
musFur1:AEYP01112997	AEYP01112997		AEYP01112997.1		
musFur1:AEYP01112998	AEYP01112998		AEYP01112998.1		
musFur1:AEYP01112999	AEYP01112999		AEYP01112999.1		
musFur1:AEYP01113000	AEYP01113000		AEYP01113000.1		
musFur1:AEYP01113001	AEYP01113001		AEYP01113001.1		
musFur1:AEYP01113002	AEYP01113002		AEYP01113002.1		
musFur1:AEYP01113003	AEYP01113003		AEYP01113003.1		
musFur1:AEYP01113004	AEYP01113004		AEYP01113004.1		
musFur1:AEYP01113005	AEYP01113005		AEYP01113005.1		
musFur1:AEYP01113006	AEYP01113006		AEYP01113006.1		
musFur1:AEYP01113007	AEYP01113007		AEYP01113007.1		
musFur1:AEYP01113008	AEYP01113008		AEYP01113008.1		
musFur1:AEYP01113009	AEYP01113009		AEYP01113009.1		
musFur1:AEYP01113010	AEYP01113010		AEYP01113010.1		
musFur1:AEYP01113011	AEYP01113011		AEYP01113011.1		
musFur1:AEYP01113012	AEYP01113012		AEYP01113012.1		
musFur1:AEYP01113013	AEYP01113013		AEYP01113013.1		
musFur1:AEYP01113014	AEYP01113014		AEYP01113014.1		
musFur1:AEYP01113015	AEYP01113015		AEYP01113015.1		
musFur1:AEYP01113016	AEYP01113016		AEYP01113016.1		
musFur1:AEYP01113017	AEYP01113017		AEYP01113017.1		
musFur1:AEYP01113018	AEYP01113018		AEYP01113018.1		
musFur1:AEYP01113019	AEYP01113019		AEYP01113019.1		
musFur1:AEYP01113020	AEYP01113020		AEYP01113020.1		
musFur1:AEYP01113021	AEYP01113021		AEYP01113021.1		
musFur1:AEYP01113022	AEYP01113022		AEYP01113022.1		
musFur1:AEYP01113023	AEYP01113023		AEYP01113023.1		
musFur1:AEYP01113024	AEYP01113024		AEYP01113024.1		
musFur1:AEYP01113025	AEYP01113025		AEYP01113025.1		
musFur1:AEYP01113026	AEYP01113026		AEYP01113026.1		
musFur1:AEYP01113027	AEYP01113027		AEYP01113027.1		
musFur1:AEYP01113028	AEYP01113028		AEYP01113028.1		
musFur1:AEYP01113029	AEYP01113029		AEYP01113029.1		
musFur1:AEYP01113030	AEYP01113030		AEYP01113030.1		
musFur1:AEYP01113031	AEYP01113031		AEYP01113031.1		
musFur1:AEYP01113032	AEYP01113032		AEYP01113032.1		
musFur1:AEYP01113033	AEYP01113033		AEYP01113033.1		
musFur1:AEYP01113034	AEYP01113034		AEYP01113034.1		
musFur1:AEYP01113035	AEYP01113035		AEYP01113035.1		
musFur1:AEYP01113036	AEYP01113036		AEYP01113036.1		
musFur1:AEYP01113037	AEYP01113037		AEYP01113037.1		
musFur1:AEYP01113038	AEYP01113038		AEYP01113038.1		
musFur1:AEYP01113039	AEYP01113039		AEYP01113039.1		
musFur1:AEYP01113040	AEYP01113040		AEYP01113040.1		
musFur1:AEYP01113041	AEYP01113041		AEYP01113041.1		
musFur1:AEYP01113042	AEYP01113042		AEYP01113042.1		
musFur1:AEYP01113043	AEYP01113043		AEYP01113043.1		
musFur1:AEYP01113044	AEYP01113044		AEYP01113044.1		
musFur1:AEYP01113045	AEYP01113045		AEYP01113045.1		
musFur1:AEYP01113046	AEYP01113046		AEYP01113046.1		
musFur1:AEYP01113047	AEYP01113047		AEYP01113047.1		
musFur1:AEYP01113048	AEYP01113048		AEYP01113048.1		
musFur1:AEYP01113049	AEYP01113049		AEYP01113049.1		
musFur1:AEYP01113050	AEYP01113050		AEYP01113050.1		
musFur1:AEYP01113051	AEYP01113051		AEYP01113051.1		
musFur1:AEYP01113052	AEYP01113052		AEYP01113052.1		
musFur1:AEYP01113053	AEYP01113053		AEYP01113053.1		
musFur1:AEYP01113054	AEYP01113054		AEYP01113054.1		
musFur1:AEYP01113055	AEYP01113055		AEYP01113055.1		
musFur1:AEYP01113056	AEYP01113056		AEYP01113056.1		
musFur1:AEYP01113057	AEYP01113057		AEYP01113057.1		
musFur1:AEYP01113058	AEYP01113058		AEYP01113058.1		
musFur1:AEYP01113059	AEYP01113059		AEYP01113059.1		
musFur1:AEYP01113060	AEYP01113060		AEYP01113060.1		
musFur1:AEYP01113061	AEYP01113061		AEYP01113061.1		
musFur1:AEYP01113062	AEYP01113062		AEYP01113062.1		
musFur1:AEYP01113063	AEYP01113063		AEYP01113063.1		
musFur1:AEYP01113064	AEYP01113064		AEYP01113064.1		
musFur1:AEYP01113065	AEYP01113065		AEYP01113065.1		
musFur1:AEYP01113066	AEYP01113066		AEYP01113066.1		
musFur1:AEYP01113067	AEYP01113067		AEYP01113067.1		
musFur1:AEYP01113068	AEYP01113068		AEYP01113068.1		
musFur1:AEYP01113069	AEYP01113069		AEYP01113069.1		
musFur1:AEYP01113070	AEYP01113070		AEYP01113070.1		
musFur1:AEYP01113071	AEYP01113071		AEYP01113071.1		
musFur1:AEYP01113072	AEYP01113072		AEYP01113072.1		
musFur1:AEYP01113073	AEYP01113073		AEYP01113073.1		
musFur1:AEYP01113074	AEYP01113074		AEYP01113074.1		
musFur1:AEYP01113075	AEYP01113075		AEYP01113075.1		
musFur1:AEYP01113076	AEYP01113076		AEYP01113076.1		
musFur1:AEYP01113077	AEYP01113077		AEYP01113077.1		
musFur1:AEYP01113078	AEYP01113078		AEYP01113078.1		
musFur1:AEYP01113079	AEYP01113079		AEYP01113079.1		
musFur1:AEYP01113080	AEYP01113080		AEYP01113080.1		
musFur1:AEYP01113081	AEYP01113081		AEYP01113081.1		
musFur1:AEYP01113082	AEYP01113082		AEYP01113082.1		
musFur1:AEYP01113083	AEYP01113083		AEYP01113083.1		
musFur1:AEYP01113084	AEYP01113084		AEYP01113084.1		
musFur1:AEYP01113085	AEYP01113085		AEYP01113085.1		
musFur1:AEYP01113086	AEYP01113086		AEYP01113086.1		
musFur1:AEYP01113087	AEYP01113087		AEYP01113087.1		
musFur1:AEYP01113088	AEYP01113088		AEYP01113088.1		
musFur1:AEYP01113089	AEYP01113089		AEYP01113089.1		
musFur1:AEYP01113090	AEYP01113090		AEYP01113090.1		
musFur1:AEYP01113091	AEYP01113091		AEYP01113091.1		
musFur1:AEYP01113092	AEYP01113092		AEYP01113092.1		
musFur1:AEYP01113093	AEYP01113093		AEYP01113093.1		
musFur1:AEYP01113094	AEYP01113094		AEYP01113094.1		
musFur1:AEYP01113095	AEYP01113095		AEYP01113095.1		
musFur1:AEYP01113096	AEYP01113096		AEYP01113096.1		
musFur1:AEYP01113097	AEYP01113097		AEYP01113097.1		
musFur1:AEYP01113098	AEYP01113098		AEYP01113098.1		
musFur1:AEYP01113099	AEYP01113099		AEYP01113099.1		
musFur1:AEYP01113100	AEYP01113100		AEYP01113100.1		
musFur1:AEYP01113101	AEYP01113101		AEYP01113101.1		
musFur1:AEYP01113102	AEYP01113102		AEYP01113102.1		
musFur1:AEYP01113103	AEYP01113103		AEYP01113103.1		
musFur1:AEYP01113104	AEYP01113104		AEYP01113104.1		
musFur1:AEYP01113105	AEYP01113105		AEYP01113105.1		
musFur1:AEYP01113106	AEYP01113106		AEYP01113106.1		
musFur1:AEYP01113107	AEYP01113107		AEYP01113107.1		
musFur1:AEYP01113108	AEYP01113108		AEYP01113108.1		
musFur1:AEYP01113109	AEYP01113109		AEYP01113109.1		
musFur1:AEYP01113110	AEYP01113110		AEYP01113110.1		
musFur1:AEYP01113111	AEYP01113111		AEYP01113111.1		
musFur1:AEYP01113112	AEYP01113112		AEYP01113112.1		
musFur1:AEYP01113113	AEYP01113113		AEYP01113113.1		
musFur1:AEYP01113114	AEYP01113114		AEYP01113114.1		
musFur1:AEYP01113115	AEYP01113115		AEYP01113115.1		
musFur1:AEYP01113116	AEYP01113116		AEYP01113116.1		
musFur1:AEYP01113117	AEYP01113117		AEYP01113117.1		
musFur1:AEYP01113118	AEYP01113118		AEYP01113118.1		
musFur1:AEYP01113119	AEYP01113119		AEYP01113119.1		
musFur1:AEYP01113120	AEYP01113120		AEYP01113120.1		
musFur1:AEYP01113121	AEYP01113121		AEYP01113121.1		
musFur1:AEYP01113122	AEYP01113122		AEYP01113122.1		
musFur1:AEYP01113123	AEYP01113123		AEYP01113123.1		
musFur1:AEYP01113124	AEYP01113124		AEYP01113124.1		
musFur1:AEYP01113125	AEYP01113125		AEYP01113125.1		
musFur1:AEYP01113126	AEYP01113126		AEYP01113126.1		
musFur1:AEYP01113127	AEYP01113127		AEYP01113127.1		
musFur1:AEYP01113128	AEYP01113128		AEYP01113128.1		
musFur1:AEYP01113129	AEYP01113129		AEYP01113129.1		
musFur1:AEYP01113130	AEYP01113130		AEYP01113130.1		
musFur1:AEYP01113131	AEYP01113131		AEYP01113131.1		
musFur1:AEYP01113132	AEYP01113132		AEYP01113132.1		
musFur1:AEYP01113133	AEYP01113133		AEYP01113133.1		
musFur1:AEYP01113134	AEYP01113134		AEYP01113134.1		
musFur1:AEYP01113136	AEYP01113136		AEYP01113136.1		
musFur1:AEYP01113137	AEYP01113137		AEYP01113137.1		
musFur1:AEYP01113138	AEYP01113138		AEYP01113138.1		
musFur1:AEYP01113139	AEYP01113139		AEYP01113139.1		
musFur1:AEYP01113140	AEYP01113140		AEYP01113140.1		
musFur1:AEYP01113141	AEYP01113141		AEYP01113141.1		
musFur1:AEYP01113142	AEYP01113142		AEYP01113142.1		
musFur1:AEYP01113143	AEYP01113143		AEYP01113143.1		
musFur1:AEYP01113144	AEYP01113144		AEYP01113144.1		
musFur1:AEYP01113145	AEYP01113145		AEYP01113145.1		
musFur1:AEYP01113146	AEYP01113146		AEYP01113146.1		
musFur1:AEYP01113147	AEYP01113147		AEYP01113147.1		
musFur1:AEYP01113148	AEYP01113148		AEYP01113148.1		
musFur1:AEYP01113149	AEYP01113149		AEYP01113149.1		
musFur1:AEYP01113150	AEYP01113150		AEYP01113150.1		
musFur1:AEYP01113151	AEYP01113151		AEYP01113151.1		
musFur1:AEYP01113152	AEYP01113152		AEYP01113152.1		
musFur1:AEYP01113153	AEYP01113153		AEYP01113153.1		
musFur1:AEYP01113154	AEYP01113154		AEYP01113154.1		
musFur1:AEYP01113155	AEYP01113155		AEYP01113155.1		
musFur1:AEYP01113156	AEYP01113156		AEYP01113156.1		
musFur1:AEYP01113157	AEYP01113157		AEYP01113157.1		
musFur1:AEYP01113158	AEYP01113158		AEYP01113158.1		
musFur1:AEYP01113159	AEYP01113159		AEYP01113159.1		
musFur1:AEYP01113160	AEYP01113160		AEYP01113160.1		
musFur1:AEYP01113161	AEYP01113161		AEYP01113161.1		
musFur1:AEYP01113162	AEYP01113162		AEYP01113162.1		
musFur1:AEYP01113163	AEYP01113163		AEYP01113163.1		
musFur1:AEYP01113164	AEYP01113164		AEYP01113164.1		
musFur1:AEYP01113165	AEYP01113165		AEYP01113165.1		
musFur1:AEYP01113166	AEYP01113166		AEYP01113166.1		
musFur1:AEYP01113167	AEYP01113167		AEYP01113167.1		
musFur1:AEYP01113168	AEYP01113168		AEYP01113168.1		
musFur1:AEYP01113169	AEYP01113169		AEYP01113169.1		
musFur1:AEYP01113170	AEYP01113170		AEYP01113170.1		
musFur1:AEYP01113171	AEYP01113171		AEYP01113171.1		
musFur1:AEYP01113172	AEYP01113172		AEYP01113172.1		
musFur1:AEYP01113173	AEYP01113173		AEYP01113173.1		
musFur1:AEYP01113174	AEYP01113174		AEYP01113174.1		
musFur1:AEYP01113175	AEYP01113175		AEYP01113175.1		
musFur1:AEYP01113176	AEYP01113176		AEYP01113176.1		
musFur1:AEYP01113177	AEYP01113177		AEYP01113177.1		
musFur1:AEYP01113178	AEYP01113178		AEYP01113178.1		
musFur1:AEYP01113179	AEYP01113179		AEYP01113179.1		
musFur1:AEYP01113180	AEYP01113180		AEYP01113180.1		
musFur1:AEYP01113181	AEYP01113181		AEYP01113181.1		
musFur1:AEYP01113182	AEYP01113182		AEYP01113182.1		
musFur1:AEYP01113183	AEYP01113183		AEYP01113183.1		
musFur1:AEYP01113184	AEYP01113184		AEYP01113184.1		
musFur1:AEYP01113185	AEYP01113185		AEYP01113185.1		
musFur1:AEYP01113186	AEYP01113186		AEYP01113186.1		
musFur1:AEYP01113187	AEYP01113187		AEYP01113187.1		
musFur1:AEYP01113188	AEYP01113188		AEYP01113188.1		
musFur1:AEYP01113189	AEYP01113189		AEYP01113189.1		
musFur1:AEYP01113190	AEYP01113190		AEYP01113190.1		
musFur1:AEYP01113191	AEYP01113191		AEYP01113191.1		
musFur1:AEYP01113192	AEYP01113192		AEYP01113192.1		
musFur1:AEYP01113193	AEYP01113193		AEYP01113193.1		
musFur1:AEYP01113194	AEYP01113194		AEYP01113194.1		
musFur1:AEYP01113195	AEYP01113195		AEYP01113195.1		
musFur1:AEYP01113196	AEYP01113196		AEYP01113196.1		
musFur1:AEYP01113197	AEYP01113197		AEYP01113197.1		
musFur1:AEYP01113198	AEYP01113198		AEYP01113198.1		
musFur1:AEYP01113199	AEYP01113199		AEYP01113199.1		
musFur1:AEYP01113200	AEYP01113200		AEYP01113200.1		
musFur1:AEYP01113201	AEYP01113201		AEYP01113201.1		
musFur1:AEYP01113202	AEYP01113202		AEYP01113202.1		
musFur1:AEYP01113203	AEYP01113203		AEYP01113203.1		
musFur1:AEYP01113204	AEYP01113204		AEYP01113204.1		
musFur1:AEYP01113205	AEYP01113205		AEYP01113205.1		
musFur1:AEYP01113206	AEYP01113206		AEYP01113206.1		
musFur1:AEYP01113207	AEYP01113207		AEYP01113207.1		
musFur1:AEYP01113208	AEYP01113208		AEYP01113208.1		
musFur1:AEYP01113209	AEYP01113209		AEYP01113209.1		
musFur1:AEYP01113210	AEYP01113210		AEYP01113210.1		
musFur1:AEYP01113211	AEYP01113211		AEYP01113211.1		
musFur1:AEYP01113212	AEYP01113212		AEYP01113212.1		
musFur1:AEYP01113213	AEYP01113213		AEYP01113213.1		
musFur1:AEYP01113214	AEYP01113214		AEYP01113214.1		
musFur1:AEYP01113215	AEYP01113215		AEYP01113215.1		
musFur1:AEYP01113216	AEYP01113216		AEYP01113216.1		
musFur1:AEYP01113217	AEYP01113217		AEYP01113217.1		
musFur1:AEYP01113218	AEYP01113218		AEYP01113218.1		
musFur1:AEYP01113219	AEYP01113219		AEYP01113219.1		
musFur1:AEYP01113220	AEYP01113220		AEYP01113220.1		
musFur1:AEYP01113221	AEYP01113221		AEYP01113221.1		
musFur1:AEYP01113222	AEYP01113222		AEYP01113222.1		
musFur1:AEYP01113223	AEYP01113223		AEYP01113223.1		
musFur1:AEYP01113224	AEYP01113224		AEYP01113224.1		
musFur1:AEYP01113225	AEYP01113225		AEYP01113225.1		
musFur1:AEYP01113226	AEYP01113226		AEYP01113226.1		
musFur1:AEYP01113227	AEYP01113227		AEYP01113227.1		
musFur1:AEYP01113228	AEYP01113228		AEYP01113228.1		
musFur1:AEYP01113229	AEYP01113229		AEYP01113229.1		
musFur1:AEYP01113230	AEYP01113230		AEYP01113230.1		
musFur1:AEYP01113231	AEYP01113231		AEYP01113231.1		
musFur1:AEYP01113232	AEYP01113232		AEYP01113232.1		
musFur1:AEYP01113233	AEYP01113233		AEYP01113233.1		
musFur1:AEYP01113234	AEYP01113234		AEYP01113234.1		
musFur1:AEYP01113235	AEYP01113235		AEYP01113235.1		
musFur1:AEYP01113236	AEYP01113236		AEYP01113236.1		
musFur1:AEYP01113237	AEYP01113237		AEYP01113237.1		
musFur1:AEYP01113238	AEYP01113238		AEYP01113238.1		
musFur1:AEYP01113239	AEYP01113239		AEYP01113239.1		
musFur1:AEYP01113240	AEYP01113240		AEYP01113240.1		
musFur1:AEYP01113241	AEYP01113241		AEYP01113241.1		
musFur1:AEYP01113242	AEYP01113242		AEYP01113242.1		
musFur1:AEYP01113243	AEYP01113243		AEYP01113243.1		
musFur1:AEYP01113244	AEYP01113244		AEYP01113244.1		
musFur1:AEYP01113245	AEYP01113245		AEYP01113245.1		
musFur1:AEYP01113246	AEYP01113246		AEYP01113246.1		
musFur1:AEYP01113247	AEYP01113247		AEYP01113247.1		
musFur1:AEYP01113248	AEYP01113248		AEYP01113248.1		
musFur1:AEYP01113249	AEYP01113249		AEYP01113249.1		
musFur1:AEYP01113250	AEYP01113250		AEYP01113250.1		
musFur1:AEYP01113251	AEYP01113251		AEYP01113251.1		
musFur1:AEYP01113252	AEYP01113252		AEYP01113252.1		
musFur1:AEYP01113253	AEYP01113253		AEYP01113253.1		
musFur1:AEYP01113254	AEYP01113254		AEYP01113254.1		
musFur1:AEYP01113255	AEYP01113255		AEYP01113255.1		
musFur1:AEYP01113256	AEYP01113256		AEYP01113256.1		
musFur1:AEYP01113257	AEYP01113257		AEYP01113257.1		
musFur1:AEYP01113258	AEYP01113258		AEYP01113258.1		
musFur1:AEYP01113259	AEYP01113259		AEYP01113259.1		
musFur1:AEYP01113260	AEYP01113260		AEYP01113260.1		
musFur1:AEYP01113261	AEYP01113261		AEYP01113261.1		
musFur1:AEYP01113262	AEYP01113262		AEYP01113262.1		
musFur1:AEYP01113263	AEYP01113263		AEYP01113263.1		
musFur1:AEYP01113264	AEYP01113264		AEYP01113264.1		
musFur1:AEYP01113265	AEYP01113265		AEYP01113265.1		
musFur1:AEYP01113266	AEYP01113266		AEYP01113266.1		
musFur1:AEYP01113267	AEYP01113267		AEYP01113267.1		
musFur1:AEYP01113268	AEYP01113268		AEYP01113268.1		
musFur1:AEYP01113269	AEYP01113269		AEYP01113269.1		
musFur1:AEYP01113270	AEYP01113270		AEYP01113270.1		
musFur1:AEYP01113271	AEYP01113271		AEYP01113271.1		
musFur1:AEYP01113272	AEYP01113272		AEYP01113272.1		
musFur1:AEYP01113273	AEYP01113273		AEYP01113273.1		
musFur1:AEYP01113274	AEYP01113274		AEYP01113274.1		
musFur1:AEYP01113275	AEYP01113275		AEYP01113275.1		
musFur1:AEYP01113276	AEYP01113276		AEYP01113276.1		
musFur1:AEYP01113277	AEYP01113277		AEYP01113277.1		
musFur1:AEYP01113278	AEYP01113278		AEYP01113278.1		
musFur1:AEYP01113279	AEYP01113279		AEYP01113279.1		
musFur1:AEYP01113280	AEYP01113280		AEYP01113280.1		
musFur1:AEYP01113281	AEYP01113281		AEYP01113281.1		
musFur1:AEYP01113282	AEYP01113282		AEYP01113282.1		
musFur1:AEYP01113283	AEYP01113283		AEYP01113283.1		
musFur1:AEYP01113284	AEYP01113284		AEYP01113284.1		
musFur1:AEYP01113285	AEYP01113285		AEYP01113285.1		
musFur1:AEYP01113286	AEYP01113286		AEYP01113286.1		
musFur1:AEYP01113287	AEYP01113287		AEYP01113287.1		
musFur1:AEYP01113288	AEYP01113288		AEYP01113288.1		
musFur1:AEYP01113289	AEYP01113289		AEYP01113289.1		
musFur1:AEYP01113290	AEYP01113290		AEYP01113290.1		
musFur1:AEYP01113291	AEYP01113291		AEYP01113291.1		
musFur1:AEYP01113292	AEYP01113292		AEYP01113292.1		
musFur1:AEYP01113293	AEYP01113293		AEYP01113293.1		
musFur1:AEYP01113294	AEYP01113294		AEYP01113294.1		
musFur1:AEYP01113295	AEYP01113295		AEYP01113295.1		
musFur1:AEYP01113296	AEYP01113296		AEYP01113296.1		
musFur1:AEYP01113297	AEYP01113297		AEYP01113297.1		
musFur1:AEYP01113298	AEYP01113298		AEYP01113298.1		
musFur1:AEYP01113299	AEYP01113299		AEYP01113299.1		
musFur1:AEYP01113300	AEYP01113300		AEYP01113300.1		
musFur1:AEYP01113302	AEYP01113302		AEYP01113302.1		
musFur1:AEYP01113303	AEYP01113303		AEYP01113303.1		
musFur1:AEYP01113304	AEYP01113304		AEYP01113304.1		
musFur1:AEYP01113305	AEYP01113305		AEYP01113305.1		
musFur1:AEYP01113306	AEYP01113306		AEYP01113306.1		
musFur1:AEYP01113307	AEYP01113307		AEYP01113307.1		
musFur1:AEYP01113308	AEYP01113308		AEYP01113308.1		
musFur1:AEYP01113309	AEYP01113309		AEYP01113309.1		
musFur1:AEYP01113310	AEYP01113310		AEYP01113310.1		
musFur1:AEYP01113311	AEYP01113311		AEYP01113311.1		
musFur1:AEYP01113312	AEYP01113312		AEYP01113312.1		
musFur1:AEYP01113313	AEYP01113313		AEYP01113313.1		
musFur1:AEYP01113314	AEYP01113314		AEYP01113314.1		
musFur1:AEYP01113315	AEYP01113315		AEYP01113315.1		
musFur1:AEYP01113316	AEYP01113316		AEYP01113316.1		
musFur1:AEYP01113317	AEYP01113317		AEYP01113317.1		
musFur1:AEYP01113318	AEYP01113318		AEYP01113318.1		
musFur1:AEYP01113319	AEYP01113319		AEYP01113319.1		
musFur1:AEYP01113320	AEYP01113320		AEYP01113320.1		
musFur1:AEYP01113321	AEYP01113321		AEYP01113321.1		
musFur1:AEYP01113322	AEYP01113322		AEYP01113322.1		
musFur1:AEYP01113323	AEYP01113323		AEYP01113323.1		
musFur1:AEYP01113324	AEYP01113324		AEYP01113324.1		
musFur1:AEYP01113325	AEYP01113325		AEYP01113325.1		
musFur1:AEYP01113326	AEYP01113326		AEYP01113326.1		
musFur1:AEYP01113327	AEYP01113327		AEYP01113327.1		
musFur1:AEYP01113328	AEYP01113328		AEYP01113328.1		
musFur1:AEYP01113329	AEYP01113329		AEYP01113329.1		
musFur1:AEYP01113330	AEYP01113330		AEYP01113330.1		
musFur1:AEYP01113331	AEYP01113331		AEYP01113331.1		
musFur1:AEYP01113332	AEYP01113332		AEYP01113332.1		
musFur1:AEYP01113333	AEYP01113333		AEYP01113333.1		
musFur1:AEYP01113334	AEYP01113334		AEYP01113334.1		
musFur1:AEYP01113335	AEYP01113335		AEYP01113335.1		
musFur1:AEYP01113336	AEYP01113336		AEYP01113336.1		
musFur1:AEYP01113337	AEYP01113337		AEYP01113337.1		
musFur1:AEYP01113338	AEYP01113338		AEYP01113338.1		
musFur1:AEYP01113339	AEYP01113339		AEYP01113339.1		
musFur1:AEYP01113340	AEYP01113340		AEYP01113340.1		
musFur1:AEYP01113341	AEYP01113341		AEYP01113341.1		
musFur1:AEYP01113342	AEYP01113342		AEYP01113342.1		
musFur1:AEYP01113343	AEYP01113343		AEYP01113343.1		
musFur1:AEYP01113344	AEYP01113344		AEYP01113344.1		
musFur1:AEYP01113345	AEYP01113345		AEYP01113345.1		
musFur1:AEYP01113346	AEYP01113346		AEYP01113346.1		
musFur1:AEYP01113347	AEYP01113347		AEYP01113347.1		
musFur1:AEYP01113348	AEYP01113348		AEYP01113348.1		
musFur1:AEYP01113349	AEYP01113349		AEYP01113349.1		
musFur1:AEYP01113350	AEYP01113350		AEYP01113350.1		
musFur1:AEYP01113351	AEYP01113351		AEYP01113351.1		
musFur1:AEYP01113352	AEYP01113352		AEYP01113352.1		
musFur1:AEYP01113353	AEYP01113353		AEYP01113353.1		
musFur1:AEYP01113354	AEYP01113354		AEYP01113354.1		
musFur1:AEYP01113355	AEYP01113355		AEYP01113355.1		
musFur1:AEYP01113356	AEYP01113356		AEYP01113356.1		
musFur1:AEYP01113357	AEYP01113357		AEYP01113357.1		
musFur1:AEYP01113358	AEYP01113358		AEYP01113358.1		
musFur1:AEYP01113359	AEYP01113359		AEYP01113359.1		
musFur1:AEYP01113360	AEYP01113360		AEYP01113360.1		
musFur1:AEYP01113361	AEYP01113361		AEYP01113361.1		
musFur1:AEYP01113362	AEYP01113362		AEYP01113362.1		
musFur1:AEYP01113363	AEYP01113363		AEYP01113363.1		
musFur1:AEYP01113364	AEYP01113364		AEYP01113364.1		
musFur1:AEYP01113365	AEYP01113365		AEYP01113365.1		
musFur1:AEYP01113366	AEYP01113366		AEYP01113366.1		
musFur1:AEYP01113367	AEYP01113367		AEYP01113367.1		
musFur1:AEYP01113368	AEYP01113368		AEYP01113368.1		
musFur1:AEYP01113369	AEYP01113369		AEYP01113369.1		
musFur1:AEYP01113370	AEYP01113370		AEYP01113370.1		
musFur1:AEYP01113371	AEYP01113371		AEYP01113371.1		
musFur1:AEYP01113372	AEYP01113372		AEYP01113372.1		
musFur1:AEYP01113373	AEYP01113373		AEYP01113373.1		
musFur1:AEYP01113374	AEYP01113374		AEYP01113374.1		
musFur1:AEYP01113375	AEYP01113375		AEYP01113375.1		
musFur1:AEYP01113376	AEYP01113376		AEYP01113376.1		
musFur1:AEYP01113377	AEYP01113377		AEYP01113377.1		
musFur1:AEYP01113378	AEYP01113378		AEYP01113378.1		
musFur1:AEYP01113379	AEYP01113379		AEYP01113379.1		
musFur1:AEYP01113380	AEYP01113380		AEYP01113380.1		
musFur1:AEYP01113381	AEYP01113381		AEYP01113381.1		
musFur1:AEYP01113382	AEYP01113382		AEYP01113382.1		
musFur1:AEYP01113383	AEYP01113383		AEYP01113383.1		
musFur1:AEYP01113384	AEYP01113384		AEYP01113384.1		
musFur1:AEYP01113385	AEYP01113385		AEYP01113385.1		
musFur1:AEYP01113386	AEYP01113386		AEYP01113386.1		
musFur1:AEYP01113387	AEYP01113387		AEYP01113387.1		
musFur1:AEYP01113388	AEYP01113388		AEYP01113388.1		
musFur1:AEYP01113389	AEYP01113389		AEYP01113389.1		
musFur1:AEYP01113390	AEYP01113390		AEYP01113390.1		
musFur1:AEYP01113391	AEYP01113391		AEYP01113391.1		
musFur1:AEYP01113392	AEYP01113392		AEYP01113392.1		
musFur1:AEYP01113393	AEYP01113393		AEYP01113393.1		
musFur1:AEYP01113394	AEYP01113394		AEYP01113394.1		
musFur1:AEYP01113395	AEYP01113395		AEYP01113395.1		
musFur1:AEYP01113396	AEYP01113396		AEYP01113396.1		
musFur1:AEYP01113397	AEYP01113397		AEYP01113397.1		
musFur1:AEYP01113398	AEYP01113398		AEYP01113398.1		
musFur1:AEYP01113399	AEYP01113399		AEYP01113399.1		
musFur1:AEYP01113400	AEYP01113400		AEYP01113400.1		
musFur1:AEYP01113401	AEYP01113401		AEYP01113401.1		
musFur1:AEYP01113402	AEYP01113402		AEYP01113402.1		
musFur1:AEYP01113403	AEYP01113403		AEYP01113403.1		
musFur1:AEYP01113404	AEYP01113404		AEYP01113404.1		
musFur1:AEYP01113405	AEYP01113405		AEYP01113405.1		
musFur1:AEYP01113406	AEYP01113406		AEYP01113406.1		
musFur1:AEYP01113407	AEYP01113407		AEYP01113407.1		
musFur1:AEYP01113408	AEYP01113408		AEYP01113408.1		
musFur1:AEYP01113409	AEYP01113409		AEYP01113409.1		
musFur1:AEYP01113410	AEYP01113410		AEYP01113410.1		
musFur1:AEYP01113411	AEYP01113411		AEYP01113411.1		
musFur1:AEYP01113412	AEYP01113412		AEYP01113412.1		
musFur1:AEYP01113413	AEYP01113413		AEYP01113413.1		
musFur1:AEYP01113414	AEYP01113414		AEYP01113414.1		
musFur1:AEYP01113415	AEYP01113415		AEYP01113415.1		
musFur1:AEYP01113416	AEYP01113416		AEYP01113416.1		
musFur1:AEYP01113417	AEYP01113417		AEYP01113417.1		
musFur1:AEYP01113418	AEYP01113418		AEYP01113418.1		
musFur1:AEYP01113419	AEYP01113419		AEYP01113419.1		
musFur1:AEYP01113420	AEYP01113420		AEYP01113420.1		
musFur1:AEYP01113421	AEYP01113421		AEYP01113421.1		
musFur1:AEYP01113422	AEYP01113422		AEYP01113422.1		
musFur1:AEYP01113423	AEYP01113423		AEYP01113423.1		
musFur1:AEYP01113424	AEYP01113424		AEYP01113424.1		
musFur1:AEYP01113425	AEYP01113425		AEYP01113425.1		
musFur1:AEYP01113426	AEYP01113426		AEYP01113426.1		
musFur1:AEYP01113427	AEYP01113427		AEYP01113427.1		
musFur1:AEYP01113428	AEYP01113428		AEYP01113428.1		
musFur1:AEYP01113429	AEYP01113429		AEYP01113429.1		
musFur1:AEYP01113430	AEYP01113430		AEYP01113430.1		
musFur1:AEYP01113431	AEYP01113431		AEYP01113431.1		
musFur1:AEYP01113432	AEYP01113432		AEYP01113432.1		
musFur1:AEYP01113433	AEYP01113433		AEYP01113433.1		
musFur1:AEYP01113434	AEYP01113434		AEYP01113434.1		
musFur1:AEYP01113435	AEYP01113435		AEYP01113435.1		
musFur1:AEYP01113436	AEYP01113436		AEYP01113436.1		
musFur1:AEYP01113437	AEYP01113437		AEYP01113437.1		
musFur1:AEYP01113438	AEYP01113438		AEYP01113438.1		
musFur1:AEYP01113439	AEYP01113439		AEYP01113439.1		
musFur1:AEYP01113440	AEYP01113440		AEYP01113440.1		
musFur1:AEYP01113441	AEYP01113441		AEYP01113441.1		
musFur1:AEYP01113442	AEYP01113442		AEYP01113442.1		
musFur1:AEYP01113443	AEYP01113443		AEYP01113443.1		
musFur1:AEYP01113444	AEYP01113444		AEYP01113444.1		
musFur1:AEYP01113445	AEYP01113445		AEYP01113445.1		
musFur1:AEYP01113446	AEYP01113446		AEYP01113446.1		
musFur1:AEYP01113447	AEYP01113447		AEYP01113447.1		
musFur1:AEYP01113448	AEYP01113448		AEYP01113448.1		
musFur1:AEYP01113449	AEYP01113449		AEYP01113449.1		
musFur1:AEYP01113450	AEYP01113450		AEYP01113450.1		
musFur1:AEYP01113451	AEYP01113451		AEYP01113451.1		
musFur1:AEYP01113452	AEYP01113452		AEYP01113452.1		
musFur1:AEYP01113453	AEYP01113453		AEYP01113453.1		
musFur1:AEYP01113454	AEYP01113454		AEYP01113454.1		
musFur1:AEYP01113455	AEYP01113455		AEYP01113455.1		
musFur1:AEYP01113456	AEYP01113456		AEYP01113456.1		
musFur1:AEYP01113457	AEYP01113457		AEYP01113457.1		
musFur1:AEYP01113458	AEYP01113458		AEYP01113458.1		
musFur1:AEYP01113459	AEYP01113459		AEYP01113459.1		
musFur1:AEYP01113460	AEYP01113460		AEYP01113460.1		
musFur1:AEYP01113461	AEYP01113461		AEYP01113461.1		
musFur1:AEYP01113462	AEYP01113462		AEYP01113462.1		
musFur1:AEYP01113463	AEYP01113463		AEYP01113463.1		
musFur1:AEYP01113464	AEYP01113464		AEYP01113464.1		
musFur1:AEYP01113465	AEYP01113465		AEYP01113465.1		
musFur1:AEYP01113466	AEYP01113466		AEYP01113466.1		
musFur1:AEYP01113467	AEYP01113467		AEYP01113467.1		
musFur1:AEYP01113468	AEYP01113468		AEYP01113468.1		
musFur1:AEYP01113469	AEYP01113469		AEYP01113469.1		
musFur1:AEYP01113470	AEYP01113470		AEYP01113470.1		
musFur1:AEYP01113471	AEYP01113471		AEYP01113471.1		
musFur1:AEYP01113472	AEYP01113472		AEYP01113472.1		
musFur1:AEYP01113473	AEYP01113473		AEYP01113473.1		
musFur1:AEYP01113474	AEYP01113474		AEYP01113474.1		
musFur1:AEYP01113475	AEYP01113475		AEYP01113475.1		
musFur1:AEYP01113476	AEYP01113476		AEYP01113476.1		
musFur1:AEYP01113477	AEYP01113477		AEYP01113477.1		
musFur1:AEYP01113478	AEYP01113478		AEYP01113478.1		
musFur1:AEYP01113479	AEYP01113479		AEYP01113479.1		
musFur1:AEYP01113480	AEYP01113480		AEYP01113480.1		
musFur1:AEYP01113481	AEYP01113481		AEYP01113481.1		
musFur1:AEYP01113482	AEYP01113482		AEYP01113482.1		
musFur1:AEYP01113483	AEYP01113483		AEYP01113483.1		
musFur1:AEYP01113484	AEYP01113484		AEYP01113484.1		
musFur1:AEYP01113485	AEYP01113485		AEYP01113485.1		
musFur1:AEYP01113486	AEYP01113486		AEYP01113486.1		
musFur1:AEYP01113487	AEYP01113487		AEYP01113487.1		
musFur1:AEYP01113488	AEYP01113488		AEYP01113488.1		
musFur1:AEYP01113489	AEYP01113489		AEYP01113489.1		
musFur1:AEYP01113490	AEYP01113490		AEYP01113490.1		
musFur1:AEYP01113491	AEYP01113491		AEYP01113491.1		
musFur1:AEYP01113492	AEYP01113492		AEYP01113492.1		
musFur1:AEYP01113493	AEYP01113493		AEYP01113493.1		
musFur1:AEYP01113494	AEYP01113494		AEYP01113494.1		
musFur1:AEYP01113495	AEYP01113495		AEYP01113495.1		
musFur1:AEYP01113496	AEYP01113496		AEYP01113496.1		
musFur1:AEYP01113497	AEYP01113497		AEYP01113497.1		
musFur1:AEYP01113498	AEYP01113498		AEYP01113498.1		
musFur1:AEYP01113499	AEYP01113499		AEYP01113499.1		
musFur1:AEYP01113500	AEYP01113500		AEYP01113500.1		
musFur1:AEYP01113501	AEYP01113501		AEYP01113501.1		
musFur1:AEYP01113502	AEYP01113502		AEYP01113502.1		
musFur1:AEYP01113503	AEYP01113503		AEYP01113503.1		
musFur1:AEYP01113504	AEYP01113504		AEYP01113504.1		
musFur1:AEYP01113505	AEYP01113505		AEYP01113505.1		
musFur1:AEYP01113506	AEYP01113506		AEYP01113506.1		
musFur1:AEYP01113507	AEYP01113507		AEYP01113507.1		
musFur1:AEYP01113508	AEYP01113508		AEYP01113508.1		
musFur1:AEYP01113509	AEYP01113509		AEYP01113509.1		
musFur1:AEYP01113510	AEYP01113510		AEYP01113510.1		
musFur1:AEYP01113511	AEYP01113511		AEYP01113511.1		
musFur1:AEYP01113512	AEYP01113512		AEYP01113512.1		
musFur1:AEYP01113513	AEYP01113513		AEYP01113513.1		
musFur1:AEYP01113514	AEYP01113514		AEYP01113514.1		
musFur1:AEYP01113515	AEYP01113515		AEYP01113515.1		
musFur1:AEYP01113516	AEYP01113516		AEYP01113516.1		
musFur1:AEYP01113517	AEYP01113517		AEYP01113517.1		
musFur1:AEYP01113518	AEYP01113518		AEYP01113518.1		
musFur1:AEYP01113519	AEYP01113519		AEYP01113519.1		
musFur1:AEYP01113520	AEYP01113520		AEYP01113520.1		
musFur1:AEYP01113521	AEYP01113521		AEYP01113521.1		
musFur1:AEYP01113522	AEYP01113522		AEYP01113522.1		
musFur1:AEYP01113523	AEYP01113523		AEYP01113523.1		
musFur1:AEYP01113524	AEYP01113524		AEYP01113524.1		
musFur1:AEYP01113525	AEYP01113525		AEYP01113525.1		
musFur1:AEYP01113526	AEYP01113526		AEYP01113526.1		
musFur1:AEYP01113527	AEYP01113527		AEYP01113527.1		
musFur1:AEYP01113528	AEYP01113528		AEYP01113528.1		
musFur1:AEYP01113529	AEYP01113529		AEYP01113529.1		
musFur1:AEYP01113530	AEYP01113530		AEYP01113530.1		
musFur1:AEYP01113531	AEYP01113531		AEYP01113531.1		
musFur1:AEYP01113532	AEYP01113532		AEYP01113532.1		
musFur1:AEYP01113533	AEYP01113533		AEYP01113533.1		
musFur1:AEYP01113534	AEYP01113534		AEYP01113534.1		
musFur1:AEYP01113535	AEYP01113535		AEYP01113535.1		
musFur1:AEYP01113536	AEYP01113536		AEYP01113536.1		
musFur1:AEYP01113537	AEYP01113537		AEYP01113537.1		
musFur1:AEYP01113538	AEYP01113538		AEYP01113538.1		
musFur1:AEYP01113539	AEYP01113539		AEYP01113539.1		
musFur1:AEYP01113540	AEYP01113540		AEYP01113540.1		
musFur1:AEYP01113541	AEYP01113541		AEYP01113541.1		
musFur1:AEYP01113542	AEYP01113542		AEYP01113542.1		
musFur1:AEYP01113543	AEYP01113543		AEYP01113543.1		
musFur1:AEYP01113544	AEYP01113544		AEYP01113544.1		
musFur1:AEYP01113545	AEYP01113545		AEYP01113545.1		
musFur1:AEYP01113546	AEYP01113546		AEYP01113546.1		
musFur1:AEYP01113547	AEYP01113547		AEYP01113547.1		
musFur1:AEYP01113548	AEYP01113548		AEYP01113548.1		
musFur1:AEYP01113549	AEYP01113549		AEYP01113549.1		
musFur1:AEYP01113550	AEYP01113550		AEYP01113550.1		
musFur1:AEYP01113551	AEYP01113551		AEYP01113551.1		
musFur1:AEYP01113552	AEYP01113552		AEYP01113552.1		
musFur1:AEYP01113553	AEYP01113553		AEYP01113553.1		
musFur1:AEYP01113554	AEYP01113554		AEYP01113554.1		
musFur1:AEYP01113555	AEYP01113555		AEYP01113555.1		
musFur1:AEYP01113556	AEYP01113556		AEYP01113556.1		
musFur1:AEYP01113557	AEYP01113557		AEYP01113557.1		
musFur1:AEYP01113558	AEYP01113558		AEYP01113558.1		
musFur1:AEYP01113559	AEYP01113559		AEYP01113559.1		
musFur1:AEYP01113560	AEYP01113560		AEYP01113560.1		
musFur1:AEYP01113561	AEYP01113561		AEYP01113561.1		
musFur1:AEYP01113562	AEYP01113562		AEYP01113562.1		
musFur1:AEYP01113563	AEYP01113563		AEYP01113563.1		
musFur1:AEYP01113564	AEYP01113564		AEYP01113564.1		
musFur1:AEYP01113565	AEYP01113565		AEYP01113565.1		
musFur1:AEYP01113566	AEYP01113566		AEYP01113566.1		
musFur1:AEYP01113567	AEYP01113567		AEYP01113567.1		
musFur1:AEYP01113568	AEYP01113568		AEYP01113568.1		
musFur1:AEYP01113569	AEYP01113569		AEYP01113569.1		
musFur1:AEYP01113570	AEYP01113570		AEYP01113570.1		
musFur1:AEYP01113571	AEYP01113571		AEYP01113571.1		
musFur1:AEYP01113572	AEYP01113572		AEYP01113572.1		
musFur1:AEYP01113573	AEYP01113573		AEYP01113573.1		
musFur1:AEYP01113574	AEYP01113574		AEYP01113574.1		
musFur1:AEYP01113575	AEYP01113575		AEYP01113575.1		
musFur1:AEYP01113576	AEYP01113576		AEYP01113576.1		
musFur1:AEYP01113577	AEYP01113577		AEYP01113577.1		
musFur1:AEYP01113578	AEYP01113578		AEYP01113578.1		
musFur1:AEYP01113579	AEYP01113579		AEYP01113579.1		
musFur1:AEYP01113580	AEYP01113580		AEYP01113580.1		
musFur1:AEYP01113581	AEYP01113581		AEYP01113581.1		
musFur1:AEYP01113582	AEYP01113582		AEYP01113582.1		
musFur1:AEYP01113583	AEYP01113583		AEYP01113583.1		
musFur1:AEYP01113584	AEYP01113584		AEYP01113584.1		
musFur1:AEYP01113585	AEYP01113585		AEYP01113585.1		
musFur1:AEYP01113586	AEYP01113586		AEYP01113586.1		
musFur1:AEYP01113587	AEYP01113587		AEYP01113587.1		
musFur1:AEYP01113588	AEYP01113588		AEYP01113588.1		
musFur1:AEYP01113589	AEYP01113589		AEYP01113589.1		
musFur1:AEYP01113590	AEYP01113590		AEYP01113590.1		
musFur1:AEYP01113591	AEYP01113591		AEYP01113591.1		
musFur1:AEYP01113592	AEYP01113592		AEYP01113592.1		
musFur1:AEYP01113593	AEYP01113593		AEYP01113593.1		
musFur1:AEYP01113594	AEYP01113594		AEYP01113594.1		
musFur1:AEYP01113595	AEYP01113595		AEYP01113595.1		
musFur1:AEYP01113596	AEYP01113596		AEYP01113596.1		
musFur1:AEYP01113597	AEYP01113597		AEYP01113597.1		
musFur1:AEYP01113598	AEYP01113598		AEYP01113598.1		
musFur1:AEYP01113599	AEYP01113599		AEYP01113599.1		
musFur1:AEYP01113600	AEYP01113600		AEYP01113600.1		
musFur1:AEYP01113601	AEYP01113601		AEYP01113601.1		
musFur1:AEYP01113602	AEYP01113602		AEYP01113602.1		
musFur1:AEYP01113603	AEYP01113603		AEYP01113603.1		
musFur1:AEYP01113604	AEYP01113604		AEYP01113604.1		
musFur1:AEYP01113605	AEYP01113605		AEYP01113605.1		
musFur1:AEYP01113606	AEYP01113606		AEYP01113606.1		
musFur1:AEYP01113607	AEYP01113607		AEYP01113607.1		
musFur1:AEYP01113608	AEYP01113608		AEYP01113608.1		
musFur1:AEYP01113609	AEYP01113609		AEYP01113609.1		
musFur1:AEYP01113610	AEYP01113610		AEYP01113610.1		
musFur1:AEYP01113611	AEYP01113611		AEYP01113611.1		
musFur1:AEYP01113612	AEYP01113612		AEYP01113612.1		
musFur1:AEYP01113613	AEYP01113613		AEYP01113613.1		
musFur1:AEYP01113614	AEYP01113614		AEYP01113614.1		
musFur1:AEYP01113615	AEYP01113615		AEYP01113615.1		
musFur1:AEYP01113616	AEYP01113616		AEYP01113616.1		
musFur1:AEYP01113617	AEYP01113617		AEYP01113617.1		
musFur1:AEYP01113618	AEYP01113618		AEYP01113618.1		
musFur1:AEYP01113619	AEYP01113619		AEYP01113619.1		
musFur1:AEYP01113620	AEYP01113620		AEYP01113620.1		
musFur1:AEYP01113621	AEYP01113621		AEYP01113621.1		
musFur1:AEYP01113622	AEYP01113622		AEYP01113622.1		
musFur1:AEYP01113623	AEYP01113623		AEYP01113623.1		
musFur1:AEYP01113624	AEYP01113624		AEYP01113624.1		
musFur1:AEYP01113625	AEYP01113625		AEYP01113625.1		
musFur1:AEYP01113626	AEYP01113626		AEYP01113626.1		
musFur1:AEYP01113627	AEYP01113627		AEYP01113627.1		
musFur1:AEYP01113628	AEYP01113628		AEYP01113628.1		
musFur1:AEYP01113629	AEYP01113629		AEYP01113629.1		
musFur1:AEYP01113630	AEYP01113630		AEYP01113630.1		
musFur1:AEYP01113631	AEYP01113631		AEYP01113631.1		
musFur1:AEYP01113632	AEYP01113632		AEYP01113632.1		
musFur1:AEYP01113633	AEYP01113633		AEYP01113633.1		
musFur1:AEYP01113634	AEYP01113634		AEYP01113634.1		
musFur1:AEYP01113635	AEYP01113635		AEYP01113635.1		
musFur1:AEYP01113636	AEYP01113636		AEYP01113636.1		
musFur1:AEYP01113637	AEYP01113637		AEYP01113637.1		
musFur1:AEYP01113638	AEYP01113638		AEYP01113638.1		
musFur1:AEYP01113639	AEYP01113639		AEYP01113639.1		
musFur1:AEYP01113640	AEYP01113640		AEYP01113640.1		
musFur1:AEYP01113641	AEYP01113641		AEYP01113641.1		
musFur1:AEYP01113642	AEYP01113642		AEYP01113642.1		
musFur1:AEYP01113643	AEYP01113643		AEYP01113643.1		
musFur1:AEYP01113644	AEYP01113644		AEYP01113644.1		
musFur1:AEYP01113645	AEYP01113645		AEYP01113645.1		
musFur1:AEYP01113646	AEYP01113646		AEYP01113646.1		
musFur1:AEYP01113647	AEYP01113647		AEYP01113647.1		
musFur1:AEYP01113648	AEYP01113648		AEYP01113648.1		
musFur1:AEYP01113649	AEYP01113649		AEYP01113649.1		
musFur1:AEYP01113650	AEYP01113650		AEYP01113650.1		
musFur1:AEYP01113651	AEYP01113651		AEYP01113651.1		
musFur1:AEYP01113652	AEYP01113652		AEYP01113652.1		
musFur1:AEYP01113654	AEYP01113654		AEYP01113654.1		
musFur1:AEYP01113655	AEYP01113655		AEYP01113655.1		
musFur1:AEYP01113656	AEYP01113656		AEYP01113656.1		
musFur1:AEYP01113657	AEYP01113657		AEYP01113657.1		
musFur1:AEYP01113658	AEYP01113658		AEYP01113658.1		
musFur1:AEYP01113659	AEYP01113659		AEYP01113659.1		
musFur1:AEYP01113660	AEYP01113660		AEYP01113660.1		
musFur1:AEYP01113661	AEYP01113661		AEYP01113661.1		
musFur1:AEYP01113662	AEYP01113662		AEYP01113662.1		
musFur1:AEYP01113663	AEYP01113663		AEYP01113663.1		
musFur1:AEYP01113664	AEYP01113664		AEYP01113664.1		
musFur1:AEYP01113665	AEYP01113665		AEYP01113665.1		
musFur1:AEYP01113666	AEYP01113666		AEYP01113666.1		
musFur1:AEYP01113667	AEYP01113667		AEYP01113667.1		
musFur1:AEYP01113668	AEYP01113668		AEYP01113668.1		
musFur1:AEYP01113669	AEYP01113669		AEYP01113669.1		
musFur1:AEYP01113670	AEYP01113670		AEYP01113670.1		
musFur1:AEYP01113671	AEYP01113671		AEYP01113671.1		
musFur1:AEYP01113672	AEYP01113672		AEYP01113672.1		
musFur1:AEYP01113673	AEYP01113673		AEYP01113673.1		
musFur1:AEYP01113674	AEYP01113674		AEYP01113674.1		
musFur1:AEYP01113675	AEYP01113675		AEYP01113675.1		
musFur1:AEYP01113676	AEYP01113676		AEYP01113676.1		
musFur1:AEYP01113677	AEYP01113677		AEYP01113677.1		
musFur1:AEYP01113678	AEYP01113678		AEYP01113678.1		
musFur1:AEYP01113679	AEYP01113679		AEYP01113679.1		
musFur1:AEYP01113680	AEYP01113680		AEYP01113680.1		
musFur1:AEYP01113681	AEYP01113681		AEYP01113681.1		
musFur1:AEYP01113682	AEYP01113682		AEYP01113682.1		
musFur1:AEYP01113683	AEYP01113683		AEYP01113683.1		
musFur1:AEYP01113684	AEYP01113684		AEYP01113684.1		
musFur1:AEYP01113685	AEYP01113685		AEYP01113685.1		
musFur1:AEYP01113686	AEYP01113686		AEYP01113686.1		
musFur1:AEYP01113687	AEYP01113687		AEYP01113687.1		
musFur1:AEYP01113688	AEYP01113688		AEYP01113688.1		
musFur1:AEYP01113689	AEYP01113689		AEYP01113689.1		
musFur1:AEYP01113690	AEYP01113690		AEYP01113690.1		
musFur1:AEYP01113691	AEYP01113691		AEYP01113691.1		
musFur1:AEYP01113692	AEYP01113692		AEYP01113692.1		
musFur1:AEYP01113693	AEYP01113693		AEYP01113693.1		
musFur1:AEYP01113694	AEYP01113694		AEYP01113694.1		
musFur1:AEYP01113695	AEYP01113695		AEYP01113695.1		
musFur1:AEYP01113696	AEYP01113696		AEYP01113696.1		
musFur1:AEYP01113697	AEYP01113697		AEYP01113697.1		
musFur1:AEYP01113698	AEYP01113698		AEYP01113698.1		
musFur1:AEYP01113699	AEYP01113699		AEYP01113699.1		
musFur1:AEYP01113700	AEYP01113700		AEYP01113700.1		
musFur1:AEYP01113701	AEYP01113701		AEYP01113701.1		
musFur1:AEYP01113702	AEYP01113702		AEYP01113702.1		
musFur1:AEYP01113703	AEYP01113703		AEYP01113703.1		
musFur1:AEYP01113704	AEYP01113704		AEYP01113704.1		
musFur1:AEYP01113705	AEYP01113705		AEYP01113705.1		
musFur1:AEYP01113706	AEYP01113706		AEYP01113706.1		
musFur1:AEYP01113707	AEYP01113707		AEYP01113707.1		
musFur1:AEYP01113708	AEYP01113708		AEYP01113708.1		
musFur1:AEYP01113709	AEYP01113709		AEYP01113709.1		
musFur1:AEYP01113710	AEYP01113710		AEYP01113710.1		
musFur1:AEYP01113711	AEYP01113711		AEYP01113711.1		
musFur1:AEYP01113712	AEYP01113712		AEYP01113712.1		
musFur1:AEYP01113713	AEYP01113713		AEYP01113713.1		
musFur1:AEYP01113714	AEYP01113714		AEYP01113714.1		
musFur1:AEYP01113715	AEYP01113715		AEYP01113715.1		
musFur1:AEYP01113716	AEYP01113716		AEYP01113716.1		
musFur1:AEYP01113717	AEYP01113717		AEYP01113717.1		
musFur1:AEYP01113718	AEYP01113718		AEYP01113718.1		
musFur1:AEYP01113719	AEYP01113719		AEYP01113719.1		
musFur1:AEYP01113720	AEYP01113720		AEYP01113720.1		
musFur1:AEYP01113721	AEYP01113721		AEYP01113721.1		
musFur1:AEYP01113722	AEYP01113722		AEYP01113722.1		
musFur1:AEYP01113723	AEYP01113723		AEYP01113723.1		
musFur1:AEYP01113724	AEYP01113724		AEYP01113724.1		
musFur1:AEYP01113725	AEYP01113725		AEYP01113725.1		
musFur1:AEYP01113726	AEYP01113726		AEYP01113726.1		
musFur1:AEYP01113727	AEYP01113727		AEYP01113727.1		
musFur1:AEYP01113728	AEYP01113728		AEYP01113728.1		
musFur1:AEYP01113729	AEYP01113729		AEYP01113729.1		
musFur1:AEYP01113730	AEYP01113730		AEYP01113730.1		
musFur1:AEYP01113731	AEYP01113731		AEYP01113731.1		
musFur1:AEYP01113732	AEYP01113732		AEYP01113732.1		
musFur1:AEYP01113733	AEYP01113733		AEYP01113733.1		
musFur1:AEYP01113734	AEYP01113734		AEYP01113734.1		
musFur1:AEYP01113735	AEYP01113735		AEYP01113735.1		
musFur1:AEYP01113736	AEYP01113736		AEYP01113736.1		
musFur1:AEYP01113737	AEYP01113737		AEYP01113737.1		
musFur1:AEYP01113738	AEYP01113738		AEYP01113738.1		
musFur1:AEYP01113739	AEYP01113739		AEYP01113739.1		
musFur1:AEYP01113740	AEYP01113740		AEYP01113740.1		
musFur1:AEYP01113741	AEYP01113741		AEYP01113741.1		
musFur1:AEYP01113742	AEYP01113742		AEYP01113742.1		
musFur1:AEYP01113743	AEYP01113743		AEYP01113743.1		
musFur1:AEYP01113744	AEYP01113744		AEYP01113744.1		
musFur1:AEYP01113745	AEYP01113745		AEYP01113745.1		
musFur1:AEYP01113746	AEYP01113746		AEYP01113746.1		
musFur1:AEYP01113747	AEYP01113747		AEYP01113747.1		
musFur1:AEYP01113748	AEYP01113748		AEYP01113748.1		
musFur1:AEYP01113749	AEYP01113749		AEYP01113749.1		
musFur1:AEYP01113750	AEYP01113750		AEYP01113750.1		
musFur1:AEYP01113751	AEYP01113751		AEYP01113751.1		
musFur1:AEYP01113752	AEYP01113752		AEYP01113752.1		
musFur1:AEYP01113753	AEYP01113753		AEYP01113753.1		
musFur1:AEYP01113754	AEYP01113754		AEYP01113754.1		
musFur1:AEYP01113755	AEYP01113755		AEYP01113755.1		
musFur1:AEYP01113757	AEYP01113757		AEYP01113757.1		
musFur1:AEYP01113758	AEYP01113758		AEYP01113758.1		
musFur1:AEYP01113759	AEYP01113759		AEYP01113759.1		
musFur1:AEYP01113760	AEYP01113760		AEYP01113760.1		
musFur1:AEYP01113761	AEYP01113761		AEYP01113761.1		
musFur1:AEYP01113762	AEYP01113762		AEYP01113762.1		
musFur1:AEYP01113763	AEYP01113763		AEYP01113763.1		
musFur1:AEYP01113764	AEYP01113764		AEYP01113764.1		
musFur1:AEYP01113765	AEYP01113765		AEYP01113765.1		
musFur1:AEYP01113766	AEYP01113766		AEYP01113766.1		
musFur1:AEYP01113767	AEYP01113767		AEYP01113767.1		
musFur1:AEYP01113768	AEYP01113768		AEYP01113768.1		
musFur1:AEYP01113769	AEYP01113769		AEYP01113769.1		
musFur1:AEYP01113770	AEYP01113770		AEYP01113770.1		
musFur1:AEYP01113771	AEYP01113771		AEYP01113771.1		
musFur1:AEYP01113772	AEYP01113772		AEYP01113772.1		
musFur1:AEYP01113773	AEYP01113773		AEYP01113773.1		
musFur1:AEYP01113774	AEYP01113774		AEYP01113774.1		
musFur1:AEYP01113775	AEYP01113775		AEYP01113775.1		
musFur1:AEYP01113776	AEYP01113776		AEYP01113776.1		
musFur1:AEYP01113777	AEYP01113777		AEYP01113777.1		
musFur1:AEYP01113778	AEYP01113778		AEYP01113778.1		
musFur1:AEYP01113779	AEYP01113779		AEYP01113779.1		
musFur1:AEYP01113780	AEYP01113780		AEYP01113780.1		
musFur1:AEYP01113781	AEYP01113781		AEYP01113781.1		
musFur1:AEYP01113782	AEYP01113782		AEYP01113782.1		
musFur1:AEYP01113783	AEYP01113783		AEYP01113783.1		
musFur1:AEYP01113784	AEYP01113784		AEYP01113784.1		
musFur1:AEYP01113785	AEYP01113785		AEYP01113785.1		
musFur1:AEYP01113786	AEYP01113786		AEYP01113786.1		
musFur1:AEYP01113787	AEYP01113787		AEYP01113787.1		
musFur1:AEYP01113788	AEYP01113788		AEYP01113788.1		
musFur1:AEYP01113789	AEYP01113789		AEYP01113789.1		
musFur1:AEYP01113790	AEYP01113790		AEYP01113790.1		
musFur1:AEYP01113791	AEYP01113791		AEYP01113791.1		
musFur1:AEYP01113792	AEYP01113792		AEYP01113792.1		
musFur1:AEYP01113793	AEYP01113793		AEYP01113793.1		
musFur1:AEYP01113794	AEYP01113794		AEYP01113794.1		
musFur1:AEYP01113795	AEYP01113795		AEYP01113795.1		
musFur1:AEYP01113796	AEYP01113796		AEYP01113796.1		
musFur1:AEYP01113797	AEYP01113797		AEYP01113797.1		
musFur1:AEYP01113798	AEYP01113798		AEYP01113798.1		
musFur1:AEYP01113799	AEYP01113799		AEYP01113799.1		
musFur1:AEYP01113800	AEYP01113800		AEYP01113800.1		
musFur1:AEYP01113801	AEYP01113801		AEYP01113801.1		
musFur1:AEYP01113802	AEYP01113802		AEYP01113802.1		
musFur1:AEYP01113803	AEYP01113803		AEYP01113803.1		
musFur1:AEYP01113804	AEYP01113804		AEYP01113804.1		
musFur1:AEYP01113805	AEYP01113805		AEYP01113805.1		
musFur1:AEYP01113806	AEYP01113806		AEYP01113806.1		
musFur1:AEYP01113807	AEYP01113807		AEYP01113807.1		
musFur1:AEYP01113808	AEYP01113808		AEYP01113808.1		
musFur1:AEYP01113809	AEYP01113809		AEYP01113809.1		
musFur1:AEYP01113810	AEYP01113810		AEYP01113810.1		
musFur1:AEYP01113811	AEYP01113811		AEYP01113811.1		
musFur1:AEYP01113812	AEYP01113812		AEYP01113812.1		
musFur1:AEYP01113813	AEYP01113813		AEYP01113813.1		
musFur1:AEYP01113814	AEYP01113814		AEYP01113814.1		
musFur1:AEYP01113815	AEYP01113815		AEYP01113815.1		
musFur1:AEYP01113816	AEYP01113816		AEYP01113816.1		
musFur1:AEYP01113817	AEYP01113817		AEYP01113817.1		
musFur1:AEYP01113818	AEYP01113818		AEYP01113818.1		
musFur1:AEYP01113819	AEYP01113819		AEYP01113819.1		
musFur1:AEYP01113820	AEYP01113820		AEYP01113820.1		
musFur1:AEYP01113821	AEYP01113821		AEYP01113821.1		
musFur1:AEYP01113822	AEYP01113822		AEYP01113822.1		
musFur1:AEYP01113823	AEYP01113823		AEYP01113823.1		
musFur1:AEYP01113824	AEYP01113824		AEYP01113824.1		
musFur1:AEYP01113825	AEYP01113825		AEYP01113825.1		
musFur1:AEYP01113826	AEYP01113826		AEYP01113826.1		
musFur1:AEYP01113827	AEYP01113827		AEYP01113827.1		
musFur1:AEYP01113828	AEYP01113828		AEYP01113828.1		
musFur1:AEYP01113829	AEYP01113829		AEYP01113829.1		
musFur1:AEYP01113830	AEYP01113830		AEYP01113830.1		
musFur1:AEYP01113831	AEYP01113831		AEYP01113831.1		
musFur1:AEYP01113832	AEYP01113832		AEYP01113832.1		
musFur1:AEYP01113833	AEYP01113833		AEYP01113833.1		
musFur1:AEYP01113834	AEYP01113834		AEYP01113834.1		
musFur1:AEYP01113835	AEYP01113835		AEYP01113835.1		
musFur1:AEYP01113836	AEYP01113836		AEYP01113836.1		
musFur1:AEYP01113837	AEYP01113837		AEYP01113837.1		
musFur1:AEYP01113838	AEYP01113838		AEYP01113838.1		
musFur1:AEYP01113839	AEYP01113839		AEYP01113839.1		
musFur1:AEYP01113840	AEYP01113840		AEYP01113840.1		
musFur1:AEYP01113841	AEYP01113841		AEYP01113841.1		
musFur1:AEYP01113842	AEYP01113842		AEYP01113842.1		
musFur1:AEYP01113843	AEYP01113843		AEYP01113843.1		
musFur1:AEYP01113844	AEYP01113844		AEYP01113844.1		
musFur1:AEYP01113845	AEYP01113845		AEYP01113845.1		
musFur1:AEYP01113846	AEYP01113846		AEYP01113846.1		
musFur1:AEYP01113847	AEYP01113847		AEYP01113847.1		
musFur1:AEYP01113848	AEYP01113848		AEYP01113848.1		
musFur1:AEYP01113849	AEYP01113849		AEYP01113849.1		
musFur1:AEYP01113850	AEYP01113850		AEYP01113850.1		
musFur1:AEYP01113851	AEYP01113851		AEYP01113851.1		
musFur1:AEYP01113852	AEYP01113852		AEYP01113852.1		
musFur1:AEYP01113853	AEYP01113853		AEYP01113853.1		
musFur1:AEYP01113854	AEYP01113854		AEYP01113854.1		
musFur1:AEYP01113855	AEYP01113855		AEYP01113855.1		
musFur1:AEYP01113856	AEYP01113856		AEYP01113856.1		
musFur1:AEYP01113857	AEYP01113857		AEYP01113857.1		
musFur1:AEYP01113858	AEYP01113858		AEYP01113858.1		
musFur1:AEYP01113859	AEYP01113859		AEYP01113859.1		
musFur1:AEYP01113860	AEYP01113860		AEYP01113860.1		
musFur1:AEYP01113861	AEYP01113861		AEYP01113861.1		
musFur1:AEYP01113862	AEYP01113862		AEYP01113862.1		
musFur1:AEYP01113863	AEYP01113863		AEYP01113863.1		
musFur1:AEYP01113864	AEYP01113864		AEYP01113864.1		
musFur1:AEYP01113865	AEYP01113865		AEYP01113865.1		
musFur1:AEYP01113866	AEYP01113866		AEYP01113866.1		
musFur1:AEYP01113867	AEYP01113867		AEYP01113867.1		
musFur1:AEYP01113868	AEYP01113868		AEYP01113868.1		
musFur1:AEYP01113869	AEYP01113869		AEYP01113869.1		
musFur1:AEYP01113870	AEYP01113870		AEYP01113870.1		
musFur1:AEYP01113871	AEYP01113871		AEYP01113871.1		
musFur1:AEYP01113872	AEYP01113872		AEYP01113872.1		
musFur1:AEYP01113873	AEYP01113873		AEYP01113873.1		
musFur1:AEYP01113874	AEYP01113874		AEYP01113874.1		
musFur1:AEYP01113875	AEYP01113875		AEYP01113875.1		
musFur1:AEYP01113876	AEYP01113876		AEYP01113876.1		
musFur1:AEYP01113877	AEYP01113877		AEYP01113877.1		
musFur1:AEYP01113878	AEYP01113878		AEYP01113878.1		
musFur1:AEYP01113879	AEYP01113879		AEYP01113879.1		
musFur1:AEYP01113880	AEYP01113880		AEYP01113880.1		
musFur1:AEYP01113881	AEYP01113881		AEYP01113881.1		
musFur1:AEYP01113882	AEYP01113882		AEYP01113882.1		
musFur1:AEYP01113883	AEYP01113883		AEYP01113883.1		
musFur1:AEYP01113884	AEYP01113884		AEYP01113884.1		
musFur1:AEYP01113885	AEYP01113885		AEYP01113885.1		
musFur1:AEYP01113886	AEYP01113886		AEYP01113886.1		
musFur1:AEYP01113887	AEYP01113887		AEYP01113887.1		
musFur1:AEYP01113888	AEYP01113888		AEYP01113888.1		
musFur1:AEYP01113889	AEYP01113889		AEYP01113889.1		
musFur1:AEYP01113890	AEYP01113890		AEYP01113890.1		
musFur1:AEYP01113891	AEYP01113891		AEYP01113891.1		
musFur1:AEYP01113892	AEYP01113892		AEYP01113892.1		
musFur1:AEYP01113893	AEYP01113893		AEYP01113893.1		
musFur1:AEYP01113894	AEYP01113894		AEYP01113894.1		
musFur1:AEYP01113895	AEYP01113895		AEYP01113895.1		
musFur1:AEYP01113896	AEYP01113896		AEYP01113896.1		
musFur1:AEYP01113897	AEYP01113897		AEYP01113897.1		
musFur1:AEYP01113898	AEYP01113898		AEYP01113898.1		
musFur1:AEYP01113899	AEYP01113899		AEYP01113899.1		
musFur1:AEYP01113900	AEYP01113900		AEYP01113900.1		
musFur1:AEYP01113901	AEYP01113901		AEYP01113901.1		
musFur1:AEYP01113902	AEYP01113902		AEYP01113902.1		
musFur1:AEYP01113903	AEYP01113903		AEYP01113903.1		
musFur1:AEYP01113904	AEYP01113904		AEYP01113904.1		
musFur1:AEYP01113905	AEYP01113905		AEYP01113905.1		
musFur1:AEYP01113906	AEYP01113906		AEYP01113906.1		
musFur1:AEYP01113907	AEYP01113907		AEYP01113907.1		
musFur1:AEYP01113908	AEYP01113908		AEYP01113908.1		
musFur1:AEYP01113909	AEYP01113909		AEYP01113909.1		
musFur1:AEYP01113910	AEYP01113910		AEYP01113910.1		
musFur1:AEYP01113911	AEYP01113911		AEYP01113911.1		
musFur1:AEYP01113912	AEYP01113912		AEYP01113912.1		
musFur1:AEYP01113913	AEYP01113913		AEYP01113913.1		
musFur1:AEYP01113914	AEYP01113914		AEYP01113914.1		
musFur1:AEYP01113915	AEYP01113915		AEYP01113915.1		
musFur1:AEYP01113916	AEYP01113916		AEYP01113916.1		
musFur1:AEYP01113917	AEYP01113917		AEYP01113917.1		
musFur1:AEYP01113918	AEYP01113918		AEYP01113918.1		
musFur1:AEYP01113919	AEYP01113919		AEYP01113919.1		
musFur1:AEYP01113920	AEYP01113920		AEYP01113920.1		
musFur1:AEYP01113921	AEYP01113921		AEYP01113921.1		
musFur1:AEYP01113922	AEYP01113922		AEYP01113922.1		
musFur1:AEYP01113923	AEYP01113923		AEYP01113923.1		
musFur1:AEYP01113924	AEYP01113924		AEYP01113924.1		
musFur1:AEYP01113925	AEYP01113925		AEYP01113925.1		
musFur1:AEYP01113926	AEYP01113926		AEYP01113926.1		
musFur1:AEYP01113927	AEYP01113927		AEYP01113927.1		
musFur1:AEYP01113928	AEYP01113928		AEYP01113928.1		
musFur1:AEYP01113929	AEYP01113929		AEYP01113929.1		
musFur1:AEYP01113930	AEYP01113930		AEYP01113930.1		
musFur1:AEYP01113931	AEYP01113931		AEYP01113931.1		
musFur1:AEYP01113932	AEYP01113932		AEYP01113932.1		
musFur1:AEYP01113933	AEYP01113933		AEYP01113933.1		
musFur1:AEYP01113934	AEYP01113934		AEYP01113934.1		
musFur1:AEYP01113935	AEYP01113935		AEYP01113935.1		
musFur1:AEYP01113936	AEYP01113936		AEYP01113936.1		
musFur1:AEYP01113937	AEYP01113937		AEYP01113937.1		
musFur1:AEYP01113938	AEYP01113938		AEYP01113938.1		
musFur1:AEYP01113939	AEYP01113939		AEYP01113939.1		
musFur1:AEYP01113940	AEYP01113940		AEYP01113940.1		
musFur1:AEYP01113941	AEYP01113941		AEYP01113941.1		
musFur1:AEYP01113942	AEYP01113942		AEYP01113942.1		
musFur1:AEYP01113943	AEYP01113943		AEYP01113943.1		
musFur1:AEYP01113944	AEYP01113944		AEYP01113944.1		
musFur1:AEYP01113945	AEYP01113945		AEYP01113945.1		
musFur1:AEYP01113946	AEYP01113946		AEYP01113946.1		
musFur1:AEYP01113947	AEYP01113947		AEYP01113947.1		
musFur1:AEYP01113948	AEYP01113948		AEYP01113948.1		
musFur1:AEYP01113949	AEYP01113949		AEYP01113949.1		
musFur1:AEYP01113950	AEYP01113950		AEYP01113950.1		
musFur1:AEYP01113951	AEYP01113951		AEYP01113951.1		
musFur1:AEYP01113952	AEYP01113952		AEYP01113952.1		
musFur1:AEYP01113953	AEYP01113953		AEYP01113953.1		
musFur1:AEYP01113954	AEYP01113954		AEYP01113954.1		
musFur1:AEYP01113955	AEYP01113955		AEYP01113955.1		
musFur1:AEYP01113956	AEYP01113956		AEYP01113956.1		
musFur1:AEYP01113957	AEYP01113957		AEYP01113957.1		
musFur1:AEYP01113958	AEYP01113958		AEYP01113958.1		
musFur1:AEYP01113959	AEYP01113959		AEYP01113959.1		
musFur1:AEYP01113960	AEYP01113960		AEYP01113960.1		
musFur1:AEYP01113961	AEYP01113961		AEYP01113961.1		
musFur1:AEYP01113962	AEYP01113962		AEYP01113962.1		
musFur1:AEYP01113963	AEYP01113963		AEYP01113963.1		
musFur1:AEYP01113964	AEYP01113964		AEYP01113964.1		
musFur1:AEYP01113965	AEYP01113965		AEYP01113965.1		
musFur1:AEYP01113966	AEYP01113966		AEYP01113966.1		
musFur1:AEYP01113967	AEYP01113967		AEYP01113967.1		
musFur1:AEYP01113968	AEYP01113968		AEYP01113968.1		
musFur1:AEYP01113969	AEYP01113969		AEYP01113969.1		
musFur1:AEYP01113970	AEYP01113970		AEYP01113970.1		
musFur1:AEYP01113971	AEYP01113971		AEYP01113971.1		
musFur1:AEYP01113972	AEYP01113972		AEYP01113972.1		
musFur1:AEYP01113973	AEYP01113973		AEYP01113973.1		
musFur1:AEYP01113974	AEYP01113974		AEYP01113974.1		
musFur1:AEYP01113975	AEYP01113975		AEYP01113975.1		
musFur1:AEYP01113976	AEYP01113976		AEYP01113976.1		
musFur1:AEYP01113977	AEYP01113977		AEYP01113977.1		
musFur1:AEYP01113978	AEYP01113978		AEYP01113978.1		
musFur1:AEYP01113979	AEYP01113979		AEYP01113979.1		
musFur1:AEYP01113980	AEYP01113980		AEYP01113980.1		
musFur1:AEYP01113981	AEYP01113981		AEYP01113981.1		
musFur1:AEYP01113982	AEYP01113982		AEYP01113982.1		
musFur1:AEYP01113983	AEYP01113983		AEYP01113983.1		
musFur1:AEYP01113984	AEYP01113984		AEYP01113984.1		
musFur1:AEYP01113985	AEYP01113985		AEYP01113985.1		
musFur1:AEYP01113986	AEYP01113986		AEYP01113986.1		
musFur1:AEYP01113987	AEYP01113987		AEYP01113987.1		
musFur1:AEYP01113988	AEYP01113988		AEYP01113988.1		
musFur1:AEYP01113989	AEYP01113989		AEYP01113989.1		
musFur1:AEYP01113990	AEYP01113990		AEYP01113990.1		
musFur1:AEYP01113991	AEYP01113991		AEYP01113991.1		
musFur1:AEYP01113992	AEYP01113992		AEYP01113992.1		
musFur1:AEYP01113993	AEYP01113993		AEYP01113993.1		
musFur1:AEYP01113994	AEYP01113994		AEYP01113994.1		
musFur1:AEYP01113995	AEYP01113995		AEYP01113995.1		
musFur1:AEYP01113996	AEYP01113996		AEYP01113996.1		
musFur1:AEYP01113997	AEYP01113997		AEYP01113997.1		
musFur1:AEYP01113998	AEYP01113998		AEYP01113998.1		
musFur1:AEYP01113999	AEYP01113999		AEYP01113999.1		
musFur1:AEYP01114000	AEYP01114000		AEYP01114000.1		
musFur1:AEYP01114001	AEYP01114001		AEYP01114001.1		
musFur1:AEYP01114002	AEYP01114002		AEYP01114002.1		
musFur1:AEYP01114003	AEYP01114003		AEYP01114003.1		
musFur1:AEYP01114004	AEYP01114004		AEYP01114004.1		
musFur1:AEYP01114005	AEYP01114005		AEYP01114005.1		
musFur1:AEYP01114006	AEYP01114006		AEYP01114006.1		
musFur1:AEYP01114007	AEYP01114007		AEYP01114007.1		
musFur1:AEYP01114008	AEYP01114008		AEYP01114008.1		
musFur1:AEYP01114009	AEYP01114009		AEYP01114009.1		
musFur1:AEYP01114010	AEYP01114010		AEYP01114010.1		
musFur1:AEYP01114011	AEYP01114011		AEYP01114011.1		
musFur1:AEYP01114012	AEYP01114012		AEYP01114012.1		
musFur1:AEYP01114013	AEYP01114013		AEYP01114013.1		
musFur1:AEYP01114014	AEYP01114014		AEYP01114014.1		
musFur1:AEYP01114015	AEYP01114015		AEYP01114015.1		
musFur1:AEYP01114016	AEYP01114016		AEYP01114016.1		
musFur1:AEYP01114017	AEYP01114017		AEYP01114017.1		
musFur1:AEYP01114018	AEYP01114018		AEYP01114018.1		
musFur1:AEYP01114019	AEYP01114019		AEYP01114019.1		
musFur1:AEYP01114020	AEYP01114020		AEYP01114020.1		
musFur1:AEYP01114021	AEYP01114021		AEYP01114021.1		
musFur1:AEYP01114022	AEYP01114022		AEYP01114022.1		
musFur1:AEYP01114023	AEYP01114023		AEYP01114023.1		
musFur1:AEYP01114024	AEYP01114024		AEYP01114024.1		
musFur1:AEYP01114025	AEYP01114025		AEYP01114025.1		
musFur1:AEYP01114026	AEYP01114026		AEYP01114026.1		
musFur1:AEYP01114027	AEYP01114027		AEYP01114027.1		
musFur1:AEYP01114028	AEYP01114028		AEYP01114028.1		
musFur1:AEYP01114029	AEYP01114029		AEYP01114029.1		
musFur1:AEYP01114030	AEYP01114030		AEYP01114030.1		
musFur1:AEYP01114031	AEYP01114031		AEYP01114031.1		
musFur1:AEYP01114032	AEYP01114032		AEYP01114032.1		
musFur1:AEYP01114033	AEYP01114033		AEYP01114033.1		
musFur1:AEYP01114034	AEYP01114034		AEYP01114034.1		
musFur1:AEYP01114035	AEYP01114035		AEYP01114035.1		
musFur1:AEYP01114036	AEYP01114036		AEYP01114036.1		
musFur1:AEYP01114037	AEYP01114037		AEYP01114037.1		
musFur1:AEYP01114038	AEYP01114038		AEYP01114038.1		
musFur1:AEYP01114039	AEYP01114039		AEYP01114039.1		
musFur1:AEYP01114040	AEYP01114040		AEYP01114040.1		
musFur1:AEYP01114041	AEYP01114041		AEYP01114041.1		
musFur1:AEYP01114042	AEYP01114042		AEYP01114042.1		
musFur1:AEYP01114043	AEYP01114043		AEYP01114043.1		
musFur1:AEYP01114044	AEYP01114044		AEYP01114044.1		
musFur1:AEYP01114045	AEYP01114045		AEYP01114045.1		
musFur1:AEYP01114046	AEYP01114046		AEYP01114046.1		
musFur1:AEYP01114047	AEYP01114047		AEYP01114047.1		
musFur1:AEYP01114048	AEYP01114048		AEYP01114048.1		
musFur1:AEYP01114049	AEYP01114049		AEYP01114049.1		
musFur1:AEYP01114050	AEYP01114050		AEYP01114050.1		
musFur1:AEYP01114051	AEYP01114051		AEYP01114051.1		
musFur1:AEYP01114052	AEYP01114052		AEYP01114052.1		
musFur1:AEYP01114053	AEYP01114053		AEYP01114053.1		
musFur1:AEYP01114054	AEYP01114054		AEYP01114054.1		
musFur1:AEYP01114055	AEYP01114055		AEYP01114055.1		
musFur1:AEYP01114056	AEYP01114056		AEYP01114056.1		
musFur1:AEYP01114057	AEYP01114057		AEYP01114057.1		
musFur1:AEYP01114058	AEYP01114058		AEYP01114058.1		
musFur1:AEYP01114059	AEYP01114059		AEYP01114059.1		
musFur1:AEYP01114060	AEYP01114060		AEYP01114060.1		
musFur1:AEYP01114061	AEYP01114061		AEYP01114061.1		
musFur1:AEYP01114062	AEYP01114062		AEYP01114062.1		
musFur1:AEYP01114063	AEYP01114063		AEYP01114063.1		
musFur1:AEYP01114064	AEYP01114064		AEYP01114064.1		
musFur1:AEYP01114065	AEYP01114065		AEYP01114065.1		
musFur1:AEYP01114066	AEYP01114066		AEYP01114066.1		
musFur1:AEYP01114067	AEYP01114067		AEYP01114067.1		
musFur1:AEYP01114068	AEYP01114068		AEYP01114068.1		
musFur1:AEYP01114069	AEYP01114069		AEYP01114069.1		
musFur1:AEYP01114070	AEYP01114070		AEYP01114070.1		
musFur1:AEYP01114071	AEYP01114071		AEYP01114071.1		
musFur1:AEYP01114072	AEYP01114072		AEYP01114072.1		
musFur1:AEYP01114073	AEYP01114073		AEYP01114073.1		
musFur1:AEYP01114074	AEYP01114074		AEYP01114074.1		
musFur1:AEYP01114075	AEYP01114075		AEYP01114075.1		
musFur1:AEYP01114076	AEYP01114076		AEYP01114076.1		
musFur1:AEYP01114077	AEYP01114077		AEYP01114077.1		
musFur1:AEYP01114078	AEYP01114078		AEYP01114078.1		
musFur1:AEYP01114079	AEYP01114079		AEYP01114079.1		
musFur1:AEYP01114080	AEYP01114080		AEYP01114080.1		
musFur1:AEYP01114081	AEYP01114081		AEYP01114081.1		
musFur1:AEYP01114082	AEYP01114082		AEYP01114082.1		
musFur1:AEYP01114083	AEYP01114083		AEYP01114083.1		
musFur1:AEYP01114084	AEYP01114084		AEYP01114084.1		
musFur1:AEYP01114085	AEYP01114085		AEYP01114085.1		
musFur1:AEYP01114086	AEYP01114086		AEYP01114086.1		
musFur1:AEYP01114087	AEYP01114087		AEYP01114087.1		
musFur1:AEYP01114088	AEYP01114088		AEYP01114088.1		
musFur1:AEYP01114089	AEYP01114089		AEYP01114089.1		
musFur1:AEYP01114090	AEYP01114090		AEYP01114090.1		
musFur1:AEYP01114091	AEYP01114091		AEYP01114091.1		
musFur1:AEYP01114092	AEYP01114092		AEYP01114092.1		
musFur1:AEYP01114093	AEYP01114093		AEYP01114093.1		
musFur1:AEYP01114094	AEYP01114094		AEYP01114094.1		
musFur1:AEYP01114095	AEYP01114095		AEYP01114095.1		
musFur1:AEYP01114096	AEYP01114096		AEYP01114096.1		
musFur1:AEYP01114097	AEYP01114097		AEYP01114097.1		
musFur1:AEYP01114098	AEYP01114098		AEYP01114098.1		
musFur1:AEYP01114099	AEYP01114099		AEYP01114099.1		
musFur1:AEYP01114100	AEYP01114100		AEYP01114100.1		
musFur1:AEYP01114101	AEYP01114101		AEYP01114101.1		
musFur1:AEYP01114102	AEYP01114102		AEYP01114102.1		
musFur1:AEYP01114103	AEYP01114103		AEYP01114103.1		
musFur1:AEYP01114104	AEYP01114104		AEYP01114104.1		
musFur1:AEYP01114105	AEYP01114105		AEYP01114105.1		
musFur1:AEYP01114106	AEYP01114106		AEYP01114106.1		
musFur1:AEYP01114107	AEYP01114107		AEYP01114107.1		
musFur1:AEYP01114108	AEYP01114108		AEYP01114108.1		
musFur1:AEYP01114109	AEYP01114109		AEYP01114109.1		
musFur1:AEYP01114110	AEYP01114110		AEYP01114110.1		
musFur1:AEYP01114111	AEYP01114111		AEYP01114111.1		
musFur1:AEYP01114112	AEYP01114112		AEYP01114112.1		
musFur1:AEYP01114113	AEYP01114113		AEYP01114113.1		
musFur1:AEYP01114114	AEYP01114114		AEYP01114114.1		
musFur1:AEYP01114115	AEYP01114115		AEYP01114115.1		
musFur1:AEYP01114116	AEYP01114116		AEYP01114116.1		
musFur1:AEYP01114117	AEYP01114117		AEYP01114117.1		
musFur1:AEYP01114118	AEYP01114118		AEYP01114118.1		
musFur1:AEYP01114119	AEYP01114119		AEYP01114119.1		
musFur1:AEYP01114120	AEYP01114120		AEYP01114120.1		
musFur1:AEYP01114121	AEYP01114121		AEYP01114121.1		
musFur1:AEYP01114122	AEYP01114122		AEYP01114122.1		
musFur1:AEYP01114123	AEYP01114123		AEYP01114123.1		
musFur1:AEYP01114124	AEYP01114124		AEYP01114124.1		
musFur1:AEYP01114126	AEYP01114126		AEYP01114126.1		
musFur1:AEYP01114127	AEYP01114127		AEYP01114127.1		
musFur1:AEYP01114128	AEYP01114128		AEYP01114128.1		
musFur1:AEYP01114129	AEYP01114129		AEYP01114129.1		
musFur1:AEYP01114130	AEYP01114130		AEYP01114130.1		
musFur1:AEYP01114131	AEYP01114131		AEYP01114131.1		
musFur1:AEYP01114132	AEYP01114132		AEYP01114132.1		
musFur1:AEYP01114133	AEYP01114133		AEYP01114133.1		
musFur1:AEYP01114134	AEYP01114134		AEYP01114134.1		
musFur1:AEYP01114135	AEYP01114135		AEYP01114135.1		
musFur1:AEYP01114136	AEYP01114136		AEYP01114136.1		
musFur1:AEYP01114137	AEYP01114137		AEYP01114137.1		
musFur1:AEYP01114138	AEYP01114138		AEYP01114138.1		
musFur1:AEYP01114139	AEYP01114139		AEYP01114139.1		
musFur1:AEYP01114140	AEYP01114140		AEYP01114140.1		
musFur1:AEYP01114141	AEYP01114141		AEYP01114141.1		
musFur1:AEYP01114142	AEYP01114142		AEYP01114142.1		
musFur1:AEYP01114143	AEYP01114143		AEYP01114143.1		
musFur1:AEYP01114144	AEYP01114144		AEYP01114144.1		
musFur1:AEYP01114145	AEYP01114145		AEYP01114145.1		
musFur1:AEYP01114146	AEYP01114146		AEYP01114146.1		
musFur1:AEYP01114147	AEYP01114147		AEYP01114147.1		
musFur1:AEYP01114148	AEYP01114148		AEYP01114148.1		
musFur1:AEYP01114149	AEYP01114149		AEYP01114149.1		
musFur1:AEYP01114150	AEYP01114150		AEYP01114150.1		
musFur1:AEYP01114151	AEYP01114151		AEYP01114151.1		
musFur1:AEYP01114152	AEYP01114152		AEYP01114152.1		
musFur1:AEYP01114153	AEYP01114153		AEYP01114153.1		
musFur1:AEYP01114154	AEYP01114154		AEYP01114154.1		
musFur1:AEYP01114155	AEYP01114155		AEYP01114155.1		
musFur1:AEYP01114156	AEYP01114156		AEYP01114156.1		
musFur1:AEYP01114157	AEYP01114157		AEYP01114157.1		
musFur1:AEYP01114158	AEYP01114158		AEYP01114158.1		
musFur1:AEYP01114159	AEYP01114159		AEYP01114159.1		
musFur1:AEYP01114160	AEYP01114160		AEYP01114160.1		
musFur1:AEYP01114161	AEYP01114161		AEYP01114161.1		
musFur1:AEYP01114162	AEYP01114162		AEYP01114162.1		
musFur1:AEYP01114163	AEYP01114163		AEYP01114163.1		
musFur1:AEYP01114164	AEYP01114164		AEYP01114164.1		
musFur1:AEYP01114165	AEYP01114165		AEYP01114165.1		
musFur1:AEYP01114166	AEYP01114166		AEYP01114166.1		
musFur1:AEYP01114167	AEYP01114167		AEYP01114167.1		
musFur1:AEYP01114168	AEYP01114168		AEYP01114168.1		
musFur1:AEYP01114169	AEYP01114169		AEYP01114169.1		
musFur1:AEYP01114170	AEYP01114170		AEYP01114170.1		
musFur1:AEYP01114171	AEYP01114171		AEYP01114171.1		
musFur1:AEYP01114172	AEYP01114172		AEYP01114172.1		
musFur1:AEYP01114173	AEYP01114173		AEYP01114173.1		
musFur1:AEYP01114174	AEYP01114174		AEYP01114174.1		
musFur1:AEYP01114175	AEYP01114175		AEYP01114175.1		
musFur1:AEYP01114176	AEYP01114176		AEYP01114176.1		
musFur1:AEYP01114177	AEYP01114177		AEYP01114177.1		
musFur1:AEYP01114178	AEYP01114178		AEYP01114178.1		
musFur1:AEYP01114179	AEYP01114179		AEYP01114179.1		
musFur1:AEYP01114180	AEYP01114180		AEYP01114180.1		
musFur1:AEYP01114181	AEYP01114181		AEYP01114181.1		
musFur1:AEYP01114182	AEYP01114182		AEYP01114182.1		
musFur1:AEYP01114183	AEYP01114183		AEYP01114183.1		
musFur1:AEYP01114184	AEYP01114184		AEYP01114184.1		
musFur1:AEYP01114185	AEYP01114185		AEYP01114185.1		
musFur1:AEYP01114186	AEYP01114186		AEYP01114186.1		
musFur1:AEYP01114187	AEYP01114187		AEYP01114187.1		
musFur1:AEYP01114188	AEYP01114188		AEYP01114188.1		
musFur1:AEYP01114189	AEYP01114189		AEYP01114189.1		
musFur1:AEYP01114190	AEYP01114190		AEYP01114190.1		
musFur1:AEYP01114191	AEYP01114191		AEYP01114191.1		
musFur1:AEYP01114192	AEYP01114192		AEYP01114192.1		
musFur1:AEYP01114193	AEYP01114193		AEYP01114193.1		
musFur1:AEYP01114194	AEYP01114194		AEYP01114194.1		
musFur1:AEYP01114195	AEYP01114195		AEYP01114195.1		
musFur1:AEYP01114196	AEYP01114196		AEYP01114196.1		
musFur1:AEYP01114197	AEYP01114197		AEYP01114197.1		
musFur1:AEYP01114198	AEYP01114198		AEYP01114198.1		
musFur1:AEYP01114199	AEYP01114199		AEYP01114199.1		
musFur1:AEYP01114200	AEYP01114200		AEYP01114200.1		
musFur1:AEYP01114201	AEYP01114201		AEYP01114201.1		
musFur1:AEYP01114202	AEYP01114202		AEYP01114202.1		
musFur1:AEYP01114203	AEYP01114203		AEYP01114203.1		
musFur1:AEYP01114204	AEYP01114204		AEYP01114204.1		
musFur1:AEYP01114205	AEYP01114205		AEYP01114205.1		
musFur1:AEYP01114206	AEYP01114206		AEYP01114206.1		
musFur1:AEYP01114207	AEYP01114207		AEYP01114207.1		
musFur1:AEYP01114208	AEYP01114208		AEYP01114208.1		
musFur1:AEYP01114209	AEYP01114209		AEYP01114209.1		
musFur1:AEYP01114210	AEYP01114210		AEYP01114210.1		
musFur1:AEYP01114211	AEYP01114211		AEYP01114211.1		
musFur1:AEYP01114212	AEYP01114212		AEYP01114212.1		
musFur1:AEYP01114213	AEYP01114213		AEYP01114213.1		
musFur1:AEYP01114214	AEYP01114214		AEYP01114214.1		
musFur1:AEYP01114215	AEYP01114215		AEYP01114215.1		
musFur1:AEYP01114216	AEYP01114216		AEYP01114216.1		
musFur1:AEYP01114217	AEYP01114217		AEYP01114217.1		
musFur1:AEYP01114218	AEYP01114218		AEYP01114218.1		
musFur1:AEYP01114219	AEYP01114219		AEYP01114219.1		
musFur1:AEYP01114220	AEYP01114220		AEYP01114220.1		
musFur1:AEYP01114221	AEYP01114221		AEYP01114221.1		
musFur1:AEYP01114222	AEYP01114222		AEYP01114222.1		
musFur1:AEYP01114223	AEYP01114223		AEYP01114223.1		
musFur1:AEYP01114224	AEYP01114224		AEYP01114224.1		
musFur1:AEYP01114225	AEYP01114225		AEYP01114225.1		
musFur1:AEYP01114226	AEYP01114226		AEYP01114226.1		
musFur1:AEYP01114227	AEYP01114227		AEYP01114227.1		
musFur1:AEYP01114228	AEYP01114228		AEYP01114228.1		
musFur1:AEYP01114229	AEYP01114229		AEYP01114229.1		
musFur1:AEYP01114230	AEYP01114230		AEYP01114230.1		
musFur1:AEYP01114231	AEYP01114231		AEYP01114231.1		
musFur1:AEYP01114232	AEYP01114232		AEYP01114232.1		
musFur1:AEYP01114233	AEYP01114233		AEYP01114233.1		
musFur1:AEYP01114234	AEYP01114234		AEYP01114234.1		
musFur1:AEYP01114235	AEYP01114235		AEYP01114235.1		
musFur1:AEYP01114236	AEYP01114236		AEYP01114236.1		
musFur1:AEYP01114237	AEYP01114237		AEYP01114237.1		
musFur1:AEYP01114238	AEYP01114238		AEYP01114238.1		
musFur1:AEYP01114239	AEYP01114239		AEYP01114239.1		
musFur1:AEYP01114240	AEYP01114240		AEYP01114240.1		
musFur1:AEYP01114241	AEYP01114241		AEYP01114241.1		
musFur1:AEYP01114242	AEYP01114242		AEYP01114242.1		
musFur1:AEYP01114243	AEYP01114243		AEYP01114243.1		
musFur1:AEYP01114244	AEYP01114244		AEYP01114244.1		
musFur1:AEYP01114245	AEYP01114245		AEYP01114245.1		
musFur1:AEYP01114246	AEYP01114246		AEYP01114246.1		
musFur1:AEYP01114247	AEYP01114247		AEYP01114247.1		
musFur1:AEYP01114248	AEYP01114248		AEYP01114248.1		
musFur1:AEYP01114249	AEYP01114249		AEYP01114249.1		
musFur1:AEYP01114250	AEYP01114250		AEYP01114250.1		
musFur1:AEYP01114251	AEYP01114251		AEYP01114251.1		
musFur1:AEYP01114252	AEYP01114252		AEYP01114252.1		
musFur1:AEYP01114253	AEYP01114253		AEYP01114253.1		
musFur1:AEYP01114254	AEYP01114254		AEYP01114254.1		
musFur1:AEYP01114255	AEYP01114255		AEYP01114255.1		
musFur1:AEYP01114256	AEYP01114256		AEYP01114256.1		
musFur1:AEYP01114257	AEYP01114257		AEYP01114257.1		
musFur1:AEYP01114258	AEYP01114258		AEYP01114258.1		
musFur1:AEYP01114259	AEYP01114259		AEYP01114259.1		
musFur1:AEYP01114260	AEYP01114260		AEYP01114260.1		
musFur1:AEYP01114261	AEYP01114261		AEYP01114261.1		
musFur1:AEYP01114262	AEYP01114262		AEYP01114262.1		
musFur1:AEYP01114263	AEYP01114263		AEYP01114263.1		
musFur1:AEYP01114264	AEYP01114264		AEYP01114264.1		
musFur1:AEYP01114265	AEYP01114265		AEYP01114265.1		
musFur1:AEYP01114266	AEYP01114266		AEYP01114266.1		
musFur1:AEYP01114267	AEYP01114267		AEYP01114267.1		
musFur1:AEYP01114268	AEYP01114268		AEYP01114268.1		
musFur1:AEYP01114269	AEYP01114269		AEYP01114269.1		
musFur1:AEYP01114270	AEYP01114270		AEYP01114270.1		
musFur1:AEYP01114271	AEYP01114271		AEYP01114271.1		
musFur1:AEYP01114272	AEYP01114272		AEYP01114272.1		
musFur1:AEYP01114273	AEYP01114273		AEYP01114273.1		
musFur1:AEYP01114274	AEYP01114274		AEYP01114274.1		
musFur1:AEYP01114275	AEYP01114275		AEYP01114275.1		
musFur1:AEYP01114276	AEYP01114276		AEYP01114276.1		
musFur1:AEYP01114277	AEYP01114277		AEYP01114277.1		
musFur1:AEYP01114278	AEYP01114278		AEYP01114278.1		
musFur1:AEYP01114279	AEYP01114279		AEYP01114279.1		
musFur1:AEYP01114280	AEYP01114280		AEYP01114280.1		
musFur1:AEYP01114281	AEYP01114281		AEYP01114281.1		
musFur1:AEYP01114282	AEYP01114282		AEYP01114282.1		
musFur1:AEYP01114283	AEYP01114283		AEYP01114283.1		
musFur1:AEYP01114284	AEYP01114284		AEYP01114284.1		
musFur1:AEYP01114285	AEYP01114285		AEYP01114285.1		
musFur1:AEYP01114286	AEYP01114286		AEYP01114286.1		
musFur1:AEYP01114287	AEYP01114287		AEYP01114287.1		
musFur1:AEYP01114288	AEYP01114288		AEYP01114288.1		
musFur1:AEYP01114289	AEYP01114289		AEYP01114289.1		
musFur1:AEYP01114290	AEYP01114290		AEYP01114290.1		
musFur1:AEYP01114291	AEYP01114291		AEYP01114291.1		
musFur1:AEYP01114292	AEYP01114292		AEYP01114292.1		
musFur1:AEYP01114293	AEYP01114293		AEYP01114293.1		
musFur1:AEYP01114294	AEYP01114294		AEYP01114294.1		
musFur1:AEYP01114295	AEYP01114295		AEYP01114295.1		
musFur1:AEYP01114296	AEYP01114296		AEYP01114296.1		
musFur1:AEYP01114297	AEYP01114297		AEYP01114297.1		
musFur1:AEYP01114298	AEYP01114298		AEYP01114298.1		
musFur1:AEYP01114299	AEYP01114299		AEYP01114299.1		
musFur1:AEYP01114300	AEYP01114300		AEYP01114300.1		
musFur1:AEYP01114301	AEYP01114301		AEYP01114301.1		
musFur1:AEYP01114302	AEYP01114302		AEYP01114302.1		
musFur1:AEYP01114303	AEYP01114303		AEYP01114303.1		
musFur1:AEYP01114304	AEYP01114304		AEYP01114304.1		
musFur1:AEYP01114305	AEYP01114305		AEYP01114305.1		
musFur1:AEYP01114306	AEYP01114306		AEYP01114306.1		
musFur1:AEYP01114307	AEYP01114307		AEYP01114307.1		
musFur1:AEYP01114308	AEYP01114308		AEYP01114308.1		
musFur1:AEYP01114309	AEYP01114309		AEYP01114309.1		
musFur1:AEYP01114310	AEYP01114310		AEYP01114310.1		
musFur1:AEYP01114311	AEYP01114311		AEYP01114311.1		
musFur1:AEYP01114312	AEYP01114312		AEYP01114312.1		
musFur1:AEYP01114313	AEYP01114313		AEYP01114313.1		
musFur1:AEYP01114314	AEYP01114314		AEYP01114314.1		
musFur1:AEYP01114315	AEYP01114315		AEYP01114315.1		
musFur1:AEYP01114316	AEYP01114316		AEYP01114316.1		
musFur1:AEYP01114317	AEYP01114317		AEYP01114317.1		
musFur1:AEYP01114318	AEYP01114318		AEYP01114318.1		
musFur1:AEYP01114319	AEYP01114319		AEYP01114319.1		
musFur1:AEYP01114320	AEYP01114320		AEYP01114320.1		
musFur1:AEYP01114321	AEYP01114321		AEYP01114321.1		
musFur1:AEYP01114322	AEYP01114322		AEYP01114322.1		
musFur1:AEYP01114323	AEYP01114323		AEYP01114323.1		
musFur1:AEYP01114324	AEYP01114324		AEYP01114324.1		
musFur1:AEYP01114325	AEYP01114325		AEYP01114325.1		
musFur1:AEYP01114326	AEYP01114326		AEYP01114326.1		
musFur1:AEYP01114327	AEYP01114327		AEYP01114327.1		
musFur1:AEYP01114328	AEYP01114328		AEYP01114328.1		
musFur1:AEYP01114329	AEYP01114329		AEYP01114329.1		
musFur1:AEYP01114330	AEYP01114330		AEYP01114330.1		
musFur1:AEYP01114331	AEYP01114331		AEYP01114331.1		
musFur1:AEYP01114332	AEYP01114332		AEYP01114332.1		
musFur1:AEYP01114333	AEYP01114333		AEYP01114333.1		
musFur1:AEYP01114334	AEYP01114334		AEYP01114334.1		
musFur1:AEYP01114335	AEYP01114335		AEYP01114335.1		
musFur1:AEYP01114336	AEYP01114336		AEYP01114336.1		
musFur1:AEYP01114337	AEYP01114337		AEYP01114337.1		
musFur1:AEYP01114338	AEYP01114338		AEYP01114338.1		
musFur1:AEYP01114339	AEYP01114339		AEYP01114339.1		
musFur1:AEYP01114340	AEYP01114340		AEYP01114340.1		
musFur1:AEYP01114341	AEYP01114341		AEYP01114341.1		
musFur1:AEYP01114342	AEYP01114342		AEYP01114342.1		
musFur1:AEYP01114343	AEYP01114343		AEYP01114343.1		
musFur1:AEYP01114344	AEYP01114344		AEYP01114344.1		
musFur1:AEYP01114345	AEYP01114345		AEYP01114345.1		
musFur1:AEYP01114346	AEYP01114346		AEYP01114346.1		
musFur1:AEYP01114347	AEYP01114347		AEYP01114347.1		
musFur1:AEYP01114348	AEYP01114348		AEYP01114348.1		
musFur1:AEYP01114349	AEYP01114349		AEYP01114349.1		
musFur1:AEYP01114350	AEYP01114350		AEYP01114350.1		
musFur1:AEYP01114351	AEYP01114351		AEYP01114351.1		
musFur1:AEYP01114352	AEYP01114352		AEYP01114352.1		
musFur1:AEYP01114353	AEYP01114353		AEYP01114353.1		
musFur1:AEYP01114354	AEYP01114354		AEYP01114354.1		
musFur1:AEYP01114355	AEYP01114355		AEYP01114355.1		
musFur1:AEYP01114356	AEYP01114356		AEYP01114356.1		
musFur1:AEYP01114357	AEYP01114357		AEYP01114357.1		
musFur1:AEYP01114358	AEYP01114358		AEYP01114358.1		
musFur1:AEYP01114359	AEYP01114359		AEYP01114359.1		
musFur1:AEYP01114360	AEYP01114360		AEYP01114360.1		
musFur1:AEYP01114361	AEYP01114361		AEYP01114361.1		
musFur1:AEYP01114362	AEYP01114362		AEYP01114362.1		
musFur1:AEYP01114363	AEYP01114363		AEYP01114363.1		
musFur1:AEYP01114364	AEYP01114364		AEYP01114364.1		
musFur1:AEYP01114365	AEYP01114365		AEYP01114365.1		
musFur1:AEYP01114366	AEYP01114366		AEYP01114366.1		
musFur1:AEYP01114367	AEYP01114367		AEYP01114367.1		
musFur1:AEYP01114368	AEYP01114368		AEYP01114368.1		
musFur1:AEYP01114369	AEYP01114369		AEYP01114369.1		
musFur1:AEYP01114370	AEYP01114370		AEYP01114370.1		
musFur1:AEYP01114371	AEYP01114371		AEYP01114371.1		
musFur1:AEYP01114372	AEYP01114372		AEYP01114372.1		
musFur1:AEYP01114373	AEYP01114373		AEYP01114373.1		
musFur1:AEYP01114374	AEYP01114374		AEYP01114374.1		
musFur1:AEYP01114375	AEYP01114375		AEYP01114375.1		
musFur1:AEYP01114376	AEYP01114376		AEYP01114376.1		
musFur1:AEYP01114377	AEYP01114377		AEYP01114377.1		
musFur1:AEYP01114378	AEYP01114378		AEYP01114378.1		
musFur1:AEYP01114379	AEYP01114379		AEYP01114379.1		
musFur1:AEYP01114380	AEYP01114380		AEYP01114380.1		
musFur1:AEYP01114381	AEYP01114381		AEYP01114381.1		
musFur1:AEYP01114382	AEYP01114382		AEYP01114382.1		
musFur1:AEYP01114383	AEYP01114383		AEYP01114383.1		
musFur1:AEYP01114384	AEYP01114384		AEYP01114384.1		
musFur1:AEYP01114385	AEYP01114385		AEYP01114385.1		
musFur1:AEYP01114386	AEYP01114386		AEYP01114386.1		
musFur1:AEYP01114387	AEYP01114387		AEYP01114387.1		
musFur1:AEYP01114388	AEYP01114388		AEYP01114388.1		
musFur1:AEYP01114389	AEYP01114389		AEYP01114389.1		
musFur1:AEYP01114390	AEYP01114390		AEYP01114390.1		
musFur1:AEYP01114391	AEYP01114391		AEYP01114391.1		
musFur1:AEYP01114392	AEYP01114392		AEYP01114392.1		
musFur1:AEYP01114393	AEYP01114393		AEYP01114393.1		
musFur1:AEYP01114394	AEYP01114394		AEYP01114394.1		
musFur1:AEYP01114395	AEYP01114395		AEYP01114395.1		
musFur1:AEYP01114396	AEYP01114396		AEYP01114396.1		
musFur1:AEYP01114397	AEYP01114397		AEYP01114397.1		
musFur1:AEYP01114398	AEYP01114398		AEYP01114398.1		
musFur1:AEYP01114399	AEYP01114399		AEYP01114399.1		
musFur1:AEYP01114400	AEYP01114400		AEYP01114400.1		
musFur1:AEYP01114401	AEYP01114401		AEYP01114401.1		
musFur1:AEYP01114402	AEYP01114402		AEYP01114402.1		
musFur1:AEYP01114403	AEYP01114403		AEYP01114403.1		
musFur1:AEYP01114404	AEYP01114404		AEYP01114404.1		
musFur1:AEYP01114405	AEYP01114405		AEYP01114405.1		
musFur1:AEYP01114406	AEYP01114406		AEYP01114406.1		
musFur1:AEYP01114407	AEYP01114407		AEYP01114407.1		
musFur1:AEYP01114408	AEYP01114408		AEYP01114408.1		
musFur1:AEYP01114409	AEYP01114409		AEYP01114409.1		
musFur1:AEYP01114410	AEYP01114410		AEYP01114410.1		
musFur1:AEYP01114411	AEYP01114411		AEYP01114411.1		
musFur1:AEYP01114412	AEYP01114412		AEYP01114412.1		
musFur1:AEYP01114413	AEYP01114413		AEYP01114413.1		
musFur1:AEYP01114414	AEYP01114414		AEYP01114414.1		
musFur1:AEYP01114415	AEYP01114415		AEYP01114415.1		
musFur1:AEYP01114416	AEYP01114416		AEYP01114416.1		
musFur1:AEYP01114417	AEYP01114417		AEYP01114417.1		
musFur1:AEYP01114418	AEYP01114418		AEYP01114418.1		
musFur1:AEYP01114419	AEYP01114419		AEYP01114419.1		
musFur1:AEYP01114420	AEYP01114420		AEYP01114420.1		
musFur1:AEYP01114421	AEYP01114421		AEYP01114421.1		
musFur1:AEYP01114422	AEYP01114422		AEYP01114422.1		
musFur1:AEYP01114423	AEYP01114423		AEYP01114423.1		
musFur1:AEYP01114424	AEYP01114424		AEYP01114424.1		
musFur1:AEYP01114425	AEYP01114425		AEYP01114425.1		
musFur1:AEYP01114426	AEYP01114426		AEYP01114426.1		
musFur1:AEYP01114427	AEYP01114427		AEYP01114427.1		
musFur1:AEYP01114428	AEYP01114428		AEYP01114428.1		
musFur1:AEYP01114429	AEYP01114429		AEYP01114429.1		
musFur1:AEYP01114430	AEYP01114430		AEYP01114430.1		
musFur1:AEYP01114431	AEYP01114431		AEYP01114431.1		
musFur1:AEYP01114432	AEYP01114432		AEYP01114432.1		
musFur1:AEYP01114433	AEYP01114433		AEYP01114433.1		
musFur1:AEYP01114434	AEYP01114434		AEYP01114434.1		
musFur1:AEYP01114435	AEYP01114435		AEYP01114435.1		
musFur1:AEYP01114436	AEYP01114436		AEYP01114436.1		
musFur1:AEYP01114437	AEYP01114437		AEYP01114437.1		
musFur1:AEYP01114438	AEYP01114438		AEYP01114438.1		
musFur1:AEYP01114439	AEYP01114439		AEYP01114439.1		
musFur1:AEYP01114440	AEYP01114440		AEYP01114440.1		
musFur1:AEYP01114441	AEYP01114441		AEYP01114441.1		
musFur1:AEYP01114442	AEYP01114442		AEYP01114442.1		
musFur1:AEYP01114443	AEYP01114443		AEYP01114443.1		
musFur1:AEYP01114444	AEYP01114444		AEYP01114444.1		
musFur1:AEYP01114445	AEYP01114445		AEYP01114445.1		
musFur1:AEYP01114446	AEYP01114446		AEYP01114446.1		
musFur1:AEYP01114447	AEYP01114447		AEYP01114447.1		
musFur1:AEYP01114448	AEYP01114448		AEYP01114448.1		
musFur1:AEYP01114449	AEYP01114449		AEYP01114449.1		
musFur1:AEYP01114450	AEYP01114450		AEYP01114450.1		
musFur1:AEYP01114451	AEYP01114451		AEYP01114451.1		
musFur1:AEYP01114452	AEYP01114452		AEYP01114452.1		
musFur1:AEYP01114453	AEYP01114453		AEYP01114453.1		
musFur1:AEYP01114454	AEYP01114454		AEYP01114454.1		
musFur1:AEYP01114455	AEYP01114455		AEYP01114455.1		
musFur1:AEYP01114456	AEYP01114456		AEYP01114456.1		
musFur1:AEYP01114457	AEYP01114457		AEYP01114457.1		
musFur1:AEYP01114458	AEYP01114458		AEYP01114458.1		
musFur1:AEYP01114459	AEYP01114459		AEYP01114459.1		
musFur1:AEYP01114460	AEYP01114460		AEYP01114460.1		
musFur1:AEYP01114461	AEYP01114461		AEYP01114461.1		
musFur1:AEYP01114462	AEYP01114462		AEYP01114462.1		
musFur1:AEYP01114463	AEYP01114463		AEYP01114463.1		
musFur1:AEYP01114464	AEYP01114464		AEYP01114464.1		
musFur1:AEYP01114465	AEYP01114465		AEYP01114465.1		
musFur1:AEYP01114466	AEYP01114466		AEYP01114466.1		
musFur1:AEYP01114467	AEYP01114467		AEYP01114467.1		
musFur1:AEYP01114468	AEYP01114468		AEYP01114468.1		
musFur1:AEYP01114469	AEYP01114469		AEYP01114469.1		
musFur1:AEYP01114470	AEYP01114470		AEYP01114470.1		
musFur1:AEYP01114471	AEYP01114471		AEYP01114471.1		
musFur1:AEYP01114472	AEYP01114472		AEYP01114472.1		
musFur1:AEYP01114473	AEYP01114473		AEYP01114473.1		
musFur1:AEYP01114474	AEYP01114474		AEYP01114474.1		
musFur1:AEYP01114475	AEYP01114475		AEYP01114475.1		
musFur1:AEYP01114476	AEYP01114476		AEYP01114476.1		
musFur1:AEYP01114477	AEYP01114477		AEYP01114477.1		
musFur1:AEYP01114478	AEYP01114478		AEYP01114478.1		
musFur1:AEYP01114479	AEYP01114479		AEYP01114479.1		
musFur1:AEYP01114480	AEYP01114480		AEYP01114480.1		
musFur1:AEYP01114481	AEYP01114481		AEYP01114481.1		
musFur1:AEYP01114482	AEYP01114482		AEYP01114482.1		
musFur1:AEYP01114483	AEYP01114483		AEYP01114483.1		
musFur1:AEYP01114484	AEYP01114484		AEYP01114484.1		
musFur1:AEYP01114485	AEYP01114485		AEYP01114485.1		
musFur1:AEYP01114486	AEYP01114486		AEYP01114486.1		
musFur1:AEYP01114487	AEYP01114487		AEYP01114487.1		
musFur1:AEYP01114488	AEYP01114488		AEYP01114488.1		
musFur1:AEYP01114489	AEYP01114489		AEYP01114489.1		
musFur1:AEYP01114490	AEYP01114490		AEYP01114490.1		
musFur1:AEYP01114491	AEYP01114491		AEYP01114491.1		
musFur1:AEYP01114492	AEYP01114492		AEYP01114492.1		
musFur1:AEYP01114493	AEYP01114493		AEYP01114493.1		
musFur1:AEYP01114494	AEYP01114494		AEYP01114494.1		
musFur1:AEYP01114495	AEYP01114495		AEYP01114495.1		
musFur1:AEYP01114496	AEYP01114496		AEYP01114496.1		
musFur1:AEYP01114497	AEYP01114497		AEYP01114497.1		
musFur1:AEYP01114498	AEYP01114498		AEYP01114498.1		
musFur1:AEYP01114499	AEYP01114499		AEYP01114499.1		
musFur1:AEYP01114500	AEYP01114500		AEYP01114500.1		
musFur1:AEYP01114501	AEYP01114501		AEYP01114501.1		
musFur1:AEYP01114502	AEYP01114502		AEYP01114502.1		
musFur1:AEYP01114503	AEYP01114503		AEYP01114503.1		
musFur1:AEYP01114504	AEYP01114504		AEYP01114504.1		
musFur1:AEYP01114505	AEYP01114505		AEYP01114505.1		
musFur1:AEYP01114506	AEYP01114506		AEYP01114506.1		
musFur1:AEYP01114507	AEYP01114507		AEYP01114507.1		
musFur1:AEYP01114508	AEYP01114508		AEYP01114508.1		
musFur1:AEYP01114509	AEYP01114509		AEYP01114509.1		
musFur1:AEYP01114510	AEYP01114510		AEYP01114510.1		
musFur1:AEYP01114511	AEYP01114511		AEYP01114511.1		
musFur1:AEYP01114512	AEYP01114512		AEYP01114512.1		
musFur1:AEYP01114513	AEYP01114513		AEYP01114513.1		
musFur1:AEYP01114514	AEYP01114514		AEYP01114514.1		
musFur1:AEYP01114515	AEYP01114515		AEYP01114515.1		
musFur1:AEYP01114516	AEYP01114516		AEYP01114516.1		
musFur1:AEYP01114517	AEYP01114517		AEYP01114517.1		
musFur1:AEYP01114518	AEYP01114518		AEYP01114518.1		
musFur1:AEYP01114519	AEYP01114519		AEYP01114519.1		
musFur1:AEYP01114520	AEYP01114520		AEYP01114520.1		
musFur1:AEYP01114521	AEYP01114521		AEYP01114521.1		
musFur1:AEYP01114522	AEYP01114522		AEYP01114522.1		
musFur1:AEYP01114523	AEYP01114523		AEYP01114523.1		
musFur1:AEYP01114524	AEYP01114524		AEYP01114524.1		
musFur1:AEYP01114525	AEYP01114525		AEYP01114525.1		
musFur1:AEYP01114526	AEYP01114526		AEYP01114526.1		
musFur1:AEYP01114527	AEYP01114527		AEYP01114527.1		
musFur1:AEYP01114528	AEYP01114528		AEYP01114528.1		
musFur1:AEYP01114529	AEYP01114529		AEYP01114529.1		
musFur1:AEYP01114530	AEYP01114530		AEYP01114530.1		
musFur1:AEYP01114531	AEYP01114531		AEYP01114531.1		
musFur1:AEYP01114532	AEYP01114532		AEYP01114532.1		
musFur1:AEYP01114533	AEYP01114533		AEYP01114533.1		
musFur1:AEYP01114534	AEYP01114534		AEYP01114534.1		
musFur1:AEYP01114535	AEYP01114535		AEYP01114535.1		
musFur1:AEYP01114536	AEYP01114536		AEYP01114536.1		
musFur1:AEYP01114537	AEYP01114537		AEYP01114537.1		
musFur1:AEYP01114538	AEYP01114538		AEYP01114538.1		
musFur1:AEYP01114539	AEYP01114539		AEYP01114539.1		
musFur1:AEYP01114540	AEYP01114540		AEYP01114540.1		
musFur1:AEYP01114541	AEYP01114541		AEYP01114541.1		
musFur1:AEYP01114542	AEYP01114542		AEYP01114542.1		
musFur1:AEYP01114543	AEYP01114543		AEYP01114543.1		
musFur1:AEYP01114544	AEYP01114544		AEYP01114544.1		
musFur1:AEYP01114545	AEYP01114545		AEYP01114545.1		
musFur1:AEYP01114546	AEYP01114546		AEYP01114546.1		
musFur1:AEYP01114547	AEYP01114547		AEYP01114547.1		
musFur1:AEYP01114548	AEYP01114548		AEYP01114548.1		
musFur1:AEYP01114549	AEYP01114549		AEYP01114549.1		
musFur1:AEYP01114550	AEYP01114550		AEYP01114550.1		
musFur1:AEYP01114551	AEYP01114551		AEYP01114551.1		
musFur1:AEYP01114552	AEYP01114552		AEYP01114552.1		
musFur1:AEYP01114553	AEYP01114553		AEYP01114553.1		
musFur1:AEYP01114554	AEYP01114554		AEYP01114554.1		
musFur1:AEYP01114555	AEYP01114555		AEYP01114555.1		
musFur1:AEYP01114556	AEYP01114556		AEYP01114556.1		
musFur1:AEYP01114557	AEYP01114557		AEYP01114557.1		
musFur1:AEYP01114558	AEYP01114558		AEYP01114558.1		
musFur1:AEYP01114559	AEYP01114559		AEYP01114559.1		
musFur1:AEYP01114560	AEYP01114560		AEYP01114560.1		
musFur1:AEYP01114561	AEYP01114561		AEYP01114561.1		
musFur1:AEYP01114562	AEYP01114562		AEYP01114562.1		
musFur1:AEYP01114563	AEYP01114563		AEYP01114563.1		
musFur1:AEYP01114564	AEYP01114564		AEYP01114564.1		
musFur1:AEYP01114565	AEYP01114565		AEYP01114565.1		
musFur1:AEYP01114566	AEYP01114566		AEYP01114566.1		
musFur1:AEYP01114567	AEYP01114567		AEYP01114567.1		
musFur1:AEYP01114568	AEYP01114568		AEYP01114568.1		
musFur1:AEYP01114569	AEYP01114569		AEYP01114569.1		
musFur1:AEYP01114570	AEYP01114570		AEYP01114570.1		
musFur1:AEYP01114571	AEYP01114571		AEYP01114571.1		
musFur1:AEYP01114572	AEYP01114572		AEYP01114572.1		
musFur1:AEYP01114573	AEYP01114573		AEYP01114573.1		
musFur1:AEYP01114574	AEYP01114574		AEYP01114574.1		
musFur1:AEYP01114575	AEYP01114575		AEYP01114575.1		
musFur1:AEYP01114576	AEYP01114576		AEYP01114576.1		
musFur1:AEYP01114577	AEYP01114577		AEYP01114577.1		
musFur1:AEYP01114578	AEYP01114578		AEYP01114578.1		
musFur1:AEYP01114579	AEYP01114579		AEYP01114579.1		
musFur1:AEYP01114580	AEYP01114580		AEYP01114580.1		
musFur1:AEYP01114581	AEYP01114581		AEYP01114581.1		
musFur1:AEYP01114583	AEYP01114583		AEYP01114583.1		
musFur1:AEYP01114584	AEYP01114584		AEYP01114584.1		
musFur1:AEYP01114585	AEYP01114585		AEYP01114585.1		
musFur1:AEYP01114586	AEYP01114586		AEYP01114586.1		
musFur1:AEYP01114587	AEYP01114587		AEYP01114587.1		
musFur1:AEYP01114588	AEYP01114588		AEYP01114588.1		
musFur1:AEYP01114589	AEYP01114589		AEYP01114589.1		
musFur1:AEYP01114590	AEYP01114590		AEYP01114590.1		
musFur1:AEYP01114591	AEYP01114591		AEYP01114591.1		
musFur1:AEYP01114592	AEYP01114592		AEYP01114592.1		
musFur1:AEYP01114593	AEYP01114593		AEYP01114593.1		
musFur1:AEYP01114594	AEYP01114594		AEYP01114594.1		
musFur1:AEYP01114595	AEYP01114595		AEYP01114595.1		
musFur1:AEYP01114596	AEYP01114596		AEYP01114596.1		
musFur1:AEYP01114597	AEYP01114597		AEYP01114597.1		
musFur1:AEYP01114598	AEYP01114598		AEYP01114598.1		
musFur1:AEYP01114599	AEYP01114599		AEYP01114599.1		
musFur1:AEYP01114600	AEYP01114600		AEYP01114600.1		
musFur1:AEYP01114601	AEYP01114601		AEYP01114601.1		
musFur1:AEYP01114602	AEYP01114602		AEYP01114602.1		
musFur1:AEYP01114603	AEYP01114603		AEYP01114603.1		
musFur1:AEYP01114604	AEYP01114604		AEYP01114604.1		
musFur1:AEYP01114605	AEYP01114605		AEYP01114605.1		
musFur1:AEYP01114606	AEYP01114606		AEYP01114606.1		
musFur1:AEYP01114607	AEYP01114607		AEYP01114607.1		
musFur1:AEYP01114608	AEYP01114608		AEYP01114608.1		
musFur1:AEYP01114609	AEYP01114609		AEYP01114609.1		
musFur1:AEYP01114610	AEYP01114610		AEYP01114610.1		
musFur1:AEYP01114611	AEYP01114611		AEYP01114611.1		
musFur1:AEYP01114612	AEYP01114612		AEYP01114612.1		
musFur1:AEYP01114613	AEYP01114613		AEYP01114613.1		
musFur1:AEYP01114614	AEYP01114614		AEYP01114614.1		
musFur1:AEYP01114615	AEYP01114615		AEYP01114615.1		
musFur1:AEYP01114616	AEYP01114616		AEYP01114616.1		
musFur1:AEYP01114617	AEYP01114617		AEYP01114617.1		
musFur1:AEYP01114618	AEYP01114618		AEYP01114618.1		
musFur1:AEYP01114619	AEYP01114619		AEYP01114619.1		
musFur1:AEYP01114620	AEYP01114620		AEYP01114620.1		
musFur1:AEYP01114621	AEYP01114621		AEYP01114621.1		
musFur1:AEYP01114622	AEYP01114622		AEYP01114622.1		
musFur1:AEYP01114623	AEYP01114623		AEYP01114623.1		
musFur1:AEYP01114624	AEYP01114624		AEYP01114624.1		
musFur1:AEYP01114625	AEYP01114625		AEYP01114625.1		
musFur1:AEYP01114626	AEYP01114626		AEYP01114626.1		
musFur1:AEYP01114627	AEYP01114627		AEYP01114627.1		
musFur1:AEYP01114628	AEYP01114628		AEYP01114628.1		
musFur1:AEYP01114629	AEYP01114629		AEYP01114629.1		
musFur1:AEYP01114630	AEYP01114630		AEYP01114630.1		
musFur1:AEYP01114631	AEYP01114631		AEYP01114631.1		
musFur1:AEYP01114632	AEYP01114632		AEYP01114632.1		
musFur1:AEYP01114633	AEYP01114633		AEYP01114633.1		
musFur1:AEYP01114634	AEYP01114634		AEYP01114634.1		
musFur1:AEYP01114635	AEYP01114635		AEYP01114635.1		
musFur1:AEYP01114636	AEYP01114636		AEYP01114636.1		
musFur1:AEYP01114637	AEYP01114637		AEYP01114637.1		
musFur1:AEYP01114638	AEYP01114638		AEYP01114638.1		
musFur1:AEYP01114639	AEYP01114639		AEYP01114639.1		
musFur1:AEYP01114640	AEYP01114640		AEYP01114640.1		
musFur1:AEYP01114641	AEYP01114641		AEYP01114641.1		
musFur1:AEYP01114642	AEYP01114642		AEYP01114642.1		
musFur1:AEYP01114643	AEYP01114643		AEYP01114643.1		
musFur1:AEYP01114644	AEYP01114644		AEYP01114644.1		
musFur1:AEYP01114645	AEYP01114645		AEYP01114645.1		
musFur1:AEYP01114646	AEYP01114646		AEYP01114646.1		
musFur1:AEYP01114647	AEYP01114647		AEYP01114647.1		
musFur1:AEYP01114648	AEYP01114648		AEYP01114648.1		
musFur1:AEYP01114649	AEYP01114649		AEYP01114649.1		
musFur1:AEYP01114650	AEYP01114650		AEYP01114650.1		
musFur1:AEYP01114651	AEYP01114651		AEYP01114651.1		
musFur1:AEYP01114652	AEYP01114652		AEYP01114652.1		
musFur1:AEYP01114653	AEYP01114653		AEYP01114653.1		
musFur1:AEYP01114654	AEYP01114654		AEYP01114654.1		
musFur1:AEYP01114655	AEYP01114655		AEYP01114655.1		
musFur1:AEYP01114656	AEYP01114656		AEYP01114656.1		
musFur1:AEYP01114657	AEYP01114657		AEYP01114657.1		
musFur1:AEYP01114658	AEYP01114658		AEYP01114658.1		
musFur1:AEYP01114659	AEYP01114659		AEYP01114659.1		
musFur1:AEYP01114660	AEYP01114660		AEYP01114660.1		
musFur1:AEYP01114661	AEYP01114661		AEYP01114661.1		
musFur1:AEYP01114662	AEYP01114662		AEYP01114662.1		
musFur1:AEYP01114663	AEYP01114663		AEYP01114663.1		
musFur1:AEYP01114664	AEYP01114664		AEYP01114664.1		
musFur1:AEYP01114665	AEYP01114665		AEYP01114665.1		
musFur1:AEYP01114666	AEYP01114666		AEYP01114666.1		
musFur1:AEYP01114667	AEYP01114667		AEYP01114667.1		
musFur1:AEYP01114668	AEYP01114668		AEYP01114668.1		
musFur1:AEYP01114669	AEYP01114669		AEYP01114669.1		
musFur1:AEYP01114670	AEYP01114670		AEYP01114670.1		
musFur1:AEYP01114671	AEYP01114671		AEYP01114671.1		
musFur1:AEYP01114672	AEYP01114672		AEYP01114672.1		
musFur1:AEYP01114673	AEYP01114673		AEYP01114673.1		
musFur1:AEYP01114674	AEYP01114674		AEYP01114674.1		
musFur1:AEYP01114675	AEYP01114675		AEYP01114675.1		
musFur1:AEYP01114676	AEYP01114676		AEYP01114676.1		
musFur1:AEYP01114677	AEYP01114677		AEYP01114677.1		
musFur1:AEYP01114678	AEYP01114678		AEYP01114678.1		
musFur1:AEYP01114679	AEYP01114679		AEYP01114679.1		
musFur1:AEYP01114680	AEYP01114680		AEYP01114680.1		
musFur1:AEYP01114681	AEYP01114681		AEYP01114681.1		
musFur1:AEYP01114682	AEYP01114682		AEYP01114682.1		
musFur1:AEYP01114683	AEYP01114683		AEYP01114683.1		
musFur1:AEYP01114684	AEYP01114684		AEYP01114684.1		
musFur1:AEYP01114685	AEYP01114685		AEYP01114685.1		
musFur1:AEYP01114686	AEYP01114686		AEYP01114686.1		
musFur1:AEYP01114687	AEYP01114687		AEYP01114687.1		
musFur1:AEYP01114688	AEYP01114688		AEYP01114688.1		
musFur1:AEYP01114689	AEYP01114689		AEYP01114689.1		
musFur1:AEYP01114690	AEYP01114690		AEYP01114690.1		
musFur1:AEYP01114691	AEYP01114691		AEYP01114691.1		
musFur1:AEYP01114692	AEYP01114692		AEYP01114692.1		
musFur1:AEYP01114693	AEYP01114693		AEYP01114693.1		
musFur1:AEYP01114694	AEYP01114694		AEYP01114694.1		
musFur1:AEYP01114695	AEYP01114695		AEYP01114695.1		
musFur1:AEYP01114696	AEYP01114696		AEYP01114696.1		
musFur1:AEYP01114697	AEYP01114697		AEYP01114697.1		
musFur1:AEYP01114698	AEYP01114698		AEYP01114698.1		
musFur1:AEYP01114699	AEYP01114699		AEYP01114699.1		
musFur1:AEYP01114700	AEYP01114700		AEYP01114700.1		
musFur1:AEYP01114701	AEYP01114701		AEYP01114701.1		
musFur1:AEYP01114702	AEYP01114702		AEYP01114702.1		
musFur1:AEYP01114703	AEYP01114703		AEYP01114703.1		
musFur1:AEYP01114704	AEYP01114704		AEYP01114704.1		
musFur1:AEYP01114705	AEYP01114705		AEYP01114705.1		
musFur1:AEYP01114706	AEYP01114706		AEYP01114706.1		
musFur1:AEYP01114707	AEYP01114707		AEYP01114707.1		
musFur1:AEYP01114708	AEYP01114708		AEYP01114708.1		
musFur1:AEYP01114709	AEYP01114709		AEYP01114709.1		
musFur1:AEYP01114710	AEYP01114710		AEYP01114710.1		
musFur1:AEYP01114711	AEYP01114711		AEYP01114711.1		
musFur1:AEYP01114712	AEYP01114712		AEYP01114712.1		
musFur1:AEYP01114713	AEYP01114713		AEYP01114713.1		
musFur1:AEYP01114714	AEYP01114714		AEYP01114714.1		
musFur1:AEYP01114715	AEYP01114715		AEYP01114715.1		
musFur1:AEYP01114716	AEYP01114716		AEYP01114716.1		
musFur1:AEYP01114717	AEYP01114717		AEYP01114717.1		
musFur1:AEYP01114718	AEYP01114718		AEYP01114718.1		
musFur1:AEYP01114719	AEYP01114719		AEYP01114719.1		
musFur1:AEYP01114720	AEYP01114720		AEYP01114720.1		
musFur1:AEYP01114721	AEYP01114721		AEYP01114721.1		
musFur1:AEYP01114722	AEYP01114722		AEYP01114722.1		
musFur1:AEYP01114723	AEYP01114723		AEYP01114723.1		
musFur1:AEYP01114724	AEYP01114724		AEYP01114724.1		
musFur1:AEYP01114725	AEYP01114725		AEYP01114725.1		
musFur1:AEYP01114726	AEYP01114726		AEYP01114726.1		
musFur1:AEYP01114727	AEYP01114727		AEYP01114727.1		
musFur1:AEYP01114728	AEYP01114728		AEYP01114728.1		
musFur1:AEYP01114729	AEYP01114729		AEYP01114729.1		
musFur1:AEYP01114730	AEYP01114730		AEYP01114730.1		
musFur1:AEYP01114731	AEYP01114731		AEYP01114731.1		
musFur1:AEYP01114732	AEYP01114732		AEYP01114732.1		
musFur1:AEYP01114733	AEYP01114733		AEYP01114733.1		
musFur1:AEYP01114734	AEYP01114734		AEYP01114734.1		
musFur1:AEYP01114735	AEYP01114735		AEYP01114735.1		
musFur1:AEYP01114736	AEYP01114736		AEYP01114736.1		
musFur1:AEYP01114737	AEYP01114737		AEYP01114737.1		
musFur1:AEYP01114738	AEYP01114738		AEYP01114738.1		
musFur1:AEYP01114739	AEYP01114739		AEYP01114739.1		
musFur1:AEYP01114740	AEYP01114740		AEYP01114740.1		
musFur1:AEYP01114741	AEYP01114741		AEYP01114741.1		
musFur1:AEYP01114742	AEYP01114742		AEYP01114742.1		
musFur1:AEYP01114743	AEYP01114743		AEYP01114743.1		
musFur1:AEYP01114744	AEYP01114744		AEYP01114744.1		
musFur1:AEYP01114745	AEYP01114745		AEYP01114745.1		
musFur1:AEYP01114746	AEYP01114746		AEYP01114746.1		
musFur1:AEYP01114747	AEYP01114747		AEYP01114747.1		
musFur1:AEYP01114748	AEYP01114748		AEYP01114748.1		
musFur1:AEYP01114749	AEYP01114749		AEYP01114749.1		
musFur1:AEYP01114750	AEYP01114750		AEYP01114750.1		
musFur1:AEYP01114751	AEYP01114751		AEYP01114751.1		
musFur1:AEYP01114752	AEYP01114752		AEYP01114752.1		
musFur1:AEYP01114753	AEYP01114753		AEYP01114753.1		
musFur1:AEYP01114754	AEYP01114754		AEYP01114754.1		
musFur1:AEYP01114755	AEYP01114755		AEYP01114755.1		
musFur1:AEYP01114756	AEYP01114756		AEYP01114756.1		
musFur1:AEYP01114757	AEYP01114757		AEYP01114757.1		
musFur1:AEYP01114758	AEYP01114758		AEYP01114758.1		
musFur1:AEYP01114759	AEYP01114759		AEYP01114759.1		
musFur1:AEYP01114760	AEYP01114760		AEYP01114760.1		
musFur1:AEYP01114761	AEYP01114761		AEYP01114761.1		
musFur1:AEYP01114762	AEYP01114762		AEYP01114762.1		
musFur1:AEYP01114763	AEYP01114763		AEYP01114763.1		
musFur1:AEYP01114764	AEYP01114764		AEYP01114764.1		
musFur1:AEYP01114765	AEYP01114765		AEYP01114765.1		
musFur1:AEYP01114766	AEYP01114766		AEYP01114766.1		
musFur1:AEYP01114767	AEYP01114767		AEYP01114767.1		
musFur1:AEYP01114768	AEYP01114768		AEYP01114768.1		
musFur1:AEYP01114769	AEYP01114769		AEYP01114769.1		
musFur1:AEYP01114770	AEYP01114770		AEYP01114770.1		
musFur1:AEYP01114771	AEYP01114771		AEYP01114771.1		
musFur1:AEYP01114772	AEYP01114772		AEYP01114772.1		
musFur1:AEYP01114773	AEYP01114773		AEYP01114773.1		
musFur1:AEYP01114774	AEYP01114774		AEYP01114774.1		
musFur1:AEYP01114775	AEYP01114775		AEYP01114775.1		
musFur1:AEYP01114776	AEYP01114776		AEYP01114776.1		
musFur1:AEYP01114777	AEYP01114777		AEYP01114777.1		
musFur1:AEYP01114778	AEYP01114778		AEYP01114778.1		
musFur1:AEYP01114779	AEYP01114779		AEYP01114779.1		
musFur1:AEYP01114780	AEYP01114780		AEYP01114780.1		
musFur1:AEYP01114781	AEYP01114781		AEYP01114781.1		
musFur1:AEYP01114782	AEYP01114782		AEYP01114782.1		
musFur1:AEYP01114783	AEYP01114783		AEYP01114783.1		
musFur1:AEYP01114784	AEYP01114784		AEYP01114784.1		
musFur1:AEYP01114785	AEYP01114785		AEYP01114785.1		
musFur1:AEYP01114786	AEYP01114786		AEYP01114786.1		
musFur1:AEYP01114787	AEYP01114787		AEYP01114787.1		
musFur1:AEYP01114788	AEYP01114788		AEYP01114788.1		
musFur1:AEYP01114789	AEYP01114789		AEYP01114789.1		
musFur1:AEYP01114790	AEYP01114790		AEYP01114790.1		
musFur1:AEYP01114791	AEYP01114791		AEYP01114791.1		
musFur1:AEYP01114792	AEYP01114792		AEYP01114792.1		
musFur1:AEYP01114793	AEYP01114793		AEYP01114793.1		
musFur1:AEYP01114794	AEYP01114794		AEYP01114794.1		
musFur1:AEYP01114795	AEYP01114795		AEYP01114795.1		
musFur1:AEYP01114796	AEYP01114796		AEYP01114796.1		
musFur1:AEYP01114797	AEYP01114797		AEYP01114797.1		
musFur1:AEYP01114798	AEYP01114798		AEYP01114798.1		
musFur1:AEYP01114799	AEYP01114799		AEYP01114799.1		
musFur1:AEYP01114800	AEYP01114800		AEYP01114800.1		
musFur1:AEYP01114801	AEYP01114801		AEYP01114801.1		
musFur1:AEYP01114802	AEYP01114802		AEYP01114802.1		
musFur1:AEYP01114803	AEYP01114803		AEYP01114803.1		
musFur1:AEYP01114804	AEYP01114804		AEYP01114804.1		
musFur1:AEYP01114805	AEYP01114805		AEYP01114805.1		
musFur1:AEYP01114806	AEYP01114806		AEYP01114806.1		
musFur1:AEYP01114807	AEYP01114807		AEYP01114807.1		
musFur1:AEYP01114808	AEYP01114808		AEYP01114808.1		
musFur1:AEYP01114809	AEYP01114809		AEYP01114809.1		
musFur1:AEYP01114810	AEYP01114810		AEYP01114810.1		
musFur1:AEYP01114811	AEYP01114811		AEYP01114811.1		
musFur1:AEYP01114812	AEYP01114812		AEYP01114812.1		
musFur1:AEYP01114813	AEYP01114813		AEYP01114813.1		
musFur1:AEYP01114814	AEYP01114814		AEYP01114814.1		
musFur1:AEYP01114815	AEYP01114815		AEYP01114815.1		
musFur1:AEYP01114816	AEYP01114816		AEYP01114816.1		
musFur1:AEYP01114817	AEYP01114817		AEYP01114817.1		
musFur1:AEYP01114818	AEYP01114818		AEYP01114818.1		
musFur1:AEYP01114819	AEYP01114819		AEYP01114819.1		
musFur1:AEYP01114820	AEYP01114820		AEYP01114820.1		
musFur1:AEYP01114821	AEYP01114821		AEYP01114821.1		
musFur1:AEYP01114822	AEYP01114822		AEYP01114822.1		
musFur1:AEYP01114823	AEYP01114823		AEYP01114823.1		
musFur1:AEYP01114824	AEYP01114824		AEYP01114824.1		
musFur1:AEYP01114825	AEYP01114825		AEYP01114825.1		
musFur1:AEYP01114826	AEYP01114826		AEYP01114826.1		
musFur1:AEYP01114827	AEYP01114827		AEYP01114827.1		
musFur1:AEYP01114828	AEYP01114828		AEYP01114828.1		
musFur1:AEYP01114829	AEYP01114829		AEYP01114829.1		
musFur1:AEYP01114830	AEYP01114830		AEYP01114830.1		
musFur1:AEYP01114831	AEYP01114831		AEYP01114831.1		
musFur1:AEYP01114832	AEYP01114832		AEYP01114832.1		
musFur1:AEYP01114833	AEYP01114833		AEYP01114833.1		
musFur1:AEYP01114834	AEYP01114834		AEYP01114834.1		
musFur1:AEYP01114835	AEYP01114835		AEYP01114835.1		
musFur1:AEYP01114836	AEYP01114836		AEYP01114836.1		
musFur1:AEYP01114837	AEYP01114837		AEYP01114837.1		
musFur1:AEYP01114838	AEYP01114838		AEYP01114838.1		
musFur1:AEYP01114839	AEYP01114839		AEYP01114839.1		
musFur1:AEYP01114840	AEYP01114840		AEYP01114840.1		
musFur1:AEYP01114841	AEYP01114841		AEYP01114841.1		
musFur1:AEYP01114842	AEYP01114842		AEYP01114842.1		
musFur1:AEYP01114843	AEYP01114843		AEYP01114843.1		
musFur1:AEYP01114844	AEYP01114844		AEYP01114844.1		
musFur1:AEYP01114845	AEYP01114845		AEYP01114845.1		
musFur1:AEYP01114846	AEYP01114846		AEYP01114846.1		
musFur1:AEYP01114847	AEYP01114847		AEYP01114847.1		
musFur1:AEYP01114848	AEYP01114848		AEYP01114848.1		
musFur1:AEYP01114849	AEYP01114849		AEYP01114849.1		
musFur1:AEYP01114850	AEYP01114850		AEYP01114850.1		
musFur1:AEYP01114851	AEYP01114851		AEYP01114851.1		
musFur1:AEYP01114852	AEYP01114852		AEYP01114852.1		
musFur1:AEYP01114853	AEYP01114853		AEYP01114853.1		
musFur1:AEYP01114854	AEYP01114854		AEYP01114854.1		
musFur1:AEYP01114855	AEYP01114855		AEYP01114855.1		
musFur1:AEYP01114856	AEYP01114856		AEYP01114856.1		
musFur1:AEYP01114857	AEYP01114857		AEYP01114857.1		
musFur1:AEYP01114858	AEYP01114858		AEYP01114858.1		
musFur1:AEYP01114859	AEYP01114859		AEYP01114859.1		
musFur1:AEYP01114860	AEYP01114860		AEYP01114860.1		
musFur1:AEYP01114861	AEYP01114861		AEYP01114861.1		
musFur1:AEYP01114862	AEYP01114862		AEYP01114862.1		
musFur1:AEYP01114863	AEYP01114863		AEYP01114863.1		
musFur1:AEYP01114864	AEYP01114864		AEYP01114864.1		
musFur1:AEYP01114865	AEYP01114865		AEYP01114865.1		
musFur1:AEYP01114866	AEYP01114866		AEYP01114866.1		
musFur1:AEYP01114867	AEYP01114867		AEYP01114867.1		
musFur1:AEYP01114868	AEYP01114868		AEYP01114868.1		
musFur1:AEYP01114869	AEYP01114869		AEYP01114869.1		
musFur1:AEYP01114870	AEYP01114870		AEYP01114870.1		
musFur1:AEYP01114871	AEYP01114871		AEYP01114871.1		
musFur1:AEYP01114872	AEYP01114872		AEYP01114872.1		
musFur1:AEYP01114873	AEYP01114873		AEYP01114873.1		
musFur1:AEYP01114874	AEYP01114874		AEYP01114874.1		
musFur1:AEYP01114875	AEYP01114875		AEYP01114875.1		
musFur1:AEYP01114876	AEYP01114876		AEYP01114876.1		
musFur1:AEYP01114877	AEYP01114877		AEYP01114877.1		
musFur1:AEYP01114878	AEYP01114878		AEYP01114878.1		
musFur1:AEYP01114879	AEYP01114879		AEYP01114879.1		
musFur1:AEYP01114880	AEYP01114880		AEYP01114880.1		
musFur1:AEYP01114881	AEYP01114881		AEYP01114881.1		
musFur1:AEYP01114882	AEYP01114882		AEYP01114882.1		
musFur1:AEYP01114883	AEYP01114883		AEYP01114883.1		
musFur1:AEYP01114884	AEYP01114884		AEYP01114884.1		
musFur1:AEYP01114885	AEYP01114885		AEYP01114885.1		
musFur1:AEYP01114886	AEYP01114886		AEYP01114886.1		
musFur1:AEYP01114887	AEYP01114887		AEYP01114887.1		
musFur1:AEYP01114888	AEYP01114888		AEYP01114888.1		
musFur1:AEYP01114889	AEYP01114889		AEYP01114889.1		
musFur1:AEYP01114890	AEYP01114890		AEYP01114890.1		
musFur1:AEYP01114891	AEYP01114891		AEYP01114891.1		
musFur1:AEYP01114892	AEYP01114892		AEYP01114892.1		
musFur1:AEYP01114893	AEYP01114893		AEYP01114893.1		
musFur1:AEYP01114894	AEYP01114894		AEYP01114894.1		
musFur1:AEYP01114895	AEYP01114895		AEYP01114895.1		
musFur1:AEYP01114896	AEYP01114896		AEYP01114896.1		
musFur1:AEYP01114897	AEYP01114897		AEYP01114897.1		
musFur1:AEYP01114898	AEYP01114898		AEYP01114898.1		
musFur1:AEYP01114899	AEYP01114899		AEYP01114899.1		
musFur1:AEYP01114900	AEYP01114900		AEYP01114900.1		
musFur1:AEYP01114901	AEYP01114901		AEYP01114901.1		
musFur1:AEYP01114902	AEYP01114902		AEYP01114902.1		
musFur1:AEYP01114903	AEYP01114903		AEYP01114903.1		
musFur1:AEYP01114904	AEYP01114904		AEYP01114904.1		
musFur1:AEYP01114905	AEYP01114905		AEYP01114905.1		
musFur1:AEYP01114906	AEYP01114906		AEYP01114906.1		
musFur1:AEYP01114907	AEYP01114907		AEYP01114907.1		
musFur1:AEYP01114908	AEYP01114908		AEYP01114908.1		
musFur1:AEYP01114909	AEYP01114909		AEYP01114909.1		
musFur1:AEYP01114910	AEYP01114910		AEYP01114910.1		
musFur1:AEYP01114911	AEYP01114911		AEYP01114911.1		
musFur1:AEYP01114912	AEYP01114912		AEYP01114912.1		
musFur1:AEYP01114913	AEYP01114913		AEYP01114913.1		
musFur1:AEYP01114914	AEYP01114914		AEYP01114914.1		
musFur1:AEYP01114915	AEYP01114915		AEYP01114915.1		
musFur1:AEYP01114916	AEYP01114916		AEYP01114916.1		
musFur1:AEYP01114917	AEYP01114917		AEYP01114917.1		
musFur1:AEYP01114918	AEYP01114918		AEYP01114918.1		
musFur1:AEYP01114919	AEYP01114919		AEYP01114919.1		
musFur1:AEYP01114920	AEYP01114920		AEYP01114920.1		
musFur1:AEYP01114921	AEYP01114921		AEYP01114921.1		
musFur1:AEYP01114922	AEYP01114922		AEYP01114922.1		
musFur1:AEYP01114923	AEYP01114923		AEYP01114923.1		
musFur1:AEYP01114924	AEYP01114924		AEYP01114924.1		
musFur1:AEYP01114925	AEYP01114925		AEYP01114925.1		
musFur1:AEYP01114926	AEYP01114926		AEYP01114926.1		
musFur1:AEYP01114927	AEYP01114927		AEYP01114927.1		
musFur1:AEYP01114928	AEYP01114928		AEYP01114928.1		
musFur1:AEYP01114929	AEYP01114929		AEYP01114929.1		
musFur1:AEYP01114930	AEYP01114930		AEYP01114930.1		
musFur1:AEYP01114931	AEYP01114931		AEYP01114931.1		
musFur1:AEYP01114932	AEYP01114932		AEYP01114932.1		
musFur1:AEYP01114933	AEYP01114933		AEYP01114933.1		
musFur1:AEYP01114934	AEYP01114934		AEYP01114934.1		
musFur1:AEYP01114935	AEYP01114935		AEYP01114935.1		
musFur1:AEYP01114936	AEYP01114936		AEYP01114936.1		
musFur1:AEYP01114937	AEYP01114937		AEYP01114937.1		
musFur1:AEYP01114938	AEYP01114938		AEYP01114938.1		
musFur1:AEYP01114939	AEYP01114939		AEYP01114939.1		
musFur1:AEYP01114940	AEYP01114940		AEYP01114940.1		
musFur1:AEYP01114941	AEYP01114941		AEYP01114941.1		
musFur1:AEYP01114942	AEYP01114942		AEYP01114942.1		
musFur1:AEYP01114943	AEYP01114943		AEYP01114943.1		
musFur1:AEYP01114944	AEYP01114944		AEYP01114944.1		
musFur1:AEYP01114945	AEYP01114945		AEYP01114945.1		
musFur1:AEYP01114946	AEYP01114946		AEYP01114946.1		
musFur1:AEYP01114947	AEYP01114947		AEYP01114947.1		
musFur1:AEYP01114948	AEYP01114948		AEYP01114948.1		
musFur1:AEYP01114949	AEYP01114949		AEYP01114949.1		
musFur1:AEYP01114950	AEYP01114950		AEYP01114950.1		
musFur1:AEYP01114951	AEYP01114951		AEYP01114951.1		
musFur1:AEYP01114952	AEYP01114952		AEYP01114952.1		
musFur1:AEYP01114953	AEYP01114953		AEYP01114953.1		
musFur1:AEYP01114954	AEYP01114954		AEYP01114954.1		
musFur1:AEYP01114955	AEYP01114955		AEYP01114955.1		
musFur1:AEYP01114956	AEYP01114956		AEYP01114956.1		
musFur1:AEYP01114957	AEYP01114957		AEYP01114957.1		
musFur1:AEYP01114958	AEYP01114958		AEYP01114958.1		
musFur1:AEYP01114959	AEYP01114959		AEYP01114959.1		
musFur1:AEYP01114960	AEYP01114960		AEYP01114960.1		
musFur1:AEYP01114961	AEYP01114961		AEYP01114961.1		
musFur1:AEYP01114962	AEYP01114962		AEYP01114962.1		
musFur1:AEYP01114963	AEYP01114963		AEYP01114963.1		
musFur1:AEYP01114964	AEYP01114964		AEYP01114964.1		
musFur1:AEYP01114965	AEYP01114965		AEYP01114965.1		
musFur1:AEYP01114966	AEYP01114966		AEYP01114966.1		
musFur1:AEYP01114967	AEYP01114967		AEYP01114967.1		
musFur1:AEYP01114968	AEYP01114968		AEYP01114968.1		
musFur1:AEYP01114969	AEYP01114969		AEYP01114969.1		
musFur1:AEYP01114970	AEYP01114970		AEYP01114970.1		
musFur1:AEYP01114971	AEYP01114971		AEYP01114971.1		
musFur1:AEYP01114972	AEYP01114972		AEYP01114972.1		
musFur1:AEYP01114973	AEYP01114973		AEYP01114973.1		
musFur1:AEYP01114974	AEYP01114974		AEYP01114974.1		
musFur1:AEYP01114975	AEYP01114975		AEYP01114975.1		
musFur1:AEYP01114976	AEYP01114976		AEYP01114976.1		
musFur1:AEYP01114977	AEYP01114977		AEYP01114977.1		
musFur1:AEYP01114978	AEYP01114978		AEYP01114978.1		
musFur1:AEYP01114979	AEYP01114979		AEYP01114979.1		
musFur1:AEYP01114980	AEYP01114980		AEYP01114980.1		
musFur1:AEYP01114981	AEYP01114981		AEYP01114981.1		
musFur1:AEYP01114982	AEYP01114982		AEYP01114982.1		
musFur1:AEYP01114983	AEYP01114983		AEYP01114983.1		
musFur1:AEYP01114984	AEYP01114984		AEYP01114984.1		
musFur1:AEYP01114985	AEYP01114985		AEYP01114985.1		
musFur1:AEYP01114986	AEYP01114986		AEYP01114986.1		
musFur1:AEYP01114987	AEYP01114987		AEYP01114987.1		
musFur1:AEYP01114988	AEYP01114988		AEYP01114988.1		
musFur1:AEYP01114989	AEYP01114989		AEYP01114989.1		
musFur1:AEYP01114990	AEYP01114990		AEYP01114990.1		
musFur1:AEYP01114991	AEYP01114991		AEYP01114991.1		
musFur1:AEYP01114992	AEYP01114992		AEYP01114992.1		
musFur1:AEYP01114993	AEYP01114993		AEYP01114993.1		
musFur1:AEYP01114994	AEYP01114994		AEYP01114994.1		
musFur1:AEYP01114995	AEYP01114995		AEYP01114995.1		
musFur1:AEYP01114996	AEYP01114996		AEYP01114996.1		
musFur1:AEYP01114997	AEYP01114997		AEYP01114997.1		
musFur1:AEYP01114998	AEYP01114998		AEYP01114998.1		
musFur1:AEYP01114999	AEYP01114999		AEYP01114999.1		
musFur1:AEYP01115000	AEYP01115000		AEYP01115000.1		
musFur1:AEYP01115001	AEYP01115001		AEYP01115001.1		
musFur1:AEYP01115002	AEYP01115002		AEYP01115002.1		
musFur1:AEYP01115003	AEYP01115003		AEYP01115003.1		
musFur1:AEYP01115004	AEYP01115004		AEYP01115004.1		
musFur1:AEYP01115005	AEYP01115005		AEYP01115005.1		
musFur1:AEYP01115006	AEYP01115006		AEYP01115006.1		
musFur1:AEYP01115007	AEYP01115007		AEYP01115007.1		
musFur1:AEYP01115008	AEYP01115008		AEYP01115008.1		
musFur1:AEYP01115009	AEYP01115009		AEYP01115009.1		
musFur1:AEYP01115010	AEYP01115010		AEYP01115010.1		
musFur1:AEYP01115011	AEYP01115011		AEYP01115011.1		
musFur1:AEYP01115012	AEYP01115012		AEYP01115012.1		
musFur1:AEYP01115013	AEYP01115013		AEYP01115013.1		
musFur1:AEYP01115014	AEYP01115014		AEYP01115014.1		
musFur1:AEYP01115015	AEYP01115015		AEYP01115015.1		
musFur1:AEYP01115016	AEYP01115016		AEYP01115016.1		
musFur1:AEYP01115017	AEYP01115017		AEYP01115017.1		
musFur1:AEYP01115018	AEYP01115018		AEYP01115018.1		
musFur1:AEYP01115019	AEYP01115019		AEYP01115019.1		
musFur1:AEYP01115020	AEYP01115020		AEYP01115020.1		
musFur1:AEYP01115021	AEYP01115021		AEYP01115021.1		
musFur1:AEYP01115022	AEYP01115022		AEYP01115022.1		
musFur1:AEYP01115023	AEYP01115023		AEYP01115023.1		
musFur1:AEYP01115024	AEYP01115024		AEYP01115024.1		
musFur1:AEYP01115025	AEYP01115025		AEYP01115025.1		
musFur1:AEYP01115026	AEYP01115026		AEYP01115026.1		
musFur1:AEYP01115027	AEYP01115027		AEYP01115027.1		
musFur1:AEYP01115028	AEYP01115028		AEYP01115028.1		
musFur1:AEYP01115029	AEYP01115029		AEYP01115029.1		
musFur1:AEYP01115030	AEYP01115030		AEYP01115030.1		
musFur1:AEYP01115031	AEYP01115031		AEYP01115031.1		
musFur1:AEYP01115032	AEYP01115032		AEYP01115032.1		
musFur1:AEYP01115033	AEYP01115033		AEYP01115033.1		
musFur1:AEYP01115034	AEYP01115034		AEYP01115034.1		
musFur1:AEYP01115035	AEYP01115035		AEYP01115035.1		
musFur1:AEYP01115036	AEYP01115036		AEYP01115036.1		
musFur1:AEYP01115037	AEYP01115037		AEYP01115037.1		
musFur1:AEYP01115038	AEYP01115038		AEYP01115038.1		
musFur1:AEYP01115039	AEYP01115039		AEYP01115039.1		
musFur1:AEYP01115040	AEYP01115040		AEYP01115040.1		
musFur1:AEYP01115041	AEYP01115041		AEYP01115041.1		
musFur1:AEYP01115042	AEYP01115042		AEYP01115042.1		
musFur1:AEYP01115043	AEYP01115043		AEYP01115043.1		
musFur1:AEYP01115044	AEYP01115044		AEYP01115044.1		
musFur1:AEYP01115045	AEYP01115045		AEYP01115045.1		
musFur1:AEYP01115046	AEYP01115046		AEYP01115046.1		
musFur1:AEYP01115047	AEYP01115047		AEYP01115047.1		
musFur1:AEYP01115048	AEYP01115048		AEYP01115048.1		
musFur1:AEYP01115049	AEYP01115049		AEYP01115049.1		
musFur1:AEYP01115050	AEYP01115050		AEYP01115050.1		
musFur1:AEYP01115051	AEYP01115051		AEYP01115051.1		
musFur1:AEYP01115052	AEYP01115052		AEYP01115052.1		
musFur1:AEYP01115053	AEYP01115053		AEYP01115053.1		
musFur1:AEYP01115054	AEYP01115054		AEYP01115054.1		
musFur1:AEYP01115055	AEYP01115055		AEYP01115055.1		
musFur1:AEYP01115056	AEYP01115056		AEYP01115056.1		
musFur1:AEYP01115057	AEYP01115057		AEYP01115057.1		
musFur1:AEYP01115058	AEYP01115058		AEYP01115058.1		
musFur1:AEYP01115059	AEYP01115059		AEYP01115059.1		
musFur1:AEYP01115060	AEYP01115060		AEYP01115060.1		
musFur1:AEYP01115061	AEYP01115061		AEYP01115061.1		
musFur1:AEYP01115062	AEYP01115062		AEYP01115062.1		
musFur1:AEYP01115063	AEYP01115063		AEYP01115063.1		
musFur1:AEYP01115064	AEYP01115064		AEYP01115064.1		
musFur1:AEYP01115065	AEYP01115065		AEYP01115065.1		
musFur1:AEYP01115066	AEYP01115066		AEYP01115066.1		
musFur1:AEYP01115067	AEYP01115067		AEYP01115067.1		
musFur1:AEYP01115068	AEYP01115068		AEYP01115068.1		
musFur1:AEYP01115069	AEYP01115069		AEYP01115069.1		
musFur1:AEYP01115070	AEYP01115070		AEYP01115070.1		
musFur1:AEYP01115071	AEYP01115071		AEYP01115071.1		
musFur1:AEYP01115072	AEYP01115072		AEYP01115072.1		
musFur1:AEYP01115073	AEYP01115073		AEYP01115073.1		
musFur1:AEYP01115074	AEYP01115074		AEYP01115074.1		
musFur1:AEYP01115075	AEYP01115075		AEYP01115075.1		
musFur1:AEYP01115076	AEYP01115076		AEYP01115076.1		
musFur1:AEYP01115077	AEYP01115077		AEYP01115077.1		
musFur1:AEYP01115078	AEYP01115078		AEYP01115078.1		
musFur1:AEYP01115079	AEYP01115079		AEYP01115079.1		
musFur1:AEYP01115080	AEYP01115080		AEYP01115080.1		
musFur1:AEYP01115081	AEYP01115081		AEYP01115081.1		
musFur1:AEYP01115082	AEYP01115082		AEYP01115082.1		
musFur1:AEYP01115083	AEYP01115083		AEYP01115083.1		
musFur1:AEYP01115084	AEYP01115084		AEYP01115084.1		
musFur1:AEYP01115085	AEYP01115085		AEYP01115085.1		
musFur1:AEYP01115086	AEYP01115086		AEYP01115086.1		
musFur1:AEYP01115087	AEYP01115087		AEYP01115087.1		
musFur1:AEYP01115088	AEYP01115088		AEYP01115088.1		
musFur1:AEYP01115089	AEYP01115089		AEYP01115089.1		
musFur1:AEYP01115090	AEYP01115090		AEYP01115090.1		
musFur1:AEYP01115091	AEYP01115091		AEYP01115091.1		
musFur1:AEYP01115092	AEYP01115092		AEYP01115092.1		
musFur1:AEYP01115093	AEYP01115093		AEYP01115093.1		
musFur1:AEYP01115094	AEYP01115094		AEYP01115094.1		
musFur1:AEYP01115095	AEYP01115095		AEYP01115095.1		
musFur1:AEYP01115096	AEYP01115096		AEYP01115096.1		
musFur1:AEYP01115097	AEYP01115097		AEYP01115097.1		
musFur1:AEYP01115098	AEYP01115098		AEYP01115098.1		
musFur1:AEYP01115099	AEYP01115099		AEYP01115099.1		
musFur1:AEYP01115100	AEYP01115100		AEYP01115100.1		
musFur1:AEYP01115101	AEYP01115101		AEYP01115101.1		
musFur1:AEYP01115102	AEYP01115102		AEYP01115102.1		
musFur1:AEYP01115103	AEYP01115103		AEYP01115103.1		
musFur1:AEYP01115104	AEYP01115104		AEYP01115104.1		
musFur1:AEYP01115105	AEYP01115105		AEYP01115105.1		
musFur1:AEYP01115106	AEYP01115106		AEYP01115106.1		
musFur1:AEYP01115107	AEYP01115107		AEYP01115107.1		
musFur1:AEYP01115108	AEYP01115108		AEYP01115108.1		
musFur1:AEYP01115109	AEYP01115109		AEYP01115109.1		
musFur1:AEYP01115110	AEYP01115110		AEYP01115110.1		
musFur1:AEYP01115111	AEYP01115111		AEYP01115111.1		
musFur1:AEYP01115112	AEYP01115112		AEYP01115112.1		
musFur1:AEYP01115113	AEYP01115113		AEYP01115113.1		
musFur1:AEYP01115115	AEYP01115115		AEYP01115115.1		
musFur1:AEYP01115116	AEYP01115116		AEYP01115116.1		
musFur1:AEYP01115117	AEYP01115117		AEYP01115117.1		
musFur1:AEYP01115118	AEYP01115118		AEYP01115118.1		
musFur1:AEYP01115119	AEYP01115119		AEYP01115119.1		
musFur1:AEYP01115120	AEYP01115120		AEYP01115120.1		
musFur1:AEYP01115121	AEYP01115121		AEYP01115121.1		
musFur1:AEYP01115122	AEYP01115122		AEYP01115122.1		
musFur1:AEYP01115123	AEYP01115123		AEYP01115123.1		
musFur1:AEYP01115124	AEYP01115124		AEYP01115124.1		
musFur1:AEYP01115125	AEYP01115125		AEYP01115125.1		
musFur1:AEYP01115126	AEYP01115126		AEYP01115126.1		
musFur1:AEYP01115127	AEYP01115127		AEYP01115127.1		
musFur1:AEYP01115128	AEYP01115128		AEYP01115128.1		
musFur1:AEYP01115129	AEYP01115129		AEYP01115129.1		
musFur1:AEYP01115130	AEYP01115130		AEYP01115130.1		
musFur1:AEYP01115131	AEYP01115131		AEYP01115131.1		
musFur1:AEYP01115132	AEYP01115132		AEYP01115132.1		
musFur1:AEYP01115133	AEYP01115133		AEYP01115133.1		
musFur1:AEYP01115134	AEYP01115134		AEYP01115134.1		
musFur1:AEYP01115135	AEYP01115135		AEYP01115135.1		
musFur1:AEYP01115136	AEYP01115136		AEYP01115136.1		
musFur1:AEYP01115137	AEYP01115137		AEYP01115137.1		
musFur1:AEYP01115138	AEYP01115138		AEYP01115138.1		
musFur1:AEYP01115139	AEYP01115139		AEYP01115139.1		
musFur1:AEYP01115140	AEYP01115140		AEYP01115140.1		
musFur1:AEYP01115141	AEYP01115141		AEYP01115141.1		
musFur1:AEYP01115142	AEYP01115142		AEYP01115142.1		
musFur1:AEYP01115143	AEYP01115143		AEYP01115143.1		
musFur1:AEYP01115144	AEYP01115144		AEYP01115144.1		
musFur1:AEYP01115145	AEYP01115145		AEYP01115145.1		
musFur1:AEYP01115146	AEYP01115146		AEYP01115146.1		
musFur1:AEYP01115147	AEYP01115147		AEYP01115147.1		
musFur1:AEYP01115148	AEYP01115148		AEYP01115148.1		
musFur1:AEYP01115149	AEYP01115149		AEYP01115149.1		
musFur1:AEYP01115150	AEYP01115150		AEYP01115150.1		
musFur1:AEYP01115151	AEYP01115151		AEYP01115151.1		
musFur1:AEYP01115152	AEYP01115152		AEYP01115152.1		
musFur1:AEYP01115153	AEYP01115153		AEYP01115153.1		
musFur1:AEYP01115154	AEYP01115154		AEYP01115154.1		
musFur1:AEYP01115155	AEYP01115155		AEYP01115155.1		
musFur1:AEYP01115156	AEYP01115156		AEYP01115156.1		
musFur1:AEYP01115157	AEYP01115157		AEYP01115157.1		
musFur1:AEYP01115158	AEYP01115158		AEYP01115158.1		
musFur1:AEYP01115159	AEYP01115159		AEYP01115159.1		
musFur1:AEYP01115160	AEYP01115160		AEYP01115160.1		
musFur1:AEYP01115161	AEYP01115161		AEYP01115161.1		
musFur1:AEYP01115162	AEYP01115162		AEYP01115162.1		
musFur1:AEYP01115163	AEYP01115163		AEYP01115163.1		
musFur1:AEYP01115164	AEYP01115164		AEYP01115164.1		
musFur1:AEYP01115165	AEYP01115165		AEYP01115165.1		
musFur1:AEYP01115166	AEYP01115166		AEYP01115166.1		
musFur1:AEYP01115167	AEYP01115167		AEYP01115167.1		
musFur1:AEYP01115168	AEYP01115168		AEYP01115168.1		
musFur1:AEYP01115169	AEYP01115169		AEYP01115169.1		
musFur1:AEYP01115170	AEYP01115170		AEYP01115170.1		
musFur1:AEYP01115171	AEYP01115171		AEYP01115171.1		
musFur1:AEYP01115172	AEYP01115172		AEYP01115172.1		
musFur1:AEYP01115173	AEYP01115173		AEYP01115173.1		
musFur1:AEYP01115174	AEYP01115174		AEYP01115174.1		
musFur1:AEYP01115175	AEYP01115175		AEYP01115175.1		
musFur1:AEYP01115176	AEYP01115176		AEYP01115176.1		
musFur1:AEYP01115177	AEYP01115177		AEYP01115177.1		
musFur1:AEYP01115178	AEYP01115178		AEYP01115178.1		
musFur1:AEYP01115179	AEYP01115179		AEYP01115179.1		
musFur1:AEYP01115180	AEYP01115180		AEYP01115180.1		
musFur1:AEYP01115181	AEYP01115181		AEYP01115181.1		
musFur1:AEYP01115182	AEYP01115182		AEYP01115182.1		
musFur1:AEYP01115183	AEYP01115183		AEYP01115183.1		
musFur1:AEYP01115184	AEYP01115184		AEYP01115184.1		
musFur1:AEYP01115185	AEYP01115185		AEYP01115185.1		
musFur1:AEYP01115186	AEYP01115186		AEYP01115186.1		
musFur1:AEYP01115187	AEYP01115187		AEYP01115187.1		
musFur1:AEYP01115188	AEYP01115188		AEYP01115188.1		
musFur1:AEYP01115189	AEYP01115189		AEYP01115189.1		
musFur1:AEYP01115190	AEYP01115190		AEYP01115190.1		
musFur1:AEYP01115191	AEYP01115191		AEYP01115191.1		
musFur1:AEYP01115192	AEYP01115192		AEYP01115192.1		
musFur1:AEYP01115193	AEYP01115193		AEYP01115193.1		
musFur1:AEYP01115194	AEYP01115194		AEYP01115194.1		
musFur1:AEYP01115195	AEYP01115195		AEYP01115195.1		
musFur1:AEYP01115196	AEYP01115196		AEYP01115196.1		
musFur1:AEYP01115197	AEYP01115197		AEYP01115197.1		
musFur1:AEYP01115198	AEYP01115198		AEYP01115198.1		
musFur1:AEYP01115199	AEYP01115199		AEYP01115199.1		
musFur1:AEYP01115200	AEYP01115200		AEYP01115200.1		
musFur1:AEYP01115201	AEYP01115201		AEYP01115201.1		
musFur1:AEYP01115202	AEYP01115202		AEYP01115202.1		
musFur1:AEYP01115203	AEYP01115203		AEYP01115203.1		
musFur1:AEYP01115204	AEYP01115204		AEYP01115204.1		
musFur1:AEYP01115205	AEYP01115205		AEYP01115205.1		
musFur1:AEYP01115206	AEYP01115206		AEYP01115206.1		
musFur1:AEYP01115207	AEYP01115207		AEYP01115207.1		
musFur1:AEYP01115208	AEYP01115208		AEYP01115208.1		
musFur1:AEYP01115209	AEYP01115209		AEYP01115209.1		
musFur1:AEYP01115210	AEYP01115210		AEYP01115210.1		
musFur1:AEYP01115211	AEYP01115211		AEYP01115211.1		
musFur1:AEYP01115212	AEYP01115212		AEYP01115212.1		
musFur1:AEYP01115213	AEYP01115213		AEYP01115213.1		
musFur1:AEYP01115214	AEYP01115214		AEYP01115214.1		
musFur1:AEYP01115215	AEYP01115215		AEYP01115215.1		
musFur1:AEYP01115216	AEYP01115216		AEYP01115216.1		
musFur1:AEYP01115217	AEYP01115217		AEYP01115217.1		
musFur1:AEYP01115218	AEYP01115218		AEYP01115218.1		
musFur1:AEYP01115219	AEYP01115219		AEYP01115219.1		
musFur1:AEYP01115220	AEYP01115220		AEYP01115220.1		
musFur1:AEYP01115221	AEYP01115221		AEYP01115221.1		
musFur1:AEYP01115222	AEYP01115222		AEYP01115222.1		
musFur1:AEYP01115223	AEYP01115223		AEYP01115223.1		
musFur1:AEYP01115224	AEYP01115224		AEYP01115224.1		
musFur1:AEYP01115225	AEYP01115225		AEYP01115225.1		
musFur1:AEYP01115226	AEYP01115226		AEYP01115226.1		
musFur1:AEYP01115227	AEYP01115227		AEYP01115227.1		
musFur1:AEYP01115228	AEYP01115228		AEYP01115228.1		
musFur1:AEYP01115229	AEYP01115229		AEYP01115229.1		
musFur1:AEYP01115230	AEYP01115230		AEYP01115230.1		
musFur1:AEYP01115231	AEYP01115231		AEYP01115231.1		
musFur1:AEYP01115232	AEYP01115232		AEYP01115232.1		
musFur1:AEYP01115233	AEYP01115233		AEYP01115233.1		
musFur1:AEYP01115234	AEYP01115234		AEYP01115234.1		
musFur1:AEYP01115235	AEYP01115235		AEYP01115235.1		
musFur1:AEYP01115236	AEYP01115236		AEYP01115236.1		
musFur1:AEYP01115237	AEYP01115237		AEYP01115237.1		
musFur1:AEYP01115238	AEYP01115238		AEYP01115238.1		
musFur1:AEYP01115239	AEYP01115239		AEYP01115239.1		
musFur1:AEYP01115240	AEYP01115240		AEYP01115240.1		
musFur1:AEYP01115241	AEYP01115241		AEYP01115241.1		
musFur1:AEYP01115242	AEYP01115242		AEYP01115242.1		
musFur1:AEYP01115243	AEYP01115243		AEYP01115243.1		
musFur1:AEYP01115244	AEYP01115244		AEYP01115244.1		
musFur1:AEYP01115245	AEYP01115245		AEYP01115245.1		
musFur1:AEYP01115246	AEYP01115246		AEYP01115246.1		
musFur1:AEYP01115247	AEYP01115247		AEYP01115247.1		
musFur1:AEYP01115248	AEYP01115248		AEYP01115248.1		
musFur1:AEYP01115249	AEYP01115249		AEYP01115249.1		
musFur1:AEYP01115250	AEYP01115250		AEYP01115250.1		
musFur1:AEYP01115251	AEYP01115251		AEYP01115251.1		
musFur1:AEYP01115252	AEYP01115252		AEYP01115252.1		
musFur1:AEYP01115253	AEYP01115253		AEYP01115253.1		
musFur1:AEYP01115254	AEYP01115254		AEYP01115254.1		
musFur1:AEYP01115255	AEYP01115255		AEYP01115255.1		
musFur1:AEYP01115256	AEYP01115256		AEYP01115256.1		
musFur1:AEYP01115257	AEYP01115257		AEYP01115257.1		
musFur1:AEYP01115258	AEYP01115258		AEYP01115258.1		
musFur1:AEYP01115259	AEYP01115259		AEYP01115259.1		
musFur1:AEYP01115260	AEYP01115260		AEYP01115260.1		
musFur1:AEYP01115261	AEYP01115261		AEYP01115261.1		
musFur1:AEYP01115262	AEYP01115262		AEYP01115262.1		
musFur1:AEYP01115263	AEYP01115263		AEYP01115263.1		
musFur1:AEYP01115264	AEYP01115264		AEYP01115264.1		
musFur1:AEYP01115265	AEYP01115265		AEYP01115265.1		
musFur1:AEYP01115266	AEYP01115266		AEYP01115266.1		
musFur1:AEYP01115267	AEYP01115267		AEYP01115267.1		
musFur1:AEYP01115268	AEYP01115268		AEYP01115268.1		
musFur1:AEYP01115269	AEYP01115269		AEYP01115269.1		
musFur1:AEYP01115270	AEYP01115270		AEYP01115270.1		
musFur1:AEYP01115271	AEYP01115271		AEYP01115271.1		
musFur1:AEYP01115272	AEYP01115272		AEYP01115272.1		
musFur1:AEYP01115273	AEYP01115273		AEYP01115273.1		
musFur1:AEYP01115274	AEYP01115274		AEYP01115274.1		
musFur1:AEYP01115275	AEYP01115275		AEYP01115275.1		
musFur1:AEYP01115276	AEYP01115276		AEYP01115276.1		
musFur1:AEYP01115277	AEYP01115277		AEYP01115277.1		
musFur1:AEYP01115278	AEYP01115278		AEYP01115278.1		
musFur1:AEYP01115279	AEYP01115279		AEYP01115279.1		
musFur1:AEYP01115280	AEYP01115280		AEYP01115280.1		
musFur1:AEYP01115281	AEYP01115281		AEYP01115281.1		
musFur1:AEYP01115282	AEYP01115282		AEYP01115282.1		
musFur1:AEYP01115283	AEYP01115283		AEYP01115283.1		
musFur1:AEYP01115284	AEYP01115284		AEYP01115284.1		
musFur1:AEYP01115285	AEYP01115285		AEYP01115285.1		
musFur1:AEYP01115286	AEYP01115286		AEYP01115286.1		
musFur1:AEYP01115287	AEYP01115287		AEYP01115287.1		
musFur1:AEYP01115288	AEYP01115288		AEYP01115288.1		
musFur1:AEYP01115289	AEYP01115289		AEYP01115289.1		
musFur1:AEYP01115290	AEYP01115290		AEYP01115290.1		
musFur1:AEYP01115291	AEYP01115291		AEYP01115291.1		
musFur1:AEYP01115292	AEYP01115292		AEYP01115292.1		
musFur1:AEYP01115293	AEYP01115293		AEYP01115293.1		
musFur1:AEYP01115294	AEYP01115294		AEYP01115294.1		
musFur1:AEYP01115295	AEYP01115295		AEYP01115295.1		
musFur1:AEYP01115296	AEYP01115296		AEYP01115296.1		
musFur1:AEYP01115297	AEYP01115297		AEYP01115297.1		
musFur1:AEYP01115298	AEYP01115298		AEYP01115298.1		
musFur1:AEYP01115299	AEYP01115299		AEYP01115299.1		
musFur1:AEYP01115300	AEYP01115300		AEYP01115300.1		
musFur1:AEYP01115301	AEYP01115301		AEYP01115301.1		
musFur1:AEYP01115302	AEYP01115302		AEYP01115302.1		
musFur1:AEYP01115303	AEYP01115303		AEYP01115303.1		
musFur1:AEYP01115304	AEYP01115304		AEYP01115304.1		
musFur1:AEYP01115305	AEYP01115305		AEYP01115305.1		
musFur1:AEYP01115306	AEYP01115306		AEYP01115306.1		
musFur1:AEYP01115307	AEYP01115307		AEYP01115307.1		
musFur1:AEYP01115308	AEYP01115308		AEYP01115308.1		
musFur1:AEYP01115309	AEYP01115309		AEYP01115309.1		
musFur1:AEYP01115310	AEYP01115310		AEYP01115310.1		
musFur1:AEYP01115311	AEYP01115311		AEYP01115311.1		
musFur1:AEYP01115312	AEYP01115312		AEYP01115312.1		
musFur1:AEYP01115313	AEYP01115313		AEYP01115313.1		
musFur1:AEYP01115314	AEYP01115314		AEYP01115314.1		
musFur1:AEYP01115315	AEYP01115315		AEYP01115315.1		
musFur1:AEYP01115316	AEYP01115316		AEYP01115316.1		
musFur1:AEYP01115317	AEYP01115317		AEYP01115317.1		
musFur1:AEYP01115318	AEYP01115318		AEYP01115318.1		
musFur1:AEYP01115319	AEYP01115319		AEYP01115319.1		
musFur1:AEYP01115320	AEYP01115320		AEYP01115320.1		
musFur1:AEYP01115321	AEYP01115321		AEYP01115321.1		
musFur1:AEYP01115322	AEYP01115322		AEYP01115322.1		
musFur1:AEYP01115323	AEYP01115323		AEYP01115323.1		
musFur1:AEYP01115324	AEYP01115324		AEYP01115324.1		
musFur1:AEYP01115325	AEYP01115325		AEYP01115325.1		
musFur1:AEYP01115326	AEYP01115326		AEYP01115326.1		
musFur1:AEYP01115327	AEYP01115327		AEYP01115327.1		
musFur1:AEYP01115328	AEYP01115328		AEYP01115328.1		
musFur1:AEYP01115329	AEYP01115329		AEYP01115329.1		
musFur1:AEYP01115330	AEYP01115330		AEYP01115330.1		
musFur1:AEYP01115331	AEYP01115331		AEYP01115331.1		
musFur1:AEYP01115332	AEYP01115332		AEYP01115332.1		
musFur1:AEYP01115333	AEYP01115333		AEYP01115333.1		
musFur1:AEYP01115334	AEYP01115334		AEYP01115334.1		
musFur1:AEYP01115335	AEYP01115335		AEYP01115335.1		
musFur1:AEYP01115336	AEYP01115336		AEYP01115336.1		
musFur1:AEYP01115337	AEYP01115337		AEYP01115337.1		
musFur1:AEYP01115338	AEYP01115338		AEYP01115338.1		
musFur1:AEYP01115339	AEYP01115339		AEYP01115339.1		
musFur1:AEYP01115340	AEYP01115340		AEYP01115340.1		
musFur1:AEYP01115341	AEYP01115341		AEYP01115341.1		
musFur1:AEYP01115342	AEYP01115342		AEYP01115342.1		
musFur1:AEYP01115343	AEYP01115343		AEYP01115343.1		
musFur1:AEYP01115344	AEYP01115344		AEYP01115344.1		
musFur1:AEYP01115345	AEYP01115345		AEYP01115345.1		
musFur1:AEYP01115346	AEYP01115346		AEYP01115346.1		
musFur1:AEYP01115347	AEYP01115347		AEYP01115347.1		
musFur1:AEYP01115348	AEYP01115348		AEYP01115348.1		
musFur1:AEYP01115349	AEYP01115349		AEYP01115349.1		
musFur1:AEYP01115350	AEYP01115350		AEYP01115350.1		
musFur1:AEYP01115351	AEYP01115351		AEYP01115351.1		
musFur1:AEYP01115352	AEYP01115352		AEYP01115352.1		
musFur1:AEYP01115353	AEYP01115353		AEYP01115353.1		
musFur1:AEYP01115354	AEYP01115354		AEYP01115354.1		
musFur1:AEYP01115355	AEYP01115355		AEYP01115355.1		
musFur1:AEYP01115356	AEYP01115356		AEYP01115356.1		
musFur1:AEYP01115357	AEYP01115357		AEYP01115357.1		
musFur1:AEYP01115358	AEYP01115358		AEYP01115358.1		
musFur1:AEYP01115359	AEYP01115359		AEYP01115359.1		
musFur1:AEYP01115361	AEYP01115361		AEYP01115361.1		
musFur1:AEYP01115362	AEYP01115362		AEYP01115362.1		
musFur1:AEYP01115363	AEYP01115363		AEYP01115363.1		
musFur1:AEYP01115364	AEYP01115364		AEYP01115364.1		
musFur1:AEYP01115365	AEYP01115365		AEYP01115365.1		
musFur1:AEYP01115366	AEYP01115366		AEYP01115366.1		
musFur1:AEYP01115367	AEYP01115367		AEYP01115367.1		
musFur1:AEYP01115368	AEYP01115368		AEYP01115368.1		
musFur1:AEYP01115369	AEYP01115369		AEYP01115369.1		
musFur1:AEYP01115370	AEYP01115370		AEYP01115370.1		
musFur1:AEYP01115371	AEYP01115371		AEYP01115371.1		
musFur1:AEYP01115372	AEYP01115372		AEYP01115372.1		
musFur1:AEYP01115373	AEYP01115373		AEYP01115373.1		
musFur1:AEYP01115374	AEYP01115374		AEYP01115374.1		
musFur1:AEYP01115375	AEYP01115375		AEYP01115375.1		
musFur1:AEYP01115376	AEYP01115376		AEYP01115376.1		
musFur1:AEYP01115377	AEYP01115377		AEYP01115377.1		
musFur1:AEYP01115378	AEYP01115378		AEYP01115378.1		
musFur1:AEYP01115379	AEYP01115379		AEYP01115379.1		
musFur1:AEYP01115380	AEYP01115380		AEYP01115380.1		
musFur1:AEYP01115381	AEYP01115381		AEYP01115381.1		
musFur1:AEYP01115382	AEYP01115382		AEYP01115382.1		
musFur1:AEYP01115383	AEYP01115383		AEYP01115383.1		
musFur1:AEYP01115384	AEYP01115384		AEYP01115384.1		
musFur1:AEYP01115385	AEYP01115385		AEYP01115385.1		
musFur1:AEYP01115386	AEYP01115386		AEYP01115386.1		
musFur1:AEYP01115387	AEYP01115387		AEYP01115387.1		
musFur1:AEYP01115388	AEYP01115388		AEYP01115388.1		
musFur1:AEYP01115389	AEYP01115389		AEYP01115389.1		
musFur1:AEYP01115390	AEYP01115390		AEYP01115390.1		
musFur1:AEYP01115391	AEYP01115391		AEYP01115391.1		
musFur1:AEYP01115392	AEYP01115392		AEYP01115392.1		
musFur1:AEYP01115393	AEYP01115393		AEYP01115393.1		
musFur1:AEYP01115394	AEYP01115394		AEYP01115394.1		
musFur1:AEYP01115395	AEYP01115395		AEYP01115395.1		
musFur1:AEYP01115396	AEYP01115396		AEYP01115396.1		
musFur1:AEYP01115397	AEYP01115397		AEYP01115397.1		
musFur1:AEYP01115398	AEYP01115398		AEYP01115398.1		
musFur1:AEYP01115399	AEYP01115399		AEYP01115399.1		
musFur1:AEYP01115400	AEYP01115400		AEYP01115400.1		
musFur1:AEYP01115401	AEYP01115401		AEYP01115401.1		
musFur1:AEYP01115402	AEYP01115402		AEYP01115402.1		
musFur1:AEYP01115403	AEYP01115403		AEYP01115403.1		
musFur1:AEYP01115404	AEYP01115404		AEYP01115404.1		
musFur1:AEYP01115405	AEYP01115405		AEYP01115405.1		
musFur1:AEYP01115406	AEYP01115406		AEYP01115406.1		
musFur1:AEYP01115407	AEYP01115407		AEYP01115407.1		
musFur1:AEYP01115408	AEYP01115408		AEYP01115408.1		
musFur1:AEYP01115409	AEYP01115409		AEYP01115409.1		
musFur1:AEYP01115410	AEYP01115410		AEYP01115410.1		
musFur1:AEYP01115411	AEYP01115411		AEYP01115411.1		
musFur1:AEYP01115412	AEYP01115412		AEYP01115412.1		
musFur1:AEYP01115413	AEYP01115413		AEYP01115413.1		
musFur1:AEYP01115414	AEYP01115414		AEYP01115414.1		
musFur1:AEYP01115415	AEYP01115415		AEYP01115415.1		
musFur1:AEYP01115416	AEYP01115416		AEYP01115416.1		
musFur1:AEYP01115417	AEYP01115417		AEYP01115417.1		
musFur1:AEYP01115418	AEYP01115418		AEYP01115418.1		
musFur1:AEYP01115419	AEYP01115419		AEYP01115419.1		
musFur1:AEYP01115420	AEYP01115420		AEYP01115420.1		
musFur1:AEYP01115421	AEYP01115421		AEYP01115421.1		
musFur1:AEYP01115422	AEYP01115422		AEYP01115422.1		
musFur1:AEYP01115423	AEYP01115423		AEYP01115423.1		
musFur1:AEYP01115424	AEYP01115424		AEYP01115424.1		
musFur1:AEYP01115425	AEYP01115425		AEYP01115425.1		
musFur1:AEYP01115426	AEYP01115426		AEYP01115426.1		
musFur1:AEYP01115427	AEYP01115427		AEYP01115427.1		
musFur1:AEYP01115428	AEYP01115428		AEYP01115428.1		
musFur1:AEYP01115429	AEYP01115429		AEYP01115429.1		
musFur1:AEYP01115430	AEYP01115430		AEYP01115430.1		
musFur1:AEYP01115431	AEYP01115431		AEYP01115431.1		
musFur1:AEYP01115432	AEYP01115432		AEYP01115432.1		
musFur1:AEYP01115433	AEYP01115433		AEYP01115433.1		
musFur1:AEYP01115434	AEYP01115434		AEYP01115434.1		
musFur1:AEYP01115435	AEYP01115435		AEYP01115435.1		
musFur1:AEYP01115436	AEYP01115436		AEYP01115436.1		
musFur1:AEYP01115437	AEYP01115437		AEYP01115437.1		
musFur1:AEYP01115438	AEYP01115438		AEYP01115438.1		
musFur1:AEYP01115439	AEYP01115439		AEYP01115439.1		
musFur1:AEYP01115440	AEYP01115440		AEYP01115440.1		
musFur1:AEYP01115441	AEYP01115441		AEYP01115441.1		
musFur1:AEYP01115442	AEYP01115442		AEYP01115442.1		
musFur1:AEYP01115443	AEYP01115443		AEYP01115443.1		
musFur1:AEYP01115444	AEYP01115444		AEYP01115444.1		
musFur1:AEYP01115445	AEYP01115445		AEYP01115445.1		
musFur1:AEYP01115446	AEYP01115446		AEYP01115446.1		
musFur1:AEYP01115447	AEYP01115447		AEYP01115447.1		
musFur1:AEYP01115448	AEYP01115448		AEYP01115448.1		
musFur1:AEYP01115449	AEYP01115449		AEYP01115449.1		
musFur1:AEYP01115450	AEYP01115450		AEYP01115450.1		
musFur1:AEYP01115451	AEYP01115451		AEYP01115451.1		
musFur1:AEYP01115452	AEYP01115452		AEYP01115452.1		
musFur1:AEYP01115453	AEYP01115453		AEYP01115453.1		
musFur1:AEYP01115454	AEYP01115454		AEYP01115454.1		
musFur1:AEYP01115455	AEYP01115455		AEYP01115455.1		
musFur1:AEYP01115456	AEYP01115456		AEYP01115456.1		
musFur1:AEYP01115457	AEYP01115457		AEYP01115457.1		
musFur1:AEYP01115458	AEYP01115458		AEYP01115458.1		
musFur1:AEYP01115459	AEYP01115459		AEYP01115459.1		
musFur1:AEYP01115460	AEYP01115460		AEYP01115460.1		
musFur1:AEYP01115461	AEYP01115461		AEYP01115461.1		
musFur1:AEYP01115462	AEYP01115462		AEYP01115462.1		
musFur1:AEYP01115463	AEYP01115463		AEYP01115463.1		
musFur1:AEYP01115464	AEYP01115464		AEYP01115464.1		
musFur1:AEYP01115465	AEYP01115465		AEYP01115465.1		
musFur1:AEYP01115466	AEYP01115466		AEYP01115466.1		
musFur1:AEYP01115467	AEYP01115467		AEYP01115467.1		
musFur1:AEYP01115468	AEYP01115468		AEYP01115468.1		
musFur1:AEYP01115469	AEYP01115469		AEYP01115469.1		
musFur1:AEYP01115470	AEYP01115470		AEYP01115470.1		
musFur1:AEYP01115471	AEYP01115471		AEYP01115471.1		
musFur1:AEYP01115472	AEYP01115472		AEYP01115472.1		
musFur1:AEYP01115473	AEYP01115473		AEYP01115473.1		
musFur1:AEYP01115474	AEYP01115474		AEYP01115474.1		
musFur1:AEYP01115475	AEYP01115475		AEYP01115475.1		
musFur1:AEYP01115476	AEYP01115476		AEYP01115476.1		
musFur1:AEYP01115477	AEYP01115477		AEYP01115477.1		
musFur1:AEYP01115478	AEYP01115478		AEYP01115478.1		
musFur1:AEYP01115479	AEYP01115479		AEYP01115479.1		
musFur1:AEYP01115480	AEYP01115480		AEYP01115480.1		
musFur1:AEYP01115481	AEYP01115481		AEYP01115481.1		
musFur1:AEYP01115482	AEYP01115482		AEYP01115482.1		
musFur1:AEYP01115483	AEYP01115483		AEYP01115483.1		
musFur1:AEYP01115484	AEYP01115484		AEYP01115484.1		
musFur1:AEYP01115485	AEYP01115485		AEYP01115485.1		
musFur1:AEYP01115486	AEYP01115486		AEYP01115486.1		
musFur1:AEYP01115487	AEYP01115487		AEYP01115487.1		
musFur1:AEYP01115488	AEYP01115488		AEYP01115488.1		
musFur1:AEYP01115489	AEYP01115489		AEYP01115489.1		
musFur1:AEYP01115490	AEYP01115490		AEYP01115490.1		
musFur1:AEYP01115491	AEYP01115491		AEYP01115491.1		
musFur1:AEYP01115492	AEYP01115492		AEYP01115492.1		
musFur1:AEYP01115493	AEYP01115493		AEYP01115493.1		
musFur1:AEYP01115494	AEYP01115494		AEYP01115494.1		
musFur1:AEYP01115495	AEYP01115495		AEYP01115495.1		
musFur1:AEYP01115496	AEYP01115496		AEYP01115496.1		
musFur1:AEYP01115497	AEYP01115497		AEYP01115497.1		
musFur1:AEYP01115498	AEYP01115498		AEYP01115498.1		
musFur1:AEYP01115499	AEYP01115499		AEYP01115499.1		
musFur1:AEYP01115500	AEYP01115500		AEYP01115500.1		
musFur1:AEYP01115501	AEYP01115501		AEYP01115501.1		
musFur1:AEYP01115502	AEYP01115502		AEYP01115502.1		
musFur1:AEYP01115503	AEYP01115503		AEYP01115503.1		
musFur1:AEYP01115504	AEYP01115504		AEYP01115504.1		
musFur1:AEYP01115505	AEYP01115505		AEYP01115505.1		
musFur1:AEYP01115506	AEYP01115506		AEYP01115506.1		
musFur1:AEYP01115507	AEYP01115507		AEYP01115507.1		
musFur1:AEYP01115508	AEYP01115508		AEYP01115508.1		
musFur1:AEYP01115509	AEYP01115509		AEYP01115509.1		
musFur1:AEYP01115510	AEYP01115510		AEYP01115510.1		
musFur1:AEYP01115511	AEYP01115511		AEYP01115511.1		
musFur1:AEYP01115512	AEYP01115512		AEYP01115512.1		
musFur1:AEYP01115513	AEYP01115513		AEYP01115513.1		
musFur1:AEYP01115514	AEYP01115514		AEYP01115514.1		
musFur1:AEYP01115515	AEYP01115515		AEYP01115515.1		
musFur1:AEYP01115516	AEYP01115516		AEYP01115516.1		
musFur1:AEYP01115517	AEYP01115517		AEYP01115517.1		
musFur1:AEYP01115518	AEYP01115518		AEYP01115518.1		
musFur1:AEYP01115519	AEYP01115519		AEYP01115519.1		
musFur1:AEYP01115520	AEYP01115520		AEYP01115520.1		
musFur1:AEYP01115521	AEYP01115521		AEYP01115521.1		
musFur1:AEYP01115522	AEYP01115522		AEYP01115522.1		
musFur1:AEYP01115523	AEYP01115523		AEYP01115523.1		
musFur1:AEYP01115524	AEYP01115524		AEYP01115524.1		
musFur1:AEYP01115525	AEYP01115525		AEYP01115525.1		
musFur1:AEYP01115526	AEYP01115526		AEYP01115526.1		
musFur1:AEYP01115527	AEYP01115527		AEYP01115527.1		
musFur1:AEYP01115528	AEYP01115528		AEYP01115528.1		
musFur1:AEYP01115529	AEYP01115529		AEYP01115529.1		
musFur1:AEYP01115530	AEYP01115530		AEYP01115530.1		
musFur1:AEYP01115531	AEYP01115531		AEYP01115531.1		
musFur1:AEYP01115532	AEYP01115532		AEYP01115532.1		
musFur1:AEYP01115533	AEYP01115533		AEYP01115533.1		
musFur1:AEYP01115534	AEYP01115534		AEYP01115534.1		
musFur1:AEYP01115535	AEYP01115535		AEYP01115535.1		
musFur1:AEYP01115536	AEYP01115536		AEYP01115536.1		
musFur1:AEYP01115537	AEYP01115537		AEYP01115537.1		
musFur1:AEYP01115538	AEYP01115538		AEYP01115538.1		
musFur1:AEYP01115539	AEYP01115539		AEYP01115539.1		
musFur1:AEYP01115540	AEYP01115540		AEYP01115540.1		
musFur1:AEYP01115541	AEYP01115541		AEYP01115541.1		
musFur1:AEYP01115542	AEYP01115542		AEYP01115542.1		
musFur1:AEYP01115543	AEYP01115543		AEYP01115543.1		
musFur1:AEYP01115544	AEYP01115544		AEYP01115544.1		
musFur1:AEYP01115545	AEYP01115545		AEYP01115545.1		
musFur1:AEYP01115546	AEYP01115546		AEYP01115546.1		
musFur1:AEYP01115547	AEYP01115547		AEYP01115547.1		
musFur1:AEYP01115548	AEYP01115548		AEYP01115548.1		
musFur1:AEYP01115549	AEYP01115549		AEYP01115549.1		
musFur1:AEYP01115550	AEYP01115550		AEYP01115550.1		
musFur1:AEYP01115551	AEYP01115551		AEYP01115551.1		
musFur1:AEYP01115552	AEYP01115552		AEYP01115552.1		
musFur1:AEYP01115553	AEYP01115553		AEYP01115553.1		
musFur1:AEYP01115554	AEYP01115554		AEYP01115554.1		
musFur1:AEYP01115555	AEYP01115555		AEYP01115555.1		
musFur1:AEYP01115556	AEYP01115556		AEYP01115556.1		
musFur1:AEYP01115557	AEYP01115557		AEYP01115557.1		
musFur1:AEYP01115558	AEYP01115558		AEYP01115558.1		
musFur1:AEYP01115559	AEYP01115559		AEYP01115559.1		
musFur1:AEYP01115560	AEYP01115560		AEYP01115560.1		
musFur1:AEYP01115561	AEYP01115561		AEYP01115561.1		
musFur1:AEYP01115562	AEYP01115562		AEYP01115562.1		
musFur1:AEYP01115563	AEYP01115563		AEYP01115563.1		
musFur1:AEYP01115564	AEYP01115564		AEYP01115564.1		
musFur1:AEYP01115565	AEYP01115565		AEYP01115565.1		
musFur1:AEYP01115566	AEYP01115566		AEYP01115566.1		
musFur1:AEYP01115567	AEYP01115567		AEYP01115567.1		
musFur1:AEYP01115568	AEYP01115568		AEYP01115568.1		
musFur1:AEYP01115569	AEYP01115569		AEYP01115569.1		
musFur1:AEYP01115570	AEYP01115570		AEYP01115570.1		
musFur1:AEYP01115571	AEYP01115571		AEYP01115571.1		
musFur1:AEYP01115572	AEYP01115572		AEYP01115572.1		
musFur1:AEYP01115573	AEYP01115573		AEYP01115573.1		
musFur1:AEYP01115574	AEYP01115574		AEYP01115574.1		
musFur1:AEYP01115575	AEYP01115575		AEYP01115575.1		
musFur1:AEYP01115576	AEYP01115576		AEYP01115576.1		
musFur1:AEYP01115577	AEYP01115577		AEYP01115577.1		
musFur1:AEYP01115578	AEYP01115578		AEYP01115578.1		
musFur1:AEYP01115579	AEYP01115579		AEYP01115579.1		
musFur1:AEYP01115580	AEYP01115580		AEYP01115580.1		
musFur1:AEYP01115581	AEYP01115581		AEYP01115581.1		
musFur1:AEYP01115582	AEYP01115582		AEYP01115582.1		
musFur1:AEYP01115583	AEYP01115583		AEYP01115583.1		
musFur1:AEYP01115584	AEYP01115584		AEYP01115584.1		
musFur1:AEYP01115585	AEYP01115585		AEYP01115585.1		
musFur1:AEYP01115586	AEYP01115586		AEYP01115586.1		
musFur1:AEYP01115587	AEYP01115587		AEYP01115587.1		
musFur1:AEYP01115588	AEYP01115588		AEYP01115588.1		
musFur1:AEYP01115589	AEYP01115589		AEYP01115589.1		
musFur1:AEYP01115590	AEYP01115590		AEYP01115590.1		
musFur1:AEYP01115591	AEYP01115591		AEYP01115591.1		
musFur1:AEYP01115592	AEYP01115592		AEYP01115592.1		
musFur1:AEYP01115593	AEYP01115593		AEYP01115593.1		
musFur1:AEYP01115594	AEYP01115594		AEYP01115594.1		
musFur1:AEYP01115595	AEYP01115595		AEYP01115595.1		
musFur1:AEYP01115596	AEYP01115596		AEYP01115596.1		
musFur1:AEYP01115597	AEYP01115597		AEYP01115597.1		
musFur1:AEYP01115598	AEYP01115598		AEYP01115598.1		
musFur1:AEYP01115599	AEYP01115599		AEYP01115599.1		
musFur1:AEYP01115600	AEYP01115600		AEYP01115600.1		
musFur1:AEYP01115601	AEYP01115601		AEYP01115601.1		
musFur1:AEYP01115602	AEYP01115602		AEYP01115602.1		
musFur1:AEYP01115603	AEYP01115603		AEYP01115603.1		
musFur1:AEYP01115604	AEYP01115604		AEYP01115604.1		
musFur1:AEYP01115605	AEYP01115605		AEYP01115605.1		
musFur1:AEYP01115606	AEYP01115606		AEYP01115606.1		
musFur1:AEYP01115607	AEYP01115607		AEYP01115607.1		
musFur1:AEYP01115608	AEYP01115608		AEYP01115608.1		
musFur1:AEYP01115609	AEYP01115609		AEYP01115609.1		
musFur1:AEYP01115610	AEYP01115610		AEYP01115610.1		
musFur1:AEYP01115611	AEYP01115611		AEYP01115611.1		
musFur1:AEYP01115612	AEYP01115612		AEYP01115612.1		
musFur1:AEYP01115613	AEYP01115613		AEYP01115613.1		
musFur1:AEYP01115614	AEYP01115614		AEYP01115614.1		
musFur1:AEYP01115615	AEYP01115615		AEYP01115615.1		
musFur1:AEYP01115616	AEYP01115616		AEYP01115616.1		
musFur1:AEYP01115617	AEYP01115617		AEYP01115617.1		
musFur1:AEYP01115618	AEYP01115618		AEYP01115618.1		
musFur1:AEYP01115619	AEYP01115619		AEYP01115619.1		
musFur1:AEYP01115620	AEYP01115620		AEYP01115620.1		
musFur1:AEYP01115621	AEYP01115621		AEYP01115621.1		
musFur1:AEYP01115622	AEYP01115622		AEYP01115622.1		
musFur1:AEYP01115623	AEYP01115623		AEYP01115623.1		
musFur1:AEYP01115624	AEYP01115624		AEYP01115624.1		
musFur1:AEYP01115625	AEYP01115625		AEYP01115625.1		
musFur1:AEYP01115626	AEYP01115626		AEYP01115626.1		
musFur1:AEYP01115627	AEYP01115627		AEYP01115627.1		
musFur1:AEYP01115628	AEYP01115628		AEYP01115628.1		
musFur1:AEYP01115629	AEYP01115629		AEYP01115629.1		
musFur1:AEYP01115630	AEYP01115630		AEYP01115630.1		
musFur1:AEYP01115631	AEYP01115631		AEYP01115631.1		
musFur1:AEYP01115632	AEYP01115632		AEYP01115632.1		
musFur1:AEYP01115633	AEYP01115633		AEYP01115633.1		
musFur1:AEYP01115634	AEYP01115634		AEYP01115634.1		
musFur1:AEYP01115635	AEYP01115635		AEYP01115635.1		
musFur1:AEYP01115636	AEYP01115636		AEYP01115636.1		
musFur1:AEYP01115637	AEYP01115637		AEYP01115637.1		
musFur1:AEYP01115638	AEYP01115638		AEYP01115638.1		
musFur1:AEYP01115639	AEYP01115639		AEYP01115639.1		
musFur1:AEYP01115640	AEYP01115640		AEYP01115640.1		
musFur1:AEYP01115641	AEYP01115641		AEYP01115641.1		
musFur1:AEYP01115642	AEYP01115642		AEYP01115642.1		
musFur1:AEYP01115643	AEYP01115643		AEYP01115643.1		
musFur1:AEYP01115644	AEYP01115644		AEYP01115644.1		
musFur1:AEYP01115645	AEYP01115645		AEYP01115645.1		
musFur1:AEYP01115646	AEYP01115646		AEYP01115646.1		
musFur1:AEYP01115647	AEYP01115647		AEYP01115647.1		
musFur1:AEYP01115648	AEYP01115648		AEYP01115648.1		
musFur1:AEYP01115649	AEYP01115649		AEYP01115649.1		
musFur1:AEYP01115650	AEYP01115650		AEYP01115650.1		
musFur1:AEYP01115651	AEYP01115651		AEYP01115651.1		
musFur1:AEYP01115652	AEYP01115652		AEYP01115652.1		
musFur1:AEYP01115653	AEYP01115653		AEYP01115653.1		
musFur1:AEYP01115654	AEYP01115654		AEYP01115654.1		
musFur1:AEYP01115655	AEYP01115655		AEYP01115655.1		
musFur1:AEYP01115656	AEYP01115656		AEYP01115656.1		
musFur1:AEYP01115657	AEYP01115657		AEYP01115657.1		
musFur1:AEYP01115658	AEYP01115658		AEYP01115658.1		
musFur1:AEYP01115659	AEYP01115659		AEYP01115659.1		
musFur1:AEYP01115660	AEYP01115660		AEYP01115660.1		
musFur1:AEYP01115661	AEYP01115661		AEYP01115661.1		
musFur1:AEYP01115662	AEYP01115662		AEYP01115662.1		
musFur1:AEYP01115663	AEYP01115663		AEYP01115663.1		
musFur1:AEYP01115664	AEYP01115664		AEYP01115664.1		
musFur1:AEYP01115665	AEYP01115665		AEYP01115665.1		
musFur1:AEYP01115666	AEYP01115666		AEYP01115666.1		
musFur1:AEYP01115667	AEYP01115667		AEYP01115667.1		
musFur1:AEYP01115668	AEYP01115668		AEYP01115668.1		
musFur1:AEYP01115669	AEYP01115669		AEYP01115669.1		
musFur1:AEYP01115670	AEYP01115670		AEYP01115670.1		
musFur1:AEYP01115671	AEYP01115671		AEYP01115671.1		
musFur1:AEYP01115672	AEYP01115672		AEYP01115672.1		
musFur1:AEYP01115673	AEYP01115673		AEYP01115673.1		
musFur1:AEYP01115674	AEYP01115674		AEYP01115674.1		
musFur1:AEYP01115675	AEYP01115675		AEYP01115675.1		
musFur1:AEYP01115676	AEYP01115676		AEYP01115676.1		
musFur1:AEYP01115677	AEYP01115677		AEYP01115677.1		
musFur1:AEYP01115678	AEYP01115678		AEYP01115678.1		
musFur1:AEYP01115679	AEYP01115679		AEYP01115679.1		
musFur1:AEYP01115680	AEYP01115680		AEYP01115680.1		
musFur1:AEYP01115681	AEYP01115681		AEYP01115681.1		
musFur1:AEYP01115682	AEYP01115682		AEYP01115682.1		
musFur1:AEYP01115683	AEYP01115683		AEYP01115683.1		
musFur1:AEYP01115684	AEYP01115684		AEYP01115684.1		
musFur1:AEYP01115685	AEYP01115685		AEYP01115685.1		
musFur1:AEYP01115686	AEYP01115686		AEYP01115686.1		
musFur1:AEYP01115687	AEYP01115687		AEYP01115687.1		
musFur1:AEYP01115688	AEYP01115688		AEYP01115688.1		
musFur1:AEYP01115689	AEYP01115689		AEYP01115689.1		
musFur1:AEYP01115690	AEYP01115690		AEYP01115690.1		
musFur1:AEYP01115691	AEYP01115691		AEYP01115691.1		
musFur1:AEYP01115692	AEYP01115692		AEYP01115692.1		
musFur1:AEYP01115693	AEYP01115693		AEYP01115693.1		
musFur1:AEYP01115694	AEYP01115694		AEYP01115694.1		
musFur1:AEYP01115695	AEYP01115695		AEYP01115695.1		
musFur1:AEYP01115696	AEYP01115696		AEYP01115696.1		
musFur1:AEYP01115697	AEYP01115697		AEYP01115697.1		
musFur1:AEYP01115698	AEYP01115698		AEYP01115698.1		
musFur1:AEYP01115699	AEYP01115699		AEYP01115699.1		
musFur1:AEYP01115700	AEYP01115700		AEYP01115700.1		
musFur1:AEYP01115701	AEYP01115701		AEYP01115701.1		
musFur1:AEYP01115702	AEYP01115702		AEYP01115702.1		
musFur1:AEYP01115703	AEYP01115703		AEYP01115703.1		
musFur1:AEYP01115704	AEYP01115704		AEYP01115704.1		
musFur1:AEYP01115705	AEYP01115705		AEYP01115705.1		
musFur1:AEYP01115706	AEYP01115706		AEYP01115706.1		
musFur1:AEYP01115707	AEYP01115707		AEYP01115707.1		
musFur1:AEYP01115708	AEYP01115708		AEYP01115708.1		
musFur1:AEYP01115709	AEYP01115709		AEYP01115709.1		
musFur1:AEYP01115710	AEYP01115710		AEYP01115710.1		
musFur1:AEYP01115711	AEYP01115711		AEYP01115711.1		
musFur1:AEYP01115712	AEYP01115712		AEYP01115712.1		
musFur1:AEYP01115713	AEYP01115713		AEYP01115713.1		
musFur1:AEYP01115714	AEYP01115714		AEYP01115714.1		
musFur1:AEYP01115715	AEYP01115715		AEYP01115715.1		
musFur1:AEYP01115716	AEYP01115716		AEYP01115716.1		
musFur1:AEYP01115717	AEYP01115717		AEYP01115717.1		
musFur1:AEYP01115718	AEYP01115718		AEYP01115718.1		
musFur1:AEYP01115719	AEYP01115719		AEYP01115719.1		
musFur1:AEYP01115720	AEYP01115720		AEYP01115720.1		
musFur1:AEYP01115721	AEYP01115721		AEYP01115721.1		
musFur1:AEYP01115722	AEYP01115722		AEYP01115722.1		
musFur1:AEYP01115723	AEYP01115723		AEYP01115723.1		
musFur1:AEYP01115724	AEYP01115724		AEYP01115724.1		
musFur1:AEYP01115725	AEYP01115725		AEYP01115725.1		
musFur1:AEYP01115726	AEYP01115726		AEYP01115726.1		
musFur1:AEYP01115727	AEYP01115727		AEYP01115727.1		
musFur1:AEYP01115728	AEYP01115728		AEYP01115728.1		
musFur1:AEYP01115729	AEYP01115729		AEYP01115729.1		
musFur1:AEYP01115730	AEYP01115730		AEYP01115730.1		
musFur1:AEYP01115731	AEYP01115731		AEYP01115731.1		
musFur1:AEYP01115732	AEYP01115732		AEYP01115732.1		
musFur1:AEYP01115733	AEYP01115733		AEYP01115733.1		
musFur1:AEYP01115734	AEYP01115734		AEYP01115734.1		
musFur1:AEYP01115735	AEYP01115735		AEYP01115735.1		
musFur1:AEYP01115736	AEYP01115736		AEYP01115736.1		
musFur1:AEYP01115737	AEYP01115737		AEYP01115737.1		
musFur1:AEYP01115738	AEYP01115738		AEYP01115738.1		
musFur1:AEYP01115739	AEYP01115739		AEYP01115739.1		
musFur1:AEYP01115740	AEYP01115740		AEYP01115740.1		
musFur1:AEYP01115741	AEYP01115741		AEYP01115741.1		
musFur1:AEYP01115742	AEYP01115742		AEYP01115742.1		
musFur1:AEYP01115743	AEYP01115743		AEYP01115743.1		
musFur1:AEYP01115744	AEYP01115744		AEYP01115744.1		
musFur1:AEYP01115745	AEYP01115745		AEYP01115745.1		
musFur1:AEYP01115746	AEYP01115746		AEYP01115746.1		
musFur1:AEYP01115747	AEYP01115747		AEYP01115747.1		
musFur1:AEYP01115748	AEYP01115748		AEYP01115748.1		
musFur1:AEYP01115749	AEYP01115749		AEYP01115749.1		
musFur1:AEYP01115750	AEYP01115750		AEYP01115750.1		
musFur1:AEYP01115751	AEYP01115751		AEYP01115751.1		
musFur1:AEYP01115752	AEYP01115752		AEYP01115752.1		
musFur1:AEYP01115753	AEYP01115753		AEYP01115753.1		
musFur1:AEYP01115754	AEYP01115754		AEYP01115754.1		
musFur1:AEYP01115755	AEYP01115755		AEYP01115755.1		
musFur1:AEYP01115756	AEYP01115756		AEYP01115756.1		
musFur1:AEYP01115757	AEYP01115757		AEYP01115757.1		
musFur1:AEYP01115758	AEYP01115758		AEYP01115758.1		
musFur1:AEYP01115759	AEYP01115759		AEYP01115759.1		
musFur1:AEYP01115760	AEYP01115760		AEYP01115760.1		
musFur1:AEYP01115761	AEYP01115761		AEYP01115761.1		
musFur1:AEYP01115762	AEYP01115762		AEYP01115762.1		
musFur1:AEYP01115763	AEYP01115763		AEYP01115763.1		
musFur1:AEYP01115764	AEYP01115764		AEYP01115764.1		
musFur1:AEYP01115765	AEYP01115765		AEYP01115765.1		
musFur1:AEYP01115766	AEYP01115766		AEYP01115766.1		
musFur1:AEYP01115767	AEYP01115767		AEYP01115767.1		
musFur1:AEYP01115768	AEYP01115768		AEYP01115768.1		
musFur1:AEYP01115769	AEYP01115769		AEYP01115769.1		
musFur1:AEYP01115770	AEYP01115770		AEYP01115770.1		
musFur1:AEYP01115771	AEYP01115771		AEYP01115771.1		
musFur1:AEYP01115772	AEYP01115772		AEYP01115772.1		
musFur1:AEYP01115773	AEYP01115773		AEYP01115773.1		
musFur1:AEYP01115774	AEYP01115774		AEYP01115774.1		
musFur1:AEYP01115775	AEYP01115775		AEYP01115775.1		
musFur1:AEYP01115776	AEYP01115776		AEYP01115776.1		
musFur1:AEYP01115777	AEYP01115777		AEYP01115777.1		
musFur1:AEYP01115778	AEYP01115778		AEYP01115778.1		
musFur1:AEYP01115779	AEYP01115779		AEYP01115779.1		
musFur1:AEYP01115780	AEYP01115780		AEYP01115780.1		
musFur1:AEYP01115781	AEYP01115781		AEYP01115781.1		
musFur1:AEYP01115782	AEYP01115782		AEYP01115782.1		
musFur1:AEYP01115783	AEYP01115783		AEYP01115783.1		
musFur1:AEYP01115784	AEYP01115784		AEYP01115784.1		
musFur1:AEYP01115785	AEYP01115785		AEYP01115785.1		
musFur1:AEYP01115786	AEYP01115786		AEYP01115786.1		
musFur1:AEYP01115787	AEYP01115787		AEYP01115787.1		
musFur1:AEYP01115788	AEYP01115788		AEYP01115788.1		
musFur1:AEYP01115789	AEYP01115789		AEYP01115789.1		
musFur1:AEYP01115790	AEYP01115790		AEYP01115790.1		
musFur1:AEYP01115791	AEYP01115791		AEYP01115791.1		
musFur1:AEYP01115792	AEYP01115792		AEYP01115792.1		
musFur1:AEYP01115793	AEYP01115793		AEYP01115793.1		
musFur1:AEYP01115794	AEYP01115794		AEYP01115794.1		
musFur1:AEYP01115795	AEYP01115795		AEYP01115795.1		
musFur1:AEYP01115796	AEYP01115796		AEYP01115796.1		
musFur1:AEYP01115797	AEYP01115797		AEYP01115797.1		
musFur1:AEYP01115798	AEYP01115798		AEYP01115798.1		
musFur1:AEYP01115799	AEYP01115799		AEYP01115799.1		
musFur1:AEYP01115800	AEYP01115800		AEYP01115800.1		
musFur1:AEYP01115801	AEYP01115801		AEYP01115801.1		
musFur1:AEYP01115802	AEYP01115802		AEYP01115802.1		
musFur1:AEYP01115803	AEYP01115803		AEYP01115803.1		
musFur1:AEYP01115804	AEYP01115804		AEYP01115804.1		
musFur1:AEYP01115805	AEYP01115805		AEYP01115805.1		
musFur1:AEYP01115806	AEYP01115806		AEYP01115806.1		
musFur1:AEYP01115807	AEYP01115807		AEYP01115807.1		
musFur1:AEYP01115808	AEYP01115808		AEYP01115808.1		
musFur1:AEYP01115809	AEYP01115809		AEYP01115809.1		
musFur1:AEYP01115810	AEYP01115810		AEYP01115810.1		
musFur1:AEYP01115811	AEYP01115811		AEYP01115811.1		
musFur1:AEYP01115812	AEYP01115812		AEYP01115812.1		
musFur1:AEYP01115813	AEYP01115813		AEYP01115813.1		
musFur1:AEYP01115814	AEYP01115814		AEYP01115814.1		
musFur1:AEYP01115815	AEYP01115815		AEYP01115815.1		
musFur1:AEYP01115816	AEYP01115816		AEYP01115816.1		
musFur1:AEYP01115817	AEYP01115817		AEYP01115817.1		
musFur1:AEYP01115818	AEYP01115818		AEYP01115818.1		
musFur1:AEYP01115819	AEYP01115819		AEYP01115819.1		
musFur1:AEYP01115820	AEYP01115820		AEYP01115820.1		
musFur1:AEYP01115821	AEYP01115821		AEYP01115821.1		
musFur1:AEYP01115822	AEYP01115822		AEYP01115822.1		
musFur1:AEYP01115823	AEYP01115823		AEYP01115823.1		
musFur1:AEYP01115824	AEYP01115824		AEYP01115824.1		
musFur1:AEYP01115825	AEYP01115825		AEYP01115825.1		
musFur1:AEYP01115826	AEYP01115826		AEYP01115826.1		
musFur1:AEYP01115827	AEYP01115827		AEYP01115827.1		
musFur1:AEYP01115828	AEYP01115828		AEYP01115828.1		
musFur1:AEYP01115829	AEYP01115829		AEYP01115829.1		
musFur1:AEYP01115830	AEYP01115830		AEYP01115830.1		
musFur1:AEYP01115831	AEYP01115831		AEYP01115831.1		
musFur1:AEYP01115832	AEYP01115832		AEYP01115832.1		
musFur1:AEYP01115833	AEYP01115833		AEYP01115833.1		
musFur1:AEYP01115834	AEYP01115834		AEYP01115834.1		
musFur1:AEYP01115835	AEYP01115835		AEYP01115835.1		
musFur1:AEYP01115836	AEYP01115836		AEYP01115836.1		
musFur1:AEYP01115837	AEYP01115837		AEYP01115837.1		
musFur1:AEYP01115838	AEYP01115838		AEYP01115838.1		
musFur1:AEYP01115839	AEYP01115839		AEYP01115839.1		
musFur1:AEYP01115840	AEYP01115840		AEYP01115840.1		
musFur1:AEYP01115841	AEYP01115841		AEYP01115841.1		
musFur1:AEYP01115842	AEYP01115842		AEYP01115842.1		
musFur1:AEYP01115843	AEYP01115843		AEYP01115843.1		
musFur1:AEYP01115844	AEYP01115844		AEYP01115844.1		
musFur1:AEYP01115845	AEYP01115845		AEYP01115845.1		
musFur1:AEYP01115846	AEYP01115846		AEYP01115846.1		
musFur1:AEYP01115847	AEYP01115847		AEYP01115847.1		
musFur1:AEYP01115848	AEYP01115848		AEYP01115848.1		
musFur1:AEYP01115849	AEYP01115849		AEYP01115849.1		
musFur1:AEYP01115850	AEYP01115850		AEYP01115850.1		
musFur1:AEYP01115851	AEYP01115851		AEYP01115851.1		
musFur1:AEYP01115852	AEYP01115852		AEYP01115852.1		
musFur1:AEYP01115853	AEYP01115853		AEYP01115853.1		
musFur1:AEYP01115854	AEYP01115854		AEYP01115854.1		
musFur1:AEYP01115855	AEYP01115855		AEYP01115855.1		
musFur1:AEYP01115856	AEYP01115856		AEYP01115856.1		
musFur1:AEYP01115857	AEYP01115857		AEYP01115857.1		
musFur1:AEYP01115858	AEYP01115858		AEYP01115858.1		
musFur1:AEYP01115859	AEYP01115859		AEYP01115859.1		
musFur1:AEYP01115860	AEYP01115860		AEYP01115860.1		
musFur1:AEYP01115861	AEYP01115861		AEYP01115861.1		
musFur1:AEYP01115862	AEYP01115862		AEYP01115862.1		
musFur1:AEYP01115863	AEYP01115863		AEYP01115863.1		
musFur1:AEYP01115864	AEYP01115864		AEYP01115864.1		
musFur1:AEYP01115865	AEYP01115865		AEYP01115865.1		
musFur1:AEYP01115866	AEYP01115866		AEYP01115866.1		
musFur1:AEYP01115867	AEYP01115867		AEYP01115867.1		
musFur1:AEYP01115868	AEYP01115868		AEYP01115868.1		
musFur1:AEYP01115869	AEYP01115869		AEYP01115869.1		
musFur1:AEYP01115870	AEYP01115870		AEYP01115870.1		
musFur1:AEYP01115871	AEYP01115871		AEYP01115871.1		
musFur1:AEYP01115872	AEYP01115872		AEYP01115872.1		
musFur1:AEYP01115873	AEYP01115873		AEYP01115873.1		
musFur1:AEYP01115874	AEYP01115874		AEYP01115874.1		
musFur1:AEYP01115875	AEYP01115875		AEYP01115875.1		
musFur1:AEYP01115876	AEYP01115876		AEYP01115876.1		
musFur1:AEYP01115877	AEYP01115877		AEYP01115877.1		
musFur1:AEYP01115878	AEYP01115878		AEYP01115878.1		
musFur1:AEYP01115879	AEYP01115879		AEYP01115879.1		
musFur1:AEYP01115880	AEYP01115880		AEYP01115880.1		
musFur1:AEYP01115881	AEYP01115881		AEYP01115881.1		
musFur1:AEYP01115882	AEYP01115882		AEYP01115882.1		
musFur1:AEYP01115883	AEYP01115883		AEYP01115883.1		
musFur1:AEYP01115884	AEYP01115884		AEYP01115884.1		
musFur1:AEYP01115885	AEYP01115885		AEYP01115885.1		
musFur1:AEYP01115886	AEYP01115886		AEYP01115886.1		
musFur1:AEYP01115887	AEYP01115887		AEYP01115887.1		
musFur1:AEYP01115888	AEYP01115888		AEYP01115888.1		
musFur1:AEYP01115889	AEYP01115889		AEYP01115889.1		
musFur1:AEYP01115890	AEYP01115890		AEYP01115890.1		
musFur1:AEYP01115891	AEYP01115891		AEYP01115891.1		
musFur1:AEYP01115892	AEYP01115892		AEYP01115892.1		
musFur1:AEYP01115893	AEYP01115893		AEYP01115893.1		
musFur1:AEYP01115894	AEYP01115894		AEYP01115894.1		
musFur1:AEYP01115895	AEYP01115895		AEYP01115895.1		
musFur1:AEYP01115896	AEYP01115896		AEYP01115896.1		
musFur1:AEYP01115897	AEYP01115897		AEYP01115897.1		
musFur1:AEYP01115898	AEYP01115898		AEYP01115898.1		
musFur1:AEYP01115899	AEYP01115899		AEYP01115899.1		
musFur1:AEYP01115900	AEYP01115900		AEYP01115900.1		
musFur1:AEYP01115901	AEYP01115901		AEYP01115901.1		
musFur1:AEYP01115902	AEYP01115902		AEYP01115902.1		
musFur1:AEYP01115903	AEYP01115903		AEYP01115903.1		
musFur1:AEYP01115904	AEYP01115904		AEYP01115904.1		
musFur1:AEYP01115905	AEYP01115905		AEYP01115905.1		
musFur1:AEYP01115906	AEYP01115906		AEYP01115906.1		
musFur1:AEYP01115907	AEYP01115907		AEYP01115907.1		
musFur1:AEYP01115908	AEYP01115908		AEYP01115908.1		
musFur1:AEYP01115909	AEYP01115909		AEYP01115909.1		
musFur1:AEYP01115910	AEYP01115910		AEYP01115910.1		
musFur1:AEYP01115911	AEYP01115911		AEYP01115911.1		
musFur1:AEYP01115912	AEYP01115912		AEYP01115912.1		
musFur1:AEYP01115913	AEYP01115913		AEYP01115913.1		
musFur1:AEYP01115914	AEYP01115914		AEYP01115914.1		
musFur1:AEYP01115915	AEYP01115915		AEYP01115915.1		
musFur1:AEYP01115916	AEYP01115916		AEYP01115916.1		
musFur1:AEYP01115917	AEYP01115917		AEYP01115917.1		
musFur1:AEYP01115918	AEYP01115918		AEYP01115918.1		
musFur1:AEYP01115919	AEYP01115919		AEYP01115919.1		
musFur1:AEYP01115920	AEYP01115920		AEYP01115920.1		
musFur1:AEYP01115921	AEYP01115921		AEYP01115921.1		
musFur1:AEYP01115922	AEYP01115922		AEYP01115922.1		
musFur1:AEYP01115923	AEYP01115923		AEYP01115923.1		
musFur1:AEYP01115924	AEYP01115924		AEYP01115924.1		
musFur1:AEYP01115925	AEYP01115925		AEYP01115925.1		
musFur1:AEYP01115926	AEYP01115926		AEYP01115926.1		
musFur1:AEYP01115927	AEYP01115927		AEYP01115927.1		
musFur1:AEYP01115928	AEYP01115928		AEYP01115928.1		
musFur1:AEYP01115929	AEYP01115929		AEYP01115929.1		
musFur1:AEYP01115930	AEYP01115930		AEYP01115930.1		
musFur1:AEYP01115931	AEYP01115931		AEYP01115931.1		
musFur1:AEYP01115932	AEYP01115932		AEYP01115932.1		
musFur1:AEYP01115933	AEYP01115933		AEYP01115933.1		
musFur1:AEYP01115934	AEYP01115934		AEYP01115934.1		
musFur1:AEYP01115935	AEYP01115935		AEYP01115935.1		
musFur1:AEYP01115936	AEYP01115936		AEYP01115936.1		
musFur1:AEYP01115937	AEYP01115937		AEYP01115937.1		
musFur1:AEYP01115938	AEYP01115938		AEYP01115938.1		
musFur1:AEYP01115939	AEYP01115939		AEYP01115939.1		
musFur1:AEYP01115940	AEYP01115940		AEYP01115940.1		
musFur1:AEYP01115941	AEYP01115941		AEYP01115941.1		
musFur1:AEYP01115942	AEYP01115942		AEYP01115942.1		
musFur1:AEYP01115943	AEYP01115943		AEYP01115943.1		
musFur1:AEYP01115944	AEYP01115944		AEYP01115944.1		
musFur1:AEYP01115945	AEYP01115945		AEYP01115945.1		
musFur1:AEYP01115946	AEYP01115946		AEYP01115946.1		
musFur1:AEYP01115947	AEYP01115947		AEYP01115947.1		
musFur1:AEYP01115948	AEYP01115948		AEYP01115948.1		
musFur1:AEYP01115949	AEYP01115949		AEYP01115949.1		
musFur1:AEYP01115950	AEYP01115950		AEYP01115950.1		
musFur1:AEYP01115951	AEYP01115951		AEYP01115951.1		
musFur1:AEYP01115952	AEYP01115952		AEYP01115952.1		
musFur1:AEYP01115953	AEYP01115953		AEYP01115953.1		
musFur1:AEYP01115954	AEYP01115954		AEYP01115954.1		
musFur1:AEYP01115955	AEYP01115955		AEYP01115955.1		
musFur1:AEYP01115956	AEYP01115956		AEYP01115956.1		
musFur1:AEYP01115957	AEYP01115957		AEYP01115957.1		
musFur1:AEYP01115958	AEYP01115958		AEYP01115958.1		
musFur1:AEYP01115959	AEYP01115959		AEYP01115959.1		
musFur1:AEYP01115960	AEYP01115960		AEYP01115960.1		
musFur1:AEYP01115961	AEYP01115961		AEYP01115961.1		
musFur1:AEYP01115962	AEYP01115962		AEYP01115962.1		
musFur1:AEYP01115963	AEYP01115963		AEYP01115963.1		
musFur1:AEYP01115964	AEYP01115964		AEYP01115964.1		
musFur1:AEYP01115965	AEYP01115965		AEYP01115965.1		
musFur1:AEYP01115966	AEYP01115966		AEYP01115966.1		
musFur1:AEYP01115967	AEYP01115967		AEYP01115967.1		
musFur1:AEYP01115968	AEYP01115968		AEYP01115968.1		
musFur1:AEYP01115969	AEYP01115969		AEYP01115969.1		
musFur1:AEYP01115970	AEYP01115970		AEYP01115970.1		
musFur1:AEYP01115971	AEYP01115971		AEYP01115971.1		
musFur1:AEYP01115972	AEYP01115972		AEYP01115972.1		
musFur1:AEYP01115973	AEYP01115973		AEYP01115973.1		
musFur1:AEYP01115974	AEYP01115974		AEYP01115974.1		
musFur1:AEYP01115975	AEYP01115975		AEYP01115975.1		
musFur1:AEYP01115976	AEYP01115976		AEYP01115976.1		
musFur1:AEYP01115977	AEYP01115977		AEYP01115977.1		
musFur1:AEYP01115978	AEYP01115978		AEYP01115978.1		
musFur1:AEYP01115979	AEYP01115979		AEYP01115979.1		
musFur1:AEYP01115980	AEYP01115980		AEYP01115980.1		
musFur1:AEYP01115981	AEYP01115981		AEYP01115981.1		
musFur1:AEYP01115982	AEYP01115982		AEYP01115982.1		
musFur1:AEYP01115983	AEYP01115983		AEYP01115983.1		
musFur1:AEYP01115984	AEYP01115984		AEYP01115984.1		
musFur1:AEYP01115985	AEYP01115985		AEYP01115985.1		
musFur1:AEYP01115986	AEYP01115986		AEYP01115986.1		
musFur1:AEYP01115987	AEYP01115987		AEYP01115987.1		
musFur1:AEYP01115988	AEYP01115988		AEYP01115988.1		
musFur1:AEYP01115989	AEYP01115989		AEYP01115989.1		
musFur1:AEYP01115990	AEYP01115990		AEYP01115990.1		
musFur1:AEYP01115991	AEYP01115991		AEYP01115991.1		
musFur1:AEYP01115992	AEYP01115992		AEYP01115992.1		
musFur1:AEYP01115993	AEYP01115993		AEYP01115993.1		
musFur1:AEYP01115994	AEYP01115994		AEYP01115994.1		
musFur1:AEYP01115995	AEYP01115995		AEYP01115995.1		
musFur1:AEYP01115996	AEYP01115996		AEYP01115996.1		
musFur1:AEYP01115997	AEYP01115997		AEYP01115997.1		
musFur1:AEYP01115998	AEYP01115998		AEYP01115998.1		
musFur1:AEYP01115999	AEYP01115999		AEYP01115999.1		
musFur1:AEYP01116000	AEYP01116000		AEYP01116000.1		
musFur1:AEYP01116001	AEYP01116001		AEYP01116001.1		
musFur1:AEYP01116002	AEYP01116002		AEYP01116002.1		
musFur1:AEYP01116003	AEYP01116003		AEYP01116003.1		
musFur1:AEYP01116004	AEYP01116004		AEYP01116004.1		
musFur1:AEYP01116005	AEYP01116005		AEYP01116005.1		
musFur1:AEYP01116006	AEYP01116006		AEYP01116006.1		
musFur1:AEYP01116007	AEYP01116007		AEYP01116007.1		
musFur1:AEYP01116008	AEYP01116008		AEYP01116008.1		
musFur1:AEYP01116009	AEYP01116009		AEYP01116009.1		
musFur1:AEYP01116010	AEYP01116010		AEYP01116010.1		
musFur1:AEYP01116011	AEYP01116011		AEYP01116011.1		
musFur1:AEYP01116012	AEYP01116012		AEYP01116012.1		
musFur1:AEYP01116013	AEYP01116013		AEYP01116013.1		
musFur1:AEYP01116014	AEYP01116014		AEYP01116014.1		
musFur1:AEYP01116015	AEYP01116015		AEYP01116015.1		
musFur1:AEYP01116016	AEYP01116016		AEYP01116016.1		
musFur1:AEYP01116017	AEYP01116017		AEYP01116017.1		
musFur1:AEYP01116018	AEYP01116018		AEYP01116018.1		
musFur1:AEYP01116019	AEYP01116019		AEYP01116019.1		
musFur1:AEYP01116020	AEYP01116020		AEYP01116020.1		
musFur1:AEYP01116021	AEYP01116021		AEYP01116021.1		
musFur1:AEYP01116022	AEYP01116022		AEYP01116022.1		
musFur1:AEYP01116023	AEYP01116023		AEYP01116023.1		
musFur1:AEYP01116024	AEYP01116024		AEYP01116024.1		
musFur1:AEYP01116025	AEYP01116025		AEYP01116025.1		
musFur1:AEYP01116026	AEYP01116026		AEYP01116026.1		
musFur1:AEYP01116027	AEYP01116027		AEYP01116027.1		
musFur1:AEYP01116028	AEYP01116028		AEYP01116028.1		
musFur1:AEYP01116029	AEYP01116029		AEYP01116029.1		
musFur1:AEYP01116030	AEYP01116030		AEYP01116030.1		
musFur1:AEYP01116031	AEYP01116031		AEYP01116031.1		
musFur1:AEYP01116032	AEYP01116032		AEYP01116032.1		
musFur1:AEYP01116033	AEYP01116033		AEYP01116033.1		
musFur1:AEYP01116034	AEYP01116034		AEYP01116034.1		
musFur1:AEYP01116035	AEYP01116035		AEYP01116035.1		
musFur1:AEYP01116036	AEYP01116036		AEYP01116036.1		
musFur1:AEYP01116037	AEYP01116037		AEYP01116037.1		
musFur1:AEYP01116038	AEYP01116038		AEYP01116038.1		
musFur1:AEYP01116039	AEYP01116039		AEYP01116039.1		
musFur1:AEYP01116040	AEYP01116040		AEYP01116040.1		
musFur1:AEYP01116041	AEYP01116041		AEYP01116041.1		
musFur1:AEYP01116042	AEYP01116042		AEYP01116042.1		
musFur1:AEYP01116043	AEYP01116043		AEYP01116043.1		
musFur1:AEYP01116044	AEYP01116044		AEYP01116044.1		
musFur1:AEYP01116045	AEYP01116045		AEYP01116045.1		
musFur1:AEYP01116046	AEYP01116046		AEYP01116046.1		
musFur1:AEYP01116047	AEYP01116047		AEYP01116047.1		
musFur1:AEYP01116048	AEYP01116048		AEYP01116048.1		
musFur1:AEYP01116049	AEYP01116049		AEYP01116049.1		
musFur1:AEYP01116050	AEYP01116050		AEYP01116050.1		
musFur1:AEYP01116051	AEYP01116051		AEYP01116051.1		
musFur1:AEYP01116052	AEYP01116052		AEYP01116052.1		
musFur1:AEYP01116053	AEYP01116053		AEYP01116053.1		
musFur1:AEYP01116054	AEYP01116054		AEYP01116054.1		
musFur1:AEYP01116055	AEYP01116055		AEYP01116055.1		
musFur1:AEYP01116056	AEYP01116056		AEYP01116056.1		
musFur1:AEYP01116057	AEYP01116057		AEYP01116057.1		
musFur1:AEYP01116058	AEYP01116058		AEYP01116058.1		
musFur1:AEYP01116059	AEYP01116059		AEYP01116059.1		
musFur1:AEYP01116060	AEYP01116060		AEYP01116060.1		
musFur1:AEYP01116061	AEYP01116061		AEYP01116061.1		
musFur1:AEYP01116062	AEYP01116062		AEYP01116062.1		
musFur1:AEYP01116063	AEYP01116063		AEYP01116063.1		
musFur1:AEYP01116064	AEYP01116064		AEYP01116064.1		
musFur1:AEYP01116065	AEYP01116065		AEYP01116065.1		
musFur1:AEYP01116066	AEYP01116066		AEYP01116066.1		
musFur1:AEYP01116067	AEYP01116067		AEYP01116067.1		
musFur1:AEYP01116068	AEYP01116068		AEYP01116068.1		
musFur1:AEYP01116069	AEYP01116069		AEYP01116069.1		
musFur1:AEYP01116070	AEYP01116070		AEYP01116070.1		
musFur1:AEYP01116071	AEYP01116071		AEYP01116071.1		
musFur1:AEYP01116072	AEYP01116072		AEYP01116072.1		
musFur1:AEYP01116073	AEYP01116073		AEYP01116073.1		
musFur1:AEYP01116074	AEYP01116074		AEYP01116074.1		
musFur1:AEYP01116075	AEYP01116075		AEYP01116075.1		
musFur1:AEYP01116076	AEYP01116076		AEYP01116076.1		
musFur1:AEYP01116077	AEYP01116077		AEYP01116077.1		
musFur1:AEYP01116078	AEYP01116078		AEYP01116078.1		
musFur1:AEYP01116079	AEYP01116079		AEYP01116079.1		
musFur1:AEYP01116080	AEYP01116080		AEYP01116080.1		
musFur1:AEYP01116081	AEYP01116081		AEYP01116081.1		
musFur1:AEYP01116082	AEYP01116082		AEYP01116082.1		
musFur1:AEYP01116083	AEYP01116083		AEYP01116083.1		
musFur1:AEYP01116084	AEYP01116084		AEYP01116084.1		
musFur1:AEYP01116085	AEYP01116085		AEYP01116085.1		
musFur1:AEYP01116086	AEYP01116086		AEYP01116086.1		
musFur1:AEYP01116087	AEYP01116087		AEYP01116087.1		
musFur1:AEYP01116088	AEYP01116088		AEYP01116088.1		
musFur1:AEYP01116089	AEYP01116089		AEYP01116089.1		
musFur1:AEYP01116090	AEYP01116090		AEYP01116090.1		
musFur1:AEYP01116091	AEYP01116091		AEYP01116091.1		
musFur1:AEYP01116092	AEYP01116092		AEYP01116092.1		
musFur1:AEYP01116093	AEYP01116093		AEYP01116093.1		
musFur1:AEYP01116094	AEYP01116094		AEYP01116094.1		
musFur1:AEYP01116095	AEYP01116095		AEYP01116095.1		
musFur1:AEYP01116096	AEYP01116096		AEYP01116096.1		
musFur1:AEYP01116097	AEYP01116097		AEYP01116097.1		
musFur1:AEYP01116098	AEYP01116098		AEYP01116098.1		
musFur1:AEYP01116099	AEYP01116099		AEYP01116099.1		
musFur1:AEYP01116100	AEYP01116100		AEYP01116100.1		
musFur1:AEYP01116101	AEYP01116101		AEYP01116101.1		
musFur1:AEYP01116102	AEYP01116102		AEYP01116102.1		
musFur1:AEYP01116103	AEYP01116103		AEYP01116103.1		
musFur1:AEYP01116104	AEYP01116104		AEYP01116104.1		
musFur1:AEYP01116105	AEYP01116105		AEYP01116105.1		
musFur1:AEYP01116106	AEYP01116106		AEYP01116106.1		
musFur1:AEYP01116107	AEYP01116107		AEYP01116107.1		
musFur1:AEYP01116108	AEYP01116108		AEYP01116108.1		
musFur1:AEYP01116109	AEYP01116109		AEYP01116109.1		
musFur1:AEYP01116110	AEYP01116110		AEYP01116110.1		
musFur1:AEYP01116111	AEYP01116111		AEYP01116111.1		
musFur1:AEYP01116112	AEYP01116112		AEYP01116112.1		
musFur1:AEYP01116113	AEYP01116113		AEYP01116113.1		
musFur1:AEYP01116114	AEYP01116114		AEYP01116114.1		
musFur1:AEYP01116115	AEYP01116115		AEYP01116115.1		
musFur1:AEYP01116116	AEYP01116116		AEYP01116116.1		
musFur1:AEYP01116117	AEYP01116117		AEYP01116117.1		
musFur1:AEYP01116118	AEYP01116118		AEYP01116118.1		
musFur1:AEYP01116119	AEYP01116119		AEYP01116119.1		
musFur1:AEYP01116120	AEYP01116120		AEYP01116120.1		
musFur1:AEYP01116121	AEYP01116121		AEYP01116121.1		
musFur1:AEYP01116122	AEYP01116122		AEYP01116122.1		
musFur1:AEYP01116123	AEYP01116123		AEYP01116123.1		
musFur1:AEYP01116124	AEYP01116124		AEYP01116124.1		
musFur1:AEYP01116125	AEYP01116125		AEYP01116125.1		
musFur1:AEYP01116126	AEYP01116126		AEYP01116126.1		
musFur1:AEYP01116127	AEYP01116127		AEYP01116127.1		
musFur1:AEYP01116128	AEYP01116128		AEYP01116128.1		
musFur1:AEYP01116129	AEYP01116129		AEYP01116129.1		
musFur1:AEYP01116130	AEYP01116130		AEYP01116130.1		
musFur1:AEYP01116131	AEYP01116131		AEYP01116131.1		
musFur1:AEYP01116132	AEYP01116132		AEYP01116132.1		
musFur1:AEYP01116133	AEYP01116133		AEYP01116133.1		
musFur1:AEYP01116134	AEYP01116134		AEYP01116134.1		
musFur1:AEYP01116135	AEYP01116135		AEYP01116135.1		
musFur1:AEYP01116136	AEYP01116136		AEYP01116136.1		
musFur1:AEYP01116137	AEYP01116137		AEYP01116137.1		
musFur1:AEYP01116138	AEYP01116138		AEYP01116138.1		
musFur1:AEYP01116139	AEYP01116139		AEYP01116139.1		
musFur1:AEYP01116140	AEYP01116140		AEYP01116140.1		
musFur1:AEYP01116141	AEYP01116141		AEYP01116141.1		
musFur1:AEYP01116142	AEYP01116142		AEYP01116142.1		
musFur1:AEYP01116143	AEYP01116143		AEYP01116143.1		
musFur1:AEYP01116144	AEYP01116144		AEYP01116144.1		
musFur1:AEYP01116145	AEYP01116145		AEYP01116145.1		
musFur1:AEYP01116146	AEYP01116146		AEYP01116146.1		
musFur1:AEYP01116147	AEYP01116147		AEYP01116147.1		
musFur1:AEYP01116148	AEYP01116148		AEYP01116148.1		
musFur1:AEYP01116149	AEYP01116149		AEYP01116149.1		
musFur1:AEYP01116150	AEYP01116150		AEYP01116150.1		
musFur1:AEYP01116151	AEYP01116151		AEYP01116151.1		
musFur1:AEYP01116152	AEYP01116152		AEYP01116152.1		
musFur1:AEYP01116153	AEYP01116153		AEYP01116153.1		
musFur1:AEYP01116154	AEYP01116154		AEYP01116154.1		
musFur1:AEYP01116155	AEYP01116155		AEYP01116155.1		
musFur1:AEYP01116156	AEYP01116156		AEYP01116156.1		
musFur1:AEYP01116157	AEYP01116157		AEYP01116157.1		
musFur1:AEYP01116158	AEYP01116158		AEYP01116158.1		
musFur1:AEYP01116159	AEYP01116159		AEYP01116159.1		
musFur1:AEYP01116160	AEYP01116160		AEYP01116160.1		
musFur1:AEYP01116161	AEYP01116161		AEYP01116161.1		
musFur1:AEYP01116162	AEYP01116162		AEYP01116162.1		
musFur1:AEYP01116163	AEYP01116163		AEYP01116163.1		
musFur1:AEYP01116164	AEYP01116164		AEYP01116164.1		
musFur1:AEYP01116165	AEYP01116165		AEYP01116165.1		
musFur1:AEYP01116166	AEYP01116166		AEYP01116166.1		
musFur1:AEYP01116167	AEYP01116167		AEYP01116167.1		
musFur1:AEYP01116168	AEYP01116168		AEYP01116168.1		
musFur1:AEYP01116169	AEYP01116169		AEYP01116169.1		
musFur1:AEYP01116170	AEYP01116170		AEYP01116170.1		
musFur1:AEYP01116171	AEYP01116171		AEYP01116171.1		
musFur1:AEYP01116172	AEYP01116172		AEYP01116172.1		
musFur1:AEYP01116173	AEYP01116173		AEYP01116173.1		
musFur1:AEYP01116174	AEYP01116174		AEYP01116174.1		
musFur1:AEYP01116175	AEYP01116175		AEYP01116175.1		
musFur1:AEYP01116176	AEYP01116176		AEYP01116176.1		
musFur1:AEYP01116177	AEYP01116177		AEYP01116177.1		
musFur1:AEYP01116178	AEYP01116178		AEYP01116178.1		
musFur1:AEYP01116179	AEYP01116179		AEYP01116179.1		
musFur1:AEYP01116180	AEYP01116180		AEYP01116180.1		
musFur1:AEYP01116181	AEYP01116181		AEYP01116181.1		
musFur1:AEYP01116182	AEYP01116182		AEYP01116182.1		
musFur1:AEYP01116183	AEYP01116183		AEYP01116183.1		
musFur1:AEYP01116184	AEYP01116184		AEYP01116184.1		
musFur1:AEYP01116185	AEYP01116185		AEYP01116185.1		
musFur1:AEYP01116186	AEYP01116186		AEYP01116186.1		
musFur1:AEYP01116187	AEYP01116187		AEYP01116187.1		
musFur1:AEYP01116188	AEYP01116188		AEYP01116188.1		
musFur1:AEYP01116189	AEYP01116189		AEYP01116189.1		
musFur1:AEYP01116190	AEYP01116190		AEYP01116190.1		
musFur1:AEYP01116191	AEYP01116191		AEYP01116191.1		
musFur1:AEYP01116192	AEYP01116192		AEYP01116192.1		
musFur1:AEYP01116193	AEYP01116193		AEYP01116193.1		
musFur1:AEYP01116194	AEYP01116194		AEYP01116194.1		
musFur1:AEYP01116195	AEYP01116195		AEYP01116195.1		
musFur1:AEYP01116196	AEYP01116196		AEYP01116196.1		
musFur1:AEYP01116197	AEYP01116197		AEYP01116197.1		
musFur1:AEYP01116198	AEYP01116198		AEYP01116198.1		
musFur1:AEYP01116199	AEYP01116199		AEYP01116199.1		
musFur1:AEYP01116200	AEYP01116200		AEYP01116200.1		
musFur1:AEYP01116201	AEYP01116201		AEYP01116201.1		
musFur1:AEYP01116202	AEYP01116202		AEYP01116202.1		
musFur1:AEYP01116203	AEYP01116203		AEYP01116203.1		
musFur1:AEYP01116204	AEYP01116204		AEYP01116204.1		
musFur1:AEYP01116205	AEYP01116205		AEYP01116205.1		
musFur1:AEYP01116206	AEYP01116206		AEYP01116206.1		
musFur1:AEYP01116207	AEYP01116207		AEYP01116207.1		
musFur1:AEYP01116208	AEYP01116208		AEYP01116208.1		
musFur1:AEYP01116209	AEYP01116209		AEYP01116209.1		
musFur1:AEYP01116210	AEYP01116210		AEYP01116210.1		
musFur1:AEYP01116211	AEYP01116211		AEYP01116211.1		
musFur1:AEYP01116212	AEYP01116212		AEYP01116212.1		
musFur1:AEYP01116213	AEYP01116213		AEYP01116213.1		
musFur1:AEYP01116214	AEYP01116214		AEYP01116214.1		
musFur1:AEYP01116215	AEYP01116215		AEYP01116215.1		
musFur1:AEYP01116216	AEYP01116216		AEYP01116216.1		
musFur1:AEYP01116217	AEYP01116217		AEYP01116217.1		
musFur1:AEYP01116218	AEYP01116218		AEYP01116218.1		
musFur1:AEYP01116219	AEYP01116219		AEYP01116219.1		
musFur1:AEYP01116220	AEYP01116220		AEYP01116220.1		
musFur1:AEYP01116221	AEYP01116221		AEYP01116221.1		
musFur1:AEYP01116222	AEYP01116222		AEYP01116222.1		
musFur1:AEYP01116223	AEYP01116223		AEYP01116223.1		
musFur1:AEYP01116224	AEYP01116224		AEYP01116224.1		
musFur1:AEYP01116225	AEYP01116225		AEYP01116225.1		
musFur1:AEYP01116226	AEYP01116226		AEYP01116226.1		
musFur1:AEYP01116227	AEYP01116227		AEYP01116227.1		
musFur1:AEYP01116228	AEYP01116228		AEYP01116228.1		
musFur1:AEYP01116229	AEYP01116229		AEYP01116229.1		
musFur1:AEYP01116230	AEYP01116230		AEYP01116230.1		
musFur1:AEYP01116231	AEYP01116231		AEYP01116231.1		
musFur1:AEYP01116232	AEYP01116232		AEYP01116232.1		
musFur1:AEYP01116233	AEYP01116233		AEYP01116233.1		
musFur1:AEYP01116234	AEYP01116234		AEYP01116234.1		
musFur1:AEYP01116235	AEYP01116235		AEYP01116235.1		
musFur1:AEYP01116236	AEYP01116236		AEYP01116236.1		
musFur1:AEYP01116237	AEYP01116237		AEYP01116237.1		
musFur1:AEYP01116238	AEYP01116238		AEYP01116238.1		
musFur1:AEYP01116239	AEYP01116239		AEYP01116239.1		
musFur1:AEYP01116240	AEYP01116240		AEYP01116240.1		
musFur1:AEYP01116241	AEYP01116241		AEYP01116241.1		
musFur1:AEYP01116242	AEYP01116242		AEYP01116242.1		
musFur1:AEYP01116243	AEYP01116243		AEYP01116243.1		
musFur1:AEYP01116244	AEYP01116244		AEYP01116244.1		
musFur1:AEYP01116245	AEYP01116245		AEYP01116245.1		
musFur1:AEYP01116246	AEYP01116246		AEYP01116246.1		
musFur1:AEYP01116247	AEYP01116247		AEYP01116247.1		
musFur1:AEYP01116248	AEYP01116248		AEYP01116248.1		
musFur1:AEYP01116249	AEYP01116249		AEYP01116249.1		
musFur1:AEYP01116250	AEYP01116250		AEYP01116250.1		
musFur1:AEYP01116251	AEYP01116251		AEYP01116251.1		
musFur1:AEYP01116252	AEYP01116252		AEYP01116252.1		
musFur1:AEYP01116253	AEYP01116253		AEYP01116253.1		
musFur1:AEYP01116254	AEYP01116254		AEYP01116254.1		
musFur1:AEYP01116255	AEYP01116255		AEYP01116255.1		
musFur1:AEYP01116256	AEYP01116256		AEYP01116256.1		
musFur1:AEYP01116257	AEYP01116257		AEYP01116257.1		
musFur1:AEYP01116258	AEYP01116258		AEYP01116258.1		
musFur1:AEYP01116259	AEYP01116259		AEYP01116259.1		
musFur1:AEYP01116260	AEYP01116260		AEYP01116260.1		
musFur1:AEYP01116261	AEYP01116261		AEYP01116261.1		
musFur1:AEYP01116262	AEYP01116262		AEYP01116262.1		
musFur1:AEYP01116263	AEYP01116263		AEYP01116263.1		
musFur1:AEYP01116264	AEYP01116264		AEYP01116264.1		
musFur1:AEYP01116265	AEYP01116265		AEYP01116265.1		
musFur1:AEYP01116266	AEYP01116266		AEYP01116266.1		
musFur1:AEYP01116267	AEYP01116267		AEYP01116267.1		
musFur1:AEYP01116268	AEYP01116268		AEYP01116268.1		
musFur1:AEYP01116269	AEYP01116269		AEYP01116269.1		
musFur1:AEYP01116270	AEYP01116270		AEYP01116270.1		
musFur1:AEYP01116271	AEYP01116271		AEYP01116271.1		
musFur1:AEYP01116272	AEYP01116272		AEYP01116272.1		
musFur1:AEYP01116273	AEYP01116273		AEYP01116273.1		
musFur1:AEYP01116274	AEYP01116274		AEYP01116274.1		
musFur1:AEYP01116275	AEYP01116275		AEYP01116275.1		
musFur1:AEYP01116276	AEYP01116276		AEYP01116276.1		
musFur1:AEYP01116277	AEYP01116277		AEYP01116277.1		
musFur1:AEYP01116278	AEYP01116278		AEYP01116278.1		
musFur1:AEYP01116279	AEYP01116279		AEYP01116279.1		
musFur1:AEYP01116280	AEYP01116280		AEYP01116280.1		
musFur1:AEYP01116281	AEYP01116281		AEYP01116281.1		
musFur1:AEYP01116282	AEYP01116282		AEYP01116282.1		
musFur1:AEYP01116283	AEYP01116283		AEYP01116283.1		
musFur1:AEYP01116284	AEYP01116284		AEYP01116284.1		
musFur1:AEYP01116285	AEYP01116285		AEYP01116285.1		
musFur1:AEYP01116286	AEYP01116286		AEYP01116286.1		
musFur1:AEYP01116287	AEYP01116287		AEYP01116287.1		
musFur1:AEYP01116288	AEYP01116288		AEYP01116288.1		
musFur1:AEYP01116289	AEYP01116289		AEYP01116289.1		
musFur1:AEYP01116290	AEYP01116290		AEYP01116290.1		
musFur1:AEYP01116291	AEYP01116291		AEYP01116291.1		
musFur1:AEYP01116292	AEYP01116292		AEYP01116292.1		
musFur1:AEYP01116293	AEYP01116293		AEYP01116293.1		
musFur1:AEYP01116294	AEYP01116294		AEYP01116294.1		
musFur1:AEYP01116295	AEYP01116295		AEYP01116295.1		
musFur1:AEYP01116296	AEYP01116296		AEYP01116296.1		
musFur1:AEYP01116297	AEYP01116297		AEYP01116297.1		
musFur1:AEYP01116298	AEYP01116298		AEYP01116298.1		
musFur1:AEYP01116299	AEYP01116299		AEYP01116299.1		
musFur1:AEYP01116300	AEYP01116300		AEYP01116300.1		
musFur1:AEYP01116301	AEYP01116301		AEYP01116301.1		
musFur1:AEYP01116302	AEYP01116302		AEYP01116302.1		
musFur1:AEYP01116303	AEYP01116303		AEYP01116303.1		
musFur1:AEYP01116304	AEYP01116304		AEYP01116304.1		
musFur1:AEYP01116305	AEYP01116305		AEYP01116305.1		
musFur1:AEYP01116306	AEYP01116306		AEYP01116306.1		
musFur1:AEYP01116307	AEYP01116307		AEYP01116307.1		
musFur1:AEYP01116308	AEYP01116308		AEYP01116308.1		
musFur1:AEYP01116309	AEYP01116309		AEYP01116309.1		
musFur1:AEYP01116310	AEYP01116310		AEYP01116310.1		
musFur1:AEYP01116311	AEYP01116311		AEYP01116311.1		
musFur1:AEYP01116312	AEYP01116312		AEYP01116312.1		
musFur1:AEYP01116313	AEYP01116313		AEYP01116313.1		
musFur1:AEYP01116314	AEYP01116314		AEYP01116314.1		
musFur1:AEYP01116315	AEYP01116315		AEYP01116315.1		
musFur1:AEYP01116316	AEYP01116316		AEYP01116316.1		
musFur1:AEYP01116317	AEYP01116317		AEYP01116317.1		
musFur1:AEYP01116318	AEYP01116318		AEYP01116318.1		
musFur1:AEYP01116319	AEYP01116319		AEYP01116319.1		
musFur1:AEYP01116320	AEYP01116320		AEYP01116320.1		
musFur1:AEYP01116321	AEYP01116321		AEYP01116321.1		
musFur1:AEYP01116322	AEYP01116322		AEYP01116322.1		
musFur1:AEYP01116323	AEYP01116323		AEYP01116323.1		
musFur1:AEYP01116324	AEYP01116324		AEYP01116324.1		
musFur1:AEYP01116325	AEYP01116325		AEYP01116325.1		
musFur1:AEYP01116326	AEYP01116326		AEYP01116326.1		
musFur1:AEYP01116327	AEYP01116327		AEYP01116327.1		
musFur1:AEYP01116328	AEYP01116328		AEYP01116328.1		
musFur1:AEYP01116329	AEYP01116329		AEYP01116329.1		
musFur1:AEYP01116330	AEYP01116330		AEYP01116330.1		
musFur1:AEYP01116331	AEYP01116331		AEYP01116331.1		
musFur1:AEYP01116332	AEYP01116332		AEYP01116332.1		
musFur1:AEYP01116333	AEYP01116333		AEYP01116333.1		
musFur1:AEYP01116334	AEYP01116334		AEYP01116334.1		
musFur1:AEYP01116335	AEYP01116335		AEYP01116335.1		
musFur1:AEYP01116336	AEYP01116336		AEYP01116336.1		
musFur1:AEYP01116337	AEYP01116337		AEYP01116337.1		
musFur1:AEYP01116338	AEYP01116338		AEYP01116338.1		
musFur1:AEYP01116339	AEYP01116339		AEYP01116339.1		
musFur1:AEYP01116340	AEYP01116340		AEYP01116340.1		
musFur1:AEYP01116341	AEYP01116341		AEYP01116341.1		
musFur1:AEYP01116342	AEYP01116342		AEYP01116342.1		
musFur1:AEYP01116343	AEYP01116343		AEYP01116343.1		
musFur1:AEYP01116344	AEYP01116344		AEYP01116344.1		
musFur1:AEYP01116345	AEYP01116345		AEYP01116345.1		
musFur1:AEYP01116346	AEYP01116346		AEYP01116346.1		
musFur1:AEYP01116347	AEYP01116347		AEYP01116347.1		
musFur1:AEYP01116348	AEYP01116348		AEYP01116348.1		
musFur1:AEYP01116349	AEYP01116349		AEYP01116349.1		
musFur1:AEYP01116350	AEYP01116350		AEYP01116350.1		
musFur1:AEYP01116351	AEYP01116351		AEYP01116351.1		
musFur1:AEYP01116352	AEYP01116352		AEYP01116352.1		
musFur1:AEYP01116353	AEYP01116353		AEYP01116353.1		
musFur1:AEYP01116354	AEYP01116354		AEYP01116354.1		
musFur1:AEYP01116355	AEYP01116355		AEYP01116355.1		
musFur1:AEYP01116356	AEYP01116356		AEYP01116356.1		
musFur1:AEYP01116357	AEYP01116357		AEYP01116357.1		
musFur1:AEYP01116358	AEYP01116358		AEYP01116358.1		
musFur1:AEYP01116359	AEYP01116359		AEYP01116359.1		
musFur1:AEYP01116360	AEYP01116360		AEYP01116360.1		
musFur1:AEYP01116361	AEYP01116361		AEYP01116361.1		
musFur1:AEYP01116362	AEYP01116362		AEYP01116362.1		
musFur1:AEYP01116363	AEYP01116363		AEYP01116363.1		
musFur1:AEYP01116364	AEYP01116364		AEYP01116364.1		
musFur1:AEYP01116365	AEYP01116365		AEYP01116365.1		
musFur1:AEYP01116366	AEYP01116366		AEYP01116366.1		
musFur1:AEYP01116367	AEYP01116367		AEYP01116367.1		
musFur1:AEYP01116368	AEYP01116368		AEYP01116368.1		
musFur1:AEYP01116369	AEYP01116369		AEYP01116369.1		
musFur1:AEYP01116370	AEYP01116370		AEYP01116370.1		
musFur1:AEYP01116371	AEYP01116371		AEYP01116371.1		
musFur1:AEYP01116372	AEYP01116372		AEYP01116372.1		
musFur1:AEYP01116373	AEYP01116373		AEYP01116373.1		
musFur1:AEYP01116374	AEYP01116374		AEYP01116374.1		
musFur1:AEYP01116375	AEYP01116375		AEYP01116375.1		
musFur1:AEYP01116376	AEYP01116376		AEYP01116376.1		
musFur1:AEYP01116377	AEYP01116377		AEYP01116377.1		
musFur1:AEYP01116378	AEYP01116378		AEYP01116378.1		
musFur1:AEYP01116379	AEYP01116379		AEYP01116379.1		
musFur1:AEYP01116380	AEYP01116380		AEYP01116380.1		
musFur1:AEYP01116381	AEYP01116381		AEYP01116381.1		
musFur1:AEYP01116382	AEYP01116382		AEYP01116382.1		
musFur1:AEYP01116383	AEYP01116383		AEYP01116383.1		
musFur1:AEYP01116384	AEYP01116384		AEYP01116384.1		
musFur1:AEYP01116385	AEYP01116385		AEYP01116385.1		
musFur1:AEYP01116386	AEYP01116386		AEYP01116386.1		
musFur1:AEYP01116387	AEYP01116387		AEYP01116387.1		
musFur1:AEYP01116388	AEYP01116388		AEYP01116388.1		
musFur1:AEYP01116389	AEYP01116389		AEYP01116389.1		
musFur1:AEYP01116390	AEYP01116390		AEYP01116390.1		
musFur1:AEYP01116391	AEYP01116391		AEYP01116391.1		
musFur1:AEYP01116392	AEYP01116392		AEYP01116392.1		
musFur1:AEYP01116393	AEYP01116393		AEYP01116393.1		
musFur1:AEYP01116394	AEYP01116394		AEYP01116394.1		
musFur1:AEYP01116395	AEYP01116395		AEYP01116395.1		
musFur1:AEYP01116396	AEYP01116396		AEYP01116396.1		
musFur1:AEYP01116397	AEYP01116397		AEYP01116397.1		
musFur1:AEYP01116398	AEYP01116398		AEYP01116398.1		
musFur1:AEYP01116399	AEYP01116399		AEYP01116399.1		
musFur1:AEYP01116400	AEYP01116400		AEYP01116400.1		
musFur1:AEYP01116401	AEYP01116401		AEYP01116401.1		
musFur1:AEYP01116402	AEYP01116402		AEYP01116402.1		
musFur1:AEYP01116403	AEYP01116403		AEYP01116403.1		
musFur1:AEYP01116404	AEYP01116404		AEYP01116404.1		
musFur1:AEYP01116405	AEYP01116405		AEYP01116405.1		
musFur1:AEYP01116406	AEYP01116406		AEYP01116406.1		
musFur1:AEYP01116407	AEYP01116407		AEYP01116407.1		
musFur1:AEYP01116408	AEYP01116408		AEYP01116408.1		
musFur1:AEYP01116409	AEYP01116409		AEYP01116409.1		
musFur1:AEYP01116410	AEYP01116410		AEYP01116410.1		
musFur1:AEYP01116411	AEYP01116411		AEYP01116411.1		
musFur1:AEYP01116412	AEYP01116412		AEYP01116412.1		
musFur1:AEYP01116413	AEYP01116413		AEYP01116413.1		
musFur1:AEYP01116414	AEYP01116414		AEYP01116414.1		
musFur1:AEYP01116415	AEYP01116415		AEYP01116415.1		
musFur1:AEYP01116416	AEYP01116416		AEYP01116416.1		
musFur1:AEYP01116417	AEYP01116417		AEYP01116417.1		
musFur1:AEYP01116418	AEYP01116418		AEYP01116418.1		
musFur1:AEYP01116419	AEYP01116419		AEYP01116419.1		
musFur1:AEYP01116420	AEYP01116420		AEYP01116420.1		
musFur1:AEYP01116421	AEYP01116421		AEYP01116421.1		
musFur1:AEYP01116422	AEYP01116422		AEYP01116422.1		
musFur1:AEYP01116423	AEYP01116423		AEYP01116423.1		
musFur1:AEYP01116424	AEYP01116424		AEYP01116424.1		
musFur1:AEYP01116425	AEYP01116425		AEYP01116425.1		
musFur1:AEYP01116426	AEYP01116426		AEYP01116426.1		
musFur1:AEYP01116427	AEYP01116427		AEYP01116427.1		
musFur1:AEYP01116428	AEYP01116428		AEYP01116428.1		
musFur1:AEYP01116429	AEYP01116429		AEYP01116429.1		
musFur1:AEYP01116430	AEYP01116430		AEYP01116430.1		
musFur1:AEYP01116431	AEYP01116431		AEYP01116431.1		
musFur1:AEYP01116432	AEYP01116432		AEYP01116432.1		
musFur1:AEYP01116433	AEYP01116433		AEYP01116433.1		
musFur1:AEYP01116434	AEYP01116434		AEYP01116434.1		
musFur1:AEYP01116435	AEYP01116435		AEYP01116435.1		
musFur1:AEYP01116436	AEYP01116436		AEYP01116436.1		
musFur1:AEYP01116437	AEYP01116437		AEYP01116437.1		
musFur1:AEYP01116438	AEYP01116438		AEYP01116438.1		
musFur1:AEYP01116439	AEYP01116439		AEYP01116439.1		
musFur1:AEYP01116440	AEYP01116440		AEYP01116440.1		
musFur1:AEYP01116441	AEYP01116441		AEYP01116441.1		
musFur1:AEYP01116442	AEYP01116442		AEYP01116442.1		
musFur1:AEYP01116443	AEYP01116443		AEYP01116443.1		
musFur1:AEYP01116444	AEYP01116444		AEYP01116444.1		
musFur1:AEYP01116445	AEYP01116445		AEYP01116445.1		
musFur1:AEYP01116446	AEYP01116446		AEYP01116446.1		
musFur1:AEYP01116447	AEYP01116447		AEYP01116447.1		
musFur1:AEYP01116448	AEYP01116448		AEYP01116448.1		
musFur1:AEYP01116449	AEYP01116449		AEYP01116449.1		
musFur1:AEYP01116450	AEYP01116450		AEYP01116450.1		
musFur1:AEYP01116451	AEYP01116451		AEYP01116451.1		
musFur1:AEYP01116452	AEYP01116452		AEYP01116452.1		
musFur1:AEYP01116453	AEYP01116453		AEYP01116453.1		
musFur1:AEYP01116454	AEYP01116454		AEYP01116454.1		
musFur1:AEYP01116455	AEYP01116455		AEYP01116455.1		
musFur1:AEYP01116456	AEYP01116456		AEYP01116456.1		
musFur1:AEYP01116457	AEYP01116457		AEYP01116457.1		
musFur1:AEYP01116458	AEYP01116458		AEYP01116458.1		
musFur1:AEYP01116459	AEYP01116459		AEYP01116459.1		
musFur1:AEYP01116460	AEYP01116460		AEYP01116460.1		
musFur1:AEYP01116461	AEYP01116461		AEYP01116461.1		
musFur1:AEYP01116462	AEYP01116462		AEYP01116462.1		
musFur1:AEYP01116463	AEYP01116463		AEYP01116463.1		
musFur1:AEYP01116465	AEYP01116465		AEYP01116465.1		
musFur1:AEYP01116466	AEYP01116466		AEYP01116466.1		
musFur1:AEYP01116467	AEYP01116467		AEYP01116467.1		
musFur1:AEYP01116468	AEYP01116468		AEYP01116468.1		
musFur1:AEYP01116469	AEYP01116469		AEYP01116469.1		
musFur1:AEYP01116470	AEYP01116470		AEYP01116470.1		
musFur1:AEYP01116471	AEYP01116471		AEYP01116471.1		
musFur1:AEYP01116472	AEYP01116472		AEYP01116472.1		
musFur1:AEYP01116473	AEYP01116473		AEYP01116473.1		
musFur1:AEYP01116474	AEYP01116474		AEYP01116474.1		
musFur1:AEYP01116475	AEYP01116475		AEYP01116475.1		
musFur1:AEYP01116476	AEYP01116476		AEYP01116476.1		
musFur1:AEYP01116477	AEYP01116477		AEYP01116477.1		
musFur1:AEYP01116478	AEYP01116478		AEYP01116478.1		
musFur1:AEYP01116479	AEYP01116479		AEYP01116479.1		
musFur1:AEYP01116480	AEYP01116480		AEYP01116480.1		
musFur1:AEYP01116481	AEYP01116481		AEYP01116481.1		
musFur1:AEYP01116483	AEYP01116483		AEYP01116483.1		
musFur1:AEYP01116484	AEYP01116484		AEYP01116484.1		
musFur1:AEYP01116485	AEYP01116485		AEYP01116485.1		
musFur1:AEYP01116486	AEYP01116486		AEYP01116486.1		
musFur1:AEYP01116487	AEYP01116487		AEYP01116487.1		
musFur1:AEYP01116488	AEYP01116488		AEYP01116488.1		
musFur1:AEYP01116489	AEYP01116489		AEYP01116489.1		
musFur1:AEYP01116490	AEYP01116490		AEYP01116490.1		
musFur1:AEYP01116491	AEYP01116491		AEYP01116491.1		
musFur1:AEYP01116492	AEYP01116492		AEYP01116492.1		
musFur1:AEYP01116493	AEYP01116493		AEYP01116493.1		
musFur1:AEYP01116494	AEYP01116494		AEYP01116494.1		
musFur1:AEYP01116495	AEYP01116495		AEYP01116495.1		
musFur1:AEYP01116496	AEYP01116496		AEYP01116496.1		
musFur1:AEYP01116497	AEYP01116497		AEYP01116497.1		
musFur1:AEYP01116498	AEYP01116498		AEYP01116498.1		
musFur1:AEYP01116499	AEYP01116499		AEYP01116499.1		
musFur1:AEYP01116500	AEYP01116500		AEYP01116500.1		
musFur1:AEYP01116501	AEYP01116501		AEYP01116501.1		
musFur1:AEYP01116502	AEYP01116502		AEYP01116502.1		
musFur1:AEYP01116503	AEYP01116503		AEYP01116503.1		
musFur1:AEYP01116504	AEYP01116504		AEYP01116504.1		
musFur1:AEYP01116505	AEYP01116505		AEYP01116505.1		
musFur1:AEYP01116506	AEYP01116506		AEYP01116506.1		
musFur1:AEYP01116507	AEYP01116507		AEYP01116507.1		
musFur1:AEYP01116508	AEYP01116508		AEYP01116508.1		
musFur1:AEYP01116509	AEYP01116509		AEYP01116509.1		
musFur1:AEYP01116510	AEYP01116510		AEYP01116510.1		
musFur1:AEYP01116511	AEYP01116511		AEYP01116511.1		
musFur1:AEYP01116512	AEYP01116512		AEYP01116512.1		
musFur1:AEYP01116513	AEYP01116513		AEYP01116513.1		
musFur1:AEYP01116514	AEYP01116514		AEYP01116514.1		
musFur1:AEYP01116515	AEYP01116515		AEYP01116515.1		
musFur1:AEYP01116516	AEYP01116516		AEYP01116516.1		
musFur1:AEYP01116517	AEYP01116517		AEYP01116517.1		
musFur1:AEYP01116518	AEYP01116518		AEYP01116518.1		
musFur1:AEYP01116519	AEYP01116519		AEYP01116519.1		
musFur1:AEYP01116520	AEYP01116520		AEYP01116520.1		
musFur1:AEYP01116521	AEYP01116521		AEYP01116521.1		
musFur1:AEYP01116522	AEYP01116522		AEYP01116522.1		
musFur1:AEYP01116523	AEYP01116523		AEYP01116523.1		
musFur1:AEYP01116524	AEYP01116524		AEYP01116524.1		
musFur1:AEYP01116525	AEYP01116525		AEYP01116525.1		
musFur1:AEYP01116526	AEYP01116526		AEYP01116526.1		
musFur1:AEYP01116527	AEYP01116527		AEYP01116527.1		
musFur1:AEYP01116528	AEYP01116528		AEYP01116528.1		
musFur1:AEYP01116529	AEYP01116529		AEYP01116529.1		
musFur1:AEYP01116530	AEYP01116530		AEYP01116530.1		
musFur1:AEYP01116531	AEYP01116531		AEYP01116531.1		
musFur1:AEYP01116532	AEYP01116532		AEYP01116532.1		
musFur1:AEYP01116533	AEYP01116533		AEYP01116533.1		
musFur1:AEYP01116534	AEYP01116534		AEYP01116534.1		
musFur1:AEYP01116535	AEYP01116535		AEYP01116535.1		
musFur1:AEYP01116536	AEYP01116536		AEYP01116536.1		
musFur1:AEYP01116537	AEYP01116537		AEYP01116537.1		
musFur1:AEYP01116538	AEYP01116538		AEYP01116538.1		
musFur1:AEYP01116539	AEYP01116539		AEYP01116539.1		
musFur1:AEYP01116540	AEYP01116540		AEYP01116540.1		
musFur1:AEYP01116541	AEYP01116541		AEYP01116541.1		
musFur1:AEYP01116542	AEYP01116542		AEYP01116542.1		
musFur1:AEYP01116543	AEYP01116543		AEYP01116543.1		
musFur1:AEYP01116544	AEYP01116544		AEYP01116544.1		
musFur1:AEYP01116545	AEYP01116545		AEYP01116545.1		
musFur1:AEYP01116546	AEYP01116546		AEYP01116546.1		
musFur1:AEYP01116547	AEYP01116547		AEYP01116547.1		
musFur1:AEYP01116548	AEYP01116548		AEYP01116548.1		
musFur1:AEYP01116549	AEYP01116549		AEYP01116549.1		
musFur1:AEYP01116550	AEYP01116550		AEYP01116550.1		
musFur1:AEYP01116551	AEYP01116551		AEYP01116551.1		
musFur1:AEYP01116552	AEYP01116552		AEYP01116552.1		
musFur1:AEYP01116553	AEYP01116553		AEYP01116553.1		
musFur1:AEYP01116554	AEYP01116554		AEYP01116554.1		
musFur1:AEYP01116555	AEYP01116555		AEYP01116555.1		
musFur1:AEYP01116556	AEYP01116556		AEYP01116556.1		
musFur1:AEYP01116557	AEYP01116557		AEYP01116557.1		
musFur1:AEYP01116558	AEYP01116558		AEYP01116558.1		
musFur1:AEYP01116559	AEYP01116559		AEYP01116559.1		
musFur1:AEYP01116560	AEYP01116560		AEYP01116560.1		
musFur1:AEYP01116561	AEYP01116561		AEYP01116561.1		
musFur1:AEYP01116562	AEYP01116562		AEYP01116562.1		
musFur1:AEYP01116563	AEYP01116563		AEYP01116563.1		
musFur1:AEYP01116564	AEYP01116564		AEYP01116564.1		
musFur1:AEYP01116565	AEYP01116565		AEYP01116565.1		
musFur1:AEYP01116566	AEYP01116566		AEYP01116566.1		
musFur1:AEYP01116567	AEYP01116567		AEYP01116567.1		
musFur1:AEYP01116568	AEYP01116568		AEYP01116568.1		
musFur1:AEYP01116569	AEYP01116569		AEYP01116569.1		
musFur1:AEYP01116570	AEYP01116570		AEYP01116570.1		
musFur1:AEYP01116571	AEYP01116571		AEYP01116571.1		
musFur1:AEYP01116572	AEYP01116572		AEYP01116572.1		
musFur1:AEYP01116573	AEYP01116573		AEYP01116573.1		
musFur1:AEYP01116574	AEYP01116574		AEYP01116574.1		
musFur1:AEYP01116575	AEYP01116575		AEYP01116575.1		
musFur1:AEYP01116576	AEYP01116576		AEYP01116576.1		
musFur1:AEYP01116577	AEYP01116577		AEYP01116577.1		
musFur1:AEYP01116578	AEYP01116578		AEYP01116578.1		
musFur1:AEYP01116579	AEYP01116579		AEYP01116579.1		
musFur1:AEYP01116580	AEYP01116580		AEYP01116580.1		
musFur1:AEYP01116581	AEYP01116581		AEYP01116581.1		
musFur1:AEYP01116582	AEYP01116582		AEYP01116582.1		
musFur1:AEYP01116583	AEYP01116583		AEYP01116583.1		
musFur1:AEYP01116584	AEYP01116584		AEYP01116584.1		
musFur1:AEYP01116585	AEYP01116585		AEYP01116585.1		
musFur1:AEYP01116586	AEYP01116586		AEYP01116586.1		
musFur1:AEYP01116587	AEYP01116587		AEYP01116587.1		
musFur1:AEYP01116588	AEYP01116588		AEYP01116588.1		
musFur1:AEYP01116589	AEYP01116589		AEYP01116589.1		
musFur1:AEYP01116590	AEYP01116590		AEYP01116590.1		
musFur1:AEYP01116591	AEYP01116591		AEYP01116591.1		
musFur1:AEYP01116592	AEYP01116592		AEYP01116592.1		
musFur1:AEYP01116593	AEYP01116593		AEYP01116593.1		
musFur1:AEYP01116594	AEYP01116594		AEYP01116594.1		
musFur1:AEYP01116595	AEYP01116595		AEYP01116595.1		
musFur1:AEYP01116596	AEYP01116596		AEYP01116596.1		
musFur1:AEYP01116597	AEYP01116597		AEYP01116597.1		
musFur1:AEYP01116598	AEYP01116598		AEYP01116598.1		
musFur1:AEYP01116599	AEYP01116599		AEYP01116599.1		
musFur1:AEYP01116600	AEYP01116600		AEYP01116600.1		
musFur1:AEYP01116601	AEYP01116601		AEYP01116601.1		
musFur1:AEYP01116602	AEYP01116602		AEYP01116602.1		
musFur1:AEYP01116603	AEYP01116603		AEYP01116603.1		
musFur1:AEYP01116604	AEYP01116604		AEYP01116604.1		
musFur1:AEYP01116605	AEYP01116605		AEYP01116605.1		
musFur1:AEYP01116606	AEYP01116606		AEYP01116606.1		
musFur1:AEYP01116607	AEYP01116607		AEYP01116607.1		
musFur1:AEYP01116608	AEYP01116608		AEYP01116608.1		
musFur1:AEYP01116609	AEYP01116609		AEYP01116609.1		
musFur1:AEYP01116610	AEYP01116610		AEYP01116610.1		
musFur1:AEYP01116611	AEYP01116611		AEYP01116611.1		
musFur1:AEYP01116612	AEYP01116612		AEYP01116612.1		
musFur1:AEYP01116613	AEYP01116613		AEYP01116613.1		
musFur1:AEYP01116614	AEYP01116614		AEYP01116614.1		
musFur1:AEYP01116615	AEYP01116615		AEYP01116615.1		
musFur1:AEYP01116616	AEYP01116616		AEYP01116616.1		
musFur1:AEYP01116617	AEYP01116617		AEYP01116617.1		
musFur1:AEYP01116618	AEYP01116618		AEYP01116618.1		
musFur1:AEYP01116619	AEYP01116619		AEYP01116619.1		
musFur1:AEYP01116620	AEYP01116620		AEYP01116620.1		
musFur1:AEYP01116621	AEYP01116621		AEYP01116621.1		
musFur1:AEYP01116622	AEYP01116622		AEYP01116622.1		
musFur1:AEYP01116623	AEYP01116623		AEYP01116623.1		
musFur1:AEYP01116624	AEYP01116624		AEYP01116624.1		
musFur1:AEYP01116625	AEYP01116625		AEYP01116625.1		
musFur1:AEYP01116626	AEYP01116626		AEYP01116626.1		
musFur1:AEYP01116627	AEYP01116627		AEYP01116627.1		
musFur1:AEYP01116628	AEYP01116628		AEYP01116628.1		
musFur1:AEYP01116629	AEYP01116629		AEYP01116629.1		
musFur1:AEYP01116630	AEYP01116630		AEYP01116630.1		
musFur1:AEYP01116631	AEYP01116631		AEYP01116631.1		
musFur1:AEYP01116632	AEYP01116632		AEYP01116632.1		
musFur1:AEYP01116633	AEYP01116633		AEYP01116633.1		
musFur1:AEYP01116634	AEYP01116634		AEYP01116634.1		
musFur1:AEYP01116635	AEYP01116635		AEYP01116635.1		
musFur1:AEYP01116636	AEYP01116636		AEYP01116636.1		
musFur1:AEYP01116637	AEYP01116637		AEYP01116637.1		
musFur1:AEYP01116638	AEYP01116638		AEYP01116638.1		
musFur1:AEYP01116639	AEYP01116639		AEYP01116639.1		
musFur1:AEYP01116640	AEYP01116640		AEYP01116640.1		
musFur1:AEYP01116641	AEYP01116641		AEYP01116641.1		
musFur1:AEYP01116642	AEYP01116642		AEYP01116642.1		
musFur1:AEYP01116643	AEYP01116643		AEYP01116643.1		
musFur1:AEYP01116644	AEYP01116644		AEYP01116644.1		
musFur1:AEYP01116645	AEYP01116645		AEYP01116645.1		
musFur1:AEYP01116646	AEYP01116646		AEYP01116646.1		
musFur1:AEYP01116647	AEYP01116647		AEYP01116647.1		
musFur1:AEYP01116648	AEYP01116648		AEYP01116648.1		
musFur1:AEYP01116649	AEYP01116649		AEYP01116649.1		
musFur1:AEYP01116650	AEYP01116650		AEYP01116650.1		
musFur1:AEYP01116651	AEYP01116651		AEYP01116651.1		
musFur1:AEYP01116652	AEYP01116652		AEYP01116652.1		
musFur1:AEYP01116653	AEYP01116653		AEYP01116653.1		
musFur1:AEYP01116654	AEYP01116654		AEYP01116654.1		
musFur1:AEYP01116655	AEYP01116655		AEYP01116655.1		
musFur1:AEYP01116656	AEYP01116656		AEYP01116656.1		
musFur1:AEYP01116657	AEYP01116657		AEYP01116657.1		
musFur1:AEYP01116658	AEYP01116658		AEYP01116658.1		
musFur1:AEYP01116659	AEYP01116659		AEYP01116659.1		
musFur1:AEYP01116660	AEYP01116660		AEYP01116660.1		
musFur1:AEYP01116661	AEYP01116661		AEYP01116661.1		
musFur1:AEYP01116662	AEYP01116662		AEYP01116662.1		
musFur1:AEYP01116663	AEYP01116663		AEYP01116663.1		
musFur1:AEYP01116664	AEYP01116664		AEYP01116664.1		
musFur1:AEYP01116665	AEYP01116665		AEYP01116665.1		
musFur1:AEYP01116666	AEYP01116666		AEYP01116666.1		
musFur1:AEYP01116667	AEYP01116667		AEYP01116667.1		
musFur1:AEYP01116668	AEYP01116668		AEYP01116668.1		
musFur1:AEYP01116669	AEYP01116669		AEYP01116669.1		
musFur1:AEYP01116670	AEYP01116670		AEYP01116670.1		
musFur1:AEYP01116671	AEYP01116671		AEYP01116671.1		
musFur1:AEYP01116672	AEYP01116672		AEYP01116672.1		
musFur1:AEYP01116673	AEYP01116673		AEYP01116673.1		
musFur1:AEYP01116674	AEYP01116674		AEYP01116674.1		
musFur1:AEYP01116675	AEYP01116675		AEYP01116675.1		
musFur1:AEYP01116676	AEYP01116676		AEYP01116676.1		
musFur1:AEYP01116677	AEYP01116677		AEYP01116677.1		
musFur1:AEYP01116678	AEYP01116678		AEYP01116678.1		
musFur1:AEYP01116679	AEYP01116679		AEYP01116679.1		
musFur1:AEYP01116680	AEYP01116680		AEYP01116680.1		
musFur1:AEYP01116681	AEYP01116681		AEYP01116681.1		
musFur1:AEYP01116682	AEYP01116682		AEYP01116682.1		
musFur1:AEYP01116683	AEYP01116683		AEYP01116683.1		
musFur1:AEYP01116684	AEYP01116684		AEYP01116684.1		
musFur1:AEYP01116685	AEYP01116685		AEYP01116685.1		
musFur1:AEYP01116686	AEYP01116686		AEYP01116686.1		
musFur1:AEYP01116687	AEYP01116687		AEYP01116687.1		
musFur1:AEYP01116688	AEYP01116688		AEYP01116688.1		
musFur1:AEYP01116689	AEYP01116689		AEYP01116689.1		
musFur1:AEYP01116690	AEYP01116690		AEYP01116690.1		
musFur1:AEYP01116691	AEYP01116691		AEYP01116691.1		
musFur1:AEYP01116692	AEYP01116692		AEYP01116692.1		
musFur1:AEYP01116693	AEYP01116693		AEYP01116693.1		
musFur1:AEYP01116694	AEYP01116694		AEYP01116694.1		
musFur1:AEYP01116695	AEYP01116695		AEYP01116695.1		
musFur1:AEYP01116696	AEYP01116696		AEYP01116696.1		
musFur1:AEYP01116697	AEYP01116697		AEYP01116697.1		
musFur1:AEYP01116698	AEYP01116698		AEYP01116698.1		
musFur1:AEYP01116699	AEYP01116699		AEYP01116699.1		
musFur1:AEYP01116700	AEYP01116700		AEYP01116700.1		
musFur1:AEYP01116701	AEYP01116701		AEYP01116701.1		
musFur1:AEYP01116702	AEYP01116702		AEYP01116702.1		
musFur1:AEYP01116703	AEYP01116703		AEYP01116703.1		
musFur1:AEYP01116704	AEYP01116704		AEYP01116704.1		
musFur1:AEYP01116705	AEYP01116705		AEYP01116705.1		
musFur1:AEYP01116706	AEYP01116706		AEYP01116706.1		
musFur1:AEYP01116707	AEYP01116707		AEYP01116707.1		
musFur1:AEYP01116708	AEYP01116708		AEYP01116708.1		
musFur1:AEYP01116709	AEYP01116709		AEYP01116709.1		
musFur1:AEYP01116710	AEYP01116710		AEYP01116710.1		
musFur1:AEYP01116711	AEYP01116711		AEYP01116711.1		
musFur1:AEYP01116712	AEYP01116712		AEYP01116712.1		
musFur1:AEYP01116713	AEYP01116713		AEYP01116713.1		
musFur1:AEYP01116714	AEYP01116714		AEYP01116714.1		
musFur1:AEYP01116715	AEYP01116715		AEYP01116715.1		
musFur1:AEYP01116716	AEYP01116716		AEYP01116716.1		
musFur1:AEYP01116717	AEYP01116717		AEYP01116717.1		
musFur1:AEYP01116718	AEYP01116718		AEYP01116718.1		
musFur1:AEYP01116719	AEYP01116719		AEYP01116719.1		
musFur1:AEYP01116720	AEYP01116720		AEYP01116720.1		
musFur1:AEYP01116721	AEYP01116721		AEYP01116721.1		
musFur1:AEYP01116722	AEYP01116722		AEYP01116722.1		
musFur1:AEYP01116723	AEYP01116723		AEYP01116723.1		
musFur1:AEYP01116724	AEYP01116724		AEYP01116724.1		
musFur1:AEYP01116725	AEYP01116725		AEYP01116725.1		
musFur1:AEYP01116726	AEYP01116726		AEYP01116726.1		
musFur1:AEYP01116727	AEYP01116727		AEYP01116727.1		
musFur1:AEYP01116728	AEYP01116728		AEYP01116728.1		
musFur1:AEYP01116729	AEYP01116729		AEYP01116729.1		
musFur1:AEYP01116730	AEYP01116730		AEYP01116730.1		
musFur1:AEYP01116731	AEYP01116731		AEYP01116731.1		
musFur1:AEYP01116732	AEYP01116732		AEYP01116732.1		
musFur1:AEYP01116733	AEYP01116733		AEYP01116733.1		
musFur1:AEYP01116734	AEYP01116734		AEYP01116734.1		
musFur1:AEYP01116735	AEYP01116735		AEYP01116735.1		
musFur1:AEYP01116736	AEYP01116736		AEYP01116736.1		
musFur1:AEYP01116737	AEYP01116737		AEYP01116737.1		
musFur1:AEYP01116738	AEYP01116738		AEYP01116738.1		
musFur1:AEYP01116739	AEYP01116739		AEYP01116739.1		
musFur1:AEYP01116740	AEYP01116740		AEYP01116740.1		
musFur1:AEYP01116741	AEYP01116741		AEYP01116741.1		
musFur1:AEYP01116742	AEYP01116742		AEYP01116742.1		
musFur1:AEYP01116743	AEYP01116743		AEYP01116743.1		
musFur1:AEYP01116744	AEYP01116744		AEYP01116744.1		
musFur1:AEYP01116745	AEYP01116745		AEYP01116745.1		
musFur1:AEYP01116746	AEYP01116746		AEYP01116746.1		
musFur1:AEYP01116747	AEYP01116747		AEYP01116747.1		
musFur1:AEYP01116748	AEYP01116748		AEYP01116748.1		
musFur1:AEYP01116749	AEYP01116749		AEYP01116749.1		
musFur1:AEYP01116750	AEYP01116750		AEYP01116750.1		
musFur1:AEYP01116751	AEYP01116751		AEYP01116751.1		
musFur1:AEYP01116752	AEYP01116752		AEYP01116752.1		
musFur1:AEYP01116753	AEYP01116753		AEYP01116753.1		
musFur1:AEYP01116754	AEYP01116754		AEYP01116754.1		
musFur1:AEYP01116755	AEYP01116755		AEYP01116755.1		
musFur1:AEYP01116756	AEYP01116756		AEYP01116756.1		
musFur1:AEYP01116757	AEYP01116757		AEYP01116757.1		
musFur1:AEYP01116758	AEYP01116758		AEYP01116758.1		
musFur1:AEYP01116759	AEYP01116759		AEYP01116759.1		
musFur1:AEYP01116760	AEYP01116760		AEYP01116760.1		
musFur1:AEYP01116761	AEYP01116761		AEYP01116761.1		
musFur1:AEYP01116762	AEYP01116762		AEYP01116762.1		
musFur1:AEYP01116763	AEYP01116763		AEYP01116763.1		
musFur1:AEYP01116764	AEYP01116764		AEYP01116764.1		
musFur1:AEYP01116765	AEYP01116765		AEYP01116765.1		
musFur1:AEYP01116766	AEYP01116766		AEYP01116766.1		
musFur1:AEYP01116767	AEYP01116767		AEYP01116767.1		
musFur1:AEYP01116768	AEYP01116768		AEYP01116768.1		
musFur1:AEYP01116769	AEYP01116769		AEYP01116769.1		
musFur1:AEYP01116770	AEYP01116770		AEYP01116770.1		
musFur1:AEYP01116771	AEYP01116771		AEYP01116771.1		
musFur1:AEYP01116772	AEYP01116772		AEYP01116772.1		
musFur1:AEYP01116773	AEYP01116773		AEYP01116773.1		
musFur1:AEYP01116774	AEYP01116774		AEYP01116774.1		
musFur1:AEYP01116775	AEYP01116775		AEYP01116775.1		
musFur1:AEYP01116776	AEYP01116776		AEYP01116776.1		
musFur1:AEYP01116777	AEYP01116777		AEYP01116777.1		
musFur1:AEYP01116778	AEYP01116778		AEYP01116778.1		
musFur1:AEYP01116779	AEYP01116779		AEYP01116779.1		
musFur1:AEYP01116780	AEYP01116780		AEYP01116780.1		
musFur1:AEYP01116781	AEYP01116781		AEYP01116781.1		
musFur1:AEYP01116782	AEYP01116782		AEYP01116782.1		
musFur1:AEYP01116783	AEYP01116783		AEYP01116783.1		
musFur1:AEYP01116784	AEYP01116784		AEYP01116784.1		
musFur1:AEYP01116785	AEYP01116785		AEYP01116785.1		
musFur1:AEYP01116786	AEYP01116786		AEYP01116786.1		
musFur1:AEYP01116787	AEYP01116787		AEYP01116787.1		
musFur1:AEYP01116788	AEYP01116788		AEYP01116788.1		
musFur1:AEYP01116789	AEYP01116789		AEYP01116789.1		
musFur1:AEYP01116790	AEYP01116790		AEYP01116790.1		
musFur1:AEYP01116791	AEYP01116791		AEYP01116791.1		
musFur1:AEYP01116792	AEYP01116792		AEYP01116792.1		
musFur1:AEYP01116793	AEYP01116793		AEYP01116793.1		
musFur1:AEYP01116794	AEYP01116794		AEYP01116794.1		
musFur1:AEYP01116795	AEYP01116795		AEYP01116795.1		
musFur1:AEYP01116796	AEYP01116796		AEYP01116796.1		
musFur1:AEYP01116797	AEYP01116797		AEYP01116797.1		
musFur1:AEYP01116798	AEYP01116798		AEYP01116798.1		
musFur1:AEYP01116799	AEYP01116799		AEYP01116799.1		
musFur1:AEYP01116800	AEYP01116800		AEYP01116800.1		
musFur1:AEYP01116801	AEYP01116801		AEYP01116801.1		
musFur1:AEYP01116802	AEYP01116802		AEYP01116802.1		
musFur1:AEYP01116803	AEYP01116803		AEYP01116803.1		
musFur1:AEYP01116804	AEYP01116804		AEYP01116804.1		
musFur1:AEYP01116805	AEYP01116805		AEYP01116805.1		
musFur1:AEYP01116806	AEYP01116806		AEYP01116806.1		
musFur1:AEYP01116807	AEYP01116807		AEYP01116807.1		
musFur1:AEYP01116808	AEYP01116808		AEYP01116808.1		
musFur1:AEYP01116809	AEYP01116809		AEYP01116809.1		
musFur1:AEYP01116810	AEYP01116810		AEYP01116810.1		
musFur1:AEYP01116811	AEYP01116811		AEYP01116811.1		
musFur1:AEYP01116812	AEYP01116812		AEYP01116812.1		
musFur1:AEYP01116813	AEYP01116813		AEYP01116813.1		
musFur1:AEYP01116814	AEYP01116814		AEYP01116814.1		
musFur1:AEYP01116815	AEYP01116815		AEYP01116815.1		
musFur1:AEYP01116816	AEYP01116816		AEYP01116816.1		
musFur1:AEYP01116817	AEYP01116817		AEYP01116817.1		
musFur1:AEYP01116818	AEYP01116818		AEYP01116818.1		
musFur1:AEYP01116819	AEYP01116819		AEYP01116819.1		
musFur1:AEYP01116820	AEYP01116820		AEYP01116820.1		
musFur1:AEYP01116821	AEYP01116821		AEYP01116821.1		
musFur1:AEYP01116822	AEYP01116822		AEYP01116822.1		
musFur1:AEYP01116823	AEYP01116823		AEYP01116823.1		
musFur1:AEYP01116824	AEYP01116824		AEYP01116824.1		
musFur1:AEYP01116825	AEYP01116825		AEYP01116825.1		
musFur1:AEYP01116826	AEYP01116826		AEYP01116826.1		
musFur1:AEYP01116827	AEYP01116827		AEYP01116827.1		
musFur1:AEYP01116828	AEYP01116828		AEYP01116828.1		
musFur1:AEYP01116829	AEYP01116829		AEYP01116829.1		
musFur1:AEYP01116830	AEYP01116830		AEYP01116830.1		
musFur1:AEYP01116831	AEYP01116831		AEYP01116831.1		
musFur1:AEYP01116832	AEYP01116832		AEYP01116832.1		
musFur1:AEYP01116833	AEYP01116833		AEYP01116833.1		
musFur1:AEYP01116834	AEYP01116834		AEYP01116834.1		
musFur1:AEYP01116835	AEYP01116835		AEYP01116835.1		
musFur1:AEYP01116836	AEYP01116836		AEYP01116836.1		
musFur1:AEYP01116837	AEYP01116837		AEYP01116837.1		
musFur1:AEYP01116838	AEYP01116838		AEYP01116838.1		
musFur1:AEYP01116839	AEYP01116839		AEYP01116839.1		
musFur1:AEYP01116840	AEYP01116840		AEYP01116840.1		
musFur1:AEYP01116841	AEYP01116841		AEYP01116841.1		
musFur1:AEYP01116842	AEYP01116842		AEYP01116842.1		
musFur1:AEYP01116843	AEYP01116843		AEYP01116843.1		
musFur1:AEYP01116844	AEYP01116844		AEYP01116844.1		
musFur1:AEYP01116845	AEYP01116845		AEYP01116845.1		
musFur1:AEYP01116846	AEYP01116846		AEYP01116846.1		
musFur1:AEYP01116847	AEYP01116847		AEYP01116847.1		
musFur1:AEYP01116848	AEYP01116848		AEYP01116848.1		
musFur1:AEYP01116849	AEYP01116849		AEYP01116849.1		
musFur1:AEYP01116850	AEYP01116850		AEYP01116850.1		
musFur1:AEYP01116851	AEYP01116851		AEYP01116851.1		
musFur1:AEYP01116852	AEYP01116852		AEYP01116852.1		
musFur1:AEYP01116853	AEYP01116853		AEYP01116853.1		
musFur1:AEYP01116854	AEYP01116854		AEYP01116854.1		
musFur1:AEYP01116855	AEYP01116855		AEYP01116855.1		
musFur1:AEYP01116856	AEYP01116856		AEYP01116856.1		
musFur1:AEYP01116857	AEYP01116857		AEYP01116857.1		
musFur1:AEYP01116858	AEYP01116858		AEYP01116858.1		
musFur1:AEYP01116859	AEYP01116859		AEYP01116859.1		
musFur1:AEYP01116860	AEYP01116860		AEYP01116860.1		
musFur1:AEYP01116861	AEYP01116861		AEYP01116861.1		
musFur1:AEYP01116862	AEYP01116862		AEYP01116862.1		
musFur1:AEYP01116863	AEYP01116863		AEYP01116863.1		
musFur1:AEYP01116864	AEYP01116864		AEYP01116864.1		
musFur1:AEYP01116865	AEYP01116865		AEYP01116865.1		
musFur1:AEYP01116866	AEYP01116866		AEYP01116866.1		
musFur1:AEYP01116867	AEYP01116867		AEYP01116867.1		
musFur1:AEYP01116868	AEYP01116868		AEYP01116868.1		
musFur1:AEYP01116869	AEYP01116869		AEYP01116869.1		
musFur1:AEYP01116870	AEYP01116870		AEYP01116870.1		
musFur1:AEYP01116871	AEYP01116871		AEYP01116871.1		
musFur1:AEYP01116872	AEYP01116872		AEYP01116872.1		
musFur1:AEYP01116873	AEYP01116873		AEYP01116873.1		
musFur1:AEYP01116874	AEYP01116874		AEYP01116874.1		
musFur1:AEYP01116875	AEYP01116875		AEYP01116875.1		
musFur1:AEYP01116876	AEYP01116876		AEYP01116876.1		
musFur1:AEYP01116877	AEYP01116877		AEYP01116877.1		
musFur1:AEYP01116878	AEYP01116878		AEYP01116878.1		
musFur1:AEYP01116879	AEYP01116879		AEYP01116879.1		
musFur1:AEYP01116880	AEYP01116880		AEYP01116880.1		
musFur1:AEYP01116881	AEYP01116881		AEYP01116881.1		
musFur1:AEYP01116882	AEYP01116882		AEYP01116882.1		
musFur1:AEYP01116883	AEYP01116883		AEYP01116883.1		
musFur1:AEYP01116884	AEYP01116884		AEYP01116884.1		
musFur1:AEYP01116885	AEYP01116885		AEYP01116885.1		
musFur1:AEYP01116886	AEYP01116886		AEYP01116886.1		
musFur1:AEYP01116887	AEYP01116887		AEYP01116887.1		
musFur1:AEYP01116888	AEYP01116888		AEYP01116888.1		
musFur1:AEYP01116889	AEYP01116889		AEYP01116889.1		
musFur1:AEYP01116890	AEYP01116890		AEYP01116890.1		
musFur1:AEYP01116891	AEYP01116891		AEYP01116891.1		
musFur1:AEYP01116892	AEYP01116892		AEYP01116892.1		
musFur1:AEYP01116893	AEYP01116893		AEYP01116893.1		
musFur1:AEYP01116894	AEYP01116894		AEYP01116894.1		
musFur1:AEYP01116895	AEYP01116895		AEYP01116895.1		
musFur1:AEYP01116896	AEYP01116896		AEYP01116896.1		
musFur1:AEYP01116897	AEYP01116897		AEYP01116897.1		
musFur1:AEYP01116898	AEYP01116898		AEYP01116898.1		
musFur1:AEYP01116899	AEYP01116899		AEYP01116899.1		
musFur1:AEYP01116900	AEYP01116900		AEYP01116900.1		
musFur1:AEYP01116901	AEYP01116901		AEYP01116901.1		
musFur1:AEYP01116902	AEYP01116902		AEYP01116902.1		
musFur1:AEYP01116903	AEYP01116903		AEYP01116903.1		
musFur1:AEYP01116904	AEYP01116904		AEYP01116904.1		
musFur1:AEYP01116905	AEYP01116905		AEYP01116905.1		
musFur1:AEYP01116906	AEYP01116906		AEYP01116906.1		
musFur1:AEYP01116907	AEYP01116907		AEYP01116907.1		
musFur1:AEYP01116908	AEYP01116908		AEYP01116908.1		
musFur1:AEYP01116909	AEYP01116909		AEYP01116909.1		
musFur1:AEYP01116910	AEYP01116910		AEYP01116910.1		
musFur1:AEYP01116911	AEYP01116911		AEYP01116911.1		
musFur1:AEYP01116912	AEYP01116912		AEYP01116912.1		
musFur1:AEYP01116913	AEYP01116913		AEYP01116913.1		
musFur1:AEYP01116914	AEYP01116914		AEYP01116914.1		
musFur1:AEYP01116915	AEYP01116915		AEYP01116915.1		
musFur1:AEYP01116916	AEYP01116916		AEYP01116916.1		
musFur1:AEYP01116917	AEYP01116917		AEYP01116917.1		
musFur1:AEYP01116918	AEYP01116918		AEYP01116918.1		
musFur1:AEYP01116919	AEYP01116919		AEYP01116919.1		
musFur1:AEYP01116920	AEYP01116920		AEYP01116920.1		
musFur1:AEYP01116921	AEYP01116921		AEYP01116921.1		
musFur1:AEYP01116922	AEYP01116922		AEYP01116922.1		
musFur1:AEYP01116923	AEYP01116923		AEYP01116923.1		
musFur1:AEYP01116924	AEYP01116924		AEYP01116924.1		
musFur1:AEYP01116925	AEYP01116925		AEYP01116925.1		
musFur1:AEYP01116926	AEYP01116926		AEYP01116926.1		
musFur1:AEYP01116927	AEYP01116927		AEYP01116927.1		
musFur1:AEYP01116928	AEYP01116928		AEYP01116928.1		
musFur1:AEYP01116929	AEYP01116929		AEYP01116929.1		
musFur1:AEYP01116930	AEYP01116930		AEYP01116930.1		
musFur1:AEYP01116931	AEYP01116931		AEYP01116931.1		
musFur1:AEYP01116932	AEYP01116932		AEYP01116932.1		
musFur1:AEYP01116933	AEYP01116933		AEYP01116933.1		
musFur1:AEYP01116934	AEYP01116934		AEYP01116934.1		
musFur1:AEYP01116935	AEYP01116935		AEYP01116935.1		
musFur1:AEYP01116936	AEYP01116936		AEYP01116936.1		
musFur1:AEYP01116937	AEYP01116937		AEYP01116937.1		
musFur1:AEYP01116938	AEYP01116938		AEYP01116938.1		
musFur1:AEYP01116939	AEYP01116939		AEYP01116939.1		
musFur1:AEYP01116940	AEYP01116940		AEYP01116940.1		
musFur1:AEYP01116941	AEYP01116941		AEYP01116941.1		
musFur1:AEYP01116942	AEYP01116942		AEYP01116942.1		
musFur1:AEYP01116943	AEYP01116943		AEYP01116943.1		
musFur1:AEYP01116944	AEYP01116944		AEYP01116944.1		
musFur1:AEYP01116945	AEYP01116945		AEYP01116945.1		
musFur1:AEYP01116946	AEYP01116946		AEYP01116946.1		
musFur1:AEYP01116947	AEYP01116947		AEYP01116947.1		
musFur1:AEYP01116948	AEYP01116948		AEYP01116948.1		
musFur1:AEYP01116949	AEYP01116949		AEYP01116949.1		
musFur1:AEYP01116950	AEYP01116950		AEYP01116950.1		
musFur1:AEYP01116951	AEYP01116951		AEYP01116951.1		
musFur1:AEYP01116952	AEYP01116952		AEYP01116952.1		
musFur1:AEYP01116953	AEYP01116953		AEYP01116953.1		
musFur1:AEYP01116954	AEYP01116954		AEYP01116954.1		
musFur1:AEYP01116955	AEYP01116955		AEYP01116955.1		
musFur1:AEYP01116956	AEYP01116956		AEYP01116956.1		
musFur1:AEYP01116957	AEYP01116957		AEYP01116957.1		
musFur1:AEYP01116958	AEYP01116958		AEYP01116958.1		
musFur1:AEYP01116959	AEYP01116959		AEYP01116959.1		
musFur1:AEYP01116960	AEYP01116960		AEYP01116960.1		
musFur1:AEYP01116961	AEYP01116961		AEYP01116961.1		
musFur1:AEYP01116962	AEYP01116962		AEYP01116962.1		
musFur1:AEYP01116963	AEYP01116963		AEYP01116963.1		
musFur1:AEYP01116964	AEYP01116964		AEYP01116964.1		
musFur1:AEYP01116965	AEYP01116965		AEYP01116965.1		
musFur1:AEYP01116966	AEYP01116966		AEYP01116966.1		
musFur1:AEYP01116967	AEYP01116967		AEYP01116967.1		
musFur1:AEYP01116968	AEYP01116968		AEYP01116968.1		
musFur1:AEYP01116969	AEYP01116969		AEYP01116969.1		
musFur1:AEYP01116970	AEYP01116970		AEYP01116970.1		
musFur1:AEYP01116971	AEYP01116971		AEYP01116971.1		
musFur1:AEYP01116972	AEYP01116972		AEYP01116972.1		
musFur1:AEYP01116973	AEYP01116973		AEYP01116973.1		
musFur1:AEYP01116974	AEYP01116974		AEYP01116974.1		
musFur1:AEYP01116975	AEYP01116975		AEYP01116975.1		
musFur1:AEYP01116976	AEYP01116976		AEYP01116976.1		
musFur1:AEYP01116977	AEYP01116977		AEYP01116977.1		
musFur1:AEYP01116978	AEYP01116978		AEYP01116978.1		
musFur1:AEYP01116979	AEYP01116979		AEYP01116979.1		
musFur1:AEYP01116980	AEYP01116980		AEYP01116980.1		
musFur1:AEYP01116981	AEYP01116981		AEYP01116981.1		
musFur1:AEYP01116982	AEYP01116982		AEYP01116982.1		
musFur1:AEYP01116983	AEYP01116983		AEYP01116983.1		
musFur1:AEYP01116984	AEYP01116984		AEYP01116984.1		
musFur1:AEYP01116985	AEYP01116985		AEYP01116985.1		
musFur1:AEYP01116986	AEYP01116986		AEYP01116986.1		
musFur1:AEYP01116987	AEYP01116987		AEYP01116987.1		
musFur1:AEYP01116988	AEYP01116988		AEYP01116988.1		
musFur1:AEYP01116989	AEYP01116989		AEYP01116989.1		
musFur1:AEYP01116990	AEYP01116990		AEYP01116990.1		
musFur1:AEYP01116991	AEYP01116991		AEYP01116991.1		
musFur1:AEYP01116992	AEYP01116992		AEYP01116992.1		
musFur1:AEYP01116993	AEYP01116993		AEYP01116993.1		
musFur1:AEYP01116994	AEYP01116994		AEYP01116994.1		
musFur1:AEYP01116995	AEYP01116995		AEYP01116995.1		
musFur1:AEYP01116996	AEYP01116996		AEYP01116996.1		
musFur1:AEYP01116997	AEYP01116997		AEYP01116997.1		
musFur1:AEYP01116998	AEYP01116998		AEYP01116998.1		
musFur1:AEYP01116999	AEYP01116999		AEYP01116999.1		
musFur1:AEYP01117000	AEYP01117000		AEYP01117000.1		
musFur1:AEYP01117001	AEYP01117001		AEYP01117001.1		
musFur1:AEYP01117002	AEYP01117002		AEYP01117002.1		
musFur1:AEYP01117003	AEYP01117003		AEYP01117003.1		
musFur1:AEYP01117004	AEYP01117004		AEYP01117004.1		
musFur1:AEYP01117005	AEYP01117005		AEYP01117005.1		
musFur1:AEYP01117006	AEYP01117006		AEYP01117006.1		
musFur1:AEYP01117007	AEYP01117007		AEYP01117007.1		
musFur1:AEYP01117008	AEYP01117008		AEYP01117008.1		
musFur1:AEYP01117009	AEYP01117009		AEYP01117009.1		
musFur1:AEYP01117010	AEYP01117010		AEYP01117010.1		
musFur1:AEYP01117011	AEYP01117011		AEYP01117011.1		
musFur1:AEYP01117012	AEYP01117012		AEYP01117012.1		
musFur1:AEYP01117013	AEYP01117013		AEYP01117013.1		
musFur1:AEYP01117014	AEYP01117014		AEYP01117014.1		
musFur1:AEYP01117015	AEYP01117015		AEYP01117015.1		
musFur1:AEYP01117016	AEYP01117016		AEYP01117016.1		
musFur1:AEYP01117017	AEYP01117017		AEYP01117017.1		
musFur1:AEYP01117018	AEYP01117018		AEYP01117018.1		
musFur1:AEYP01117019	AEYP01117019		AEYP01117019.1		
musFur1:AEYP01117020	AEYP01117020		AEYP01117020.1		
musFur1:AEYP01117021	AEYP01117021		AEYP01117021.1		
musFur1:AEYP01117022	AEYP01117022		AEYP01117022.1		
musFur1:AEYP01117023	AEYP01117023		AEYP01117023.1		
musFur1:AEYP01117024	AEYP01117024		AEYP01117024.1		
musFur1:AEYP01117025	AEYP01117025		AEYP01117025.1		
musFur1:AEYP01117026	AEYP01117026		AEYP01117026.1		
musFur1:AEYP01117027	AEYP01117027		AEYP01117027.1		
musFur1:AEYP01117028	AEYP01117028		AEYP01117028.1		
musFur1:AEYP01117029	AEYP01117029		AEYP01117029.1		
musFur1:AEYP01117030	AEYP01117030		AEYP01117030.1		
musFur1:AEYP01117031	AEYP01117031		AEYP01117031.1		
musFur1:AEYP01117032	AEYP01117032		AEYP01117032.1		
musFur1:AEYP01117033	AEYP01117033		AEYP01117033.1		
musFur1:AEYP01117034	AEYP01117034		AEYP01117034.1		
musFur1:AEYP01117035	AEYP01117035		AEYP01117035.1		
musFur1:AEYP01117036	AEYP01117036		AEYP01117036.1		
musFur1:AEYP01117037	AEYP01117037		AEYP01117037.1		
musFur1:AEYP01117038	AEYP01117038		AEYP01117038.1		
musFur1:AEYP01117039	AEYP01117039		AEYP01117039.1		
musFur1:AEYP01117040	AEYP01117040		AEYP01117040.1		
musFur1:AEYP01117041	AEYP01117041		AEYP01117041.1		
musFur1:AEYP01117042	AEYP01117042		AEYP01117042.1		
musFur1:AEYP01117043	AEYP01117043		AEYP01117043.1		
musFur1:AEYP01117044	AEYP01117044		AEYP01117044.1		
musFur1:AEYP01117045	AEYP01117045		AEYP01117045.1		
musFur1:AEYP01117046	AEYP01117046		AEYP01117046.1		
musFur1:AEYP01117047	AEYP01117047		AEYP01117047.1		
musFur1:AEYP01117048	AEYP01117048		AEYP01117048.1		
musFur1:AEYP01117049	AEYP01117049		AEYP01117049.1		
musFur1:AEYP01117050	AEYP01117050		AEYP01117050.1		
musFur1:AEYP01117051	AEYP01117051		AEYP01117051.1		
musFur1:AEYP01117052	AEYP01117052		AEYP01117052.1		
musFur1:AEYP01117053	AEYP01117053		AEYP01117053.1		
musFur1:AEYP01117054	AEYP01117054		AEYP01117054.1		
musFur1:AEYP01117055	AEYP01117055		AEYP01117055.1		
musFur1:AEYP01117056	AEYP01117056		AEYP01117056.1		
musFur1:AEYP01117057	AEYP01117057		AEYP01117057.1		
musFur1:AEYP01117058	AEYP01117058		AEYP01117058.1		
musFur1:AEYP01117059	AEYP01117059		AEYP01117059.1		
musFur1:AEYP01117060	AEYP01117060		AEYP01117060.1		
musFur1:AEYP01117061	AEYP01117061		AEYP01117061.1		
musFur1:AEYP01117062	AEYP01117062		AEYP01117062.1		
musFur1:AEYP01117063	AEYP01117063		AEYP01117063.1		
musFur1:AEYP01117064	AEYP01117064		AEYP01117064.1		
musFur1:AEYP01117065	AEYP01117065		AEYP01117065.1		
musFur1:AEYP01117066	AEYP01117066		AEYP01117066.1		
musFur1:AEYP01117067	AEYP01117067		AEYP01117067.1		
musFur1:AEYP01117068	AEYP01117068		AEYP01117068.1		
musFur1:AEYP01117069	AEYP01117069		AEYP01117069.1		
musFur1:AEYP01117070	AEYP01117070		AEYP01117070.1		
musFur1:AEYP01117071	AEYP01117071		AEYP01117071.1		
musFur1:AEYP01117072	AEYP01117072		AEYP01117072.1		
musFur1:AEYP01117073	AEYP01117073		AEYP01117073.1		
musFur1:AEYP01117074	AEYP01117074		AEYP01117074.1		
musFur1:AEYP01117075	AEYP01117075		AEYP01117075.1		
musFur1:AEYP01117076	AEYP01117076		AEYP01117076.1		
musFur1:AEYP01117077	AEYP01117077		AEYP01117077.1		
musFur1:AEYP01117078	AEYP01117078		AEYP01117078.1		
musFur1:AEYP01117079	AEYP01117079		AEYP01117079.1		
musFur1:AEYP01117080	AEYP01117080		AEYP01117080.1		
musFur1:AEYP01117081	AEYP01117081		AEYP01117081.1		
musFur1:AEYP01117082	AEYP01117082		AEYP01117082.1		
musFur1:AEYP01117083	AEYP01117083		AEYP01117083.1		
musFur1:AEYP01117084	AEYP01117084		AEYP01117084.1		
musFur1:AEYP01117085	AEYP01117085		AEYP01117085.1		
musFur1:AEYP01117086	AEYP01117086		AEYP01117086.1		
musFur1:AEYP01117087	AEYP01117087		AEYP01117087.1		
musFur1:AEYP01117088	AEYP01117088		AEYP01117088.1		
musFur1:AEYP01117089	AEYP01117089		AEYP01117089.1		
musFur1:AEYP01117090	AEYP01117090		AEYP01117090.1		
musFur1:AEYP01117091	AEYP01117091		AEYP01117091.1		
musFur1:AEYP01117092	AEYP01117092		AEYP01117092.1		
musFur1:AEYP01117093	AEYP01117093		AEYP01117093.1		
musFur1:AEYP01117094	AEYP01117094		AEYP01117094.1		
musFur1:AEYP01117095	AEYP01117095		AEYP01117095.1		
musFur1:AEYP01117096	AEYP01117096		AEYP01117096.1		
musFur1:AEYP01117097	AEYP01117097		AEYP01117097.1		
musFur1:AEYP01117098	AEYP01117098		AEYP01117098.1		
musFur1:AEYP01117099	AEYP01117099		AEYP01117099.1		
musFur1:AEYP01117100	AEYP01117100		AEYP01117100.1		
musFur1:AEYP01117101	AEYP01117101		AEYP01117101.1		
musFur1:AEYP01117102	AEYP01117102		AEYP01117102.1		
musFur1:AEYP01117103	AEYP01117103		AEYP01117103.1		
musFur1:AEYP01117104	AEYP01117104		AEYP01117104.1		
musFur1:AEYP01117105	AEYP01117105		AEYP01117105.1		
musFur1:AEYP01117106	AEYP01117106		AEYP01117106.1		
musFur1:AEYP01117107	AEYP01117107		AEYP01117107.1		
musFur1:AEYP01117108	AEYP01117108		AEYP01117108.1		
musFur1:AEYP01117109	AEYP01117109		AEYP01117109.1		
musFur1:AEYP01117110	AEYP01117110		AEYP01117110.1		
musFur1:AEYP01117111	AEYP01117111		AEYP01117111.1		
musFur1:AEYP01117112	AEYP01117112		AEYP01117112.1		
musFur1:AEYP01117113	AEYP01117113		AEYP01117113.1		
musFur1:AEYP01117114	AEYP01117114		AEYP01117114.1		
musFur1:AEYP01117115	AEYP01117115		AEYP01117115.1		
musFur1:AEYP01117116	AEYP01117116		AEYP01117116.1		
musFur1:AEYP01117117	AEYP01117117		AEYP01117117.1		
musFur1:AEYP01117118	AEYP01117118		AEYP01117118.1		
musFur1:AEYP01117119	AEYP01117119		AEYP01117119.1		
musFur1:AEYP01117120	AEYP01117120		AEYP01117120.1		
musFur1:AEYP01117121	AEYP01117121		AEYP01117121.1		
musFur1:AEYP01117122	AEYP01117122		AEYP01117122.1		
musFur1:AEYP01117123	AEYP01117123		AEYP01117123.1		
musFur1:AEYP01117124	AEYP01117124		AEYP01117124.1		
musFur1:AEYP01117125	AEYP01117125		AEYP01117125.1		
musFur1:AEYP01117126	AEYP01117126		AEYP01117126.1		
musFur1:AEYP01117127	AEYP01117127		AEYP01117127.1		
musFur1:AEYP01117128	AEYP01117128		AEYP01117128.1		
musFur1:AEYP01117129	AEYP01117129		AEYP01117129.1		
musFur1:AEYP01117130	AEYP01117130		AEYP01117130.1		
musFur1:AEYP01117131	AEYP01117131		AEYP01117131.1		
musFur1:AEYP01117132	AEYP01117132		AEYP01117132.1		
musFur1:AEYP01117133	AEYP01117133		AEYP01117133.1		
musFur1:AEYP01117134	AEYP01117134		AEYP01117134.1		
musFur1:AEYP01117135	AEYP01117135		AEYP01117135.1		
musFur1:AEYP01117136	AEYP01117136		AEYP01117136.1		
musFur1:AEYP01117137	AEYP01117137		AEYP01117137.1		
musFur1:AEYP01117138	AEYP01117138		AEYP01117138.1		
musFur1:AEYP01117139	AEYP01117139		AEYP01117139.1		
musFur1:AEYP01117140	AEYP01117140		AEYP01117140.1		
musFur1:AEYP01117141	AEYP01117141		AEYP01117141.1		
musFur1:AEYP01117142	AEYP01117142		AEYP01117142.1		
musFur1:AEYP01117143	AEYP01117143		AEYP01117143.1		
musFur1:AEYP01117144	AEYP01117144		AEYP01117144.1		
musFur1:AEYP01117145	AEYP01117145		AEYP01117145.1		
musFur1:AEYP01117146	AEYP01117146		AEYP01117146.1		
musFur1:AEYP01117147	AEYP01117147		AEYP01117147.1		
musFur1:AEYP01117148	AEYP01117148		AEYP01117148.1		
musFur1:AEYP01117149	AEYP01117149		AEYP01117149.1		
musFur1:AEYP01117150	AEYP01117150		AEYP01117150.1		
musFur1:AEYP01117151	AEYP01117151		AEYP01117151.1		
musFur1:AEYP01117152	AEYP01117152		AEYP01117152.1		
musFur1:AEYP01117153	AEYP01117153		AEYP01117153.1		
musFur1:AEYP01117154	AEYP01117154		AEYP01117154.1		
musFur1:AEYP01117155	AEYP01117155		AEYP01117155.1		
musFur1:AEYP01117156	AEYP01117156		AEYP01117156.1		
musFur1:AEYP01117157	AEYP01117157		AEYP01117157.1		
musFur1:AEYP01117158	AEYP01117158		AEYP01117158.1		
musFur1:AEYP01117159	AEYP01117159		AEYP01117159.1		
musFur1:AEYP01117160	AEYP01117160		AEYP01117160.1		
musFur1:AEYP01117161	AEYP01117161		AEYP01117161.1		
musFur1:AEYP01117162	AEYP01117162		AEYP01117162.1		
musFur1:AEYP01117163	AEYP01117163		AEYP01117163.1		
musFur1:AEYP01117164	AEYP01117164		AEYP01117164.1		
musFur1:AEYP01117165	AEYP01117165		AEYP01117165.1		
musFur1:AEYP01117166	AEYP01117166		AEYP01117166.1		
musFur1:AEYP01117167	AEYP01117167		AEYP01117167.1		
musFur1:AEYP01117168	AEYP01117168		AEYP01117168.1		
musFur1:AEYP01117169	AEYP01117169		AEYP01117169.1		
musFur1:AEYP01117170	AEYP01117170		AEYP01117170.1		
musFur1:AEYP01117171	AEYP01117171		AEYP01117171.1		
musFur1:AEYP01117172	AEYP01117172		AEYP01117172.1		
musFur1:AEYP01117173	AEYP01117173		AEYP01117173.1		
musFur1:AEYP01117174	AEYP01117174		AEYP01117174.1		
musFur1:AEYP01117175	AEYP01117175		AEYP01117175.1		
musFur1:AEYP01117176	AEYP01117176		AEYP01117176.1		
musFur1:AEYP01117177	AEYP01117177		AEYP01117177.1		
musFur1:AEYP01117178	AEYP01117178		AEYP01117178.1		
musFur1:AEYP01117179	AEYP01117179		AEYP01117179.1		
musFur1:AEYP01117180	AEYP01117180		AEYP01117180.1		
musFur1:AEYP01117181	AEYP01117181		AEYP01117181.1		
musFur1:AEYP01117182	AEYP01117182		AEYP01117182.1		
musFur1:AEYP01117183	AEYP01117183		AEYP01117183.1		
musFur1:AEYP01117184	AEYP01117184		AEYP01117184.1		
musFur1:AEYP01117185	AEYP01117185		AEYP01117185.1		
musFur1:AEYP01117186	AEYP01117186		AEYP01117186.1		
musFur1:AEYP01117187	AEYP01117187		AEYP01117187.1		
musFur1:AEYP01117188	AEYP01117188		AEYP01117188.1		
musFur1:AEYP01117189	AEYP01117189		AEYP01117189.1		
musFur1:AEYP01117190	AEYP01117190		AEYP01117190.1		
musFur1:AEYP01117191	AEYP01117191		AEYP01117191.1		
musFur1:AEYP01117192	AEYP01117192		AEYP01117192.1		
musFur1:AEYP01117193	AEYP01117193		AEYP01117193.1		
musFur1:AEYP01117194	AEYP01117194		AEYP01117194.1		
musFur1:AEYP01117195	AEYP01117195		AEYP01117195.1		
musFur1:AEYP01117196	AEYP01117196		AEYP01117196.1		
musFur1:AEYP01117197	AEYP01117197		AEYP01117197.1		
musFur1:AEYP01117198	AEYP01117198		AEYP01117198.1		
musFur1:AEYP01117199	AEYP01117199		AEYP01117199.1		
musFur1:AEYP01117200	AEYP01117200		AEYP01117200.1		
musFur1:AEYP01117201	AEYP01117201		AEYP01117201.1		
musFur1:AEYP01117202	AEYP01117202		AEYP01117202.1		
musFur1:AEYP01117203	AEYP01117203		AEYP01117203.1		
musFur1:AEYP01117204	AEYP01117204		AEYP01117204.1		
musFur1:AEYP01117205	AEYP01117205		AEYP01117205.1		
musFur1:AEYP01117206	AEYP01117206		AEYP01117206.1		
musFur1:AEYP01117207	AEYP01117207		AEYP01117207.1		
musFur1:AEYP01117208	AEYP01117208		AEYP01117208.1		
musFur1:AEYP01117209	AEYP01117209		AEYP01117209.1		
musFur1:AEYP01117210	AEYP01117210		AEYP01117210.1		
musFur1:AEYP01117211	AEYP01117211		AEYP01117211.1		
musFur1:AEYP01117212	AEYP01117212		AEYP01117212.1		
musFur1:AEYP01117213	AEYP01117213		AEYP01117213.1		
musFur1:AEYP01117214	AEYP01117214		AEYP01117214.1		
musFur1:AEYP01117215	AEYP01117215		AEYP01117215.1		
musFur1:AEYP01117216	AEYP01117216		AEYP01117216.1		
musFur1:AEYP01117217	AEYP01117217		AEYP01117217.1		
musFur1:AEYP01117218	AEYP01117218		AEYP01117218.1		
musFur1:AEYP01117219	AEYP01117219		AEYP01117219.1		
musFur1:AEYP01117220	AEYP01117220		AEYP01117220.1		
musFur1:AEYP01117221	AEYP01117221		AEYP01117221.1		
musFur1:AEYP01117222	AEYP01117222		AEYP01117222.1		
musFur1:AEYP01117223	AEYP01117223		AEYP01117223.1		
musFur1:AEYP01117224	AEYP01117224		AEYP01117224.1		
musFur1:AEYP01117225	AEYP01117225		AEYP01117225.1		
musFur1:AEYP01117226	AEYP01117226		AEYP01117226.1		
musFur1:AEYP01117227	AEYP01117227		AEYP01117227.1		
musFur1:AEYP01117228	AEYP01117228		AEYP01117228.1		
musFur1:AEYP01117229	AEYP01117229		AEYP01117229.1		
musFur1:AEYP01117230	AEYP01117230		AEYP01117230.1		
musFur1:AEYP01117231	AEYP01117231		AEYP01117231.1		
musFur1:AEYP01117232	AEYP01117232		AEYP01117232.1		
musFur1:AEYP01117233	AEYP01117233		AEYP01117233.1		
musFur1:AEYP01117234	AEYP01117234		AEYP01117234.1		
musFur1:AEYP01117235	AEYP01117235		AEYP01117235.1		
musFur1:AEYP01117236	AEYP01117236		AEYP01117236.1		
musFur1:AEYP01117237	AEYP01117237		AEYP01117237.1		
musFur1:AEYP01117238	AEYP01117238		AEYP01117238.1		
musFur1:AEYP01117239	AEYP01117239		AEYP01117239.1		
musFur1:AEYP01117240	AEYP01117240		AEYP01117240.1		
musFur1:AEYP01117241	AEYP01117241		AEYP01117241.1		
musFur1:AEYP01117242	AEYP01117242		AEYP01117242.1		
musFur1:AEYP01117243	AEYP01117243		AEYP01117243.1		
musFur1:AEYP01117244	AEYP01117244		AEYP01117244.1		
musFur1:AEYP01117245	AEYP01117245		AEYP01117245.1		
musFur1:AEYP01117246	AEYP01117246		AEYP01117246.1		
musFur1:AEYP01117247	AEYP01117247		AEYP01117247.1		
musFur1:AEYP01117248	AEYP01117248		AEYP01117248.1		
musFur1:AEYP01117249	AEYP01117249		AEYP01117249.1		
musFur1:AEYP01117250	AEYP01117250		AEYP01117250.1		
musFur1:AEYP01117251	AEYP01117251		AEYP01117251.1		
musFur1:AEYP01117252	AEYP01117252		AEYP01117252.1		
musFur1:AEYP01117253	AEYP01117253		AEYP01117253.1		
musFur1:AEYP01117254	AEYP01117254		AEYP01117254.1		
musFur1:AEYP01117255	AEYP01117255		AEYP01117255.1		
musFur1:AEYP01117256	AEYP01117256		AEYP01117256.1		
musFur1:AEYP01117257	AEYP01117257		AEYP01117257.1		
musFur1:AEYP01117258	AEYP01117258		AEYP01117258.1		
musFur1:AEYP01117259	AEYP01117259		AEYP01117259.1		
musFur1:AEYP01117260	AEYP01117260		AEYP01117260.1		
musFur1:AEYP01117261	AEYP01117261		AEYP01117261.1		
musFur1:AEYP01117262	AEYP01117262		AEYP01117262.1		
musFur1:AEYP01117263	AEYP01117263		AEYP01117263.1		
musFur1:AEYP01117264	AEYP01117264		AEYP01117264.1		
musFur1:AEYP01117265	AEYP01117265		AEYP01117265.1		
musFur1:AEYP01117266	AEYP01117266		AEYP01117266.1		
musFur1:AEYP01117267	AEYP01117267		AEYP01117267.1		
musFur1:AEYP01117268	AEYP01117268		AEYP01117268.1		
musFur1:AEYP01117269	AEYP01117269		AEYP01117269.1		
musFur1:AEYP01117270	AEYP01117270		AEYP01117270.1		
musFur1:AEYP01117271	AEYP01117271		AEYP01117271.1		
musFur1:AEYP01117272	AEYP01117272		AEYP01117272.1		
musFur1:AEYP01117273	AEYP01117273		AEYP01117273.1		
musFur1:AEYP01117274	AEYP01117274		AEYP01117274.1		
musFur1:AEYP01117275	AEYP01117275		AEYP01117275.1		
musFur1:AEYP01117276	AEYP01117276		AEYP01117276.1		
musFur1:AEYP01117277	AEYP01117277		AEYP01117277.1		
musFur1:AEYP01117278	AEYP01117278		AEYP01117278.1		
musFur1:AEYP01117279	AEYP01117279		AEYP01117279.1		
musFur1:AEYP01117280	AEYP01117280		AEYP01117280.1		
musFur1:AEYP01117281	AEYP01117281		AEYP01117281.1		
musFur1:AEYP01117282	AEYP01117282		AEYP01117282.1		
musFur1:AEYP01117283	AEYP01117283		AEYP01117283.1		
musFur1:AEYP01117284	AEYP01117284		AEYP01117284.1		
musFur1:AEYP01117285	AEYP01117285		AEYP01117285.1		
musFur1:AEYP01117286	AEYP01117286		AEYP01117286.1		
musFur1:AEYP01117287	AEYP01117287		AEYP01117287.1		
musFur1:AEYP01117288	AEYP01117288		AEYP01117288.1		
musFur1:AEYP01117289	AEYP01117289		AEYP01117289.1		
musFur1:AEYP01117290	AEYP01117290		AEYP01117290.1		
musFur1:AEYP01117291	AEYP01117291		AEYP01117291.1		
musFur1:AEYP01117292	AEYP01117292		AEYP01117292.1		
musFur1:AEYP01117293	AEYP01117293		AEYP01117293.1		
musFur1:AEYP01117294	AEYP01117294		AEYP01117294.1		
musFur1:AEYP01117295	AEYP01117295		AEYP01117295.1		
musFur1:AEYP01117296	AEYP01117296		AEYP01117296.1		
musFur1:AEYP01117297	AEYP01117297		AEYP01117297.1		
musFur1:AEYP01117298	AEYP01117298		AEYP01117298.1		
musFur1:AEYP01117299	AEYP01117299		AEYP01117299.1		
musFur1:AEYP01117300	AEYP01117300		AEYP01117300.1		
musFur1:AEYP01117301	AEYP01117301		AEYP01117301.1		
musFur1:AEYP01117302	AEYP01117302		AEYP01117302.1		
musFur1:AEYP01117303	AEYP01117303		AEYP01117303.1		
musFur1:AEYP01117304	AEYP01117304		AEYP01117304.1		
musFur1:AEYP01117305	AEYP01117305		AEYP01117305.1		
musFur1:AEYP01117306	AEYP01117306		AEYP01117306.1		
musFur1:AEYP01117307	AEYP01117307		AEYP01117307.1		
musFur1:AEYP01117308	AEYP01117308		AEYP01117308.1		
musFur1:AEYP01117309	AEYP01117309		AEYP01117309.1		
musFur1:AEYP01117310	AEYP01117310		AEYP01117310.1		
musFur1:AEYP01117311	AEYP01117311		AEYP01117311.1		
musFur1:AEYP01117312	AEYP01117312		AEYP01117312.1		
musFur1:AEYP01117313	AEYP01117313		AEYP01117313.1		
musFur1:AEYP01117314	AEYP01117314		AEYP01117314.1		
musFur1:AEYP01117315	AEYP01117315		AEYP01117315.1		
musFur1:AEYP01117316	AEYP01117316		AEYP01117316.1		
musFur1:AEYP01117317	AEYP01117317		AEYP01117317.1		
musFur1:AEYP01117318	AEYP01117318		AEYP01117318.1		
musFur1:AEYP01117319	AEYP01117319		AEYP01117319.1		
musFur1:AEYP01117320	AEYP01117320		AEYP01117320.1		
musFur1:AEYP01117321	AEYP01117321		AEYP01117321.1		
musFur1:AEYP01117322	AEYP01117322		AEYP01117322.1		
musFur1:AEYP01117323	AEYP01117323		AEYP01117323.1		
musFur1:AEYP01117324	AEYP01117324		AEYP01117324.1		
musFur1:AEYP01117325	AEYP01117325		AEYP01117325.1		
musFur1:AEYP01117326	AEYP01117326		AEYP01117326.1		
musFur1:AEYP01117327	AEYP01117327		AEYP01117327.1		
musFur1:AEYP01117328	AEYP01117328		AEYP01117328.1		
musFur1:AEYP01117329	AEYP01117329		AEYP01117329.1		
musFur1:AEYP01117330	AEYP01117330		AEYP01117330.1		
musFur1:AEYP01117331	AEYP01117331		AEYP01117331.1		
musFur1:AEYP01117332	AEYP01117332		AEYP01117332.1		
musFur1:AEYP01117333	AEYP01117333		AEYP01117333.1		
musFur1:AEYP01117334	AEYP01117334		AEYP01117334.1		
musFur1:AEYP01117335	AEYP01117335		AEYP01117335.1		
musFur1:AEYP01117336	AEYP01117336		AEYP01117336.1		
musFur1:AEYP01117337	AEYP01117337		AEYP01117337.1		
musFur1:AEYP01117338	AEYP01117338		AEYP01117338.1		
musFur1:AEYP01117339	AEYP01117339		AEYP01117339.1		
musFur1:AEYP01117340	AEYP01117340		AEYP01117340.1		
musFur1:AEYP01117341	AEYP01117341		AEYP01117341.1		
musFur1:AEYP01117342	AEYP01117342		AEYP01117342.1		
musFur1:AEYP01117343	AEYP01117343		AEYP01117343.1		
musFur1:AEYP01117344	AEYP01117344		AEYP01117344.1		
musFur1:AEYP01117345	AEYP01117345		AEYP01117345.1		
musFur1:AEYP01117346	AEYP01117346		AEYP01117346.1		
musFur1:AEYP01117347	AEYP01117347		AEYP01117347.1		
musFur1:AEYP01117348	AEYP01117348		AEYP01117348.1		
musFur1:AEYP01117349	AEYP01117349		AEYP01117349.1		
musFur1:AEYP01117350	AEYP01117350		AEYP01117350.1		
musFur1:AEYP01117351	AEYP01117351		AEYP01117351.1		
musFur1:AEYP01117352	AEYP01117352		AEYP01117352.1		
musFur1:AEYP01117353	AEYP01117353		AEYP01117353.1		
musFur1:AEYP01117354	AEYP01117354		AEYP01117354.1		
musFur1:AEYP01117355	AEYP01117355		AEYP01117355.1		
musFur1:AEYP01117356	AEYP01117356		AEYP01117356.1		
musFur1:AEYP01117357	AEYP01117357		AEYP01117357.1		
musFur1:AEYP01117358	AEYP01117358		AEYP01117358.1		
musFur1:AEYP01117359	AEYP01117359		AEYP01117359.1		
musFur1:AEYP01117360	AEYP01117360		AEYP01117360.1		
musFur1:AEYP01117361	AEYP01117361		AEYP01117361.1		
musFur1:AEYP01117362	AEYP01117362		AEYP01117362.1		
musFur1:AEYP01117363	AEYP01117363		AEYP01117363.1		
musFur1:AEYP01117364	AEYP01117364		AEYP01117364.1		
musFur1:AEYP01117365	AEYP01117365		AEYP01117365.1		
musFur1:AEYP01117366	AEYP01117366		AEYP01117366.1		
musFur1:AEYP01117367	AEYP01117367		AEYP01117367.1		
musFur1:AEYP01117368	AEYP01117368		AEYP01117368.1		
musFur1:AEYP01117369	AEYP01117369		AEYP01117369.1		
musFur1:AEYP01117370	AEYP01117370		AEYP01117370.1		
musFur1:AEYP01117371	AEYP01117371		AEYP01117371.1		
musFur1:AEYP01117372	AEYP01117372		AEYP01117372.1		
musFur1:AEYP01117373	AEYP01117373		AEYP01117373.1		
musFur1:AEYP01117374	AEYP01117374		AEYP01117374.1		
musFur1:AEYP01117375	AEYP01117375		AEYP01117375.1		
musFur1:AEYP01117376	AEYP01117376		AEYP01117376.1		
musFur1:AEYP01117377	AEYP01117377		AEYP01117377.1		
musFur1:AEYP01117378	AEYP01117378		AEYP01117378.1		
musFur1:AEYP01117379	AEYP01117379		AEYP01117379.1		
musFur1:AEYP01117380	AEYP01117380		AEYP01117380.1		
musFur1:AEYP01117381	AEYP01117381		AEYP01117381.1		
musFur1:AEYP01117382	AEYP01117382		AEYP01117382.1		
musFur1:AEYP01117383	AEYP01117383		AEYP01117383.1		
musFur1:AEYP01117384	AEYP01117384		AEYP01117384.1		
musFur1:AEYP01117385	AEYP01117385		AEYP01117385.1		
musFur1:AEYP01117386	AEYP01117386		AEYP01117386.1		
musFur1:AEYP01117387	AEYP01117387		AEYP01117387.1		
musFur1:AEYP01117388	AEYP01117388		AEYP01117388.1		
musFur1:AEYP01117389	AEYP01117389		AEYP01117389.1		
musFur1:AEYP01117390	AEYP01117390		AEYP01117390.1		
musFur1:AEYP01117391	AEYP01117391		AEYP01117391.1		
musFur1:AEYP01117392	AEYP01117392		AEYP01117392.1		
musFur1:AEYP01117393	AEYP01117393		AEYP01117393.1		
musFur1:AEYP01117394	AEYP01117394		AEYP01117394.1		
musFur1:AEYP01117395	AEYP01117395		AEYP01117395.1		
musFur1:AEYP01117396	AEYP01117396		AEYP01117396.1		
musFur1:AEYP01117397	AEYP01117397		AEYP01117397.1		
musFur1:AEYP01117398	AEYP01117398		AEYP01117398.1		
musFur1:AEYP01117399	AEYP01117399		AEYP01117399.1		
musFur1:AEYP01117400	AEYP01117400		AEYP01117400.1		
musFur1:AEYP01117401	AEYP01117401		AEYP01117401.1		
musFur1:AEYP01117402	AEYP01117402		AEYP01117402.1		
musFur1:AEYP01117403	AEYP01117403		AEYP01117403.1		
musFur1:AEYP01117404	AEYP01117404		AEYP01117404.1		
musFur1:AEYP01117405	AEYP01117405		AEYP01117405.1		
musFur1:AEYP01117406	AEYP01117406		AEYP01117406.1		
musFur1:AEYP01117407	AEYP01117407		AEYP01117407.1		
musFur1:AEYP01117408	AEYP01117408		AEYP01117408.1		
musFur1:AEYP01117409	AEYP01117409		AEYP01117409.1		
musFur1:AEYP01117410	AEYP01117410		AEYP01117410.1		
musFur1:AEYP01117411	AEYP01117411		AEYP01117411.1		
musFur1:AEYP01117412	AEYP01117412		AEYP01117412.1		
musFur1:AEYP01117413	AEYP01117413		AEYP01117413.1		
musFur1:AEYP01117414	AEYP01117414		AEYP01117414.1		
musFur1:AEYP01117415	AEYP01117415		AEYP01117415.1		
musFur1:AEYP01117416	AEYP01117416		AEYP01117416.1		
musFur1:AEYP01117417	AEYP01117417		AEYP01117417.1		
musFur1:AEYP01117418	AEYP01117418		AEYP01117418.1		
musFur1:AEYP01117419	AEYP01117419		AEYP01117419.1		
musFur1:AEYP01117420	AEYP01117420		AEYP01117420.1		
musFur1:AEYP01117421	AEYP01117421		AEYP01117421.1		
musFur1:AEYP01117422	AEYP01117422		AEYP01117422.1		
musFur1:AEYP01117423	AEYP01117423		AEYP01117423.1		
musFur1:AEYP01117424	AEYP01117424		AEYP01117424.1		
musFur1:AEYP01117425	AEYP01117425		AEYP01117425.1		
musFur1:AEYP01117426	AEYP01117426		AEYP01117426.1		
musFur1:AEYP01117427	AEYP01117427		AEYP01117427.1		
musFur1:AEYP01117428	AEYP01117428		AEYP01117428.1		
musFur1:AEYP01117429	AEYP01117429		AEYP01117429.1		
musFur1:AEYP01117430	AEYP01117430		AEYP01117430.1		
musFur1:AEYP01117431	AEYP01117431		AEYP01117431.1		
musFur1:AEYP01117432	AEYP01117432		AEYP01117432.1		
musFur1:AEYP01117433	AEYP01117433		AEYP01117433.1		
musFur1:AEYP01117434	AEYP01117434		AEYP01117434.1		
musFur1:AEYP01117435	AEYP01117435		AEYP01117435.1		
musFur1:AEYP01117436	AEYP01117436		AEYP01117436.1		
musFur1:AEYP01117437	AEYP01117437		AEYP01117437.1		
musFur1:AEYP01117438	AEYP01117438		AEYP01117438.1		
musFur1:AEYP01117439	AEYP01117439		AEYP01117439.1		
musFur1:AEYP01117440	AEYP01117440		AEYP01117440.1		
musFur1:AEYP01117441	AEYP01117441		AEYP01117441.1		
musFur1:AEYP01117442	AEYP01117442		AEYP01117442.1		
musFur1:AEYP01117443	AEYP01117443		AEYP01117443.1		
musFur1:AEYP01117444	AEYP01117444		AEYP01117444.1		
musFur1:AEYP01117445	AEYP01117445		AEYP01117445.1		
musFur1:AEYP01117446	AEYP01117446		AEYP01117446.1		
musFur1:AEYP01117447	AEYP01117447		AEYP01117447.1		
musFur1:AEYP01117448	AEYP01117448		AEYP01117448.1		
musFur1:AEYP01117449	AEYP01117449		AEYP01117449.1		
musFur1:AEYP01117450	AEYP01117450		AEYP01117450.1		
musFur1:AEYP01117451	AEYP01117451		AEYP01117451.1		
musFur1:AEYP01117452	AEYP01117452		AEYP01117452.1		
musFur1:AEYP01117453	AEYP01117453		AEYP01117453.1		
musFur1:AEYP01117454	AEYP01117454		AEYP01117454.1		
musFur1:AEYP01117455	AEYP01117455		AEYP01117455.1		
musFur1:AEYP01117456	AEYP01117456		AEYP01117456.1		
musFur1:AEYP01117457	AEYP01117457		AEYP01117457.1		
musFur1:AEYP01117458	AEYP01117458		AEYP01117458.1		
musFur1:AEYP01117459	AEYP01117459		AEYP01117459.1		
musFur1:AEYP01117460	AEYP01117460		AEYP01117460.1		
musFur1:AEYP01117461	AEYP01117461		AEYP01117461.1		
musFur1:AEYP01117462	AEYP01117462		AEYP01117462.1		
musFur1:AEYP01117463	AEYP01117463		AEYP01117463.1		
musFur1:AEYP01117464	AEYP01117464		AEYP01117464.1		
musFur1:AEYP01117465	AEYP01117465		AEYP01117465.1		
musFur1:AEYP01117466	AEYP01117466		AEYP01117466.1		
musFur1:AEYP01117467	AEYP01117467		AEYP01117467.1		
musFur1:AEYP01117468	AEYP01117468		AEYP01117468.1		
musFur1:AEYP01117469	AEYP01117469		AEYP01117469.1		
musFur1:AEYP01117470	AEYP01117470		AEYP01117470.1		
musFur1:AEYP01117471	AEYP01117471		AEYP01117471.1		
musFur1:AEYP01117472	AEYP01117472		AEYP01117472.1		
musFur1:AEYP01117473	AEYP01117473		AEYP01117473.1		
musFur1:AEYP01117474	AEYP01117474		AEYP01117474.1		
musFur1:AEYP01117475	AEYP01117475		AEYP01117475.1		
musFur1:AEYP01117476	AEYP01117476		AEYP01117476.1		
musFur1:AEYP01117477	AEYP01117477		AEYP01117477.1		
musFur1:AEYP01117478	AEYP01117478		AEYP01117478.1		
musFur1:AEYP01117479	AEYP01117479		AEYP01117479.1		
musFur1:GL896898	GL896898		GL896898.1		
musFur1:GL896899	GL896899		GL896899.1		
musFur1:GL896900	GL896900		GL896900.1		
musFur1:GL896901	GL896901		GL896901.1		
musFur1:GL896902	GL896902		GL896902.1		
musFur1:GL896903	GL896903		GL896903.1		
musFur1:GL896904	GL896904		GL896904.1		
musFur1:GL896905	GL896905		GL896905.1		
musFur1:GL896906	GL896906		GL896906.1		
musFur1:GL896907	GL896907		GL896907.1		
musFur1:GL896908	GL896908		GL896908.1		
musFur1:GL896909	GL896909		GL896909.1		
musFur1:GL896910	GL896910		GL896910.1		
musFur1:GL896911	GL896911		GL896911.1		
musFur1:GL896912	GL896912		GL896912.1		
musFur1:GL896913	GL896913		GL896913.1		
musFur1:GL896914	GL896914		GL896914.1		
musFur1:GL896915	GL896915		GL896915.1		
musFur1:GL896916	GL896916		GL896916.1		
musFur1:GL896917	GL896917		GL896917.1		
musFur1:GL896918	GL896918		GL896918.1		
musFur1:GL896919	GL896919		GL896919.1		
musFur1:GL896920	GL896920		GL896920.1		
musFur1:GL896921	GL896921		GL896921.1		
musFur1:GL896922	GL896922		GL896922.1		
musFur1:GL896923	GL896923		GL896923.1		
musFur1:GL896924	GL896924		GL896924.1		
musFur1:GL896925	GL896925		GL896925.1		
musFur1:GL896926	GL896926		GL896926.1		
musFur1:GL896927	GL896927		GL896927.1		
musFur1:GL896928	GL896928		GL896928.1		
musFur1:GL896929	GL896929		GL896929.1		
musFur1:GL896930	GL896930		GL896930.1		
musFur1:GL896931	GL896931		GL896931.1		
musFur1:GL896932	GL896932		GL896932.1		
musFur1:GL896933	GL896933		GL896933.1		
musFur1:GL896934	GL896934		GL896934.1		
musFur1:GL896935	GL896935		GL896935.1		
musFur1:GL896936	GL896936		GL896936.1		
musFur1:GL896937	GL896937		GL896937.1		
musFur1:GL896938	GL896938		GL896938.1		
musFur1:GL896939	GL896939		GL896939.1		
musFur1:GL896940	GL896940		GL896940.1		
musFur1:GL896941	GL896941		GL896941.1		
musFur1:GL896942	GL896942		GL896942.1		
musFur1:GL896943	GL896943		GL896943.1		
musFur1:GL896944	GL896944		GL896944.1		
musFur1:GL896945	GL896945		GL896945.1		
musFur1:GL896946	GL896946		GL896946.1		
musFur1:GL896947	GL896947		GL896947.1		
musFur1:GL896948	GL896948		GL896948.1		
musFur1:GL896949	GL896949		GL896949.1		
musFur1:GL896950	GL896950		GL896950.1		
musFur1:GL896951	GL896951		GL896951.1		
musFur1:GL896952	GL896952		GL896952.1		
musFur1:GL896953	GL896953		GL896953.1		
musFur1:GL896954	GL896954		GL896954.1		
musFur1:GL896955	GL896955		GL896955.1		
musFur1:GL896956	GL896956		GL896956.1		
musFur1:GL896957	GL896957		GL896957.1		
musFur1:GL896958	GL896958		GL896958.1		
musFur1:GL896959	GL896959		GL896959.1		
musFur1:GL896960	GL896960		GL896960.1		
musFur1:GL896961	GL896961		GL896961.1		
musFur1:GL896962	GL896962		GL896962.1		
musFur1:GL896963	GL896963		GL896963.1		
musFur1:GL896964	GL896964		GL896964.1		
musFur1:GL896965	GL896965		GL896965.1		
musFur1:GL896966	GL896966		GL896966.1		
musFur1:GL896967	GL896967		GL896967.1		
musFur1:GL896968	GL896968		GL896968.1		
musFur1:GL896969	GL896969		GL896969.1		
musFur1:GL896970	GL896970		GL896970.1		
musFur1:GL896971	GL896971		GL896971.1		
musFur1:GL896972	GL896972		GL896972.1		
musFur1:GL896973	GL896973		GL896973.1		
musFur1:GL896974	GL896974		GL896974.1		
musFur1:GL896975	GL896975		GL896975.1		
musFur1:GL896976	GL896976		GL896976.1		
musFur1:GL896977	GL896977		GL896977.1		
musFur1:GL896978	GL896978		GL896978.1		
musFur1:GL896979	GL896979		GL896979.1		
musFur1:GL896980	GL896980		GL896980.1		
musFur1:GL896981	GL896981		GL896981.1		
musFur1:GL896982	GL896982		GL896982.1		
musFur1:GL896983	GL896983		GL896983.1		
musFur1:GL896984	GL896984		GL896984.1		
musFur1:GL896985	GL896985		GL896985.1		
musFur1:GL896986	GL896986		GL896986.1		
musFur1:GL896987	GL896987		GL896987.1		
musFur1:GL896988	GL896988		GL896988.1		
musFur1:GL896989	GL896989		GL896989.1		
musFur1:GL896990	GL896990		GL896990.1		
musFur1:GL896991	GL896991		GL896991.1		
musFur1:GL896992	GL896992		GL896992.1		
musFur1:GL896993	GL896993		GL896993.1		
musFur1:GL896994	GL896994		GL896994.1		
musFur1:GL896995	GL896995		GL896995.1		
musFur1:GL896996	GL896996		GL896996.1		
musFur1:GL896997	GL896997		GL896997.1		
musFur1:GL896998	GL896998		GL896998.1		
musFur1:GL896999	GL896999		GL896999.1		
musFur1:GL897000	GL897000		GL897000.1		
musFur1:GL897001	GL897001		GL897001.1		
musFur1:GL897002	GL897002		GL897002.1		
musFur1:GL897003	GL897003		GL897003.1		
musFur1:GL897004	GL897004		GL897004.1		
musFur1:GL897005	GL897005		GL897005.1		
musFur1:GL897006	GL897006		GL897006.1		
musFur1:GL897007	GL897007		GL897007.1		
musFur1:GL897008	GL897008		GL897008.1		
musFur1:GL897009	GL897009		GL897009.1		
musFur1:GL897010	GL897010		GL897010.1		
musFur1:GL897011	GL897011		GL897011.1		
musFur1:GL897012	GL897012		GL897012.1		
musFur1:GL897013	GL897013		GL897013.1		
musFur1:GL897014	GL897014		GL897014.1		
musFur1:GL897015	GL897015		GL897015.1		
musFur1:GL897016	GL897016		GL897016.1		
musFur1:GL897017	GL897017		GL897017.1		
musFur1:GL897018	GL897018		GL897018.1		
musFur1:GL897019	GL897019		GL897019.1		
musFur1:GL897020	GL897020		GL897020.1		
musFur1:GL897021	GL897021		GL897021.1		
musFur1:GL897022	GL897022		GL897022.1		
musFur1:GL897023	GL897023		GL897023.1		
musFur1:GL897024	GL897024		GL897024.1		
musFur1:GL897025	GL897025		GL897025.1		
musFur1:GL897026	GL897026		GL897026.1		
musFur1:GL897027	GL897027		GL897027.1		
musFur1:GL897028	GL897028		GL897028.1		
musFur1:GL897029	GL897029		GL897029.1		
musFur1:GL897030	GL897030		GL897030.1		
musFur1:GL897031	GL897031		GL897031.1		
musFur1:GL897032	GL897032		GL897032.1		
musFur1:GL897033	GL897033		GL897033.1		
musFur1:GL897034	GL897034		GL897034.1		
musFur1:GL897035	GL897035		GL897035.1		
musFur1:GL897036	GL897036		GL897036.1		
musFur1:GL897037	GL897037		GL897037.1		
musFur1:GL897038	GL897038		GL897038.1		
musFur1:GL897039	GL897039		GL897039.1		
musFur1:GL897040	GL897040		GL897040.1		
musFur1:GL897041	GL897041		GL897041.1		
musFur1:GL897042	GL897042		GL897042.1		
musFur1:GL897043	GL897043		GL897043.1		
musFur1:GL897044	GL897044		GL897044.1		
musFur1:GL897045	GL897045		GL897045.1		
musFur1:GL897046	GL897046		GL897046.1		
musFur1:GL897047	GL897047		GL897047.1		
musFur1:GL897048	GL897048		GL897048.1		
musFur1:GL897049	GL897049		GL897049.1		
musFur1:GL897050	GL897050		GL897050.1		
musFur1:GL897051	GL897051		GL897051.1		
musFur1:GL897052	GL897052		GL897052.1		
musFur1:GL897053	GL897053		GL897053.1		
musFur1:GL897054	GL897054		GL897054.1		
musFur1:GL897055	GL897055		GL897055.1		
musFur1:GL897056	GL897056		GL897056.1		
musFur1:GL897057	GL897057		GL897057.1		
musFur1:GL897058	GL897058		GL897058.1		
musFur1:GL897059	GL897059		GL897059.1		
musFur1:GL897060	GL897060		GL897060.1		
musFur1:GL897061	GL897061		GL897061.1		
musFur1:GL897062	GL897062		GL897062.1		
musFur1:GL897063	GL897063		GL897063.1		
musFur1:GL897064	GL897064		GL897064.1		
musFur1:GL897065	GL897065		GL897065.1		
musFur1:GL897066	GL897066		GL897066.1		
musFur1:GL897067	GL897067		GL897067.1		
musFur1:GL897068	GL897068		GL897068.1		
musFur1:GL897069	GL897069		GL897069.1		
musFur1:GL897070	GL897070		GL897070.1		
musFur1:GL897071	GL897071		GL897071.1		
musFur1:GL897072	GL897072		GL897072.1		
musFur1:GL897073	GL897073		GL897073.1		
musFur1:GL897074	GL897074		GL897074.1		
musFur1:GL897075	GL897075		GL897075.1		
musFur1:GL897076	GL897076		GL897076.1		
musFur1:GL897077	GL897077		GL897077.1		
musFur1:GL897078	GL897078		GL897078.1		
musFur1:GL897079	GL897079		GL897079.1		
musFur1:GL897080	GL897080		GL897080.1		
musFur1:GL897081	GL897081		GL897081.1		
musFur1:GL897082	GL897082		GL897082.1		
musFur1:GL897083	GL897083		GL897083.1		
musFur1:GL897084	GL897084		GL897084.1		
musFur1:GL897085	GL897085		GL897085.1		
musFur1:GL897086	GL897086		GL897086.1		
musFur1:GL897087	GL897087		GL897087.1		
musFur1:GL897088	GL897088		GL897088.1		
musFur1:GL897089	GL897089		GL897089.1		
musFur1:GL897090	GL897090		GL897090.1		
musFur1:GL897091	GL897091		GL897091.1		
musFur1:GL897092	GL897092		GL897092.1		
musFur1:GL897093	GL897093		GL897093.1		
musFur1:GL897094	GL897094		GL897094.1		
musFur1:GL897095	GL897095		GL897095.1		
musFur1:GL897096	GL897096		GL897096.1		
musFur1:GL897097	GL897097		GL897097.1		
musFur1:GL897098	GL897098		GL897098.1		
musFur1:GL897099	GL897099		GL897099.1		
musFur1:GL897100	GL897100		GL897100.1		
musFur1:GL897101	GL897101		GL897101.1		
musFur1:GL897102	GL897102		GL897102.1		
musFur1:GL897103	GL897103		GL897103.1		
musFur1:GL897104	GL897104		GL897104.1		
musFur1:GL897105	GL897105		GL897105.1		
musFur1:GL897106	GL897106		GL897106.1		
musFur1:GL897107	GL897107		GL897107.1		
musFur1:GL897108	GL897108		GL897108.1		
musFur1:GL897109	GL897109		GL897109.1		
musFur1:GL897110	GL897110		GL897110.1		
musFur1:GL897111	GL897111		GL897111.1		
musFur1:GL897112	GL897112		GL897112.1		
musFur1:GL897113	GL897113		GL897113.1		
musFur1:GL897114	GL897114		GL897114.1		
musFur1:GL897115	GL897115		GL897115.1		
musFur1:GL897116	GL897116		GL897116.1		
musFur1:GL897117	GL897117		GL897117.1		
musFur1:GL897118	GL897118		GL897118.1		
musFur1:GL897119	GL897119		GL897119.1		
musFur1:GL897120	GL897120		GL897120.1		
musFur1:GL897121	GL897121		GL897121.1		
musFur1:GL897122	GL897122		GL897122.1		
musFur1:GL897123	GL897123		GL897123.1		
musFur1:GL897124	GL897124		GL897124.1		
musFur1:GL897125	GL897125		GL897125.1		
musFur1:GL897126	GL897126		GL897126.1		
musFur1:GL897127	GL897127		GL897127.1		
musFur1:GL897128	GL897128		GL897128.1		
musFur1:GL897129	GL897129		GL897129.1		
musFur1:GL897130	GL897130		GL897130.1		
musFur1:GL897131	GL897131		GL897131.1		
musFur1:GL897132	GL897132		GL897132.1		
musFur1:GL897133	GL897133		GL897133.1		
musFur1:GL897134	GL897134		GL897134.1		
musFur1:GL897135	GL897135		GL897135.1		
musFur1:GL897136	GL897136		GL897136.1		
musFur1:GL897137	GL897137		GL897137.1		
musFur1:GL897138	GL897138		GL897138.1		
musFur1:GL897139	GL897139		GL897139.1		
musFur1:GL897140	GL897140		GL897140.1		
musFur1:GL897141	GL897141		GL897141.1		
musFur1:GL897142	GL897142		GL897142.1		
musFur1:GL897143	GL897143		GL897143.1		
musFur1:GL897144	GL897144		GL897144.1		
musFur1:GL897145	GL897145		GL897145.1		
musFur1:GL897146	GL897146		GL897146.1		
musFur1:GL897147	GL897147		GL897147.1		
musFur1:GL897148	GL897148		GL897148.1		
musFur1:GL897149	GL897149		GL897149.1		
musFur1:GL897150	GL897150		GL897150.1		
musFur1:GL897151	GL897151		GL897151.1		
musFur1:GL897152	GL897152		GL897152.1		
musFur1:GL897153	GL897153		GL897153.1		
musFur1:GL897154	GL897154		GL897154.1		
musFur1:GL897155	GL897155		GL897155.1		
musFur1:GL897156	GL897156		GL897156.1		
musFur1:GL897157	GL897157		GL897157.1		
musFur1:GL897158	GL897158		GL897158.1		
musFur1:GL897159	GL897159		GL897159.1		
musFur1:GL897160	GL897160		GL897160.1		
musFur1:GL897161	GL897161		GL897161.1		
musFur1:GL897162	GL897162		GL897162.1		
musFur1:GL897163	GL897163		GL897163.1		
musFur1:GL897164	GL897164		GL897164.1		
musFur1:GL897165	GL897165		GL897165.1		
musFur1:GL897166	GL897166		GL897166.1		
musFur1:GL897167	GL897167		GL897167.1		
musFur1:GL897168	GL897168		GL897168.1		
musFur1:GL897169	GL897169		GL897169.1		
musFur1:GL897170	GL897170		GL897170.1		
musFur1:GL897171	GL897171		GL897171.1		
musFur1:GL897172	GL897172		GL897172.1		
musFur1:GL897173	GL897173		GL897173.1		
musFur1:GL897174	GL897174		GL897174.1		
musFur1:GL897175	GL897175		GL897175.1		
musFur1:GL897176	GL897176		GL897176.1		
musFur1:GL897177	GL897177		GL897177.1		
musFur1:GL897178	GL897178		GL897178.1		
musFur1:GL897179	GL897179		GL897179.1		
musFur1:GL897180	GL897180		GL897180.1		
musFur1:GL897181	GL897181		GL897181.1		
musFur1:GL897182	GL897182		GL897182.1		
musFur1:GL897183	GL897183		GL897183.1		
musFur1:GL897184	GL897184		GL897184.1		
musFur1:GL897185	GL897185		GL897185.1		
musFur1:GL897186	GL897186		GL897186.1		
musFur1:GL897187	GL897187		GL897187.1		
musFur1:GL897188	GL897188		GL897188.1		
musFur1:GL897189	GL897189		GL897189.1		
musFur1:GL897190	GL897190		GL897190.1		
musFur1:GL897191	GL897191		GL897191.1		
musFur1:GL897192	GL897192		GL897192.1		
musFur1:GL897193	GL897193		GL897193.1		
musFur1:GL897194	GL897194		GL897194.1		
musFur1:GL897195	GL897195		GL897195.1		
musFur1:GL897196	GL897196		GL897196.1		
musFur1:GL897197	GL897197		GL897197.1		
musFur1:GL897198	GL897198		GL897198.1		
musFur1:GL897199	GL897199		GL897199.1		
musFur1:GL897200	GL897200		GL897200.1		
musFur1:GL897201	GL897201		GL897201.1		
musFur1:GL897202	GL897202		GL897202.1		
musFur1:GL897203	GL897203		GL897203.1		
musFur1:GL897204	GL897204		GL897204.1		
musFur1:GL897205	GL897205		GL897205.1		
musFur1:GL897206	GL897206		GL897206.1		
musFur1:GL897207	GL897207		GL897207.1		
musFur1:GL897208	GL897208		GL897208.1		
musFur1:GL897209	GL897209		GL897209.1		
musFur1:GL897210	GL897210		GL897210.1		
musFur1:GL897211	GL897211		GL897211.1		
musFur1:GL897212	GL897212		GL897212.1		
musFur1:GL897213	GL897213		GL897213.1		
musFur1:GL897214	GL897214		GL897214.1		
musFur1:GL897215	GL897215		GL897215.1		
musFur1:GL897216	GL897216		GL897216.1		
musFur1:GL897217	GL897217		GL897217.1		
musFur1:GL897218	GL897218		GL897218.1		
musFur1:GL897219	GL897219		GL897219.1		
musFur1:GL897220	GL897220		GL897220.1		
musFur1:GL897221	GL897221		GL897221.1		
musFur1:GL897222	GL897222		GL897222.1		
musFur1:GL897223	GL897223		GL897223.1		
musFur1:GL897224	GL897224		GL897224.1		
musFur1:GL897225	GL897225		GL897225.1		
musFur1:GL897226	GL897226		GL897226.1		
musFur1:GL897227	GL897227		GL897227.1		
musFur1:GL897228	GL897228		GL897228.1		
musFur1:GL897229	GL897229		GL897229.1		
musFur1:GL897230	GL897230		GL897230.1		
musFur1:GL897231	GL897231		GL897231.1		
musFur1:GL897232	GL897232		GL897232.1		
musFur1:GL897233	GL897233		GL897233.1		
musFur1:GL897234	GL897234		GL897234.1		
musFur1:GL897235	GL897235		GL897235.1		
musFur1:GL897236	GL897236		GL897236.1		
musFur1:GL897237	GL897237		GL897237.1		
musFur1:GL897238	GL897238		GL897238.1		
musFur1:GL897239	GL897239		GL897239.1		
musFur1:GL897240	GL897240		GL897240.1		
musFur1:GL897241	GL897241		GL897241.1		
musFur1:GL897242	GL897242		GL897242.1		
musFur1:GL897243	GL897243		GL897243.1		
musFur1:GL897244	GL897244		GL897244.1		
musFur1:GL897245	GL897245		GL897245.1		
musFur1:GL897246	GL897246		GL897246.1		
musFur1:GL897247	GL897247		GL897247.1		
musFur1:GL897248	GL897248		GL897248.1		
musFur1:GL897249	GL897249		GL897249.1		
musFur1:GL897250	GL897250		GL897250.1		
musFur1:GL897251	GL897251		GL897251.1		
musFur1:GL897252	GL897252		GL897252.1		
musFur1:GL897253	GL897253		GL897253.1		
musFur1:GL897254	GL897254		GL897254.1		
musFur1:GL897255	GL897255		GL897255.1		
musFur1:GL897256	GL897256		GL897256.1		
musFur1:GL897257	GL897257		GL897257.1		
musFur1:GL897258	GL897258		GL897258.1		
musFur1:GL897259	GL897259		GL897259.1		
musFur1:GL897260	GL897260		GL897260.1		
musFur1:GL897261	GL897261		GL897261.1		
musFur1:GL897262	GL897262		GL897262.1		
musFur1:GL897263	GL897263		GL897263.1		
musFur1:GL897264	GL897264		GL897264.1		
musFur1:GL897265	GL897265		GL897265.1		
musFur1:GL897266	GL897266		GL897266.1		
musFur1:GL897267	GL897267		GL897267.1		
musFur1:GL897268	GL897268		GL897268.1		
musFur1:GL897269	GL897269		GL897269.1		
musFur1:GL897270	GL897270		GL897270.1		
musFur1:GL897271	GL897271		GL897271.1		
musFur1:GL897272	GL897272		GL897272.1		
musFur1:GL897273	GL897273		GL897273.1		
musFur1:GL897274	GL897274		GL897274.1		
musFur1:GL897275	GL897275		GL897275.1		
musFur1:GL897276	GL897276		GL897276.1		
musFur1:GL897277	GL897277		GL897277.1		
musFur1:GL897278	GL897278		GL897278.1		
musFur1:GL897279	GL897279		GL897279.1		
musFur1:GL897280	GL897280		GL897280.1		
musFur1:GL897281	GL897281		GL897281.1		
musFur1:GL897282	GL897282		GL897282.1		
musFur1:GL897283	GL897283		GL897283.1		
musFur1:GL897284	GL897284		GL897284.1		
musFur1:GL897285	GL897285		GL897285.1		
musFur1:GL897286	GL897286		GL897286.1		
musFur1:GL897287	GL897287		GL897287.1		
musFur1:GL897288	GL897288		GL897288.1		
musFur1:GL897289	GL897289		GL897289.1		
musFur1:GL897290	GL897290		GL897290.1		
musFur1:GL897291	GL897291		GL897291.1		
musFur1:GL897292	GL897292		GL897292.1		
musFur1:GL897293	GL897293		GL897293.1		
musFur1:GL897294	GL897294		GL897294.1		
musFur1:GL897295	GL897295		GL897295.1		
musFur1:GL897296	GL897296		GL897296.1		
musFur1:GL897297	GL897297		GL897297.1		
musFur1:GL897298	GL897298		GL897298.1		
musFur1:GL897299	GL897299		GL897299.1		
musFur1:GL897300	GL897300		GL897300.1		
musFur1:GL897301	GL897301		GL897301.1		
musFur1:GL897302	GL897302		GL897302.1		
musFur1:GL897303	GL897303		GL897303.1		
musFur1:GL897304	GL897304		GL897304.1		
musFur1:GL897305	GL897305		GL897305.1		
musFur1:GL897306	GL897306		GL897306.1		
musFur1:GL897307	GL897307		GL897307.1		
musFur1:GL897308	GL897308		GL897308.1		
musFur1:GL897309	GL897309		GL897309.1		
musFur1:GL897310	GL897310		GL897310.1		
musFur1:GL897311	GL897311		GL897311.1		
musFur1:GL897312	GL897312		GL897312.1		
musFur1:GL897313	GL897313		GL897313.1		
musFur1:GL897314	GL897314		GL897314.1		
musFur1:GL897315	GL897315		GL897315.1		
musFur1:GL897316	GL897316		GL897316.1		
musFur1:GL897317	GL897317		GL897317.1		
musFur1:GL897318	GL897318		GL897318.1		
musFur1:GL897319	GL897319		GL897319.1		
musFur1:GL897320	GL897320		GL897320.1		
musFur1:GL897321	GL897321		GL897321.1		
musFur1:GL897322	GL897322		GL897322.1		
musFur1:GL897323	GL897323		GL897323.1		
musFur1:GL897324	GL897324		GL897324.1		
musFur1:GL897325	GL897325		GL897325.1		
musFur1:GL897326	GL897326		GL897326.1		
musFur1:GL897327	GL897327		GL897327.1		
musFur1:GL897328	GL897328		GL897328.1		
musFur1:GL897329	GL897329		GL897329.1		
musFur1:GL897330	GL897330		GL897330.1		
musFur1:GL897331	GL897331		GL897331.1		
musFur1:GL897332	GL897332		GL897332.1		
musFur1:GL897333	GL897333		GL897333.1		
musFur1:GL897334	GL897334		GL897334.1		
musFur1:GL897335	GL897335		GL897335.1		
musFur1:GL897336	GL897336		GL897336.1		
musFur1:GL897337	GL897337		GL897337.1		
musFur1:GL897338	GL897338		GL897338.1		
musFur1:GL897339	GL897339		GL897339.1		
musFur1:GL897340	GL897340		GL897340.1		
musFur1:GL897341	GL897341		GL897341.1		
musFur1:GL897342	GL897342		GL897342.1		
musFur1:GL897343	GL897343		GL897343.1		
musFur1:GL897344	GL897344		GL897344.1		
musFur1:GL897345	GL897345		GL897345.1		
musFur1:GL897346	GL897346		GL897346.1		
musFur1:GL897347	GL897347		GL897347.1		
musFur1:GL897348	GL897348		GL897348.1		
musFur1:GL897349	GL897349		GL897349.1		
musFur1:GL897350	GL897350		GL897350.1		
musFur1:GL897351	GL897351		GL897351.1		
musFur1:GL897352	GL897352		GL897352.1		
musFur1:GL897353	GL897353		GL897353.1		
musFur1:GL897354	GL897354		GL897354.1		
musFur1:GL897355	GL897355		GL897355.1		
musFur1:GL897356	GL897356		GL897356.1		
musFur1:GL897357	GL897357		GL897357.1		
musFur1:GL897358	GL897358		GL897358.1		
musFur1:GL897359	GL897359		GL897359.1		
musFur1:GL897360	GL897360		GL897360.1		
musFur1:GL897361	GL897361		GL897361.1		
musFur1:GL897362	GL897362		GL897362.1		
musFur1:GL897363	GL897363		GL897363.1		
musFur1:GL897364	GL897364		GL897364.1		
musFur1:GL897365	GL897365		GL897365.1		
musFur1:GL897366	GL897366		GL897366.1		
musFur1:GL897367	GL897367		GL897367.1		
musFur1:GL897368	GL897368		GL897368.1		
musFur1:GL897369	GL897369		GL897369.1		
musFur1:GL897370	GL897370		GL897370.1		
musFur1:GL897371	GL897371		GL897371.1		
musFur1:GL897372	GL897372		GL897372.1		
musFur1:GL897373	GL897373		GL897373.1		
musFur1:GL897374	GL897374		GL897374.1		
musFur1:GL897375	GL897375		GL897375.1		
musFur1:GL897376	GL897376		GL897376.1		
musFur1:GL897377	GL897377		GL897377.1		
musFur1:GL897378	GL897378		GL897378.1		
musFur1:GL897379	GL897379		GL897379.1		
musFur1:GL897380	GL897380		GL897380.1		
musFur1:GL897381	GL897381		GL897381.1		
musFur1:GL897382	GL897382		GL897382.1		
musFur1:GL897383	GL897383		GL897383.1		
musFur1:GL897384	GL897384		GL897384.1		
musFur1:GL897385	GL897385		GL897385.1		
musFur1:GL897386	GL897386		GL897386.1		
musFur1:GL897387	GL897387		GL897387.1		
musFur1:GL897388	GL897388		GL897388.1		
musFur1:GL897389	GL897389		GL897389.1		
musFur1:GL897390	GL897390		GL897390.1		
musFur1:GL897391	GL897391		GL897391.1		
musFur1:GL897392	GL897392		GL897392.1		
musFur1:GL897393	GL897393		GL897393.1		
musFur1:GL897394	GL897394		GL897394.1		
musFur1:GL897395	GL897395		GL897395.1		
musFur1:GL897396	GL897396		GL897396.1		
musFur1:GL897397	GL897397		GL897397.1		
musFur1:GL897398	GL897398		GL897398.1		
musFur1:GL897399	GL897399		GL897399.1		
musFur1:GL897400	GL897400		GL897400.1		
musFur1:GL897401	GL897401		GL897401.1		
musFur1:GL897402	GL897402		GL897402.1		
musFur1:GL897403	GL897403		GL897403.1		
musFur1:GL897404	GL897404		GL897404.1		
musFur1:GL897405	GL897405		GL897405.1		
musFur1:GL897406	GL897406		GL897406.1		
musFur1:GL897407	GL897407		GL897407.1		
musFur1:GL897408	GL897408		GL897408.1		
musFur1:GL897409	GL897409		GL897409.1		
musFur1:GL897410	GL897410		GL897410.1		
musFur1:GL897411	GL897411		GL897411.1		
musFur1:GL897412	GL897412		GL897412.1		
musFur1:GL897413	GL897413		GL897413.1		
musFur1:GL897414	GL897414		GL897414.1		
musFur1:GL897415	GL897415		GL897415.1		
musFur1:GL897416	GL897416		GL897416.1		
musFur1:GL897417	GL897417		GL897417.1		
musFur1:GL897418	GL897418		GL897418.1		
musFur1:GL897419	GL897419		GL897419.1		
musFur1:GL897420	GL897420		GL897420.1		
musFur1:GL897421	GL897421		GL897421.1		
musFur1:GL897422	GL897422		GL897422.1		
musFur1:GL897423	GL897423		GL897423.1		
musFur1:GL897424	GL897424		GL897424.1		
musFur1:GL897425	GL897425		GL897425.1		
musFur1:GL897426	GL897426		GL897426.1		
musFur1:GL897427	GL897427		GL897427.1		
musFur1:GL897428	GL897428		GL897428.1		
musFur1:GL897429	GL897429		GL897429.1		
musFur1:GL897430	GL897430		GL897430.1		
musFur1:GL897431	GL897431		GL897431.1		
musFur1:GL897432	GL897432		GL897432.1		
musFur1:GL897433	GL897433		GL897433.1		
musFur1:GL897434	GL897434		GL897434.1		
musFur1:GL897435	GL897435		GL897435.1		
musFur1:GL897436	GL897436		GL897436.1		
musFur1:GL897437	GL897437		GL897437.1		
musFur1:GL897438	GL897438		GL897438.1		
musFur1:GL897439	GL897439		GL897439.1		
musFur1:GL897440	GL897440		GL897440.1		
musFur1:GL897441	GL897441		GL897441.1		
musFur1:GL897442	GL897442		GL897442.1		
musFur1:GL897443	GL897443		GL897443.1		
musFur1:GL897444	GL897444		GL897444.1		
musFur1:GL897445	GL897445		GL897445.1		
musFur1:GL897446	GL897446		GL897446.1		
musFur1:GL897447	GL897447		GL897447.1		
musFur1:GL897448	GL897448		GL897448.1		
musFur1:GL897449	GL897449		GL897449.1		
musFur1:GL897450	GL897450		GL897450.1		
musFur1:GL897451	GL897451		GL897451.1		
musFur1:GL897452	GL897452		GL897452.1		
musFur1:GL897453	GL897453		GL897453.1		
musFur1:GL897454	GL897454		GL897454.1		
musFur1:GL897455	GL897455		GL897455.1		
musFur1:GL897456	GL897456		GL897456.1		
musFur1:GL897457	GL897457		GL897457.1		
musFur1:GL897458	GL897458		GL897458.1		
musFur1:GL897459	GL897459		GL897459.1		
musFur1:GL897460	GL897460		GL897460.1		
musFur1:GL897461	GL897461		GL897461.1		
musFur1:GL897462	GL897462		GL897462.1		
musFur1:GL897463	GL897463		GL897463.1		
musFur1:GL897464	GL897464		GL897464.1		
musFur1:GL897465	GL897465		GL897465.1		
musFur1:GL897466	GL897466		GL897466.1		
musFur1:GL897467	GL897467		GL897467.1		
musFur1:GL897468	GL897468		GL897468.1		
musFur1:GL897469	GL897469		GL897469.1		
musFur1:GL897470	GL897470		GL897470.1		
musFur1:GL897471	GL897471		GL897471.1		
musFur1:GL897472	GL897472		GL897472.1		
musFur1:GL897473	GL897473		GL897473.1		
musFur1:GL897474	GL897474		GL897474.1		
musFur1:GL897475	GL897475		GL897475.1		
musFur1:GL897476	GL897476		GL897476.1		
musFur1:GL897477	GL897477		GL897477.1		
musFur1:GL897478	GL897478		GL897478.1		
musFur1:GL897479	GL897479		GL897479.1		
musFur1:GL897480	GL897480		GL897480.1		
musFur1:GL897481	GL897481		GL897481.1		
musFur1:GL897482	GL897482		GL897482.1		
musFur1:GL897483	GL897483		GL897483.1		
musFur1:GL897484	GL897484		GL897484.1		
musFur1:GL897485	GL897485		GL897485.1		
musFur1:GL897486	GL897486		GL897486.1		
musFur1:GL897487	GL897487		GL897487.1		
musFur1:GL897488	GL897488		GL897488.1		
musFur1:GL897489	GL897489		GL897489.1		
musFur1:GL897490	GL897490		GL897490.1		
musFur1:GL897491	GL897491		GL897491.1		
musFur1:GL897492	GL897492		GL897492.1		
musFur1:GL897493	GL897493		GL897493.1		
musFur1:GL897494	GL897494		GL897494.1		
musFur1:GL897495	GL897495		GL897495.1		
musFur1:GL897496	GL897496		GL897496.1		
musFur1:GL897497	GL897497		GL897497.1		
musFur1:GL897498	GL897498		GL897498.1		
musFur1:GL897499	GL897499		GL897499.1		
musFur1:GL897500	GL897500		GL897500.1		
musFur1:GL897501	GL897501		GL897501.1		
musFur1:GL897502	GL897502		GL897502.1		
musFur1:GL897503	GL897503		GL897503.1		
musFur1:GL897504	GL897504		GL897504.1		
musFur1:GL897505	GL897505		GL897505.1		
musFur1:GL897506	GL897506		GL897506.1		
musFur1:GL897507	GL897507		GL897507.1		
musFur1:GL897508	GL897508		GL897508.1		
musFur1:GL897509	GL897509		GL897509.1		
musFur1:GL897510	GL897510		GL897510.1		
musFur1:GL897511	GL897511		GL897511.1		
musFur1:GL897512	GL897512		GL897512.1		
musFur1:GL897513	GL897513		GL897513.1		
musFur1:GL897514	GL897514		GL897514.1		
musFur1:GL897515	GL897515		GL897515.1		
musFur1:GL897516	GL897516		GL897516.1		
musFur1:GL897517	GL897517		GL897517.1		
musFur1:GL897518	GL897518		GL897518.1		
musFur1:GL897519	GL897519		GL897519.1		
musFur1:GL897520	GL897520		GL897520.1		
musFur1:GL897521	GL897521		GL897521.1		
musFur1:GL897522	GL897522		GL897522.1		
musFur1:GL897523	GL897523		GL897523.1		
musFur1:GL897524	GL897524		GL897524.1		
musFur1:GL897525	GL897525		GL897525.1		
musFur1:GL897526	GL897526		GL897526.1		
musFur1:GL897527	GL897527		GL897527.1		
musFur1:GL897528	GL897528		GL897528.1		
musFur1:GL897529	GL897529		GL897529.1		
musFur1:GL897530	GL897530		GL897530.1		
musFur1:GL897531	GL897531		GL897531.1		
musFur1:GL897532	GL897532		GL897532.1		
musFur1:GL897533	GL897533		GL897533.1		
musFur1:GL897534	GL897534		GL897534.1		
musFur1:GL897535	GL897535		GL897535.1		
musFur1:GL897536	GL897536		GL897536.1		
musFur1:GL897537	GL897537		GL897537.1		
musFur1:GL897538	GL897538		GL897538.1		
musFur1:GL897539	GL897539		GL897539.1		
musFur1:GL897540	GL897540		GL897540.1		
musFur1:GL897541	GL897541		GL897541.1		
musFur1:GL897542	GL897542		GL897542.1		
musFur1:GL897543	GL897543		GL897543.1		
musFur1:GL897544	GL897544		GL897544.1		
musFur1:GL897545	GL897545		GL897545.1		
musFur1:GL897546	GL897546		GL897546.1		
musFur1:GL897547	GL897547		GL897547.1		
musFur1:GL897548	GL897548		GL897548.1		
musFur1:GL897549	GL897549		GL897549.1		
musFur1:GL897550	GL897550		GL897550.1		
musFur1:GL897551	GL897551		GL897551.1		
musFur1:GL897552	GL897552		GL897552.1		
musFur1:GL897553	GL897553		GL897553.1		
musFur1:GL897554	GL897554		GL897554.1		
musFur1:GL897555	GL897555		GL897555.1		
musFur1:GL897556	GL897556		GL897556.1		
musFur1:GL897557	GL897557		GL897557.1		
musFur1:GL897558	GL897558		GL897558.1		
musFur1:GL897559	GL897559		GL897559.1		
musFur1:GL897560	GL897560		GL897560.1		
musFur1:GL897561	GL897561		GL897561.1		
musFur1:GL897562	GL897562		GL897562.1		
musFur1:GL897563	GL897563		GL897563.1		
musFur1:GL897564	GL897564		GL897564.1		
musFur1:GL897565	GL897565		GL897565.1		
musFur1:GL897566	GL897566		GL897566.1		
musFur1:GL897567	GL897567		GL897567.1		
musFur1:GL897568	GL897568		GL897568.1		
musFur1:GL897569	GL897569		GL897569.1		
musFur1:GL897570	GL897570		GL897570.1		
musFur1:GL897571	GL897571		GL897571.1		
musFur1:GL897572	GL897572		GL897572.1		
musFur1:GL897573	GL897573		GL897573.1		
musFur1:GL897574	GL897574		GL897574.1		
musFur1:GL897575	GL897575		GL897575.1		
musFur1:GL897576	GL897576		GL897576.1		
musFur1:GL897577	GL897577		GL897577.1		
musFur1:GL897578	GL897578		GL897578.1		
musFur1:GL897579	GL897579		GL897579.1		
musFur1:GL897580	GL897580		GL897580.1		
musFur1:GL897581	GL897581		GL897581.1		
musFur1:GL897582	GL897582		GL897582.1		
musFur1:GL897583	GL897583		GL897583.1		
musFur1:GL897584	GL897584		GL897584.1		
musFur1:GL897585	GL897585		GL897585.1		
musFur1:GL897586	GL897586		GL897586.1		
musFur1:GL897587	GL897587		GL897587.1		
musFur1:GL897588	GL897588		GL897588.1		
musFur1:GL897589	GL897589		GL897589.1		
musFur1:GL897590	GL897590		GL897590.1		
musFur1:GL897591	GL897591		GL897591.1		
musFur1:GL897592	GL897592		GL897592.1		
musFur1:GL897593	GL897593		GL897593.1		
musFur1:GL897594	GL897594		GL897594.1		
musFur1:GL897595	GL897595		GL897595.1		
musFur1:GL897596	GL897596		GL897596.1		
musFur1:GL897597	GL897597		GL897597.1		
musFur1:GL897598	GL897598		GL897598.1		
musFur1:GL897599	GL897599		GL897599.1		
musFur1:GL897600	GL897600		GL897600.1		
musFur1:GL897601	GL897601		GL897601.1		
musFur1:GL897602	GL897602		GL897602.1		
musFur1:GL897603	GL897603		GL897603.1		
musFur1:GL897604	GL897604		GL897604.1		
musFur1:GL897605	GL897605		GL897605.1		
musFur1:GL897606	GL897606		GL897606.1		
musFur1:GL897607	GL897607		GL897607.1		
musFur1:GL897608	GL897608		GL897608.1		
musFur1:GL897609	GL897609		GL897609.1		
musFur1:GL897610	GL897610		GL897610.1		
musFur1:GL897611	GL897611		GL897611.1		
musFur1:GL897612	GL897612		GL897612.1		
musFur1:GL897613	GL897613		GL897613.1		
musFur1:GL897614	GL897614		GL897614.1		
musFur1:GL897615	GL897615		GL897615.1		
musFur1:GL897616	GL897616		GL897616.1		
musFur1:GL897617	GL897617		GL897617.1		
musFur1:GL897618	GL897618		GL897618.1		
musFur1:GL897619	GL897619		GL897619.1		
musFur1:GL897620	GL897620		GL897620.1		
musFur1:GL897621	GL897621		GL897621.1		
musFur1:GL897622	GL897622		GL897622.1		
musFur1:GL897623	GL897623		GL897623.1		
musFur1:GL897624	GL897624		GL897624.1		
musFur1:GL897625	GL897625		GL897625.1		
musFur1:GL897626	GL897626		GL897626.1		
musFur1:GL897627	GL897627		GL897627.1		
musFur1:GL897628	GL897628		GL897628.1		
musFur1:GL897629	GL897629		GL897629.1		
musFur1:GL897630	GL897630		GL897630.1		
musFur1:GL897631	GL897631		GL897631.1		
musFur1:GL897632	GL897632		GL897632.1		
musFur1:GL897633	GL897633		GL897633.1		
musFur1:GL897634	GL897634		GL897634.1		
musFur1:GL897635	GL897635		GL897635.1		
musFur1:GL897636	GL897636		GL897636.1		
musFur1:GL897637	GL897637		GL897637.1		
musFur1:GL897638	GL897638		GL897638.1		
musFur1:GL897639	GL897639		GL897639.1		
musFur1:GL897640	GL897640		GL897640.1		
musFur1:GL897641	GL897641		GL897641.1		
musFur1:GL897642	GL897642		GL897642.1		
musFur1:GL897643	GL897643		GL897643.1		
musFur1:GL897644	GL897644		GL897644.1		
musFur1:GL897645	GL897645		GL897645.1		
musFur1:GL897646	GL897646		GL897646.1		
musFur1:GL897647	GL897647		GL897647.1		
musFur1:GL897648	GL897648		GL897648.1		
musFur1:GL897649	GL897649		GL897649.1		
musFur1:GL897650	GL897650		GL897650.1		
musFur1:GL897651	GL897651		GL897651.1		
musFur1:GL897652	GL897652		GL897652.1		
musFur1:GL897653	GL897653		GL897653.1		
musFur1:GL897654	GL897654		GL897654.1		
musFur1:GL897655	GL897655		GL897655.1		
musFur1:GL897656	GL897656		GL897656.1		
musFur1:GL897657	GL897657		GL897657.1		
musFur1:GL897658	GL897658		GL897658.1		
musFur1:GL897659	GL897659		GL897659.1		
musFur1:GL897660	GL897660		GL897660.1		
musFur1:GL897661	GL897661		GL897661.1		
musFur1:GL897662	GL897662		GL897662.1		
musFur1:GL897663	GL897663		GL897663.1		
musFur1:GL897664	GL897664		GL897664.1		
musFur1:GL897665	GL897665		GL897665.1		
musFur1:GL897666	GL897666		GL897666.1		
musFur1:GL897667	GL897667		GL897667.1		
musFur1:GL897668	GL897668		GL897668.1		
musFur1:GL897669	GL897669		GL897669.1		
musFur1:GL897670	GL897670		GL897670.1		
musFur1:GL897671	GL897671		GL897671.1		
musFur1:GL897672	GL897672		GL897672.1		
musFur1:GL897673	GL897673		GL897673.1		
musFur1:GL897674	GL897674		GL897674.1		
musFur1:GL897675	GL897675		GL897675.1		
musFur1:GL897676	GL897676		GL897676.1		
musFur1:GL897677	GL897677		GL897677.1		
musFur1:GL897678	GL897678		GL897678.1		
musFur1:GL897679	GL897679		GL897679.1		
musFur1:GL897680	GL897680		GL897680.1		
musFur1:GL897681	GL897681		GL897681.1		
musFur1:GL897682	GL897682		GL897682.1		
musFur1:GL897683	GL897683		GL897683.1		
musFur1:GL897684	GL897684		GL897684.1		
musFur1:GL897685	GL897685		GL897685.1		
musFur1:GL897686	GL897686		GL897686.1		
musFur1:GL897687	GL897687		GL897687.1		
musFur1:GL897688	GL897688		GL897688.1		
musFur1:GL897689	GL897689		GL897689.1		
musFur1:GL897690	GL897690		GL897690.1		
musFur1:GL897691	GL897691		GL897691.1		
musFur1:GL897692	GL897692		GL897692.1		
musFur1:GL897693	GL897693		GL897693.1		
musFur1:GL897694	GL897694		GL897694.1		
musFur1:GL897695	GL897695		GL897695.1		
musFur1:GL897696	GL897696		GL897696.1		
musFur1:GL897697	GL897697		GL897697.1		
musFur1:GL897698	GL897698		GL897698.1		
musFur1:GL897699	GL897699		GL897699.1		
musFur1:GL897700	GL897700		GL897700.1		
musFur1:GL897701	GL897701		GL897701.1		
musFur1:GL897702	GL897702		GL897702.1		
musFur1:GL897703	GL897703		GL897703.1		
musFur1:GL897704	GL897704		GL897704.1		
musFur1:GL897705	GL897705		GL897705.1		
musFur1:GL897706	GL897706		GL897706.1		
musFur1:GL897707	GL897707		GL897707.1		
musFur1:GL897708	GL897708		GL897708.1		
musFur1:GL897709	GL897709		GL897709.1		
musFur1:GL897710	GL897710		GL897710.1		
musFur1:GL897711	GL897711		GL897711.1		
musFur1:GL897712	GL897712		GL897712.1		
musFur1:GL897713	GL897713		GL897713.1		
musFur1:GL897714	GL897714		GL897714.1		
musFur1:GL897715	GL897715		GL897715.1		
musFur1:GL897716	GL897716		GL897716.1		
musFur1:GL897717	GL897717		GL897717.1		
musFur1:GL897718	GL897718		GL897718.1		
musFur1:GL897719	GL897719		GL897719.1		
musFur1:GL897720	GL897720		GL897720.1		
musFur1:GL897721	GL897721		GL897721.1		
musFur1:GL897722	GL897722		GL897722.1		
musFur1:GL897723	GL897723		GL897723.1		
musFur1:GL897724	GL897724		GL897724.1		
musFur1:GL897725	GL897725		GL897725.1		
musFur1:GL897726	GL897726		GL897726.1		
musFur1:GL897727	GL897727		GL897727.1		
musFur1:GL897728	GL897728		GL897728.1		
musFur1:GL897729	GL897729		GL897729.1		
musFur1:GL897730	GL897730		GL897730.1		
musFur1:GL897731	GL897731		GL897731.1		
musFur1:GL897732	GL897732		GL897732.1		
musFur1:GL897733	GL897733		GL897733.1		
musFur1:GL897734	GL897734		GL897734.1		
musFur1:GL897735	GL897735		GL897735.1		
musFur1:GL897736	GL897736		GL897736.1		
musFur1:GL897737	GL897737		GL897737.1		
musFur1:GL897738	GL897738		GL897738.1		
musFur1:GL897739	GL897739		GL897739.1		
musFur1:GL897740	GL897740		GL897740.1		
musFur1:GL897741	GL897741		GL897741.1		
musFur1:GL897742	GL897742		GL897742.1		
musFur1:GL897743	GL897743		GL897743.1		
musFur1:GL897744	GL897744		GL897744.1		
musFur1:GL897745	GL897745		GL897745.1		
musFur1:GL897746	GL897746		GL897746.1		
musFur1:GL897747	GL897747		GL897747.1		
musFur1:GL897748	GL897748		GL897748.1		
musFur1:GL897749	GL897749		GL897749.1		
musFur1:GL897750	GL897750		GL897750.1		
musFur1:GL897751	GL897751		GL897751.1		
musFur1:GL897752	GL897752		GL897752.1		
musFur1:GL897753	GL897753		GL897753.1		
musFur1:GL897754	GL897754		GL897754.1		
musFur1:GL897755	GL897755		GL897755.1		
musFur1:GL897756	GL897756		GL897756.1		
musFur1:GL897757	GL897757		GL897757.1		
musFur1:GL897758	GL897758		GL897758.1		
musFur1:GL897759	GL897759		GL897759.1		
musFur1:GL897760	GL897760		GL897760.1		
musFur1:GL897761	GL897761		GL897761.1		
musFur1:GL897762	GL897762		GL897762.1		
musFur1:GL897763	GL897763		GL897763.1		
musFur1:GL897764	GL897764		GL897764.1		
musFur1:GL897765	GL897765		GL897765.1		
musFur1:GL897766	GL897766		GL897766.1		
musFur1:GL897767	GL897767		GL897767.1		
musFur1:GL897768	GL897768		GL897768.1		
musFur1:GL897769	GL897769		GL897769.1		
musFur1:GL897770	GL897770		GL897770.1		
musFur1:GL897771	GL897771		GL897771.1		
musFur1:GL897772	GL897772		GL897772.1		
musFur1:GL897773	GL897773		GL897773.1		
musFur1:GL897774	GL897774		GL897774.1		
musFur1:GL897775	GL897775		GL897775.1		
musFur1:GL897776	GL897776		GL897776.1		
musFur1:GL897777	GL897777		GL897777.1		
musFur1:GL897778	GL897778		GL897778.1		
musFur1:GL897779	GL897779		GL897779.1		
musFur1:GL897780	GL897780		GL897780.1		
musFur1:GL897781	GL897781		GL897781.1		
musFur1:GL897782	GL897782		GL897782.1		
musFur1:GL897783	GL897783		GL897783.1		
musFur1:GL897784	GL897784		GL897784.1		
musFur1:GL897785	GL897785		GL897785.1		
musFur1:GL897786	GL897786		GL897786.1		
musFur1:GL897787	GL897787		GL897787.1		
musFur1:GL897788	GL897788		GL897788.1		
musFur1:GL897789	GL897789		GL897789.1		
musFur1:GL897790	GL897790		GL897790.1		
musFur1:GL897791	GL897791		GL897791.1		
musFur1:GL897792	GL897792		GL897792.1		
musFur1:GL897793	GL897793		GL897793.1		
musFur1:GL897794	GL897794		GL897794.1		
musFur1:GL897795	GL897795		GL897795.1		
musFur1:GL897796	GL897796		GL897796.1		
musFur1:GL897797	GL897797		GL897797.1		
musFur1:GL897798	GL897798		GL897798.1		
musFur1:GL897799	GL897799		GL897799.1		
musFur1:GL897800	GL897800		GL897800.1		
musFur1:GL897801	GL897801		GL897801.1		
musFur1:GL897802	GL897802		GL897802.1		
musFur1:GL897803	GL897803		GL897803.1		
musFur1:GL897804	GL897804		GL897804.1		
musFur1:GL897805	GL897805		GL897805.1		
musFur1:GL897806	GL897806		GL897806.1		
musFur1:GL897807	GL897807		GL897807.1		
musFur1:GL897808	GL897808		GL897808.1		
musFur1:GL897809	GL897809		GL897809.1		
musFur1:GL897810	GL897810		GL897810.1		
musFur1:GL897811	GL897811		GL897811.1		
musFur1:GL897812	GL897812		GL897812.1		
musFur1:GL897813	GL897813		GL897813.1		
musFur1:GL897814	GL897814		GL897814.1		
musFur1:GL897815	GL897815		GL897815.1		
musFur1:GL897816	GL897816		GL897816.1		
musFur1:GL897817	GL897817		GL897817.1		
musFur1:GL897818	GL897818		GL897818.1		
musFur1:GL897819	GL897819		GL897819.1		
musFur1:GL897820	GL897820		GL897820.1		
musFur1:GL897821	GL897821		GL897821.1		
musFur1:GL897822	GL897822		GL897822.1		
musFur1:GL897823	GL897823		GL897823.1		
musFur1:GL897824	GL897824		GL897824.1		
musFur1:GL897825	GL897825		GL897825.1		
musFur1:GL897826	GL897826		GL897826.1		
musFur1:GL897827	GL897827		GL897827.1		
musFur1:GL897828	GL897828		GL897828.1		
musFur1:GL897829	GL897829		GL897829.1		
musFur1:GL897830	GL897830		GL897830.1		
musFur1:GL897831	GL897831		GL897831.1		
musFur1:GL897832	GL897832		GL897832.1		
musFur1:GL897833	GL897833		GL897833.1		
musFur1:GL897834	GL897834		GL897834.1		
musFur1:GL897835	GL897835		GL897835.1		
musFur1:GL897836	GL897836		GL897836.1		
musFur1:GL897837	GL897837		GL897837.1		
musFur1:GL897838	GL897838		GL897838.1		
musFur1:GL897839	GL897839		GL897839.1		
musFur1:GL897840	GL897840		GL897840.1		
musFur1:GL897841	GL897841		GL897841.1		
musFur1:GL897842	GL897842		GL897842.1		
musFur1:GL897843	GL897843		GL897843.1		
musFur1:GL897844	GL897844		GL897844.1		
musFur1:GL897845	GL897845		GL897845.1		
musFur1:GL897846	GL897846		GL897846.1		
musFur1:GL897847	GL897847		GL897847.1		
musFur1:GL897848	GL897848		GL897848.1		
musFur1:GL897849	GL897849		GL897849.1		
musFur1:GL897850	GL897850		GL897850.1		
musFur1:GL897851	GL897851		GL897851.1		
musFur1:GL897852	GL897852		GL897852.1		
musFur1:GL897853	GL897853		GL897853.1		
musFur1:GL897854	GL897854		GL897854.1		
musFur1:GL897855	GL897855		GL897855.1		
musFur1:GL897856	GL897856		GL897856.1		
musFur1:GL897857	GL897857		GL897857.1		
musFur1:GL897858	GL897858		GL897858.1		
musFur1:GL897859	GL897859		GL897859.1		
musFur1:GL897860	GL897860		GL897860.1		
musFur1:GL897861	GL897861		GL897861.1		
musFur1:GL897862	GL897862		GL897862.1		
musFur1:GL897863	GL897863		GL897863.1		
musFur1:GL897864	GL897864		GL897864.1		
musFur1:GL897865	GL897865		GL897865.1		
musFur1:GL897866	GL897866		GL897866.1		
musFur1:GL897867	GL897867		GL897867.1		
musFur1:GL897868	GL897868		GL897868.1		
musFur1:GL897869	GL897869		GL897869.1		
musFur1:GL897870	GL897870		GL897870.1		
musFur1:GL897871	GL897871		GL897871.1		
musFur1:GL897872	GL897872		GL897872.1		
musFur1:GL897873	GL897873		GL897873.1		
musFur1:GL897874	GL897874		GL897874.1		
musFur1:GL897875	GL897875		GL897875.1		
musFur1:GL897876	GL897876		GL897876.1		
musFur1:GL897877	GL897877		GL897877.1		
musFur1:GL897878	GL897878		GL897878.1		
musFur1:GL897879	GL897879		GL897879.1		
musFur1:GL897880	GL897880		GL897880.1		
musFur1:GL897881	GL897881		GL897881.1		
musFur1:GL897882	GL897882		GL897882.1		
musFur1:GL897883	GL897883		GL897883.1		
musFur1:GL897884	GL897884		GL897884.1		
musFur1:GL897885	GL897885		GL897885.1		
musFur1:GL897886	GL897886		GL897886.1		
musFur1:GL897887	GL897887		GL897887.1		
musFur1:GL897888	GL897888		GL897888.1		
musFur1:GL897889	GL897889		GL897889.1		
musFur1:GL897890	GL897890		GL897890.1		
musFur1:GL897891	GL897891		GL897891.1		
musFur1:GL897892	GL897892		GL897892.1		
musFur1:GL897893	GL897893		GL897893.1		
musFur1:GL897894	GL897894		GL897894.1		
musFur1:GL897895	GL897895		GL897895.1		
musFur1:GL897896	GL897896		GL897896.1		
musFur1:GL897897	GL897897		GL897897.1		
musFur1:GL897898	GL897898		GL897898.1		
musFur1:GL897899	GL897899		GL897899.1		
musFur1:GL897900	GL897900		GL897900.1		
musFur1:GL897901	GL897901		GL897901.1		
musFur1:GL897902	GL897902		GL897902.1		
musFur1:GL897903	GL897903		GL897903.1		
musFur1:GL897904	GL897904		GL897904.1		
musFur1:GL897905	GL897905		GL897905.1		
musFur1:GL897906	GL897906		GL897906.1		
musFur1:GL897907	GL897907		GL897907.1		
musFur1:GL897908	GL897908		GL897908.1		
musFur1:GL897909	GL897909		GL897909.1		
musFur1:GL897910	GL897910		GL897910.1		
musFur1:GL897911	GL897911		GL897911.1		
musFur1:GL897912	GL897912		GL897912.1		
musFur1:GL897913	GL897913		GL897913.1		
musFur1:GL897914	GL897914		GL897914.1		
musFur1:GL897915	GL897915		GL897915.1		
musFur1:GL897916	GL897916		GL897916.1		
musFur1:GL897917	GL897917		GL897917.1		
musFur1:GL897918	GL897918		GL897918.1		
musFur1:GL897919	GL897919		GL897919.1		
musFur1:GL897920	GL897920		GL897920.1		
musFur1:GL897921	GL897921		GL897921.1		
musFur1:GL897922	GL897922		GL897922.1		
musFur1:GL897923	GL897923		GL897923.1		
musFur1:GL897924	GL897924		GL897924.1		
musFur1:GL897925	GL897925		GL897925.1		
musFur1:GL897926	GL897926		GL897926.1		
musFur1:GL897927	GL897927		GL897927.1		
musFur1:GL897928	GL897928		GL897928.1		
musFur1:GL897929	GL897929		GL897929.1		
musFur1:GL897930	GL897930		GL897930.1		
musFur1:GL897931	GL897931		GL897931.1		
musFur1:GL897932	GL897932		GL897932.1		
musFur1:GL897933	GL897933		GL897933.1		
musFur1:GL897934	GL897934		GL897934.1		
musFur1:GL897935	GL897935		GL897935.1		
musFur1:GL897936	GL897936		GL897936.1		
musFur1:GL897937	GL897937		GL897937.1		
musFur1:GL897938	GL897938		GL897938.1		
musFur1:GL897939	GL897939		GL897939.1		
musFur1:GL897940	GL897940		GL897940.1		
musFur1:GL897941	GL897941		GL897941.1		
musFur1:GL897942	GL897942		GL897942.1		
musFur1:GL897943	GL897943		GL897943.1		
musFur1:GL897944	GL897944		GL897944.1		
musFur1:GL897945	GL897945		GL897945.1		
musFur1:GL897946	GL897946		GL897946.1		
musFur1:GL897947	GL897947		GL897947.1		
musFur1:GL897948	GL897948		GL897948.1		
musFur1:GL897949	GL897949		GL897949.1		
musFur1:GL897950	GL897950		GL897950.1		
musFur1:GL897951	GL897951		GL897951.1		
musFur1:GL897952	GL897952		GL897952.1		
musFur1:GL897953	GL897953		GL897953.1		
musFur1:GL897954	GL897954		GL897954.1		
musFur1:GL897955	GL897955		GL897955.1		
musFur1:GL897956	GL897956		GL897956.1		
musFur1:GL897957	GL897957		GL897957.1		
musFur1:GL897958	GL897958		GL897958.1		
musFur1:GL897959	GL897959		GL897959.1		
musFur1:GL897960	GL897960		GL897960.1		
musFur1:GL897961	GL897961		GL897961.1		
musFur1:GL897962	GL897962		GL897962.1		
musFur1:GL897963	GL897963		GL897963.1		
musFur1:GL897964	GL897964		GL897964.1		
musFur1:GL897965	GL897965		GL897965.1		
musFur1:GL897966	GL897966		GL897966.1		
musFur1:GL897967	GL897967		GL897967.1		
musFur1:GL897968	GL897968		GL897968.1		
musFur1:GL897969	GL897969		GL897969.1		
musFur1:GL897970	GL897970		GL897970.1		
musFur1:GL897971	GL897971		GL897971.1		
musFur1:GL897972	GL897972		GL897972.1		
musFur1:GL897973	GL897973		GL897973.1		
musFur1:GL897974	GL897974		GL897974.1		
musFur1:GL897975	GL897975		GL897975.1		
musFur1:GL897976	GL897976		GL897976.1		
musFur1:GL897977	GL897977		GL897977.1		
musFur1:GL897978	GL897978		GL897978.1		
musFur1:GL897979	GL897979		GL897979.1		
musFur1:GL897980	GL897980		GL897980.1		
musFur1:GL897981	GL897981		GL897981.1		
musFur1:GL897982	GL897982		GL897982.1		
musFur1:GL897983	GL897983		GL897983.1		
musFur1:GL897984	GL897984		GL897984.1		
musFur1:GL897985	GL897985		GL897985.1		
musFur1:GL897986	GL897986		GL897986.1		
musFur1:GL897987	GL897987		GL897987.1		
musFur1:GL897988	GL897988		GL897988.1		
musFur1:GL897989	GL897989		GL897989.1		
musFur1:GL897990	GL897990		GL897990.1		
musFur1:GL897991	GL897991		GL897991.1		
musFur1:GL897992	GL897992		GL897992.1		
musFur1:GL897993	GL897993		GL897993.1		
musFur1:GL897994	GL897994		GL897994.1		
musFur1:GL897995	GL897995		GL897995.1		
musFur1:GL897996	GL897996		GL897996.1		
musFur1:GL897997	GL897997		GL897997.1		
musFur1:GL897998	GL897998		GL897998.1		
musFur1:GL897999	GL897999		GL897999.1		
musFur1:GL898000	GL898000		GL898000.1		
musFur1:GL898001	GL898001		GL898001.1		
musFur1:GL898002	GL898002		GL898002.1		
musFur1:GL898003	GL898003		GL898003.1		
musFur1:GL898004	GL898004		GL898004.1		
musFur1:GL898005	GL898005		GL898005.1		
musFur1:GL898006	GL898006		GL898006.1		
musFur1:GL898007	GL898007		GL898007.1		
musFur1:GL898008	GL898008		GL898008.1		
musFur1:GL898009	GL898009		GL898009.1		
musFur1:GL898010	GL898010		GL898010.1		
musFur1:GL898011	GL898011		GL898011.1		
musFur1:GL898012	GL898012		GL898012.1		
musFur1:GL898013	GL898013		GL898013.1		
musFur1:GL898014	GL898014		GL898014.1		
musFur1:GL898015	GL898015		GL898015.1		
musFur1:GL898016	GL898016		GL898016.1		
musFur1:GL898017	GL898017		GL898017.1		
musFur1:GL898018	GL898018		GL898018.1		
musFur1:GL898019	GL898019		GL898019.1		
musFur1:GL898020	GL898020		GL898020.1		
musFur1:GL898021	GL898021		GL898021.1		
musFur1:GL898022	GL898022		GL898022.1		
musFur1:GL898023	GL898023		GL898023.1		
musFur1:GL898024	GL898024		GL898024.1		
musFur1:GL898025	GL898025		GL898025.1		
musFur1:GL898026	GL898026		GL898026.1		
musFur1:GL898027	GL898027		GL898027.1		
musFur1:GL898028	GL898028		GL898028.1		
musFur1:GL898029	GL898029		GL898029.1		
musFur1:GL898030	GL898030		GL898030.1		
musFur1:GL898031	GL898031		GL898031.1		
musFur1:GL898032	GL898032		GL898032.1		
musFur1:GL898033	GL898033		GL898033.1		
musFur1:GL898034	GL898034		GL898034.1		
musFur1:GL898035	GL898035		GL898035.1		
musFur1:GL898036	GL898036		GL898036.1		
musFur1:GL898037	GL898037		GL898037.1		
musFur1:GL898038	GL898038		GL898038.1		
musFur1:GL898039	GL898039		GL898039.1		
musFur1:GL898040	GL898040		GL898040.1		
musFur1:GL898041	GL898041		GL898041.1		
musFur1:GL898042	GL898042		GL898042.1		
musFur1:GL898043	GL898043		GL898043.1		
musFur1:GL898044	GL898044		GL898044.1		
musFur1:GL898045	GL898045		GL898045.1		
musFur1:GL898046	GL898046		GL898046.1		
musFur1:GL898047	GL898047		GL898047.1		
musFur1:GL898048	GL898048		GL898048.1		
musFur1:GL898049	GL898049		GL898049.1		
musFur1:GL898050	GL898050		GL898050.1		
musFur1:GL898051	GL898051		GL898051.1		
musFur1:GL898052	GL898052		GL898052.1		
musFur1:GL898053	GL898053		GL898053.1		
musFur1:GL898054	GL898054		GL898054.1		
musFur1:GL898055	GL898055		GL898055.1		
musFur1:GL898056	GL898056		GL898056.1		
musFur1:GL898057	GL898057		GL898057.1		
musFur1:GL898058	GL898058		GL898058.1		
musFur1:GL898059	GL898059		GL898059.1		
musFur1:GL898060	GL898060		GL898060.1		
musFur1:GL898061	GL898061		GL898061.1		
musFur1:GL898062	GL898062		GL898062.1		
musFur1:GL898063	GL898063		GL898063.1		
musFur1:GL898064	GL898064		GL898064.1		
musFur1:GL898065	GL898065		GL898065.1		
musFur1:GL898066	GL898066		GL898066.1		
musFur1:GL898067	GL898067		GL898067.1		
musFur1:GL898068	GL898068		GL898068.1		
musFur1:GL898069	GL898069		GL898069.1		
musFur1:GL898070	GL898070		GL898070.1		
musFur1:GL898071	GL898071		GL898071.1		
musFur1:GL898072	GL898072		GL898072.1		
musFur1:GL898073	GL898073		GL898073.1		
musFur1:GL898074	GL898074		GL898074.1		
musFur1:GL898075	GL898075		GL898075.1		
musFur1:GL898076	GL898076		GL898076.1		
musFur1:GL898077	GL898077		GL898077.1		
musFur1:GL898078	GL898078		GL898078.1		
musFur1:GL898079	GL898079		GL898079.1		
musFur1:GL898080	GL898080		GL898080.1		
musFur1:GL898081	GL898081		GL898081.1		
musFur1:GL898082	GL898082		GL898082.1		
musFur1:GL898083	GL898083		GL898083.1		
musFur1:GL898084	GL898084		GL898084.1		
musFur1:GL898085	GL898085		GL898085.1		
musFur1:GL898086	GL898086		GL898086.1		
musFur1:GL898087	GL898087		GL898087.1		
musFur1:GL898088	GL898088		GL898088.1		
musFur1:GL898089	GL898089		GL898089.1		
musFur1:GL898090	GL898090		GL898090.1		
musFur1:GL898091	GL898091		GL898091.1		
musFur1:GL898092	GL898092		GL898092.1		
musFur1:GL898093	GL898093		GL898093.1		
musFur1:GL898094	GL898094		GL898094.1		
musFur1:GL898095	GL898095		GL898095.1		
musFur1:GL898096	GL898096		GL898096.1		
musFur1:GL898097	GL898097		GL898097.1		
musFur1:GL898098	GL898098		GL898098.1		
musFur1:GL898099	GL898099		GL898099.1		
musFur1:GL898100	GL898100		GL898100.1		
musFur1:GL898101	GL898101		GL898101.1		
musFur1:GL898102	GL898102		GL898102.1		
musFur1:GL898103	GL898103		GL898103.1		
musFur1:GL898104	GL898104		GL898104.1		
musFur1:GL898105	GL898105		GL898105.1		
musFur1:GL898106	GL898106		GL898106.1		
musFur1:GL898107	GL898107		GL898107.1		
musFur1:GL898108	GL898108		GL898108.1		
musFur1:GL898109	GL898109		GL898109.1		
musFur1:GL898110	GL898110		GL898110.1		
musFur1:GL898111	GL898111		GL898111.1		
musFur1:GL898112	GL898112		GL898112.1		
musFur1:GL898113	GL898113		GL898113.1		
musFur1:GL898114	GL898114		GL898114.1		
musFur1:GL898115	GL898115		GL898115.1		
musFur1:GL898116	GL898116		GL898116.1		
musFur1:GL898117	GL898117		GL898117.1		
musFur1:GL898118	GL898118		GL898118.1		
musFur1:GL898119	GL898119		GL898119.1		
musFur1:GL898120	GL898120		GL898120.1		
musFur1:GL898121	GL898121		GL898121.1		
musFur1:GL898122	GL898122		GL898122.1		
musFur1:GL898123	GL898123		GL898123.1		
musFur1:GL898124	GL898124		GL898124.1		
musFur1:GL898125	GL898125		GL898125.1		
musFur1:GL898126	GL898126		GL898126.1		
musFur1:GL898127	GL898127		GL898127.1		
musFur1:GL898128	GL898128		GL898128.1		
musFur1:GL898129	GL898129		GL898129.1		
musFur1:GL898130	GL898130		GL898130.1		
musFur1:GL898131	GL898131		GL898131.1		
musFur1:GL898132	GL898132		GL898132.1		
musFur1:GL898133	GL898133		GL898133.1		
musFur1:GL898134	GL898134		GL898134.1		
musFur1:GL898135	GL898135		GL898135.1		
musFur1:GL898136	GL898136		GL898136.1		
musFur1:GL898137	GL898137		GL898137.1		
musFur1:GL898138	GL898138		GL898138.1		
musFur1:GL898139	GL898139		GL898139.1		
musFur1:GL898140	GL898140		GL898140.1		
musFur1:GL898141	GL898141		GL898141.1		
musFur1:GL898142	GL898142		GL898142.1		
musFur1:GL898143	GL898143		GL898143.1		
musFur1:GL898144	GL898144		GL898144.1		
musFur1:GL898145	GL898145		GL898145.1		
musFur1:GL898146	GL898146		GL898146.1		
musFur1:GL898147	GL898147		GL898147.1		
musFur1:GL898148	GL898148		GL898148.1		
musFur1:GL898149	GL898149		GL898149.1		
musFur1:GL898150	GL898150		GL898150.1		
musFur1:GL898151	GL898151		GL898151.1		
musFur1:GL898152	GL898152		GL898152.1		
musFur1:GL898153	GL898153		GL898153.1		
musFur1:GL898154	GL898154		GL898154.1		
musFur1:GL898155	GL898155		GL898155.1		
musFur1:GL898156	GL898156		GL898156.1		
musFur1:GL898157	GL898157		GL898157.1		
musFur1:GL898158	GL898158		GL898158.1		
musFur1:GL898159	GL898159		GL898159.1		
musFur1:GL898160	GL898160		GL898160.1		
musFur1:GL898161	GL898161		GL898161.1		
musFur1:GL898162	GL898162		GL898162.1		
musFur1:GL898163	GL898163		GL898163.1		
musFur1:GL898164	GL898164		GL898164.1		
musFur1:GL898165	GL898165		GL898165.1		
musFur1:GL898166	GL898166		GL898166.1		
musFur1:GL898167	GL898167		GL898167.1		
musFur1:GL898168	GL898168		GL898168.1		
musFur1:GL898169	GL898169		GL898169.1		
musFur1:GL898170	GL898170		GL898170.1		
musFur1:GL898171	GL898171		GL898171.1		
musFur1:GL898172	GL898172		GL898172.1		
musFur1:GL898173	GL898173		GL898173.1		
musFur1:GL898174	GL898174		GL898174.1		
musFur1:GL898175	GL898175		GL898175.1		
musFur1:GL898176	GL898176		GL898176.1		
musFur1:GL898177	GL898177		GL898177.1		
musFur1:GL898178	GL898178		GL898178.1		
musFur1:GL898179	GL898179		GL898179.1		
musFur1:GL898180	GL898180		GL898180.1		
musFur1:GL898181	GL898181		GL898181.1		
musFur1:GL898182	GL898182		GL898182.1		
musFur1:GL898183	GL898183		GL898183.1		
musFur1:GL898184	GL898184		GL898184.1		
musFur1:GL898185	GL898185		GL898185.1		
musFur1:GL898186	GL898186		GL898186.1		
musFur1:GL898187	GL898187		GL898187.1		
musFur1:GL898188	GL898188		GL898188.1		
musFur1:GL898189	GL898189		GL898189.1		
musFur1:GL898190	GL898190		GL898190.1		
musFur1:GL898191	GL898191		GL898191.1		
musFur1:GL898192	GL898192		GL898192.1		
musFur1:GL898193	GL898193		GL898193.1		
musFur1:GL898194	GL898194		GL898194.1		
musFur1:GL898195	GL898195		GL898195.1		
musFur1:GL898196	GL898196		GL898196.1		
musFur1:GL898197	GL898197		GL898197.1		
musFur1:GL898198	GL898198		GL898198.1		
musFur1:GL898199	GL898199		GL898199.1		
musFur1:GL898200	GL898200		GL898200.1		
musFur1:GL898201	GL898201		GL898201.1		
musFur1:GL898202	GL898202		GL898202.1		
musFur1:GL898203	GL898203		GL898203.1		
musFur1:GL898204	GL898204		GL898204.1		
musFur1:GL898205	GL898205		GL898205.1		
musFur1:GL898206	GL898206		GL898206.1		
musFur1:GL898207	GL898207		GL898207.1		
musFur1:GL898208	GL898208		GL898208.1		
musFur1:GL898209	GL898209		GL898209.1		
musFur1:GL898210	GL898210		GL898210.1		
musFur1:GL898211	GL898211		GL898211.1		
musFur1:GL898212	GL898212		GL898212.1		
musFur1:GL898213	GL898213		GL898213.1		
musFur1:GL898214	GL898214		GL898214.1		
musFur1:GL898215	GL898215		GL898215.1		
musFur1:GL898216	GL898216		GL898216.1		
musFur1:GL898217	GL898217		GL898217.1		
musFur1:GL898218	GL898218		GL898218.1		
musFur1:GL898219	GL898219		GL898219.1		
musFur1:GL898220	GL898220		GL898220.1		
musFur1:GL898221	GL898221		GL898221.1		
musFur1:GL898222	GL898222		GL898222.1		
musFur1:GL898223	GL898223		GL898223.1		
musFur1:GL898224	GL898224		GL898224.1		
musFur1:GL898225	GL898225		GL898225.1		
musFur1:GL898226	GL898226		GL898226.1		
musFur1:GL898227	GL898227		GL898227.1		
musFur1:GL898228	GL898228		GL898228.1		
musFur1:GL898229	GL898229		GL898229.1		
musFur1:GL898230	GL898230		GL898230.1		
musFur1:GL898231	GL898231		GL898231.1		
musFur1:GL898232	GL898232		GL898232.1		
musFur1:GL898233	GL898233		GL898233.1		
musFur1:GL898234	GL898234		GL898234.1		
musFur1:GL898235	GL898235		GL898235.1		
musFur1:GL898236	GL898236		GL898236.1		
musFur1:GL898237	GL898237		GL898237.1		
musFur1:GL898238	GL898238		GL898238.1		
musFur1:GL898239	GL898239		GL898239.1		
musFur1:GL898240	GL898240		GL898240.1		
musFur1:GL898241	GL898241		GL898241.1		
musFur1:GL898242	GL898242		GL898242.1		
musFur1:GL898243	GL898243		GL898243.1		
musFur1:GL898244	GL898244		GL898244.1		
musFur1:GL898245	GL898245		GL898245.1		
musFur1:GL898246	GL898246		GL898246.1		
musFur1:GL898247	GL898247		GL898247.1		
musFur1:GL898248	GL898248		GL898248.1		
musFur1:GL898249	GL898249		GL898249.1		
musFur1:GL898250	GL898250		GL898250.1		
musFur1:GL898251	GL898251		GL898251.1		
musFur1:GL898252	GL898252		GL898252.1		
musFur1:GL898253	GL898253		GL898253.1		
musFur1:GL898254	GL898254		GL898254.1		
musFur1:GL898255	GL898255		GL898255.1		
musFur1:GL898256	GL898256		GL898256.1		
musFur1:GL898257	GL898257		GL898257.1		
musFur1:GL898258	GL898258		GL898258.1		
musFur1:GL898259	GL898259		GL898259.1		
musFur1:GL898260	GL898260		GL898260.1		
musFur1:GL898261	GL898261		GL898261.1		
musFur1:GL898262	GL898262		GL898262.1		
musFur1:GL898263	GL898263		GL898263.1		
musFur1:GL898264	GL898264		GL898264.1		
musFur1:GL898265	GL898265		GL898265.1		
musFur1:GL898266	GL898266		GL898266.1		
musFur1:GL898267	GL898267		GL898267.1		
musFur1:GL898268	GL898268		GL898268.1		
musFur1:GL898269	GL898269		GL898269.1		
musFur1:GL898270	GL898270		GL898270.1		
musFur1:GL898271	GL898271		GL898271.1		
musFur1:GL898272	GL898272		GL898272.1		
musFur1:GL898273	GL898273		GL898273.1		
musFur1:GL898274	GL898274		GL898274.1		
musFur1:GL898275	GL898275		GL898275.1		
musFur1:GL898276	GL898276		GL898276.1		
musFur1:GL898277	GL898277		GL898277.1		
musFur1:GL898278	GL898278		GL898278.1		
musFur1:GL898279	GL898279		GL898279.1		
musFur1:GL898280	GL898280		GL898280.1		
musFur1:GL898281	GL898281		GL898281.1		
musFur1:GL898282	GL898282		GL898282.1		
musFur1:GL898283	GL898283		GL898283.1		
musFur1:GL898284	GL898284		GL898284.1		
musFur1:GL898285	GL898285		GL898285.1		
musFur1:GL898286	GL898286		GL898286.1		
musFur1:GL898287	GL898287		GL898287.1		
musFur1:GL898288	GL898288		GL898288.1		
musFur1:GL898289	GL898289		GL898289.1		
musFur1:GL898290	GL898290		GL898290.1		
musFur1:GL898291	GL898291		GL898291.1		
musFur1:GL898292	GL898292		GL898292.1		
musFur1:GL898293	GL898293		GL898293.1		
musFur1:GL898294	GL898294		GL898294.1		
musFur1:GL898295	GL898295		GL898295.1		
musFur1:GL898296	GL898296		GL898296.1		
musFur1:GL898297	GL898297		GL898297.1		
musFur1:GL898298	GL898298		GL898298.1		
musFur1:GL898299	GL898299		GL898299.1		
musFur1:GL898300	GL898300		GL898300.1		
musFur1:GL898301	GL898301		GL898301.1		
musFur1:GL898302	GL898302		GL898302.1		
musFur1:GL898303	GL898303		GL898303.1		
musFur1:GL898304	GL898304		GL898304.1		
musFur1:GL898305	GL898305		GL898305.1		
musFur1:GL898306	GL898306		GL898306.1		
musFur1:GL898307	GL898307		GL898307.1		
musFur1:GL898308	GL898308		GL898308.1		
musFur1:GL898309	GL898309		GL898309.1		
musFur1:GL898310	GL898310		GL898310.1		
musFur1:GL898311	GL898311		GL898311.1		
musFur1:GL898312	GL898312		GL898312.1		
musFur1:GL898313	GL898313		GL898313.1		
musFur1:GL898314	GL898314		GL898314.1		
musFur1:GL898315	GL898315		GL898315.1		
musFur1:GL898316	GL898316		GL898316.1		
musFur1:GL898317	GL898317		GL898317.1		
musFur1:GL898318	GL898318		GL898318.1		
musFur1:GL898319	GL898319		GL898319.1		
musFur1:GL898320	GL898320		GL898320.1		
musFur1:GL898321	GL898321		GL898321.1		
musFur1:GL898322	GL898322		GL898322.1		
musFur1:GL898323	GL898323		GL898323.1		
musFur1:GL898324	GL898324		GL898324.1		
musFur1:GL898325	GL898325		GL898325.1		
musFur1:GL898326	GL898326		GL898326.1		
musFur1:GL898327	GL898327		GL898327.1		
musFur1:GL898328	GL898328		GL898328.1		
musFur1:GL898329	GL898329		GL898329.1		
musFur1:GL898330	GL898330		GL898330.1		
musFur1:GL898331	GL898331		GL898331.1		
musFur1:GL898332	GL898332		GL898332.1		
musFur1:GL898333	GL898333		GL898333.1		
musFur1:GL898334	GL898334		GL898334.1		
musFur1:GL898335	GL898335		GL898335.1		
musFur1:GL898336	GL898336		GL898336.1		
musFur1:GL898337	GL898337		GL898337.1		
musFur1:GL898338	GL898338		GL898338.1		
musFur1:GL898339	GL898339		GL898339.1		
musFur1:GL898340	GL898340		GL898340.1		
musFur1:GL898341	GL898341		GL898341.1		
musFur1:GL898342	GL898342		GL898342.1		
musFur1:GL898343	GL898343		GL898343.1		
musFur1:GL898344	GL898344		GL898344.1		
musFur1:GL898345	GL898345		GL898345.1		
musFur1:GL898346	GL898346		GL898346.1		
musFur1:GL898347	GL898347		GL898347.1		
musFur1:GL898348	GL898348		GL898348.1		
musFur1:GL898349	GL898349		GL898349.1		
musFur1:GL898350	GL898350		GL898350.1		
musFur1:GL898351	GL898351		GL898351.1		
musFur1:GL898352	GL898352		GL898352.1		
musFur1:GL898353	GL898353		GL898353.1		
musFur1:GL898354	GL898354		GL898354.1		
musFur1:GL898355	GL898355		GL898355.1		
musFur1:GL898356	GL898356		GL898356.1		
musFur1:GL898357	GL898357		GL898357.1		
musFur1:GL898358	GL898358		GL898358.1		
musFur1:GL898359	GL898359		GL898359.1		
musFur1:GL898360	GL898360		GL898360.1		
musFur1:GL898361	GL898361		GL898361.1		
musFur1:GL898362	GL898362		GL898362.1		
musFur1:GL898363	GL898363		GL898363.1		
musFur1:GL898364	GL898364		GL898364.1		
musFur1:GL898365	GL898365		GL898365.1		
musFur1:GL898366	GL898366		GL898366.1		
musFur1:GL898367	GL898367		GL898367.1		
musFur1:GL898368	GL898368		GL898368.1		
musFur1:GL898369	GL898369		GL898369.1		
musFur1:GL898370	GL898370		GL898370.1		
musFur1:GL898371	GL898371		GL898371.1		
musFur1:GL898372	GL898372		GL898372.1		
musFur1:GL898373	GL898373		GL898373.1		
musFur1:GL898374	GL898374		GL898374.1		
musFur1:GL898375	GL898375		GL898375.1		
musFur1:GL898376	GL898376		GL898376.1		
musFur1:GL898377	GL898377		GL898377.1		
musFur1:GL898378	GL898378		GL898378.1		
musFur1:GL898379	GL898379		GL898379.1		
musFur1:GL898380	GL898380		GL898380.1		
musFur1:GL898381	GL898381		GL898381.1		
musFur1:GL898382	GL898382		GL898382.1		
musFur1:GL898383	GL898383		GL898383.1		
musFur1:GL898384	GL898384		GL898384.1		
musFur1:GL898385	GL898385		GL898385.1		
musFur1:GL898386	GL898386		GL898386.1		
musFur1:GL898387	GL898387		GL898387.1		
musFur1:GL898388	GL898388		GL898388.1		
musFur1:GL898389	GL898389		GL898389.1		
musFur1:GL898390	GL898390		GL898390.1		
musFur1:GL898391	GL898391		GL898391.1		
musFur1:GL898392	GL898392		GL898392.1		
musFur1:GL898393	GL898393		GL898393.1		
musFur1:GL898394	GL898394		GL898394.1		
musFur1:GL898395	GL898395		GL898395.1		
musFur1:GL898396	GL898396		GL898396.1		
musFur1:GL898397	GL898397		GL898397.1		
musFur1:GL898398	GL898398		GL898398.1		
musFur1:GL898399	GL898399		GL898399.1		
musFur1:GL898400	GL898400		GL898400.1		
musFur1:GL898401	GL898401		GL898401.1		
musFur1:GL898402	GL898402		GL898402.1		
musFur1:GL898403	GL898403		GL898403.1		
musFur1:GL898404	GL898404		GL898404.1		
musFur1:GL898405	GL898405		GL898405.1		
musFur1:GL898406	GL898406		GL898406.1		
musFur1:GL898407	GL898407		GL898407.1		
musFur1:GL898408	GL898408		GL898408.1		
musFur1:GL898409	GL898409		GL898409.1		
musFur1:GL898410	GL898410		GL898410.1		
musFur1:GL898411	GL898411		GL898411.1		
musFur1:GL898412	GL898412		GL898412.1		
musFur1:GL898413	GL898413		GL898413.1		
musFur1:GL898414	GL898414		GL898414.1		
musFur1:GL898415	GL898415		GL898415.1		
musFur1:GL898416	GL898416		GL898416.1		
musFur1:GL898417	GL898417		GL898417.1		
musFur1:GL898418	GL898418		GL898418.1		
musFur1:GL898419	GL898419		GL898419.1		
musFur1:GL898420	GL898420		GL898420.1		
musFur1:GL898421	GL898421		GL898421.1		
musFur1:GL898422	GL898422		GL898422.1		
musFur1:GL898423	GL898423		GL898423.1		
musFur1:GL898424	GL898424		GL898424.1		
musFur1:GL898425	GL898425		GL898425.1		
musFur1:GL898426	GL898426		GL898426.1		
musFur1:GL898427	GL898427		GL898427.1		
musFur1:GL898428	GL898428		GL898428.1		
musFur1:GL898429	GL898429		GL898429.1		
musFur1:GL898430	GL898430		GL898430.1		
musFur1:GL898431	GL898431		GL898431.1		
musFur1:GL898432	GL898432		GL898432.1		
musFur1:GL898433	GL898433		GL898433.1		
musFur1:GL898434	GL898434		GL898434.1		
musFur1:GL898435	GL898435		GL898435.1		
musFur1:GL898436	GL898436		GL898436.1		
musFur1:GL898437	GL898437		GL898437.1		
musFur1:GL898438	GL898438		GL898438.1		
musFur1:GL898439	GL898439		GL898439.1		
musFur1:GL898440	GL898440		GL898440.1		
musFur1:GL898441	GL898441		GL898441.1		
musFur1:GL898442	GL898442		GL898442.1		
musFur1:GL898443	GL898443		GL898443.1		
musFur1:GL898444	GL898444		GL898444.1		
musFur1:GL898445	GL898445		GL898445.1		
musFur1:GL898446	GL898446		GL898446.1		
musFur1:GL898447	GL898447		GL898447.1		
musFur1:GL898448	GL898448		GL898448.1		
musFur1:GL898449	GL898449		GL898449.1		
musFur1:GL898450	GL898450		GL898450.1		
musFur1:GL898451	GL898451		GL898451.1		
musFur1:GL898452	GL898452		GL898452.1		
musFur1:GL898453	GL898453		GL898453.1		
musFur1:GL898454	GL898454		GL898454.1		
musFur1:GL898455	GL898455		GL898455.1		
musFur1:GL898456	GL898456		GL898456.1		
musFur1:GL898457	GL898457		GL898457.1		
musFur1:GL898458	GL898458		GL898458.1		
musFur1:GL898459	GL898459		GL898459.1		
musFur1:GL898460	GL898460		GL898460.1		
musFur1:GL898461	GL898461		GL898461.1		
musFur1:GL898462	GL898462		GL898462.1		
musFur1:GL898463	GL898463		GL898463.1		
musFur1:GL898464	GL898464		GL898464.1		
musFur1:GL898465	GL898465		GL898465.1		
musFur1:GL898466	GL898466		GL898466.1		
musFur1:GL898467	GL898467		GL898467.1		
musFur1:GL898468	GL898468		GL898468.1		
musFur1:GL898469	GL898469		GL898469.1		
musFur1:GL898470	GL898470		GL898470.1		
musFur1:GL898471	GL898471		GL898471.1		
musFur1:GL898472	GL898472		GL898472.1		
musFur1:GL898473	GL898473		GL898473.1		
musFur1:GL898474	GL898474		GL898474.1		
musFur1:GL898475	GL898475		GL898475.1		
musFur1:GL898476	GL898476		GL898476.1		
musFur1:GL898477	GL898477		GL898477.1		
musFur1:GL898478	GL898478		GL898478.1		
musFur1:GL898479	GL898479		GL898479.1		
musFur1:GL898480	GL898480		GL898480.1		
musFur1:GL898481	GL898481		GL898481.1		
musFur1:GL898482	GL898482		GL898482.1		
musFur1:GL898483	GL898483		GL898483.1		
musFur1:GL898484	GL898484		GL898484.1		
musFur1:GL898485	GL898485		GL898485.1		
musFur1:GL898486	GL898486		GL898486.1		
musFur1:GL898487	GL898487		GL898487.1		
musFur1:GL898488	GL898488		GL898488.1		
musFur1:GL898489	GL898489		GL898489.1		
musFur1:GL898490	GL898490		GL898490.1		
musFur1:GL898491	GL898491		GL898491.1		
musFur1:GL898492	GL898492		GL898492.1		
musFur1:GL898493	GL898493		GL898493.1		
musFur1:GL898494	GL898494		GL898494.1		
musFur1:GL898495	GL898495		GL898495.1		
musFur1:GL898496	GL898496		GL898496.1		
musFur1:GL898497	GL898497		GL898497.1		
musFur1:GL898498	GL898498		GL898498.1		
musFur1:GL898499	GL898499		GL898499.1		
musFur1:GL898500	GL898500		GL898500.1		
musFur1:GL898501	GL898501		GL898501.1		
musFur1:GL898502	GL898502		GL898502.1		
musFur1:GL898503	GL898503		GL898503.1		
musFur1:GL898504	GL898504		GL898504.1		
musFur1:GL898505	GL898505		GL898505.1		
musFur1:GL898506	GL898506		GL898506.1		
musFur1:GL898507	GL898507		GL898507.1		
musFur1:GL898508	GL898508		GL898508.1		
musFur1:GL898509	GL898509		GL898509.1		
musFur1:GL898510	GL898510		GL898510.1		
musFur1:GL898511	GL898511		GL898511.1		
musFur1:GL898512	GL898512		GL898512.1		
musFur1:GL898513	GL898513		GL898513.1		
musFur1:GL898514	GL898514		GL898514.1		
musFur1:GL898515	GL898515		GL898515.1		
musFur1:GL898516	GL898516		GL898516.1		
musFur1:GL898517	GL898517		GL898517.1		
musFur1:GL898518	GL898518		GL898518.1		
musFur1:GL898519	GL898519		GL898519.1		
musFur1:GL898520	GL898520		GL898520.1		
musFur1:GL898521	GL898521		GL898521.1		
musFur1:GL898522	GL898522		GL898522.1		
musFur1:GL898523	GL898523		GL898523.1		
musFur1:GL898524	GL898524		GL898524.1		
musFur1:GL898525	GL898525		GL898525.1		
musFur1:GL898526	GL898526		GL898526.1		
musFur1:GL898527	GL898527		GL898527.1		
musFur1:GL898528	GL898528		GL898528.1		
musFur1:GL898529	GL898529		GL898529.1		
musFur1:GL898530	GL898530		GL898530.1		
musFur1:GL898531	GL898531		GL898531.1		
musFur1:GL898532	GL898532		GL898532.1		
musFur1:GL898533	GL898533		GL898533.1		
musFur1:GL898534	GL898534		GL898534.1		
musFur1:GL898535	GL898535		GL898535.1		
musFur1:GL898536	GL898536		GL898536.1		
musFur1:GL898537	GL898537		GL898537.1		
musFur1:GL898538	GL898538		GL898538.1		
musFur1:GL898539	GL898539		GL898539.1		
musFur1:GL898540	GL898540		GL898540.1		
musFur1:GL898541	GL898541		GL898541.1		
musFur1:GL898542	GL898542		GL898542.1		
musFur1:GL898543	GL898543		GL898543.1		
musFur1:GL898544	GL898544		GL898544.1		
musFur1:GL898545	GL898545		GL898545.1		
musFur1:GL898546	GL898546		GL898546.1		
musFur1:GL898547	GL898547		GL898547.1		
musFur1:GL898548	GL898548		GL898548.1		
musFur1:GL898549	GL898549		GL898549.1		
musFur1:GL898550	GL898550		GL898550.1		
musFur1:GL898551	GL898551		GL898551.1		
musFur1:GL898552	GL898552		GL898552.1		
musFur1:GL898553	GL898553		GL898553.1		
musFur1:GL898554	GL898554		GL898554.1		
musFur1:GL898555	GL898555		GL898555.1		
musFur1:GL898556	GL898556		GL898556.1		
musFur1:GL898557	GL898557		GL898557.1		
musFur1:GL898558	GL898558		GL898558.1		
musFur1:GL898559	GL898559		GL898559.1		
musFur1:GL898560	GL898560		GL898560.1		
musFur1:GL898561	GL898561		GL898561.1		
musFur1:GL898562	GL898562		GL898562.1		
musFur1:GL898563	GL898563		GL898563.1		
musFur1:GL898564	GL898564		GL898564.1		
musFur1:GL898565	GL898565		GL898565.1		
musFur1:GL898566	GL898566		GL898566.1		
musFur1:GL898567	GL898567		GL898567.1		
musFur1:GL898568	GL898568		GL898568.1		
musFur1:GL898569	GL898569		GL898569.1		
musFur1:GL898570	GL898570		GL898570.1		
musFur1:GL898571	GL898571		GL898571.1		
musFur1:GL898572	GL898572		GL898572.1		
musFur1:GL898573	GL898573		GL898573.1		
musFur1:GL898574	GL898574		GL898574.1		
musFur1:GL898575	GL898575		GL898575.1		
musFur1:GL898576	GL898576		GL898576.1		
musFur1:GL898577	GL898577		GL898577.1		
musFur1:GL898578	GL898578		GL898578.1		
musFur1:GL898579	GL898579		GL898579.1		
musFur1:GL898580	GL898580		GL898580.1		
musFur1:GL898581	GL898581		GL898581.1		
musFur1:GL898582	GL898582		GL898582.1		
musFur1:GL898583	GL898583		GL898583.1		
musFur1:GL898584	GL898584		GL898584.1		
musFur1:GL898585	GL898585		GL898585.1		
musFur1:GL898586	GL898586		GL898586.1		
musFur1:GL898587	GL898587		GL898587.1		
musFur1:GL898588	GL898588		GL898588.1		
musFur1:GL898589	GL898589		GL898589.1		
musFur1:GL898590	GL898590		GL898590.1		
musFur1:GL898591	GL898591		GL898591.1		
musFur1:GL898592	GL898592		GL898592.1		
musFur1:GL898593	GL898593		GL898593.1		
musFur1:GL898594	GL898594		GL898594.1		
musFur1:GL898595	GL898595		GL898595.1		
musFur1:GL898596	GL898596		GL898596.1		
musFur1:GL898597	GL898597		GL898597.1		
musFur1:GL898598	GL898598		GL898598.1		
musFur1:GL898599	GL898599		GL898599.1		
musFur1:GL898600	GL898600		GL898600.1		
musFur1:GL898601	GL898601		GL898601.1		
musFur1:GL898602	GL898602		GL898602.1		
musFur1:GL898603	GL898603		GL898603.1		
musFur1:GL898604	GL898604		GL898604.1		
musFur1:GL898605	GL898605		GL898605.1		
musFur1:GL898606	GL898606		GL898606.1		
musFur1:GL898607	GL898607		GL898607.1		
musFur1:GL898608	GL898608		GL898608.1		
musFur1:GL898609	GL898609		GL898609.1		
musFur1:GL898610	GL898610		GL898610.1		
musFur1:GL898611	GL898611		GL898611.1		
musFur1:GL898612	GL898612		GL898612.1		
musFur1:GL898613	GL898613		GL898613.1		
musFur1:GL898614	GL898614		GL898614.1		
musFur1:GL898615	GL898615		GL898615.1		
musFur1:GL898616	GL898616		GL898616.1		
musFur1:GL898617	GL898617		GL898617.1		
musFur1:GL898618	GL898618		GL898618.1		
musFur1:GL898619	GL898619		GL898619.1		
musFur1:GL898620	GL898620		GL898620.1		
musFur1:GL898621	GL898621		GL898621.1		
musFur1:GL898622	GL898622		GL898622.1		
musFur1:GL898623	GL898623		GL898623.1		
musFur1:GL898624	GL898624		GL898624.1		
musFur1:GL898625	GL898625		GL898625.1		
musFur1:GL898626	GL898626		GL898626.1		
musFur1:GL898627	GL898627		GL898627.1		
musFur1:GL898628	GL898628		GL898628.1		
musFur1:GL898629	GL898629		GL898629.1		
musFur1:GL898630	GL898630		GL898630.1		
musFur1:GL898631	GL898631		GL898631.1		
musFur1:GL898632	GL898632		GL898632.1		
musFur1:GL898633	GL898633		GL898633.1		
musFur1:GL898634	GL898634		GL898634.1		
musFur1:GL898635	GL898635		GL898635.1		
musFur1:GL898636	GL898636		GL898636.1		
musFur1:GL898637	GL898637		GL898637.1		
musFur1:GL898638	GL898638		GL898638.1		
musFur1:GL898639	GL898639		GL898639.1		
musFur1:GL898640	GL898640		GL898640.1		
musFur1:GL898641	GL898641		GL898641.1		
musFur1:GL898642	GL898642		GL898642.1		
musFur1:GL898643	GL898643		GL898643.1		
musFur1:GL898644	GL898644		GL898644.1		
musFur1:GL898645	GL898645		GL898645.1		
musFur1:GL898646	GL898646		GL898646.1		
musFur1:GL898647	GL898647		GL898647.1		
musFur1:GL898648	GL898648		GL898648.1		
musFur1:GL898649	GL898649		GL898649.1		
musFur1:GL898650	GL898650		GL898650.1		
musFur1:GL898651	GL898651		GL898651.1		
musFur1:GL898652	GL898652		GL898652.1		
musFur1:GL898653	GL898653		GL898653.1		
musFur1:GL898654	GL898654		GL898654.1		
musFur1:GL898655	GL898655		GL898655.1		
musFur1:GL898656	GL898656		GL898656.1		
musFur1:GL898657	GL898657		GL898657.1		
musFur1:GL898658	GL898658		GL898658.1		
musFur1:GL898659	GL898659		GL898659.1		
musFur1:GL898660	GL898660		GL898660.1		
musFur1:GL898661	GL898661		GL898661.1		
musFur1:GL898662	GL898662		GL898662.1		
musFur1:GL898663	GL898663		GL898663.1		
musFur1:GL898664	GL898664		GL898664.1		
musFur1:GL898665	GL898665		GL898665.1		
musFur1:GL898666	GL898666		GL898666.1		
musFur1:GL898667	GL898667		GL898667.1		
musFur1:GL898668	GL898668		GL898668.1		
musFur1:GL898669	GL898669		GL898669.1		
musFur1:GL898670	GL898670		GL898670.1		
musFur1:GL898671	GL898671		GL898671.1		
musFur1:GL898672	GL898672		GL898672.1		
musFur1:GL898673	GL898673		GL898673.1		
musFur1:GL898674	GL898674		GL898674.1		
musFur1:GL898675	GL898675		GL898675.1		
musFur1:GL898676	GL898676		GL898676.1		
musFur1:GL898677	GL898677		GL898677.1		
musFur1:GL898678	GL898678		GL898678.1		
musFur1:GL898679	GL898679		GL898679.1		
musFur1:GL898680	GL898680		GL898680.1		
musFur1:GL898681	GL898681		GL898681.1		
musFur1:GL898682	GL898682		GL898682.1		
musFur1:GL898683	GL898683		GL898683.1		
musFur1:GL898684	GL898684		GL898684.1		
musFur1:GL898685	GL898685		GL898685.1		
musFur1:GL898686	GL898686		GL898686.1		
musFur1:GL898687	GL898687		GL898687.1		
musFur1:GL898688	GL898688		GL898688.1		
musFur1:GL898689	GL898689		GL898689.1		
musFur1:GL898690	GL898690		GL898690.1		
musFur1:GL898691	GL898691		GL898691.1		
musFur1:GL898692	GL898692		GL898692.1		
musFur1:GL898693	GL898693		GL898693.1		
musFur1:GL898694	GL898694		GL898694.1		
musFur1:GL898695	GL898695		GL898695.1		
musFur1:GL898696	GL898696		GL898696.1		
musFur1:GL898697	GL898697		GL898697.1		
musFur1:GL898698	GL898698		GL898698.1		
musFur1:GL898699	GL898699		GL898699.1		
musFur1:GL898700	GL898700		GL898700.1		
musFur1:GL898701	GL898701		GL898701.1		
musFur1:GL898702	GL898702		GL898702.1		
musFur1:GL898703	GL898703		GL898703.1		
musFur1:GL898704	GL898704		GL898704.1		
musFur1:GL898705	GL898705		GL898705.1		
musFur1:GL898706	GL898706		GL898706.1		
musFur1:GL898707	GL898707		GL898707.1		
musFur1:GL898708	GL898708		GL898708.1		
musFur1:GL898709	GL898709		GL898709.1		
musFur1:GL898710	GL898710		GL898710.1		
musFur1:GL898711	GL898711		GL898711.1		
musFur1:GL898712	GL898712		GL898712.1		
musFur1:GL898713	GL898713		GL898713.1		
musFur1:GL898714	GL898714		GL898714.1		
musFur1:GL898715	GL898715		GL898715.1		
musFur1:GL898716	GL898716		GL898716.1		
musFur1:GL898717	GL898717		GL898717.1		
musFur1:GL898718	GL898718		GL898718.1		
musFur1:GL898719	GL898719		GL898719.1		
musFur1:GL898720	GL898720		GL898720.1		
musFur1:GL898721	GL898721		GL898721.1		
musFur1:GL898722	GL898722		GL898722.1		
musFur1:GL898723	GL898723		GL898723.1		
musFur1:GL898724	GL898724		GL898724.1		
musFur1:GL898725	GL898725		GL898725.1		
musFur1:GL898726	GL898726		GL898726.1		
musFur1:GL898727	GL898727		GL898727.1		
musFur1:GL898728	GL898728		GL898728.1		
musFur1:GL898729	GL898729		GL898729.1		
musFur1:GL898730	GL898730		GL898730.1		
musFur1:GL898731	GL898731		GL898731.1		
musFur1:GL898732	GL898732		GL898732.1		
musFur1:GL898733	GL898733		GL898733.1		
musFur1:GL898734	GL898734		GL898734.1		
musFur1:GL898735	GL898735		GL898735.1		
musFur1:GL898736	GL898736		GL898736.1		
musFur1:GL898737	GL898737		GL898737.1		
musFur1:GL898738	GL898738		GL898738.1		
musFur1:GL898739	GL898739		GL898739.1		
musFur1:GL898740	GL898740		GL898740.1		
musFur1:GL898741	GL898741		GL898741.1		
musFur1:GL898742	GL898742		GL898742.1		
musFur1:GL898743	GL898743		GL898743.1		
musFur1:GL898744	GL898744		GL898744.1		
musFur1:GL898745	GL898745		GL898745.1		
musFur1:GL898746	GL898746		GL898746.1		
musFur1:GL898747	GL898747		GL898747.1		
musFur1:GL898748	GL898748		GL898748.1		
musFur1:GL898749	GL898749		GL898749.1		
musFur1:GL898750	GL898750		GL898750.1		
musFur1:GL898751	GL898751		GL898751.1		
musFur1:GL898752	GL898752		GL898752.1		
musFur1:GL898753	GL898753		GL898753.1		
musFur1:GL898754	GL898754		GL898754.1		
musFur1:GL898755	GL898755		GL898755.1		
musFur1:GL898756	GL898756		GL898756.1		
musFur1:GL898757	GL898757		GL898757.1		
musFur1:GL898758	GL898758		GL898758.1		
musFur1:GL898759	GL898759		GL898759.1		
musFur1:GL898760	GL898760		GL898760.1		
musFur1:GL898761	GL898761		GL898761.1		
musFur1:GL898762	GL898762		GL898762.1		
musFur1:GL898763	GL898763		GL898763.1		
musFur1:GL898764	GL898764		GL898764.1		
musFur1:GL898765	GL898765		GL898765.1		
musFur1:GL898766	GL898766		GL898766.1		
musFur1:GL898767	GL898767		GL898767.1		
musFur1:GL898768	GL898768		GL898768.1		
