seq_id	ucsc	assembly	ensembl	genbank	refseq
oreNil2:AERX01071043-1	AERX01071043-1		AERX01071043.1	AERX01071043.1	NT_168351.1
oreNil2:AERX01071168-2	AERX01071168-2		AERX01071168.2	AERX01071168.2	NT_168370.1
oreNil2:AERX01071323-2	AERX01071323-2		AERX01071323.2	AERX01071323.2	NT_168398.1
oreNil2:AERX01071771-2	AERX01071771-2		AERX01071771.2	AERX01071771.2	NT_168484.1
oreNil2:AERX01071843-2	AERX01071843-2		AERX01071843.2	AERX01071843.2	NT_168502.1
oreNil2:AERX01072065-2	AERX01072065-2		AERX01072065.2	AERX01072065.2	NT_168557.1
oreNil2:AERX01072083-1	AERX01072083-1		AERX01072083.1	AERX01072083.1	NT_168563.1
oreNil2:AERX01072103-1	AERX01072103-1		AERX01072103.1	AERX01072103.1	NT_168569.1
oreNil2:AERX01072139-2	AERX01072139-2		AERX01072139.2	AERX01072139.2	NT_168580.1
oreNil2:AERX01072146-2	AERX01072146-2		AERX01072146.2	AERX01072146.2	NT_168583.1
oreNil2:AERX01072174-2	AERX01072174-2		AERX01072174.2	AERX01072174.2	NT_168591.1
oreNil2:AERX01072197-1	AERX01072197-1		AERX01072197.1	AERX01072197.1	NT_168597.1
oreNil2:AERX01072223-2	AERX01072223-2		AERX01072223.2	AERX01072223.2	NT_168604.1
oreNil2:AERX01072229-2	AERX01072229-2		AERX01072229.2	AERX01072229.2	NT_168607.1
oreNil2:AERX01072230-2	AERX01072230-2		AERX01072230.2	AERX01072230.2	NT_168608.1
oreNil2:AERX01072231-2	AERX01072231-2		AERX01072231.2	AERX01072231.2	NT_168609.1
oreNil2:AERX01072256-1	AERX01072256-1		AERX01072256.1	AERX01072256.1	NT_168617.1
oreNil2:AERX01072265-1	AERX01072265-1		AERX01072265.1	AERX01072265.1	NT_168620.1
oreNil2:AERX01072273-1	AERX01072273-1		AERX01072273.1	AERX01072273.1	NT_168623.1
oreNil2:AERX01072302-1	AERX01072302-1		AERX01072302.1	AERX01072302.1	NT_168634.1
oreNil2:AERX01072313-1	AERX01072313-1		AERX01072313.1	AERX01072313.1	NT_168639.1
oreNil2:AERX01072320-1	AERX01072320-1		AERX01072320.1	AERX01072320.1	NT_168642.1
oreNil2:AERX01072327-2	AERX01072327-2		AERX01072327.2	AERX01072327.2	NT_168645.1
oreNil2:AERX01072328-2	AERX01072328-2		AERX01072328.2	AERX01072328.2	NT_168646.1
oreNil2:AERX01072338-2	AERX01072338-2		AERX01072338.2	AERX01072338.2	NT_168649.1
oreNil2:AERX01072346-1	AERX01072346-1		AERX01072346.1	AERX01072346.1	NT_168653.1
oreNil2:AERX01072352-2	AERX01072352-2		AERX01072352.2	AERX01072352.2	NT_168656.1
oreNil2:AERX01072353-2	AERX01072353-2		AERX01072353.2	AERX01072353.2	NT_168657.1
oreNil2:AERX01072360-1	AERX01072360-1		AERX01072360.1	AERX01072360.1	NT_168660.1
oreNil2:AERX01072382-2	AERX01072382-2		AERX01072382.2	AERX01072382.2	NT_168668.1
oreNil2:AERX01072396-1	AERX01072396-1		AERX01072396.1	AERX01072396.1	NT_168674.1
oreNil2:AERX01072409-1	AERX01072409-1		AERX01072409.1	AERX01072409.1	NT_168678.1
oreNil2:AERX01072427-2	AERX01072427-2		AERX01072427.2	AERX01072427.2	NT_168685.1
oreNil2:AERX01072438-2	AERX01072438-2		AERX01072438.2	AERX01072438.2	NT_168689.1
oreNil2:AERX01072439-1	AERX01072439-1		AERX01072439.1	AERX01072439.1	NT_168690.1
oreNil2:AERX01072453-2	AERX01072453-2		AERX01072453.2	AERX01072453.2	NT_168695.1
oreNil2:AERX01072462-1	AERX01072462-1		AERX01072462.1	AERX01072462.1	NT_168699.1
oreNil2:AERX01072471-1	AERX01072471-1		AERX01072471.1	AERX01072471.1	NT_168702.1
oreNil2:AERX01072472-1	AERX01072472-1		AERX01072472.1	AERX01072472.1	NT_168703.1
oreNil2:AERX01072473-1	AERX01072473-1		AERX01072473.1	AERX01072473.1	NT_168704.1
oreNil2:AERX01072489-1	AERX01072489-1		AERX01072489.1	AERX01072489.1	NT_168711.1
oreNil2:AERX01072497-2	AERX01072497-2		AERX01072497.2	AERX01072497.2	NT_168714.1
oreNil2:AERX01072498-2	AERX01072498-2		AERX01072498.2	AERX01072498.2	NT_168715.1
oreNil2:AERX01072512-1	AERX01072512-1		AERX01072512.1	AERX01072512.1	NT_168721.1
oreNil2:AERX01072523-2	AERX01072523-2		AERX01072523.2	AERX01072523.2	NT_168725.1
oreNil2:AERX01072527-1	AERX01072527-1		AERX01072527.1	AERX01072527.1	NT_168727.1
oreNil2:AERX01072550-1	AERX01072550-1		AERX01072550.1	AERX01072550.1	NT_168736.1
oreNil2:AERX01072559-1	AERX01072559-1		AERX01072559.1	AERX01072559.1	NT_168740.1
oreNil2:AERX01072563-1	AERX01072563-1		AERX01072563.1	AERX01072563.1	NT_168742.1
oreNil2:AERX01072576-2	AERX01072576-2		AERX01072576.2	AERX01072576.2	NT_168747.1
oreNil2:AERX01072585-1	AERX01072585-1		AERX01072585.1	AERX01072585.1	NT_168751.1
oreNil2:AERX01072586-2	AERX01072586-2		AERX01072586.2	AERX01072586.2	NT_168752.1
oreNil2:AERX01072594-2	AERX01072594-2		AERX01072594.2	AERX01072594.2	NT_168756.1
oreNil2:AERX01072595-1	AERX01072595-1		AERX01072595.1	AERX01072595.1	NT_168757.1
oreNil2:AERX01072607-1	AERX01072607-1		AERX01072607.1	AERX01072607.1	NT_168762.1
oreNil2:AERX01072608-1	AERX01072608-1		AERX01072608.1	AERX01072608.1	NT_168763.1
oreNil2:AERX01072637-1	AERX01072637-1		AERX01072637.1	AERX01072637.1	NT_168774.1
oreNil2:AERX01072642-2	AERX01072642-2		AERX01072642.2	AERX01072642.2	NT_168777.1
oreNil2:AERX01072655-2	AERX01072655-2		AERX01072655.2	AERX01072655.2	NT_168782.1
oreNil2:AERX01072664-1	AERX01072664-1		AERX01072664.1	AERX01072664.1	NT_168786.1
oreNil2:AERX01072670-2	AERX01072670-2		AERX01072670.2	AERX01072670.2	NT_168789.1
oreNil2:AERX01072678-1	AERX01072678-1		AERX01072678.1	AERX01072678.1	NT_168793.1
oreNil2:AERX01072681-1	AERX01072681-1		AERX01072681.1	AERX01072681.1	NT_168795.1
oreNil2:AERX01072682-1	AERX01072682-1			AERX01072682.1	NT_168796.1
oreNil2:AERX01072686-1	AERX01072686-1		AERX01072686.1	AERX01072686.1	NT_168798.1
oreNil2:AERX01072691-1	AERX01072691-1		AERX01072691.1	AERX01072691.1	NT_168800.1
oreNil2:AERX01072692-1	AERX01072692-1		AERX01072692.1	AERX01072692.1	NT_168801.1
oreNil2:AERX01072693-2	AERX01072693-2		AERX01072693.2	AERX01072693.2	NT_168802.1
oreNil2:AERX01072700-2	AERX01072700-2		AERX01072700.2	AERX01072700.2	NT_168805.1
oreNil2:AERX01072707-2	AERX01072707-2		AERX01072707.2	AERX01072707.2	NT_168808.1
oreNil2:AERX01072708-1	AERX01072708-1		AERX01072708.1	AERX01072708.1	NT_168809.1
oreNil2:AERX01072731-2	AERX01072731-2		AERX01072731.2	AERX01072731.2	NT_168818.1
oreNil2:AERX01072735-2	AERX01072735-2		AERX01072735.2	AERX01072735.2	NT_168820.1
oreNil2:AERX01072738-1	AERX01072738-1		AERX01072738.1	AERX01072738.1	NT_168822.1
oreNil2:AERX01072745-2	AERX01072745-2		AERX01072745.2	AERX01072745.2	NT_168825.1
oreNil2:AERX01072755-1	AERX01072755-1		AERX01072755.1	AERX01072755.1	NT_168829.1
oreNil2:AERX01072756-1	AERX01072756-1		AERX01072756.1	AERX01072756.1	NT_168830.1
oreNil2:AERX01072764-2	AERX01072764-2		AERX01072764.2	AERX01072764.2	NT_168833.1
oreNil2:AERX01072770-2	AERX01072770-2		AERX01072770.2	AERX01072770.2	NT_168836.1
oreNil2:AERX01072771-2	AERX01072771-2		AERX01072771.2	AERX01072771.2	NT_168837.1
oreNil2:AERX01072772-1	AERX01072772-1		AERX01072772.1	AERX01072772.1	NT_168838.1
oreNil2:AERX01072780-2	AERX01072780-2		AERX01072780.2	AERX01072780.2	NT_168841.1
oreNil2:AERX01072781-1	AERX01072781-1		AERX01072781.1	AERX01072781.1	NT_168842.1
oreNil2:AERX01072793-2	AERX01072793-2		AERX01072793.2	AERX01072793.2	NT_168846.1
oreNil2:AERX01072801-1	AERX01072801-1		AERX01072801.1	AERX01072801.1	NT_168850.1
oreNil2:AERX01072807-1	AERX01072807-1		AERX01072807.1	AERX01072807.1	NT_168853.1
oreNil2:AERX01072808-2	AERX01072808-2		AERX01072808.2	AERX01072808.2	NT_168854.1
oreNil2:AERX01072809-2	AERX01072809-2		AERX01072809.2	AERX01072809.2	NT_168855.1
oreNil2:AERX01072812-2	AERX01072812-2		AERX01072812.2	AERX01072812.2	NT_168857.1
oreNil2:AERX01072816-2	AERX01072816-2		AERX01072816.2	AERX01072816.2	NT_168859.1
oreNil2:AERX01072817-1	AERX01072817-1		AERX01072817.1	AERX01072817.1	NT_168860.1
oreNil2:AERX01072818-2	AERX01072818-2		AERX01072818.2	AERX01072818.2	NT_168861.1
oreNil2:AERX01072822-1	AERX01072822-1		AERX01072822.1	AERX01072822.1	NT_168863.1
oreNil2:AERX01072823-1	AERX01072823-1		AERX01072823.1	AERX01072823.1	NT_168864.1
oreNil2:AERX01072832-1	AERX01072832-1		AERX01072832.1	AERX01072832.1	NT_168868.1
oreNil2:AERX01072833-1	AERX01072833-1		AERX01072833.1	AERX01072833.1	NT_168869.1
oreNil2:AERX01072845-1	AERX01072845-1		AERX01072845.1	AERX01072845.1	NT_168874.1
oreNil2:AERX01072846-2	AERX01072846-2		AERX01072846.2	AERX01072846.2	NT_168875.1
oreNil2:AERX01072856-2	AERX01072856-2		AERX01072856.2	AERX01072856.2	NT_168879.1
oreNil2:AERX01072857-1	AERX01072857-1		AERX01072857.1	AERX01072857.1	NT_168880.1
oreNil2:AERX01072865-2	AERX01072865-2		AERX01072865.2	AERX01072865.2	NT_168883.1
oreNil2:AERX01072866-2	AERX01072866-2		AERX01072866.2	AERX01072866.2	NT_168884.1
oreNil2:AERX01072870-1	AERX01072870-1		AERX01072870.1	AERX01072870.1	NT_168886.1
oreNil2:AERX01072874-2	AERX01072874-2		AERX01072874.2	AERX01072874.2	NT_168888.1
oreNil2:AERX01072875-2	AERX01072875-2		AERX01072875.2	AERX01072875.2	NT_168889.1
oreNil2:AERX01072884-1	AERX01072884-1		AERX01072884.1	AERX01072884.1	NT_168893.1
oreNil2:AERX01072885-1	AERX01072885-1		AERX01072885.1	AERX01072885.1	NT_168894.1
oreNil2:AERX01072889-1	AERX01072889-1		AERX01072889.1	AERX01072889.1	NT_168896.1
oreNil2:AERX01072893-1	AERX01072893-1		AERX01072893.1	AERX01072893.1	NT_168898.1
oreNil2:AERX01072894-2	AERX01072894-2		AERX01072894.2	AERX01072894.2	NT_168899.1
oreNil2:AERX01072895-1	AERX01072895-1		AERX01072895.1	AERX01072895.1	NT_168900.1
oreNil2:AERX01072899-2	AERX01072899-2		AERX01072899.2	AERX01072899.2	NT_168902.1
oreNil2:AERX01072903-1	AERX01072903-1		AERX01072903.1	AERX01072903.1	NT_168904.1
oreNil2:AERX01072911-2	AERX01072911-2		AERX01072911.2	AERX01072911.2	NT_168908.1
oreNil2:AERX01072916-2	AERX01072916-2		AERX01072916.2	AERX01072916.2	NT_168911.1
oreNil2:AERX01072917-1	AERX01072917-1		AERX01072917.1	AERX01072917.1	NT_168912.1
oreNil2:AERX01072927-2	AERX01072927-2		AERX01072927.2	AERX01072927.2	NT_168916.1
oreNil2:AERX01072928-1	AERX01072928-1		AERX01072928.1	AERX01072928.1	NT_168917.1
oreNil2:AERX01072929-2	AERX01072929-2		AERX01072929.2	AERX01072929.2	NT_168918.1
oreNil2:AERX01072937-2	AERX01072937-2		AERX01072937.2	AERX01072937.2	NT_168922.1
oreNil2:AERX01072951-2	AERX01072951-2		AERX01072951.2	AERX01072951.2	NT_168928.1
oreNil2:AERX01072952-2	AERX01072952-2		AERX01072952.2	AERX01072952.2	NT_168929.1
oreNil2:AERX01072964-2	AERX01072964-2		AERX01072964.2	AERX01072964.2	NT_168934.1
oreNil2:AERX01072967-1	AERX01072967-1		AERX01072967.1	AERX01072967.1	NT_168936.1
oreNil2:AERX01072968-2	AERX01072968-2		AERX01072968.2	AERX01072968.2	NT_168937.1
oreNil2:AERX01072971-1	AERX01072971-1		AERX01072971.1	AERX01072971.1	NT_168939.1
oreNil2:AERX01072978-2	AERX01072978-2		AERX01072978.2	AERX01072978.2	NT_168942.1
oreNil2:AERX01072984-1	AERX01072984-1		AERX01072984.1	AERX01072984.1	NT_168945.1
oreNil2:AERX01072990-1	AERX01072990-1		AERX01072990.1	AERX01072990.1	NT_168948.1
oreNil2:AERX01072993-2	AERX01072993-2		AERX01072993.2	AERX01072993.2	NT_168950.1
oreNil2:AERX01072998-2	AERX01072998-2		AERX01072998.2	AERX01072998.2	NT_168953.1
oreNil2:AERX01072999-1	AERX01072999-1		AERX01072999.1	AERX01072999.1	NT_168954.1
oreNil2:AERX01073000-1	AERX01073000-1		AERX01073000.1	AERX01073000.1	NT_168955.1
oreNil2:AERX01073001-2	AERX01073001-2		AERX01073001.2	AERX01073001.2	NT_168956.1
oreNil2:AERX01073015-2	AERX01073015-2		AERX01073015.2	AERX01073015.2	NT_168962.1
oreNil2:AERX01073023-1	AERX01073023-1		AERX01073023.1	AERX01073023.1	NT_168966.1
oreNil2:AERX01073024-2	AERX01073024-2		AERX01073024.2	AERX01073024.2	NT_168967.1
oreNil2:AERX01073028-2	AERX01073028-2		AERX01073028.2	AERX01073028.2	NT_168969.1
oreNil2:AERX01073035-2	AERX01073035-2		AERX01073035.2	AERX01073035.2	NT_168972.1
oreNil2:AERX01073040-2	AERX01073040-2		AERX01073040.2	AERX01073040.2	NT_168975.1
oreNil2:AERX01073044-1	AERX01073044-1		AERX01073044.1	AERX01073044.1	NT_168977.1
oreNil2:AERX01073051-2	AERX01073051-2		AERX01073051.2	AERX01073051.2	NT_168980.1
oreNil2:AERX01073054-1	AERX01073054-1		AERX01073054.1	AERX01073054.1	NT_168982.1
oreNil2:AERX01073055-2	AERX01073055-2		AERX01073055.2	AERX01073055.2	NT_168983.1
oreNil2:AERX01073056-1	AERX01073056-1		AERX01073056.1	AERX01073056.1	NT_168984.1
oreNil2:AERX01073057-1	AERX01073057-1		AERX01073057.1	AERX01073057.1	NT_168985.1
oreNil2:AERX01073058-2	AERX01073058-2		AERX01073058.2	AERX01073058.2	NT_168986.1
oreNil2:AERX01073061-1	AERX01073061-1		AERX01073061.1	AERX01073061.1	NT_168988.1
oreNil2:AERX01073064-2	AERX01073064-2		AERX01073064.2	AERX01073064.2	NT_168990.1
oreNil2:AERX01073065-1	AERX01073065-1		AERX01073065.1	AERX01073065.1	NT_168991.1
oreNil2:AERX01073066-2	AERX01073066-2		AERX01073066.2	AERX01073066.2	NT_168992.1
oreNil2:AERX01073067-2	AERX01073067-2		AERX01073067.2	AERX01073067.2	NT_168993.1
oreNil2:AERX01073068-2	AERX01073068-2		AERX01073068.2	AERX01073068.2	NT_168994.1
oreNil2:AERX01073072-1	AERX01073072-1		AERX01073072.1	AERX01073072.1	NT_168996.1
oreNil2:AERX01073073-1	AERX01073073-1		AERX01073073.1	AERX01073073.1	NT_168997.1
oreNil2:AERX01073077-1	AERX01073077-1		AERX01073077.1	AERX01073077.1	NT_168999.1
oreNil2:AERX01073078-1	AERX01073078-1		AERX01073078.1	AERX01073078.1	NT_169000.1
oreNil2:AERX01073079-1	AERX01073079-1			AERX01073079.1	NT_169001.1
oreNil2:AERX01073080-2	AERX01073080-2		AERX01073080.2	AERX01073080.2	NT_169002.1
oreNil2:AERX01073087-1	AERX01073087-1		AERX01073087.1	AERX01073087.1	NT_169005.1
oreNil2:AERX01073093-2	AERX01073093-2		AERX01073093.2	AERX01073093.2	NT_169008.1
oreNil2:AERX01073094-2	AERX01073094-2		AERX01073094.2	AERX01073094.2	NT_169009.1
oreNil2:AERX01073095-2	AERX01073095-2		AERX01073095.2	AERX01073095.2	NT_169010.1
oreNil2:AERX01073096-2	AERX01073096-2		AERX01073096.2	AERX01073096.2	NT_169011.1
oreNil2:AERX01073101-2	AERX01073101-2		AERX01073101.2	AERX01073101.2	NT_169014.1
oreNil2:AERX01073109-1	AERX01073109-1		AERX01073109.1	AERX01073109.1	NT_169018.1
oreNil2:AERX01073124-1	AERX01073124-1		AERX01073124.1	AERX01073124.1	NT_169025.1
oreNil2:AERX01073125-2	AERX01073125-2		AERX01073125.2	AERX01073125.2	NT_169026.1
oreNil2:AERX01073126-1	AERX01073126-1		AERX01073126.1	AERX01073126.1	NT_169027.1
oreNil2:AERX01073129-1	AERX01073129-1		AERX01073129.1	AERX01073129.1	NT_169029.1
oreNil2:AERX01073139-1	AERX01073139-1		AERX01073139.1	AERX01073139.1	NT_169034.1
oreNil2:AERX01073140-2	AERX01073140-2		AERX01073140.2	AERX01073140.2	NT_169035.1
oreNil2:AERX01073141-2	AERX01073141-2		AERX01073141.2	AERX01073141.2	NT_169036.1
oreNil2:AERX01073142-2	AERX01073142-2		AERX01073142.2	AERX01073142.2	NT_169037.1
oreNil2:AERX01073148-2	AERX01073148-2		AERX01073148.2	AERX01073148.2	NT_169040.1
oreNil2:AERX01073156-1	AERX01073156-1		AERX01073156.1	AERX01073156.1	NT_169044.1
oreNil2:AERX01073157-2	AERX01073157-2		AERX01073157.2	AERX01073157.2	NT_169045.1
oreNil2:AERX01073158-1	AERX01073158-1		AERX01073158.1	AERX01073158.1	NT_169046.1
oreNil2:AERX01073159-1	AERX01073159-1		AERX01073159.1	AERX01073159.1	NT_169047.1
oreNil2:AERX01073162-2	AERX01073162-2		AERX01073162.2	AERX01073162.2	NT_169049.1
oreNil2:AERX01073167-2	AERX01073167-2		AERX01073167.2	AERX01073167.2	NT_169052.1
oreNil2:AERX01073172-2	AERX01073172-2		AERX01073172.2	AERX01073172.2	NT_169055.1
oreNil2:AERX01073173-1	AERX01073173-1		AERX01073173.1	AERX01073173.1	NT_169056.1
oreNil2:AERX01073180-1	AERX01073180-1		AERX01073180.1	AERX01073180.1	NT_169059.1
oreNil2:AERX01073188-2	AERX01073188-2		AERX01073188.2	AERX01073188.2	NT_169063.1
oreNil2:AERX01073189-1	AERX01073189-1		AERX01073189.1	AERX01073189.1	NT_169064.1
oreNil2:AERX01073190-2	AERX01073190-2		AERX01073190.2	AERX01073190.2	NT_169065.1
oreNil2:AERX01073191-2	AERX01073191-2		AERX01073191.2	AERX01073191.2	NT_169066.1
oreNil2:AERX01073196-1	AERX01073196-1		AERX01073196.1	AERX01073196.1	NT_169069.1
oreNil2:AERX01073197-2	AERX01073197-2		AERX01073197.2	AERX01073197.2	NT_169070.1
oreNil2:AERX01073202-1	AERX01073202-1		AERX01073202.1	AERX01073202.1	NT_169073.1
oreNil2:AERX01073203-1	AERX01073203-1		AERX01073203.1	AERX01073203.1	NT_169074.1
oreNil2:AERX01073206-2	AERX01073206-2		AERX01073206.2	AERX01073206.2	NT_169076.1
oreNil2:AERX01073207-2	AERX01073207-2		AERX01073207.2	AERX01073207.2	NT_169077.1
oreNil2:AERX01073211-1	AERX01073211-1		AERX01073211.1	AERX01073211.1	NT_169079.1
oreNil2:AERX01073233-1	AERX01073233-1		AERX01073233.1	AERX01073233.1	NT_169087.1
oreNil2:AERX01073234-1	AERX01073234-1		AERX01073234.1	AERX01073234.1	NT_169088.1
oreNil2:AERX01073239-2	AERX01073239-2		AERX01073239.2	AERX01073239.2	NT_169091.1
oreNil2:AERX01073243-2	AERX01073243-2		AERX01073243.2	AERX01073243.2	NT_169093.1
oreNil2:AERX01073249-1	AERX01073249-1		AERX01073249.1	AERX01073249.1	NT_169096.1
oreNil2:AERX01073255-1	AERX01073255-1		AERX01073255.1	AERX01073255.1	NT_169099.1
oreNil2:AERX01073256-2	AERX01073256-2		AERX01073256.2	AERX01073256.2	NT_169100.1
oreNil2:AERX01073257-2	AERX01073257-2		AERX01073257.2	AERX01073257.2	NT_169101.1
oreNil2:AERX01073258-1	AERX01073258-1		AERX01073258.1	AERX01073258.1	NT_169102.1
oreNil2:AERX01073259-2	AERX01073259-2		AERX01073259.2	AERX01073259.2	NT_169103.1
oreNil2:AERX01073260-2	AERX01073260-2		AERX01073260.2	AERX01073260.2	NT_169104.1
oreNil2:AERX01073263-1	AERX01073263-1		AERX01073263.1	AERX01073263.1	NT_169106.1
oreNil2:AERX01073264-1	AERX01073264-1		AERX01073264.1	AERX01073264.1	NT_169107.1
oreNil2:AERX01073267-2	AERX01073267-2		AERX01073267.2	AERX01073267.2	NT_169109.1
oreNil2:AERX01073270-2	AERX01073270-2		AERX01073270.2	AERX01073270.2	NT_169111.1
oreNil2:AERX01073271-2	AERX01073271-2		AERX01073271.2	AERX01073271.2	NT_169112.1
oreNil2:AERX01073272-2	AERX01073272-2		AERX01073272.2	AERX01073272.2	NT_169113.1
oreNil2:AERX01073277-1	AERX01073277-1		AERX01073277.1	AERX01073277.1	NT_169116.1
oreNil2:AERX01073278-2	AERX01073278-2		AERX01073278.2	AERX01073278.2	NT_169117.1
oreNil2:AERX01073287-1	AERX01073287-1		AERX01073287.1	AERX01073287.1	NT_169121.1
oreNil2:AERX01073290-1	AERX01073290-1		AERX01073290.1	AERX01073290.1	NT_169123.1
oreNil2:AERX01073291-1	AERX01073291-1			AERX01073291.1	NT_169124.1
oreNil2:AERX01073294-1	AERX01073294-1		AERX01073294.1	AERX01073294.1	NT_169126.1
oreNil2:AERX01073295-1	AERX01073295-1			AERX01073295.1	NT_169127.1
oreNil2:AERX01073306-1	AERX01073306-1		AERX01073306.1	AERX01073306.1	NT_169132.1
oreNil2:AERX01073307-1	AERX01073307-1		AERX01073307.1	AERX01073307.1	NT_169133.1
oreNil2:AERX01073308-2	AERX01073308-2		AERX01073308.2	AERX01073308.2	NT_169134.1
oreNil2:AERX01073309-2	AERX01073309-2		AERX01073309.2	AERX01073309.2	NT_169135.1
oreNil2:AERX01073314-2	AERX01073314-2		AERX01073314.2	AERX01073314.2	NT_169138.1
oreNil2:AERX01073321-2	AERX01073321-2		AERX01073321.2	AERX01073321.2	NT_169141.1
oreNil2:AERX01073322-1	AERX01073322-1		AERX01073322.1	AERX01073322.1	NT_169142.1
oreNil2:AERX01073330-1	AERX01073330-1		AERX01073330.1	AERX01073330.1	NT_169146.1
oreNil2:AERX01073338-2	AERX01073338-2		AERX01073338.2	AERX01073338.2	NT_169150.1
oreNil2:AERX01073339-2	AERX01073339-2		AERX01073339.2	AERX01073339.2	NT_169151.1
oreNil2:AERX01073340-2	AERX01073340-2		AERX01073340.2	AERX01073340.2	NT_169152.1
oreNil2:AERX01073345-2	AERX01073345-2		AERX01073345.2	AERX01073345.2	NT_169155.1
oreNil2:AERX01073357-1	AERX01073357-1		AERX01073357.1	AERX01073357.1	NT_169161.1
oreNil2:AERX01073364-2	AERX01073364-2		AERX01073364.2	AERX01073364.2	NT_169165.1
oreNil2:AERX01073371-1	AERX01073371-1		AERX01073371.1	AERX01073371.1	NT_169169.1
oreNil2:AERX01073374-1	AERX01073374-1		AERX01073374.1	AERX01073374.1	NT_169171.1
oreNil2:AERX01073377-1	AERX01073377-1		AERX01073377.1	AERX01073377.1	NT_169173.1
oreNil2:AERX01073380-1	AERX01073380-1		AERX01073380.1	AERX01073380.1	NT_169175.1
oreNil2:AERX01073383-1	AERX01073383-1		AERX01073383.1	AERX01073383.1	NT_169177.1
oreNil2:AERX01073384-1	AERX01073384-1		AERX01073384.1	AERX01073384.1	NT_169178.1
oreNil2:AERX01073387-2	AERX01073387-2		AERX01073387.2	AERX01073387.2	NT_169180.1
oreNil2:AERX01073392-1	AERX01073392-1		AERX01073392.1	AERX01073392.1	NT_169183.1
oreNil2:AERX01073393-2	AERX01073393-2		AERX01073393.2	AERX01073393.2	NT_169184.1
oreNil2:AERX01073397-2	AERX01073397-2		AERX01073397.2	AERX01073397.2	NT_169186.1
oreNil2:AERX01073398-1	AERX01073398-1		AERX01073398.1	AERX01073398.1	NT_169187.1
oreNil2:AERX01073409-1	AERX01073409-1		AERX01073409.1	AERX01073409.1	NT_169193.1
oreNil2:AERX01073410-2	AERX01073410-2		AERX01073410.2	AERX01073410.2	NT_169194.1
oreNil2:AERX01073411-2	AERX01073411-2		AERX01073411.2	AERX01073411.2	NT_169195.1
oreNil2:AERX01073414-1	AERX01073414-1		AERX01073414.1	AERX01073414.1	NT_169197.1
oreNil2:AERX01073415-1	AERX01073415-1			AERX01073415.1	NT_169198.1
oreNil2:AERX01073416-1	AERX01073416-1		AERX01073416.1	AERX01073416.1	NT_169199.1
oreNil2:AERX01073417-1	AERX01073417-1		AERX01073417.1	AERX01073417.1	NT_169200.1
oreNil2:AERX01073420-2	AERX01073420-2		AERX01073420.2	AERX01073420.2	NT_169202.1
oreNil2:AERX01073427-1	AERX01073427-1		AERX01073427.1	AERX01073427.1	NT_169206.1
oreNil2:AERX01073428-1	AERX01073428-1			AERX01073428.1	NT_169207.1
oreNil2:AERX01073440-2	AERX01073440-2		AERX01073440.2	AERX01073440.2	NT_169213.1
oreNil2:AERX01073445-2	AERX01073445-2		AERX01073445.2	AERX01073445.2	NT_169216.1
oreNil2:AERX01073446-1	AERX01073446-1		AERX01073446.1	AERX01073446.1	NT_169217.1
oreNil2:AERX01073447-1	AERX01073447-1		AERX01073447.1	AERX01073447.1	NT_169218.1
oreNil2:AERX01073448-2	AERX01073448-2		AERX01073448.2	AERX01073448.2	NT_169219.1
oreNil2:AERX01073449-2	AERX01073449-2		AERX01073449.2	AERX01073449.2	NT_169220.1
oreNil2:AERX01073450-2	AERX01073450-2		AERX01073450.2	AERX01073450.2	NT_169221.1
oreNil2:AERX01073455-2	AERX01073455-2		AERX01073455.2	AERX01073455.2	NT_169224.1
oreNil2:AERX01073456-1	AERX01073456-1		AERX01073456.1	AERX01073456.1	NT_169225.1
oreNil2:AERX01073457-1	AERX01073457-1		AERX01073457.1	AERX01073457.1	NT_169226.1
oreNil2:AERX01073464-1	AERX01073464-1		AERX01073464.1	AERX01073464.1	NT_169230.1
oreNil2:AERX01073467-2	AERX01073467-2		AERX01073467.2	AERX01073467.2	NT_169232.1
oreNil2:AERX01073468-2	AERX01073468-2		AERX01073468.2	AERX01073468.2	NT_169233.1
oreNil2:AERX01073469-2	AERX01073469-2		AERX01073469.2	AERX01073469.2	NT_169234.1
oreNil2:AERX01073470-2	AERX01073470-2		AERX01073470.2	AERX01073470.2	NT_169235.1
oreNil2:AERX01073471-1	AERX01073471-1		AERX01073471.1	AERX01073471.1	NT_169236.1
oreNil2:AERX01073472-2	AERX01073472-2		AERX01073472.2	AERX01073472.2	NT_169237.1
oreNil2:AERX01073473-1	AERX01073473-1		AERX01073473.1	AERX01073473.1	NT_169238.1
oreNil2:AERX01073474-2	AERX01073474-2		AERX01073474.2	AERX01073474.2	NT_169239.1
oreNil2:AERX01073475-1	AERX01073475-1		AERX01073475.1	AERX01073475.1	NT_169240.1
oreNil2:AERX01073476-2	AERX01073476-2		AERX01073476.2	AERX01073476.2	NT_169241.1
oreNil2:AERX01073479-2	AERX01073479-2		AERX01073479.2	AERX01073479.2	NT_169243.1
oreNil2:AERX01073486-2	AERX01073486-2		AERX01073486.2	AERX01073486.2	NT_169247.1
oreNil2:AERX01073489-2	AERX01073489-2		AERX01073489.2	AERX01073489.2	NT_169249.1
oreNil2:AERX01073494-1	AERX01073494-1		AERX01073494.1	AERX01073494.1	NT_169252.1
oreNil2:AERX01073497-2	AERX01073497-2		AERX01073497.2	AERX01073497.2	NT_169254.1
oreNil2:AERX01073500-2	AERX01073500-2		AERX01073500.2	AERX01073500.2	NT_169256.1
oreNil2:AERX01073503-1	AERX01073503-1		AERX01073503.1	AERX01073503.1	NT_169258.1
oreNil2:AERX01073506-1	AERX01073506-1		AERX01073506.1	AERX01073506.1	NT_169260.1
oreNil2:AERX01073510-1	AERX01073510-1		AERX01073510.1	AERX01073510.1	NT_169262.1
oreNil2:AERX01073511-1	AERX01073511-1		AERX01073511.1	AERX01073511.1	NT_169263.1
oreNil2:AERX01073512-1	AERX01073512-1		AERX01073512.1	AERX01073512.1	NT_169264.1
oreNil2:AERX01073513-1	AERX01073513-1		AERX01073513.1	AERX01073513.1	NT_169265.1
oreNil2:AERX01073522-2	AERX01073522-2		AERX01073522.2	AERX01073522.2	NT_169270.1
oreNil2:AERX01073523-2	AERX01073523-2			AERX01073523.2	NT_169271.1
oreNil2:AERX01073524-2	AERX01073524-2		AERX01073524.2	AERX01073524.2	NT_169272.1
oreNil2:AERX01073527-2	AERX01073527-2		AERX01073527.2	AERX01073527.2	NT_169274.1
oreNil2:AERX01073528-2	AERX01073528-2		AERX01073528.2	AERX01073528.2	NT_169275.1
oreNil2:AERX01073529-1	AERX01073529-1		AERX01073529.1	AERX01073529.1	NT_169276.1
oreNil2:AERX01073530-2	AERX01073530-2		AERX01073530.2	AERX01073530.2	NT_169277.1
oreNil2:AERX01073539-2	AERX01073539-2		AERX01073539.2	AERX01073539.2	NT_169282.1
oreNil2:AERX01073544-2	AERX01073544-2		AERX01073544.2	AERX01073544.2	NT_169285.1
oreNil2:AERX01073547-2	AERX01073547-2		AERX01073547.2	AERX01073547.2	NT_169287.1
oreNil2:AERX01073554-1	AERX01073554-1		AERX01073554.1	AERX01073554.1	NT_169291.1
oreNil2:AERX01073555-1	AERX01073555-1		AERX01073555.1	AERX01073555.1	NT_169292.1
oreNil2:AERX01073558-2	AERX01073558-2		AERX01073558.2	AERX01073558.2	NT_169294.1
oreNil2:AERX01073563-2	AERX01073563-2		AERX01073563.2	AERX01073563.2	NT_169297.1
oreNil2:AERX01073564-2	AERX01073564-2		AERX01073564.2	AERX01073564.2	NT_169298.1
oreNil2:AERX01073565-2	AERX01073565-2		AERX01073565.2	AERX01073565.2	NT_169299.1
oreNil2:AERX01073566-2	AERX01073566-2		AERX01073566.2	AERX01073566.2	NT_169300.1
oreNil2:AERX01073576-1	AERX01073576-1		AERX01073576.1	AERX01073576.1	NT_169305.1
oreNil2:AERX01073585-2	AERX01073585-2		AERX01073585.2	AERX01073585.2	NT_169310.1
oreNil2:AERX01073590-2	AERX01073590-2		AERX01073590.2	AERX01073590.2	NT_169313.1
oreNil2:AERX01073591-2	AERX01073591-2		AERX01073591.2	AERX01073591.2	NT_169314.1
oreNil2:AERX01073598-1	AERX01073598-1		AERX01073598.1	AERX01073598.1	NT_169318.1
oreNil2:AERX01073599-2	AERX01073599-2		AERX01073599.2	AERX01073599.2	NT_169319.1
oreNil2:AERX01073602-1	AERX01073602-1		AERX01073602.1	AERX01073602.1	NT_169321.1
oreNil2:AERX01073607-2	AERX01073607-2		AERX01073607.2	AERX01073607.2	NT_169324.1
oreNil2:AERX01073610-1	AERX01073610-1		AERX01073610.1	AERX01073610.1	NT_169326.1
oreNil2:AERX01073613-2	AERX01073613-2		AERX01073613.2	AERX01073613.2	NT_169328.1
oreNil2:AERX01073619-1	AERX01073619-1		AERX01073619.1	AERX01073619.1	NT_169331.1
oreNil2:AERX01073620-2	AERX01073620-2		AERX01073620.2	AERX01073620.2	NT_169332.1
oreNil2:AERX01073625-2	AERX01073625-2		AERX01073625.2	AERX01073625.2	NT_169335.1
oreNil2:AERX01073626-1	AERX01073626-1		AERX01073626.1	AERX01073626.1	NT_169336.1
oreNil2:AERX01073634-2	AERX01073634-2		AERX01073634.2	AERX01073634.2	NT_169340.1
oreNil2:AERX01073635-1	AERX01073635-1		AERX01073635.1	AERX01073635.1	NT_169341.1
oreNil2:AERX01073640-2	AERX01073640-2		AERX01073640.2	AERX01073640.2	NT_169344.1
oreNil2:AERX01073641-2	AERX01073641-2		AERX01073641.2	AERX01073641.2	NT_169345.1
oreNil2:AERX01073644-1	AERX01073644-1		AERX01073644.1	AERX01073644.1	NT_169347.1
oreNil2:AERX01073645-2	AERX01073645-2		AERX01073645.2	AERX01073645.2	NT_169348.1
oreNil2:AERX01073646-1	AERX01073646-1		AERX01073646.1	AERX01073646.1	NT_169349.1
oreNil2:AERX01073647-2	AERX01073647-2		AERX01073647.2	AERX01073647.2	NT_169350.1
oreNil2:AERX01073650-2	AERX01073650-2		AERX01073650.2	AERX01073650.2	NT_169352.1
oreNil2:AERX01073657-1	AERX01073657-1		AERX01073657.1	AERX01073657.1	NT_169356.1
oreNil2:AERX01073658-1	AERX01073658-1		AERX01073658.1	AERX01073658.1	NT_169357.1
oreNil2:AERX01073659-2	AERX01073659-2		AERX01073659.2	AERX01073659.2	NT_169358.1
oreNil2:AERX01073660-1	AERX01073660-1		AERX01073660.1	AERX01073660.1	NT_169359.1
oreNil2:AERX01073661-2	AERX01073661-2		AERX01073661.2	AERX01073661.2	NT_169360.1
oreNil2:AERX01073664-1	AERX01073664-1		AERX01073664.1	AERX01073664.1	NT_169362.1
oreNil2:AERX01073665-1	AERX01073665-1		AERX01073665.1	AERX01073665.1	NT_169363.1
oreNil2:AERX01073670-2	AERX01073670-2		AERX01073670.2	AERX01073670.2	NT_169366.1
oreNil2:AERX01073673-1	AERX01073673-1		AERX01073673.1	AERX01073673.1	NT_169368.1
oreNil2:AERX01073676-2	AERX01073676-2		AERX01073676.2	AERX01073676.2	NT_169370.1
oreNil2:AERX01073682-1	AERX01073682-1		AERX01073682.1	AERX01073682.1	NT_169373.1
oreNil2:AERX01073685-1	AERX01073685-1		AERX01073685.1	AERX01073685.1	NT_169375.1
oreNil2:AERX01073686-1	AERX01073686-1		AERX01073686.1	AERX01073686.1	NT_169376.1
oreNil2:AERX01073691-2	AERX01073691-2		AERX01073691.2	AERX01073691.2	NT_169379.1
oreNil2:AERX01073692-1	AERX01073692-1		AERX01073692.1	AERX01073692.1	NT_169380.1
oreNil2:AERX01073693-1	AERX01073693-1		AERX01073693.1	AERX01073693.1	NT_169381.1
oreNil2:AERX01073696-1	AERX01073696-1		AERX01073696.1	AERX01073696.1	NT_169383.1
oreNil2:AERX01073699-1	AERX01073699-1		AERX01073699.1	AERX01073699.1	NT_169385.1
oreNil2:AERX01073700-1	AERX01073700-1		AERX01073700.1	AERX01073700.1	NT_169386.1
oreNil2:AERX01073701-1	AERX01073701-1			AERX01073701.1	NT_169387.1
oreNil2:AERX01073704-2	AERX01073704-2		AERX01073704.2	AERX01073704.2	NT_169389.1
oreNil2:AERX01073705-2	AERX01073705-2		AERX01073705.2	AERX01073705.2	NT_169390.1
oreNil2:AERX01073708-1	AERX01073708-1		AERX01073708.1	AERX01073708.1	NT_169392.1
oreNil2:AERX01073713-1	AERX01073713-1		AERX01073713.1	AERX01073713.1	NT_169395.1
oreNil2:AERX01073716-1	AERX01073716-1		AERX01073716.1	AERX01073716.1	NT_169397.1
oreNil2:AERX01073717-1	AERX01073717-1		AERX01073717.1	AERX01073717.1	NT_169398.1
oreNil2:AERX01073718-1	AERX01073718-1		AERX01073718.1	AERX01073718.1	NT_169399.1
oreNil2:AERX01073723-2	AERX01073723-2		AERX01073723.2	AERX01073723.2	NT_169402.1
oreNil2:AERX01073724-2	AERX01073724-2		AERX01073724.2	AERX01073724.2	NT_169403.1
oreNil2:AERX01073725-2	AERX01073725-2		AERX01073725.2	AERX01073725.2	NT_169404.1
oreNil2:AERX01073726-1	AERX01073726-1		AERX01073726.1	AERX01073726.1	NT_169405.1
oreNil2:AERX01073727-1	AERX01073727-1		AERX01073727.1	AERX01073727.1	NT_169406.1
oreNil2:AERX01073728-1	AERX01073728-1		AERX01073728.1	AERX01073728.1	NT_169407.1
oreNil2:AERX01073731-2	AERX01073731-2		AERX01073731.2	AERX01073731.2	NT_169409.1
oreNil2:AERX01073734-1	AERX01073734-1		AERX01073734.1	AERX01073734.1	NT_169411.1
oreNil2:AERX01073735-2	AERX01073735-2		AERX01073735.2	AERX01073735.2	NT_169412.1
oreNil2:AERX01073739-1	AERX01073739-1		AERX01073739.1	AERX01073739.1	NT_169414.1
oreNil2:AERX01073740-1	AERX01073740-1		AERX01073740.1	AERX01073740.1	NT_169415.1
oreNil2:AERX01073746-2	AERX01073746-2		AERX01073746.2	AERX01073746.2	NT_169418.1
oreNil2:AERX01073747-1	AERX01073747-1		AERX01073747.1	AERX01073747.1	NT_169419.1
oreNil2:AERX01073752-1	AERX01073752-1		AERX01073752.1	AERX01073752.1	NT_169422.1
oreNil2:AERX01073755-2	AERX01073755-2		AERX01073755.2	AERX01073755.2	NT_169424.1
oreNil2:AERX01073756-2	AERX01073756-2		AERX01073756.2	AERX01073756.2	NT_169425.1
oreNil2:AERX01073763-1	AERX01073763-1		AERX01073763.1	AERX01073763.1	NT_169429.1
oreNil2:AERX01073764-1	AERX01073764-1		AERX01073764.1	AERX01073764.1	NT_169430.1
oreNil2:AERX01073770-1	AERX01073770-1		AERX01073770.1	AERX01073770.1	NT_169433.1
oreNil2:AERX01073773-2	AERX01073773-2		AERX01073773.2	AERX01073773.2	NT_169435.1
oreNil2:AERX01073774-1	AERX01073774-1		AERX01073774.1	AERX01073774.1	NT_169436.1
oreNil2:AERX01073775-1	AERX01073775-1		AERX01073775.1	AERX01073775.1	NT_169437.1
oreNil2:AERX01073776-1	AERX01073776-1			AERX01073776.1	NT_169438.1
oreNil2:AERX01073779-1	AERX01073779-1		AERX01073779.1	AERX01073779.1	NT_169440.1
oreNil2:AERX01073780-1	AERX01073780-1		AERX01073780.1	AERX01073780.1	NT_169441.1
oreNil2:AERX01073781-1	AERX01073781-1		AERX01073781.1	AERX01073781.1	NT_169442.1
oreNil2:AERX01073782-1	AERX01073782-1		AERX01073782.1	AERX01073782.1	NT_169443.1
oreNil2:AERX01073785-1	AERX01073785-1		AERX01073785.1	AERX01073785.1	NT_169445.1
oreNil2:AERX01073788-1	AERX01073788-1		AERX01073788.1	AERX01073788.1	NT_169447.1
oreNil2:AERX01073789-1	AERX01073789-1		AERX01073789.1	AERX01073789.1	NT_169448.1
oreNil2:AERX01073790-2	AERX01073790-2		AERX01073790.2	AERX01073790.2	NT_169449.1
oreNil2:AERX01073791-2	AERX01073791-2			AERX01073791.2	NT_169450.1
oreNil2:AERX01073796-1	AERX01073796-1		AERX01073796.1	AERX01073796.1	NT_169453.1
oreNil2:AERX01073799-2	AERX01073799-2		AERX01073799.2	AERX01073799.2	NT_169455.1
oreNil2:AERX01073802-1	AERX01073802-1		AERX01073802.1	AERX01073802.1	NT_169457.1
oreNil2:AERX01073803-1	AERX01073803-1		AERX01073803.1	AERX01073803.1	NT_169458.1
oreNil2:AERX01073804-2	AERX01073804-2		AERX01073804.2	AERX01073804.2	NT_169459.1
oreNil2:AERX01073820-1	AERX01073820-1		AERX01073820.1	AERX01073820.1	NT_169467.1
oreNil2:AERX01073821-1	AERX01073821-1		AERX01073821.1	AERX01073821.1	NT_169468.1
oreNil2:AERX01073824-2	AERX01073824-2		AERX01073824.2	AERX01073824.2	NT_169470.1
oreNil2:AERX01073825-2	AERX01073825-2		AERX01073825.2	AERX01073825.2	NT_169471.1
oreNil2:AERX01073828-2	AERX01073828-2		AERX01073828.2	AERX01073828.2	NT_169473.1
oreNil2:AERX01073833-1	AERX01073833-1		AERX01073833.1	AERX01073833.1	NT_169476.1
oreNil2:AERX01073836-1	AERX01073836-1		AERX01073836.1	AERX01073836.1	NT_169478.1
oreNil2:AERX01073837-1	AERX01073837-1		AERX01073837.1	AERX01073837.1	NT_169479.1
oreNil2:AERX01073838-2	AERX01073838-2		AERX01073838.2	AERX01073838.2	NT_169480.1
oreNil2:AERX01073839-2	AERX01073839-2		AERX01073839.2	AERX01073839.2	NT_169481.1
oreNil2:AERX01073840-1	AERX01073840-1		AERX01073840.1	AERX01073840.1	NT_169482.1
oreNil2:AERX01073841-2	AERX01073841-2		AERX01073841.2	AERX01073841.2	NT_169483.1
oreNil2:AERX01073842-1	AERX01073842-1		AERX01073842.1	AERX01073842.1	NT_169484.1
oreNil2:AERX01073843-1	AERX01073843-1		AERX01073843.1	AERX01073843.1	NT_169485.1
oreNil2:AERX01073852-1	AERX01073852-1		AERX01073852.1	AERX01073852.1	NT_169490.1
oreNil2:AERX01073857-2	AERX01073857-2		AERX01073857.2	AERX01073857.2	NT_169493.1
oreNil2:AERX01073862-2	AERX01073862-2		AERX01073862.2	AERX01073862.2	NT_169496.1
oreNil2:AERX01073865-2	AERX01073865-2		AERX01073865.2	AERX01073865.2	NT_169498.1
oreNil2:AERX01073866-1	AERX01073866-1		AERX01073866.1	AERX01073866.1	NT_169499.1
oreNil2:AERX01073867-1	AERX01073867-1			AERX01073867.1	NT_169500.1
oreNil2:AERX01073872-2	AERX01073872-2		AERX01073872.2	AERX01073872.2	NT_169503.1
oreNil2:AERX01073873-2	AERX01073873-2		AERX01073873.2	AERX01073873.2	NT_169504.1
oreNil2:AERX01073876-1	AERX01073876-1		AERX01073876.1	AERX01073876.1	NT_169506.1
oreNil2:AERX01073877-1	AERX01073877-1			AERX01073877.1	NT_169507.1
oreNil2:AERX01073884-2	AERX01073884-2		AERX01073884.2	AERX01073884.2	NT_169511.1
oreNil2:AERX01073885-2	AERX01073885-2		AERX01073885.2	AERX01073885.2	NT_169512.1
oreNil2:AERX01073897-2	AERX01073897-2		AERX01073897.2	AERX01073897.2	NT_169518.1
oreNil2:AERX01073898-2	AERX01073898-2		AERX01073898.2	AERX01073898.2	NT_169519.1
oreNil2:AERX01073903-2	AERX01073903-2		AERX01073903.2	AERX01073903.2	NT_169522.1
oreNil2:AERX01073904-2	AERX01073904-2		AERX01073904.2	AERX01073904.2	NT_169523.1
oreNil2:AERX01073905-1	AERX01073905-1		AERX01073905.1	AERX01073905.1	NT_169524.1
oreNil2:AERX01073906-1	AERX01073906-1		AERX01073906.1	AERX01073906.1	NT_169525.1
oreNil2:AERX01073907-1	AERX01073907-1		AERX01073907.1	AERX01073907.1	NT_169526.1
oreNil2:AERX01073914-2	AERX01073914-2		AERX01073914.2	AERX01073914.2	NT_169530.1
oreNil2:AERX01073919-1	AERX01073919-1		AERX01073919.1	AERX01073919.1	NT_169533.1
oreNil2:AERX01073920-1	AERX01073920-1		AERX01073920.1	AERX01073920.1	NT_169534.1
oreNil2:AERX01073921-1	AERX01073921-1		AERX01073921.1	AERX01073921.1	NT_169535.1
oreNil2:AERX01073928-1	AERX01073928-1		AERX01073928.1	AERX01073928.1	NT_169539.1
oreNil2:AERX01073929-2	AERX01073929-2		AERX01073929.2	AERX01073929.2	NT_169540.1
oreNil2:AERX01073930-1	AERX01073930-1		AERX01073930.1	AERX01073930.1	NT_169541.1
oreNil2:AERX01073931-2	AERX01073931-2		AERX01073931.2	AERX01073931.2	NT_169542.1
oreNil2:AERX01073940-1	AERX01073940-1		AERX01073940.1	AERX01073940.1	NT_169547.1
oreNil2:AERX01073947-1	AERX01073947-1		AERX01073947.1	AERX01073947.1	NT_169551.1
oreNil2:AERX01073948-1	AERX01073948-1			AERX01073948.1	NT_169552.1
oreNil2:AERX01073949-1	AERX01073949-1		AERX01073949.1	AERX01073949.1	NT_169553.1
oreNil2:AERX01073950-1	AERX01073950-1		AERX01073950.1	AERX01073950.1	NT_169554.1
oreNil2:AERX01073953-1	AERX01073953-1		AERX01073953.1	AERX01073953.1	NT_169556.1
oreNil2:AERX01073954-2	AERX01073954-2		AERX01073954.2	AERX01073954.2	NT_169557.1
oreNil2:AERX01073959-1	AERX01073959-1		AERX01073959.1	AERX01073959.1	NT_169560.1
oreNil2:AERX01073964-1	AERX01073964-1		AERX01073964.1	AERX01073964.1	NT_169563.1
oreNil2:AERX01073967-1	AERX01073967-1		AERX01073967.1	AERX01073967.1	NT_169565.1
oreNil2:AERX01073968-2	AERX01073968-2		AERX01073968.2	AERX01073968.2	NT_169566.1
oreNil2:AERX01073969-2	AERX01073969-2		AERX01073969.2	AERX01073969.2	NT_169567.1
oreNil2:AERX01073970-2	AERX01073970-2		AERX01073970.2	AERX01073970.2	NT_169568.1
oreNil2:AERX01073973-1	AERX01073973-1		AERX01073973.1	AERX01073973.1	NT_169570.1
oreNil2:AERX01073974-1	AERX01073974-1		AERX01073974.1	AERX01073974.1	NT_169571.1
oreNil2:AERX01073975-1	AERX01073975-1		AERX01073975.1	AERX01073975.1	NT_169572.1
oreNil2:AERX01073976-2	AERX01073976-2		AERX01073976.2	AERX01073976.2	NT_169573.1
oreNil2:AERX01073977-2	AERX01073977-2		AERX01073977.2	AERX01073977.2	NT_169574.1
oreNil2:AERX01073978-1	AERX01073978-1		AERX01073978.1	AERX01073978.1	NT_169575.1
oreNil2:AERX01073979-2	AERX01073979-2		AERX01073979.2	AERX01073979.2	NT_169576.1
oreNil2:AERX01073980-2	AERX01073980-2		AERX01073980.2	AERX01073980.2	NT_169577.1
oreNil2:AERX01073981-2	AERX01073981-2		AERX01073981.2	AERX01073981.2	NT_169578.1
oreNil2:AERX01073982-1	AERX01073982-1		AERX01073982.1	AERX01073982.1	NT_169579.1
oreNil2:AERX01073987-2	AERX01073987-2		AERX01073987.2	AERX01073987.2	NT_169582.1
oreNil2:AERX01073988-1	AERX01073988-1		AERX01073988.1	AERX01073988.1	NT_169583.1
oreNil2:AERX01073989-1	AERX01073989-1			AERX01073989.1	NT_169584.1
oreNil2:AERX01073990-2	AERX01073990-2		AERX01073990.2	AERX01073990.2	NT_169585.1
oreNil2:AERX01073991-1	AERX01073991-1		AERX01073991.1	AERX01073991.1	NT_169586.1
oreNil2:AERX01073992-1	AERX01073992-1		AERX01073992.1	AERX01073992.1	NT_169587.1
oreNil2:AERX01073993-1	AERX01073993-1		AERX01073993.1	AERX01073993.1	NT_169588.1
oreNil2:AERX01073994-2	AERX01073994-2		AERX01073994.2	AERX01073994.2	NT_169589.1
oreNil2:AERX01074000-1	AERX01074000-1		AERX01074000.1	AERX01074000.1	NT_169592.1
oreNil2:AERX01074001-1	AERX01074001-1			AERX01074001.1	NT_169593.1
oreNil2:AERX01074004-1	AERX01074004-1		AERX01074004.1	AERX01074004.1	NT_169595.1
oreNil2:AERX01074005-2	AERX01074005-2		AERX01074005.2	AERX01074005.2	NT_169596.1
oreNil2:AERX01074006-1	AERX01074006-1		AERX01074006.1	AERX01074006.1	NT_169597.1
oreNil2:AERX01074007-1	AERX01074007-1			AERX01074007.1	NT_169598.1
oreNil2:AERX01074010-2	AERX01074010-2		AERX01074010.2	AERX01074010.2	NT_169600.1
oreNil2:AERX01074011-2	AERX01074011-2		AERX01074011.2	AERX01074011.2	NT_169601.1
oreNil2:AERX01074012-2	AERX01074012-2		AERX01074012.2	AERX01074012.2	NT_169602.1
oreNil2:AERX01074013-2	AERX01074013-2			AERX01074013.2	NT_169603.1
oreNil2:AERX01074014-1	AERX01074014-1		AERX01074014.1	AERX01074014.1	NT_169604.1
oreNil2:AERX01074015-1	AERX01074015-1		AERX01074015.1	AERX01074015.1	NT_169605.1
oreNil2:AERX01074016-1	AERX01074016-1		AERX01074016.1	AERX01074016.1	NT_169606.1
oreNil2:AERX01074017-1	AERX01074017-1		AERX01074017.1	AERX01074017.1	NT_169607.1
oreNil2:AERX01074022-2	AERX01074022-2		AERX01074022.2	AERX01074022.2	NT_169610.1
oreNil2:AERX01074025-1	AERX01074025-1		AERX01074025.1	AERX01074025.1	NT_169612.1
oreNil2:AERX01074026-1	AERX01074026-1		AERX01074026.1	AERX01074026.1	NT_169613.1
oreNil2:AERX01074027-1	AERX01074027-1			AERX01074027.1	NT_169614.1
oreNil2:AERX01074028-2	AERX01074028-2		AERX01074028.2	AERX01074028.2	NT_169615.1
oreNil2:AERX01074035-1	AERX01074035-1		AERX01074035.1	AERX01074035.1	NT_169619.1
oreNil2:AERX01074036-1	AERX01074036-1		AERX01074036.1	AERX01074036.1	NT_169620.1
oreNil2:AERX01074037-2	AERX01074037-2		AERX01074037.2	AERX01074037.2	NT_169621.1
oreNil2:AERX01074038-2	AERX01074038-2		AERX01074038.2	AERX01074038.2	NT_169622.1
oreNil2:AERX01074039-2	AERX01074039-2		AERX01074039.2	AERX01074039.2	NT_169623.1
oreNil2:AERX01074042-2	AERX01074042-2		AERX01074042.2	AERX01074042.2	NT_169625.1
oreNil2:AERX01074047-1	AERX01074047-1		AERX01074047.1	AERX01074047.1	NT_169628.1
oreNil2:AERX01074048-1	AERX01074048-1		AERX01074048.1	AERX01074048.1	NT_169629.1
oreNil2:AERX01074049-1	AERX01074049-1		AERX01074049.1	AERX01074049.1	NT_169630.1
oreNil2:AERX01074050-1	AERX01074050-1		AERX01074050.1	AERX01074050.1	NT_169631.1
oreNil2:AERX01074053-1	AERX01074053-1		AERX01074053.1	AERX01074053.1	NT_169633.1
oreNil2:AERX01074058-1	AERX01074058-1		AERX01074058.1	AERX01074058.1	NT_169636.1
oreNil2:AERX01074059-1	AERX01074059-1		AERX01074059.1	AERX01074059.1	NT_169637.1
oreNil2:AERX01074064-1	AERX01074064-1		AERX01074064.1	AERX01074064.1	NT_169640.1
oreNil2:AERX01074065-1	AERX01074065-1		AERX01074065.1	AERX01074065.1	NT_169641.1
oreNil2:AERX01074066-1	AERX01074066-1		AERX01074066.1	AERX01074066.1	NT_169642.1
oreNil2:AERX01074067-1	AERX01074067-1			AERX01074067.1	NT_169643.1
oreNil2:AERX01074068-1	AERX01074068-1		AERX01074068.1	AERX01074068.1	NT_169644.1
oreNil2:AERX01074069-2	AERX01074069-2		AERX01074069.2	AERX01074069.2	NT_169645.1
oreNil2:AERX01074070-2	AERX01074070-2		AERX01074070.2	AERX01074070.2	NT_169646.1
oreNil2:AERX01074071-2	AERX01074071-2		AERX01074071.2	AERX01074071.2	NT_169647.1
oreNil2:AERX01074072-2	AERX01074072-2		AERX01074072.2	AERX01074072.2	NT_169648.1
oreNil2:AERX01074075-1	AERX01074075-1		AERX01074075.1	AERX01074075.1	NT_169650.1
oreNil2:AERX01074076-1	AERX01074076-1		AERX01074076.1	AERX01074076.1	NT_169651.1
oreNil2:AERX01074077-1	AERX01074077-1		AERX01074077.1	AERX01074077.1	NT_169652.1
oreNil2:AERX01074078-1	AERX01074078-1		AERX01074078.1	AERX01074078.1	NT_169653.1
oreNil2:AERX01074079-2	AERX01074079-2		AERX01074079.2	AERX01074079.2	NT_169654.1
oreNil2:AERX01074080-1	AERX01074080-1		AERX01074080.1	AERX01074080.1	NT_169655.1
oreNil2:AERX01074081-1	AERX01074081-1		AERX01074081.1	AERX01074081.1	NT_169656.1
oreNil2:AERX01074086-2	AERX01074086-2		AERX01074086.2	AERX01074086.2	NT_169659.1
oreNil2:AERX01074087-2	AERX01074087-2		AERX01074087.2	AERX01074087.2	NT_169660.1
oreNil2:AERX01074090-2	AERX01074090-2		AERX01074090.2	AERX01074090.2	NT_169662.1
oreNil2:AERX01074093-1	AERX01074093-1		AERX01074093.1	AERX01074093.1	NT_169664.1
oreNil2:AERX01074094-1	AERX01074094-1		AERX01074094.1	AERX01074094.1	NT_169665.1
oreNil2:AERX01074095-2	AERX01074095-2		AERX01074095.2	AERX01074095.2	NT_169666.1
oreNil2:AERX01074096-1	AERX01074096-1		AERX01074096.1	AERX01074096.1	NT_169667.1
oreNil2:AERX01074097-2	AERX01074097-2		AERX01074097.2	AERX01074097.2	NT_169668.1
oreNil2:AERX01074098-2	AERX01074098-2		AERX01074098.2	AERX01074098.2	NT_169669.1
oreNil2:AERX01074101-2	AERX01074101-2		AERX01074101.2	AERX01074101.2	NT_169671.1
oreNil2:AERX01074104-1	AERX01074104-1		AERX01074104.1	AERX01074104.1	NT_169673.1
oreNil2:AERX01074105-1	AERX01074105-1			AERX01074105.1	NT_169674.1
oreNil2:AERX01074106-1	AERX01074106-1		AERX01074106.1	AERX01074106.1	NT_169675.1
oreNil2:AERX01074107-1	AERX01074107-1		AERX01074107.1	AERX01074107.1	NT_169676.1
oreNil2:AERX01074108-1	AERX01074108-1			AERX01074108.1	NT_169677.1
oreNil2:AERX01074109-2	AERX01074109-2		AERX01074109.2	AERX01074109.2	NT_169678.1
oreNil2:AERX01074112-1	AERX01074112-1		AERX01074112.1	AERX01074112.1	NT_169680.1
oreNil2:AERX01074113-2	AERX01074113-2		AERX01074113.2	AERX01074113.2	NT_169681.1
oreNil2:AERX01074114-1	AERX01074114-1		AERX01074114.1	AERX01074114.1	NT_169682.1
oreNil2:AERX01074115-1	AERX01074115-1		AERX01074115.1	AERX01074115.1	NT_169683.1
oreNil2:AERX01074118-2	AERX01074118-2		AERX01074118.2	AERX01074118.2	NT_169685.1
oreNil2:AERX01074123-2	AERX01074123-2		AERX01074123.2	AERX01074123.2	NT_169688.1
oreNil2:AERX01074124-2	AERX01074124-2		AERX01074124.2	AERX01074124.2	NT_169689.1
oreNil2:AERX01074125-2	AERX01074125-2		AERX01074125.2	AERX01074125.2	NT_169690.1
oreNil2:AERX01074126-2	AERX01074126-2		AERX01074126.2	AERX01074126.2	NT_169691.1
oreNil2:AERX01074127-2	AERX01074127-2		AERX01074127.2	AERX01074127.2	NT_169692.1
oreNil2:AERX01074128-2	AERX01074128-2		AERX01074128.2	AERX01074128.2	NT_169693.1
oreNil2:AERX01074131-2	AERX01074131-2		AERX01074131.2	AERX01074131.2	NT_169695.1
oreNil2:AERX01074134-1	AERX01074134-1		AERX01074134.1	AERX01074134.1	NT_169697.1
oreNil2:AERX01074141-1	AERX01074141-1		AERX01074141.1	AERX01074141.1	NT_169701.1
oreNil2:AERX01074142-1	AERX01074142-1		AERX01074142.1	AERX01074142.1	NT_169702.1
oreNil2:AERX01074143-1	AERX01074143-1		AERX01074143.1	AERX01074143.1	NT_169703.1
oreNil2:AERX01074144-2	AERX01074144-2		AERX01074144.2	AERX01074144.2	NT_169704.1
oreNil2:AERX01074145-2	AERX01074145-2		AERX01074145.2	AERX01074145.2	NT_169705.1
oreNil2:AERX01074146-2	AERX01074146-2		AERX01074146.2	AERX01074146.2	NT_169706.1
oreNil2:AERX01074147-1	AERX01074147-1		AERX01074147.1	AERX01074147.1	NT_169707.1
oreNil2:AERX01074150-2	AERX01074150-2		AERX01074150.2	AERX01074150.2	NT_169709.1
oreNil2:AERX01074151-1	AERX01074151-1		AERX01074151.1	AERX01074151.1	NT_169710.1
oreNil2:AERX01074156-1	AERX01074156-1		AERX01074156.1	AERX01074156.1	NT_169713.1
oreNil2:AERX01074157-1	AERX01074157-1		AERX01074157.1	AERX01074157.1	NT_169714.1
oreNil2:AERX01074158-1	AERX01074158-1		AERX01074158.1	AERX01074158.1	NT_169715.1
oreNil2:AERX01074159-1	AERX01074159-1		AERX01074159.1	AERX01074159.1	NT_169716.1
oreNil2:AERX01074160-1	AERX01074160-1		AERX01074160.1	AERX01074160.1	NT_169717.1
oreNil2:AERX01074163-1	AERX01074163-1		AERX01074163.1	AERX01074163.1	NT_169719.1
oreNil2:AERX01074166-2	AERX01074166-2		AERX01074166.2	AERX01074166.2	NT_169721.1
oreNil2:AERX01074171-1	AERX01074171-1		AERX01074171.1	AERX01074171.1	NT_169724.1
oreNil2:AERX01074172-2	AERX01074172-2		AERX01074172.2	AERX01074172.2	NT_169725.1
oreNil2:AERX01074175-1	AERX01074175-1		AERX01074175.1	AERX01074175.1	NT_169727.1
oreNil2:AERX01074176-2	AERX01074176-2		AERX01074176.2	AERX01074176.2	NT_169728.1
oreNil2:AERX01074177-2	AERX01074177-2		AERX01074177.2	AERX01074177.2	NT_169729.1
oreNil2:AERX01074180-2	AERX01074180-2		AERX01074180.2	AERX01074180.2	NT_169731.1
oreNil2:AERX01074181-2	AERX01074181-2		AERX01074181.2	AERX01074181.2	NT_169732.1
oreNil2:AERX01074182-1	AERX01074182-1		AERX01074182.1	AERX01074182.1	NT_169733.1
oreNil2:AERX01074183-1	AERX01074183-1		AERX01074183.1	AERX01074183.1	NT_169734.1
oreNil2:AERX01074184-1	AERX01074184-1			AERX01074184.1	NT_169735.1
oreNil2:AERX01074185-2	AERX01074185-2		AERX01074185.2	AERX01074185.2	NT_169736.1
oreNil2:AERX01074186-2	AERX01074186-2		AERX01074186.2	AERX01074186.2	NT_169737.1
oreNil2:AERX01074189-2	AERX01074189-2		AERX01074189.2	AERX01074189.2	NT_169739.1
oreNil2:AERX01074190-2	AERX01074190-2		AERX01074190.2	AERX01074190.2	NT_169740.1
oreNil2:AERX01074191-1	AERX01074191-1		AERX01074191.1	AERX01074191.1	NT_169741.1
oreNil2:AERX01074192-1	AERX01074192-1		AERX01074192.1	AERX01074192.1	NT_169742.1
oreNil2:AERX01074193-1	AERX01074193-1		AERX01074193.1	AERX01074193.1	NT_169743.1
oreNil2:AERX01074196-2	AERX01074196-2		AERX01074196.2	AERX01074196.2	NT_169745.1
oreNil2:AERX01074199-1	AERX01074199-1		AERX01074199.1	AERX01074199.1	NT_169747.1
oreNil2:AERX01074202-1	AERX01074202-1		AERX01074202.1	AERX01074202.1	NT_169749.1
oreNil2:AERX01074205-2	AERX01074205-2		AERX01074205.2	AERX01074205.2	NT_169751.1
oreNil2:AERX01074206-2	AERX01074206-2		AERX01074206.2	AERX01074206.2	NT_169752.1
oreNil2:AERX01074209-1	AERX01074209-1		AERX01074209.1	AERX01074209.1	NT_169754.1
oreNil2:AERX01074210-2	AERX01074210-2		AERX01074210.2	AERX01074210.2	NT_169755.1
oreNil2:AERX01074211-2	AERX01074211-2		AERX01074211.2	AERX01074211.2	NT_169756.1
oreNil2:AERX01074212-1	AERX01074212-1		AERX01074212.1	AERX01074212.1	NT_169757.1
oreNil2:AERX01074213-1	AERX01074213-1		AERX01074213.1	AERX01074213.1	NT_169758.1
oreNil2:AERX01074214-2	AERX01074214-2		AERX01074214.2	AERX01074214.2	NT_169759.1
oreNil2:AERX01074215-2	AERX01074215-2		AERX01074215.2	AERX01074215.2	NT_169760.1
oreNil2:AERX01074216-2	AERX01074216-2		AERX01074216.2	AERX01074216.2	NT_169761.1
oreNil2:AERX01074219-1	AERX01074219-1		AERX01074219.1	AERX01074219.1	NT_169763.1
oreNil2:AERX01074220-1	AERX01074220-1		AERX01074220.1	AERX01074220.1	NT_169764.1
oreNil2:AERX01074221-2	AERX01074221-2		AERX01074221.2	AERX01074221.2	NT_169765.1
oreNil2:AERX01074224-1	AERX01074224-1		AERX01074224.1	AERX01074224.1	NT_169767.1
oreNil2:AERX01074227-2	AERX01074227-2		AERX01074227.2	AERX01074227.2	NT_169769.1
oreNil2:AERX01074228-1	AERX01074228-1		AERX01074228.1	AERX01074228.1	NT_169770.1
oreNil2:AERX01074235-1	AERX01074235-1		AERX01074235.1	AERX01074235.1	NT_169774.1
oreNil2:AERX01074236-1	AERX01074236-1		AERX01074236.1	AERX01074236.1	NT_169775.1
oreNil2:AERX01074237-2	AERX01074237-2		AERX01074237.2	AERX01074237.2	NT_169776.1
oreNil2:AERX01074238-2	AERX01074238-2		AERX01074238.2	AERX01074238.2	NT_169777.1
oreNil2:AERX01074239-2	AERX01074239-2		AERX01074239.2	AERX01074239.2	NT_169778.1
oreNil2:AERX01074240-2	AERX01074240-2		AERX01074240.2	AERX01074240.2	NT_169779.1
oreNil2:AERX01074241-1	AERX01074241-1		AERX01074241.1	AERX01074241.1	NT_169780.1
oreNil2:AERX01074242-1	AERX01074242-1			AERX01074242.1	NT_169781.1
oreNil2:AERX01074245-2	AERX01074245-2		AERX01074245.2	AERX01074245.2	NT_169783.1
oreNil2:AERX01074248-1	AERX01074248-1		AERX01074248.1	AERX01074248.1	NT_169785.1
oreNil2:AERX01074249-2	AERX01074249-2		AERX01074249.2	AERX01074249.2	NT_169786.1
oreNil2:AERX01074250-2	AERX01074250-2		AERX01074250.2	AERX01074250.2	NT_169787.1
oreNil2:AERX01074251-2	AERX01074251-2		AERX01074251.2	AERX01074251.2	NT_169788.1
oreNil2:AERX01074252-2	AERX01074252-2		AERX01074252.2	AERX01074252.2	NT_169789.1
oreNil2:AERX01074253-1	AERX01074253-1		AERX01074253.1	AERX01074253.1	NT_169790.1
oreNil2:AERX01074254-2	AERX01074254-2		AERX01074254.2	AERX01074254.2	NT_169791.1
oreNil2:AERX01074257-1	AERX01074257-1		AERX01074257.1	AERX01074257.1	NT_169793.1
oreNil2:AERX01074258-2	AERX01074258-2		AERX01074258.2	AERX01074258.2	NT_169794.1
oreNil2:AERX01074259-1	AERX01074259-1		AERX01074259.1	AERX01074259.1	NT_169795.1
oreNil2:AERX01074260-1	AERX01074260-1		AERX01074260.1	AERX01074260.1	NT_169796.1
oreNil2:AERX01074261-1	AERX01074261-1		AERX01074261.1	AERX01074261.1	NT_169797.1
oreNil2:AERX01074262-1	AERX01074262-1		AERX01074262.1	AERX01074262.1	NT_169798.1
oreNil2:AERX01074263-1	AERX01074263-1		AERX01074263.1	AERX01074263.1	NT_169799.1
oreNil2:AERX01074266-1	AERX01074266-1		AERX01074266.1	AERX01074266.1	NT_169801.1
oreNil2:AERX01074267-1	AERX01074267-1		AERX01074267.1	AERX01074267.1	NT_169802.1
oreNil2:AERX01074268-1	AERX01074268-1		AERX01074268.1	AERX01074268.1	NT_169803.1
oreNil2:AERX01074273-1	AERX01074273-1		AERX01074273.1	AERX01074273.1	NT_169806.1
oreNil2:AERX01074274-2	AERX01074274-2		AERX01074274.2	AERX01074274.2	NT_169807.1
oreNil2:AERX01074277-2	AERX01074277-2		AERX01074277.2	AERX01074277.2	NT_169809.1
oreNil2:AERX01074278-1	AERX01074278-1		AERX01074278.1	AERX01074278.1	NT_169810.1
oreNil2:AERX01074279-1	AERX01074279-1		AERX01074279.1	AERX01074279.1	NT_169811.1
oreNil2:AERX01074280-2	AERX01074280-2		AERX01074280.2	AERX01074280.2	NT_169812.1
oreNil2:AERX01074281-1	AERX01074281-1		AERX01074281.1	AERX01074281.1	NT_169813.1
oreNil2:AERX01074284-1	AERX01074284-1		AERX01074284.1	AERX01074284.1	NT_169815.1
oreNil2:AERX01074285-1	AERX01074285-1		AERX01074285.1	AERX01074285.1	NT_169816.1
oreNil2:AERX01074288-2	AERX01074288-2		AERX01074288.2	AERX01074288.2	NT_169818.1
oreNil2:AERX01074289-2	AERX01074289-2		AERX01074289.2	AERX01074289.2	NT_169819.1
oreNil2:AERX01074290-1	AERX01074290-1		AERX01074290.1	AERX01074290.1	NT_169820.1
oreNil2:AERX01074291-1	AERX01074291-1			AERX01074291.1	NT_169821.1
oreNil2:AERX01074294-1	AERX01074294-1		AERX01074294.1	AERX01074294.1	NT_169823.1
oreNil2:AERX01074295-2	AERX01074295-2		AERX01074295.2	AERX01074295.2	NT_169824.1
oreNil2:AERX01074296-2	AERX01074296-2		AERX01074296.2	AERX01074296.2	NT_169825.1
oreNil2:AERX01074297-2	AERX01074297-2		AERX01074297.2	AERX01074297.2	NT_169826.1
oreNil2:AERX01074298-1	AERX01074298-1		AERX01074298.1	AERX01074298.1	NT_169827.1
oreNil2:AERX01074299-1	AERX01074299-1		AERX01074299.1	AERX01074299.1	NT_169828.1
oreNil2:AERX01074300-1	AERX01074300-1		AERX01074300.1	AERX01074300.1	NT_169829.1
oreNil2:AERX01074301-1	AERX01074301-1		AERX01074301.1	AERX01074301.1	NT_169830.1
oreNil2:AERX01074302-1	AERX01074302-1		AERX01074302.1	AERX01074302.1	NT_169831.1
oreNil2:AERX01074303-2	AERX01074303-2		AERX01074303.2	AERX01074303.2	NT_169832.1
oreNil2:AERX01074304-2	AERX01074304-2		AERX01074304.2	AERX01074304.2	NT_169833.1
oreNil2:AERX01074305-1	AERX01074305-1		AERX01074305.1	AERX01074305.1	NT_169834.1
oreNil2:AERX01074306-1	AERX01074306-1			AERX01074306.1	NT_169835.1
oreNil2:AERX01074307-1	AERX01074307-1		AERX01074307.1	AERX01074307.1	NT_169836.1
oreNil2:AERX01074308-2	AERX01074308-2		AERX01074308.2	AERX01074308.2	NT_169837.1
oreNil2:AERX01074309-1	AERX01074309-1		AERX01074309.1	AERX01074309.1	NT_169838.1
oreNil2:AERX01074310-2	AERX01074310-2		AERX01074310.2	AERX01074310.2	NT_169839.1
oreNil2:AERX01074313-1	AERX01074313-1		AERX01074313.1	AERX01074313.1	NT_169841.1
oreNil2:AERX01074316-1	AERX01074316-1		AERX01074316.1	AERX01074316.1	NT_169843.1
oreNil2:AERX01074317-2	AERX01074317-2		AERX01074317.2	AERX01074317.2	NT_169844.1
oreNil2:AERX01074318-1	AERX01074318-1		AERX01074318.1	AERX01074318.1	NT_169845.1
oreNil2:AERX01074319-1	AERX01074319-1		AERX01074319.1	AERX01074319.1	NT_169846.1
oreNil2:AERX01074320-1	AERX01074320-1		AERX01074320.1	AERX01074320.1	NT_169847.1
oreNil2:AERX01074321-1	AERX01074321-1		AERX01074321.1	AERX01074321.1	NT_169848.1
oreNil2:AERX01074322-1	AERX01074322-1		AERX01074322.1	AERX01074322.1	NT_169849.1
oreNil2:AERX01074323-2	AERX01074323-2		AERX01074323.2	AERX01074323.2	NT_169850.1
oreNil2:AERX01074324-1	AERX01074324-1		AERX01074324.1	AERX01074324.1	NT_169851.1
oreNil2:AERX01074325-1	AERX01074325-1		AERX01074325.1	AERX01074325.1	NT_169852.1
oreNil2:AERX01074328-1	AERX01074328-1		AERX01074328.1	AERX01074328.1	NT_169854.1
oreNil2:AERX01074331-2	AERX01074331-2		AERX01074331.2	AERX01074331.2	NT_169856.1
oreNil2:AERX01074332-1	AERX01074332-1		AERX01074332.1	AERX01074332.1	NT_169857.1
oreNil2:AERX01074333-1	AERX01074333-1		AERX01074333.1	AERX01074333.1	NT_169858.1
oreNil2:AERX01074334-1	AERX01074334-1		AERX01074334.1	AERX01074334.1	NT_169859.1
oreNil2:AERX01074335-1	AERX01074335-1			AERX01074335.1	NT_169860.1
oreNil2:AERX01074336-1	AERX01074336-1		AERX01074336.1	AERX01074336.1	NT_169861.1
oreNil2:AERX01074337-1	AERX01074337-1		AERX01074337.1	AERX01074337.1	NT_169862.1
oreNil2:AERX01074338-1	AERX01074338-1		AERX01074338.1	AERX01074338.1	NT_169863.1
oreNil2:AERX01074339-1	AERX01074339-1			AERX01074339.1	NT_169864.1
oreNil2:AERX01074340-2	AERX01074340-2		AERX01074340.2	AERX01074340.2	NT_169865.1
oreNil2:AERX01074341-2	AERX01074341-2		AERX01074341.2	AERX01074341.2	NT_169866.1
oreNil2:AERX01074342-2	AERX01074342-2		AERX01074342.2	AERX01074342.2	NT_169867.1
oreNil2:AERX01074343-1	AERX01074343-1		AERX01074343.1	AERX01074343.1	NT_169868.1
oreNil2:AERX01074344-2	AERX01074344-2		AERX01074344.2	AERX01074344.2	NT_169869.1
oreNil2:AERX01074345-1	AERX01074345-1		AERX01074345.1	AERX01074345.1	NT_169870.1
oreNil2:AERX01074346-1	AERX01074346-1		AERX01074346.1	AERX01074346.1	NT_169871.1
oreNil2:AERX01074347-1	AERX01074347-1		AERX01074347.1	AERX01074347.1	NT_169872.1
oreNil2:AERX01074350-1	AERX01074350-1		AERX01074350.1	AERX01074350.1	NT_169874.1
oreNil2:AERX01074351-1	AERX01074351-1		AERX01074351.1	AERX01074351.1	NT_169875.1
oreNil2:AERX01074352-1	AERX01074352-1		AERX01074352.1	AERX01074352.1	NT_169876.1
oreNil2:AERX01074353-2	AERX01074353-2		AERX01074353.2	AERX01074353.2	NT_169877.1
oreNil2:AERX01074354-2	AERX01074354-2		AERX01074354.2	AERX01074354.2	NT_169878.1
oreNil2:AERX01074355-2	AERX01074355-2		AERX01074355.2	AERX01074355.2	NT_169879.1
oreNil2:AERX01074356-1	AERX01074356-1		AERX01074356.1	AERX01074356.1	NT_169880.1
oreNil2:AERX01074357-2	AERX01074357-2		AERX01074357.2	AERX01074357.2	NT_169881.1
oreNil2:AERX01074358-1	AERX01074358-1		AERX01074358.1	AERX01074358.1	NT_169882.1
oreNil2:AERX01074359-1	AERX01074359-1		AERX01074359.1	AERX01074359.1	NT_169883.1
oreNil2:AERX01074360-1	AERX01074360-1		AERX01074360.1	AERX01074360.1	NT_169884.1
oreNil2:AERX01074361-2	AERX01074361-2		AERX01074361.2	AERX01074361.2	NT_169885.1
oreNil2:AERX01074362-2	AERX01074362-2		AERX01074362.2	AERX01074362.2	NT_169886.1
oreNil2:AERX01074363-1	AERX01074363-1		AERX01074363.1	AERX01074363.1	NT_169887.1
oreNil2:AERX01074364-1	AERX01074364-1			AERX01074364.1	NT_169888.1
oreNil2:AERX01074365-1	AERX01074365-1		AERX01074365.1	AERX01074365.1	NT_169889.1
oreNil2:AERX01074366-1	AERX01074366-1		AERX01074366.1	AERX01074366.1	NT_169890.1
oreNil2:AERX01074367-1	AERX01074367-1			AERX01074367.1	NT_169891.1
oreNil2:AERX01074368-1	AERX01074368-1		AERX01074368.1	AERX01074368.1	NT_169892.1
oreNil2:AERX01074369-1	AERX01074369-1		AERX01074369.1	AERX01074369.1	NT_169893.1
oreNil2:AERX01074370-1	AERX01074370-1		AERX01074370.1	AERX01074370.1	NT_169894.1
oreNil2:AERX01074371-1	AERX01074371-1			AERX01074371.1	NT_169895.1
oreNil2:AERX01074372-2	AERX01074372-2		AERX01074372.2	AERX01074372.2	NT_169896.1
oreNil2:AERX01074373-1	AERX01074373-1		AERX01074373.1	AERX01074373.1	NT_169897.1
oreNil2:AERX01074374-1	AERX01074374-1		AERX01074374.1	AERX01074374.1	NT_169898.1
oreNil2:AERX01074375-1	AERX01074375-1			AERX01074375.1	NT_169899.1
oreNil2:AERX01074376-2	AERX01074376-2		AERX01074376.2	AERX01074376.2	NT_169900.1
oreNil2:AERX01074377-1	AERX01074377-1		AERX01074377.1	AERX01074377.1	NT_169901.1
oreNil2:AERX01074378-2	AERX01074378-2		AERX01074378.2	AERX01074378.2	NT_169902.1
oreNil2:AERX01074381-1	AERX01074381-1		AERX01074381.1	AERX01074381.1	NT_169904.1
oreNil2:AERX01074382-1	AERX01074382-1		AERX01074382.1	AERX01074382.1	NT_169905.1
oreNil2:AERX01074383-2	AERX01074383-2		AERX01074383.2	AERX01074383.2	NT_169906.1
oreNil2:AERX01074384-2	AERX01074384-2		AERX01074384.2	AERX01074384.2	NT_169907.1
oreNil2:AERX01074385-1	AERX01074385-1		AERX01074385.1	AERX01074385.1	NT_169908.1
oreNil2:AERX01074386-2	AERX01074386-2		AERX01074386.2	AERX01074386.2	NT_169909.1
oreNil2:AERX01074387-2	AERX01074387-2		AERX01074387.2	AERX01074387.2	NT_169910.1
oreNil2:AERX01074388-2	AERX01074388-2		AERX01074388.2	AERX01074388.2	NT_169911.1
oreNil2:AERX01074389-1	AERX01074389-1		AERX01074389.1	AERX01074389.1	NT_169912.1
oreNil2:AERX01074390-1	AERX01074390-1		AERX01074390.1	AERX01074390.1	NT_169913.1
oreNil2:AERX01074391-2	AERX01074391-2		AERX01074391.2	AERX01074391.2	NT_169914.1
oreNil2:AERX01074392-2	AERX01074392-2		AERX01074392.2	AERX01074392.2	NT_169915.1
oreNil2:AERX01074393-2	AERX01074393-2		AERX01074393.2	AERX01074393.2	NT_169916.1
oreNil2:AERX01074394-2	AERX01074394-2		AERX01074394.2	AERX01074394.2	NT_169917.1
oreNil2:AERX01074395-1	AERX01074395-1		AERX01074395.1	AERX01074395.1	NT_169918.1
oreNil2:AERX01074396-1	AERX01074396-1		AERX01074396.1	AERX01074396.1	NT_169919.1
oreNil2:AERX01074397-2	AERX01074397-2		AERX01074397.2	AERX01074397.2	NT_169920.1
oreNil2:AERX01074398-2	AERX01074398-2		AERX01074398.2	AERX01074398.2	NT_169921.1
oreNil2:AERX01074399-2	AERX01074399-2		AERX01074399.2	AERX01074399.2	NT_169922.1
oreNil2:AERX01074400-1	AERX01074400-1		AERX01074400.1	AERX01074400.1	NT_169923.1
oreNil2:AERX01074401-1	AERX01074401-1			AERX01074401.1	NT_169924.1
oreNil2:AERX01074402-2	AERX01074402-2		AERX01074402.2	AERX01074402.2	NT_169925.1
oreNil2:AERX01074403-1	AERX01074403-1		AERX01074403.1	AERX01074403.1	NT_169926.1
oreNil2:AERX01074404-1	AERX01074404-1		AERX01074404.1	AERX01074404.1	NT_169927.1
oreNil2:AERX01074405-1	AERX01074405-1		AERX01074405.1	AERX01074405.1	NT_169928.1
oreNil2:AERX01074406-1	AERX01074406-1			AERX01074406.1	NT_169929.1
oreNil2:AERX01074407-1	AERX01074407-1		AERX01074407.1	AERX01074407.1	NT_169930.1
oreNil2:AERX01074408-1	AERX01074408-1		AERX01074408.1	AERX01074408.1	NT_169931.1
oreNil2:AERX01074409-2	AERX01074409-2		AERX01074409.2	AERX01074409.2	NT_169932.1
oreNil2:AERX01074410-2	AERX01074410-2		AERX01074410.2	AERX01074410.2	NT_169933.1
oreNil2:AERX01074411-1	AERX01074411-1		AERX01074411.1	AERX01074411.1	NT_169934.1
oreNil2:AERX01074412-1	AERX01074412-1			AERX01074412.1	NT_169935.1
oreNil2:AERX01074413-2	AERX01074413-2		AERX01074413.2	AERX01074413.2	NT_169936.1
oreNil2:AERX01074414-2	AERX01074414-2		AERX01074414.2	AERX01074414.2	NT_169937.1
oreNil2:AERX01074415-1	AERX01074415-1		AERX01074415.1	AERX01074415.1	NT_169938.1
oreNil2:AERX01074416-2	AERX01074416-2		AERX01074416.2	AERX01074416.2	NT_169939.1
oreNil2:AERX01074417-2	AERX01074417-2		AERX01074417.2	AERX01074417.2	NT_169940.1
oreNil2:AERX01074418-1	AERX01074418-1		AERX01074418.1	AERX01074418.1	NT_169941.1
oreNil2:AERX01074419-1	AERX01074419-1		AERX01074419.1	AERX01074419.1	NT_169942.1
oreNil2:AERX01074420-1	AERX01074420-1			AERX01074420.1	NT_169943.1
oreNil2:AERX01074421-1	AERX01074421-1		AERX01074421.1	AERX01074421.1	NT_169944.1
oreNil2:AERX01074422-2	AERX01074422-2		AERX01074422.2	AERX01074422.2	NT_169945.1
oreNil2:AERX01074423-2	AERX01074423-2		AERX01074423.2	AERX01074423.2	NT_169946.1
oreNil2:AERX01074424-1	AERX01074424-1		AERX01074424.1	AERX01074424.1	NT_169947.1
oreNil2:AERX01074425-1	AERX01074425-1		AERX01074425.1	AERX01074425.1	NT_169948.1
oreNil2:AERX01074426-1	AERX01074426-1		AERX01074426.1	AERX01074426.1	NT_169949.1
oreNil2:AERX01074427-1	AERX01074427-1		AERX01074427.1	AERX01074427.1	NT_169950.1
oreNil2:AERX01074428-2	AERX01074428-2		AERX01074428.2	AERX01074428.2	NT_169951.1
oreNil2:AERX01074429-1	AERX01074429-1		AERX01074429.1	AERX01074429.1	NT_169952.1
oreNil2:AERX01074430-1	AERX01074430-1		AERX01074430.1	AERX01074430.1	NT_169953.1
oreNil2:AERX01074431-1	AERX01074431-1		AERX01074431.1	AERX01074431.1	NT_169954.1
oreNil2:AERX01074432-1	AERX01074432-1		AERX01074432.1	AERX01074432.1	NT_169955.1
oreNil2:AERX01074433-2	AERX01074433-2		AERX01074433.2	AERX01074433.2	NT_169956.1
oreNil2:AERX01074434-1	AERX01074434-1		AERX01074434.1	AERX01074434.1	NT_169957.1
oreNil2:AERX01074435-1	AERX01074435-1		AERX01074435.1	AERX01074435.1	NT_169958.1
oreNil2:AERX01074436-1	AERX01074436-1		AERX01074436.1	AERX01074436.1	NT_169959.1
oreNil2:AERX01074437-1	AERX01074437-1		AERX01074437.1	AERX01074437.1	NT_169960.1
oreNil2:AERX01074438-1	AERX01074438-1		AERX01074438.1	AERX01074438.1	NT_169961.1
oreNil2:AERX01074439-1	AERX01074439-1		AERX01074439.1	AERX01074439.1	NT_169962.1
oreNil2:AERX01074440-2	AERX01074440-2		AERX01074440.2	AERX01074440.2	NT_169963.1
oreNil2:AERX01074441-1	AERX01074441-1		AERX01074441.1	AERX01074441.1	NT_169964.1
oreNil2:AERX01074442-2	AERX01074442-2		AERX01074442.2	AERX01074442.2	NT_169965.1
oreNil2:AERX01074443-1	AERX01074443-1		AERX01074443.1	AERX01074443.1	NT_169966.1
oreNil2:AERX01074444-1	AERX01074444-1		AERX01074444.1	AERX01074444.1	NT_169967.1
oreNil2:AERX01074445-1	AERX01074445-1		AERX01074445.1	AERX01074445.1	NT_169968.1
oreNil2:AERX01074446-1	AERX01074446-1		AERX01074446.1	AERX01074446.1	NT_169969.1
oreNil2:AERX01074447-1	AERX01074447-1		AERX01074447.1	AERX01074447.1	NT_169970.1
oreNil2:AERX01074448-2	AERX01074448-2		AERX01074448.2	AERX01074448.2	NT_169971.1
oreNil2:AERX01074449-2	AERX01074449-2		AERX01074449.2	AERX01074449.2	NT_169972.1
oreNil2:AERX01074450-2	AERX01074450-2		AERX01074450.2	AERX01074450.2	NT_169973.1
oreNil2:AERX01074451-1	AERX01074451-1		AERX01074451.1	AERX01074451.1	NT_169974.1
oreNil2:AERX01074452-1	AERX01074452-1		AERX01074452.1	AERX01074452.1	NT_169975.1
oreNil2:AERX01074453-1	AERX01074453-1		AERX01074453.1	AERX01074453.1	NT_169976.1
oreNil2:AERX01074454-1	AERX01074454-1		AERX01074454.1	AERX01074454.1	NT_169977.1
oreNil2:AERX01074455-1	AERX01074455-1		AERX01074455.1	AERX01074455.1	NT_169978.1
oreNil2:AERX01074456-1	AERX01074456-1		AERX01074456.1	AERX01074456.1	NT_169979.1
oreNil2:AERX01074457-2	AERX01074457-2		AERX01074457.2	AERX01074457.2	NT_169980.1
oreNil2:AERX01074458-1	AERX01074458-1		AERX01074458.1	AERX01074458.1	NT_169981.1
oreNil2:AERX01074459-1	AERX01074459-1		AERX01074459.1	AERX01074459.1	NT_169982.1
oreNil2:AERX01074460-1	AERX01074460-1		AERX01074460.1	AERX01074460.1	NT_169983.1
oreNil2:AERX01074461-1	AERX01074461-1		AERX01074461.1	AERX01074461.1	NT_169984.1
oreNil2:AERX01074462-1	AERX01074462-1			AERX01074462.1	NT_169985.1
oreNil2:AERX01074463-1	AERX01074463-1		AERX01074463.1	AERX01074463.1	NT_169986.1
oreNil2:AERX01074464-1	AERX01074464-1			AERX01074464.1	NT_169987.1
oreNil2:AERX01074465-2	AERX01074465-2		AERX01074465.2	AERX01074465.2	NT_169988.1
oreNil2:AERX01074466-2	AERX01074466-2		AERX01074466.2	AERX01074466.2	NT_169989.1
oreNil2:AERX01074467-1	AERX01074467-1		AERX01074467.1	AERX01074467.1	NT_169990.1
oreNil2:AERX01074468-2	AERX01074468-2		AERX01074468.2	AERX01074468.2	NT_169991.1
oreNil2:AERX01074469-1	AERX01074469-1		AERX01074469.1	AERX01074469.1	NT_169992.1
oreNil2:AERX01074470-2	AERX01074470-2		AERX01074470.2	AERX01074470.2	NT_169993.1
oreNil2:AERX01074471-2	AERX01074471-2		AERX01074471.2	AERX01074471.2	NT_169994.1
oreNil2:AERX01074472-1	AERX01074472-1		AERX01074472.1	AERX01074472.1	NT_169995.1
oreNil2:AERX01074473-1	AERX01074473-1		AERX01074473.1	AERX01074473.1	NT_169996.1
oreNil2:AERX01074474-2	AERX01074474-2		AERX01074474.2	AERX01074474.2	NT_169997.1
oreNil2:AERX01074475-1	AERX01074475-1		AERX01074475.1	AERX01074475.1	NT_169998.1
oreNil2:AERX01074476-1	AERX01074476-1		AERX01074476.1	AERX01074476.1	NT_169999.1
oreNil2:AERX01074477-1	AERX01074477-1		AERX01074477.1	AERX01074477.1	NT_170000.1
oreNil2:AERX01074478-1	AERX01074478-1			AERX01074478.1	NT_170001.1
oreNil2:AERX01074479-1	AERX01074479-1		AERX01074479.1	AERX01074479.1	NT_170002.1
oreNil2:AERX01074480-1	AERX01074480-1		AERX01074480.1	AERX01074480.1	NT_170003.1
oreNil2:AERX01074481-1	AERX01074481-1		AERX01074481.1	AERX01074481.1	NT_170004.1
oreNil2:AERX01074482-2	AERX01074482-2		AERX01074482.2	AERX01074482.2	NT_170005.1
oreNil2:AERX01074483-2	AERX01074483-2		AERX01074483.2	AERX01074483.2	NT_170006.1
oreNil2:AERX01074484-2	AERX01074484-2		AERX01074484.2	AERX01074484.2	NT_170007.1
oreNil2:AERX01074485-2	AERX01074485-2		AERX01074485.2	AERX01074485.2	NT_170008.1
oreNil2:AERX01074486-1	AERX01074486-1		AERX01074486.1	AERX01074486.1	NT_170009.1
oreNil2:AERX01074487-2	AERX01074487-2		AERX01074487.2	AERX01074487.2	NT_170010.1
oreNil2:AERX01074488-1	AERX01074488-1		AERX01074488.1	AERX01074488.1	NT_170011.1
oreNil2:AERX01074489-2	AERX01074489-2			AERX01074489.2	NT_170012.1
oreNil2:AERX01074490-2	AERX01074490-2		AERX01074490.2	AERX01074490.2	NT_170013.1
oreNil2:AERX01074491-1	AERX01074491-1		AERX01074491.1	AERX01074491.1	NT_170014.1
oreNil2:AERX01074492-2	AERX01074492-2		AERX01074492.2	AERX01074492.2	NT_170015.1
oreNil2:AERX01074493-1	AERX01074493-1			AERX01074493.1	NT_170016.1
oreNil2:AERX01074494-2	AERX01074494-2		AERX01074494.2	AERX01074494.2	NT_170017.1
oreNil2:AERX01074495-2	AERX01074495-2		AERX01074495.2	AERX01074495.2	NT_170018.1
oreNil2:AERX01074496-2	AERX01074496-2		AERX01074496.2	AERX01074496.2	NT_170019.1
oreNil2:AERX01074497-1	AERX01074497-1		AERX01074497.1	AERX01074497.1	NT_170020.1
oreNil2:AERX01074500-2	AERX01074500-2		AERX01074500.2	AERX01074500.2	NT_170022.1
oreNil2:AERX01074501-2	AERX01074501-2		AERX01074501.2	AERX01074501.2	NT_170023.1
oreNil2:AERX01074502-2	AERX01074502-2		AERX01074502.2	AERX01074502.2	NT_170024.1
oreNil2:AERX01074503-2	AERX01074503-2		AERX01074503.2	AERX01074503.2	NT_170025.1
oreNil2:AERX01074504-1	AERX01074504-1		AERX01074504.1	AERX01074504.1	NT_170026.1
oreNil2:AERX01074505-1	AERX01074505-1		AERX01074505.1	AERX01074505.1	NT_170027.1
oreNil2:AERX01074506-2	AERX01074506-2		AERX01074506.2	AERX01074506.2	NT_170028.1
oreNil2:AERX01074507-1	AERX01074507-1		AERX01074507.1	AERX01074507.1	NT_170029.1
oreNil2:AERX01074508-1	AERX01074508-1		AERX01074508.1	AERX01074508.1	NT_170030.1
oreNil2:AERX01074509-1	AERX01074509-1		AERX01074509.1	AERX01074509.1	NT_170031.1
oreNil2:AERX01074510-1	AERX01074510-1		AERX01074510.1	AERX01074510.1	NT_170032.1
oreNil2:AERX01074511-2	AERX01074511-2		AERX01074511.2	AERX01074511.2	NT_170033.1
oreNil2:AERX01074512-1	AERX01074512-1		AERX01074512.1	AERX01074512.1	NT_170034.1
oreNil2:AERX01074513-1	AERX01074513-1		AERX01074513.1	AERX01074513.1	NT_170035.1
oreNil2:AERX01074514-2	AERX01074514-2		AERX01074514.2	AERX01074514.2	NT_170036.1
oreNil2:AERX01074515-2	AERX01074515-2		AERX01074515.2	AERX01074515.2	NT_170037.1
oreNil2:AERX01074516-1	AERX01074516-1		AERX01074516.1	AERX01074516.1	NT_170038.1
oreNil2:AERX01074517-1	AERX01074517-1		AERX01074517.1	AERX01074517.1	NT_170039.1
oreNil2:AERX01074518-2	AERX01074518-2		AERX01074518.2	AERX01074518.2	NT_170040.1
oreNil2:AERX01074519-2	AERX01074519-2		AERX01074519.2	AERX01074519.2	NT_170041.1
oreNil2:AERX01074520-1	AERX01074520-1		AERX01074520.1	AERX01074520.1	NT_170042.1
oreNil2:AERX01074521-2	AERX01074521-2		AERX01074521.2	AERX01074521.2	NT_170043.1
oreNil2:AERX01074522-2	AERX01074522-2		AERX01074522.2	AERX01074522.2	NT_170044.1
oreNil2:AERX01074523-2	AERX01074523-2		AERX01074523.2	AERX01074523.2	NT_170045.1
oreNil2:AERX01074524-2	AERX01074524-2		AERX01074524.2	AERX01074524.2	NT_170046.1
oreNil2:AERX01074525-2	AERX01074525-2		AERX01074525.2	AERX01074525.2	NT_170047.1
oreNil2:AERX01074526-2	AERX01074526-2		AERX01074526.2	AERX01074526.2	NT_170048.1
oreNil2:AERX01074527-1	AERX01074527-1		AERX01074527.1	AERX01074527.1	NT_170049.1
oreNil2:AERX01074528-2	AERX01074528-2		AERX01074528.2	AERX01074528.2	NT_170050.1
oreNil2:AERX01074529-1	AERX01074529-1		AERX01074529.1	AERX01074529.1	NT_170051.1
oreNil2:AERX01074530-2	AERX01074530-2		AERX01074530.2	AERX01074530.2	NT_170052.1
oreNil2:AERX01074531-1	AERX01074531-1		AERX01074531.1	AERX01074531.1	NT_170053.1
oreNil2:AERX01074532-1	AERX01074532-1		AERX01074532.1	AERX01074532.1	NT_170054.1
oreNil2:AERX01074533-2	AERX01074533-2		AERX01074533.2	AERX01074533.2	NT_170055.1
oreNil2:AERX01074534-1	AERX01074534-1		AERX01074534.1	AERX01074534.1	NT_170056.1
oreNil2:AERX01074535-2	AERX01074535-2		AERX01074535.2	AERX01074535.2	NT_170057.1
oreNil2:AERX01074536-1	AERX01074536-1		AERX01074536.1	AERX01074536.1	NT_170058.1
oreNil2:AERX01074537-1	AERX01074537-1		AERX01074537.1	AERX01074537.1	NT_170059.1
oreNil2:AERX01074538-1	AERX01074538-1		AERX01074538.1	AERX01074538.1	NT_170060.1
oreNil2:AERX01074539-1	AERX01074539-1		AERX01074539.1	AERX01074539.1	NT_170061.1
oreNil2:AERX01074540-2	AERX01074540-2		AERX01074540.2	AERX01074540.2	NT_170062.1
oreNil2:AERX01074541-2	AERX01074541-2		AERX01074541.2	AERX01074541.2	NT_170063.1
oreNil2:AERX01074542-2	AERX01074542-2		AERX01074542.2	AERX01074542.2	NT_170064.1
oreNil2:AERX01074543-2	AERX01074543-2		AERX01074543.2	AERX01074543.2	NT_170065.1
oreNil2:AERX01074544-1	AERX01074544-1		AERX01074544.1	AERX01074544.1	NT_170066.1
oreNil2:AERX01074545-1	AERX01074545-1		AERX01074545.1	AERX01074545.1	NT_170067.1
oreNil2:AERX01074546-2	AERX01074546-2		AERX01074546.2	AERX01074546.2	NT_170068.1
oreNil2:AERX01074547-2	AERX01074547-2		AERX01074547.2	AERX01074547.2	NT_170069.1
oreNil2:AERX01074548-2	AERX01074548-2		AERX01074548.2	AERX01074548.2	NT_170070.1
oreNil2:AERX01074549-1	AERX01074549-1		AERX01074549.1	AERX01074549.1	NT_170071.1
oreNil2:AERX01074550-1	AERX01074550-1		AERX01074550.1	AERX01074550.1	NT_170072.1
oreNil2:AERX01074551-1	AERX01074551-1		AERX01074551.1	AERX01074551.1	NT_170073.1
oreNil2:AERX01074552-1	AERX01074552-1		AERX01074552.1	AERX01074552.1	NT_170074.1
oreNil2:AERX01074553-1	AERX01074553-1		AERX01074553.1	AERX01074553.1	NT_170075.1
oreNil2:AERX01074554-1	AERX01074554-1			AERX01074554.1	NT_170076.1
oreNil2:AERX01074555-1	AERX01074555-1			AERX01074555.1	NT_170077.1
oreNil2:AERX01074556-1	AERX01074556-1			AERX01074556.1	NT_170078.1
oreNil2:AERX01074557-1	AERX01074557-1			AERX01074557.1	NT_170079.1
oreNil2:AERX01074558-1	AERX01074558-1			AERX01074558.1	NT_170080.1
oreNil2:AERX01074559-1	AERX01074559-1		AERX01074559.1	AERX01074559.1	NT_170081.1
oreNil2:AERX01074560-1	AERX01074560-1			AERX01074560.1	NT_170082.1
oreNil2:AERX01074561-1	AERX01074561-1			AERX01074561.1	NT_170083.1
oreNil2:AERX01074562-2	AERX01074562-2		AERX01074562.2	AERX01074562.2	NT_170084.1
oreNil2:AERX01074563-2	AERX01074563-2		AERX01074563.2	AERX01074563.2	NT_170085.1
oreNil2:AERX01074564-2	AERX01074564-2		AERX01074564.2	AERX01074564.2	NT_170086.1
oreNil2:AERX01074565-1	AERX01074565-1		AERX01074565.1	AERX01074565.1	NT_170087.1
oreNil2:AERX01074566-1	AERX01074566-1		AERX01074566.1	AERX01074566.1	NT_170088.1
oreNil2:AERX01074567-2	AERX01074567-2		AERX01074567.2	AERX01074567.2	NT_170089.1
oreNil2:AERX01074568-1	AERX01074568-1		AERX01074568.1	AERX01074568.1	NT_170090.1
oreNil2:AERX01074569-1	AERX01074569-1		AERX01074569.1	AERX01074569.1	NT_170091.1
oreNil2:AERX01074570-2	AERX01074570-2		AERX01074570.2	AERX01074570.2	NT_170092.1
oreNil2:AERX01074571-1	AERX01074571-1		AERX01074571.1	AERX01074571.1	NT_170093.1
oreNil2:AERX01074572-2	AERX01074572-2		AERX01074572.2	AERX01074572.2	NT_170094.1
oreNil2:AERX01074573-1	AERX01074573-1		AERX01074573.1	AERX01074573.1	NT_170095.1
oreNil2:AERX01074574-1	AERX01074574-1		AERX01074574.1	AERX01074574.1	NT_170096.1
oreNil2:AERX01074575-2	AERX01074575-2		AERX01074575.2	AERX01074575.2	NT_170097.1
oreNil2:AERX01074576-1	AERX01074576-1		AERX01074576.1	AERX01074576.1	NT_170098.1
oreNil2:AERX01074577-1	AERX01074577-1		AERX01074577.1	AERX01074577.1	NT_170099.1
oreNil2:AERX01074578-1	AERX01074578-1			AERX01074578.1	NT_170100.1
oreNil2:AERX01074579-2	AERX01074579-2		AERX01074579.2	AERX01074579.2	NT_170101.1
oreNil2:AERX01074580-1	AERX01074580-1		AERX01074580.1	AERX01074580.1	NT_170102.1
oreNil2:AERX01074581-2	AERX01074581-2		AERX01074581.2	AERX01074581.2	NT_170103.1
oreNil2:AERX01074582-1	AERX01074582-1		AERX01074582.1	AERX01074582.1	NT_170104.1
oreNil2:AERX01074583-2	AERX01074583-2		AERX01074583.2	AERX01074583.2	NT_170105.1
oreNil2:AERX01074584-1	AERX01074584-1		AERX01074584.1	AERX01074584.1	NT_170106.1
oreNil2:AERX01074585-1	AERX01074585-1		AERX01074585.1	AERX01074585.1	NT_170107.1
oreNil2:AERX01074586-1	AERX01074586-1			AERX01074586.1	NT_170108.1
oreNil2:AERX01074587-1	AERX01074587-1		AERX01074587.1	AERX01074587.1	NT_170109.1
oreNil2:AERX01074588-1	AERX01074588-1		AERX01074588.1	AERX01074588.1	NT_170110.1
oreNil2:AERX01074589-1	AERX01074589-1		AERX01074589.1	AERX01074589.1	NT_170111.1
oreNil2:AERX01074590-2	AERX01074590-2		AERX01074590.2	AERX01074590.2	NT_170112.1
oreNil2:AERX01074591-1	AERX01074591-1		AERX01074591.1	AERX01074591.1	NT_170113.1
oreNil2:AERX01074592-1	AERX01074592-1		AERX01074592.1	AERX01074592.1	NT_170114.1
oreNil2:AERX01074593-2	AERX01074593-2		AERX01074593.2	AERX01074593.2	NT_170115.1
oreNil2:AERX01074594-1	AERX01074594-1		AERX01074594.1	AERX01074594.1	NT_170116.1
oreNil2:AERX01074595-1	AERX01074595-1		AERX01074595.1	AERX01074595.1	NT_170117.1
oreNil2:AERX01074596-2	AERX01074596-2		AERX01074596.2	AERX01074596.2	NT_170118.1
oreNil2:AERX01074597-2	AERX01074597-2		AERX01074597.2	AERX01074597.2	NT_170119.1
oreNil2:AERX01074598-2	AERX01074598-2		AERX01074598.2	AERX01074598.2	NT_170120.1
oreNil2:AERX01074599-1	AERX01074599-1		AERX01074599.1	AERX01074599.1	NT_170121.1
oreNil2:AERX01074600-2	AERX01074600-2		AERX01074600.2	AERX01074600.2	NT_170122.1
oreNil2:AERX01074601-1	AERX01074601-1		AERX01074601.1	AERX01074601.1	NT_170123.1
oreNil2:AERX01074602-1	AERX01074602-1		AERX01074602.1	AERX01074602.1	NT_170124.1
oreNil2:AERX01074603-1	AERX01074603-1		AERX01074603.1	AERX01074603.1	NT_170125.1
oreNil2:AERX01074604-2	AERX01074604-2		AERX01074604.2	AERX01074604.2	NT_170126.1
oreNil2:AERX01074605-2	AERX01074605-2		AERX01074605.2	AERX01074605.2	NT_170127.1
oreNil2:AERX01074606-1	AERX01074606-1		AERX01074606.1	AERX01074606.1	NT_170128.1
oreNil2:AERX01074607-2	AERX01074607-2		AERX01074607.2	AERX01074607.2	NT_170129.1
oreNil2:AERX01074608-1	AERX01074608-1		AERX01074608.1	AERX01074608.1	NT_170130.1
oreNil2:AERX01074609-1	AERX01074609-1		AERX01074609.1	AERX01074609.1	NT_170131.1
oreNil2:AERX01074610-1	AERX01074610-1		AERX01074610.1	AERX01074610.1	NT_170132.1
oreNil2:AERX01074611-2	AERX01074611-2		AERX01074611.2	AERX01074611.2	NT_170133.1
oreNil2:AERX01074612-2	AERX01074612-2		AERX01074612.2	AERX01074612.2	NT_170134.1
oreNil2:AERX01074613-1	AERX01074613-1		AERX01074613.1	AERX01074613.1	NT_170135.1
oreNil2:AERX01074614-1	AERX01074614-1		AERX01074614.1	AERX01074614.1	NT_170136.1
oreNil2:AERX01074615-1	AERX01074615-1		AERX01074615.1	AERX01074615.1	NT_170137.1
oreNil2:AERX01074616-1	AERX01074616-1		AERX01074616.1	AERX01074616.1	NT_170138.1
oreNil2:AERX01074617-2	AERX01074617-2		AERX01074617.2	AERX01074617.2	NT_170139.1
oreNil2:AERX01074618-1	AERX01074618-1		AERX01074618.1	AERX01074618.1	NT_170140.1
oreNil2:AERX01074619-1	AERX01074619-1		AERX01074619.1	AERX01074619.1	NT_170141.1
oreNil2:AERX01074620-1	AERX01074620-1		AERX01074620.1	AERX01074620.1	NT_170142.1
oreNil2:AERX01074621-2	AERX01074621-2		AERX01074621.2	AERX01074621.2	NT_170143.1
oreNil2:AERX01074622-2	AERX01074622-2		AERX01074622.2	AERX01074622.2	NT_170144.1
oreNil2:AERX01074623-2	AERX01074623-2		AERX01074623.2	AERX01074623.2	NT_170145.1
oreNil2:AERX01074624-1	AERX01074624-1		AERX01074624.1	AERX01074624.1	NT_170146.1
oreNil2:AERX01074625-1	AERX01074625-1		AERX01074625.1	AERX01074625.1	NT_170147.1
oreNil2:AERX01074626-2	AERX01074626-2		AERX01074626.2	AERX01074626.2	NT_170148.1
oreNil2:AERX01074627-2	AERX01074627-2		AERX01074627.2	AERX01074627.2	NT_170149.1
oreNil2:AERX01074628-1	AERX01074628-1		AERX01074628.1	AERX01074628.1	NT_170150.1
oreNil2:AERX01074629-2	AERX01074629-2		AERX01074629.2	AERX01074629.2	NT_170151.1
oreNil2:AERX01074630-1	AERX01074630-1		AERX01074630.1	AERX01074630.1	NT_170152.1
oreNil2:AERX01074631-1	AERX01074631-1		AERX01074631.1	AERX01074631.1	NT_170153.1
oreNil2:AERX01074632-1	AERX01074632-1		AERX01074632.1	AERX01074632.1	NT_170154.1
oreNil2:AERX01074633-1	AERX01074633-1		AERX01074633.1	AERX01074633.1	NT_170155.1
oreNil2:AERX01074634-1	AERX01074634-1		AERX01074634.1	AERX01074634.1	NT_170156.1
oreNil2:AERX01074635-1	AERX01074635-1		AERX01074635.1	AERX01074635.1	NT_170157.1
oreNil2:AERX01074636-1	AERX01074636-1		AERX01074636.1	AERX01074636.1	NT_170158.1
oreNil2:AERX01074637-1	AERX01074637-1		AERX01074637.1	AERX01074637.1	NT_170159.1
oreNil2:AERX01074638-2	AERX01074638-2		AERX01074638.2	AERX01074638.2	NT_170160.1
oreNil2:AERX01074639-1	AERX01074639-1		AERX01074639.1	AERX01074639.1	NT_170161.1
oreNil2:AERX01074640-2	AERX01074640-2		AERX01074640.2	AERX01074640.2	NT_170162.1
oreNil2:AERX01074641-2	AERX01074641-2		AERX01074641.2	AERX01074641.2	NT_170163.1
oreNil2:AERX01074642-2	AERX01074642-2		AERX01074642.2	AERX01074642.2	NT_170164.1
oreNil2:AERX01074643-2	AERX01074643-2		AERX01074643.2	AERX01074643.2	NT_170165.1
oreNil2:AERX01074644-1	AERX01074644-1		AERX01074644.1	AERX01074644.1	NT_170166.1
oreNil2:AERX01074645-2	AERX01074645-2		AERX01074645.2	AERX01074645.2	NT_170167.1
oreNil2:AERX01074646-1	AERX01074646-1		AERX01074646.1	AERX01074646.1	NT_170168.1
oreNil2:AERX01074647-1	AERX01074647-1			AERX01074647.1	NT_170169.1
oreNil2:AERX01074648-1	AERX01074648-1		AERX01074648.1	AERX01074648.1	NT_170170.1
oreNil2:AERX01074649-1	AERX01074649-1		AERX01074649.1	AERX01074649.1	NT_170171.1
oreNil2:AERX01074650-2	AERX01074650-2		AERX01074650.2	AERX01074650.2	NT_170172.1
oreNil2:AERX01074651-1	AERX01074651-1		AERX01074651.1	AERX01074651.1	NT_170173.1
oreNil2:AERX01074652-1	AERX01074652-1			AERX01074652.1	NT_170174.1
oreNil2:AERX01074653-1	AERX01074653-1		AERX01074653.1	AERX01074653.1	NT_170175.1
oreNil2:AERX01074654-1	AERX01074654-1		AERX01074654.1	AERX01074654.1	NT_170176.1
oreNil2:AERX01074655-1	AERX01074655-1		AERX01074655.1	AERX01074655.1	NT_170177.1
oreNil2:AERX01074656-1	AERX01074656-1		AERX01074656.1	AERX01074656.1	NT_170178.1
oreNil2:AERX01074657-2	AERX01074657-2		AERX01074657.2	AERX01074657.2	NT_170179.1
oreNil2:AERX01074658-2	AERX01074658-2		AERX01074658.2	AERX01074658.2	NT_170180.1
oreNil2:AERX01074659-2	AERX01074659-2		AERX01074659.2	AERX01074659.2	NT_170181.1
oreNil2:AERX01074660-2	AERX01074660-2		AERX01074660.2	AERX01074660.2	NT_170182.1
oreNil2:AERX01074661-2	AERX01074661-2		AERX01074661.2	AERX01074661.2	NT_170183.1
oreNil2:AERX01074662-1	AERX01074662-1		AERX01074662.1	AERX01074662.1	NT_170184.1
oreNil2:AERX01074663-1	AERX01074663-1		AERX01074663.1	AERX01074663.1	NT_170185.1
oreNil2:AERX01074664-1	AERX01074664-1		AERX01074664.1	AERX01074664.1	NT_170186.1
oreNil2:AERX01074665-1	AERX01074665-1		AERX01074665.1	AERX01074665.1	NT_170187.1
oreNil2:AERX01074666-1	AERX01074666-1		AERX01074666.1	AERX01074666.1	NT_170188.1
oreNil2:AERX01074667-1	AERX01074667-1		AERX01074667.1	AERX01074667.1	NT_170189.1
oreNil2:AERX01074668-1	AERX01074668-1		AERX01074668.1	AERX01074668.1	NT_170190.1
oreNil2:AERX01074669-1	AERX01074669-1		AERX01074669.1	AERX01074669.1	NT_170191.1
oreNil2:AERX01074670-1	AERX01074670-1		AERX01074670.1	AERX01074670.1	NT_170192.1
oreNil2:AERX01074671-1	AERX01074671-1		AERX01074671.1	AERX01074671.1	NT_170193.1
oreNil2:AERX01074672-1	AERX01074672-1		AERX01074672.1	AERX01074672.1	NT_170194.1
oreNil2:AERX01074673-2	AERX01074673-2		AERX01074673.2	AERX01074673.2	NT_170195.1
oreNil2:AERX01074674-1	AERX01074674-1		AERX01074674.1	AERX01074674.1	NT_170196.1
oreNil2:AERX01074675-1	AERX01074675-1			AERX01074675.1	NT_170197.1
oreNil2:AERX01074676-2	AERX01074676-2		AERX01074676.2	AERX01074676.2	NT_170198.1
oreNil2:AERX01074677-2	AERX01074677-2		AERX01074677.2	AERX01074677.2	NT_170199.1
oreNil2:AERX01074678-1	AERX01074678-1		AERX01074678.1	AERX01074678.1	NT_170200.1
oreNil2:AERX01074679-1	AERX01074679-1		AERX01074679.1	AERX01074679.1	NT_170201.1
oreNil2:AERX01074680-2	AERX01074680-2		AERX01074680.2	AERX01074680.2	NT_170202.1
oreNil2:AERX01074681-1	AERX01074681-1		AERX01074681.1	AERX01074681.1	NT_170203.1
oreNil2:AERX01074682-2	AERX01074682-2		AERX01074682.2	AERX01074682.2	NT_170204.1
oreNil2:AERX01074683-1	AERX01074683-1		AERX01074683.1	AERX01074683.1	NT_170205.1
oreNil2:AERX01074684-2	AERX01074684-2		AERX01074684.2	AERX01074684.2	NT_170206.1
oreNil2:AERX01074685-2	AERX01074685-2		AERX01074685.2	AERX01074685.2	NT_170207.1
oreNil2:AERX01074686-1	AERX01074686-1		AERX01074686.1	AERX01074686.1	NT_170208.1
oreNil2:AERX01074687-1	AERX01074687-1		AERX01074687.1	AERX01074687.1	NT_170209.1
oreNil2:AERX01074688-2	AERX01074688-2		AERX01074688.2	AERX01074688.2	NT_170210.1
oreNil2:AERX01074689-1	AERX01074689-1		AERX01074689.1	AERX01074689.1	NT_170211.1
oreNil2:AERX01074690-1	AERX01074690-1		AERX01074690.1	AERX01074690.1	NT_170212.1
oreNil2:AERX01074691-1	AERX01074691-1		AERX01074691.1	AERX01074691.1	NT_170213.1
oreNil2:AERX01074692-1	AERX01074692-1		AERX01074692.1	AERX01074692.1	NT_170214.1
oreNil2:AERX01074693-1	AERX01074693-1		AERX01074693.1	AERX01074693.1	NT_170215.1
oreNil2:AERX01074694-2	AERX01074694-2		AERX01074694.2	AERX01074694.2	NT_170216.1
oreNil2:AERX01074695-1	AERX01074695-1		AERX01074695.1	AERX01074695.1	NT_170217.1
oreNil2:AERX01074696-1	AERX01074696-1		AERX01074696.1	AERX01074696.1	NT_170218.1
oreNil2:AERX01074697-1	AERX01074697-1		AERX01074697.1	AERX01074697.1	NT_170219.1
oreNil2:AERX01074698-1	AERX01074698-1		AERX01074698.1	AERX01074698.1	NT_170220.1
oreNil2:AERX01074699-1	AERX01074699-1		AERX01074699.1	AERX01074699.1	NT_170221.1
oreNil2:AERX01074700-2	AERX01074700-2		AERX01074700.2	AERX01074700.2	NT_170222.1
oreNil2:AERX01074701-1	AERX01074701-1		AERX01074701.1	AERX01074701.1	NT_170223.1
oreNil2:AERX01074702-1	AERX01074702-1			AERX01074702.1	NT_170224.1
oreNil2:AERX01074703-2	AERX01074703-2		AERX01074703.2	AERX01074703.2	NT_170225.1
oreNil2:AERX01074704-1	AERX01074704-1		AERX01074704.1	AERX01074704.1	NT_170226.1
oreNil2:AERX01074705-1	AERX01074705-1		AERX01074705.1	AERX01074705.1	NT_170227.1
oreNil2:AERX01074706-1	AERX01074706-1		AERX01074706.1	AERX01074706.1	NT_170228.1
oreNil2:AERX01074707-1	AERX01074707-1		AERX01074707.1	AERX01074707.1	NT_170229.1
oreNil2:AERX01074708-1	AERX01074708-1		AERX01074708.1	AERX01074708.1	NT_170230.1
oreNil2:AERX01074709-1	AERX01074709-1		AERX01074709.1	AERX01074709.1	NT_170231.1
oreNil2:AERX01074710-2	AERX01074710-2		AERX01074710.2	AERX01074710.2	NT_170232.1
oreNil2:AERX01074711-1	AERX01074711-1		AERX01074711.1	AERX01074711.1	NT_170233.1
oreNil2:AERX01074712-1	AERX01074712-1		AERX01074712.1	AERX01074712.1	NT_170234.1
oreNil2:AERX01074713-2	AERX01074713-2		AERX01074713.2	AERX01074713.2	NT_170235.1
oreNil2:AERX01074714-1	AERX01074714-1		AERX01074714.1	AERX01074714.1	NT_170236.1
oreNil2:AERX01074715-1	AERX01074715-1		AERX01074715.1	AERX01074715.1	NT_170237.1
oreNil2:AERX01074716-2	AERX01074716-2		AERX01074716.2	AERX01074716.2	NT_170238.1
oreNil2:AERX01074717-1	AERX01074717-1		AERX01074717.1	AERX01074717.1	NT_170239.1
oreNil2:AERX01074718-1	AERX01074718-1			AERX01074718.1	NT_170240.1
oreNil2:AERX01074719-1	AERX01074719-1		AERX01074719.1	AERX01074719.1	NT_170241.1
oreNil2:AERX01074720-1	AERX01074720-1		AERX01074720.1	AERX01074720.1	NT_170242.1
oreNil2:AERX01074721-2	AERX01074721-2		AERX01074721.2	AERX01074721.2	NT_170243.1
oreNil2:AERX01074722-1	AERX01074722-1		AERX01074722.1	AERX01074722.1	NT_170244.1
oreNil2:AERX01074723-1	AERX01074723-1		AERX01074723.1	AERX01074723.1	NT_170245.1
oreNil2:AERX01074724-2	AERX01074724-2		AERX01074724.2	AERX01074724.2	NT_170246.1
oreNil2:AERX01074725-1	AERX01074725-1		AERX01074725.1	AERX01074725.1	NT_170247.1
oreNil2:AERX01074726-1	AERX01074726-1			AERX01074726.1	NT_170248.1
oreNil2:AERX01074727-2	AERX01074727-2		AERX01074727.2	AERX01074727.2	NT_170249.1
oreNil2:AERX01074728-1	AERX01074728-1		AERX01074728.1	AERX01074728.1	NT_170250.1
oreNil2:AERX01074729-2	AERX01074729-2		AERX01074729.2	AERX01074729.2	NT_170251.1
oreNil2:AERX01074730-2	AERX01074730-2		AERX01074730.2	AERX01074730.2	NT_170252.1
oreNil2:AERX01074731-1	AERX01074731-1		AERX01074731.1	AERX01074731.1	NT_170253.1
oreNil2:AERX01074732-1	AERX01074732-1		AERX01074732.1	AERX01074732.1	NT_170254.1
oreNil2:AERX01074733-2	AERX01074733-2		AERX01074733.2	AERX01074733.2	NT_170255.1
oreNil2:AERX01074734-2	AERX01074734-2		AERX01074734.2	AERX01074734.2	NT_170256.1
oreNil2:AERX01074735-1	AERX01074735-1		AERX01074735.1	AERX01074735.1	NT_170257.1
oreNil2:AERX01074736-1	AERX01074736-1		AERX01074736.1	AERX01074736.1	NT_170258.1
oreNil2:AERX01074737-1	AERX01074737-1			AERX01074737.1	NT_170259.1
oreNil2:AERX01074738-2	AERX01074738-2		AERX01074738.2	AERX01074738.2	NT_170260.1
oreNil2:AERX01074739-1	AERX01074739-1		AERX01074739.1	AERX01074739.1	NT_170261.1
oreNil2:AERX01074740-1	AERX01074740-1		AERX01074740.1	AERX01074740.1	NT_170262.1
oreNil2:AERX01074741-2	AERX01074741-2		AERX01074741.2	AERX01074741.2	NT_170263.1
oreNil2:AERX01074742-1	AERX01074742-1		AERX01074742.1	AERX01074742.1	NT_170264.1
oreNil2:AERX01074743-1	AERX01074743-1		AERX01074743.1	AERX01074743.1	NT_170265.1
oreNil2:AERX01074744-1	AERX01074744-1		AERX01074744.1	AERX01074744.1	NT_170266.1
oreNil2:AERX01074745-2	AERX01074745-2		AERX01074745.2	AERX01074745.2	NT_170267.1
oreNil2:AERX01074746-1	AERX01074746-1		AERX01074746.1	AERX01074746.1	NT_170268.1
oreNil2:AERX01074747-1	AERX01074747-1			AERX01074747.1	NT_170269.1
oreNil2:AERX01074748-2	AERX01074748-2		AERX01074748.2	AERX01074748.2	NT_170270.1
oreNil2:AERX01074749-2	AERX01074749-2		AERX01074749.2	AERX01074749.2	NT_170271.1
oreNil2:AERX01074750-2	AERX01074750-2		AERX01074750.2	AERX01074750.2	NT_170272.1
oreNil2:AERX01074751-1	AERX01074751-1		AERX01074751.1	AERX01074751.1	NT_170273.1
oreNil2:AERX01074752-2	AERX01074752-2		AERX01074752.2	AERX01074752.2	NT_170274.1
oreNil2:AERX01074753-2	AERX01074753-2		AERX01074753.2	AERX01074753.2	NT_170275.1
oreNil2:AERX01074754-1	AERX01074754-1		AERX01074754.1	AERX01074754.1	NT_170276.1
oreNil2:AERX01074755-1	AERX01074755-1		AERX01074755.1	AERX01074755.1	NT_170277.1
oreNil2:AERX01074756-2	AERX01074756-2		AERX01074756.2	AERX01074756.2	NT_170278.1
oreNil2:AERX01074757-1	AERX01074757-1		AERX01074757.1	AERX01074757.1	NT_170279.1
oreNil2:AERX01074758-2	AERX01074758-2		AERX01074758.2	AERX01074758.2	NT_170280.1
oreNil2:AERX01074759-1	AERX01074759-1		AERX01074759.1	AERX01074759.1	NT_170281.1
oreNil2:AERX01074760-1	AERX01074760-1		AERX01074760.1	AERX01074760.1	NT_170282.1
oreNil2:AERX01074761-2	AERX01074761-2		AERX01074761.2	AERX01074761.2	NT_170283.1
oreNil2:AERX01074762-2	AERX01074762-2		AERX01074762.2	AERX01074762.2	NT_170284.1
oreNil2:AERX01074763-1	AERX01074763-1		AERX01074763.1	AERX01074763.1	NT_170285.1
oreNil2:AERX01074764-1	AERX01074764-1		AERX01074764.1	AERX01074764.1	NT_170286.1
oreNil2:AERX01074765-1	AERX01074765-1		AERX01074765.1	AERX01074765.1	NT_170287.1
oreNil2:AERX01074766-2	AERX01074766-2		AERX01074766.2	AERX01074766.2	NT_170288.1
oreNil2:AERX01074767-1	AERX01074767-1		AERX01074767.1	AERX01074767.1	NT_170289.1
oreNil2:AERX01074768-1	AERX01074768-1		AERX01074768.1	AERX01074768.1	NT_170290.1
oreNil2:AERX01074769-1	AERX01074769-1		AERX01074769.1	AERX01074769.1	NT_170291.1
oreNil2:AERX01074770-1	AERX01074770-1		AERX01074770.1	AERX01074770.1	NT_170292.1
oreNil2:AERX01074771-1	AERX01074771-1			AERX01074771.1	NT_170293.1
oreNil2:AERX01074772-2	AERX01074772-2		AERX01074772.2	AERX01074772.2	NT_170294.1
oreNil2:AERX01074773-1	AERX01074773-1		AERX01074773.1	AERX01074773.1	NT_170295.1
oreNil2:AERX01074774-2	AERX01074774-2		AERX01074774.2	AERX01074774.2	NT_170296.1
oreNil2:AERX01074775-2	AERX01074775-2		AERX01074775.2	AERX01074775.2	NT_170297.1
oreNil2:AERX01074776-1	AERX01074776-1		AERX01074776.1	AERX01074776.1	NT_170298.1
oreNil2:AERX01074777-1	AERX01074777-1		AERX01074777.1	AERX01074777.1	NT_170299.1
oreNil2:AERX01074778-1	AERX01074778-1		AERX01074778.1	AERX01074778.1	NT_170300.1
oreNil2:AERX01074779-1	AERX01074779-1		AERX01074779.1	AERX01074779.1	NT_170301.1
oreNil2:AERX01074780-2	AERX01074780-2		AERX01074780.2	AERX01074780.2	NT_170302.1
oreNil2:AERX01074781-1	AERX01074781-1		AERX01074781.1	AERX01074781.1	NT_170303.1
oreNil2:AERX01074782-1	AERX01074782-1			AERX01074782.1	NT_170304.1
oreNil2:AERX01074783-1	AERX01074783-1		AERX01074783.1	AERX01074783.1	NT_170305.1
oreNil2:AERX01074784-2	AERX01074784-2		AERX01074784.2	AERX01074784.2	NT_170306.1
oreNil2:AERX01074785-2	AERX01074785-2		AERX01074785.2	AERX01074785.2	NT_170307.1
oreNil2:AERX01074786-1	AERX01074786-1		AERX01074786.1	AERX01074786.1	NT_170308.1
oreNil2:AERX01074787-2	AERX01074787-2		AERX01074787.2	AERX01074787.2	NT_170309.1
oreNil2:AERX01074788-2	AERX01074788-2		AERX01074788.2	AERX01074788.2	NT_170310.1
oreNil2:AERX01074789-1	AERX01074789-1		AERX01074789.1	AERX01074789.1	NT_170311.1
oreNil2:AERX01074790-1	AERX01074790-1		AERX01074790.1	AERX01074790.1	NT_170312.1
oreNil2:AERX01074791-1	AERX01074791-1		AERX01074791.1	AERX01074791.1	NT_170313.1
oreNil2:AERX01074792-1	AERX01074792-1		AERX01074792.1	AERX01074792.1	NT_170314.1
oreNil2:AERX01074793-2	AERX01074793-2		AERX01074793.2	AERX01074793.2	NT_170315.1
oreNil2:AERX01074794-1	AERX01074794-1		AERX01074794.1	AERX01074794.1	NT_170316.1
oreNil2:AERX01074795-1	AERX01074795-1		AERX01074795.1	AERX01074795.1	NT_170317.1
oreNil2:AERX01074796-1	AERX01074796-1		AERX01074796.1	AERX01074796.1	NT_170318.1
oreNil2:AERX01074797-2	AERX01074797-2		AERX01074797.2	AERX01074797.2	NT_170319.1
oreNil2:AERX01074798-2	AERX01074798-2		AERX01074798.2	AERX01074798.2	NT_170320.1
oreNil2:AERX01074799-2	AERX01074799-2		AERX01074799.2	AERX01074799.2	NT_170321.1
oreNil2:AERX01074800-2	AERX01074800-2			AERX01074800.2	NT_170322.1
oreNil2:AERX01074801-1	AERX01074801-1		AERX01074801.1	AERX01074801.1	NT_170323.1
oreNil2:AERX01074802-2	AERX01074802-2		AERX01074802.2	AERX01074802.2	NT_170324.1
oreNil2:AERX01074803-2	AERX01074803-2		AERX01074803.2	AERX01074803.2	NT_170325.1
oreNil2:AERX01074804-1	AERX01074804-1		AERX01074804.1	AERX01074804.1	NT_170326.1
oreNil2:AERX01074805-1	AERX01074805-1		AERX01074805.1	AERX01074805.1	NT_170327.1
oreNil2:AERX01074806-2	AERX01074806-2		AERX01074806.2	AERX01074806.2	NT_170328.1
oreNil2:AERX01074807-2	AERX01074807-2			AERX01074807.2	NT_170329.1
oreNil2:AERX01074808-2	AERX01074808-2		AERX01074808.2	AERX01074808.2	NT_170330.1
oreNil2:AERX01074809-1	AERX01074809-1		AERX01074809.1	AERX01074809.1	NT_170331.1
oreNil2:AERX01074810-2	AERX01074810-2		AERX01074810.2	AERX01074810.2	NT_170332.1
oreNil2:AERX01074811-1	AERX01074811-1		AERX01074811.1	AERX01074811.1	NT_170333.1
oreNil2:AERX01074812-1	AERX01074812-1		AERX01074812.1	AERX01074812.1	NT_170334.1
oreNil2:AERX01074813-1	AERX01074813-1		AERX01074813.1	AERX01074813.1	NT_170335.1
oreNil2:AERX01074814-1	AERX01074814-1			AERX01074814.1	NT_170336.1
oreNil2:AERX01074815-1	AERX01074815-1		AERX01074815.1	AERX01074815.1	NT_170337.1
oreNil2:AERX01074816-1	AERX01074816-1		AERX01074816.1	AERX01074816.1	NT_170338.1
oreNil2:AERX01074817-1	AERX01074817-1		AERX01074817.1	AERX01074817.1	NT_170339.1
oreNil2:AERX01074818-1	AERX01074818-1		AERX01074818.1	AERX01074818.1	NT_170340.1
oreNil2:AERX01074819-1	AERX01074819-1		AERX01074819.1	AERX01074819.1	NT_170341.1
oreNil2:AERX01074820-2	AERX01074820-2		AERX01074820.2	AERX01074820.2	NT_170342.1
oreNil2:AERX01074821-1	AERX01074821-1		AERX01074821.1	AERX01074821.1	NT_170343.1
oreNil2:AERX01074822-1	AERX01074822-1			AERX01074822.1	NT_170344.1
oreNil2:AERX01074823-2	AERX01074823-2		AERX01074823.2	AERX01074823.2	NT_170345.1
oreNil2:AERX01074824-1	AERX01074824-1		AERX01074824.1	AERX01074824.1	NT_170346.1
oreNil2:AERX01074825-1	AERX01074825-1		AERX01074825.1	AERX01074825.1	NT_170347.1
oreNil2:AERX01074826-1	AERX01074826-1		AERX01074826.1	AERX01074826.1	NT_170348.1
oreNil2:AERX01074827-1	AERX01074827-1		AERX01074827.1	AERX01074827.1	NT_170349.1
oreNil2:AERX01074828-2	AERX01074828-2		AERX01074828.2	AERX01074828.2	NT_170350.1
oreNil2:AERX01074829-1	AERX01074829-1		AERX01074829.1	AERX01074829.1	NT_170351.1
oreNil2:AERX01074830-1	AERX01074830-1		AERX01074830.1	AERX01074830.1	NT_170352.1
oreNil2:AERX01074831-1	AERX01074831-1		AERX01074831.1	AERX01074831.1	NT_170353.1
oreNil2:AERX01074832-1	AERX01074832-1		AERX01074832.1	AERX01074832.1	NT_170354.1
oreNil2:AERX01074833-1	AERX01074833-1		AERX01074833.1	AERX01074833.1	NT_170355.1
oreNil2:AERX01074834-2	AERX01074834-2		AERX01074834.2	AERX01074834.2	NT_170356.1
oreNil2:AERX01074835-2	AERX01074835-2			AERX01074835.2	NT_170357.1
oreNil2:AERX01074836-1	AERX01074836-1		AERX01074836.1	AERX01074836.1	NT_170358.1
oreNil2:AERX01074837-1	AERX01074837-1		AERX01074837.1	AERX01074837.1	NT_170359.1
oreNil2:AERX01074838-2	AERX01074838-2		AERX01074838.2	AERX01074838.2	NT_170360.1
oreNil2:AERX01074839-2	AERX01074839-2		AERX01074839.2	AERX01074839.2	NT_170361.1
oreNil2:AERX01074840-1	AERX01074840-1		AERX01074840.1	AERX01074840.1	NT_170362.1
oreNil2:AERX01074841-1	AERX01074841-1			AERX01074841.1	NT_170363.1
oreNil2:AERX01074842-2	AERX01074842-2		AERX01074842.2	AERX01074842.2	NT_170364.1
oreNil2:AERX01074843-2	AERX01074843-2		AERX01074843.2	AERX01074843.2	NT_170365.1
oreNil2:AERX01074844-2	AERX01074844-2		AERX01074844.2	AERX01074844.2	NT_170366.1
oreNil2:AERX01074845-1	AERX01074845-1		AERX01074845.1	AERX01074845.1	NT_170367.1
oreNil2:AERX01074846-2	AERX01074846-2		AERX01074846.2	AERX01074846.2	NT_170368.1
oreNil2:AERX01074847-1	AERX01074847-1		AERX01074847.1	AERX01074847.1	NT_170369.1
oreNil2:AERX01074848-2	AERX01074848-2		AERX01074848.2	AERX01074848.2	NT_170370.1
oreNil2:AERX01074849-1	AERX01074849-1		AERX01074849.1	AERX01074849.1	NT_170371.1
oreNil2:AERX01074850-1	AERX01074850-1		AERX01074850.1	AERX01074850.1	NT_170372.1
oreNil2:AERX01074851-1	AERX01074851-1		AERX01074851.1	AERX01074851.1	NT_170373.1
oreNil2:AERX01074852-2	AERX01074852-2		AERX01074852.2	AERX01074852.2	NT_170374.1
oreNil2:AERX01074853-1	AERX01074853-1			AERX01074853.1	NT_170375.1
oreNil2:AERX01074854-1	AERX01074854-1		AERX01074854.1	AERX01074854.1	NT_170376.1
oreNil2:AERX01074855-2	AERX01074855-2		AERX01074855.2	AERX01074855.2	NT_170377.1
oreNil2:AERX01074856-2	AERX01074856-2		AERX01074856.2	AERX01074856.2	NT_170378.1
oreNil2:AERX01074857-2	AERX01074857-2		AERX01074857.2	AERX01074857.2	NT_170379.1
oreNil2:AERX01074858-2	AERX01074858-2		AERX01074858.2	AERX01074858.2	NT_170380.1
oreNil2:AERX01074859-1	AERX01074859-1		AERX01074859.1	AERX01074859.1	NT_170381.1
oreNil2:AERX01074860-1	AERX01074860-1		AERX01074860.1	AERX01074860.1	NT_170382.1
oreNil2:AERX01074861-1	AERX01074861-1			AERX01074861.1	NT_170383.1
oreNil2:AERX01074862-2	AERX01074862-2		AERX01074862.2	AERX01074862.2	NT_170384.1
oreNil2:AERX01074863-2	AERX01074863-2		AERX01074863.2	AERX01074863.2	NT_170385.1
oreNil2:AERX01074864-2	AERX01074864-2		AERX01074864.2	AERX01074864.2	NT_170386.1
oreNil2:AERX01074865-1	AERX01074865-1		AERX01074865.1	AERX01074865.1	NT_170387.1
oreNil2:AERX01074866-1	AERX01074866-1		AERX01074866.1	AERX01074866.1	NT_170388.1
oreNil2:AERX01074867-1	AERX01074867-1		AERX01074867.1	AERX01074867.1	NT_170389.1
oreNil2:AERX01074868-2	AERX01074868-2		AERX01074868.2	AERX01074868.2	NT_170390.1
oreNil2:AERX01074869-1	AERX01074869-1		AERX01074869.1	AERX01074869.1	NT_170391.1
oreNil2:AERX01074870-2	AERX01074870-2		AERX01074870.2	AERX01074870.2	NT_170392.1
oreNil2:AERX01074871-2	AERX01074871-2		AERX01074871.2	AERX01074871.2	NT_170393.1
oreNil2:AERX01074872-2	AERX01074872-2		AERX01074872.2	AERX01074872.2	NT_170394.1
oreNil2:AERX01074873-2	AERX01074873-2		AERX01074873.2	AERX01074873.2	NT_170395.1
oreNil2:AERX01074874-2	AERX01074874-2		AERX01074874.2	AERX01074874.2	NT_170396.1
oreNil2:AERX01074875-2	AERX01074875-2		AERX01074875.2	AERX01074875.2	NT_170397.1
oreNil2:AERX01074876-2	AERX01074876-2		AERX01074876.2	AERX01074876.2	NT_170398.1
oreNil2:AERX01074877-1	AERX01074877-1		AERX01074877.1	AERX01074877.1	NT_170399.1
oreNil2:AERX01074878-1	AERX01074878-1		AERX01074878.1	AERX01074878.1	NT_170400.1
oreNil2:AERX01074879-2	AERX01074879-2		AERX01074879.2	AERX01074879.2	NT_170401.1
oreNil2:AERX01074880-1	AERX01074880-1		AERX01074880.1	AERX01074880.1	NT_170402.1
oreNil2:AERX01074881-1	AERX01074881-1		AERX01074881.1	AERX01074881.1	NT_170403.1
oreNil2:AERX01074882-1	AERX01074882-1		AERX01074882.1	AERX01074882.1	NT_170404.1
oreNil2:AERX01074883-1	AERX01074883-1		AERX01074883.1	AERX01074883.1	NT_170405.1
oreNil2:AERX01074884-1	AERX01074884-1		AERX01074884.1	AERX01074884.1	NT_170406.1
oreNil2:AERX01074885-1	AERX01074885-1			AERX01074885.1	NT_170407.1
oreNil2:AERX01074886-1	AERX01074886-1		AERX01074886.1	AERX01074886.1	NT_170408.1
oreNil2:AERX01074887-1	AERX01074887-1		AERX01074887.1	AERX01074887.1	NT_170409.1
oreNil2:AERX01074888-2	AERX01074888-2		AERX01074888.2	AERX01074888.2	NT_170410.1
oreNil2:AERX01074889-1	AERX01074889-1		AERX01074889.1	AERX01074889.1	NT_170411.1
oreNil2:AERX01074890-2	AERX01074890-2		AERX01074890.2	AERX01074890.2	NT_170412.1
oreNil2:AERX01074891-2	AERX01074891-2		AERX01074891.2	AERX01074891.2	NT_170413.1
oreNil2:AERX01074892-1	AERX01074892-1		AERX01074892.1	AERX01074892.1	NT_170414.1
oreNil2:AERX01074893-2	AERX01074893-2		AERX01074893.2	AERX01074893.2	NT_170415.1
oreNil2:AERX01074894-1	AERX01074894-1		AERX01074894.1	AERX01074894.1	NT_170416.1
oreNil2:AERX01074895-2	AERX01074895-2		AERX01074895.2	AERX01074895.2	NT_170417.1
oreNil2:AERX01074896-2	AERX01074896-2		AERX01074896.2	AERX01074896.2	NT_170418.1
oreNil2:AERX01074897-2	AERX01074897-2		AERX01074897.2	AERX01074897.2	NT_170419.1
oreNil2:AERX01074898-1	AERX01074898-1		AERX01074898.1	AERX01074898.1	NT_170420.1
oreNil2:AERX01074899-2	AERX01074899-2		AERX01074899.2	AERX01074899.2	NT_170421.1
oreNil2:AERX01074900-2	AERX01074900-2		AERX01074900.2	AERX01074900.2	NT_170422.1
oreNil2:AERX01074901-2	AERX01074901-2		AERX01074901.2	AERX01074901.2	NT_170423.1
oreNil2:AERX01074902-1	AERX01074902-1		AERX01074902.1	AERX01074902.1	NT_170424.1
oreNil2:AERX01074903-1	AERX01074903-1		AERX01074903.1	AERX01074903.1	NT_170425.1
oreNil2:AERX01074904-1	AERX01074904-1			AERX01074904.1	NT_170426.1
oreNil2:AERX01074905-1	AERX01074905-1		AERX01074905.1	AERX01074905.1	NT_170427.1
oreNil2:AERX01074906-1	AERX01074906-1		AERX01074906.1	AERX01074906.1	NT_170428.1
oreNil2:AERX01074907-2	AERX01074907-2		AERX01074907.2	AERX01074907.2	NT_170429.1
oreNil2:AERX01074908-1	AERX01074908-1		AERX01074908.1	AERX01074908.1	NT_170430.1
oreNil2:AERX01074909-2	AERX01074909-2		AERX01074909.2	AERX01074909.2	NT_170431.1
oreNil2:AERX01074910-1	AERX01074910-1		AERX01074910.1	AERX01074910.1	NT_170432.1
oreNil2:AERX01074911-2	AERX01074911-2		AERX01074911.2	AERX01074911.2	NT_170433.1
oreNil2:AERX01074912-2	AERX01074912-2		AERX01074912.2	AERX01074912.2	NT_170434.1
oreNil2:AERX01074913-2	AERX01074913-2		AERX01074913.2	AERX01074913.2	NT_170435.1
oreNil2:AERX01074914-1	AERX01074914-1		AERX01074914.1	AERX01074914.1	NT_170436.1
oreNil2:AERX01074915-2	AERX01074915-2		AERX01074915.2	AERX01074915.2	NT_170437.1
oreNil2:AERX01074916-1	AERX01074916-1		AERX01074916.1	AERX01074916.1	NT_170438.1
oreNil2:AERX01074917-1	AERX01074917-1		AERX01074917.1	AERX01074917.1	NT_170439.1
oreNil2:AERX01074918-2	AERX01074918-2		AERX01074918.2	AERX01074918.2	NT_170440.1
oreNil2:AERX01074919-1	AERX01074919-1		AERX01074919.1	AERX01074919.1	NT_170441.1
oreNil2:AERX01074920-1	AERX01074920-1		AERX01074920.1	AERX01074920.1	NT_170442.1
oreNil2:AERX01074921-1	AERX01074921-1		AERX01074921.1	AERX01074921.1	NT_170443.1
oreNil2:AERX01074922-2	AERX01074922-2		AERX01074922.2	AERX01074922.2	NT_170444.1
oreNil2:AERX01074923-2	AERX01074923-2		AERX01074923.2	AERX01074923.2	NT_170445.1
oreNil2:AERX01074924-1	AERX01074924-1		AERX01074924.1	AERX01074924.1	NT_170446.1
oreNil2:AERX01074925-1	AERX01074925-1		AERX01074925.1	AERX01074925.1	NT_170447.1
oreNil2:AERX01074926-2	AERX01074926-2		AERX01074926.2	AERX01074926.2	NT_170448.1
oreNil2:AERX01074927-1	AERX01074927-1		AERX01074927.1	AERX01074927.1	NT_170449.1
oreNil2:AERX01074928-1	AERX01074928-1		AERX01074928.1	AERX01074928.1	NT_170450.1
oreNil2:AERX01074929-1	AERX01074929-1		AERX01074929.1	AERX01074929.1	NT_170451.1
oreNil2:AERX01074930-1	AERX01074930-1		AERX01074930.1	AERX01074930.1	NT_170452.1
oreNil2:AERX01074931-1	AERX01074931-1		AERX01074931.1	AERX01074931.1	NT_170453.1
oreNil2:AERX01074932-1	AERX01074932-1		AERX01074932.1	AERX01074932.1	NT_170454.1
oreNil2:AERX01074933-2	AERX01074933-2		AERX01074933.2	AERX01074933.2	NT_170455.1
oreNil2:AERX01074934-2	AERX01074934-2		AERX01074934.2	AERX01074934.2	NT_170456.1
oreNil2:AERX01074935-2	AERX01074935-2		AERX01074935.2	AERX01074935.2	NT_170457.1
oreNil2:AERX01074936-2	AERX01074936-2		AERX01074936.2	AERX01074936.2	NT_170458.1
oreNil2:AERX01074937-2	AERX01074937-2		AERX01074937.2	AERX01074937.2	NT_170459.1
oreNil2:AERX01074938-2	AERX01074938-2		AERX01074938.2	AERX01074938.2	NT_170460.1
oreNil2:AERX01074939-2	AERX01074939-2		AERX01074939.2	AERX01074939.2	NT_170461.1
oreNil2:AERX01074940-2	AERX01074940-2		AERX01074940.2	AERX01074940.2	NT_170462.1
oreNil2:AERX01074941-1	AERX01074941-1		AERX01074941.1	AERX01074941.1	NT_170463.1
oreNil2:AERX01074942-2	AERX01074942-2		AERX01074942.2	AERX01074942.2	NT_170464.1
oreNil2:AERX01074943-2	AERX01074943-2		AERX01074943.2	AERX01074943.2	NT_170465.1
oreNil2:AERX01074944-2	AERX01074944-2		AERX01074944.2	AERX01074944.2	NT_170466.1
oreNil2:AERX01074945-2	AERX01074945-2		AERX01074945.2	AERX01074945.2	NT_170467.1
oreNil2:AERX01074946-2	AERX01074946-2		AERX01074946.2	AERX01074946.2	NT_170468.1
oreNil2:AERX01074947-1	AERX01074947-1		AERX01074947.1	AERX01074947.1	NT_170469.1
oreNil2:AERX01074948-1	AERX01074948-1		AERX01074948.1	AERX01074948.1	NT_170470.1
oreNil2:AERX01074949-1	AERX01074949-1		AERX01074949.1	AERX01074949.1	NT_170471.1
oreNil2:AERX01074950-2	AERX01074950-2		AERX01074950.2	AERX01074950.2	NT_170472.1
oreNil2:AERX01074951-1	AERX01074951-1		AERX01074951.1	AERX01074951.1	NT_170473.1
oreNil2:AERX01074952-1	AERX01074952-1		AERX01074952.1	AERX01074952.1	NT_170474.1
oreNil2:AERX01074953-1	AERX01074953-1		AERX01074953.1	AERX01074953.1	NT_170475.1
oreNil2:AERX01074954-2	AERX01074954-2		AERX01074954.2	AERX01074954.2	NT_170476.1
oreNil2:AERX01074955-1	AERX01074955-1		AERX01074955.1	AERX01074955.1	NT_170477.1
oreNil2:AERX01074956-1	AERX01074956-1		AERX01074956.1	AERX01074956.1	NT_170478.1
oreNil2:AERX01074957-2	AERX01074957-2		AERX01074957.2	AERX01074957.2	NT_170479.1
oreNil2:AERX01074958-2	AERX01074958-2		AERX01074958.2	AERX01074958.2	NT_170480.1
oreNil2:AERX01074959-2	AERX01074959-2		AERX01074959.2	AERX01074959.2	NT_170481.1
oreNil2:AERX01074960-1	AERX01074960-1		AERX01074960.1	AERX01074960.1	NT_170482.1
oreNil2:AERX01074961-1	AERX01074961-1		AERX01074961.1	AERX01074961.1	NT_170483.1
oreNil2:AERX01074962-1	AERX01074962-1		AERX01074962.1	AERX01074962.1	NT_170484.1
oreNil2:AERX01074963-1	AERX01074963-1		AERX01074963.1	AERX01074963.1	NT_170485.1
oreNil2:AERX01074964-1	AERX01074964-1		AERX01074964.1	AERX01074964.1	NT_170486.1
oreNil2:AERX01074965-1	AERX01074965-1		AERX01074965.1	AERX01074965.1	NT_170487.1
oreNil2:AERX01074966-2	AERX01074966-2		AERX01074966.2	AERX01074966.2	NT_170488.1
oreNil2:AERX01074967-1	AERX01074967-1		AERX01074967.1	AERX01074967.1	NT_170489.1
oreNil2:AERX01074968-1	AERX01074968-1		AERX01074968.1	AERX01074968.1	NT_170490.1
oreNil2:AERX01074969-1	AERX01074969-1		AERX01074969.1	AERX01074969.1	NT_170491.1
oreNil2:AERX01074970-1	AERX01074970-1		AERX01074970.1	AERX01074970.1	NT_170492.1
oreNil2:AERX01074971-1	AERX01074971-1		AERX01074971.1	AERX01074971.1	NT_170493.1
oreNil2:AERX01074972-1	AERX01074972-1		AERX01074972.1	AERX01074972.1	NT_170494.1
oreNil2:AERX01074973-1	AERX01074973-1		AERX01074973.1	AERX01074973.1	NT_170495.1
oreNil2:AERX01074974-1	AERX01074974-1		AERX01074974.1	AERX01074974.1	NT_170496.1
oreNil2:AERX01074975-1	AERX01074975-1		AERX01074975.1	AERX01074975.1	NT_170497.1
oreNil2:AERX01074976-1	AERX01074976-1			AERX01074976.1	NT_170498.1
oreNil2:AERX01074977-1	AERX01074977-1		AERX01074977.1	AERX01074977.1	NT_170499.1
oreNil2:AERX01074978-1	AERX01074978-1		AERX01074978.1	AERX01074978.1	NT_170500.1
oreNil2:AERX01074979-1	AERX01074979-1		AERX01074979.1	AERX01074979.1	NT_170501.1
oreNil2:AERX01074980-2	AERX01074980-2		AERX01074980.2	AERX01074980.2	NT_170502.1
oreNil2:AERX01074981-1	AERX01074981-1		AERX01074981.1	AERX01074981.1	NT_170503.1
oreNil2:AERX01074982-1	AERX01074982-1		AERX01074982.1	AERX01074982.1	NT_170504.1
oreNil2:AERX01074983-2	AERX01074983-2		AERX01074983.2	AERX01074983.2	NT_170505.1
oreNil2:AERX01074984-2	AERX01074984-2		AERX01074984.2	AERX01074984.2	NT_170506.1
oreNil2:AERX01074985-1	AERX01074985-1		AERX01074985.1	AERX01074985.1	NT_170507.1
oreNil2:AERX01074986-1	AERX01074986-1		AERX01074986.1	AERX01074986.1	NT_170508.1
oreNil2:AERX01074987-1	AERX01074987-1		AERX01074987.1	AERX01074987.1	NT_170509.1
oreNil2:AERX01074988-1	AERX01074988-1		AERX01074988.1	AERX01074988.1	NT_170510.1
oreNil2:AERX01074989-2	AERX01074989-2		AERX01074989.2	AERX01074989.2	NT_170511.1
oreNil2:AERX01074990-2	AERX01074990-2		AERX01074990.2	AERX01074990.2	NT_170512.1
oreNil2:AERX01074991-2	AERX01074991-2		AERX01074991.2	AERX01074991.2	NT_170513.1
oreNil2:AERX01074992-2	AERX01074992-2		AERX01074992.2	AERX01074992.2	NT_170514.1
oreNil2:AERX01074993-1	AERX01074993-1		AERX01074993.1	AERX01074993.1	NT_170515.1
oreNil2:AERX01074994-1	AERX01074994-1		AERX01074994.1	AERX01074994.1	NT_170516.1
oreNil2:AERX01074995-2	AERX01074995-2		AERX01074995.2	AERX01074995.2	NT_170517.1
oreNil2:AERX01074996-2	AERX01074996-2		AERX01074996.2	AERX01074996.2	NT_170518.1
oreNil2:AERX01074997-2	AERX01074997-2		AERX01074997.2	AERX01074997.2	NT_170519.1
oreNil2:AERX01074998-2	AERX01074998-2		AERX01074998.2	AERX01074998.2	NT_170520.1
oreNil2:AERX01074999-1	AERX01074999-1		AERX01074999.1	AERX01074999.1	NT_170521.1
oreNil2:AERX01075000-2	AERX01075000-2		AERX01075000.2	AERX01075000.2	NT_170522.1
oreNil2:AERX01075001-2	AERX01075001-2		AERX01075001.2	AERX01075001.2	NT_170523.1
oreNil2:AERX01075002-1	AERX01075002-1		AERX01075002.1	AERX01075002.1	NT_170524.1
oreNil2:AERX01075003-1	AERX01075003-1		AERX01075003.1	AERX01075003.1	NT_170525.1
oreNil2:AERX01075004-2	AERX01075004-2		AERX01075004.2	AERX01075004.2	NT_170526.1
oreNil2:AERX01075005-1	AERX01075005-1		AERX01075005.1	AERX01075005.1	NT_170527.1
oreNil2:AERX01075006-1	AERX01075006-1		AERX01075006.1	AERX01075006.1	NT_170528.1
oreNil2:AERX01075007-1	AERX01075007-1		AERX01075007.1	AERX01075007.1	NT_170529.1
oreNil2:AERX01075008-2	AERX01075008-2		AERX01075008.2	AERX01075008.2	NT_170530.1
oreNil2:AERX01075009-1	AERX01075009-1		AERX01075009.1	AERX01075009.1	NT_170531.1
oreNil2:AERX01075010-2	AERX01075010-2		AERX01075010.2	AERX01075010.2	NT_170532.1
oreNil2:AERX01075011-1	AERX01075011-1		AERX01075011.1	AERX01075011.1	NT_170533.1
oreNil2:AERX01075012-1	AERX01075012-1		AERX01075012.1	AERX01075012.1	NT_170534.1
oreNil2:AERX01075013-2	AERX01075013-2		AERX01075013.2	AERX01075013.2	NT_170535.1
oreNil2:AERX01075014-2	AERX01075014-2		AERX01075014.2	AERX01075014.2	NT_170536.1
oreNil2:AERX01075015-2	AERX01075015-2		AERX01075015.2	AERX01075015.2	NT_170537.1
oreNil2:AERX01075016-2	AERX01075016-2		AERX01075016.2	AERX01075016.2	NT_170538.1
oreNil2:AERX01075017-1	AERX01075017-1		AERX01075017.1	AERX01075017.1	NT_170539.1
oreNil2:AERX01075018-2	AERX01075018-2		AERX01075018.2	AERX01075018.2	NT_170540.1
oreNil2:AERX01075019-2	AERX01075019-2		AERX01075019.2	AERX01075019.2	NT_170541.1
oreNil2:AERX01075020-2	AERX01075020-2		AERX01075020.2	AERX01075020.2	NT_170542.1
oreNil2:AERX01075021-1	AERX01075021-1		AERX01075021.1	AERX01075021.1	NT_170543.1
oreNil2:AERX01075022-1	AERX01075022-1		AERX01075022.1	AERX01075022.1	NT_170544.1
oreNil2:AERX01075023-2	AERX01075023-2		AERX01075023.2	AERX01075023.2	NT_170545.1
oreNil2:AERX01075024-1	AERX01075024-1		AERX01075024.1	AERX01075024.1	NT_170546.1
oreNil2:AERX01075025-2	AERX01075025-2		AERX01075025.2	AERX01075025.2	NT_170547.1
oreNil2:AERX01075026-2	AERX01075026-2		AERX01075026.2	AERX01075026.2	NT_170548.1
oreNil2:AERX01075027-2	AERX01075027-2		AERX01075027.2	AERX01075027.2	NT_170549.1
oreNil2:AERX01075028-1	AERX01075028-1		AERX01075028.1	AERX01075028.1	NT_170550.1
oreNil2:AERX01075029-1	AERX01075029-1			AERX01075029.1	NT_170551.1
oreNil2:AERX01075030-1	AERX01075030-1		AERX01075030.1	AERX01075030.1	NT_170552.1
oreNil2:AERX01075031-2	AERX01075031-2		AERX01075031.2	AERX01075031.2	NT_170553.1
oreNil2:AERX01075032-1	AERX01075032-1		AERX01075032.1	AERX01075032.1	NT_170554.1
oreNil2:AERX01075033-2	AERX01075033-2		AERX01075033.2	AERX01075033.2	NT_170555.1
oreNil2:AERX01075034-1	AERX01075034-1		AERX01075034.1	AERX01075034.1	NT_170556.1
oreNil2:AERX01075035-2	AERX01075035-2		AERX01075035.2	AERX01075035.2	NT_170557.1
oreNil2:AERX01075036-1	AERX01075036-1		AERX01075036.1	AERX01075036.1	NT_170558.1
oreNil2:AERX01075037-1	AERX01075037-1		AERX01075037.1	AERX01075037.1	NT_170559.1
oreNil2:AERX01075038-2	AERX01075038-2		AERX01075038.2	AERX01075038.2	NT_170560.1
oreNil2:AERX01075039-1	AERX01075039-1		AERX01075039.1	AERX01075039.1	NT_170561.1
oreNil2:AERX01075040-1	AERX01075040-1		AERX01075040.1	AERX01075040.1	NT_170562.1
oreNil2:AERX01075041-2	AERX01075041-2		AERX01075041.2	AERX01075041.2	NT_170563.1
oreNil2:AERX01075042-1	AERX01075042-1		AERX01075042.1	AERX01075042.1	NT_170564.1
oreNil2:AERX01075043-2	AERX01075043-2		AERX01075043.2	AERX01075043.2	NT_170565.1
oreNil2:AERX01075044-1	AERX01075044-1		AERX01075044.1	AERX01075044.1	NT_170566.1
oreNil2:AERX01075045-1	AERX01075045-1		AERX01075045.1	AERX01075045.1	NT_170567.1
oreNil2:AERX01075046-2	AERX01075046-2		AERX01075046.2	AERX01075046.2	NT_170568.1
oreNil2:AERX01075047-1	AERX01075047-1		AERX01075047.1	AERX01075047.1	NT_170569.1
oreNil2:AERX01075048-2	AERX01075048-2		AERX01075048.2	AERX01075048.2	NT_170570.1
oreNil2:AERX01075049-2	AERX01075049-2		AERX01075049.2	AERX01075049.2	NT_170571.1
oreNil2:AERX01075050-2	AERX01075050-2		AERX01075050.2	AERX01075050.2	NT_170572.1
oreNil2:AERX01075051-1	AERX01075051-1		AERX01075051.1	AERX01075051.1	NT_170573.1
oreNil2:AERX01075052-2	AERX01075052-2		AERX01075052.2	AERX01075052.2	NT_170574.1
oreNil2:AERX01075053-2	AERX01075053-2		AERX01075053.2	AERX01075053.2	NT_170575.1
oreNil2:AERX01075054-2	AERX01075054-2		AERX01075054.2	AERX01075054.2	NT_170576.1
oreNil2:AERX01075055-2	AERX01075055-2		AERX01075055.2	AERX01075055.2	NT_170577.1
oreNil2:AERX01075056-2	AERX01075056-2		AERX01075056.2	AERX01075056.2	NT_170578.1
oreNil2:AERX01075057-2	AERX01075057-2		AERX01075057.2	AERX01075057.2	NT_170579.1
oreNil2:AERX01075058-2	AERX01075058-2		AERX01075058.2	AERX01075058.2	NT_170580.1
oreNil2:AERX01075059-2	AERX01075059-2		AERX01075059.2	AERX01075059.2	NT_170581.1
oreNil2:AERX01075060-2	AERX01075060-2		AERX01075060.2	AERX01075060.2	NT_170582.1
oreNil2:AERX01075061-2	AERX01075061-2		AERX01075061.2	AERX01075061.2	NT_170583.1
oreNil2:AERX01075062-1	AERX01075062-1		AERX01075062.1	AERX01075062.1	NT_170584.1
oreNil2:AERX01075063-1	AERX01075063-1		AERX01075063.1	AERX01075063.1	NT_170585.1
oreNil2:AERX01075064-1	AERX01075064-1		AERX01075064.1	AERX01075064.1	NT_170586.1
oreNil2:AERX01075065-1	AERX01075065-1		AERX01075065.1	AERX01075065.1	NT_170587.1
oreNil2:AERX01075066-2	AERX01075066-2		AERX01075066.2	AERX01075066.2	NT_170588.1
oreNil2:AERX01075067-2	AERX01075067-2		AERX01075067.2	AERX01075067.2	NT_170589.1
oreNil2:AERX01075068-1	AERX01075068-1			AERX01075068.1	NT_170590.1
oreNil2:AERX01075069-2	AERX01075069-2		AERX01075069.2	AERX01075069.2	NT_170591.1
oreNil2:AERX01075070-1	AERX01075070-1		AERX01075070.1	AERX01075070.1	NT_170592.1
oreNil2:AERX01075071-1	AERX01075071-1		AERX01075071.1	AERX01075071.1	NT_170593.1
oreNil2:AERX01075072-1	AERX01075072-1		AERX01075072.1	AERX01075072.1	NT_170594.1
oreNil2:AERX01075073-2	AERX01075073-2		AERX01075073.2	AERX01075073.2	NT_170595.1
oreNil2:AERX01075074-1	AERX01075074-1		AERX01075074.1	AERX01075074.1	NT_170596.1
oreNil2:AERX01075075-1	AERX01075075-1		AERX01075075.1	AERX01075075.1	NT_170597.1
oreNil2:AERX01075076-1	AERX01075076-1			AERX01075076.1	NT_170598.1
oreNil2:AERX01075077-2	AERX01075077-2		AERX01075077.2	AERX01075077.2	NT_170599.1
oreNil2:AERX01075078-1	AERX01075078-1		AERX01075078.1	AERX01075078.1	NT_170600.1
oreNil2:AERX01075079-2	AERX01075079-2		AERX01075079.2	AERX01075079.2	NT_170601.1
oreNil2:AERX01075080-2	AERX01075080-2		AERX01075080.2	AERX01075080.2	NT_170602.1
oreNil2:AERX01075081-1	AERX01075081-1		AERX01075081.1	AERX01075081.1	NT_170603.1
oreNil2:AERX01075082-2	AERX01075082-2		AERX01075082.2	AERX01075082.2	NT_170604.1
oreNil2:AERX01075083-1	AERX01075083-1		AERX01075083.1	AERX01075083.1	NT_170605.1
oreNil2:AERX01075084-2	AERX01075084-2		AERX01075084.2	AERX01075084.2	NT_170606.1
oreNil2:AERX01075085-2	AERX01075085-2		AERX01075085.2	AERX01075085.2	NT_170607.1
oreNil2:AERX01075086-1	AERX01075086-1		AERX01075086.1	AERX01075086.1	NT_170608.1
oreNil2:AERX01075087-2	AERX01075087-2		AERX01075087.2	AERX01075087.2	NT_170609.1
oreNil2:AERX01075088-2	AERX01075088-2		AERX01075088.2	AERX01075088.2	NT_170610.1
oreNil2:AERX01075089-2	AERX01075089-2		AERX01075089.2	AERX01075089.2	NT_170611.1
oreNil2:AERX01075090-2	AERX01075090-2		AERX01075090.2	AERX01075090.2	NT_170612.1
oreNil2:AERX01075091-2	AERX01075091-2		AERX01075091.2	AERX01075091.2	NT_170613.1
oreNil2:AERX01075092-2	AERX01075092-2		AERX01075092.2	AERX01075092.2	NT_170614.1
oreNil2:AERX01075093-2	AERX01075093-2		AERX01075093.2	AERX01075093.2	NT_170615.1
oreNil2:AERX01075094-2	AERX01075094-2		AERX01075094.2	AERX01075094.2	NT_170616.1
oreNil2:AERX01075095-2	AERX01075095-2		AERX01075095.2	AERX01075095.2	NT_170617.1
oreNil2:AERX01075096-1	AERX01075096-1		AERX01075096.1	AERX01075096.1	NT_170618.1
oreNil2:AERX01075097-1	AERX01075097-1		AERX01075097.1	AERX01075097.1	NT_170619.1
oreNil2:AERX01075098-1	AERX01075098-1			AERX01075098.1	NT_170620.1
oreNil2:AERX01075099-2	AERX01075099-2		AERX01075099.2	AERX01075099.2	NT_170621.1
oreNil2:AERX01075100-1	AERX01075100-1		AERX01075100.1	AERX01075100.1	NT_170622.1
oreNil2:AERX01075101-2	AERX01075101-2		AERX01075101.2	AERX01075101.2	NT_170623.1
oreNil2:AERX01075102-1	AERX01075102-1		AERX01075102.1	AERX01075102.1	NT_170624.1
oreNil2:AERX01075103-1	AERX01075103-1		AERX01075103.1	AERX01075103.1	NT_170625.1
oreNil2:AERX01075104-2	AERX01075104-2		AERX01075104.2	AERX01075104.2	NT_170626.1
oreNil2:AERX01075105-1	AERX01075105-1		AERX01075105.1	AERX01075105.1	NT_170627.1
oreNil2:AERX01075106-2	AERX01075106-2		AERX01075106.2	AERX01075106.2	NT_170628.1
oreNil2:AERX01075107-2	AERX01075107-2		AERX01075107.2	AERX01075107.2	NT_170629.1
oreNil2:AERX01075108-2	AERX01075108-2		AERX01075108.2	AERX01075108.2	NT_170630.1
oreNil2:AERX01075109-2	AERX01075109-2		AERX01075109.2	AERX01075109.2	NT_170631.1
oreNil2:AERX01075110-2	AERX01075110-2		AERX01075110.2	AERX01075110.2	NT_170632.1
oreNil2:AERX01075111-2	AERX01075111-2		AERX01075111.2	AERX01075111.2	NT_170633.1
oreNil2:AERX01075112-1	AERX01075112-1		AERX01075112.1	AERX01075112.1	NT_170634.1
oreNil2:AERX01075113-2	AERX01075113-2		AERX01075113.2	AERX01075113.2	NT_170635.1
oreNil2:AERX01075114-1	AERX01075114-1		AERX01075114.1	AERX01075114.1	NT_170636.1
oreNil2:AERX01075115-1	AERX01075115-1		AERX01075115.1	AERX01075115.1	NT_170637.1
oreNil2:AERX01075116-1	AERX01075116-1		AERX01075116.1	AERX01075116.1	NT_170638.1
oreNil2:AERX01075117-1	AERX01075117-1		AERX01075117.1	AERX01075117.1	NT_170639.1
oreNil2:AERX01075118-1	AERX01075118-1		AERX01075118.1	AERX01075118.1	NT_170640.1
oreNil2:AERX01075119-2	AERX01075119-2		AERX01075119.2	AERX01075119.2	NT_170641.1
oreNil2:AERX01075120-1	AERX01075120-1		AERX01075120.1	AERX01075120.1	NT_170642.1
oreNil2:AERX01075121-1	AERX01075121-1		AERX01075121.1	AERX01075121.1	NT_170643.1
oreNil2:AERX01075122-1	AERX01075122-1		AERX01075122.1	AERX01075122.1	NT_170644.1
oreNil2:AERX01075123-1	AERX01075123-1		AERX01075123.1	AERX01075123.1	NT_170645.1
oreNil2:AERX01075124-2	AERX01075124-2		AERX01075124.2	AERX01075124.2	NT_170646.1
oreNil2:AERX01075125-1	AERX01075125-1		AERX01075125.1	AERX01075125.1	NT_170647.1
oreNil2:AERX01075126-1	AERX01075126-1		AERX01075126.1	AERX01075126.1	NT_170648.1
oreNil2:AERX01075127-1	AERX01075127-1		AERX01075127.1	AERX01075127.1	NT_170649.1
oreNil2:AERX01075128-1	AERX01075128-1		AERX01075128.1	AERX01075128.1	NT_170650.1
oreNil2:AERX01075129-1	AERX01075129-1		AERX01075129.1	AERX01075129.1	NT_170651.1
oreNil2:AERX01075130-2	AERX01075130-2		AERX01075130.2	AERX01075130.2	NT_170652.1
oreNil2:AERX01075131-2	AERX01075131-2		AERX01075131.2	AERX01075131.2	NT_170653.1
oreNil2:AERX01075132-1	AERX01075132-1		AERX01075132.1	AERX01075132.1	NT_170654.1
oreNil2:AERX01075133-1	AERX01075133-1		AERX01075133.1	AERX01075133.1	NT_170655.1
oreNil2:AERX01075134-2	AERX01075134-2		AERX01075134.2	AERX01075134.2	NT_170656.1
oreNil2:AERX01075135-1	AERX01075135-1		AERX01075135.1	AERX01075135.1	NT_170657.1
oreNil2:AERX01075136-1	AERX01075136-1		AERX01075136.1	AERX01075136.1	NT_170658.1
oreNil2:AERX01075137-1	AERX01075137-1		AERX01075137.1	AERX01075137.1	NT_170659.1
oreNil2:AERX01075138-2	AERX01075138-2		AERX01075138.2	AERX01075138.2	NT_170660.1
oreNil2:AERX01075139-1	AERX01075139-1		AERX01075139.1	AERX01075139.1	NT_170661.1
oreNil2:AERX01075140-2	AERX01075140-2		AERX01075140.2	AERX01075140.2	NT_170662.1
oreNil2:AERX01075141-2	AERX01075141-2		AERX01075141.2	AERX01075141.2	NT_170663.1
oreNil2:AERX01075142-2	AERX01075142-2		AERX01075142.2	AERX01075142.2	NT_170664.1
oreNil2:AERX01075143-2	AERX01075143-2		AERX01075143.2	AERX01075143.2	NT_170665.1
oreNil2:AERX01075144-2	AERX01075144-2		AERX01075144.2	AERX01075144.2	NT_170666.1
oreNil2:AERX01075145-2	AERX01075145-2		AERX01075145.2	AERX01075145.2	NT_170667.1
oreNil2:AERX01075146-1	AERX01075146-1		AERX01075146.1	AERX01075146.1	NT_170668.1
oreNil2:AERX01075147-1	AERX01075147-1		AERX01075147.1	AERX01075147.1	NT_170669.1
oreNil2:AERX01075148-1	AERX01075148-1		AERX01075148.1	AERX01075148.1	NT_170670.1
oreNil2:AERX01075149-2	AERX01075149-2		AERX01075149.2	AERX01075149.2	NT_170671.1
oreNil2:AERX01075150-1	AERX01075150-1		AERX01075150.1	AERX01075150.1	NT_170672.1
oreNil2:AERX01075151-1	AERX01075151-1		AERX01075151.1	AERX01075151.1	NT_170673.1
oreNil2:AERX01075152-1	AERX01075152-1		AERX01075152.1	AERX01075152.1	NT_170674.1
oreNil2:AERX01075153-1	AERX01075153-1		AERX01075153.1	AERX01075153.1	NT_170675.1
oreNil2:AERX01075154-1	AERX01075154-1		AERX01075154.1	AERX01075154.1	NT_170676.1
oreNil2:AERX01075155-1	AERX01075155-1		AERX01075155.1	AERX01075155.1	NT_170677.1
oreNil2:AERX01075156-1	AERX01075156-1		AERX01075156.1	AERX01075156.1	NT_170678.1
oreNil2:AERX01075157-1	AERX01075157-1		AERX01075157.1	AERX01075157.1	NT_170679.1
oreNil2:AERX01075158-1	AERX01075158-1		AERX01075158.1	AERX01075158.1	NT_170680.1
oreNil2:AERX01075159-1	AERX01075159-1		AERX01075159.1	AERX01075159.1	NT_170681.1
oreNil2:AERX01075160-1	AERX01075160-1		AERX01075160.1	AERX01075160.1	NT_170682.1
oreNil2:AERX01075161-1	AERX01075161-1		AERX01075161.1	AERX01075161.1	NT_170683.1
oreNil2:AERX01075162-1	AERX01075162-1		AERX01075162.1	AERX01075162.1	NT_170684.1
oreNil2:AERX01075163-1	AERX01075163-1		AERX01075163.1	AERX01075163.1	NT_170685.1
oreNil2:AERX01075164-2	AERX01075164-2		AERX01075164.2	AERX01075164.2	NT_170686.1
oreNil2:AERX01075165-2	AERX01075165-2		AERX01075165.2	AERX01075165.2	NT_170687.1
oreNil2:AERX01075166-1	AERX01075166-1		AERX01075166.1	AERX01075166.1	NT_170688.1
oreNil2:AERX01075167-1	AERX01075167-1		AERX01075167.1	AERX01075167.1	NT_170689.1
oreNil2:AERX01075168-1	AERX01075168-1		AERX01075168.1	AERX01075168.1	NT_170690.1
oreNil2:AERX01075169-2	AERX01075169-2		AERX01075169.2	AERX01075169.2	NT_170691.1
oreNil2:AERX01075170-1	AERX01075170-1		AERX01075170.1	AERX01075170.1	NT_170692.1
oreNil2:AERX01075171-2	AERX01075171-2		AERX01075171.2	AERX01075171.2	NT_170693.1
oreNil2:AERX01075172-1	AERX01075172-1		AERX01075172.1	AERX01075172.1	NT_170694.1
oreNil2:AERX01075173-2	AERX01075173-2		AERX01075173.2	AERX01075173.2	NT_170695.1
oreNil2:AERX01075174-2	AERX01075174-2		AERX01075174.2	AERX01075174.2	NT_170696.1
oreNil2:AERX01075175-1	AERX01075175-1		AERX01075175.1	AERX01075175.1	NT_170697.1
oreNil2:AERX01075176-2	AERX01075176-2		AERX01075176.2	AERX01075176.2	NT_170698.1
oreNil2:AERX01075177-2	AERX01075177-2		AERX01075177.2	AERX01075177.2	NT_170699.1
oreNil2:AERX01075178-2	AERX01075178-2		AERX01075178.2	AERX01075178.2	NT_170700.1
oreNil2:AERX01075179-2	AERX01075179-2		AERX01075179.2	AERX01075179.2	NT_170701.1
oreNil2:AERX01075180-2	AERX01075180-2		AERX01075180.2	AERX01075180.2	NT_170702.1
oreNil2:AERX01075181-1	AERX01075181-1		AERX01075181.1	AERX01075181.1	NT_170703.1
oreNil2:AERX01075182-2	AERX01075182-2		AERX01075182.2	AERX01075182.2	NT_170704.1
oreNil2:AERX01075183-1	AERX01075183-1		AERX01075183.1	AERX01075183.1	NT_170705.1
oreNil2:AERX01075184-1	AERX01075184-1			AERX01075184.1	NT_170706.1
oreNil2:AERX01075185-1	AERX01075185-1		AERX01075185.1	AERX01075185.1	NT_170707.1
oreNil2:AERX01075186-1	AERX01075186-1		AERX01075186.1	AERX01075186.1	NT_170708.1
oreNil2:AERX01075187-1	AERX01075187-1		AERX01075187.1	AERX01075187.1	NT_170709.1
oreNil2:AERX01075188-1	AERX01075188-1		AERX01075188.1	AERX01075188.1	NT_170710.1
oreNil2:AERX01075189-1	AERX01075189-1		AERX01075189.1	AERX01075189.1	NT_170711.1
oreNil2:AERX01075190-2	AERX01075190-2		AERX01075190.2	AERX01075190.2	NT_170712.1
oreNil2:AERX01075191-1	AERX01075191-1			AERX01075191.1	NT_170713.1
oreNil2:AERX01075192-2	AERX01075192-2		AERX01075192.2	AERX01075192.2	NT_170714.1
oreNil2:AERX01075193-1	AERX01075193-1		AERX01075193.1	AERX01075193.1	NT_170715.1
oreNil2:AERX01075194-2	AERX01075194-2		AERX01075194.2	AERX01075194.2	NT_170716.1
oreNil2:AERX01075195-1	AERX01075195-1		AERX01075195.1	AERX01075195.1	NT_170717.1
oreNil2:AERX01075196-1	AERX01075196-1		AERX01075196.1	AERX01075196.1	NT_170718.1
oreNil2:AERX01075197-1	AERX01075197-1		AERX01075197.1	AERX01075197.1	NT_170719.1
oreNil2:AERX01075198-2	AERX01075198-2		AERX01075198.2	AERX01075198.2	NT_170720.1
oreNil2:AERX01075199-1	AERX01075199-1		AERX01075199.1	AERX01075199.1	NT_170721.1
oreNil2:AERX01075200-1	AERX01075200-1		AERX01075200.1	AERX01075200.1	NT_170722.1
oreNil2:AERX01075201-2	AERX01075201-2		AERX01075201.2	AERX01075201.2	NT_170723.1
oreNil2:AERX01075202-2	AERX01075202-2		AERX01075202.2	AERX01075202.2	NT_170724.1
oreNil2:AERX01075203-2	AERX01075203-2		AERX01075203.2	AERX01075203.2	NT_170725.1
oreNil2:AERX01075204-2	AERX01075204-2		AERX01075204.2	AERX01075204.2	NT_170726.1
oreNil2:AERX01075205-1	AERX01075205-1		AERX01075205.1	AERX01075205.1	NT_170727.1
oreNil2:AERX01075206-2	AERX01075206-2		AERX01075206.2	AERX01075206.2	NT_170728.1
oreNil2:AERX01075207-2	AERX01075207-2		AERX01075207.2	AERX01075207.2	NT_170729.1
oreNil2:AERX01075208-1	AERX01075208-1		AERX01075208.1	AERX01075208.1	NT_170730.1
oreNil2:AERX01075209-1	AERX01075209-1		AERX01075209.1	AERX01075209.1	NT_170731.1
oreNil2:AERX01075210-2	AERX01075210-2		AERX01075210.2	AERX01075210.2	NT_170732.1
oreNil2:AERX01075211-1	AERX01075211-1		AERX01075211.1	AERX01075211.1	NT_170733.1
oreNil2:AERX01075212-1	AERX01075212-1		AERX01075212.1	AERX01075212.1	NT_170734.1
oreNil2:AERX01075213-1	AERX01075213-1		AERX01075213.1	AERX01075213.1	NT_170735.1
oreNil2:AERX01075214-1	AERX01075214-1		AERX01075214.1	AERX01075214.1	NT_170736.1
oreNil2:AERX01075215-2	AERX01075215-2		AERX01075215.2	AERX01075215.2	NT_170737.1
oreNil2:AERX01075216-1	AERX01075216-1		AERX01075216.1	AERX01075216.1	NT_170738.1
oreNil2:AERX01075217-1	AERX01075217-1		AERX01075217.1	AERX01075217.1	NT_170739.1
oreNil2:AERX01075218-2	AERX01075218-2		AERX01075218.2	AERX01075218.2	NT_170740.1
oreNil2:AERX01075219-1	AERX01075219-1		AERX01075219.1	AERX01075219.1	NT_170741.1
oreNil2:AERX01075220-2	AERX01075220-2		AERX01075220.2	AERX01075220.2	NT_170742.1
oreNil2:AERX01075221-2	AERX01075221-2		AERX01075221.2	AERX01075221.2	NT_170743.1
oreNil2:AERX01075222-1	AERX01075222-1		AERX01075222.1	AERX01075222.1	NT_170744.1
oreNil2:AERX01075223-2	AERX01075223-2		AERX01075223.2	AERX01075223.2	NT_170745.1
oreNil2:AERX01075224-1	AERX01075224-1		AERX01075224.1	AERX01075224.1	NT_170746.1
oreNil2:AERX01075225-1	AERX01075225-1		AERX01075225.1	AERX01075225.1	NT_170747.1
oreNil2:AERX01075226-1	AERX01075226-1		AERX01075226.1	AERX01075226.1	NT_170748.1
oreNil2:AERX01075227-1	AERX01075227-1		AERX01075227.1	AERX01075227.1	NT_170749.1
oreNil2:AERX01075228-1	AERX01075228-1		AERX01075228.1	AERX01075228.1	NT_170750.1
oreNil2:AERX01075229-1	AERX01075229-1		AERX01075229.1	AERX01075229.1	NT_170751.1
oreNil2:AERX01075230-2	AERX01075230-2		AERX01075230.2	AERX01075230.2	NT_170752.1
oreNil2:AERX01075231-1	AERX01075231-1		AERX01075231.1	AERX01075231.1	NT_170753.1
oreNil2:AERX01075232-1	AERX01075232-1		AERX01075232.1	AERX01075232.1	NT_170754.1
oreNil2:AERX01075233-2	AERX01075233-2		AERX01075233.2	AERX01075233.2	NT_170755.1
oreNil2:AERX01075234-2	AERX01075234-2		AERX01075234.2	AERX01075234.2	NT_170756.1
oreNil2:AERX01075235-2	AERX01075235-2		AERX01075235.2	AERX01075235.2	NT_170757.1
oreNil2:AERX01075236-1	AERX01075236-1		AERX01075236.1	AERX01075236.1	NT_170758.1
oreNil2:AERX01075237-2	AERX01075237-2		AERX01075237.2	AERX01075237.2	NT_170759.1
oreNil2:AERX01075238-1	AERX01075238-1		AERX01075238.1	AERX01075238.1	NT_170760.1
oreNil2:AERX01075239-2	AERX01075239-2		AERX01075239.2	AERX01075239.2	NT_170761.1
oreNil2:AERX01075240-2	AERX01075240-2		AERX01075240.2	AERX01075240.2	NT_170762.1
oreNil2:AERX01075241-1	AERX01075241-1		AERX01075241.1	AERX01075241.1	NT_170763.1
oreNil2:AERX01075242-1	AERX01075242-1		AERX01075242.1	AERX01075242.1	NT_170764.1
oreNil2:AERX01075243-1	AERX01075243-1			AERX01075243.1	NT_170765.1
oreNil2:AERX01075244-2	AERX01075244-2		AERX01075244.2	AERX01075244.2	NT_170766.1
oreNil2:AERX01075245-1	AERX01075245-1		AERX01075245.1	AERX01075245.1	NT_170767.1
oreNil2:AERX01075246-1	AERX01075246-1		AERX01075246.1	AERX01075246.1	NT_170768.1
oreNil2:AERX01075247-1	AERX01075247-1		AERX01075247.1	AERX01075247.1	NT_170769.1
oreNil2:AERX01075248-1	AERX01075248-1		AERX01075248.1	AERX01075248.1	NT_170770.1
oreNil2:AERX01075249-1	AERX01075249-1		AERX01075249.1	AERX01075249.1	NT_170771.1
oreNil2:AERX01075250-1	AERX01075250-1		AERX01075250.1	AERX01075250.1	NT_170772.1
oreNil2:AERX01075251-2	AERX01075251-2		AERX01075251.2	AERX01075251.2	NT_170773.1
oreNil2:AERX01075252-2	AERX01075252-2		AERX01075252.2	AERX01075252.2	NT_170774.1
oreNil2:AERX01075253-1	AERX01075253-1		AERX01075253.1	AERX01075253.1	NT_170775.1
oreNil2:AERX01075254-1	AERX01075254-1		AERX01075254.1	AERX01075254.1	NT_170776.1
oreNil2:AERX01075255-1	AERX01075255-1		AERX01075255.1	AERX01075255.1	NT_170777.1
oreNil2:AERX01075256-1	AERX01075256-1		AERX01075256.1	AERX01075256.1	NT_170778.1
oreNil2:AERX01075257-1	AERX01075257-1		AERX01075257.1	AERX01075257.1	NT_170779.1
oreNil2:AERX01075258-1	AERX01075258-1		AERX01075258.1	AERX01075258.1	NT_170780.1
oreNil2:AERX01075259-2	AERX01075259-2		AERX01075259.2	AERX01075259.2	NT_170781.1
oreNil2:AERX01075260-2	AERX01075260-2		AERX01075260.2	AERX01075260.2	NT_170782.1
oreNil2:AERX01075261-1	AERX01075261-1		AERX01075261.1	AERX01075261.1	NT_170783.1
oreNil2:AERX01075262-2	AERX01075262-2		AERX01075262.2	AERX01075262.2	NT_170784.1
oreNil2:AERX01075263-2	AERX01075263-2		AERX01075263.2	AERX01075263.2	NT_170785.1
oreNil2:AERX01075264-1	AERX01075264-1		AERX01075264.1	AERX01075264.1	NT_170786.1
oreNil2:AERX01075265-1	AERX01075265-1		AERX01075265.1	AERX01075265.1	NT_170787.1
oreNil2:AERX01075266-2	AERX01075266-2		AERX01075266.2	AERX01075266.2	NT_170788.1
oreNil2:AERX01075267-2	AERX01075267-2		AERX01075267.2	AERX01075267.2	NT_170789.1
oreNil2:AERX01075268-2	AERX01075268-2		AERX01075268.2	AERX01075268.2	NT_170790.1
oreNil2:AERX01075269-1	AERX01075269-1		AERX01075269.1	AERX01075269.1	NT_170791.1
oreNil2:AERX01075270-1	AERX01075270-1		AERX01075270.1	AERX01075270.1	NT_170792.1
oreNil2:AERX01075271-1	AERX01075271-1		AERX01075271.1	AERX01075271.1	NT_170793.1
oreNil2:AERX01075272-1	AERX01075272-1		AERX01075272.1	AERX01075272.1	NT_170794.1
oreNil2:AERX01075273-2	AERX01075273-2		AERX01075273.2	AERX01075273.2	NT_170795.1
oreNil2:AERX01075274-1	AERX01075274-1		AERX01075274.1	AERX01075274.1	NT_170796.1
oreNil2:AERX01075275-2	AERX01075275-2		AERX01075275.2	AERX01075275.2	NT_170797.1
oreNil2:AERX01075276-1	AERX01075276-1		AERX01075276.1	AERX01075276.1	NT_170798.1
oreNil2:AERX01075277-2	AERX01075277-2		AERX01075277.2	AERX01075277.2	NT_170799.1
oreNil2:AERX01075278-1	AERX01075278-1		AERX01075278.1	AERX01075278.1	NT_170800.1
oreNil2:AERX01075279-2	AERX01075279-2		AERX01075279.2	AERX01075279.2	NT_170801.1
oreNil2:AERX01075280-1	AERX01075280-1		AERX01075280.1	AERX01075280.1	NT_170802.1
oreNil2:AERX01075281-2	AERX01075281-2		AERX01075281.2	AERX01075281.2	NT_170803.1
oreNil2:AERX01075282-2	AERX01075282-2		AERX01075282.2	AERX01075282.2	NT_170804.1
oreNil2:AERX01075283-2	AERX01075283-2			AERX01075283.2	NT_170805.1
oreNil2:AERX01075284-1	AERX01075284-1		AERX01075284.1	AERX01075284.1	NT_170806.1
oreNil2:AERX01075285-1	AERX01075285-1		AERX01075285.1	AERX01075285.1	NT_170807.1
oreNil2:AERX01075286-1	AERX01075286-1		AERX01075286.1	AERX01075286.1	NT_170808.1
oreNil2:AERX01075287-1	AERX01075287-1		AERX01075287.1	AERX01075287.1	NT_170809.1
oreNil2:AERX01075288-2	AERX01075288-2		AERX01075288.2	AERX01075288.2	NT_170810.1
oreNil2:AERX01075289-1	AERX01075289-1		AERX01075289.1	AERX01075289.1	NT_170811.1
oreNil2:AERX01075290-1	AERX01075290-1		AERX01075290.1	AERX01075290.1	NT_170812.1
oreNil2:AERX01075291-2	AERX01075291-2		AERX01075291.2	AERX01075291.2	NT_170813.1
oreNil2:AERX01075292-2	AERX01075292-2		AERX01075292.2	AERX01075292.2	NT_170814.1
oreNil2:AERX01075293-1	AERX01075293-1		AERX01075293.1	AERX01075293.1	NT_170815.1
oreNil2:AERX01075294-1	AERX01075294-1		AERX01075294.1	AERX01075294.1	NT_170816.1
oreNil2:AERX01075295-2	AERX01075295-2		AERX01075295.2	AERX01075295.2	NT_170817.1
oreNil2:AERX01075296-1	AERX01075296-1		AERX01075296.1	AERX01075296.1	NT_170818.1
oreNil2:AERX01075297-1	AERX01075297-1		AERX01075297.1	AERX01075297.1	NT_170819.1
oreNil2:AERX01075298-1	AERX01075298-1		AERX01075298.1	AERX01075298.1	NT_170820.1
oreNil2:AERX01075299-2	AERX01075299-2		AERX01075299.2	AERX01075299.2	NT_170821.1
oreNil2:AERX01075300-2	AERX01075300-2		AERX01075300.2	AERX01075300.2	NT_170822.1
oreNil2:AERX01075301-1	AERX01075301-1		AERX01075301.1	AERX01075301.1	NT_170823.1
oreNil2:AERX01075302-2	AERX01075302-2		AERX01075302.2	AERX01075302.2	NT_170824.1
oreNil2:AERX01075303-2	AERX01075303-2		AERX01075303.2	AERX01075303.2	NT_170825.1
oreNil2:AERX01075304-2	AERX01075304-2			AERX01075304.2	NT_170826.1
oreNil2:AERX01075305-1	AERX01075305-1		AERX01075305.1	AERX01075305.1	NT_170827.1
oreNil2:AERX01075306-1	AERX01075306-1		AERX01075306.1	AERX01075306.1	NT_170828.1
oreNil2:AERX01075307-1	AERX01075307-1		AERX01075307.1	AERX01075307.1	NT_170829.1
oreNil2:AERX01075308-1	AERX01075308-1		AERX01075308.1	AERX01075308.1	NT_170830.1
oreNil2:AERX01075309-1	AERX01075309-1			AERX01075309.1	NT_170831.1
oreNil2:AERX01075310-1	AERX01075310-1		AERX01075310.1	AERX01075310.1	NT_170832.1
oreNil2:AERX01075311-2	AERX01075311-2		AERX01075311.2	AERX01075311.2	NT_170833.1
oreNil2:AERX01075312-2	AERX01075312-2		AERX01075312.2	AERX01075312.2	NT_170834.1
oreNil2:AERX01075313-2	AERX01075313-2		AERX01075313.2	AERX01075313.2	NT_170835.1
oreNil2:AERX01075314-2	AERX01075314-2		AERX01075314.2	AERX01075314.2	NT_170836.1
oreNil2:AERX01075315-2	AERX01075315-2		AERX01075315.2	AERX01075315.2	NT_170837.1
oreNil2:AERX01075316-1	AERX01075316-1		AERX01075316.1	AERX01075316.1	NT_170838.1
oreNil2:AERX01075317-1	AERX01075317-1		AERX01075317.1	AERX01075317.1	NT_170839.1
oreNil2:AERX01075318-1	AERX01075318-1		AERX01075318.1	AERX01075318.1	NT_170840.1
oreNil2:AERX01075319-2	AERX01075319-2		AERX01075319.2	AERX01075319.2	NT_170841.1
oreNil2:AERX01075320-2	AERX01075320-2		AERX01075320.2	AERX01075320.2	NT_170842.1
oreNil2:AERX01075321-1	AERX01075321-1		AERX01075321.1	AERX01075321.1	NT_170843.1
oreNil2:AERX01075322-2	AERX01075322-2		AERX01075322.2	AERX01075322.2	NT_170844.1
oreNil2:AERX01075323-2	AERX01075323-2		AERX01075323.2	AERX01075323.2	NT_170845.1
oreNil2:AERX01075324-2	AERX01075324-2		AERX01075324.2	AERX01075324.2	NT_170846.1
oreNil2:AERX01075325-2	AERX01075325-2		AERX01075325.2	AERX01075325.2	NT_170847.1
oreNil2:AERX01075326-2	AERX01075326-2		AERX01075326.2	AERX01075326.2	NT_170848.1
oreNil2:AERX01075327-2	AERX01075327-2		AERX01075327.2	AERX01075327.2	NT_170849.1
oreNil2:AERX01075328-2	AERX01075328-2		AERX01075328.2	AERX01075328.2	NT_170850.1
oreNil2:AERX01075329-2	AERX01075329-2		AERX01075329.2	AERX01075329.2	NT_170851.1
oreNil2:AERX01075330-1	AERX01075330-1		AERX01075330.1	AERX01075330.1	NT_170852.1
oreNil2:AERX01075331-1	AERX01075331-1		AERX01075331.1	AERX01075331.1	NT_170853.1
oreNil2:AERX01075332-2	AERX01075332-2		AERX01075332.2	AERX01075332.2	NT_170854.1
oreNil2:AERX01075333-1	AERX01075333-1		AERX01075333.1	AERX01075333.1	NT_170855.1
oreNil2:AERX01075334-1	AERX01075334-1		AERX01075334.1	AERX01075334.1	NT_170856.1
oreNil2:AERX01075335-1	AERX01075335-1		AERX01075335.1	AERX01075335.1	NT_170857.1
oreNil2:AERX01075336-2	AERX01075336-2		AERX01075336.2	AERX01075336.2	NT_170858.1
oreNil2:AERX01075337-1	AERX01075337-1		AERX01075337.1	AERX01075337.1	NT_170859.1
oreNil2:AERX01075338-2	AERX01075338-2		AERX01075338.2	AERX01075338.2	NT_170860.1
oreNil2:AERX01075339-1	AERX01075339-1		AERX01075339.1	AERX01075339.1	NT_170861.1
oreNil2:AERX01075340-1	AERX01075340-1		AERX01075340.1	AERX01075340.1	NT_170862.1
oreNil2:AERX01075341-1	AERX01075341-1		AERX01075341.1	AERX01075341.1	NT_170863.1
oreNil2:AERX01075342-2	AERX01075342-2		AERX01075342.2	AERX01075342.2	NT_170864.1
oreNil2:AERX01075343-2	AERX01075343-2		AERX01075343.2	AERX01075343.2	NT_170865.1
oreNil2:AERX01075344-2	AERX01075344-2		AERX01075344.2	AERX01075344.2	NT_170866.1
oreNil2:AERX01075345-1	AERX01075345-1		AERX01075345.1	AERX01075345.1	NT_170867.1
oreNil2:AERX01075346-2	AERX01075346-2		AERX01075346.2	AERX01075346.2	NT_170868.1
oreNil2:AERX01075347-1	AERX01075347-1		AERX01075347.1	AERX01075347.1	NT_170869.1
oreNil2:AERX01075348-2	AERX01075348-2		AERX01075348.2	AERX01075348.2	NT_170870.1
oreNil2:AERX01075349-2	AERX01075349-2		AERX01075349.2	AERX01075349.2	NT_170871.1
oreNil2:AERX01075350-1	AERX01075350-1		AERX01075350.1	AERX01075350.1	NT_170872.1
oreNil2:AERX01075351-2	AERX01075351-2		AERX01075351.2	AERX01075351.2	NT_170873.1
oreNil2:AERX01075352-1	AERX01075352-1		AERX01075352.1	AERX01075352.1	NT_170874.1
oreNil2:AERX01075353-2	AERX01075353-2		AERX01075353.2	AERX01075353.2	NT_170875.1
oreNil2:AERX01075354-2	AERX01075354-2		AERX01075354.2	AERX01075354.2	NT_170876.1
oreNil2:AERX01075355-1	AERX01075355-1		AERX01075355.1	AERX01075355.1	NT_170877.1
oreNil2:AERX01075356-1	AERX01075356-1		AERX01075356.1	AERX01075356.1	NT_170878.1
oreNil2:AERX01075357-2	AERX01075357-2		AERX01075357.2	AERX01075357.2	NT_170879.1
oreNil2:AERX01075358-1	AERX01075358-1		AERX01075358.1	AERX01075358.1	NT_170880.1
oreNil2:AERX01075359-2	AERX01075359-2		AERX01075359.2	AERX01075359.2	NT_170881.1
oreNil2:AERX01075360-1	AERX01075360-1		AERX01075360.1	AERX01075360.1	NT_170882.1
oreNil2:AERX01075361-2	AERX01075361-2		AERX01075361.2	AERX01075361.2	NT_170883.1
oreNil2:AERX01075362-2	AERX01075362-2		AERX01075362.2	AERX01075362.2	NT_170884.1
oreNil2:AERX01075363-2	AERX01075363-2		AERX01075363.2	AERX01075363.2	NT_170885.1
oreNil2:AERX01075364-2	AERX01075364-2		AERX01075364.2	AERX01075364.2	NT_170886.1
oreNil2:AERX01075365-1	AERX01075365-1		AERX01075365.1	AERX01075365.1	NT_170887.1
oreNil2:AERX01075366-1	AERX01075366-1		AERX01075366.1	AERX01075366.1	NT_170888.1
oreNil2:AERX01075367-2	AERX01075367-2		AERX01075367.2	AERX01075367.2	NT_170889.1
oreNil2:AERX01075368-2	AERX01075368-2		AERX01075368.2	AERX01075368.2	NT_170890.1
oreNil2:AERX01075369-2	AERX01075369-2		AERX01075369.2	AERX01075369.2	NT_170891.1
oreNil2:AERX01075370-1	AERX01075370-1		AERX01075370.1	AERX01075370.1	NT_170892.1
oreNil2:AERX01075371-1	AERX01075371-1		AERX01075371.1	AERX01075371.1	NT_170893.1
oreNil2:AERX01075372-2	AERX01075372-2		AERX01075372.2	AERX01075372.2	NT_170894.1
oreNil2:AERX01075373-2	AERX01075373-2		AERX01075373.2	AERX01075373.2	NT_170895.1
oreNil2:AERX01075374-1	AERX01075374-1		AERX01075374.1	AERX01075374.1	NT_170896.1
oreNil2:AERX01075375-2	AERX01075375-2		AERX01075375.2	AERX01075375.2	NT_170897.1
oreNil2:AERX01075376-2	AERX01075376-2		AERX01075376.2	AERX01075376.2	NT_170898.1
oreNil2:AERX01075377-2	AERX01075377-2		AERX01075377.2	AERX01075377.2	NT_170899.1
oreNil2:AERX01075378-2	AERX01075378-2		AERX01075378.2	AERX01075378.2	NT_170900.1
oreNil2:AERX01075379-2	AERX01075379-2		AERX01075379.2	AERX01075379.2	NT_170901.1
oreNil2:AERX01075380-1	AERX01075380-1		AERX01075380.1	AERX01075380.1	NT_170902.1
oreNil2:AERX01075381-2	AERX01075381-2		AERX01075381.2	AERX01075381.2	NT_170903.1
oreNil2:AERX01075382-2	AERX01075382-2		AERX01075382.2	AERX01075382.2	NT_170904.1
oreNil2:AERX01075383-1	AERX01075383-1		AERX01075383.1	AERX01075383.1	NT_170905.1
oreNil2:AERX01075384-1	AERX01075384-1		AERX01075384.1	AERX01075384.1	NT_170906.1
oreNil2:AERX01075385-2	AERX01075385-2		AERX01075385.2	AERX01075385.2	NT_170907.1
oreNil2:AERX01075386-2	AERX01075386-2		AERX01075386.2	AERX01075386.2	NT_170908.1
oreNil2:AERX01075387-1	AERX01075387-1		AERX01075387.1	AERX01075387.1	NT_170909.1
oreNil2:AERX01075388-2	AERX01075388-2		AERX01075388.2	AERX01075388.2	NT_170910.1
oreNil2:AERX01075389-1	AERX01075389-1			AERX01075389.1	NT_170911.1
oreNil2:AERX01075390-1	AERX01075390-1		AERX01075390.1	AERX01075390.1	NT_170912.1
oreNil2:AERX01075391-1	AERX01075391-1		AERX01075391.1	AERX01075391.1	NT_170913.1
oreNil2:AERX01075392-2	AERX01075392-2		AERX01075392.2	AERX01075392.2	NT_170914.1
oreNil2:AERX01075393-2	AERX01075393-2		AERX01075393.2	AERX01075393.2	NT_170915.1
oreNil2:AERX01075394-1	AERX01075394-1		AERX01075394.1	AERX01075394.1	NT_170916.1
oreNil2:AERX01075395-2	AERX01075395-2		AERX01075395.2	AERX01075395.2	NT_170917.1
oreNil2:AERX01075396-1	AERX01075396-1		AERX01075396.1	AERX01075396.1	NT_170918.1
oreNil2:AERX01075397-1	AERX01075397-1		AERX01075397.1	AERX01075397.1	NT_170919.1
oreNil2:AERX01075398-1	AERX01075398-1		AERX01075398.1	AERX01075398.1	NT_170920.1
oreNil2:AERX01075399-1	AERX01075399-1		AERX01075399.1	AERX01075399.1	NT_170921.1
oreNil2:AERX01075400-2	AERX01075400-2		AERX01075400.2	AERX01075400.2	NT_170922.1
oreNil2:AERX01075401-2	AERX01075401-2		AERX01075401.2	AERX01075401.2	NT_170923.1
oreNil2:AERX01075402-2	AERX01075402-2		AERX01075402.2	AERX01075402.2	NT_170924.1
oreNil2:AERX01075403-2	AERX01075403-2		AERX01075403.2	AERX01075403.2	NT_170925.1
oreNil2:AERX01075404-1	AERX01075404-1		AERX01075404.1	AERX01075404.1	NT_170926.1
oreNil2:AERX01075405-1	AERX01075405-1		AERX01075405.1	AERX01075405.1	NT_170927.1
oreNil2:AERX01075406-2	AERX01075406-2		AERX01075406.2	AERX01075406.2	NT_170928.1
oreNil2:AERX01075407-1	AERX01075407-1		AERX01075407.1	AERX01075407.1	NT_170929.1
oreNil2:AERX01075408-1	AERX01075408-1		AERX01075408.1	AERX01075408.1	NT_170930.1
oreNil2:AERX01075409-1	AERX01075409-1		AERX01075409.1	AERX01075409.1	NT_170931.1
oreNil2:AERX01075410-1	AERX01075410-1		AERX01075410.1	AERX01075410.1	NT_170932.1
oreNil2:AERX01075411-1	AERX01075411-1		AERX01075411.1	AERX01075411.1	NT_170933.1
oreNil2:AERX01075412-1	AERX01075412-1		AERX01075412.1	AERX01075412.1	NT_170934.1
oreNil2:AERX01075413-2	AERX01075413-2		AERX01075413.2	AERX01075413.2	NT_170935.1
oreNil2:AERX01075414-1	AERX01075414-1		AERX01075414.1	AERX01075414.1	NT_170936.1
oreNil2:AERX01075415-2	AERX01075415-2		AERX01075415.2	AERX01075415.2	NT_170937.1
oreNil2:AERX01075416-2	AERX01075416-2		AERX01075416.2	AERX01075416.2	NT_170938.1
oreNil2:AERX01075417-1	AERX01075417-1		AERX01075417.1	AERX01075417.1	NT_170939.1
oreNil2:AERX01075418-2	AERX01075418-2		AERX01075418.2	AERX01075418.2	NT_170940.1
oreNil2:AERX01075419-2	AERX01075419-2		AERX01075419.2	AERX01075419.2	NT_170941.1
oreNil2:AERX01075420-1	AERX01075420-1		AERX01075420.1	AERX01075420.1	NT_170942.1
oreNil2:AERX01075421-2	AERX01075421-2		AERX01075421.2	AERX01075421.2	NT_170943.1
oreNil2:AERX01075422-1	AERX01075422-1		AERX01075422.1	AERX01075422.1	NT_170944.1
oreNil2:AERX01075423-1	AERX01075423-1		AERX01075423.1	AERX01075423.1	NT_170945.1
oreNil2:AERX01075424-2	AERX01075424-2		AERX01075424.2	AERX01075424.2	NT_170946.1
oreNil2:AERX01075425-1	AERX01075425-1		AERX01075425.1	AERX01075425.1	NT_170947.1
oreNil2:AERX01075426-1	AERX01075426-1			AERX01075426.1	NT_170948.1
oreNil2:AERX01075427-2	AERX01075427-2		AERX01075427.2	AERX01075427.2	NT_170949.1
oreNil2:AERX01075428-1	AERX01075428-1		AERX01075428.1	AERX01075428.1	NT_170950.1
oreNil2:AERX01075429-1	AERX01075429-1		AERX01075429.1	AERX01075429.1	NT_170951.1
oreNil2:AERX01075430-2	AERX01075430-2		AERX01075430.2	AERX01075430.2	NT_170952.1
oreNil2:AERX01075431-1	AERX01075431-1		AERX01075431.1	AERX01075431.1	NT_170953.1
oreNil2:AERX01075432-1	AERX01075432-1		AERX01075432.1	AERX01075432.1	NT_170954.1
oreNil2:AERX01075433-1	AERX01075433-1		AERX01075433.1	AERX01075433.1	NT_170955.1
oreNil2:AERX01075434-2	AERX01075434-2		AERX01075434.2	AERX01075434.2	NT_170956.1
oreNil2:AERX01075435-1	AERX01075435-1		AERX01075435.1	AERX01075435.1	NT_170957.1
oreNil2:AERX01075436-2	AERX01075436-2		AERX01075436.2	AERX01075436.2	NT_170958.1
oreNil2:AERX01075437-1	AERX01075437-1		AERX01075437.1	AERX01075437.1	NT_170959.1
oreNil2:AERX01075438-1	AERX01075438-1		AERX01075438.1	AERX01075438.1	NT_170960.1
oreNil2:AERX01075439-1	AERX01075439-1		AERX01075439.1	AERX01075439.1	NT_170961.1
oreNil2:AERX01075440-1	AERX01075440-1		AERX01075440.1	AERX01075440.1	NT_170962.1
oreNil2:AERX01075441-1	AERX01075441-1		AERX01075441.1	AERX01075441.1	NT_170963.1
oreNil2:AERX01075442-1	AERX01075442-1		AERX01075442.1	AERX01075442.1	NT_170964.1
oreNil2:AERX01075443-2	AERX01075443-2		AERX01075443.2	AERX01075443.2	NT_170965.1
oreNil2:AERX01075444-1	AERX01075444-1		AERX01075444.1	AERX01075444.1	NT_170966.1
oreNil2:AERX01075445-1	AERX01075445-1		AERX01075445.1	AERX01075445.1	NT_170967.1
oreNil2:AERX01075446-2	AERX01075446-2		AERX01075446.2	AERX01075446.2	NT_170968.1
oreNil2:AERX01075447-2	AERX01075447-2		AERX01075447.2	AERX01075447.2	NT_170969.1
oreNil2:AERX01075448-1	AERX01075448-1		AERX01075448.1	AERX01075448.1	NT_170970.1
oreNil2:AERX01075449-1	AERX01075449-1		AERX01075449.1	AERX01075449.1	NT_170971.1
oreNil2:AERX01075450-2	AERX01075450-2		AERX01075450.2	AERX01075450.2	NT_170972.1
oreNil2:AERX01075451-1	AERX01075451-1		AERX01075451.1	AERX01075451.1	NT_170973.1
oreNil2:AERX01075452-2	AERX01075452-2		AERX01075452.2	AERX01075452.2	NT_170974.1
oreNil2:AERX01075453-2	AERX01075453-2		AERX01075453.2	AERX01075453.2	NT_170975.1
oreNil2:AERX01075454-1	AERX01075454-1		AERX01075454.1	AERX01075454.1	NT_170976.1
oreNil2:AERX01075455-1	AERX01075455-1		AERX01075455.1	AERX01075455.1	NT_170977.1
oreNil2:AERX01075456-2	AERX01075456-2		AERX01075456.2	AERX01075456.2	NT_170978.1
oreNil2:AERX01075457-1	AERX01075457-1		AERX01075457.1	AERX01075457.1	NT_170979.1
oreNil2:AERX01075458-1	AERX01075458-1		AERX01075458.1	AERX01075458.1	NT_170980.1
oreNil2:AERX01075459-1	AERX01075459-1			AERX01075459.1	NT_170981.1
oreNil2:AERX01075460-1	AERX01075460-1		AERX01075460.1	AERX01075460.1	NT_170982.1
oreNil2:AERX01075461-2	AERX01075461-2		AERX01075461.2	AERX01075461.2	NT_170983.1
oreNil2:AERX01075462-1	AERX01075462-1		AERX01075462.1	AERX01075462.1	NT_170984.1
oreNil2:AERX01075463-2	AERX01075463-2		AERX01075463.2	AERX01075463.2	NT_170985.1
oreNil2:AERX01075464-2	AERX01075464-2		AERX01075464.2	AERX01075464.2	NT_170986.1
oreNil2:AERX01075465-1	AERX01075465-1		AERX01075465.1	AERX01075465.1	NT_170987.1
oreNil2:AERX01075466-1	AERX01075466-1		AERX01075466.1	AERX01075466.1	NT_170988.1
oreNil2:AERX01075467-1	AERX01075467-1		AERX01075467.1	AERX01075467.1	NT_170989.1
oreNil2:AERX01075468-2	AERX01075468-2		AERX01075468.2	AERX01075468.2	NT_170990.1
oreNil2:AERX01075469-2	AERX01075469-2		AERX01075469.2	AERX01075469.2	NT_170991.1
oreNil2:AERX01075470-2	AERX01075470-2		AERX01075470.2	AERX01075470.2	NT_170992.1
oreNil2:AERX01075471-2	AERX01075471-2		AERX01075471.2	AERX01075471.2	NT_170993.1
oreNil2:AERX01075472-1	AERX01075472-1		AERX01075472.1	AERX01075472.1	NT_170994.1
oreNil2:AERX01075473-1	AERX01075473-1		AERX01075473.1	AERX01075473.1	NT_170995.1
oreNil2:AERX01075474-1	AERX01075474-1		AERX01075474.1	AERX01075474.1	NT_170996.1
oreNil2:AERX01075475-1	AERX01075475-1			AERX01075475.1	NT_170997.1
oreNil2:AERX01075476-1	AERX01075476-1		AERX01075476.1	AERX01075476.1	NT_170998.1
oreNil2:AERX01075477-1	AERX01075477-1		AERX01075477.1	AERX01075477.1	NT_170999.1
oreNil2:AERX01075478-1	AERX01075478-1		AERX01075478.1	AERX01075478.1	NT_171000.1
oreNil2:AERX01075479-1	AERX01075479-1		AERX01075479.1	AERX01075479.1	NT_171001.1
oreNil2:AERX01075480-2	AERX01075480-2		AERX01075480.2	AERX01075480.2	NT_171002.1
oreNil2:AERX01075481-1	AERX01075481-1		AERX01075481.1	AERX01075481.1	NT_171003.1
oreNil2:AERX01075482-2	AERX01075482-2		AERX01075482.2	AERX01075482.2	NT_171004.1
oreNil2:AERX01075483-1	AERX01075483-1		AERX01075483.1	AERX01075483.1	NT_171005.1
oreNil2:AERX01075484-1	AERX01075484-1		AERX01075484.1	AERX01075484.1	NT_171006.1
oreNil2:AERX01075485-1	AERX01075485-1		AERX01075485.1	AERX01075485.1	NT_171007.1
oreNil2:AERX01075486-2	AERX01075486-2		AERX01075486.2	AERX01075486.2	NT_171008.1
oreNil2:AERX01075487-1	AERX01075487-1		AERX01075487.1	AERX01075487.1	NT_171009.1
oreNil2:AERX01075488-1	AERX01075488-1			AERX01075488.1	NT_171010.1
oreNil2:AERX01075489-1	AERX01075489-1		AERX01075489.1	AERX01075489.1	NT_171011.1
oreNil2:AERX01075490-1	AERX01075490-1		AERX01075490.1	AERX01075490.1	NT_171012.1
oreNil2:AERX01075491-1	AERX01075491-1		AERX01075491.1	AERX01075491.1	NT_171013.1
oreNil2:AERX01075492-1	AERX01075492-1		AERX01075492.1	AERX01075492.1	NT_171014.1
oreNil2:AERX01075493-1	AERX01075493-1		AERX01075493.1	AERX01075493.1	NT_171015.1
oreNil2:AERX01075494-1	AERX01075494-1		AERX01075494.1	AERX01075494.1	NT_171016.1
oreNil2:AERX01075495-2	AERX01075495-2		AERX01075495.2	AERX01075495.2	NT_171017.1
oreNil2:AERX01075496-1	AERX01075496-1			AERX01075496.1	NT_171018.1
oreNil2:AERX01075497-1	AERX01075497-1		AERX01075497.1	AERX01075497.1	NT_171019.1
oreNil2:AERX01075498-2	AERX01075498-2		AERX01075498.2	AERX01075498.2	NT_171020.1
oreNil2:AERX01075499-1	AERX01075499-1		AERX01075499.1	AERX01075499.1	NT_171021.1
oreNil2:AERX01075500-2	AERX01075500-2		AERX01075500.2	AERX01075500.2	NT_171022.1
oreNil2:AERX01075501-2	AERX01075501-2		AERX01075501.2	AERX01075501.2	NT_171023.1
oreNil2:AERX01075502-1	AERX01075502-1		AERX01075502.1	AERX01075502.1	NT_171024.1
oreNil2:AERX01075503-2	AERX01075503-2		AERX01075503.2	AERX01075503.2	NT_171025.1
oreNil2:AERX01075504-2	AERX01075504-2		AERX01075504.2	AERX01075504.2	NT_171026.1
oreNil2:AERX01075505-2	AERX01075505-2		AERX01075505.2	AERX01075505.2	NT_171027.1
oreNil2:AERX01075506-1	AERX01075506-1		AERX01075506.1	AERX01075506.1	NT_171028.1
oreNil2:AERX01075507-2	AERX01075507-2		AERX01075507.2	AERX01075507.2	NT_171029.1
oreNil2:AERX01075508-1	AERX01075508-1		AERX01075508.1	AERX01075508.1	NT_171030.1
oreNil2:AERX01075509-2	AERX01075509-2		AERX01075509.2	AERX01075509.2	NT_171031.1
oreNil2:AERX01075510-1	AERX01075510-1		AERX01075510.1	AERX01075510.1	NT_171032.1
oreNil2:AERX01075511-1	AERX01075511-1		AERX01075511.1	AERX01075511.1	NT_171033.1
oreNil2:AERX01075512-1	AERX01075512-1		AERX01075512.1	AERX01075512.1	NT_171034.1
oreNil2:AERX01075513-1	AERX01075513-1		AERX01075513.1	AERX01075513.1	NT_171035.1
oreNil2:AERX01075514-1	AERX01075514-1		AERX01075514.1	AERX01075514.1	NT_171036.1
oreNil2:AERX01075515-1	AERX01075515-1		AERX01075515.1	AERX01075515.1	NT_171037.1
oreNil2:AERX01075516-1	AERX01075516-1		AERX01075516.1	AERX01075516.1	NT_171038.1
oreNil2:AERX01075517-1	AERX01075517-1		AERX01075517.1	AERX01075517.1	NT_171039.1
oreNil2:AERX01075518-1	AERX01075518-1			AERX01075518.1	NT_171040.1
oreNil2:AERX01075519-2	AERX01075519-2		AERX01075519.2	AERX01075519.2	NT_171041.1
oreNil2:AERX01075520-1	AERX01075520-1		AERX01075520.1	AERX01075520.1	NT_171042.1
oreNil2:AERX01075521-1	AERX01075521-1		AERX01075521.1	AERX01075521.1	NT_171043.1
oreNil2:AERX01075522-1	AERX01075522-1			AERX01075522.1	NT_171044.1
oreNil2:AERX01075523-1	AERX01075523-1			AERX01075523.1	NT_171045.1
oreNil2:AERX01075524-1	AERX01075524-1		AERX01075524.1	AERX01075524.1	NT_171046.1
oreNil2:AERX01075525-1	AERX01075525-1		AERX01075525.1	AERX01075525.1	NT_171047.1
oreNil2:AERX01075526-2	AERX01075526-2		AERX01075526.2	AERX01075526.2	NT_171048.1
oreNil2:AERX01075527-1	AERX01075527-1		AERX01075527.1	AERX01075527.1	NT_171049.1
oreNil2:AERX01075528-1	AERX01075528-1		AERX01075528.1	AERX01075528.1	NT_171050.1
oreNil2:AERX01075529-1	AERX01075529-1		AERX01075529.1	AERX01075529.1	NT_171051.1
oreNil2:AERX01075530-2	AERX01075530-2		AERX01075530.2	AERX01075530.2	NT_171052.1
oreNil2:AERX01075531-2	AERX01075531-2		AERX01075531.2	AERX01075531.2	NT_171053.1
oreNil2:AERX01075532-1	AERX01075532-1		AERX01075532.1	AERX01075532.1	NT_171054.1
oreNil2:AERX01075533-2	AERX01075533-2		AERX01075533.2	AERX01075533.2	NT_171055.1
oreNil2:AERX01075534-1	AERX01075534-1		AERX01075534.1	AERX01075534.1	NT_171056.1
oreNil2:AERX01075535-2	AERX01075535-2		AERX01075535.2	AERX01075535.2	NT_171057.1
oreNil2:AERX01075536-2	AERX01075536-2		AERX01075536.2	AERX01075536.2	NT_171058.1
oreNil2:AERX01075537-1	AERX01075537-1		AERX01075537.1	AERX01075537.1	NT_171059.1
oreNil2:AERX01075538-1	AERX01075538-1		AERX01075538.1	AERX01075538.1	NT_171060.1
oreNil2:AERX01075539-2	AERX01075539-2		AERX01075539.2	AERX01075539.2	NT_171061.1
oreNil2:AERX01075540-1	AERX01075540-1		AERX01075540.1	AERX01075540.1	NT_171062.1
oreNil2:AERX01075541-1	AERX01075541-1		AERX01075541.1	AERX01075541.1	NT_171063.1
oreNil2:AERX01075542-1	AERX01075542-1		AERX01075542.1	AERX01075542.1	NT_171064.1
oreNil2:AERX01075543-2	AERX01075543-2		AERX01075543.2	AERX01075543.2	NT_171065.1
oreNil2:AERX01075544-1	AERX01075544-1		AERX01075544.1	AERX01075544.1	NT_171066.1
oreNil2:AERX01075545-1	AERX01075545-1		AERX01075545.1	AERX01075545.1	NT_171067.1
oreNil2:AERX01075546-1	AERX01075546-1		AERX01075546.1	AERX01075546.1	NT_171068.1
oreNil2:AERX01075547-1	AERX01075547-1		AERX01075547.1	AERX01075547.1	NT_171069.1
oreNil2:AERX01075548-1	AERX01075548-1		AERX01075548.1	AERX01075548.1	NT_171070.1
oreNil2:AERX01075549-2	AERX01075549-2		AERX01075549.2	AERX01075549.2	NT_171071.1
oreNil2:AERX01075550-2	AERX01075550-2		AERX01075550.2	AERX01075550.2	NT_171072.1
oreNil2:AERX01075551-2	AERX01075551-2		AERX01075551.2	AERX01075551.2	NT_171073.1
oreNil2:AERX01075552-2	AERX01075552-2		AERX01075552.2	AERX01075552.2	NT_171074.1
oreNil2:AERX01075553-2	AERX01075553-2		AERX01075553.2	AERX01075553.2	NT_171075.1
oreNil2:AERX01075554-2	AERX01075554-2		AERX01075554.2	AERX01075554.2	NT_171076.1
oreNil2:AERX01075555-1	AERX01075555-1		AERX01075555.1	AERX01075555.1	NT_171077.1
oreNil2:AERX01075556-1	AERX01075556-1		AERX01075556.1	AERX01075556.1	NT_171078.1
oreNil2:AERX01075557-1	AERX01075557-1		AERX01075557.1	AERX01075557.1	NT_171079.1
oreNil2:AERX01075558-1	AERX01075558-1		AERX01075558.1	AERX01075558.1	NT_171080.1
oreNil2:AERX01075559-1	AERX01075559-1		AERX01075559.1	AERX01075559.1	NT_171081.1
oreNil2:AERX01075560-1	AERX01075560-1		AERX01075560.1	AERX01075560.1	NT_171082.1
oreNil2:AERX01075561-1	AERX01075561-1		AERX01075561.1	AERX01075561.1	NT_171083.1
oreNil2:AERX01075562-1	AERX01075562-1		AERX01075562.1	AERX01075562.1	NT_171084.1
oreNil2:AERX01075563-2	AERX01075563-2		AERX01075563.2	AERX01075563.2	NT_171085.1
oreNil2:AERX01075564-2	AERX01075564-2		AERX01075564.2	AERX01075564.2	NT_171086.1
oreNil2:AERX01075565-2	AERX01075565-2		AERX01075565.2	AERX01075565.2	NT_171087.1
oreNil2:AERX01075566-2	AERX01075566-2		AERX01075566.2	AERX01075566.2	NT_171088.1
oreNil2:AERX01075567-1	AERX01075567-1		AERX01075567.1	AERX01075567.1	NT_171089.1
oreNil2:AERX01075568-1	AERX01075568-1		AERX01075568.1	AERX01075568.1	NT_171090.1
oreNil2:AERX01075569-1	AERX01075569-1		AERX01075569.1	AERX01075569.1	NT_171091.1
oreNil2:AERX01075570-1	AERX01075570-1		AERX01075570.1	AERX01075570.1	NT_171092.1
oreNil2:AERX01075571-1	AERX01075571-1			AERX01075571.1	NT_171093.1
oreNil2:AERX01075572-2	AERX01075572-2		AERX01075572.2	AERX01075572.2	NT_171094.1
oreNil2:AERX01075573-2	AERX01075573-2		AERX01075573.2	AERX01075573.2	NT_171095.1
oreNil2:AERX01075574-2	AERX01075574-2		AERX01075574.2	AERX01075574.2	NT_171096.1
oreNil2:AERX01075575-2	AERX01075575-2		AERX01075575.2	AERX01075575.2	NT_171097.1
oreNil2:AERX01075576-2	AERX01075576-2		AERX01075576.2	AERX01075576.2	NT_171098.1
oreNil2:AERX01075577-2	AERX01075577-2		AERX01075577.2	AERX01075577.2	NT_171099.1
oreNil2:AERX01075578-1	AERX01075578-1		AERX01075578.1	AERX01075578.1	NT_171100.1
oreNil2:AERX01075579-1	AERX01075579-1		AERX01075579.1	AERX01075579.1	NT_171101.1
oreNil2:AERX01075580-2	AERX01075580-2		AERX01075580.2	AERX01075580.2	NT_171102.1
oreNil2:AERX01075581-1	AERX01075581-1		AERX01075581.1	AERX01075581.1	NT_171103.1
oreNil2:AERX01075582-1	AERX01075582-1		AERX01075582.1	AERX01075582.1	NT_171104.1
oreNil2:AERX01075583-1	AERX01075583-1			AERX01075583.1	NT_171105.1
oreNil2:AERX01075584-1	AERX01075584-1		AERX01075584.1	AERX01075584.1	NT_171106.1
oreNil2:AERX01075585-2	AERX01075585-2		AERX01075585.2	AERX01075585.2	NT_171107.1
oreNil2:AERX01075586-2	AERX01075586-2		AERX01075586.2	AERX01075586.2	NT_171108.1
oreNil2:AERX01075587-1	AERX01075587-1		AERX01075587.1	AERX01075587.1	NT_171109.1
oreNil2:AERX01075588-2	AERX01075588-2		AERX01075588.2	AERX01075588.2	NT_171110.1
oreNil2:AERX01075589-2	AERX01075589-2		AERX01075589.2	AERX01075589.2	NT_171111.1
oreNil2:AERX01075590-1	AERX01075590-1		AERX01075590.1	AERX01075590.1	NT_171112.1
oreNil2:AERX01075591-2	AERX01075591-2		AERX01075591.2	AERX01075591.2	NT_171113.1
oreNil2:AERX01075592-1	AERX01075592-1		AERX01075592.1	AERX01075592.1	NT_171114.1
oreNil2:AERX01075593-1	AERX01075593-1		AERX01075593.1	AERX01075593.1	NT_171115.1
oreNil2:AERX01075594-1	AERX01075594-1		AERX01075594.1	AERX01075594.1	NT_171116.1
oreNil2:AERX01075595-2	AERX01075595-2		AERX01075595.2	AERX01075595.2	NT_171117.1
oreNil2:AERX01075596-1	AERX01075596-1		AERX01075596.1	AERX01075596.1	NT_171118.1
oreNil2:AERX01075597-1	AERX01075597-1		AERX01075597.1	AERX01075597.1	NT_171119.1
oreNil2:AERX01075598-2	AERX01075598-2		AERX01075598.2	AERX01075598.2	NT_171120.1
oreNil2:AERX01075599-2	AERX01075599-2		AERX01075599.2	AERX01075599.2	NT_171121.1
oreNil2:AERX01075600-1	AERX01075600-1		AERX01075600.1	AERX01075600.1	NT_171122.1
oreNil2:AERX01075601-2	AERX01075601-2		AERX01075601.2	AERX01075601.2	NT_171123.1
oreNil2:AERX01075602-1	AERX01075602-1		AERX01075602.1	AERX01075602.1	NT_171124.1
oreNil2:AERX01075603-2	AERX01075603-2		AERX01075603.2	AERX01075603.2	NT_171125.1
oreNil2:AERX01075604-2	AERX01075604-2		AERX01075604.2	AERX01075604.2	NT_171126.1
oreNil2:AERX01075605-1	AERX01075605-1		AERX01075605.1	AERX01075605.1	NT_171127.1
oreNil2:AERX01075606-2	AERX01075606-2		AERX01075606.2	AERX01075606.2	NT_171128.1
oreNil2:AERX01075607-2	AERX01075607-2		AERX01075607.2	AERX01075607.2	NT_171129.1
oreNil2:AERX01075608-1	AERX01075608-1		AERX01075608.1	AERX01075608.1	NT_171130.1
oreNil2:AERX01075609-2	AERX01075609-2		AERX01075609.2	AERX01075609.2	NT_171131.1
oreNil2:AERX01075610-2	AERX01075610-2		AERX01075610.2	AERX01075610.2	NT_171132.1
oreNil2:AERX01075611-2	AERX01075611-2		AERX01075611.2	AERX01075611.2	NT_171133.1
oreNil2:AERX01075612-1	AERX01075612-1		AERX01075612.1	AERX01075612.1	NT_171134.1
oreNil2:AERX01075613-1	AERX01075613-1		AERX01075613.1	AERX01075613.1	NT_171135.1
oreNil2:AERX01075614-1	AERX01075614-1		AERX01075614.1	AERX01075614.1	NT_171136.1
oreNil2:AERX01075615-1	AERX01075615-1		AERX01075615.1	AERX01075615.1	NT_171137.1
oreNil2:AERX01075616-1	AERX01075616-1		AERX01075616.1	AERX01075616.1	NT_171138.1
oreNil2:AERX01075617-2	AERX01075617-2		AERX01075617.2	AERX01075617.2	NT_171139.1
oreNil2:AERX01075618-2	AERX01075618-2		AERX01075618.2	AERX01075618.2	NT_171140.1
oreNil2:AERX01075619-2	AERX01075619-2		AERX01075619.2	AERX01075619.2	NT_171141.1
oreNil2:AERX01075620-2	AERX01075620-2		AERX01075620.2	AERX01075620.2	NT_171142.1
oreNil2:AERX01075621-1	AERX01075621-1		AERX01075621.1	AERX01075621.1	NT_171143.1
oreNil2:AERX01075622-1	AERX01075622-1		AERX01075622.1	AERX01075622.1	NT_171144.1
oreNil2:AERX01075623-1	AERX01075623-1		AERX01075623.1	AERX01075623.1	NT_171145.1
oreNil2:AERX01075624-1	AERX01075624-1		AERX01075624.1	AERX01075624.1	NT_171146.1
oreNil2:AERX01075625-1	AERX01075625-1		AERX01075625.1	AERX01075625.1	NT_171147.1
oreNil2:AERX01075626-1	AERX01075626-1		AERX01075626.1	AERX01075626.1	NT_171148.1
oreNil2:AERX01075627-1	AERX01075627-1		AERX01075627.1	AERX01075627.1	NT_171149.1
oreNil2:AERX01075628-1	AERX01075628-1		AERX01075628.1	AERX01075628.1	NT_171150.1
oreNil2:AERX01075629-2	AERX01075629-2		AERX01075629.2	AERX01075629.2	NT_171151.1
oreNil2:AERX01075630-2	AERX01075630-2		AERX01075630.2	AERX01075630.2	NT_171152.1
oreNil2:AERX01075631-2	AERX01075631-2		AERX01075631.2	AERX01075631.2	NT_171153.1
oreNil2:AERX01075632-1	AERX01075632-1		AERX01075632.1	AERX01075632.1	NT_171154.1
oreNil2:AERX01075633-2	AERX01075633-2		AERX01075633.2	AERX01075633.2	NT_171155.1
oreNil2:AERX01075634-2	AERX01075634-2		AERX01075634.2	AERX01075634.2	NT_171156.1
oreNil2:AERX01075635-2	AERX01075635-2		AERX01075635.2	AERX01075635.2	NT_171157.1
oreNil2:AERX01075636-2	AERX01075636-2		AERX01075636.2	AERX01075636.2	NT_171158.1
oreNil2:AERX01075637-1	AERX01075637-1		AERX01075637.1	AERX01075637.1	NT_171159.1
oreNil2:AERX01075638-2	AERX01075638-2		AERX01075638.2	AERX01075638.2	NT_171160.1
oreNil2:AERX01075639-1	AERX01075639-1		AERX01075639.1	AERX01075639.1	NT_171161.1
oreNil2:AERX01075640-2	AERX01075640-2		AERX01075640.2	AERX01075640.2	NT_171162.1
oreNil2:AERX01075641-2	AERX01075641-2		AERX01075641.2	AERX01075641.2	NT_171163.1
oreNil2:AERX01075642-1	AERX01075642-1		AERX01075642.1	AERX01075642.1	NT_171164.1
oreNil2:AERX01075643-1	AERX01075643-1		AERX01075643.1	AERX01075643.1	NT_171165.1
oreNil2:AERX01075644-1	AERX01075644-1		AERX01075644.1	AERX01075644.1	NT_171166.1
oreNil2:AERX01075645-1	AERX01075645-1		AERX01075645.1	AERX01075645.1	NT_171167.1
oreNil2:AERX01075646-1	AERX01075646-1		AERX01075646.1	AERX01075646.1	NT_171168.1
oreNil2:AERX01075647-1	AERX01075647-1		AERX01075647.1	AERX01075647.1	NT_171169.1
oreNil2:AERX01075648-1	AERX01075648-1		AERX01075648.1	AERX01075648.1	NT_171170.1
oreNil2:AERX01075649-1	AERX01075649-1		AERX01075649.1	AERX01075649.1	NT_171171.1
oreNil2:AERX01075650-2	AERX01075650-2		AERX01075650.2	AERX01075650.2	NT_171172.1
oreNil2:AERX01075651-1	AERX01075651-1		AERX01075651.1	AERX01075651.1	NT_171173.1
oreNil2:AERX01075652-1	AERX01075652-1		AERX01075652.1	AERX01075652.1	NT_171174.1
oreNil2:AERX01075653-2	AERX01075653-2		AERX01075653.2	AERX01075653.2	NT_171175.1
oreNil2:AERX01075654-2	AERX01075654-2		AERX01075654.2	AERX01075654.2	NT_171176.1
oreNil2:AERX01075655-2	AERX01075655-2		AERX01075655.2	AERX01075655.2	NT_171177.1
oreNil2:AERX01075656-1	AERX01075656-1		AERX01075656.1	AERX01075656.1	NT_171178.1
oreNil2:AERX01075657-1	AERX01075657-1		AERX01075657.1	AERX01075657.1	NT_171179.1
oreNil2:AERX01075658-2	AERX01075658-2		AERX01075658.2	AERX01075658.2	NT_171180.1
oreNil2:AERX01075659-2	AERX01075659-2		AERX01075659.2	AERX01075659.2	NT_171181.1
oreNil2:AERX01075660-2	AERX01075660-2		AERX01075660.2	AERX01075660.2	NT_171182.1
oreNil2:AERX01075661-1	AERX01075661-1		AERX01075661.1	AERX01075661.1	NT_171183.1
oreNil2:AERX01075662-1	AERX01075662-1		AERX01075662.1	AERX01075662.1	NT_171184.1
oreNil2:AERX01075663-1	AERX01075663-1		AERX01075663.1	AERX01075663.1	NT_171185.1
oreNil2:AERX01075664-2	AERX01075664-2		AERX01075664.2	AERX01075664.2	NT_171186.1
oreNil2:AERX01075665-1	AERX01075665-1		AERX01075665.1	AERX01075665.1	NT_171187.1
oreNil2:AERX01075666-2	AERX01075666-2		AERX01075666.2	AERX01075666.2	NT_171188.1
oreNil2:AERX01075667-2	AERX01075667-2		AERX01075667.2	AERX01075667.2	NT_171189.1
oreNil2:AERX01075668-1	AERX01075668-1		AERX01075668.1	AERX01075668.1	NT_171190.1
oreNil2:AERX01075669-2	AERX01075669-2		AERX01075669.2	AERX01075669.2	NT_171191.1
oreNil2:AERX01075670-2	AERX01075670-2		AERX01075670.2	AERX01075670.2	NT_171192.1
oreNil2:AERX01075671-2	AERX01075671-2		AERX01075671.2	AERX01075671.2	NT_171193.1
oreNil2:AERX01075672-2	AERX01075672-2		AERX01075672.2	AERX01075672.2	NT_171194.1
oreNil2:AERX01075673-2	AERX01075673-2		AERX01075673.2	AERX01075673.2	NT_171195.1
oreNil2:AERX01075674-1	AERX01075674-1		AERX01075674.1	AERX01075674.1	NT_171196.1
oreNil2:AERX01075675-1	AERX01075675-1		AERX01075675.1	AERX01075675.1	NT_171197.1
oreNil2:AERX01075676-1	AERX01075676-1		AERX01075676.1	AERX01075676.1	NT_171198.1
oreNil2:AERX01075677-1	AERX01075677-1		AERX01075677.1	AERX01075677.1	NT_171199.1
oreNil2:AERX01075678-2	AERX01075678-2		AERX01075678.2	AERX01075678.2	NT_171200.1
oreNil2:AERX01075679-1	AERX01075679-1		AERX01075679.1	AERX01075679.1	NT_171201.1
oreNil2:AERX01075680-1	AERX01075680-1		AERX01075680.1	AERX01075680.1	NT_171202.1
oreNil2:AERX01075681-2	AERX01075681-2		AERX01075681.2	AERX01075681.2	NT_171203.1
oreNil2:AERX01075682-1	AERX01075682-1		AERX01075682.1	AERX01075682.1	NT_171204.1
oreNil2:AERX01075683-2	AERX01075683-2		AERX01075683.2	AERX01075683.2	NT_171205.1
oreNil2:AERX01075684-1	AERX01075684-1		AERX01075684.1	AERX01075684.1	NT_171206.1
oreNil2:AERX01075685-1	AERX01075685-1		AERX01075685.1	AERX01075685.1	NT_171207.1
oreNil2:AERX01075686-1	AERX01075686-1		AERX01075686.1	AERX01075686.1	NT_171208.1
oreNil2:AERX01075687-2	AERX01075687-2		AERX01075687.2	AERX01075687.2	NT_171209.1
oreNil2:AERX01075688-1	AERX01075688-1		AERX01075688.1	AERX01075688.1	NT_171210.1
oreNil2:AERX01075689-1	AERX01075689-1			AERX01075689.1	NT_171211.1
oreNil2:AERX01075690-2	AERX01075690-2		AERX01075690.2	AERX01075690.2	NT_171212.1
oreNil2:AERX01075691-2	AERX01075691-2		AERX01075691.2	AERX01075691.2	NT_171213.1
oreNil2:AERX01075692-1	AERX01075692-1		AERX01075692.1	AERX01075692.1	NT_171214.1
oreNil2:AERX01075693-2	AERX01075693-2		AERX01075693.2	AERX01075693.2	NT_171215.1
oreNil2:AERX01075694-1	AERX01075694-1		AERX01075694.1	AERX01075694.1	NT_171216.1
oreNil2:AERX01075695-1	AERX01075695-1		AERX01075695.1	AERX01075695.1	NT_171217.1
oreNil2:AERX01075696-1	AERX01075696-1		AERX01075696.1	AERX01075696.1	NT_171218.1
oreNil2:AERX01075697-1	AERX01075697-1		AERX01075697.1	AERX01075697.1	NT_171219.1
oreNil2:AERX01075698-1	AERX01075698-1		AERX01075698.1	AERX01075698.1	NT_171220.1
oreNil2:AERX01075699-1	AERX01075699-1		AERX01075699.1	AERX01075699.1	NT_171221.1
oreNil2:AERX01075700-2	AERX01075700-2		AERX01075700.2	AERX01075700.2	NT_171222.1
oreNil2:AERX01075701-1	AERX01075701-1		AERX01075701.1	AERX01075701.1	NT_171223.1
oreNil2:AERX01075702-2	AERX01075702-2		AERX01075702.2	AERX01075702.2	NT_171224.1
oreNil2:AERX01075703-1	AERX01075703-1		AERX01075703.1	AERX01075703.1	NT_171225.1
oreNil2:AERX01075704-1	AERX01075704-1		AERX01075704.1	AERX01075704.1	NT_171226.1
oreNil2:AERX01075705-1	AERX01075705-1			AERX01075705.1	NT_171227.1
oreNil2:AERX01075706-1	AERX01075706-1		AERX01075706.1	AERX01075706.1	NT_171228.1
oreNil2:AERX01075707-2	AERX01075707-2		AERX01075707.2	AERX01075707.2	NT_171229.1
oreNil2:AERX01075708-1	AERX01075708-1		AERX01075708.1	AERX01075708.1	NT_171230.1
oreNil2:AERX01075709-1	AERX01075709-1		AERX01075709.1	AERX01075709.1	NT_171231.1
oreNil2:AERX01075710-1	AERX01075710-1		AERX01075710.1	AERX01075710.1	NT_171232.1
oreNil2:AERX01075711-1	AERX01075711-1		AERX01075711.1	AERX01075711.1	NT_171233.1
oreNil2:AERX01075712-1	AERX01075712-1		AERX01075712.1	AERX01075712.1	NT_171234.1
oreNil2:AERX01075713-1	AERX01075713-1		AERX01075713.1	AERX01075713.1	NT_171235.1
oreNil2:AERX01075714-1	AERX01075714-1		AERX01075714.1	AERX01075714.1	NT_171236.1
oreNil2:AERX01075715-2	AERX01075715-2		AERX01075715.2	AERX01075715.2	NT_171237.1
oreNil2:AERX01075716-1	AERX01075716-1		AERX01075716.1	AERX01075716.1	NT_171238.1
oreNil2:AERX01075717-1	AERX01075717-1		AERX01075717.1	AERX01075717.1	NT_171239.1
oreNil2:AERX01075718-1	AERX01075718-1		AERX01075718.1	AERX01075718.1	NT_171240.1
oreNil2:AERX01075719-2	AERX01075719-2		AERX01075719.2	AERX01075719.2	NT_171241.1
oreNil2:AERX01075720-2	AERX01075720-2		AERX01075720.2	AERX01075720.2	NT_171242.1
oreNil2:AERX01075721-1	AERX01075721-1		AERX01075721.1	AERX01075721.1	NT_171243.1
oreNil2:AERX01075722-2	AERX01075722-2		AERX01075722.2	AERX01075722.2	NT_171244.1
oreNil2:AERX01075723-1	AERX01075723-1		AERX01075723.1	AERX01075723.1	NT_171245.1
oreNil2:AERX01075724-1	AERX01075724-1		AERX01075724.1	AERX01075724.1	NT_171246.1
oreNil2:AERX01075725-2	AERX01075725-2		AERX01075725.2	AERX01075725.2	NT_171247.1
oreNil2:AERX01075726-2	AERX01075726-2		AERX01075726.2	AERX01075726.2	NT_171248.1
oreNil2:AERX01075727-1	AERX01075727-1		AERX01075727.1	AERX01075727.1	NT_171249.1
oreNil2:AERX01075728-1	AERX01075728-1		AERX01075728.1	AERX01075728.1	NT_171250.1
oreNil2:AERX01075729-2	AERX01075729-2		AERX01075729.2	AERX01075729.2	NT_171251.1
oreNil2:AERX01075730-1	AERX01075730-1		AERX01075730.1	AERX01075730.1	NT_171252.1
oreNil2:AERX01075731-1	AERX01075731-1		AERX01075731.1	AERX01075731.1	NT_171253.1
oreNil2:AERX01075732-2	AERX01075732-2		AERX01075732.2	AERX01075732.2	NT_171254.1
oreNil2:AERX01075733-2	AERX01075733-2		AERX01075733.2	AERX01075733.2	NT_171255.1
oreNil2:AERX01075734-2	AERX01075734-2		AERX01075734.2	AERX01075734.2	NT_171256.1
oreNil2:AERX01075735-2	AERX01075735-2		AERX01075735.2	AERX01075735.2	NT_171257.1
oreNil2:AERX01075736-1	AERX01075736-1		AERX01075736.1	AERX01075736.1	NT_171258.1
oreNil2:AERX01075737-1	AERX01075737-1		AERX01075737.1	AERX01075737.1	NT_171259.1
oreNil2:AERX01075738-2	AERX01075738-2		AERX01075738.2	AERX01075738.2	NT_171260.1
oreNil2:AERX01075739-1	AERX01075739-1			AERX01075739.1	NT_171261.1
oreNil2:AERX01075740-2	AERX01075740-2		AERX01075740.2	AERX01075740.2	NT_171262.1
oreNil2:AERX01075741-1	AERX01075741-1		AERX01075741.1	AERX01075741.1	NT_171263.1
oreNil2:AERX01075742-2	AERX01075742-2		AERX01075742.2	AERX01075742.2	NT_171264.1
oreNil2:AERX01075743-2	AERX01075743-2		AERX01075743.2	AERX01075743.2	NT_171265.1
oreNil2:AERX01075744-2	AERX01075744-2		AERX01075744.2	AERX01075744.2	NT_171266.1
oreNil2:AERX01075745-2	AERX01075745-2		AERX01075745.2	AERX01075745.2	NT_171267.1
oreNil2:AERX01075746-2	AERX01075746-2		AERX01075746.2	AERX01075746.2	NT_171268.1
oreNil2:AERX01075747-2	AERX01075747-2		AERX01075747.2	AERX01075747.2	NT_171269.1
oreNil2:AERX01075748-2	AERX01075748-2		AERX01075748.2	AERX01075748.2	NT_171270.1
oreNil2:AERX01075749-2	AERX01075749-2		AERX01075749.2	AERX01075749.2	NT_171271.1
oreNil2:AERX01075750-2	AERX01075750-2		AERX01075750.2	AERX01075750.2	NT_171272.1
oreNil2:AERX01075751-2	AERX01075751-2		AERX01075751.2	AERX01075751.2	NT_171273.1
oreNil2:AERX01075752-1	AERX01075752-1		AERX01075752.1	AERX01075752.1	NT_171274.1
oreNil2:AERX01075753-1	AERX01075753-1		AERX01075753.1	AERX01075753.1	NT_171275.1
oreNil2:AERX01075754-1	AERX01075754-1		AERX01075754.1	AERX01075754.1	NT_171276.1
oreNil2:AERX01075755-1	AERX01075755-1		AERX01075755.1	AERX01075755.1	NT_171277.1
oreNil2:AERX01075756-1	AERX01075756-1		AERX01075756.1	AERX01075756.1	NT_171278.1
oreNil2:AERX01075757-1	AERX01075757-1		AERX01075757.1	AERX01075757.1	NT_171279.1
oreNil2:AERX01075758-2	AERX01075758-2		AERX01075758.2	AERX01075758.2	NT_171280.1
oreNil2:AERX01075759-1	AERX01075759-1		AERX01075759.1	AERX01075759.1	NT_171281.1
oreNil2:AERX01075760-1	AERX01075760-1		AERX01075760.1	AERX01075760.1	NT_171282.1
oreNil2:AERX01075761-1	AERX01075761-1		AERX01075761.1	AERX01075761.1	NT_171283.1
oreNil2:AERX01075762-1	AERX01075762-1		AERX01075762.1	AERX01075762.1	NT_171284.1
oreNil2:AERX01075763-2	AERX01075763-2		AERX01075763.2	AERX01075763.2	NT_171285.1
oreNil2:AERX01075764-1	AERX01075764-1		AERX01075764.1	AERX01075764.1	NT_171286.1
oreNil2:AERX01075765-1	AERX01075765-1		AERX01075765.1	AERX01075765.1	NT_171287.1
oreNil2:AERX01075766-1	AERX01075766-1		AERX01075766.1	AERX01075766.1	NT_171288.1
oreNil2:AERX01075767-2	AERX01075767-2		AERX01075767.2	AERX01075767.2	NT_171289.1
oreNil2:AERX01075768-2	AERX01075768-2		AERX01075768.2	AERX01075768.2	NT_171290.1
oreNil2:AERX01075769-2	AERX01075769-2		AERX01075769.2	AERX01075769.2	NT_171291.1
oreNil2:AERX01075770-1	AERX01075770-1		AERX01075770.1	AERX01075770.1	NT_171292.1
oreNil2:AERX01075771-1	AERX01075771-1			AERX01075771.1	NT_171293.1
oreNil2:AERX01075772-1	AERX01075772-1		AERX01075772.1	AERX01075772.1	NT_171294.1
oreNil2:AERX01075773-1	AERX01075773-1		AERX01075773.1	AERX01075773.1	NT_171295.1
oreNil2:AERX01075774-2	AERX01075774-2		AERX01075774.2	AERX01075774.2	NT_171296.1
oreNil2:AERX01075775-2	AERX01075775-2		AERX01075775.2	AERX01075775.2	NT_171297.1
oreNil2:AERX01075776-2	AERX01075776-2		AERX01075776.2	AERX01075776.2	NT_171298.1
oreNil2:AERX01075777-1	AERX01075777-1		AERX01075777.1	AERX01075777.1	NT_171299.1
oreNil2:AERX01075778-1	AERX01075778-1			AERX01075778.1	NT_171300.1
oreNil2:AERX01075779-1	AERX01075779-1		AERX01075779.1	AERX01075779.1	NT_171301.1
oreNil2:AERX01075780-2	AERX01075780-2		AERX01075780.2	AERX01075780.2	NT_171302.1
oreNil2:AERX01075781-2	AERX01075781-2		AERX01075781.2	AERX01075781.2	NT_171303.1
oreNil2:AERX01075782-1	AERX01075782-1		AERX01075782.1	AERX01075782.1	NT_171304.1
oreNil2:AERX01075783-2	AERX01075783-2		AERX01075783.2	AERX01075783.2	NT_171305.1
oreNil2:AERX01075784-1	AERX01075784-1		AERX01075784.1	AERX01075784.1	NT_171306.1
oreNil2:AERX01075785-1	AERX01075785-1		AERX01075785.1	AERX01075785.1	NT_171307.1
oreNil2:AERX01075786-1	AERX01075786-1		AERX01075786.1	AERX01075786.1	NT_171308.1
oreNil2:AERX01075787-2	AERX01075787-2		AERX01075787.2	AERX01075787.2	NT_171309.1
oreNil2:AERX01075788-2	AERX01075788-2		AERX01075788.2	AERX01075788.2	NT_171310.1
oreNil2:AERX01075789-1	AERX01075789-1		AERX01075789.1	AERX01075789.1	NT_171311.1
oreNil2:AERX01075790-1	AERX01075790-1		AERX01075790.1	AERX01075790.1	NT_171312.1
oreNil2:AERX01075791-2	AERX01075791-2		AERX01075791.2	AERX01075791.2	NT_171313.1
oreNil2:AERX01075792-1	AERX01075792-1		AERX01075792.1	AERX01075792.1	NT_171314.1
oreNil2:AERX01075793-1	AERX01075793-1		AERX01075793.1	AERX01075793.1	NT_171315.1
oreNil2:AERX01075794-1	AERX01075794-1		AERX01075794.1	AERX01075794.1	NT_171316.1
oreNil2:AERX01075795-1	AERX01075795-1		AERX01075795.1	AERX01075795.1	NT_171317.1
oreNil2:AERX01075796-1	AERX01075796-1		AERX01075796.1	AERX01075796.1	NT_171318.1
oreNil2:AERX01075797-2	AERX01075797-2		AERX01075797.2	AERX01075797.2	NT_171319.1
oreNil2:AERX01075798-2	AERX01075798-2		AERX01075798.2	AERX01075798.2	NT_171320.1
oreNil2:AERX01075799-1	AERX01075799-1		AERX01075799.1	AERX01075799.1	NT_171321.1
oreNil2:AERX01075800-1	AERX01075800-1		AERX01075800.1	AERX01075800.1	NT_171322.1
oreNil2:AERX01075801-1	AERX01075801-1		AERX01075801.1	AERX01075801.1	NT_171323.1
oreNil2:AERX01075802-2	AERX01075802-2		AERX01075802.2	AERX01075802.2	NT_171324.1
oreNil2:AERX01075803-2	AERX01075803-2		AERX01075803.2	AERX01075803.2	NT_171325.1
oreNil2:AERX01075804-1	AERX01075804-1		AERX01075804.1	AERX01075804.1	NT_171326.1
oreNil2:AERX01075805-2	AERX01075805-2		AERX01075805.2	AERX01075805.2	NT_171327.1
oreNil2:AERX01075806-1	AERX01075806-1			AERX01075806.1	NT_171328.1
oreNil2:AERX01075807-1	AERX01075807-1		AERX01075807.1	AERX01075807.1	NT_171329.1
oreNil2:AERX01075808-1	AERX01075808-1		AERX01075808.1	AERX01075808.1	NT_171330.1
oreNil2:AERX01075809-2	AERX01075809-2		AERX01075809.2	AERX01075809.2	NT_171331.1
oreNil2:AERX01075810-1	AERX01075810-1		AERX01075810.1	AERX01075810.1	NT_171332.1
oreNil2:AERX01075811-1	AERX01075811-1		AERX01075811.1	AERX01075811.1	NT_171333.1
oreNil2:AERX01075812-1	AERX01075812-1		AERX01075812.1	AERX01075812.1	NT_171334.1
oreNil2:AERX01075813-2	AERX01075813-2		AERX01075813.2	AERX01075813.2	NT_171335.1
oreNil2:AERX01075814-1	AERX01075814-1		AERX01075814.1	AERX01075814.1	NT_171336.1
oreNil2:AERX01075815-2	AERX01075815-2		AERX01075815.2	AERX01075815.2	NT_171337.1
oreNil2:AERX01075816-1	AERX01075816-1		AERX01075816.1	AERX01075816.1	NT_171338.1
oreNil2:AERX01075817-1	AERX01075817-1		AERX01075817.1	AERX01075817.1	NT_171339.1
oreNil2:AERX01075818-1	AERX01075818-1		AERX01075818.1	AERX01075818.1	NT_171340.1
oreNil2:AERX01075819-1	AERX01075819-1		AERX01075819.1	AERX01075819.1	NT_171341.1
oreNil2:AERX01075820-1	AERX01075820-1		AERX01075820.1	AERX01075820.1	NT_171342.1
oreNil2:AERX01075821-1	AERX01075821-1		AERX01075821.1	AERX01075821.1	NT_171343.1
oreNil2:AERX01075822-2	AERX01075822-2		AERX01075822.2	AERX01075822.2	NT_171344.1
oreNil2:AERX01075823-2	AERX01075823-2		AERX01075823.2	AERX01075823.2	NT_171345.1
oreNil2:AERX01075824-2	AERX01075824-2		AERX01075824.2	AERX01075824.2	NT_171346.1
oreNil2:AERX01075825-2	AERX01075825-2		AERX01075825.2	AERX01075825.2	NT_171347.1
oreNil2:AERX01075826-1	AERX01075826-1		AERX01075826.1	AERX01075826.1	NT_171348.1
oreNil2:AERX01075827-2	AERX01075827-2		AERX01075827.2	AERX01075827.2	NT_171349.1
oreNil2:AERX01075828-2	AERX01075828-2		AERX01075828.2	AERX01075828.2	NT_171350.1
oreNil2:AERX01075829-2	AERX01075829-2		AERX01075829.2	AERX01075829.2	NT_171351.1
oreNil2:AERX01075830-2	AERX01075830-2		AERX01075830.2	AERX01075830.2	NT_171352.1
oreNil2:AERX01075831-1	AERX01075831-1		AERX01075831.1	AERX01075831.1	NT_171353.1
oreNil2:AERX01075832-1	AERX01075832-1		AERX01075832.1	AERX01075832.1	NT_171354.1
oreNil2:AERX01075833-2	AERX01075833-2		AERX01075833.2	AERX01075833.2	NT_171355.1
oreNil2:AERX01075834-1	AERX01075834-1		AERX01075834.1	AERX01075834.1	NT_171356.1
oreNil2:AERX01075835-2	AERX01075835-2		AERX01075835.2	AERX01075835.2	NT_171357.1
oreNil2:AERX01075836-1	AERX01075836-1		AERX01075836.1	AERX01075836.1	NT_171358.1
oreNil2:AERX01075837-1	AERX01075837-1		AERX01075837.1	AERX01075837.1	NT_171359.1
oreNil2:AERX01075838-2	AERX01075838-2		AERX01075838.2	AERX01075838.2	NT_171360.1
oreNil2:AERX01075839-1	AERX01075839-1		AERX01075839.1	AERX01075839.1	NT_171361.1
oreNil2:AERX01075840-2	AERX01075840-2		AERX01075840.2	AERX01075840.2	NT_171362.1
oreNil2:AERX01075841-1	AERX01075841-1		AERX01075841.1	AERX01075841.1	NT_171363.1
oreNil2:AERX01075842-1	AERX01075842-1		AERX01075842.1	AERX01075842.1	NT_171364.1
oreNil2:AERX01075843-2	AERX01075843-2		AERX01075843.2	AERX01075843.2	NT_171365.1
oreNil2:AERX01075844-2	AERX01075844-2		AERX01075844.2	AERX01075844.2	NT_171366.1
oreNil2:AERX01075845-1	AERX01075845-1		AERX01075845.1	AERX01075845.1	NT_171367.1
oreNil2:AERX01075846-2	AERX01075846-2		AERX01075846.2	AERX01075846.2	NT_171368.1
oreNil2:AERX01075847-1	AERX01075847-1		AERX01075847.1	AERX01075847.1	NT_171369.1
oreNil2:AERX01075848-1	AERX01075848-1		AERX01075848.1	AERX01075848.1	NT_171370.1
oreNil2:AERX01075849-1	AERX01075849-1		AERX01075849.1	AERX01075849.1	NT_171371.1
oreNil2:AERX01075850-1	AERX01075850-1		AERX01075850.1	AERX01075850.1	NT_171372.1
oreNil2:AERX01075851-2	AERX01075851-2		AERX01075851.2	AERX01075851.2	NT_171373.1
oreNil2:AERX01075852-2	AERX01075852-2		AERX01075852.2	AERX01075852.2	NT_171374.1
oreNil2:AERX01075853-1	AERX01075853-1		AERX01075853.1	AERX01075853.1	NT_171375.1
oreNil2:AERX01075854-2	AERX01075854-2		AERX01075854.2	AERX01075854.2	NT_171376.1
oreNil2:AERX01075855-2	AERX01075855-2		AERX01075855.2	AERX01075855.2	NT_171377.1
oreNil2:AERX01075856-1	AERX01075856-1		AERX01075856.1	AERX01075856.1	NT_171378.1
oreNil2:AERX01075857-2	AERX01075857-2		AERX01075857.2	AERX01075857.2	NT_171379.1
oreNil2:AERX01075858-1	AERX01075858-1		AERX01075858.1	AERX01075858.1	NT_171380.1
oreNil2:AERX01075859-2	AERX01075859-2		AERX01075859.2	AERX01075859.2	NT_171381.1
oreNil2:AERX01075860-2	AERX01075860-2		AERX01075860.2	AERX01075860.2	NT_171382.1
oreNil2:AERX01075861-1	AERX01075861-1		AERX01075861.1	AERX01075861.1	NT_171383.1
oreNil2:AERX01075862-2	AERX01075862-2		AERX01075862.2	AERX01075862.2	NT_171384.1
oreNil2:AERX01075863-1	AERX01075863-1		AERX01075863.1	AERX01075863.1	NT_171385.1
oreNil2:AERX01075864-1	AERX01075864-1		AERX01075864.1	AERX01075864.1	NT_171386.1
oreNil2:AERX01075865-1	AERX01075865-1		AERX01075865.1	AERX01075865.1	NT_171387.1
oreNil2:AERX01075866-1	AERX01075866-1		AERX01075866.1	AERX01075866.1	NT_171388.1
oreNil2:AERX01075867-1	AERX01075867-1		AERX01075867.1	AERX01075867.1	NT_171389.1
oreNil2:AERX01075868-2	AERX01075868-2		AERX01075868.2	AERX01075868.2	NT_171390.1
oreNil2:AERX01075869-1	AERX01075869-1		AERX01075869.1	AERX01075869.1	NT_171391.1
oreNil2:AERX01075870-2	AERX01075870-2		AERX01075870.2	AERX01075870.2	NT_171392.1
oreNil2:AERX01075871-2	AERX01075871-2		AERX01075871.2	AERX01075871.2	NT_171393.1
oreNil2:AERX01075872-1	AERX01075872-1		AERX01075872.1	AERX01075872.1	NT_171394.1
oreNil2:AERX01075873-1	AERX01075873-1		AERX01075873.1	AERX01075873.1	NT_171395.1
oreNil2:AERX01075874-2	AERX01075874-2		AERX01075874.2	AERX01075874.2	NT_171396.1
oreNil2:AERX01075875-2	AERX01075875-2		AERX01075875.2	AERX01075875.2	NT_171397.1
oreNil2:AERX01075876-1	AERX01075876-1		AERX01075876.1	AERX01075876.1	NT_171398.1
oreNil2:AERX01075877-1	AERX01075877-1		AERX01075877.1	AERX01075877.1	NT_171399.1
oreNil2:AERX01075878-2	AERX01075878-2		AERX01075878.2	AERX01075878.2	NT_171400.1
oreNil2:AERX01075879-1	AERX01075879-1		AERX01075879.1	AERX01075879.1	NT_171401.1
oreNil2:AERX01075880-1	AERX01075880-1		AERX01075880.1	AERX01075880.1	NT_171402.1
oreNil2:AERX01075881-1	AERX01075881-1		AERX01075881.1	AERX01075881.1	NT_171403.1
oreNil2:AERX01075882-1	AERX01075882-1		AERX01075882.1	AERX01075882.1	NT_171404.1
oreNil2:AERX01075883-1	AERX01075883-1		AERX01075883.1	AERX01075883.1	NT_171405.1
oreNil2:AERX01075884-2	AERX01075884-2		AERX01075884.2	AERX01075884.2	NT_171406.1
oreNil2:AERX01075885-1	AERX01075885-1		AERX01075885.1	AERX01075885.1	NT_171407.1
oreNil2:AERX01075886-1	AERX01075886-1		AERX01075886.1	AERX01075886.1	NT_171408.1
oreNil2:AERX01075887-2	AERX01075887-2		AERX01075887.2	AERX01075887.2	NT_171409.1
oreNil2:AERX01075888-1	AERX01075888-1		AERX01075888.1	AERX01075888.1	NT_171410.1
oreNil2:AERX01075889-1	AERX01075889-1			AERX01075889.1	NT_171411.1
oreNil2:AERX01075890-1	AERX01075890-1		AERX01075890.1	AERX01075890.1	NT_171412.1
oreNil2:AERX01075891-1	AERX01075891-1		AERX01075891.1	AERX01075891.1	NT_171413.1
oreNil2:AERX01075892-1	AERX01075892-1		AERX01075892.1	AERX01075892.1	NT_171414.1
oreNil2:AERX01075893-2	AERX01075893-2		AERX01075893.2	AERX01075893.2	NT_171415.1
oreNil2:AERX01075894-2	AERX01075894-2		AERX01075894.2	AERX01075894.2	NT_171416.1
oreNil2:AERX01075895-2	AERX01075895-2		AERX01075895.2	AERX01075895.2	NT_171417.1
oreNil2:AERX01075896-1	AERX01075896-1		AERX01075896.1	AERX01075896.1	NT_171418.1
oreNil2:AERX01075897-2	AERX01075897-2		AERX01075897.2	AERX01075897.2	NT_171419.1
oreNil2:AERX01075898-1	AERX01075898-1		AERX01075898.1	AERX01075898.1	NT_171420.1
oreNil2:AERX01075899-2	AERX01075899-2		AERX01075899.2	AERX01075899.2	NT_171421.1
oreNil2:AERX01075900-1	AERX01075900-1		AERX01075900.1	AERX01075900.1	NT_171422.1
oreNil2:AERX01075901-1	AERX01075901-1		AERX01075901.1	AERX01075901.1	NT_171423.1
oreNil2:AERX01075902-1	AERX01075902-1		AERX01075902.1	AERX01075902.1	NT_171424.1
oreNil2:AERX01075903-1	AERX01075903-1		AERX01075903.1	AERX01075903.1	NT_171425.1
oreNil2:AERX01075904-1	AERX01075904-1		AERX01075904.1	AERX01075904.1	NT_171426.1
oreNil2:AERX01075905-1	AERX01075905-1		AERX01075905.1	AERX01075905.1	NT_171427.1
oreNil2:AERX01075906-2	AERX01075906-2		AERX01075906.2	AERX01075906.2	NT_171428.1
oreNil2:AERX01075907-2	AERX01075907-2		AERX01075907.2	AERX01075907.2	NT_171429.1
oreNil2:AERX01075908-2	AERX01075908-2		AERX01075908.2	AERX01075908.2	NT_171430.1
oreNil2:AERX01075909-1	AERX01075909-1		AERX01075909.1	AERX01075909.1	NT_171431.1
oreNil2:AERX01075910-1	AERX01075910-1		AERX01075910.1	AERX01075910.1	NT_171432.1
oreNil2:AERX01075911-2	AERX01075911-2		AERX01075911.2	AERX01075911.2	NT_171433.1
oreNil2:AERX01075912-2	AERX01075912-2		AERX01075912.2	AERX01075912.2	NT_171434.1
oreNil2:AERX01075913-1	AERX01075913-1		AERX01075913.1	AERX01075913.1	NT_171435.1
oreNil2:AERX01075914-2	AERX01075914-2		AERX01075914.2	AERX01075914.2	NT_171436.1
oreNil2:AERX01075915-1	AERX01075915-1		AERX01075915.1	AERX01075915.1	NT_171437.1
oreNil2:AERX01075916-2	AERX01075916-2		AERX01075916.2	AERX01075916.2	NT_171438.1
oreNil2:AERX01075917-1	AERX01075917-1		AERX01075917.1	AERX01075917.1	NT_171439.1
oreNil2:AERX01075918-2	AERX01075918-2		AERX01075918.2	AERX01075918.2	NT_171440.1
oreNil2:AERX01075919-1	AERX01075919-1		AERX01075919.1	AERX01075919.1	NT_171441.1
oreNil2:AERX01075920-1	AERX01075920-1		AERX01075920.1	AERX01075920.1	NT_171442.1
oreNil2:AERX01075921-1	AERX01075921-1		AERX01075921.1	AERX01075921.1	NT_171443.1
oreNil2:AERX01075922-2	AERX01075922-2		AERX01075922.2	AERX01075922.2	NT_171444.1
oreNil2:AERX01075923-2	AERX01075923-2		AERX01075923.2	AERX01075923.2	NT_171445.1
oreNil2:AERX01075924-2	AERX01075924-2		AERX01075924.2	AERX01075924.2	NT_171446.1
oreNil2:AERX01075925-2	AERX01075925-2		AERX01075925.2	AERX01075925.2	NT_171447.1
oreNil2:AERX01075926-1	AERX01075926-1		AERX01075926.1	AERX01075926.1	NT_171448.1
oreNil2:AERX01075927-2	AERX01075927-2		AERX01075927.2	AERX01075927.2	NT_171449.1
oreNil2:AERX01075928-1	AERX01075928-1		AERX01075928.1	AERX01075928.1	NT_171450.1
oreNil2:AERX01075929-2	AERX01075929-2		AERX01075929.2	AERX01075929.2	NT_171451.1
oreNil2:AERX01075930-2	AERX01075930-2		AERX01075930.2	AERX01075930.2	NT_171452.1
oreNil2:AERX01075931-2	AERX01075931-2		AERX01075931.2	AERX01075931.2	NT_171453.1
oreNil2:AERX01075932-2	AERX01075932-2		AERX01075932.2	AERX01075932.2	NT_171454.1
oreNil2:AERX01075933-1	AERX01075933-1		AERX01075933.1	AERX01075933.1	NT_171455.1
oreNil2:AERX01075934-1	AERX01075934-1		AERX01075934.1	AERX01075934.1	NT_171456.1
oreNil2:AERX01075935-2	AERX01075935-2		AERX01075935.2	AERX01075935.2	NT_171457.1
oreNil2:AERX01075936-1	AERX01075936-1		AERX01075936.1	AERX01075936.1	NT_171458.1
oreNil2:AERX01075937-2	AERX01075937-2		AERX01075937.2	AERX01075937.2	NT_171459.1
oreNil2:AERX01075938-2	AERX01075938-2		AERX01075938.2	AERX01075938.2	NT_171460.1
oreNil2:AERX01075939-1	AERX01075939-1		AERX01075939.1	AERX01075939.1	NT_171461.1
oreNil2:AERX01075940-2	AERX01075940-2		AERX01075940.2	AERX01075940.2	NT_171462.1
oreNil2:AERX01075941-1	AERX01075941-1		AERX01075941.1	AERX01075941.1	NT_171463.1
oreNil2:AERX01075942-1	AERX01075942-1		AERX01075942.1	AERX01075942.1	NT_171464.1
oreNil2:AERX01075943-1	AERX01075943-1		AERX01075943.1	AERX01075943.1	NT_171465.1
oreNil2:AERX01075944-2	AERX01075944-2		AERX01075944.2	AERX01075944.2	NT_171466.1
oreNil2:AERX01075945-2	AERX01075945-2		AERX01075945.2	AERX01075945.2	NT_171467.1
oreNil2:AERX01075946-1	AERX01075946-1		AERX01075946.1	AERX01075946.1	NT_171468.1
oreNil2:AERX01075947-1	AERX01075947-1		AERX01075947.1	AERX01075947.1	NT_171469.1
oreNil2:AERX01075948-1	AERX01075948-1		AERX01075948.1	AERX01075948.1	NT_171470.1
oreNil2:AERX01075949-2	AERX01075949-2		AERX01075949.2	AERX01075949.2	NT_171471.1
oreNil2:AERX01075950-1	AERX01075950-1		AERX01075950.1	AERX01075950.1	NT_171472.1
oreNil2:AERX01075951-1	AERX01075951-1		AERX01075951.1	AERX01075951.1	NT_171473.1
oreNil2:AERX01075952-1	AERX01075952-1		AERX01075952.1	AERX01075952.1	NT_171474.1
oreNil2:AERX01075954-1	AERX01075954-1		AERX01075954.1	AERX01075954.1	NT_171476.1
oreNil2:AERX01075955-2	AERX01075955-2		AERX01075955.2	AERX01075955.2	NT_171477.1
oreNil2:AERX01075956-1	AERX01075956-1		AERX01075956.1	AERX01075956.1	NT_171478.1
oreNil2:AERX01075957-2	AERX01075957-2		AERX01075957.2	AERX01075957.2	NT_171479.1
oreNil2:AERX01075958-1	AERX01075958-1			AERX01075958.1	NT_171480.1
oreNil2:AERX01075959-1	AERX01075959-1		AERX01075959.1	AERX01075959.1	NT_171481.1
oreNil2:AERX01075960-1	AERX01075960-1		AERX01075960.1	AERX01075960.1	NT_171482.1
oreNil2:AERX01075961-2	AERX01075961-2		AERX01075961.2	AERX01075961.2	NT_171483.1
oreNil2:AERX01075962-2	AERX01075962-2		AERX01075962.2	AERX01075962.2	NT_171484.1
oreNil2:AERX01075963-1	AERX01075963-1		AERX01075963.1	AERX01075963.1	NT_171485.1
oreNil2:AERX01075964-1	AERX01075964-1		AERX01075964.1	AERX01075964.1	NT_171486.1
oreNil2:AERX01075965-1	AERX01075965-1		AERX01075965.1	AERX01075965.1	NT_171487.1
oreNil2:AERX01075966-1	AERX01075966-1		AERX01075966.1	AERX01075966.1	NT_171488.1
oreNil2:AERX01075967-2	AERX01075967-2		AERX01075967.2	AERX01075967.2	NT_171489.1
oreNil2:AERX01075968-1	AERX01075968-1		AERX01075968.1	AERX01075968.1	NT_171490.1
oreNil2:AERX01075969-2	AERX01075969-2		AERX01075969.2	AERX01075969.2	NT_171491.1
oreNil2:AERX01075970-2	AERX01075970-2		AERX01075970.2	AERX01075970.2	NT_171492.1
oreNil2:AERX01075971-2	AERX01075971-2		AERX01075971.2	AERX01075971.2	NT_171493.1
oreNil2:AERX01075972-1	AERX01075972-1		AERX01075972.1	AERX01075972.1	NT_171494.1
oreNil2:AERX01075973-2	AERX01075973-2		AERX01075973.2	AERX01075973.2	NT_171495.1
oreNil2:AERX01075974-1	AERX01075974-1		AERX01075974.1	AERX01075974.1	NT_171496.1
oreNil2:AERX01075975-1	AERX01075975-1		AERX01075975.1	AERX01075975.1	NT_171497.1
oreNil2:AERX01075976-1	AERX01075976-1		AERX01075976.1	AERX01075976.1	NT_171498.1
oreNil2:AERX01075977-1	AERX01075977-1		AERX01075977.1	AERX01075977.1	NT_171499.1
oreNil2:AERX01075978-2	AERX01075978-2		AERX01075978.2	AERX01075978.2	NT_171500.1
oreNil2:AERX01075979-1	AERX01075979-1		AERX01075979.1	AERX01075979.1	NT_171501.1
oreNil2:AERX01075980-1	AERX01075980-1		AERX01075980.1	AERX01075980.1	NT_171502.1
oreNil2:AERX01075981-2	AERX01075981-2		AERX01075981.2	AERX01075981.2	NT_171503.1
oreNil2:AERX01075982-2	AERX01075982-2		AERX01075982.2	AERX01075982.2	NT_171504.1
oreNil2:AERX01075983-2	AERX01075983-2		AERX01075983.2	AERX01075983.2	NT_171505.1
oreNil2:AERX01075984-1	AERX01075984-1		AERX01075984.1	AERX01075984.1	NT_171506.1
oreNil2:AERX01075985-2	AERX01075985-2		AERX01075985.2	AERX01075985.2	NT_171507.1
oreNil2:AERX01075986-1	AERX01075986-1		AERX01075986.1	AERX01075986.1	NT_171508.1
oreNil2:AERX01075987-1	AERX01075987-1			AERX01075987.1	NT_171509.1
oreNil2:AERX01075988-1	AERX01075988-1		AERX01075988.1	AERX01075988.1	NT_171510.1
oreNil2:AERX01075989-2	AERX01075989-2		AERX01075989.2	AERX01075989.2	NT_171511.1
oreNil2:AERX01075990-1	AERX01075990-1		AERX01075990.1	AERX01075990.1	NT_171512.1
oreNil2:AERX01075991-2	AERX01075991-2		AERX01075991.2	AERX01075991.2	NT_171513.1
oreNil2:AERX01075992-1	AERX01075992-1		AERX01075992.1	AERX01075992.1	NT_171514.1
oreNil2:AERX01075993-2	AERX01075993-2		AERX01075993.2	AERX01075993.2	NT_171515.1
oreNil2:AERX01075994-1	AERX01075994-1		AERX01075994.1	AERX01075994.1	NT_171516.1
oreNil2:AERX01075995-1	AERX01075995-1			AERX01075995.1	NT_171517.1
oreNil2:AERX01075996-1	AERX01075996-1		AERX01075996.1	AERX01075996.1	NT_171518.1
oreNil2:AERX01075997-1	AERX01075997-1		AERX01075997.1	AERX01075997.1	NT_171519.1
oreNil2:AERX01075998-1	AERX01075998-1		AERX01075998.1	AERX01075998.1	NT_171520.1
oreNil2:AERX01075999-1	AERX01075999-1		AERX01075999.1	AERX01075999.1	NT_171521.1
oreNil2:AERX01076000-1	AERX01076000-1		AERX01076000.1	AERX01076000.1	NT_171522.1
oreNil2:AERX01076001-1	AERX01076001-1		AERX01076001.1	AERX01076001.1	NT_171523.1
oreNil2:AERX01076002-2	AERX01076002-2		AERX01076002.2	AERX01076002.2	NT_171524.1
oreNil2:AERX01076003-2	AERX01076003-2		AERX01076003.2	AERX01076003.2	NT_171525.1
oreNil2:AERX01076004-1	AERX01076004-1		AERX01076004.1	AERX01076004.1	NT_171526.1
oreNil2:AERX01076005-1	AERX01076005-1		AERX01076005.1	AERX01076005.1	NT_171527.1
oreNil2:AERX01076006-1	AERX01076006-1			AERX01076006.1	NT_171528.1
oreNil2:AERX01076007-2	AERX01076007-2		AERX01076007.2	AERX01076007.2	NT_171529.1
oreNil2:AERX01076008-1	AERX01076008-1		AERX01076008.1	AERX01076008.1	NT_171530.1
oreNil2:AERX01076009-2	AERX01076009-2		AERX01076009.2	AERX01076009.2	NT_171531.1
oreNil2:AERX01076010-2	AERX01076010-2		AERX01076010.2	AERX01076010.2	NT_171532.1
oreNil2:AERX01076011-2	AERX01076011-2		AERX01076011.2	AERX01076011.2	NT_171533.1
oreNil2:AERX01076012-2	AERX01076012-2		AERX01076012.2	AERX01076012.2	NT_171534.1
oreNil2:AERX01076013-2	AERX01076013-2		AERX01076013.2	AERX01076013.2	NT_171535.1
oreNil2:AERX01076014-1	AERX01076014-1		AERX01076014.1	AERX01076014.1	NT_171536.1
oreNil2:AERX01076015-1	AERX01076015-1		AERX01076015.1	AERX01076015.1	NT_171537.1
oreNil2:AERX01076016-1	AERX01076016-1		AERX01076016.1	AERX01076016.1	NT_171538.1
oreNil2:AERX01076017-1	AERX01076017-1		AERX01076017.1	AERX01076017.1	NT_171539.1
oreNil2:AERX01076018-2	AERX01076018-2		AERX01076018.2	AERX01076018.2	NT_171540.1
oreNil2:AERX01076019-1	AERX01076019-1		AERX01076019.1	AERX01076019.1	NT_171541.1
oreNil2:AERX01076020-2	AERX01076020-2		AERX01076020.2	AERX01076020.2	NT_171542.1
oreNil2:AERX01076021-2	AERX01076021-2		AERX01076021.2	AERX01076021.2	NT_171543.1
oreNil2:AERX01076022-2	AERX01076022-2		AERX01076022.2	AERX01076022.2	NT_171544.1
oreNil2:AERX01076023-2	AERX01076023-2		AERX01076023.2	AERX01076023.2	NT_171545.1
oreNil2:AERX01076024-2	AERX01076024-2		AERX01076024.2	AERX01076024.2	NT_171546.1
oreNil2:AERX01076025-2	AERX01076025-2		AERX01076025.2	AERX01076025.2	NT_171547.1
oreNil2:AERX01076026-2	AERX01076026-2		AERX01076026.2	AERX01076026.2	NT_171548.1
oreNil2:AERX01076027-2	AERX01076027-2		AERX01076027.2	AERX01076027.2	NT_171549.1
oreNil2:AERX01076028-1	AERX01076028-1		AERX01076028.1	AERX01076028.1	NT_171550.1
oreNil2:AERX01076029-1	AERX01076029-1		AERX01076029.1	AERX01076029.1	NT_171551.1
oreNil2:AERX01076030-1	AERX01076030-1		AERX01076030.1	AERX01076030.1	NT_171552.1
oreNil2:AERX01076031-1	AERX01076031-1		AERX01076031.1	AERX01076031.1	NT_171553.1
oreNil2:AERX01076032-2	AERX01076032-2		AERX01076032.2	AERX01076032.2	NT_171554.1
oreNil2:AERX01076033-2	AERX01076033-2		AERX01076033.2	AERX01076033.2	NT_171555.1
oreNil2:AERX01076034-2	AERX01076034-2		AERX01076034.2	AERX01076034.2	NT_171556.1
oreNil2:AERX01076035-2	AERX01076035-2		AERX01076035.2	AERX01076035.2	NT_171557.1
oreNil2:AERX01076036-1	AERX01076036-1		AERX01076036.1	AERX01076036.1	NT_171558.1
oreNil2:AERX01076037-1	AERX01076037-1		AERX01076037.1	AERX01076037.1	NT_171559.1
oreNil2:AERX01076038-1	AERX01076038-1		AERX01076038.1	AERX01076038.1	NT_171560.1
oreNil2:AERX01076039-1	AERX01076039-1		AERX01076039.1	AERX01076039.1	NT_171561.1
oreNil2:AERX01076040-1	AERX01076040-1		AERX01076040.1	AERX01076040.1	NT_171562.1
oreNil2:AERX01076041-1	AERX01076041-1		AERX01076041.1	AERX01076041.1	NT_171563.1
oreNil2:AERX01076042-2	AERX01076042-2		AERX01076042.2	AERX01076042.2	NT_171564.1
oreNil2:AERX01076043-1	AERX01076043-1		AERX01076043.1	AERX01076043.1	NT_171565.1
oreNil2:AERX01076044-1	AERX01076044-1		AERX01076044.1	AERX01076044.1	NT_171566.1
oreNil2:AERX01076045-2	AERX01076045-2		AERX01076045.2	AERX01076045.2	NT_171567.1
oreNil2:AERX01076046-1	AERX01076046-1		AERX01076046.1	AERX01076046.1	NT_171568.1
oreNil2:AERX01076047-1	AERX01076047-1			AERX01076047.1	NT_171569.1
oreNil2:AERX01076048-1	AERX01076048-1		AERX01076048.1	AERX01076048.1	NT_171570.1
oreNil2:AERX01076049-1	AERX01076049-1			AERX01076049.1	NT_171571.1
oreNil2:AERX01076050-2	AERX01076050-2		AERX01076050.2	AERX01076050.2	NT_171572.1
oreNil2:AERX01076051-2	AERX01076051-2		AERX01076051.2	AERX01076051.2	NT_171573.1
oreNil2:AERX01076052-1	AERX01076052-1		AERX01076052.1	AERX01076052.1	NT_171574.1
oreNil2:AERX01076053-2	AERX01076053-2		AERX01076053.2	AERX01076053.2	NT_171575.1
oreNil2:AERX01076054-1	AERX01076054-1		AERX01076054.1	AERX01076054.1	NT_171576.1
oreNil2:AERX01076055-1	AERX01076055-1		AERX01076055.1	AERX01076055.1	NT_171577.1
oreNil2:AERX01076056-2	AERX01076056-2		AERX01076056.2	AERX01076056.2	NT_171578.1
oreNil2:AERX01076057-1	AERX01076057-1		AERX01076057.1	AERX01076057.1	NT_171579.1
oreNil2:AERX01076058-1	AERX01076058-1		AERX01076058.1	AERX01076058.1	NT_171580.1
oreNil2:AERX01076059-2	AERX01076059-2		AERX01076059.2	AERX01076059.2	NT_171581.1
oreNil2:AERX01076060-1	AERX01076060-1		AERX01076060.1	AERX01076060.1	NT_171582.1
oreNil2:AERX01076061-2	AERX01076061-2		AERX01076061.2	AERX01076061.2	NT_171583.1
oreNil2:AERX01076062-2	AERX01076062-2		AERX01076062.2	AERX01076062.2	NT_171584.1
oreNil2:AERX01076063-1	AERX01076063-1		AERX01076063.1	AERX01076063.1	NT_171585.1
oreNil2:AERX01076064-1	AERX01076064-1		AERX01076064.1	AERX01076064.1	NT_171586.1
oreNil2:AERX01076065-2	AERX01076065-2		AERX01076065.2	AERX01076065.2	NT_171587.1
oreNil2:AERX01076066-2	AERX01076066-2		AERX01076066.2	AERX01076066.2	NT_171588.1
oreNil2:AERX01076067-1	AERX01076067-1		AERX01076067.1	AERX01076067.1	NT_171589.1
oreNil2:AERX01076068-1	AERX01076068-1		AERX01076068.1	AERX01076068.1	NT_171590.1
oreNil2:AERX01076069-2	AERX01076069-2		AERX01076069.2	AERX01076069.2	NT_171591.1
oreNil2:AERX01076070-2	AERX01076070-2		AERX01076070.2	AERX01076070.2	NT_171592.1
oreNil2:AERX01076071-2	AERX01076071-2		AERX01076071.2	AERX01076071.2	NT_171593.1
oreNil2:AERX01076072-2	AERX01076072-2		AERX01076072.2	AERX01076072.2	NT_171594.1
oreNil2:AERX01076073-2	AERX01076073-2		AERX01076073.2	AERX01076073.2	NT_171595.1
oreNil2:AERX01076074-1	AERX01076074-1		AERX01076074.1	AERX01076074.1	NT_171596.1
oreNil2:AERX01076075-1	AERX01076075-1		AERX01076075.1	AERX01076075.1	NT_171597.1
oreNil2:AERX01076076-1	AERX01076076-1		AERX01076076.1	AERX01076076.1	NT_171598.1
oreNil2:AERX01076077-1	AERX01076077-1		AERX01076077.1	AERX01076077.1	NT_171599.1
oreNil2:AERX01076078-2	AERX01076078-2		AERX01076078.2	AERX01076078.2	NT_171600.1
oreNil2:AERX01076079-1	AERX01076079-1		AERX01076079.1	AERX01076079.1	NT_171601.1
oreNil2:AERX01076080-1	AERX01076080-1		AERX01076080.1	AERX01076080.1	NT_171602.1
oreNil2:AERX01076081-2	AERX01076081-2		AERX01076081.2	AERX01076081.2	NT_171603.1
oreNil2:AERX01076082-1	AERX01076082-1		AERX01076082.1	AERX01076082.1	NT_171604.1
oreNil2:AERX01076083-2	AERX01076083-2		AERX01076083.2	AERX01076083.2	NT_171605.1
oreNil2:AERX01076084-1	AERX01076084-1		AERX01076084.1	AERX01076084.1	NT_171606.1
oreNil2:AERX01076085-2	AERX01076085-2		AERX01076085.2	AERX01076085.2	NT_171607.1
oreNil2:AERX01076086-2	AERX01076086-2		AERX01076086.2	AERX01076086.2	NT_171608.1
oreNil2:AERX01076087-2	AERX01076087-2		AERX01076087.2	AERX01076087.2	NT_171609.1
oreNil2:AERX01076088-1	AERX01076088-1		AERX01076088.1	AERX01076088.1	NT_171610.1
oreNil2:AERX01076089-2	AERX01076089-2		AERX01076089.2	AERX01076089.2	NT_171611.1
oreNil2:AERX01076090-1	AERX01076090-1		AERX01076090.1	AERX01076090.1	NT_171612.1
oreNil2:AERX01076091-2	AERX01076091-2		AERX01076091.2	AERX01076091.2	NT_171613.1
oreNil2:AERX01076092-1	AERX01076092-1		AERX01076092.1	AERX01076092.1	NT_171614.1
oreNil2:AERX01076093-1	AERX01076093-1			AERX01076093.1	NT_171615.1
oreNil2:AERX01076094-2	AERX01076094-2		AERX01076094.2	AERX01076094.2	NT_171616.1
oreNil2:AERX01076095-2	AERX01076095-2		AERX01076095.2	AERX01076095.2	NT_171617.1
oreNil2:AERX01076096-1	AERX01076096-1		AERX01076096.1	AERX01076096.1	NT_171618.1
oreNil2:AERX01076097-1	AERX01076097-1		AERX01076097.1	AERX01076097.1	NT_171619.1
oreNil2:AERX01076098-1	AERX01076098-1		AERX01076098.1	AERX01076098.1	NT_171620.1
oreNil2:AERX01076099-1	AERX01076099-1		AERX01076099.1	AERX01076099.1	NT_171621.1
oreNil2:AERX01076100-1	AERX01076100-1		AERX01076100.1	AERX01076100.1	NT_171622.1
oreNil2:AERX01076101-1	AERX01076101-1		AERX01076101.1	AERX01076101.1	NT_171623.1
oreNil2:AERX01076102-1	AERX01076102-1		AERX01076102.1	AERX01076102.1	NT_171624.1
oreNil2:AERX01076103-1	AERX01076103-1		AERX01076103.1	AERX01076103.1	NT_171625.1
oreNil2:AERX01076104-2	AERX01076104-2		AERX01076104.2	AERX01076104.2	NT_171626.1
oreNil2:AERX01076105-2	AERX01076105-2		AERX01076105.2	AERX01076105.2	NT_171627.1
oreNil2:AERX01076106-1	AERX01076106-1		AERX01076106.1	AERX01076106.1	NT_171628.1
oreNil2:AERX01076107-1	AERX01076107-1		AERX01076107.1	AERX01076107.1	NT_171629.1
oreNil2:AERX01076108-2	AERX01076108-2		AERX01076108.2	AERX01076108.2	NT_171630.1
oreNil2:AERX01076109-1	AERX01076109-1		AERX01076109.1	AERX01076109.1	NT_171631.1
oreNil2:AERX01076110-2	AERX01076110-2		AERX01076110.2	AERX01076110.2	NT_171632.1
oreNil2:AERX01076111-1	AERX01076111-1		AERX01076111.1	AERX01076111.1	NT_171633.1
oreNil2:AERX01076112-1	AERX01076112-1			AERX01076112.1	NT_171634.1
oreNil2:AERX01076113-1	AERX01076113-1		AERX01076113.1	AERX01076113.1	NT_171635.1
oreNil2:AERX01076114-2	AERX01076114-2		AERX01076114.2	AERX01076114.2	NT_171636.1
oreNil2:AERX01076115-2	AERX01076115-2		AERX01076115.2	AERX01076115.2	NT_171637.1
oreNil2:AERX01076116-1	AERX01076116-1		AERX01076116.1	AERX01076116.1	NT_171638.1
oreNil2:AERX01076117-2	AERX01076117-2		AERX01076117.2	AERX01076117.2	NT_171639.1
oreNil2:AERX01076118-1	AERX01076118-1		AERX01076118.1	AERX01076118.1	NT_171640.1
oreNil2:AERX01076119-2	AERX01076119-2		AERX01076119.2	AERX01076119.2	NT_171641.1
oreNil2:AERX01076120-1	AERX01076120-1		AERX01076120.1	AERX01076120.1	NT_171642.1
oreNil2:AERX01076121-1	AERX01076121-1		AERX01076121.1	AERX01076121.1	NT_171643.1
oreNil2:AERX01076122-1	AERX01076122-1		AERX01076122.1	AERX01076122.1	NT_171644.1
oreNil2:AERX01076123-1	AERX01076123-1		AERX01076123.1	AERX01076123.1	NT_171645.1
oreNil2:AERX01076124-1	AERX01076124-1		AERX01076124.1	AERX01076124.1	NT_171646.1
oreNil2:AERX01076125-1	AERX01076125-1		AERX01076125.1	AERX01076125.1	NT_171647.1
oreNil2:AERX01076126-1	AERX01076126-1		AERX01076126.1	AERX01076126.1	NT_171648.1
oreNil2:AERX01076127-1	AERX01076127-1		AERX01076127.1	AERX01076127.1	NT_171649.1
oreNil2:AERX01076128-1	AERX01076128-1		AERX01076128.1	AERX01076128.1	NT_171650.1
oreNil2:AERX01076129-2	AERX01076129-2		AERX01076129.2	AERX01076129.2	NT_171651.1
oreNil2:AERX01076130-1	AERX01076130-1		AERX01076130.1	AERX01076130.1	NT_171652.1
oreNil2:AERX01076131-1	AERX01076131-1		AERX01076131.1	AERX01076131.1	NT_171653.1
oreNil2:AERX01076132-1	AERX01076132-1		AERX01076132.1	AERX01076132.1	NT_171654.1
oreNil2:AERX01076133-1	AERX01076133-1		AERX01076133.1	AERX01076133.1	NT_171655.1
oreNil2:AERX01076134-1	AERX01076134-1		AERX01076134.1	AERX01076134.1	NT_171656.1
oreNil2:AERX01076135-1	AERX01076135-1			AERX01076135.1	NT_171657.1
oreNil2:AERX01076136-2	AERX01076136-2		AERX01076136.2	AERX01076136.2	NT_171658.1
oreNil2:AERX01076137-1	AERX01076137-1		AERX01076137.1	AERX01076137.1	NT_171659.1
oreNil2:AERX01076138-1	AERX01076138-1		AERX01076138.1	AERX01076138.1	NT_171660.1
oreNil2:AERX01076139-1	AERX01076139-1		AERX01076139.1	AERX01076139.1	NT_171661.1
oreNil2:AERX01076140-1	AERX01076140-1		AERX01076140.1	AERX01076140.1	NT_171662.1
oreNil2:AERX01076141-1	AERX01076141-1		AERX01076141.1	AERX01076141.1	NT_171663.1
oreNil2:AERX01076142-1	AERX01076142-1			AERX01076142.1	NT_171664.1
oreNil2:AERX01076143-1	AERX01076143-1		AERX01076143.1	AERX01076143.1	NT_171665.1
oreNil2:AERX01076144-1	AERX01076144-1		AERX01076144.1	AERX01076144.1	NT_171666.1
oreNil2:AERX01076145-1	AERX01076145-1		AERX01076145.1	AERX01076145.1	NT_171667.1
oreNil2:AERX01076146-1	AERX01076146-1		AERX01076146.1	AERX01076146.1	NT_171668.1
oreNil2:AERX01076147-1	AERX01076147-1		AERX01076147.1	AERX01076147.1	NT_171669.1
oreNil2:AERX01076148-1	AERX01076148-1		AERX01076148.1	AERX01076148.1	NT_171670.1
oreNil2:AERX01076149-2	AERX01076149-2		AERX01076149.2	AERX01076149.2	NT_171671.1
oreNil2:AERX01076150-1	AERX01076150-1		AERX01076150.1	AERX01076150.1	NT_171672.1
oreNil2:AERX01076151-2	AERX01076151-2		AERX01076151.2	AERX01076151.2	NT_171673.1
oreNil2:AERX01076152-1	AERX01076152-1		AERX01076152.1	AERX01076152.1	NT_171674.1
oreNil2:AERX01076153-1	AERX01076153-1		AERX01076153.1	AERX01076153.1	NT_171675.1
oreNil2:AERX01076154-2	AERX01076154-2		AERX01076154.2	AERX01076154.2	NT_171676.1
oreNil2:AERX01076155-1	AERX01076155-1		AERX01076155.1	AERX01076155.1	NT_171677.1
oreNil2:AERX01076156-1	AERX01076156-1		AERX01076156.1	AERX01076156.1	NT_171678.1
oreNil2:AERX01076157-2	AERX01076157-2		AERX01076157.2	AERX01076157.2	NT_171679.1
oreNil2:AERX01076158-1	AERX01076158-1		AERX01076158.1	AERX01076158.1	NT_171680.1
oreNil2:AERX01076159-1	AERX01076159-1		AERX01076159.1	AERX01076159.1	NT_171681.1
oreNil2:AERX01076160-1	AERX01076160-1		AERX01076160.1	AERX01076160.1	NT_171682.1
oreNil2:AERX01076161-1	AERX01076161-1		AERX01076161.1	AERX01076161.1	NT_171683.1
oreNil2:AERX01076162-2	AERX01076162-2		AERX01076162.2	AERX01076162.2	NT_171684.1
oreNil2:AERX01076163-1	AERX01076163-1		AERX01076163.1	AERX01076163.1	NT_171685.1
oreNil2:AERX01076164-1	AERX01076164-1			AERX01076164.1	NT_171686.1
oreNil2:AERX01076165-1	AERX01076165-1		AERX01076165.1	AERX01076165.1	NT_171687.1
oreNil2:AERX01076166-2	AERX01076166-2		AERX01076166.2	AERX01076166.2	NT_171688.1
oreNil2:AERX01076167-2	AERX01076167-2		AERX01076167.2	AERX01076167.2	NT_171689.1
oreNil2:AERX01076168-2	AERX01076168-2		AERX01076168.2	AERX01076168.2	NT_171690.1
oreNil2:AERX01076169-2	AERX01076169-2		AERX01076169.2	AERX01076169.2	NT_171691.1
oreNil2:AERX01076170-2	AERX01076170-2		AERX01076170.2	AERX01076170.2	NT_171692.1
oreNil2:AERX01076171-1	AERX01076171-1		AERX01076171.1	AERX01076171.1	NT_171693.1
oreNil2:AERX01076172-2	AERX01076172-2		AERX01076172.2	AERX01076172.2	NT_171694.1
oreNil2:AERX01076173-1	AERX01076173-1			AERX01076173.1	NT_171695.1
oreNil2:AERX01076174-1	AERX01076174-1		AERX01076174.1	AERX01076174.1	NT_171696.1
oreNil2:AERX01076175-2	AERX01076175-2		AERX01076175.2	AERX01076175.2	NT_171697.1
oreNil2:AERX01076176-1	AERX01076176-1		AERX01076176.1	AERX01076176.1	NT_171698.1
oreNil2:AERX01076177-2	AERX01076177-2		AERX01076177.2	AERX01076177.2	NT_171699.1
oreNil2:AERX01076178-1	AERX01076178-1		AERX01076178.1	AERX01076178.1	NT_171700.1
oreNil2:AERX01076179-2	AERX01076179-2		AERX01076179.2	AERX01076179.2	NT_171701.1
oreNil2:AERX01076180-1	AERX01076180-1		AERX01076180.1	AERX01076180.1	NT_171702.1
oreNil2:AERX01076181-1	AERX01076181-1		AERX01076181.1	AERX01076181.1	NT_171703.1
oreNil2:AERX01076182-1	AERX01076182-1		AERX01076182.1	AERX01076182.1	NT_171704.1
oreNil2:AERX01076183-1	AERX01076183-1		AERX01076183.1	AERX01076183.1	NT_171705.1
oreNil2:AERX01076184-1	AERX01076184-1		AERX01076184.1	AERX01076184.1	NT_171706.1
oreNil2:AERX01076185-1	AERX01076185-1		AERX01076185.1	AERX01076185.1	NT_171707.1
oreNil2:AERX01076186-1	AERX01076186-1		AERX01076186.1	AERX01076186.1	NT_171708.1
oreNil2:AERX01076187-2	AERX01076187-2		AERX01076187.2	AERX01076187.2	NT_171709.1
oreNil2:AERX01076188-2	AERX01076188-2		AERX01076188.2	AERX01076188.2	NT_171710.1
oreNil2:AERX01076189-2	AERX01076189-2		AERX01076189.2	AERX01076189.2	NT_171711.1
oreNil2:AERX01076190-1	AERX01076190-1		AERX01076190.1	AERX01076190.1	NT_171712.1
oreNil2:AERX01076191-1	AERX01076191-1		AERX01076191.1	AERX01076191.1	NT_171713.1
oreNil2:AERX01076192-1	AERX01076192-1		AERX01076192.1	AERX01076192.1	NT_171714.1
oreNil2:AERX01076193-2	AERX01076193-2		AERX01076193.2	AERX01076193.2	NT_171715.1
oreNil2:AERX01076194-2	AERX01076194-2		AERX01076194.2	AERX01076194.2	NT_171716.1
oreNil2:AERX01076195-1	AERX01076195-1		AERX01076195.1	AERX01076195.1	NT_171717.1
oreNil2:AERX01076196-1	AERX01076196-1		AERX01076196.1	AERX01076196.1	NT_171718.1
oreNil2:AERX01076197-1	AERX01076197-1		AERX01076197.1	AERX01076197.1	NT_171719.1
oreNil2:AERX01076198-2	AERX01076198-2		AERX01076198.2	AERX01076198.2	NT_171720.1
oreNil2:AERX01076199-1	AERX01076199-1		AERX01076199.1	AERX01076199.1	NT_171721.1
oreNil2:AERX01076200-1	AERX01076200-1			AERX01076200.1	NT_171722.1
oreNil2:AERX01076201-1	AERX01076201-1		AERX01076201.1	AERX01076201.1	NT_171723.1
oreNil2:AERX01076202-1	AERX01076202-1		AERX01076202.1	AERX01076202.1	NT_171724.1
oreNil2:AERX01076203-2	AERX01076203-2		AERX01076203.2	AERX01076203.2	NT_171725.1
oreNil2:AERX01076204-1	AERX01076204-1		AERX01076204.1	AERX01076204.1	NT_171726.1
oreNil2:AERX01076205-1	AERX01076205-1		AERX01076205.1	AERX01076205.1	NT_171727.1
oreNil2:AERX01076206-2	AERX01076206-2		AERX01076206.2	AERX01076206.2	NT_171728.1
oreNil2:AERX01076207-2	AERX01076207-2		AERX01076207.2	AERX01076207.2	NT_171729.1
oreNil2:AERX01076208-1	AERX01076208-1		AERX01076208.1	AERX01076208.1	NT_171730.1
oreNil2:AERX01076209-1	AERX01076209-1		AERX01076209.1	AERX01076209.1	NT_171731.1
oreNil2:AERX01076210-2	AERX01076210-2		AERX01076210.2	AERX01076210.2	NT_171732.1
oreNil2:AERX01076211-2	AERX01076211-2		AERX01076211.2	AERX01076211.2	NT_171733.1
oreNil2:AERX01076212-2	AERX01076212-2		AERX01076212.2	AERX01076212.2	NT_171734.1
oreNil2:AERX01076213-2	AERX01076213-2		AERX01076213.2	AERX01076213.2	NT_171735.1
oreNil2:AERX01076214-1	AERX01076214-1		AERX01076214.1	AERX01076214.1	NT_171736.1
oreNil2:AERX01076215-1	AERX01076215-1		AERX01076215.1	AERX01076215.1	NT_171737.1
oreNil2:AERX01076216-2	AERX01076216-2		AERX01076216.2	AERX01076216.2	NT_171738.1
oreNil2:AERX01076217-2	AERX01076217-2		AERX01076217.2	AERX01076217.2	NT_171739.1
oreNil2:AERX01076218-1	AERX01076218-1		AERX01076218.1	AERX01076218.1	NT_171740.1
oreNil2:AERX01076219-2	AERX01076219-2		AERX01076219.2	AERX01076219.2	NT_171741.1
oreNil2:AERX01076220-2	AERX01076220-2		AERX01076220.2	AERX01076220.2	NT_171742.1
oreNil2:AERX01076221-1	AERX01076221-1		AERX01076221.1	AERX01076221.1	NT_171743.1
oreNil2:AERX01076222-2	AERX01076222-2		AERX01076222.2	AERX01076222.2	NT_171744.1
oreNil2:AERX01076223-1	AERX01076223-1		AERX01076223.1	AERX01076223.1	NT_171745.1
oreNil2:AERX01076224-1	AERX01076224-1		AERX01076224.1	AERX01076224.1	NT_171746.1
oreNil2:AERX01076225-1	AERX01076225-1			AERX01076225.1	NT_171747.1
oreNil2:AERX01076226-1	AERX01076226-1		AERX01076226.1	AERX01076226.1	NT_171748.1
oreNil2:AERX01076227-1	AERX01076227-1		AERX01076227.1	AERX01076227.1	NT_171749.1
oreNil2:AERX01076228-1	AERX01076228-1		AERX01076228.1	AERX01076228.1	NT_171750.1
oreNil2:AERX01076229-2	AERX01076229-2		AERX01076229.2	AERX01076229.2	NT_171751.1
oreNil2:AERX01076230-1	AERX01076230-1		AERX01076230.1	AERX01076230.1	NT_171752.1
oreNil2:AERX01076231-2	AERX01076231-2		AERX01076231.2	AERX01076231.2	NT_171753.1
oreNil2:AERX01076232-2	AERX01076232-2		AERX01076232.2	AERX01076232.2	NT_171754.1
oreNil2:AERX01076233-2	AERX01076233-2		AERX01076233.2	AERX01076233.2	NT_171755.1
oreNil2:AERX01076234-1	AERX01076234-1		AERX01076234.1	AERX01076234.1	NT_171756.1
oreNil2:AERX01076235-1	AERX01076235-1		AERX01076235.1	AERX01076235.1	NT_171757.1
oreNil2:AERX01076236-1	AERX01076236-1		AERX01076236.1	AERX01076236.1	NT_171758.1
oreNil2:AERX01076237-2	AERX01076237-2		AERX01076237.2	AERX01076237.2	NT_171759.1
oreNil2:AERX01076238-2	AERX01076238-2		AERX01076238.2	AERX01076238.2	NT_171760.1
oreNil2:AERX01076239-1	AERX01076239-1		AERX01076239.1	AERX01076239.1	NT_171761.1
oreNil2:AERX01076240-1	AERX01076240-1		AERX01076240.1	AERX01076240.1	NT_171762.1
oreNil2:AERX01076241-1	AERX01076241-1		AERX01076241.1	AERX01076241.1	NT_171763.1
oreNil2:AERX01076242-2	AERX01076242-2		AERX01076242.2	AERX01076242.2	NT_171764.1
oreNil2:AERX01076243-1	AERX01076243-1		AERX01076243.1	AERX01076243.1	NT_171765.1
oreNil2:AERX01076244-1	AERX01076244-1		AERX01076244.1	AERX01076244.1	NT_171766.1
oreNil2:AERX01076245-1	AERX01076245-1		AERX01076245.1	AERX01076245.1	NT_171767.1
oreNil2:AERX01076246-1	AERX01076246-1		AERX01076246.1	AERX01076246.1	NT_171768.1
oreNil2:AERX01076247-1	AERX01076247-1		AERX01076247.1	AERX01076247.1	NT_171769.1
oreNil2:AERX01076248-1	AERX01076248-1		AERX01076248.1	AERX01076248.1	NT_171770.1
oreNil2:AERX01076249-1	AERX01076249-1		AERX01076249.1	AERX01076249.1	NT_171771.1
oreNil2:AERX01076250-2	AERX01076250-2		AERX01076250.2	AERX01076250.2	NT_171772.1
oreNil2:AERX01076251-1	AERX01076251-1		AERX01076251.1	AERX01076251.1	NT_171773.1
oreNil2:AERX01076252-1	AERX01076252-1		AERX01076252.1	AERX01076252.1	NT_171774.1
oreNil2:AERX01076253-2	AERX01076253-2		AERX01076253.2	AERX01076253.2	NT_171775.1
oreNil2:AERX01076254-1	AERX01076254-1		AERX01076254.1	AERX01076254.1	NT_171776.1
oreNil2:AERX01076255-1	AERX01076255-1		AERX01076255.1	AERX01076255.1	NT_171777.1
oreNil2:AERX01076256-1	AERX01076256-1		AERX01076256.1	AERX01076256.1	NT_171778.1
oreNil2:AERX01076257-2	AERX01076257-2		AERX01076257.2	AERX01076257.2	NT_171779.1
oreNil2:AERX01076258-1	AERX01076258-1		AERX01076258.1	AERX01076258.1	NT_171780.1
oreNil2:AERX01076259-2	AERX01076259-2		AERX01076259.2	AERX01076259.2	NT_171781.1
oreNil2:AERX01076260-2	AERX01076260-2		AERX01076260.2	AERX01076260.2	NT_171782.1
oreNil2:AERX01076261-1	AERX01076261-1		AERX01076261.1	AERX01076261.1	NT_171783.1
oreNil2:AERX01076262-1	AERX01076262-1		AERX01076262.1	AERX01076262.1	NT_171784.1
oreNil2:AERX01076263-1	AERX01076263-1			AERX01076263.1	NT_171785.1
oreNil2:AERX01076264-2	AERX01076264-2		AERX01076264.2	AERX01076264.2	NT_171786.1
oreNil2:AERX01076265-2	AERX01076265-2		AERX01076265.2	AERX01076265.2	NT_171787.1
oreNil2:AERX01076266-1	AERX01076266-1		AERX01076266.1	AERX01076266.1	NT_171788.1
oreNil2:AERX01076267-1	AERX01076267-1		AERX01076267.1	AERX01076267.1	NT_171789.1
oreNil2:AERX01076268-2	AERX01076268-2		AERX01076268.2	AERX01076268.2	NT_171790.1
oreNil2:AERX01076269-1	AERX01076269-1		AERX01076269.1	AERX01076269.1	NT_171791.1
oreNil2:AERX01076270-1	AERX01076270-1		AERX01076270.1	AERX01076270.1	NT_171792.1
oreNil2:AERX01076271-1	AERX01076271-1		AERX01076271.1	AERX01076271.1	NT_171793.1
oreNil2:AERX01076272-2	AERX01076272-2		AERX01076272.2	AERX01076272.2	NT_171794.1
oreNil2:AERX01076273-1	AERX01076273-1		AERX01076273.1	AERX01076273.1	NT_171795.1
oreNil2:AERX01076274-1	AERX01076274-1		AERX01076274.1	AERX01076274.1	NT_171796.1
oreNil2:AERX01076275-1	AERX01076275-1		AERX01076275.1	AERX01076275.1	NT_171797.1
oreNil2:AERX01076276-2	AERX01076276-2		AERX01076276.2	AERX01076276.2	NT_171798.1
oreNil2:AERX01076277-1	AERX01076277-1		AERX01076277.1	AERX01076277.1	NT_171799.1
oreNil2:AERX01076278-1	AERX01076278-1			AERX01076278.1	NT_171800.1
oreNil2:AERX01076279-1	AERX01076279-1		AERX01076279.1	AERX01076279.1	NT_171801.1
oreNil2:AERX01076280-1	AERX01076280-1		AERX01076280.1	AERX01076280.1	NT_171802.1
oreNil2:AERX01076281-1	AERX01076281-1		AERX01076281.1	AERX01076281.1	NT_171803.1
oreNil2:AERX01076282-2	AERX01076282-2		AERX01076282.2	AERX01076282.2	NT_171804.1
oreNil2:AERX01076283-1	AERX01076283-1		AERX01076283.1	AERX01076283.1	NT_171805.1
oreNil2:AERX01076284-1	AERX01076284-1		AERX01076284.1	AERX01076284.1	NT_171806.1
oreNil2:AERX01076285-1	AERX01076285-1		AERX01076285.1	AERX01076285.1	NT_171807.1
oreNil2:AERX01076286-1	AERX01076286-1		AERX01076286.1	AERX01076286.1	NT_171808.1
oreNil2:AERX01076287-1	AERX01076287-1		AERX01076287.1	AERX01076287.1	NT_171809.1
oreNil2:AERX01076288-2	AERX01076288-2		AERX01076288.2	AERX01076288.2	NT_171810.1
oreNil2:AERX01076289-2	AERX01076289-2		AERX01076289.2	AERX01076289.2	NT_171811.1
oreNil2:AERX01076290-2	AERX01076290-2		AERX01076290.2	AERX01076290.2	NT_171812.1
oreNil2:AERX01076291-2	AERX01076291-2		AERX01076291.2	AERX01076291.2	NT_171813.1
oreNil2:AERX01076292-2	AERX01076292-2		AERX01076292.2	AERX01076292.2	NT_171814.1
oreNil2:AERX01076293-2	AERX01076293-2		AERX01076293.2	AERX01076293.2	NT_171815.1
oreNil2:AERX01076294-1	AERX01076294-1		AERX01076294.1	AERX01076294.1	NT_171816.1
oreNil2:AERX01076295-1	AERX01076295-1		AERX01076295.1	AERX01076295.1	NT_171817.1
oreNil2:AERX01076296-2	AERX01076296-2		AERX01076296.2	AERX01076296.2	NT_171818.1
oreNil2:AERX01076297-2	AERX01076297-2		AERX01076297.2	AERX01076297.2	NT_171819.1
oreNil2:AERX01076298-2	AERX01076298-2		AERX01076298.2	AERX01076298.2	NT_171820.1
oreNil2:AERX01076299-1	AERX01076299-1		AERX01076299.1	AERX01076299.1	NT_171821.1
oreNil2:AERX01076300-1	AERX01076300-1		AERX01076300.1	AERX01076300.1	NT_171822.1
oreNil2:AERX01076301-1	AERX01076301-1		AERX01076301.1	AERX01076301.1	NT_171823.1
oreNil2:AERX01076302-2	AERX01076302-2		AERX01076302.2	AERX01076302.2	NT_171824.1
oreNil2:AERX01076303-1	AERX01076303-1		AERX01076303.1	AERX01076303.1	NT_171825.1
oreNil2:AERX01076304-1	AERX01076304-1		AERX01076304.1	AERX01076304.1	NT_171826.1
oreNil2:AERX01076305-1	AERX01076305-1		AERX01076305.1	AERX01076305.1	NT_171827.1
oreNil2:AERX01076306-1	AERX01076306-1			AERX01076306.1	NT_171828.1
oreNil2:AERX01076307-1	AERX01076307-1		AERX01076307.1	AERX01076307.1	NT_171829.1
oreNil2:AERX01076308-2	AERX01076308-2		AERX01076308.2	AERX01076308.2	NT_171830.1
oreNil2:AERX01076309-1	AERX01076309-1			AERX01076309.1	NT_171831.1
oreNil2:AERX01076310-2	AERX01076310-2		AERX01076310.2	AERX01076310.2	NT_171832.1
oreNil2:AERX01076311-2	AERX01076311-2		AERX01076311.2	AERX01076311.2	NT_171833.1
oreNil2:AERX01076312-2	AERX01076312-2		AERX01076312.2	AERX01076312.2	NT_171834.1
oreNil2:AERX01076313-2	AERX01076313-2		AERX01076313.2	AERX01076313.2	NT_171835.1
oreNil2:AERX01076314-2	AERX01076314-2		AERX01076314.2	AERX01076314.2	NT_171836.1
oreNil2:AERX01076315-2	AERX01076315-2		AERX01076315.2	AERX01076315.2	NT_171837.1
oreNil2:AERX01076316-2	AERX01076316-2		AERX01076316.2	AERX01076316.2	NT_171838.1
oreNil2:AERX01076317-2	AERX01076317-2		AERX01076317.2	AERX01076317.2	NT_171839.1
oreNil2:AERX01076318-2	AERX01076318-2		AERX01076318.2	AERX01076318.2	NT_171840.1
oreNil2:AERX01076319-1	AERX01076319-1		AERX01076319.1	AERX01076319.1	NT_171841.1
oreNil2:AERX01076320-2	AERX01076320-2			AERX01076320.2	NT_171842.1
oreNil2:AERX01076321-2	AERX01076321-2		AERX01076321.2	AERX01076321.2	NT_171843.1
oreNil2:AERX01076322-1	AERX01076322-1		AERX01076322.1	AERX01076322.1	NT_171844.1
oreNil2:AERX01076323-1	AERX01076323-1		AERX01076323.1	AERX01076323.1	NT_171845.1
oreNil2:AERX01076324-1	AERX01076324-1		AERX01076324.1	AERX01076324.1	NT_171846.1
oreNil2:AERX01076325-1	AERX01076325-1		AERX01076325.1	AERX01076325.1	NT_171847.1
oreNil2:AERX01076326-1	AERX01076326-1		AERX01076326.1	AERX01076326.1	NT_171848.1
oreNil2:AERX01076327-1	AERX01076327-1		AERX01076327.1	AERX01076327.1	NT_171849.1
oreNil2:AERX01076328-1	AERX01076328-1		AERX01076328.1	AERX01076328.1	NT_171850.1
oreNil2:AERX01076329-1	AERX01076329-1		AERX01076329.1	AERX01076329.1	NT_171851.1
oreNil2:AERX01076330-1	AERX01076330-1		AERX01076330.1	AERX01076330.1	NT_171852.1
oreNil2:AERX01076331-2	AERX01076331-2		AERX01076331.2	AERX01076331.2	NT_171853.1
oreNil2:AERX01076332-2	AERX01076332-2		AERX01076332.2	AERX01076332.2	NT_171854.1
oreNil2:AERX01076333-1	AERX01076333-1		AERX01076333.1	AERX01076333.1	NT_171855.1
oreNil2:AERX01076334-1	AERX01076334-1		AERX01076334.1	AERX01076334.1	NT_171856.1
oreNil2:AERX01076335-2	AERX01076335-2		AERX01076335.2	AERX01076335.2	NT_171857.1
oreNil2:AERX01076336-1	AERX01076336-1		AERX01076336.1	AERX01076336.1	NT_171858.1
oreNil2:AERX01076337-2	AERX01076337-2		AERX01076337.2	AERX01076337.2	NT_171859.1
oreNil2:AERX01076338-1	AERX01076338-1		AERX01076338.1	AERX01076338.1	NT_171860.1
oreNil2:AERX01076339-2	AERX01076339-2		AERX01076339.2	AERX01076339.2	NT_171861.1
oreNil2:AERX01076340-1	AERX01076340-1		AERX01076340.1	AERX01076340.1	NT_171862.1
oreNil2:AERX01076341-2	AERX01076341-2		AERX01076341.2	AERX01076341.2	NT_171863.1
oreNil2:AERX01076342-1	AERX01076342-1			AERX01076342.1	NT_171864.1
oreNil2:AERX01076343-2	AERX01076343-2		AERX01076343.2	AERX01076343.2	NT_171865.1
oreNil2:AERX01076344-1	AERX01076344-1		AERX01076344.1	AERX01076344.1	NT_171866.1
oreNil2:AERX01076345-2	AERX01076345-2		AERX01076345.2	AERX01076345.2	NT_171867.1
oreNil2:AERX01076346-2	AERX01076346-2		AERX01076346.2	AERX01076346.2	NT_171868.1
oreNil2:AERX01076347-1	AERX01076347-1		AERX01076347.1	AERX01076347.1	NT_171869.1
oreNil2:AERX01076348-1	AERX01076348-1		AERX01076348.1	AERX01076348.1	NT_171870.1
oreNil2:AERX01076349-1	AERX01076349-1		AERX01076349.1	AERX01076349.1	NT_171871.1
oreNil2:AERX01076350-2	AERX01076350-2		AERX01076350.2	AERX01076350.2	NT_171872.1
oreNil2:AERX01076351-1	AERX01076351-1		AERX01076351.1	AERX01076351.1	NT_171873.1
oreNil2:AERX01076352-2	AERX01076352-2		AERX01076352.2	AERX01076352.2	NT_171874.1
oreNil2:AERX01076353-2	AERX01076353-2		AERX01076353.2	AERX01076353.2	NT_171875.1
oreNil2:AERX01076354-1	AERX01076354-1		AERX01076354.1	AERX01076354.1	NT_171876.1
oreNil2:AERX01076355-1	AERX01076355-1		AERX01076355.1	AERX01076355.1	NT_171877.1
oreNil2:AERX01076356-2	AERX01076356-2		AERX01076356.2	AERX01076356.2	NT_171878.1
oreNil2:AERX01076357-2	AERX01076357-2		AERX01076357.2	AERX01076357.2	NT_171879.1
oreNil2:AERX01076358-1	AERX01076358-1		AERX01076358.1	AERX01076358.1	NT_171880.1
oreNil2:AERX01076359-2	AERX01076359-2		AERX01076359.2	AERX01076359.2	NT_171881.1
oreNil2:AERX01076360-1	AERX01076360-1		AERX01076360.1	AERX01076360.1	NT_171882.1
oreNil2:AERX01076361-2	AERX01076361-2		AERX01076361.2	AERX01076361.2	NT_171883.1
oreNil2:AERX01076362-1	AERX01076362-1		AERX01076362.1	AERX01076362.1	NT_171884.1
oreNil2:AERX01076363-2	AERX01076363-2		AERX01076363.2	AERX01076363.2	NT_171885.1
oreNil2:AERX01076364-1	AERX01076364-1		AERX01076364.1	AERX01076364.1	NT_171886.1
oreNil2:AERX01076365-2	AERX01076365-2		AERX01076365.2	AERX01076365.2	NT_171887.1
oreNil2:AERX01076366-2	AERX01076366-2		AERX01076366.2	AERX01076366.2	NT_171888.1
oreNil2:AERX01076367-1	AERX01076367-1		AERX01076367.1	AERX01076367.1	NT_171889.1
oreNil2:AERX01076368-1	AERX01076368-1		AERX01076368.1	AERX01076368.1	NT_171890.1
oreNil2:AERX01076369-2	AERX01076369-2		AERX01076369.2	AERX01076369.2	NT_171891.1
oreNil2:AERX01076370-1	AERX01076370-1		AERX01076370.1	AERX01076370.1	NT_171892.1
oreNil2:AERX01076371-2	AERX01076371-2		AERX01076371.2	AERX01076371.2	NT_171893.1
oreNil2:AERX01076372-1	AERX01076372-1		AERX01076372.1	AERX01076372.1	NT_171894.1
oreNil2:AERX01076373-2	AERX01076373-2		AERX01076373.2	AERX01076373.2	NT_171895.1
oreNil2:AERX01076374-1	AERX01076374-1		AERX01076374.1	AERX01076374.1	NT_171896.1
oreNil2:AERX01076375-1	AERX01076375-1		AERX01076375.1	AERX01076375.1	NT_171897.1
oreNil2:AERX01076376-1	AERX01076376-1		AERX01076376.1	AERX01076376.1	NT_171898.1
oreNil2:AERX01076377-2	AERX01076377-2		AERX01076377.2	AERX01076377.2	NT_171899.1
oreNil2:AERX01076378-1	AERX01076378-1		AERX01076378.1	AERX01076378.1	NT_171900.1
oreNil2:AERX01076379-2	AERX01076379-2		AERX01076379.2	AERX01076379.2	NT_171901.1
oreNil2:AERX01076380-1	AERX01076380-1		AERX01076380.1	AERX01076380.1	NT_171902.1
oreNil2:AERX01076381-1	AERX01076381-1		AERX01076381.1	AERX01076381.1	NT_171903.1
oreNil2:AERX01076382-1	AERX01076382-1		AERX01076382.1	AERX01076382.1	NT_171904.1
oreNil2:AERX01076383-2	AERX01076383-2		AERX01076383.2	AERX01076383.2	NT_171905.1
oreNil2:AERX01076384-1	AERX01076384-1		AERX01076384.1	AERX01076384.1	NT_171906.1
oreNil2:AERX01076385-1	AERX01076385-1		AERX01076385.1	AERX01076385.1	NT_171907.1
oreNil2:AERX01076386-2	AERX01076386-2		AERX01076386.2	AERX01076386.2	NT_171908.1
oreNil2:AERX01076387-1	AERX01076387-1		AERX01076387.1	AERX01076387.1	NT_171909.1
oreNil2:AERX01076388-2	AERX01076388-2		AERX01076388.2	AERX01076388.2	NT_171910.1
oreNil2:AERX01076389-1	AERX01076389-1		AERX01076389.1	AERX01076389.1	NT_171911.1
oreNil2:AERX01076390-1	AERX01076390-1			AERX01076390.1	NT_171912.1
oreNil2:AERX01076391-1	AERX01076391-1		AERX01076391.1	AERX01076391.1	NT_171913.1
oreNil2:AERX01076392-1	AERX01076392-1		AERX01076392.1	AERX01076392.1	NT_171914.1
oreNil2:AERX01076393-1	AERX01076393-1		AERX01076393.1	AERX01076393.1	NT_171915.1
oreNil2:AERX01076394-2	AERX01076394-2		AERX01076394.2	AERX01076394.2	NT_171916.1
oreNil2:AERX01076395-1	AERX01076395-1		AERX01076395.1	AERX01076395.1	NT_171917.1
oreNil2:AERX01076396-1	AERX01076396-1		AERX01076396.1	AERX01076396.1	NT_171918.1
oreNil2:AERX01076397-2	AERX01076397-2		AERX01076397.2	AERX01076397.2	NT_171919.1
oreNil2:AERX01076398-2	AERX01076398-2		AERX01076398.2	AERX01076398.2	NT_171920.1
oreNil2:AERX01076399-2	AERX01076399-2		AERX01076399.2	AERX01076399.2	NT_171921.1
oreNil2:AERX01076400-1	AERX01076400-1		AERX01076400.1	AERX01076400.1	NT_171922.1
oreNil2:AERX01076401-2	AERX01076401-2		AERX01076401.2	AERX01076401.2	NT_171923.1
oreNil2:AERX01076402-2	AERX01076402-2		AERX01076402.2	AERX01076402.2	NT_171924.1
oreNil2:AERX01076403-2	AERX01076403-2		AERX01076403.2	AERX01076403.2	NT_171925.1
oreNil2:AERX01076404-2	AERX01076404-2		AERX01076404.2	AERX01076404.2	NT_171926.1
oreNil2:AERX01076405-2	AERX01076405-2		AERX01076405.2	AERX01076405.2	NT_171927.1
oreNil2:AERX01076406-1	AERX01076406-1		AERX01076406.1	AERX01076406.1	NT_171928.1
oreNil2:AERX01076407-2	AERX01076407-2		AERX01076407.2	AERX01076407.2	NT_171929.1
oreNil2:AERX01076408-2	AERX01076408-2		AERX01076408.2	AERX01076408.2	NT_171930.1
oreNil2:AERX01076409-1	AERX01076409-1		AERX01076409.1	AERX01076409.1	NT_171931.1
oreNil2:AERX01076410-1	AERX01076410-1		AERX01076410.1	AERX01076410.1	NT_171932.1
oreNil2:AERX01076411-2	AERX01076411-2		AERX01076411.2	AERX01076411.2	NT_171933.1
oreNil2:AERX01076412-2	AERX01076412-2		AERX01076412.2	AERX01076412.2	NT_171934.1
oreNil2:AERX01076413-2	AERX01076413-2		AERX01076413.2	AERX01076413.2	NT_171935.1
oreNil2:AERX01076414-1	AERX01076414-1		AERX01076414.1	AERX01076414.1	NT_171936.1
oreNil2:AERX01076415-1	AERX01076415-1		AERX01076415.1	AERX01076415.1	NT_171937.1
oreNil2:AERX01076416-2	AERX01076416-2		AERX01076416.2	AERX01076416.2	NT_171938.1
oreNil2:AERX01076417-1	AERX01076417-1		AERX01076417.1	AERX01076417.1	NT_171939.1
oreNil2:AERX01076418-1	AERX01076418-1		AERX01076418.1	AERX01076418.1	NT_171940.1
oreNil2:AERX01076419-2	AERX01076419-2		AERX01076419.2	AERX01076419.2	NT_171941.1
oreNil2:AERX01076420-2	AERX01076420-2		AERX01076420.2	AERX01076420.2	NT_171942.1
oreNil2:AERX01076421-1	AERX01076421-1		AERX01076421.1	AERX01076421.1	NT_171943.1
oreNil2:AERX01076422-2	AERX01076422-2		AERX01076422.2	AERX01076422.2	NT_171944.1
oreNil2:AERX01076423-2	AERX01076423-2		AERX01076423.2	AERX01076423.2	NT_171945.1
oreNil2:AERX01076424-1	AERX01076424-1		AERX01076424.1	AERX01076424.1	NT_171946.1
oreNil2:AERX01076425-2	AERX01076425-2		AERX01076425.2	AERX01076425.2	NT_171947.1
oreNil2:AERX01076426-2	AERX01076426-2		AERX01076426.2	AERX01076426.2	NT_171948.1
oreNil2:AERX01076427-1	AERX01076427-1		AERX01076427.1	AERX01076427.1	NT_171949.1
oreNil2:AERX01076428-2	AERX01076428-2		AERX01076428.2	AERX01076428.2	NT_171950.1
oreNil2:AERX01076429-2	AERX01076429-2		AERX01076429.2	AERX01076429.2	NT_171951.1
oreNil2:AERX01076430-2	AERX01076430-2		AERX01076430.2	AERX01076430.2	NT_171952.1
oreNil2:AERX01076431-2	AERX01076431-2		AERX01076431.2	AERX01076431.2	NT_171953.1
oreNil2:AERX01076432-2	AERX01076432-2		AERX01076432.2	AERX01076432.2	NT_171954.1
oreNil2:AERX01076433-2	AERX01076433-2		AERX01076433.2	AERX01076433.2	NT_171955.1
oreNil2:AERX01076434-1	AERX01076434-1		AERX01076434.1	AERX01076434.1	NT_171956.1
oreNil2:AERX01076435-2	AERX01076435-2		AERX01076435.2	AERX01076435.2	NT_171957.1
oreNil2:AERX01076436-1	AERX01076436-1		AERX01076436.1	AERX01076436.1	NT_171958.1
oreNil2:AERX01076437-2	AERX01076437-2		AERX01076437.2	AERX01076437.2	NT_171959.1
oreNil2:AERX01076438-2	AERX01076438-2		AERX01076438.2	AERX01076438.2	NT_171960.1
oreNil2:AERX01076439-2	AERX01076439-2		AERX01076439.2	AERX01076439.2	NT_171961.1
oreNil2:AERX01076440-1	AERX01076440-1		AERX01076440.1	AERX01076440.1	NT_171962.1
oreNil2:AERX01076441-1	AERX01076441-1		AERX01076441.1	AERX01076441.1	NT_171963.1
oreNil2:AERX01076442-2	AERX01076442-2		AERX01076442.2	AERX01076442.2	NT_171964.1
oreNil2:AERX01076443-2	AERX01076443-2		AERX01076443.2	AERX01076443.2	NT_171965.1
oreNil2:AERX01076444-2	AERX01076444-2		AERX01076444.2	AERX01076444.2	NT_171966.1
oreNil2:AERX01076445-2	AERX01076445-2		AERX01076445.2	AERX01076445.2	NT_171967.1
oreNil2:AERX01076446-1	AERX01076446-1		AERX01076446.1	AERX01076446.1	NT_171968.1
oreNil2:AERX01076447-1	AERX01076447-1		AERX01076447.1	AERX01076447.1	NT_171969.1
oreNil2:AERX01076448-2	AERX01076448-2		AERX01076448.2	AERX01076448.2	NT_171970.1
oreNil2:AERX01076449-1	AERX01076449-1		AERX01076449.1	AERX01076449.1	NT_171971.1
oreNil2:AERX01076450-1	AERX01076450-1		AERX01076450.1	AERX01076450.1	NT_171972.1
oreNil2:AERX01076451-1	AERX01076451-1		AERX01076451.1	AERX01076451.1	NT_171973.1
oreNil2:AERX01076452-1	AERX01076452-1		AERX01076452.1	AERX01076452.1	NT_171974.1
oreNil2:AERX01076453-2	AERX01076453-2		AERX01076453.2	AERX01076453.2	NT_171975.1
oreNil2:AERX01076454-1	AERX01076454-1		AERX01076454.1	AERX01076454.1	NT_171976.1
oreNil2:AERX01076455-1	AERX01076455-1		AERX01076455.1	AERX01076455.1	NT_171977.1
oreNil2:AERX01076456-1	AERX01076456-1		AERX01076456.1	AERX01076456.1	NT_171978.1
oreNil2:AERX01076457-2	AERX01076457-2		AERX01076457.2	AERX01076457.2	NT_171979.1
oreNil2:AERX01076458-1	AERX01076458-1		AERX01076458.1	AERX01076458.1	NT_171980.1
oreNil2:AERX01076459-2	AERX01076459-2		AERX01076459.2	AERX01076459.2	NT_171981.1
oreNil2:AERX01076460-1	AERX01076460-1		AERX01076460.1	AERX01076460.1	NT_171982.1
oreNil2:AERX01076461-1	AERX01076461-1		AERX01076461.1	AERX01076461.1	NT_171983.1
oreNil2:AERX01076462-1	AERX01076462-1		AERX01076462.1	AERX01076462.1	NT_171984.1
oreNil2:AERX01076463-1	AERX01076463-1		AERX01076463.1	AERX01076463.1	NT_171985.1
oreNil2:AERX01076464-1	AERX01076464-1		AERX01076464.1	AERX01076464.1	NT_171986.1
oreNil2:AERX01076465-2	AERX01076465-2		AERX01076465.2	AERX01076465.2	NT_171987.1
oreNil2:AERX01076466-2	AERX01076466-2		AERX01076466.2	AERX01076466.2	NT_171988.1
oreNil2:AERX01076467-1	AERX01076467-1		AERX01076467.1	AERX01076467.1	NT_171989.1
oreNil2:AERX01076468-1	AERX01076468-1		AERX01076468.1	AERX01076468.1	NT_171990.1
oreNil2:AERX01076469-2	AERX01076469-2		AERX01076469.2	AERX01076469.2	NT_171991.1
oreNil2:AERX01076470-1	AERX01076470-1		AERX01076470.1	AERX01076470.1	NT_171992.1
oreNil2:AERX01076471-2	AERX01076471-2		AERX01076471.2	AERX01076471.2	NT_171993.1
oreNil2:AERX01076472-2	AERX01076472-2		AERX01076472.2	AERX01076472.2	NT_171994.1
oreNil2:AERX01076473-2	AERX01076473-2		AERX01076473.2	AERX01076473.2	NT_171995.1
oreNil2:AERX01076474-1	AERX01076474-1		AERX01076474.1	AERX01076474.1	NT_171996.1
oreNil2:AERX01076475-2	AERX01076475-2		AERX01076475.2	AERX01076475.2	NT_171997.1
oreNil2:AERX01076476-1	AERX01076476-1		AERX01076476.1	AERX01076476.1	NT_171998.1
oreNil2:AERX01076477-1	AERX01076477-1		AERX01076477.1	AERX01076477.1	NT_171999.1
oreNil2:AERX01076478-2	AERX01076478-2		AERX01076478.2	AERX01076478.2	NT_172000.1
oreNil2:AERX01076479-1	AERX01076479-1		AERX01076479.1	AERX01076479.1	NT_172001.1
oreNil2:AERX01076480-1	AERX01076480-1		AERX01076480.1	AERX01076480.1	NT_172002.1
oreNil2:AERX01076481-2	AERX01076481-2		AERX01076481.2	AERX01076481.2	NT_172003.1
oreNil2:AERX01076482-1	AERX01076482-1		AERX01076482.1	AERX01076482.1	NT_172004.1
oreNil2:AERX01076483-2	AERX01076483-2		AERX01076483.2	AERX01076483.2	NT_172005.1
oreNil2:AERX01076484-2	AERX01076484-2		AERX01076484.2	AERX01076484.2	NT_172006.1
oreNil2:AERX01076485-2	AERX01076485-2		AERX01076485.2	AERX01076485.2	NT_172007.1
oreNil2:AERX01076486-1	AERX01076486-1		AERX01076486.1	AERX01076486.1	NT_172008.1
oreNil2:AERX01076487-2	AERX01076487-2		AERX01076487.2	AERX01076487.2	NT_172009.1
oreNil2:AERX01076488-2	AERX01076488-2		AERX01076488.2	AERX01076488.2	NT_172010.1
oreNil2:AERX01076489-2	AERX01076489-2		AERX01076489.2	AERX01076489.2	NT_172011.1
oreNil2:AERX01076490-2	AERX01076490-2		AERX01076490.2	AERX01076490.2	NT_172012.1
oreNil2:AERX01076491-1	AERX01076491-1		AERX01076491.1	AERX01076491.1	NT_172013.1
oreNil2:AERX01076492-2	AERX01076492-2		AERX01076492.2	AERX01076492.2	NT_172014.1
oreNil2:AERX01076493-1	AERX01076493-1		AERX01076493.1	AERX01076493.1	NT_172015.1
oreNil2:AERX01076494-1	AERX01076494-1		AERX01076494.1	AERX01076494.1	NT_172016.1
oreNil2:AERX01076495-2	AERX01076495-2		AERX01076495.2	AERX01076495.2	NT_172017.1
oreNil2:AERX01076496-2	AERX01076496-2		AERX01076496.2	AERX01076496.2	NT_172018.1
oreNil2:AERX01076497-1	AERX01076497-1		AERX01076497.1	AERX01076497.1	NT_172019.1
oreNil2:AERX01076498-1	AERX01076498-1		AERX01076498.1	AERX01076498.1	NT_172020.1
oreNil2:AERX01076499-2	AERX01076499-2		AERX01076499.2	AERX01076499.2	NT_172021.1
oreNil2:AERX01076500-1	AERX01076500-1		AERX01076500.1	AERX01076500.1	NT_172022.1
oreNil2:AERX01076501-2	AERX01076501-2		AERX01076501.2	AERX01076501.2	NT_172023.1
oreNil2:AERX01076502-1	AERX01076502-1		AERX01076502.1	AERX01076502.1	NT_172024.1
oreNil2:AERX01076503-2	AERX01076503-2		AERX01076503.2	AERX01076503.2	NT_172025.1
oreNil2:AERX01076504-2	AERX01076504-2		AERX01076504.2	AERX01076504.2	NT_172026.1
oreNil2:AERX01076505-2	AERX01076505-2		AERX01076505.2	AERX01076505.2	NT_172027.1
oreNil2:AERX01076506-1	AERX01076506-1		AERX01076506.1	AERX01076506.1	NT_172028.1
oreNil2:AERX01076507-2	AERX01076507-2		AERX01076507.2	AERX01076507.2	NT_172029.1
oreNil2:AERX01076508-1	AERX01076508-1		AERX01076508.1	AERX01076508.1	NT_172030.1
oreNil2:AERX01076509-2	AERX01076509-2		AERX01076509.2	AERX01076509.2	NT_172031.1
oreNil2:AERX01076510-2	AERX01076510-2		AERX01076510.2	AERX01076510.2	NT_172032.1
oreNil2:AERX01076511-1	AERX01076511-1		AERX01076511.1	AERX01076511.1	NT_172033.1
oreNil2:AERX01076512-1	AERX01076512-1		AERX01076512.1	AERX01076512.1	NT_172034.1
oreNil2:AERX01076513-1	AERX01076513-1		AERX01076513.1	AERX01076513.1	NT_172035.1
oreNil2:AERX01076514-1	AERX01076514-1			AERX01076514.1	NT_172036.1
oreNil2:AERX01076515-2	AERX01076515-2		AERX01076515.2	AERX01076515.2	NT_172037.1
oreNil2:AERX01076516-1	AERX01076516-1		AERX01076516.1	AERX01076516.1	NT_172038.1
oreNil2:AERX01076517-2	AERX01076517-2		AERX01076517.2	AERX01076517.2	NT_172039.1
oreNil2:AERX01076518-1	AERX01076518-1		AERX01076518.1	AERX01076518.1	NT_172040.1
oreNil2:AERX01076519-2	AERX01076519-2		AERX01076519.2	AERX01076519.2	NT_172041.1
oreNil2:AERX01076520-2	AERX01076520-2		AERX01076520.2	AERX01076520.2	NT_172042.1
oreNil2:AERX01076521-1	AERX01076521-1		AERX01076521.1	AERX01076521.1	NT_172043.1
oreNil2:AERX01076522-1	AERX01076522-1		AERX01076522.1	AERX01076522.1	NT_172044.1
oreNil2:AERX01076523-2	AERX01076523-2		AERX01076523.2	AERX01076523.2	NT_172045.1
oreNil2:AERX01076524-1	AERX01076524-1		AERX01076524.1	AERX01076524.1	NT_172046.1
oreNil2:AERX01076525-1	AERX01076525-1		AERX01076525.1	AERX01076525.1	NT_172047.1
oreNil2:AERX01076526-2	AERX01076526-2		AERX01076526.2	AERX01076526.2	NT_172048.1
oreNil2:AERX01076527-2	AERX01076527-2		AERX01076527.2	AERX01076527.2	NT_172049.1
oreNil2:AERX01076528-1	AERX01076528-1		AERX01076528.1	AERX01076528.1	NT_172050.1
oreNil2:AERX01076529-1	AERX01076529-1		AERX01076529.1	AERX01076529.1	NT_172051.1
oreNil2:AERX01076530-1	AERX01076530-1		AERX01076530.1	AERX01076530.1	NT_172052.1
oreNil2:AERX01076531-1	AERX01076531-1		AERX01076531.1	AERX01076531.1	NT_172053.1
oreNil2:AERX01076532-1	AERX01076532-1		AERX01076532.1	AERX01076532.1	NT_172054.1
oreNil2:AERX01076533-2	AERX01076533-2		AERX01076533.2	AERX01076533.2	NT_172055.1
oreNil2:AERX01076534-2	AERX01076534-2		AERX01076534.2	AERX01076534.2	NT_172056.1
oreNil2:AERX01076535-1	AERX01076535-1		AERX01076535.1	AERX01076535.1	NT_172057.1
oreNil2:AERX01076536-2	AERX01076536-2		AERX01076536.2	AERX01076536.2	NT_172058.1
oreNil2:AERX01076537-1	AERX01076537-1		AERX01076537.1	AERX01076537.1	NT_172059.1
oreNil2:AERX01076538-1	AERX01076538-1		AERX01076538.1	AERX01076538.1	NT_172060.1
oreNil2:AERX01076539-2	AERX01076539-2		AERX01076539.2	AERX01076539.2	NT_172061.1
oreNil2:AERX01076540-1	AERX01076540-1		AERX01076540.1	AERX01076540.1	NT_172062.1
oreNil2:AERX01076541-1	AERX01076541-1			AERX01076541.1	NT_172063.1
oreNil2:AERX01076542-1	AERX01076542-1		AERX01076542.1	AERX01076542.1	NT_172064.1
oreNil2:AERX01076543-1	AERX01076543-1		AERX01076543.1	AERX01076543.1	NT_172065.1
oreNil2:AERX01076544-2	AERX01076544-2		AERX01076544.2	AERX01076544.2	NT_172066.1
oreNil2:AERX01076545-1	AERX01076545-1		AERX01076545.1	AERX01076545.1	NT_172067.1
oreNil2:AERX01076546-1	AERX01076546-1		AERX01076546.1	AERX01076546.1	NT_172068.1
oreNil2:AERX01076547-1	AERX01076547-1		AERX01076547.1	AERX01076547.1	NT_172069.1
oreNil2:AERX01076548-1	AERX01076548-1		AERX01076548.1	AERX01076548.1	NT_172070.1
oreNil2:AERX01076549-1	AERX01076549-1		AERX01076549.1	AERX01076549.1	NT_172071.1
oreNil2:AERX01076550-1	AERX01076550-1		AERX01076550.1	AERX01076550.1	NT_172072.1
oreNil2:AERX01076551-1	AERX01076551-1		AERX01076551.1	AERX01076551.1	NT_172073.1
oreNil2:AERX01076552-1	AERX01076552-1		AERX01076552.1	AERX01076552.1	NT_172074.1
oreNil2:AERX01076553-1	AERX01076553-1		AERX01076553.1	AERX01076553.1	NT_172075.1
oreNil2:AERX01076554-1	AERX01076554-1		AERX01076554.1	AERX01076554.1	NT_172076.1
oreNil2:AERX01076555-1	AERX01076555-1		AERX01076555.1	AERX01076555.1	NT_172077.1
oreNil2:AERX01076556-2	AERX01076556-2		AERX01076556.2	AERX01076556.2	NT_172078.1
oreNil2:AERX01076557-1	AERX01076557-1		AERX01076557.1	AERX01076557.1	NT_172079.1
oreNil2:AERX01076558-1	AERX01076558-1		AERX01076558.1	AERX01076558.1	NT_172080.1
oreNil2:AERX01076559-2	AERX01076559-2		AERX01076559.2	AERX01076559.2	NT_172081.1
oreNil2:AERX01076560-2	AERX01076560-2		AERX01076560.2	AERX01076560.2	NT_172082.1
oreNil2:AERX01076561-1	AERX01076561-1		AERX01076561.1	AERX01076561.1	NT_172083.1
oreNil2:AERX01076562-1	AERX01076562-1		AERX01076562.1	AERX01076562.1	NT_172084.1
oreNil2:AERX01076563-1	AERX01076563-1		AERX01076563.1	AERX01076563.1	NT_172085.1
oreNil2:AERX01076564-1	AERX01076564-1			AERX01076564.1	NT_172086.1
oreNil2:AERX01076565-2	AERX01076565-2		AERX01076565.2	AERX01076565.2	NT_172087.1
oreNil2:AERX01076566-1	AERX01076566-1		AERX01076566.1	AERX01076566.1	NT_172088.1
oreNil2:AERX01076567-2	AERX01076567-2		AERX01076567.2	AERX01076567.2	NT_172089.1
oreNil2:AERX01076568-1	AERX01076568-1		AERX01076568.1	AERX01076568.1	NT_172090.1
oreNil2:AERX01076569-1	AERX01076569-1		AERX01076569.1	AERX01076569.1	NT_172091.1
oreNil2:AERX01076570-1	AERX01076570-1		AERX01076570.1	AERX01076570.1	NT_172092.1
oreNil2:AERX01076571-1	AERX01076571-1		AERX01076571.1	AERX01076571.1	NT_172093.1
oreNil2:AERX01076572-2	AERX01076572-2		AERX01076572.2	AERX01076572.2	NT_172094.1
oreNil2:AERX01076573-1	AERX01076573-1		AERX01076573.1	AERX01076573.1	NT_172095.1
oreNil2:AERX01076574-2	AERX01076574-2		AERX01076574.2	AERX01076574.2	NT_172096.1
oreNil2:AERX01076575-2	AERX01076575-2		AERX01076575.2	AERX01076575.2	NT_172097.1
oreNil2:AERX01076576-2	AERX01076576-2		AERX01076576.2	AERX01076576.2	NT_172098.1
oreNil2:AERX01076577-1	AERX01076577-1		AERX01076577.1	AERX01076577.1	NT_172099.1
oreNil2:AERX01076578-1	AERX01076578-1		AERX01076578.1	AERX01076578.1	NT_172100.1
oreNil2:AERX01076579-1	AERX01076579-1		AERX01076579.1	AERX01076579.1	NT_172101.1
oreNil2:AERX01076580-1	AERX01076580-1		AERX01076580.1	AERX01076580.1	NT_172102.1
oreNil2:AERX01076581-1	AERX01076581-1		AERX01076581.1	AERX01076581.1	NT_172103.1
oreNil2:AERX01076582-1	AERX01076582-1		AERX01076582.1	AERX01076582.1	NT_172104.1
oreNil2:AERX01076583-1	AERX01076583-1		AERX01076583.1	AERX01076583.1	NT_172105.1
oreNil2:AERX01076584-1	AERX01076584-1		AERX01076584.1	AERX01076584.1	NT_172106.1
oreNil2:AERX01076585-2	AERX01076585-2		AERX01076585.2	AERX01076585.2	NT_172107.1
oreNil2:AERX01076586-1	AERX01076586-1		AERX01076586.1	AERX01076586.1	NT_172108.1
oreNil2:AERX01076587-1	AERX01076587-1		AERX01076587.1	AERX01076587.1	NT_172109.1
oreNil2:AERX01076588-1	AERX01076588-1		AERX01076588.1	AERX01076588.1	NT_172110.1
oreNil2:AERX01076589-1	AERX01076589-1		AERX01076589.1	AERX01076589.1	NT_172111.1
oreNil2:AERX01076590-1	AERX01076590-1		AERX01076590.1	AERX01076590.1	NT_172112.1
oreNil2:AERX01076591-1	AERX01076591-1		AERX01076591.1	AERX01076591.1	NT_172113.1
oreNil2:AERX01076592-1	AERX01076592-1		AERX01076592.1	AERX01076592.1	NT_172114.1
oreNil2:AERX01076593-2	AERX01076593-2		AERX01076593.2	AERX01076593.2	NT_172115.1
oreNil2:AERX01076594-2	AERX01076594-2		AERX01076594.2	AERX01076594.2	NT_172116.1
oreNil2:AERX01076595-1	AERX01076595-1		AERX01076595.1	AERX01076595.1	NT_172117.1
oreNil2:AERX01076596-1	AERX01076596-1		AERX01076596.1	AERX01076596.1	NT_172118.1
oreNil2:AERX01076597-2	AERX01076597-2		AERX01076597.2	AERX01076597.2	NT_172119.1
oreNil2:AERX01076598-1	AERX01076598-1		AERX01076598.1	AERX01076598.1	NT_172120.1
oreNil2:AERX01076599-1	AERX01076599-1		AERX01076599.1	AERX01076599.1	NT_172121.1
oreNil2:AERX01076600-1	AERX01076600-1		AERX01076600.1	AERX01076600.1	NT_172122.1
oreNil2:AERX01076601-2	AERX01076601-2		AERX01076601.2	AERX01076601.2	NT_172123.1
oreNil2:AERX01076602-2	AERX01076602-2		AERX01076602.2	AERX01076602.2	NT_172124.1
oreNil2:AERX01076603-2	AERX01076603-2		AERX01076603.2	AERX01076603.2	NT_172125.1
oreNil2:AERX01076604-1	AERX01076604-1		AERX01076604.1	AERX01076604.1	NT_172126.1
oreNil2:AERX01076605-1	AERX01076605-1		AERX01076605.1	AERX01076605.1	NT_172127.1
oreNil2:AERX01076606-1	AERX01076606-1		AERX01076606.1	AERX01076606.1	NT_172128.1
oreNil2:AERX01076607-2	AERX01076607-2		AERX01076607.2	AERX01076607.2	NT_172129.1
oreNil2:AERX01076608-1	AERX01076608-1		AERX01076608.1	AERX01076608.1	NT_172130.1
oreNil2:AERX01076609-2	AERX01076609-2		AERX01076609.2	AERX01076609.2	NT_172131.1
oreNil2:AERX01076610-1	AERX01076610-1		AERX01076610.1	AERX01076610.1	NT_172132.1
oreNil2:AERX01076611-2	AERX01076611-2		AERX01076611.2	AERX01076611.2	NT_172133.1
oreNil2:AERX01076612-1	AERX01076612-1		AERX01076612.1	AERX01076612.1	NT_172134.1
oreNil2:AERX01076613-1	AERX01076613-1		AERX01076613.1	AERX01076613.1	NT_172135.1
oreNil2:AERX01076614-1	AERX01076614-1		AERX01076614.1	AERX01076614.1	NT_172136.1
oreNil2:AERX01076615-1	AERX01076615-1		AERX01076615.1	AERX01076615.1	NT_172137.1
oreNil2:AERX01076616-2	AERX01076616-2		AERX01076616.2	AERX01076616.2	NT_172138.1
oreNil2:AERX01076617-1	AERX01076617-1		AERX01076617.1	AERX01076617.1	NT_172139.1
oreNil2:AERX01076618-2	AERX01076618-2		AERX01076618.2	AERX01076618.2	NT_172140.1
oreNil2:AERX01076619-2	AERX01076619-2		AERX01076619.2	AERX01076619.2	NT_172141.1
oreNil2:AERX01076620-2	AERX01076620-2		AERX01076620.2	AERX01076620.2	NT_172142.1
oreNil2:AERX01076621-1	AERX01076621-1		AERX01076621.1	AERX01076621.1	NT_172143.1
oreNil2:AERX01076622-1	AERX01076622-1		AERX01076622.1	AERX01076622.1	NT_172144.1
oreNil2:AERX01076623-1	AERX01076623-1		AERX01076623.1	AERX01076623.1	NT_172145.1
oreNil2:AERX01076624-1	AERX01076624-1			AERX01076624.1	NT_172146.1
oreNil2:AERX01076625-1	AERX01076625-1			AERX01076625.1	NT_172147.1
oreNil2:AERX01076626-1	AERX01076626-1		AERX01076626.1	AERX01076626.1	NT_172148.1
oreNil2:AERX01076627-1	AERX01076627-1		AERX01076627.1	AERX01076627.1	NT_172149.1
oreNil2:AERX01076628-1	AERX01076628-1		AERX01076628.1	AERX01076628.1	NT_172150.1
oreNil2:AERX01076629-1	AERX01076629-1		AERX01076629.1	AERX01076629.1	NT_172151.1
oreNil2:AERX01076630-1	AERX01076630-1		AERX01076630.1	AERX01076630.1	NT_172152.1
oreNil2:AERX01076631-1	AERX01076631-1		AERX01076631.1	AERX01076631.1	NT_172153.1
oreNil2:AERX01076632-1	AERX01076632-1		AERX01076632.1	AERX01076632.1	NT_172154.1
oreNil2:AERX01076633-1	AERX01076633-1		AERX01076633.1	AERX01076633.1	NT_172155.1
oreNil2:AERX01076634-1	AERX01076634-1		AERX01076634.1	AERX01076634.1	NT_172156.1
oreNil2:AERX01076635-1	AERX01076635-1			AERX01076635.1	NT_172157.1
oreNil2:AERX01076636-1	AERX01076636-1		AERX01076636.1	AERX01076636.1	NT_172158.1
oreNil2:AERX01076637-1	AERX01076637-1		AERX01076637.1	AERX01076637.1	NT_172159.1
oreNil2:AERX01076638-1	AERX01076638-1			AERX01076638.1	NT_172160.1
oreNil2:AERX01076639-1	AERX01076639-1		AERX01076639.1	AERX01076639.1	NT_172161.1
oreNil2:AERX01076640-2	AERX01076640-2		AERX01076640.2	AERX01076640.2	NT_172162.1
oreNil2:AERX01076641-2	AERX01076641-2		AERX01076641.2	AERX01076641.2	NT_172163.1
oreNil2:AERX01076642-1	AERX01076642-1		AERX01076642.1	AERX01076642.1	NT_172164.1
oreNil2:AERX01076643-1	AERX01076643-1		AERX01076643.1	AERX01076643.1	NT_172165.1
oreNil2:AERX01076644-1	AERX01076644-1		AERX01076644.1	AERX01076644.1	NT_172166.1
oreNil2:AERX01076645-1	AERX01076645-1		AERX01076645.1	AERX01076645.1	NT_172167.1
oreNil2:AERX01076646-1	AERX01076646-1		AERX01076646.1	AERX01076646.1	NT_172168.1
oreNil2:AERX01076647-2	AERX01076647-2		AERX01076647.2	AERX01076647.2	NT_172169.1
oreNil2:AERX01076648-2	AERX01076648-2		AERX01076648.2	AERX01076648.2	NT_172170.1
oreNil2:AERX01076649-2	AERX01076649-2		AERX01076649.2	AERX01076649.2	NT_172171.1
oreNil2:AERX01076650-2	AERX01076650-2		AERX01076650.2	AERX01076650.2	NT_172172.1
oreNil2:AERX01076651-1	AERX01076651-1		AERX01076651.1	AERX01076651.1	NT_172173.1
oreNil2:AERX01076652-1	AERX01076652-1		AERX01076652.1	AERX01076652.1	NT_172174.1
oreNil2:AERX01076653-2	AERX01076653-2		AERX01076653.2	AERX01076653.2	NT_172175.1
oreNil2:AERX01076654-1	AERX01076654-1		AERX01076654.1	AERX01076654.1	NT_172176.1
oreNil2:AERX01076655-1	AERX01076655-1		AERX01076655.1	AERX01076655.1	NT_172177.1
oreNil2:AERX01076656-2	AERX01076656-2		AERX01076656.2	AERX01076656.2	NT_172178.1
oreNil2:AERX01076657-1	AERX01076657-1		AERX01076657.1	AERX01076657.1	NT_172179.1
oreNil2:AERX01076658-1	AERX01076658-1		AERX01076658.1	AERX01076658.1	NT_172180.1
oreNil2:AERX01076659-2	AERX01076659-2		AERX01076659.2	AERX01076659.2	NT_172181.1
oreNil2:AERX01076660-2	AERX01076660-2		AERX01076660.2	AERX01076660.2	NT_172182.1
oreNil2:AERX01076661-1	AERX01076661-1		AERX01076661.1	AERX01076661.1	NT_172183.1
oreNil2:AERX01076662-1	AERX01076662-1		AERX01076662.1	AERX01076662.1	NT_172184.1
oreNil2:AERX01076663-1	AERX01076663-1		AERX01076663.1	AERX01076663.1	NT_172185.1
oreNil2:AERX01076664-2	AERX01076664-2		AERX01076664.2	AERX01076664.2	NT_172186.1
oreNil2:AERX01076665-2	AERX01076665-2		AERX01076665.2	AERX01076665.2	NT_172187.1
oreNil2:AERX01076666-1	AERX01076666-1		AERX01076666.1	AERX01076666.1	NT_172188.1
oreNil2:AERX01076667-1	AERX01076667-1		AERX01076667.1	AERX01076667.1	NT_172189.1
oreNil2:AERX01076668-2	AERX01076668-2		AERX01076668.2	AERX01076668.2	NT_172190.1
oreNil2:AERX01076669-1	AERX01076669-1			AERX01076669.1	NT_172191.1
oreNil2:AERX01076670-1	AERX01076670-1		AERX01076670.1	AERX01076670.1	NT_172192.1
oreNil2:AERX01076671-2	AERX01076671-2		AERX01076671.2	AERX01076671.2	NT_172193.1
oreNil2:AERX01076672-1	AERX01076672-1			AERX01076672.1	NT_172194.1
oreNil2:AERX01076673-2	AERX01076673-2		AERX01076673.2	AERX01076673.2	NT_172195.1
oreNil2:AERX01076674-2	AERX01076674-2		AERX01076674.2	AERX01076674.2	NT_172196.1
oreNil2:AERX01076675-2	AERX01076675-2		AERX01076675.2	AERX01076675.2	NT_172197.1
oreNil2:AERX01076676-2	AERX01076676-2		AERX01076676.2	AERX01076676.2	NT_172198.1
oreNil2:AERX01076677-2	AERX01076677-2		AERX01076677.2	AERX01076677.2	NT_172199.1
oreNil2:AERX01076678-2	AERX01076678-2		AERX01076678.2	AERX01076678.2	NT_172200.1
oreNil2:AERX01076679-2	AERX01076679-2		AERX01076679.2	AERX01076679.2	NT_172201.1
oreNil2:AERX01076680-1	AERX01076680-1		AERX01076680.1	AERX01076680.1	NT_172202.1
oreNil2:AERX01076681-1	AERX01076681-1		AERX01076681.1	AERX01076681.1	NT_172203.1
oreNil2:AERX01076682-2	AERX01076682-2		AERX01076682.2	AERX01076682.2	NT_172204.1
oreNil2:AERX01076683-2	AERX01076683-2		AERX01076683.2	AERX01076683.2	NT_172205.1
oreNil2:AERX01076684-1	AERX01076684-1		AERX01076684.1	AERX01076684.1	NT_172206.1
oreNil2:AERX01076685-2	AERX01076685-2		AERX01076685.2	AERX01076685.2	NT_172207.1
oreNil2:AERX01076686-2	AERX01076686-2		AERX01076686.2	AERX01076686.2	NT_172208.1
oreNil2:AERX01076687-2	AERX01076687-2		AERX01076687.2	AERX01076687.2	NT_172209.1
oreNil2:AERX01076688-1	AERX01076688-1		AERX01076688.1	AERX01076688.1	NT_172210.1
oreNil2:AERX01076689-2	AERX01076689-2		AERX01076689.2	AERX01076689.2	NT_172211.1
oreNil2:AERX01076690-1	AERX01076690-1		AERX01076690.1	AERX01076690.1	NT_172212.1
oreNil2:AERX01076691-1	AERX01076691-1		AERX01076691.1	AERX01076691.1	NT_172213.1
oreNil2:AERX01076692-1	AERX01076692-1		AERX01076692.1	AERX01076692.1	NT_172214.1
oreNil2:AERX01076693-2	AERX01076693-2		AERX01076693.2	AERX01076693.2	NT_172215.1
oreNil2:AERX01076694-1	AERX01076694-1		AERX01076694.1	AERX01076694.1	NT_172216.1
oreNil2:AERX01076695-2	AERX01076695-2		AERX01076695.2	AERX01076695.2	NT_172217.1
oreNil2:AERX01076696-2	AERX01076696-2		AERX01076696.2	AERX01076696.2	NT_172218.1
oreNil2:AERX01076697-1	AERX01076697-1		AERX01076697.1	AERX01076697.1	NT_172219.1
oreNil2:AERX01076698-2	AERX01076698-2		AERX01076698.2	AERX01076698.2	NT_172220.1
oreNil2:AERX01076699-2	AERX01076699-2		AERX01076699.2	AERX01076699.2	NT_172221.1
oreNil2:AERX01076700-2	AERX01076700-2		AERX01076700.2	AERX01076700.2	NT_172222.1
oreNil2:AERX01076701-1	AERX01076701-1		AERX01076701.1	AERX01076701.1	NT_172223.1
oreNil2:AERX01076702-2	AERX01076702-2		AERX01076702.2	AERX01076702.2	NT_172224.1
oreNil2:AERX01076703-2	AERX01076703-2		AERX01076703.2	AERX01076703.2	NT_172225.1
oreNil2:AERX01076704-1	AERX01076704-1		AERX01076704.1	AERX01076704.1	NT_172226.1
oreNil2:AERX01076705-2	AERX01076705-2		AERX01076705.2	AERX01076705.2	NT_172227.1
oreNil2:AERX01076706-2	AERX01076706-2		AERX01076706.2	AERX01076706.2	NT_172228.1
oreNil2:AERX01076707-2	AERX01076707-2		AERX01076707.2	AERX01076707.2	NT_172229.1
oreNil2:AERX01076708-1	AERX01076708-1		AERX01076708.1	AERX01076708.1	NT_172230.1
oreNil2:AERX01076709-2	AERX01076709-2		AERX01076709.2	AERX01076709.2	NT_172231.1
oreNil2:AERX01076710-2	AERX01076710-2		AERX01076710.2	AERX01076710.2	NT_172232.1
oreNil2:AERX01076711-2	AERX01076711-2		AERX01076711.2	AERX01076711.2	NT_172233.1
oreNil2:AERX01076712-1	AERX01076712-1		AERX01076712.1	AERX01076712.1	NT_172234.1
oreNil2:AERX01076713-1	AERX01076713-1		AERX01076713.1	AERX01076713.1	NT_172235.1
oreNil2:AERX01076714-2	AERX01076714-2		AERX01076714.2	AERX01076714.2	NT_172236.1
oreNil2:AERX01076715-2	AERX01076715-2		AERX01076715.2	AERX01076715.2	NT_172237.1
oreNil2:AERX01076716-1	AERX01076716-1		AERX01076716.1	AERX01076716.1	NT_172238.1
oreNil2:AERX01076717-1	AERX01076717-1		AERX01076717.1	AERX01076717.1	NT_172239.1
oreNil2:AERX01076718-2	AERX01076718-2		AERX01076718.2	AERX01076718.2	NT_172240.1
oreNil2:AERX01076719-1	AERX01076719-1		AERX01076719.1	AERX01076719.1	NT_172241.1
oreNil2:AERX01076720-1	AERX01076720-1			AERX01076720.1	NT_172242.1
oreNil2:AERX01076721-1	AERX01076721-1		AERX01076721.1	AERX01076721.1	NT_172243.1
oreNil2:AERX01076722-2	AERX01076722-2		AERX01076722.2	AERX01076722.2	NT_172244.1
oreNil2:AERX01076723-1	AERX01076723-1		AERX01076723.1	AERX01076723.1	NT_172245.1
oreNil2:AERX01076724-1	AERX01076724-1		AERX01076724.1	AERX01076724.1	NT_172246.1
oreNil2:AERX01076725-1	AERX01076725-1		AERX01076725.1	AERX01076725.1	NT_172247.1
oreNil2:AERX01076726-1	AERX01076726-1		AERX01076726.1	AERX01076726.1	NT_172248.1
oreNil2:AERX01076727-1	AERX01076727-1		AERX01076727.1	AERX01076727.1	NT_172249.1
oreNil2:AERX01076728-1	AERX01076728-1		AERX01076728.1	AERX01076728.1	NT_172250.1
oreNil2:AERX01076729-1	AERX01076729-1		AERX01076729.1	AERX01076729.1	NT_172251.1
oreNil2:AERX01076730-1	AERX01076730-1		AERX01076730.1	AERX01076730.1	NT_172252.1
oreNil2:AERX01076731-1	AERX01076731-1		AERX01076731.1	AERX01076731.1	NT_172253.1
oreNil2:AERX01076732-2	AERX01076732-2		AERX01076732.2	AERX01076732.2	NT_172254.1
oreNil2:AERX01076733-1	AERX01076733-1		AERX01076733.1	AERX01076733.1	NT_172255.1
oreNil2:AERX01076734-2	AERX01076734-2		AERX01076734.2	AERX01076734.2	NT_172256.1
oreNil2:AERX01076735-1	AERX01076735-1		AERX01076735.1	AERX01076735.1	NT_172257.1
oreNil2:AERX01076736-2	AERX01076736-2		AERX01076736.2	AERX01076736.2	NT_172258.1
oreNil2:AERX01076737-1	AERX01076737-1		AERX01076737.1	AERX01076737.1	NT_172259.1
oreNil2:AERX01076738-1	AERX01076738-1		AERX01076738.1	AERX01076738.1	NT_172260.1
oreNil2:AERX01076739-1	AERX01076739-1		AERX01076739.1	AERX01076739.1	NT_172261.1
oreNil2:AERX01076740-1	AERX01076740-1		AERX01076740.1	AERX01076740.1	NT_172262.1
oreNil2:AERX01076741-2	AERX01076741-2		AERX01076741.2	AERX01076741.2	NT_172263.1
oreNil2:AERX01076742-1	AERX01076742-1		AERX01076742.1	AERX01076742.1	NT_172264.1
oreNil2:AERX01076743-1	AERX01076743-1		AERX01076743.1	AERX01076743.1	NT_172265.1
oreNil2:AERX01076744-2	AERX01076744-2		AERX01076744.2	AERX01076744.2	NT_172266.1
oreNil2:AERX01076745-1	AERX01076745-1		AERX01076745.1	AERX01076745.1	NT_172267.1
oreNil2:AERX01076746-2	AERX01076746-2		AERX01076746.2	AERX01076746.2	NT_172268.1
oreNil2:AERX01076747-1	AERX01076747-1		AERX01076747.1	AERX01076747.1	NT_172269.1
oreNil2:AERX01076748-2	AERX01076748-2		AERX01076748.2	AERX01076748.2	NT_172270.1
oreNil2:AERX01076749-1	AERX01076749-1		AERX01076749.1	AERX01076749.1	NT_172271.1
oreNil2:AERX01076750-1	AERX01076750-1		AERX01076750.1	AERX01076750.1	NT_172272.1
oreNil2:AERX01076751-1	AERX01076751-1		AERX01076751.1	AERX01076751.1	NT_172273.1
oreNil2:AERX01076752-1	AERX01076752-1		AERX01076752.1	AERX01076752.1	NT_172274.1
oreNil2:AERX01076753-1	AERX01076753-1		AERX01076753.1	AERX01076753.1	NT_172275.1
oreNil2:AERX01076754-2	AERX01076754-2		AERX01076754.2	AERX01076754.2	NT_172276.1
oreNil2:AERX01076755-1	AERX01076755-1			AERX01076755.1	NT_172277.1
oreNil2:AERX01076756-1	AERX01076756-1		AERX01076756.1	AERX01076756.1	NT_172278.1
oreNil2:AERX01076757-2	AERX01076757-2		AERX01076757.2	AERX01076757.2	NT_172279.1
oreNil2:AERX01076758-1	AERX01076758-1		AERX01076758.1	AERX01076758.1	NT_172280.1
oreNil2:AERX01076759-1	AERX01076759-1		AERX01076759.1	AERX01076759.1	NT_172281.1
oreNil2:AERX01076760-2	AERX01076760-2		AERX01076760.2	AERX01076760.2	NT_172282.1
oreNil2:AERX01076761-1	AERX01076761-1		AERX01076761.1	AERX01076761.1	NT_172283.1
oreNil2:AERX01076762-1	AERX01076762-1		AERX01076762.1	AERX01076762.1	NT_172284.1
oreNil2:AERX01076763-1	AERX01076763-1			AERX01076763.1	NT_172285.1
oreNil2:AERX01076764-1	AERX01076764-1		AERX01076764.1	AERX01076764.1	NT_172286.1
oreNil2:AERX01076765-2	AERX01076765-2		AERX01076765.2	AERX01076765.2	NT_172287.1
oreNil2:AERX01076766-2	AERX01076766-2		AERX01076766.2	AERX01076766.2	NT_172288.1
oreNil2:AERX01076767-1	AERX01076767-1		AERX01076767.1	AERX01076767.1	NT_172289.1
oreNil2:AERX01076768-1	AERX01076768-1		AERX01076768.1	AERX01076768.1	NT_172290.1
oreNil2:AERX01076769-1	AERX01076769-1		AERX01076769.1	AERX01076769.1	NT_172291.1
oreNil2:AERX01076770-1	AERX01076770-1		AERX01076770.1	AERX01076770.1	NT_172292.1
oreNil2:AERX01076771-2	AERX01076771-2		AERX01076771.2	AERX01076771.2	NT_172293.1
oreNil2:AERX01076772-1	AERX01076772-1			AERX01076772.1	NT_172294.1
oreNil2:AERX01076773-1	AERX01076773-1		AERX01076773.1	AERX01076773.1	NT_172295.1
oreNil2:AERX01076774-1	AERX01076774-1		AERX01076774.1	AERX01076774.1	NT_172296.1
oreNil2:AERX01076775-1	AERX01076775-1			AERX01076775.1	NT_172297.1
oreNil2:AERX01076776-2	AERX01076776-2		AERX01076776.2	AERX01076776.2	NT_172298.1
oreNil2:AERX01076777-2	AERX01076777-2		AERX01076777.2	AERX01076777.2	NT_172299.1
oreNil2:AERX01076778-2	AERX01076778-2		AERX01076778.2	AERX01076778.2	NT_172300.1
oreNil2:AERX01076779-1	AERX01076779-1		AERX01076779.1	AERX01076779.1	NT_172301.1
oreNil2:AERX01076780-2	AERX01076780-2		AERX01076780.2	AERX01076780.2	NT_172302.1
oreNil2:AERX01076781-1	AERX01076781-1		AERX01076781.1	AERX01076781.1	NT_172303.1
oreNil2:AERX01076782-1	AERX01076782-1		AERX01076782.1	AERX01076782.1	NT_172304.1
oreNil2:AERX01076783-1	AERX01076783-1		AERX01076783.1	AERX01076783.1	NT_172305.1
oreNil2:AERX01076784-2	AERX01076784-2		AERX01076784.2	AERX01076784.2	NT_172306.1
oreNil2:AERX01076785-2	AERX01076785-2		AERX01076785.2	AERX01076785.2	NT_172307.1
oreNil2:AERX01076786-1	AERX01076786-1		AERX01076786.1	AERX01076786.1	NT_172308.1
oreNil2:AERX01076787-2	AERX01076787-2		AERX01076787.2	AERX01076787.2	NT_172309.1
oreNil2:AERX01076788-1	AERX01076788-1		AERX01076788.1	AERX01076788.1	NT_172310.1
oreNil2:AERX01076789-2	AERX01076789-2		AERX01076789.2	AERX01076789.2	NT_172311.1
oreNil2:AERX01076790-2	AERX01076790-2		AERX01076790.2	AERX01076790.2	NT_172312.1
oreNil2:AERX01076791-2	AERX01076791-2		AERX01076791.2	AERX01076791.2	NT_172313.1
oreNil2:AERX01076792-1	AERX01076792-1		AERX01076792.1	AERX01076792.1	NT_172314.1
oreNil2:AERX01076793-1	AERX01076793-1		AERX01076793.1	AERX01076793.1	NT_172315.1
oreNil2:AERX01076794-2	AERX01076794-2		AERX01076794.2	AERX01076794.2	NT_172316.1
oreNil2:AERX01076795-2	AERX01076795-2		AERX01076795.2	AERX01076795.2	NT_172317.1
oreNil2:AERX01076796-2	AERX01076796-2		AERX01076796.2	AERX01076796.2	NT_172318.1
oreNil2:AERX01076797-1	AERX01076797-1		AERX01076797.1	AERX01076797.1	NT_172319.1
oreNil2:AERX01076798-1	AERX01076798-1		AERX01076798.1	AERX01076798.1	NT_172320.1
oreNil2:AERX01076799-2	AERX01076799-2		AERX01076799.2	AERX01076799.2	NT_172321.1
oreNil2:AERX01076800-1	AERX01076800-1		AERX01076800.1	AERX01076800.1	NT_172322.1
oreNil2:AERX01076801-2	AERX01076801-2		AERX01076801.2	AERX01076801.2	NT_172323.1
oreNil2:AERX01076802-1	AERX01076802-1		AERX01076802.1	AERX01076802.1	NT_172324.1
oreNil2:AERX01076803-2	AERX01076803-2		AERX01076803.2	AERX01076803.2	NT_172325.1
oreNil2:AERX01076804-1	AERX01076804-1		AERX01076804.1	AERX01076804.1	NT_172326.1
oreNil2:AERX01076805-1	AERX01076805-1			AERX01076805.1	NT_172327.1
oreNil2:AERX01076806-1	AERX01076806-1		AERX01076806.1	AERX01076806.1	NT_172328.1
oreNil2:AERX01076807-2	AERX01076807-2		AERX01076807.2	AERX01076807.2	NT_172329.1
oreNil2:AERX01076808-2	AERX01076808-2		AERX01076808.2	AERX01076808.2	NT_172330.1
oreNil2:AERX01076809-2	AERX01076809-2		AERX01076809.2	AERX01076809.2	NT_172331.1
oreNil2:AERX01076810-2	AERX01076810-2		AERX01076810.2	AERX01076810.2	NT_172332.1
oreNil2:AERX01076811-1	AERX01076811-1		AERX01076811.1	AERX01076811.1	NT_172333.1
oreNil2:AERX01076812-1	AERX01076812-1		AERX01076812.1	AERX01076812.1	NT_172334.1
oreNil2:AERX01076813-2	AERX01076813-2		AERX01076813.2	AERX01076813.2	NT_172335.1
oreNil2:AERX01076814-1	AERX01076814-1		AERX01076814.1	AERX01076814.1	NT_172336.1
oreNil2:AERX01076815-2	AERX01076815-2		AERX01076815.2	AERX01076815.2	NT_172337.1
oreNil2:AERX01076816-2	AERX01076816-2		AERX01076816.2	AERX01076816.2	NT_172338.1
oreNil2:AERX01076817-1	AERX01076817-1		AERX01076817.1	AERX01076817.1	NT_172339.1
oreNil2:AERX01076818-1	AERX01076818-1		AERX01076818.1	AERX01076818.1	NT_172340.1
oreNil2:AERX01076819-1	AERX01076819-1		AERX01076819.1	AERX01076819.1	NT_172341.1
oreNil2:AERX01076820-1	AERX01076820-1		AERX01076820.1	AERX01076820.1	NT_172342.1
oreNil2:AERX01076821-1	AERX01076821-1		AERX01076821.1	AERX01076821.1	NT_172343.1
oreNil2:AERX01076822-2	AERX01076822-2		AERX01076822.2	AERX01076822.2	NT_172344.1
oreNil2:AERX01076823-2	AERX01076823-2		AERX01076823.2	AERX01076823.2	NT_172345.1
oreNil2:AERX01076824-2	AERX01076824-2		AERX01076824.2	AERX01076824.2	NT_172346.1
oreNil2:AERX01076825-2	AERX01076825-2		AERX01076825.2	AERX01076825.2	NT_172347.1
oreNil2:AERX01076826-2	AERX01076826-2		AERX01076826.2	AERX01076826.2	NT_172348.1
oreNil2:AERX01076827-1	AERX01076827-1		AERX01076827.1	AERX01076827.1	NT_172349.1
oreNil2:AERX01076828-1	AERX01076828-1		AERX01076828.1	AERX01076828.1	NT_172350.1
oreNil2:AERX01076829-1	AERX01076829-1		AERX01076829.1	AERX01076829.1	NT_172351.1
oreNil2:AERX01076830-1	AERX01076830-1		AERX01076830.1	AERX01076830.1	NT_172352.1
oreNil2:AERX01076831-1	AERX01076831-1		AERX01076831.1	AERX01076831.1	NT_172353.1
oreNil2:AERX01076832-1	AERX01076832-1		AERX01076832.1	AERX01076832.1	NT_172354.1
oreNil2:AERX01076833-1	AERX01076833-1		AERX01076833.1	AERX01076833.1	NT_172355.1
oreNil2:AERX01076834-1	AERX01076834-1		AERX01076834.1	AERX01076834.1	NT_172356.1
oreNil2:AERX01076835-2	AERX01076835-2		AERX01076835.2	AERX01076835.2	NT_172357.1
oreNil2:AERX01076836-1	AERX01076836-1		AERX01076836.1	AERX01076836.1	NT_172358.1
oreNil2:AERX01076837-1	AERX01076837-1		AERX01076837.1	AERX01076837.1	NT_172359.1
oreNil2:AERX01076838-2	AERX01076838-2		AERX01076838.2	AERX01076838.2	NT_172360.1
oreNil2:AERX01076839-1	AERX01076839-1		AERX01076839.1	AERX01076839.1	NT_172361.1
oreNil2:AERX01076840-2	AERX01076840-2		AERX01076840.2	AERX01076840.2	NT_172362.1
oreNil2:AERX01076841-1	AERX01076841-1			AERX01076841.1	NT_172363.1
oreNil2:AERX01076842-1	AERX01076842-1		AERX01076842.1	AERX01076842.1	NT_172364.1
oreNil2:AERX01076843-2	AERX01076843-2		AERX01076843.2	AERX01076843.2	NT_172365.1
oreNil2:AERX01076844-1	AERX01076844-1		AERX01076844.1	AERX01076844.1	NT_172366.1
oreNil2:AERX01076845-2	AERX01076845-2		AERX01076845.2	AERX01076845.2	NT_172367.1
oreNil2:AERX01076846-1	AERX01076846-1		AERX01076846.1	AERX01076846.1	NT_172368.1
oreNil2:AERX01076847-1	AERX01076847-1		AERX01076847.1	AERX01076847.1	NT_172369.1
oreNil2:AERX01076848-2	AERX01076848-2		AERX01076848.2	AERX01076848.2	NT_172370.1
oreNil2:AERX01076849-1	AERX01076849-1		AERX01076849.1	AERX01076849.1	NT_172371.1
oreNil2:AERX01076850-2	AERX01076850-2		AERX01076850.2	AERX01076850.2	NT_172372.1
oreNil2:AERX01076851-1	AERX01076851-1		AERX01076851.1	AERX01076851.1	NT_172373.1
oreNil2:AERX01076852-2	AERX01076852-2		AERX01076852.2	AERX01076852.2	NT_172374.1
oreNil2:AERX01076853-1	AERX01076853-1		AERX01076853.1	AERX01076853.1	NT_172375.1
oreNil2:AERX01076854-1	AERX01076854-1		AERX01076854.1	AERX01076854.1	NT_172376.1
oreNil2:AERX01076855-1	AERX01076855-1		AERX01076855.1	AERX01076855.1	NT_172377.1
oreNil2:AERX01076856-2	AERX01076856-2		AERX01076856.2	AERX01076856.2	NT_172378.1
oreNil2:AERX01076857-2	AERX01076857-2		AERX01076857.2	AERX01076857.2	NT_172379.1
oreNil2:AERX01076858-1	AERX01076858-1		AERX01076858.1	AERX01076858.1	NT_172380.1
oreNil2:AERX01076859-2	AERX01076859-2		AERX01076859.2	AERX01076859.2	NT_172381.1
oreNil2:AERX01076860-1	AERX01076860-1		AERX01076860.1	AERX01076860.1	NT_172382.1
oreNil2:AERX01076861-2	AERX01076861-2		AERX01076861.2	AERX01076861.2	NT_172383.1
oreNil2:AERX01076862-1	AERX01076862-1		AERX01076862.1	AERX01076862.1	NT_172384.1
oreNil2:AERX01076863-1	AERX01076863-1		AERX01076863.1	AERX01076863.1	NT_172385.1
oreNil2:AERX01076864-1	AERX01076864-1		AERX01076864.1	AERX01076864.1	NT_172386.1
oreNil2:AERX01076865-1	AERX01076865-1		AERX01076865.1	AERX01076865.1	NT_172387.1
oreNil2:AERX01076866-2	AERX01076866-2		AERX01076866.2	AERX01076866.2	NT_172388.1
oreNil2:AERX01076867-1	AERX01076867-1		AERX01076867.1	AERX01076867.1	NT_172389.1
oreNil2:AERX01076868-1	AERX01076868-1		AERX01076868.1	AERX01076868.1	NT_172390.1
oreNil2:AERX01076869-1	AERX01076869-1		AERX01076869.1	AERX01076869.1	NT_172391.1
oreNil2:AERX01076870-2	AERX01076870-2		AERX01076870.2	AERX01076870.2	NT_172392.1
oreNil2:AERX01076871-1	AERX01076871-1		AERX01076871.1	AERX01076871.1	NT_172393.1
oreNil2:AERX01076872-2	AERX01076872-2		AERX01076872.2	AERX01076872.2	NT_172394.1
oreNil2:AERX01076873-2	AERX01076873-2		AERX01076873.2	AERX01076873.2	NT_172395.1
oreNil2:AERX01076874-1	AERX01076874-1		AERX01076874.1	AERX01076874.1	NT_172396.1
oreNil2:AERX01076875-1	AERX01076875-1		AERX01076875.1	AERX01076875.1	NT_172397.1
oreNil2:AERX01076876-1	AERX01076876-1		AERX01076876.1	AERX01076876.1	NT_172398.1
oreNil2:AERX01076877-1	AERX01076877-1		AERX01076877.1	AERX01076877.1	NT_172399.1
oreNil2:AERX01076878-1	AERX01076878-1		AERX01076878.1	AERX01076878.1	NT_172400.1
oreNil2:AERX01076879-2	AERX01076879-2		AERX01076879.2	AERX01076879.2	NT_172401.1
oreNil2:AERX01076880-1	AERX01076880-1		AERX01076880.1	AERX01076880.1	NT_172402.1
oreNil2:AERX01076881-1	AERX01076881-1		AERX01076881.1	AERX01076881.1	NT_172403.1
oreNil2:AERX01076882-1	AERX01076882-1			AERX01076882.1	NT_172404.1
oreNil2:AERX01076883-1	AERX01076883-1		AERX01076883.1	AERX01076883.1	NT_172405.1
oreNil2:AERX01076884-2	AERX01076884-2		AERX01076884.2	AERX01076884.2	NT_172406.1
oreNil2:AERX01076885-1	AERX01076885-1		AERX01076885.1	AERX01076885.1	NT_172407.1
oreNil2:AERX01076886-2	AERX01076886-2		AERX01076886.2	AERX01076886.2	NT_172408.1
oreNil2:AERX01076887-2	AERX01076887-2		AERX01076887.2	AERX01076887.2	NT_172409.1
oreNil2:AERX01076888-1	AERX01076888-1		AERX01076888.1	AERX01076888.1	NT_172410.1
oreNil2:AERX01076889-2	AERX01076889-2		AERX01076889.2	AERX01076889.2	NT_172411.1
oreNil2:AERX01076890-2	AERX01076890-2		AERX01076890.2	AERX01076890.2	NT_172412.1
oreNil2:AERX01076891-1	AERX01076891-1		AERX01076891.1	AERX01076891.1	NT_172413.1
oreNil2:AERX01076892-1	AERX01076892-1		AERX01076892.1	AERX01076892.1	NT_172414.1
oreNil2:AERX01076893-2	AERX01076893-2		AERX01076893.2	AERX01076893.2	NT_172415.1
oreNil2:AERX01076894-1	AERX01076894-1		AERX01076894.1	AERX01076894.1	NT_172416.1
oreNil2:AERX01076895-1	AERX01076895-1			AERX01076895.1	NT_172417.1
oreNil2:AERX01076896-1	AERX01076896-1		AERX01076896.1	AERX01076896.1	NT_172418.1
oreNil2:AERX01076897-1	AERX01076897-1		AERX01076897.1	AERX01076897.1	NT_172419.1
oreNil2:AERX01076898-1	AERX01076898-1		AERX01076898.1	AERX01076898.1	NT_172420.1
oreNil2:AERX01076899-1	AERX01076899-1		AERX01076899.1	AERX01076899.1	NT_172421.1
oreNil2:AERX01076900-2	AERX01076900-2		AERX01076900.2	AERX01076900.2	NT_172422.1
oreNil2:AERX01076901-1	AERX01076901-1		AERX01076901.1	AERX01076901.1	NT_172423.1
oreNil2:AERX01076902-1	AERX01076902-1		AERX01076902.1	AERX01076902.1	NT_172424.1
oreNil2:AERX01076903-1	AERX01076903-1		AERX01076903.1	AERX01076903.1	NT_172425.1
oreNil2:AERX01076904-1	AERX01076904-1		AERX01076904.1	AERX01076904.1	NT_172426.1
oreNil2:AERX01076905-2	AERX01076905-2		AERX01076905.2	AERX01076905.2	NT_172427.1
oreNil2:AERX01076906-1	AERX01076906-1		AERX01076906.1	AERX01076906.1	NT_172428.1
oreNil2:AERX01076907-1	AERX01076907-1		AERX01076907.1	AERX01076907.1	NT_172429.1
oreNil2:AERX01076908-1	AERX01076908-1		AERX01076908.1	AERX01076908.1	NT_172430.1
oreNil2:AERX01076909-2	AERX01076909-2		AERX01076909.2	AERX01076909.2	NT_172431.1
oreNil2:AERX01076910-1	AERX01076910-1		AERX01076910.1	AERX01076910.1	NT_172432.1
oreNil2:AERX01076911-1	AERX01076911-1		AERX01076911.1	AERX01076911.1	NT_172433.1
oreNil2:AERX01076912-2	AERX01076912-2		AERX01076912.2	AERX01076912.2	NT_172434.1
oreNil2:AERX01076913-1	AERX01076913-1		AERX01076913.1	AERX01076913.1	NT_172435.1
oreNil2:AERX01076914-2	AERX01076914-2		AERX01076914.2	AERX01076914.2	NT_172436.1
oreNil2:AERX01076915-1	AERX01076915-1		AERX01076915.1	AERX01076915.1	NT_172437.1
oreNil2:AERX01076916-2	AERX01076916-2		AERX01076916.2	AERX01076916.2	NT_172438.1
oreNil2:AERX01076917-2	AERX01076917-2		AERX01076917.2	AERX01076917.2	NT_172439.1
oreNil2:AERX01076918-1	AERX01076918-1		AERX01076918.1	AERX01076918.1	NT_172440.1
oreNil2:AERX01076919-1	AERX01076919-1		AERX01076919.1	AERX01076919.1	NT_172441.1
oreNil2:AERX01076920-2	AERX01076920-2		AERX01076920.2	AERX01076920.2	NT_172442.1
oreNil2:AERX01076921-2	AERX01076921-2		AERX01076921.2	AERX01076921.2	NT_172443.1
oreNil2:AERX01076922-2	AERX01076922-2		AERX01076922.2	AERX01076922.2	NT_172444.1
oreNil2:AERX01076923-1	AERX01076923-1		AERX01076923.1	AERX01076923.1	NT_172445.1
oreNil2:AERX01076924-2	AERX01076924-2		AERX01076924.2	AERX01076924.2	NT_172446.1
oreNil2:AERX01076925-2	AERX01076925-2		AERX01076925.2	AERX01076925.2	NT_172447.1
oreNil2:AERX01076926-1	AERX01076926-1		AERX01076926.1	AERX01076926.1	NT_172448.1
oreNil2:AERX01076927-1	AERX01076927-1		AERX01076927.1	AERX01076927.1	NT_172449.1
oreNil2:AERX01076928-1	AERX01076928-1		AERX01076928.1	AERX01076928.1	NT_172450.1
oreNil2:AERX01076929-1	AERX01076929-1		AERX01076929.1	AERX01076929.1	NT_172451.1
oreNil2:AERX01076930-1	AERX01076930-1		AERX01076930.1	AERX01076930.1	NT_172452.1
oreNil2:AERX01076931-2	AERX01076931-2		AERX01076931.2	AERX01076931.2	NT_172453.1
oreNil2:AERX01076932-1	AERX01076932-1		AERX01076932.1	AERX01076932.1	NT_172454.1
oreNil2:AERX01076933-2	AERX01076933-2		AERX01076933.2	AERX01076933.2	NT_172455.1
oreNil2:AERX01076934-2	AERX01076934-2		AERX01076934.2	AERX01076934.2	NT_172456.1
oreNil2:AERX01076935-1	AERX01076935-1		AERX01076935.1	AERX01076935.1	NT_172457.1
oreNil2:AERX01076936-1	AERX01076936-1		AERX01076936.1	AERX01076936.1	NT_172458.1
oreNil2:AERX01076937-1	AERX01076937-1		AERX01076937.1	AERX01076937.1	NT_172459.1
oreNil2:AERX01076938-1	AERX01076938-1		AERX01076938.1	AERX01076938.1	NT_172460.1
oreNil2:AERX01076939-2	AERX01076939-2		AERX01076939.2	AERX01076939.2	NT_172461.1
oreNil2:AERX01076940-1	AERX01076940-1		AERX01076940.1	AERX01076940.1	NT_172462.1
oreNil2:AERX01076941-2	AERX01076941-2		AERX01076941.2	AERX01076941.2	NT_172463.1
oreNil2:AERX01076942-1	AERX01076942-1		AERX01076942.1	AERX01076942.1	NT_172464.1
oreNil2:AERX01076943-1	AERX01076943-1		AERX01076943.1	AERX01076943.1	NT_172465.1
oreNil2:AERX01076944-2	AERX01076944-2		AERX01076944.2	AERX01076944.2	NT_172466.1
oreNil2:AERX01076945-2	AERX01076945-2		AERX01076945.2	AERX01076945.2	NT_172467.1
oreNil2:AERX01076946-1	AERX01076946-1		AERX01076946.1	AERX01076946.1	NT_172468.1
oreNil2:AERX01076947-1	AERX01076947-1		AERX01076947.1	AERX01076947.1	NT_172469.1
oreNil2:AERX01076948-2	AERX01076948-2		AERX01076948.2	AERX01076948.2	NT_172470.1
oreNil2:AERX01076949-1	AERX01076949-1		AERX01076949.1	AERX01076949.1	NT_172471.1
oreNil2:AERX01076950-1	AERX01076950-1		AERX01076950.1	AERX01076950.1	NT_172472.1
oreNil2:AERX01076951-1	AERX01076951-1		AERX01076951.1	AERX01076951.1	NT_172473.1
oreNil2:AERX01076952-1	AERX01076952-1			AERX01076952.1	NT_172474.1
oreNil2:AERX01076953-2	AERX01076953-2		AERX01076953.2	AERX01076953.2	NT_172475.1
oreNil2:AERX01076954-2	AERX01076954-2		AERX01076954.2	AERX01076954.2	NT_172476.1
oreNil2:AERX01076955-1	AERX01076955-1		AERX01076955.1	AERX01076955.1	NT_172477.1
oreNil2:AERX01076956-1	AERX01076956-1		AERX01076956.1	AERX01076956.1	NT_172478.1
oreNil2:AERX01076957-1	AERX01076957-1		AERX01076957.1	AERX01076957.1	NT_172479.1
oreNil2:AERX01076958-1	AERX01076958-1		AERX01076958.1	AERX01076958.1	NT_172480.1
oreNil2:AERX01076959-1	AERX01076959-1		AERX01076959.1	AERX01076959.1	NT_172481.1
oreNil2:AERX01076960-1	AERX01076960-1			AERX01076960.1	NT_172482.1
oreNil2:AERX01076961-2	AERX01076961-2		AERX01076961.2	AERX01076961.2	NT_172483.1
oreNil2:AERX01076962-2	AERX01076962-2		AERX01076962.2	AERX01076962.2	NT_172484.1
oreNil2:AERX01076963-2	AERX01076963-2		AERX01076963.2	AERX01076963.2	NT_172485.1
oreNil2:AERX01076964-1	AERX01076964-1		AERX01076964.1	AERX01076964.1	NT_172486.1
oreNil2:AERX01076965-1	AERX01076965-1		AERX01076965.1	AERX01076965.1	NT_172487.1
oreNil2:AERX01076966-1	AERX01076966-1		AERX01076966.1	AERX01076966.1	NT_172488.1
oreNil2:AERX01076967-2	AERX01076967-2		AERX01076967.2	AERX01076967.2	NT_172489.1
oreNil2:AERX01076968-1	AERX01076968-1		AERX01076968.1	AERX01076968.1	NT_172490.1
oreNil2:AERX01076969-1	AERX01076969-1		AERX01076969.1	AERX01076969.1	NT_172491.1
oreNil2:AERX01076970-2	AERX01076970-2		AERX01076970.2	AERX01076970.2	NT_172492.1
oreNil2:AERX01076971-1	AERX01076971-1		AERX01076971.1	AERX01076971.1	NT_172493.1
oreNil2:AERX01076972-2	AERX01076972-2		AERX01076972.2	AERX01076972.2	NT_172494.1
oreNil2:AERX01076973-2	AERX01076973-2		AERX01076973.2	AERX01076973.2	NT_172495.1
oreNil2:AERX01076974-2	AERX01076974-2		AERX01076974.2	AERX01076974.2	NT_172496.1
oreNil2:AERX01076975-2	AERX01076975-2		AERX01076975.2	AERX01076975.2	NT_172497.1
oreNil2:AERX01076976-2	AERX01076976-2		AERX01076976.2	AERX01076976.2	NT_172498.1
oreNil2:AERX01076977-1	AERX01076977-1		AERX01076977.1	AERX01076977.1	NT_172499.1
oreNil2:AERX01076978-1	AERX01076978-1		AERX01076978.1	AERX01076978.1	NT_172500.1
oreNil2:AERX01076979-1	AERX01076979-1		AERX01076979.1	AERX01076979.1	NT_172501.1
oreNil2:AERX01076980-1	AERX01076980-1		AERX01076980.1	AERX01076980.1	NT_172502.1
oreNil2:AERX01076981-1	AERX01076981-1		AERX01076981.1	AERX01076981.1	NT_172503.1
oreNil2:AERX01076982-2	AERX01076982-2		AERX01076982.2	AERX01076982.2	NT_172504.1
oreNil2:AERX01076983-1	AERX01076983-1		AERX01076983.1	AERX01076983.1	NT_172505.1
oreNil2:AERX01076984-1	AERX01076984-1		AERX01076984.1	AERX01076984.1	NT_172506.1
oreNil2:AERX01076985-1	AERX01076985-1		AERX01076985.1	AERX01076985.1	NT_172507.1
oreNil2:AERX01076986-2	AERX01076986-2		AERX01076986.2	AERX01076986.2	NT_172508.1
oreNil2:AERX01076987-1	AERX01076987-1			AERX01076987.1	NT_172509.1
oreNil2:AERX01076988-2	AERX01076988-2		AERX01076988.2	AERX01076988.2	NT_172510.1
oreNil2:AERX01076989-2	AERX01076989-2		AERX01076989.2	AERX01076989.2	NT_172511.1
oreNil2:AERX01076990-2	AERX01076990-2		AERX01076990.2	AERX01076990.2	NT_172512.1
oreNil2:AERX01076991-2	AERX01076991-2		AERX01076991.2	AERX01076991.2	NT_172513.1
oreNil2:AERX01076992-2	AERX01076992-2		AERX01076992.2	AERX01076992.2	NT_172514.1
oreNil2:AERX01076993-1	AERX01076993-1		AERX01076993.1	AERX01076993.1	NT_172515.1
oreNil2:AERX01076994-2	AERX01076994-2		AERX01076994.2	AERX01076994.2	NT_172516.1
oreNil2:AERX01076995-2	AERX01076995-2		AERX01076995.2	AERX01076995.2	NT_172517.1
oreNil2:AERX01076996-1	AERX01076996-1		AERX01076996.1	AERX01076996.1	NT_172518.1
oreNil2:AERX01076997-2	AERX01076997-2		AERX01076997.2	AERX01076997.2	NT_172519.1
oreNil2:AERX01076998-1	AERX01076998-1		AERX01076998.1	AERX01076998.1	NT_172520.1
oreNil2:AERX01076999-2	AERX01076999-2		AERX01076999.2	AERX01076999.2	NT_172521.1
oreNil2:AERX01077000-2	AERX01077000-2		AERX01077000.2	AERX01077000.2	NT_172522.1
oreNil2:AERX01077001-1	AERX01077001-1		AERX01077001.1	AERX01077001.1	NT_172523.1
oreNil2:AERX01077002-1	AERX01077002-1		AERX01077002.1	AERX01077002.1	NT_172524.1
oreNil2:AERX01077003-2	AERX01077003-2		AERX01077003.2	AERX01077003.2	NT_172525.1
oreNil2:AERX01077004-1	AERX01077004-1		AERX01077004.1	AERX01077004.1	NT_172526.1
oreNil2:AERX01077005-1	AERX01077005-1		AERX01077005.1	AERX01077005.1	NT_172527.1
oreNil2:AERX01077006-1	AERX01077006-1		AERX01077006.1	AERX01077006.1	NT_172528.1
oreNil2:AERX01077007-1	AERX01077007-1		AERX01077007.1	AERX01077007.1	NT_172529.1
oreNil2:AERX01077008-2	AERX01077008-2		AERX01077008.2	AERX01077008.2	NT_172530.1
oreNil2:AERX01077009-2	AERX01077009-2		AERX01077009.2	AERX01077009.2	NT_172531.1
oreNil2:AERX01077010-1	AERX01077010-1		AERX01077010.1	AERX01077010.1	NT_172532.1
oreNil2:AERX01077011-2	AERX01077011-2		AERX01077011.2	AERX01077011.2	NT_172533.1
oreNil2:AERX01077012-2	AERX01077012-2		AERX01077012.2	AERX01077012.2	NT_172534.1
oreNil2:AERX01077013-2	AERX01077013-2		AERX01077013.2	AERX01077013.2	NT_172535.1
oreNil2:AERX01077014-1	AERX01077014-1		AERX01077014.1	AERX01077014.1	NT_172536.1
oreNil2:AERX01077015-2	AERX01077015-2		AERX01077015.2	AERX01077015.2	NT_172537.1
oreNil2:AERX01077016-1	AERX01077016-1		AERX01077016.1	AERX01077016.1	NT_172538.1
oreNil2:AERX01077017-1	AERX01077017-1		AERX01077017.1	AERX01077017.1	NT_172539.1
oreNil2:AERX01077018-1	AERX01077018-1		AERX01077018.1	AERX01077018.1	NT_172540.1
oreNil2:AERX01077019-1	AERX01077019-1			AERX01077019.1	NT_172541.1
oreNil2:AERX01077020-2	AERX01077020-2		AERX01077020.2	AERX01077020.2	NT_172542.1
oreNil2:AERX01077021-2	AERX01077021-2		AERX01077021.2	AERX01077021.2	NT_172543.1
oreNil2:AERX01077022-2	AERX01077022-2		AERX01077022.2	AERX01077022.2	NT_172544.1
oreNil2:AERX01077023-1	AERX01077023-1		AERX01077023.1	AERX01077023.1	NT_172545.1
oreNil2:AERX01077024-1	AERX01077024-1		AERX01077024.1	AERX01077024.1	NT_172546.1
oreNil2:AERX01077025-1	AERX01077025-1		AERX01077025.1	AERX01077025.1	NT_172547.1
oreNil2:AERX01077026-2	AERX01077026-2		AERX01077026.2	AERX01077026.2	NT_172548.1
oreNil2:AERX01077027-2	AERX01077027-2		AERX01077027.2	AERX01077027.2	NT_172549.1
oreNil2:AERX01077028-2	AERX01077028-2		AERX01077028.2	AERX01077028.2	NT_172550.1
oreNil2:AERX01077029-2	AERX01077029-2		AERX01077029.2	AERX01077029.2	NT_172551.1
oreNil2:AERX01077030-2	AERX01077030-2		AERX01077030.2	AERX01077030.2	NT_172552.1
oreNil2:AERX01077031-2	AERX01077031-2		AERX01077031.2	AERX01077031.2	NT_172553.1
oreNil2:AERX01077032-1	AERX01077032-1		AERX01077032.1	AERX01077032.1	NT_172554.1
oreNil2:AERX01077033-2	AERX01077033-2		AERX01077033.2	AERX01077033.2	NT_172555.1
oreNil2:AERX01077034-1	AERX01077034-1		AERX01077034.1	AERX01077034.1	NT_172556.1
oreNil2:AERX01077035-1	AERX01077035-1			AERX01077035.1	NT_172557.1
oreNil2:AERX01077036-1	AERX01077036-1		AERX01077036.1	AERX01077036.1	NT_172558.1
oreNil2:AERX01077037-2	AERX01077037-2		AERX01077037.2	AERX01077037.2	NT_172559.1
oreNil2:AERX01077038-1	AERX01077038-1		AERX01077038.1	AERX01077038.1	NT_172560.1
oreNil2:AERX01077039-1	AERX01077039-1		AERX01077039.1	AERX01077039.1	NT_172561.1
oreNil2:AERX01077040-1	AERX01077040-1		AERX01077040.1	AERX01077040.1	NT_172562.1
oreNil2:AERX01077041-2	AERX01077041-2		AERX01077041.2	AERX01077041.2	NT_172563.1
oreNil2:AERX01077042-2	AERX01077042-2		AERX01077042.2	AERX01077042.2	NT_172564.1
oreNil2:AERX01077043-2	AERX01077043-2		AERX01077043.2	AERX01077043.2	NT_172565.1
oreNil2:AERX01077044-1	AERX01077044-1		AERX01077044.1	AERX01077044.1	NT_172566.1
oreNil2:AERX01077045-1	AERX01077045-1		AERX01077045.1	AERX01077045.1	NT_172567.1
oreNil2:AERX01077046-2	AERX01077046-2		AERX01077046.2	AERX01077046.2	NT_172568.1
oreNil2:AERX01077047-2	AERX01077047-2		AERX01077047.2	AERX01077047.2	NT_172569.1
oreNil2:AERX01077048-2	AERX01077048-2		AERX01077048.2	AERX01077048.2	NT_172570.1
oreNil2:AERX01077049-1	AERX01077049-1		AERX01077049.1	AERX01077049.1	NT_172571.1
oreNil2:AERX01077050-2	AERX01077050-2		AERX01077050.2	AERX01077050.2	NT_172572.1
oreNil2:AERX01077051-2	AERX01077051-2		AERX01077051.2	AERX01077051.2	NT_172573.1
oreNil2:AERX01077052-1	AERX01077052-1			AERX01077052.1	NT_172574.1
oreNil2:AERX01077053-2	AERX01077053-2		AERX01077053.2	AERX01077053.2	NT_172575.1
oreNil2:AERX01077054-2	AERX01077054-2		AERX01077054.2	AERX01077054.2	NT_172576.1
oreNil2:AERX01077055-2	AERX01077055-2		AERX01077055.2	AERX01077055.2	NT_172577.1
oreNil2:AERX01077056-1	AERX01077056-1		AERX01077056.1	AERX01077056.1	NT_172578.1
oreNil2:AERX01077057-1	AERX01077057-1		AERX01077057.1	AERX01077057.1	NT_172579.1
oreNil2:AERX01077058-1	AERX01077058-1		AERX01077058.1	AERX01077058.1	NT_172580.1
oreNil2:AERX01077059-1	AERX01077059-1		AERX01077059.1	AERX01077059.1	NT_172581.1
oreNil2:AERX01077060-1	AERX01077060-1		AERX01077060.1	AERX01077060.1	NT_172582.1
oreNil2:AERX01077061-1	AERX01077061-1		AERX01077061.1	AERX01077061.1	NT_172583.1
oreNil2:AERX01077062-1	AERX01077062-1		AERX01077062.1	AERX01077062.1	NT_172584.1
oreNil2:AERX01077063-1	AERX01077063-1		AERX01077063.1	AERX01077063.1	NT_172585.1
oreNil2:AERX01077064-2	AERX01077064-2		AERX01077064.2	AERX01077064.2	NT_172586.1
oreNil2:AERX01077065-1	AERX01077065-1		AERX01077065.1	AERX01077065.1	NT_172587.1
oreNil2:AERX01077066-1	AERX01077066-1		AERX01077066.1	AERX01077066.1	NT_172588.1
oreNil2:AERX01077067-2	AERX01077067-2		AERX01077067.2	AERX01077067.2	NT_172589.1
oreNil2:AERX01077068-2	AERX01077068-2		AERX01077068.2	AERX01077068.2	NT_172590.1
oreNil2:AERX01077069-1	AERX01077069-1			AERX01077069.1	NT_172591.1
oreNil2:AERX01077070-2	AERX01077070-2		AERX01077070.2	AERX01077070.2	NT_172592.1
oreNil2:AERX01077071-1	AERX01077071-1		AERX01077071.1	AERX01077071.1	NT_172593.1
oreNil2:AERX01077072-2	AERX01077072-2		AERX01077072.2	AERX01077072.2	NT_172594.1
oreNil2:AERX01077073-1	AERX01077073-1		AERX01077073.1	AERX01077073.1	NT_172595.1
oreNil2:AERX01077074-1	AERX01077074-1		AERX01077074.1	AERX01077074.1	NT_172596.1
oreNil2:AERX01077075-1	AERX01077075-1		AERX01077075.1	AERX01077075.1	NT_172597.1
oreNil2:AERX01077076-1	AERX01077076-1		AERX01077076.1	AERX01077076.1	NT_172598.1
oreNil2:AERX01077077-2	AERX01077077-2		AERX01077077.2	AERX01077077.2	NT_172599.1
oreNil2:AERX01077078-2	AERX01077078-2		AERX01077078.2	AERX01077078.2	NT_172600.1
oreNil2:AERX01077079-2	AERX01077079-2		AERX01077079.2	AERX01077079.2	NT_172601.1
oreNil2:AERX01077080-2	AERX01077080-2		AERX01077080.2	AERX01077080.2	NT_172602.1
oreNil2:AERX01077081-2	AERX01077081-2		AERX01077081.2	AERX01077081.2	NT_172603.1
oreNil2:AERX01077082-2	AERX01077082-2		AERX01077082.2	AERX01077082.2	NT_172604.1
oreNil2:AERX01077083-1	AERX01077083-1		AERX01077083.1	AERX01077083.1	NT_172605.1
oreNil2:AERX01077084-1	AERX01077084-1		AERX01077084.1	AERX01077084.1	NT_172606.1
oreNil2:AERX01077085-1	AERX01077085-1		AERX01077085.1	AERX01077085.1	NT_172607.1
oreNil2:AERX01077086-1	AERX01077086-1		AERX01077086.1	AERX01077086.1	NT_172608.1
oreNil2:AERX01077087-2	AERX01077087-2		AERX01077087.2	AERX01077087.2	NT_172609.1
oreNil2:AERX01077088-2	AERX01077088-2		AERX01077088.2	AERX01077088.2	NT_172610.1
oreNil2:AERX01077089-2	AERX01077089-2		AERX01077089.2	AERX01077089.2	NT_172611.1
oreNil2:AERX01077090-1	AERX01077090-1		AERX01077090.1	AERX01077090.1	NT_172612.1
oreNil2:AERX01077091-1	AERX01077091-1		AERX01077091.1	AERX01077091.1	NT_172613.1
oreNil2:AERX01077092-2	AERX01077092-2		AERX01077092.2	AERX01077092.2	NT_172614.1
oreNil2:AERX01077093-1	AERX01077093-1			AERX01077093.1	NT_172615.1
oreNil2:AERX01077094-1	AERX01077094-1		AERX01077094.1	AERX01077094.1	NT_172616.1
oreNil2:AERX01077095-1	AERX01077095-1		AERX01077095.1	AERX01077095.1	NT_172617.1
oreNil2:AERX01077096-1	AERX01077096-1		AERX01077096.1	AERX01077096.1	NT_172618.1
oreNil2:AERX01077097-1	AERX01077097-1		AERX01077097.1	AERX01077097.1	NT_172619.1
oreNil2:AERX01077098-1	AERX01077098-1		AERX01077098.1	AERX01077098.1	NT_172620.1
oreNil2:AERX01077099-1	AERX01077099-1		AERX01077099.1	AERX01077099.1	NT_172621.1
oreNil2:AERX01077100-1	AERX01077100-1		AERX01077100.1	AERX01077100.1	NT_172622.1
oreNil2:AERX01077101-2	AERX01077101-2		AERX01077101.2	AERX01077101.2	NT_172623.1
oreNil2:AERX01077102-2	AERX01077102-2		AERX01077102.2	AERX01077102.2	NT_172624.1
oreNil2:AERX01077103-2	AERX01077103-2		AERX01077103.2	AERX01077103.2	NT_172625.1
oreNil2:AERX01077104-1	AERX01077104-1		AERX01077104.1	AERX01077104.1	NT_172626.1
oreNil2:AERX01077105-1	AERX01077105-1		AERX01077105.1	AERX01077105.1	NT_172627.1
oreNil2:AERX01077106-2	AERX01077106-2		AERX01077106.2	AERX01077106.2	NT_172628.1
oreNil2:AERX01077107-1	AERX01077107-1			AERX01077107.1	NT_172629.1
oreNil2:AERX01077108-2	AERX01077108-2		AERX01077108.2	AERX01077108.2	NT_172630.1
oreNil2:AERX01077109-2	AERX01077109-2		AERX01077109.2	AERX01077109.2	NT_172631.1
oreNil2:AERX01077110-1	AERX01077110-1		AERX01077110.1	AERX01077110.1	NT_172632.1
oreNil2:AERX01077111-2	AERX01077111-2		AERX01077111.2	AERX01077111.2	NT_172633.1
oreNil2:AERX01077112-1	AERX01077112-1		AERX01077112.1	AERX01077112.1	NT_172634.1
oreNil2:AERX01077113-2	AERX01077113-2		AERX01077113.2	AERX01077113.2	NT_172635.1
oreNil2:AERX01077114-1	AERX01077114-1		AERX01077114.1	AERX01077114.1	NT_172636.1
oreNil2:AERX01077115-2	AERX01077115-2		AERX01077115.2	AERX01077115.2	NT_172637.1
oreNil2:AERX01077116-1	AERX01077116-1		AERX01077116.1	AERX01077116.1	NT_172638.1
oreNil2:AERX01077117-1	AERX01077117-1		AERX01077117.1	AERX01077117.1	NT_172639.1
oreNil2:AERX01077118-2	AERX01077118-2		AERX01077118.2	AERX01077118.2	NT_172640.1
oreNil2:AERX01077119-2	AERX01077119-2		AERX01077119.2	AERX01077119.2	NT_172641.1
oreNil2:AERX01077120-1	AERX01077120-1		AERX01077120.1	AERX01077120.1	NT_172642.1
oreNil2:AERX01077121-2	AERX01077121-2		AERX01077121.2	AERX01077121.2	NT_172643.1
oreNil2:AERX01077122-2	AERX01077122-2		AERX01077122.2	AERX01077122.2	NT_172644.1
oreNil2:AERX01077123-2	AERX01077123-2			AERX01077123.2	NT_172645.1
oreNil2:AERX01077124-1	AERX01077124-1		AERX01077124.1	AERX01077124.1	NT_172646.1
oreNil2:AERX01077125-1	AERX01077125-1		AERX01077125.1	AERX01077125.1	NT_172647.1
oreNil2:AERX01077126-2	AERX01077126-2		AERX01077126.2	AERX01077126.2	NT_172648.1
oreNil2:AERX01077127-2	AERX01077127-2		AERX01077127.2	AERX01077127.2	NT_172649.1
oreNil2:AERX01077128-1	AERX01077128-1		AERX01077128.1	AERX01077128.1	NT_172650.1
oreNil2:AERX01077129-2	AERX01077129-2		AERX01077129.2	AERX01077129.2	NT_172651.1
oreNil2:AERX01077130-2	AERX01077130-2		AERX01077130.2	AERX01077130.2	NT_172652.1
oreNil2:AERX01077131-2	AERX01077131-2		AERX01077131.2	AERX01077131.2	NT_172653.1
oreNil2:AERX01077132-1	AERX01077132-1		AERX01077132.1	AERX01077132.1	NT_172654.1
oreNil2:AERX01077133-2	AERX01077133-2		AERX01077133.2	AERX01077133.2	NT_172655.1
oreNil2:AERX01077134-2	AERX01077134-2		AERX01077134.2	AERX01077134.2	NT_172656.1
oreNil2:AERX01077135-1	AERX01077135-1		AERX01077135.1	AERX01077135.1	NT_172657.1
oreNil2:AERX01077136-1	AERX01077136-1		AERX01077136.1	AERX01077136.1	NT_172658.1
oreNil2:AERX01077137-1	AERX01077137-1		AERX01077137.1	AERX01077137.1	NT_172659.1
oreNil2:AERX01077138-1	AERX01077138-1		AERX01077138.1	AERX01077138.1	NT_172660.1
oreNil2:AERX01077139-1	AERX01077139-1		AERX01077139.1	AERX01077139.1	NT_172661.1
oreNil2:AERX01077140-1	AERX01077140-1		AERX01077140.1	AERX01077140.1	NT_172662.1
oreNil2:AERX01077141-2	AERX01077141-2		AERX01077141.2	AERX01077141.2	NT_172663.1
oreNil2:AERX01077142-1	AERX01077142-1		AERX01077142.1	AERX01077142.1	NT_172664.1
oreNil2:AERX01077143-1	AERX01077143-1		AERX01077143.1	AERX01077143.1	NT_172665.1
oreNil2:AERX01077144-2	AERX01077144-2		AERX01077144.2	AERX01077144.2	NT_172666.1
oreNil2:AERX01077145-1	AERX01077145-1		AERX01077145.1	AERX01077145.1	NT_172667.1
oreNil2:AERX01077146-1	AERX01077146-1			AERX01077146.1	NT_172668.1
oreNil2:AERX01077147-1	AERX01077147-1		AERX01077147.1	AERX01077147.1	NT_172669.1
oreNil2:AERX01077148-2	AERX01077148-2		AERX01077148.2	AERX01077148.2	NT_172670.1
oreNil2:AERX01077149-1	AERX01077149-1		AERX01077149.1	AERX01077149.1	NT_172671.1
oreNil2:AERX01077150-1	AERX01077150-1			AERX01077150.1	NT_172672.1
oreNil2:AERX01077151-2	AERX01077151-2		AERX01077151.2	AERX01077151.2	NT_172673.1
oreNil2:AERX01077152-2	AERX01077152-2		AERX01077152.2	AERX01077152.2	NT_172674.1
oreNil2:AERX01077153-1	AERX01077153-1		AERX01077153.1	AERX01077153.1	NT_172675.1
oreNil2:AERX01077154-1	AERX01077154-1		AERX01077154.1	AERX01077154.1	NT_172676.1
oreNil2:AERX01077155-2	AERX01077155-2		AERX01077155.2	AERX01077155.2	NT_172677.1
oreNil2:AERX01077156-1	AERX01077156-1		AERX01077156.1	AERX01077156.1	NT_172678.1
oreNil2:AERX01077157-1	AERX01077157-1		AERX01077157.1	AERX01077157.1	NT_172679.1
oreNil2:AERX01077158-2	AERX01077158-2		AERX01077158.2	AERX01077158.2	NT_172680.1
oreNil2:AERX01077159-1	AERX01077159-1		AERX01077159.1	AERX01077159.1	NT_172681.1
oreNil2:AERX01077160-2	AERX01077160-2		AERX01077160.2	AERX01077160.2	NT_172682.1
oreNil2:AERX01077161-2	AERX01077161-2		AERX01077161.2	AERX01077161.2	NT_172683.1
oreNil2:AERX01077162-1	AERX01077162-1		AERX01077162.1	AERX01077162.1	NT_172684.1
oreNil2:AERX01077163-1	AERX01077163-1		AERX01077163.1	AERX01077163.1	NT_172685.1
oreNil2:AERX01077164-2	AERX01077164-2		AERX01077164.2	AERX01077164.2	NT_172686.1
oreNil2:AERX01077165-1	AERX01077165-1		AERX01077165.1	AERX01077165.1	NT_172687.1
oreNil2:AERX01077166-2	AERX01077166-2		AERX01077166.2	AERX01077166.2	NT_172688.1
oreNil2:AERX01077167-1	AERX01077167-1		AERX01077167.1	AERX01077167.1	NT_172689.1
oreNil2:AERX01077168-2	AERX01077168-2		AERX01077168.2	AERX01077168.2	NT_172690.1
oreNil2:AERX01077169-2	AERX01077169-2		AERX01077169.2	AERX01077169.2	NT_172691.1
oreNil2:AERX01077170-1	AERX01077170-1		AERX01077170.1	AERX01077170.1	NT_172692.1
oreNil2:AERX01077171-2	AERX01077171-2		AERX01077171.2	AERX01077171.2	NT_172693.1
oreNil2:AERX01077172-2	AERX01077172-2		AERX01077172.2	AERX01077172.2	NT_172694.1
oreNil2:AERX01077173-2	AERX01077173-2		AERX01077173.2	AERX01077173.2	NT_172695.1
oreNil2:AERX01077174-2	AERX01077174-2		AERX01077174.2	AERX01077174.2	NT_172696.1
oreNil2:AERX01077175-1	AERX01077175-1		AERX01077175.1	AERX01077175.1	NT_172697.1
oreNil2:AERX01077176-1	AERX01077176-1		AERX01077176.1	AERX01077176.1	NT_172698.1
oreNil2:AERX01077177-1	AERX01077177-1		AERX01077177.1	AERX01077177.1	NT_172699.1
oreNil2:AERX01077178-1	AERX01077178-1		AERX01077178.1	AERX01077178.1	NT_172700.1
oreNil2:AERX01077179-1	AERX01077179-1			AERX01077179.1	NT_172701.1
oreNil2:AERX01077180-1	AERX01077180-1		AERX01077180.1	AERX01077180.1	NT_172702.1
oreNil2:AERX01077181-1	AERX01077181-1		AERX01077181.1	AERX01077181.1	NT_172703.1
oreNil2:AERX01077182-2	AERX01077182-2		AERX01077182.2	AERX01077182.2	NT_172704.1
oreNil2:AERX01077183-1	AERX01077183-1		AERX01077183.1	AERX01077183.1	NT_172705.1
oreNil2:AERX01077184-1	AERX01077184-1		AERX01077184.1	AERX01077184.1	NT_172706.1
oreNil2:AERX01077185-2	AERX01077185-2		AERX01077185.2	AERX01077185.2	NT_172707.1
oreNil2:AERX01077186-1	AERX01077186-1		AERX01077186.1	AERX01077186.1	NT_172708.1
oreNil2:AERX01077187-2	AERX01077187-2		AERX01077187.2	AERX01077187.2	NT_172709.1
oreNil2:AERX01077188-1	AERX01077188-1		AERX01077188.1	AERX01077188.1	NT_172710.1
oreNil2:AERX01077189-1	AERX01077189-1		AERX01077189.1	AERX01077189.1	NT_172711.1
oreNil2:AERX01077190-1	AERX01077190-1		AERX01077190.1	AERX01077190.1	NT_172712.1
oreNil2:AERX01077191-1	AERX01077191-1			AERX01077191.1	NT_172713.1
oreNil2:AERX01077192-1	AERX01077192-1		AERX01077192.1	AERX01077192.1	NT_172714.1
oreNil2:AERX01077193-2	AERX01077193-2		AERX01077193.2	AERX01077193.2	NT_172715.1
oreNil2:AERX01077194-2	AERX01077194-2		AERX01077194.2	AERX01077194.2	NT_172716.1
oreNil2:AERX01077195-2	AERX01077195-2		AERX01077195.2	AERX01077195.2	NT_172717.1
oreNil2:AERX01077196-2	AERX01077196-2		AERX01077196.2	AERX01077196.2	NT_172718.1
oreNil2:AERX01077197-2	AERX01077197-2		AERX01077197.2	AERX01077197.2	NT_172719.1
oreNil2:AERX01077198-1	AERX01077198-1		AERX01077198.1	AERX01077198.1	NT_172720.1
oreNil2:AERX01077199-2	AERX01077199-2		AERX01077199.2	AERX01077199.2	NT_172721.1
oreNil2:AERX01077200-2	AERX01077200-2		AERX01077200.2	AERX01077200.2	NT_172722.1
oreNil2:AERX01077201-2	AERX01077201-2		AERX01077201.2	AERX01077201.2	NT_172723.1
oreNil2:AERX01077202-1	AERX01077202-1		AERX01077202.1	AERX01077202.1	NT_172724.1
oreNil2:AERX01077203-2	AERX01077203-2		AERX01077203.2	AERX01077203.2	NT_172725.1
oreNil2:AERX01077204-2	AERX01077204-2		AERX01077204.2	AERX01077204.2	NT_172726.1
oreNil2:AERX01077205-2	AERX01077205-2		AERX01077205.2	AERX01077205.2	NT_172727.1
oreNil2:AERX01077206-1	AERX01077206-1		AERX01077206.1	AERX01077206.1	NT_172728.1
oreNil2:AERX01077207-1	AERX01077207-1		AERX01077207.1	AERX01077207.1	NT_172729.1
oreNil2:AERX01077208-2	AERX01077208-2		AERX01077208.2	AERX01077208.2	NT_172730.1
oreNil2:AERX01077209-1	AERX01077209-1		AERX01077209.1	AERX01077209.1	NT_172731.1
oreNil2:AERX01077210-1	AERX01077210-1		AERX01077210.1	AERX01077210.1	NT_172732.1
oreNil2:AERX01077211-2	AERX01077211-2		AERX01077211.2	AERX01077211.2	NT_172733.1
oreNil2:AERX01077212-1	AERX01077212-1		AERX01077212.1	AERX01077212.1	NT_172734.1
oreNil2:AERX01077213-1	AERX01077213-1		AERX01077213.1	AERX01077213.1	NT_172735.1
oreNil2:AERX01077214-1	AERX01077214-1		AERX01077214.1	AERX01077214.1	NT_172736.1
oreNil2:AERX01077215-2	AERX01077215-2		AERX01077215.2	AERX01077215.2	NT_172737.1
oreNil2:AERX01077216-1	AERX01077216-1		AERX01077216.1	AERX01077216.1	NT_172738.1
oreNil2:AERX01077217-1	AERX01077217-1		AERX01077217.1	AERX01077217.1	NT_172739.1
oreNil2:AERX01077218-2	AERX01077218-2		AERX01077218.2	AERX01077218.2	NT_172740.1
oreNil2:AERX01077219-1	AERX01077219-1		AERX01077219.1	AERX01077219.1	NT_172741.1
oreNil2:AERX01077220-1	AERX01077220-1		AERX01077220.1	AERX01077220.1	NT_172742.1
oreNil2:AERX01077221-2	AERX01077221-2		AERX01077221.2	AERX01077221.2	NT_172743.1
oreNil2:AERX01077222-1	AERX01077222-1		AERX01077222.1	AERX01077222.1	NT_172744.1
oreNil2:AERX01077223-2	AERX01077223-2		AERX01077223.2	AERX01077223.2	NT_172745.1
oreNil2:AERX01077224-2	AERX01077224-2		AERX01077224.2	AERX01077224.2	NT_172746.1
oreNil2:AERX01077225-1	AERX01077225-1		AERX01077225.1	AERX01077225.1	NT_172747.1
oreNil2:AERX01077226-2	AERX01077226-2		AERX01077226.2	AERX01077226.2	NT_172748.1
oreNil2:AERX01077227-2	AERX01077227-2		AERX01077227.2	AERX01077227.2	NT_172749.1
oreNil2:AERX01077228-1	AERX01077228-1		AERX01077228.1	AERX01077228.1	NT_172750.1
oreNil2:AERX01077229-1	AERX01077229-1		AERX01077229.1	AERX01077229.1	NT_172751.1
oreNil2:AERX01077230-2	AERX01077230-2		AERX01077230.2	AERX01077230.2	NT_172752.1
oreNil2:AERX01077231-2	AERX01077231-2		AERX01077231.2	AERX01077231.2	NT_172753.1
oreNil2:AERX01077232-2	AERX01077232-2		AERX01077232.2	AERX01077232.2	NT_172754.1
oreNil2:AERX01077233-1	AERX01077233-1		AERX01077233.1	AERX01077233.1	NT_172755.1
oreNil2:AERX01077234-1	AERX01077234-1		AERX01077234.1	AERX01077234.1	NT_172756.1
oreNil2:AERX01077235-2	AERX01077235-2		AERX01077235.2	AERX01077235.2	NT_172757.1
oreNil2:AERX01077236-1	AERX01077236-1		AERX01077236.1	AERX01077236.1	NT_172758.1
oreNil2:AERX01077237-1	AERX01077237-1		AERX01077237.1	AERX01077237.1	NT_172759.1
oreNil2:AERX01077238-1	AERX01077238-1		AERX01077238.1	AERX01077238.1	NT_172760.1
oreNil2:AERX01077239-1	AERX01077239-1		AERX01077239.1	AERX01077239.1	NT_172761.1
oreNil2:AERX01077240-1	AERX01077240-1		AERX01077240.1	AERX01077240.1	NT_172762.1
oreNil2:AERX01077241-1	AERX01077241-1		AERX01077241.1	AERX01077241.1	NT_172763.1
oreNil2:AERX01077242-2	AERX01077242-2		AERX01077242.2	AERX01077242.2	NT_172764.1
oreNil2:AERX01077243-1	AERX01077243-1		AERX01077243.1	AERX01077243.1	NT_172765.1
oreNil2:AERX01077244-1	AERX01077244-1		AERX01077244.1	AERX01077244.1	NT_172766.1
oreNil2:AERX01077245-2	AERX01077245-2		AERX01077245.2	AERX01077245.2	NT_172767.1
oreNil2:AERX01077246-1	AERX01077246-1		AERX01077246.1	AERX01077246.1	NT_172768.1
oreNil2:AERX01077247-1	AERX01077247-1		AERX01077247.1	AERX01077247.1	NT_172769.1
oreNil2:AERX01077248-1	AERX01077248-1		AERX01077248.1	AERX01077248.1	NT_172770.1
oreNil2:AERX01077249-1	AERX01077249-1			AERX01077249.1	NT_172771.1
oreNil2:AERX01077250-1	AERX01077250-1		AERX01077250.1	AERX01077250.1	NT_172772.1
oreNil2:AERX01077251-1	AERX01077251-1		AERX01077251.1	AERX01077251.1	NT_172773.1
oreNil2:AERX01077252-1	AERX01077252-1		AERX01077252.1	AERX01077252.1	NT_172774.1
oreNil2:AERX01077253-1	AERX01077253-1		AERX01077253.1	AERX01077253.1	NT_172775.1
oreNil2:AERX01077254-1	AERX01077254-1		AERX01077254.1	AERX01077254.1	NT_172776.1
oreNil2:AERX01077255-1	AERX01077255-1		AERX01077255.1	AERX01077255.1	NT_172777.1
oreNil2:AERX01077256-2	AERX01077256-2		AERX01077256.2	AERX01077256.2	NT_172778.1
oreNil2:AERX01077257-2	AERX01077257-2		AERX01077257.2	AERX01077257.2	NT_172779.1
oreNil2:AERX01077258-2	AERX01077258-2			AERX01077258.2	NT_172780.1
oreNil2:AERX01077259-1	AERX01077259-1		AERX01077259.1	AERX01077259.1	NT_172781.1
oreNil2:AERX01077260-2	AERX01077260-2		AERX01077260.2	AERX01077260.2	NT_172782.1
oreNil2:AERX01077261-1	AERX01077261-1		AERX01077261.1	AERX01077261.1	NT_172783.1
oreNil2:AERX01077262-2	AERX01077262-2		AERX01077262.2	AERX01077262.2	NT_172784.1
oreNil2:AERX01077263-2	AERX01077263-2		AERX01077263.2	AERX01077263.2	NT_172785.1
oreNil2:AERX01077264-2	AERX01077264-2		AERX01077264.2	AERX01077264.2	NT_172786.1
oreNil2:AERX01077265-1	AERX01077265-1		AERX01077265.1	AERX01077265.1	NT_172787.1
oreNil2:AERX01077266-2	AERX01077266-2		AERX01077266.2	AERX01077266.2	NT_172788.1
oreNil2:AERX01077267-2	AERX01077267-2		AERX01077267.2	AERX01077267.2	NT_172789.1
oreNil2:AERX01077268-2	AERX01077268-2		AERX01077268.2	AERX01077268.2	NT_172790.1
oreNil2:AERX01077269-1	AERX01077269-1		AERX01077269.1	AERX01077269.1	NT_172791.1
oreNil2:AERX01077270-2	AERX01077270-2		AERX01077270.2	AERX01077270.2	NT_172792.1
oreNil2:AERX01077271-1	AERX01077271-1		AERX01077271.1	AERX01077271.1	NT_172793.1
oreNil2:AERX01077272-2	AERX01077272-2		AERX01077272.2	AERX01077272.2	NT_172794.1
oreNil2:AERX01077273-2	AERX01077273-2		AERX01077273.2	AERX01077273.2	NT_172795.1
oreNil2:AERX01077274-2	AERX01077274-2		AERX01077274.2	AERX01077274.2	NT_172796.1
oreNil2:AERX01077275-1	AERX01077275-1			AERX01077275.1	NT_172797.1
oreNil2:AERX01077276-1	AERX01077276-1		AERX01077276.1	AERX01077276.1	NT_172798.1
oreNil2:AERX01077277-2	AERX01077277-2		AERX01077277.2	AERX01077277.2	NT_172799.1
oreNil2:AERX01077278-2	AERX01077278-2		AERX01077278.2	AERX01077278.2	NT_172800.1
oreNil2:AERX01077279-2	AERX01077279-2		AERX01077279.2	AERX01077279.2	NT_172801.1
oreNil2:AERX01077280-1	AERX01077280-1		AERX01077280.1	AERX01077280.1	NT_172802.1
oreNil2:AERX01077281-1	AERX01077281-1		AERX01077281.1	AERX01077281.1	NT_172803.1
oreNil2:AERX01077282-1	AERX01077282-1		AERX01077282.1	AERX01077282.1	NT_172804.1
oreNil2:AERX01077283-1	AERX01077283-1		AERX01077283.1	AERX01077283.1	NT_172805.1
oreNil2:AERX01077284-2	AERX01077284-2		AERX01077284.2	AERX01077284.2	NT_172806.1
oreNil2:AERX01077285-1	AERX01077285-1		AERX01077285.1	AERX01077285.1	NT_172807.1
oreNil2:AERX01077286-1	AERX01077286-1		AERX01077286.1	AERX01077286.1	NT_172808.1
oreNil2:AERX01077287-1	AERX01077287-1		AERX01077287.1	AERX01077287.1	NT_172809.1
oreNil2:AERX01077288-2	AERX01077288-2		AERX01077288.2	AERX01077288.2	NT_172810.1
oreNil2:AERX01077289-1	AERX01077289-1		AERX01077289.1	AERX01077289.1	NT_172811.1
oreNil2:AERX01077290-2	AERX01077290-2		AERX01077290.2	AERX01077290.2	NT_172812.1
oreNil2:AERX01077291-2	AERX01077291-2			AERX01077291.2	NT_172813.1
oreNil2:AERX01077292-1	AERX01077292-1		AERX01077292.1	AERX01077292.1	NT_172814.1
oreNil2:AERX01077293-1	AERX01077293-1		AERX01077293.1	AERX01077293.1	NT_172815.1
oreNil2:AERX01077294-1	AERX01077294-1		AERX01077294.1	AERX01077294.1	NT_172816.1
oreNil2:AERX01077295-1	AERX01077295-1			AERX01077295.1	NT_172817.1
oreNil2:AERX01077296-1	AERX01077296-1		AERX01077296.1	AERX01077296.1	NT_172818.1
oreNil2:AERX01077297-2	AERX01077297-2		AERX01077297.2	AERX01077297.2	NT_172819.1
oreNil2:AERX01077298-1	AERX01077298-1		AERX01077298.1	AERX01077298.1	NT_172820.1
oreNil2:AERX01077299-2	AERX01077299-2		AERX01077299.2	AERX01077299.2	NT_172821.1
oreNil2:AERX01077300-1	AERX01077300-1		AERX01077300.1	AERX01077300.1	NT_172822.1
oreNil2:AERX01077301-1	AERX01077301-1		AERX01077301.1	AERX01077301.1	NT_172823.1
oreNil2:AERX01077302-2	AERX01077302-2		AERX01077302.2	AERX01077302.2	NT_172824.1
oreNil2:AERX01077303-2	AERX01077303-2		AERX01077303.2	AERX01077303.2	NT_172825.1
oreNil2:AERX01077304-2	AERX01077304-2		AERX01077304.2	AERX01077304.2	NT_172826.1
oreNil2:AERX01077305-2	AERX01077305-2		AERX01077305.2	AERX01077305.2	NT_172827.1
oreNil2:AERX01077306-2	AERX01077306-2		AERX01077306.2	AERX01077306.2	NT_172828.1
oreNil2:AERX01077307-1	AERX01077307-1		AERX01077307.1	AERX01077307.1	NT_172829.1
oreNil2:AERX01077308-2	AERX01077308-2		AERX01077308.2	AERX01077308.2	NT_172830.1
oreNil2:AERX01077309-2	AERX01077309-2		AERX01077309.2	AERX01077309.2	NT_172831.1
oreNil2:AERX01077310-1	AERX01077310-1		AERX01077310.1	AERX01077310.1	NT_172832.1
oreNil2:AERX01077311-2	AERX01077311-2		AERX01077311.2	AERX01077311.2	NT_172833.1
oreNil2:AERX01077312-1	AERX01077312-1		AERX01077312.1	AERX01077312.1	NT_172834.1
oreNil2:AERX01077313-1	AERX01077313-1		AERX01077313.1	AERX01077313.1	NT_172835.1
oreNil2:AERX01077314-1	AERX01077314-1		AERX01077314.1	AERX01077314.1	NT_172836.1
oreNil2:AERX01077315-2	AERX01077315-2		AERX01077315.2	AERX01077315.2	NT_172837.1
oreNil2:AERX01077316-1	AERX01077316-1			AERX01077316.1	NT_172838.1
oreNil2:AERX01077317-1	AERX01077317-1		AERX01077317.1	AERX01077317.1	NT_172839.1
oreNil2:AERX01077318-1	AERX01077318-1		AERX01077318.1	AERX01077318.1	NT_172840.1
oreNil2:AERX01077319-2	AERX01077319-2		AERX01077319.2	AERX01077319.2	NT_172841.1
oreNil2:AERX01077320-1	AERX01077320-1		AERX01077320.1	AERX01077320.1	NT_172842.1
oreNil2:AERX01077321-1	AERX01077321-1		AERX01077321.1	AERX01077321.1	NT_172843.1
oreNil2:AERX01077322-1	AERX01077322-1		AERX01077322.1	AERX01077322.1	NT_172844.1
oreNil2:AERX01077323-1	AERX01077323-1		AERX01077323.1	AERX01077323.1	NT_172845.1
oreNil2:AERX01077324-2	AERX01077324-2		AERX01077324.2	AERX01077324.2	NT_172846.1
oreNil2:AERX01077325-1	AERX01077325-1			AERX01077325.1	NT_172847.1
oreNil2:AERX01077326-1	AERX01077326-1		AERX01077326.1	AERX01077326.1	NT_172848.1
oreNil2:AERX01077327-2	AERX01077327-2		AERX01077327.2	AERX01077327.2	NT_172849.1
oreNil2:AERX01077328-1	AERX01077328-1		AERX01077328.1	AERX01077328.1	NT_172850.1
oreNil2:AERX01077329-1	AERX01077329-1		AERX01077329.1	AERX01077329.1	NT_172851.1
oreNil2:AERX01077330-1	AERX01077330-1		AERX01077330.1	AERX01077330.1	NT_172852.1
oreNil2:AERX01077331-1	AERX01077331-1		AERX01077331.1	AERX01077331.1	NT_172853.1
oreNil2:AERX01077332-1	AERX01077332-1		AERX01077332.1	AERX01077332.1	NT_172854.1
oreNil2:AERX01077333-1	AERX01077333-1		AERX01077333.1	AERX01077333.1	NT_172855.1
oreNil2:AERX01077334-1	AERX01077334-1			AERX01077334.1	NT_172856.1
oreNil2:AERX01077335-2	AERX01077335-2		AERX01077335.2	AERX01077335.2	NT_172857.1
oreNil2:AERX01077336-1	AERX01077336-1		AERX01077336.1	AERX01077336.1	NT_172858.1
oreNil2:AERX01077337-1	AERX01077337-1		AERX01077337.1	AERX01077337.1	NT_172859.1
oreNil2:AERX01077338-2	AERX01077338-2		AERX01077338.2	AERX01077338.2	NT_172860.1
oreNil2:AERX01077339-2	AERX01077339-2		AERX01077339.2	AERX01077339.2	NT_172861.1
oreNil2:AERX01077340-1	AERX01077340-1		AERX01077340.1	AERX01077340.1	NT_172862.1
oreNil2:AERX01077341-2	AERX01077341-2		AERX01077341.2	AERX01077341.2	NT_172863.1
oreNil2:AERX01077342-2	AERX01077342-2		AERX01077342.2	AERX01077342.2	NT_172864.1
oreNil2:AERX01077343-1	AERX01077343-1		AERX01077343.1	AERX01077343.1	NT_172865.1
oreNil2:AERX01077344-2	AERX01077344-2		AERX01077344.2	AERX01077344.2	NT_172866.1
oreNil2:AERX01077345-1	AERX01077345-1		AERX01077345.1	AERX01077345.1	NT_172867.1
oreNil2:AERX01077346-2	AERX01077346-2			AERX01077346.2	NT_172868.1
oreNil2:AERX01077347-1	AERX01077347-1		AERX01077347.1	AERX01077347.1	NT_172869.1
oreNil2:AERX01077348-1	AERX01077348-1		AERX01077348.1	AERX01077348.1	NT_172870.1
oreNil2:AERX01077349-2	AERX01077349-2		AERX01077349.2	AERX01077349.2	NT_172871.1
oreNil2:AERX01077350-1	AERX01077350-1		AERX01077350.1	AERX01077350.1	NT_172872.1
oreNil2:AERX01077351-1	AERX01077351-1		AERX01077351.1	AERX01077351.1	NT_172873.1
oreNil2:AERX01077352-2	AERX01077352-2		AERX01077352.2	AERX01077352.2	NT_172874.1
oreNil2:AERX01077353-2	AERX01077353-2		AERX01077353.2	AERX01077353.2	NT_172875.1
oreNil2:AERX01077354-1	AERX01077354-1		AERX01077354.1	AERX01077354.1	NT_172876.1
oreNil2:AERX01077355-1	AERX01077355-1			AERX01077355.1	NT_172877.1
oreNil2:AERX01077356-2	AERX01077356-2		AERX01077356.2	AERX01077356.2	NT_172878.1
oreNil2:AERX01077357-1	AERX01077357-1		AERX01077357.1	AERX01077357.1	NT_172879.1
oreNil2:AERX01077358-2	AERX01077358-2		AERX01077358.2	AERX01077358.2	NT_172880.1
oreNil2:AERX01077359-2	AERX01077359-2		AERX01077359.2	AERX01077359.2	NT_172881.1
oreNil2:AERX01077360-2	AERX01077360-2		AERX01077360.2	AERX01077360.2	NT_172882.1
oreNil2:AERX01077361-1	AERX01077361-1		AERX01077361.1	AERX01077361.1	NT_172883.1
oreNil2:AERX01077362-1	AERX01077362-1		AERX01077362.1	AERX01077362.1	NT_172884.1
oreNil2:AERX01077363-1	AERX01077363-1		AERX01077363.1	AERX01077363.1	NT_172885.1
oreNil2:AERX01077364-1	AERX01077364-1		AERX01077364.1	AERX01077364.1	NT_172886.1
oreNil2:AERX01077365-1	AERX01077365-1		AERX01077365.1	AERX01077365.1	NT_172887.1
oreNil2:AERX01077366-2	AERX01077366-2		AERX01077366.2	AERX01077366.2	NT_172888.1
oreNil2:AERX01077367-2	AERX01077367-2		AERX01077367.2	AERX01077367.2	NT_172889.1
oreNil2:AERX01077368-1	AERX01077368-1		AERX01077368.1	AERX01077368.1	NT_172890.1
oreNil2:AERX01077369-1	AERX01077369-1		AERX01077369.1	AERX01077369.1	NT_172891.1
oreNil2:AERX01077370-1	AERX01077370-1		AERX01077370.1	AERX01077370.1	NT_172892.1
oreNil2:AERX01077371-1	AERX01077371-1		AERX01077371.1	AERX01077371.1	NT_172893.1
oreNil2:AERX01077372-1	AERX01077372-1			AERX01077372.1	NT_172894.1
oreNil2:AERX01077373-2	AERX01077373-2		AERX01077373.2	AERX01077373.2	NT_172895.1
oreNil2:AERX01077374-2	AERX01077374-2		AERX01077374.2	AERX01077374.2	NT_172896.1
oreNil2:AERX01077375-1	AERX01077375-1		AERX01077375.1	AERX01077375.1	NT_172897.1
oreNil2:AERX01077376-1	AERX01077376-1		AERX01077376.1	AERX01077376.1	NT_172898.1
oreNil2:AERX01077377-1	AERX01077377-1		AERX01077377.1	AERX01077377.1	NT_172899.1
oreNil2:AERX01077378-1	AERX01077378-1		AERX01077378.1	AERX01077378.1	NT_172900.1
oreNil2:AERX01077379-2	AERX01077379-2		AERX01077379.2	AERX01077379.2	NT_172901.1
oreNil2:AERX01077380-2	AERX01077380-2		AERX01077380.2	AERX01077380.2	NT_172902.1
oreNil2:AERX01077381-1	AERX01077381-1		AERX01077381.1	AERX01077381.1	NT_172903.1
oreNil2:AERX01077382-2	AERX01077382-2		AERX01077382.2	AERX01077382.2	NT_172904.1
oreNil2:AERX01077383-2	AERX01077383-2		AERX01077383.2	AERX01077383.2	NT_172905.1
oreNil2:AERX01077384-1	AERX01077384-1		AERX01077384.1	AERX01077384.1	NT_172906.1
oreNil2:AERX01077385-2	AERX01077385-2		AERX01077385.2	AERX01077385.2	NT_172907.1
oreNil2:AERX01077386-1	AERX01077386-1		AERX01077386.1	AERX01077386.1	NT_172908.1
oreNil2:AERX01077387-2	AERX01077387-2		AERX01077387.2	AERX01077387.2	NT_172909.1
oreNil2:AERX01077388-1	AERX01077388-1		AERX01077388.1	AERX01077388.1	NT_172910.1
oreNil2:AERX01077389-1	AERX01077389-1		AERX01077389.1	AERX01077389.1	NT_172911.1
oreNil2:AERX01077390-2	AERX01077390-2		AERX01077390.2	AERX01077390.2	NT_172912.1
oreNil2:AERX01077391-2	AERX01077391-2		AERX01077391.2	AERX01077391.2	NT_172913.1
oreNil2:AERX01077392-1	AERX01077392-1		AERX01077392.1	AERX01077392.1	NT_172914.1
oreNil2:AERX01077393-1	AERX01077393-1			AERX01077393.1	NT_172915.1
oreNil2:AERX01077394-2	AERX01077394-2		AERX01077394.2	AERX01077394.2	NT_172916.1
oreNil2:AERX01077395-2	AERX01077395-2		AERX01077395.2	AERX01077395.2	NT_172917.1
oreNil2:AERX01077396-2	AERX01077396-2		AERX01077396.2	AERX01077396.2	NT_172918.1
oreNil2:AERX01077397-1	AERX01077397-1		AERX01077397.1	AERX01077397.1	NT_172919.1
oreNil2:AERX01077398-2	AERX01077398-2		AERX01077398.2	AERX01077398.2	NT_172920.1
oreNil2:AERX01077399-1	AERX01077399-1		AERX01077399.1	AERX01077399.1	NT_172921.1
oreNil2:AERX01077400-1	AERX01077400-1		AERX01077400.1	AERX01077400.1	NT_172922.1
oreNil2:AERX01077401-1	AERX01077401-1		AERX01077401.1	AERX01077401.1	NT_172923.1
oreNil2:AERX01077402-1	AERX01077402-1		AERX01077402.1	AERX01077402.1	NT_172924.1
oreNil2:AERX01077403-1	AERX01077403-1		AERX01077403.1	AERX01077403.1	NT_172925.1
oreNil2:AERX01077404-2	AERX01077404-2		AERX01077404.2	AERX01077404.2	NT_172926.1
oreNil2:AERX01077405-1	AERX01077405-1		AERX01077405.1	AERX01077405.1	NT_172927.1
oreNil2:AERX01077406-2	AERX01077406-2		AERX01077406.2	AERX01077406.2	NT_172928.1
oreNil2:AERX01077407-2	AERX01077407-2		AERX01077407.2	AERX01077407.2	NT_172929.1
oreNil2:AERX01077408-1	AERX01077408-1		AERX01077408.1	AERX01077408.1	NT_172930.1
oreNil2:AERX01077409-1	AERX01077409-1		AERX01077409.1	AERX01077409.1	NT_172931.1
oreNil2:AERX01077410-2	AERX01077410-2		AERX01077410.2	AERX01077410.2	NT_172932.1
oreNil2:AERX01077411-1	AERX01077411-1		AERX01077411.1	AERX01077411.1	NT_172933.1
oreNil2:AERX01077412-2	AERX01077412-2		AERX01077412.2	AERX01077412.2	NT_172934.1
oreNil2:AERX01077413-2	AERX01077413-2		AERX01077413.2	AERX01077413.2	NT_172935.1
oreNil2:AERX01077414-1	AERX01077414-1		AERX01077414.1	AERX01077414.1	NT_172936.1
oreNil2:AERX01077415-2	AERX01077415-2		AERX01077415.2	AERX01077415.2	NT_172937.1
oreNil2:AERX01077416-1	AERX01077416-1			AERX01077416.1	NT_172938.1
oreNil2:AERX01077417-1	AERX01077417-1		AERX01077417.1	AERX01077417.1	NT_172939.1
oreNil2:AERX01077418-1	AERX01077418-1		AERX01077418.1	AERX01077418.1	NT_172940.1
oreNil2:AERX01077419-1	AERX01077419-1		AERX01077419.1	AERX01077419.1	NT_172941.1
oreNil2:AERX01077420-2	AERX01077420-2		AERX01077420.2	AERX01077420.2	NT_172942.1
oreNil2:AERX01077421-2	AERX01077421-2		AERX01077421.2	AERX01077421.2	NT_172943.1
oreNil2:AERX01077422-2	AERX01077422-2		AERX01077422.2	AERX01077422.2	NT_172944.1
oreNil2:AERX01077423-1	AERX01077423-1		AERX01077423.1	AERX01077423.1	NT_172945.1
oreNil2:AERX01077424-1	AERX01077424-1		AERX01077424.1	AERX01077424.1	NT_172946.1
oreNil2:AERX01077425-1	AERX01077425-1		AERX01077425.1	AERX01077425.1	NT_172947.1
oreNil2:AERX01077426-1	AERX01077426-1		AERX01077426.1	AERX01077426.1	NT_172948.1
oreNil2:AERX01077427-2	AERX01077427-2		AERX01077427.2	AERX01077427.2	NT_172949.1
oreNil2:AERX01077428-1	AERX01077428-1		AERX01077428.1	AERX01077428.1	NT_172950.1
oreNil2:AERX01077429-2	AERX01077429-2		AERX01077429.2	AERX01077429.2	NT_172951.1
oreNil2:AERX01077430-1	AERX01077430-1		AERX01077430.1	AERX01077430.1	NT_172952.1
oreNil2:AERX01077431-2	AERX01077431-2		AERX01077431.2	AERX01077431.2	NT_172953.1
oreNil2:AERX01077432-1	AERX01077432-1			AERX01077432.1	NT_172954.1
oreNil2:AERX01077433-2	AERX01077433-2		AERX01077433.2	AERX01077433.2	NT_172955.1
oreNil2:AERX01077434-1	AERX01077434-1		AERX01077434.1	AERX01077434.1	NT_172956.1
oreNil2:AERX01077435-2	AERX01077435-2		AERX01077435.2	AERX01077435.2	NT_172957.1
oreNil2:AERX01077436-2	AERX01077436-2		AERX01077436.2	AERX01077436.2	NT_172958.1
oreNil2:AERX01077437-1	AERX01077437-1		AERX01077437.1	AERX01077437.1	NT_172959.1
oreNil2:AERX01077438-2	AERX01077438-2		AERX01077438.2	AERX01077438.2	NT_172960.1
oreNil2:AERX01077439-1	AERX01077439-1		AERX01077439.1	AERX01077439.1	NT_172961.1
oreNil2:AERX01077440-2	AERX01077440-2		AERX01077440.2	AERX01077440.2	NT_172962.1
oreNil2:AERX01077441-1	AERX01077441-1		AERX01077441.1	AERX01077441.1	NT_172963.1
oreNil2:AERX01077442-1	AERX01077442-1		AERX01077442.1	AERX01077442.1	NT_172964.1
oreNil2:AERX01077443-1	AERX01077443-1		AERX01077443.1	AERX01077443.1	NT_172965.1
oreNil2:AERX01077444-1	AERX01077444-1		AERX01077444.1	AERX01077444.1	NT_172966.1
oreNil2:AERX01077445-1	AERX01077445-1		AERX01077445.1	AERX01077445.1	NT_172967.1
oreNil2:AERX01077446-1	AERX01077446-1		AERX01077446.1	AERX01077446.1	NT_172968.1
oreNil2:AERX01077447-1	AERX01077447-1		AERX01077447.1	AERX01077447.1	NT_172969.1
oreNil2:AERX01077448-2	AERX01077448-2		AERX01077448.2	AERX01077448.2	NT_172970.1
oreNil2:AERX01077449-2	AERX01077449-2		AERX01077449.2	AERX01077449.2	NT_172971.1
oreNil2:AERX01077450-2	AERX01077450-2		AERX01077450.2	AERX01077450.2	NT_172972.1
oreNil2:AERX01077451-2	AERX01077451-2		AERX01077451.2	AERX01077451.2	NT_172973.1
oreNil2:AERX01077452-2	AERX01077452-2		AERX01077452.2	AERX01077452.2	NT_172974.1
oreNil2:AERX01077453-2	AERX01077453-2		AERX01077453.2	AERX01077453.2	NT_172975.1
oreNil2:AERX01077454-1	AERX01077454-1		AERX01077454.1	AERX01077454.1	NT_172976.1
oreNil2:AERX01077455-1	AERX01077455-1		AERX01077455.1	AERX01077455.1	NT_172977.1
oreNil2:AERX01077456-2	AERX01077456-2		AERX01077456.2	AERX01077456.2	NT_172978.1
oreNil2:AERX01077457-1	AERX01077457-1		AERX01077457.1	AERX01077457.1	NT_172979.1
oreNil2:AERX01077458-1	AERX01077458-1		AERX01077458.1	AERX01077458.1	NT_172980.1
oreNil2:AERX01077459-1	AERX01077459-1		AERX01077459.1	AERX01077459.1	NT_172981.1
oreNil2:AERX01077460-1	AERX01077460-1		AERX01077460.1	AERX01077460.1	NT_172982.1
oreNil2:AERX01077461-1	AERX01077461-1		AERX01077461.1	AERX01077461.1	NT_172983.1
oreNil2:AERX01077462-1	AERX01077462-1		AERX01077462.1	AERX01077462.1	NT_172984.1
oreNil2:AERX01077463-2	AERX01077463-2		AERX01077463.2	AERX01077463.2	NT_172985.1
oreNil2:AERX01077464-1	AERX01077464-1		AERX01077464.1	AERX01077464.1	NT_172986.1
oreNil2:AERX01077465-2	AERX01077465-2		AERX01077465.2	AERX01077465.2	NT_172987.1
oreNil2:AERX01077466-1	AERX01077466-1		AERX01077466.1	AERX01077466.1	NT_172988.1
oreNil2:AERX01077467-1	AERX01077467-1		AERX01077467.1	AERX01077467.1	NT_172989.1
oreNil2:AERX01077468-2	AERX01077468-2		AERX01077468.2	AERX01077468.2	NT_172990.1
oreNil2:AERX01077469-2	AERX01077469-2		AERX01077469.2	AERX01077469.2	NT_172991.1
oreNil2:AERX01077470-1	AERX01077470-1		AERX01077470.1	AERX01077470.1	NT_172992.1
oreNil2:AERX01077471-2	AERX01077471-2		AERX01077471.2	AERX01077471.2	NT_172993.1
oreNil2:AERX01077472-1	AERX01077472-1		AERX01077472.1	AERX01077472.1	NT_172994.1
oreNil2:AERX01077473-2	AERX01077473-2		AERX01077473.2	AERX01077473.2	NT_172995.1
oreNil2:AERX01077474-2	AERX01077474-2		AERX01077474.2	AERX01077474.2	NT_172996.1
oreNil2:AERX01077475-1	AERX01077475-1		AERX01077475.1	AERX01077475.1	NT_172997.1
oreNil2:AERX01077476-2	AERX01077476-2		AERX01077476.2	AERX01077476.2	NT_172998.1
oreNil2:AERX01077477-1	AERX01077477-1		AERX01077477.1	AERX01077477.1	NT_172999.1
oreNil2:AERX01077478-1	AERX01077478-1		AERX01077478.1	AERX01077478.1	NT_173000.1
oreNil2:AERX01077479-2	AERX01077479-2			AERX01077479.2	NT_173001.1
oreNil2:AERX01077480-1	AERX01077480-1		AERX01077480.1	AERX01077480.1	NT_173002.1
oreNil2:AERX01077481-1	AERX01077481-1		AERX01077481.1	AERX01077481.1	NT_173003.1
oreNil2:AERX01077482-2	AERX01077482-2		AERX01077482.2	AERX01077482.2	NT_173004.1
oreNil2:AERX01077483-1	AERX01077483-1		AERX01077483.1	AERX01077483.1	NT_173005.1
oreNil2:AERX01077484-2	AERX01077484-2		AERX01077484.2	AERX01077484.2	NT_173006.1
oreNil2:AERX01077485-2	AERX01077485-2		AERX01077485.2	AERX01077485.2	NT_173007.1
oreNil2:AERX01077486-1	AERX01077486-1		AERX01077486.1	AERX01077486.1	NT_173008.1
oreNil2:AERX01077487-2	AERX01077487-2		AERX01077487.2	AERX01077487.2	NT_173009.1
oreNil2:AERX01077488-2	AERX01077488-2		AERX01077488.2	AERX01077488.2	NT_173010.1
oreNil2:AERX01077489-1	AERX01077489-1		AERX01077489.1	AERX01077489.1	NT_173011.1
oreNil2:AERX01077490-2	AERX01077490-2		AERX01077490.2	AERX01077490.2	NT_173012.1
oreNil2:AERX01077491-2	AERX01077491-2		AERX01077491.2	AERX01077491.2	NT_173013.1
oreNil2:AERX01077492-1	AERX01077492-1		AERX01077492.1	AERX01077492.1	NT_173014.1
oreNil2:AERX01077493-1	AERX01077493-1		AERX01077493.1	AERX01077493.1	NT_173015.1
oreNil2:AERX01077494-2	AERX01077494-2		AERX01077494.2	AERX01077494.2	NT_173016.1
oreNil2:AERX01077495-1	AERX01077495-1		AERX01077495.1	AERX01077495.1	NT_173017.1
oreNil2:AERX01077496-2	AERX01077496-2		AERX01077496.2	AERX01077496.2	NT_173018.1
oreNil2:AERX01077497-2	AERX01077497-2		AERX01077497.2	AERX01077497.2	NT_173019.1
oreNil2:AERX01077498-2	AERX01077498-2		AERX01077498.2	AERX01077498.2	NT_173020.1
oreNil2:AERX01077499-1	AERX01077499-1		AERX01077499.1	AERX01077499.1	NT_173021.1
oreNil2:AERX01077500-1	AERX01077500-1		AERX01077500.1	AERX01077500.1	NT_173022.1
oreNil2:AERX01077501-1	AERX01077501-1		AERX01077501.1	AERX01077501.1	NT_173023.1
oreNil2:AERX01077502-2	AERX01077502-2		AERX01077502.2	AERX01077502.2	NT_173024.1
oreNil2:AERX01077503-1	AERX01077503-1			AERX01077503.1	NT_173025.1
oreNil2:AERX01077504-1	AERX01077504-1		AERX01077504.1	AERX01077504.1	NT_173026.1
oreNil2:AERX01077505-1	AERX01077505-1		AERX01077505.1	AERX01077505.1	NT_173027.1
oreNil2:AERX01077506-1	AERX01077506-1		AERX01077506.1	AERX01077506.1	NT_173028.1
oreNil2:AERX01077507-1	AERX01077507-1		AERX01077507.1	AERX01077507.1	NT_173029.1
oreNil2:AERX01077508-2	AERX01077508-2		AERX01077508.2	AERX01077508.2	NT_173030.1
oreNil2:AERX01077509-2	AERX01077509-2		AERX01077509.2	AERX01077509.2	NT_173031.1
oreNil2:AERX01077510-1	AERX01077510-1		AERX01077510.1	AERX01077510.1	NT_173032.1
oreNil2:AERX01077511-1	AERX01077511-1		AERX01077511.1	AERX01077511.1	NT_173033.1
oreNil2:AERX01077512-2	AERX01077512-2		AERX01077512.2	AERX01077512.2	NT_173034.1
oreNil2:AERX01077513-1	AERX01077513-1		AERX01077513.1	AERX01077513.1	NT_173035.1
oreNil2:AERX01077514-1	AERX01077514-1		AERX01077514.1	AERX01077514.1	NT_173036.1
oreNil2:AERX01077515-2	AERX01077515-2		AERX01077515.2	AERX01077515.2	NT_173037.1
oreNil2:AERX01077516-1	AERX01077516-1		AERX01077516.1	AERX01077516.1	NT_173038.1
oreNil2:AERX01077517-2	AERX01077517-2		AERX01077517.2	AERX01077517.2	NT_173039.1
oreNil2:AERX01077518-2	AERX01077518-2		AERX01077518.2	AERX01077518.2	NT_173040.1
oreNil2:AERX01077519-2	AERX01077519-2		AERX01077519.2	AERX01077519.2	NT_173041.1
oreNil2:AERX01077520-1	AERX01077520-1		AERX01077520.1	AERX01077520.1	NT_173042.1
oreNil2:AERX01077521-1	AERX01077521-1		AERX01077521.1	AERX01077521.1	NT_173043.1
oreNil2:AERX01077522-2	AERX01077522-2		AERX01077522.2	AERX01077522.2	NT_173044.1
oreNil2:AERX01077523-1	AERX01077523-1		AERX01077523.1	AERX01077523.1	NT_173045.1
oreNil2:AERX01077524-1	AERX01077524-1		AERX01077524.1	AERX01077524.1	NT_173046.1
oreNil2:AERX01077525-1	AERX01077525-1		AERX01077525.1	AERX01077525.1	NT_173047.1
oreNil2:AERX01077526-1	AERX01077526-1		AERX01077526.1	AERX01077526.1	NT_173048.1
oreNil2:AERX01077527-1	AERX01077527-1			AERX01077527.1	NT_173049.1
oreNil2:AERX01077528-1	AERX01077528-1		AERX01077528.1	AERX01077528.1	NT_173050.1
oreNil2:AERX01077529-1	AERX01077529-1		AERX01077529.1	AERX01077529.1	NT_173051.1
oreNil2:AERX01077530-1	AERX01077530-1		AERX01077530.1	AERX01077530.1	NT_173052.1
oreNil2:AERX01077531-1	AERX01077531-1		AERX01077531.1	AERX01077531.1	NT_173053.1
oreNil2:AERX01077532-1	AERX01077532-1		AERX01077532.1	AERX01077532.1	NT_173054.1
oreNil2:AERX01077533-1	AERX01077533-1		AERX01077533.1	AERX01077533.1	NT_173055.1
oreNil2:AERX01077534-1	AERX01077534-1		AERX01077534.1	AERX01077534.1	NT_173056.1
oreNil2:AERX01077535-2	AERX01077535-2		AERX01077535.2	AERX01077535.2	NT_173057.1
oreNil2:AERX01077536-2	AERX01077536-2		AERX01077536.2	AERX01077536.2	NT_173058.1
oreNil2:AERX01077537-1	AERX01077537-1		AERX01077537.1	AERX01077537.1	NT_173059.1
oreNil2:AERX01077538-2	AERX01077538-2		AERX01077538.2	AERX01077538.2	NT_173060.1
oreNil2:AERX01077539-2	AERX01077539-2		AERX01077539.2	AERX01077539.2	NT_173061.1
oreNil2:AERX01077540-2	AERX01077540-2		AERX01077540.2	AERX01077540.2	NT_173062.1
oreNil2:AERX01077541-1	AERX01077541-1		AERX01077541.1	AERX01077541.1	NT_173063.1
oreNil2:AERX01077542-1	AERX01077542-1		AERX01077542.1	AERX01077542.1	NT_173064.1
oreNil2:AERX01077543-1	AERX01077543-1		AERX01077543.1	AERX01077543.1	NT_173065.1
oreNil2:AERX01077544-1	AERX01077544-1		AERX01077544.1	AERX01077544.1	NT_173066.1
oreNil2:AERX01077545-1	AERX01077545-1		AERX01077545.1	AERX01077545.1	NT_173067.1
oreNil2:AERX01077546-1	AERX01077546-1		AERX01077546.1	AERX01077546.1	NT_173068.1
oreNil2:AERX01077547-2	AERX01077547-2		AERX01077547.2	AERX01077547.2	NT_173069.1
oreNil2:AERX01077548-2	AERX01077548-2		AERX01077548.2	AERX01077548.2	NT_173070.1
oreNil2:AERX01077549-1	AERX01077549-1		AERX01077549.1	AERX01077549.1	NT_173071.1
oreNil2:AERX01077550-2	AERX01077550-2		AERX01077550.2	AERX01077550.2	NT_173072.1
oreNil2:AERX01077551-1	AERX01077551-1		AERX01077551.1	AERX01077551.1	NT_173073.1
oreNil2:AERX01077552-2	AERX01077552-2		AERX01077552.2	AERX01077552.2	NT_173074.1
oreNil2:AERX01077553-1	AERX01077553-1		AERX01077553.1	AERX01077553.1	NT_173075.1
oreNil2:AERX01077554-1	AERX01077554-1		AERX01077554.1	AERX01077554.1	NT_173076.1
oreNil2:AERX01077555-1	AERX01077555-1		AERX01077555.1	AERX01077555.1	NT_173077.1
oreNil2:AERX01077556-1	AERX01077556-1		AERX01077556.1	AERX01077556.1	NT_173078.1
oreNil2:AERX01077557-2	AERX01077557-2		AERX01077557.2	AERX01077557.2	NT_173079.1
oreNil2:AERX01077558-1	AERX01077558-1		AERX01077558.1	AERX01077558.1	NT_173080.1
oreNil2:AERX01077559-1	AERX01077559-1			AERX01077559.1	NT_173081.1
oreNil2:AERX01077560-1	AERX01077560-1		AERX01077560.1	AERX01077560.1	NT_173082.1
oreNil2:AERX01077561-2	AERX01077561-2		AERX01077561.2	AERX01077561.2	NT_173083.1
oreNil2:AERX01077562-1	AERX01077562-1		AERX01077562.1	AERX01077562.1	NT_173084.1
oreNil2:AERX01077563-1	AERX01077563-1		AERX01077563.1	AERX01077563.1	NT_173085.1
oreNil2:AERX01077564-2	AERX01077564-2		AERX01077564.2	AERX01077564.2	NT_173086.1
oreNil2:AERX01077565-1	AERX01077565-1		AERX01077565.1	AERX01077565.1	NT_173087.1
oreNil2:AERX01077566-2	AERX01077566-2		AERX01077566.2	AERX01077566.2	NT_173088.1
oreNil2:AERX01077567-2	AERX01077567-2		AERX01077567.2	AERX01077567.2	NT_173089.1
oreNil2:AERX01077568-2	AERX01077568-2		AERX01077568.2	AERX01077568.2	NT_173090.1
oreNil2:AERX01077569-2	AERX01077569-2		AERX01077569.2	AERX01077569.2	NT_173091.1
oreNil2:AERX01077570-2	AERX01077570-2		AERX01077570.2	AERX01077570.2	NT_173092.1
oreNil2:AERX01077571-2	AERX01077571-2		AERX01077571.2	AERX01077571.2	NT_173093.1
oreNil2:AERX01077572-2	AERX01077572-2		AERX01077572.2	AERX01077572.2	NT_173094.1
oreNil2:AERX01077573-1	AERX01077573-1		AERX01077573.1	AERX01077573.1	NT_173095.1
oreNil2:AERX01077574-2	AERX01077574-2		AERX01077574.2	AERX01077574.2	NT_173096.1
oreNil2:AERX01077575-1	AERX01077575-1		AERX01077575.1	AERX01077575.1	NT_173097.1
oreNil2:AERX01077576-2	AERX01077576-2		AERX01077576.2	AERX01077576.2	NT_173098.1
oreNil2:AERX01077577-1	AERX01077577-1		AERX01077577.1	AERX01077577.1	NT_173099.1
oreNil2:AERX01077578-2	AERX01077578-2		AERX01077578.2	AERX01077578.2	NT_173100.1
oreNil2:AERX01077579-1	AERX01077579-1		AERX01077579.1	AERX01077579.1	NT_173101.1
oreNil2:AERX01077580-1	AERX01077580-1		AERX01077580.1	AERX01077580.1	NT_173102.1
oreNil2:AERX01077581-1	AERX01077581-1		AERX01077581.1	AERX01077581.1	NT_173103.1
oreNil2:AERX01077582-1	AERX01077582-1		AERX01077582.1	AERX01077582.1	NT_173104.1
oreNil2:AERX01077583-1	AERX01077583-1			AERX01077583.1	NT_173105.1
oreNil2:AERX01077584-2	AERX01077584-2		AERX01077584.2	AERX01077584.2	NT_173106.1
oreNil2:AERX01077585-1	AERX01077585-1		AERX01077585.1	AERX01077585.1	NT_173107.1
oreNil2:AERX01077586-1	AERX01077586-1		AERX01077586.1	AERX01077586.1	NT_173108.1
oreNil2:AERX01077587-1	AERX01077587-1		AERX01077587.1	AERX01077587.1	NT_173109.1
oreNil2:AERX01077588-2	AERX01077588-2		AERX01077588.2	AERX01077588.2	NT_173110.1
oreNil2:AERX01077589-1	AERX01077589-1		AERX01077589.1	AERX01077589.1	NT_173111.1
oreNil2:AERX01077590-1	AERX01077590-1		AERX01077590.1	AERX01077590.1	NT_173112.1
oreNil2:AERX01077591-2	AERX01077591-2		AERX01077591.2	AERX01077591.2	NT_173113.1
oreNil2:AERX01077592-1	AERX01077592-1		AERX01077592.1	AERX01077592.1	NT_173114.1
oreNil2:AERX01077593-2	AERX01077593-2		AERX01077593.2	AERX01077593.2	NT_173115.1
oreNil2:AERX01077594-1	AERX01077594-1		AERX01077594.1	AERX01077594.1	NT_173116.1
oreNil2:AERX01077595-1	AERX01077595-1		AERX01077595.1	AERX01077595.1	NT_173117.1
oreNil2:AERX01077596-1	AERX01077596-1		AERX01077596.1	AERX01077596.1	NT_173118.1
oreNil2:AERX01077597-2	AERX01077597-2		AERX01077597.2	AERX01077597.2	NT_173119.1
oreNil2:AERX01077598-2	AERX01077598-2		AERX01077598.2	AERX01077598.2	NT_173120.1
oreNil2:AERX01077599-1	AERX01077599-1		AERX01077599.1	AERX01077599.1	NT_173121.1
oreNil2:AERX01077600-2	AERX01077600-2		AERX01077600.2	AERX01077600.2	NT_173122.1
oreNil2:AERX01077601-1	AERX01077601-1		AERX01077601.1	AERX01077601.1	NT_173123.1
oreNil2:AERX01077602-1	AERX01077602-1		AERX01077602.1	AERX01077602.1	NT_173124.1
oreNil2:AERX01077603-1	AERX01077603-1		AERX01077603.1	AERX01077603.1	NT_173125.1
oreNil2:AERX01077604-1	AERX01077604-1		AERX01077604.1	AERX01077604.1	NT_173126.1
oreNil2:AERX01077605-2	AERX01077605-2		AERX01077605.2	AERX01077605.2	NT_173127.1
oreNil2:AERX01077606-1	AERX01077606-1		AERX01077606.1	AERX01077606.1	NT_173128.1
oreNil2:AERX01077607-2	AERX01077607-2		AERX01077607.2	AERX01077607.2	NT_173129.1
oreNil2:AERX01077608-2	AERX01077608-2		AERX01077608.2	AERX01077608.2	NT_173130.1
oreNil2:AERX01077609-1	AERX01077609-1		AERX01077609.1	AERX01077609.1	NT_173131.1
oreNil2:AERX01077610-2	AERX01077610-2		AERX01077610.2	AERX01077610.2	NT_173132.1
oreNil2:AERX01077611-2	AERX01077611-2		AERX01077611.2	AERX01077611.2	NT_173133.1
oreNil2:AERX01077612-1	AERX01077612-1		AERX01077612.1	AERX01077612.1	NT_173134.1
oreNil2:AERX01077613-1	AERX01077613-1		AERX01077613.1	AERX01077613.1	NT_173135.1
oreNil2:AERX01077614-1	AERX01077614-1		AERX01077614.1	AERX01077614.1	NT_173136.1
oreNil2:AERX01077615-2	AERX01077615-2		AERX01077615.2	AERX01077615.2	NT_173137.1
oreNil2:AERX01077616-1	AERX01077616-1		AERX01077616.1	AERX01077616.1	NT_173138.1
oreNil2:AERX01077617-2	AERX01077617-2		AERX01077617.2	AERX01077617.2	NT_173139.1
oreNil2:AERX01077618-2	AERX01077618-2		AERX01077618.2	AERX01077618.2	NT_173140.1
oreNil2:AERX01077619-2	AERX01077619-2		AERX01077619.2	AERX01077619.2	NT_173141.1
oreNil2:AERX01077620-2	AERX01077620-2		AERX01077620.2	AERX01077620.2	NT_173142.1
oreNil2:AERX01077621-1	AERX01077621-1		AERX01077621.1	AERX01077621.1	NT_173143.1
oreNil2:AERX01077622-2	AERX01077622-2		AERX01077622.2	AERX01077622.2	NT_173144.1
oreNil2:AERX01077623-2	AERX01077623-2		AERX01077623.2	AERX01077623.2	NT_173145.1
oreNil2:AERX01077624-2	AERX01077624-2		AERX01077624.2	AERX01077624.2	NT_173146.1
oreNil2:AERX01077625-1	AERX01077625-1		AERX01077625.1	AERX01077625.1	NT_173147.1
oreNil2:AERX01077626-2	AERX01077626-2		AERX01077626.2	AERX01077626.2	NT_173148.1
oreNil2:AERX01077627-1	AERX01077627-1		AERX01077627.1	AERX01077627.1	NT_173149.1
oreNil2:AERX01077628-1	AERX01077628-1		AERX01077628.1	AERX01077628.1	NT_173150.1
oreNil2:AERX01077629-2	AERX01077629-2		AERX01077629.2	AERX01077629.2	NT_173151.1
oreNil2:AERX01077630-1	AERX01077630-1		AERX01077630.1	AERX01077630.1	NT_173152.1
oreNil2:AERX01077631-2	AERX01077631-2		AERX01077631.2	AERX01077631.2	NT_173153.1
oreNil2:AERX01077632-1	AERX01077632-1		AERX01077632.1	AERX01077632.1	NT_173154.1
oreNil2:AERX01077633-2	AERX01077633-2		AERX01077633.2	AERX01077633.2	NT_173155.1
oreNil2:AERX01077634-1	AERX01077634-1		AERX01077634.1	AERX01077634.1	NT_173156.1
oreNil2:AERX01077635-2	AERX01077635-2		AERX01077635.2	AERX01077635.2	NT_173157.1
oreNil2:AERX01077636-2	AERX01077636-2		AERX01077636.2	AERX01077636.2	NT_173158.1
oreNil2:AERX01077637-2	AERX01077637-2		AERX01077637.2	AERX01077637.2	NT_173159.1
oreNil2:AERX01077638-1	AERX01077638-1		AERX01077638.1	AERX01077638.1	NT_173160.1
oreNil2:AERX01077639-2	AERX01077639-2		AERX01077639.2	AERX01077639.2	NT_173161.1
oreNil2:AERX01077640-2	AERX01077640-2		AERX01077640.2	AERX01077640.2	NT_173162.1
oreNil2:AERX01077641-2	AERX01077641-2		AERX01077641.2	AERX01077641.2	NT_173163.1
oreNil2:AERX01077642-1	AERX01077642-1		AERX01077642.1	AERX01077642.1	NT_173164.1
oreNil2:AERX01077643-1	AERX01077643-1		AERX01077643.1	AERX01077643.1	NT_173165.1
oreNil2:AERX01077644-2	AERX01077644-2		AERX01077644.2	AERX01077644.2	NT_173166.1
oreNil2:AERX01077645-1	AERX01077645-1		AERX01077645.1	AERX01077645.1	NT_173167.1
oreNil2:AERX01077646-2	AERX01077646-2		AERX01077646.2	AERX01077646.2	NT_173168.1
oreNil2:AERX01077647-2	AERX01077647-2		AERX01077647.2	AERX01077647.2	NT_173169.1
oreNil2:AERX01077648-2	AERX01077648-2		AERX01077648.2	AERX01077648.2	NT_173170.1
oreNil2:AERX01077649-1	AERX01077649-1		AERX01077649.1	AERX01077649.1	NT_173171.1
oreNil2:AERX01077650-1	AERX01077650-1		AERX01077650.1	AERX01077650.1	NT_173172.1
oreNil2:AERX01077651-1	AERX01077651-1		AERX01077651.1	AERX01077651.1	NT_173173.1
oreNil2:AERX01077652-2	AERX01077652-2		AERX01077652.2	AERX01077652.2	NT_173174.1
oreNil2:AERX01077653-1	AERX01077653-1		AERX01077653.1	AERX01077653.1	NT_173175.1
oreNil2:AERX01077654-1	AERX01077654-1		AERX01077654.1	AERX01077654.1	NT_173176.1
oreNil2:AERX01077655-1	AERX01077655-1		AERX01077655.1	AERX01077655.1	NT_173177.1
oreNil2:AERX01077656-1	AERX01077656-1			AERX01077656.1	NT_173178.1
oreNil2:AERX01077657-2	AERX01077657-2		AERX01077657.2	AERX01077657.2	NT_173179.1
oreNil2:AERX01077658-1	AERX01077658-1		AERX01077658.1	AERX01077658.1	NT_173180.1
oreNil2:AERX01077659-2	AERX01077659-2		AERX01077659.2	AERX01077659.2	NT_173181.1
oreNil2:AERX01077660-1	AERX01077660-1		AERX01077660.1	AERX01077660.1	NT_173182.1
oreNil2:AERX01077661-1	AERX01077661-1		AERX01077661.1	AERX01077661.1	NT_173183.1
oreNil2:AERX01077662-1	AERX01077662-1		AERX01077662.1	AERX01077662.1	NT_173184.1
oreNil2:AERX01077663-1	AERX01077663-1		AERX01077663.1	AERX01077663.1	NT_173185.1
oreNil2:AERX01077664-1	AERX01077664-1		AERX01077664.1	AERX01077664.1	NT_173186.1
oreNil2:AERX01077665-1	AERX01077665-1		AERX01077665.1	AERX01077665.1	NT_173187.1
oreNil2:AERX01077666-1	AERX01077666-1		AERX01077666.1	AERX01077666.1	NT_173188.1
oreNil2:AERX01077667-1	AERX01077667-1			AERX01077667.1	NT_173189.1
oreNil2:AERX01077668-1	AERX01077668-1		AERX01077668.1	AERX01077668.1	NT_173190.1
oreNil2:AERX01077669-2	AERX01077669-2		AERX01077669.2	AERX01077669.2	NT_173191.1
oreNil2:AERX01077670-2	AERX01077670-2		AERX01077670.2	AERX01077670.2	NT_173192.1
oreNil2:AERX01077671-2	AERX01077671-2		AERX01077671.2	AERX01077671.2	NT_173193.1
oreNil2:AERX01077672-2	AERX01077672-2		AERX01077672.2	AERX01077672.2	NT_173194.1
oreNil2:AERX01077673-2	AERX01077673-2		AERX01077673.2	AERX01077673.2	NT_173195.1
oreNil2:AERX01077674-2	AERX01077674-2		AERX01077674.2	AERX01077674.2	NT_173196.1
oreNil2:AERX01077675-1	AERX01077675-1		AERX01077675.1	AERX01077675.1	NT_173197.1
oreNil2:AERX01077676-1	AERX01077676-1			AERX01077676.1	NT_173198.1
oreNil2:AERX01077677-2	AERX01077677-2		AERX01077677.2	AERX01077677.2	NT_173199.1
oreNil2:AERX01077678-1	AERX01077678-1		AERX01077678.1	AERX01077678.1	NT_173200.1
oreNil2:AERX01077679-2	AERX01077679-2		AERX01077679.2	AERX01077679.2	NT_173201.1
oreNil2:AERX01077680-2	AERX01077680-2		AERX01077680.2	AERX01077680.2	NT_173202.1
oreNil2:AERX01077681-2	AERX01077681-2		AERX01077681.2	AERX01077681.2	NT_173203.1
oreNil2:AERX01077682-2	AERX01077682-2		AERX01077682.2	AERX01077682.2	NT_173204.1
oreNil2:AERX01077683-1	AERX01077683-1		AERX01077683.1	AERX01077683.1	NT_173205.1
oreNil2:AERX01077684-2	AERX01077684-2		AERX01077684.2	AERX01077684.2	NT_173206.1
oreNil2:AERX01077685-1	AERX01077685-1		AERX01077685.1	AERX01077685.1	NT_173207.1
oreNil2:AERX01077686-1	AERX01077686-1		AERX01077686.1	AERX01077686.1	NT_173208.1
oreNil2:AERX01077687-1	AERX01077687-1		AERX01077687.1	AERX01077687.1	NT_173209.1
oreNil2:AERX01077688-1	AERX01077688-1		AERX01077688.1	AERX01077688.1	NT_173210.1
oreNil2:AERX01077689-1	AERX01077689-1			AERX01077689.1	NT_173211.1
oreNil2:AERX01077690-1	AERX01077690-1		AERX01077690.1	AERX01077690.1	NT_173212.1
oreNil2:AERX01077691-2	AERX01077691-2		AERX01077691.2	AERX01077691.2	NT_173213.1
oreNil2:AERX01077692-1	AERX01077692-1		AERX01077692.1	AERX01077692.1	NT_173214.1
oreNil2:AERX01077693-1	AERX01077693-1		AERX01077693.1	AERX01077693.1	NT_173215.1
oreNil2:AERX01077694-2	AERX01077694-2		AERX01077694.2	AERX01077694.2	NT_173216.1
oreNil2:AERX01077695-2	AERX01077695-2		AERX01077695.2	AERX01077695.2	NT_173217.1
oreNil2:AERX01077696-1	AERX01077696-1		AERX01077696.1	AERX01077696.1	NT_173218.1
oreNil2:AERX01077697-1	AERX01077697-1		AERX01077697.1	AERX01077697.1	NT_173219.1
oreNil2:AERX01077698-1	AERX01077698-1		AERX01077698.1	AERX01077698.1	NT_173220.1
oreNil2:AERX01077699-2	AERX01077699-2		AERX01077699.2	AERX01077699.2	NT_173221.1
oreNil2:AERX01077700-1	AERX01077700-1		AERX01077700.1	AERX01077700.1	NT_173222.1
oreNil2:AERX01077701-2	AERX01077701-2		AERX01077701.2	AERX01077701.2	NT_173223.1
oreNil2:AERX01077702-2	AERX01077702-2		AERX01077702.2	AERX01077702.2	NT_173224.1
oreNil2:AERX01077703-2	AERX01077703-2		AERX01077703.2	AERX01077703.2	NT_173225.1
oreNil2:AERX01077704-1	AERX01077704-1		AERX01077704.1	AERX01077704.1	NT_173226.1
oreNil2:AERX01077705-2	AERX01077705-2		AERX01077705.2	AERX01077705.2	NT_173227.1
oreNil2:AERX01077706-1	AERX01077706-1		AERX01077706.1	AERX01077706.1	NT_173228.1
oreNil2:AERX01077707-2	AERX01077707-2		AERX01077707.2	AERX01077707.2	NT_173229.1
oreNil2:AERX01077708-1	AERX01077708-1		AERX01077708.1	AERX01077708.1	NT_173230.1
oreNil2:AERX01077709-2	AERX01077709-2		AERX01077709.2	AERX01077709.2	NT_173231.1
oreNil2:AERX01077710-2	AERX01077710-2		AERX01077710.2	AERX01077710.2	NT_173232.1
oreNil2:AERX01077711-1	AERX01077711-1		AERX01077711.1	AERX01077711.1	NT_173233.1
oreNil2:AERX01077712-1	AERX01077712-1		AERX01077712.1	AERX01077712.1	NT_173234.1
oreNil2:AERX01077713-2	AERX01077713-2		AERX01077713.2	AERX01077713.2	NT_173235.1
oreNil2:AERX01077714-2	AERX01077714-2		AERX01077714.2	AERX01077714.2	NT_173236.1
oreNil2:AERX01077715-1	AERX01077715-1		AERX01077715.1	AERX01077715.1	NT_173237.1
oreNil2:AERX01077716-1	AERX01077716-1		AERX01077716.1	AERX01077716.1	NT_173238.1
oreNil2:AERX01077717-1	AERX01077717-1		AERX01077717.1	AERX01077717.1	NT_173239.1
oreNil2:AERX01077718-1	AERX01077718-1			AERX01077718.1	NT_173240.1
oreNil2:AERX01077719-1	AERX01077719-1		AERX01077719.1	AERX01077719.1	NT_173241.1
oreNil2:AERX01077720-2	AERX01077720-2		AERX01077720.2	AERX01077720.2	NT_173242.1
oreNil2:AERX01077721-1	AERX01077721-1		AERX01077721.1	AERX01077721.1	NT_173243.1
oreNil2:AERX01077722-1	AERX01077722-1		AERX01077722.1	AERX01077722.1	NT_173244.1
oreNil2:AERX01077723-1	AERX01077723-1		AERX01077723.1	AERX01077723.1	NT_173245.1
oreNil2:AERX01077724-1	AERX01077724-1		AERX01077724.1	AERX01077724.1	NT_173246.1
oreNil2:AERX01077725-1	AERX01077725-1		AERX01077725.1	AERX01077725.1	NT_173247.1
oreNil2:AERX01077726-1	AERX01077726-1		AERX01077726.1	AERX01077726.1	NT_173248.1
oreNil2:AERX01077727-2	AERX01077727-2		AERX01077727.2	AERX01077727.2	NT_173249.1
oreNil2:AERX01077728-2	AERX01077728-2		AERX01077728.2	AERX01077728.2	NT_173250.1
oreNil2:AERX01077729-2	AERX01077729-2		AERX01077729.2	AERX01077729.2	NT_173251.1
oreNil2:AERX01077730-1	AERX01077730-1		AERX01077730.1	AERX01077730.1	NT_173252.1
oreNil2:AERX01077731-1	AERX01077731-1		AERX01077731.1	AERX01077731.1	NT_173253.1
oreNil2:AERX01077732-1	AERX01077732-1		AERX01077732.1	AERX01077732.1	NT_173254.1
oreNil2:AERX01077733-2	AERX01077733-2		AERX01077733.2	AERX01077733.2	NT_173255.1
oreNil2:AERX01077734-2	AERX01077734-2		AERX01077734.2	AERX01077734.2	NT_173256.1
oreNil2:AERX01077735-2	AERX01077735-2		AERX01077735.2	AERX01077735.2	NT_173257.1
oreNil2:AERX01077736-1	AERX01077736-1		AERX01077736.1	AERX01077736.1	NT_173258.1
oreNil2:AERX01077737-2	AERX01077737-2		AERX01077737.2	AERX01077737.2	NT_173259.1
oreNil2:AERX01077738-2	AERX01077738-2		AERX01077738.2	AERX01077738.2	NT_173260.1
oreNil2:AERX01077739-2	AERX01077739-2		AERX01077739.2	AERX01077739.2	NT_173261.1
oreNil2:AERX01077740-1	AERX01077740-1		AERX01077740.1	AERX01077740.1	NT_173262.1
oreNil2:AERX01077741-1	AERX01077741-1			AERX01077741.1	NT_173263.1
oreNil2:AERX01077742-1	AERX01077742-1		AERX01077742.1	AERX01077742.1	NT_173264.1
oreNil2:AERX01077743-2	AERX01077743-2		AERX01077743.2	AERX01077743.2	NT_173265.1
oreNil2:AERX01077744-1	AERX01077744-1		AERX01077744.1	AERX01077744.1	NT_173266.1
oreNil2:AERX01077745-2	AERX01077745-2		AERX01077745.2	AERX01077745.2	NT_173267.1
oreNil2:AERX01077746-1	AERX01077746-1		AERX01077746.1	AERX01077746.1	NT_173268.1
oreNil2:AERX01077747-1	AERX01077747-1		AERX01077747.1	AERX01077747.1	NT_173269.1
oreNil2:AERX01077748-1	AERX01077748-1		AERX01077748.1	AERX01077748.1	NT_173270.1
oreNil2:AERX01077749-1	AERX01077749-1		AERX01077749.1	AERX01077749.1	NT_173271.1
oreNil2:AERX01077750-2	AERX01077750-2		AERX01077750.2	AERX01077750.2	NT_173272.1
oreNil2:AERX01077751-1	AERX01077751-1		AERX01077751.1	AERX01077751.1	NT_173273.1
oreNil2:AERX01077752-1	AERX01077752-1		AERX01077752.1	AERX01077752.1	NT_173274.1
oreNil2:AERX01077753-1	AERX01077753-1		AERX01077753.1	AERX01077753.1	NT_173275.1
oreNil2:AERX01077754-1	AERX01077754-1		AERX01077754.1	AERX01077754.1	NT_173276.1
oreNil2:GL831144-1	GL831144-1		GL831144.1	GL831144.1	NT_167388.1
oreNil2:GL831181-1	GL831181-1		GL831181.1	GL831181.1	NT_167425.1
oreNil2:GL831184-1	GL831184-1		GL831184.1	GL831184.1	NT_167428.1
oreNil2:GL831204-1	GL831204-1		GL831204.1	GL831204.1	NT_167448.1
oreNil2:GL831206-1	GL831206-1		GL831206.1	GL831206.1	NT_167450.1
oreNil2:GL831217-1	GL831217-1		GL831217.1	GL831217.1	NT_167461.1
oreNil2:GL831231-1	GL831231-1		GL831231.1	GL831231.1	NT_167475.1
oreNil2:GL831235-1	GL831235-1		GL831235.1	GL831235.1	NT_167479.1
oreNil2:GL831239-1	GL831239-1		GL831239.1	GL831239.1	NT_167483.1
oreNil2:GL831251-1	GL831251-1		GL831251.1	GL831251.1	NT_167495.1
oreNil2:GL831254-1	GL831254-1		GL831254.1	GL831254.1	NT_167498.1
oreNil2:GL831256-1	GL831256-1		GL831256.1	GL831256.1	NT_167500.1
oreNil2:GL831262-1	GL831262-1		GL831262.1	GL831262.1	NT_167506.1
oreNil2:GL831264-1	GL831264-1		GL831264.1	GL831264.1	NT_167508.1
oreNil2:GL831266-1	GL831266-1		GL831266.1	GL831266.1	NT_167510.1
oreNil2:GL831269-1	GL831269-1		GL831269.1	GL831269.1	NT_167513.1
oreNil2:GL831273-1	GL831273-1		GL831273.1	GL831273.1	NT_167517.1
oreNil2:GL831285-1	GL831285-1		GL831285.1	GL831285.1	NT_167529.1
oreNil2:GL831288-1	GL831288-1		GL831288.1	GL831288.1	NT_167532.1
oreNil2:GL831291-1	GL831291-1		GL831291.1	GL831291.1	NT_167535.1
oreNil2:GL831293-1	GL831293-1		GL831293.1	GL831293.1	NT_167537.1
oreNil2:GL831294-1	GL831294-1		GL831294.1	GL831294.1	NT_167538.1
oreNil2:GL831296-1	GL831296-1		GL831296.1	GL831296.1	NT_167540.1
oreNil2:GL831300-1	GL831300-1		GL831300.1	GL831300.1	NT_167544.1
oreNil2:GL831301-1	GL831301-1		GL831301.1	GL831301.1	NT_167545.1
oreNil2:GL831306-1	GL831306-1		GL831306.1	GL831306.1	NT_167550.1
oreNil2:GL831308-1	GL831308-1		GL831308.1	GL831308.1	NT_167552.1
oreNil2:GL831309-1	GL831309-1		GL831309.1	GL831309.1	NT_167553.1
oreNil2:GL831310-1	GL831310-1		GL831310.1	GL831310.1	NT_167554.1
oreNil2:GL831311-1	GL831311-1		GL831311.1	GL831311.1	NT_167555.1
oreNil2:GL831313-1	GL831313-1		GL831313.1	GL831313.1	NT_167557.1
oreNil2:GL831317-1	GL831317-1		GL831317.1	GL831317.1	NT_167561.1
oreNil2:GL831320-1	GL831320-1		GL831320.1	GL831320.1	NT_167564.1
oreNil2:GL831322-1	GL831322-1		GL831322.1	GL831322.1	NT_167566.1
oreNil2:GL831323-1	GL831323-1		GL831323.1	GL831323.1	NT_167567.1
oreNil2:GL831324-1	GL831324-1		GL831324.1	GL831324.1	NT_167568.1
oreNil2:GL831327-1	GL831327-1		GL831327.1	GL831327.1	NT_167571.1
oreNil2:GL831331-1	GL831331-1		GL831331.1	GL831331.1	NT_167575.1
oreNil2:GL831336-1	GL831336-1		GL831336.1	GL831336.1	NT_167580.1
oreNil2:GL831338-1	GL831338-1		GL831338.1	GL831338.1	NT_167582.1
oreNil2:GL831339-1	GL831339-1		GL831339.1	GL831339.1	NT_167583.1
oreNil2:GL831342-1	GL831342-1		GL831342.1	GL831342.1	NT_167586.1
oreNil2:GL831343-1	GL831343-1		GL831343.1	GL831343.1	NT_167587.1
oreNil2:GL831348-1	GL831348-1		GL831348.1	GL831348.1	NT_167592.1
oreNil2:GL831350-1	GL831350-1		GL831350.1	GL831350.1	NT_167594.1
oreNil2:GL831351-1	GL831351-1		GL831351.1	GL831351.1	NT_167595.1
oreNil2:GL831353-1	GL831353-1		GL831353.1	GL831353.1	NT_167597.1
oreNil2:GL831354-1	GL831354-1		GL831354.1	GL831354.1	NT_167598.1
oreNil2:GL831358-1	GL831358-1		GL831358.1	GL831358.1	NT_167602.1
oreNil2:GL831359-1	GL831359-1		GL831359.1	GL831359.1	NT_167603.1
oreNil2:GL831361-1	GL831361-1		GL831361.1	GL831361.1	NT_167605.1
oreNil2:GL831364-1	GL831364-1		GL831364.1	GL831364.1	NT_167608.1
oreNil2:GL831366-1	GL831366-1		GL831366.1	GL831366.1	NT_167610.1
oreNil2:GL831367-1	GL831367-1		GL831367.1	GL831367.1	NT_167611.1
oreNil2:GL831369-1	GL831369-1		GL831369.1	GL831369.1	NT_167613.1
oreNil2:GL831371-1	GL831371-1		GL831371.1	GL831371.1	NT_167615.1
oreNil2:GL831372-1	GL831372-1		GL831372.1	GL831372.1	NT_167616.1
oreNil2:GL831373-1	GL831373-1		GL831373.1	GL831373.1	NT_167617.1
oreNil2:GL831375-1	GL831375-1		GL831375.1	GL831375.1	NT_167619.1
oreNil2:GL831377-1	GL831377-1		GL831377.1	GL831377.1	NT_167621.1
oreNil2:GL831378-1	GL831378-1		GL831378.1	GL831378.1	NT_167622.1
oreNil2:GL831379-1	GL831379-1		GL831379.1	GL831379.1	NT_167623.1
oreNil2:GL831382-1	GL831382-1		GL831382.1	GL831382.1	NT_167626.1
oreNil2:GL831383-1	GL831383-1		GL831383.1	GL831383.1	NT_167627.1
oreNil2:GL831384-1	GL831384-1		GL831384.1	GL831384.1	NT_167628.1
oreNil2:GL831387-1	GL831387-1		GL831387.1	GL831387.1	NT_167631.1
oreNil2:GL831389-1	GL831389-1		GL831389.1	GL831389.1	NT_167633.1
oreNil2:GL831390-1	GL831390-1		GL831390.1	GL831390.1	NT_167634.1
oreNil2:GL831391-1	GL831391-1		GL831391.1	GL831391.1	NT_167635.1
oreNil2:GL831392-1	GL831392-1		GL831392.1	GL831392.1	NT_167636.1
oreNil2:GL831393-1	GL831393-1		GL831393.1	GL831393.1	NT_167637.1
oreNil2:GL831394-1	GL831394-1		GL831394.1	GL831394.1	NT_167638.1
oreNil2:GL831395-1	GL831395-1		GL831395.1	GL831395.1	NT_167639.1
oreNil2:GL831396-1	GL831396-1		GL831396.1	GL831396.1	NT_167640.1
oreNil2:GL831397-1	GL831397-1		GL831397.1	GL831397.1	NT_167641.1
oreNil2:GL831400-1	GL831400-1		GL831400.1	GL831400.1	NT_167644.1
oreNil2:GL831401-1	GL831401-1		GL831401.1	GL831401.1	NT_167645.1
oreNil2:GL831402-1	GL831402-1		GL831402.1	GL831402.1	NT_167646.1
oreNil2:GL831404-1	GL831404-1		GL831404.1	GL831404.1	NT_167648.1
oreNil2:GL831407-1	GL831407-1		GL831407.1	GL831407.1	NT_167651.1
oreNil2:GL831409-1	GL831409-1		GL831409.1	GL831409.1	NT_167653.1
oreNil2:GL831413-1	GL831413-1		GL831413.1	GL831413.1	NT_167657.1
oreNil2:GL831414-1	GL831414-1		GL831414.1	GL831414.1	NT_167658.1
oreNil2:GL831415-1	GL831415-1		GL831415.1	GL831415.1	NT_167659.1
oreNil2:GL831418-1	GL831418-1		GL831418.1	GL831418.1	NT_167662.1
oreNil2:GL831419-1	GL831419-1		GL831419.1	GL831419.1	NT_167663.1
oreNil2:GL831421-1	GL831421-1		GL831421.1	GL831421.1	NT_167665.1
oreNil2:GL831422-1	GL831422-1		GL831422.1	GL831422.1	NT_167666.1
oreNil2:GL831423-1	GL831423-1		GL831423.1	GL831423.1	NT_167667.1
oreNil2:GL831426-1	GL831426-1		GL831426.1	GL831426.1	NT_167670.1
oreNil2:GL831427-1	GL831427-1		GL831427.1	GL831427.1	NT_167671.1
oreNil2:GL831428-1	GL831428-1		GL831428.1	GL831428.1	NT_167672.1
oreNil2:GL831431-1	GL831431-1		GL831431.1	GL831431.1	NT_167675.1
oreNil2:GL831432-1	GL831432-1		GL831432.1	GL831432.1	NT_167676.1
oreNil2:GL831433-1	GL831433-1		GL831433.1	GL831433.1	NT_167677.1
oreNil2:GL831434-1	GL831434-1		GL831434.1	GL831434.1	NT_167678.1
oreNil2:GL831435-1	GL831435-1		GL831435.1	GL831435.1	NT_167679.1
oreNil2:GL831436-1	GL831436-1		GL831436.1	GL831436.1	NT_167680.1
oreNil2:GL831438-1	GL831438-1		GL831438.1	GL831438.1	NT_167682.1
oreNil2:GL831439-1	GL831439-1		GL831439.1	GL831439.1	NT_167683.1
oreNil2:GL831440-1	GL831440-1		GL831440.1	GL831440.1	NT_167684.1
oreNil2:GL831442-1	GL831442-1		GL831442.1	GL831442.1	NT_167686.1
oreNil2:GL831444-1	GL831444-1		GL831444.1	GL831444.1	NT_167688.1
oreNil2:GL831445-1	GL831445-1		GL831445.1	GL831445.1	NT_167689.1
oreNil2:GL831446-1	GL831446-1		GL831446.1	GL831446.1	NT_167690.1
oreNil2:GL831448-1	GL831448-1		GL831448.1	GL831448.1	NT_167692.1
oreNil2:GL831449-1	GL831449-1		GL831449.1	GL831449.1	NT_167693.1
oreNil2:GL831450-1	GL831450-1		GL831450.1	GL831450.1	NT_167694.1
oreNil2:GL831451-1	GL831451-1		GL831451.1	GL831451.1	NT_167695.1
oreNil2:GL831453-1	GL831453-1		GL831453.1	GL831453.1	NT_167697.1
oreNil2:GL831455-1	GL831455-1		GL831455.1	GL831455.1	NT_167699.1
oreNil2:GL831457-1	GL831457-1		GL831457.1	GL831457.1	NT_167701.1
oreNil2:GL831458-1	GL831458-1		GL831458.1	GL831458.1	NT_167702.1
oreNil2:GL831459-1	GL831459-1		GL831459.1	GL831459.1	NT_167703.1
oreNil2:GL831460-1	GL831460-1		GL831460.1	GL831460.1	NT_167704.1
oreNil2:GL831461-1	GL831461-1		GL831461.1	GL831461.1	NT_167705.1
oreNil2:GL831462-1	GL831462-1		GL831462.1	GL831462.1	NT_167706.1
oreNil2:GL831464-1	GL831464-1		GL831464.1	GL831464.1	NT_167708.1
oreNil2:GL831465-1	GL831465-1		GL831465.1	GL831465.1	NT_167709.1
oreNil2:GL831466-1	GL831466-1		GL831466.1	GL831466.1	NT_167710.1
oreNil2:GL831467-1	GL831467-1		GL831467.1	GL831467.1	NT_167711.1
oreNil2:GL831468-1	GL831468-1		GL831468.1	GL831468.1	NT_167712.1
oreNil2:GL831470-1	GL831470-1		GL831470.1	GL831470.1	NT_167714.1
oreNil2:GL831471-1	GL831471-1		GL831471.1	GL831471.1	NT_167715.1
oreNil2:GL831472-1	GL831472-1		GL831472.1	GL831472.1	NT_167716.1
oreNil2:GL831473-1	GL831473-1		GL831473.1	GL831473.1	NT_167717.1
oreNil2:GL831475-1	GL831475-1		GL831475.1	GL831475.1	NT_167719.1
oreNil2:GL831476-1	GL831476-1		GL831476.1	GL831476.1	NT_167720.1
oreNil2:GL831478-1	GL831478-1		GL831478.1	GL831478.1	NT_167722.1
oreNil2:GL831479-1	GL831479-1		GL831479.1	GL831479.1	NT_167723.1
oreNil2:GL831483-1	GL831483-1		GL831483.1	GL831483.1	NT_167727.1
oreNil2:GL831484-1	GL831484-1		GL831484.1	GL831484.1	NT_167728.1
oreNil2:GL831485-1	GL831485-1		GL831485.1	GL831485.1	NT_167729.1
oreNil2:GL831486-1	GL831486-1		GL831486.1	GL831486.1	NT_167730.1
oreNil2:GL831487-1	GL831487-1		GL831487.1	GL831487.1	NT_167731.1
oreNil2:GL831488-1	GL831488-1		GL831488.1	GL831488.1	NT_167732.1
oreNil2:GL831489-1	GL831489-1		GL831489.1	GL831489.1	NT_167733.1
oreNil2:GL831491-1	GL831491-1		GL831491.1	GL831491.1	NT_167735.1
oreNil2:GL831492-1	GL831492-1		GL831492.1	GL831492.1	NT_167736.1
oreNil2:GL831493-1	GL831493-1		GL831493.1	GL831493.1	NT_167737.1
oreNil2:GL831495-1	GL831495-1		GL831495.1	GL831495.1	NT_167739.1
oreNil2:GL831496-1	GL831496-1		GL831496.1	GL831496.1	NT_167740.1
oreNil2:GL831497-1	GL831497-1		GL831497.1	GL831497.1	NT_167741.1
oreNil2:GL831498-1	GL831498-1		GL831498.1	GL831498.1	NT_167742.1
oreNil2:GL831499-1	GL831499-1		GL831499.1	GL831499.1	NT_167743.1
oreNil2:GL831500-1	GL831500-1		GL831500.1	GL831500.1	NT_167744.1
oreNil2:GL831501-1	GL831501-1		GL831501.1	GL831501.1	NT_167745.1
oreNil2:GL831502-1	GL831502-1		GL831502.1	GL831502.1	NT_167746.1
oreNil2:GL831503-1	GL831503-1		GL831503.1	GL831503.1	NT_167747.1
oreNil2:GL831504-1	GL831504-1		GL831504.1	GL831504.1	NT_167748.1
oreNil2:GL831505-1	GL831505-1		GL831505.1	GL831505.1	NT_167749.1
oreNil2:GL831506-1	GL831506-1		GL831506.1	GL831506.1	NT_167750.1
oreNil2:GL831507-1	GL831507-1		GL831507.1	GL831507.1	NT_167751.1
oreNil2:GL831508-1	GL831508-1		GL831508.1	GL831508.1	NT_167752.1
oreNil2:GL831509-1	GL831509-1		GL831509.1	GL831509.1	NT_167753.1
oreNil2:GL831510-1	GL831510-1		GL831510.1	GL831510.1	NT_167754.1
oreNil2:GL831511-1	GL831511-1		GL831511.1	GL831511.1	NT_167755.1
oreNil2:GL831512-1	GL831512-1		GL831512.1	GL831512.1	NT_167756.1
oreNil2:GL831513-1	GL831513-1		GL831513.1	GL831513.1	NT_167757.1
oreNil2:GL831514-1	GL831514-1		GL831514.1	GL831514.1	NT_167758.1
oreNil2:GL831515-1	GL831515-1		GL831515.1	GL831515.1	NT_167759.1
oreNil2:GL831516-1	GL831516-1		GL831516.1	GL831516.1	NT_167760.1
oreNil2:GL831517-1	GL831517-1		GL831517.1	GL831517.1	NT_167761.1
oreNil2:GL831518-1	GL831518-1		GL831518.1	GL831518.1	NT_167762.1
oreNil2:GL831519-1	GL831519-1		GL831519.1	GL831519.1	NT_167763.1
oreNil2:GL831520-1	GL831520-1		GL831520.1	GL831520.1	NT_167764.1
oreNil2:GL831521-1	GL831521-1		GL831521.1	GL831521.1	NT_167765.1
oreNil2:GL831522-1	GL831522-1		GL831522.1	GL831522.1	NT_167766.1
oreNil2:GL831523-1	GL831523-1		GL831523.1	GL831523.1	NT_167767.1
oreNil2:GL831524-1	GL831524-1		GL831524.1	GL831524.1	NT_167768.1
oreNil2:GL831525-1	GL831525-1		GL831525.1	GL831525.1	NT_167769.1
oreNil2:GL831526-1	GL831526-1		GL831526.1	GL831526.1	NT_167770.1
oreNil2:GL831527-1	GL831527-1		GL831527.1	GL831527.1	NT_167771.1
oreNil2:GL831528-1	GL831528-1		GL831528.1	GL831528.1	NT_167772.1
oreNil2:GL831529-1	GL831529-1		GL831529.1	GL831529.1	NT_167773.1
oreNil2:GL831530-1	GL831530-1		GL831530.1	GL831530.1	NT_167774.1
oreNil2:GL831531-1	GL831531-1		GL831531.1	GL831531.1	NT_167775.1
oreNil2:GL831532-1	GL831532-1		GL831532.1	GL831532.1	NT_167776.1
oreNil2:GL831533-1	GL831533-1		GL831533.1	GL831533.1	NT_167777.1
oreNil2:GL831534-1	GL831534-1		GL831534.1	GL831534.1	NT_167778.1
oreNil2:GL831537-1	GL831537-1		GL831537.1	GL831537.1	NT_167781.1
oreNil2:GL831538-1	GL831538-1		GL831538.1	GL831538.1	NT_167782.1
oreNil2:GL831540-1	GL831540-1		GL831540.1	GL831540.1	NT_167784.1
oreNil2:GL831541-1	GL831541-1		GL831541.1	GL831541.1	NT_167785.1
oreNil2:GL831542-1	GL831542-1		GL831542.1	GL831542.1	NT_167786.1
oreNil2:GL831543-1	GL831543-1		GL831543.1	GL831543.1	NT_167787.1
oreNil2:GL831544-1	GL831544-1		GL831544.1	GL831544.1	NT_167788.1
oreNil2:GL831545-1	GL831545-1		GL831545.1	GL831545.1	NT_167789.1
oreNil2:GL831546-1	GL831546-1		GL831546.1	GL831546.1	NT_167790.1
oreNil2:GL831548-1	GL831548-1		GL831548.1	GL831548.1	NT_167792.1
oreNil2:GL831550-1	GL831550-1		GL831550.1	GL831550.1	NT_167794.1
oreNil2:GL831551-1	GL831551-1		GL831551.1	GL831551.1	NT_167795.1
oreNil2:GL831552-1	GL831552-1		GL831552.1	GL831552.1	NT_167796.1
oreNil2:GL831553-1	GL831553-1		GL831553.1	GL831553.1	NT_167797.1
oreNil2:GL831554-1	GL831554-1		GL831554.1	GL831554.1	NT_167798.1
oreNil2:GL831555-1	GL831555-1		GL831555.1	GL831555.1	NT_167799.1
oreNil2:GL831557-1	GL831557-1		GL831557.1	GL831557.1	NT_167801.1
oreNil2:GL831558-1	GL831558-1		GL831558.1	GL831558.1	NT_167802.1
oreNil2:GL831559-1	GL831559-1		GL831559.1	GL831559.1	NT_167803.1
oreNil2:GL831560-1	GL831560-1		GL831560.1	GL831560.1	NT_167804.1
oreNil2:GL831561-1	GL831561-1		GL831561.1	GL831561.1	NT_167805.1
oreNil2:GL831562-1	GL831562-1		GL831562.1	GL831562.1	NT_167806.1
oreNil2:GL831563-1	GL831563-1		GL831563.1	GL831563.1	NT_167807.1
oreNil2:GL831564-1	GL831564-1		GL831564.1	GL831564.1	NT_167808.1
oreNil2:GL831565-1	GL831565-1		GL831565.1	GL831565.1	NT_167809.1
oreNil2:GL831566-1	GL831566-1		GL831566.1	GL831566.1	NT_167810.1
oreNil2:GL831567-1	GL831567-1		GL831567.1	GL831567.1	NT_167811.1
oreNil2:GL831568-1	GL831568-1		GL831568.1	GL831568.1	NT_167812.1
oreNil2:GL831569-1	GL831569-1		GL831569.1	GL831569.1	NT_167813.1
oreNil2:GL831570-1	GL831570-1		GL831570.1	GL831570.1	NT_167814.1
oreNil2:GL831571-1	GL831571-1		GL831571.1	GL831571.1	NT_167815.1
oreNil2:GL831573-1	GL831573-1		GL831573.1	GL831573.1	NT_167817.1
oreNil2:GL831574-1	GL831574-1		GL831574.1	GL831574.1	NT_167818.1
oreNil2:GL831575-1	GL831575-1		GL831575.1	GL831575.1	NT_167819.1
oreNil2:GL831576-1	GL831576-1		GL831576.1	GL831576.1	NT_167820.1
oreNil2:GL831577-1	GL831577-1		GL831577.1	GL831577.1	NT_167821.1
oreNil2:GL831578-1	GL831578-1		GL831578.1	GL831578.1	NT_167822.1
oreNil2:GL831579-1	GL831579-1		GL831579.1	GL831579.1	NT_167823.1
oreNil2:GL831580-1	GL831580-1		GL831580.1	GL831580.1	NT_167824.1
oreNil2:GL831582-1	GL831582-1		GL831582.1	GL831582.1	NT_167826.1
oreNil2:GL831584-1	GL831584-1		GL831584.1	GL831584.1	NT_167828.1
oreNil2:GL831585-1	GL831585-1		GL831585.1	GL831585.1	NT_167829.1
oreNil2:GL831586-1	GL831586-1		GL831586.1	GL831586.1	NT_167830.1
oreNil2:GL831587-1	GL831587-1		GL831587.1	GL831587.1	NT_167831.1
oreNil2:GL831588-1	GL831588-1		GL831588.1	GL831588.1	NT_167832.1
oreNil2:GL831589-1	GL831589-1		GL831589.1	GL831589.1	NT_167833.1
oreNil2:GL831590-1	GL831590-1		GL831590.1	GL831590.1	NT_167834.1
oreNil2:GL831591-1	GL831591-1		GL831591.1	GL831591.1	NT_167835.1
oreNil2:GL831592-1	GL831592-1		GL831592.1	GL831592.1	NT_167836.1
oreNil2:GL831593-1	GL831593-1		GL831593.1	GL831593.1	NT_167837.1
oreNil2:GL831594-1	GL831594-1		GL831594.1	GL831594.1	NT_167838.1
oreNil2:GL831596-1	GL831596-1		GL831596.1	GL831596.1	NT_167840.1
oreNil2:GL831597-1	GL831597-1		GL831597.1	GL831597.1	NT_167841.1
oreNil2:GL831598-1	GL831598-1		GL831598.1	GL831598.1	NT_167842.1
oreNil2:GL831599-1	GL831599-1		GL831599.1	GL831599.1	NT_167843.1
oreNil2:GL831600-1	GL831600-1		GL831600.1	GL831600.1	NT_167844.1
oreNil2:GL831601-1	GL831601-1		GL831601.1	GL831601.1	NT_167845.1
oreNil2:GL831603-1	GL831603-1		GL831603.1	GL831603.1	NT_167847.1
oreNil2:GL831605-1	GL831605-1		GL831605.1	GL831605.1	NT_167849.1
oreNil2:GL831606-1	GL831606-1		GL831606.1	GL831606.1	NT_167850.1
oreNil2:GL831607-1	GL831607-1		GL831607.1	GL831607.1	NT_167851.1
oreNil2:GL831608-1	GL831608-1		GL831608.1	GL831608.1	NT_167852.1
oreNil2:GL831609-1	GL831609-1		GL831609.1	GL831609.1	NT_167853.1
oreNil2:GL831610-1	GL831610-1		GL831610.1	GL831610.1	NT_167854.1
oreNil2:GL831611-1	GL831611-1		GL831611.1	GL831611.1	NT_167855.1
oreNil2:GL831612-1	GL831612-1		GL831612.1	GL831612.1	NT_167856.1
oreNil2:GL831613-1	GL831613-1		GL831613.1	GL831613.1	NT_167857.1
oreNil2:GL831614-1	GL831614-1		GL831614.1	GL831614.1	NT_167858.1
oreNil2:GL831615-1	GL831615-1		GL831615.1	GL831615.1	NT_167859.1
oreNil2:GL831616-1	GL831616-1		GL831616.1	GL831616.1	NT_167860.1
oreNil2:GL831617-1	GL831617-1		GL831617.1	GL831617.1	NT_167861.1
oreNil2:GL831618-1	GL831618-1		GL831618.1	GL831618.1	NT_167862.1
oreNil2:GL831619-1	GL831619-1		GL831619.1	GL831619.1	NT_167863.1
oreNil2:GL831620-1	GL831620-1		GL831620.1	GL831620.1	NT_167864.1
oreNil2:GL831621-1	GL831621-1		GL831621.1	GL831621.1	NT_167865.1
oreNil2:GL831622-1	GL831622-1		GL831622.1	GL831622.1	NT_167866.1
oreNil2:GL831623-1	GL831623-1		GL831623.1	GL831623.1	NT_167867.1
oreNil2:GL831624-1	GL831624-1		GL831624.1	GL831624.1	NT_167868.1
oreNil2:GL831625-1	GL831625-1		GL831625.1	GL831625.1	NT_167869.1
oreNil2:GL831626-1	GL831626-1		GL831626.1	GL831626.1	NT_167870.1
oreNil2:GL831627-1	GL831627-1		GL831627.1	GL831627.1	NT_167871.1
oreNil2:GL831628-1	GL831628-1		GL831628.1	GL831628.1	NT_167872.1
oreNil2:GL831629-1	GL831629-1		GL831629.1	GL831629.1	NT_167873.1
oreNil2:GL831630-1	GL831630-1		GL831630.1	GL831630.1	NT_167874.1
oreNil2:GL831631-1	GL831631-1		GL831631.1	GL831631.1	NT_167875.1
oreNil2:GL831632-1	GL831632-1		GL831632.1	GL831632.1	NT_167876.1
oreNil2:GL831633-1	GL831633-1		GL831633.1	GL831633.1	NT_167877.1
oreNil2:GL831634-1	GL831634-1		GL831634.1	GL831634.1	NT_167878.1
oreNil2:GL831635-1	GL831635-1		GL831635.1	GL831635.1	NT_167879.1
oreNil2:GL831636-1	GL831636-1		GL831636.1	GL831636.1	NT_167880.1
oreNil2:GL831637-1	GL831637-1		GL831637.1	GL831637.1	NT_167881.1
oreNil2:GL831638-1	GL831638-1		GL831638.1	GL831638.1	NT_167882.1
oreNil2:GL831639-1	GL831639-1		GL831639.1	GL831639.1	NT_167883.1
oreNil2:GL831640-1	GL831640-1		GL831640.1	GL831640.1	NT_167884.1
oreNil2:GL831641-1	GL831641-1		GL831641.1	GL831641.1	NT_167885.1
oreNil2:GL831642-1	GL831642-1		GL831642.1	GL831642.1	NT_167886.1
oreNil2:GL831644-1	GL831644-1		GL831644.1	GL831644.1	NT_167888.1
oreNil2:GL831645-1	GL831645-1		GL831645.1	GL831645.1	NT_167889.1
oreNil2:GL831646-1	GL831646-1		GL831646.1	GL831646.1	NT_167890.1
oreNil2:GL831647-1	GL831647-1		GL831647.1	GL831647.1	NT_167891.1
oreNil2:GL831648-1	GL831648-1		GL831648.1	GL831648.1	NT_167892.1
oreNil2:GL831649-1	GL831649-1		GL831649.1	GL831649.1	NT_167893.1
oreNil2:GL831650-1	GL831650-1		GL831650.1	GL831650.1	NT_167894.1
oreNil2:GL831651-1	GL831651-1		GL831651.1	GL831651.1	NT_167895.1
oreNil2:GL831652-1	GL831652-1		GL831652.1	GL831652.1	NT_167896.1
oreNil2:GL831653-1	GL831653-1		GL831653.1	GL831653.1	NT_167897.1
oreNil2:GL831654-1	GL831654-1		GL831654.1	GL831654.1	NT_167898.1
oreNil2:GL831655-1	GL831655-1		GL831655.1	GL831655.1	NT_167899.1
oreNil2:GL831656-1	GL831656-1		GL831656.1	GL831656.1	NT_167900.1
oreNil2:GL831657-1	GL831657-1		GL831657.1	GL831657.1	NT_167901.1
oreNil2:GL831658-1	GL831658-1		GL831658.1	GL831658.1	NT_167902.1
oreNil2:GL831659-1	GL831659-1		GL831659.1	GL831659.1	NT_167903.1
oreNil2:GL831660-1	GL831660-1		GL831660.1	GL831660.1	NT_167904.1
oreNil2:GL831661-1	GL831661-1		GL831661.1	GL831661.1	NT_167905.1
oreNil2:GL831662-1	GL831662-1		GL831662.1	GL831662.1	NT_167906.1
oreNil2:GL831663-1	GL831663-1		GL831663.1	GL831663.1	NT_167907.1
oreNil2:GL831664-1	GL831664-1		GL831664.1	GL831664.1	NT_167908.1
oreNil2:GL831665-1	GL831665-1		GL831665.1	GL831665.1	NT_167909.1
oreNil2:GL831666-1	GL831666-1		GL831666.1	GL831666.1	NT_167910.1
oreNil2:GL831667-1	GL831667-1		GL831667.1	GL831667.1	NT_167911.1
oreNil2:GL831668-1	GL831668-1		GL831668.1	GL831668.1	NT_167912.1
oreNil2:GL831670-1	GL831670-1		GL831670.1	GL831670.1	NT_167914.1
oreNil2:GL831671-1	GL831671-1		GL831671.1	GL831671.1	NT_167915.1
oreNil2:GL831672-1	GL831672-1		GL831672.1	GL831672.1	NT_167916.1
oreNil2:GL831673-1	GL831673-1		GL831673.1	GL831673.1	NT_167917.1
oreNil2:GL831674-1	GL831674-1		GL831674.1	GL831674.1	NT_167918.1
oreNil2:GL831675-1	GL831675-1		GL831675.1	GL831675.1	NT_167919.1
oreNil2:GL831676-1	GL831676-1		GL831676.1	GL831676.1	NT_167920.1
oreNil2:GL831677-1	GL831677-1		GL831677.1	GL831677.1	NT_167921.1
oreNil2:GL831678-1	GL831678-1		GL831678.1	GL831678.1	NT_167922.1
oreNil2:GL831679-1	GL831679-1		GL831679.1	GL831679.1	NT_167923.1
oreNil2:GL831680-1	GL831680-1		GL831680.1	GL831680.1	NT_167924.1
oreNil2:GL831681-1	GL831681-1		GL831681.1	GL831681.1	NT_167925.1
oreNil2:GL831682-1	GL831682-1		GL831682.1	GL831682.1	NT_167926.1
oreNil2:GL831683-1	GL831683-1		GL831683.1	GL831683.1	NT_167927.1
oreNil2:GL831684-1	GL831684-1		GL831684.1	GL831684.1	NT_167928.1
oreNil2:GL831685-1	GL831685-1		GL831685.1	GL831685.1	NT_167929.1
oreNil2:GL831686-1	GL831686-1		GL831686.1	GL831686.1	NT_167930.1
oreNil2:GL831687-1	GL831687-1		GL831687.1	GL831687.1	NT_167931.1
oreNil2:GL831688-1	GL831688-1		GL831688.1	GL831688.1	NT_167932.1
oreNil2:GL831689-1	GL831689-1		GL831689.1	GL831689.1	NT_167933.1
oreNil2:GL831690-1	GL831690-1		GL831690.1	GL831690.1	NT_167934.1
oreNil2:GL831691-1	GL831691-1		GL831691.1	GL831691.1	NT_167935.1
oreNil2:GL831692-1	GL831692-1		GL831692.1	GL831692.1	NT_167936.1
oreNil2:GL831693-1	GL831693-1		GL831693.1	GL831693.1	NT_167937.1
oreNil2:GL831694-1	GL831694-1		GL831694.1	GL831694.1	NT_167938.1
oreNil2:GL831695-1	GL831695-1		GL831695.1	GL831695.1	NT_167939.1
oreNil2:GL831696-1	GL831696-1		GL831696.1	GL831696.1	NT_167940.1
oreNil2:GL831697-1	GL831697-1		GL831697.1	GL831697.1	NT_167941.1
oreNil2:GL831698-1	GL831698-1		GL831698.1	GL831698.1	NT_167942.1
oreNil2:GL831699-1	GL831699-1		GL831699.1	GL831699.1	NT_167943.1
oreNil2:GL831700-1	GL831700-1		GL831700.1	GL831700.1	NT_167944.1
oreNil2:GL831701-1	GL831701-1		GL831701.1	GL831701.1	NT_167945.1
oreNil2:GL831702-1	GL831702-1		GL831702.1	GL831702.1	NT_167946.1
oreNil2:GL831703-1	GL831703-1		GL831703.1	GL831703.1	NT_167947.1
oreNil2:GL831704-1	GL831704-1		GL831704.1	GL831704.1	NT_167948.1
oreNil2:GL831705-1	GL831705-1		GL831705.1	GL831705.1	NT_167949.1
oreNil2:GL831706-1	GL831706-1		GL831706.1	GL831706.1	NT_167950.1
oreNil2:GL831707-1	GL831707-1		GL831707.1	GL831707.1	NT_167951.1
oreNil2:GL831708-1	GL831708-1		GL831708.1	GL831708.1	NT_167952.1
oreNil2:GL831709-1	GL831709-1		GL831709.1	GL831709.1	NT_167953.1
oreNil2:GL831710-1	GL831710-1		GL831710.1	GL831710.1	NT_167954.1
oreNil2:GL831711-1	GL831711-1		GL831711.1	GL831711.1	NT_167955.1
oreNil2:GL831712-1	GL831712-1		GL831712.1	GL831712.1	NT_167956.1
oreNil2:GL831713-1	GL831713-1		GL831713.1	GL831713.1	NT_167957.1
oreNil2:GL831714-1	GL831714-1		GL831714.1	GL831714.1	NT_167958.1
oreNil2:GL831715-1	GL831715-1		GL831715.1	GL831715.1	NT_167959.1
oreNil2:GL831716-1	GL831716-1		GL831716.1	GL831716.1	NT_167960.1
oreNil2:GL831717-1	GL831717-1		GL831717.1	GL831717.1	NT_167961.1
oreNil2:GL831719-1	GL831719-1		GL831719.1	GL831719.1	NT_167963.1
oreNil2:GL831720-1	GL831720-1		GL831720.1	GL831720.1	NT_167964.1
oreNil2:GL831721-1	GL831721-1		GL831721.1	GL831721.1	NT_167965.1
oreNil2:GL831722-1	GL831722-1		GL831722.1	GL831722.1	NT_167966.1
oreNil2:GL831723-1	GL831723-1		GL831723.1	GL831723.1	NT_167967.1
oreNil2:GL831724-1	GL831724-1		GL831724.1	GL831724.1	NT_167968.1
oreNil2:GL831725-1	GL831725-1		GL831725.1	GL831725.1	NT_167969.1
oreNil2:GL831726-1	GL831726-1		GL831726.1	GL831726.1	NT_167970.1
oreNil2:GL831727-1	GL831727-1		GL831727.1	GL831727.1	NT_167971.1
oreNil2:GL831728-1	GL831728-1		GL831728.1	GL831728.1	NT_167972.1
oreNil2:GL831729-1	GL831729-1		GL831729.1	GL831729.1	NT_167973.1
oreNil2:GL831730-1	GL831730-1		GL831730.1	GL831730.1	NT_167974.1
oreNil2:GL831731-1	GL831731-1		GL831731.1	GL831731.1	NT_167975.1
oreNil2:GL831732-1	GL831732-1		GL831732.1	GL831732.1	NT_167976.1
oreNil2:GL831733-1	GL831733-1		GL831733.1	GL831733.1	NT_167977.1
oreNil2:GL831735-1	GL831735-1		GL831735.1	GL831735.1	NT_167979.1
oreNil2:GL831736-1	GL831736-1		GL831736.1	GL831736.1	NT_167980.1
oreNil2:GL831737-1	GL831737-1		GL831737.1	GL831737.1	NT_167981.1
oreNil2:GL831738-1	GL831738-1		GL831738.1	GL831738.1	NT_167982.1
oreNil2:GL831739-1	GL831739-1		GL831739.1	GL831739.1	NT_167983.1
oreNil2:GL831740-1	GL831740-1		GL831740.1	GL831740.1	NT_167984.1
oreNil2:GL831741-1	GL831741-1		GL831741.1	GL831741.1	NT_167985.1
oreNil2:GL831742-1	GL831742-1		GL831742.1	GL831742.1	NT_167986.1
oreNil2:GL831743-1	GL831743-1		GL831743.1	GL831743.1	NT_167987.1
oreNil2:GL831744-1	GL831744-1		GL831744.1	GL831744.1	NT_167988.1
oreNil2:GL831745-1	GL831745-1		GL831745.1	GL831745.1	NT_167989.1
oreNil2:GL831746-1	GL831746-1		GL831746.1	GL831746.1	NT_167990.1
oreNil2:GL831747-1	GL831747-1		GL831747.1	GL831747.1	NT_167991.1
oreNil2:GL831748-1	GL831748-1		GL831748.1	GL831748.1	NT_167992.1
oreNil2:GL831749-1	GL831749-1		GL831749.1	GL831749.1	NT_167993.1
oreNil2:GL831750-1	GL831750-1		GL831750.1	GL831750.1	NT_167994.1
oreNil2:GL831751-1	GL831751-1		GL831751.1	GL831751.1	NT_167995.1
oreNil2:GL831752-1	GL831752-1		GL831752.1	GL831752.1	NT_167996.1
oreNil2:GL831753-1	GL831753-1		GL831753.1	GL831753.1	NT_167997.1
oreNil2:GL831754-1	GL831754-1		GL831754.1	GL831754.1	NT_167998.1
oreNil2:GL831755-1	GL831755-1		GL831755.1	GL831755.1	NT_167999.1
oreNil2:GL831756-1	GL831756-1		GL831756.1	GL831756.1	NT_168000.1
oreNil2:GL831757-1	GL831757-1		GL831757.1	GL831757.1	NT_168001.1
oreNil2:GL831758-1	GL831758-1		GL831758.1	GL831758.1	NT_168002.1
oreNil2:GL831759-1	GL831759-1		GL831759.1	GL831759.1	NT_168003.1
oreNil2:GL831760-1	GL831760-1		GL831760.1	GL831760.1	NT_168004.1
oreNil2:GL831761-1	GL831761-1		GL831761.1	GL831761.1	NT_168005.1
oreNil2:GL831762-1	GL831762-1		GL831762.1	GL831762.1	NT_168006.1
oreNil2:GL831763-1	GL831763-1		GL831763.1	GL831763.1	NT_168007.1
oreNil2:GL831764-1	GL831764-1		GL831764.1	GL831764.1	NT_168008.1
oreNil2:GL831765-1	GL831765-1		GL831765.1	GL831765.1	NT_168009.1
oreNil2:GL831766-1	GL831766-1		GL831766.1	GL831766.1	NT_168010.1
oreNil2:GL831767-1	GL831767-1		GL831767.1	GL831767.1	NT_168011.1
oreNil2:GL831768-1	GL831768-1		GL831768.1	GL831768.1	NT_168012.1
oreNil2:GL831769-1	GL831769-1		GL831769.1	GL831769.1	NT_168013.1
oreNil2:GL831770-1	GL831770-1		GL831770.1	GL831770.1	NT_168014.1
oreNil2:GL831771-1	GL831771-1		GL831771.1	GL831771.1	NT_168015.1
oreNil2:GL831772-1	GL831772-1		GL831772.1	GL831772.1	NT_168016.1
oreNil2:GL831773-1	GL831773-1		GL831773.1	GL831773.1	NT_168017.1
oreNil2:GL831774-1	GL831774-1		GL831774.1	GL831774.1	NT_168018.1
oreNil2:GL831775-1	GL831775-1		GL831775.1	GL831775.1	NT_168019.1
oreNil2:GL831776-1	GL831776-1		GL831776.1	GL831776.1	NT_168020.1
oreNil2:GL831777-1	GL831777-1		GL831777.1	GL831777.1	NT_168021.1
oreNil2:GL831778-1	GL831778-1		GL831778.1	GL831778.1	NT_168022.1
oreNil2:GL831779-1	GL831779-1		GL831779.1	GL831779.1	NT_168023.1
oreNil2:GL831780-1	GL831780-1		GL831780.1	GL831780.1	NT_168024.1
oreNil2:GL831781-1	GL831781-1		GL831781.1	GL831781.1	NT_168025.1
oreNil2:GL831782-1	GL831782-1		GL831782.1	GL831782.1	NT_168026.1
oreNil2:GL831783-1	GL831783-1		GL831783.1	GL831783.1	NT_168027.1
oreNil2:GL831784-1	GL831784-1		GL831784.1	GL831784.1	NT_168028.1
oreNil2:GL831785-1	GL831785-1		GL831785.1	GL831785.1	NT_168029.1
oreNil2:GL831786-1	GL831786-1		GL831786.1	GL831786.1	NT_168030.1
oreNil2:GL831787-1	GL831787-1		GL831787.1	GL831787.1	NT_168031.1
oreNil2:GL831788-1	GL831788-1		GL831788.1	GL831788.1	NT_168032.1
oreNil2:GL831789-1	GL831789-1		GL831789.1	GL831789.1	NT_168033.1
oreNil2:GL831790-1	GL831790-1		GL831790.1	GL831790.1	NT_168034.1
oreNil2:GL831791-1	GL831791-1		GL831791.1	GL831791.1	NT_168035.1
oreNil2:GL831792-1	GL831792-1		GL831792.1	GL831792.1	NT_168036.1
oreNil2:GL831793-1	GL831793-1		GL831793.1	GL831793.1	NT_168037.1
oreNil2:GL831794-1	GL831794-1		GL831794.1	GL831794.1	NT_168038.1
oreNil2:GL831795-1	GL831795-1		GL831795.1	GL831795.1	NT_168039.1
oreNil2:GL831796-1	GL831796-1		GL831796.1	GL831796.1	NT_168040.1
oreNil2:GL831797-1	GL831797-1		GL831797.1	GL831797.1	NT_168041.1
oreNil2:GL831798-1	GL831798-1		GL831798.1	GL831798.1	NT_168042.1
oreNil2:GL831799-1	GL831799-1		GL831799.1	GL831799.1	NT_168043.1
oreNil2:GL831800-1	GL831800-1		GL831800.1	GL831800.1	NT_168044.1
oreNil2:GL831801-1	GL831801-1		GL831801.1	GL831801.1	NT_168045.1
oreNil2:GL831802-1	GL831802-1		GL831802.1	GL831802.1	NT_168046.1
oreNil2:GL831803-1	GL831803-1		GL831803.1	GL831803.1	NT_168047.1
oreNil2:GL831804-1	GL831804-1		GL831804.1	GL831804.1	NT_168048.1
oreNil2:GL831805-1	GL831805-1		GL831805.1	GL831805.1	NT_168049.1
oreNil2:GL831806-1	GL831806-1		GL831806.1	GL831806.1	NT_168050.1
oreNil2:GL831807-1	GL831807-1		GL831807.1	GL831807.1	NT_168051.1
oreNil2:GL831808-1	GL831808-1		GL831808.1	GL831808.1	NT_168052.1
oreNil2:GL831809-1	GL831809-1		GL831809.1	GL831809.1	NT_168053.1
oreNil2:GL831810-1	GL831810-1		GL831810.1	GL831810.1	NT_168054.1
oreNil2:GL831811-1	GL831811-1		GL831811.1	GL831811.1	NT_168055.1
oreNil2:GL831812-1	GL831812-1		GL831812.1	GL831812.1	NT_168056.1
oreNil2:GL831813-1	GL831813-1		GL831813.1	GL831813.1	NT_168057.1
oreNil2:GL831814-1	GL831814-1		GL831814.1	GL831814.1	NT_168058.1
oreNil2:GL831815-1	GL831815-1		GL831815.1	GL831815.1	NT_168059.1
oreNil2:GL831816-1	GL831816-1		GL831816.1	GL831816.1	NT_168060.1
oreNil2:GL831817-1	GL831817-1		GL831817.1	GL831817.1	NT_168061.1
oreNil2:GL831818-1	GL831818-1		GL831818.1	GL831818.1	NT_168062.1
oreNil2:GL831819-1	GL831819-1		GL831819.1	GL831819.1	NT_168063.1
oreNil2:GL831820-1	GL831820-1		GL831820.1	GL831820.1	NT_168064.1
oreNil2:GL831821-1	GL831821-1		GL831821.1	GL831821.1	NT_168065.1
oreNil2:GL831822-1	GL831822-1		GL831822.1	GL831822.1	NT_168066.1
oreNil2:GL831823-1	GL831823-1		GL831823.1	GL831823.1	NT_168067.1
oreNil2:GL831824-1	GL831824-1		GL831824.1	GL831824.1	NT_168068.1
oreNil2:GL831825-1	GL831825-1		GL831825.1	GL831825.1	NT_168069.1
oreNil2:GL831826-1	GL831826-1		GL831826.1	GL831826.1	NT_168070.1
oreNil2:GL831827-1	GL831827-1		GL831827.1	GL831827.1	NT_168071.1
oreNil2:GL831828-1	GL831828-1		GL831828.1	GL831828.1	NT_168072.1
oreNil2:GL831829-1	GL831829-1		GL831829.1	GL831829.1	NT_168073.1
oreNil2:GL831830-1	GL831830-1		GL831830.1	GL831830.1	NT_168074.1
oreNil2:GL831831-1	GL831831-1		GL831831.1	GL831831.1	NT_168075.1
oreNil2:GL831832-1	GL831832-1		GL831832.1	GL831832.1	NT_168076.1
oreNil2:GL831834-1	GL831834-1		GL831834.1	GL831834.1	NT_168078.1
oreNil2:GL831835-1	GL831835-1		GL831835.1	GL831835.1	NT_168079.1
oreNil2:GL831836-1	GL831836-1		GL831836.1	GL831836.1	NT_168080.1
oreNil2:GL831837-1	GL831837-1		GL831837.1	GL831837.1	NT_168081.1
oreNil2:GL831838-1	GL831838-1		GL831838.1	GL831838.1	NT_168082.1
oreNil2:GL831839-1	GL831839-1		GL831839.1	GL831839.1	NT_168083.1
oreNil2:GL831840-1	GL831840-1		GL831840.1	GL831840.1	NT_168084.1
oreNil2:GL831841-1	GL831841-1		GL831841.1	GL831841.1	NT_168085.1
oreNil2:GL831843-1	GL831843-1		GL831843.1	GL831843.1	NT_168087.1
oreNil2:GL831844-1	GL831844-1		GL831844.1	GL831844.1	NT_168088.1
oreNil2:GL831845-1	GL831845-1		GL831845.1	GL831845.1	NT_168089.1
oreNil2:GL831846-1	GL831846-1		GL831846.1	GL831846.1	NT_168090.1
oreNil2:GL831847-1	GL831847-1		GL831847.1	GL831847.1	NT_168091.1
oreNil2:GL831848-1	GL831848-1		GL831848.1	GL831848.1	NT_168092.1
oreNil2:GL831849-1	GL831849-1		GL831849.1	GL831849.1	NT_168093.1
oreNil2:GL831850-1	GL831850-1		GL831850.1	GL831850.1	NT_168094.1
oreNil2:GL831851-1	GL831851-1		GL831851.1	GL831851.1	NT_168095.1
oreNil2:GL831852-1	GL831852-1		GL831852.1	GL831852.1	NT_168096.1
oreNil2:GL831853-1	GL831853-1		GL831853.1	GL831853.1	NT_168097.1
oreNil2:GL831854-1	GL831854-1		GL831854.1	GL831854.1	NT_168098.1
oreNil2:GL831855-1	GL831855-1		GL831855.1	GL831855.1	NT_168099.1
oreNil2:GL831856-1	GL831856-1		GL831856.1	GL831856.1	NT_168100.1
oreNil2:GL831857-1	GL831857-1		GL831857.1	GL831857.1	NT_168101.1
oreNil2:GL831858-1	GL831858-1		GL831858.1	GL831858.1	NT_168102.1
oreNil2:GL831859-1	GL831859-1		GL831859.1	GL831859.1	NT_168103.1
oreNil2:GL831860-1	GL831860-1		GL831860.1	GL831860.1	NT_168104.1
oreNil2:GL831861-1	GL831861-1		GL831861.1	GL831861.1	NT_168105.1
oreNil2:GL831862-1	GL831862-1		GL831862.1	GL831862.1	NT_168106.1
oreNil2:GL831863-1	GL831863-1		GL831863.1	GL831863.1	NT_168107.1
oreNil2:GL831864-1	GL831864-1		GL831864.1	GL831864.1	NT_168108.1
oreNil2:GL831865-1	GL831865-1		GL831865.1	GL831865.1	NT_168109.1
oreNil2:GL831866-1	GL831866-1		GL831866.1	GL831866.1	NT_168110.1
oreNil2:GL831867-1	GL831867-1		GL831867.1	GL831867.1	NT_168111.1
oreNil2:GL831868-1	GL831868-1		GL831868.1	GL831868.1	NT_168112.1
oreNil2:GL831869-1	GL831869-1		GL831869.1	GL831869.1	NT_168113.1
oreNil2:GL831870-1	GL831870-1		GL831870.1	GL831870.1	NT_168114.1
oreNil2:GL831871-1	GL831871-1		GL831871.1	GL831871.1	NT_168115.1
oreNil2:GL831872-1	GL831872-1		GL831872.1	GL831872.1	NT_168116.1
oreNil2:GL831873-1	GL831873-1		GL831873.1	GL831873.1	NT_168117.1
oreNil2:GL831874-1	GL831874-1		GL831874.1	GL831874.1	NT_168118.1
oreNil2:GL831875-1	GL831875-1		GL831875.1	GL831875.1	NT_168119.1
oreNil2:GL831876-1	GL831876-1		GL831876.1	GL831876.1	NT_168120.1
oreNil2:GL831877-1	GL831877-1		GL831877.1	GL831877.1	NT_168121.1
oreNil2:GL831878-1	GL831878-1		GL831878.1	GL831878.1	NT_168122.1
oreNil2:GL831879-1	GL831879-1		GL831879.1	GL831879.1	NT_168123.1
oreNil2:GL831880-1	GL831880-1		GL831880.1	GL831880.1	NT_168124.1
oreNil2:GL831881-1	GL831881-1		GL831881.1	GL831881.1	NT_168125.1
oreNil2:GL831882-1	GL831882-1		GL831882.1	GL831882.1	NT_168126.1
oreNil2:GL831883-1	GL831883-1		GL831883.1	GL831883.1	NT_168127.1
oreNil2:GL831884-1	GL831884-1		GL831884.1	GL831884.1	NT_168128.1
oreNil2:GL831885-1	GL831885-1		GL831885.1	GL831885.1	NT_168129.1
oreNil2:GL831887-1	GL831887-1		GL831887.1	GL831887.1	NT_168131.1
oreNil2:GL831888-1	GL831888-1		GL831888.1	GL831888.1	NT_168132.1
oreNil2:GL831889-1	GL831889-1		GL831889.1	GL831889.1	NT_168133.1
oreNil2:GL831890-1	GL831890-1		GL831890.1	GL831890.1	NT_168134.1
oreNil2:GL831891-1	GL831891-1		GL831891.1	GL831891.1	NT_168135.1
oreNil2:GL831892-1	GL831892-1		GL831892.1	GL831892.1	NT_168136.1
oreNil2:GL831893-1	GL831893-1		GL831893.1	GL831893.1	NT_168137.1
oreNil2:GL831894-1	GL831894-1		GL831894.1	GL831894.1	NT_168138.1
oreNil2:GL831895-1	GL831895-1		GL831895.1	GL831895.1	NT_168139.1
oreNil2:GL831896-1	GL831896-1		GL831896.1	GL831896.1	NT_168140.1
oreNil2:GL831897-1	GL831897-1		GL831897.1	GL831897.1	NT_168141.1
oreNil2:GL831898-1	GL831898-1		GL831898.1	GL831898.1	NT_168142.1
oreNil2:GL831899-1	GL831899-1		GL831899.1	GL831899.1	NT_168143.1
oreNil2:GL831900-1	GL831900-1		GL831900.1	GL831900.1	NT_168144.1
oreNil2:GL831901-1	GL831901-1		GL831901.1	GL831901.1	NT_168145.1
oreNil2:GL831902-1	GL831902-1		GL831902.1	GL831902.1	NT_168146.1
oreNil2:GL831903-1	GL831903-1		GL831903.1	GL831903.1	NT_168147.1
oreNil2:GL831904-1	GL831904-1		GL831904.1	GL831904.1	NT_168148.1
oreNil2:GL831905-1	GL831905-1		GL831905.1	GL831905.1	NT_168149.1
oreNil2:GL831906-1	GL831906-1		GL831906.1	GL831906.1	NT_168150.1
oreNil2:GL831907-1	GL831907-1		GL831907.1	GL831907.1	NT_168151.1
oreNil2:GL831908-1	GL831908-1		GL831908.1	GL831908.1	NT_168152.1
oreNil2:GL831909-1	GL831909-1		GL831909.1	GL831909.1	NT_168153.1
oreNil2:GL831910-1	GL831910-1		GL831910.1	GL831910.1	NT_168154.1
oreNil2:GL831911-1	GL831911-1		GL831911.1	GL831911.1	NT_168155.1
oreNil2:GL831912-1	GL831912-1		GL831912.1	GL831912.1	NT_168156.1
oreNil2:GL831914-1	GL831914-1		GL831914.1	GL831914.1	NT_168158.1
oreNil2:GL831915-1	GL831915-1		GL831915.1	GL831915.1	NT_168159.1
oreNil2:GL831916-1	GL831916-1		GL831916.1	GL831916.1	NT_168160.1
oreNil2:GL831917-1	GL831917-1		GL831917.1	GL831917.1	NT_168161.1
oreNil2:GL831918-1	GL831918-1		GL831918.1	GL831918.1	NT_168162.1
oreNil2:GL831919-1	GL831919-1		GL831919.1	GL831919.1	NT_168163.1
oreNil2:GL831920-1	GL831920-1		GL831920.1	GL831920.1	NT_168164.1
oreNil2:GL831921-1	GL831921-1		GL831921.1	GL831921.1	NT_168165.1
oreNil2:GL831922-1	GL831922-1		GL831922.1	GL831922.1	NT_168166.1
oreNil2:GL831923-1	GL831923-1		GL831923.1	GL831923.1	NT_168167.1
oreNil2:GL831924-1	GL831924-1		GL831924.1	GL831924.1	NT_168168.1
oreNil2:GL831925-1	GL831925-1		GL831925.1	GL831925.1	NT_168169.1
oreNil2:GL831926-1	GL831926-1		GL831926.1	GL831926.1	NT_168170.1
oreNil2:GL831927-1	GL831927-1		GL831927.1	GL831927.1	NT_168171.1
oreNil2:GL831928-1	GL831928-1		GL831928.1	GL831928.1	NT_168172.1
oreNil2:GL831929-1	GL831929-1		GL831929.1	GL831929.1	NT_168173.1
oreNil2:GL831930-1	GL831930-1		GL831930.1	GL831930.1	NT_168174.1
oreNil2:GL831931-1	GL831931-1		GL831931.1	GL831931.1	NT_168175.1
oreNil2:GL831932-1	GL831932-1		GL831932.1	GL831932.1	NT_168176.1
oreNil2:GL831933-1	GL831933-1		GL831933.1	GL831933.1	NT_168177.1
oreNil2:GL831934-1	GL831934-1		GL831934.1	GL831934.1	NT_168178.1
oreNil2:GL831935-1	GL831935-1		GL831935.1	GL831935.1	NT_168179.1
oreNil2:GL831936-1	GL831936-1		GL831936.1	GL831936.1	NT_168180.1
oreNil2:GL831937-1	GL831937-1		GL831937.1	GL831937.1	NT_168181.1
oreNil2:GL831938-1	GL831938-1		GL831938.1	GL831938.1	NT_168182.1
oreNil2:GL831939-1	GL831939-1		GL831939.1	GL831939.1	NT_168183.1
oreNil2:GL831940-1	GL831940-1		GL831940.1	GL831940.1	NT_168184.1
oreNil2:GL831941-1	GL831941-1		GL831941.1	GL831941.1	NT_168185.1
oreNil2:GL831942-1	GL831942-1		GL831942.1	GL831942.1	NT_168186.1
oreNil2:GL831943-1	GL831943-1		GL831943.1	GL831943.1	NT_168187.1
oreNil2:GL831944-1	GL831944-1		GL831944.1	GL831944.1	NT_168188.1
oreNil2:GL831945-1	GL831945-1		GL831945.1	GL831945.1	NT_168189.1
oreNil2:GL831946-1	GL831946-1		GL831946.1	GL831946.1	NT_168190.1
oreNil2:GL831947-1	GL831947-1		GL831947.1	GL831947.1	NT_168191.1
oreNil2:GL831948-1	GL831948-1		GL831948.1	GL831948.1	NT_168192.1
oreNil2:GL831949-1	GL831949-1		GL831949.1	GL831949.1	NT_168193.1
oreNil2:GL831950-1	GL831950-1		GL831950.1	GL831950.1	NT_168194.1
oreNil2:GL831951-1	GL831951-1		GL831951.1	GL831951.1	NT_168195.1
oreNil2:GL831952-1	GL831952-1		GL831952.1	GL831952.1	NT_168196.1
oreNil2:GL831953-1	GL831953-1		GL831953.1	GL831953.1	NT_168197.1
oreNil2:GL831954-1	GL831954-1		GL831954.1	GL831954.1	NT_168198.1
oreNil2:GL831955-1	GL831955-1		GL831955.1	GL831955.1	NT_168199.1
oreNil2:GL831956-1	GL831956-1		GL831956.1	GL831956.1	NT_168200.1
oreNil2:GL831957-1	GL831957-1		GL831957.1	GL831957.1	NT_168201.1
oreNil2:GL831958-1	GL831958-1		GL831958.1	GL831958.1	NT_168202.1
oreNil2:GL831959-1	GL831959-1		GL831959.1	GL831959.1	NT_168203.1
oreNil2:GL831960-1	GL831960-1		GL831960.1	GL831960.1	NT_168204.1
oreNil2:GL831961-1	GL831961-1		GL831961.1	GL831961.1	NT_168205.1
oreNil2:GL831962-1	GL831962-1		GL831962.1	GL831962.1	NT_168206.1
oreNil2:GL831963-1	GL831963-1		GL831963.1	GL831963.1	NT_168207.1
oreNil2:GL831964-1	GL831964-1		GL831964.1	GL831964.1	NT_168208.1
oreNil2:GL831965-1	GL831965-1		GL831965.1	GL831965.1	NT_168209.1
oreNil2:GL831966-1	GL831966-1		GL831966.1	GL831966.1	NT_168210.1
oreNil2:GL831967-1	GL831967-1		GL831967.1	GL831967.1	NT_168211.1
oreNil2:GL831968-1	GL831968-1		GL831968.1	GL831968.1	NT_168212.1
oreNil2:GL831969-1	GL831969-1		GL831969.1	GL831969.1	NT_168213.1
oreNil2:GL831970-1	GL831970-1		GL831970.1	GL831970.1	NT_168214.1
oreNil2:GL831971-1	GL831971-1		GL831971.1	GL831971.1	NT_168215.1
oreNil2:GL831972-1	GL831972-1		GL831972.1	GL831972.1	NT_168216.1
oreNil2:GL831973-1	GL831973-1		GL831973.1	GL831973.1	NT_168217.1
oreNil2:GL831974-1	GL831974-1		GL831974.1	GL831974.1	NT_168218.1
oreNil2:GL831975-1	GL831975-1		GL831975.1	GL831975.1	NT_168219.1
oreNil2:GL831976-1	GL831976-1		GL831976.1	GL831976.1	NT_168220.1
oreNil2:GL831977-1	GL831977-1		GL831977.1	GL831977.1	NT_168221.1
oreNil2:GL831978-1	GL831978-1		GL831978.1	GL831978.1	NT_168222.1
oreNil2:GL831979-1	GL831979-1		GL831979.1	GL831979.1	NT_168223.1
oreNil2:GL831980-1	GL831980-1		GL831980.1	GL831980.1	NT_168224.1
oreNil2:GL831981-1	GL831981-1		GL831981.1	GL831981.1	NT_168225.1
oreNil2:GL831982-1	GL831982-1		GL831982.1	GL831982.1	NT_168226.1
oreNil2:GL831983-1	GL831983-1		GL831983.1	GL831983.1	NT_168227.1
oreNil2:GL831984-1	GL831984-1		GL831984.1	GL831984.1	NT_168228.1
oreNil2:GL831985-1	GL831985-1		GL831985.1	GL831985.1	NT_168229.1
oreNil2:GL831986-1	GL831986-1		GL831986.1	GL831986.1	NT_168230.1
oreNil2:GL831987-1	GL831987-1		GL831987.1	GL831987.1	NT_168231.1
oreNil2:GL831988-1	GL831988-1		GL831988.1	GL831988.1	NT_168232.1
oreNil2:GL831989-1	GL831989-1		GL831989.1	GL831989.1	NT_168233.1
oreNil2:GL831990-1	GL831990-1		GL831990.1	GL831990.1	NT_168234.1
oreNil2:GL831991-1	GL831991-1		GL831991.1	GL831991.1	NT_168235.1
oreNil2:GL831992-1	GL831992-1		GL831992.1	GL831992.1	NT_168236.1
oreNil2:GL831993-1	GL831993-1		GL831993.1	GL831993.1	NT_168237.1
oreNil2:GL831994-1	GL831994-1		GL831994.1	GL831994.1	NT_168238.1
oreNil2:GL831995-1	GL831995-1		GL831995.1	GL831995.1	NT_168239.1
oreNil2:GL831996-1	GL831996-1		GL831996.1	GL831996.1	NT_168240.1
oreNil2:GL831997-1	GL831997-1		GL831997.1	GL831997.1	NT_168241.1
oreNil2:GL831998-1	GL831998-1		GL831998.1	GL831998.1	NT_168242.1
oreNil2:GL832000-1	GL832000-1		GL832000.1	GL832000.1	NT_168244.1
oreNil2:GL832001-1	GL832001-1		GL832001.1	GL832001.1	NT_168245.1
oreNil2:GL832002-1	GL832002-1		GL832002.1	GL832002.1	NT_168246.1
oreNil2:GL832003-1	GL832003-1		GL832003.1	GL832003.1	NT_168247.1
oreNil2:GL832004-1	GL832004-1		GL832004.1	GL832004.1	NT_168248.1
oreNil2:GL832005-1	GL832005-1		GL832005.1	GL832005.1	NT_168249.1
oreNil2:GL832006-1	GL832006-1		GL832006.1	GL832006.1	NT_168250.1
oreNil2:GL832007-1	GL832007-1		GL832007.1	GL832007.1	NT_168251.1
oreNil2:GL832008-1	GL832008-1		GL832008.1	GL832008.1	NT_168252.1
oreNil2:GL832009-1	GL832009-1		GL832009.1	GL832009.1	NT_168253.1
oreNil2:GL832010-1	GL832010-1		GL832010.1	GL832010.1	NT_168254.1
oreNil2:GL832011-1	GL832011-1		GL832011.1	GL832011.1	NT_168255.1
oreNil2:GL832012-1	GL832012-1		GL832012.1	GL832012.1	NT_168256.1
oreNil2:GL832013-1	GL832013-1		GL832013.1	GL832013.1	NT_168257.1
oreNil2:GL832014-1	GL832014-1		GL832014.1	GL832014.1	NT_168258.1
oreNil2:GL832015-1	GL832015-1		GL832015.1	GL832015.1	NT_168259.1
oreNil2:GL832016-1	GL832016-1		GL832016.1	GL832016.1	NT_168260.1
oreNil2:GL832017-1	GL832017-1		GL832017.1	GL832017.1	NT_168261.1
oreNil2:GL832018-1	GL832018-1		GL832018.1	GL832018.1	NT_168262.1
oreNil2:GL832019-1	GL832019-1		GL832019.1	GL832019.1	NT_168263.1
oreNil2:GL832020-1	GL832020-1		GL832020.1	GL832020.1	NT_168264.1
oreNil2:GL832021-1	GL832021-1		GL832021.1	GL832021.1	NT_168265.1
oreNil2:GL832022-1	GL832022-1		GL832022.1	GL832022.1	NT_168266.1
oreNil2:GL832023-1	GL832023-1		GL832023.1	GL832023.1	NT_168267.1
oreNil2:GL832024-1	GL832024-1		GL832024.1	GL832024.1	NT_168268.1
oreNil2:GL832025-1	GL832025-1		GL832025.1	GL832025.1	NT_168269.1
oreNil2:GL832026-1	GL832026-1		GL832026.1	GL832026.1	NT_168270.1
oreNil2:GL832027-1	GL832027-1		GL832027.1	GL832027.1	NT_168271.1
oreNil2:GL832028-1	GL832028-1		GL832028.1	GL832028.1	NT_168272.1
oreNil2:GL832029-1	GL832029-1		GL832029.1	GL832029.1	NT_168273.1
oreNil2:GL832030-1	GL832030-1		GL832030.1	GL832030.1	NT_168274.1
oreNil2:GL832031-1	GL832031-1		GL832031.1	GL832031.1	NT_168275.1
oreNil2:GL832032-1	GL832032-1		GL832032.1	GL832032.1	NT_168276.1
oreNil2:GL832033-1	GL832033-1		GL832033.1	GL832033.1	NT_168277.1
oreNil2:GL832034-1	GL832034-1		GL832034.1	GL832034.1	NT_168278.1
oreNil2:GL832035-1	GL832035-1		GL832035.1	GL832035.1	NT_168279.1
oreNil2:GL832036-1	GL832036-1		GL832036.1	GL832036.1	NT_168280.1
oreNil2:GL832037-1	GL832037-1		GL832037.1	GL832037.1	NT_168281.1
oreNil2:GL832038-1	GL832038-1		GL832038.1	GL832038.1	NT_168282.1
oreNil2:GL832039-1	GL832039-1		GL832039.1	GL832039.1	NT_168283.1
oreNil2:GL832040-1	GL832040-1		GL832040.1	GL832040.1	NT_168284.1
oreNil2:GL832041-1	GL832041-1		GL832041.1	GL832041.1	NT_168285.1
oreNil2:GL832042-1	GL832042-1		GL832042.1	GL832042.1	NT_168286.1
oreNil2:GL832043-1	GL832043-1		GL832043.1	GL832043.1	NT_168287.1
oreNil2:GL832044-1	GL832044-1		GL832044.1	GL832044.1	NT_168288.1
oreNil2:GL832045-1	GL832045-1		GL832045.1	GL832045.1	NT_168289.1
oreNil2:GL832046-1	GL832046-1		GL832046.1	GL832046.1	NT_168290.1
oreNil2:GL832047-1	GL832047-1		GL832047.1	GL832047.1	NT_168291.1
oreNil2:GL832048-1	GL832048-1		GL832048.1	GL832048.1	NT_168292.1
oreNil2:GL832049-1	GL832049-1		GL832049.1	GL832049.1	NT_168293.1
oreNil2:GL832050-1	GL832050-1		GL832050.1	GL832050.1	NT_168294.1
oreNil2:GL832051-1	GL832051-1		GL832051.1	GL832051.1	NT_168295.1
oreNil2:GL832052-1	GL832052-1		GL832052.1	GL832052.1	NT_168296.1
oreNil2:GL832053-1	GL832053-1		GL832053.1	GL832053.1	NT_168297.1
oreNil2:GL832054-1	GL832054-1		GL832054.1	GL832054.1	NT_168298.1
oreNil2:GL832055-1	GL832055-1		GL832055.1	GL832055.1	NT_168299.1
oreNil2:GL832056-1	GL832056-1		GL832056.1	GL832056.1	NT_168300.1
oreNil2:GL832057-1	GL832057-1		GL832057.1	GL832057.1	NT_168301.1
oreNil2:GL832058-1	GL832058-1		GL832058.1	GL832058.1	NT_168302.1
oreNil2:GL832059-1	GL832059-1		GL832059.1	GL832059.1	NT_168303.1
oreNil2:GL832060-1	GL832060-1		GL832060.1	GL832060.1	NT_168304.1
oreNil2:GL832061-1	GL832061-1		GL832061.1	GL832061.1	NT_168305.1
oreNil2:GL832062-1	GL832062-1		GL832062.1	GL832062.1	NT_168306.1
oreNil2:GL832063-1	GL832063-1		GL832063.1	GL832063.1	NT_168307.1
oreNil2:GL832064-1	GL832064-1		GL832064.1	GL832064.1	NT_168308.1
oreNil2:GL832065-1	GL832065-1		GL832065.1	GL832065.1	NT_168309.1
oreNil2:GL832066-1	GL832066-1		GL832066.1	GL832066.1	NT_168310.1
oreNil2:GL832067-1	GL832067-1		GL832067.1	GL832067.1	NT_168311.1
oreNil2:GL832068-1	GL832068-1		GL832068.1	GL832068.1	NT_168312.1
oreNil2:GL832069-1	GL832069-1		GL832069.1	GL832069.1	NT_168313.1
oreNil2:GL832070-1	GL832070-1		GL832070.1	GL832070.1	NT_168314.1
oreNil2:GL832071-1	GL832071-1		GL832071.1	GL832071.1	NT_168315.1
oreNil2:GL832072-1	GL832072-1		GL832072.1	GL832072.1	NT_168316.1
oreNil2:GL832073-1	GL832073-1		GL832073.1	GL832073.1	NT_168317.1
oreNil2:GL832074-1	GL832074-1		GL832074.1	GL832074.1	NT_168318.1
oreNil2:GL832075-1	GL832075-1		GL832075.1	GL832075.1	NT_168319.1
oreNil2:GL832076-1	GL832076-1		GL832076.1	GL832076.1	NT_168320.1
oreNil2:GL832077-1	GL832077-1		GL832077.1	GL832077.1	NT_168321.1
oreNil2:GL832078-1	GL832078-1		GL832078.1	GL832078.1	NT_168322.1
oreNil2:GL832079-1	GL832079-1		GL832079.1	GL832079.1	NT_168323.1
oreNil2:GL832080-1	GL832080-1		GL832080.1	GL832080.1	NT_168324.1
oreNil2:GL832081-1	GL832081-1		GL832081.1	GL832081.1	NT_168325.1
oreNil2:GL832082-1	GL832082-1		GL832082.1	GL832082.1	NT_168326.1
oreNil2:GL832083-1	GL832083-1		GL832083.1	GL832083.1	NT_168327.1
oreNil2:GL832084-1	GL832084-1		GL832084.1	GL832084.1	NT_168328.1
oreNil2:GL832085-1	GL832085-1		GL832085.1	GL832085.1	NT_168329.1
oreNil2:GL832086-1	GL832086-1		GL832086.1	GL832086.1	NT_168330.1
oreNil2:GL832087-1	GL832087-1		GL832087.1	GL832087.1	NT_168331.1
oreNil2:GL832088-1	GL832088-1		GL832088.1	GL832088.1	NT_168332.1
oreNil2:GL832089-1	GL832089-1		GL832089.1	GL832089.1	NT_168333.1
oreNil2:GL832090-1	GL832090-1		GL832090.1	GL832090.1	NT_168334.1
oreNil2:GL832091-1	GL832091-1		GL832091.1	GL832091.1	NT_168335.1
oreNil2:GL832092-1	GL832092-1		GL832092.1	GL832092.1	NT_168336.1
oreNil2:GL832093-1	GL832093-1		GL832093.1	GL832093.1	NT_168337.1
oreNil2:GL832094-1	GL832094-1		GL832094.1	GL832094.1	NT_168338.1
oreNil2:GL832095-1	GL832095-1		GL832095.1	GL832095.1	NT_168339.1
oreNil2:GL832096-1	GL832096-1		GL832096.1	GL832096.1	NT_168340.1
oreNil2:GL832097-1	GL832097-1		GL832097.1	GL832097.1	NT_168341.1
oreNil2:GL832098-1	GL832098-1		GL832098.1	GL832098.1	NT_168342.1
oreNil2:GL832099-1	GL832099-1		GL832099.1	GL832099.1	NT_168343.1
oreNil2:GL832100-1	GL832100-1		GL832100.1	GL832100.1	NT_168344.1
oreNil2:GL832101-1	GL832101-1		GL832101.1	GL832101.1	NT_168345.1
oreNil2:GL832102-1	GL832102-1		GL832102.1	GL832102.1	NT_168346.1
oreNil2:GL832103-1	GL832103-1		GL832103.1	GL832103.1	NT_168347.1
oreNil2:GL832104-1	GL832104-1		GL832104.1	GL832104.1	NT_168348.1
oreNil2:GL832105-1	GL832105-1		GL832105.1	GL832105.1	NT_168349.1
oreNil2:GL832106-1	GL832106-1		GL832106.1	GL832106.1	NT_168350.1
oreNil2:GL832107-1	GL832107-1		GL832107.1	GL832107.1	NT_168352.1
oreNil2:GL832108-1	GL832108-1		GL832108.1	GL832108.1	NT_168353.1
oreNil2:GL832109-1	GL832109-1		GL832109.1	GL832109.1	NT_168354.1
oreNil2:GL832110-1	GL832110-1		GL832110.1	GL832110.1	NT_168355.1
oreNil2:GL832111-1	GL832111-1		GL832111.1	GL832111.1	NT_168356.1
oreNil2:GL832112-1	GL832112-1		GL832112.1	GL832112.1	NT_168357.1
oreNil2:GL832113-1	GL832113-1		GL832113.1	GL832113.1	NT_168358.1
oreNil2:GL832114-1	GL832114-1		GL832114.1	GL832114.1	NT_168359.1
oreNil2:GL832115-1	GL832115-1		GL832115.1	GL832115.1	NT_168360.1
oreNil2:GL832116-1	GL832116-1		GL832116.1	GL832116.1	NT_168361.1
oreNil2:GL832117-1	GL832117-1		GL832117.1	GL832117.1	NT_168362.1
oreNil2:GL832118-1	GL832118-1		GL832118.1	GL832118.1	NT_168363.1
oreNil2:GL832119-1	GL832119-1		GL832119.1	GL832119.1	NT_168364.1
oreNil2:GL832120-1	GL832120-1		GL832120.1	GL832120.1	NT_168365.1
oreNil2:GL832121-1	GL832121-1		GL832121.1	GL832121.1	NT_168366.1
oreNil2:GL832122-1	GL832122-1		GL832122.1	GL832122.1	NT_168367.1
oreNil2:GL832123-1	GL832123-1		GL832123.1	GL832123.1	NT_168368.1
oreNil2:GL832124-1	GL832124-1		GL832124.1	GL832124.1	NT_168369.1
oreNil2:GL832125-1	GL832125-1		GL832125.1	GL832125.1	NT_168371.1
oreNil2:GL832126-1	GL832126-1		GL832126.1	GL832126.1	NT_168372.1
oreNil2:GL832127-1	GL832127-1		GL832127.1	GL832127.1	NT_168373.1
oreNil2:GL832128-1	GL832128-1		GL832128.1	GL832128.1	NT_168374.1
oreNil2:GL832129-1	GL832129-1		GL832129.1	GL832129.1	NT_168375.1
oreNil2:GL832130-1	GL832130-1		GL832130.1	GL832130.1	NT_168376.1
oreNil2:GL832131-1	GL832131-1		GL832131.1	GL832131.1	NT_168377.1
oreNil2:GL832132-1	GL832132-1		GL832132.1	GL832132.1	NT_168378.1
oreNil2:GL832133-1	GL832133-1		GL832133.1	GL832133.1	NT_168379.1
oreNil2:GL832134-1	GL832134-1		GL832134.1	GL832134.1	NT_168380.1
oreNil2:GL832135-1	GL832135-1		GL832135.1	GL832135.1	NT_168381.1
oreNil2:GL832136-1	GL832136-1		GL832136.1	GL832136.1	NT_168382.1
oreNil2:GL832137-1	GL832137-1		GL832137.1	GL832137.1	NT_168383.1
oreNil2:GL832138-1	GL832138-1		GL832138.1	GL832138.1	NT_168384.1
oreNil2:GL832139-1	GL832139-1		GL832139.1	GL832139.1	NT_168385.1
oreNil2:GL832140-1	GL832140-1		GL832140.1	GL832140.1	NT_168386.1
oreNil2:GL832141-1	GL832141-1		GL832141.1	GL832141.1	NT_168387.1
oreNil2:GL832142-1	GL832142-1		GL832142.1	GL832142.1	NT_168388.1
oreNil2:GL832143-1	GL832143-1		GL832143.1	GL832143.1	NT_168389.1
oreNil2:GL832144-1	GL832144-1		GL832144.1	GL832144.1	NT_168390.1
oreNil2:GL832146-1	GL832146-1		GL832146.1	GL832146.1	NT_168392.1
oreNil2:GL832147-1	GL832147-1		GL832147.1	GL832147.1	NT_168393.1
oreNil2:GL832148-1	GL832148-1		GL832148.1	GL832148.1	NT_168394.1
oreNil2:GL832149-1	GL832149-1		GL832149.1	GL832149.1	NT_168395.1
oreNil2:GL832150-1	GL832150-1		GL832150.1	GL832150.1	NT_168396.1
oreNil2:GL832151-1	GL832151-1		GL832151.1	GL832151.1	NT_168397.1
oreNil2:GL832152-1	GL832152-1		GL832152.1	GL832152.1	NT_168399.1
oreNil2:GL832153-1	GL832153-1		GL832153.1	GL832153.1	NT_168400.1
oreNil2:GL832154-1	GL832154-1		GL832154.1	GL832154.1	NT_168401.1
oreNil2:GL832155-1	GL832155-1		GL832155.1	GL832155.1	NT_168402.1
oreNil2:GL832156-1	GL832156-1		GL832156.1	GL832156.1	NT_168403.1
oreNil2:GL832157-1	GL832157-1		GL832157.1	GL832157.1	NT_168404.1
oreNil2:GL832158-1	GL832158-1		GL832158.1	GL832158.1	NT_168405.1
oreNil2:GL832159-1	GL832159-1		GL832159.1	GL832159.1	NT_168406.1
oreNil2:GL832160-1	GL832160-1		GL832160.1	GL832160.1	NT_168407.1
oreNil2:GL832161-1	GL832161-1		GL832161.1	GL832161.1	NT_168408.1
oreNil2:GL832162-1	GL832162-1		GL832162.1	GL832162.1	NT_168409.1
oreNil2:GL832163-1	GL832163-1		GL832163.1	GL832163.1	NT_168410.1
oreNil2:GL832164-1	GL832164-1		GL832164.1	GL832164.1	NT_168411.1
oreNil2:GL832165-1	GL832165-1		GL832165.1	GL832165.1	NT_168412.1
oreNil2:GL832166-1	GL832166-1		GL832166.1	GL832166.1	NT_168413.1
oreNil2:GL832167-1	GL832167-1		GL832167.1	GL832167.1	NT_168414.1
oreNil2:GL832168-1	GL832168-1		GL832168.1	GL832168.1	NT_168415.1
oreNil2:GL832169-1	GL832169-1		GL832169.1	GL832169.1	NT_168416.1
oreNil2:GL832170-1	GL832170-1		GL832170.1	GL832170.1	NT_168417.1
oreNil2:GL832171-1	GL832171-1		GL832171.1	GL832171.1	NT_168418.1
oreNil2:GL832172-1	GL832172-1		GL832172.1	GL832172.1	NT_168419.1
oreNil2:GL832173-1	GL832173-1		GL832173.1	GL832173.1	NT_168420.1
oreNil2:GL832174-1	GL832174-1		GL832174.1	GL832174.1	NT_168421.1
oreNil2:GL832175-1	GL832175-1		GL832175.1	GL832175.1	NT_168422.1
oreNil2:GL832176-1	GL832176-1		GL832176.1	GL832176.1	NT_168423.1
oreNil2:GL832177-1	GL832177-1		GL832177.1	GL832177.1	NT_168424.1
oreNil2:GL832178-1	GL832178-1		GL832178.1	GL832178.1	NT_168425.1
oreNil2:GL832179-1	GL832179-1		GL832179.1	GL832179.1	NT_168426.1
oreNil2:GL832180-1	GL832180-1		GL832180.1	GL832180.1	NT_168427.1
oreNil2:GL832181-1	GL832181-1		GL832181.1	GL832181.1	NT_168428.1
oreNil2:GL832182-1	GL832182-1		GL832182.1	GL832182.1	NT_168429.1
oreNil2:GL832183-1	GL832183-1		GL832183.1	GL832183.1	NT_168430.1
oreNil2:GL832184-1	GL832184-1		GL832184.1	GL832184.1	NT_168431.1
oreNil2:GL832185-1	GL832185-1		GL832185.1	GL832185.1	NT_168432.1
oreNil2:GL832186-1	GL832186-1		GL832186.1	GL832186.1	NT_168433.1
oreNil2:GL832187-1	GL832187-1		GL832187.1	GL832187.1	NT_168434.1
oreNil2:GL832188-1	GL832188-1		GL832188.1	GL832188.1	NT_168435.1
oreNil2:GL832189-1	GL832189-1		GL832189.1	GL832189.1	NT_168436.1
oreNil2:GL832190-1	GL832190-1		GL832190.1	GL832190.1	NT_168437.1
oreNil2:GL832191-1	GL832191-1		GL832191.1	GL832191.1	NT_168438.1
oreNil2:GL832192-1	GL832192-1		GL832192.1	GL832192.1	NT_168439.1
oreNil2:GL832193-1	GL832193-1		GL832193.1	GL832193.1	NT_168440.1
oreNil2:GL832194-1	GL832194-1		GL832194.1	GL832194.1	NT_168441.1
oreNil2:GL832195-1	GL832195-1		GL832195.1	GL832195.1	NT_168442.1
oreNil2:GL832196-1	GL832196-1		GL832196.1	GL832196.1	NT_168443.1
oreNil2:GL832197-1	GL832197-1		GL832197.1	GL832197.1	NT_168444.1
oreNil2:GL832198-1	GL832198-1		GL832198.1	GL832198.1	NT_168445.1
oreNil2:GL832199-1	GL832199-1		GL832199.1	GL832199.1	NT_168446.1
oreNil2:GL832200-1	GL832200-1		GL832200.1	GL832200.1	NT_168447.1
oreNil2:GL832201-1	GL832201-1		GL832201.1	GL832201.1	NT_168448.1
oreNil2:GL832202-1	GL832202-1		GL832202.1	GL832202.1	NT_168449.1
oreNil2:GL832203-1	GL832203-1		GL832203.1	GL832203.1	NT_168450.1
oreNil2:GL832204-1	GL832204-1		GL832204.1	GL832204.1	NT_168451.1
oreNil2:GL832205-1	GL832205-1		GL832205.1	GL832205.1	NT_168452.1
oreNil2:GL832206-1	GL832206-1		GL832206.1	GL832206.1	NT_168453.1
oreNil2:GL832207-1	GL832207-1		GL832207.1	GL832207.1	NT_168454.1
oreNil2:GL832208-1	GL832208-1		GL832208.1	GL832208.1	NT_168455.1
oreNil2:GL832209-1	GL832209-1		GL832209.1	GL832209.1	NT_168456.1
oreNil2:GL832210-1	GL832210-1		GL832210.1	GL832210.1	NT_168457.1
oreNil2:GL832211-1	GL832211-1		GL832211.1	GL832211.1	NT_168458.1
oreNil2:GL832212-1	GL832212-1		GL832212.1	GL832212.1	NT_168459.1
oreNil2:GL832213-1	GL832213-1		GL832213.1	GL832213.1	NT_168460.1
oreNil2:GL832214-1	GL832214-1		GL832214.1	GL832214.1	NT_168461.1
oreNil2:GL832215-1	GL832215-1		GL832215.1	GL832215.1	NT_168462.1
oreNil2:GL832216-1	GL832216-1		GL832216.1	GL832216.1	NT_168463.1
oreNil2:GL832217-1	GL832217-1		GL832217.1	GL832217.1	NT_168464.1
oreNil2:GL832218-1	GL832218-1		GL832218.1	GL832218.1	NT_168465.1
oreNil2:GL832219-1	GL832219-1		GL832219.1	GL832219.1	NT_168466.1
oreNil2:GL832220-1	GL832220-1		GL832220.1	GL832220.1	NT_168467.1
oreNil2:GL832221-1	GL832221-1		GL832221.1	GL832221.1	NT_168468.1
oreNil2:GL832222-1	GL832222-1		GL832222.1	GL832222.1	NT_168469.1
oreNil2:GL832223-1	GL832223-1		GL832223.1	GL832223.1	NT_168470.1
oreNil2:GL832224-1	GL832224-1		GL832224.1	GL832224.1	NT_168471.1
oreNil2:GL832225-1	GL832225-1		GL832225.1	GL832225.1	NT_168472.1
oreNil2:GL832226-1	GL832226-1		GL832226.1	GL832226.1	NT_168473.1
oreNil2:GL832227-1	GL832227-1		GL832227.1	GL832227.1	NT_168474.1
oreNil2:GL832228-1	GL832228-1		GL832228.1	GL832228.1	NT_168475.1
oreNil2:GL832229-1	GL832229-1		GL832229.1	GL832229.1	NT_168476.1
oreNil2:GL832230-1	GL832230-1		GL832230.1	GL832230.1	NT_168477.1
oreNil2:GL832231-1	GL832231-1		GL832231.1	GL832231.1	NT_168478.1
oreNil2:GL832232-1	GL832232-1		GL832232.1	GL832232.1	NT_168479.1
oreNil2:GL832233-1	GL832233-1		GL832233.1	GL832233.1	NT_168480.1
oreNil2:GL832234-1	GL832234-1		GL832234.1	GL832234.1	NT_168481.1
oreNil2:GL832235-1	GL832235-1		GL832235.1	GL832235.1	NT_168482.1
oreNil2:GL832236-1	GL832236-1		GL832236.1	GL832236.1	NT_168483.1
oreNil2:GL832237-1	GL832237-1		GL832237.1	GL832237.1	NT_168485.1
oreNil2:GL832238-1	GL832238-1		GL832238.1	GL832238.1	NT_168486.1
oreNil2:GL832239-1	GL832239-1		GL832239.1	GL832239.1	NT_168487.1
oreNil2:GL832240-1	GL832240-1		GL832240.1	GL832240.1	NT_168488.1
oreNil2:GL832241-1	GL832241-1		GL832241.1	GL832241.1	NT_168489.1
oreNil2:GL832242-1	GL832242-1		GL832242.1	GL832242.1	NT_168490.1
oreNil2:GL832243-1	GL832243-1		GL832243.1	GL832243.1	NT_168491.1
oreNil2:GL832244-1	GL832244-1		GL832244.1	GL832244.1	NT_168492.1
oreNil2:GL832245-1	GL832245-1		GL832245.1	GL832245.1	NT_168493.1
oreNil2:GL832246-1	GL832246-1		GL832246.1	GL832246.1	NT_168494.1
oreNil2:GL832247-1	GL832247-1		GL832247.1	GL832247.1	NT_168495.1
oreNil2:GL832248-1	GL832248-1		GL832248.1	GL832248.1	NT_168496.1
oreNil2:GL832249-1	GL832249-1		GL832249.1	GL832249.1	NT_168497.1
oreNil2:GL832250-1	GL832250-1		GL832250.1	GL832250.1	NT_168498.1
oreNil2:GL832251-1	GL832251-1		GL832251.1	GL832251.1	NT_168499.1
oreNil2:GL832252-1	GL832252-1		GL832252.1	GL832252.1	NT_168500.1
oreNil2:GL832253-1	GL832253-1		GL832253.1	GL832253.1	NT_168501.1
oreNil2:GL832254-1	GL832254-1		GL832254.1	GL832254.1	NT_168503.1
oreNil2:GL832255-1	GL832255-1		GL832255.1	GL832255.1	NT_168504.1
oreNil2:GL832256-1	GL832256-1		GL832256.1	GL832256.1	NT_168505.1
oreNil2:GL832257-1	GL832257-1		GL832257.1	GL832257.1	NT_168506.1
oreNil2:GL832258-1	GL832258-1		GL832258.1	GL832258.1	NT_168507.1
oreNil2:GL832259-1	GL832259-1		GL832259.1	GL832259.1	NT_168508.1
oreNil2:GL832260-1	GL832260-1		GL832260.1	GL832260.1	NT_168509.1
oreNil2:GL832261-1	GL832261-1		GL832261.1	GL832261.1	NT_168510.1
oreNil2:GL832262-1	GL832262-1		GL832262.1	GL832262.1	NT_168511.1
oreNil2:GL832263-1	GL832263-1		GL832263.1	GL832263.1	NT_168512.1
oreNil2:GL832264-1	GL832264-1		GL832264.1	GL832264.1	NT_168513.1
oreNil2:GL832265-1	GL832265-1		GL832265.1	GL832265.1	NT_168514.1
oreNil2:GL832266-1	GL832266-1		GL832266.1	GL832266.1	NT_168515.1
oreNil2:GL832267-1	GL832267-1		GL832267.1	GL832267.1	NT_168516.1
oreNil2:GL832268-1	GL832268-1		GL832268.1	GL832268.1	NT_168517.1
oreNil2:GL832269-1	GL832269-1		GL832269.1	GL832269.1	NT_168518.1
oreNil2:GL832270-1	GL832270-1		GL832270.1	GL832270.1	NT_168519.1
oreNil2:GL832271-1	GL832271-1		GL832271.1	GL832271.1	NT_168520.1
oreNil2:GL832272-1	GL832272-1		GL832272.1	GL832272.1	NT_168521.1
oreNil2:GL832273-1	GL832273-1		GL832273.1	GL832273.1	NT_168522.1
oreNil2:GL832274-1	GL832274-1		GL832274.1	GL832274.1	NT_168523.1
oreNil2:GL832275-1	GL832275-1		GL832275.1	GL832275.1	NT_168524.1
oreNil2:GL832276-1	GL832276-1		GL832276.1	GL832276.1	NT_168525.1
oreNil2:GL832277-1	GL832277-1		GL832277.1	GL832277.1	NT_168526.1
oreNil2:GL832278-1	GL832278-1		GL832278.1	GL832278.1	NT_168527.1
oreNil2:GL832279-1	GL832279-1		GL832279.1	GL832279.1	NT_168528.1
oreNil2:GL832280-1	GL832280-1		GL832280.1	GL832280.1	NT_168529.1
oreNil2:GL832281-1	GL832281-1		GL832281.1	GL832281.1	NT_168530.1
oreNil2:GL832282-1	GL832282-1		GL832282.1	GL832282.1	NT_168531.1
oreNil2:GL832283-1	GL832283-1		GL832283.1	GL832283.1	NT_168532.1
oreNil2:GL832284-1	GL832284-1		GL832284.1	GL832284.1	NT_168533.1
oreNil2:GL832285-1	GL832285-1		GL832285.1	GL832285.1	NT_168534.1
oreNil2:GL832286-1	GL832286-1		GL832286.1	GL832286.1	NT_168535.1
oreNil2:GL832287-1	GL832287-1		GL832287.1	GL832287.1	NT_168536.1
oreNil2:GL832288-1	GL832288-1		GL832288.1	GL832288.1	NT_168537.1
oreNil2:GL832289-1	GL832289-1		GL832289.1	GL832289.1	NT_168538.1
oreNil2:GL832290-1	GL832290-1		GL832290.1	GL832290.1	NT_168539.1
oreNil2:GL832291-1	GL832291-1		GL832291.1	GL832291.1	NT_168540.1
oreNil2:GL832292-1	GL832292-1		GL832292.1	GL832292.1	NT_168541.1
oreNil2:GL832293-1	GL832293-1		GL832293.1	GL832293.1	NT_168542.1
oreNil2:GL832294-1	GL832294-1		GL832294.1	GL832294.1	NT_168543.1
oreNil2:GL832295-1	GL832295-1		GL832295.1	GL832295.1	NT_168544.1
oreNil2:GL832296-1	GL832296-1		GL832296.1	GL832296.1	NT_168545.1
oreNil2:GL832297-1	GL832297-1		GL832297.1	GL832297.1	NT_168546.1
oreNil2:GL832298-1	GL832298-1		GL832298.1	GL832298.1	NT_168547.1
oreNil2:GL832299-1	GL832299-1		GL832299.1	GL832299.1	NT_168548.1
oreNil2:GL832300-1	GL832300-1		GL832300.1	GL832300.1	NT_168549.1
oreNil2:GL832301-1	GL832301-1		GL832301.1	GL832301.1	NT_168550.1
oreNil2:GL832302-1	GL832302-1		GL832302.1	GL832302.1	NT_168551.1
oreNil2:GL832303-1	GL832303-1		GL832303.1	GL832303.1	NT_168552.1
oreNil2:GL832304-1	GL832304-1		GL832304.1	GL832304.1	NT_168553.1
oreNil2:GL832305-1	GL832305-1		GL832305.1	GL832305.1	NT_168554.1
oreNil2:GL832306-1	GL832306-1		GL832306.1	GL832306.1	NT_168555.1
oreNil2:GL832307-1	GL832307-1		GL832307.1	GL832307.1	NT_168556.1
oreNil2:GL832308-1	GL832308-1		GL832308.1	GL832308.1	NT_168558.1
oreNil2:GL832309-1	GL832309-1		GL832309.1	GL832309.1	NT_168559.1
oreNil2:GL832310-1	GL832310-1		GL832310.1	GL832310.1	NT_168560.1
oreNil2:GL832311-1	GL832311-1		GL832311.1	GL832311.1	NT_168561.1
oreNil2:GL832312-1	GL832312-1		GL832312.1	GL832312.1	NT_168562.1
oreNil2:GL832313-1	GL832313-1		GL832313.1	GL832313.1	NT_168564.1
oreNil2:GL832314-1	GL832314-1		GL832314.1	GL832314.1	NT_168565.1
oreNil2:GL832315-1	GL832315-1		GL832315.1	GL832315.1	NT_168566.1
oreNil2:GL832316-1	GL832316-1		GL832316.1	GL832316.1	NT_168567.1
oreNil2:GL832317-1	GL832317-1		GL832317.1	GL832317.1	NT_168568.1
oreNil2:GL832318-1	GL832318-1		GL832318.1	GL832318.1	NT_168570.1
oreNil2:GL832319-1	GL832319-1		GL832319.1	GL832319.1	NT_168571.1
oreNil2:GL832320-1	GL832320-1		GL832320.1	GL832320.1	NT_168572.1
oreNil2:GL832321-1	GL832321-1		GL832321.1	GL832321.1	NT_168573.1
oreNil2:GL832322-1	GL832322-1		GL832322.1	GL832322.1	NT_168574.1
oreNil2:GL832323-1	GL832323-1		GL832323.1	GL832323.1	NT_168575.1
oreNil2:GL832324-1	GL832324-1		GL832324.1	GL832324.1	NT_168576.1
oreNil2:GL832325-1	GL832325-1		GL832325.1	GL832325.1	NT_168577.1
oreNil2:GL832326-1	GL832326-1		GL832326.1	GL832326.1	NT_168578.1
oreNil2:GL832327-1	GL832327-1		GL832327.1	GL832327.1	NT_168579.1
oreNil2:GL832328-1	GL832328-1		GL832328.1	GL832328.1	NT_168581.1
oreNil2:GL832329-1	GL832329-1		GL832329.1	GL832329.1	NT_168582.1
oreNil2:GL832330-1	GL832330-1		GL832330.1	GL832330.1	NT_168584.1
oreNil2:GL832331-1	GL832331-1		GL832331.1	GL832331.1	NT_168585.1
oreNil2:GL832332-1	GL832332-1		GL832332.1	GL832332.1	NT_168586.1
oreNil2:GL832333-1	GL832333-1		GL832333.1	GL832333.1	NT_168587.1
oreNil2:GL832334-1	GL832334-1		GL832334.1	GL832334.1	NT_168588.1
oreNil2:GL832335-1	GL832335-1		GL832335.1	GL832335.1	NT_168589.1
oreNil2:GL832336-1	GL832336-1		GL832336.1	GL832336.1	NT_168590.1
oreNil2:GL832337-1	GL832337-1		GL832337.1	GL832337.1	NT_168592.1
oreNil2:GL832338-1	GL832338-1		GL832338.1	GL832338.1	NT_168593.1
oreNil2:GL832339-1	GL832339-1		GL832339.1	GL832339.1	NT_168594.1
oreNil2:GL832340-1	GL832340-1		GL832340.1	GL832340.1	NT_168595.1
oreNil2:GL832341-1	GL832341-1		GL832341.1	GL832341.1	NT_168596.1
oreNil2:GL832342-1	GL832342-1		GL832342.1	GL832342.1	NT_168598.1
oreNil2:GL832343-1	GL832343-1		GL832343.1	GL832343.1	NT_168599.1
oreNil2:GL832344-1	GL832344-1		GL832344.1	GL832344.1	NT_168600.1
oreNil2:GL832345-1	GL832345-1		GL832345.1	GL832345.1	NT_168601.1
oreNil2:GL832346-1	GL832346-1		GL832346.1	GL832346.1	NT_168602.1
oreNil2:GL832347-1	GL832347-1		GL832347.1	GL832347.1	NT_168603.1
oreNil2:GL832348-1	GL832348-1		GL832348.1	GL832348.1	NT_168605.1
oreNil2:GL832349-1	GL832349-1		GL832349.1	GL832349.1	NT_168606.1
oreNil2:GL832350-1	GL832350-1		GL832350.1	GL832350.1	NT_168610.1
oreNil2:GL832351-1	GL832351-1		GL832351.1	GL832351.1	NT_168611.1
oreNil2:GL832352-1	GL832352-1		GL832352.1	GL832352.1	NT_168612.1
oreNil2:GL832353-1	GL832353-1		GL832353.1	GL832353.1	NT_168613.1
oreNil2:GL832354-1	GL832354-1		GL832354.1	GL832354.1	NT_168614.1
oreNil2:GL832355-1	GL832355-1		GL832355.1	GL832355.1	NT_168615.1
oreNil2:GL832356-1	GL832356-1		GL832356.1	GL832356.1	NT_168616.1
oreNil2:GL832357-1	GL832357-1		GL832357.1	GL832357.1	NT_168618.1
oreNil2:GL832358-1	GL832358-1		GL832358.1	GL832358.1	NT_168619.1
oreNil2:GL832359-1	GL832359-1		GL832359.1	GL832359.1	NT_168621.1
oreNil2:GL832360-1	GL832360-1		GL832360.1	GL832360.1	NT_168622.1
oreNil2:GL832361-1	GL832361-1		GL832361.1	GL832361.1	NT_168624.1
oreNil2:GL832362-1	GL832362-1		GL832362.1	GL832362.1	NT_168625.1
oreNil2:GL832363-1	GL832363-1		GL832363.1	GL832363.1	NT_168626.1
oreNil2:GL832364-1	GL832364-1		GL832364.1	GL832364.1	NT_168627.1
oreNil2:GL832365-1	GL832365-1		GL832365.1	GL832365.1	NT_168628.1
oreNil2:GL832366-1	GL832366-1		GL832366.1	GL832366.1	NT_168629.1
oreNil2:GL832367-1	GL832367-1		GL832367.1	GL832367.1	NT_168630.1
oreNil2:GL832368-1	GL832368-1		GL832368.1	GL832368.1	NT_168631.1
oreNil2:GL832369-1	GL832369-1		GL832369.1	GL832369.1	NT_168632.1
oreNil2:GL832370-1	GL832370-1		GL832370.1	GL832370.1	NT_168633.1
oreNil2:GL832371-1	GL832371-1		GL832371.1	GL832371.1	NT_168635.1
oreNil2:GL832372-1	GL832372-1		GL832372.1	GL832372.1	NT_168636.1
oreNil2:GL832373-1	GL832373-1		GL832373.1	GL832373.1	NT_168637.1
oreNil2:GL832374-1	GL832374-1		GL832374.1	GL832374.1	NT_168638.1
oreNil2:GL832375-1	GL832375-1		GL832375.1	GL832375.1	NT_168640.1
oreNil2:GL832376-1	GL832376-1		GL832376.1	GL832376.1	NT_168641.1
oreNil2:GL832377-1	GL832377-1		GL832377.1	GL832377.1	NT_168643.1
oreNil2:GL832378-1	GL832378-1		GL832378.1	GL832378.1	NT_168644.1
oreNil2:GL832379-1	GL832379-1		GL832379.1	GL832379.1	NT_168647.1
oreNil2:GL832380-1	GL832380-1		GL832380.1	GL832380.1	NT_168648.1
oreNil2:GL832381-1	GL832381-1		GL832381.1	GL832381.1	NT_168650.1
oreNil2:GL832382-1	GL832382-1		GL832382.1	GL832382.1	NT_168651.1
oreNil2:GL832383-1	GL832383-1		GL832383.1	GL832383.1	NT_168652.1
oreNil2:GL832384-1	GL832384-1		GL832384.1	GL832384.1	NT_168654.1
oreNil2:GL832385-1	GL832385-1		GL832385.1	GL832385.1	NT_168655.1
oreNil2:GL832386-1	GL832386-1		GL832386.1	GL832386.1	NT_168658.1
oreNil2:GL832387-1	GL832387-1		GL832387.1	GL832387.1	NT_168659.1
oreNil2:GL832388-1	GL832388-1		GL832388.1	GL832388.1	NT_168661.1
oreNil2:GL832389-1	GL832389-1		GL832389.1	GL832389.1	NT_168662.1
oreNil2:GL832390-1	GL832390-1		GL832390.1	GL832390.1	NT_168663.1
oreNil2:GL832391-1	GL832391-1		GL832391.1	GL832391.1	NT_168664.1
oreNil2:GL832392-1	GL832392-1		GL832392.1	GL832392.1	NT_168665.1
oreNil2:GL832393-1	GL832393-1		GL832393.1	GL832393.1	NT_168666.1
oreNil2:GL832394-1	GL832394-1		GL832394.1	GL832394.1	NT_168667.1
oreNil2:GL832395-1	GL832395-1		GL832395.1	GL832395.1	NT_168669.1
oreNil2:GL832396-1	GL832396-1		GL832396.1	GL832396.1	NT_168670.1
oreNil2:GL832397-1	GL832397-1		GL832397.1	GL832397.1	NT_168671.1
oreNil2:GL832398-1	GL832398-1		GL832398.1	GL832398.1	NT_168672.1
oreNil2:GL832399-1	GL832399-1		GL832399.1	GL832399.1	NT_168673.1
oreNil2:GL832400-1	GL832400-1		GL832400.1	GL832400.1	NT_168675.1
oreNil2:GL832401-1	GL832401-1		GL832401.1	GL832401.1	NT_168676.1
oreNil2:GL832402-1	GL832402-1		GL832402.1	GL832402.1	NT_168677.1
oreNil2:GL832403-1	GL832403-1		GL832403.1	GL832403.1	NT_168679.1
oreNil2:GL832404-1	GL832404-1		GL832404.1	GL832404.1	NT_168680.1
oreNil2:GL832405-1	GL832405-1		GL832405.1	GL832405.1	NT_168681.1
oreNil2:GL832406-1	GL832406-1		GL832406.1	GL832406.1	NT_168682.1
oreNil2:GL832407-1	GL832407-1		GL832407.1	GL832407.1	NT_168683.1
oreNil2:GL832408-1	GL832408-1		GL832408.1	GL832408.1	NT_168684.1
oreNil2:GL832409-1	GL832409-1		GL832409.1	GL832409.1	NT_168686.1
oreNil2:GL832410-1	GL832410-1		GL832410.1	GL832410.1	NT_168687.1
oreNil2:GL832411-1	GL832411-1		GL832411.1	GL832411.1	NT_168688.1
oreNil2:GL832412-1	GL832412-1		GL832412.1	GL832412.1	NT_168691.1
oreNil2:GL832413-1	GL832413-1		GL832413.1	GL832413.1	NT_168692.1
oreNil2:GL832414-1	GL832414-1		GL832414.1	GL832414.1	NT_168693.1
oreNil2:GL832415-1	GL832415-1		GL832415.1	GL832415.1	NT_168694.1
oreNil2:GL832416-1	GL832416-1		GL832416.1	GL832416.1	NT_168696.1
oreNil2:GL832417-1	GL832417-1		GL832417.1	GL832417.1	NT_168697.1
oreNil2:GL832418-1	GL832418-1		GL832418.1	GL832418.1	NT_168698.1
oreNil2:GL832419-1	GL832419-1		GL832419.1	GL832419.1	NT_168700.1
oreNil2:GL832420-1	GL832420-1		GL832420.1	GL832420.1	NT_168701.1
oreNil2:GL832421-1	GL832421-1		GL832421.1	GL832421.1	NT_168705.1
oreNil2:GL832422-1	GL832422-1		GL832422.1	GL832422.1	NT_168706.1
oreNil2:GL832423-1	GL832423-1		GL832423.1	GL832423.1	NT_168707.1
oreNil2:GL832424-1	GL832424-1		GL832424.1	GL832424.1	NT_168708.1
oreNil2:GL832425-1	GL832425-1		GL832425.1	GL832425.1	NT_168709.1
oreNil2:GL832426-1	GL832426-1		GL832426.1	GL832426.1	NT_168710.1
oreNil2:GL832427-1	GL832427-1		GL832427.1	GL832427.1	NT_168712.1
oreNil2:GL832428-1	GL832428-1		GL832428.1	GL832428.1	NT_168713.1
oreNil2:GL832429-1	GL832429-1		GL832429.1	GL832429.1	NT_168716.1
oreNil2:GL832430-1	GL832430-1		GL832430.1	GL832430.1	NT_168717.1
oreNil2:GL832431-1	GL832431-1		GL832431.1	GL832431.1	NT_168718.1
oreNil2:GL832432-1	GL832432-1		GL832432.1	GL832432.1	NT_168719.1
oreNil2:GL832433-1	GL832433-1		GL832433.1	GL832433.1	NT_168720.1
oreNil2:GL832434-1	GL832434-1		GL832434.1	GL832434.1	NT_168722.1
oreNil2:GL832435-1	GL832435-1		GL832435.1	GL832435.1	NT_168723.1
oreNil2:GL832436-1	GL832436-1		GL832436.1	GL832436.1	NT_168724.1
oreNil2:GL832437-1	GL832437-1		GL832437.1	GL832437.1	NT_168726.1
oreNil2:GL832438-1	GL832438-1		GL832438.1	GL832438.1	NT_168728.1
oreNil2:GL832439-1	GL832439-1		GL832439.1	GL832439.1	NT_168729.1
oreNil2:GL832440-1	GL832440-1		GL832440.1	GL832440.1	NT_168730.1
oreNil2:GL832441-1	GL832441-1		GL832441.1	GL832441.1	NT_168731.1
oreNil2:GL832442-1	GL832442-1		GL832442.1	GL832442.1	NT_168732.1
oreNil2:GL832443-1	GL832443-1		GL832443.1	GL832443.1	NT_168733.1
oreNil2:GL832444-1	GL832444-1		GL832444.1	GL832444.1	NT_168734.1
oreNil2:GL832445-1	GL832445-1		GL832445.1	GL832445.1	NT_168735.1
oreNil2:GL832446-1	GL832446-1		GL832446.1	GL832446.1	NT_168737.1
oreNil2:GL832447-1	GL832447-1		GL832447.1	GL832447.1	NT_168738.1
oreNil2:GL832448-1	GL832448-1		GL832448.1	GL832448.1	NT_168739.1
oreNil2:GL832449-1	GL832449-1		GL832449.1	GL832449.1	NT_168741.1
oreNil2:GL832450-1	GL832450-1		GL832450.1	GL832450.1	NT_168743.1
oreNil2:GL832451-1	GL832451-1		GL832451.1	GL832451.1	NT_168744.1
oreNil2:GL832452-1	GL832452-1		GL832452.1	GL832452.1	NT_168745.1
oreNil2:GL832453-1	GL832453-1		GL832453.1	GL832453.1	NT_168746.1
oreNil2:GL832454-1	GL832454-1		GL832454.1	GL832454.1	NT_168748.1
oreNil2:GL832455-1	GL832455-1		GL832455.1	GL832455.1	NT_168749.1
oreNil2:GL832456-1	GL832456-1		GL832456.1	GL832456.1	NT_168750.1
oreNil2:GL832457-1	GL832457-1		GL832457.1	GL832457.1	NT_168753.1
oreNil2:GL832458-1	GL832458-1		GL832458.1	GL832458.1	NT_168754.1
oreNil2:GL832459-1	GL832459-1		GL832459.1	GL832459.1	NT_168755.1
oreNil2:GL832460-1	GL832460-1		GL832460.1	GL832460.1	NT_168758.1
oreNil2:GL832461-1	GL832461-1		GL832461.1	GL832461.1	NT_168759.1
oreNil2:GL832462-1	GL832462-1		GL832462.1	GL832462.1	NT_168760.1
oreNil2:GL832463-1	GL832463-1		GL832463.1	GL832463.1	NT_168761.1
oreNil2:GL832464-1	GL832464-1		GL832464.1	GL832464.1	NT_168764.1
oreNil2:GL832465-1	GL832465-1		GL832465.1	GL832465.1	NT_168765.1
oreNil2:GL832466-1	GL832466-1		GL832466.1	GL832466.1	NT_168766.1
oreNil2:GL832467-1	GL832467-1		GL832467.1	GL832467.1	NT_168767.1
oreNil2:GL832468-1	GL832468-1		GL832468.1	GL832468.1	NT_168768.1
oreNil2:GL832469-1	GL832469-1		GL832469.1	GL832469.1	NT_168769.1
oreNil2:GL832470-1	GL832470-1		GL832470.1	GL832470.1	NT_168770.1
oreNil2:GL832471-1	GL832471-1		GL832471.1	GL832471.1	NT_168771.1
oreNil2:GL832472-1	GL832472-1		GL832472.1	GL832472.1	NT_168772.1
oreNil2:GL832473-1	GL832473-1		GL832473.1	GL832473.1	NT_168773.1
oreNil2:GL832474-1	GL832474-1		GL832474.1	GL832474.1	NT_168775.1
oreNil2:GL832475-1	GL832475-1		GL832475.1	GL832475.1	NT_168776.1
oreNil2:GL832476-1	GL832476-1		GL832476.1	GL832476.1	NT_168778.1
oreNil2:GL832477-1	GL832477-1		GL832477.1	GL832477.1	NT_168779.1
oreNil2:GL832478-1	GL832478-1		GL832478.1	GL832478.1	NT_168780.1
oreNil2:GL832479-1	GL832479-1		GL832479.1	GL832479.1	NT_168781.1
oreNil2:GL832480-1	GL832480-1		GL832480.1	GL832480.1	NT_168783.1
oreNil2:GL832481-1	GL832481-1		GL832481.1	GL832481.1	NT_168784.1
oreNil2:GL832482-1	GL832482-1		GL832482.1	GL832482.1	NT_168785.1
oreNil2:GL832483-1	GL832483-1		GL832483.1	GL832483.1	NT_168787.1
oreNil2:GL832484-1	GL832484-1		GL832484.1	GL832484.1	NT_168788.1
oreNil2:GL832485-1	GL832485-1		GL832485.1	GL832485.1	NT_168790.1
oreNil2:GL832486-1	GL832486-1		GL832486.1	GL832486.1	NT_168791.1
oreNil2:GL832487-1	GL832487-1		GL832487.1	GL832487.1	NT_168792.1
oreNil2:GL832488-1	GL832488-1		GL832488.1	GL832488.1	NT_168794.1
oreNil2:GL832489-1	GL832489-1		GL832489.1	GL832489.1	NT_168797.1
oreNil2:GL832490-1	GL832490-1		GL832490.1	GL832490.1	NT_168799.1
oreNil2:GL832491-1	GL832491-1		GL832491.1	GL832491.1	NT_168803.1
oreNil2:GL832492-1	GL832492-1		GL832492.1	GL832492.1	NT_168804.1
oreNil2:GL832493-1	GL832493-1		GL832493.1	GL832493.1	NT_168806.1
oreNil2:GL832494-1	GL832494-1		GL832494.1	GL832494.1	NT_168807.1
oreNil2:GL832495-1	GL832495-1		GL832495.1	GL832495.1	NT_168810.1
oreNil2:GL832496-1	GL832496-1		GL832496.1	GL832496.1	NT_168811.1
oreNil2:GL832497-1	GL832497-1		GL832497.1	GL832497.1	NT_168812.1
oreNil2:GL832498-1	GL832498-1		GL832498.1	GL832498.1	NT_168813.1
oreNil2:GL832499-1	GL832499-1		GL832499.1	GL832499.1	NT_168814.1
oreNil2:GL832500-1	GL832500-1		GL832500.1	GL832500.1	NT_168815.1
oreNil2:GL832501-1	GL832501-1		GL832501.1	GL832501.1	NT_168816.1
oreNil2:GL832502-1	GL832502-1		GL832502.1	GL832502.1	NT_168817.1
oreNil2:GL832503-1	GL832503-1		GL832503.1	GL832503.1	NT_168819.1
oreNil2:GL832504-1	GL832504-1		GL832504.1	GL832504.1	NT_168821.1
oreNil2:GL832505-1	GL832505-1		GL832505.1	GL832505.1	NT_168823.1
oreNil2:GL832506-1	GL832506-1		GL832506.1	GL832506.1	NT_168824.1
oreNil2:GL832507-1	GL832507-1		GL832507.1	GL832507.1	NT_168826.1
oreNil2:GL832508-1	GL832508-1		GL832508.1	GL832508.1	NT_168827.1
oreNil2:GL832509-1	GL832509-1		GL832509.1	GL832509.1	NT_168828.1
oreNil2:GL832510-1	GL832510-1		GL832510.1	GL832510.1	NT_168831.1
oreNil2:GL832511-1	GL832511-1		GL832511.1	GL832511.1	NT_168832.1
oreNil2:GL832512-1	GL832512-1		GL832512.1	GL832512.1	NT_168834.1
oreNil2:GL832513-1	GL832513-1		GL832513.1	GL832513.1	NT_168835.1
oreNil2:GL832514-1	GL832514-1		GL832514.1	GL832514.1	NT_168839.1
oreNil2:GL832515-1	GL832515-1		GL832515.1	GL832515.1	NT_168840.1
oreNil2:GL832516-1	GL832516-1		GL832516.1	GL832516.1	NT_168843.1
oreNil2:GL832517-1	GL832517-1		GL832517.1	GL832517.1	NT_168844.1
oreNil2:GL832518-1	GL832518-1		GL832518.1	GL832518.1	NT_168845.1
oreNil2:GL832519-1	GL832519-1		GL832519.1	GL832519.1	NT_168847.1
oreNil2:GL832520-1	GL832520-1		GL832520.1	GL832520.1	NT_168848.1
oreNil2:GL832521-1	GL832521-1		GL832521.1	GL832521.1	NT_168849.1
oreNil2:GL832522-1	GL832522-1		GL832522.1	GL832522.1	NT_168851.1
oreNil2:GL832523-1	GL832523-1		GL832523.1	GL832523.1	NT_168852.1
oreNil2:GL832524-1	GL832524-1		GL832524.1	GL832524.1	NT_168856.1
oreNil2:GL832525-1	GL832525-1		GL832525.1	GL832525.1	NT_168858.1
oreNil2:GL832526-1	GL832526-1		GL832526.1	GL832526.1	NT_168862.1
oreNil2:GL832527-1	GL832527-1		GL832527.1	GL832527.1	NT_168865.1
oreNil2:GL832528-1	GL832528-1		GL832528.1	GL832528.1	NT_168866.1
oreNil2:GL832529-1	GL832529-1		GL832529.1	GL832529.1	NT_168867.1
oreNil2:GL832530-1	GL832530-1		GL832530.1	GL832530.1	NT_168870.1
oreNil2:GL832531-1	GL832531-1		GL832531.1	GL832531.1	NT_168871.1
oreNil2:GL832532-1	GL832532-1		GL832532.1	GL832532.1	NT_168872.1
oreNil2:GL832533-1	GL832533-1		GL832533.1	GL832533.1	NT_168873.1
oreNil2:GL832534-1	GL832534-1		GL832534.1	GL832534.1	NT_168876.1
oreNil2:GL832535-1	GL832535-1		GL832535.1	GL832535.1	NT_168877.1
oreNil2:GL832536-1	GL832536-1		GL832536.1	GL832536.1	NT_168878.1
oreNil2:GL832537-1	GL832537-1		GL832537.1	GL832537.1	NT_168881.1
oreNil2:GL832538-1	GL832538-1		GL832538.1	GL832538.1	NT_168882.1
oreNil2:GL832539-1	GL832539-1		GL832539.1	GL832539.1	NT_168885.1
oreNil2:GL832540-1	GL832540-1		GL832540.1	GL832540.1	NT_168887.1
oreNil2:GL832541-1	GL832541-1		GL832541.1	GL832541.1	NT_168890.1
oreNil2:GL832542-1	GL832542-1		GL832542.1	GL832542.1	NT_168891.1
oreNil2:GL832543-1	GL832543-1		GL832543.1	GL832543.1	NT_168892.1
oreNil2:GL832544-1	GL832544-1		GL832544.1	GL832544.1	NT_168895.1
oreNil2:GL832545-1	GL832545-1		GL832545.1	GL832545.1	NT_168897.1
oreNil2:GL832546-1	GL832546-1		GL832546.1	GL832546.1	NT_168901.1
oreNil2:GL832547-1	GL832547-1		GL832547.1	GL832547.1	NT_168903.1
oreNil2:GL832548-1	GL832548-1		GL832548.1	GL832548.1	NT_168905.1
oreNil2:GL832549-1	GL832549-1		GL832549.1	GL832549.1	NT_168906.1
oreNil2:GL832550-1	GL832550-1		GL832550.1	GL832550.1	NT_168907.1
oreNil2:GL832551-1	GL832551-1		GL832551.1	GL832551.1	NT_168909.1
oreNil2:GL832552-1	GL832552-1		GL832552.1	GL832552.1	NT_168910.1
oreNil2:GL832553-1	GL832553-1		GL832553.1	GL832553.1	NT_168913.1
oreNil2:GL832554-1	GL832554-1		GL832554.1	GL832554.1	NT_168914.1
oreNil2:GL832555-1	GL832555-1		GL832555.1	GL832555.1	NT_168915.1
oreNil2:GL832556-1	GL832556-1		GL832556.1	GL832556.1	NT_168919.1
oreNil2:GL832557-1	GL832557-1		GL832557.1	GL832557.1	NT_168920.1
oreNil2:GL832558-1	GL832558-1		GL832558.1	GL832558.1	NT_168921.1
oreNil2:GL832559-1	GL832559-1		GL832559.1	GL832559.1	NT_168923.1
oreNil2:GL832560-1	GL832560-1		GL832560.1	GL832560.1	NT_168924.1
oreNil2:GL832561-1	GL832561-1		GL832561.1	GL832561.1	NT_168925.1
oreNil2:GL832562-1	GL832562-1		GL832562.1	GL832562.1	NT_168926.1
oreNil2:GL832563-1	GL832563-1		GL832563.1	GL832563.1	NT_168927.1
oreNil2:GL832564-1	GL832564-1		GL832564.1	GL832564.1	NT_168930.1
oreNil2:GL832565-1	GL832565-1		GL832565.1	GL832565.1	NT_168931.1
oreNil2:GL832566-1	GL832566-1		GL832566.1	GL832566.1	NT_168932.1
oreNil2:GL832567-1	GL832567-1		GL832567.1	GL832567.1	NT_168933.1
oreNil2:GL832568-1	GL832568-1		GL832568.1	GL832568.1	NT_168935.1
oreNil2:GL832569-1	GL832569-1		GL832569.1	GL832569.1	NT_168938.1
oreNil2:GL832570-1	GL832570-1		GL832570.1	GL832570.1	NT_168940.1
oreNil2:GL832571-1	GL832571-1		GL832571.1	GL832571.1	NT_168941.1
oreNil2:GL832572-1	GL832572-1		GL832572.1	GL832572.1	NT_168943.1
oreNil2:GL832573-1	GL832573-1		GL832573.1	GL832573.1	NT_168944.1
oreNil2:GL832574-1	GL832574-1		GL832574.1	GL832574.1	NT_168946.1
oreNil2:GL832575-1	GL832575-1		GL832575.1	GL832575.1	NT_168947.1
oreNil2:GL832576-1	GL832576-1		GL832576.1	GL832576.1	NT_168949.1
oreNil2:GL832577-1	GL832577-1		GL832577.1	GL832577.1	NT_168951.1
oreNil2:GL832578-1	GL832578-1		GL832578.1	GL832578.1	NT_168952.1
oreNil2:GL832579-1	GL832579-1		GL832579.1	GL832579.1	NT_168957.1
oreNil2:GL832580-1	GL832580-1		GL832580.1	GL832580.1	NT_168958.1
oreNil2:GL832581-1	GL832581-1		GL832581.1	GL832581.1	NT_168959.1
oreNil2:GL832582-1	GL832582-1		GL832582.1	GL832582.1	NT_168960.1
oreNil2:GL832583-1	GL832583-1		GL832583.1	GL832583.1	NT_168961.1
oreNil2:GL832584-1	GL832584-1		GL832584.1	GL832584.1	NT_168963.1
oreNil2:GL832585-1	GL832585-1		GL832585.1	GL832585.1	NT_168964.1
oreNil2:GL832586-1	GL832586-1		GL832586.1	GL832586.1	NT_168965.1
oreNil2:GL832587-1	GL832587-1		GL832587.1	GL832587.1	NT_168968.1
oreNil2:GL832588-1	GL832588-1		GL832588.1	GL832588.1	NT_168970.1
oreNil2:GL832589-1	GL832589-1		GL832589.1	GL832589.1	NT_168971.1
oreNil2:GL832590-1	GL832590-1		GL832590.1	GL832590.1	NT_168973.1
oreNil2:GL832591-1	GL832591-1		GL832591.1	GL832591.1	NT_168974.1
oreNil2:GL832592-1	GL832592-1		GL832592.1	GL832592.1	NT_168976.1
oreNil2:GL832593-1	GL832593-1		GL832593.1	GL832593.1	NT_168978.1
oreNil2:GL832594-1	GL832594-1		GL832594.1	GL832594.1	NT_168979.1
oreNil2:GL832595-1	GL832595-1		GL832595.1	GL832595.1	NT_168981.1
oreNil2:GL832596-1	GL832596-1		GL832596.1	GL832596.1	NT_168987.1
oreNil2:GL832597-1	GL832597-1		GL832597.1	GL832597.1	NT_168989.1
oreNil2:GL832598-1	GL832598-1		GL832598.1	GL832598.1	NT_168995.1
oreNil2:GL832599-1	GL832599-1		GL832599.1	GL832599.1	NT_168998.1
oreNil2:GL832600-1	GL832600-1		GL832600.1	GL832600.1	NT_169003.1
oreNil2:GL832601-1	GL832601-1		GL832601.1	GL832601.1	NT_169004.1
oreNil2:GL832602-1	GL832602-1		GL832602.1	GL832602.1	NT_169006.1
oreNil2:GL832603-1	GL832603-1		GL832603.1	GL832603.1	NT_169007.1
oreNil2:GL832604-1	GL832604-1		GL832604.1	GL832604.1	NT_169012.1
oreNil2:GL832605-1	GL832605-1		GL832605.1	GL832605.1	NT_169013.1
oreNil2:GL832606-1	GL832606-1		GL832606.1	GL832606.1	NT_169015.1
oreNil2:GL832607-1	GL832607-1		GL832607.1	GL832607.1	NT_169016.1
oreNil2:GL832608-1	GL832608-1		GL832608.1	GL832608.1	NT_169017.1
oreNil2:GL832609-1	GL832609-1		GL832609.1	GL832609.1	NT_169019.1
oreNil2:GL832610-1	GL832610-1		GL832610.1	GL832610.1	NT_169020.1
oreNil2:GL832611-1	GL832611-1		GL832611.1	GL832611.1	NT_169021.1
oreNil2:GL832612-1	GL832612-1		GL832612.1	GL832612.1	NT_169022.1
oreNil2:GL832613-1	GL832613-1		GL832613.1	GL832613.1	NT_169023.1
oreNil2:GL832614-1	GL832614-1		GL832614.1	GL832614.1	NT_169024.1
oreNil2:GL832615-1	GL832615-1		GL832615.1	GL832615.1	NT_169028.1
oreNil2:GL832616-1	GL832616-1		GL832616.1	GL832616.1	NT_169030.1
oreNil2:GL832617-1	GL832617-1		GL832617.1	GL832617.1	NT_169031.1
oreNil2:GL832618-1	GL832618-1		GL832618.1	GL832618.1	NT_169032.1
oreNil2:GL832619-1	GL832619-1		GL832619.1	GL832619.1	NT_169033.1
oreNil2:GL832620-1	GL832620-1		GL832620.1	GL832620.1	NT_169038.1
oreNil2:GL832621-1	GL832621-1		GL832621.1	GL832621.1	NT_169039.1
oreNil2:GL832622-1	GL832622-1		GL832622.1	GL832622.1	NT_169041.1
oreNil2:GL832623-1	GL832623-1		GL832623.1	GL832623.1	NT_169042.1
oreNil2:GL832624-1	GL832624-1		GL832624.1	GL832624.1	NT_169043.1
oreNil2:GL832625-1	GL832625-1		GL832625.1	GL832625.1	NT_169048.1
oreNil2:GL832626-1	GL832626-1		GL832626.1	GL832626.1	NT_169050.1
oreNil2:GL832627-1	GL832627-1		GL832627.1	GL832627.1	NT_169051.1
oreNil2:GL832628-1	GL832628-1		GL832628.1	GL832628.1	NT_169053.1
oreNil2:GL832629-1	GL832629-1		GL832629.1	GL832629.1	NT_169054.1
oreNil2:GL832630-1	GL832630-1		GL832630.1	GL832630.1	NT_169057.1
oreNil2:GL832631-1	GL832631-1		GL832631.1	GL832631.1	NT_169058.1
oreNil2:GL832632-1	GL832632-1		GL832632.1	GL832632.1	NT_169060.1
oreNil2:GL832633-1	GL832633-1		GL832633.1	GL832633.1	NT_169061.1
oreNil2:GL832634-1	GL832634-1		GL832634.1	GL832634.1	NT_169062.1
oreNil2:GL832635-1	GL832635-1		GL832635.1	GL832635.1	NT_169067.1
oreNil2:GL832636-1	GL832636-1		GL832636.1	GL832636.1	NT_169068.1
oreNil2:GL832637-1	GL832637-1		GL832637.1	GL832637.1	NT_169071.1
oreNil2:GL832638-1	GL832638-1		GL832638.1	GL832638.1	NT_169072.1
oreNil2:GL832639-1	GL832639-1		GL832639.1	GL832639.1	NT_169075.1
oreNil2:GL832640-1	GL832640-1		GL832640.1	GL832640.1	NT_169078.1
oreNil2:GL832641-1	GL832641-1		GL832641.1	GL832641.1	NT_169080.1
oreNil2:GL832642-1	GL832642-1		GL832642.1	GL832642.1	NT_169081.1
oreNil2:GL832643-1	GL832643-1		GL832643.1	GL832643.1	NT_169082.1
oreNil2:GL832644-1	GL832644-1		GL832644.1	GL832644.1	NT_169083.1
oreNil2:GL832645-1	GL832645-1		GL832645.1	GL832645.1	NT_169084.1
oreNil2:GL832646-1	GL832646-1		GL832646.1	GL832646.1	NT_169085.1
oreNil2:GL832647-1	GL832647-1		GL832647.1	GL832647.1	NT_169086.1
oreNil2:GL832648-1	GL832648-1		GL832648.1	GL832648.1	NT_169089.1
oreNil2:GL832649-1	GL832649-1		GL832649.1	GL832649.1	NT_169090.1
oreNil2:GL832650-1	GL832650-1		GL832650.1	GL832650.1	NT_169092.1
oreNil2:GL832651-1	GL832651-1		GL832651.1	GL832651.1	NT_169094.1
oreNil2:GL832652-1	GL832652-1		GL832652.1	GL832652.1	NT_169095.1
oreNil2:GL832653-1	GL832653-1		GL832653.1	GL832653.1	NT_169097.1
oreNil2:GL832654-1	GL832654-1		GL832654.1	GL832654.1	NT_169098.1
oreNil2:GL832655-1	GL832655-1		GL832655.1	GL832655.1	NT_169105.1
oreNil2:GL832656-1	GL832656-1		GL832656.1	GL832656.1	NT_169108.1
oreNil2:GL832657-1	GL832657-1		GL832657.1	GL832657.1	NT_169110.1
oreNil2:GL832658-1	GL832658-1		GL832658.1	GL832658.1	NT_169114.1
oreNil2:GL832659-1	GL832659-1		GL832659.1	GL832659.1	NT_169115.1
oreNil2:GL832660-1	GL832660-1		GL832660.1	GL832660.1	NT_169118.1
oreNil2:GL832661-1	GL832661-1		GL832661.1	GL832661.1	NT_169119.1
oreNil2:GL832662-1	GL832662-1		GL832662.1	GL832662.1	NT_169120.1
oreNil2:GL832663-1	GL832663-1		GL832663.1	GL832663.1	NT_169122.1
oreNil2:GL832664-1	GL832664-1		GL832664.1	GL832664.1	NT_169125.1
oreNil2:GL832665-1	GL832665-1		GL832665.1	GL832665.1	NT_169128.1
oreNil2:GL832666-1	GL832666-1		GL832666.1	GL832666.1	NT_169129.1
oreNil2:GL832667-1	GL832667-1		GL832667.1	GL832667.1	NT_169130.1
oreNil2:GL832668-1	GL832668-1		GL832668.1	GL832668.1	NT_169131.1
oreNil2:GL832669-1	GL832669-1		GL832669.1	GL832669.1	NT_169136.1
oreNil2:GL832670-1	GL832670-1		GL832670.1	GL832670.1	NT_169137.1
oreNil2:GL832671-1	GL832671-1		GL832671.1	GL832671.1	NT_169139.1
oreNil2:GL832672-1	GL832672-1		GL832672.1	GL832672.1	NT_169140.1
oreNil2:GL832673-1	GL832673-1		GL832673.1	GL832673.1	NT_169143.1
oreNil2:GL832674-1	GL832674-1		GL832674.1	GL832674.1	NT_169144.1
oreNil2:GL832675-1	GL832675-1		GL832675.1	GL832675.1	NT_169145.1
oreNil2:GL832676-1	GL832676-1		GL832676.1	GL832676.1	NT_169147.1
oreNil2:GL832677-1	GL832677-1		GL832677.1	GL832677.1	NT_169148.1
oreNil2:GL832678-1	GL832678-1		GL832678.1	GL832678.1	NT_169149.1
oreNil2:GL832679-1	GL832679-1		GL832679.1	GL832679.1	NT_169153.1
oreNil2:GL832680-1	GL832680-1		GL832680.1	GL832680.1	NT_169154.1
oreNil2:GL832681-1	GL832681-1		GL832681.1	GL832681.1	NT_169156.1
oreNil2:GL832682-1	GL832682-1		GL832682.1	GL832682.1	NT_169157.1
oreNil2:GL832683-1	GL832683-1		GL832683.1	GL832683.1	NT_169158.1
oreNil2:GL832684-1	GL832684-1		GL832684.1	GL832684.1	NT_169159.1
oreNil2:GL832685-1	GL832685-1		GL832685.1	GL832685.1	NT_169160.1
oreNil2:GL832686-1	GL832686-1		GL832686.1	GL832686.1	NT_169162.1
oreNil2:GL832687-1	GL832687-1		GL832687.1	GL832687.1	NT_169163.1
oreNil2:GL832688-1	GL832688-1		GL832688.1	GL832688.1	NT_169164.1
oreNil2:GL832689-1	GL832689-1		GL832689.1	GL832689.1	NT_169166.1
oreNil2:GL832690-1	GL832690-1		GL832690.1	GL832690.1	NT_169167.1
oreNil2:GL832691-1	GL832691-1		GL832691.1	GL832691.1	NT_169168.1
oreNil2:GL832692-1	GL832692-1		GL832692.1	GL832692.1	NT_169170.1
oreNil2:GL832693-1	GL832693-1		GL832693.1	GL832693.1	NT_169172.1
oreNil2:GL832694-1	GL832694-1		GL832694.1	GL832694.1	NT_169174.1
oreNil2:GL832695-1	GL832695-1		GL832695.1	GL832695.1	NT_169176.1
oreNil2:GL832696-1	GL832696-1		GL832696.1	GL832696.1	NT_169179.1
oreNil2:GL832697-1	GL832697-1		GL832697.1	GL832697.1	NT_169181.1
oreNil2:GL832698-1	GL832698-1		GL832698.1	GL832698.1	NT_169182.1
oreNil2:GL832699-1	GL832699-1		GL832699.1	GL832699.1	NT_169185.1
oreNil2:GL832700-1	GL832700-1		GL832700.1	GL832700.1	NT_169188.1
oreNil2:GL832701-1	GL832701-1		GL832701.1	GL832701.1	NT_169189.1
oreNil2:GL832702-1	GL832702-1		GL832702.1	GL832702.1	NT_169190.1
oreNil2:GL832703-1	GL832703-1		GL832703.1	GL832703.1	NT_169191.1
oreNil2:GL832704-1	GL832704-1		GL832704.1	GL832704.1	NT_169192.1
oreNil2:GL832705-1	GL832705-1		GL832705.1	GL832705.1	NT_169196.1
oreNil2:GL832706-1	GL832706-1		GL832706.1	GL832706.1	NT_169201.1
oreNil2:GL832707-1	GL832707-1		GL832707.1	GL832707.1	NT_169203.1
oreNil2:GL832708-1	GL832708-1		GL832708.1	GL832708.1	NT_169204.1
oreNil2:GL832709-1	GL832709-1		GL832709.1	GL832709.1	NT_169205.1
oreNil2:GL832710-1	GL832710-1		GL832710.1	GL832710.1	NT_169208.1
oreNil2:GL832711-1	GL832711-1		GL832711.1	GL832711.1	NT_169209.1
oreNil2:GL832712-1	GL832712-1		GL832712.1	GL832712.1	NT_169210.1
oreNil2:GL832713-1	GL832713-1		GL832713.1	GL832713.1	NT_169211.1
oreNil2:GL832714-1	GL832714-1		GL832714.1	GL832714.1	NT_169212.1
oreNil2:GL832715-1	GL832715-1		GL832715.1	GL832715.1	NT_169214.1
oreNil2:GL832716-1	GL832716-1		GL832716.1	GL832716.1	NT_169215.1
oreNil2:GL832717-1	GL832717-1		GL832717.1	GL832717.1	NT_169222.1
oreNil2:GL832718-1	GL832718-1		GL832718.1	GL832718.1	NT_169223.1
oreNil2:GL832719-1	GL832719-1		GL832719.1	GL832719.1	NT_169227.1
oreNil2:GL832720-1	GL832720-1		GL832720.1	GL832720.1	NT_169228.1
oreNil2:GL832721-1	GL832721-1		GL832721.1	GL832721.1	NT_169229.1
oreNil2:GL832722-1	GL832722-1		GL832722.1	GL832722.1	NT_169231.1
oreNil2:GL832723-1	GL832723-1		GL832723.1	GL832723.1	NT_169242.1
oreNil2:GL832724-1	GL832724-1		GL832724.1	GL832724.1	NT_169244.1
oreNil2:GL832725-1	GL832725-1		GL832725.1	GL832725.1	NT_169245.1
oreNil2:GL832726-1	GL832726-1		GL832726.1	GL832726.1	NT_169246.1
oreNil2:GL832727-1	GL832727-1		GL832727.1	GL832727.1	NT_169248.1
oreNil2:GL832728-1	GL832728-1		GL832728.1	GL832728.1	NT_169250.1
oreNil2:GL832729-1	GL832729-1		GL832729.1	GL832729.1	NT_169251.1
oreNil2:GL832730-1	GL832730-1		GL832730.1	GL832730.1	NT_169253.1
oreNil2:GL832731-1	GL832731-1		GL832731.1	GL832731.1	NT_169255.1
oreNil2:GL832732-1	GL832732-1		GL832732.1	GL832732.1	NT_169257.1
oreNil2:GL832733-1	GL832733-1		GL832733.1	GL832733.1	NT_169259.1
oreNil2:GL832734-1	GL832734-1		GL832734.1	GL832734.1	NT_169261.1
oreNil2:GL832735-1	GL832735-1		GL832735.1	GL832735.1	NT_169266.1
oreNil2:GL832736-1	GL832736-1		GL832736.1	GL832736.1	NT_169267.1
oreNil2:GL832737-1	GL832737-1		GL832737.1	GL832737.1	NT_169268.1
oreNil2:GL832738-1	GL832738-1		GL832738.1	GL832738.1	NT_169269.1
oreNil2:GL832739-1	GL832739-1		GL832739.1	GL832739.1	NT_169273.1
oreNil2:GL832740-1	GL832740-1		GL832740.1	GL832740.1	NT_169278.1
oreNil2:GL832741-1	GL832741-1		GL832741.1	GL832741.1	NT_169279.1
oreNil2:GL832742-1	GL832742-1		GL832742.1	GL832742.1	NT_169280.1
oreNil2:GL832743-1	GL832743-1		GL832743.1	GL832743.1	NT_169281.1
oreNil2:GL832744-1	GL832744-1		GL832744.1	GL832744.1	NT_169283.1
oreNil2:GL832745-1	GL832745-1		GL832745.1	GL832745.1	NT_169284.1
oreNil2:GL832746-1	GL832746-1		GL832746.1	GL832746.1	NT_169286.1
oreNil2:GL832747-1	GL832747-1		GL832747.1	GL832747.1	NT_169288.1
oreNil2:GL832748-1	GL832748-1		GL832748.1	GL832748.1	NT_169289.1
oreNil2:GL832749-1	GL832749-1		GL832749.1	GL832749.1	NT_169290.1
oreNil2:GL832750-1	GL832750-1		GL832750.1	GL832750.1	NT_169293.1
oreNil2:GL832751-1	GL832751-1		GL832751.1	GL832751.1	NT_169295.1
oreNil2:GL832752-1	GL832752-1		GL832752.1	GL832752.1	NT_169296.1
oreNil2:GL832753-1	GL832753-1		GL832753.1	GL832753.1	NT_169301.1
oreNil2:GL832754-1	GL832754-1		GL832754.1	GL832754.1	NT_169302.1
oreNil2:GL832755-1	GL832755-1		GL832755.1	GL832755.1	NT_169303.1
oreNil2:GL832756-1	GL832756-1		GL832756.1	GL832756.1	NT_169304.1
oreNil2:GL832757-1	GL832757-1		GL832757.1	GL832757.1	NT_169306.1
oreNil2:GL832758-1	GL832758-1		GL832758.1	GL832758.1	NT_169307.1
oreNil2:GL832759-1	GL832759-1		GL832759.1	GL832759.1	NT_169308.1
oreNil2:GL832760-1	GL832760-1		GL832760.1	GL832760.1	NT_169309.1
oreNil2:GL832761-1	GL832761-1		GL832761.1	GL832761.1	NT_169311.1
oreNil2:GL832762-1	GL832762-1		GL832762.1	GL832762.1	NT_169312.1
oreNil2:GL832763-1	GL832763-1		GL832763.1	GL832763.1	NT_169315.1
oreNil2:GL832764-1	GL832764-1		GL832764.1	GL832764.1	NT_169316.1
oreNil2:GL832765-1	GL832765-1		GL832765.1	GL832765.1	NT_169317.1
oreNil2:GL832766-1	GL832766-1		GL832766.1	GL832766.1	NT_169320.1
oreNil2:GL832767-1	GL832767-1		GL832767.1	GL832767.1	NT_169322.1
oreNil2:GL832768-1	GL832768-1		GL832768.1	GL832768.1	NT_169323.1
oreNil2:GL832769-1	GL832769-1		GL832769.1	GL832769.1	NT_169325.1
oreNil2:GL832770-1	GL832770-1		GL832770.1	GL832770.1	NT_169327.1
oreNil2:GL832771-1	GL832771-1		GL832771.1	GL832771.1	NT_169329.1
oreNil2:GL832772-1	GL832772-1		GL832772.1	GL832772.1	NT_169330.1
oreNil2:GL832773-1	GL832773-1		GL832773.1	GL832773.1	NT_169333.1
oreNil2:GL832774-1	GL832774-1		GL832774.1	GL832774.1	NT_169334.1
oreNil2:GL832775-1	GL832775-1		GL832775.1	GL832775.1	NT_169337.1
oreNil2:GL832776-1	GL832776-1		GL832776.1	GL832776.1	NT_169338.1
oreNil2:GL832777-1	GL832777-1		GL832777.1	GL832777.1	NT_169339.1
oreNil2:GL832778-1	GL832778-1		GL832778.1	GL832778.1	NT_169342.1
oreNil2:GL832779-1	GL832779-1		GL832779.1	GL832779.1	NT_169343.1
oreNil2:GL832780-1	GL832780-1		GL832780.1	GL832780.1	NT_169346.1
oreNil2:GL832781-1	GL832781-1		GL832781.1	GL832781.1	NT_169351.1
oreNil2:GL832782-1	GL832782-1		GL832782.1	GL832782.1	NT_169353.1
oreNil2:GL832783-1	GL832783-1		GL832783.1	GL832783.1	NT_169354.1
oreNil2:GL832784-1	GL832784-1		GL832784.1	GL832784.1	NT_169355.1
oreNil2:GL832785-1	GL832785-1		GL832785.1	GL832785.1	NT_169361.1
oreNil2:GL832786-1	GL832786-1		GL832786.1	GL832786.1	NT_169364.1
oreNil2:GL832787-1	GL832787-1		GL832787.1	GL832787.1	NT_169365.1
oreNil2:GL832788-1	GL832788-1		GL832788.1	GL832788.1	NT_169367.1
oreNil2:GL832789-1	GL832789-1		GL832789.1	GL832789.1	NT_169369.1
oreNil2:GL832790-1	GL832790-1		GL832790.1	GL832790.1	NT_169371.1
oreNil2:GL832791-1	GL832791-1		GL832791.1	GL832791.1	NT_169372.1
oreNil2:GL832792-1	GL832792-1		GL832792.1	GL832792.1	NT_169374.1
oreNil2:GL832793-1	GL832793-1		GL832793.1	GL832793.1	NT_169377.1
oreNil2:GL832794-1	GL832794-1		GL832794.1	GL832794.1	NT_169378.1
oreNil2:GL832795-1	GL832795-1		GL832795.1	GL832795.1	NT_169382.1
oreNil2:GL832796-1	GL832796-1		GL832796.1	GL832796.1	NT_169384.1
oreNil2:GL832797-1	GL832797-1		GL832797.1	GL832797.1	NT_169388.1
oreNil2:GL832798-1	GL832798-1		GL832798.1	GL832798.1	NT_169391.1
oreNil2:GL832799-1	GL832799-1		GL832799.1	GL832799.1	NT_169393.1
oreNil2:GL832800-1	GL832800-1		GL832800.1	GL832800.1	NT_169394.1
oreNil2:GL832801-1	GL832801-1		GL832801.1	GL832801.1	NT_169396.1
oreNil2:GL832802-1	GL832802-1		GL832802.1	GL832802.1	NT_169400.1
oreNil2:GL832803-1	GL832803-1		GL832803.1	GL832803.1	NT_169401.1
oreNil2:GL832804-1	GL832804-1		GL832804.1	GL832804.1	NT_169408.1
oreNil2:GL832805-1	GL832805-1		GL832805.1	GL832805.1	NT_169410.1
oreNil2:GL832806-1	GL832806-1		GL832806.1	GL832806.1	NT_169413.1
oreNil2:GL832807-1	GL832807-1		GL832807.1	GL832807.1	NT_169416.1
oreNil2:GL832808-1	GL832808-1		GL832808.1	GL832808.1	NT_169417.1
oreNil2:GL832809-1	GL832809-1		GL832809.1	GL832809.1	NT_169420.1
oreNil2:GL832810-1	GL832810-1		GL832810.1	GL832810.1	NT_169421.1
oreNil2:GL832811-1	GL832811-1		GL832811.1	GL832811.1	NT_169423.1
oreNil2:GL832812-1	GL832812-1		GL832812.1	GL832812.1	NT_169426.1
oreNil2:GL832813-1	GL832813-1		GL832813.1	GL832813.1	NT_169427.1
oreNil2:GL832814-1	GL832814-1		GL832814.1	GL832814.1	NT_169428.1
oreNil2:GL832815-1	GL832815-1		GL832815.1	GL832815.1	NT_169431.1
oreNil2:GL832816-1	GL832816-1		GL832816.1	GL832816.1	NT_169432.1
oreNil2:GL832817-1	GL832817-1		GL832817.1	GL832817.1	NT_169434.1
oreNil2:GL832818-1	GL832818-1		GL832818.1	GL832818.1	NT_169439.1
oreNil2:GL832819-1	GL832819-1		GL832819.1	GL832819.1	NT_169444.1
oreNil2:GL832820-1	GL832820-1		GL832820.1	GL832820.1	NT_169446.1
oreNil2:GL832821-1	GL832821-1		GL832821.1	GL832821.1	NT_169451.1
oreNil2:GL832822-1	GL832822-1		GL832822.1	GL832822.1	NT_169452.1
oreNil2:GL832823-1	GL832823-1		GL832823.1	GL832823.1	NT_169454.1
oreNil2:GL832824-1	GL832824-1		GL832824.1	GL832824.1	NT_169456.1
oreNil2:GL832825-1	GL832825-1		GL832825.1	GL832825.1	NT_169460.1
oreNil2:GL832826-1	GL832826-1		GL832826.1	GL832826.1	NT_169461.1
oreNil2:GL832827-1	GL832827-1		GL832827.1	GL832827.1	NT_169462.1
oreNil2:GL832828-1	GL832828-1		GL832828.1	GL832828.1	NT_169463.1
oreNil2:GL832829-1	GL832829-1		GL832829.1	GL832829.1	NT_169464.1
oreNil2:GL832830-1	GL832830-1		GL832830.1	GL832830.1	NT_169465.1
oreNil2:GL832831-1	GL832831-1		GL832831.1	GL832831.1	NT_169466.1
oreNil2:GL832832-1	GL832832-1		GL832832.1	GL832832.1	NT_169469.1
oreNil2:GL832833-1	GL832833-1		GL832833.1	GL832833.1	NT_169472.1
oreNil2:GL832834-1	GL832834-1		GL832834.1	GL832834.1	NT_169474.1
oreNil2:GL832835-1	GL832835-1		GL832835.1	GL832835.1	NT_169475.1
oreNil2:GL832836-1	GL832836-1		GL832836.1	GL832836.1	NT_169477.1
oreNil2:GL832837-1	GL832837-1		GL832837.1	GL832837.1	NT_169486.1
oreNil2:GL832838-1	GL832838-1		GL832838.1	GL832838.1	NT_169487.1
oreNil2:GL832839-1	GL832839-1		GL832839.1	GL832839.1	NT_169488.1
oreNil2:GL832840-1	GL832840-1		GL832840.1	GL832840.1	NT_169489.1
oreNil2:GL832841-1	GL832841-1		GL832841.1	GL832841.1	NT_169491.1
oreNil2:GL832842-1	GL832842-1		GL832842.1	GL832842.1	NT_169492.1
oreNil2:GL832843-1	GL832843-1		GL832843.1	GL832843.1	NT_169494.1
oreNil2:GL832844-1	GL832844-1		GL832844.1	GL832844.1	NT_169495.1
oreNil2:GL832845-1	GL832845-1		GL832845.1	GL832845.1	NT_169497.1
oreNil2:GL832846-1	GL832846-1		GL832846.1	GL832846.1	NT_169501.1
oreNil2:GL832847-1	GL832847-1		GL832847.1	GL832847.1	NT_169502.1
oreNil2:GL832848-1	GL832848-1		GL832848.1	GL832848.1	NT_169505.1
oreNil2:GL832849-1	GL832849-1		GL832849.1	GL832849.1	NT_169508.1
oreNil2:GL832850-1	GL832850-1		GL832850.1	GL832850.1	NT_169509.1
oreNil2:GL832851-1	GL832851-1		GL832851.1	GL832851.1	NT_169510.1
oreNil2:GL832852-1	GL832852-1		GL832852.1	GL832852.1	NT_169513.1
oreNil2:GL832853-1	GL832853-1		GL832853.1	GL832853.1	NT_169514.1
oreNil2:GL832854-1	GL832854-1		GL832854.1	GL832854.1	NT_169515.1
oreNil2:GL832855-1	GL832855-1		GL832855.1	GL832855.1	NT_169516.1
oreNil2:GL832856-1	GL832856-1		GL832856.1	GL832856.1	NT_169517.1
oreNil2:GL832857-1	GL832857-1		GL832857.1	GL832857.1	NT_169520.1
oreNil2:GL832858-1	GL832858-1		GL832858.1	GL832858.1	NT_169521.1
oreNil2:GL832859-1	GL832859-1		GL832859.1	GL832859.1	NT_169527.1
oreNil2:GL832860-1	GL832860-1		GL832860.1	GL832860.1	NT_169528.1
oreNil2:GL832861-1	GL832861-1		GL832861.1	GL832861.1	NT_169529.1
oreNil2:GL832862-1	GL832862-1		GL832862.1	GL832862.1	NT_169531.1
oreNil2:GL832863-1	GL832863-1		GL832863.1	GL832863.1	NT_169532.1
oreNil2:GL832864-1	GL832864-1		GL832864.1	GL832864.1	NT_169536.1
oreNil2:GL832865-1	GL832865-1		GL832865.1	GL832865.1	NT_169537.1
oreNil2:GL832866-1	GL832866-1		GL832866.1	GL832866.1	NT_169538.1
oreNil2:GL832867-1	GL832867-1		GL832867.1	GL832867.1	NT_169543.1
oreNil2:GL832868-1	GL832868-1		GL832868.1	GL832868.1	NT_169544.1
oreNil2:GL832869-1	GL832869-1		GL832869.1	GL832869.1	NT_169545.1
oreNil2:GL832870-1	GL832870-1		GL832870.1	GL832870.1	NT_169546.1
oreNil2:GL832871-1	GL832871-1		GL832871.1	GL832871.1	NT_169548.1
oreNil2:GL832872-1	GL832872-1		GL832872.1	GL832872.1	NT_169549.1
oreNil2:GL832873-1	GL832873-1		GL832873.1	GL832873.1	NT_169550.1
oreNil2:GL832874-1	GL832874-1		GL832874.1	GL832874.1	NT_169555.1
oreNil2:GL832875-1	GL832875-1		GL832875.1	GL832875.1	NT_169558.1
oreNil2:GL832876-1	GL832876-1		GL832876.1	GL832876.1	NT_169559.1
oreNil2:GL832877-1	GL832877-1		GL832877.1	GL832877.1	NT_169561.1
oreNil2:GL832878-1	GL832878-1		GL832878.1	GL832878.1	NT_169562.1
oreNil2:GL832879-1	GL832879-1		GL832879.1	GL832879.1	NT_169564.1
oreNil2:GL832880-1	GL832880-1		GL832880.1	GL832880.1	NT_169569.1
oreNil2:GL832881-1	GL832881-1		GL832881.1	GL832881.1	NT_169580.1
oreNil2:GL832882-1	GL832882-1		GL832882.1	GL832882.1	NT_169581.1
oreNil2:GL832883-1	GL832883-1		GL832883.1	GL832883.1	NT_169590.1
oreNil2:GL832884-1	GL832884-1		GL832884.1	GL832884.1	NT_169591.1
oreNil2:GL832885-1	GL832885-1		GL832885.1	GL832885.1	NT_169594.1
oreNil2:GL832886-1	GL832886-1		GL832886.1	GL832886.1	NT_169599.1
oreNil2:GL832887-1	GL832887-1		GL832887.1	GL832887.1	NT_169608.1
oreNil2:GL832888-1	GL832888-1		GL832888.1	GL832888.1	NT_169609.1
oreNil2:GL832889-1	GL832889-1		GL832889.1	GL832889.1	NT_169611.1
oreNil2:GL832890-1	GL832890-1		GL832890.1	GL832890.1	NT_169616.1
oreNil2:GL832891-1	GL832891-1		GL832891.1	GL832891.1	NT_169617.1
oreNil2:GL832892-1	GL832892-1		GL832892.1	GL832892.1	NT_169618.1
oreNil2:GL832893-1	GL832893-1		GL832893.1	GL832893.1	NT_169624.1
oreNil2:GL832894-1	GL832894-1		GL832894.1	GL832894.1	NT_169626.1
oreNil2:GL832895-1	GL832895-1		GL832895.1	GL832895.1	NT_169627.1
oreNil2:GL832896-1	GL832896-1		GL832896.1	GL832896.1	NT_169632.1
oreNil2:GL832897-1	GL832897-1		GL832897.1	GL832897.1	NT_169634.1
oreNil2:GL832898-1	GL832898-1		GL832898.1	GL832898.1	NT_169635.1
oreNil2:GL832899-1	GL832899-1		GL832899.1	GL832899.1	NT_169638.1
oreNil2:GL832900-1	GL832900-1		GL832900.1	GL832900.1	NT_169639.1
oreNil2:GL832901-1	GL832901-1		GL832901.1	GL832901.1	NT_169649.1
oreNil2:GL832902-1	GL832902-1		GL832902.1	GL832902.1	NT_169657.1
oreNil2:GL832903-1	GL832903-1		GL832903.1	GL832903.1	NT_169658.1
oreNil2:GL832904-1	GL832904-1		GL832904.1	GL832904.1	NT_169661.1
oreNil2:GL832905-1	GL832905-1		GL832905.1	GL832905.1	NT_169663.1
oreNil2:GL832906-1	GL832906-1		GL832906.1	GL832906.1	NT_169670.1
oreNil2:GL832907-1	GL832907-1		GL832907.1	GL832907.1	NT_169672.1
oreNil2:GL832908-1	GL832908-1		GL832908.1	GL832908.1	NT_169679.1
oreNil2:GL832909-1	GL832909-1		GL832909.1	GL832909.1	NT_169684.1
oreNil2:GL832910-1	GL832910-1		GL832910.1	GL832910.1	NT_169686.1
oreNil2:GL832911-1	GL832911-1		GL832911.1	GL832911.1	NT_169687.1
oreNil2:GL832912-1	GL832912-1		GL832912.1	GL832912.1	NT_169694.1
oreNil2:GL832913-1	GL832913-1		GL832913.1	GL832913.1	NT_169696.1
oreNil2:GL832914-1	GL832914-1		GL832914.1	GL832914.1	NT_169698.1
oreNil2:GL832915-1	GL832915-1		GL832915.1	GL832915.1	NT_169699.1
oreNil2:GL832916-1	GL832916-1		GL832916.1	GL832916.1	NT_169700.1
oreNil2:GL832917-1	GL832917-1		GL832917.1	GL832917.1	NT_169708.1
oreNil2:GL832918-1	GL832918-1		GL832918.1	GL832918.1	NT_169711.1
oreNil2:GL832919-1	GL832919-1		GL832919.1	GL832919.1	NT_169712.1
oreNil2:GL832920-1	GL832920-1		GL832920.1	GL832920.1	NT_169718.1
oreNil2:GL832921-1	GL832921-1		GL832921.1	GL832921.1	NT_169720.1
oreNil2:GL832922-1	GL832922-1		GL832922.1	GL832922.1	NT_169722.1
oreNil2:GL832923-1	GL832923-1		GL832923.1	GL832923.1	NT_169723.1
oreNil2:GL832924-1	GL832924-1		GL832924.1	GL832924.1	NT_169726.1
oreNil2:GL832925-1	GL832925-1		GL832925.1	GL832925.1	NT_169730.1
oreNil2:GL832926-1	GL832926-1		GL832926.1	GL832926.1	NT_169738.1
oreNil2:GL832927-1	GL832927-1		GL832927.1	GL832927.1	NT_169744.1
oreNil2:GL832928-1	GL832928-1		GL832928.1	GL832928.1	NT_169746.1
oreNil2:GL832929-1	GL832929-1		GL832929.1	GL832929.1	NT_169748.1
oreNil2:GL832930-1	GL832930-1		GL832930.1	GL832930.1	NT_169750.1
oreNil2:GL832931-1	GL832931-1		GL832931.1	GL832931.1	NT_169753.1
oreNil2:GL832932-1	GL832932-1		GL832932.1	GL832932.1	NT_169762.1
oreNil2:GL832933-1	GL832933-1		GL832933.1	GL832933.1	NT_169766.1
oreNil2:GL832934-1	GL832934-1		GL832934.1	GL832934.1	NT_169768.1
oreNil2:GL832935-1	GL832935-1		GL832935.1	GL832935.1	NT_169771.1
oreNil2:GL832936-1	GL832936-1		GL832936.1	GL832936.1	NT_169772.1
oreNil2:GL832937-1	GL832937-1		GL832937.1	GL832937.1	NT_169773.1
oreNil2:GL832938-1	GL832938-1		GL832938.1	GL832938.1	NT_169782.1
oreNil2:GL832939-1	GL832939-1		GL832939.1	GL832939.1	NT_169784.1
oreNil2:GL832940-1	GL832940-1		GL832940.1	GL832940.1	NT_169792.1
oreNil2:GL832941-1	GL832941-1		GL832941.1	GL832941.1	NT_169800.1
oreNil2:GL832942-1	GL832942-1		GL832942.1	GL832942.1	NT_169804.1
oreNil2:GL832943-1	GL832943-1		GL832943.1	GL832943.1	NT_169805.1
oreNil2:GL832944-1	GL832944-1		GL832944.1	GL832944.1	NT_169808.1
oreNil2:GL832945-1	GL832945-1		GL832945.1	GL832945.1	NT_169814.1
oreNil2:GL832946-1	GL832946-1		GL832946.1	GL832946.1	NT_169817.1
oreNil2:GL832947-1	GL832947-1		GL832947.1	GL832947.1	NT_169822.1
oreNil2:GL832948-1	GL832948-1		GL832948.1	GL832948.1	NT_169840.1
oreNil2:GL832949-1	GL832949-1		GL832949.1	GL832949.1	NT_169842.1
oreNil2:GL832950-1	GL832950-1		GL832950.1	GL832950.1	NT_169853.1
oreNil2:GL832951-1	GL832951-1		GL832951.1	GL832951.1	NT_169855.1
oreNil2:GL832952-1	GL832952-1		GL832952.1	GL832952.1	NT_169873.1
oreNil2:GL832953-1	GL832953-1		GL832953.1	GL832953.1	NT_169903.1
oreNil2:GL832954-1	GL832954-1		GL832954.1	GL832954.1	NT_170021.1
oreNil2:chrLG1	chrLG1			CM001444.1	NC_022199.1
oreNil2:chrLG10	chrLG10			CM001453.1	NC_022208.1
oreNil2:chrLG11	chrLG11			CM001454.1	NC_022209.1
oreNil2:chrLG12	chrLG12			CM001455.1	NC_022210.1
oreNil2:chrLG13	chrLG13			CM001456.1	NC_022211.1
oreNil2:chrLG14	chrLG14			CM001457.1	NC_022212.1
oreNil2:chrLG15	chrLG15			CM001458.1	NC_022213.1
oreNil2:chrLG16-21	chrLG16-21			CM001459.1	NC_022214.1
oreNil2:chrLG17	chrLG17			CM001460.1	NC_022215.1
oreNil2:chrLG18	chrLG18			CM001461.1	NC_022216.1
oreNil2:chrLG19	chrLG19			CM001462.1	NC_022217.1
oreNil2:chrLG2	chrLG2			CM001445.1	NC_022200.1
oreNil2:chrLG20	chrLG20			CM001463.1	NC_022218.1
oreNil2:chrLG22	chrLG22			CM001464.1	NC_022219.1
oreNil2:chrLG23	chrLG23			CM001465.1	NC_022220.1
oreNil2:chrLG3	chrLG3			CM001446.1	NC_022201.1
oreNil2:chrLG4	chrLG4			CM001447.1	NC_022202.1
oreNil2:chrLG5	chrLG5			CM001448.1	NC_022203.1
oreNil2:chrLG6	chrLG6			CM001449.1	NC_022204.1
oreNil2:chrLG7	chrLG7			CM001450.1	NC_022205.1
oreNil2:chrLG8-24	chrLG8-24			CM001451.1	NC_022206.1
oreNil2:chrLG9	chrLG9			CM001452.1	NC_022207.1
oreNil2:chrM	chrM			GU238433.1	NC_013663.1
