seq_id	ucsc	assembly	ensembl	genbank	refseq
otoGar3:AAQR03191384	AAQR03191384		AAQR03191384.1	AAQR03191384.1	NW_003852951.1
otoGar3:AAQR03191568	AAQR03191568		AAQR03191568.1	AAQR03191568.1	NW_003852986.1
otoGar3:AAQR03191595	AAQR03191595		AAQR03191595.1	AAQR03191595.1	NW_003852992.1
otoGar3:AAQR03191678	AAQR03191678		AAQR03191678.1	AAQR03191678.1	NW_003853011.1
otoGar3:AAQR03191684	AAQR03191684		AAQR03191684.1	AAQR03191684.1	NW_003853013.1
otoGar3:AAQR03191690	AAQR03191690		AAQR03191690.1	AAQR03191690.1	NW_003853016.1
otoGar3:AAQR03191763	AAQR03191763		AAQR03191763.1	AAQR03191763.1	NW_003853034.1
otoGar3:AAQR03191770	AAQR03191770		AAQR03191770.1	AAQR03191770.1	NW_003853036.1
otoGar3:AAQR03191828	AAQR03191828		AAQR03191828.1	AAQR03191828.1	NW_003853052.1
otoGar3:AAQR03191837	AAQR03191837		AAQR03191837.1	AAQR03191837.1	NW_003853056.1
otoGar3:AAQR03191848	AAQR03191848		AAQR03191848.1	AAQR03191848.1	NW_003853060.1
otoGar3:AAQR03191860	AAQR03191860		AAQR03191860.1	AAQR03191860.1	NW_003853064.1
otoGar3:AAQR03191861	AAQR03191861		AAQR03191861.1	AAQR03191861.1	NW_003853065.1
otoGar3:AAQR03191862	AAQR03191862		AAQR03191862.1	AAQR03191862.1	NW_003853066.1
otoGar3:AAQR03191900	AAQR03191900		AAQR03191900.1	AAQR03191900.1	NW_003853076.1
otoGar3:AAQR03191909	AAQR03191909		AAQR03191909.1	AAQR03191909.1	NW_003853079.1
otoGar3:AAQR03191958	AAQR03191958		AAQR03191958.1	AAQR03191958.1	NW_003853094.1
otoGar3:AAQR03191959	AAQR03191959		AAQR03191959.1	AAQR03191959.1	NW_003853095.1
otoGar3:AAQR03191968	AAQR03191968		AAQR03191968.1	AAQR03191968.1	NW_003853098.1
otoGar3:AAQR03191969	AAQR03191969		AAQR03191969.1	AAQR03191969.1	NW_003853099.1
otoGar3:AAQR03191997	AAQR03191997		AAQR03191997.1	AAQR03191997.1	NW_003853107.1
otoGar3:AAQR03192007	AAQR03192007		AAQR03192007.1	AAQR03192007.1	NW_003853110.1
otoGar3:AAQR03192013	AAQR03192013		AAQR03192013.1	AAQR03192013.1	NW_003853112.1
otoGar3:AAQR03192040	AAQR03192040		AAQR03192040.1	AAQR03192040.1	NW_003853121.1
otoGar3:AAQR03192044	AAQR03192044		AAQR03192044.1	AAQR03192044.1	NW_003853123.1
otoGar3:AAQR03192060	AAQR03192060		AAQR03192060.1	AAQR03192060.1	NW_003853128.1
otoGar3:AAQR03192087	AAQR03192087		AAQR03192087.1	AAQR03192087.1	NW_003853137.1
otoGar3:AAQR03192100	AAQR03192100		AAQR03192100.1	AAQR03192100.1	NW_003853142.1
otoGar3:AAQR03192142	AAQR03192142		AAQR03192142.1	AAQR03192142.1	NW_003853154.1
otoGar3:AAQR03192162	AAQR03192162		AAQR03192162.1	AAQR03192162.1	NW_003853161.1
otoGar3:AAQR03192187	AAQR03192187		AAQR03192187.1	AAQR03192187.1	NW_003853171.1
otoGar3:AAQR03192194	AAQR03192194		AAQR03192194.1	AAQR03192194.1	NW_003853174.1
otoGar3:AAQR03192203	AAQR03192203		AAQR03192203.1	AAQR03192203.1	NW_003853178.1
otoGar3:AAQR03192208	AAQR03192208		AAQR03192208.1	AAQR03192208.1	NW_003853181.1
otoGar3:AAQR03192214	AAQR03192214		AAQR03192214.1	AAQR03192214.1	NW_003853183.1
otoGar3:AAQR03192228	AAQR03192228		AAQR03192228.1	AAQR03192228.1	NW_003853188.1
otoGar3:AAQR03192229	AAQR03192229		AAQR03192229.1	AAQR03192229.1	NW_003853189.1
otoGar3:AAQR03192250	AAQR03192250		AAQR03192250.1	AAQR03192250.1	NW_003853198.1
otoGar3:AAQR03192281	AAQR03192281		AAQR03192281.1	AAQR03192281.1	NW_003853207.1
otoGar3:AAQR03192284	AAQR03192284		AAQR03192284.1	AAQR03192284.1	NW_003853209.1
otoGar3:AAQR03192301	AAQR03192301		AAQR03192301.1	AAQR03192301.1	NW_003853215.1
otoGar3:AAQR03192302	AAQR03192302		AAQR03192302.1	AAQR03192302.1	NW_003853216.1
otoGar3:AAQR03192305	AAQR03192305		AAQR03192305.1	AAQR03192305.1	NW_003853218.1
otoGar3:AAQR03192313	AAQR03192313		AAQR03192313.1	AAQR03192313.1	NW_003853221.1
otoGar3:AAQR03192323	AAQR03192323		AAQR03192323.1	AAQR03192323.1	NW_003853225.1
otoGar3:AAQR03192328	AAQR03192328		AAQR03192328.1	AAQR03192328.1	NW_003853227.1
otoGar3:AAQR03192331	AAQR03192331		AAQR03192331.1	AAQR03192331.1	NW_003853229.1
otoGar3:AAQR03192355	AAQR03192355		AAQR03192355.1	AAQR03192355.1	NW_003853238.1
otoGar3:AAQR03192356	AAQR03192356		AAQR03192356.1	AAQR03192356.1	NW_003853239.1
otoGar3:AAQR03192362	AAQR03192362		AAQR03192362.1	AAQR03192362.1	NW_003853242.1
otoGar3:AAQR03192363	AAQR03192363			AAQR03192363.1	NW_003853243.1
otoGar3:AAQR03192364	AAQR03192364		AAQR03192364.1	AAQR03192364.1	NW_003853244.1
otoGar3:AAQR03192365	AAQR03192365		AAQR03192365.1	AAQR03192365.1	NW_003853245.1
otoGar3:AAQR03192366	AAQR03192366		AAQR03192366.1	AAQR03192366.1	NW_003853246.1
otoGar3:AAQR03192370	AAQR03192370		AAQR03192370.1	AAQR03192370.1	NW_003853248.1
otoGar3:AAQR03192380	AAQR03192380		AAQR03192380.1	AAQR03192380.1	NW_003853253.1
otoGar3:AAQR03192381	AAQR03192381		AAQR03192381.1	AAQR03192381.1	NW_003853254.1
otoGar3:AAQR03192382	AAQR03192382		AAQR03192382.1	AAQR03192382.1	NW_003853255.1
otoGar3:AAQR03192383	AAQR03192383		AAQR03192383.1	AAQR03192383.1	NW_003853256.1
otoGar3:AAQR03192388	AAQR03192388		AAQR03192388.1	AAQR03192388.1	NW_003853258.1
otoGar3:AAQR03192389	AAQR03192389		AAQR03192389.1	AAQR03192389.1	NW_003853259.1
otoGar3:AAQR03192390	AAQR03192390		AAQR03192390.1	AAQR03192390.1	NW_003853260.1
otoGar3:AAQR03192391	AAQR03192391		AAQR03192391.1	AAQR03192391.1	NW_003853261.1
otoGar3:AAQR03192392	AAQR03192392		AAQR03192392.1	AAQR03192392.1	NW_003853262.1
otoGar3:AAQR03192395	AAQR03192395		AAQR03192395.1	AAQR03192395.1	NW_003853264.1
otoGar3:AAQR03192396	AAQR03192396			AAQR03192396.1	NW_003853265.1
otoGar3:AAQR03192400	AAQR03192400		AAQR03192400.1	AAQR03192400.1	NW_003853267.1
otoGar3:AAQR03192401	AAQR03192401		AAQR03192401.1	AAQR03192401.1	NW_003853268.1
otoGar3:AAQR03192404	AAQR03192404		AAQR03192404.1	AAQR03192404.1	NW_003853270.1
otoGar3:AAQR03192412	AAQR03192412		AAQR03192412.1	AAQR03192412.1	NW_003853274.1
otoGar3:AAQR03192413	AAQR03192413		AAQR03192413.1	AAQR03192413.1	NW_003853275.1
otoGar3:AAQR03192414	AAQR03192414		AAQR03192414.1	AAQR03192414.1	NW_003853276.1
otoGar3:AAQR03192426	AAQR03192426		AAQR03192426.1	AAQR03192426.1	NW_003853281.1
otoGar3:AAQR03192435	AAQR03192435		AAQR03192435.1	AAQR03192435.1	NW_003853285.1
otoGar3:AAQR03192450	AAQR03192450		AAQR03192450.1	AAQR03192450.1	NW_003853291.1
otoGar3:AAQR03192463	AAQR03192463		AAQR03192463.1	AAQR03192463.1	NW_003853295.1
otoGar3:AAQR03192464	AAQR03192464		AAQR03192464.1	AAQR03192464.1	NW_003853296.1
otoGar3:AAQR03192465	AAQR03192465		AAQR03192465.1	AAQR03192465.1	NW_003853297.1
otoGar3:AAQR03192474	AAQR03192474		AAQR03192474.1	AAQR03192474.1	NW_003853300.1
otoGar3:AAQR03192475	AAQR03192475		AAQR03192475.1	AAQR03192475.1	NW_003853301.1
otoGar3:AAQR03192484	AAQR03192484		AAQR03192484.1	AAQR03192484.1	NW_003853304.1
otoGar3:AAQR03192493	AAQR03192493		AAQR03192493.1	AAQR03192493.1	NW_003853308.1
otoGar3:AAQR03192496	AAQR03192496		AAQR03192496.1	AAQR03192496.1	NW_003853310.1
otoGar3:AAQR03192497	AAQR03192497		AAQR03192497.1	AAQR03192497.1	NW_003853311.1
otoGar3:AAQR03192498	AAQR03192498		AAQR03192498.1	AAQR03192498.1	NW_003853312.1
otoGar3:AAQR03192503	AAQR03192503		AAQR03192503.1	AAQR03192503.1	NW_003853314.1
otoGar3:AAQR03192504	AAQR03192504		AAQR03192504.1	AAQR03192504.1	NW_003853315.1
otoGar3:AAQR03192505	AAQR03192505		AAQR03192505.1	AAQR03192505.1	NW_003853316.1
otoGar3:AAQR03192506	AAQR03192506		AAQR03192506.1	AAQR03192506.1	NW_003853317.1
otoGar3:AAQR03192511	AAQR03192511		AAQR03192511.1	AAQR03192511.1	NW_003853320.1
otoGar3:AAQR03192512	AAQR03192512		AAQR03192512.1	AAQR03192512.1	NW_003853321.1
otoGar3:AAQR03192513	AAQR03192513		AAQR03192513.1	AAQR03192513.1	NW_003853322.1
otoGar3:AAQR03192517	AAQR03192517		AAQR03192517.1	AAQR03192517.1	NW_003853324.1
otoGar3:AAQR03192518	AAQR03192518		AAQR03192518.1	AAQR03192518.1	NW_003853325.1
otoGar3:AAQR03192524	AAQR03192524		AAQR03192524.1	AAQR03192524.1	NW_003853328.1
otoGar3:AAQR03192531	AAQR03192531		AAQR03192531.1	AAQR03192531.1	NW_003853331.1
otoGar3:AAQR03192547	AAQR03192547		AAQR03192547.1	AAQR03192547.1	NW_003853338.1
otoGar3:AAQR03192554	AAQR03192554		AAQR03192554.1	AAQR03192554.1	NW_003853341.1
otoGar3:AAQR03192555	AAQR03192555		AAQR03192555.1	AAQR03192555.1	NW_003853342.1
otoGar3:AAQR03192567	AAQR03192567		AAQR03192567.1	AAQR03192567.1	NW_003853347.1
otoGar3:AAQR03192568	AAQR03192568		AAQR03192568.1	AAQR03192568.1	NW_003853348.1
otoGar3:AAQR03192569	AAQR03192569		AAQR03192569.1	AAQR03192569.1	NW_003853349.1
otoGar3:AAQR03192573	AAQR03192573		AAQR03192573.1	AAQR03192573.1	NW_003853351.1
otoGar3:AAQR03192574	AAQR03192574		AAQR03192574.1	AAQR03192574.1	NW_003853352.1
otoGar3:AAQR03192582	AAQR03192582		AAQR03192582.1	AAQR03192582.1	NW_003853356.1
otoGar3:AAQR03192583	AAQR03192583		AAQR03192583.1	AAQR03192583.1	NW_003853357.1
otoGar3:AAQR03192584	AAQR03192584		AAQR03192584.1	AAQR03192584.1	NW_003853358.1
otoGar3:AAQR03192591	AAQR03192591		AAQR03192591.1	AAQR03192591.1	NW_003853362.1
otoGar3:AAQR03192596	AAQR03192596		AAQR03192596.1	AAQR03192596.1	NW_003853364.1
otoGar3:AAQR03192597	AAQR03192597		AAQR03192597.1	AAQR03192597.1	NW_003853365.1
otoGar3:AAQR03192598	AAQR03192598		AAQR03192598.1	AAQR03192598.1	NW_003853366.1
otoGar3:AAQR03192603	AAQR03192603		AAQR03192603.1	AAQR03192603.1	NW_003853368.1
otoGar3:AAQR03192604	AAQR03192604		AAQR03192604.1	AAQR03192604.1	NW_003853369.1
otoGar3:AAQR03192605	AAQR03192605		AAQR03192605.1	AAQR03192605.1	NW_003853370.1
otoGar3:AAQR03192606	AAQR03192606		AAQR03192606.1	AAQR03192606.1	NW_003853371.1
otoGar3:AAQR03192614	AAQR03192614		AAQR03192614.1	AAQR03192614.1	NW_003853374.1
otoGar3:AAQR03192615	AAQR03192615		AAQR03192615.1	AAQR03192615.1	NW_003853375.1
otoGar3:AAQR03192616	AAQR03192616		AAQR03192616.1	AAQR03192616.1	NW_003853376.1
otoGar3:AAQR03192620	AAQR03192620		AAQR03192620.1	AAQR03192620.1	NW_003853378.1
otoGar3:AAQR03192621	AAQR03192621		AAQR03192621.1	AAQR03192621.1	NW_003853379.1
otoGar3:AAQR03192622	AAQR03192622		AAQR03192622.1	AAQR03192622.1	NW_003853380.1
otoGar3:AAQR03192623	AAQR03192623		AAQR03192623.1	AAQR03192623.1	NW_003853381.1
otoGar3:AAQR03192624	AAQR03192624		AAQR03192624.1	AAQR03192624.1	NW_003853382.1
otoGar3:AAQR03192625	AAQR03192625		AAQR03192625.1	AAQR03192625.1	NW_003853383.1
otoGar3:AAQR03192626	AAQR03192626		AAQR03192626.1	AAQR03192626.1	NW_003853384.1
otoGar3:AAQR03192627	AAQR03192627			AAQR03192627.1	NW_003853385.1
otoGar3:AAQR03192628	AAQR03192628		AAQR03192628.1	AAQR03192628.1	NW_003853386.1
otoGar3:AAQR03192629	AAQR03192629		AAQR03192629.1	AAQR03192629.1	NW_003853387.1
otoGar3:AAQR03192632	AAQR03192632		AAQR03192632.1	AAQR03192632.1	NW_003853389.1
otoGar3:AAQR03192633	AAQR03192633		AAQR03192633.1	AAQR03192633.1	NW_003853390.1
otoGar3:AAQR03192637	AAQR03192637		AAQR03192637.1	AAQR03192637.1	NW_003853392.1
otoGar3:AAQR03192638	AAQR03192638		AAQR03192638.1	AAQR03192638.1	NW_003853393.1
otoGar3:AAQR03192639	AAQR03192639		AAQR03192639.1	AAQR03192639.1	NW_003853394.1
otoGar3:AAQR03192640	AAQR03192640		AAQR03192640.1	AAQR03192640.1	NW_003853395.1
otoGar3:AAQR03192641	AAQR03192641		AAQR03192641.1	AAQR03192641.1	NW_003853396.1
otoGar3:AAQR03192642	AAQR03192642		AAQR03192642.1	AAQR03192642.1	NW_003853397.1
otoGar3:AAQR03192643	AAQR03192643		AAQR03192643.1	AAQR03192643.1	NW_003853398.1
otoGar3:AAQR03192648	AAQR03192648		AAQR03192648.1	AAQR03192648.1	NW_003853401.1
otoGar3:AAQR03192649	AAQR03192649		AAQR03192649.1	AAQR03192649.1	NW_003853402.1
otoGar3:AAQR03192655	AAQR03192655		AAQR03192655.1	AAQR03192655.1	NW_003853405.1
otoGar3:AAQR03192656	AAQR03192656		AAQR03192656.1	AAQR03192656.1	NW_003853406.1
otoGar3:AAQR03192657	AAQR03192657		AAQR03192657.1	AAQR03192657.1	NW_003853407.1
otoGar3:AAQR03192658	AAQR03192658		AAQR03192658.1	AAQR03192658.1	NW_003853408.1
otoGar3:AAQR03192659	AAQR03192659		AAQR03192659.1	AAQR03192659.1	NW_003853409.1
otoGar3:AAQR03192670	AAQR03192670		AAQR03192670.1	AAQR03192670.1	NW_003853413.1
otoGar3:AAQR03192671	AAQR03192671		AAQR03192671.1	AAQR03192671.1	NW_003853414.1
otoGar3:AAQR03192672	AAQR03192672		AAQR03192672.1	AAQR03192672.1	NW_003853415.1
otoGar3:AAQR03192680	AAQR03192680		AAQR03192680.1	AAQR03192680.1	NW_003853419.1
otoGar3:AAQR03192683	AAQR03192683		AAQR03192683.1	AAQR03192683.1	NW_003853421.1
otoGar3:AAQR03192684	AAQR03192684		AAQR03192684.1	AAQR03192684.1	NW_003853422.1
otoGar3:AAQR03192689	AAQR03192689		AAQR03192689.1	AAQR03192689.1	NW_003853424.1
otoGar3:AAQR03192690	AAQR03192690		AAQR03192690.1	AAQR03192690.1	NW_003853425.1
otoGar3:AAQR03192691	AAQR03192691			AAQR03192691.1	NW_003853426.1
otoGar3:AAQR03192697	AAQR03192697		AAQR03192697.1	AAQR03192697.1	NW_003853429.1
otoGar3:AAQR03192698	AAQR03192698		AAQR03192698.1	AAQR03192698.1	NW_003853430.1
otoGar3:AAQR03192699	AAQR03192699			AAQR03192699.1	NW_003853431.1
otoGar3:AAQR03192700	AAQR03192700		AAQR03192700.1	AAQR03192700.1	NW_003853432.1
otoGar3:AAQR03192701	AAQR03192701		AAQR03192701.1	AAQR03192701.1	NW_003853433.1
otoGar3:AAQR03192711	AAQR03192711		AAQR03192711.1	AAQR03192711.1	NW_003853438.1
otoGar3:AAQR03192712	AAQR03192712			AAQR03192712.1	NW_003853439.1
otoGar3:AAQR03192713	AAQR03192713		AAQR03192713.1	AAQR03192713.1	NW_003853440.1
otoGar3:AAQR03192716	AAQR03192716		AAQR03192716.1	AAQR03192716.1	NW_003853442.1
otoGar3:AAQR03192717	AAQR03192717		AAQR03192717.1	AAQR03192717.1	NW_003853443.1
otoGar3:AAQR03192722	AAQR03192722		AAQR03192722.1	AAQR03192722.1	NW_003853446.1
otoGar3:AAQR03192726	AAQR03192726		AAQR03192726.1	AAQR03192726.1	NW_003853448.1
otoGar3:AAQR03192727	AAQR03192727		AAQR03192727.1	AAQR03192727.1	NW_003853449.1
otoGar3:AAQR03192728	AAQR03192728		AAQR03192728.1	AAQR03192728.1	NW_003853450.1
otoGar3:AAQR03192731	AAQR03192731		AAQR03192731.1	AAQR03192731.1	NW_003853452.1
otoGar3:AAQR03192738	AAQR03192738		AAQR03192738.1	AAQR03192738.1	NW_003853456.1
otoGar3:AAQR03192741	AAQR03192741		AAQR03192741.1	AAQR03192741.1	NW_003853458.1
otoGar3:AAQR03192742	AAQR03192742		AAQR03192742.1	AAQR03192742.1	NW_003853459.1
otoGar3:AAQR03192743	AAQR03192743		AAQR03192743.1	AAQR03192743.1	NW_003853460.1
otoGar3:AAQR03192744	AAQR03192744		AAQR03192744.1	AAQR03192744.1	NW_003853461.1
otoGar3:AAQR03192745	AAQR03192745		AAQR03192745.1	AAQR03192745.1	NW_003853462.1
otoGar3:AAQR03192746	AAQR03192746		AAQR03192746.1	AAQR03192746.1	NW_003853463.1
otoGar3:AAQR03192750	AAQR03192750		AAQR03192750.1	AAQR03192750.1	NW_003853465.1
otoGar3:AAQR03192756	AAQR03192756		AAQR03192756.1	AAQR03192756.1	NW_003853468.1
otoGar3:AAQR03192763	AAQR03192763		AAQR03192763.1	AAQR03192763.1	NW_003853471.1
otoGar3:AAQR03192771	AAQR03192771		AAQR03192771.1	AAQR03192771.1	NW_003853475.1
otoGar3:AAQR03192772	AAQR03192772		AAQR03192772.1	AAQR03192772.1	NW_003853476.1
otoGar3:AAQR03192773	AAQR03192773		AAQR03192773.1	AAQR03192773.1	NW_003853477.1
otoGar3:AAQR03192774	AAQR03192774		AAQR03192774.1	AAQR03192774.1	NW_003853478.1
otoGar3:AAQR03192775	AAQR03192775		AAQR03192775.1	AAQR03192775.1	NW_003853479.1
otoGar3:AAQR03192776	AAQR03192776		AAQR03192776.1	AAQR03192776.1	NW_003853480.1
otoGar3:AAQR03192777	AAQR03192777		AAQR03192777.1	AAQR03192777.1	NW_003853481.1
otoGar3:AAQR03192781	AAQR03192781		AAQR03192781.1	AAQR03192781.1	NW_003853483.1
otoGar3:AAQR03192784	AAQR03192784		AAQR03192784.1	AAQR03192784.1	NW_003853485.1
otoGar3:AAQR03192787	AAQR03192787		AAQR03192787.1	AAQR03192787.1	NW_003853487.1
otoGar3:AAQR03192788	AAQR03192788		AAQR03192788.1	AAQR03192788.1	NW_003853488.1
otoGar3:AAQR03192791	AAQR03192791		AAQR03192791.1	AAQR03192791.1	NW_003853490.1
otoGar3:AAQR03192802	AAQR03192802		AAQR03192802.1	AAQR03192802.1	NW_003853495.1
otoGar3:AAQR03192803	AAQR03192803		AAQR03192803.1	AAQR03192803.1	NW_003853496.1
otoGar3:AAQR03192810	AAQR03192810		AAQR03192810.1	AAQR03192810.1	NW_003853499.1
otoGar3:AAQR03192811	AAQR03192811		AAQR03192811.1	AAQR03192811.1	NW_003853500.1
otoGar3:AAQR03192812	AAQR03192812		AAQR03192812.1	AAQR03192812.1	NW_003853501.1
otoGar3:AAQR03192813	AAQR03192813		AAQR03192813.1	AAQR03192813.1	NW_003853502.1
otoGar3:AAQR03192817	AAQR03192817		AAQR03192817.1	AAQR03192817.1	NW_003853504.1
otoGar3:AAQR03192818	AAQR03192818		AAQR03192818.1	AAQR03192818.1	NW_003853505.1
otoGar3:AAQR03192819	AAQR03192819		AAQR03192819.1	AAQR03192819.1	NW_003853506.1
otoGar3:AAQR03192820	AAQR03192820		AAQR03192820.1	AAQR03192820.1	NW_003853507.1
otoGar3:AAQR03192821	AAQR03192821		AAQR03192821.1	AAQR03192821.1	NW_003853508.1
otoGar3:AAQR03192822	AAQR03192822		AAQR03192822.1	AAQR03192822.1	NW_003853509.1
otoGar3:AAQR03192823	AAQR03192823		AAQR03192823.1	AAQR03192823.1	NW_003853510.1
otoGar3:AAQR03192824	AAQR03192824		AAQR03192824.1	AAQR03192824.1	NW_003853511.1
otoGar3:AAQR03192825	AAQR03192825		AAQR03192825.1	AAQR03192825.1	NW_003853512.1
otoGar3:AAQR03192830	AAQR03192830		AAQR03192830.1	AAQR03192830.1	NW_003853515.1
otoGar3:AAQR03192831	AAQR03192831		AAQR03192831.1	AAQR03192831.1	NW_003853516.1
otoGar3:AAQR03192834	AAQR03192834		AAQR03192834.1	AAQR03192834.1	NW_003853518.1
otoGar3:AAQR03192844	AAQR03192844		AAQR03192844.1	AAQR03192844.1	NW_003853523.1
otoGar3:AAQR03192845	AAQR03192845		AAQR03192845.1	AAQR03192845.1	NW_003853524.1
otoGar3:AAQR03192848	AAQR03192848		AAQR03192848.1	AAQR03192848.1	NW_003853526.1
otoGar3:AAQR03192854	AAQR03192854		AAQR03192854.1	AAQR03192854.1	NW_003853529.1
otoGar3:AAQR03192855	AAQR03192855		AAQR03192855.1	AAQR03192855.1	NW_003853530.1
otoGar3:AAQR03192858	AAQR03192858		AAQR03192858.1	AAQR03192858.1	NW_003853532.1
otoGar3:AAQR03192865	AAQR03192865		AAQR03192865.1	AAQR03192865.1	NW_003853535.1
otoGar3:AAQR03192866	AAQR03192866		AAQR03192866.1	AAQR03192866.1	NW_003853536.1
otoGar3:AAQR03192867	AAQR03192867		AAQR03192867.1	AAQR03192867.1	NW_003853537.1
otoGar3:AAQR03192868	AAQR03192868		AAQR03192868.1	AAQR03192868.1	NW_003853538.1
otoGar3:AAQR03192872	AAQR03192872		AAQR03192872.1	AAQR03192872.1	NW_003853540.1
otoGar3:AAQR03192875	AAQR03192875		AAQR03192875.1	AAQR03192875.1	NW_003853542.1
otoGar3:AAQR03192878	AAQR03192878		AAQR03192878.1	AAQR03192878.1	NW_003853544.1
otoGar3:AAQR03192887	AAQR03192887		AAQR03192887.1	AAQR03192887.1	NW_003853549.1
otoGar3:AAQR03192888	AAQR03192888		AAQR03192888.1	AAQR03192888.1	NW_003853550.1
otoGar3:AAQR03192893	AAQR03192893		AAQR03192893.1	AAQR03192893.1	NW_003853553.1
otoGar3:AAQR03192894	AAQR03192894		AAQR03192894.1	AAQR03192894.1	NW_003853554.1
otoGar3:AAQR03192895	AAQR03192895		AAQR03192895.1	AAQR03192895.1	NW_003853555.1
otoGar3:AAQR03192901	AAQR03192901		AAQR03192901.1	AAQR03192901.1	NW_003853558.1
otoGar3:AAQR03192905	AAQR03192905		AAQR03192905.1	AAQR03192905.1	NW_003853560.1
otoGar3:AAQR03192908	AAQR03192908		AAQR03192908.1	AAQR03192908.1	NW_003853562.1
otoGar3:AAQR03192909	AAQR03192909		AAQR03192909.1	AAQR03192909.1	NW_003853563.1
otoGar3:AAQR03192910	AAQR03192910		AAQR03192910.1	AAQR03192910.1	NW_003853564.1
otoGar3:AAQR03192911	AAQR03192911		AAQR03192911.1	AAQR03192911.1	NW_003853565.1
otoGar3:AAQR03192927	AAQR03192927		AAQR03192927.1	AAQR03192927.1	NW_003853571.1
otoGar3:AAQR03192931	AAQR03192931		AAQR03192931.1	AAQR03192931.1	NW_003853573.1
otoGar3:AAQR03192932	AAQR03192932		AAQR03192932.1	AAQR03192932.1	NW_003853574.1
otoGar3:AAQR03192938	AAQR03192938		AAQR03192938.1	AAQR03192938.1	NW_003853577.1
otoGar3:AAQR03192939	AAQR03192939		AAQR03192939.1	AAQR03192939.1	NW_003853578.1
otoGar3:AAQR03192945	AAQR03192945		AAQR03192945.1	AAQR03192945.1	NW_003853581.1
otoGar3:AAQR03192946	AAQR03192946		AAQR03192946.1	AAQR03192946.1	NW_003853582.1
otoGar3:AAQR03192947	AAQR03192947		AAQR03192947.1	AAQR03192947.1	NW_003853583.1
otoGar3:AAQR03192951	AAQR03192951		AAQR03192951.1	AAQR03192951.1	NW_003853585.1
otoGar3:AAQR03192956	AAQR03192956		AAQR03192956.1	AAQR03192956.1	NW_003853587.1
otoGar3:AAQR03192957	AAQR03192957		AAQR03192957.1	AAQR03192957.1	NW_003853588.1
otoGar3:AAQR03192963	AAQR03192963		AAQR03192963.1	AAQR03192963.1	NW_003853591.1
otoGar3:AAQR03192964	AAQR03192964		AAQR03192964.1	AAQR03192964.1	NW_003853592.1
otoGar3:AAQR03192971	AAQR03192971		AAQR03192971.1	AAQR03192971.1	NW_003853595.1
otoGar3:AAQR03192972	AAQR03192972		AAQR03192972.1	AAQR03192972.1	NW_003853596.1
otoGar3:AAQR03192989	AAQR03192989		AAQR03192989.1	AAQR03192989.1	NW_003853603.1
otoGar3:AAQR03192990	AAQR03192990		AAQR03192990.1	AAQR03192990.1	NW_003853604.1
otoGar3:AAQR03193003	AAQR03193003		AAQR03193003.1	AAQR03193003.1	NW_003853609.1
otoGar3:AAQR03193007	AAQR03193007		AAQR03193007.1	AAQR03193007.1	NW_003853611.1
otoGar3:AAQR03193013	AAQR03193013		AAQR03193013.1	AAQR03193013.1	NW_003853614.1
otoGar3:AAQR03193014	AAQR03193014		AAQR03193014.1	AAQR03193014.1	NW_003853615.1
otoGar3:AAQR03193015	AAQR03193015		AAQR03193015.1	AAQR03193015.1	NW_003853616.1
otoGar3:AAQR03193025	AAQR03193025		AAQR03193025.1	AAQR03193025.1	NW_003853621.1
otoGar3:AAQR03193028	AAQR03193028		AAQR03193028.1	AAQR03193028.1	NW_003853623.1
otoGar3:AAQR03193029	AAQR03193029		AAQR03193029.1	AAQR03193029.1	NW_003853624.1
otoGar3:AAQR03193030	AAQR03193030		AAQR03193030.1	AAQR03193030.1	NW_003853625.1
otoGar3:AAQR03193035	AAQR03193035		AAQR03193035.1	AAQR03193035.1	NW_003853628.1
otoGar3:AAQR03193036	AAQR03193036		AAQR03193036.1	AAQR03193036.1	NW_003853629.1
otoGar3:AAQR03193041	AAQR03193041		AAQR03193041.1	AAQR03193041.1	NW_003853632.1
otoGar3:AAQR03193042	AAQR03193042		AAQR03193042.1	AAQR03193042.1	NW_003853633.1
otoGar3:AAQR03193047	AAQR03193047		AAQR03193047.1	AAQR03193047.1	NW_003853635.1
otoGar3:AAQR03193051	AAQR03193051		AAQR03193051.1	AAQR03193051.1	NW_003853637.1
otoGar3:AAQR03193057	AAQR03193057		AAQR03193057.1	AAQR03193057.1	NW_003853640.1
otoGar3:AAQR03193063	AAQR03193063		AAQR03193063.1	AAQR03193063.1	NW_003853643.1
otoGar3:AAQR03193064	AAQR03193064		AAQR03193064.1	AAQR03193064.1	NW_003853644.1
otoGar3:AAQR03193067	AAQR03193067		AAQR03193067.1	AAQR03193067.1	NW_003853646.1
otoGar3:AAQR03193068	AAQR03193068			AAQR03193068.1	NW_003853647.1
otoGar3:AAQR03193069	AAQR03193069		AAQR03193069.1	AAQR03193069.1	NW_003853648.1
otoGar3:AAQR03193070	AAQR03193070		AAQR03193070.1	AAQR03193070.1	NW_003853649.1
otoGar3:AAQR03193075	AAQR03193075		AAQR03193075.1	AAQR03193075.1	NW_003853652.1
otoGar3:AAQR03193079	AAQR03193079		AAQR03193079.1	AAQR03193079.1	NW_003853654.1
otoGar3:AAQR03193080	AAQR03193080		AAQR03193080.1	AAQR03193080.1	NW_003853655.1
otoGar3:AAQR03193088	AAQR03193088		AAQR03193088.1	AAQR03193088.1	NW_003853659.1
otoGar3:AAQR03193091	AAQR03193091		AAQR03193091.1	AAQR03193091.1	NW_003853661.1
otoGar3:AAQR03193094	AAQR03193094		AAQR03193094.1	AAQR03193094.1	NW_003853663.1
otoGar3:AAQR03193095	AAQR03193095		AAQR03193095.1	AAQR03193095.1	NW_003853664.1
otoGar3:AAQR03193098	AAQR03193098		AAQR03193098.1	AAQR03193098.1	NW_003853666.1
otoGar3:AAQR03193103	AAQR03193103		AAQR03193103.1	AAQR03193103.1	NW_003853669.1
otoGar3:AAQR03193104	AAQR03193104		AAQR03193104.1	AAQR03193104.1	NW_003853670.1
otoGar3:AAQR03193105	AAQR03193105		AAQR03193105.1	AAQR03193105.1	NW_003853671.1
otoGar3:AAQR03193110	AAQR03193110		AAQR03193110.1	AAQR03193110.1	NW_003853674.1
otoGar3:AAQR03193111	AAQR03193111		AAQR03193111.1	AAQR03193111.1	NW_003853675.1
otoGar3:AAQR03193114	AAQR03193114		AAQR03193114.1	AAQR03193114.1	NW_003853677.1
otoGar3:AAQR03193115	AAQR03193115		AAQR03193115.1	AAQR03193115.1	NW_003853678.1
otoGar3:AAQR03193129	AAQR03193129		AAQR03193129.1	AAQR03193129.1	NW_003853684.1
otoGar3:AAQR03193136	AAQR03193136		AAQR03193136.1	AAQR03193136.1	NW_003853688.1
otoGar3:AAQR03193137	AAQR03193137		AAQR03193137.1	AAQR03193137.1	NW_003853689.1
otoGar3:AAQR03193138	AAQR03193138			AAQR03193138.1	NW_003853690.1
otoGar3:AAQR03193139	AAQR03193139		AAQR03193139.1	AAQR03193139.1	NW_003853691.1
otoGar3:AAQR03193140	AAQR03193140		AAQR03193140.1	AAQR03193140.1	NW_003853692.1
otoGar3:AAQR03193141	AAQR03193141		AAQR03193141.1	AAQR03193141.1	NW_003853693.1
otoGar3:AAQR03193144	AAQR03193144		AAQR03193144.1	AAQR03193144.1	NW_003853695.1
otoGar3:AAQR03193151	AAQR03193151		AAQR03193151.1	AAQR03193151.1	NW_003853699.1
otoGar3:AAQR03193158	AAQR03193158		AAQR03193158.1	AAQR03193158.1	NW_003853703.1
otoGar3:AAQR03193163	AAQR03193163		AAQR03193163.1	AAQR03193163.1	NW_003853705.1
otoGar3:AAQR03193164	AAQR03193164		AAQR03193164.1	AAQR03193164.1	NW_003853706.1
otoGar3:AAQR03193165	AAQR03193165		AAQR03193165.1	AAQR03193165.1	NW_003853707.1
otoGar3:AAQR03193166	AAQR03193166		AAQR03193166.1	AAQR03193166.1	NW_003853708.1
otoGar3:AAQR03193167	AAQR03193167		AAQR03193167.1	AAQR03193167.1	NW_003853709.1
otoGar3:AAQR03193168	AAQR03193168		AAQR03193168.1	AAQR03193168.1	NW_003853710.1
otoGar3:AAQR03193169	AAQR03193169		AAQR03193169.1	AAQR03193169.1	NW_003853711.1
otoGar3:AAQR03193177	AAQR03193177		AAQR03193177.1	AAQR03193177.1	NW_003853715.1
otoGar3:AAQR03193178	AAQR03193178		AAQR03193178.1	AAQR03193178.1	NW_003853716.1
otoGar3:AAQR03193179	AAQR03193179		AAQR03193179.1	AAQR03193179.1	NW_003853717.1
otoGar3:AAQR03193180	AAQR03193180		AAQR03193180.1	AAQR03193180.1	NW_003853718.1
otoGar3:AAQR03193181	AAQR03193181		AAQR03193181.1	AAQR03193181.1	NW_003853719.1
otoGar3:AAQR03193192	AAQR03193192		AAQR03193192.1	AAQR03193192.1	NW_003853724.1
otoGar3:AAQR03193195	AAQR03193195		AAQR03193195.1	AAQR03193195.1	NW_003853726.1
otoGar3:AAQR03193196	AAQR03193196		AAQR03193196.1	AAQR03193196.1	NW_003853727.1
otoGar3:AAQR03193197	AAQR03193197		AAQR03193197.1	AAQR03193197.1	NW_003853728.1
otoGar3:AAQR03193198	AAQR03193198		AAQR03193198.1	AAQR03193198.1	NW_003853729.1
otoGar3:AAQR03193199	AAQR03193199		AAQR03193199.1	AAQR03193199.1	NW_003853730.1
otoGar3:AAQR03193200	AAQR03193200		AAQR03193200.1	AAQR03193200.1	NW_003853731.1
otoGar3:AAQR03193203	AAQR03193203		AAQR03193203.1	AAQR03193203.1	NW_003853733.1
otoGar3:AAQR03193204	AAQR03193204		AAQR03193204.1	AAQR03193204.1	NW_003853734.1
otoGar3:AAQR03193205	AAQR03193205		AAQR03193205.1	AAQR03193205.1	NW_003853735.1
otoGar3:AAQR03193208	AAQR03193208		AAQR03193208.1	AAQR03193208.1	NW_003853737.1
otoGar3:AAQR03193209	AAQR03193209		AAQR03193209.1	AAQR03193209.1	NW_003853738.1
otoGar3:AAQR03193210	AAQR03193210		AAQR03193210.1	AAQR03193210.1	NW_003853739.1
otoGar3:AAQR03193211	AAQR03193211		AAQR03193211.1	AAQR03193211.1	NW_003853740.1
otoGar3:AAQR03193212	AAQR03193212		AAQR03193212.1	AAQR03193212.1	NW_003853741.1
otoGar3:AAQR03193217	AAQR03193217		AAQR03193217.1	AAQR03193217.1	NW_003853744.1
otoGar3:AAQR03193218	AAQR03193218			AAQR03193218.1	NW_003853745.1
otoGar3:AAQR03193223	AAQR03193223		AAQR03193223.1	AAQR03193223.1	NW_003853748.1
otoGar3:AAQR03193224	AAQR03193224		AAQR03193224.1	AAQR03193224.1	NW_003853749.1
otoGar3:AAQR03193225	AAQR03193225		AAQR03193225.1	AAQR03193225.1	NW_003853750.1
otoGar3:AAQR03193226	AAQR03193226		AAQR03193226.1	AAQR03193226.1	NW_003853751.1
otoGar3:AAQR03193231	AAQR03193231		AAQR03193231.1	AAQR03193231.1	NW_003853754.1
otoGar3:AAQR03193232	AAQR03193232		AAQR03193232.1	AAQR03193232.1	NW_003853755.1
otoGar3:AAQR03193233	AAQR03193233		AAQR03193233.1	AAQR03193233.1	NW_003853756.1
otoGar3:AAQR03193234	AAQR03193234			AAQR03193234.1	NW_003853757.1
otoGar3:AAQR03193235	AAQR03193235		AAQR03193235.1	AAQR03193235.1	NW_003853758.1
otoGar3:AAQR03193236	AAQR03193236		AAQR03193236.1	AAQR03193236.1	NW_003853759.1
otoGar3:AAQR03193239	AAQR03193239		AAQR03193239.1	AAQR03193239.1	NW_003853761.1
otoGar3:AAQR03193240	AAQR03193240		AAQR03193240.1	AAQR03193240.1	NW_003853762.1
otoGar3:AAQR03193247	AAQR03193247		AAQR03193247.1	AAQR03193247.1	NW_003853766.1
otoGar3:AAQR03193255	AAQR03193255		AAQR03193255.1	AAQR03193255.1	NW_003853770.1
otoGar3:AAQR03193260	AAQR03193260		AAQR03193260.1	AAQR03193260.1	NW_003853773.1
otoGar3:AAQR03193264	AAQR03193264		AAQR03193264.1	AAQR03193264.1	NW_003853775.1
otoGar3:AAQR03193265	AAQR03193265		AAQR03193265.1	AAQR03193265.1	NW_003853776.1
otoGar3:AAQR03193266	AAQR03193266		AAQR03193266.1	AAQR03193266.1	NW_003853777.1
otoGar3:AAQR03193267	AAQR03193267		AAQR03193267.1	AAQR03193267.1	NW_003853778.1
otoGar3:AAQR03193271	AAQR03193271		AAQR03193271.1	AAQR03193271.1	NW_003853780.1
otoGar3:AAQR03193272	AAQR03193272		AAQR03193272.1	AAQR03193272.1	NW_003853781.1
otoGar3:AAQR03193273	AAQR03193273		AAQR03193273.1	AAQR03193273.1	NW_003853782.1
otoGar3:AAQR03193274	AAQR03193274		AAQR03193274.1	AAQR03193274.1	NW_003853783.1
otoGar3:AAQR03193277	AAQR03193277		AAQR03193277.1	AAQR03193277.1	NW_003853785.1
otoGar3:AAQR03193281	AAQR03193281		AAQR03193281.1	AAQR03193281.1	NW_003853787.1
otoGar3:AAQR03193289	AAQR03193289		AAQR03193289.1	AAQR03193289.1	NW_003853791.1
otoGar3:AAQR03193290	AAQR03193290		AAQR03193290.1	AAQR03193290.1	NW_003853792.1
otoGar3:AAQR03193291	AAQR03193291		AAQR03193291.1	AAQR03193291.1	NW_003853793.1
otoGar3:AAQR03193297	AAQR03193297		AAQR03193297.1	AAQR03193297.1	NW_003853796.1
otoGar3:AAQR03193298	AAQR03193298		AAQR03193298.1	AAQR03193298.1	NW_003853797.1
otoGar3:AAQR03193299	AAQR03193299		AAQR03193299.1	AAQR03193299.1	NW_003853798.1
otoGar3:AAQR03193300	AAQR03193300		AAQR03193300.1	AAQR03193300.1	NW_003853799.1
otoGar3:AAQR03193304	AAQR03193304		AAQR03193304.1	AAQR03193304.1	NW_003853801.1
otoGar3:AAQR03193305	AAQR03193305		AAQR03193305.1	AAQR03193305.1	NW_003853802.1
otoGar3:AAQR03193306	AAQR03193306		AAQR03193306.1	AAQR03193306.1	NW_003853803.1
otoGar3:AAQR03193307	AAQR03193307		AAQR03193307.1	AAQR03193307.1	NW_003853804.1
otoGar3:AAQR03193308	AAQR03193308		AAQR03193308.1	AAQR03193308.1	NW_003853805.1
otoGar3:AAQR03193317	AAQR03193317		AAQR03193317.1	AAQR03193317.1	NW_003853809.1
otoGar3:AAQR03193324	AAQR03193324		AAQR03193324.1	AAQR03193324.1	NW_003853812.1
otoGar3:AAQR03193325	AAQR03193325		AAQR03193325.1	AAQR03193325.1	NW_003853813.1
otoGar3:AAQR03193326	AAQR03193326		AAQR03193326.1	AAQR03193326.1	NW_003853814.1
otoGar3:AAQR03193327	AAQR03193327		AAQR03193327.1	AAQR03193327.1	NW_003853815.1
otoGar3:AAQR03193330	AAQR03193330		AAQR03193330.1	AAQR03193330.1	NW_003853817.1
otoGar3:AAQR03193331	AAQR03193331		AAQR03193331.1	AAQR03193331.1	NW_003853818.1
otoGar3:AAQR03193332	AAQR03193332		AAQR03193332.1	AAQR03193332.1	NW_003853819.1
otoGar3:AAQR03193333	AAQR03193333		AAQR03193333.1	AAQR03193333.1	NW_003853820.1
otoGar3:AAQR03193334	AAQR03193334		AAQR03193334.1	AAQR03193334.1	NW_003853821.1
otoGar3:AAQR03193340	AAQR03193340		AAQR03193340.1	AAQR03193340.1	NW_003853824.1
otoGar3:AAQR03193341	AAQR03193341		AAQR03193341.1	AAQR03193341.1	NW_003853825.1
otoGar3:AAQR03193342	AAQR03193342		AAQR03193342.1	AAQR03193342.1	NW_003853826.1
otoGar3:AAQR03193343	AAQR03193343		AAQR03193343.1	AAQR03193343.1	NW_003853827.1
otoGar3:AAQR03193346	AAQR03193346		AAQR03193346.1	AAQR03193346.1	NW_003853829.1
otoGar3:AAQR03193347	AAQR03193347		AAQR03193347.1	AAQR03193347.1	NW_003853830.1
otoGar3:AAQR03193353	AAQR03193353		AAQR03193353.1	AAQR03193353.1	NW_003853833.1
otoGar3:AAQR03193356	AAQR03193356			AAQR03193356.1	NW_003853835.1
otoGar3:AAQR03193357	AAQR03193357		AAQR03193357.1	AAQR03193357.1	NW_003853836.1
otoGar3:AAQR03193367	AAQR03193367		AAQR03193367.1	AAQR03193367.1	NW_003853841.1
otoGar3:AAQR03193368	AAQR03193368		AAQR03193368.1	AAQR03193368.1	NW_003853842.1
otoGar3:AAQR03193371	AAQR03193371		AAQR03193371.1	AAQR03193371.1	NW_003853844.1
otoGar3:AAQR03193372	AAQR03193372		AAQR03193372.1	AAQR03193372.1	NW_003853845.1
otoGar3:AAQR03193373	AAQR03193373		AAQR03193373.1	AAQR03193373.1	NW_003853846.1
otoGar3:AAQR03193378	AAQR03193378		AAQR03193378.1	AAQR03193378.1	NW_003853849.1
otoGar3:AAQR03193381	AAQR03193381		AAQR03193381.1	AAQR03193381.1	NW_003853851.1
otoGar3:AAQR03193384	AAQR03193384		AAQR03193384.1	AAQR03193384.1	NW_003853853.1
otoGar3:AAQR03193387	AAQR03193387		AAQR03193387.1	AAQR03193387.1	NW_003853855.1
otoGar3:AAQR03193393	AAQR03193393		AAQR03193393.1	AAQR03193393.1	NW_003853858.1
otoGar3:AAQR03193394	AAQR03193394		AAQR03193394.1	AAQR03193394.1	NW_003853859.1
otoGar3:AAQR03193395	AAQR03193395		AAQR03193395.1	AAQR03193395.1	NW_003853860.1
otoGar3:AAQR03193400	AAQR03193400		AAQR03193400.1	AAQR03193400.1	NW_003853863.1
otoGar3:AAQR03193404	AAQR03193404		AAQR03193404.1	AAQR03193404.1	NW_003853865.1
otoGar3:AAQR03193407	AAQR03193407		AAQR03193407.1	AAQR03193407.1	NW_003853867.1
otoGar3:AAQR03193410	AAQR03193410		AAQR03193410.1	AAQR03193410.1	NW_003853869.1
otoGar3:AAQR03193418	AAQR03193418		AAQR03193418.1	AAQR03193418.1	NW_003853873.1
otoGar3:AAQR03193421	AAQR03193421		AAQR03193421.1	AAQR03193421.1	NW_003853875.1
otoGar3:AAQR03193422	AAQR03193422			AAQR03193422.1	NW_003853876.1
otoGar3:AAQR03193423	AAQR03193423		AAQR03193423.1	AAQR03193423.1	NW_003853877.1
otoGar3:AAQR03193427	AAQR03193427		AAQR03193427.1	AAQR03193427.1	NW_003853879.1
otoGar3:AAQR03193428	AAQR03193428		AAQR03193428.1	AAQR03193428.1	NW_003853880.1
otoGar3:AAQR03193434	AAQR03193434		AAQR03193434.1	AAQR03193434.1	NW_003853883.1
otoGar3:AAQR03193435	AAQR03193435		AAQR03193435.1	AAQR03193435.1	NW_003853884.1
otoGar3:AAQR03193438	AAQR03193438		AAQR03193438.1	AAQR03193438.1	NW_003853886.1
otoGar3:AAQR03193444	AAQR03193444		AAQR03193444.1	AAQR03193444.1	NW_003853889.1
otoGar3:AAQR03193445	AAQR03193445		AAQR03193445.1	AAQR03193445.1	NW_003853890.1
otoGar3:AAQR03193446	AAQR03193446		AAQR03193446.1	AAQR03193446.1	NW_003853891.1
otoGar3:AAQR03193449	AAQR03193449		AAQR03193449.1	AAQR03193449.1	NW_003853893.1
otoGar3:AAQR03193450	AAQR03193450		AAQR03193450.1	AAQR03193450.1	NW_003853894.1
otoGar3:AAQR03193457	AAQR03193457		AAQR03193457.1	AAQR03193457.1	NW_003853898.1
otoGar3:AAQR03193460	AAQR03193460		AAQR03193460.1	AAQR03193460.1	NW_003853900.1
otoGar3:AAQR03193461	AAQR03193461		AAQR03193461.1	AAQR03193461.1	NW_003853901.1
otoGar3:AAQR03193465	AAQR03193465		AAQR03193465.1	AAQR03193465.1	NW_003853903.1
otoGar3:AAQR03193468	AAQR03193468		AAQR03193468.1	AAQR03193468.1	NW_003853905.1
otoGar3:AAQR03193469	AAQR03193469		AAQR03193469.1	AAQR03193469.1	NW_003853906.1
otoGar3:AAQR03193470	AAQR03193470		AAQR03193470.1	AAQR03193470.1	NW_003853907.1
otoGar3:AAQR03193471	AAQR03193471		AAQR03193471.1	AAQR03193471.1	NW_003853908.1
otoGar3:AAQR03193472	AAQR03193472		AAQR03193472.1	AAQR03193472.1	NW_003853909.1
otoGar3:AAQR03193480	AAQR03193480		AAQR03193480.1	AAQR03193480.1	NW_003853913.1
otoGar3:AAQR03193481	AAQR03193481		AAQR03193481.1	AAQR03193481.1	NW_003853914.1
otoGar3:AAQR03193484	AAQR03193484		AAQR03193484.1	AAQR03193484.1	NW_003853916.1
otoGar3:AAQR03193485	AAQR03193485		AAQR03193485.1	AAQR03193485.1	NW_003853917.1
otoGar3:AAQR03193488	AAQR03193488		AAQR03193488.1	AAQR03193488.1	NW_003853919.1
otoGar3:AAQR03193494	AAQR03193494		AAQR03193494.1	AAQR03193494.1	NW_003853922.1
otoGar3:AAQR03193495	AAQR03193495		AAQR03193495.1	AAQR03193495.1	NW_003853923.1
otoGar3:AAQR03193496	AAQR03193496		AAQR03193496.1	AAQR03193496.1	NW_003853924.1
otoGar3:AAQR03193497	AAQR03193497		AAQR03193497.1	AAQR03193497.1	NW_003853925.1
otoGar3:AAQR03193503	AAQR03193503		AAQR03193503.1	AAQR03193503.1	NW_003853928.1
otoGar3:AAQR03193506	AAQR03193506		AAQR03193506.1	AAQR03193506.1	NW_003853930.1
otoGar3:AAQR03193509	AAQR03193509		AAQR03193509.1	AAQR03193509.1	NW_003853932.1
otoGar3:AAQR03193514	AAQR03193514		AAQR03193514.1	AAQR03193514.1	NW_003853935.1
otoGar3:AAQR03193515	AAQR03193515		AAQR03193515.1	AAQR03193515.1	NW_003853936.1
otoGar3:AAQR03193516	AAQR03193516		AAQR03193516.1	AAQR03193516.1	NW_003853937.1
otoGar3:AAQR03193522	AAQR03193522		AAQR03193522.1	AAQR03193522.1	NW_003853940.1
otoGar3:AAQR03193523	AAQR03193523		AAQR03193523.1	AAQR03193523.1	NW_003853941.1
otoGar3:AAQR03193527	AAQR03193527		AAQR03193527.1	AAQR03193527.1	NW_003853943.1
otoGar3:AAQR03193528	AAQR03193528		AAQR03193528.1	AAQR03193528.1	NW_003853944.1
otoGar3:AAQR03193529	AAQR03193529		AAQR03193529.1	AAQR03193529.1	NW_003853945.1
otoGar3:AAQR03193530	AAQR03193530		AAQR03193530.1	AAQR03193530.1	NW_003853946.1
otoGar3:AAQR03193538	AAQR03193538		AAQR03193538.1	AAQR03193538.1	NW_003853950.1
otoGar3:AAQR03193539	AAQR03193539		AAQR03193539.1	AAQR03193539.1	NW_003853951.1
otoGar3:AAQR03193543	AAQR03193543		AAQR03193543.1	AAQR03193543.1	NW_003853953.1
otoGar3:AAQR03193546	AAQR03193546		AAQR03193546.1	AAQR03193546.1	NW_003853955.1
otoGar3:AAQR03193547	AAQR03193547		AAQR03193547.1	AAQR03193547.1	NW_003853956.1
otoGar3:AAQR03193555	AAQR03193555		AAQR03193555.1	AAQR03193555.1	NW_003853960.1
otoGar3:AAQR03193556	AAQR03193556		AAQR03193556.1	AAQR03193556.1	NW_003853961.1
otoGar3:AAQR03193557	AAQR03193557		AAQR03193557.1	AAQR03193557.1	NW_003853962.1
otoGar3:AAQR03193562	AAQR03193562		AAQR03193562.1	AAQR03193562.1	NW_003853965.1
otoGar3:AAQR03193563	AAQR03193563		AAQR03193563.1	AAQR03193563.1	NW_003853966.1
otoGar3:AAQR03193564	AAQR03193564		AAQR03193564.1	AAQR03193564.1	NW_003853967.1
otoGar3:AAQR03193567	AAQR03193567		AAQR03193567.1	AAQR03193567.1	NW_003853969.1
otoGar3:AAQR03193570	AAQR03193570		AAQR03193570.1	AAQR03193570.1	NW_003853971.1
otoGar3:AAQR03193571	AAQR03193571		AAQR03193571.1	AAQR03193571.1	NW_003853972.1
otoGar3:AAQR03193572	AAQR03193572		AAQR03193572.1	AAQR03193572.1	NW_003853973.1
otoGar3:AAQR03193573	AAQR03193573		AAQR03193573.1	AAQR03193573.1	NW_003853974.1
otoGar3:AAQR03193574	AAQR03193574		AAQR03193574.1	AAQR03193574.1	NW_003853975.1
otoGar3:AAQR03193575	AAQR03193575		AAQR03193575.1	AAQR03193575.1	NW_003853976.1
otoGar3:AAQR03193580	AAQR03193580		AAQR03193580.1	AAQR03193580.1	NW_003853979.1
otoGar3:AAQR03193581	AAQR03193581		AAQR03193581.1	AAQR03193581.1	NW_003853980.1
otoGar3:AAQR03193582	AAQR03193582		AAQR03193582.1	AAQR03193582.1	NW_003853981.1
otoGar3:AAQR03193583	AAQR03193583		AAQR03193583.1	AAQR03193583.1	NW_003853982.1
otoGar3:AAQR03193586	AAQR03193586		AAQR03193586.1	AAQR03193586.1	NW_003853984.1
otoGar3:AAQR03193587	AAQR03193587		AAQR03193587.1	AAQR03193587.1	NW_003853985.1
otoGar3:AAQR03193598	AAQR03193598		AAQR03193598.1	AAQR03193598.1	NW_003853990.1
otoGar3:AAQR03193599	AAQR03193599		AAQR03193599.1	AAQR03193599.1	NW_003853991.1
otoGar3:AAQR03193602	AAQR03193602		AAQR03193602.1	AAQR03193602.1	NW_003853993.1
otoGar3:AAQR03193609	AAQR03193609		AAQR03193609.1	AAQR03193609.1	NW_003853996.1
otoGar3:AAQR03193612	AAQR03193612		AAQR03193612.1	AAQR03193612.1	NW_003853998.1
otoGar3:AAQR03193613	AAQR03193613		AAQR03193613.1	AAQR03193613.1	NW_003853999.1
otoGar3:AAQR03193618	AAQR03193618		AAQR03193618.1	AAQR03193618.1	NW_003854002.1
otoGar3:AAQR03193619	AAQR03193619			AAQR03193619.1	NW_003854003.1
otoGar3:AAQR03193620	AAQR03193620		AAQR03193620.1	AAQR03193620.1	NW_003854004.1
otoGar3:AAQR03193621	AAQR03193621			AAQR03193621.1	NW_003854005.1
otoGar3:AAQR03193622	AAQR03193622		AAQR03193622.1	AAQR03193622.1	NW_003854006.1
otoGar3:AAQR03193623	AAQR03193623			AAQR03193623.1	NW_003854007.1
otoGar3:AAQR03193624	AAQR03193624		AAQR03193624.1	AAQR03193624.1	NW_003854008.1
otoGar3:AAQR03193627	AAQR03193627		AAQR03193627.1	AAQR03193627.1	NW_003854010.1
otoGar3:AAQR03193628	AAQR03193628		AAQR03193628.1	AAQR03193628.1	NW_003854011.1
otoGar3:AAQR03193629	AAQR03193629		AAQR03193629.1	AAQR03193629.1	NW_003854012.1
otoGar3:AAQR03193630	AAQR03193630		AAQR03193630.1	AAQR03193630.1	NW_003854013.1
otoGar3:AAQR03193639	AAQR03193639		AAQR03193639.1	AAQR03193639.1	NW_003854018.1
otoGar3:AAQR03193640	AAQR03193640		AAQR03193640.1	AAQR03193640.1	NW_003854019.1
otoGar3:AAQR03193643	AAQR03193643		AAQR03193643.1	AAQR03193643.1	NW_003854021.1
otoGar3:AAQR03193644	AAQR03193644		AAQR03193644.1	AAQR03193644.1	NW_003854022.1
otoGar3:AAQR03193649	AAQR03193649		AAQR03193649.1	AAQR03193649.1	NW_003854025.1
otoGar3:AAQR03193652	AAQR03193652		AAQR03193652.1	AAQR03193652.1	NW_003854027.1
otoGar3:AAQR03193656	AAQR03193656		AAQR03193656.1	AAQR03193656.1	NW_003854029.1
otoGar3:AAQR03193663	AAQR03193663		AAQR03193663.1	AAQR03193663.1	NW_003854033.1
otoGar3:AAQR03193668	AAQR03193668		AAQR03193668.1	AAQR03193668.1	NW_003854036.1
otoGar3:AAQR03193677	AAQR03193677		AAQR03193677.1	AAQR03193677.1	NW_003854041.1
otoGar3:AAQR03193678	AAQR03193678			AAQR03193678.1	NW_003854042.1
otoGar3:AAQR03193679	AAQR03193679		AAQR03193679.1	AAQR03193679.1	NW_003854043.1
otoGar3:AAQR03193680	AAQR03193680		AAQR03193680.1	AAQR03193680.1	NW_003854044.1
otoGar3:AAQR03193681	AAQR03193681		AAQR03193681.1	AAQR03193681.1	NW_003854045.1
otoGar3:AAQR03193688	AAQR03193688		AAQR03193688.1	AAQR03193688.1	NW_003854049.1
otoGar3:AAQR03193689	AAQR03193689		AAQR03193689.1	AAQR03193689.1	NW_003854050.1
otoGar3:AAQR03193690	AAQR03193690		AAQR03193690.1	AAQR03193690.1	NW_003854051.1
otoGar3:AAQR03193693	AAQR03193693		AAQR03193693.1	AAQR03193693.1	NW_003854053.1
otoGar3:AAQR03193694	AAQR03193694		AAQR03193694.1	AAQR03193694.1	NW_003854054.1
otoGar3:AAQR03193700	AAQR03193700		AAQR03193700.1	AAQR03193700.1	NW_003854057.1
otoGar3:AAQR03193703	AAQR03193703		AAQR03193703.1	AAQR03193703.1	NW_003854059.1
otoGar3:AAQR03193707	AAQR03193707		AAQR03193707.1	AAQR03193707.1	NW_003854061.1
otoGar3:AAQR03193708	AAQR03193708		AAQR03193708.1	AAQR03193708.1	NW_003854062.1
otoGar3:AAQR03193715	AAQR03193715		AAQR03193715.1	AAQR03193715.1	NW_003854066.1
otoGar3:AAQR03193716	AAQR03193716		AAQR03193716.1	AAQR03193716.1	NW_003854067.1
otoGar3:AAQR03193717	AAQR03193717		AAQR03193717.1	AAQR03193717.1	NW_003854068.1
otoGar3:AAQR03193718	AAQR03193718		AAQR03193718.1	AAQR03193718.1	NW_003854069.1
otoGar3:AAQR03193723	AAQR03193723		AAQR03193723.1	AAQR03193723.1	NW_003854072.1
otoGar3:AAQR03193724	AAQR03193724		AAQR03193724.1	AAQR03193724.1	NW_003854073.1
otoGar3:AAQR03193725	AAQR03193725			AAQR03193725.1	NW_003854074.1
otoGar3:AAQR03193728	AAQR03193728		AAQR03193728.1	AAQR03193728.1	NW_003854076.1
otoGar3:AAQR03193731	AAQR03193731		AAQR03193731.1	AAQR03193731.1	NW_003854078.1
otoGar3:AAQR03193732	AAQR03193732		AAQR03193732.1	AAQR03193732.1	NW_003854079.1
otoGar3:AAQR03193733	AAQR03193733		AAQR03193733.1	AAQR03193733.1	NW_003854080.1
otoGar3:AAQR03193734	AAQR03193734		AAQR03193734.1	AAQR03193734.1	NW_003854081.1
otoGar3:AAQR03193735	AAQR03193735		AAQR03193735.1	AAQR03193735.1	NW_003854082.1
otoGar3:AAQR03193736	AAQR03193736		AAQR03193736.1	AAQR03193736.1	NW_003854083.1
otoGar3:AAQR03193737	AAQR03193737		AAQR03193737.1	AAQR03193737.1	NW_003854084.1
otoGar3:AAQR03193738	AAQR03193738		AAQR03193738.1	AAQR03193738.1	NW_003854085.1
otoGar3:AAQR03193743	AAQR03193743		AAQR03193743.1	AAQR03193743.1	NW_003854088.1
otoGar3:AAQR03193748	AAQR03193748		AAQR03193748.1	AAQR03193748.1	NW_003854091.1
otoGar3:AAQR03193751	AAQR03193751		AAQR03193751.1	AAQR03193751.1	NW_003854093.1
otoGar3:AAQR03193752	AAQR03193752		AAQR03193752.1	AAQR03193752.1	NW_003854094.1
otoGar3:AAQR03193753	AAQR03193753			AAQR03193753.1	NW_003854095.1
otoGar3:AAQR03193756	AAQR03193756		AAQR03193756.1	AAQR03193756.1	NW_003854097.1
otoGar3:AAQR03193759	AAQR03193759		AAQR03193759.1	AAQR03193759.1	NW_003854099.1
otoGar3:AAQR03193760	AAQR03193760			AAQR03193760.1	NW_003854100.1
otoGar3:AAQR03193763	AAQR03193763		AAQR03193763.1	AAQR03193763.1	NW_003854102.1
otoGar3:AAQR03193764	AAQR03193764		AAQR03193764.1	AAQR03193764.1	NW_003854103.1
otoGar3:AAQR03193765	AAQR03193765		AAQR03193765.1	AAQR03193765.1	NW_003854104.1
otoGar3:AAQR03193768	AAQR03193768		AAQR03193768.1	AAQR03193768.1	NW_003854106.1
otoGar3:AAQR03193769	AAQR03193769		AAQR03193769.1	AAQR03193769.1	NW_003854107.1
otoGar3:AAQR03193770	AAQR03193770		AAQR03193770.1	AAQR03193770.1	NW_003854108.1
otoGar3:AAQR03193775	AAQR03193775		AAQR03193775.1	AAQR03193775.1	NW_003854111.1
otoGar3:AAQR03193776	AAQR03193776		AAQR03193776.1	AAQR03193776.1	NW_003854112.1
otoGar3:AAQR03193779	AAQR03193779		AAQR03193779.1	AAQR03193779.1	NW_003854114.1
otoGar3:AAQR03193780	AAQR03193780		AAQR03193780.1	AAQR03193780.1	NW_003854115.1
otoGar3:AAQR03193783	AAQR03193783		AAQR03193783.1	AAQR03193783.1	NW_003854117.1
otoGar3:AAQR03193784	AAQR03193784		AAQR03193784.1	AAQR03193784.1	NW_003854118.1
otoGar3:AAQR03193785	AAQR03193785		AAQR03193785.1	AAQR03193785.1	NW_003854119.1
otoGar3:AAQR03193786	AAQR03193786		AAQR03193786.1	AAQR03193786.1	NW_003854120.1
otoGar3:AAQR03193793	AAQR03193793		AAQR03193793.1	AAQR03193793.1	NW_003854124.1
otoGar3:AAQR03193796	AAQR03193796		AAQR03193796.1	AAQR03193796.1	NW_003854126.1
otoGar3:AAQR03193797	AAQR03193797		AAQR03193797.1	AAQR03193797.1	NW_003854127.1
otoGar3:AAQR03193798	AAQR03193798		AAQR03193798.1	AAQR03193798.1	NW_003854128.1
otoGar3:AAQR03193799	AAQR03193799		AAQR03193799.1	AAQR03193799.1	NW_003854129.1
otoGar3:AAQR03193800	AAQR03193800		AAQR03193800.1	AAQR03193800.1	NW_003854130.1
otoGar3:AAQR03193803	AAQR03193803		AAQR03193803.1	AAQR03193803.1	NW_003854132.1
otoGar3:AAQR03193808	AAQR03193808		AAQR03193808.1	AAQR03193808.1	NW_003854135.1
otoGar3:AAQR03193809	AAQR03193809		AAQR03193809.1	AAQR03193809.1	NW_003854136.1
otoGar3:AAQR03193814	AAQR03193814		AAQR03193814.1	AAQR03193814.1	NW_003854139.1
otoGar3:AAQR03193815	AAQR03193815		AAQR03193815.1	AAQR03193815.1	NW_003854140.1
otoGar3:AAQR03193818	AAQR03193818		AAQR03193818.1	AAQR03193818.1	NW_003854142.1
otoGar3:AAQR03193819	AAQR03193819		AAQR03193819.1	AAQR03193819.1	NW_003854143.1
otoGar3:AAQR03193820	AAQR03193820		AAQR03193820.1	AAQR03193820.1	NW_003854144.1
otoGar3:AAQR03193821	AAQR03193821		AAQR03193821.1	AAQR03193821.1	NW_003854145.1
otoGar3:AAQR03193824	AAQR03193824		AAQR03193824.1	AAQR03193824.1	NW_003854147.1
otoGar3:AAQR03193831	AAQR03193831		AAQR03193831.1	AAQR03193831.1	NW_003854151.1
otoGar3:AAQR03193832	AAQR03193832		AAQR03193832.1	AAQR03193832.1	NW_003854152.1
otoGar3:AAQR03193835	AAQR03193835		AAQR03193835.1	AAQR03193835.1	NW_003854154.1
otoGar3:AAQR03193838	AAQR03193838		AAQR03193838.1	AAQR03193838.1	NW_003854156.1
otoGar3:AAQR03193839	AAQR03193839		AAQR03193839.1	AAQR03193839.1	NW_003854157.1
otoGar3:AAQR03193840	AAQR03193840		AAQR03193840.1	AAQR03193840.1	NW_003854158.1
otoGar3:AAQR03193841	AAQR03193841		AAQR03193841.1	AAQR03193841.1	NW_003854159.1
otoGar3:AAQR03193842	AAQR03193842		AAQR03193842.1	AAQR03193842.1	NW_003854160.1
otoGar3:AAQR03193845	AAQR03193845		AAQR03193845.1	AAQR03193845.1	NW_003854162.1
otoGar3:AAQR03193846	AAQR03193846		AAQR03193846.1	AAQR03193846.1	NW_003854163.1
otoGar3:AAQR03193849	AAQR03193849		AAQR03193849.1	AAQR03193849.1	NW_003854165.1
otoGar3:AAQR03193855	AAQR03193855		AAQR03193855.1	AAQR03193855.1	NW_003854168.1
otoGar3:AAQR03193856	AAQR03193856		AAQR03193856.1	AAQR03193856.1	NW_003854169.1
otoGar3:AAQR03193857	AAQR03193857		AAQR03193857.1	AAQR03193857.1	NW_003854170.1
otoGar3:AAQR03193858	AAQR03193858		AAQR03193858.1	AAQR03193858.1	NW_003854171.1
otoGar3:AAQR03193859	AAQR03193859		AAQR03193859.1	AAQR03193859.1	NW_003854172.1
otoGar3:AAQR03193862	AAQR03193862		AAQR03193862.1	AAQR03193862.1	NW_003854174.1
otoGar3:AAQR03193865	AAQR03193865		AAQR03193865.1	AAQR03193865.1	NW_003854176.1
otoGar3:AAQR03193868	AAQR03193868		AAQR03193868.1	AAQR03193868.1	NW_003854178.1
otoGar3:AAQR03193869	AAQR03193869		AAQR03193869.1	AAQR03193869.1	NW_003854179.1
otoGar3:AAQR03193870	AAQR03193870		AAQR03193870.1	AAQR03193870.1	NW_003854180.1
otoGar3:AAQR03193871	AAQR03193871		AAQR03193871.1	AAQR03193871.1	NW_003854181.1
otoGar3:AAQR03193876	AAQR03193876		AAQR03193876.1	AAQR03193876.1	NW_003854184.1
otoGar3:AAQR03193877	AAQR03193877		AAQR03193877.1	AAQR03193877.1	NW_003854185.1
otoGar3:AAQR03193878	AAQR03193878		AAQR03193878.1	AAQR03193878.1	NW_003854186.1
otoGar3:AAQR03193881	AAQR03193881		AAQR03193881.1	AAQR03193881.1	NW_003854188.1
otoGar3:AAQR03193888	AAQR03193888		AAQR03193888.1	AAQR03193888.1	NW_003854191.1
otoGar3:AAQR03193889	AAQR03193889		AAQR03193889.1	AAQR03193889.1	NW_003854192.1
otoGar3:AAQR03193894	AAQR03193894		AAQR03193894.1	AAQR03193894.1	NW_003854195.1
otoGar3:AAQR03193895	AAQR03193895		AAQR03193895.1	AAQR03193895.1	NW_003854196.1
otoGar3:AAQR03193896	AAQR03193896		AAQR03193896.1	AAQR03193896.1	NW_003854197.1
otoGar3:AAQR03193899	AAQR03193899		AAQR03193899.1	AAQR03193899.1	NW_003854199.1
otoGar3:AAQR03193900	AAQR03193900		AAQR03193900.1	AAQR03193900.1	NW_003854200.1
otoGar3:AAQR03193901	AAQR03193901		AAQR03193901.1	AAQR03193901.1	NW_003854201.1
otoGar3:AAQR03193902	AAQR03193902		AAQR03193902.1	AAQR03193902.1	NW_003854202.1
otoGar3:AAQR03193905	AAQR03193905		AAQR03193905.1	AAQR03193905.1	NW_003854204.1
otoGar3:AAQR03193908	AAQR03193908		AAQR03193908.1	AAQR03193908.1	NW_003854206.1
otoGar3:AAQR03193909	AAQR03193909			AAQR03193909.1	NW_003854207.1
otoGar3:AAQR03193910	AAQR03193910		AAQR03193910.1	AAQR03193910.1	NW_003854208.1
otoGar3:AAQR03193911	AAQR03193911		AAQR03193911.1	AAQR03193911.1	NW_003854209.1
otoGar3:AAQR03193912	AAQR03193912		AAQR03193912.1	AAQR03193912.1	NW_003854210.1
otoGar3:AAQR03193913	AAQR03193913		AAQR03193913.1	AAQR03193913.1	NW_003854211.1
otoGar3:AAQR03193914	AAQR03193914		AAQR03193914.1	AAQR03193914.1	NW_003854212.1
otoGar3:AAQR03193915	AAQR03193915		AAQR03193915.1	AAQR03193915.1	NW_003854213.1
otoGar3:AAQR03193918	AAQR03193918		AAQR03193918.1	AAQR03193918.1	NW_003854215.1
otoGar3:AAQR03193928	AAQR03193928		AAQR03193928.1	AAQR03193928.1	NW_003854220.1
otoGar3:AAQR03193929	AAQR03193929		AAQR03193929.1	AAQR03193929.1	NW_003854221.1
otoGar3:AAQR03193934	AAQR03193934		AAQR03193934.1	AAQR03193934.1	NW_003854224.1
otoGar3:AAQR03193935	AAQR03193935		AAQR03193935.1	AAQR03193935.1	NW_003854225.1
otoGar3:AAQR03193938	AAQR03193938		AAQR03193938.1	AAQR03193938.1	NW_003854227.1
otoGar3:AAQR03193939	AAQR03193939		AAQR03193939.1	AAQR03193939.1	NW_003854228.1
otoGar3:AAQR03193940	AAQR03193940		AAQR03193940.1	AAQR03193940.1	NW_003854229.1
otoGar3:AAQR03193941	AAQR03193941		AAQR03193941.1	AAQR03193941.1	NW_003854230.1
otoGar3:AAQR03193944	AAQR03193944		AAQR03193944.1	AAQR03193944.1	NW_003854232.1
otoGar3:AAQR03193945	AAQR03193945		AAQR03193945.1	AAQR03193945.1	NW_003854233.1
otoGar3:AAQR03193946	AAQR03193946			AAQR03193946.1	NW_003854234.1
otoGar3:AAQR03193947	AAQR03193947		AAQR03193947.1	AAQR03193947.1	NW_003854235.1
otoGar3:AAQR03193948	AAQR03193948		AAQR03193948.1	AAQR03193948.1	NW_003854236.1
otoGar3:AAQR03193949	AAQR03193949		AAQR03193949.1	AAQR03193949.1	NW_003854237.1
otoGar3:AAQR03193950	AAQR03193950		AAQR03193950.1	AAQR03193950.1	NW_003854238.1
otoGar3:AAQR03193951	AAQR03193951		AAQR03193951.1	AAQR03193951.1	NW_003854239.1
otoGar3:AAQR03193952	AAQR03193952		AAQR03193952.1	AAQR03193952.1	NW_003854240.1
otoGar3:AAQR03193955	AAQR03193955		AAQR03193955.1	AAQR03193955.1	NW_003854242.1
otoGar3:AAQR03193964	AAQR03193964		AAQR03193964.1	AAQR03193964.1	NW_003854247.1
otoGar3:AAQR03193965	AAQR03193965		AAQR03193965.1	AAQR03193965.1	NW_003854248.1
otoGar3:AAQR03193969	AAQR03193969		AAQR03193969.1	AAQR03193969.1	NW_003854250.1
otoGar3:AAQR03193970	AAQR03193970		AAQR03193970.1	AAQR03193970.1	NW_003854251.1
otoGar3:AAQR03193971	AAQR03193971		AAQR03193971.1	AAQR03193971.1	NW_003854252.1
otoGar3:AAQR03193972	AAQR03193972		AAQR03193972.1	AAQR03193972.1	NW_003854253.1
otoGar3:AAQR03193973	AAQR03193973		AAQR03193973.1	AAQR03193973.1	NW_003854254.1
otoGar3:AAQR03193978	AAQR03193978		AAQR03193978.1	AAQR03193978.1	NW_003854257.1
otoGar3:AAQR03193981	AAQR03193981		AAQR03193981.1	AAQR03193981.1	NW_003854259.1
otoGar3:AAQR03193982	AAQR03193982		AAQR03193982.1	AAQR03193982.1	NW_003854260.1
otoGar3:AAQR03193983	AAQR03193983		AAQR03193983.1	AAQR03193983.1	NW_003854261.1
otoGar3:AAQR03193984	AAQR03193984		AAQR03193984.1	AAQR03193984.1	NW_003854262.1
otoGar3:AAQR03193985	AAQR03193985		AAQR03193985.1	AAQR03193985.1	NW_003854263.1
otoGar3:AAQR03193994	AAQR03193994		AAQR03193994.1	AAQR03193994.1	NW_003854268.1
otoGar3:AAQR03193995	AAQR03193995		AAQR03193995.1	AAQR03193995.1	NW_003854269.1
otoGar3:AAQR03193996	AAQR03193996		AAQR03193996.1	AAQR03193996.1	NW_003854270.1
otoGar3:AAQR03193997	AAQR03193997		AAQR03193997.1	AAQR03193997.1	NW_003854271.1
otoGar3:AAQR03193998	AAQR03193998		AAQR03193998.1	AAQR03193998.1	NW_003854272.1
otoGar3:AAQR03194001	AAQR03194001		AAQR03194001.1	AAQR03194001.1	NW_003854274.1
otoGar3:AAQR03194002	AAQR03194002		AAQR03194002.1	AAQR03194002.1	NW_003854275.1
otoGar3:AAQR03194003	AAQR03194003		AAQR03194003.1	AAQR03194003.1	NW_003854276.1
otoGar3:AAQR03194004	AAQR03194004		AAQR03194004.1	AAQR03194004.1	NW_003854277.1
otoGar3:AAQR03194009	AAQR03194009		AAQR03194009.1	AAQR03194009.1	NW_003854280.1
otoGar3:AAQR03194010	AAQR03194010		AAQR03194010.1	AAQR03194010.1	NW_003854281.1
otoGar3:AAQR03194011	AAQR03194011		AAQR03194011.1	AAQR03194011.1	NW_003854282.1
otoGar3:AAQR03194012	AAQR03194012		AAQR03194012.1	AAQR03194012.1	NW_003854283.1
otoGar3:AAQR03194013	AAQR03194013		AAQR03194013.1	AAQR03194013.1	NW_003854284.1
otoGar3:AAQR03194016	AAQR03194016		AAQR03194016.1	AAQR03194016.1	NW_003854286.1
otoGar3:AAQR03194017	AAQR03194017		AAQR03194017.1	AAQR03194017.1	NW_003854287.1
otoGar3:AAQR03194018	AAQR03194018		AAQR03194018.1	AAQR03194018.1	NW_003854288.1
otoGar3:AAQR03194023	AAQR03194023		AAQR03194023.1	AAQR03194023.1	NW_003854291.1
otoGar3:AAQR03194026	AAQR03194026		AAQR03194026.1	AAQR03194026.1	NW_003854293.1
otoGar3:AAQR03194031	AAQR03194031		AAQR03194031.1	AAQR03194031.1	NW_003854296.1
otoGar3:AAQR03194034	AAQR03194034		AAQR03194034.1	AAQR03194034.1	NW_003854298.1
otoGar3:AAQR03194037	AAQR03194037		AAQR03194037.1	AAQR03194037.1	NW_003854300.1
otoGar3:AAQR03194038	AAQR03194038		AAQR03194038.1	AAQR03194038.1	NW_003854301.1
otoGar3:AAQR03194039	AAQR03194039		AAQR03194039.1	AAQR03194039.1	NW_003854302.1
otoGar3:AAQR03194044	AAQR03194044		AAQR03194044.1	AAQR03194044.1	NW_003854305.1
otoGar3:AAQR03194045	AAQR03194045		AAQR03194045.1	AAQR03194045.1	NW_003854306.1
otoGar3:AAQR03194046	AAQR03194046		AAQR03194046.1	AAQR03194046.1	NW_003854307.1
otoGar3:AAQR03194053	AAQR03194053		AAQR03194053.1	AAQR03194053.1	NW_003854311.1
otoGar3:AAQR03194058	AAQR03194058		AAQR03194058.1	AAQR03194058.1	NW_003854314.1
otoGar3:AAQR03194061	AAQR03194061		AAQR03194061.1	AAQR03194061.1	NW_003854316.1
otoGar3:AAQR03194069	AAQR03194069		AAQR03194069.1	AAQR03194069.1	NW_003854320.1
otoGar3:AAQR03194074	AAQR03194074		AAQR03194074.1	AAQR03194074.1	NW_003854323.1
otoGar3:AAQR03194075	AAQR03194075		AAQR03194075.1	AAQR03194075.1	NW_003854324.1
otoGar3:AAQR03194078	AAQR03194078		AAQR03194078.1	AAQR03194078.1	NW_003854326.1
otoGar3:AAQR03194087	AAQR03194087		AAQR03194087.1	AAQR03194087.1	NW_003854331.1
otoGar3:AAQR03194094	AAQR03194094		AAQR03194094.1	AAQR03194094.1	NW_003854335.1
otoGar3:AAQR03194095	AAQR03194095		AAQR03194095.1	AAQR03194095.1	NW_003854336.1
otoGar3:AAQR03194104	AAQR03194104		AAQR03194104.1	AAQR03194104.1	NW_003854341.1
otoGar3:AAQR03194107	AAQR03194107		AAQR03194107.1	AAQR03194107.1	NW_003854343.1
otoGar3:AAQR03194112	AAQR03194112		AAQR03194112.1	AAQR03194112.1	NW_003854346.1
otoGar3:AAQR03194113	AAQR03194113		AAQR03194113.1	AAQR03194113.1	NW_003854347.1
otoGar3:AAQR03194114	AAQR03194114		AAQR03194114.1	AAQR03194114.1	NW_003854348.1
otoGar3:AAQR03194117	AAQR03194117		AAQR03194117.1	AAQR03194117.1	NW_003854350.1
otoGar3:AAQR03194118	AAQR03194118		AAQR03194118.1	AAQR03194118.1	NW_003854351.1
otoGar3:AAQR03194119	AAQR03194119		AAQR03194119.1	AAQR03194119.1	NW_003854352.1
otoGar3:AAQR03194120	AAQR03194120		AAQR03194120.1	AAQR03194120.1	NW_003854353.1
otoGar3:AAQR03194125	AAQR03194125		AAQR03194125.1	AAQR03194125.1	NW_003854356.1
otoGar3:AAQR03194126	AAQR03194126		AAQR03194126.1	AAQR03194126.1	NW_003854357.1
otoGar3:AAQR03194127	AAQR03194127		AAQR03194127.1	AAQR03194127.1	NW_003854358.1
otoGar3:AAQR03194128	AAQR03194128		AAQR03194128.1	AAQR03194128.1	NW_003854359.1
otoGar3:AAQR03194129	AAQR03194129		AAQR03194129.1	AAQR03194129.1	NW_003854360.1
otoGar3:AAQR03194130	AAQR03194130		AAQR03194130.1	AAQR03194130.1	NW_003854361.1
otoGar3:AAQR03194133	AAQR03194133		AAQR03194133.1	AAQR03194133.1	NW_003854363.1
otoGar3:AAQR03194148	AAQR03194148		AAQR03194148.1	AAQR03194148.1	NW_003854371.1
otoGar3:AAQR03194151	AAQR03194151		AAQR03194151.1	AAQR03194151.1	NW_003854373.1
otoGar3:AAQR03194152	AAQR03194152		AAQR03194152.1	AAQR03194152.1	NW_003854374.1
otoGar3:AAQR03194153	AAQR03194153		AAQR03194153.1	AAQR03194153.1	NW_003854375.1
otoGar3:AAQR03194156	AAQR03194156		AAQR03194156.1	AAQR03194156.1	NW_003854377.1
otoGar3:AAQR03194157	AAQR03194157		AAQR03194157.1	AAQR03194157.1	NW_003854378.1
otoGar3:AAQR03194168	AAQR03194168		AAQR03194168.1	AAQR03194168.1	NW_003854384.1
otoGar3:AAQR03194171	AAQR03194171		AAQR03194171.1	AAQR03194171.1	NW_003854386.1
otoGar3:AAQR03194172	AAQR03194172		AAQR03194172.1	AAQR03194172.1	NW_003854387.1
otoGar3:AAQR03194173	AAQR03194173		AAQR03194173.1	AAQR03194173.1	NW_003854388.1
otoGar3:AAQR03194174	AAQR03194174		AAQR03194174.1	AAQR03194174.1	NW_003854389.1
otoGar3:AAQR03194175	AAQR03194175		AAQR03194175.1	AAQR03194175.1	NW_003854390.1
otoGar3:AAQR03194176	AAQR03194176		AAQR03194176.1	AAQR03194176.1	NW_003854391.1
otoGar3:AAQR03194177	AAQR03194177		AAQR03194177.1	AAQR03194177.1	NW_003854392.1
otoGar3:AAQR03194178	AAQR03194178		AAQR03194178.1	AAQR03194178.1	NW_003854393.1
otoGar3:AAQR03194179	AAQR03194179			AAQR03194179.1	NW_003854394.1
otoGar3:AAQR03194185	AAQR03194185		AAQR03194185.1	AAQR03194185.1	NW_003854397.1
otoGar3:AAQR03194188	AAQR03194188		AAQR03194188.1	AAQR03194188.1	NW_003854399.1
otoGar3:AAQR03194189	AAQR03194189		AAQR03194189.1	AAQR03194189.1	NW_003854400.1
otoGar3:AAQR03194190	AAQR03194190		AAQR03194190.1	AAQR03194190.1	NW_003854401.1
otoGar3:AAQR03194191	AAQR03194191		AAQR03194191.1	AAQR03194191.1	NW_003854402.1
otoGar3:AAQR03194194	AAQR03194194		AAQR03194194.1	AAQR03194194.1	NW_003854404.1
otoGar3:AAQR03194195	AAQR03194195		AAQR03194195.1	AAQR03194195.1	NW_003854405.1
otoGar3:AAQR03194203	AAQR03194203		AAQR03194203.1	AAQR03194203.1	NW_003854409.1
otoGar3:AAQR03194204	AAQR03194204		AAQR03194204.1	AAQR03194204.1	NW_003854410.1
otoGar3:AAQR03194205	AAQR03194205		AAQR03194205.1	AAQR03194205.1	NW_003854411.1
otoGar3:AAQR03194206	AAQR03194206		AAQR03194206.1	AAQR03194206.1	NW_003854412.1
otoGar3:AAQR03194207	AAQR03194207		AAQR03194207.1	AAQR03194207.1	NW_003854413.1
otoGar3:AAQR03194208	AAQR03194208			AAQR03194208.1	NW_003854414.1
otoGar3:AAQR03194215	AAQR03194215		AAQR03194215.1	AAQR03194215.1	NW_003854418.1
otoGar3:AAQR03194216	AAQR03194216		AAQR03194216.1	AAQR03194216.1	NW_003854419.1
otoGar3:AAQR03194219	AAQR03194219		AAQR03194219.1	AAQR03194219.1	NW_003854421.1
otoGar3:AAQR03194230	AAQR03194230		AAQR03194230.1	AAQR03194230.1	NW_003854427.1
otoGar3:AAQR03194237	AAQR03194237		AAQR03194237.1	AAQR03194237.1	NW_003854431.1
otoGar3:AAQR03194238	AAQR03194238		AAQR03194238.1	AAQR03194238.1	NW_003854432.1
otoGar3:AAQR03194239	AAQR03194239		AAQR03194239.1	AAQR03194239.1	NW_003854433.1
otoGar3:AAQR03194242	AAQR03194242		AAQR03194242.1	AAQR03194242.1	NW_003854435.1
otoGar3:AAQR03194243	AAQR03194243		AAQR03194243.1	AAQR03194243.1	NW_003854436.1
otoGar3:AAQR03194244	AAQR03194244		AAQR03194244.1	AAQR03194244.1	NW_003854437.1
otoGar3:AAQR03194245	AAQR03194245		AAQR03194245.1	AAQR03194245.1	NW_003854438.1
otoGar3:AAQR03194246	AAQR03194246		AAQR03194246.1	AAQR03194246.1	NW_003854439.1
otoGar3:AAQR03194247	AAQR03194247			AAQR03194247.1	NW_003854440.1
otoGar3:AAQR03194250	AAQR03194250		AAQR03194250.1	AAQR03194250.1	NW_003854442.1
otoGar3:AAQR03194255	AAQR03194255		AAQR03194255.1	AAQR03194255.1	NW_003854445.1
otoGar3:AAQR03194262	AAQR03194262		AAQR03194262.1	AAQR03194262.1	NW_003854449.1
otoGar3:AAQR03194263	AAQR03194263		AAQR03194263.1	AAQR03194263.1	NW_003854450.1
otoGar3:AAQR03194266	AAQR03194266		AAQR03194266.1	AAQR03194266.1	NW_003854452.1
otoGar3:AAQR03194271	AAQR03194271		AAQR03194271.1	AAQR03194271.1	NW_003854455.1
otoGar3:AAQR03194272	AAQR03194272		AAQR03194272.1	AAQR03194272.1	NW_003854456.1
otoGar3:AAQR03194273	AAQR03194273		AAQR03194273.1	AAQR03194273.1	NW_003854457.1
otoGar3:AAQR03194274	AAQR03194274		AAQR03194274.1	AAQR03194274.1	NW_003854458.1
otoGar3:AAQR03194279	AAQR03194279		AAQR03194279.1	AAQR03194279.1	NW_003854461.1
otoGar3:AAQR03194282	AAQR03194282		AAQR03194282.1	AAQR03194282.1	NW_003854463.1
otoGar3:AAQR03194283	AAQR03194283		AAQR03194283.1	AAQR03194283.1	NW_003854464.1
otoGar3:AAQR03194286	AAQR03194286		AAQR03194286.1	AAQR03194286.1	NW_003854466.1
otoGar3:AAQR03194287	AAQR03194287		AAQR03194287.1	AAQR03194287.1	NW_003854467.1
otoGar3:AAQR03194288	AAQR03194288		AAQR03194288.1	AAQR03194288.1	NW_003854468.1
otoGar3:AAQR03194289	AAQR03194289		AAQR03194289.1	AAQR03194289.1	NW_003854469.1
otoGar3:AAQR03194296	AAQR03194296		AAQR03194296.1	AAQR03194296.1	NW_003854473.1
otoGar3:AAQR03194299	AAQR03194299		AAQR03194299.1	AAQR03194299.1	NW_003854475.1
otoGar3:AAQR03194304	AAQR03194304		AAQR03194304.1	AAQR03194304.1	NW_003854478.1
otoGar3:AAQR03194305	AAQR03194305		AAQR03194305.1	AAQR03194305.1	NW_003854479.1
otoGar3:AAQR03194308	AAQR03194308		AAQR03194308.1	AAQR03194308.1	NW_003854481.1
otoGar3:AAQR03194309	AAQR03194309		AAQR03194309.1	AAQR03194309.1	NW_003854482.1
otoGar3:AAQR03194310	AAQR03194310		AAQR03194310.1	AAQR03194310.1	NW_003854483.1
otoGar3:AAQR03194313	AAQR03194313		AAQR03194313.1	AAQR03194313.1	NW_003854485.1
otoGar3:AAQR03194314	AAQR03194314		AAQR03194314.1	AAQR03194314.1	NW_003854486.1
otoGar3:AAQR03194315	AAQR03194315		AAQR03194315.1	AAQR03194315.1	NW_003854487.1
otoGar3:AAQR03194320	AAQR03194320		AAQR03194320.1	AAQR03194320.1	NW_003854490.1
otoGar3:AAQR03194321	AAQR03194321		AAQR03194321.1	AAQR03194321.1	NW_003854491.1
otoGar3:AAQR03194322	AAQR03194322		AAQR03194322.1	AAQR03194322.1	NW_003854492.1
otoGar3:AAQR03194323	AAQR03194323		AAQR03194323.1	AAQR03194323.1	NW_003854493.1
otoGar3:AAQR03194324	AAQR03194324		AAQR03194324.1	AAQR03194324.1	NW_003854494.1
otoGar3:AAQR03194325	AAQR03194325		AAQR03194325.1	AAQR03194325.1	NW_003854495.1
otoGar3:AAQR03194326	AAQR03194326		AAQR03194326.1	AAQR03194326.1	NW_003854496.1
otoGar3:AAQR03194329	AAQR03194329		AAQR03194329.1	AAQR03194329.1	NW_003854498.1
otoGar3:AAQR03194330	AAQR03194330		AAQR03194330.1	AAQR03194330.1	NW_003854499.1
otoGar3:AAQR03194331	AAQR03194331		AAQR03194331.1	AAQR03194331.1	NW_003854500.1
otoGar3:AAQR03194332	AAQR03194332		AAQR03194332.1	AAQR03194332.1	NW_003854501.1
otoGar3:AAQR03194333	AAQR03194333		AAQR03194333.1	AAQR03194333.1	NW_003854502.1
otoGar3:AAQR03194334	AAQR03194334		AAQR03194334.1	AAQR03194334.1	NW_003854503.1
otoGar3:AAQR03194335	AAQR03194335		AAQR03194335.1	AAQR03194335.1	NW_003854504.1
otoGar3:AAQR03194336	AAQR03194336		AAQR03194336.1	AAQR03194336.1	NW_003854505.1
otoGar3:AAQR03194337	AAQR03194337			AAQR03194337.1	NW_003854506.1
otoGar3:AAQR03194340	AAQR03194340		AAQR03194340.1	AAQR03194340.1	NW_003854508.1
otoGar3:AAQR03194341	AAQR03194341			AAQR03194341.1	NW_003854509.1
otoGar3:AAQR03194342	AAQR03194342		AAQR03194342.1	AAQR03194342.1	NW_003854510.1
otoGar3:AAQR03194343	AAQR03194343			AAQR03194343.1	NW_003854511.1
otoGar3:AAQR03194346	AAQR03194346		AAQR03194346.1	AAQR03194346.1	NW_003854513.1
otoGar3:AAQR03194351	AAQR03194351		AAQR03194351.1	AAQR03194351.1	NW_003854516.1
otoGar3:AAQR03194352	AAQR03194352		AAQR03194352.1	AAQR03194352.1	NW_003854517.1
otoGar3:AAQR03194353	AAQR03194353		AAQR03194353.1	AAQR03194353.1	NW_003854518.1
otoGar3:AAQR03194354	AAQR03194354		AAQR03194354.1	AAQR03194354.1	NW_003854519.1
otoGar3:AAQR03194355	AAQR03194355		AAQR03194355.1	AAQR03194355.1	NW_003854520.1
otoGar3:AAQR03194356	AAQR03194356		AAQR03194356.1	AAQR03194356.1	NW_003854521.1
otoGar3:AAQR03194357	AAQR03194357			AAQR03194357.1	NW_003854522.1
otoGar3:AAQR03194358	AAQR03194358		AAQR03194358.1	AAQR03194358.1	NW_003854523.1
otoGar3:AAQR03194359	AAQR03194359		AAQR03194359.1	AAQR03194359.1	NW_003854524.1
otoGar3:AAQR03194362	AAQR03194362		AAQR03194362.1	AAQR03194362.1	NW_003854526.1
otoGar3:AAQR03194365	AAQR03194365		AAQR03194365.1	AAQR03194365.1	NW_003854528.1
otoGar3:AAQR03194366	AAQR03194366		AAQR03194366.1	AAQR03194366.1	NW_003854529.1
otoGar3:AAQR03194369	AAQR03194369		AAQR03194369.1	AAQR03194369.1	NW_003854531.1
otoGar3:AAQR03194372	AAQR03194372		AAQR03194372.1	AAQR03194372.1	NW_003854533.1
otoGar3:AAQR03194373	AAQR03194373		AAQR03194373.1	AAQR03194373.1	NW_003854534.1
otoGar3:AAQR03194384	AAQR03194384		AAQR03194384.1	AAQR03194384.1	NW_003854540.1
otoGar3:AAQR03194385	AAQR03194385		AAQR03194385.1	AAQR03194385.1	NW_003854541.1
otoGar3:AAQR03194388	AAQR03194388		AAQR03194388.1	AAQR03194388.1	NW_003854543.1
otoGar3:AAQR03194389	AAQR03194389		AAQR03194389.1	AAQR03194389.1	NW_003854544.1
otoGar3:AAQR03194394	AAQR03194394		AAQR03194394.1	AAQR03194394.1	NW_003854547.1
otoGar3:AAQR03194395	AAQR03194395		AAQR03194395.1	AAQR03194395.1	NW_003854548.1
otoGar3:AAQR03194396	AAQR03194396		AAQR03194396.1	AAQR03194396.1	NW_003854549.1
otoGar3:AAQR03194401	AAQR03194401		AAQR03194401.1	AAQR03194401.1	NW_003854552.1
otoGar3:AAQR03194404	AAQR03194404		AAQR03194404.1	AAQR03194404.1	NW_003854554.1
otoGar3:AAQR03194405	AAQR03194405		AAQR03194405.1	AAQR03194405.1	NW_003854555.1
otoGar3:AAQR03194410	AAQR03194410		AAQR03194410.1	AAQR03194410.1	NW_003854558.1
otoGar3:AAQR03194413	AAQR03194413		AAQR03194413.1	AAQR03194413.1	NW_003854560.1
otoGar3:AAQR03194414	AAQR03194414		AAQR03194414.1	AAQR03194414.1	NW_003854561.1
otoGar3:AAQR03194417	AAQR03194417		AAQR03194417.1	AAQR03194417.1	NW_003854563.1
otoGar3:AAQR03194420	AAQR03194420		AAQR03194420.1	AAQR03194420.1	NW_003854565.1
otoGar3:AAQR03194421	AAQR03194421		AAQR03194421.1	AAQR03194421.1	NW_003854566.1
otoGar3:AAQR03194422	AAQR03194422		AAQR03194422.1	AAQR03194422.1	NW_003854567.1
otoGar3:AAQR03194423	AAQR03194423		AAQR03194423.1	AAQR03194423.1	NW_003854568.1
otoGar3:AAQR03194428	AAQR03194428		AAQR03194428.1	AAQR03194428.1	NW_003854571.1
otoGar3:AAQR03194433	AAQR03194433		AAQR03194433.1	AAQR03194433.1	NW_003854574.1
otoGar3:AAQR03194436	AAQR03194436		AAQR03194436.1	AAQR03194436.1	NW_003854576.1
otoGar3:AAQR03194443	AAQR03194443		AAQR03194443.1	AAQR03194443.1	NW_003854580.1
otoGar3:AAQR03194444	AAQR03194444		AAQR03194444.1	AAQR03194444.1	NW_003854581.1
otoGar3:AAQR03194445	AAQR03194445		AAQR03194445.1	AAQR03194445.1	NW_003854582.1
otoGar3:AAQR03194446	AAQR03194446		AAQR03194446.1	AAQR03194446.1	NW_003854583.1
otoGar3:AAQR03194449	AAQR03194449		AAQR03194449.1	AAQR03194449.1	NW_003854585.1
otoGar3:AAQR03194452	AAQR03194452		AAQR03194452.1	AAQR03194452.1	NW_003854587.1
otoGar3:AAQR03194455	AAQR03194455		AAQR03194455.1	AAQR03194455.1	NW_003854589.1
otoGar3:AAQR03194456	AAQR03194456		AAQR03194456.1	AAQR03194456.1	NW_003854590.1
otoGar3:AAQR03194457	AAQR03194457		AAQR03194457.1	AAQR03194457.1	NW_003854591.1
otoGar3:AAQR03194458	AAQR03194458		AAQR03194458.1	AAQR03194458.1	NW_003854592.1
otoGar3:AAQR03194459	AAQR03194459		AAQR03194459.1	AAQR03194459.1	NW_003854593.1
otoGar3:AAQR03194462	AAQR03194462		AAQR03194462.1	AAQR03194462.1	NW_003854595.1
otoGar3:AAQR03194463	AAQR03194463		AAQR03194463.1	AAQR03194463.1	NW_003854596.1
otoGar3:AAQR03194464	AAQR03194464		AAQR03194464.1	AAQR03194464.1	NW_003854597.1
otoGar3:AAQR03194467	AAQR03194467		AAQR03194467.1	AAQR03194467.1	NW_003854599.1
otoGar3:AAQR03194474	AAQR03194474		AAQR03194474.1	AAQR03194474.1	NW_003854603.1
otoGar3:AAQR03194475	AAQR03194475		AAQR03194475.1	AAQR03194475.1	NW_003854604.1
otoGar3:AAQR03194476	AAQR03194476		AAQR03194476.1	AAQR03194476.1	NW_003854605.1
otoGar3:AAQR03194477	AAQR03194477		AAQR03194477.1	AAQR03194477.1	NW_003854606.1
otoGar3:AAQR03194478	AAQR03194478		AAQR03194478.1	AAQR03194478.1	NW_003854607.1
otoGar3:AAQR03194479	AAQR03194479		AAQR03194479.1	AAQR03194479.1	NW_003854608.1
otoGar3:AAQR03194480	AAQR03194480			AAQR03194480.1	NW_003854609.1
otoGar3:AAQR03194483	AAQR03194483		AAQR03194483.1	AAQR03194483.1	NW_003854611.1
otoGar3:AAQR03194484	AAQR03194484		AAQR03194484.1	AAQR03194484.1	NW_003854612.1
otoGar3:AAQR03194487	AAQR03194487		AAQR03194487.1	AAQR03194487.1	NW_003854614.1
otoGar3:AAQR03194488	AAQR03194488		AAQR03194488.1	AAQR03194488.1	NW_003854615.1
otoGar3:AAQR03194491	AAQR03194491		AAQR03194491.1	AAQR03194491.1	NW_003854617.1
otoGar3:AAQR03194496	AAQR03194496		AAQR03194496.1	AAQR03194496.1	NW_003854620.1
otoGar3:AAQR03194499	AAQR03194499		AAQR03194499.1	AAQR03194499.1	NW_003854622.1
otoGar3:AAQR03194502	AAQR03194502		AAQR03194502.1	AAQR03194502.1	NW_003854624.1
otoGar3:AAQR03194503	AAQR03194503		AAQR03194503.1	AAQR03194503.1	NW_003854625.1
otoGar3:AAQR03194512	AAQR03194512		AAQR03194512.1	AAQR03194512.1	NW_003854630.1
otoGar3:AAQR03194513	AAQR03194513		AAQR03194513.1	AAQR03194513.1	NW_003854631.1
otoGar3:AAQR03194514	AAQR03194514		AAQR03194514.1	AAQR03194514.1	NW_003854632.1
otoGar3:AAQR03194517	AAQR03194517		AAQR03194517.1	AAQR03194517.1	NW_003854634.1
otoGar3:AAQR03194518	AAQR03194518		AAQR03194518.1	AAQR03194518.1	NW_003854635.1
otoGar3:AAQR03194519	AAQR03194519		AAQR03194519.1	AAQR03194519.1	NW_003854636.1
otoGar3:AAQR03194522	AAQR03194522		AAQR03194522.1	AAQR03194522.1	NW_003854638.1
otoGar3:AAQR03194523	AAQR03194523		AAQR03194523.1	AAQR03194523.1	NW_003854639.1
otoGar3:AAQR03194526	AAQR03194526		AAQR03194526.1	AAQR03194526.1	NW_003854641.1
otoGar3:AAQR03194531	AAQR03194531		AAQR03194531.1	AAQR03194531.1	NW_003854644.1
otoGar3:AAQR03194534	AAQR03194534		AAQR03194534.1	AAQR03194534.1	NW_003854646.1
otoGar3:AAQR03194535	AAQR03194535		AAQR03194535.1	AAQR03194535.1	NW_003854647.1
otoGar3:AAQR03194538	AAQR03194538		AAQR03194538.1	AAQR03194538.1	NW_003854649.1
otoGar3:AAQR03194539	AAQR03194539		AAQR03194539.1	AAQR03194539.1	NW_003854650.1
otoGar3:AAQR03194546	AAQR03194546		AAQR03194546.1	AAQR03194546.1	NW_003854654.1
otoGar3:AAQR03194549	AAQR03194549		AAQR03194549.1	AAQR03194549.1	NW_003854656.1
otoGar3:AAQR03194550	AAQR03194550		AAQR03194550.1	AAQR03194550.1	NW_003854657.1
otoGar3:AAQR03194557	AAQR03194557		AAQR03194557.1	AAQR03194557.1	NW_003854661.1
otoGar3:AAQR03194560	AAQR03194560		AAQR03194560.1	AAQR03194560.1	NW_003854663.1
otoGar3:AAQR03194565	AAQR03194565		AAQR03194565.1	AAQR03194565.1	NW_003854666.1
otoGar3:AAQR03194566	AAQR03194566		AAQR03194566.1	AAQR03194566.1	NW_003854667.1
otoGar3:AAQR03194571	AAQR03194571		AAQR03194571.1	AAQR03194571.1	NW_003854670.1
otoGar3:AAQR03194572	AAQR03194572		AAQR03194572.1	AAQR03194572.1	NW_003854671.1
otoGar3:AAQR03194573	AAQR03194573		AAQR03194573.1	AAQR03194573.1	NW_003854672.1
otoGar3:AAQR03194578	AAQR03194578		AAQR03194578.1	AAQR03194578.1	NW_003854675.1
otoGar3:AAQR03194579	AAQR03194579		AAQR03194579.1	AAQR03194579.1	NW_003854676.1
otoGar3:AAQR03194580	AAQR03194580		AAQR03194580.1	AAQR03194580.1	NW_003854677.1
otoGar3:AAQR03194585	AAQR03194585		AAQR03194585.1	AAQR03194585.1	NW_003854680.1
otoGar3:AAQR03194586	AAQR03194586		AAQR03194586.1	AAQR03194586.1	NW_003854681.1
otoGar3:AAQR03194589	AAQR03194589		AAQR03194589.1	AAQR03194589.1	NW_003854683.1
otoGar3:AAQR03194590	AAQR03194590		AAQR03194590.1	AAQR03194590.1	NW_003854684.1
otoGar3:AAQR03194591	AAQR03194591		AAQR03194591.1	AAQR03194591.1	NW_003854685.1
otoGar3:AAQR03194594	AAQR03194594		AAQR03194594.1	AAQR03194594.1	NW_003854687.1
otoGar3:AAQR03194595	AAQR03194595		AAQR03194595.1	AAQR03194595.1	NW_003854688.1
otoGar3:AAQR03194596	AAQR03194596		AAQR03194596.1	AAQR03194596.1	NW_003854689.1
otoGar3:AAQR03194600	AAQR03194600		AAQR03194600.1	AAQR03194600.1	NW_003854691.1
otoGar3:AAQR03194601	AAQR03194601		AAQR03194601.1	AAQR03194601.1	NW_003854692.1
otoGar3:AAQR03194604	AAQR03194604		AAQR03194604.1	AAQR03194604.1	NW_003854694.1
otoGar3:AAQR03194609	AAQR03194609		AAQR03194609.1	AAQR03194609.1	NW_003854697.1
otoGar3:AAQR03194610	AAQR03194610		AAQR03194610.1	AAQR03194610.1	NW_003854698.1
otoGar3:AAQR03194611	AAQR03194611		AAQR03194611.1	AAQR03194611.1	NW_003854699.1
otoGar3:AAQR03194612	AAQR03194612		AAQR03194612.1	AAQR03194612.1	NW_003854700.1
otoGar3:AAQR03194613	AAQR03194613		AAQR03194613.1	AAQR03194613.1	NW_003854701.1
otoGar3:AAQR03194618	AAQR03194618		AAQR03194618.1	AAQR03194618.1	NW_003854704.1
otoGar3:AAQR03194625	AAQR03194625		AAQR03194625.1	AAQR03194625.1	NW_003854708.1
otoGar3:AAQR03194634	AAQR03194634		AAQR03194634.1	AAQR03194634.1	NW_003854713.1
otoGar3:AAQR03194635	AAQR03194635			AAQR03194635.1	NW_003854714.1
otoGar3:AAQR03194636	AAQR03194636		AAQR03194636.1	AAQR03194636.1	NW_003854715.1
otoGar3:AAQR03194639	AAQR03194639		AAQR03194639.1	AAQR03194639.1	NW_003854717.1
otoGar3:AAQR03194640	AAQR03194640		AAQR03194640.1	AAQR03194640.1	NW_003854718.1
otoGar3:AAQR03194641	AAQR03194641		AAQR03194641.1	AAQR03194641.1	NW_003854719.1
otoGar3:AAQR03194642	AAQR03194642		AAQR03194642.1	AAQR03194642.1	NW_003854720.1
otoGar3:AAQR03194653	AAQR03194653		AAQR03194653.1	AAQR03194653.1	NW_003854726.1
otoGar3:AAQR03194656	AAQR03194656		AAQR03194656.1	AAQR03194656.1	NW_003854728.1
otoGar3:AAQR03194657	AAQR03194657		AAQR03194657.1	AAQR03194657.1	NW_003854729.1
otoGar3:AAQR03194658	AAQR03194658		AAQR03194658.1	AAQR03194658.1	NW_003854730.1
otoGar3:AAQR03194661	AAQR03194661		AAQR03194661.1	AAQR03194661.1	NW_003854732.1
otoGar3:AAQR03194662	AAQR03194662		AAQR03194662.1	AAQR03194662.1	NW_003854733.1
otoGar3:AAQR03194665	AAQR03194665		AAQR03194665.1	AAQR03194665.1	NW_003854735.1
otoGar3:AAQR03194666	AAQR03194666		AAQR03194666.1	AAQR03194666.1	NW_003854736.1
otoGar3:AAQR03194669	AAQR03194669		AAQR03194669.1	AAQR03194669.1	NW_003854738.1
otoGar3:AAQR03194674	AAQR03194674		AAQR03194674.1	AAQR03194674.1	NW_003854741.1
otoGar3:AAQR03194675	AAQR03194675		AAQR03194675.1	AAQR03194675.1	NW_003854742.1
otoGar3:AAQR03194676	AAQR03194676		AAQR03194676.1	AAQR03194676.1	NW_003854743.1
otoGar3:AAQR03194677	AAQR03194677		AAQR03194677.1	AAQR03194677.1	NW_003854744.1
otoGar3:AAQR03194682	AAQR03194682		AAQR03194682.1	AAQR03194682.1	NW_003854747.1
otoGar3:AAQR03194683	AAQR03194683		AAQR03194683.1	AAQR03194683.1	NW_003854748.1
otoGar3:AAQR03194684	AAQR03194684		AAQR03194684.1	AAQR03194684.1	NW_003854749.1
otoGar3:AAQR03194685	AAQR03194685		AAQR03194685.1	AAQR03194685.1	NW_003854750.1
otoGar3:AAQR03194686	AAQR03194686		AAQR03194686.1	AAQR03194686.1	NW_003854751.1
otoGar3:AAQR03194687	AAQR03194687		AAQR03194687.1	AAQR03194687.1	NW_003854752.1
otoGar3:AAQR03194688	AAQR03194688		AAQR03194688.1	AAQR03194688.1	NW_003854753.1
otoGar3:AAQR03194689	AAQR03194689		AAQR03194689.1	AAQR03194689.1	NW_003854754.1
otoGar3:AAQR03194698	AAQR03194698		AAQR03194698.1	AAQR03194698.1	NW_003854759.1
otoGar3:AAQR03194701	AAQR03194701		AAQR03194701.1	AAQR03194701.1	NW_003854761.1
otoGar3:AAQR03194702	AAQR03194702		AAQR03194702.1	AAQR03194702.1	NW_003854762.1
otoGar3:AAQR03194703	AAQR03194703		AAQR03194703.1	AAQR03194703.1	NW_003854763.1
otoGar3:AAQR03194704	AAQR03194704		AAQR03194704.1	AAQR03194704.1	NW_003854764.1
otoGar3:AAQR03194707	AAQR03194707		AAQR03194707.1	AAQR03194707.1	NW_003854766.1
otoGar3:AAQR03194708	AAQR03194708		AAQR03194708.1	AAQR03194708.1	NW_003854767.1
otoGar3:AAQR03194709	AAQR03194709			AAQR03194709.1	NW_003854768.1
otoGar3:AAQR03194710	AAQR03194710		AAQR03194710.1	AAQR03194710.1	NW_003854769.1
otoGar3:AAQR03194711	AAQR03194711		AAQR03194711.1	AAQR03194711.1	NW_003854770.1
otoGar3:AAQR03194712	AAQR03194712		AAQR03194712.1	AAQR03194712.1	NW_003854771.1
otoGar3:AAQR03194713	AAQR03194713		AAQR03194713.1	AAQR03194713.1	NW_003854772.1
otoGar3:AAQR03194714	AAQR03194714		AAQR03194714.1	AAQR03194714.1	NW_003854773.1
otoGar3:AAQR03194717	AAQR03194717		AAQR03194717.1	AAQR03194717.1	NW_003854775.1
otoGar3:AAQR03194718	AAQR03194718		AAQR03194718.1	AAQR03194718.1	NW_003854776.1
otoGar3:AAQR03194719	AAQR03194719		AAQR03194719.1	AAQR03194719.1	NW_003854777.1
otoGar3:AAQR03194720	AAQR03194720		AAQR03194720.1	AAQR03194720.1	NW_003854778.1
otoGar3:AAQR03194721	AAQR03194721			AAQR03194721.1	NW_003854779.1
otoGar3:AAQR03194724	AAQR03194724		AAQR03194724.1	AAQR03194724.1	NW_003854781.1
otoGar3:AAQR03194725	AAQR03194725		AAQR03194725.1	AAQR03194725.1	NW_003854782.1
otoGar3:AAQR03194726	AAQR03194726		AAQR03194726.1	AAQR03194726.1	NW_003854783.1
otoGar3:AAQR03194731	AAQR03194731		AAQR03194731.1	AAQR03194731.1	NW_003854786.1
otoGar3:AAQR03194736	AAQR03194736		AAQR03194736.1	AAQR03194736.1	NW_003854789.1
otoGar3:AAQR03194739	AAQR03194739		AAQR03194739.1	AAQR03194739.1	NW_003854791.1
otoGar3:AAQR03194746	AAQR03194746		AAQR03194746.1	AAQR03194746.1	NW_003854795.1
otoGar3:AAQR03194749	AAQR03194749		AAQR03194749.1	AAQR03194749.1	NW_003854797.1
otoGar3:AAQR03194750	AAQR03194750		AAQR03194750.1	AAQR03194750.1	NW_003854798.1
otoGar3:AAQR03194753	AAQR03194753		AAQR03194753.1	AAQR03194753.1	NW_003854800.1
otoGar3:AAQR03194754	AAQR03194754		AAQR03194754.1	AAQR03194754.1	NW_003854801.1
otoGar3:AAQR03194755	AAQR03194755		AAQR03194755.1	AAQR03194755.1	NW_003854802.1
otoGar3:AAQR03194758	AAQR03194758		AAQR03194758.1	AAQR03194758.1	NW_003854804.1
otoGar3:AAQR03194761	AAQR03194761		AAQR03194761.1	AAQR03194761.1	NW_003854806.1
otoGar3:AAQR03194762	AAQR03194762		AAQR03194762.1	AAQR03194762.1	NW_003854807.1
otoGar3:AAQR03194763	AAQR03194763		AAQR03194763.1	AAQR03194763.1	NW_003854808.1
otoGar3:AAQR03194764	AAQR03194764		AAQR03194764.1	AAQR03194764.1	NW_003854809.1
otoGar3:AAQR03194771	AAQR03194771		AAQR03194771.1	AAQR03194771.1	NW_003854813.1
otoGar3:AAQR03194772	AAQR03194772		AAQR03194772.1	AAQR03194772.1	NW_003854814.1
otoGar3:AAQR03194773	AAQR03194773			AAQR03194773.1	NW_003854815.1
otoGar3:AAQR03194774	AAQR03194774		AAQR03194774.1	AAQR03194774.1	NW_003854816.1
otoGar3:AAQR03194775	AAQR03194775			AAQR03194775.1	NW_003854817.1
otoGar3:AAQR03194776	AAQR03194776		AAQR03194776.1	AAQR03194776.1	NW_003854818.1
otoGar3:AAQR03194779	AAQR03194779		AAQR03194779.1	AAQR03194779.1	NW_003854820.1
otoGar3:AAQR03194780	AAQR03194780		AAQR03194780.1	AAQR03194780.1	NW_003854821.1
otoGar3:AAQR03194783	AAQR03194783		AAQR03194783.1	AAQR03194783.1	NW_003854823.1
otoGar3:AAQR03194784	AAQR03194784		AAQR03194784.1	AAQR03194784.1	NW_003854824.1
otoGar3:AAQR03194785	AAQR03194785		AAQR03194785.1	AAQR03194785.1	NW_003854825.1
otoGar3:AAQR03194786	AAQR03194786		AAQR03194786.1	AAQR03194786.1	NW_003854826.1
otoGar3:AAQR03194787	AAQR03194787		AAQR03194787.1	AAQR03194787.1	NW_003854827.1
otoGar3:AAQR03194790	AAQR03194790		AAQR03194790.1	AAQR03194790.1	NW_003854829.1
otoGar3:AAQR03194791	AAQR03194791		AAQR03194791.1	AAQR03194791.1	NW_003854830.1
otoGar3:AAQR03194792	AAQR03194792		AAQR03194792.1	AAQR03194792.1	NW_003854831.1
otoGar3:AAQR03194793	AAQR03194793		AAQR03194793.1	AAQR03194793.1	NW_003854832.1
otoGar3:AAQR03194794	AAQR03194794		AAQR03194794.1	AAQR03194794.1	NW_003854833.1
otoGar3:AAQR03194799	AAQR03194799		AAQR03194799.1	AAQR03194799.1	NW_003854836.1
otoGar3:AAQR03194800	AAQR03194800		AAQR03194800.1	AAQR03194800.1	NW_003854837.1
otoGar3:AAQR03194801	AAQR03194801		AAQR03194801.1	AAQR03194801.1	NW_003854838.1
otoGar3:AAQR03194802	AAQR03194802		AAQR03194802.1	AAQR03194802.1	NW_003854839.1
otoGar3:AAQR03194807	AAQR03194807		AAQR03194807.1	AAQR03194807.1	NW_003854842.1
otoGar3:AAQR03194808	AAQR03194808		AAQR03194808.1	AAQR03194808.1	NW_003854843.1
otoGar3:AAQR03194809	AAQR03194809		AAQR03194809.1	AAQR03194809.1	NW_003854844.1
otoGar3:AAQR03194810	AAQR03194810		AAQR03194810.1	AAQR03194810.1	NW_003854845.1
otoGar3:AAQR03194811	AAQR03194811		AAQR03194811.1	AAQR03194811.1	NW_003854846.1
otoGar3:AAQR03194812	AAQR03194812		AAQR03194812.1	AAQR03194812.1	NW_003854847.1
otoGar3:AAQR03194823	AAQR03194823		AAQR03194823.1	AAQR03194823.1	NW_003854853.1
otoGar3:AAQR03194824	AAQR03194824		AAQR03194824.1	AAQR03194824.1	NW_003854854.1
otoGar3:AAQR03194825	AAQR03194825		AAQR03194825.1	AAQR03194825.1	NW_003854855.1
otoGar3:AAQR03194826	AAQR03194826		AAQR03194826.1	AAQR03194826.1	NW_003854856.1
otoGar3:AAQR03194829	AAQR03194829		AAQR03194829.1	AAQR03194829.1	NW_003854858.1
otoGar3:AAQR03194832	AAQR03194832		AAQR03194832.1	AAQR03194832.1	NW_003854860.1
otoGar3:AAQR03194835	AAQR03194835		AAQR03194835.1	AAQR03194835.1	NW_003854862.1
otoGar3:AAQR03194836	AAQR03194836		AAQR03194836.1	AAQR03194836.1	NW_003854863.1
otoGar3:AAQR03194839	AAQR03194839		AAQR03194839.1	AAQR03194839.1	NW_003854865.1
otoGar3:AAQR03194840	AAQR03194840		AAQR03194840.1	AAQR03194840.1	NW_003854866.1
otoGar3:AAQR03194841	AAQR03194841		AAQR03194841.1	AAQR03194841.1	NW_003854867.1
otoGar3:AAQR03194842	AAQR03194842		AAQR03194842.1	AAQR03194842.1	NW_003854868.1
otoGar3:AAQR03194843	AAQR03194843		AAQR03194843.1	AAQR03194843.1	NW_003854869.1
otoGar3:AAQR03194844	AAQR03194844		AAQR03194844.1	AAQR03194844.1	NW_003854870.1
otoGar3:AAQR03194845	AAQR03194845		AAQR03194845.1	AAQR03194845.1	NW_003854871.1
otoGar3:AAQR03194848	AAQR03194848		AAQR03194848.1	AAQR03194848.1	NW_003854873.1
otoGar3:AAQR03194851	AAQR03194851		AAQR03194851.1	AAQR03194851.1	NW_003854875.1
otoGar3:AAQR03194854	AAQR03194854		AAQR03194854.1	AAQR03194854.1	NW_003854877.1
otoGar3:AAQR03194857	AAQR03194857		AAQR03194857.1	AAQR03194857.1	NW_003854879.1
otoGar3:AAQR03194858	AAQR03194858		AAQR03194858.1	AAQR03194858.1	NW_003854880.1
otoGar3:AAQR03194859	AAQR03194859		AAQR03194859.1	AAQR03194859.1	NW_003854881.1
otoGar3:AAQR03194862	AAQR03194862		AAQR03194862.1	AAQR03194862.1	NW_003854883.1
otoGar3:AAQR03194863	AAQR03194863		AAQR03194863.1	AAQR03194863.1	NW_003854884.1
otoGar3:AAQR03194864	AAQR03194864		AAQR03194864.1	AAQR03194864.1	NW_003854885.1
otoGar3:AAQR03194865	AAQR03194865		AAQR03194865.1	AAQR03194865.1	NW_003854886.1
otoGar3:AAQR03194866	AAQR03194866		AAQR03194866.1	AAQR03194866.1	NW_003854887.1
otoGar3:AAQR03194867	AAQR03194867		AAQR03194867.1	AAQR03194867.1	NW_003854888.1
otoGar3:AAQR03194870	AAQR03194870			AAQR03194870.1	NW_003854890.1
otoGar3:AAQR03194873	AAQR03194873		AAQR03194873.1	AAQR03194873.1	NW_003854892.1
otoGar3:AAQR03194874	AAQR03194874		AAQR03194874.1	AAQR03194874.1	NW_003854893.1
otoGar3:AAQR03194875	AAQR03194875		AAQR03194875.1	AAQR03194875.1	NW_003854894.1
otoGar3:AAQR03194876	AAQR03194876		AAQR03194876.1	AAQR03194876.1	NW_003854895.1
otoGar3:AAQR03194877	AAQR03194877		AAQR03194877.1	AAQR03194877.1	NW_003854896.1
otoGar3:AAQR03194878	AAQR03194878		AAQR03194878.1	AAQR03194878.1	NW_003854897.1
otoGar3:AAQR03194881	AAQR03194881		AAQR03194881.1	AAQR03194881.1	NW_003854899.1
otoGar3:AAQR03194882	AAQR03194882		AAQR03194882.1	AAQR03194882.1	NW_003854900.1
otoGar3:AAQR03194883	AAQR03194883		AAQR03194883.1	AAQR03194883.1	NW_003854901.1
otoGar3:AAQR03194886	AAQR03194886		AAQR03194886.1	AAQR03194886.1	NW_003854903.1
otoGar3:AAQR03194887	AAQR03194887		AAQR03194887.1	AAQR03194887.1	NW_003854904.1
otoGar3:AAQR03194892	AAQR03194892		AAQR03194892.1	AAQR03194892.1	NW_003854907.1
otoGar3:AAQR03194893	AAQR03194893		AAQR03194893.1	AAQR03194893.1	NW_003854908.1
otoGar3:AAQR03194894	AAQR03194894		AAQR03194894.1	AAQR03194894.1	NW_003854909.1
otoGar3:AAQR03194895	AAQR03194895		AAQR03194895.1	AAQR03194895.1	NW_003854910.1
otoGar3:AAQR03194896	AAQR03194896		AAQR03194896.1	AAQR03194896.1	NW_003854911.1
otoGar3:AAQR03194897	AAQR03194897		AAQR03194897.1	AAQR03194897.1	NW_003854912.1
otoGar3:AAQR03194898	AAQR03194898		AAQR03194898.1	AAQR03194898.1	NW_003854913.1
otoGar3:AAQR03194899	AAQR03194899		AAQR03194899.1	AAQR03194899.1	NW_003854914.1
otoGar3:AAQR03194900	AAQR03194900		AAQR03194900.1	AAQR03194900.1	NW_003854915.1
otoGar3:AAQR03194901	AAQR03194901		AAQR03194901.1	AAQR03194901.1	NW_003854916.1
otoGar3:AAQR03194902	AAQR03194902		AAQR03194902.1	AAQR03194902.1	NW_003854917.1
otoGar3:AAQR03194905	AAQR03194905		AAQR03194905.1	AAQR03194905.1	NW_003854919.1
otoGar3:AAQR03194906	AAQR03194906		AAQR03194906.1	AAQR03194906.1	NW_003854920.1
otoGar3:AAQR03194907	AAQR03194907		AAQR03194907.1	AAQR03194907.1	NW_003854921.1
otoGar3:AAQR03194908	AAQR03194908		AAQR03194908.1	AAQR03194908.1	NW_003854922.1
otoGar3:AAQR03194909	AAQR03194909		AAQR03194909.1	AAQR03194909.1	NW_003854923.1
otoGar3:AAQR03194912	AAQR03194912		AAQR03194912.1	AAQR03194912.1	NW_003854925.1
otoGar3:AAQR03194913	AAQR03194913		AAQR03194913.1	AAQR03194913.1	NW_003854926.1
otoGar3:AAQR03194914	AAQR03194914		AAQR03194914.1	AAQR03194914.1	NW_003854927.1
otoGar3:AAQR03194915	AAQR03194915			AAQR03194915.1	NW_003854928.1
otoGar3:AAQR03194916	AAQR03194916		AAQR03194916.1	AAQR03194916.1	NW_003854929.1
otoGar3:AAQR03194917	AAQR03194917		AAQR03194917.1	AAQR03194917.1	NW_003854930.1
otoGar3:AAQR03194918	AAQR03194918		AAQR03194918.1	AAQR03194918.1	NW_003854931.1
otoGar3:AAQR03194919	AAQR03194919		AAQR03194919.1	AAQR03194919.1	NW_003854932.1
otoGar3:AAQR03194920	AAQR03194920		AAQR03194920.1	AAQR03194920.1	NW_003854933.1
otoGar3:AAQR03194921	AAQR03194921		AAQR03194921.1	AAQR03194921.1	NW_003854934.1
otoGar3:AAQR03194922	AAQR03194922		AAQR03194922.1	AAQR03194922.1	NW_003854935.1
otoGar3:AAQR03194925	AAQR03194925		AAQR03194925.1	AAQR03194925.1	NW_003854937.1
otoGar3:AAQR03194926	AAQR03194926		AAQR03194926.1	AAQR03194926.1	NW_003854938.1
otoGar3:AAQR03194927	AAQR03194927		AAQR03194927.1	AAQR03194927.1	NW_003854939.1
otoGar3:AAQR03194928	AAQR03194928		AAQR03194928.1	AAQR03194928.1	NW_003854940.1
otoGar3:AAQR03194931	AAQR03194931		AAQR03194931.1	AAQR03194931.1	NW_003854942.1
otoGar3:AAQR03194932	AAQR03194932		AAQR03194932.1	AAQR03194932.1	NW_003854943.1
otoGar3:AAQR03194933	AAQR03194933		AAQR03194933.1	AAQR03194933.1	NW_003854944.1
otoGar3:AAQR03194934	AAQR03194934		AAQR03194934.1	AAQR03194934.1	NW_003854945.1
otoGar3:AAQR03194935	AAQR03194935		AAQR03194935.1	AAQR03194935.1	NW_003854946.1
otoGar3:AAQR03194938	AAQR03194938		AAQR03194938.1	AAQR03194938.1	NW_003854948.1
otoGar3:AAQR03194939	AAQR03194939		AAQR03194939.1	AAQR03194939.1	NW_003854949.1
otoGar3:AAQR03194940	AAQR03194940		AAQR03194940.1	AAQR03194940.1	NW_003854950.1
otoGar3:AAQR03194941	AAQR03194941		AAQR03194941.1	AAQR03194941.1	NW_003854951.1
otoGar3:AAQR03194942	AAQR03194942		AAQR03194942.1	AAQR03194942.1	NW_003854952.1
otoGar3:AAQR03194943	AAQR03194943		AAQR03194943.1	AAQR03194943.1	NW_003854953.1
otoGar3:AAQR03194944	AAQR03194944		AAQR03194944.1	AAQR03194944.1	NW_003854954.1
otoGar3:AAQR03194945	AAQR03194945		AAQR03194945.1	AAQR03194945.1	NW_003854955.1
otoGar3:AAQR03194946	AAQR03194946		AAQR03194946.1	AAQR03194946.1	NW_003854956.1
otoGar3:AAQR03194947	AAQR03194947		AAQR03194947.1	AAQR03194947.1	NW_003854957.1
otoGar3:AAQR03194948	AAQR03194948		AAQR03194948.1	AAQR03194948.1	NW_003854958.1
otoGar3:AAQR03194949	AAQR03194949		AAQR03194949.1	AAQR03194949.1	NW_003854959.1
otoGar3:AAQR03194952	AAQR03194952		AAQR03194952.1	AAQR03194952.1	NW_003854961.1
otoGar3:AAQR03194953	AAQR03194953		AAQR03194953.1	AAQR03194953.1	NW_003854962.1
otoGar3:AAQR03194954	AAQR03194954		AAQR03194954.1	AAQR03194954.1	NW_003854963.1
otoGar3:AAQR03194955	AAQR03194955		AAQR03194955.1	AAQR03194955.1	NW_003854964.1
otoGar3:AAQR03194958	AAQR03194958		AAQR03194958.1	AAQR03194958.1	NW_003854966.1
otoGar3:AAQR03194959	AAQR03194959		AAQR03194959.1	AAQR03194959.1	NW_003854967.1
otoGar3:AAQR03194960	AAQR03194960		AAQR03194960.1	AAQR03194960.1	NW_003854968.1
otoGar3:AAQR03194963	AAQR03194963		AAQR03194963.1	AAQR03194963.1	NW_003854970.1
otoGar3:AAQR03194964	AAQR03194964		AAQR03194964.1	AAQR03194964.1	NW_003854971.1
otoGar3:AAQR03194965	AAQR03194965		AAQR03194965.1	AAQR03194965.1	NW_003854972.1
otoGar3:AAQR03194970	AAQR03194970		AAQR03194970.1	AAQR03194970.1	NW_003854975.1
otoGar3:AAQR03194971	AAQR03194971		AAQR03194971.1	AAQR03194971.1	NW_003854976.1
otoGar3:AAQR03194972	AAQR03194972		AAQR03194972.1	AAQR03194972.1	NW_003854977.1
otoGar3:AAQR03194973	AAQR03194973		AAQR03194973.1	AAQR03194973.1	NW_003854978.1
otoGar3:AAQR03194974	AAQR03194974		AAQR03194974.1	AAQR03194974.1	NW_003854979.1
otoGar3:AAQR03194975	AAQR03194975		AAQR03194975.1	AAQR03194975.1	NW_003854980.1
otoGar3:AAQR03194976	AAQR03194976		AAQR03194976.1	AAQR03194976.1	NW_003854981.1
otoGar3:AAQR03194977	AAQR03194977		AAQR03194977.1	AAQR03194977.1	NW_003854982.1
otoGar3:AAQR03194978	AAQR03194978		AAQR03194978.1	AAQR03194978.1	NW_003854983.1
otoGar3:AAQR03194979	AAQR03194979		AAQR03194979.1	AAQR03194979.1	NW_003854984.1
otoGar3:AAQR03194980	AAQR03194980		AAQR03194980.1	AAQR03194980.1	NW_003854985.1
otoGar3:AAQR03194981	AAQR03194981		AAQR03194981.1	AAQR03194981.1	NW_003854986.1
otoGar3:AAQR03194982	AAQR03194982		AAQR03194982.1	AAQR03194982.1	NW_003854987.1
otoGar3:AAQR03194987	AAQR03194987		AAQR03194987.1	AAQR03194987.1	NW_003854990.1
otoGar3:AAQR03194988	AAQR03194988		AAQR03194988.1	AAQR03194988.1	NW_003854991.1
otoGar3:AAQR03194993	AAQR03194993		AAQR03194993.1	AAQR03194993.1	NW_003854994.1
otoGar3:AAQR03194994	AAQR03194994		AAQR03194994.1	AAQR03194994.1	NW_003854995.1
otoGar3:AAQR03194995	AAQR03194995		AAQR03194995.1	AAQR03194995.1	NW_003854996.1
otoGar3:AAQR03194998	AAQR03194998		AAQR03194998.1	AAQR03194998.1	NW_003854998.1
otoGar3:AAQR03194999	AAQR03194999		AAQR03194999.1	AAQR03194999.1	NW_003854999.1
otoGar3:AAQR03195000	AAQR03195000		AAQR03195000.1	AAQR03195000.1	NW_003855000.1
otoGar3:AAQR03195001	AAQR03195001		AAQR03195001.1	AAQR03195001.1	NW_003855001.1
otoGar3:AAQR03195006	AAQR03195006		AAQR03195006.1	AAQR03195006.1	NW_003855004.1
otoGar3:AAQR03195007	AAQR03195007		AAQR03195007.1	AAQR03195007.1	NW_003855005.1
otoGar3:AAQR03195010	AAQR03195010		AAQR03195010.1	AAQR03195010.1	NW_003855007.1
otoGar3:AAQR03195011	AAQR03195011		AAQR03195011.1	AAQR03195011.1	NW_003855008.1
otoGar3:AAQR03195012	AAQR03195012			AAQR03195012.1	NW_003855009.1
otoGar3:AAQR03195015	AAQR03195015		AAQR03195015.1	AAQR03195015.1	NW_003855011.1
otoGar3:AAQR03195016	AAQR03195016		AAQR03195016.1	AAQR03195016.1	NW_003855012.1
otoGar3:AAQR03195017	AAQR03195017		AAQR03195017.1	AAQR03195017.1	NW_003855013.1
otoGar3:AAQR03195018	AAQR03195018		AAQR03195018.1	AAQR03195018.1	NW_003855014.1
otoGar3:AAQR03195021	AAQR03195021		AAQR03195021.1	AAQR03195021.1	NW_003855016.1
otoGar3:AAQR03195024	AAQR03195024		AAQR03195024.1	AAQR03195024.1	NW_003855018.1
otoGar3:AAQR03195025	AAQR03195025		AAQR03195025.1	AAQR03195025.1	NW_003855019.1
otoGar3:AAQR03195026	AAQR03195026		AAQR03195026.1	AAQR03195026.1	NW_003855020.1
otoGar3:AAQR03195027	AAQR03195027		AAQR03195027.1	AAQR03195027.1	NW_003855021.1
otoGar3:AAQR03195030	AAQR03195030		AAQR03195030.1	AAQR03195030.1	NW_003855023.1
otoGar3:AAQR03195031	AAQR03195031		AAQR03195031.1	AAQR03195031.1	NW_003855024.1
otoGar3:AAQR03195032	AAQR03195032		AAQR03195032.1	AAQR03195032.1	NW_003855025.1
otoGar3:AAQR03195033	AAQR03195033		AAQR03195033.1	AAQR03195033.1	NW_003855026.1
otoGar3:AAQR03195034	AAQR03195034		AAQR03195034.1	AAQR03195034.1	NW_003855027.1
otoGar3:AAQR03195035	AAQR03195035		AAQR03195035.1	AAQR03195035.1	NW_003855028.1
otoGar3:AAQR03195036	AAQR03195036		AAQR03195036.1	AAQR03195036.1	NW_003855029.1
otoGar3:AAQR03195037	AAQR03195037		AAQR03195037.1	AAQR03195037.1	NW_003855030.1
otoGar3:AAQR03195038	AAQR03195038		AAQR03195038.1	AAQR03195038.1	NW_003855031.1
otoGar3:AAQR03195039	AAQR03195039		AAQR03195039.1	AAQR03195039.1	NW_003855032.1
otoGar3:AAQR03195040	AAQR03195040		AAQR03195040.1	AAQR03195040.1	NW_003855033.1
otoGar3:AAQR03195041	AAQR03195041		AAQR03195041.1	AAQR03195041.1	NW_003855034.1
otoGar3:AAQR03195042	AAQR03195042		AAQR03195042.1	AAQR03195042.1	NW_003855035.1
otoGar3:AAQR03195043	AAQR03195043		AAQR03195043.1	AAQR03195043.1	NW_003855036.1
otoGar3:AAQR03195044	AAQR03195044		AAQR03195044.1	AAQR03195044.1	NW_003855037.1
otoGar3:AAQR03195045	AAQR03195045		AAQR03195045.1	AAQR03195045.1	NW_003855038.1
otoGar3:AAQR03195046	AAQR03195046			AAQR03195046.1	NW_003855039.1
otoGar3:AAQR03195047	AAQR03195047		AAQR03195047.1	AAQR03195047.1	NW_003855040.1
otoGar3:AAQR03195048	AAQR03195048		AAQR03195048.1	AAQR03195048.1	NW_003855041.1
otoGar3:AAQR03195049	AAQR03195049		AAQR03195049.1	AAQR03195049.1	NW_003855042.1
otoGar3:AAQR03195052	AAQR03195052		AAQR03195052.1	AAQR03195052.1	NW_003855044.1
otoGar3:AAQR03195053	AAQR03195053		AAQR03195053.1	AAQR03195053.1	NW_003855045.1
otoGar3:AAQR03195054	AAQR03195054		AAQR03195054.1	AAQR03195054.1	NW_003855046.1
otoGar3:AAQR03195055	AAQR03195055		AAQR03195055.1	AAQR03195055.1	NW_003855047.1
otoGar3:AAQR03195056	AAQR03195056		AAQR03195056.1	AAQR03195056.1	NW_003855048.1
otoGar3:AAQR03195057	AAQR03195057		AAQR03195057.1	AAQR03195057.1	NW_003855049.1
otoGar3:AAQR03195058	AAQR03195058		AAQR03195058.1	AAQR03195058.1	NW_003855050.1
otoGar3:AAQR03195059	AAQR03195059		AAQR03195059.1	AAQR03195059.1	NW_003855051.1
otoGar3:AAQR03195060	AAQR03195060		AAQR03195060.1	AAQR03195060.1	NW_003855052.1
otoGar3:AAQR03195061	AAQR03195061		AAQR03195061.1	AAQR03195061.1	NW_003855053.1
otoGar3:AAQR03195062	AAQR03195062			AAQR03195062.1	NW_003855054.1
otoGar3:AAQR03195065	AAQR03195065		AAQR03195065.1	AAQR03195065.1	NW_003855056.1
otoGar3:AAQR03195066	AAQR03195066			AAQR03195066.1	NW_003855057.1
otoGar3:AAQR03195067	AAQR03195067		AAQR03195067.1	AAQR03195067.1	NW_003855058.1
otoGar3:AAQR03195068	AAQR03195068		AAQR03195068.1	AAQR03195068.1	NW_003855059.1
otoGar3:AAQR03195069	AAQR03195069		AAQR03195069.1	AAQR03195069.1	NW_003855060.1
otoGar3:AAQR03195070	AAQR03195070		AAQR03195070.1	AAQR03195070.1	NW_003855061.1
otoGar3:AAQR03195071	AAQR03195071		AAQR03195071.1	AAQR03195071.1	NW_003855062.1
otoGar3:AAQR03195072	AAQR03195072		AAQR03195072.1	AAQR03195072.1	NW_003855063.1
otoGar3:AAQR03195073	AAQR03195073		AAQR03195073.1	AAQR03195073.1	NW_003855064.1
otoGar3:AAQR03195074	AAQR03195074		AAQR03195074.1	AAQR03195074.1	NW_003855065.1
otoGar3:AAQR03195075	AAQR03195075		AAQR03195075.1	AAQR03195075.1	NW_003855066.1
otoGar3:AAQR03195078	AAQR03195078		AAQR03195078.1	AAQR03195078.1	NW_003855068.1
otoGar3:AAQR03195079	AAQR03195079			AAQR03195079.1	NW_003855069.1
otoGar3:AAQR03195080	AAQR03195080		AAQR03195080.1	AAQR03195080.1	NW_003855070.1
otoGar3:AAQR03195083	AAQR03195083		AAQR03195083.1	AAQR03195083.1	NW_003855072.1
otoGar3:AAQR03195084	AAQR03195084		AAQR03195084.1	AAQR03195084.1	NW_003855073.1
otoGar3:AAQR03195085	AAQR03195085		AAQR03195085.1	AAQR03195085.1	NW_003855074.1
otoGar3:AAQR03195086	AAQR03195086		AAQR03195086.1	AAQR03195086.1	NW_003855075.1
otoGar3:AAQR03195087	AAQR03195087		AAQR03195087.1	AAQR03195087.1	NW_003855076.1
otoGar3:AAQR03195088	AAQR03195088		AAQR03195088.1	AAQR03195088.1	NW_003855077.1
otoGar3:AAQR03195089	AAQR03195089			AAQR03195089.1	NW_003855078.1
otoGar3:AAQR03195092	AAQR03195092		AAQR03195092.1	AAQR03195092.1	NW_003855080.1
otoGar3:AAQR03195093	AAQR03195093		AAQR03195093.1	AAQR03195093.1	NW_003855081.1
otoGar3:AAQR03195094	AAQR03195094		AAQR03195094.1	AAQR03195094.1	NW_003855082.1
otoGar3:AAQR03195097	AAQR03195097		AAQR03195097.1	AAQR03195097.1	NW_003855084.1
otoGar3:AAQR03195098	AAQR03195098		AAQR03195098.1	AAQR03195098.1	NW_003855085.1
otoGar3:AAQR03195099	AAQR03195099		AAQR03195099.1	AAQR03195099.1	NW_003855086.1
otoGar3:AAQR03195100	AAQR03195100			AAQR03195100.1	NW_003855087.1
otoGar3:AAQR03195101	AAQR03195101		AAQR03195101.1	AAQR03195101.1	NW_003855088.1
otoGar3:AAQR03195102	AAQR03195102		AAQR03195102.1	AAQR03195102.1	NW_003855089.1
otoGar3:AAQR03195105	AAQR03195105		AAQR03195105.1	AAQR03195105.1	NW_003855091.1
otoGar3:AAQR03195106	AAQR03195106		AAQR03195106.1	AAQR03195106.1	NW_003855092.1
otoGar3:AAQR03195107	AAQR03195107		AAQR03195107.1	AAQR03195107.1	NW_003855093.1
otoGar3:AAQR03195108	AAQR03195108		AAQR03195108.1	AAQR03195108.1	NW_003855094.1
otoGar3:AAQR03195109	AAQR03195109		AAQR03195109.1	AAQR03195109.1	NW_003855095.1
otoGar3:AAQR03195110	AAQR03195110		AAQR03195110.1	AAQR03195110.1	NW_003855096.1
otoGar3:AAQR03195111	AAQR03195111		AAQR03195111.1	AAQR03195111.1	NW_003855097.1
otoGar3:AAQR03195112	AAQR03195112		AAQR03195112.1	AAQR03195112.1	NW_003855098.1
otoGar3:AAQR03195113	AAQR03195113		AAQR03195113.1	AAQR03195113.1	NW_003855099.1
otoGar3:AAQR03195114	AAQR03195114		AAQR03195114.1	AAQR03195114.1	NW_003855100.1
otoGar3:AAQR03195117	AAQR03195117		AAQR03195117.1	AAQR03195117.1	NW_003855102.1
otoGar3:AAQR03195120	AAQR03195120		AAQR03195120.1	AAQR03195120.1	NW_003855104.1
otoGar3:AAQR03195121	AAQR03195121		AAQR03195121.1	AAQR03195121.1	NW_003855105.1
otoGar3:AAQR03195122	AAQR03195122		AAQR03195122.1	AAQR03195122.1	NW_003855106.1
otoGar3:AAQR03195123	AAQR03195123		AAQR03195123.1	AAQR03195123.1	NW_003855107.1
otoGar3:AAQR03195124	AAQR03195124		AAQR03195124.1	AAQR03195124.1	NW_003855108.1
otoGar3:AAQR03195125	AAQR03195125		AAQR03195125.1	AAQR03195125.1	NW_003855109.1
otoGar3:AAQR03195126	AAQR03195126		AAQR03195126.1	AAQR03195126.1	NW_003855110.1
otoGar3:AAQR03195129	AAQR03195129		AAQR03195129.1	AAQR03195129.1	NW_003855112.1
otoGar3:AAQR03195132	AAQR03195132		AAQR03195132.1	AAQR03195132.1	NW_003855114.1
otoGar3:AAQR03195133	AAQR03195133		AAQR03195133.1	AAQR03195133.1	NW_003855115.1
otoGar3:AAQR03195134	AAQR03195134		AAQR03195134.1	AAQR03195134.1	NW_003855116.1
otoGar3:AAQR03195135	AAQR03195135		AAQR03195135.1	AAQR03195135.1	NW_003855117.1
otoGar3:AAQR03195136	AAQR03195136		AAQR03195136.1	AAQR03195136.1	NW_003855118.1
otoGar3:AAQR03195137	AAQR03195137		AAQR03195137.1	AAQR03195137.1	NW_003855119.1
otoGar3:AAQR03195138	AAQR03195138		AAQR03195138.1	AAQR03195138.1	NW_003855120.1
otoGar3:AAQR03195139	AAQR03195139		AAQR03195139.1	AAQR03195139.1	NW_003855121.1
otoGar3:AAQR03195142	AAQR03195142		AAQR03195142.1	AAQR03195142.1	NW_003855123.1
otoGar3:AAQR03195145	AAQR03195145		AAQR03195145.1	AAQR03195145.1	NW_003855125.1
otoGar3:AAQR03195146	AAQR03195146		AAQR03195146.1	AAQR03195146.1	NW_003855126.1
otoGar3:AAQR03195147	AAQR03195147		AAQR03195147.1	AAQR03195147.1	NW_003855127.1
otoGar3:AAQR03195148	AAQR03195148		AAQR03195148.1	AAQR03195148.1	NW_003855128.1
otoGar3:AAQR03195151	AAQR03195151		AAQR03195151.1	AAQR03195151.1	NW_003855130.1
otoGar3:AAQR03195152	AAQR03195152		AAQR03195152.1	AAQR03195152.1	NW_003855131.1
otoGar3:AAQR03195153	AAQR03195153		AAQR03195153.1	AAQR03195153.1	NW_003855132.1
otoGar3:AAQR03195154	AAQR03195154		AAQR03195154.1	AAQR03195154.1	NW_003855133.1
otoGar3:AAQR03195155	AAQR03195155		AAQR03195155.1	AAQR03195155.1	NW_003855134.1
otoGar3:AAQR03195156	AAQR03195156		AAQR03195156.1	AAQR03195156.1	NW_003855135.1
otoGar3:AAQR03195157	AAQR03195157		AAQR03195157.1	AAQR03195157.1	NW_003855136.1
otoGar3:AAQR03195160	AAQR03195160		AAQR03195160.1	AAQR03195160.1	NW_003855138.1
otoGar3:AAQR03195161	AAQR03195161		AAQR03195161.1	AAQR03195161.1	NW_003855139.1
otoGar3:AAQR03195162	AAQR03195162		AAQR03195162.1	AAQR03195162.1	NW_003855140.1
otoGar3:AAQR03195163	AAQR03195163		AAQR03195163.1	AAQR03195163.1	NW_003855141.1
otoGar3:AAQR03195164	AAQR03195164		AAQR03195164.1	AAQR03195164.1	NW_003855142.1
otoGar3:AAQR03195165	AAQR03195165		AAQR03195165.1	AAQR03195165.1	NW_003855143.1
otoGar3:AAQR03195166	AAQR03195166		AAQR03195166.1	AAQR03195166.1	NW_003855144.1
otoGar3:AAQR03195167	AAQR03195167		AAQR03195167.1	AAQR03195167.1	NW_003855145.1
otoGar3:AAQR03195168	AAQR03195168		AAQR03195168.1	AAQR03195168.1	NW_003855146.1
otoGar3:AAQR03195169	AAQR03195169		AAQR03195169.1	AAQR03195169.1	NW_003855147.1
otoGar3:AAQR03195170	AAQR03195170		AAQR03195170.1	AAQR03195170.1	NW_003855148.1
otoGar3:AAQR03195175	AAQR03195175		AAQR03195175.1	AAQR03195175.1	NW_003855151.1
otoGar3:AAQR03195176	AAQR03195176		AAQR03195176.1	AAQR03195176.1	NW_003855152.1
otoGar3:AAQR03195177	AAQR03195177		AAQR03195177.1	AAQR03195177.1	NW_003855153.1
otoGar3:AAQR03195178	AAQR03195178			AAQR03195178.1	NW_003855154.1
otoGar3:AAQR03195181	AAQR03195181		AAQR03195181.1	AAQR03195181.1	NW_003855156.1
otoGar3:AAQR03195182	AAQR03195182		AAQR03195182.1	AAQR03195182.1	NW_003855157.1
otoGar3:AAQR03195183	AAQR03195183		AAQR03195183.1	AAQR03195183.1	NW_003855158.1
otoGar3:AAQR03195184	AAQR03195184		AAQR03195184.1	AAQR03195184.1	NW_003855159.1
otoGar3:AAQR03195185	AAQR03195185		AAQR03195185.1	AAQR03195185.1	NW_003855160.1
otoGar3:AAQR03195192	AAQR03195192		AAQR03195192.1	AAQR03195192.1	NW_003855164.1
otoGar3:AAQR03195193	AAQR03195193		AAQR03195193.1	AAQR03195193.1	NW_003855165.1
otoGar3:AAQR03195194	AAQR03195194		AAQR03195194.1	AAQR03195194.1	NW_003855166.1
otoGar3:AAQR03195195	AAQR03195195		AAQR03195195.1	AAQR03195195.1	NW_003855167.1
otoGar3:AAQR03195196	AAQR03195196			AAQR03195196.1	NW_003855168.1
otoGar3:AAQR03195197	AAQR03195197		AAQR03195197.1	AAQR03195197.1	NW_003855169.1
otoGar3:AAQR03195198	AAQR03195198		AAQR03195198.1	AAQR03195198.1	NW_003855170.1
otoGar3:AAQR03195199	AAQR03195199		AAQR03195199.1	AAQR03195199.1	NW_003855171.1
otoGar3:AAQR03195200	AAQR03195200		AAQR03195200.1	AAQR03195200.1	NW_003855172.1
otoGar3:AAQR03195201	AAQR03195201		AAQR03195201.1	AAQR03195201.1	NW_003855173.1
otoGar3:AAQR03195202	AAQR03195202		AAQR03195202.1	AAQR03195202.1	NW_003855174.1
otoGar3:AAQR03195203	AAQR03195203		AAQR03195203.1	AAQR03195203.1	NW_003855175.1
otoGar3:AAQR03195204	AAQR03195204		AAQR03195204.1	AAQR03195204.1	NW_003855176.1
otoGar3:AAQR03195205	AAQR03195205		AAQR03195205.1	AAQR03195205.1	NW_003855177.1
otoGar3:AAQR03195206	AAQR03195206		AAQR03195206.1	AAQR03195206.1	NW_003855178.1
otoGar3:AAQR03195207	AAQR03195207		AAQR03195207.1	AAQR03195207.1	NW_003855179.1
otoGar3:AAQR03195208	AAQR03195208		AAQR03195208.1	AAQR03195208.1	NW_003855180.1
otoGar3:AAQR03195209	AAQR03195209		AAQR03195209.1	AAQR03195209.1	NW_003855181.1
otoGar3:AAQR03195210	AAQR03195210		AAQR03195210.1	AAQR03195210.1	NW_003855182.1
otoGar3:AAQR03195211	AAQR03195211		AAQR03195211.1	AAQR03195211.1	NW_003855183.1
otoGar3:AAQR03195212	AAQR03195212		AAQR03195212.1	AAQR03195212.1	NW_003855184.1
otoGar3:AAQR03195213	AAQR03195213		AAQR03195213.1	AAQR03195213.1	NW_003855185.1
otoGar3:AAQR03195214	AAQR03195214		AAQR03195214.1	AAQR03195214.1	NW_003855186.1
otoGar3:AAQR03195215	AAQR03195215			AAQR03195215.1	NW_003855187.1
otoGar3:AAQR03195216	AAQR03195216		AAQR03195216.1	AAQR03195216.1	NW_003855188.1
otoGar3:AAQR03195217	AAQR03195217		AAQR03195217.1	AAQR03195217.1	NW_003855189.1
otoGar3:AAQR03195218	AAQR03195218		AAQR03195218.1	AAQR03195218.1	NW_003855190.1
otoGar3:AAQR03195219	AAQR03195219			AAQR03195219.1	NW_003855191.1
otoGar3:AAQR03195220	AAQR03195220		AAQR03195220.1	AAQR03195220.1	NW_003855192.1
otoGar3:AAQR03195221	AAQR03195221		AAQR03195221.1	AAQR03195221.1	NW_003855193.1
otoGar3:AAQR03195222	AAQR03195222		AAQR03195222.1	AAQR03195222.1	NW_003855194.1
otoGar3:AAQR03195223	AAQR03195223		AAQR03195223.1	AAQR03195223.1	NW_003855195.1
otoGar3:AAQR03195224	AAQR03195224		AAQR03195224.1	AAQR03195224.1	NW_003855196.1
otoGar3:AAQR03195225	AAQR03195225		AAQR03195225.1	AAQR03195225.1	NW_003855197.1
otoGar3:AAQR03195226	AAQR03195226		AAQR03195226.1	AAQR03195226.1	NW_003855198.1
otoGar3:AAQR03195227	AAQR03195227		AAQR03195227.1	AAQR03195227.1	NW_003855199.1
otoGar3:AAQR03195228	AAQR03195228		AAQR03195228.1	AAQR03195228.1	NW_003855200.1
otoGar3:AAQR03195229	AAQR03195229		AAQR03195229.1	AAQR03195229.1	NW_003855201.1
otoGar3:AAQR03195230	AAQR03195230		AAQR03195230.1	AAQR03195230.1	NW_003855202.1
otoGar3:AAQR03195231	AAQR03195231		AAQR03195231.1	AAQR03195231.1	NW_003855203.1
otoGar3:AAQR03195232	AAQR03195232		AAQR03195232.1	AAQR03195232.1	NW_003855204.1
otoGar3:AAQR03195233	AAQR03195233		AAQR03195233.1	AAQR03195233.1	NW_003855205.1
otoGar3:AAQR03195234	AAQR03195234			AAQR03195234.1	NW_003855206.1
otoGar3:AAQR03195235	AAQR03195235		AAQR03195235.1	AAQR03195235.1	NW_003855207.1
otoGar3:AAQR03195236	AAQR03195236		AAQR03195236.1	AAQR03195236.1	NW_003855208.1
otoGar3:AAQR03195237	AAQR03195237		AAQR03195237.1	AAQR03195237.1	NW_003855209.1
otoGar3:AAQR03195238	AAQR03195238		AAQR03195238.1	AAQR03195238.1	NW_003855210.1
otoGar3:AAQR03195239	AAQR03195239		AAQR03195239.1	AAQR03195239.1	NW_003855211.1
otoGar3:AAQR03195240	AAQR03195240		AAQR03195240.1	AAQR03195240.1	NW_003855212.1
otoGar3:AAQR03195241	AAQR03195241		AAQR03195241.1	AAQR03195241.1	NW_003855213.1
otoGar3:AAQR03195242	AAQR03195242		AAQR03195242.1	AAQR03195242.1	NW_003855214.1
otoGar3:AAQR03195243	AAQR03195243		AAQR03195243.1	AAQR03195243.1	NW_003855215.1
otoGar3:AAQR03195246	AAQR03195246		AAQR03195246.1	AAQR03195246.1	NW_003855217.1
otoGar3:AAQR03195247	AAQR03195247		AAQR03195247.1	AAQR03195247.1	NW_003855218.1
otoGar3:AAQR03195248	AAQR03195248		AAQR03195248.1	AAQR03195248.1	NW_003855219.1
otoGar3:AAQR03195249	AAQR03195249		AAQR03195249.1	AAQR03195249.1	NW_003855220.1
otoGar3:AAQR03195250	AAQR03195250		AAQR03195250.1	AAQR03195250.1	NW_003855221.1
otoGar3:AAQR03195251	AAQR03195251		AAQR03195251.1	AAQR03195251.1	NW_003855222.1
otoGar3:AAQR03195252	AAQR03195252		AAQR03195252.1	AAQR03195252.1	NW_003855223.1
otoGar3:AAQR03195253	AAQR03195253		AAQR03195253.1	AAQR03195253.1	NW_003855224.1
otoGar3:AAQR03195254	AAQR03195254		AAQR03195254.1	AAQR03195254.1	NW_003855225.1
otoGar3:AAQR03195255	AAQR03195255		AAQR03195255.1	AAQR03195255.1	NW_003855226.1
otoGar3:AAQR03195256	AAQR03195256		AAQR03195256.1	AAQR03195256.1	NW_003855227.1
otoGar3:AAQR03195257	AAQR03195257		AAQR03195257.1	AAQR03195257.1	NW_003855228.1
otoGar3:AAQR03195262	AAQR03195262		AAQR03195262.1	AAQR03195262.1	NW_003855231.1
otoGar3:AAQR03195263	AAQR03195263		AAQR03195263.1	AAQR03195263.1	NW_003855232.1
otoGar3:AAQR03195264	AAQR03195264		AAQR03195264.1	AAQR03195264.1	NW_003855233.1
otoGar3:AAQR03195265	AAQR03195265		AAQR03195265.1	AAQR03195265.1	NW_003855234.1
otoGar3:AAQR03195266	AAQR03195266		AAQR03195266.1	AAQR03195266.1	NW_003855235.1
otoGar3:AAQR03195267	AAQR03195267		AAQR03195267.1	AAQR03195267.1	NW_003855236.1
otoGar3:AAQR03195268	AAQR03195268		AAQR03195268.1	AAQR03195268.1	NW_003855237.1
otoGar3:AAQR03195269	AAQR03195269		AAQR03195269.1	AAQR03195269.1	NW_003855238.1
otoGar3:AAQR03195270	AAQR03195270		AAQR03195270.1	AAQR03195270.1	NW_003855239.1
otoGar3:AAQR03195273	AAQR03195273		AAQR03195273.1	AAQR03195273.1	NW_003855241.1
otoGar3:AAQR03195274	AAQR03195274		AAQR03195274.1	AAQR03195274.1	NW_003855242.1
otoGar3:AAQR03195275	AAQR03195275		AAQR03195275.1	AAQR03195275.1	NW_003855243.1
otoGar3:AAQR03195276	AAQR03195276		AAQR03195276.1	AAQR03195276.1	NW_003855244.1
otoGar3:AAQR03195277	AAQR03195277		AAQR03195277.1	AAQR03195277.1	NW_003855245.1
otoGar3:AAQR03195278	AAQR03195278		AAQR03195278.1	AAQR03195278.1	NW_003855246.1
otoGar3:AAQR03195279	AAQR03195279		AAQR03195279.1	AAQR03195279.1	NW_003855247.1
otoGar3:AAQR03195280	AAQR03195280		AAQR03195280.1	AAQR03195280.1	NW_003855248.1
otoGar3:AAQR03195281	AAQR03195281		AAQR03195281.1	AAQR03195281.1	NW_003855249.1
otoGar3:AAQR03195282	AAQR03195282		AAQR03195282.1	AAQR03195282.1	NW_003855250.1
otoGar3:AAQR03195283	AAQR03195283		AAQR03195283.1	AAQR03195283.1	NW_003855251.1
otoGar3:AAQR03195286	AAQR03195286		AAQR03195286.1	AAQR03195286.1	NW_003855253.1
otoGar3:AAQR03195287	AAQR03195287		AAQR03195287.1	AAQR03195287.1	NW_003855254.1
otoGar3:AAQR03195288	AAQR03195288		AAQR03195288.1	AAQR03195288.1	NW_003855255.1
otoGar3:AAQR03195289	AAQR03195289		AAQR03195289.1	AAQR03195289.1	NW_003855256.1
otoGar3:AAQR03195290	AAQR03195290		AAQR03195290.1	AAQR03195290.1	NW_003855257.1
otoGar3:AAQR03195291	AAQR03195291		AAQR03195291.1	AAQR03195291.1	NW_003855258.1
otoGar3:AAQR03195292	AAQR03195292		AAQR03195292.1	AAQR03195292.1	NW_003855259.1
otoGar3:AAQR03195293	AAQR03195293		AAQR03195293.1	AAQR03195293.1	NW_003855260.1
otoGar3:AAQR03195294	AAQR03195294		AAQR03195294.1	AAQR03195294.1	NW_003855261.1
otoGar3:AAQR03195297	AAQR03195297		AAQR03195297.1	AAQR03195297.1	NW_003855263.1
otoGar3:AAQR03195298	AAQR03195298		AAQR03195298.1	AAQR03195298.1	NW_003855264.1
otoGar3:AAQR03195299	AAQR03195299		AAQR03195299.1	AAQR03195299.1	NW_003855265.1
otoGar3:AAQR03195300	AAQR03195300		AAQR03195300.1	AAQR03195300.1	NW_003855266.1
otoGar3:AAQR03195301	AAQR03195301		AAQR03195301.1	AAQR03195301.1	NW_003855267.1
otoGar3:AAQR03195306	AAQR03195306		AAQR03195306.1	AAQR03195306.1	NW_003855270.1
otoGar3:AAQR03195307	AAQR03195307		AAQR03195307.1	AAQR03195307.1	NW_003855271.1
otoGar3:AAQR03195308	AAQR03195308		AAQR03195308.1	AAQR03195308.1	NW_003855272.1
otoGar3:AAQR03195309	AAQR03195309		AAQR03195309.1	AAQR03195309.1	NW_003855273.1
otoGar3:AAQR03195310	AAQR03195310		AAQR03195310.1	AAQR03195310.1	NW_003855274.1
otoGar3:AAQR03195311	AAQR03195311		AAQR03195311.1	AAQR03195311.1	NW_003855275.1
otoGar3:AAQR03195312	AAQR03195312		AAQR03195312.1	AAQR03195312.1	NW_003855276.1
otoGar3:AAQR03195315	AAQR03195315		AAQR03195315.1	AAQR03195315.1	NW_003855278.1
otoGar3:AAQR03195316	AAQR03195316		AAQR03195316.1	AAQR03195316.1	NW_003855279.1
otoGar3:AAQR03195317	AAQR03195317		AAQR03195317.1	AAQR03195317.1	NW_003855280.1
otoGar3:AAQR03195318	AAQR03195318		AAQR03195318.1	AAQR03195318.1	NW_003855281.1
otoGar3:AAQR03195321	AAQR03195321		AAQR03195321.1	AAQR03195321.1	NW_003855283.1
otoGar3:AAQR03195322	AAQR03195322		AAQR03195322.1	AAQR03195322.1	NW_003855284.1
otoGar3:AAQR03195323	AAQR03195323		AAQR03195323.1	AAQR03195323.1	NW_003855285.1
otoGar3:AAQR03195324	AAQR03195324		AAQR03195324.1	AAQR03195324.1	NW_003855286.1
otoGar3:AAQR03195325	AAQR03195325		AAQR03195325.1	AAQR03195325.1	NW_003855287.1
otoGar3:AAQR03195326	AAQR03195326		AAQR03195326.1	AAQR03195326.1	NW_003855288.1
otoGar3:AAQR03195327	AAQR03195327		AAQR03195327.1	AAQR03195327.1	NW_003855289.1
otoGar3:AAQR03195328	AAQR03195328		AAQR03195328.1	AAQR03195328.1	NW_003855290.1
otoGar3:AAQR03195329	AAQR03195329		AAQR03195329.1	AAQR03195329.1	NW_003855291.1
otoGar3:AAQR03195330	AAQR03195330		AAQR03195330.1	AAQR03195330.1	NW_003855292.1
otoGar3:AAQR03195331	AAQR03195331		AAQR03195331.1	AAQR03195331.1	NW_003855293.1
otoGar3:AAQR03195332	AAQR03195332		AAQR03195332.1	AAQR03195332.1	NW_003855294.1
otoGar3:AAQR03195333	AAQR03195333		AAQR03195333.1	AAQR03195333.1	NW_003855295.1
otoGar3:AAQR03195334	AAQR03195334		AAQR03195334.1	AAQR03195334.1	NW_003855296.1
otoGar3:AAQR03195337	AAQR03195337		AAQR03195337.1	AAQR03195337.1	NW_003855298.1
otoGar3:AAQR03195338	AAQR03195338		AAQR03195338.1	AAQR03195338.1	NW_003855299.1
otoGar3:AAQR03195339	AAQR03195339		AAQR03195339.1	AAQR03195339.1	NW_003855300.1
otoGar3:AAQR03195340	AAQR03195340		AAQR03195340.1	AAQR03195340.1	NW_003855301.1
otoGar3:AAQR03195341	AAQR03195341		AAQR03195341.1	AAQR03195341.1	NW_003855302.1
otoGar3:AAQR03195342	AAQR03195342		AAQR03195342.1	AAQR03195342.1	NW_003855303.1
otoGar3:AAQR03195343	AAQR03195343		AAQR03195343.1	AAQR03195343.1	NW_003855304.1
otoGar3:AAQR03195344	AAQR03195344		AAQR03195344.1	AAQR03195344.1	NW_003855305.1
otoGar3:AAQR03195345	AAQR03195345		AAQR03195345.1	AAQR03195345.1	NW_003855306.1
otoGar3:AAQR03195346	AAQR03195346		AAQR03195346.1	AAQR03195346.1	NW_003855307.1
otoGar3:AAQR03195349	AAQR03195349		AAQR03195349.1	AAQR03195349.1	NW_003855309.1
otoGar3:AAQR03195352	AAQR03195352		AAQR03195352.1	AAQR03195352.1	NW_003855311.1
otoGar3:AAQR03195353	AAQR03195353		AAQR03195353.1	AAQR03195353.1	NW_003855312.1
otoGar3:AAQR03195354	AAQR03195354		AAQR03195354.1	AAQR03195354.1	NW_003855313.1
otoGar3:AAQR03195355	AAQR03195355		AAQR03195355.1	AAQR03195355.1	NW_003855314.1
otoGar3:AAQR03195356	AAQR03195356		AAQR03195356.1	AAQR03195356.1	NW_003855315.1
otoGar3:AAQR03195357	AAQR03195357		AAQR03195357.1	AAQR03195357.1	NW_003855316.1
otoGar3:AAQR03195358	AAQR03195358		AAQR03195358.1	AAQR03195358.1	NW_003855317.1
otoGar3:AAQR03195359	AAQR03195359			AAQR03195359.1	NW_003855318.1
otoGar3:AAQR03195360	AAQR03195360		AAQR03195360.1	AAQR03195360.1	NW_003855319.1
otoGar3:AAQR03195361	AAQR03195361		AAQR03195361.1	AAQR03195361.1	NW_003855320.1
otoGar3:AAQR03195362	AAQR03195362		AAQR03195362.1	AAQR03195362.1	NW_003855321.1
otoGar3:AAQR03195363	AAQR03195363		AAQR03195363.1	AAQR03195363.1	NW_003855322.1
otoGar3:AAQR03195364	AAQR03195364		AAQR03195364.1	AAQR03195364.1	NW_003855323.1
otoGar3:AAQR03195365	AAQR03195365		AAQR03195365.1	AAQR03195365.1	NW_003855324.1
otoGar3:AAQR03195366	AAQR03195366		AAQR03195366.1	AAQR03195366.1	NW_003855325.1
otoGar3:AAQR03195367	AAQR03195367		AAQR03195367.1	AAQR03195367.1	NW_003855326.1
otoGar3:AAQR03195368	AAQR03195368		AAQR03195368.1	AAQR03195368.1	NW_003855327.1
otoGar3:AAQR03195369	AAQR03195369		AAQR03195369.1	AAQR03195369.1	NW_003855328.1
otoGar3:AAQR03195370	AAQR03195370		AAQR03195370.1	AAQR03195370.1	NW_003855329.1
otoGar3:AAQR03195371	AAQR03195371		AAQR03195371.1	AAQR03195371.1	NW_003855330.1
otoGar3:AAQR03195372	AAQR03195372		AAQR03195372.1	AAQR03195372.1	NW_003855331.1
otoGar3:AAQR03195373	AAQR03195373		AAQR03195373.1	AAQR03195373.1	NW_003855332.1
otoGar3:AAQR03195374	AAQR03195374		AAQR03195374.1	AAQR03195374.1	NW_003855333.1
otoGar3:AAQR03195375	AAQR03195375		AAQR03195375.1	AAQR03195375.1	NW_003855334.1
otoGar3:AAQR03195376	AAQR03195376		AAQR03195376.1	AAQR03195376.1	NW_003855335.1
otoGar3:AAQR03195377	AAQR03195377		AAQR03195377.1	AAQR03195377.1	NW_003855336.1
otoGar3:AAQR03195380	AAQR03195380			AAQR03195380.1	NW_003855338.1
otoGar3:AAQR03195381	AAQR03195381		AAQR03195381.1	AAQR03195381.1	NW_003855339.1
otoGar3:AAQR03195382	AAQR03195382		AAQR03195382.1	AAQR03195382.1	NW_003855340.1
otoGar3:AAQR03195383	AAQR03195383		AAQR03195383.1	AAQR03195383.1	NW_003855341.1
otoGar3:AAQR03195384	AAQR03195384		AAQR03195384.1	AAQR03195384.1	NW_003855342.1
otoGar3:AAQR03195385	AAQR03195385		AAQR03195385.1	AAQR03195385.1	NW_003855343.1
otoGar3:AAQR03195386	AAQR03195386		AAQR03195386.1	AAQR03195386.1	NW_003855344.1
otoGar3:AAQR03195387	AAQR03195387		AAQR03195387.1	AAQR03195387.1	NW_003855345.1
otoGar3:AAQR03195388	AAQR03195388		AAQR03195388.1	AAQR03195388.1	NW_003855346.1
otoGar3:AAQR03195389	AAQR03195389		AAQR03195389.1	AAQR03195389.1	NW_003855347.1
otoGar3:AAQR03195390	AAQR03195390		AAQR03195390.1	AAQR03195390.1	NW_003855348.1
otoGar3:AAQR03195391	AAQR03195391		AAQR03195391.1	AAQR03195391.1	NW_003855349.1
otoGar3:AAQR03195392	AAQR03195392		AAQR03195392.1	AAQR03195392.1	NW_003855350.1
otoGar3:AAQR03195395	AAQR03195395		AAQR03195395.1	AAQR03195395.1	NW_003855352.1
otoGar3:AAQR03195396	AAQR03195396		AAQR03195396.1	AAQR03195396.1	NW_003855353.1
otoGar3:AAQR03195397	AAQR03195397		AAQR03195397.1	AAQR03195397.1	NW_003855354.1
otoGar3:AAQR03195398	AAQR03195398		AAQR03195398.1	AAQR03195398.1	NW_003855355.1
otoGar3:AAQR03195399	AAQR03195399		AAQR03195399.1	AAQR03195399.1	NW_003855356.1
otoGar3:AAQR03195400	AAQR03195400		AAQR03195400.1	AAQR03195400.1	NW_003855357.1
otoGar3:AAQR03195401	AAQR03195401		AAQR03195401.1	AAQR03195401.1	NW_003855358.1
otoGar3:AAQR03195402	AAQR03195402		AAQR03195402.1	AAQR03195402.1	NW_003855359.1
otoGar3:AAQR03195403	AAQR03195403		AAQR03195403.1	AAQR03195403.1	NW_003855360.1
otoGar3:AAQR03195404	AAQR03195404		AAQR03195404.1	AAQR03195404.1	NW_003855361.1
otoGar3:AAQR03195405	AAQR03195405		AAQR03195405.1	AAQR03195405.1	NW_003855362.1
otoGar3:AAQR03195406	AAQR03195406		AAQR03195406.1	AAQR03195406.1	NW_003855363.1
otoGar3:AAQR03195407	AAQR03195407		AAQR03195407.1	AAQR03195407.1	NW_003855364.1
otoGar3:AAQR03195408	AAQR03195408		AAQR03195408.1	AAQR03195408.1	NW_003855365.1
otoGar3:AAQR03195409	AAQR03195409		AAQR03195409.1	AAQR03195409.1	NW_003855366.1
otoGar3:AAQR03195410	AAQR03195410		AAQR03195410.1	AAQR03195410.1	NW_003855367.1
otoGar3:AAQR03195411	AAQR03195411			AAQR03195411.1	NW_003855368.1
otoGar3:AAQR03195414	AAQR03195414		AAQR03195414.1	AAQR03195414.1	NW_003855370.1
otoGar3:AAQR03195415	AAQR03195415		AAQR03195415.1	AAQR03195415.1	NW_003855371.1
otoGar3:AAQR03195416	AAQR03195416		AAQR03195416.1	AAQR03195416.1	NW_003855372.1
otoGar3:AAQR03195419	AAQR03195419		AAQR03195419.1	AAQR03195419.1	NW_003855374.1
otoGar3:AAQR03195420	AAQR03195420		AAQR03195420.1	AAQR03195420.1	NW_003855375.1
otoGar3:AAQR03195421	AAQR03195421		AAQR03195421.1	AAQR03195421.1	NW_003855376.1
otoGar3:AAQR03195422	AAQR03195422		AAQR03195422.1	AAQR03195422.1	NW_003855377.1
otoGar3:AAQR03195423	AAQR03195423		AAQR03195423.1	AAQR03195423.1	NW_003855378.1
otoGar3:AAQR03195424	AAQR03195424		AAQR03195424.1	AAQR03195424.1	NW_003855379.1
otoGar3:AAQR03195425	AAQR03195425		AAQR03195425.1	AAQR03195425.1	NW_003855380.1
otoGar3:AAQR03195426	AAQR03195426		AAQR03195426.1	AAQR03195426.1	NW_003855381.1
otoGar3:AAQR03195427	AAQR03195427		AAQR03195427.1	AAQR03195427.1	NW_003855382.1
otoGar3:AAQR03195428	AAQR03195428		AAQR03195428.1	AAQR03195428.1	NW_003855383.1
otoGar3:AAQR03195429	AAQR03195429		AAQR03195429.1	AAQR03195429.1	NW_003855384.1
otoGar3:AAQR03195430	AAQR03195430		AAQR03195430.1	AAQR03195430.1	NW_003855385.1
otoGar3:AAQR03195431	AAQR03195431		AAQR03195431.1	AAQR03195431.1	NW_003855386.1
otoGar3:AAQR03195432	AAQR03195432		AAQR03195432.1	AAQR03195432.1	NW_003855387.1
otoGar3:AAQR03195433	AAQR03195433		AAQR03195433.1	AAQR03195433.1	NW_003855388.1
otoGar3:AAQR03195434	AAQR03195434		AAQR03195434.1	AAQR03195434.1	NW_003855389.1
otoGar3:AAQR03195435	AAQR03195435		AAQR03195435.1	AAQR03195435.1	NW_003855390.1
otoGar3:AAQR03195436	AAQR03195436		AAQR03195436.1	AAQR03195436.1	NW_003855391.1
otoGar3:AAQR03195437	AAQR03195437		AAQR03195437.1	AAQR03195437.1	NW_003855392.1
otoGar3:AAQR03195438	AAQR03195438		AAQR03195438.1	AAQR03195438.1	NW_003855393.1
otoGar3:AAQR03195439	AAQR03195439		AAQR03195439.1	AAQR03195439.1	NW_003855394.1
otoGar3:AAQR03195440	AAQR03195440		AAQR03195440.1	AAQR03195440.1	NW_003855395.1
otoGar3:AAQR03195441	AAQR03195441		AAQR03195441.1	AAQR03195441.1	NW_003855396.1
otoGar3:AAQR03195442	AAQR03195442		AAQR03195442.1	AAQR03195442.1	NW_003855397.1
otoGar3:AAQR03195443	AAQR03195443		AAQR03195443.1	AAQR03195443.1	NW_003855398.1
otoGar3:AAQR03195444	AAQR03195444		AAQR03195444.1	AAQR03195444.1	NW_003855399.1
otoGar3:AAQR03195445	AAQR03195445		AAQR03195445.1	AAQR03195445.1	NW_003855400.1
otoGar3:AAQR03195446	AAQR03195446		AAQR03195446.1	AAQR03195446.1	NW_003855401.1
otoGar3:AAQR03195447	AAQR03195447		AAQR03195447.1	AAQR03195447.1	NW_003855402.1
otoGar3:AAQR03195448	AAQR03195448		AAQR03195448.1	AAQR03195448.1	NW_003855403.1
otoGar3:AAQR03195449	AAQR03195449		AAQR03195449.1	AAQR03195449.1	NW_003855404.1
otoGar3:AAQR03195450	AAQR03195450		AAQR03195450.1	AAQR03195450.1	NW_003855405.1
otoGar3:AAQR03195451	AAQR03195451		AAQR03195451.1	AAQR03195451.1	NW_003855406.1
otoGar3:AAQR03195452	AAQR03195452		AAQR03195452.1	AAQR03195452.1	NW_003855407.1
otoGar3:AAQR03195453	AAQR03195453			AAQR03195453.1	NW_003855408.1
otoGar3:AAQR03195454	AAQR03195454		AAQR03195454.1	AAQR03195454.1	NW_003855409.1
otoGar3:AAQR03195455	AAQR03195455		AAQR03195455.1	AAQR03195455.1	NW_003855410.1
otoGar3:AAQR03195456	AAQR03195456		AAQR03195456.1	AAQR03195456.1	NW_003855411.1
otoGar3:AAQR03195457	AAQR03195457		AAQR03195457.1	AAQR03195457.1	NW_003855412.1
otoGar3:AAQR03195458	AAQR03195458		AAQR03195458.1	AAQR03195458.1	NW_003855413.1
otoGar3:AAQR03195459	AAQR03195459		AAQR03195459.1	AAQR03195459.1	NW_003855414.1
otoGar3:AAQR03195460	AAQR03195460		AAQR03195460.1	AAQR03195460.1	NW_003855415.1
otoGar3:AAQR03195461	AAQR03195461		AAQR03195461.1	AAQR03195461.1	NW_003855416.1
otoGar3:AAQR03195462	AAQR03195462		AAQR03195462.1	AAQR03195462.1	NW_003855417.1
otoGar3:AAQR03195463	AAQR03195463			AAQR03195463.1	NW_003855418.1
otoGar3:AAQR03195464	AAQR03195464		AAQR03195464.1	AAQR03195464.1	NW_003855419.1
otoGar3:AAQR03195465	AAQR03195465		AAQR03195465.1	AAQR03195465.1	NW_003855420.1
otoGar3:AAQR03195466	AAQR03195466		AAQR03195466.1	AAQR03195466.1	NW_003855421.1
otoGar3:AAQR03195467	AAQR03195467		AAQR03195467.1	AAQR03195467.1	NW_003855422.1
otoGar3:AAQR03195468	AAQR03195468		AAQR03195468.1	AAQR03195468.1	NW_003855423.1
otoGar3:AAQR03195469	AAQR03195469		AAQR03195469.1	AAQR03195469.1	NW_003855424.1
otoGar3:AAQR03195470	AAQR03195470		AAQR03195470.1	AAQR03195470.1	NW_003855425.1
otoGar3:AAQR03195471	AAQR03195471		AAQR03195471.1	AAQR03195471.1	NW_003855426.1
otoGar3:AAQR03195472	AAQR03195472		AAQR03195472.1	AAQR03195472.1	NW_003855427.1
otoGar3:AAQR03195473	AAQR03195473		AAQR03195473.1	AAQR03195473.1	NW_003855428.1
otoGar3:AAQR03195474	AAQR03195474		AAQR03195474.1	AAQR03195474.1	NW_003855429.1
otoGar3:AAQR03195475	AAQR03195475		AAQR03195475.1	AAQR03195475.1	NW_003855430.1
otoGar3:AAQR03195476	AAQR03195476		AAQR03195476.1	AAQR03195476.1	NW_003855431.1
otoGar3:AAQR03195477	AAQR03195477		AAQR03195477.1	AAQR03195477.1	NW_003855432.1
otoGar3:AAQR03195480	AAQR03195480		AAQR03195480.1	AAQR03195480.1	NW_003855434.1
otoGar3:AAQR03195481	AAQR03195481		AAQR03195481.1	AAQR03195481.1	NW_003855435.1
otoGar3:AAQR03195482	AAQR03195482		AAQR03195482.1	AAQR03195482.1	NW_003855436.1
otoGar3:AAQR03195483	AAQR03195483		AAQR03195483.1	AAQR03195483.1	NW_003855437.1
otoGar3:AAQR03195484	AAQR03195484			AAQR03195484.1	NW_003855438.1
otoGar3:AAQR03195485	AAQR03195485		AAQR03195485.1	AAQR03195485.1	NW_003855439.1
otoGar3:AAQR03195486	AAQR03195486		AAQR03195486.1	AAQR03195486.1	NW_003855440.1
otoGar3:AAQR03195487	AAQR03195487		AAQR03195487.1	AAQR03195487.1	NW_003855441.1
otoGar3:AAQR03195488	AAQR03195488		AAQR03195488.1	AAQR03195488.1	NW_003855442.1
otoGar3:AAQR03195489	AAQR03195489		AAQR03195489.1	AAQR03195489.1	NW_003855443.1
otoGar3:AAQR03195490	AAQR03195490		AAQR03195490.1	AAQR03195490.1	NW_003855444.1
otoGar3:AAQR03195491	AAQR03195491		AAQR03195491.1	AAQR03195491.1	NW_003855445.1
otoGar3:AAQR03195492	AAQR03195492		AAQR03195492.1	AAQR03195492.1	NW_003855446.1
otoGar3:AAQR03195493	AAQR03195493		AAQR03195493.1	AAQR03195493.1	NW_003855447.1
otoGar3:AAQR03195496	AAQR03195496		AAQR03195496.1	AAQR03195496.1	NW_003855449.1
otoGar3:AAQR03195497	AAQR03195497		AAQR03195497.1	AAQR03195497.1	NW_003855450.1
otoGar3:AAQR03195498	AAQR03195498		AAQR03195498.1	AAQR03195498.1	NW_003855451.1
otoGar3:AAQR03195499	AAQR03195499		AAQR03195499.1	AAQR03195499.1	NW_003855452.1
otoGar3:AAQR03195500	AAQR03195500			AAQR03195500.1	NW_003855453.1
otoGar3:AAQR03195501	AAQR03195501		AAQR03195501.1	AAQR03195501.1	NW_003855454.1
otoGar3:AAQR03195502	AAQR03195502		AAQR03195502.1	AAQR03195502.1	NW_003855455.1
otoGar3:AAQR03195503	AAQR03195503		AAQR03195503.1	AAQR03195503.1	NW_003855456.1
otoGar3:AAQR03195504	AAQR03195504		AAQR03195504.1	AAQR03195504.1	NW_003855457.1
otoGar3:AAQR03195505	AAQR03195505			AAQR03195505.1	NW_003855458.1
otoGar3:AAQR03195506	AAQR03195506		AAQR03195506.1	AAQR03195506.1	NW_003855459.1
otoGar3:AAQR03195507	AAQR03195507		AAQR03195507.1	AAQR03195507.1	NW_003855460.1
otoGar3:AAQR03195508	AAQR03195508			AAQR03195508.1	NW_003855461.1
otoGar3:AAQR03195509	AAQR03195509		AAQR03195509.1	AAQR03195509.1	NW_003855462.1
otoGar3:AAQR03195510	AAQR03195510		AAQR03195510.1	AAQR03195510.1	NW_003855463.1
otoGar3:AAQR03195511	AAQR03195511		AAQR03195511.1	AAQR03195511.1	NW_003855464.1
otoGar3:AAQR03195512	AAQR03195512		AAQR03195512.1	AAQR03195512.1	NW_003855465.1
otoGar3:AAQR03195513	AAQR03195513		AAQR03195513.1	AAQR03195513.1	NW_003855466.1
otoGar3:AAQR03195514	AAQR03195514		AAQR03195514.1	AAQR03195514.1	NW_003855467.1
otoGar3:AAQR03195515	AAQR03195515		AAQR03195515.1	AAQR03195515.1	NW_003855468.1
otoGar3:AAQR03195516	AAQR03195516		AAQR03195516.1	AAQR03195516.1	NW_003855469.1
otoGar3:AAQR03195517	AAQR03195517		AAQR03195517.1	AAQR03195517.1	NW_003855470.1
otoGar3:AAQR03195518	AAQR03195518			AAQR03195518.1	NW_003855471.1
otoGar3:AAQR03195519	AAQR03195519			AAQR03195519.1	NW_003855472.1
otoGar3:AAQR03195520	AAQR03195520		AAQR03195520.1	AAQR03195520.1	NW_003855473.1
otoGar3:AAQR03195521	AAQR03195521		AAQR03195521.1	AAQR03195521.1	NW_003855474.1
otoGar3:AAQR03195522	AAQR03195522		AAQR03195522.1	AAQR03195522.1	NW_003855475.1
otoGar3:AAQR03195523	AAQR03195523		AAQR03195523.1	AAQR03195523.1	NW_003855476.1
otoGar3:AAQR03195524	AAQR03195524		AAQR03195524.1	AAQR03195524.1	NW_003855477.1
otoGar3:AAQR03195525	AAQR03195525		AAQR03195525.1	AAQR03195525.1	NW_003855478.1
otoGar3:AAQR03195526	AAQR03195526		AAQR03195526.1	AAQR03195526.1	NW_003855479.1
otoGar3:AAQR03195527	AAQR03195527		AAQR03195527.1	AAQR03195527.1	NW_003855480.1
otoGar3:AAQR03195528	AAQR03195528		AAQR03195528.1	AAQR03195528.1	NW_003855481.1
otoGar3:AAQR03195529	AAQR03195529		AAQR03195529.1	AAQR03195529.1	NW_003855482.1
otoGar3:AAQR03195530	AAQR03195530		AAQR03195530.1	AAQR03195530.1	NW_003855483.1
otoGar3:AAQR03195531	AAQR03195531		AAQR03195531.1	AAQR03195531.1	NW_003855484.1
otoGar3:AAQR03195532	AAQR03195532		AAQR03195532.1	AAQR03195532.1	NW_003855485.1
otoGar3:AAQR03195533	AAQR03195533		AAQR03195533.1	AAQR03195533.1	NW_003855486.1
otoGar3:AAQR03195534	AAQR03195534		AAQR03195534.1	AAQR03195534.1	NW_003855487.1
otoGar3:AAQR03195535	AAQR03195535		AAQR03195535.1	AAQR03195535.1	NW_003855488.1
otoGar3:AAQR03195536	AAQR03195536		AAQR03195536.1	AAQR03195536.1	NW_003855489.1
otoGar3:AAQR03195537	AAQR03195537		AAQR03195537.1	AAQR03195537.1	NW_003855490.1
otoGar3:AAQR03195538	AAQR03195538		AAQR03195538.1	AAQR03195538.1	NW_003855491.1
otoGar3:AAQR03195539	AAQR03195539		AAQR03195539.1	AAQR03195539.1	NW_003855492.1
otoGar3:AAQR03195540	AAQR03195540		AAQR03195540.1	AAQR03195540.1	NW_003855493.1
otoGar3:AAQR03195541	AAQR03195541		AAQR03195541.1	AAQR03195541.1	NW_003855494.1
otoGar3:AAQR03195542	AAQR03195542		AAQR03195542.1	AAQR03195542.1	NW_003855495.1
otoGar3:AAQR03195543	AAQR03195543		AAQR03195543.1	AAQR03195543.1	NW_003855496.1
otoGar3:AAQR03195544	AAQR03195544		AAQR03195544.1	AAQR03195544.1	NW_003855497.1
otoGar3:AAQR03195545	AAQR03195545		AAQR03195545.1	AAQR03195545.1	NW_003855498.1
otoGar3:AAQR03195546	AAQR03195546		AAQR03195546.1	AAQR03195546.1	NW_003855499.1
otoGar3:AAQR03195547	AAQR03195547		AAQR03195547.1	AAQR03195547.1	NW_003855500.1
otoGar3:AAQR03195548	AAQR03195548		AAQR03195548.1	AAQR03195548.1	NW_003855501.1
otoGar3:AAQR03195549	AAQR03195549		AAQR03195549.1	AAQR03195549.1	NW_003855502.1
otoGar3:AAQR03195550	AAQR03195550		AAQR03195550.1	AAQR03195550.1	NW_003855503.1
otoGar3:AAQR03195551	AAQR03195551		AAQR03195551.1	AAQR03195551.1	NW_003855504.1
otoGar3:AAQR03195552	AAQR03195552		AAQR03195552.1	AAQR03195552.1	NW_003855505.1
otoGar3:AAQR03195553	AAQR03195553		AAQR03195553.1	AAQR03195553.1	NW_003855506.1
otoGar3:AAQR03195554	AAQR03195554		AAQR03195554.1	AAQR03195554.1	NW_003855507.1
otoGar3:AAQR03195555	AAQR03195555		AAQR03195555.1	AAQR03195555.1	NW_003855508.1
otoGar3:AAQR03195556	AAQR03195556			AAQR03195556.1	NW_003855509.1
otoGar3:AAQR03195557	AAQR03195557		AAQR03195557.1	AAQR03195557.1	NW_003855510.1
otoGar3:AAQR03195558	AAQR03195558		AAQR03195558.1	AAQR03195558.1	NW_003855511.1
otoGar3:AAQR03195559	AAQR03195559		AAQR03195559.1	AAQR03195559.1	NW_003855512.1
otoGar3:AAQR03195560	AAQR03195560		AAQR03195560.1	AAQR03195560.1	NW_003855513.1
otoGar3:AAQR03195561	AAQR03195561		AAQR03195561.1	AAQR03195561.1	NW_003855514.1
otoGar3:AAQR03195562	AAQR03195562		AAQR03195562.1	AAQR03195562.1	NW_003855515.1
otoGar3:AAQR03195563	AAQR03195563		AAQR03195563.1	AAQR03195563.1	NW_003855516.1
otoGar3:AAQR03195564	AAQR03195564			AAQR03195564.1	NW_003855517.1
otoGar3:AAQR03195565	AAQR03195565		AAQR03195565.1	AAQR03195565.1	NW_003855518.1
otoGar3:AAQR03195566	AAQR03195566		AAQR03195566.1	AAQR03195566.1	NW_003855519.1
otoGar3:AAQR03195567	AAQR03195567		AAQR03195567.1	AAQR03195567.1	NW_003855520.1
otoGar3:AAQR03195568	AAQR03195568		AAQR03195568.1	AAQR03195568.1	NW_003855521.1
otoGar3:AAQR03195569	AAQR03195569		AAQR03195569.1	AAQR03195569.1	NW_003855522.1
otoGar3:AAQR03195570	AAQR03195570		AAQR03195570.1	AAQR03195570.1	NW_003855523.1
otoGar3:AAQR03195571	AAQR03195571		AAQR03195571.1	AAQR03195571.1	NW_003855524.1
otoGar3:AAQR03195572	AAQR03195572		AAQR03195572.1	AAQR03195572.1	NW_003855525.1
otoGar3:AAQR03195573	AAQR03195573		AAQR03195573.1	AAQR03195573.1	NW_003855526.1
otoGar3:AAQR03195574	AAQR03195574		AAQR03195574.1	AAQR03195574.1	NW_003855527.1
otoGar3:AAQR03195575	AAQR03195575		AAQR03195575.1	AAQR03195575.1	NW_003855528.1
otoGar3:AAQR03195578	AAQR03195578		AAQR03195578.1	AAQR03195578.1	NW_003855530.1
otoGar3:AAQR03195579	AAQR03195579		AAQR03195579.1	AAQR03195579.1	NW_003855531.1
otoGar3:AAQR03195580	AAQR03195580		AAQR03195580.1	AAQR03195580.1	NW_003855532.1
otoGar3:AAQR03195581	AAQR03195581		AAQR03195581.1	AAQR03195581.1	NW_003855533.1
otoGar3:AAQR03195582	AAQR03195582		AAQR03195582.1	AAQR03195582.1	NW_003855534.1
otoGar3:AAQR03195583	AAQR03195583		AAQR03195583.1	AAQR03195583.1	NW_003855535.1
otoGar3:AAQR03195584	AAQR03195584		AAQR03195584.1	AAQR03195584.1	NW_003855536.1
otoGar3:AAQR03195585	AAQR03195585		AAQR03195585.1	AAQR03195585.1	NW_003855537.1
otoGar3:AAQR03195586	AAQR03195586		AAQR03195586.1	AAQR03195586.1	NW_003855538.1
otoGar3:AAQR03195587	AAQR03195587		AAQR03195587.1	AAQR03195587.1	NW_003855539.1
otoGar3:AAQR03195588	AAQR03195588		AAQR03195588.1	AAQR03195588.1	NW_003855540.1
otoGar3:AAQR03195589	AAQR03195589		AAQR03195589.1	AAQR03195589.1	NW_003855541.1
otoGar3:AAQR03195590	AAQR03195590		AAQR03195590.1	AAQR03195590.1	NW_003855542.1
otoGar3:AAQR03195591	AAQR03195591		AAQR03195591.1	AAQR03195591.1	NW_003855543.1
otoGar3:AAQR03195592	AAQR03195592		AAQR03195592.1	AAQR03195592.1	NW_003855544.1
otoGar3:AAQR03195593	AAQR03195593		AAQR03195593.1	AAQR03195593.1	NW_003855545.1
otoGar3:AAQR03195594	AAQR03195594		AAQR03195594.1	AAQR03195594.1	NW_003855546.1
otoGar3:AAQR03195595	AAQR03195595		AAQR03195595.1	AAQR03195595.1	NW_003855547.1
otoGar3:AAQR03195596	AAQR03195596		AAQR03195596.1	AAQR03195596.1	NW_003855548.1
otoGar3:AAQR03195597	AAQR03195597		AAQR03195597.1	AAQR03195597.1	NW_003855549.1
otoGar3:AAQR03195598	AAQR03195598		AAQR03195598.1	AAQR03195598.1	NW_003855550.1
otoGar3:AAQR03195599	AAQR03195599			AAQR03195599.1	NW_003855551.1
otoGar3:AAQR03195600	AAQR03195600		AAQR03195600.1	AAQR03195600.1	NW_003855552.1
otoGar3:AAQR03195601	AAQR03195601		AAQR03195601.1	AAQR03195601.1	NW_003855553.1
otoGar3:AAQR03195602	AAQR03195602		AAQR03195602.1	AAQR03195602.1	NW_003855554.1
otoGar3:AAQR03195603	AAQR03195603		AAQR03195603.1	AAQR03195603.1	NW_003855555.1
otoGar3:AAQR03195604	AAQR03195604		AAQR03195604.1	AAQR03195604.1	NW_003855556.1
otoGar3:AAQR03195605	AAQR03195605		AAQR03195605.1	AAQR03195605.1	NW_003855557.1
otoGar3:AAQR03195606	AAQR03195606		AAQR03195606.1	AAQR03195606.1	NW_003855558.1
otoGar3:AAQR03195607	AAQR03195607		AAQR03195607.1	AAQR03195607.1	NW_003855559.1
otoGar3:AAQR03195608	AAQR03195608		AAQR03195608.1	AAQR03195608.1	NW_003855560.1
otoGar3:AAQR03195609	AAQR03195609		AAQR03195609.1	AAQR03195609.1	NW_003855561.1
otoGar3:AAQR03195610	AAQR03195610		AAQR03195610.1	AAQR03195610.1	NW_003855562.1
otoGar3:AAQR03195611	AAQR03195611		AAQR03195611.1	AAQR03195611.1	NW_003855563.1
otoGar3:AAQR03195612	AAQR03195612		AAQR03195612.1	AAQR03195612.1	NW_003855564.1
otoGar3:AAQR03195613	AAQR03195613		AAQR03195613.1	AAQR03195613.1	NW_003855565.1
otoGar3:AAQR03195614	AAQR03195614		AAQR03195614.1	AAQR03195614.1	NW_003855566.1
otoGar3:AAQR03195615	AAQR03195615		AAQR03195615.1	AAQR03195615.1	NW_003855567.1
otoGar3:AAQR03195616	AAQR03195616		AAQR03195616.1	AAQR03195616.1	NW_003855568.1
otoGar3:AAQR03195617	AAQR03195617		AAQR03195617.1	AAQR03195617.1	NW_003855569.1
otoGar3:AAQR03195618	AAQR03195618		AAQR03195618.1	AAQR03195618.1	NW_003855570.1
otoGar3:AAQR03195619	AAQR03195619		AAQR03195619.1	AAQR03195619.1	NW_003855571.1
otoGar3:AAQR03195620	AAQR03195620		AAQR03195620.1	AAQR03195620.1	NW_003855572.1
otoGar3:AAQR03195621	AAQR03195621		AAQR03195621.1	AAQR03195621.1	NW_003855573.1
otoGar3:AAQR03195622	AAQR03195622		AAQR03195622.1	AAQR03195622.1	NW_003855574.1
otoGar3:AAQR03195623	AAQR03195623		AAQR03195623.1	AAQR03195623.1	NW_003855575.1
otoGar3:AAQR03195624	AAQR03195624		AAQR03195624.1	AAQR03195624.1	NW_003855576.1
otoGar3:AAQR03195625	AAQR03195625		AAQR03195625.1	AAQR03195625.1	NW_003855577.1
otoGar3:AAQR03195626	AAQR03195626		AAQR03195626.1	AAQR03195626.1	NW_003855578.1
otoGar3:AAQR03195627	AAQR03195627		AAQR03195627.1	AAQR03195627.1	NW_003855579.1
otoGar3:AAQR03195628	AAQR03195628		AAQR03195628.1	AAQR03195628.1	NW_003855580.1
otoGar3:AAQR03195629	AAQR03195629		AAQR03195629.1	AAQR03195629.1	NW_003855581.1
otoGar3:AAQR03195630	AAQR03195630		AAQR03195630.1	AAQR03195630.1	NW_003855582.1
otoGar3:AAQR03195631	AAQR03195631		AAQR03195631.1	AAQR03195631.1	NW_003855583.1
otoGar3:AAQR03195632	AAQR03195632		AAQR03195632.1	AAQR03195632.1	NW_003855584.1
otoGar3:AAQR03195633	AAQR03195633		AAQR03195633.1	AAQR03195633.1	NW_003855585.1
otoGar3:AAQR03195634	AAQR03195634		AAQR03195634.1	AAQR03195634.1	NW_003855586.1
otoGar3:AAQR03195635	AAQR03195635		AAQR03195635.1	AAQR03195635.1	NW_003855587.1
otoGar3:AAQR03195636	AAQR03195636		AAQR03195636.1	AAQR03195636.1	NW_003855588.1
otoGar3:AAQR03195637	AAQR03195637		AAQR03195637.1	AAQR03195637.1	NW_003855589.1
otoGar3:AAQR03195638	AAQR03195638		AAQR03195638.1	AAQR03195638.1	NW_003855590.1
otoGar3:AAQR03195639	AAQR03195639		AAQR03195639.1	AAQR03195639.1	NW_003855591.1
otoGar3:AAQR03195640	AAQR03195640		AAQR03195640.1	AAQR03195640.1	NW_003855592.1
otoGar3:AAQR03195641	AAQR03195641		AAQR03195641.1	AAQR03195641.1	NW_003855593.1
otoGar3:AAQR03195642	AAQR03195642		AAQR03195642.1	AAQR03195642.1	NW_003855594.1
otoGar3:AAQR03195643	AAQR03195643		AAQR03195643.1	AAQR03195643.1	NW_003855595.1
otoGar3:AAQR03195644	AAQR03195644		AAQR03195644.1	AAQR03195644.1	NW_003855596.1
otoGar3:AAQR03195645	AAQR03195645		AAQR03195645.1	AAQR03195645.1	NW_003855597.1
otoGar3:AAQR03195646	AAQR03195646		AAQR03195646.1	AAQR03195646.1	NW_003855598.1
otoGar3:AAQR03195647	AAQR03195647		AAQR03195647.1	AAQR03195647.1	NW_003855599.1
otoGar3:AAQR03195648	AAQR03195648		AAQR03195648.1	AAQR03195648.1	NW_003855600.1
otoGar3:AAQR03195649	AAQR03195649		AAQR03195649.1	AAQR03195649.1	NW_003855601.1
otoGar3:AAQR03195654	AAQR03195654			AAQR03195654.1	NW_003855604.1
otoGar3:AAQR03195657	AAQR03195657		AAQR03195657.1	AAQR03195657.1	NW_003855606.1
otoGar3:AAQR03195658	AAQR03195658		AAQR03195658.1	AAQR03195658.1	NW_003855607.1
otoGar3:AAQR03195659	AAQR03195659		AAQR03195659.1	AAQR03195659.1	NW_003855608.1
otoGar3:AAQR03195660	AAQR03195660		AAQR03195660.1	AAQR03195660.1	NW_003855609.1
otoGar3:AAQR03195661	AAQR03195661		AAQR03195661.1	AAQR03195661.1	NW_003855610.1
otoGar3:AAQR03195662	AAQR03195662		AAQR03195662.1	AAQR03195662.1	NW_003855611.1
otoGar3:AAQR03195663	AAQR03195663		AAQR03195663.1	AAQR03195663.1	NW_003855612.1
otoGar3:AAQR03195664	AAQR03195664		AAQR03195664.1	AAQR03195664.1	NW_003855613.1
otoGar3:AAQR03195665	AAQR03195665		AAQR03195665.1	AAQR03195665.1	NW_003855614.1
otoGar3:AAQR03195666	AAQR03195666		AAQR03195666.1	AAQR03195666.1	NW_003855615.1
otoGar3:AAQR03195667	AAQR03195667		AAQR03195667.1	AAQR03195667.1	NW_003855616.1
otoGar3:AAQR03195668	AAQR03195668		AAQR03195668.1	AAQR03195668.1	NW_003855617.1
otoGar3:AAQR03195669	AAQR03195669		AAQR03195669.1	AAQR03195669.1	NW_003855618.1
otoGar3:AAQR03195670	AAQR03195670		AAQR03195670.1	AAQR03195670.1	NW_003855619.1
otoGar3:AAQR03195671	AAQR03195671		AAQR03195671.1	AAQR03195671.1	NW_003855620.1
otoGar3:AAQR03195672	AAQR03195672		AAQR03195672.1	AAQR03195672.1	NW_003855621.1
otoGar3:AAQR03195673	AAQR03195673		AAQR03195673.1	AAQR03195673.1	NW_003855622.1
otoGar3:AAQR03195674	AAQR03195674		AAQR03195674.1	AAQR03195674.1	NW_003855623.1
otoGar3:AAQR03195675	AAQR03195675		AAQR03195675.1	AAQR03195675.1	NW_003855624.1
otoGar3:AAQR03195676	AAQR03195676		AAQR03195676.1	AAQR03195676.1	NW_003855625.1
otoGar3:AAQR03195677	AAQR03195677		AAQR03195677.1	AAQR03195677.1	NW_003855626.1
otoGar3:AAQR03195678	AAQR03195678		AAQR03195678.1	AAQR03195678.1	NW_003855627.1
otoGar3:AAQR03195679	AAQR03195679		AAQR03195679.1	AAQR03195679.1	NW_003855628.1
otoGar3:AAQR03195680	AAQR03195680		AAQR03195680.1	AAQR03195680.1	NW_003855629.1
otoGar3:AAQR03195681	AAQR03195681		AAQR03195681.1	AAQR03195681.1	NW_003855630.1
otoGar3:AAQR03195682	AAQR03195682		AAQR03195682.1	AAQR03195682.1	NW_003855631.1
otoGar3:AAQR03195683	AAQR03195683		AAQR03195683.1	AAQR03195683.1	NW_003855632.1
otoGar3:AAQR03195684	AAQR03195684		AAQR03195684.1	AAQR03195684.1	NW_003855633.1
otoGar3:AAQR03195685	AAQR03195685		AAQR03195685.1	AAQR03195685.1	NW_003855634.1
otoGar3:AAQR03195686	AAQR03195686		AAQR03195686.1	AAQR03195686.1	NW_003855635.1
otoGar3:AAQR03195687	AAQR03195687		AAQR03195687.1	AAQR03195687.1	NW_003855636.1
otoGar3:AAQR03195688	AAQR03195688		AAQR03195688.1	AAQR03195688.1	NW_003855637.1
otoGar3:AAQR03195689	AAQR03195689		AAQR03195689.1	AAQR03195689.1	NW_003855638.1
otoGar3:AAQR03195690	AAQR03195690		AAQR03195690.1	AAQR03195690.1	NW_003855639.1
otoGar3:AAQR03195691	AAQR03195691		AAQR03195691.1	AAQR03195691.1	NW_003855640.1
otoGar3:AAQR03195692	AAQR03195692		AAQR03195692.1	AAQR03195692.1	NW_003855641.1
otoGar3:AAQR03195693	AAQR03195693		AAQR03195693.1	AAQR03195693.1	NW_003855642.1
otoGar3:AAQR03195694	AAQR03195694		AAQR03195694.1	AAQR03195694.1	NW_003855643.1
otoGar3:AAQR03195695	AAQR03195695		AAQR03195695.1	AAQR03195695.1	NW_003855644.1
otoGar3:AAQR03195696	AAQR03195696		AAQR03195696.1	AAQR03195696.1	NW_003855645.1
otoGar3:AAQR03195697	AAQR03195697		AAQR03195697.1	AAQR03195697.1	NW_003855646.1
otoGar3:AAQR03195698	AAQR03195698		AAQR03195698.1	AAQR03195698.1	NW_003855647.1
otoGar3:AAQR03195699	AAQR03195699		AAQR03195699.1	AAQR03195699.1	NW_003855648.1
otoGar3:AAQR03195700	AAQR03195700		AAQR03195700.1	AAQR03195700.1	NW_003855649.1
otoGar3:AAQR03195701	AAQR03195701		AAQR03195701.1	AAQR03195701.1	NW_003855650.1
otoGar3:AAQR03195702	AAQR03195702		AAQR03195702.1	AAQR03195702.1	NW_003855651.1
otoGar3:AAQR03195703	AAQR03195703		AAQR03195703.1	AAQR03195703.1	NW_003855652.1
otoGar3:AAQR03195704	AAQR03195704		AAQR03195704.1	AAQR03195704.1	NW_003855653.1
otoGar3:AAQR03195705	AAQR03195705		AAQR03195705.1	AAQR03195705.1	NW_003855654.1
otoGar3:AAQR03195706	AAQR03195706		AAQR03195706.1	AAQR03195706.1	NW_003855655.1
otoGar3:AAQR03195707	AAQR03195707		AAQR03195707.1	AAQR03195707.1	NW_003855656.1
otoGar3:AAQR03195708	AAQR03195708		AAQR03195708.1	AAQR03195708.1	NW_003855657.1
otoGar3:AAQR03195709	AAQR03195709		AAQR03195709.1	AAQR03195709.1	NW_003855658.1
otoGar3:AAQR03195710	AAQR03195710		AAQR03195710.1	AAQR03195710.1	NW_003855659.1
otoGar3:AAQR03195711	AAQR03195711		AAQR03195711.1	AAQR03195711.1	NW_003855660.1
otoGar3:AAQR03195712	AAQR03195712		AAQR03195712.1	AAQR03195712.1	NW_003855661.1
otoGar3:AAQR03195713	AAQR03195713		AAQR03195713.1	AAQR03195713.1	NW_003855662.1
otoGar3:AAQR03195714	AAQR03195714			AAQR03195714.1	NW_003855663.1
otoGar3:AAQR03195715	AAQR03195715		AAQR03195715.1	AAQR03195715.1	NW_003855664.1
otoGar3:AAQR03195716	AAQR03195716		AAQR03195716.1	AAQR03195716.1	NW_003855665.1
otoGar3:AAQR03195717	AAQR03195717		AAQR03195717.1	AAQR03195717.1	NW_003855666.1
otoGar3:AAQR03195718	AAQR03195718		AAQR03195718.1	AAQR03195718.1	NW_003855667.1
otoGar3:AAQR03195719	AAQR03195719		AAQR03195719.1	AAQR03195719.1	NW_003855668.1
otoGar3:AAQR03195720	AAQR03195720		AAQR03195720.1	AAQR03195720.1	NW_003855669.1
otoGar3:AAQR03195721	AAQR03195721		AAQR03195721.1	AAQR03195721.1	NW_003855670.1
otoGar3:AAQR03195722	AAQR03195722		AAQR03195722.1	AAQR03195722.1	NW_003855671.1
otoGar3:AAQR03195723	AAQR03195723		AAQR03195723.1	AAQR03195723.1	NW_003855672.1
otoGar3:AAQR03195724	AAQR03195724		AAQR03195724.1	AAQR03195724.1	NW_003855673.1
otoGar3:AAQR03195725	AAQR03195725		AAQR03195725.1	AAQR03195725.1	NW_003855674.1
otoGar3:AAQR03195726	AAQR03195726		AAQR03195726.1	AAQR03195726.1	NW_003855675.1
otoGar3:AAQR03195727	AAQR03195727		AAQR03195727.1	AAQR03195727.1	NW_003855676.1
otoGar3:AAQR03195728	AAQR03195728		AAQR03195728.1	AAQR03195728.1	NW_003855677.1
otoGar3:AAQR03195729	AAQR03195729		AAQR03195729.1	AAQR03195729.1	NW_003855678.1
otoGar3:AAQR03195730	AAQR03195730		AAQR03195730.1	AAQR03195730.1	NW_003855679.1
otoGar3:AAQR03195731	AAQR03195731		AAQR03195731.1	AAQR03195731.1	NW_003855680.1
otoGar3:AAQR03195732	AAQR03195732		AAQR03195732.1	AAQR03195732.1	NW_003855681.1
otoGar3:AAQR03195733	AAQR03195733		AAQR03195733.1	AAQR03195733.1	NW_003855682.1
otoGar3:AAQR03195734	AAQR03195734		AAQR03195734.1	AAQR03195734.1	NW_003855683.1
otoGar3:AAQR03195735	AAQR03195735		AAQR03195735.1	AAQR03195735.1	NW_003855684.1
otoGar3:AAQR03195736	AAQR03195736		AAQR03195736.1	AAQR03195736.1	NW_003855685.1
otoGar3:AAQR03195737	AAQR03195737		AAQR03195737.1	AAQR03195737.1	NW_003855686.1
otoGar3:AAQR03195738	AAQR03195738		AAQR03195738.1	AAQR03195738.1	NW_003855687.1
otoGar3:AAQR03195739	AAQR03195739		AAQR03195739.1	AAQR03195739.1	NW_003855688.1
otoGar3:AAQR03195740	AAQR03195740		AAQR03195740.1	AAQR03195740.1	NW_003855689.1
otoGar3:AAQR03195741	AAQR03195741		AAQR03195741.1	AAQR03195741.1	NW_003855690.1
otoGar3:AAQR03195742	AAQR03195742		AAQR03195742.1	AAQR03195742.1	NW_003855691.1
otoGar3:AAQR03195743	AAQR03195743		AAQR03195743.1	AAQR03195743.1	NW_003855692.1
otoGar3:AAQR03195744	AAQR03195744		AAQR03195744.1	AAQR03195744.1	NW_003855693.1
otoGar3:AAQR03195745	AAQR03195745		AAQR03195745.1	AAQR03195745.1	NW_003855694.1
otoGar3:AAQR03195746	AAQR03195746		AAQR03195746.1	AAQR03195746.1	NW_003855695.1
otoGar3:AAQR03195747	AAQR03195747		AAQR03195747.1	AAQR03195747.1	NW_003855696.1
otoGar3:AAQR03195748	AAQR03195748		AAQR03195748.1	AAQR03195748.1	NW_003855697.1
otoGar3:AAQR03195749	AAQR03195749		AAQR03195749.1	AAQR03195749.1	NW_003855698.1
otoGar3:AAQR03195750	AAQR03195750		AAQR03195750.1	AAQR03195750.1	NW_003855699.1
otoGar3:AAQR03195751	AAQR03195751			AAQR03195751.1	NW_003855700.1
otoGar3:AAQR03195752	AAQR03195752		AAQR03195752.1	AAQR03195752.1	NW_003855701.1
otoGar3:AAQR03195753	AAQR03195753		AAQR03195753.1	AAQR03195753.1	NW_003855702.1
otoGar3:AAQR03195754	AAQR03195754		AAQR03195754.1	AAQR03195754.1	NW_003855703.1
otoGar3:AAQR03195755	AAQR03195755		AAQR03195755.1	AAQR03195755.1	NW_003855704.1
otoGar3:AAQR03195756	AAQR03195756		AAQR03195756.1	AAQR03195756.1	NW_003855705.1
otoGar3:AAQR03195757	AAQR03195757		AAQR03195757.1	AAQR03195757.1	NW_003855706.1
otoGar3:AAQR03195758	AAQR03195758			AAQR03195758.1	NW_003855707.1
otoGar3:AAQR03195759	AAQR03195759		AAQR03195759.1	AAQR03195759.1	NW_003855708.1
otoGar3:AAQR03195760	AAQR03195760		AAQR03195760.1	AAQR03195760.1	NW_003855709.1
otoGar3:AAQR03195761	AAQR03195761		AAQR03195761.1	AAQR03195761.1	NW_003855710.1
otoGar3:AAQR03195762	AAQR03195762		AAQR03195762.1	AAQR03195762.1	NW_003855711.1
otoGar3:AAQR03195763	AAQR03195763		AAQR03195763.1	AAQR03195763.1	NW_003855712.1
otoGar3:AAQR03195764	AAQR03195764			AAQR03195764.1	NW_003855713.1
otoGar3:AAQR03195765	AAQR03195765		AAQR03195765.1	AAQR03195765.1	NW_003855714.1
otoGar3:AAQR03195766	AAQR03195766		AAQR03195766.1	AAQR03195766.1	NW_003855715.1
otoGar3:AAQR03195767	AAQR03195767		AAQR03195767.1	AAQR03195767.1	NW_003855716.1
otoGar3:AAQR03195768	AAQR03195768		AAQR03195768.1	AAQR03195768.1	NW_003855717.1
otoGar3:AAQR03195769	AAQR03195769		AAQR03195769.1	AAQR03195769.1	NW_003855718.1
otoGar3:AAQR03195770	AAQR03195770		AAQR03195770.1	AAQR03195770.1	NW_003855719.1
otoGar3:AAQR03195771	AAQR03195771		AAQR03195771.1	AAQR03195771.1	NW_003855720.1
otoGar3:AAQR03195772	AAQR03195772		AAQR03195772.1	AAQR03195772.1	NW_003855721.1
otoGar3:AAQR03195773	AAQR03195773		AAQR03195773.1	AAQR03195773.1	NW_003855722.1
otoGar3:AAQR03195774	AAQR03195774		AAQR03195774.1	AAQR03195774.1	NW_003855723.1
otoGar3:AAQR03195775	AAQR03195775		AAQR03195775.1	AAQR03195775.1	NW_003855724.1
otoGar3:AAQR03195778	AAQR03195778		AAQR03195778.1	AAQR03195778.1	NW_003855726.1
otoGar3:AAQR03195779	AAQR03195779		AAQR03195779.1	AAQR03195779.1	NW_003855727.1
otoGar3:AAQR03195780	AAQR03195780		AAQR03195780.1	AAQR03195780.1	NW_003855728.1
otoGar3:AAQR03195781	AAQR03195781		AAQR03195781.1	AAQR03195781.1	NW_003855729.1
otoGar3:AAQR03195782	AAQR03195782		AAQR03195782.1	AAQR03195782.1	NW_003855730.1
otoGar3:AAQR03195783	AAQR03195783		AAQR03195783.1	AAQR03195783.1	NW_003855731.1
otoGar3:AAQR03195784	AAQR03195784		AAQR03195784.1	AAQR03195784.1	NW_003855732.1
otoGar3:AAQR03195785	AAQR03195785		AAQR03195785.1	AAQR03195785.1	NW_003855733.1
otoGar3:AAQR03195786	AAQR03195786		AAQR03195786.1	AAQR03195786.1	NW_003855734.1
otoGar3:AAQR03195787	AAQR03195787			AAQR03195787.1	NW_003855735.1
otoGar3:AAQR03195788	AAQR03195788		AAQR03195788.1	AAQR03195788.1	NW_003855736.1
otoGar3:AAQR03195789	AAQR03195789		AAQR03195789.1	AAQR03195789.1	NW_003855737.1
otoGar3:AAQR03195790	AAQR03195790		AAQR03195790.1	AAQR03195790.1	NW_003855738.1
otoGar3:AAQR03195791	AAQR03195791		AAQR03195791.1	AAQR03195791.1	NW_003855739.1
otoGar3:AAQR03195792	AAQR03195792		AAQR03195792.1	AAQR03195792.1	NW_003855740.1
otoGar3:AAQR03195793	AAQR03195793		AAQR03195793.1	AAQR03195793.1	NW_003855741.1
otoGar3:AAQR03195794	AAQR03195794		AAQR03195794.1	AAQR03195794.1	NW_003855742.1
otoGar3:AAQR03195795	AAQR03195795		AAQR03195795.1	AAQR03195795.1	NW_003855743.1
otoGar3:AAQR03195796	AAQR03195796		AAQR03195796.1	AAQR03195796.1	NW_003855744.1
otoGar3:AAQR03195797	AAQR03195797		AAQR03195797.1	AAQR03195797.1	NW_003855745.1
otoGar3:AAQR03195798	AAQR03195798		AAQR03195798.1	AAQR03195798.1	NW_003855746.1
otoGar3:AAQR03195799	AAQR03195799		AAQR03195799.1	AAQR03195799.1	NW_003855747.1
otoGar3:AAQR03195800	AAQR03195800		AAQR03195800.1	AAQR03195800.1	NW_003855748.1
otoGar3:AAQR03195801	AAQR03195801		AAQR03195801.1	AAQR03195801.1	NW_003855749.1
otoGar3:AAQR03195802	AAQR03195802		AAQR03195802.1	AAQR03195802.1	NW_003855750.1
otoGar3:AAQR03195803	AAQR03195803		AAQR03195803.1	AAQR03195803.1	NW_003855751.1
otoGar3:AAQR03195804	AAQR03195804		AAQR03195804.1	AAQR03195804.1	NW_003855752.1
otoGar3:AAQR03195805	AAQR03195805		AAQR03195805.1	AAQR03195805.1	NW_003855753.1
otoGar3:AAQR03195806	AAQR03195806		AAQR03195806.1	AAQR03195806.1	NW_003855754.1
otoGar3:AAQR03195807	AAQR03195807		AAQR03195807.1	AAQR03195807.1	NW_003855755.1
otoGar3:AAQR03195808	AAQR03195808		AAQR03195808.1	AAQR03195808.1	NW_003855756.1
otoGar3:AAQR03195809	AAQR03195809		AAQR03195809.1	AAQR03195809.1	NW_003855757.1
otoGar3:AAQR03195810	AAQR03195810		AAQR03195810.1	AAQR03195810.1	NW_003855758.1
otoGar3:AAQR03195811	AAQR03195811		AAQR03195811.1	AAQR03195811.1	NW_003855759.1
otoGar3:AAQR03195812	AAQR03195812		AAQR03195812.1	AAQR03195812.1	NW_003855760.1
otoGar3:AAQR03195813	AAQR03195813		AAQR03195813.1	AAQR03195813.1	NW_003855761.1
otoGar3:AAQR03195814	AAQR03195814		AAQR03195814.1	AAQR03195814.1	NW_003855762.1
otoGar3:AAQR03195815	AAQR03195815		AAQR03195815.1	AAQR03195815.1	NW_003855763.1
otoGar3:AAQR03195816	AAQR03195816		AAQR03195816.1	AAQR03195816.1	NW_003855764.1
otoGar3:AAQR03195817	AAQR03195817		AAQR03195817.1	AAQR03195817.1	NW_003855765.1
otoGar3:AAQR03195818	AAQR03195818		AAQR03195818.1	AAQR03195818.1	NW_003855766.1
otoGar3:AAQR03195819	AAQR03195819		AAQR03195819.1	AAQR03195819.1	NW_003855767.1
otoGar3:AAQR03195820	AAQR03195820		AAQR03195820.1	AAQR03195820.1	NW_003855768.1
otoGar3:AAQR03195821	AAQR03195821		AAQR03195821.1	AAQR03195821.1	NW_003855769.1
otoGar3:AAQR03195822	AAQR03195822		AAQR03195822.1	AAQR03195822.1	NW_003855770.1
otoGar3:AAQR03195823	AAQR03195823		AAQR03195823.1	AAQR03195823.1	NW_003855771.1
otoGar3:AAQR03195824	AAQR03195824		AAQR03195824.1	AAQR03195824.1	NW_003855772.1
otoGar3:AAQR03195825	AAQR03195825		AAQR03195825.1	AAQR03195825.1	NW_003855773.1
otoGar3:AAQR03195826	AAQR03195826		AAQR03195826.1	AAQR03195826.1	NW_003855774.1
otoGar3:AAQR03195827	AAQR03195827		AAQR03195827.1	AAQR03195827.1	NW_003855775.1
otoGar3:AAQR03195828	AAQR03195828		AAQR03195828.1	AAQR03195828.1	NW_003855776.1
otoGar3:AAQR03195829	AAQR03195829		AAQR03195829.1	AAQR03195829.1	NW_003855777.1
otoGar3:AAQR03195830	AAQR03195830		AAQR03195830.1	AAQR03195830.1	NW_003855778.1
otoGar3:AAQR03195831	AAQR03195831		AAQR03195831.1	AAQR03195831.1	NW_003855779.1
otoGar3:AAQR03195832	AAQR03195832		AAQR03195832.1	AAQR03195832.1	NW_003855780.1
otoGar3:AAQR03195833	AAQR03195833		AAQR03195833.1	AAQR03195833.1	NW_003855781.1
otoGar3:AAQR03195834	AAQR03195834		AAQR03195834.1	AAQR03195834.1	NW_003855782.1
otoGar3:AAQR03195835	AAQR03195835		AAQR03195835.1	AAQR03195835.1	NW_003855783.1
otoGar3:AAQR03195836	AAQR03195836		AAQR03195836.1	AAQR03195836.1	NW_003855784.1
otoGar3:AAQR03195837	AAQR03195837		AAQR03195837.1	AAQR03195837.1	NW_003855785.1
otoGar3:AAQR03195838	AAQR03195838		AAQR03195838.1	AAQR03195838.1	NW_003855786.1
otoGar3:AAQR03195839	AAQR03195839		AAQR03195839.1	AAQR03195839.1	NW_003855787.1
otoGar3:AAQR03195840	AAQR03195840		AAQR03195840.1	AAQR03195840.1	NW_003855788.1
otoGar3:AAQR03195841	AAQR03195841		AAQR03195841.1	AAQR03195841.1	NW_003855789.1
otoGar3:AAQR03195842	AAQR03195842		AAQR03195842.1	AAQR03195842.1	NW_003855790.1
otoGar3:AAQR03195843	AAQR03195843		AAQR03195843.1	AAQR03195843.1	NW_003855791.1
otoGar3:AAQR03195844	AAQR03195844		AAQR03195844.1	AAQR03195844.1	NW_003855792.1
otoGar3:AAQR03195845	AAQR03195845		AAQR03195845.1	AAQR03195845.1	NW_003855793.1
otoGar3:AAQR03195846	AAQR03195846		AAQR03195846.1	AAQR03195846.1	NW_003855794.1
otoGar3:AAQR03195847	AAQR03195847		AAQR03195847.1	AAQR03195847.1	NW_003855795.1
otoGar3:AAQR03195848	AAQR03195848		AAQR03195848.1	AAQR03195848.1	NW_003855796.1
otoGar3:AAQR03195849	AAQR03195849		AAQR03195849.1	AAQR03195849.1	NW_003855797.1
otoGar3:AAQR03195850	AAQR03195850		AAQR03195850.1	AAQR03195850.1	NW_003855798.1
otoGar3:AAQR03195851	AAQR03195851		AAQR03195851.1	AAQR03195851.1	NW_003855799.1
otoGar3:AAQR03195852	AAQR03195852		AAQR03195852.1	AAQR03195852.1	NW_003855800.1
otoGar3:AAQR03195853	AAQR03195853		AAQR03195853.1	AAQR03195853.1	NW_003855801.1
otoGar3:AAQR03195854	AAQR03195854		AAQR03195854.1	AAQR03195854.1	NW_003855802.1
otoGar3:AAQR03195855	AAQR03195855		AAQR03195855.1	AAQR03195855.1	NW_003855803.1
otoGar3:AAQR03195856	AAQR03195856		AAQR03195856.1	AAQR03195856.1	NW_003855804.1
otoGar3:AAQR03195857	AAQR03195857		AAQR03195857.1	AAQR03195857.1	NW_003855805.1
otoGar3:AAQR03195858	AAQR03195858		AAQR03195858.1	AAQR03195858.1	NW_003855806.1
otoGar3:AAQR03195859	AAQR03195859		AAQR03195859.1	AAQR03195859.1	NW_003855807.1
otoGar3:AAQR03195860	AAQR03195860		AAQR03195860.1	AAQR03195860.1	NW_003855808.1
otoGar3:AAQR03195861	AAQR03195861		AAQR03195861.1	AAQR03195861.1	NW_003855809.1
otoGar3:AAQR03195862	AAQR03195862		AAQR03195862.1	AAQR03195862.1	NW_003855810.1
otoGar3:AAQR03195863	AAQR03195863		AAQR03195863.1	AAQR03195863.1	NW_003855811.1
otoGar3:AAQR03195864	AAQR03195864		AAQR03195864.1	AAQR03195864.1	NW_003855812.1
otoGar3:AAQR03195865	AAQR03195865		AAQR03195865.1	AAQR03195865.1	NW_003855813.1
otoGar3:AAQR03195866	AAQR03195866		AAQR03195866.1	AAQR03195866.1	NW_003855814.1
otoGar3:AAQR03195867	AAQR03195867		AAQR03195867.1	AAQR03195867.1	NW_003855815.1
otoGar3:AAQR03195868	AAQR03195868		AAQR03195868.1	AAQR03195868.1	NW_003855816.1
otoGar3:AAQR03195869	AAQR03195869		AAQR03195869.1	AAQR03195869.1	NW_003855817.1
otoGar3:AAQR03195870	AAQR03195870		AAQR03195870.1	AAQR03195870.1	NW_003855818.1
otoGar3:AAQR03195871	AAQR03195871		AAQR03195871.1	AAQR03195871.1	NW_003855819.1
otoGar3:AAQR03195872	AAQR03195872		AAQR03195872.1	AAQR03195872.1	NW_003855820.1
otoGar3:AAQR03195873	AAQR03195873		AAQR03195873.1	AAQR03195873.1	NW_003855821.1
otoGar3:AAQR03195874	AAQR03195874		AAQR03195874.1	AAQR03195874.1	NW_003855822.1
otoGar3:AAQR03195875	AAQR03195875		AAQR03195875.1	AAQR03195875.1	NW_003855823.1
otoGar3:AAQR03195876	AAQR03195876		AAQR03195876.1	AAQR03195876.1	NW_003855824.1
otoGar3:AAQR03195877	AAQR03195877		AAQR03195877.1	AAQR03195877.1	NW_003855825.1
otoGar3:AAQR03195878	AAQR03195878		AAQR03195878.1	AAQR03195878.1	NW_003855826.1
otoGar3:AAQR03195879	AAQR03195879		AAQR03195879.1	AAQR03195879.1	NW_003855827.1
otoGar3:AAQR03195880	AAQR03195880		AAQR03195880.1	AAQR03195880.1	NW_003855828.1
otoGar3:AAQR03195881	AAQR03195881		AAQR03195881.1	AAQR03195881.1	NW_003855829.1
otoGar3:AAQR03195882	AAQR03195882		AAQR03195882.1	AAQR03195882.1	NW_003855830.1
otoGar3:AAQR03195883	AAQR03195883		AAQR03195883.1	AAQR03195883.1	NW_003855831.1
otoGar3:AAQR03195884	AAQR03195884		AAQR03195884.1	AAQR03195884.1	NW_003855832.1
otoGar3:AAQR03195885	AAQR03195885		AAQR03195885.1	AAQR03195885.1	NW_003855833.1
otoGar3:AAQR03195886	AAQR03195886		AAQR03195886.1	AAQR03195886.1	NW_003855834.1
otoGar3:AAQR03195887	AAQR03195887		AAQR03195887.1	AAQR03195887.1	NW_003855835.1
otoGar3:AAQR03195888	AAQR03195888		AAQR03195888.1	AAQR03195888.1	NW_003855836.1
otoGar3:AAQR03195889	AAQR03195889		AAQR03195889.1	AAQR03195889.1	NW_003855837.1
otoGar3:AAQR03195890	AAQR03195890		AAQR03195890.1	AAQR03195890.1	NW_003855838.1
otoGar3:AAQR03195891	AAQR03195891		AAQR03195891.1	AAQR03195891.1	NW_003855839.1
otoGar3:AAQR03195892	AAQR03195892		AAQR03195892.1	AAQR03195892.1	NW_003855840.1
otoGar3:AAQR03195893	AAQR03195893			AAQR03195893.1	NW_003855841.1
otoGar3:AAQR03195894	AAQR03195894		AAQR03195894.1	AAQR03195894.1	NW_003855842.1
otoGar3:AAQR03195895	AAQR03195895		AAQR03195895.1	AAQR03195895.1	NW_003855843.1
otoGar3:AAQR03195896	AAQR03195896		AAQR03195896.1	AAQR03195896.1	NW_003855844.1
otoGar3:AAQR03195897	AAQR03195897		AAQR03195897.1	AAQR03195897.1	NW_003855845.1
otoGar3:AAQR03195898	AAQR03195898		AAQR03195898.1	AAQR03195898.1	NW_003855846.1
otoGar3:AAQR03195899	AAQR03195899		AAQR03195899.1	AAQR03195899.1	NW_003855847.1
otoGar3:AAQR03195900	AAQR03195900		AAQR03195900.1	AAQR03195900.1	NW_003855848.1
otoGar3:AAQR03195901	AAQR03195901		AAQR03195901.1	AAQR03195901.1	NW_003855849.1
otoGar3:AAQR03195902	AAQR03195902		AAQR03195902.1	AAQR03195902.1	NW_003855850.1
otoGar3:AAQR03195903	AAQR03195903			AAQR03195903.1	NW_003855851.1
otoGar3:AAQR03195904	AAQR03195904		AAQR03195904.1	AAQR03195904.1	NW_003855852.1
otoGar3:AAQR03195905	AAQR03195905		AAQR03195905.1	AAQR03195905.1	NW_003855853.1
otoGar3:AAQR03195906	AAQR03195906		AAQR03195906.1	AAQR03195906.1	NW_003855854.1
otoGar3:AAQR03195907	AAQR03195907		AAQR03195907.1	AAQR03195907.1	NW_003855855.1
otoGar3:AAQR03195908	AAQR03195908		AAQR03195908.1	AAQR03195908.1	NW_003855856.1
otoGar3:AAQR03195909	AAQR03195909		AAQR03195909.1	AAQR03195909.1	NW_003855857.1
otoGar3:AAQR03195910	AAQR03195910		AAQR03195910.1	AAQR03195910.1	NW_003855858.1
otoGar3:AAQR03195911	AAQR03195911		AAQR03195911.1	AAQR03195911.1	NW_003855859.1
otoGar3:AAQR03195912	AAQR03195912		AAQR03195912.1	AAQR03195912.1	NW_003855860.1
otoGar3:AAQR03195913	AAQR03195913		AAQR03195913.1	AAQR03195913.1	NW_003855861.1
otoGar3:AAQR03195914	AAQR03195914		AAQR03195914.1	AAQR03195914.1	NW_003855862.1
otoGar3:AAQR03195915	AAQR03195915		AAQR03195915.1	AAQR03195915.1	NW_003855863.1
otoGar3:AAQR03195916	AAQR03195916		AAQR03195916.1	AAQR03195916.1	NW_003855864.1
otoGar3:AAQR03195917	AAQR03195917		AAQR03195917.1	AAQR03195917.1	NW_003855865.1
otoGar3:AAQR03195918	AAQR03195918		AAQR03195918.1	AAQR03195918.1	NW_003855866.1
otoGar3:AAQR03195919	AAQR03195919		AAQR03195919.1	AAQR03195919.1	NW_003855867.1
otoGar3:AAQR03195920	AAQR03195920		AAQR03195920.1	AAQR03195920.1	NW_003855868.1
otoGar3:AAQR03195921	AAQR03195921		AAQR03195921.1	AAQR03195921.1	NW_003855869.1
otoGar3:AAQR03195922	AAQR03195922		AAQR03195922.1	AAQR03195922.1	NW_003855870.1
otoGar3:AAQR03195923	AAQR03195923		AAQR03195923.1	AAQR03195923.1	NW_003855871.1
otoGar3:AAQR03195924	AAQR03195924		AAQR03195924.1	AAQR03195924.1	NW_003855872.1
otoGar3:AAQR03195925	AAQR03195925		AAQR03195925.1	AAQR03195925.1	NW_003855873.1
otoGar3:AAQR03195926	AAQR03195926		AAQR03195926.1	AAQR03195926.1	NW_003855874.1
otoGar3:AAQR03195927	AAQR03195927		AAQR03195927.1	AAQR03195927.1	NW_003855875.1
otoGar3:AAQR03195928	AAQR03195928		AAQR03195928.1	AAQR03195928.1	NW_003855876.1
otoGar3:AAQR03195929	AAQR03195929		AAQR03195929.1	AAQR03195929.1	NW_003855877.1
otoGar3:AAQR03195930	AAQR03195930		AAQR03195930.1	AAQR03195930.1	NW_003855878.1
otoGar3:AAQR03195931	AAQR03195931		AAQR03195931.1	AAQR03195931.1	NW_003855879.1
otoGar3:AAQR03195932	AAQR03195932		AAQR03195932.1	AAQR03195932.1	NW_003855880.1
otoGar3:AAQR03195933	AAQR03195933		AAQR03195933.1	AAQR03195933.1	NW_003855881.1
otoGar3:AAQR03195934	AAQR03195934		AAQR03195934.1	AAQR03195934.1	NW_003855882.1
otoGar3:AAQR03195935	AAQR03195935		AAQR03195935.1	AAQR03195935.1	NW_003855883.1
otoGar3:AAQR03195936	AAQR03195936		AAQR03195936.1	AAQR03195936.1	NW_003855884.1
otoGar3:AAQR03195937	AAQR03195937		AAQR03195937.1	AAQR03195937.1	NW_003855885.1
otoGar3:AAQR03195938	AAQR03195938		AAQR03195938.1	AAQR03195938.1	NW_003855886.1
otoGar3:AAQR03195939	AAQR03195939		AAQR03195939.1	AAQR03195939.1	NW_003855887.1
otoGar3:AAQR03195940	AAQR03195940		AAQR03195940.1	AAQR03195940.1	NW_003855888.1
otoGar3:AAQR03195941	AAQR03195941		AAQR03195941.1	AAQR03195941.1	NW_003855889.1
otoGar3:AAQR03195942	AAQR03195942		AAQR03195942.1	AAQR03195942.1	NW_003855890.1
otoGar3:AAQR03195943	AAQR03195943		AAQR03195943.1	AAQR03195943.1	NW_003855891.1
otoGar3:AAQR03195944	AAQR03195944		AAQR03195944.1	AAQR03195944.1	NW_003855892.1
otoGar3:AAQR03195945	AAQR03195945		AAQR03195945.1	AAQR03195945.1	NW_003855893.1
otoGar3:AAQR03195946	AAQR03195946		AAQR03195946.1	AAQR03195946.1	NW_003855894.1
otoGar3:AAQR03195947	AAQR03195947		AAQR03195947.1	AAQR03195947.1	NW_003855895.1
otoGar3:AAQR03195948	AAQR03195948		AAQR03195948.1	AAQR03195948.1	NW_003855896.1
otoGar3:AAQR03195949	AAQR03195949		AAQR03195949.1	AAQR03195949.1	NW_003855897.1
otoGar3:AAQR03195950	AAQR03195950		AAQR03195950.1	AAQR03195950.1	NW_003855898.1
otoGar3:AAQR03195951	AAQR03195951		AAQR03195951.1	AAQR03195951.1	NW_003855899.1
otoGar3:AAQR03195952	AAQR03195952		AAQR03195952.1	AAQR03195952.1	NW_003855900.1
otoGar3:AAQR03195953	AAQR03195953		AAQR03195953.1	AAQR03195953.1	NW_003855901.1
otoGar3:AAQR03195954	AAQR03195954		AAQR03195954.1	AAQR03195954.1	NW_003855902.1
otoGar3:AAQR03195955	AAQR03195955		AAQR03195955.1	AAQR03195955.1	NW_003855903.1
otoGar3:AAQR03195956	AAQR03195956		AAQR03195956.1	AAQR03195956.1	NW_003855904.1
otoGar3:AAQR03195957	AAQR03195957		AAQR03195957.1	AAQR03195957.1	NW_003855905.1
otoGar3:AAQR03195958	AAQR03195958		AAQR03195958.1	AAQR03195958.1	NW_003855906.1
otoGar3:AAQR03195959	AAQR03195959		AAQR03195959.1	AAQR03195959.1	NW_003855907.1
otoGar3:AAQR03195960	AAQR03195960		AAQR03195960.1	AAQR03195960.1	NW_003855908.1
otoGar3:AAQR03195961	AAQR03195961		AAQR03195961.1	AAQR03195961.1	NW_003855909.1
otoGar3:AAQR03195962	AAQR03195962		AAQR03195962.1	AAQR03195962.1	NW_003855910.1
otoGar3:AAQR03195963	AAQR03195963		AAQR03195963.1	AAQR03195963.1	NW_003855911.1
otoGar3:AAQR03195964	AAQR03195964		AAQR03195964.1	AAQR03195964.1	NW_003855912.1
otoGar3:AAQR03195965	AAQR03195965		AAQR03195965.1	AAQR03195965.1	NW_003855913.1
otoGar3:AAQR03195966	AAQR03195966		AAQR03195966.1	AAQR03195966.1	NW_003855914.1
otoGar3:AAQR03195967	AAQR03195967		AAQR03195967.1	AAQR03195967.1	NW_003855915.1
otoGar3:AAQR03195968	AAQR03195968		AAQR03195968.1	AAQR03195968.1	NW_003855916.1
otoGar3:AAQR03195969	AAQR03195969		AAQR03195969.1	AAQR03195969.1	NW_003855917.1
otoGar3:AAQR03195970	AAQR03195970		AAQR03195970.1	AAQR03195970.1	NW_003855918.1
otoGar3:AAQR03195971	AAQR03195971		AAQR03195971.1	AAQR03195971.1	NW_003855919.1
otoGar3:AAQR03195972	AAQR03195972		AAQR03195972.1	AAQR03195972.1	NW_003855920.1
otoGar3:AAQR03195973	AAQR03195973		AAQR03195973.1	AAQR03195973.1	NW_003855921.1
otoGar3:AAQR03195974	AAQR03195974		AAQR03195974.1	AAQR03195974.1	NW_003855922.1
otoGar3:AAQR03195975	AAQR03195975		AAQR03195975.1	AAQR03195975.1	NW_003855923.1
otoGar3:AAQR03195976	AAQR03195976		AAQR03195976.1	AAQR03195976.1	NW_003855924.1
otoGar3:AAQR03195977	AAQR03195977		AAQR03195977.1	AAQR03195977.1	NW_003855925.1
otoGar3:AAQR03195978	AAQR03195978		AAQR03195978.1	AAQR03195978.1	NW_003855926.1
otoGar3:AAQR03195979	AAQR03195979		AAQR03195979.1	AAQR03195979.1	NW_003855927.1
otoGar3:AAQR03195980	AAQR03195980		AAQR03195980.1	AAQR03195980.1	NW_003855928.1
otoGar3:AAQR03195981	AAQR03195981		AAQR03195981.1	AAQR03195981.1	NW_003855929.1
otoGar3:AAQR03195982	AAQR03195982		AAQR03195982.1	AAQR03195982.1	NW_003855930.1
otoGar3:AAQR03195983	AAQR03195983		AAQR03195983.1	AAQR03195983.1	NW_003855931.1
otoGar3:AAQR03195984	AAQR03195984			AAQR03195984.1	NW_003855932.1
otoGar3:AAQR03195985	AAQR03195985		AAQR03195985.1	AAQR03195985.1	NW_003855933.1
otoGar3:AAQR03195986	AAQR03195986		AAQR03195986.1	AAQR03195986.1	NW_003855934.1
otoGar3:AAQR03195987	AAQR03195987		AAQR03195987.1	AAQR03195987.1	NW_003855935.1
otoGar3:AAQR03195988	AAQR03195988		AAQR03195988.1	AAQR03195988.1	NW_003855936.1
otoGar3:AAQR03195989	AAQR03195989		AAQR03195989.1	AAQR03195989.1	NW_003855937.1
otoGar3:AAQR03195990	AAQR03195990		AAQR03195990.1	AAQR03195990.1	NW_003855938.1
otoGar3:AAQR03195991	AAQR03195991		AAQR03195991.1	AAQR03195991.1	NW_003855939.1
otoGar3:AAQR03195992	AAQR03195992		AAQR03195992.1	AAQR03195992.1	NW_003855940.1
otoGar3:AAQR03195993	AAQR03195993		AAQR03195993.1	AAQR03195993.1	NW_003855941.1
otoGar3:AAQR03195994	AAQR03195994		AAQR03195994.1	AAQR03195994.1	NW_003855942.1
otoGar3:AAQR03195995	AAQR03195995		AAQR03195995.1	AAQR03195995.1	NW_003855943.1
otoGar3:AAQR03195996	AAQR03195996		AAQR03195996.1	AAQR03195996.1	NW_003855944.1
otoGar3:AAQR03195997	AAQR03195997		AAQR03195997.1	AAQR03195997.1	NW_003855945.1
otoGar3:AAQR03195998	AAQR03195998		AAQR03195998.1	AAQR03195998.1	NW_003855946.1
otoGar3:AAQR03195999	AAQR03195999		AAQR03195999.1	AAQR03195999.1	NW_003855947.1
otoGar3:AAQR03196000	AAQR03196000		AAQR03196000.1	AAQR03196000.1	NW_003855948.1
otoGar3:AAQR03196001	AAQR03196001		AAQR03196001.1	AAQR03196001.1	NW_003855949.1
otoGar3:AAQR03196002	AAQR03196002		AAQR03196002.1	AAQR03196002.1	NW_003855950.1
otoGar3:AAQR03196003	AAQR03196003		AAQR03196003.1	AAQR03196003.1	NW_003855951.1
otoGar3:AAQR03196004	AAQR03196004		AAQR03196004.1	AAQR03196004.1	NW_003855952.1
otoGar3:AAQR03196005	AAQR03196005		AAQR03196005.1	AAQR03196005.1	NW_003855953.1
otoGar3:AAQR03196006	AAQR03196006		AAQR03196006.1	AAQR03196006.1	NW_003855954.1
otoGar3:AAQR03196007	AAQR03196007		AAQR03196007.1	AAQR03196007.1	NW_003855955.1
otoGar3:AAQR03196008	AAQR03196008		AAQR03196008.1	AAQR03196008.1	NW_003855956.1
otoGar3:AAQR03196009	AAQR03196009		AAQR03196009.1	AAQR03196009.1	NW_003855957.1
otoGar3:AAQR03196010	AAQR03196010		AAQR03196010.1	AAQR03196010.1	NW_003855958.1
otoGar3:AAQR03196011	AAQR03196011		AAQR03196011.1	AAQR03196011.1	NW_003855959.1
otoGar3:AAQR03196012	AAQR03196012		AAQR03196012.1	AAQR03196012.1	NW_003855960.1
otoGar3:AAQR03196013	AAQR03196013			AAQR03196013.1	NW_003855961.1
otoGar3:AAQR03196014	AAQR03196014		AAQR03196014.1	AAQR03196014.1	NW_003855962.1
otoGar3:AAQR03196015	AAQR03196015		AAQR03196015.1	AAQR03196015.1	NW_003855963.1
otoGar3:AAQR03196016	AAQR03196016		AAQR03196016.1	AAQR03196016.1	NW_003855964.1
otoGar3:AAQR03196017	AAQR03196017		AAQR03196017.1	AAQR03196017.1	NW_003855965.1
otoGar3:AAQR03196018	AAQR03196018			AAQR03196018.1	NW_003855966.1
otoGar3:AAQR03196019	AAQR03196019		AAQR03196019.1	AAQR03196019.1	NW_003855967.1
otoGar3:AAQR03196020	AAQR03196020		AAQR03196020.1	AAQR03196020.1	NW_003855968.1
otoGar3:AAQR03196021	AAQR03196021		AAQR03196021.1	AAQR03196021.1	NW_003855969.1
otoGar3:AAQR03196022	AAQR03196022		AAQR03196022.1	AAQR03196022.1	NW_003855970.1
otoGar3:AAQR03196023	AAQR03196023		AAQR03196023.1	AAQR03196023.1	NW_003855971.1
otoGar3:AAQR03196024	AAQR03196024		AAQR03196024.1	AAQR03196024.1	NW_003855972.1
otoGar3:AAQR03196025	AAQR03196025		AAQR03196025.1	AAQR03196025.1	NW_003855973.1
otoGar3:AAQR03196026	AAQR03196026		AAQR03196026.1	AAQR03196026.1	NW_003855974.1
otoGar3:AAQR03196027	AAQR03196027		AAQR03196027.1	AAQR03196027.1	NW_003855975.1
otoGar3:AAQR03196028	AAQR03196028		AAQR03196028.1	AAQR03196028.1	NW_003855976.1
otoGar3:AAQR03196029	AAQR03196029		AAQR03196029.1	AAQR03196029.1	NW_003855977.1
otoGar3:AAQR03196030	AAQR03196030		AAQR03196030.1	AAQR03196030.1	NW_003855978.1
otoGar3:AAQR03196031	AAQR03196031		AAQR03196031.1	AAQR03196031.1	NW_003855979.1
otoGar3:AAQR03196032	AAQR03196032		AAQR03196032.1	AAQR03196032.1	NW_003855980.1
otoGar3:AAQR03196033	AAQR03196033		AAQR03196033.1	AAQR03196033.1	NW_003855981.1
otoGar3:AAQR03196034	AAQR03196034		AAQR03196034.1	AAQR03196034.1	NW_003855982.1
otoGar3:AAQR03196035	AAQR03196035		AAQR03196035.1	AAQR03196035.1	NW_003855983.1
otoGar3:AAQR03196036	AAQR03196036		AAQR03196036.1	AAQR03196036.1	NW_003855984.1
otoGar3:AAQR03196037	AAQR03196037		AAQR03196037.1	AAQR03196037.1	NW_003855985.1
otoGar3:AAQR03196038	AAQR03196038		AAQR03196038.1	AAQR03196038.1	NW_003855986.1
otoGar3:AAQR03196039	AAQR03196039		AAQR03196039.1	AAQR03196039.1	NW_003855987.1
otoGar3:AAQR03196040	AAQR03196040		AAQR03196040.1	AAQR03196040.1	NW_003855988.1
otoGar3:AAQR03196041	AAQR03196041		AAQR03196041.1	AAQR03196041.1	NW_003855989.1
otoGar3:AAQR03196042	AAQR03196042		AAQR03196042.1	AAQR03196042.1	NW_003855990.1
otoGar3:AAQR03196043	AAQR03196043		AAQR03196043.1	AAQR03196043.1	NW_003855991.1
otoGar3:AAQR03196044	AAQR03196044		AAQR03196044.1	AAQR03196044.1	NW_003855992.1
otoGar3:AAQR03196045	AAQR03196045		AAQR03196045.1	AAQR03196045.1	NW_003855993.1
otoGar3:AAQR03196046	AAQR03196046		AAQR03196046.1	AAQR03196046.1	NW_003855994.1
otoGar3:AAQR03196047	AAQR03196047		AAQR03196047.1	AAQR03196047.1	NW_003855995.1
otoGar3:AAQR03196048	AAQR03196048		AAQR03196048.1	AAQR03196048.1	NW_003855996.1
otoGar3:AAQR03196049	AAQR03196049		AAQR03196049.1	AAQR03196049.1	NW_003855997.1
otoGar3:AAQR03196050	AAQR03196050		AAQR03196050.1	AAQR03196050.1	NW_003855998.1
otoGar3:AAQR03196051	AAQR03196051		AAQR03196051.1	AAQR03196051.1	NW_003855999.1
otoGar3:AAQR03196052	AAQR03196052		AAQR03196052.1	AAQR03196052.1	NW_003856000.1
otoGar3:AAQR03196053	AAQR03196053		AAQR03196053.1	AAQR03196053.1	NW_003856001.1
otoGar3:AAQR03196054	AAQR03196054		AAQR03196054.1	AAQR03196054.1	NW_003856002.1
otoGar3:AAQR03196055	AAQR03196055		AAQR03196055.1	AAQR03196055.1	NW_003856003.1
otoGar3:AAQR03196056	AAQR03196056		AAQR03196056.1	AAQR03196056.1	NW_003856004.1
otoGar3:AAQR03196057	AAQR03196057		AAQR03196057.1	AAQR03196057.1	NW_003856005.1
otoGar3:AAQR03196058	AAQR03196058		AAQR03196058.1	AAQR03196058.1	NW_003856006.1
otoGar3:AAQR03196059	AAQR03196059		AAQR03196059.1	AAQR03196059.1	NW_003856007.1
otoGar3:AAQR03196060	AAQR03196060		AAQR03196060.1	AAQR03196060.1	NW_003856008.1
otoGar3:AAQR03196061	AAQR03196061		AAQR03196061.1	AAQR03196061.1	NW_003856009.1
otoGar3:AAQR03196062	AAQR03196062		AAQR03196062.1	AAQR03196062.1	NW_003856010.1
otoGar3:AAQR03196063	AAQR03196063		AAQR03196063.1	AAQR03196063.1	NW_003856011.1
otoGar3:AAQR03196064	AAQR03196064		AAQR03196064.1	AAQR03196064.1	NW_003856012.1
otoGar3:AAQR03196065	AAQR03196065		AAQR03196065.1	AAQR03196065.1	NW_003856013.1
otoGar3:AAQR03196066	AAQR03196066			AAQR03196066.1	NW_003856014.1
otoGar3:AAQR03196067	AAQR03196067		AAQR03196067.1	AAQR03196067.1	NW_003856015.1
otoGar3:AAQR03196068	AAQR03196068		AAQR03196068.1	AAQR03196068.1	NW_003856016.1
otoGar3:AAQR03196069	AAQR03196069		AAQR03196069.1	AAQR03196069.1	NW_003856017.1
otoGar3:AAQR03196070	AAQR03196070		AAQR03196070.1	AAQR03196070.1	NW_003856018.1
otoGar3:AAQR03196071	AAQR03196071		AAQR03196071.1	AAQR03196071.1	NW_003856019.1
otoGar3:AAQR03196072	AAQR03196072		AAQR03196072.1	AAQR03196072.1	NW_003856020.1
otoGar3:AAQR03196073	AAQR03196073		AAQR03196073.1	AAQR03196073.1	NW_003856021.1
otoGar3:AAQR03196074	AAQR03196074		AAQR03196074.1	AAQR03196074.1	NW_003856022.1
otoGar3:AAQR03196075	AAQR03196075		AAQR03196075.1	AAQR03196075.1	NW_003856023.1
otoGar3:AAQR03196076	AAQR03196076		AAQR03196076.1	AAQR03196076.1	NW_003856024.1
otoGar3:AAQR03196077	AAQR03196077		AAQR03196077.1	AAQR03196077.1	NW_003856025.1
otoGar3:AAQR03196078	AAQR03196078		AAQR03196078.1	AAQR03196078.1	NW_003856026.1
otoGar3:AAQR03196079	AAQR03196079		AAQR03196079.1	AAQR03196079.1	NW_003856027.1
otoGar3:AAQR03196080	AAQR03196080		AAQR03196080.1	AAQR03196080.1	NW_003856028.1
otoGar3:AAQR03196081	AAQR03196081		AAQR03196081.1	AAQR03196081.1	NW_003856029.1
otoGar3:AAQR03196082	AAQR03196082		AAQR03196082.1	AAQR03196082.1	NW_003856030.1
otoGar3:AAQR03196083	AAQR03196083		AAQR03196083.1	AAQR03196083.1	NW_003856031.1
otoGar3:AAQR03196084	AAQR03196084		AAQR03196084.1	AAQR03196084.1	NW_003856032.1
otoGar3:AAQR03196085	AAQR03196085		AAQR03196085.1	AAQR03196085.1	NW_003856033.1
otoGar3:AAQR03196086	AAQR03196086		AAQR03196086.1	AAQR03196086.1	NW_003856034.1
otoGar3:AAQR03196087	AAQR03196087		AAQR03196087.1	AAQR03196087.1	NW_003856035.1
otoGar3:AAQR03196088	AAQR03196088		AAQR03196088.1	AAQR03196088.1	NW_003856036.1
otoGar3:AAQR03196089	AAQR03196089		AAQR03196089.1	AAQR03196089.1	NW_003856037.1
otoGar3:AAQR03196090	AAQR03196090		AAQR03196090.1	AAQR03196090.1	NW_003856038.1
otoGar3:AAQR03196091	AAQR03196091		AAQR03196091.1	AAQR03196091.1	NW_003856039.1
otoGar3:AAQR03196092	AAQR03196092		AAQR03196092.1	AAQR03196092.1	NW_003856040.1
otoGar3:AAQR03196093	AAQR03196093		AAQR03196093.1	AAQR03196093.1	NW_003856041.1
otoGar3:AAQR03196094	AAQR03196094		AAQR03196094.1	AAQR03196094.1	NW_003856042.1
otoGar3:AAQR03196095	AAQR03196095		AAQR03196095.1	AAQR03196095.1	NW_003856043.1
otoGar3:AAQR03196096	AAQR03196096		AAQR03196096.1	AAQR03196096.1	NW_003856044.1
otoGar3:AAQR03196097	AAQR03196097		AAQR03196097.1	AAQR03196097.1	NW_003856045.1
otoGar3:AAQR03196098	AAQR03196098		AAQR03196098.1	AAQR03196098.1	NW_003856046.1
otoGar3:AAQR03196099	AAQR03196099		AAQR03196099.1	AAQR03196099.1	NW_003856047.1
otoGar3:AAQR03196100	AAQR03196100		AAQR03196100.1	AAQR03196100.1	NW_003856048.1
otoGar3:AAQR03196101	AAQR03196101		AAQR03196101.1	AAQR03196101.1	NW_003856049.1
otoGar3:AAQR03196102	AAQR03196102		AAQR03196102.1	AAQR03196102.1	NW_003856050.1
otoGar3:AAQR03196103	AAQR03196103		AAQR03196103.1	AAQR03196103.1	NW_003856051.1
otoGar3:AAQR03196104	AAQR03196104		AAQR03196104.1	AAQR03196104.1	NW_003856052.1
otoGar3:AAQR03196105	AAQR03196105		AAQR03196105.1	AAQR03196105.1	NW_003856053.1
otoGar3:AAQR03196106	AAQR03196106		AAQR03196106.1	AAQR03196106.1	NW_003856054.1
otoGar3:AAQR03196107	AAQR03196107		AAQR03196107.1	AAQR03196107.1	NW_003856055.1
otoGar3:AAQR03196108	AAQR03196108		AAQR03196108.1	AAQR03196108.1	NW_003856056.1
otoGar3:AAQR03196109	AAQR03196109		AAQR03196109.1	AAQR03196109.1	NW_003856057.1
otoGar3:AAQR03196110	AAQR03196110		AAQR03196110.1	AAQR03196110.1	NW_003856058.1
otoGar3:AAQR03196111	AAQR03196111		AAQR03196111.1	AAQR03196111.1	NW_003856059.1
otoGar3:AAQR03196112	AAQR03196112		AAQR03196112.1	AAQR03196112.1	NW_003856060.1
otoGar3:AAQR03196113	AAQR03196113		AAQR03196113.1	AAQR03196113.1	NW_003856061.1
otoGar3:AAQR03196114	AAQR03196114		AAQR03196114.1	AAQR03196114.1	NW_003856062.1
otoGar3:AAQR03196115	AAQR03196115		AAQR03196115.1	AAQR03196115.1	NW_003856063.1
otoGar3:AAQR03196116	AAQR03196116		AAQR03196116.1	AAQR03196116.1	NW_003856064.1
otoGar3:AAQR03196117	AAQR03196117		AAQR03196117.1	AAQR03196117.1	NW_003856065.1
otoGar3:AAQR03196118	AAQR03196118		AAQR03196118.1	AAQR03196118.1	NW_003856066.1
otoGar3:AAQR03196119	AAQR03196119		AAQR03196119.1	AAQR03196119.1	NW_003856067.1
otoGar3:AAQR03196120	AAQR03196120		AAQR03196120.1	AAQR03196120.1	NW_003856068.1
otoGar3:AAQR03196121	AAQR03196121		AAQR03196121.1	AAQR03196121.1	NW_003856069.1
otoGar3:AAQR03196122	AAQR03196122		AAQR03196122.1	AAQR03196122.1	NW_003856070.1
otoGar3:AAQR03196123	AAQR03196123		AAQR03196123.1	AAQR03196123.1	NW_003856071.1
otoGar3:AAQR03196124	AAQR03196124		AAQR03196124.1	AAQR03196124.1	NW_003856072.1
otoGar3:AAQR03196125	AAQR03196125		AAQR03196125.1	AAQR03196125.1	NW_003856073.1
otoGar3:AAQR03196126	AAQR03196126		AAQR03196126.1	AAQR03196126.1	NW_003856074.1
otoGar3:AAQR03196127	AAQR03196127		AAQR03196127.1	AAQR03196127.1	NW_003856075.1
otoGar3:AAQR03196128	AAQR03196128		AAQR03196128.1	AAQR03196128.1	NW_003856076.1
otoGar3:AAQR03196129	AAQR03196129		AAQR03196129.1	AAQR03196129.1	NW_003856077.1
otoGar3:AAQR03196130	AAQR03196130		AAQR03196130.1	AAQR03196130.1	NW_003856078.1
otoGar3:AAQR03196131	AAQR03196131		AAQR03196131.1	AAQR03196131.1	NW_003856079.1
otoGar3:AAQR03196132	AAQR03196132		AAQR03196132.1	AAQR03196132.1	NW_003856080.1
otoGar3:AAQR03196133	AAQR03196133		AAQR03196133.1	AAQR03196133.1	NW_003856081.1
otoGar3:AAQR03196134	AAQR03196134		AAQR03196134.1	AAQR03196134.1	NW_003856082.1
otoGar3:AAQR03196135	AAQR03196135		AAQR03196135.1	AAQR03196135.1	NW_003856083.1
otoGar3:AAQR03196136	AAQR03196136		AAQR03196136.1	AAQR03196136.1	NW_003856084.1
otoGar3:AAQR03196137	AAQR03196137		AAQR03196137.1	AAQR03196137.1	NW_003856085.1
otoGar3:AAQR03196138	AAQR03196138		AAQR03196138.1	AAQR03196138.1	NW_003856086.1
otoGar3:AAQR03196139	AAQR03196139		AAQR03196139.1	AAQR03196139.1	NW_003856087.1
otoGar3:AAQR03196140	AAQR03196140		AAQR03196140.1	AAQR03196140.1	NW_003856088.1
otoGar3:AAQR03196141	AAQR03196141		AAQR03196141.1	AAQR03196141.1	NW_003856089.1
otoGar3:AAQR03196142	AAQR03196142		AAQR03196142.1	AAQR03196142.1	NW_003856090.1
otoGar3:AAQR03196143	AAQR03196143		AAQR03196143.1	AAQR03196143.1	NW_003856091.1
otoGar3:AAQR03196144	AAQR03196144		AAQR03196144.1	AAQR03196144.1	NW_003856092.1
otoGar3:AAQR03196145	AAQR03196145		AAQR03196145.1	AAQR03196145.1	NW_003856093.1
otoGar3:AAQR03196146	AAQR03196146		AAQR03196146.1	AAQR03196146.1	NW_003856094.1
otoGar3:AAQR03196147	AAQR03196147		AAQR03196147.1	AAQR03196147.1	NW_003856095.1
otoGar3:AAQR03196148	AAQR03196148		AAQR03196148.1	AAQR03196148.1	NW_003856096.1
otoGar3:AAQR03196149	AAQR03196149		AAQR03196149.1	AAQR03196149.1	NW_003856097.1
otoGar3:AAQR03196150	AAQR03196150		AAQR03196150.1	AAQR03196150.1	NW_003856098.1
otoGar3:AAQR03196151	AAQR03196151		AAQR03196151.1	AAQR03196151.1	NW_003856099.1
otoGar3:AAQR03196152	AAQR03196152		AAQR03196152.1	AAQR03196152.1	NW_003856100.1
otoGar3:AAQR03196153	AAQR03196153		AAQR03196153.1	AAQR03196153.1	NW_003856101.1
otoGar3:AAQR03196154	AAQR03196154		AAQR03196154.1	AAQR03196154.1	NW_003856102.1
otoGar3:AAQR03196155	AAQR03196155		AAQR03196155.1	AAQR03196155.1	NW_003856103.1
otoGar3:AAQR03196156	AAQR03196156		AAQR03196156.1	AAQR03196156.1	NW_003856104.1
otoGar3:AAQR03196157	AAQR03196157		AAQR03196157.1	AAQR03196157.1	NW_003856105.1
otoGar3:AAQR03196158	AAQR03196158		AAQR03196158.1	AAQR03196158.1	NW_003856106.1
otoGar3:AAQR03196159	AAQR03196159		AAQR03196159.1	AAQR03196159.1	NW_003856107.1
otoGar3:AAQR03196160	AAQR03196160		AAQR03196160.1	AAQR03196160.1	NW_003856108.1
otoGar3:AAQR03196161	AAQR03196161		AAQR03196161.1	AAQR03196161.1	NW_003856109.1
otoGar3:AAQR03196162	AAQR03196162		AAQR03196162.1	AAQR03196162.1	NW_003856110.1
otoGar3:AAQR03196163	AAQR03196163		AAQR03196163.1	AAQR03196163.1	NW_003856111.1
otoGar3:AAQR03196164	AAQR03196164		AAQR03196164.1	AAQR03196164.1	NW_003856112.1
otoGar3:AAQR03196165	AAQR03196165		AAQR03196165.1	AAQR03196165.1	NW_003856113.1
otoGar3:AAQR03196166	AAQR03196166		AAQR03196166.1	AAQR03196166.1	NW_003856114.1
otoGar3:AAQR03196167	AAQR03196167		AAQR03196167.1	AAQR03196167.1	NW_003856115.1
otoGar3:AAQR03196168	AAQR03196168		AAQR03196168.1	AAQR03196168.1	NW_003856116.1
otoGar3:AAQR03196169	AAQR03196169		AAQR03196169.1	AAQR03196169.1	NW_003856117.1
otoGar3:AAQR03196170	AAQR03196170		AAQR03196170.1	AAQR03196170.1	NW_003856118.1
otoGar3:AAQR03196171	AAQR03196171		AAQR03196171.1	AAQR03196171.1	NW_003856119.1
otoGar3:AAQR03196172	AAQR03196172		AAQR03196172.1	AAQR03196172.1	NW_003856120.1
otoGar3:AAQR03196173	AAQR03196173		AAQR03196173.1	AAQR03196173.1	NW_003856121.1
otoGar3:AAQR03196174	AAQR03196174		AAQR03196174.1	AAQR03196174.1	NW_003856122.1
otoGar3:AAQR03196175	AAQR03196175		AAQR03196175.1	AAQR03196175.1	NW_003856123.1
otoGar3:AAQR03196176	AAQR03196176		AAQR03196176.1	AAQR03196176.1	NW_003856124.1
otoGar3:AAQR03196177	AAQR03196177		AAQR03196177.1	AAQR03196177.1	NW_003856125.1
otoGar3:AAQR03196178	AAQR03196178		AAQR03196178.1	AAQR03196178.1	NW_003856126.1
otoGar3:AAQR03196179	AAQR03196179		AAQR03196179.1	AAQR03196179.1	NW_003856127.1
otoGar3:AAQR03196180	AAQR03196180		AAQR03196180.1	AAQR03196180.1	NW_003856128.1
otoGar3:AAQR03196181	AAQR03196181		AAQR03196181.1	AAQR03196181.1	NW_003856129.1
otoGar3:AAQR03196182	AAQR03196182		AAQR03196182.1	AAQR03196182.1	NW_003856130.1
otoGar3:AAQR03196183	AAQR03196183		AAQR03196183.1	AAQR03196183.1	NW_003856131.1
otoGar3:AAQR03196184	AAQR03196184		AAQR03196184.1	AAQR03196184.1	NW_003856132.1
otoGar3:AAQR03196185	AAQR03196185		AAQR03196185.1	AAQR03196185.1	NW_003856133.1
otoGar3:AAQR03196186	AAQR03196186		AAQR03196186.1	AAQR03196186.1	NW_003856134.1
otoGar3:AAQR03196187	AAQR03196187		AAQR03196187.1	AAQR03196187.1	NW_003856135.1
otoGar3:AAQR03196188	AAQR03196188		AAQR03196188.1	AAQR03196188.1	NW_003856136.1
otoGar3:AAQR03196189	AAQR03196189		AAQR03196189.1	AAQR03196189.1	NW_003856137.1
otoGar3:AAQR03196190	AAQR03196190		AAQR03196190.1	AAQR03196190.1	NW_003856138.1
otoGar3:AAQR03196191	AAQR03196191		AAQR03196191.1	AAQR03196191.1	NW_003856139.1
otoGar3:AAQR03196192	AAQR03196192		AAQR03196192.1	AAQR03196192.1	NW_003856140.1
otoGar3:AAQR03196193	AAQR03196193			AAQR03196193.1	NW_003856141.1
otoGar3:AAQR03196194	AAQR03196194		AAQR03196194.1	AAQR03196194.1	NW_003856142.1
otoGar3:AAQR03196195	AAQR03196195		AAQR03196195.1	AAQR03196195.1	NW_003856143.1
otoGar3:AAQR03196196	AAQR03196196		AAQR03196196.1	AAQR03196196.1	NW_003856144.1
otoGar3:AAQR03196197	AAQR03196197		AAQR03196197.1	AAQR03196197.1	NW_003856145.1
otoGar3:AAQR03196198	AAQR03196198		AAQR03196198.1	AAQR03196198.1	NW_003856146.1
otoGar3:AAQR03196199	AAQR03196199		AAQR03196199.1	AAQR03196199.1	NW_003856147.1
otoGar3:AAQR03196200	AAQR03196200		AAQR03196200.1	AAQR03196200.1	NW_003856148.1
otoGar3:AAQR03196201	AAQR03196201		AAQR03196201.1	AAQR03196201.1	NW_003856149.1
otoGar3:AAQR03196202	AAQR03196202		AAQR03196202.1	AAQR03196202.1	NW_003856150.1
otoGar3:AAQR03196203	AAQR03196203		AAQR03196203.1	AAQR03196203.1	NW_003856151.1
otoGar3:AAQR03196204	AAQR03196204		AAQR03196204.1	AAQR03196204.1	NW_003856152.1
otoGar3:AAQR03196205	AAQR03196205		AAQR03196205.1	AAQR03196205.1	NW_003856153.1
otoGar3:AAQR03196206	AAQR03196206		AAQR03196206.1	AAQR03196206.1	NW_003856154.1
otoGar3:AAQR03196207	AAQR03196207		AAQR03196207.1	AAQR03196207.1	NW_003856155.1
otoGar3:AAQR03196208	AAQR03196208		AAQR03196208.1	AAQR03196208.1	NW_003856156.1
otoGar3:AAQR03196209	AAQR03196209		AAQR03196209.1	AAQR03196209.1	NW_003856157.1
otoGar3:AAQR03196210	AAQR03196210		AAQR03196210.1	AAQR03196210.1	NW_003856158.1
otoGar3:AAQR03196211	AAQR03196211		AAQR03196211.1	AAQR03196211.1	NW_003856159.1
otoGar3:AAQR03196212	AAQR03196212		AAQR03196212.1	AAQR03196212.1	NW_003856160.1
otoGar3:AAQR03196213	AAQR03196213		AAQR03196213.1	AAQR03196213.1	NW_003856161.1
otoGar3:AAQR03196214	AAQR03196214		AAQR03196214.1	AAQR03196214.1	NW_003856162.1
otoGar3:AAQR03196215	AAQR03196215		AAQR03196215.1	AAQR03196215.1	NW_003856163.1
otoGar3:AAQR03196216	AAQR03196216		AAQR03196216.1	AAQR03196216.1	NW_003856164.1
otoGar3:AAQR03196217	AAQR03196217		AAQR03196217.1	AAQR03196217.1	NW_003856165.1
otoGar3:AAQR03196218	AAQR03196218		AAQR03196218.1	AAQR03196218.1	NW_003856166.1
otoGar3:AAQR03196219	AAQR03196219		AAQR03196219.1	AAQR03196219.1	NW_003856167.1
otoGar3:AAQR03196220	AAQR03196220		AAQR03196220.1	AAQR03196220.1	NW_003856168.1
otoGar3:AAQR03196221	AAQR03196221		AAQR03196221.1	AAQR03196221.1	NW_003856169.1
otoGar3:AAQR03196222	AAQR03196222		AAQR03196222.1	AAQR03196222.1	NW_003856170.1
otoGar3:AAQR03196223	AAQR03196223		AAQR03196223.1	AAQR03196223.1	NW_003856171.1
otoGar3:AAQR03196224	AAQR03196224		AAQR03196224.1	AAQR03196224.1	NW_003856172.1
otoGar3:AAQR03196225	AAQR03196225		AAQR03196225.1	AAQR03196225.1	NW_003856173.1
otoGar3:AAQR03196226	AAQR03196226		AAQR03196226.1	AAQR03196226.1	NW_003856174.1
otoGar3:AAQR03196227	AAQR03196227		AAQR03196227.1	AAQR03196227.1	NW_003856175.1
otoGar3:AAQR03196228	AAQR03196228		AAQR03196228.1	AAQR03196228.1	NW_003856176.1
otoGar3:AAQR03196229	AAQR03196229		AAQR03196229.1	AAQR03196229.1	NW_003856177.1
otoGar3:AAQR03196230	AAQR03196230		AAQR03196230.1	AAQR03196230.1	NW_003856178.1
otoGar3:AAQR03196231	AAQR03196231		AAQR03196231.1	AAQR03196231.1	NW_003856179.1
otoGar3:AAQR03196232	AAQR03196232		AAQR03196232.1	AAQR03196232.1	NW_003856180.1
otoGar3:AAQR03196233	AAQR03196233		AAQR03196233.1	AAQR03196233.1	NW_003856181.1
otoGar3:AAQR03196234	AAQR03196234		AAQR03196234.1	AAQR03196234.1	NW_003856182.1
otoGar3:AAQR03196235	AAQR03196235		AAQR03196235.1	AAQR03196235.1	NW_003856183.1
otoGar3:AAQR03196236	AAQR03196236		AAQR03196236.1	AAQR03196236.1	NW_003856184.1
otoGar3:AAQR03196237	AAQR03196237		AAQR03196237.1	AAQR03196237.1	NW_003856185.1
otoGar3:AAQR03196238	AAQR03196238		AAQR03196238.1	AAQR03196238.1	NW_003856186.1
otoGar3:AAQR03196239	AAQR03196239		AAQR03196239.1	AAQR03196239.1	NW_003856187.1
otoGar3:AAQR03196240	AAQR03196240		AAQR03196240.1	AAQR03196240.1	NW_003856188.1
otoGar3:AAQR03196241	AAQR03196241		AAQR03196241.1	AAQR03196241.1	NW_003856189.1
otoGar3:AAQR03196242	AAQR03196242		AAQR03196242.1	AAQR03196242.1	NW_003856190.1
otoGar3:AAQR03196243	AAQR03196243		AAQR03196243.1	AAQR03196243.1	NW_003856191.1
otoGar3:AAQR03196244	AAQR03196244		AAQR03196244.1	AAQR03196244.1	NW_003856192.1
otoGar3:AAQR03196245	AAQR03196245		AAQR03196245.1	AAQR03196245.1	NW_003856193.1
otoGar3:AAQR03196246	AAQR03196246		AAQR03196246.1	AAQR03196246.1	NW_003856194.1
otoGar3:AAQR03196247	AAQR03196247		AAQR03196247.1	AAQR03196247.1	NW_003856195.1
otoGar3:AAQR03196248	AAQR03196248		AAQR03196248.1	AAQR03196248.1	NW_003856196.1
otoGar3:AAQR03196249	AAQR03196249			AAQR03196249.1	NW_003856197.1
otoGar3:AAQR03196250	AAQR03196250		AAQR03196250.1	AAQR03196250.1	NW_003856198.1
otoGar3:AAQR03196251	AAQR03196251		AAQR03196251.1	AAQR03196251.1	NW_003856199.1
otoGar3:AAQR03196252	AAQR03196252		AAQR03196252.1	AAQR03196252.1	NW_003856200.1
otoGar3:AAQR03196253	AAQR03196253		AAQR03196253.1	AAQR03196253.1	NW_003856201.1
otoGar3:AAQR03196254	AAQR03196254		AAQR03196254.1	AAQR03196254.1	NW_003856202.1
otoGar3:AAQR03196255	AAQR03196255		AAQR03196255.1	AAQR03196255.1	NW_003856203.1
otoGar3:AAQR03196256	AAQR03196256		AAQR03196256.1	AAQR03196256.1	NW_003856204.1
otoGar3:AAQR03196257	AAQR03196257		AAQR03196257.1	AAQR03196257.1	NW_003856205.1
otoGar3:AAQR03196258	AAQR03196258		AAQR03196258.1	AAQR03196258.1	NW_003856206.1
otoGar3:AAQR03196259	AAQR03196259		AAQR03196259.1	AAQR03196259.1	NW_003856207.1
otoGar3:AAQR03196260	AAQR03196260		AAQR03196260.1	AAQR03196260.1	NW_003856208.1
otoGar3:AAQR03196261	AAQR03196261		AAQR03196261.1	AAQR03196261.1	NW_003856209.1
otoGar3:AAQR03196262	AAQR03196262		AAQR03196262.1	AAQR03196262.1	NW_003856210.1
otoGar3:AAQR03196263	AAQR03196263		AAQR03196263.1	AAQR03196263.1	NW_003856211.1
otoGar3:AAQR03196264	AAQR03196264		AAQR03196264.1	AAQR03196264.1	NW_003856212.1
otoGar3:AAQR03196265	AAQR03196265		AAQR03196265.1	AAQR03196265.1	NW_003856213.1
otoGar3:AAQR03196266	AAQR03196266		AAQR03196266.1	AAQR03196266.1	NW_003856214.1
otoGar3:AAQR03196267	AAQR03196267		AAQR03196267.1	AAQR03196267.1	NW_003856215.1
otoGar3:AAQR03196268	AAQR03196268		AAQR03196268.1	AAQR03196268.1	NW_003856216.1
otoGar3:AAQR03196269	AAQR03196269		AAQR03196269.1	AAQR03196269.1	NW_003856217.1
otoGar3:AAQR03196270	AAQR03196270		AAQR03196270.1	AAQR03196270.1	NW_003856218.1
otoGar3:AAQR03196271	AAQR03196271		AAQR03196271.1	AAQR03196271.1	NW_003856219.1
otoGar3:AAQR03196272	AAQR03196272		AAQR03196272.1	AAQR03196272.1	NW_003856220.1
otoGar3:AAQR03196273	AAQR03196273		AAQR03196273.1	AAQR03196273.1	NW_003856221.1
otoGar3:AAQR03196274	AAQR03196274		AAQR03196274.1	AAQR03196274.1	NW_003856222.1
otoGar3:AAQR03196275	AAQR03196275		AAQR03196275.1	AAQR03196275.1	NW_003856223.1
otoGar3:AAQR03196276	AAQR03196276		AAQR03196276.1	AAQR03196276.1	NW_003856224.1
otoGar3:AAQR03196277	AAQR03196277		AAQR03196277.1	AAQR03196277.1	NW_003856225.1
otoGar3:AAQR03196278	AAQR03196278		AAQR03196278.1	AAQR03196278.1	NW_003856226.1
otoGar3:AAQR03196279	AAQR03196279		AAQR03196279.1	AAQR03196279.1	NW_003856227.1
otoGar3:AAQR03196280	AAQR03196280		AAQR03196280.1	AAQR03196280.1	NW_003856228.1
otoGar3:AAQR03196281	AAQR03196281		AAQR03196281.1	AAQR03196281.1	NW_003856229.1
otoGar3:AAQR03196282	AAQR03196282		AAQR03196282.1	AAQR03196282.1	NW_003856230.1
otoGar3:AAQR03196283	AAQR03196283		AAQR03196283.1	AAQR03196283.1	NW_003856231.1
otoGar3:AAQR03196284	AAQR03196284		AAQR03196284.1	AAQR03196284.1	NW_003856232.1
otoGar3:AAQR03196285	AAQR03196285		AAQR03196285.1	AAQR03196285.1	NW_003856233.1
otoGar3:AAQR03196286	AAQR03196286		AAQR03196286.1	AAQR03196286.1	NW_003856234.1
otoGar3:AAQR03196287	AAQR03196287		AAQR03196287.1	AAQR03196287.1	NW_003856235.1
otoGar3:AAQR03196288	AAQR03196288		AAQR03196288.1	AAQR03196288.1	NW_003856236.1
otoGar3:AAQR03196289	AAQR03196289		AAQR03196289.1	AAQR03196289.1	NW_003856237.1
otoGar3:AAQR03196290	AAQR03196290		AAQR03196290.1	AAQR03196290.1	NW_003856238.1
otoGar3:AAQR03196291	AAQR03196291		AAQR03196291.1	AAQR03196291.1	NW_003856239.1
otoGar3:AAQR03196292	AAQR03196292		AAQR03196292.1	AAQR03196292.1	NW_003856240.1
otoGar3:AAQR03196293	AAQR03196293		AAQR03196293.1	AAQR03196293.1	NW_003856241.1
otoGar3:AAQR03196294	AAQR03196294		AAQR03196294.1	AAQR03196294.1	NW_003856242.1
otoGar3:AAQR03196295	AAQR03196295		AAQR03196295.1	AAQR03196295.1	NW_003856243.1
otoGar3:AAQR03196296	AAQR03196296		AAQR03196296.1	AAQR03196296.1	NW_003856244.1
otoGar3:AAQR03196297	AAQR03196297		AAQR03196297.1	AAQR03196297.1	NW_003856245.1
otoGar3:AAQR03196298	AAQR03196298		AAQR03196298.1	AAQR03196298.1	NW_003856246.1
otoGar3:AAQR03196299	AAQR03196299		AAQR03196299.1	AAQR03196299.1	NW_003856247.1
otoGar3:AAQR03196300	AAQR03196300		AAQR03196300.1	AAQR03196300.1	NW_003856248.1
otoGar3:AAQR03196301	AAQR03196301		AAQR03196301.1	AAQR03196301.1	NW_003856249.1
otoGar3:AAQR03196302	AAQR03196302		AAQR03196302.1	AAQR03196302.1	NW_003856250.1
otoGar3:AAQR03196303	AAQR03196303		AAQR03196303.1	AAQR03196303.1	NW_003856251.1
otoGar3:AAQR03196304	AAQR03196304		AAQR03196304.1	AAQR03196304.1	NW_003856252.1
otoGar3:AAQR03196305	AAQR03196305		AAQR03196305.1	AAQR03196305.1	NW_003856253.1
otoGar3:AAQR03196306	AAQR03196306		AAQR03196306.1	AAQR03196306.1	NW_003856254.1
otoGar3:AAQR03196307	AAQR03196307		AAQR03196307.1	AAQR03196307.1	NW_003856255.1
otoGar3:AAQR03196308	AAQR03196308		AAQR03196308.1	AAQR03196308.1	NW_003856256.1
otoGar3:AAQR03196309	AAQR03196309		AAQR03196309.1	AAQR03196309.1	NW_003856257.1
otoGar3:AAQR03196310	AAQR03196310		AAQR03196310.1	AAQR03196310.1	NW_003856258.1
otoGar3:AAQR03196311	AAQR03196311		AAQR03196311.1	AAQR03196311.1	NW_003856259.1
otoGar3:AAQR03196312	AAQR03196312		AAQR03196312.1	AAQR03196312.1	NW_003856260.1
otoGar3:AAQR03196313	AAQR03196313		AAQR03196313.1	AAQR03196313.1	NW_003856261.1
otoGar3:AAQR03196314	AAQR03196314		AAQR03196314.1	AAQR03196314.1	NW_003856262.1
otoGar3:AAQR03196315	AAQR03196315		AAQR03196315.1	AAQR03196315.1	NW_003856263.1
otoGar3:AAQR03196316	AAQR03196316		AAQR03196316.1	AAQR03196316.1	NW_003856264.1
otoGar3:AAQR03196317	AAQR03196317		AAQR03196317.1	AAQR03196317.1	NW_003856265.1
otoGar3:AAQR03196318	AAQR03196318		AAQR03196318.1	AAQR03196318.1	NW_003856266.1
otoGar3:AAQR03196319	AAQR03196319		AAQR03196319.1	AAQR03196319.1	NW_003856267.1
otoGar3:AAQR03196320	AAQR03196320		AAQR03196320.1	AAQR03196320.1	NW_003856268.1
otoGar3:AAQR03196321	AAQR03196321		AAQR03196321.1	AAQR03196321.1	NW_003856269.1
otoGar3:AAQR03196322	AAQR03196322		AAQR03196322.1	AAQR03196322.1	NW_003856270.1
otoGar3:AAQR03196323	AAQR03196323		AAQR03196323.1	AAQR03196323.1	NW_003856271.1
otoGar3:AAQR03196324	AAQR03196324		AAQR03196324.1	AAQR03196324.1	NW_003856272.1
otoGar3:AAQR03196325	AAQR03196325		AAQR03196325.1	AAQR03196325.1	NW_003856273.1
otoGar3:AAQR03196326	AAQR03196326		AAQR03196326.1	AAQR03196326.1	NW_003856274.1
otoGar3:AAQR03196327	AAQR03196327		AAQR03196327.1	AAQR03196327.1	NW_003856275.1
otoGar3:AAQR03196328	AAQR03196328		AAQR03196328.1	AAQR03196328.1	NW_003856276.1
otoGar3:AAQR03196329	AAQR03196329		AAQR03196329.1	AAQR03196329.1	NW_003856277.1
otoGar3:AAQR03196330	AAQR03196330		AAQR03196330.1	AAQR03196330.1	NW_003856278.1
otoGar3:AAQR03196331	AAQR03196331		AAQR03196331.1	AAQR03196331.1	NW_003856279.1
otoGar3:AAQR03196332	AAQR03196332		AAQR03196332.1	AAQR03196332.1	NW_003856280.1
otoGar3:AAQR03196333	AAQR03196333		AAQR03196333.1	AAQR03196333.1	NW_003856281.1
otoGar3:AAQR03196334	AAQR03196334		AAQR03196334.1	AAQR03196334.1	NW_003856282.1
otoGar3:AAQR03196335	AAQR03196335		AAQR03196335.1	AAQR03196335.1	NW_003856283.1
otoGar3:AAQR03196336	AAQR03196336		AAQR03196336.1	AAQR03196336.1	NW_003856284.1
otoGar3:AAQR03196337	AAQR03196337		AAQR03196337.1	AAQR03196337.1	NW_003856285.1
otoGar3:AAQR03196338	AAQR03196338		AAQR03196338.1	AAQR03196338.1	NW_003856286.1
otoGar3:AAQR03196339	AAQR03196339			AAQR03196339.1	NW_003856287.1
otoGar3:AAQR03196340	AAQR03196340		AAQR03196340.1	AAQR03196340.1	NW_003856288.1
otoGar3:AAQR03196341	AAQR03196341		AAQR03196341.1	AAQR03196341.1	NW_003856289.1
otoGar3:AAQR03196342	AAQR03196342		AAQR03196342.1	AAQR03196342.1	NW_003856290.1
otoGar3:AAQR03196343	AAQR03196343		AAQR03196343.1	AAQR03196343.1	NW_003856291.1
otoGar3:AAQR03196344	AAQR03196344		AAQR03196344.1	AAQR03196344.1	NW_003856292.1
otoGar3:AAQR03196345	AAQR03196345		AAQR03196345.1	AAQR03196345.1	NW_003856293.1
otoGar3:AAQR03196346	AAQR03196346		AAQR03196346.1	AAQR03196346.1	NW_003856294.1
otoGar3:AAQR03196347	AAQR03196347		AAQR03196347.1	AAQR03196347.1	NW_003856295.1
otoGar3:AAQR03196348	AAQR03196348		AAQR03196348.1	AAQR03196348.1	NW_003856296.1
otoGar3:AAQR03196349	AAQR03196349		AAQR03196349.1	AAQR03196349.1	NW_003856297.1
otoGar3:AAQR03196350	AAQR03196350		AAQR03196350.1	AAQR03196350.1	NW_003856298.1
otoGar3:AAQR03196351	AAQR03196351			AAQR03196351.1	NW_003856299.1
otoGar3:AAQR03196352	AAQR03196352		AAQR03196352.1	AAQR03196352.1	NW_003856300.1
otoGar3:AAQR03196353	AAQR03196353		AAQR03196353.1	AAQR03196353.1	NW_003856301.1
otoGar3:AAQR03196354	AAQR03196354		AAQR03196354.1	AAQR03196354.1	NW_003856302.1
otoGar3:AAQR03196355	AAQR03196355		AAQR03196355.1	AAQR03196355.1	NW_003856303.1
otoGar3:AAQR03196356	AAQR03196356		AAQR03196356.1	AAQR03196356.1	NW_003856304.1
otoGar3:AAQR03196357	AAQR03196357		AAQR03196357.1	AAQR03196357.1	NW_003856305.1
otoGar3:AAQR03196358	AAQR03196358		AAQR03196358.1	AAQR03196358.1	NW_003856306.1
otoGar3:AAQR03196359	AAQR03196359		AAQR03196359.1	AAQR03196359.1	NW_003856307.1
otoGar3:AAQR03196360	AAQR03196360		AAQR03196360.1	AAQR03196360.1	NW_003856308.1
otoGar3:AAQR03196361	AAQR03196361		AAQR03196361.1	AAQR03196361.1	NW_003856309.1
otoGar3:AAQR03196362	AAQR03196362		AAQR03196362.1	AAQR03196362.1	NW_003856310.1
otoGar3:AAQR03196363	AAQR03196363		AAQR03196363.1	AAQR03196363.1	NW_003856311.1
otoGar3:AAQR03196364	AAQR03196364		AAQR03196364.1	AAQR03196364.1	NW_003856312.1
otoGar3:AAQR03196365	AAQR03196365		AAQR03196365.1	AAQR03196365.1	NW_003856313.1
otoGar3:AAQR03196366	AAQR03196366		AAQR03196366.1	AAQR03196366.1	NW_003856314.1
otoGar3:AAQR03196367	AAQR03196367		AAQR03196367.1	AAQR03196367.1	NW_003856315.1
otoGar3:AAQR03196368	AAQR03196368		AAQR03196368.1	AAQR03196368.1	NW_003856316.1
otoGar3:AAQR03196369	AAQR03196369		AAQR03196369.1	AAQR03196369.1	NW_003856317.1
otoGar3:AAQR03196370	AAQR03196370		AAQR03196370.1	AAQR03196370.1	NW_003856318.1
otoGar3:AAQR03196371	AAQR03196371		AAQR03196371.1	AAQR03196371.1	NW_003856319.1
otoGar3:AAQR03196372	AAQR03196372		AAQR03196372.1	AAQR03196372.1	NW_003856320.1
otoGar3:AAQR03196373	AAQR03196373		AAQR03196373.1	AAQR03196373.1	NW_003856321.1
otoGar3:AAQR03196374	AAQR03196374		AAQR03196374.1	AAQR03196374.1	NW_003856322.1
otoGar3:AAQR03196375	AAQR03196375		AAQR03196375.1	AAQR03196375.1	NW_003856323.1
otoGar3:AAQR03196376	AAQR03196376		AAQR03196376.1	AAQR03196376.1	NW_003856324.1
otoGar3:AAQR03196377	AAQR03196377		AAQR03196377.1	AAQR03196377.1	NW_003856325.1
otoGar3:AAQR03196378	AAQR03196378		AAQR03196378.1	AAQR03196378.1	NW_003856326.1
otoGar3:AAQR03196379	AAQR03196379		AAQR03196379.1	AAQR03196379.1	NW_003856327.1
otoGar3:AAQR03196380	AAQR03196380		AAQR03196380.1	AAQR03196380.1	NW_003856328.1
otoGar3:AAQR03196381	AAQR03196381		AAQR03196381.1	AAQR03196381.1	NW_003856329.1
otoGar3:AAQR03196382	AAQR03196382		AAQR03196382.1	AAQR03196382.1	NW_003856330.1
otoGar3:AAQR03196383	AAQR03196383			AAQR03196383.1	NW_003856331.1
otoGar3:AAQR03196384	AAQR03196384		AAQR03196384.1	AAQR03196384.1	NW_003856332.1
otoGar3:AAQR03196385	AAQR03196385		AAQR03196385.1	AAQR03196385.1	NW_003856333.1
otoGar3:AAQR03196386	AAQR03196386		AAQR03196386.1	AAQR03196386.1	NW_003856334.1
otoGar3:AAQR03196387	AAQR03196387		AAQR03196387.1	AAQR03196387.1	NW_003856335.1
otoGar3:AAQR03196388	AAQR03196388		AAQR03196388.1	AAQR03196388.1	NW_003856336.1
otoGar3:AAQR03196389	AAQR03196389			AAQR03196389.1	NW_003856337.1
otoGar3:AAQR03196390	AAQR03196390		AAQR03196390.1	AAQR03196390.1	NW_003856338.1
otoGar3:AAQR03196391	AAQR03196391		AAQR03196391.1	AAQR03196391.1	NW_003856339.1
otoGar3:AAQR03196392	AAQR03196392		AAQR03196392.1	AAQR03196392.1	NW_003856340.1
otoGar3:AAQR03196393	AAQR03196393		AAQR03196393.1	AAQR03196393.1	NW_003856341.1
otoGar3:AAQR03196394	AAQR03196394		AAQR03196394.1	AAQR03196394.1	NW_003856342.1
otoGar3:AAQR03196395	AAQR03196395		AAQR03196395.1	AAQR03196395.1	NW_003856343.1
otoGar3:AAQR03196396	AAQR03196396		AAQR03196396.1	AAQR03196396.1	NW_003856344.1
otoGar3:AAQR03196397	AAQR03196397		AAQR03196397.1	AAQR03196397.1	NW_003856345.1
otoGar3:AAQR03196398	AAQR03196398		AAQR03196398.1	AAQR03196398.1	NW_003856346.1
otoGar3:AAQR03196399	AAQR03196399		AAQR03196399.1	AAQR03196399.1	NW_003856347.1
otoGar3:AAQR03196400	AAQR03196400		AAQR03196400.1	AAQR03196400.1	NW_003856348.1
otoGar3:AAQR03196401	AAQR03196401			AAQR03196401.1	NW_003856349.1
otoGar3:AAQR03196402	AAQR03196402		AAQR03196402.1	AAQR03196402.1	NW_003856350.1
otoGar3:AAQR03196403	AAQR03196403		AAQR03196403.1	AAQR03196403.1	NW_003856351.1
otoGar3:AAQR03196404	AAQR03196404		AAQR03196404.1	AAQR03196404.1	NW_003856352.1
otoGar3:AAQR03196405	AAQR03196405		AAQR03196405.1	AAQR03196405.1	NW_003856353.1
otoGar3:AAQR03196406	AAQR03196406		AAQR03196406.1	AAQR03196406.1	NW_003856354.1
otoGar3:AAQR03196407	AAQR03196407		AAQR03196407.1	AAQR03196407.1	NW_003856355.1
otoGar3:AAQR03196408	AAQR03196408		AAQR03196408.1	AAQR03196408.1	NW_003856356.1
otoGar3:AAQR03196409	AAQR03196409		AAQR03196409.1	AAQR03196409.1	NW_003856357.1
otoGar3:AAQR03196410	AAQR03196410		AAQR03196410.1	AAQR03196410.1	NW_003856358.1
otoGar3:AAQR03196411	AAQR03196411		AAQR03196411.1	AAQR03196411.1	NW_003856359.1
otoGar3:AAQR03196412	AAQR03196412		AAQR03196412.1	AAQR03196412.1	NW_003856360.1
otoGar3:AAQR03196413	AAQR03196413		AAQR03196413.1	AAQR03196413.1	NW_003856361.1
otoGar3:AAQR03196414	AAQR03196414		AAQR03196414.1	AAQR03196414.1	NW_003856362.1
otoGar3:AAQR03196415	AAQR03196415		AAQR03196415.1	AAQR03196415.1	NW_003856363.1
otoGar3:AAQR03196416	AAQR03196416		AAQR03196416.1	AAQR03196416.1	NW_003856364.1
otoGar3:AAQR03196417	AAQR03196417		AAQR03196417.1	AAQR03196417.1	NW_003856365.1
otoGar3:AAQR03196418	AAQR03196418		AAQR03196418.1	AAQR03196418.1	NW_003856366.1
otoGar3:AAQR03196419	AAQR03196419		AAQR03196419.1	AAQR03196419.1	NW_003856367.1
otoGar3:AAQR03196420	AAQR03196420		AAQR03196420.1	AAQR03196420.1	NW_003856368.1
otoGar3:AAQR03196421	AAQR03196421		AAQR03196421.1	AAQR03196421.1	NW_003856369.1
otoGar3:AAQR03196422	AAQR03196422			AAQR03196422.1	NW_003856370.1
otoGar3:AAQR03196423	AAQR03196423		AAQR03196423.1	AAQR03196423.1	NW_003856371.1
otoGar3:AAQR03196424	AAQR03196424		AAQR03196424.1	AAQR03196424.1	NW_003856372.1
otoGar3:AAQR03196425	AAQR03196425		AAQR03196425.1	AAQR03196425.1	NW_003856373.1
otoGar3:AAQR03196426	AAQR03196426		AAQR03196426.1	AAQR03196426.1	NW_003856374.1
otoGar3:AAQR03196427	AAQR03196427		AAQR03196427.1	AAQR03196427.1	NW_003856375.1
otoGar3:AAQR03196428	AAQR03196428		AAQR03196428.1	AAQR03196428.1	NW_003856376.1
otoGar3:AAQR03196429	AAQR03196429		AAQR03196429.1	AAQR03196429.1	NW_003856377.1
otoGar3:AAQR03196430	AAQR03196430		AAQR03196430.1	AAQR03196430.1	NW_003856378.1
otoGar3:AAQR03196431	AAQR03196431		AAQR03196431.1	AAQR03196431.1	NW_003856379.1
otoGar3:AAQR03196432	AAQR03196432		AAQR03196432.1	AAQR03196432.1	NW_003856380.1
otoGar3:AAQR03196433	AAQR03196433		AAQR03196433.1	AAQR03196433.1	NW_003856381.1
otoGar3:AAQR03196434	AAQR03196434		AAQR03196434.1	AAQR03196434.1	NW_003856382.1
otoGar3:AAQR03196435	AAQR03196435			AAQR03196435.1	NW_003856383.1
otoGar3:AAQR03196436	AAQR03196436		AAQR03196436.1	AAQR03196436.1	NW_003856384.1
otoGar3:AAQR03196437	AAQR03196437		AAQR03196437.1	AAQR03196437.1	NW_003856385.1
otoGar3:AAQR03196438	AAQR03196438		AAQR03196438.1	AAQR03196438.1	NW_003856386.1
otoGar3:AAQR03196439	AAQR03196439		AAQR03196439.1	AAQR03196439.1	NW_003856387.1
otoGar3:AAQR03196440	AAQR03196440		AAQR03196440.1	AAQR03196440.1	NW_003856388.1
otoGar3:AAQR03196441	AAQR03196441		AAQR03196441.1	AAQR03196441.1	NW_003856389.1
otoGar3:AAQR03196442	AAQR03196442		AAQR03196442.1	AAQR03196442.1	NW_003856390.1
otoGar3:AAQR03196443	AAQR03196443		AAQR03196443.1	AAQR03196443.1	NW_003856391.1
otoGar3:AAQR03196444	AAQR03196444		AAQR03196444.1	AAQR03196444.1	NW_003856392.1
otoGar3:AAQR03196445	AAQR03196445		AAQR03196445.1	AAQR03196445.1	NW_003856393.1
otoGar3:AAQR03196446	AAQR03196446		AAQR03196446.1	AAQR03196446.1	NW_003856394.1
otoGar3:AAQR03196447	AAQR03196447		AAQR03196447.1	AAQR03196447.1	NW_003856395.1
otoGar3:AAQR03196448	AAQR03196448		AAQR03196448.1	AAQR03196448.1	NW_003856396.1
otoGar3:AAQR03196449	AAQR03196449		AAQR03196449.1	AAQR03196449.1	NW_003856397.1
otoGar3:AAQR03196450	AAQR03196450		AAQR03196450.1	AAQR03196450.1	NW_003856398.1
otoGar3:AAQR03196451	AAQR03196451		AAQR03196451.1	AAQR03196451.1	NW_003856399.1
otoGar3:AAQR03196452	AAQR03196452		AAQR03196452.1	AAQR03196452.1	NW_003856400.1
otoGar3:AAQR03196453	AAQR03196453		AAQR03196453.1	AAQR03196453.1	NW_003856401.1
otoGar3:AAQR03196454	AAQR03196454		AAQR03196454.1	AAQR03196454.1	NW_003856402.1
otoGar3:AAQR03196455	AAQR03196455		AAQR03196455.1	AAQR03196455.1	NW_003856403.1
otoGar3:AAQR03196456	AAQR03196456		AAQR03196456.1	AAQR03196456.1	NW_003856404.1
otoGar3:AAQR03196457	AAQR03196457		AAQR03196457.1	AAQR03196457.1	NW_003856405.1
otoGar3:AAQR03196458	AAQR03196458		AAQR03196458.1	AAQR03196458.1	NW_003856406.1
otoGar3:AAQR03196459	AAQR03196459		AAQR03196459.1	AAQR03196459.1	NW_003856407.1
otoGar3:AAQR03196460	AAQR03196460		AAQR03196460.1	AAQR03196460.1	NW_003856408.1
otoGar3:AAQR03196461	AAQR03196461		AAQR03196461.1	AAQR03196461.1	NW_003856409.1
otoGar3:AAQR03196462	AAQR03196462		AAQR03196462.1	AAQR03196462.1	NW_003856410.1
otoGar3:AAQR03196463	AAQR03196463		AAQR03196463.1	AAQR03196463.1	NW_003856411.1
otoGar3:AAQR03196464	AAQR03196464		AAQR03196464.1	AAQR03196464.1	NW_003856412.1
otoGar3:AAQR03196465	AAQR03196465		AAQR03196465.1	AAQR03196465.1	NW_003856413.1
otoGar3:AAQR03196466	AAQR03196466		AAQR03196466.1	AAQR03196466.1	NW_003856414.1
otoGar3:AAQR03196467	AAQR03196467		AAQR03196467.1	AAQR03196467.1	NW_003856415.1
otoGar3:AAQR03196468	AAQR03196468		AAQR03196468.1	AAQR03196468.1	NW_003856416.1
otoGar3:AAQR03196469	AAQR03196469		AAQR03196469.1	AAQR03196469.1	NW_003856417.1
otoGar3:AAQR03196470	AAQR03196470		AAQR03196470.1	AAQR03196470.1	NW_003856418.1
otoGar3:AAQR03196471	AAQR03196471		AAQR03196471.1	AAQR03196471.1	NW_003856419.1
otoGar3:AAQR03196472	AAQR03196472		AAQR03196472.1	AAQR03196472.1	NW_003856420.1
otoGar3:AAQR03196473	AAQR03196473		AAQR03196473.1	AAQR03196473.1	NW_003856421.1
otoGar3:AAQR03196474	AAQR03196474		AAQR03196474.1	AAQR03196474.1	NW_003856422.1
otoGar3:AAQR03196475	AAQR03196475		AAQR03196475.1	AAQR03196475.1	NW_003856423.1
otoGar3:AAQR03196476	AAQR03196476		AAQR03196476.1	AAQR03196476.1	NW_003856424.1
otoGar3:AAQR03196477	AAQR03196477		AAQR03196477.1	AAQR03196477.1	NW_003856425.1
otoGar3:AAQR03196478	AAQR03196478		AAQR03196478.1	AAQR03196478.1	NW_003856426.1
otoGar3:AAQR03196479	AAQR03196479		AAQR03196479.1	AAQR03196479.1	NW_003856427.1
otoGar3:AAQR03196480	AAQR03196480		AAQR03196480.1	AAQR03196480.1	NW_003856428.1
otoGar3:AAQR03196481	AAQR03196481		AAQR03196481.1	AAQR03196481.1	NW_003856429.1
otoGar3:AAQR03196482	AAQR03196482		AAQR03196482.1	AAQR03196482.1	NW_003856430.1
otoGar3:AAQR03196483	AAQR03196483		AAQR03196483.1	AAQR03196483.1	NW_003856431.1
otoGar3:AAQR03196484	AAQR03196484		AAQR03196484.1	AAQR03196484.1	NW_003856432.1
otoGar3:AAQR03196485	AAQR03196485		AAQR03196485.1	AAQR03196485.1	NW_003856433.1
otoGar3:AAQR03196486	AAQR03196486		AAQR03196486.1	AAQR03196486.1	NW_003856434.1
otoGar3:AAQR03196487	AAQR03196487		AAQR03196487.1	AAQR03196487.1	NW_003856435.1
otoGar3:AAQR03196488	AAQR03196488		AAQR03196488.1	AAQR03196488.1	NW_003856436.1
otoGar3:AAQR03196489	AAQR03196489		AAQR03196489.1	AAQR03196489.1	NW_003856437.1
otoGar3:AAQR03196490	AAQR03196490		AAQR03196490.1	AAQR03196490.1	NW_003856438.1
otoGar3:AAQR03196491	AAQR03196491		AAQR03196491.1	AAQR03196491.1	NW_003856439.1
otoGar3:AAQR03196492	AAQR03196492		AAQR03196492.1	AAQR03196492.1	NW_003856440.1
otoGar3:AAQR03196493	AAQR03196493		AAQR03196493.1	AAQR03196493.1	NW_003856441.1
otoGar3:AAQR03196494	AAQR03196494		AAQR03196494.1	AAQR03196494.1	NW_003856442.1
otoGar3:AAQR03196495	AAQR03196495		AAQR03196495.1	AAQR03196495.1	NW_003856443.1
otoGar3:AAQR03196496	AAQR03196496		AAQR03196496.1	AAQR03196496.1	NW_003856444.1
otoGar3:AAQR03196497	AAQR03196497		AAQR03196497.1	AAQR03196497.1	NW_003856445.1
otoGar3:AAQR03196498	AAQR03196498		AAQR03196498.1	AAQR03196498.1	NW_003856446.1
otoGar3:AAQR03196499	AAQR03196499		AAQR03196499.1	AAQR03196499.1	NW_003856447.1
otoGar3:AAQR03196500	AAQR03196500		AAQR03196500.1	AAQR03196500.1	NW_003856448.1
otoGar3:AAQR03196501	AAQR03196501		AAQR03196501.1	AAQR03196501.1	NW_003856449.1
otoGar3:AAQR03196502	AAQR03196502		AAQR03196502.1	AAQR03196502.1	NW_003856450.1
otoGar3:AAQR03196503	AAQR03196503		AAQR03196503.1	AAQR03196503.1	NW_003856451.1
otoGar3:AAQR03196504	AAQR03196504		AAQR03196504.1	AAQR03196504.1	NW_003856452.1
otoGar3:AAQR03196505	AAQR03196505		AAQR03196505.1	AAQR03196505.1	NW_003856453.1
otoGar3:AAQR03196506	AAQR03196506		AAQR03196506.1	AAQR03196506.1	NW_003856454.1
otoGar3:AAQR03196507	AAQR03196507		AAQR03196507.1	AAQR03196507.1	NW_003856455.1
otoGar3:AAQR03196508	AAQR03196508		AAQR03196508.1	AAQR03196508.1	NW_003856456.1
otoGar3:AAQR03196509	AAQR03196509		AAQR03196509.1	AAQR03196509.1	NW_003856457.1
otoGar3:AAQR03196510	AAQR03196510		AAQR03196510.1	AAQR03196510.1	NW_003856458.1
otoGar3:AAQR03196511	AAQR03196511		AAQR03196511.1	AAQR03196511.1	NW_003856459.1
otoGar3:AAQR03196512	AAQR03196512		AAQR03196512.1	AAQR03196512.1	NW_003856460.1
otoGar3:AAQR03196513	AAQR03196513		AAQR03196513.1	AAQR03196513.1	NW_003856461.1
otoGar3:AAQR03196514	AAQR03196514		AAQR03196514.1	AAQR03196514.1	NW_003856462.1
otoGar3:AAQR03196515	AAQR03196515		AAQR03196515.1	AAQR03196515.1	NW_003856463.1
otoGar3:AAQR03196516	AAQR03196516		AAQR03196516.1	AAQR03196516.1	NW_003856464.1
otoGar3:AAQR03196517	AAQR03196517		AAQR03196517.1	AAQR03196517.1	NW_003856465.1
otoGar3:AAQR03196518	AAQR03196518		AAQR03196518.1	AAQR03196518.1	NW_003856466.1
otoGar3:AAQR03196519	AAQR03196519		AAQR03196519.1	AAQR03196519.1	NW_003856467.1
otoGar3:AAQR03196520	AAQR03196520		AAQR03196520.1	AAQR03196520.1	NW_003856468.1
otoGar3:AAQR03196521	AAQR03196521		AAQR03196521.1	AAQR03196521.1	NW_003856469.1
otoGar3:AAQR03196522	AAQR03196522		AAQR03196522.1	AAQR03196522.1	NW_003856470.1
otoGar3:AAQR03196523	AAQR03196523		AAQR03196523.1	AAQR03196523.1	NW_003856471.1
otoGar3:AAQR03196524	AAQR03196524			AAQR03196524.1	NW_003856472.1
otoGar3:AAQR03196525	AAQR03196525		AAQR03196525.1	AAQR03196525.1	NW_003856473.1
otoGar3:AAQR03196526	AAQR03196526		AAQR03196526.1	AAQR03196526.1	NW_003856474.1
otoGar3:AAQR03196527	AAQR03196527		AAQR03196527.1	AAQR03196527.1	NW_003856475.1
otoGar3:AAQR03196528	AAQR03196528		AAQR03196528.1	AAQR03196528.1	NW_003856476.1
otoGar3:AAQR03196529	AAQR03196529		AAQR03196529.1	AAQR03196529.1	NW_003856477.1
otoGar3:AAQR03196530	AAQR03196530		AAQR03196530.1	AAQR03196530.1	NW_003856478.1
otoGar3:AAQR03196531	AAQR03196531		AAQR03196531.1	AAQR03196531.1	NW_003856479.1
otoGar3:AAQR03196532	AAQR03196532		AAQR03196532.1	AAQR03196532.1	NW_003856480.1
otoGar3:AAQR03196533	AAQR03196533		AAQR03196533.1	AAQR03196533.1	NW_003856481.1
otoGar3:AAQR03196534	AAQR03196534		AAQR03196534.1	AAQR03196534.1	NW_003856482.1
otoGar3:AAQR03196535	AAQR03196535		AAQR03196535.1	AAQR03196535.1	NW_003856483.1
otoGar3:AAQR03196536	AAQR03196536		AAQR03196536.1	AAQR03196536.1	NW_003856484.1
otoGar3:AAQR03196537	AAQR03196537		AAQR03196537.1	AAQR03196537.1	NW_003856485.1
otoGar3:AAQR03196538	AAQR03196538		AAQR03196538.1	AAQR03196538.1	NW_003856486.1
otoGar3:AAQR03196539	AAQR03196539		AAQR03196539.1	AAQR03196539.1	NW_003856487.1
otoGar3:AAQR03196540	AAQR03196540		AAQR03196540.1	AAQR03196540.1	NW_003856488.1
otoGar3:AAQR03196541	AAQR03196541		AAQR03196541.1	AAQR03196541.1	NW_003856489.1
otoGar3:AAQR03196542	AAQR03196542			AAQR03196542.1	NW_003856490.1
otoGar3:AAQR03196543	AAQR03196543		AAQR03196543.1	AAQR03196543.1	NW_003856491.1
otoGar3:AAQR03196544	AAQR03196544		AAQR03196544.1	AAQR03196544.1	NW_003856492.1
otoGar3:AAQR03196545	AAQR03196545		AAQR03196545.1	AAQR03196545.1	NW_003856493.1
otoGar3:AAQR03196546	AAQR03196546		AAQR03196546.1	AAQR03196546.1	NW_003856494.1
otoGar3:AAQR03196547	AAQR03196547		AAQR03196547.1	AAQR03196547.1	NW_003856495.1
otoGar3:AAQR03196548	AAQR03196548		AAQR03196548.1	AAQR03196548.1	NW_003856496.1
otoGar3:AAQR03196549	AAQR03196549		AAQR03196549.1	AAQR03196549.1	NW_003856497.1
otoGar3:AAQR03196550	AAQR03196550		AAQR03196550.1	AAQR03196550.1	NW_003856498.1
otoGar3:AAQR03196551	AAQR03196551			AAQR03196551.1	NW_003856499.1
otoGar3:AAQR03196552	AAQR03196552		AAQR03196552.1	AAQR03196552.1	NW_003856500.1
otoGar3:AAQR03196553	AAQR03196553		AAQR03196553.1	AAQR03196553.1	NW_003856501.1
otoGar3:AAQR03196554	AAQR03196554		AAQR03196554.1	AAQR03196554.1	NW_003856502.1
otoGar3:AAQR03196555	AAQR03196555		AAQR03196555.1	AAQR03196555.1	NW_003856503.1
otoGar3:AAQR03196556	AAQR03196556		AAQR03196556.1	AAQR03196556.1	NW_003856504.1
otoGar3:AAQR03196557	AAQR03196557		AAQR03196557.1	AAQR03196557.1	NW_003856505.1
otoGar3:AAQR03196558	AAQR03196558		AAQR03196558.1	AAQR03196558.1	NW_003856506.1
otoGar3:AAQR03196559	AAQR03196559		AAQR03196559.1	AAQR03196559.1	NW_003856507.1
otoGar3:AAQR03196560	AAQR03196560		AAQR03196560.1	AAQR03196560.1	NW_003856508.1
otoGar3:AAQR03196561	AAQR03196561		AAQR03196561.1	AAQR03196561.1	NW_003856509.1
otoGar3:AAQR03196562	AAQR03196562		AAQR03196562.1	AAQR03196562.1	NW_003856510.1
otoGar3:AAQR03196563	AAQR03196563			AAQR03196563.1	NW_003856511.1
otoGar3:AAQR03196564	AAQR03196564		AAQR03196564.1	AAQR03196564.1	NW_003856512.1
otoGar3:AAQR03196565	AAQR03196565		AAQR03196565.1	AAQR03196565.1	NW_003856513.1
otoGar3:AAQR03196566	AAQR03196566		AAQR03196566.1	AAQR03196566.1	NW_003856514.1
otoGar3:AAQR03196567	AAQR03196567		AAQR03196567.1	AAQR03196567.1	NW_003856515.1
otoGar3:AAQR03196568	AAQR03196568		AAQR03196568.1	AAQR03196568.1	NW_003856516.1
otoGar3:AAQR03196569	AAQR03196569		AAQR03196569.1	AAQR03196569.1	NW_003856517.1
otoGar3:AAQR03196570	AAQR03196570		AAQR03196570.1	AAQR03196570.1	NW_003856518.1
otoGar3:AAQR03196571	AAQR03196571		AAQR03196571.1	AAQR03196571.1	NW_003856519.1
otoGar3:AAQR03196572	AAQR03196572		AAQR03196572.1	AAQR03196572.1	NW_003856520.1
otoGar3:AAQR03196573	AAQR03196573		AAQR03196573.1	AAQR03196573.1	NW_003856521.1
otoGar3:AAQR03196574	AAQR03196574		AAQR03196574.1	AAQR03196574.1	NW_003856522.1
otoGar3:AAQR03196575	AAQR03196575		AAQR03196575.1	AAQR03196575.1	NW_003856523.1
otoGar3:AAQR03196576	AAQR03196576		AAQR03196576.1	AAQR03196576.1	NW_003856524.1
otoGar3:AAQR03196577	AAQR03196577		AAQR03196577.1	AAQR03196577.1	NW_003856525.1
otoGar3:AAQR03196578	AAQR03196578			AAQR03196578.1	NW_003856526.1
otoGar3:AAQR03196579	AAQR03196579		AAQR03196579.1	AAQR03196579.1	NW_003856527.1
otoGar3:AAQR03196580	AAQR03196580		AAQR03196580.1	AAQR03196580.1	NW_003856528.1
otoGar3:AAQR03196581	AAQR03196581		AAQR03196581.1	AAQR03196581.1	NW_003856529.1
otoGar3:AAQR03196582	AAQR03196582		AAQR03196582.1	AAQR03196582.1	NW_003856530.1
otoGar3:AAQR03196583	AAQR03196583		AAQR03196583.1	AAQR03196583.1	NW_003856531.1
otoGar3:AAQR03196584	AAQR03196584		AAQR03196584.1	AAQR03196584.1	NW_003856532.1
otoGar3:AAQR03196585	AAQR03196585		AAQR03196585.1	AAQR03196585.1	NW_003856533.1
otoGar3:AAQR03196586	AAQR03196586		AAQR03196586.1	AAQR03196586.1	NW_003856534.1
otoGar3:AAQR03196587	AAQR03196587		AAQR03196587.1	AAQR03196587.1	NW_003856535.1
otoGar3:AAQR03196588	AAQR03196588		AAQR03196588.1	AAQR03196588.1	NW_003856536.1
otoGar3:AAQR03196589	AAQR03196589		AAQR03196589.1	AAQR03196589.1	NW_003856537.1
otoGar3:AAQR03196590	AAQR03196590		AAQR03196590.1	AAQR03196590.1	NW_003856538.1
otoGar3:AAQR03196591	AAQR03196591		AAQR03196591.1	AAQR03196591.1	NW_003856539.1
otoGar3:AAQR03196592	AAQR03196592		AAQR03196592.1	AAQR03196592.1	NW_003856540.1
otoGar3:AAQR03196593	AAQR03196593		AAQR03196593.1	AAQR03196593.1	NW_003856541.1
otoGar3:AAQR03196594	AAQR03196594		AAQR03196594.1	AAQR03196594.1	NW_003856542.1
otoGar3:AAQR03196595	AAQR03196595		AAQR03196595.1	AAQR03196595.1	NW_003856543.1
otoGar3:AAQR03196596	AAQR03196596		AAQR03196596.1	AAQR03196596.1	NW_003856544.1
otoGar3:AAQR03196597	AAQR03196597		AAQR03196597.1	AAQR03196597.1	NW_003856545.1
otoGar3:AAQR03196598	AAQR03196598		AAQR03196598.1	AAQR03196598.1	NW_003856546.1
otoGar3:AAQR03196599	AAQR03196599		AAQR03196599.1	AAQR03196599.1	NW_003856547.1
otoGar3:AAQR03196600	AAQR03196600		AAQR03196600.1	AAQR03196600.1	NW_003856548.1
otoGar3:AAQR03196601	AAQR03196601		AAQR03196601.1	AAQR03196601.1	NW_003856549.1
otoGar3:AAQR03196602	AAQR03196602		AAQR03196602.1	AAQR03196602.1	NW_003856550.1
otoGar3:AAQR03196603	AAQR03196603		AAQR03196603.1	AAQR03196603.1	NW_003856551.1
otoGar3:AAQR03196604	AAQR03196604		AAQR03196604.1	AAQR03196604.1	NW_003856552.1
otoGar3:AAQR03196605	AAQR03196605		AAQR03196605.1	AAQR03196605.1	NW_003856553.1
otoGar3:AAQR03196606	AAQR03196606		AAQR03196606.1	AAQR03196606.1	NW_003856554.1
otoGar3:AAQR03196607	AAQR03196607		AAQR03196607.1	AAQR03196607.1	NW_003856555.1
otoGar3:AAQR03196608	AAQR03196608		AAQR03196608.1	AAQR03196608.1	NW_003856556.1
otoGar3:AAQR03196609	AAQR03196609		AAQR03196609.1	AAQR03196609.1	NW_003856557.1
otoGar3:AAQR03196610	AAQR03196610		AAQR03196610.1	AAQR03196610.1	NW_003856558.1
otoGar3:AAQR03196611	AAQR03196611		AAQR03196611.1	AAQR03196611.1	NW_003856559.1
otoGar3:AAQR03196612	AAQR03196612		AAQR03196612.1	AAQR03196612.1	NW_003856560.1
otoGar3:AAQR03196613	AAQR03196613		AAQR03196613.1	AAQR03196613.1	NW_003856561.1
otoGar3:AAQR03196614	AAQR03196614		AAQR03196614.1	AAQR03196614.1	NW_003856562.1
otoGar3:AAQR03196615	AAQR03196615		AAQR03196615.1	AAQR03196615.1	NW_003856563.1
otoGar3:AAQR03196616	AAQR03196616			AAQR03196616.1	NW_003856564.1
otoGar3:AAQR03196617	AAQR03196617		AAQR03196617.1	AAQR03196617.1	NW_003856565.1
otoGar3:AAQR03196618	AAQR03196618		AAQR03196618.1	AAQR03196618.1	NW_003856566.1
otoGar3:AAQR03196619	AAQR03196619		AAQR03196619.1	AAQR03196619.1	NW_003856567.1
otoGar3:AAQR03196620	AAQR03196620		AAQR03196620.1	AAQR03196620.1	NW_003856568.1
otoGar3:AAQR03196621	AAQR03196621		AAQR03196621.1	AAQR03196621.1	NW_003856569.1
otoGar3:AAQR03196622	AAQR03196622		AAQR03196622.1	AAQR03196622.1	NW_003856570.1
otoGar3:AAQR03196623	AAQR03196623		AAQR03196623.1	AAQR03196623.1	NW_003856571.1
otoGar3:AAQR03196624	AAQR03196624		AAQR03196624.1	AAQR03196624.1	NW_003856572.1
otoGar3:AAQR03196625	AAQR03196625		AAQR03196625.1	AAQR03196625.1	NW_003856573.1
otoGar3:AAQR03196626	AAQR03196626		AAQR03196626.1	AAQR03196626.1	NW_003856574.1
otoGar3:AAQR03196627	AAQR03196627		AAQR03196627.1	AAQR03196627.1	NW_003856575.1
otoGar3:AAQR03196628	AAQR03196628		AAQR03196628.1	AAQR03196628.1	NW_003856576.1
otoGar3:AAQR03196629	AAQR03196629		AAQR03196629.1	AAQR03196629.1	NW_003856577.1
otoGar3:AAQR03196630	AAQR03196630		AAQR03196630.1	AAQR03196630.1	NW_003856578.1
otoGar3:AAQR03196631	AAQR03196631		AAQR03196631.1	AAQR03196631.1	NW_003856579.1
otoGar3:AAQR03196632	AAQR03196632		AAQR03196632.1	AAQR03196632.1	NW_003856580.1
otoGar3:AAQR03196633	AAQR03196633		AAQR03196633.1	AAQR03196633.1	NW_003856581.1
otoGar3:AAQR03196634	AAQR03196634		AAQR03196634.1	AAQR03196634.1	NW_003856582.1
otoGar3:AAQR03196635	AAQR03196635		AAQR03196635.1	AAQR03196635.1	NW_003856583.1
otoGar3:AAQR03196636	AAQR03196636		AAQR03196636.1	AAQR03196636.1	NW_003856584.1
otoGar3:AAQR03196637	AAQR03196637		AAQR03196637.1	AAQR03196637.1	NW_003856585.1
otoGar3:AAQR03196638	AAQR03196638		AAQR03196638.1	AAQR03196638.1	NW_003856586.1
otoGar3:AAQR03196639	AAQR03196639		AAQR03196639.1	AAQR03196639.1	NW_003856587.1
otoGar3:AAQR03196640	AAQR03196640		AAQR03196640.1	AAQR03196640.1	NW_003856588.1
otoGar3:AAQR03196641	AAQR03196641		AAQR03196641.1	AAQR03196641.1	NW_003856589.1
otoGar3:AAQR03196642	AAQR03196642		AAQR03196642.1	AAQR03196642.1	NW_003856590.1
otoGar3:AAQR03196643	AAQR03196643		AAQR03196643.1	AAQR03196643.1	NW_003856591.1
otoGar3:AAQR03196644	AAQR03196644		AAQR03196644.1	AAQR03196644.1	NW_003856592.1
otoGar3:AAQR03196645	AAQR03196645		AAQR03196645.1	AAQR03196645.1	NW_003856593.1
otoGar3:AAQR03196646	AAQR03196646		AAQR03196646.1	AAQR03196646.1	NW_003856594.1
otoGar3:AAQR03196647	AAQR03196647		AAQR03196647.1	AAQR03196647.1	NW_003856595.1
otoGar3:AAQR03196648	AAQR03196648		AAQR03196648.1	AAQR03196648.1	NW_003856596.1
otoGar3:AAQR03196649	AAQR03196649		AAQR03196649.1	AAQR03196649.1	NW_003856597.1
otoGar3:AAQR03196650	AAQR03196650		AAQR03196650.1	AAQR03196650.1	NW_003856598.1
otoGar3:AAQR03196651	AAQR03196651		AAQR03196651.1	AAQR03196651.1	NW_003856599.1
otoGar3:AAQR03196652	AAQR03196652		AAQR03196652.1	AAQR03196652.1	NW_003856600.1
otoGar3:AAQR03196653	AAQR03196653		AAQR03196653.1	AAQR03196653.1	NW_003856601.1
otoGar3:AAQR03196654	AAQR03196654		AAQR03196654.1	AAQR03196654.1	NW_003856602.1
otoGar3:AAQR03196655	AAQR03196655		AAQR03196655.1	AAQR03196655.1	NW_003856603.1
otoGar3:AAQR03196656	AAQR03196656		AAQR03196656.1	AAQR03196656.1	NW_003856604.1
otoGar3:AAQR03196657	AAQR03196657		AAQR03196657.1	AAQR03196657.1	NW_003856605.1
otoGar3:AAQR03196658	AAQR03196658		AAQR03196658.1	AAQR03196658.1	NW_003856606.1
otoGar3:AAQR03196659	AAQR03196659		AAQR03196659.1	AAQR03196659.1	NW_003856607.1
otoGar3:AAQR03196660	AAQR03196660		AAQR03196660.1	AAQR03196660.1	NW_003856608.1
otoGar3:AAQR03196661	AAQR03196661		AAQR03196661.1	AAQR03196661.1	NW_003856609.1
otoGar3:AAQR03196662	AAQR03196662		AAQR03196662.1	AAQR03196662.1	NW_003856610.1
otoGar3:AAQR03196663	AAQR03196663		AAQR03196663.1	AAQR03196663.1	NW_003856611.1
otoGar3:AAQR03196664	AAQR03196664		AAQR03196664.1	AAQR03196664.1	NW_003856612.1
otoGar3:AAQR03196665	AAQR03196665		AAQR03196665.1	AAQR03196665.1	NW_003856613.1
otoGar3:AAQR03196666	AAQR03196666		AAQR03196666.1	AAQR03196666.1	NW_003856614.1
otoGar3:AAQR03196667	AAQR03196667		AAQR03196667.1	AAQR03196667.1	NW_003856615.1
otoGar3:AAQR03196668	AAQR03196668		AAQR03196668.1	AAQR03196668.1	NW_003856616.1
otoGar3:AAQR03196669	AAQR03196669		AAQR03196669.1	AAQR03196669.1	NW_003856617.1
otoGar3:AAQR03196670	AAQR03196670		AAQR03196670.1	AAQR03196670.1	NW_003856618.1
otoGar3:AAQR03196671	AAQR03196671		AAQR03196671.1	AAQR03196671.1	NW_003856619.1
otoGar3:AAQR03196672	AAQR03196672			AAQR03196672.1	NW_003856620.1
otoGar3:AAQR03196673	AAQR03196673		AAQR03196673.1	AAQR03196673.1	NW_003856621.1
otoGar3:AAQR03196674	AAQR03196674		AAQR03196674.1	AAQR03196674.1	NW_003856622.1
otoGar3:AAQR03196675	AAQR03196675		AAQR03196675.1	AAQR03196675.1	NW_003856623.1
otoGar3:AAQR03196676	AAQR03196676		AAQR03196676.1	AAQR03196676.1	NW_003856624.1
otoGar3:AAQR03196677	AAQR03196677		AAQR03196677.1	AAQR03196677.1	NW_003856625.1
otoGar3:AAQR03196678	AAQR03196678		AAQR03196678.1	AAQR03196678.1	NW_003856626.1
otoGar3:AAQR03196679	AAQR03196679		AAQR03196679.1	AAQR03196679.1	NW_003856627.1
otoGar3:AAQR03196680	AAQR03196680		AAQR03196680.1	AAQR03196680.1	NW_003856628.1
otoGar3:AAQR03196681	AAQR03196681		AAQR03196681.1	AAQR03196681.1	NW_003856629.1
otoGar3:AAQR03196682	AAQR03196682		AAQR03196682.1	AAQR03196682.1	NW_003856630.1
otoGar3:AAQR03196683	AAQR03196683		AAQR03196683.1	AAQR03196683.1	NW_003856631.1
otoGar3:AAQR03196684	AAQR03196684		AAQR03196684.1	AAQR03196684.1	NW_003856632.1
otoGar3:AAQR03196685	AAQR03196685		AAQR03196685.1	AAQR03196685.1	NW_003856633.1
otoGar3:AAQR03196686	AAQR03196686		AAQR03196686.1	AAQR03196686.1	NW_003856634.1
otoGar3:AAQR03196687	AAQR03196687		AAQR03196687.1	AAQR03196687.1	NW_003856635.1
otoGar3:AAQR03196688	AAQR03196688		AAQR03196688.1	AAQR03196688.1	NW_003856636.1
otoGar3:AAQR03196689	AAQR03196689		AAQR03196689.1	AAQR03196689.1	NW_003856637.1
otoGar3:AAQR03196690	AAQR03196690		AAQR03196690.1	AAQR03196690.1	NW_003856638.1
otoGar3:AAQR03196691	AAQR03196691		AAQR03196691.1	AAQR03196691.1	NW_003856639.1
otoGar3:AAQR03196692	AAQR03196692		AAQR03196692.1	AAQR03196692.1	NW_003856640.1
otoGar3:AAQR03196693	AAQR03196693		AAQR03196693.1	AAQR03196693.1	NW_003856641.1
otoGar3:AAQR03196694	AAQR03196694		AAQR03196694.1	AAQR03196694.1	NW_003856642.1
otoGar3:AAQR03196695	AAQR03196695		AAQR03196695.1	AAQR03196695.1	NW_003856643.1
otoGar3:AAQR03196696	AAQR03196696		AAQR03196696.1	AAQR03196696.1	NW_003856644.1
otoGar3:AAQR03196697	AAQR03196697		AAQR03196697.1	AAQR03196697.1	NW_003856645.1
otoGar3:AAQR03196698	AAQR03196698		AAQR03196698.1	AAQR03196698.1	NW_003856646.1
otoGar3:AAQR03196699	AAQR03196699		AAQR03196699.1	AAQR03196699.1	NW_003856647.1
otoGar3:AAQR03196700	AAQR03196700		AAQR03196700.1	AAQR03196700.1	NW_003856648.1
otoGar3:AAQR03196701	AAQR03196701		AAQR03196701.1	AAQR03196701.1	NW_003856649.1
otoGar3:AAQR03196702	AAQR03196702		AAQR03196702.1	AAQR03196702.1	NW_003856650.1
otoGar3:AAQR03196703	AAQR03196703		AAQR03196703.1	AAQR03196703.1	NW_003856651.1
otoGar3:AAQR03196704	AAQR03196704		AAQR03196704.1	AAQR03196704.1	NW_003856652.1
otoGar3:AAQR03196705	AAQR03196705		AAQR03196705.1	AAQR03196705.1	NW_003856653.1
otoGar3:AAQR03196706	AAQR03196706		AAQR03196706.1	AAQR03196706.1	NW_003856654.1
otoGar3:AAQR03196707	AAQR03196707		AAQR03196707.1	AAQR03196707.1	NW_003856655.1
otoGar3:AAQR03196708	AAQR03196708		AAQR03196708.1	AAQR03196708.1	NW_003856656.1
otoGar3:AAQR03196709	AAQR03196709		AAQR03196709.1	AAQR03196709.1	NW_003856657.1
otoGar3:AAQR03196710	AAQR03196710		AAQR03196710.1	AAQR03196710.1	NW_003856658.1
otoGar3:AAQR03196711	AAQR03196711		AAQR03196711.1	AAQR03196711.1	NW_003856659.1
otoGar3:AAQR03196712	AAQR03196712		AAQR03196712.1	AAQR03196712.1	NW_003856660.1
otoGar3:AAQR03196713	AAQR03196713		AAQR03196713.1	AAQR03196713.1	NW_003856661.1
otoGar3:AAQR03196714	AAQR03196714		AAQR03196714.1	AAQR03196714.1	NW_003856662.1
otoGar3:AAQR03196715	AAQR03196715		AAQR03196715.1	AAQR03196715.1	NW_003856663.1
otoGar3:AAQR03196716	AAQR03196716		AAQR03196716.1	AAQR03196716.1	NW_003856664.1
otoGar3:AAQR03196717	AAQR03196717		AAQR03196717.1	AAQR03196717.1	NW_003856665.1
otoGar3:AAQR03196718	AAQR03196718		AAQR03196718.1	AAQR03196718.1	NW_003856666.1
otoGar3:AAQR03196719	AAQR03196719		AAQR03196719.1	AAQR03196719.1	NW_003856667.1
otoGar3:AAQR03196720	AAQR03196720		AAQR03196720.1	AAQR03196720.1	NW_003856668.1
otoGar3:AAQR03196721	AAQR03196721		AAQR03196721.1	AAQR03196721.1	NW_003856669.1
otoGar3:AAQR03196722	AAQR03196722		AAQR03196722.1	AAQR03196722.1	NW_003856670.1
otoGar3:AAQR03196723	AAQR03196723		AAQR03196723.1	AAQR03196723.1	NW_003856671.1
otoGar3:AAQR03196724	AAQR03196724		AAQR03196724.1	AAQR03196724.1	NW_003856672.1
otoGar3:AAQR03196725	AAQR03196725		AAQR03196725.1	AAQR03196725.1	NW_003856673.1
otoGar3:AAQR03196726	AAQR03196726		AAQR03196726.1	AAQR03196726.1	NW_003856674.1
otoGar3:AAQR03196727	AAQR03196727		AAQR03196727.1	AAQR03196727.1	NW_003856675.1
otoGar3:AAQR03196728	AAQR03196728		AAQR03196728.1	AAQR03196728.1	NW_003856676.1
otoGar3:AAQR03196729	AAQR03196729		AAQR03196729.1	AAQR03196729.1	NW_003856677.1
otoGar3:AAQR03196730	AAQR03196730		AAQR03196730.1	AAQR03196730.1	NW_003856678.1
otoGar3:AAQR03196731	AAQR03196731		AAQR03196731.1	AAQR03196731.1	NW_003856679.1
otoGar3:AAQR03196732	AAQR03196732		AAQR03196732.1	AAQR03196732.1	NW_003856680.1
otoGar3:AAQR03196733	AAQR03196733		AAQR03196733.1	AAQR03196733.1	NW_003856681.1
otoGar3:AAQR03196734	AAQR03196734		AAQR03196734.1	AAQR03196734.1	NW_003856682.1
otoGar3:AAQR03196735	AAQR03196735		AAQR03196735.1	AAQR03196735.1	NW_003856683.1
otoGar3:AAQR03196736	AAQR03196736		AAQR03196736.1	AAQR03196736.1	NW_003856684.1
otoGar3:AAQR03196737	AAQR03196737		AAQR03196737.1	AAQR03196737.1	NW_003856685.1
otoGar3:AAQR03196738	AAQR03196738		AAQR03196738.1	AAQR03196738.1	NW_003856686.1
otoGar3:AAQR03196739	AAQR03196739		AAQR03196739.1	AAQR03196739.1	NW_003856687.1
otoGar3:AAQR03196740	AAQR03196740			AAQR03196740.1	NW_003856688.1
otoGar3:AAQR03196741	AAQR03196741		AAQR03196741.1	AAQR03196741.1	NW_003856689.1
otoGar3:AAQR03196742	AAQR03196742		AAQR03196742.1	AAQR03196742.1	NW_003856690.1
otoGar3:AAQR03196743	AAQR03196743		AAQR03196743.1	AAQR03196743.1	NW_003856691.1
otoGar3:AAQR03196744	AAQR03196744		AAQR03196744.1	AAQR03196744.1	NW_003856692.1
otoGar3:AAQR03196745	AAQR03196745		AAQR03196745.1	AAQR03196745.1	NW_003856693.1
otoGar3:AAQR03196746	AAQR03196746		AAQR03196746.1	AAQR03196746.1	NW_003856694.1
otoGar3:AAQR03196747	AAQR03196747		AAQR03196747.1	AAQR03196747.1	NW_003856695.1
otoGar3:AAQR03196748	AAQR03196748		AAQR03196748.1	AAQR03196748.1	NW_003856696.1
otoGar3:AAQR03196749	AAQR03196749		AAQR03196749.1	AAQR03196749.1	NW_003856697.1
otoGar3:AAQR03196750	AAQR03196750		AAQR03196750.1	AAQR03196750.1	NW_003856698.1
otoGar3:AAQR03196751	AAQR03196751		AAQR03196751.1	AAQR03196751.1	NW_003856699.1
otoGar3:AAQR03196752	AAQR03196752		AAQR03196752.1	AAQR03196752.1	NW_003856700.1
otoGar3:AAQR03196753	AAQR03196753		AAQR03196753.1	AAQR03196753.1	NW_003856701.1
otoGar3:AAQR03196754	AAQR03196754		AAQR03196754.1	AAQR03196754.1	NW_003856702.1
otoGar3:AAQR03196755	AAQR03196755		AAQR03196755.1	AAQR03196755.1	NW_003856703.1
otoGar3:AAQR03196756	AAQR03196756		AAQR03196756.1	AAQR03196756.1	NW_003856704.1
otoGar3:AAQR03196757	AAQR03196757		AAQR03196757.1	AAQR03196757.1	NW_003856705.1
otoGar3:AAQR03196758	AAQR03196758		AAQR03196758.1	AAQR03196758.1	NW_003856706.1
otoGar3:AAQR03196759	AAQR03196759		AAQR03196759.1	AAQR03196759.1	NW_003856707.1
otoGar3:AAQR03196760	AAQR03196760		AAQR03196760.1	AAQR03196760.1	NW_003856708.1
otoGar3:AAQR03196761	AAQR03196761		AAQR03196761.1	AAQR03196761.1	NW_003856709.1
otoGar3:AAQR03196762	AAQR03196762		AAQR03196762.1	AAQR03196762.1	NW_003856710.1
otoGar3:AAQR03196763	AAQR03196763		AAQR03196763.1	AAQR03196763.1	NW_003856711.1
otoGar3:AAQR03196764	AAQR03196764		AAQR03196764.1	AAQR03196764.1	NW_003856712.1
otoGar3:AAQR03196765	AAQR03196765		AAQR03196765.1	AAQR03196765.1	NW_003856713.1
otoGar3:AAQR03196766	AAQR03196766		AAQR03196766.1	AAQR03196766.1	NW_003856714.1
otoGar3:AAQR03196767	AAQR03196767		AAQR03196767.1	AAQR03196767.1	NW_003856715.1
otoGar3:AAQR03196768	AAQR03196768		AAQR03196768.1	AAQR03196768.1	NW_003856716.1
otoGar3:AAQR03196769	AAQR03196769		AAQR03196769.1	AAQR03196769.1	NW_003856717.1
otoGar3:AAQR03196770	AAQR03196770		AAQR03196770.1	AAQR03196770.1	NW_003856718.1
otoGar3:AAQR03196771	AAQR03196771		AAQR03196771.1	AAQR03196771.1	NW_003856719.1
otoGar3:AAQR03196772	AAQR03196772		AAQR03196772.1	AAQR03196772.1	NW_003856720.1
otoGar3:AAQR03196773	AAQR03196773		AAQR03196773.1	AAQR03196773.1	NW_003856721.1
otoGar3:AAQR03196774	AAQR03196774		AAQR03196774.1	AAQR03196774.1	NW_003856722.1
otoGar3:AAQR03196775	AAQR03196775		AAQR03196775.1	AAQR03196775.1	NW_003856723.1
otoGar3:AAQR03196776	AAQR03196776		AAQR03196776.1	AAQR03196776.1	NW_003856724.1
otoGar3:AAQR03196777	AAQR03196777		AAQR03196777.1	AAQR03196777.1	NW_003856725.1
otoGar3:AAQR03196778	AAQR03196778		AAQR03196778.1	AAQR03196778.1	NW_003856726.1
otoGar3:AAQR03196779	AAQR03196779		AAQR03196779.1	AAQR03196779.1	NW_003856727.1
otoGar3:AAQR03196780	AAQR03196780		AAQR03196780.1	AAQR03196780.1	NW_003856728.1
otoGar3:AAQR03196781	AAQR03196781		AAQR03196781.1	AAQR03196781.1	NW_003856729.1
otoGar3:AAQR03196782	AAQR03196782		AAQR03196782.1	AAQR03196782.1	NW_003856730.1
otoGar3:AAQR03196783	AAQR03196783		AAQR03196783.1	AAQR03196783.1	NW_003856731.1
otoGar3:AAQR03196784	AAQR03196784		AAQR03196784.1	AAQR03196784.1	NW_003856732.1
otoGar3:AAQR03196785	AAQR03196785		AAQR03196785.1	AAQR03196785.1	NW_003856733.1
otoGar3:AAQR03196786	AAQR03196786		AAQR03196786.1	AAQR03196786.1	NW_003856734.1
otoGar3:AAQR03196787	AAQR03196787		AAQR03196787.1	AAQR03196787.1	NW_003856735.1
otoGar3:AAQR03196788	AAQR03196788		AAQR03196788.1	AAQR03196788.1	NW_003856736.1
otoGar3:AAQR03196789	AAQR03196789		AAQR03196789.1	AAQR03196789.1	NW_003856737.1
otoGar3:AAQR03196790	AAQR03196790		AAQR03196790.1	AAQR03196790.1	NW_003856738.1
otoGar3:AAQR03196791	AAQR03196791		AAQR03196791.1	AAQR03196791.1	NW_003856739.1
otoGar3:AAQR03196792	AAQR03196792		AAQR03196792.1	AAQR03196792.1	NW_003856740.1
otoGar3:AAQR03196793	AAQR03196793		AAQR03196793.1	AAQR03196793.1	NW_003856741.1
otoGar3:AAQR03196794	AAQR03196794		AAQR03196794.1	AAQR03196794.1	NW_003856742.1
otoGar3:AAQR03196795	AAQR03196795		AAQR03196795.1	AAQR03196795.1	NW_003856743.1
otoGar3:AAQR03196796	AAQR03196796			AAQR03196796.1	NW_003856744.1
otoGar3:AAQR03196797	AAQR03196797		AAQR03196797.1	AAQR03196797.1	NW_003856745.1
otoGar3:AAQR03196798	AAQR03196798		AAQR03196798.1	AAQR03196798.1	NW_003856746.1
otoGar3:AAQR03196799	AAQR03196799		AAQR03196799.1	AAQR03196799.1	NW_003856747.1
otoGar3:AAQR03196800	AAQR03196800		AAQR03196800.1	AAQR03196800.1	NW_003856748.1
otoGar3:AAQR03196801	AAQR03196801		AAQR03196801.1	AAQR03196801.1	NW_003856749.1
otoGar3:AAQR03196802	AAQR03196802			AAQR03196802.1	NW_003856750.1
otoGar3:AAQR03196803	AAQR03196803		AAQR03196803.1	AAQR03196803.1	NW_003856751.1
otoGar3:AAQR03196804	AAQR03196804		AAQR03196804.1	AAQR03196804.1	NW_003856752.1
otoGar3:AAQR03196805	AAQR03196805		AAQR03196805.1	AAQR03196805.1	NW_003856753.1
otoGar3:AAQR03196806	AAQR03196806		AAQR03196806.1	AAQR03196806.1	NW_003856754.1
otoGar3:AAQR03196807	AAQR03196807		AAQR03196807.1	AAQR03196807.1	NW_003856755.1
otoGar3:AAQR03196808	AAQR03196808		AAQR03196808.1	AAQR03196808.1	NW_003856756.1
otoGar3:AAQR03196809	AAQR03196809		AAQR03196809.1	AAQR03196809.1	NW_003856757.1
otoGar3:AAQR03196810	AAQR03196810		AAQR03196810.1	AAQR03196810.1	NW_003856758.1
otoGar3:AAQR03196811	AAQR03196811		AAQR03196811.1	AAQR03196811.1	NW_003856759.1
otoGar3:AAQR03196812	AAQR03196812		AAQR03196812.1	AAQR03196812.1	NW_003856760.1
otoGar3:AAQR03196813	AAQR03196813		AAQR03196813.1	AAQR03196813.1	NW_003856761.1
otoGar3:AAQR03196814	AAQR03196814		AAQR03196814.1	AAQR03196814.1	NW_003856762.1
otoGar3:AAQR03196815	AAQR03196815		AAQR03196815.1	AAQR03196815.1	NW_003856763.1
otoGar3:AAQR03196816	AAQR03196816		AAQR03196816.1	AAQR03196816.1	NW_003856764.1
otoGar3:AAQR03196817	AAQR03196817		AAQR03196817.1	AAQR03196817.1	NW_003856765.1
otoGar3:AAQR03196818	AAQR03196818		AAQR03196818.1	AAQR03196818.1	NW_003856766.1
otoGar3:AAQR03196819	AAQR03196819		AAQR03196819.1	AAQR03196819.1	NW_003856767.1
otoGar3:AAQR03196820	AAQR03196820		AAQR03196820.1	AAQR03196820.1	NW_003856768.1
otoGar3:AAQR03196821	AAQR03196821		AAQR03196821.1	AAQR03196821.1	NW_003856769.1
otoGar3:AAQR03196822	AAQR03196822		AAQR03196822.1	AAQR03196822.1	NW_003856770.1
otoGar3:AAQR03196823	AAQR03196823		AAQR03196823.1	AAQR03196823.1	NW_003856771.1
otoGar3:AAQR03196824	AAQR03196824		AAQR03196824.1	AAQR03196824.1	NW_003856772.1
otoGar3:AAQR03196825	AAQR03196825		AAQR03196825.1	AAQR03196825.1	NW_003856773.1
otoGar3:AAQR03196826	AAQR03196826		AAQR03196826.1	AAQR03196826.1	NW_003856774.1
otoGar3:AAQR03196827	AAQR03196827		AAQR03196827.1	AAQR03196827.1	NW_003856775.1
otoGar3:AAQR03196828	AAQR03196828		AAQR03196828.1	AAQR03196828.1	NW_003856776.1
otoGar3:AAQR03196829	AAQR03196829		AAQR03196829.1	AAQR03196829.1	NW_003856777.1
otoGar3:AAQR03196830	AAQR03196830		AAQR03196830.1	AAQR03196830.1	NW_003856778.1
otoGar3:AAQR03196831	AAQR03196831		AAQR03196831.1	AAQR03196831.1	NW_003856779.1
otoGar3:AAQR03196832	AAQR03196832		AAQR03196832.1	AAQR03196832.1	NW_003856780.1
otoGar3:AAQR03196833	AAQR03196833		AAQR03196833.1	AAQR03196833.1	NW_003856781.1
otoGar3:AAQR03196834	AAQR03196834		AAQR03196834.1	AAQR03196834.1	NW_003856782.1
otoGar3:AAQR03196835	AAQR03196835		AAQR03196835.1	AAQR03196835.1	NW_003856783.1
otoGar3:AAQR03196836	AAQR03196836		AAQR03196836.1	AAQR03196836.1	NW_003856784.1
otoGar3:AAQR03196837	AAQR03196837		AAQR03196837.1	AAQR03196837.1	NW_003856785.1
otoGar3:AAQR03196838	AAQR03196838		AAQR03196838.1	AAQR03196838.1	NW_003856786.1
otoGar3:AAQR03196839	AAQR03196839		AAQR03196839.1	AAQR03196839.1	NW_003856787.1
otoGar3:AAQR03196840	AAQR03196840		AAQR03196840.1	AAQR03196840.1	NW_003856788.1
otoGar3:AAQR03196841	AAQR03196841		AAQR03196841.1	AAQR03196841.1	NW_003856789.1
otoGar3:AAQR03196842	AAQR03196842		AAQR03196842.1	AAQR03196842.1	NW_003856790.1
otoGar3:AAQR03196843	AAQR03196843		AAQR03196843.1	AAQR03196843.1	NW_003856791.1
otoGar3:AAQR03196844	AAQR03196844		AAQR03196844.1	AAQR03196844.1	NW_003856792.1
otoGar3:AAQR03196845	AAQR03196845		AAQR03196845.1	AAQR03196845.1	NW_003856793.1
otoGar3:AAQR03196846	AAQR03196846		AAQR03196846.1	AAQR03196846.1	NW_003856794.1
otoGar3:AAQR03196847	AAQR03196847		AAQR03196847.1	AAQR03196847.1	NW_003856795.1
otoGar3:AAQR03196848	AAQR03196848		AAQR03196848.1	AAQR03196848.1	NW_003856796.1
otoGar3:AAQR03196849	AAQR03196849		AAQR03196849.1	AAQR03196849.1	NW_003856797.1
otoGar3:AAQR03196850	AAQR03196850		AAQR03196850.1	AAQR03196850.1	NW_003856798.1
otoGar3:AAQR03196851	AAQR03196851		AAQR03196851.1	AAQR03196851.1	NW_003856799.1
otoGar3:AAQR03196852	AAQR03196852		AAQR03196852.1	AAQR03196852.1	NW_003856800.1
otoGar3:AAQR03196853	AAQR03196853		AAQR03196853.1	AAQR03196853.1	NW_003856801.1
otoGar3:AAQR03196854	AAQR03196854		AAQR03196854.1	AAQR03196854.1	NW_003856802.1
otoGar3:AAQR03196855	AAQR03196855		AAQR03196855.1	AAQR03196855.1	NW_003856803.1
otoGar3:AAQR03196856	AAQR03196856		AAQR03196856.1	AAQR03196856.1	NW_003856804.1
otoGar3:AAQR03196857	AAQR03196857		AAQR03196857.1	AAQR03196857.1	NW_003856805.1
otoGar3:AAQR03196858	AAQR03196858		AAQR03196858.1	AAQR03196858.1	NW_003856806.1
otoGar3:AAQR03196859	AAQR03196859		AAQR03196859.1	AAQR03196859.1	NW_003856807.1
otoGar3:AAQR03196860	AAQR03196860		AAQR03196860.1	AAQR03196860.1	NW_003856808.1
otoGar3:AAQR03196861	AAQR03196861		AAQR03196861.1	AAQR03196861.1	NW_003856809.1
otoGar3:AAQR03196862	AAQR03196862		AAQR03196862.1	AAQR03196862.1	NW_003856810.1
otoGar3:AAQR03196863	AAQR03196863		AAQR03196863.1	AAQR03196863.1	NW_003856811.1
otoGar3:AAQR03196864	AAQR03196864		AAQR03196864.1	AAQR03196864.1	NW_003856812.1
otoGar3:AAQR03196865	AAQR03196865			AAQR03196865.1	NW_003856813.1
otoGar3:AAQR03196866	AAQR03196866		AAQR03196866.1	AAQR03196866.1	NW_003856814.1
otoGar3:AAQR03196867	AAQR03196867		AAQR03196867.1	AAQR03196867.1	NW_003856815.1
otoGar3:AAQR03196868	AAQR03196868		AAQR03196868.1	AAQR03196868.1	NW_003856816.1
otoGar3:AAQR03196869	AAQR03196869		AAQR03196869.1	AAQR03196869.1	NW_003856817.1
otoGar3:AAQR03196870	AAQR03196870		AAQR03196870.1	AAQR03196870.1	NW_003856818.1
otoGar3:AAQR03196871	AAQR03196871		AAQR03196871.1	AAQR03196871.1	NW_003856819.1
otoGar3:AAQR03196872	AAQR03196872		AAQR03196872.1	AAQR03196872.1	NW_003856820.1
otoGar3:AAQR03196873	AAQR03196873		AAQR03196873.1	AAQR03196873.1	NW_003856821.1
otoGar3:AAQR03196874	AAQR03196874		AAQR03196874.1	AAQR03196874.1	NW_003856822.1
otoGar3:AAQR03196875	AAQR03196875		AAQR03196875.1	AAQR03196875.1	NW_003856823.1
otoGar3:AAQR03196876	AAQR03196876		AAQR03196876.1	AAQR03196876.1	NW_003856824.1
otoGar3:AAQR03196877	AAQR03196877		AAQR03196877.1	AAQR03196877.1	NW_003856825.1
otoGar3:AAQR03196878	AAQR03196878		AAQR03196878.1	AAQR03196878.1	NW_003856826.1
otoGar3:AAQR03196879	AAQR03196879		AAQR03196879.1	AAQR03196879.1	NW_003856827.1
otoGar3:AAQR03196880	AAQR03196880		AAQR03196880.1	AAQR03196880.1	NW_003856828.1
otoGar3:AAQR03196881	AAQR03196881		AAQR03196881.1	AAQR03196881.1	NW_003856829.1
otoGar3:AAQR03196882	AAQR03196882		AAQR03196882.1	AAQR03196882.1	NW_003856830.1
otoGar3:AAQR03196883	AAQR03196883		AAQR03196883.1	AAQR03196883.1	NW_003856831.1
otoGar3:AAQR03196884	AAQR03196884		AAQR03196884.1	AAQR03196884.1	NW_003856832.1
otoGar3:AAQR03196885	AAQR03196885		AAQR03196885.1	AAQR03196885.1	NW_003856833.1
otoGar3:AAQR03196886	AAQR03196886		AAQR03196886.1	AAQR03196886.1	NW_003856834.1
otoGar3:AAQR03196887	AAQR03196887		AAQR03196887.1	AAQR03196887.1	NW_003856835.1
otoGar3:AAQR03196888	AAQR03196888		AAQR03196888.1	AAQR03196888.1	NW_003856836.1
otoGar3:AAQR03196889	AAQR03196889		AAQR03196889.1	AAQR03196889.1	NW_003856837.1
otoGar3:AAQR03196890	AAQR03196890		AAQR03196890.1	AAQR03196890.1	NW_003856838.1
otoGar3:AAQR03196891	AAQR03196891		AAQR03196891.1	AAQR03196891.1	NW_003856839.1
otoGar3:AAQR03196892	AAQR03196892		AAQR03196892.1	AAQR03196892.1	NW_003856840.1
otoGar3:AAQR03196893	AAQR03196893		AAQR03196893.1	AAQR03196893.1	NW_003856841.1
otoGar3:AAQR03196894	AAQR03196894			AAQR03196894.1	NW_003856842.1
otoGar3:AAQR03196895	AAQR03196895		AAQR03196895.1	AAQR03196895.1	NW_003856843.1
otoGar3:AAQR03196896	AAQR03196896		AAQR03196896.1	AAQR03196896.1	NW_003856844.1
otoGar3:AAQR03196897	AAQR03196897		AAQR03196897.1	AAQR03196897.1	NW_003856845.1
otoGar3:AAQR03196898	AAQR03196898		AAQR03196898.1	AAQR03196898.1	NW_003856846.1
otoGar3:AAQR03196899	AAQR03196899		AAQR03196899.1	AAQR03196899.1	NW_003856847.1
otoGar3:AAQR03196900	AAQR03196900		AAQR03196900.1	AAQR03196900.1	NW_003856848.1
otoGar3:AAQR03196901	AAQR03196901		AAQR03196901.1	AAQR03196901.1	NW_003856849.1
otoGar3:AAQR03196902	AAQR03196902		AAQR03196902.1	AAQR03196902.1	NW_003856850.1
otoGar3:AAQR03196903	AAQR03196903		AAQR03196903.1	AAQR03196903.1	NW_003856851.1
otoGar3:AAQR03196904	AAQR03196904		AAQR03196904.1	AAQR03196904.1	NW_003856852.1
otoGar3:AAQR03196905	AAQR03196905		AAQR03196905.1	AAQR03196905.1	NW_003856853.1
otoGar3:AAQR03196906	AAQR03196906		AAQR03196906.1	AAQR03196906.1	NW_003856854.1
otoGar3:AAQR03196907	AAQR03196907		AAQR03196907.1	AAQR03196907.1	NW_003856855.1
otoGar3:AAQR03196908	AAQR03196908		AAQR03196908.1	AAQR03196908.1	NW_003856856.1
otoGar3:AAQR03196909	AAQR03196909		AAQR03196909.1	AAQR03196909.1	NW_003856857.1
otoGar3:AAQR03196910	AAQR03196910		AAQR03196910.1	AAQR03196910.1	NW_003856858.1
otoGar3:AAQR03196911	AAQR03196911		AAQR03196911.1	AAQR03196911.1	NW_003856859.1
otoGar3:AAQR03196912	AAQR03196912		AAQR03196912.1	AAQR03196912.1	NW_003856860.1
otoGar3:AAQR03196913	AAQR03196913		AAQR03196913.1	AAQR03196913.1	NW_003856861.1
otoGar3:AAQR03196914	AAQR03196914		AAQR03196914.1	AAQR03196914.1	NW_003856862.1
otoGar3:AAQR03196915	AAQR03196915		AAQR03196915.1	AAQR03196915.1	NW_003856863.1
otoGar3:AAQR03196916	AAQR03196916		AAQR03196916.1	AAQR03196916.1	NW_003856864.1
otoGar3:AAQR03196917	AAQR03196917		AAQR03196917.1	AAQR03196917.1	NW_003856865.1
otoGar3:AAQR03196918	AAQR03196918		AAQR03196918.1	AAQR03196918.1	NW_003856866.1
otoGar3:AAQR03196919	AAQR03196919		AAQR03196919.1	AAQR03196919.1	NW_003856867.1
otoGar3:AAQR03196920	AAQR03196920		AAQR03196920.1	AAQR03196920.1	NW_003856868.1
otoGar3:AAQR03196921	AAQR03196921		AAQR03196921.1	AAQR03196921.1	NW_003856869.1
otoGar3:AAQR03196922	AAQR03196922		AAQR03196922.1	AAQR03196922.1	NW_003856870.1
otoGar3:AAQR03196923	AAQR03196923		AAQR03196923.1	AAQR03196923.1	NW_003856871.1
otoGar3:AAQR03196924	AAQR03196924		AAQR03196924.1	AAQR03196924.1	NW_003856872.1
otoGar3:AAQR03196925	AAQR03196925		AAQR03196925.1	AAQR03196925.1	NW_003856873.1
otoGar3:AAQR03196926	AAQR03196926		AAQR03196926.1	AAQR03196926.1	NW_003856874.1
otoGar3:AAQR03196927	AAQR03196927		AAQR03196927.1	AAQR03196927.1	NW_003856875.1
otoGar3:AAQR03196928	AAQR03196928		AAQR03196928.1	AAQR03196928.1	NW_003856876.1
otoGar3:AAQR03196929	AAQR03196929		AAQR03196929.1	AAQR03196929.1	NW_003856877.1
otoGar3:AAQR03196930	AAQR03196930		AAQR03196930.1	AAQR03196930.1	NW_003856878.1
otoGar3:AAQR03196931	AAQR03196931		AAQR03196931.1	AAQR03196931.1	NW_003856879.1
otoGar3:AAQR03196932	AAQR03196932		AAQR03196932.1	AAQR03196932.1	NW_003856880.1
otoGar3:AAQR03196933	AAQR03196933		AAQR03196933.1	AAQR03196933.1	NW_003856881.1
otoGar3:AAQR03196934	AAQR03196934		AAQR03196934.1	AAQR03196934.1	NW_003856882.1
otoGar3:AAQR03196935	AAQR03196935		AAQR03196935.1	AAQR03196935.1	NW_003856883.1
otoGar3:AAQR03196936	AAQR03196936		AAQR03196936.1	AAQR03196936.1	NW_003856884.1
otoGar3:AAQR03196937	AAQR03196937		AAQR03196937.1	AAQR03196937.1	NW_003856885.1
otoGar3:AAQR03196938	AAQR03196938		AAQR03196938.1	AAQR03196938.1	NW_003856886.1
otoGar3:AAQR03196939	AAQR03196939		AAQR03196939.1	AAQR03196939.1	NW_003856887.1
otoGar3:AAQR03196940	AAQR03196940		AAQR03196940.1	AAQR03196940.1	NW_003856888.1
otoGar3:AAQR03196941	AAQR03196941		AAQR03196941.1	AAQR03196941.1	NW_003856889.1
otoGar3:AAQR03196942	AAQR03196942		AAQR03196942.1	AAQR03196942.1	NW_003856890.1
otoGar3:AAQR03196943	AAQR03196943		AAQR03196943.1	AAQR03196943.1	NW_003856891.1
otoGar3:AAQR03196944	AAQR03196944		AAQR03196944.1	AAQR03196944.1	NW_003856892.1
otoGar3:AAQR03196945	AAQR03196945		AAQR03196945.1	AAQR03196945.1	NW_003856893.1
otoGar3:AAQR03196946	AAQR03196946		AAQR03196946.1	AAQR03196946.1	NW_003856894.1
otoGar3:AAQR03196947	AAQR03196947		AAQR03196947.1	AAQR03196947.1	NW_003856895.1
otoGar3:AAQR03196948	AAQR03196948		AAQR03196948.1	AAQR03196948.1	NW_003856896.1
otoGar3:AAQR03196949	AAQR03196949		AAQR03196949.1	AAQR03196949.1	NW_003856897.1
otoGar3:AAQR03196950	AAQR03196950		AAQR03196950.1	AAQR03196950.1	NW_003856898.1
otoGar3:AAQR03196951	AAQR03196951		AAQR03196951.1	AAQR03196951.1	NW_003856899.1
otoGar3:AAQR03196952	AAQR03196952		AAQR03196952.1	AAQR03196952.1	NW_003856900.1
otoGar3:AAQR03196953	AAQR03196953		AAQR03196953.1	AAQR03196953.1	NW_003856901.1
otoGar3:AAQR03196954	AAQR03196954		AAQR03196954.1	AAQR03196954.1	NW_003856902.1
otoGar3:AAQR03196955	AAQR03196955		AAQR03196955.1	AAQR03196955.1	NW_003856903.1
otoGar3:AAQR03196956	AAQR03196956		AAQR03196956.1	AAQR03196956.1	NW_003856904.1
otoGar3:AAQR03196957	AAQR03196957		AAQR03196957.1	AAQR03196957.1	NW_003856905.1
otoGar3:AAQR03196958	AAQR03196958		AAQR03196958.1	AAQR03196958.1	NW_003856906.1
otoGar3:AAQR03196959	AAQR03196959		AAQR03196959.1	AAQR03196959.1	NW_003856907.1
otoGar3:AAQR03196960	AAQR03196960		AAQR03196960.1	AAQR03196960.1	NW_003856908.1
otoGar3:AAQR03196961	AAQR03196961		AAQR03196961.1	AAQR03196961.1	NW_003856909.1
otoGar3:AAQR03196962	AAQR03196962		AAQR03196962.1	AAQR03196962.1	NW_003856910.1
otoGar3:AAQR03196963	AAQR03196963		AAQR03196963.1	AAQR03196963.1	NW_003856911.1
otoGar3:AAQR03196964	AAQR03196964		AAQR03196964.1	AAQR03196964.1	NW_003856912.1
otoGar3:AAQR03196965	AAQR03196965		AAQR03196965.1	AAQR03196965.1	NW_003856913.1
otoGar3:AAQR03196966	AAQR03196966		AAQR03196966.1	AAQR03196966.1	NW_003856914.1
otoGar3:AAQR03196967	AAQR03196967		AAQR03196967.1	AAQR03196967.1	NW_003856915.1
otoGar3:AAQR03196968	AAQR03196968		AAQR03196968.1	AAQR03196968.1	NW_003856916.1
otoGar3:AAQR03196969	AAQR03196969		AAQR03196969.1	AAQR03196969.1	NW_003856917.1
otoGar3:AAQR03196970	AAQR03196970		AAQR03196970.1	AAQR03196970.1	NW_003856918.1
otoGar3:AAQR03196971	AAQR03196971		AAQR03196971.1	AAQR03196971.1	NW_003856919.1
otoGar3:AAQR03196972	AAQR03196972		AAQR03196972.1	AAQR03196972.1	NW_003856920.1
otoGar3:AAQR03196973	AAQR03196973		AAQR03196973.1	AAQR03196973.1	NW_003856921.1
otoGar3:AAQR03196974	AAQR03196974		AAQR03196974.1	AAQR03196974.1	NW_003856922.1
otoGar3:AAQR03196975	AAQR03196975		AAQR03196975.1	AAQR03196975.1	NW_003856923.1
otoGar3:AAQR03196976	AAQR03196976		AAQR03196976.1	AAQR03196976.1	NW_003856924.1
otoGar3:AAQR03196977	AAQR03196977		AAQR03196977.1	AAQR03196977.1	NW_003856925.1
otoGar3:AAQR03196978	AAQR03196978		AAQR03196978.1	AAQR03196978.1	NW_003856926.1
otoGar3:AAQR03196979	AAQR03196979		AAQR03196979.1	AAQR03196979.1	NW_003856927.1
otoGar3:AAQR03196980	AAQR03196980		AAQR03196980.1	AAQR03196980.1	NW_003856928.1
otoGar3:AAQR03196981	AAQR03196981		AAQR03196981.1	AAQR03196981.1	NW_003856929.1
otoGar3:AAQR03196982	AAQR03196982		AAQR03196982.1	AAQR03196982.1	NW_003856930.1
otoGar3:AAQR03196983	AAQR03196983		AAQR03196983.1	AAQR03196983.1	NW_003856931.1
otoGar3:AAQR03196984	AAQR03196984		AAQR03196984.1	AAQR03196984.1	NW_003856932.1
otoGar3:AAQR03196985	AAQR03196985		AAQR03196985.1	AAQR03196985.1	NW_003856933.1
otoGar3:AAQR03196986	AAQR03196986		AAQR03196986.1	AAQR03196986.1	NW_003856934.1
otoGar3:AAQR03196987	AAQR03196987		AAQR03196987.1	AAQR03196987.1	NW_003856935.1
otoGar3:AAQR03196988	AAQR03196988		AAQR03196988.1	AAQR03196988.1	NW_003856936.1
otoGar3:AAQR03196989	AAQR03196989		AAQR03196989.1	AAQR03196989.1	NW_003856937.1
otoGar3:AAQR03196990	AAQR03196990		AAQR03196990.1	AAQR03196990.1	NW_003856938.1
otoGar3:AAQR03196991	AAQR03196991		AAQR03196991.1	AAQR03196991.1	NW_003856939.1
otoGar3:AAQR03196992	AAQR03196992		AAQR03196992.1	AAQR03196992.1	NW_003856940.1
otoGar3:AAQR03196993	AAQR03196993		AAQR03196993.1	AAQR03196993.1	NW_003856941.1
otoGar3:AAQR03196994	AAQR03196994		AAQR03196994.1	AAQR03196994.1	NW_003856942.1
otoGar3:AAQR03196995	AAQR03196995		AAQR03196995.1	AAQR03196995.1	NW_003856943.1
otoGar3:AAQR03196996	AAQR03196996		AAQR03196996.1	AAQR03196996.1	NW_003856944.1
otoGar3:AAQR03196997	AAQR03196997		AAQR03196997.1	AAQR03196997.1	NW_003856945.1
otoGar3:AAQR03196998	AAQR03196998		AAQR03196998.1	AAQR03196998.1	NW_003856946.1
otoGar3:AAQR03196999	AAQR03196999		AAQR03196999.1	AAQR03196999.1	NW_003856947.1
otoGar3:AAQR03197000	AAQR03197000			AAQR03197000.1	NW_003856948.1
otoGar3:AAQR03197001	AAQR03197001		AAQR03197001.1	AAQR03197001.1	NW_003856949.1
otoGar3:AAQR03197002	AAQR03197002		AAQR03197002.1	AAQR03197002.1	NW_003856950.1
otoGar3:AAQR03197003	AAQR03197003		AAQR03197003.1	AAQR03197003.1	NW_003856951.1
otoGar3:AAQR03197004	AAQR03197004		AAQR03197004.1	AAQR03197004.1	NW_003856952.1
otoGar3:AAQR03197005	AAQR03197005		AAQR03197005.1	AAQR03197005.1	NW_003856953.1
otoGar3:AAQR03197006	AAQR03197006		AAQR03197006.1	AAQR03197006.1	NW_003856954.1
otoGar3:AAQR03197007	AAQR03197007		AAQR03197007.1	AAQR03197007.1	NW_003856955.1
otoGar3:AAQR03197008	AAQR03197008		AAQR03197008.1	AAQR03197008.1	NW_003856956.1
otoGar3:AAQR03197009	AAQR03197009		AAQR03197009.1	AAQR03197009.1	NW_003856957.1
otoGar3:AAQR03197010	AAQR03197010		AAQR03197010.1	AAQR03197010.1	NW_003856958.1
otoGar3:AAQR03197011	AAQR03197011		AAQR03197011.1	AAQR03197011.1	NW_003856959.1
otoGar3:AAQR03197012	AAQR03197012		AAQR03197012.1	AAQR03197012.1	NW_003856960.1
otoGar3:AAQR03197013	AAQR03197013		AAQR03197013.1	AAQR03197013.1	NW_003856961.1
otoGar3:AAQR03197014	AAQR03197014		AAQR03197014.1	AAQR03197014.1	NW_003856962.1
otoGar3:AAQR03197015	AAQR03197015			AAQR03197015.1	NW_003856963.1
otoGar3:AAQR03197016	AAQR03197016		AAQR03197016.1	AAQR03197016.1	NW_003856964.1
otoGar3:AAQR03197017	AAQR03197017		AAQR03197017.1	AAQR03197017.1	NW_003856965.1
otoGar3:AAQR03197018	AAQR03197018		AAQR03197018.1	AAQR03197018.1	NW_003856966.1
otoGar3:AAQR03197019	AAQR03197019		AAQR03197019.1	AAQR03197019.1	NW_003856967.1
otoGar3:AAQR03197020	AAQR03197020		AAQR03197020.1	AAQR03197020.1	NW_003856968.1
otoGar3:AAQR03197021	AAQR03197021		AAQR03197021.1	AAQR03197021.1	NW_003856969.1
otoGar3:AAQR03197022	AAQR03197022		AAQR03197022.1	AAQR03197022.1	NW_003856970.1
otoGar3:AAQR03197023	AAQR03197023		AAQR03197023.1	AAQR03197023.1	NW_003856971.1
otoGar3:AAQR03197024	AAQR03197024		AAQR03197024.1	AAQR03197024.1	NW_003856972.1
otoGar3:AAQR03197025	AAQR03197025		AAQR03197025.1	AAQR03197025.1	NW_003856973.1
otoGar3:AAQR03197026	AAQR03197026		AAQR03197026.1	AAQR03197026.1	NW_003856974.1
otoGar3:AAQR03197027	AAQR03197027		AAQR03197027.1	AAQR03197027.1	NW_003856975.1
otoGar3:AAQR03197028	AAQR03197028		AAQR03197028.1	AAQR03197028.1	NW_003856976.1
otoGar3:AAQR03197029	AAQR03197029		AAQR03197029.1	AAQR03197029.1	NW_003856977.1
otoGar3:AAQR03197030	AAQR03197030		AAQR03197030.1	AAQR03197030.1	NW_003856978.1
otoGar3:AAQR03197031	AAQR03197031		AAQR03197031.1	AAQR03197031.1	NW_003856979.1
otoGar3:AAQR03197032	AAQR03197032		AAQR03197032.1	AAQR03197032.1	NW_003856980.1
otoGar3:AAQR03197033	AAQR03197033		AAQR03197033.1	AAQR03197033.1	NW_003856981.1
otoGar3:AAQR03197034	AAQR03197034		AAQR03197034.1	AAQR03197034.1	NW_003856982.1
otoGar3:AAQR03197035	AAQR03197035		AAQR03197035.1	AAQR03197035.1	NW_003856983.1
otoGar3:AAQR03197036	AAQR03197036		AAQR03197036.1	AAQR03197036.1	NW_003856984.1
otoGar3:AAQR03197037	AAQR03197037		AAQR03197037.1	AAQR03197037.1	NW_003856985.1
otoGar3:AAQR03197038	AAQR03197038		AAQR03197038.1	AAQR03197038.1	NW_003856986.1
otoGar3:AAQR03197039	AAQR03197039		AAQR03197039.1	AAQR03197039.1	NW_003856987.1
otoGar3:AAQR03197040	AAQR03197040		AAQR03197040.1	AAQR03197040.1	NW_003856988.1
otoGar3:AAQR03197041	AAQR03197041		AAQR03197041.1	AAQR03197041.1	NW_003856989.1
otoGar3:AAQR03197042	AAQR03197042		AAQR03197042.1	AAQR03197042.1	NW_003856990.1
otoGar3:AAQR03197043	AAQR03197043		AAQR03197043.1	AAQR03197043.1	NW_003856991.1
otoGar3:AAQR03197044	AAQR03197044		AAQR03197044.1	AAQR03197044.1	NW_003856992.1
otoGar3:AAQR03197045	AAQR03197045		AAQR03197045.1	AAQR03197045.1	NW_003856993.1
otoGar3:AAQR03197046	AAQR03197046		AAQR03197046.1	AAQR03197046.1	NW_003856994.1
otoGar3:AAQR03197047	AAQR03197047		AAQR03197047.1	AAQR03197047.1	NW_003856995.1
otoGar3:AAQR03197048	AAQR03197048		AAQR03197048.1	AAQR03197048.1	NW_003856996.1
otoGar3:AAQR03197049	AAQR03197049		AAQR03197049.1	AAQR03197049.1	NW_003856997.1
otoGar3:AAQR03197050	AAQR03197050		AAQR03197050.1	AAQR03197050.1	NW_003856998.1
otoGar3:AAQR03197051	AAQR03197051		AAQR03197051.1	AAQR03197051.1	NW_003856999.1
otoGar3:AAQR03197052	AAQR03197052		AAQR03197052.1	AAQR03197052.1	NW_003857000.1
otoGar3:AAQR03197053	AAQR03197053		AAQR03197053.1	AAQR03197053.1	NW_003857001.1
otoGar3:AAQR03197054	AAQR03197054		AAQR03197054.1	AAQR03197054.1	NW_003857002.1
otoGar3:AAQR03197055	AAQR03197055		AAQR03197055.1	AAQR03197055.1	NW_003857003.1
otoGar3:AAQR03197056	AAQR03197056		AAQR03197056.1	AAQR03197056.1	NW_003857004.1
otoGar3:AAQR03197057	AAQR03197057		AAQR03197057.1	AAQR03197057.1	NW_003857005.1
otoGar3:AAQR03197058	AAQR03197058		AAQR03197058.1	AAQR03197058.1	NW_003857006.1
otoGar3:AAQR03197059	AAQR03197059		AAQR03197059.1	AAQR03197059.1	NW_003857007.1
otoGar3:AAQR03197060	AAQR03197060		AAQR03197060.1	AAQR03197060.1	NW_003857008.1
otoGar3:AAQR03197061	AAQR03197061		AAQR03197061.1	AAQR03197061.1	NW_003857009.1
otoGar3:AAQR03197062	AAQR03197062		AAQR03197062.1	AAQR03197062.1	NW_003857010.1
otoGar3:AAQR03197063	AAQR03197063		AAQR03197063.1	AAQR03197063.1	NW_003857011.1
otoGar3:AAQR03197064	AAQR03197064		AAQR03197064.1	AAQR03197064.1	NW_003857012.1
otoGar3:AAQR03197065	AAQR03197065		AAQR03197065.1	AAQR03197065.1	NW_003857013.1
otoGar3:AAQR03197066	AAQR03197066		AAQR03197066.1	AAQR03197066.1	NW_003857014.1
otoGar3:AAQR03197067	AAQR03197067		AAQR03197067.1	AAQR03197067.1	NW_003857015.1
otoGar3:AAQR03197068	AAQR03197068		AAQR03197068.1	AAQR03197068.1	NW_003857016.1
otoGar3:AAQR03197069	AAQR03197069		AAQR03197069.1	AAQR03197069.1	NW_003857017.1
otoGar3:AAQR03197070	AAQR03197070		AAQR03197070.1	AAQR03197070.1	NW_003857018.1
otoGar3:AAQR03197071	AAQR03197071		AAQR03197071.1	AAQR03197071.1	NW_003857019.1
otoGar3:AAQR03197072	AAQR03197072		AAQR03197072.1	AAQR03197072.1	NW_003857020.1
otoGar3:AAQR03197073	AAQR03197073		AAQR03197073.1	AAQR03197073.1	NW_003857021.1
otoGar3:AAQR03197074	AAQR03197074		AAQR03197074.1	AAQR03197074.1	NW_003857022.1
otoGar3:AAQR03197075	AAQR03197075		AAQR03197075.1	AAQR03197075.1	NW_003857023.1
otoGar3:AAQR03197076	AAQR03197076		AAQR03197076.1	AAQR03197076.1	NW_003857024.1
otoGar3:AAQR03197077	AAQR03197077		AAQR03197077.1	AAQR03197077.1	NW_003857025.1
otoGar3:AAQR03197078	AAQR03197078		AAQR03197078.1	AAQR03197078.1	NW_003857026.1
otoGar3:AAQR03197079	AAQR03197079		AAQR03197079.1	AAQR03197079.1	NW_003857027.1
otoGar3:AAQR03197080	AAQR03197080		AAQR03197080.1	AAQR03197080.1	NW_003857028.1
otoGar3:AAQR03197081	AAQR03197081		AAQR03197081.1	AAQR03197081.1	NW_003857029.1
otoGar3:AAQR03197082	AAQR03197082		AAQR03197082.1	AAQR03197082.1	NW_003857030.1
otoGar3:AAQR03197083	AAQR03197083		AAQR03197083.1	AAQR03197083.1	NW_003857031.1
otoGar3:AAQR03197084	AAQR03197084		AAQR03197084.1	AAQR03197084.1	NW_003857032.1
otoGar3:AAQR03197085	AAQR03197085		AAQR03197085.1	AAQR03197085.1	NW_003857033.1
otoGar3:AAQR03197086	AAQR03197086		AAQR03197086.1	AAQR03197086.1	NW_003857034.1
otoGar3:AAQR03197087	AAQR03197087		AAQR03197087.1	AAQR03197087.1	NW_003857035.1
otoGar3:AAQR03197088	AAQR03197088		AAQR03197088.1	AAQR03197088.1	NW_003857036.1
otoGar3:AAQR03197089	AAQR03197089		AAQR03197089.1	AAQR03197089.1	NW_003857037.1
otoGar3:AAQR03197090	AAQR03197090			AAQR03197090.1	NW_003857038.1
otoGar3:AAQR03197091	AAQR03197091		AAQR03197091.1	AAQR03197091.1	NW_003857039.1
otoGar3:AAQR03197092	AAQR03197092		AAQR03197092.1	AAQR03197092.1	NW_003857040.1
otoGar3:AAQR03197093	AAQR03197093		AAQR03197093.1	AAQR03197093.1	NW_003857041.1
otoGar3:AAQR03197094	AAQR03197094		AAQR03197094.1	AAQR03197094.1	NW_003857042.1
otoGar3:AAQR03197095	AAQR03197095		AAQR03197095.1	AAQR03197095.1	NW_003857043.1
otoGar3:AAQR03197096	AAQR03197096		AAQR03197096.1	AAQR03197096.1	NW_003857044.1
otoGar3:AAQR03197097	AAQR03197097			AAQR03197097.1	NW_003857045.1
otoGar3:AAQR03197098	AAQR03197098		AAQR03197098.1	AAQR03197098.1	NW_003857046.1
otoGar3:AAQR03197099	AAQR03197099		AAQR03197099.1	AAQR03197099.1	NW_003857047.1
otoGar3:AAQR03197100	AAQR03197100		AAQR03197100.1	AAQR03197100.1	NW_003857048.1
otoGar3:AAQR03197101	AAQR03197101		AAQR03197101.1	AAQR03197101.1	NW_003857049.1
otoGar3:AAQR03197102	AAQR03197102		AAQR03197102.1	AAQR03197102.1	NW_003857050.1
otoGar3:AAQR03197103	AAQR03197103		AAQR03197103.1	AAQR03197103.1	NW_003857051.1
otoGar3:AAQR03197104	AAQR03197104		AAQR03197104.1	AAQR03197104.1	NW_003857052.1
otoGar3:AAQR03197105	AAQR03197105		AAQR03197105.1	AAQR03197105.1	NW_003857053.1
otoGar3:AAQR03197106	AAQR03197106		AAQR03197106.1	AAQR03197106.1	NW_003857054.1
otoGar3:AAQR03197107	AAQR03197107		AAQR03197107.1	AAQR03197107.1	NW_003857055.1
otoGar3:AAQR03197108	AAQR03197108		AAQR03197108.1	AAQR03197108.1	NW_003857056.1
otoGar3:AAQR03197109	AAQR03197109		AAQR03197109.1	AAQR03197109.1	NW_003857057.1
otoGar3:AAQR03197110	AAQR03197110		AAQR03197110.1	AAQR03197110.1	NW_003857058.1
otoGar3:AAQR03197111	AAQR03197111		AAQR03197111.1	AAQR03197111.1	NW_003857059.1
otoGar3:AAQR03197112	AAQR03197112		AAQR03197112.1	AAQR03197112.1	NW_003857060.1
otoGar3:AAQR03197113	AAQR03197113		AAQR03197113.1	AAQR03197113.1	NW_003857061.1
otoGar3:AAQR03197114	AAQR03197114		AAQR03197114.1	AAQR03197114.1	NW_003857062.1
otoGar3:AAQR03197115	AAQR03197115		AAQR03197115.1	AAQR03197115.1	NW_003857063.1
otoGar3:AAQR03197116	AAQR03197116		AAQR03197116.1	AAQR03197116.1	NW_003857064.1
otoGar3:AAQR03197117	AAQR03197117		AAQR03197117.1	AAQR03197117.1	NW_003857065.1
otoGar3:AAQR03197118	AAQR03197118		AAQR03197118.1	AAQR03197118.1	NW_003857066.1
otoGar3:AAQR03197119	AAQR03197119		AAQR03197119.1	AAQR03197119.1	NW_003857067.1
otoGar3:AAQR03197120	AAQR03197120		AAQR03197120.1	AAQR03197120.1	NW_003857068.1
otoGar3:AAQR03197121	AAQR03197121			AAQR03197121.1	NW_003857069.1
otoGar3:AAQR03197122	AAQR03197122		AAQR03197122.1	AAQR03197122.1	NW_003857070.1
otoGar3:AAQR03197123	AAQR03197123		AAQR03197123.1	AAQR03197123.1	NW_003857071.1
otoGar3:AAQR03197124	AAQR03197124		AAQR03197124.1	AAQR03197124.1	NW_003857072.1
otoGar3:AAQR03197125	AAQR03197125		AAQR03197125.1	AAQR03197125.1	NW_003857073.1
otoGar3:AAQR03197126	AAQR03197126		AAQR03197126.1	AAQR03197126.1	NW_003857074.1
otoGar3:AAQR03197127	AAQR03197127		AAQR03197127.1	AAQR03197127.1	NW_003857075.1
otoGar3:AAQR03197128	AAQR03197128		AAQR03197128.1	AAQR03197128.1	NW_003857076.1
otoGar3:AAQR03197129	AAQR03197129			AAQR03197129.1	NW_003857077.1
otoGar3:AAQR03197130	AAQR03197130		AAQR03197130.1	AAQR03197130.1	NW_003857078.1
otoGar3:AAQR03197131	AAQR03197131		AAQR03197131.1	AAQR03197131.1	NW_003857079.1
otoGar3:AAQR03197132	AAQR03197132		AAQR03197132.1	AAQR03197132.1	NW_003857080.1
otoGar3:AAQR03197133	AAQR03197133		AAQR03197133.1	AAQR03197133.1	NW_003857081.1
otoGar3:AAQR03197134	AAQR03197134		AAQR03197134.1	AAQR03197134.1	NW_003857082.1
otoGar3:AAQR03197135	AAQR03197135		AAQR03197135.1	AAQR03197135.1	NW_003857083.1
otoGar3:AAQR03197136	AAQR03197136		AAQR03197136.1	AAQR03197136.1	NW_003857084.1
otoGar3:AAQR03197137	AAQR03197137		AAQR03197137.1	AAQR03197137.1	NW_003857085.1
otoGar3:AAQR03197138	AAQR03197138		AAQR03197138.1	AAQR03197138.1	NW_003857086.1
otoGar3:AAQR03197139	AAQR03197139		AAQR03197139.1	AAQR03197139.1	NW_003857087.1
otoGar3:AAQR03197140	AAQR03197140		AAQR03197140.1	AAQR03197140.1	NW_003857088.1
otoGar3:AAQR03197141	AAQR03197141		AAQR03197141.1	AAQR03197141.1	NW_003857089.1
otoGar3:AAQR03197142	AAQR03197142		AAQR03197142.1	AAQR03197142.1	NW_003857090.1
otoGar3:AAQR03197143	AAQR03197143		AAQR03197143.1	AAQR03197143.1	NW_003857091.1
otoGar3:AAQR03197144	AAQR03197144		AAQR03197144.1	AAQR03197144.1	NW_003857092.1
otoGar3:AAQR03197145	AAQR03197145		AAQR03197145.1	AAQR03197145.1	NW_003857093.1
otoGar3:AAQR03197146	AAQR03197146		AAQR03197146.1	AAQR03197146.1	NW_003857094.1
otoGar3:AAQR03197147	AAQR03197147			AAQR03197147.1	NW_003857095.1
otoGar3:AAQR03197148	AAQR03197148		AAQR03197148.1	AAQR03197148.1	NW_003857096.1
otoGar3:AAQR03197149	AAQR03197149		AAQR03197149.1	AAQR03197149.1	NW_003857097.1
otoGar3:AAQR03197150	AAQR03197150		AAQR03197150.1	AAQR03197150.1	NW_003857098.1
otoGar3:AAQR03197151	AAQR03197151		AAQR03197151.1	AAQR03197151.1	NW_003857099.1
otoGar3:AAQR03197152	AAQR03197152		AAQR03197152.1	AAQR03197152.1	NW_003857100.1
otoGar3:AAQR03197153	AAQR03197153		AAQR03197153.1	AAQR03197153.1	NW_003857101.1
otoGar3:AAQR03197154	AAQR03197154		AAQR03197154.1	AAQR03197154.1	NW_003857102.1
otoGar3:AAQR03197155	AAQR03197155		AAQR03197155.1	AAQR03197155.1	NW_003857103.1
otoGar3:AAQR03197156	AAQR03197156		AAQR03197156.1	AAQR03197156.1	NW_003857104.1
otoGar3:AAQR03197157	AAQR03197157		AAQR03197157.1	AAQR03197157.1	NW_003857105.1
otoGar3:AAQR03197158	AAQR03197158		AAQR03197158.1	AAQR03197158.1	NW_003857106.1
otoGar3:AAQR03197159	AAQR03197159		AAQR03197159.1	AAQR03197159.1	NW_003857107.1
otoGar3:AAQR03197160	AAQR03197160		AAQR03197160.1	AAQR03197160.1	NW_003857108.1
otoGar3:AAQR03197161	AAQR03197161		AAQR03197161.1	AAQR03197161.1	NW_003857109.1
otoGar3:AAQR03197162	AAQR03197162		AAQR03197162.1	AAQR03197162.1	NW_003857110.1
otoGar3:AAQR03197163	AAQR03197163		AAQR03197163.1	AAQR03197163.1	NW_003857111.1
otoGar3:AAQR03197164	AAQR03197164		AAQR03197164.1	AAQR03197164.1	NW_003857112.1
otoGar3:AAQR03197165	AAQR03197165		AAQR03197165.1	AAQR03197165.1	NW_003857113.1
otoGar3:AAQR03197166	AAQR03197166		AAQR03197166.1	AAQR03197166.1	NW_003857114.1
otoGar3:AAQR03197167	AAQR03197167		AAQR03197167.1	AAQR03197167.1	NW_003857115.1
otoGar3:AAQR03197168	AAQR03197168		AAQR03197168.1	AAQR03197168.1	NW_003857116.1
otoGar3:AAQR03197169	AAQR03197169		AAQR03197169.1	AAQR03197169.1	NW_003857117.1
otoGar3:AAQR03197170	AAQR03197170		AAQR03197170.1	AAQR03197170.1	NW_003857118.1
otoGar3:AAQR03197171	AAQR03197171		AAQR03197171.1	AAQR03197171.1	NW_003857119.1
otoGar3:AAQR03197172	AAQR03197172		AAQR03197172.1	AAQR03197172.1	NW_003857120.1
otoGar3:AAQR03197173	AAQR03197173		AAQR03197173.1	AAQR03197173.1	NW_003857121.1
otoGar3:AAQR03197174	AAQR03197174		AAQR03197174.1	AAQR03197174.1	NW_003857122.1
otoGar3:AAQR03197175	AAQR03197175		AAQR03197175.1	AAQR03197175.1	NW_003857123.1
otoGar3:AAQR03197176	AAQR03197176		AAQR03197176.1	AAQR03197176.1	NW_003857124.1
otoGar3:AAQR03197177	AAQR03197177		AAQR03197177.1	AAQR03197177.1	NW_003857125.1
otoGar3:AAQR03197178	AAQR03197178		AAQR03197178.1	AAQR03197178.1	NW_003857126.1
otoGar3:AAQR03197179	AAQR03197179		AAQR03197179.1	AAQR03197179.1	NW_003857127.1
otoGar3:AAQR03197180	AAQR03197180		AAQR03197180.1	AAQR03197180.1	NW_003857128.1
otoGar3:AAQR03197181	AAQR03197181		AAQR03197181.1	AAQR03197181.1	NW_003857129.1
otoGar3:AAQR03197182	AAQR03197182		AAQR03197182.1	AAQR03197182.1	NW_003857130.1
otoGar3:AAQR03197183	AAQR03197183		AAQR03197183.1	AAQR03197183.1	NW_003857131.1
otoGar3:AAQR03197184	AAQR03197184		AAQR03197184.1	AAQR03197184.1	NW_003857132.1
otoGar3:AAQR03197185	AAQR03197185		AAQR03197185.1	AAQR03197185.1	NW_003857133.1
otoGar3:AAQR03197186	AAQR03197186		AAQR03197186.1	AAQR03197186.1	NW_003857134.1
otoGar3:AAQR03197187	AAQR03197187		AAQR03197187.1	AAQR03197187.1	NW_003857135.1
otoGar3:AAQR03197188	AAQR03197188		AAQR03197188.1	AAQR03197188.1	NW_003857136.1
otoGar3:AAQR03197189	AAQR03197189		AAQR03197189.1	AAQR03197189.1	NW_003857137.1
otoGar3:AAQR03197190	AAQR03197190		AAQR03197190.1	AAQR03197190.1	NW_003857138.1
otoGar3:AAQR03197191	AAQR03197191		AAQR03197191.1	AAQR03197191.1	NW_003857139.1
otoGar3:AAQR03197192	AAQR03197192		AAQR03197192.1	AAQR03197192.1	NW_003857140.1
otoGar3:AAQR03197193	AAQR03197193		AAQR03197193.1	AAQR03197193.1	NW_003857141.1
otoGar3:AAQR03197194	AAQR03197194		AAQR03197194.1	AAQR03197194.1	NW_003857142.1
otoGar3:AAQR03197195	AAQR03197195		AAQR03197195.1	AAQR03197195.1	NW_003857143.1
otoGar3:AAQR03197196	AAQR03197196		AAQR03197196.1	AAQR03197196.1	NW_003857144.1
otoGar3:AAQR03197197	AAQR03197197		AAQR03197197.1	AAQR03197197.1	NW_003857145.1
otoGar3:AAQR03197198	AAQR03197198		AAQR03197198.1	AAQR03197198.1	NW_003857146.1
otoGar3:AAQR03197199	AAQR03197199		AAQR03197199.1	AAQR03197199.1	NW_003857147.1
otoGar3:AAQR03197200	AAQR03197200			AAQR03197200.1	NW_003857148.1
otoGar3:AAQR03197201	AAQR03197201		AAQR03197201.1	AAQR03197201.1	NW_003857149.1
otoGar3:AAQR03197202	AAQR03197202		AAQR03197202.1	AAQR03197202.1	NW_003857150.1
otoGar3:AAQR03197203	AAQR03197203		AAQR03197203.1	AAQR03197203.1	NW_003857151.1
otoGar3:AAQR03197204	AAQR03197204		AAQR03197204.1	AAQR03197204.1	NW_003857152.1
otoGar3:AAQR03197205	AAQR03197205		AAQR03197205.1	AAQR03197205.1	NW_003857153.1
otoGar3:AAQR03197206	AAQR03197206		AAQR03197206.1	AAQR03197206.1	NW_003857154.1
otoGar3:AAQR03197207	AAQR03197207		AAQR03197207.1	AAQR03197207.1	NW_003857155.1
otoGar3:AAQR03197208	AAQR03197208		AAQR03197208.1	AAQR03197208.1	NW_003857156.1
otoGar3:AAQR03197209	AAQR03197209		AAQR03197209.1	AAQR03197209.1	NW_003857157.1
otoGar3:AAQR03197210	AAQR03197210		AAQR03197210.1	AAQR03197210.1	NW_003857158.1
otoGar3:AAQR03197211	AAQR03197211		AAQR03197211.1	AAQR03197211.1	NW_003857159.1
otoGar3:AAQR03197212	AAQR03197212		AAQR03197212.1	AAQR03197212.1	NW_003857160.1
otoGar3:AAQR03197213	AAQR03197213		AAQR03197213.1	AAQR03197213.1	NW_003857161.1
otoGar3:AAQR03197214	AAQR03197214		AAQR03197214.1	AAQR03197214.1	NW_003857162.1
otoGar3:AAQR03197215	AAQR03197215		AAQR03197215.1	AAQR03197215.1	NW_003857163.1
otoGar3:AAQR03197216	AAQR03197216		AAQR03197216.1	AAQR03197216.1	NW_003857164.1
otoGar3:AAQR03197217	AAQR03197217		AAQR03197217.1	AAQR03197217.1	NW_003857165.1
otoGar3:AAQR03197218	AAQR03197218		AAQR03197218.1	AAQR03197218.1	NW_003857166.1
otoGar3:AAQR03197219	AAQR03197219		AAQR03197219.1	AAQR03197219.1	NW_003857167.1
otoGar3:AAQR03197220	AAQR03197220		AAQR03197220.1	AAQR03197220.1	NW_003857168.1
otoGar3:AAQR03197221	AAQR03197221		AAQR03197221.1	AAQR03197221.1	NW_003857169.1
otoGar3:AAQR03197222	AAQR03197222		AAQR03197222.1	AAQR03197222.1	NW_003857170.1
otoGar3:AAQR03197223	AAQR03197223		AAQR03197223.1	AAQR03197223.1	NW_003857171.1
otoGar3:AAQR03197224	AAQR03197224		AAQR03197224.1	AAQR03197224.1	NW_003857172.1
otoGar3:AAQR03197225	AAQR03197225		AAQR03197225.1	AAQR03197225.1	NW_003857173.1
otoGar3:AAQR03197226	AAQR03197226		AAQR03197226.1	AAQR03197226.1	NW_003857174.1
otoGar3:AAQR03197227	AAQR03197227		AAQR03197227.1	AAQR03197227.1	NW_003857175.1
otoGar3:AAQR03197228	AAQR03197228		AAQR03197228.1	AAQR03197228.1	NW_003857176.1
otoGar3:AAQR03197229	AAQR03197229		AAQR03197229.1	AAQR03197229.1	NW_003857177.1
otoGar3:AAQR03197230	AAQR03197230		AAQR03197230.1	AAQR03197230.1	NW_003857178.1
otoGar3:AAQR03197231	AAQR03197231		AAQR03197231.1	AAQR03197231.1	NW_003857179.1
otoGar3:AAQR03197232	AAQR03197232		AAQR03197232.1	AAQR03197232.1	NW_003857180.1
otoGar3:AAQR03197233	AAQR03197233		AAQR03197233.1	AAQR03197233.1	NW_003857181.1
otoGar3:AAQR03197234	AAQR03197234		AAQR03197234.1	AAQR03197234.1	NW_003857182.1
otoGar3:AAQR03197235	AAQR03197235		AAQR03197235.1	AAQR03197235.1	NW_003857183.1
otoGar3:AAQR03197236	AAQR03197236		AAQR03197236.1	AAQR03197236.1	NW_003857184.1
otoGar3:AAQR03197237	AAQR03197237		AAQR03197237.1	AAQR03197237.1	NW_003857185.1
otoGar3:AAQR03197238	AAQR03197238		AAQR03197238.1	AAQR03197238.1	NW_003857186.1
otoGar3:AAQR03197239	AAQR03197239		AAQR03197239.1	AAQR03197239.1	NW_003857187.1
otoGar3:AAQR03197240	AAQR03197240		AAQR03197240.1	AAQR03197240.1	NW_003857188.1
otoGar3:AAQR03197241	AAQR03197241		AAQR03197241.1	AAQR03197241.1	NW_003857189.1
otoGar3:AAQR03197242	AAQR03197242		AAQR03197242.1	AAQR03197242.1	NW_003857190.1
otoGar3:AAQR03197243	AAQR03197243		AAQR03197243.1	AAQR03197243.1	NW_003857191.1
otoGar3:AAQR03197244	AAQR03197244		AAQR03197244.1	AAQR03197244.1	NW_003857192.1
otoGar3:AAQR03197245	AAQR03197245		AAQR03197245.1	AAQR03197245.1	NW_003857193.1
otoGar3:AAQR03197246	AAQR03197246		AAQR03197246.1	AAQR03197246.1	NW_003857194.1
otoGar3:AAQR03197247	AAQR03197247		AAQR03197247.1	AAQR03197247.1	NW_003857195.1
otoGar3:AAQR03197248	AAQR03197248		AAQR03197248.1	AAQR03197248.1	NW_003857196.1
otoGar3:AAQR03197249	AAQR03197249		AAQR03197249.1	AAQR03197249.1	NW_003857197.1
otoGar3:AAQR03197250	AAQR03197250		AAQR03197250.1	AAQR03197250.1	NW_003857198.1
otoGar3:AAQR03197251	AAQR03197251			AAQR03197251.1	NW_003857199.1
otoGar3:AAQR03197252	AAQR03197252		AAQR03197252.1	AAQR03197252.1	NW_003857200.1
otoGar3:AAQR03197253	AAQR03197253		AAQR03197253.1	AAQR03197253.1	NW_003857201.1
otoGar3:AAQR03197254	AAQR03197254		AAQR03197254.1	AAQR03197254.1	NW_003857202.1
otoGar3:AAQR03197255	AAQR03197255		AAQR03197255.1	AAQR03197255.1	NW_003857203.1
otoGar3:AAQR03197256	AAQR03197256		AAQR03197256.1	AAQR03197256.1	NW_003857204.1
otoGar3:AAQR03197257	AAQR03197257		AAQR03197257.1	AAQR03197257.1	NW_003857205.1
otoGar3:AAQR03197258	AAQR03197258		AAQR03197258.1	AAQR03197258.1	NW_003857206.1
otoGar3:AAQR03197259	AAQR03197259		AAQR03197259.1	AAQR03197259.1	NW_003857207.1
otoGar3:AAQR03197260	AAQR03197260		AAQR03197260.1	AAQR03197260.1	NW_003857208.1
otoGar3:AAQR03197261	AAQR03197261		AAQR03197261.1	AAQR03197261.1	NW_003857209.1
otoGar3:AAQR03197262	AAQR03197262		AAQR03197262.1	AAQR03197262.1	NW_003857210.1
otoGar3:AAQR03197263	AAQR03197263		AAQR03197263.1	AAQR03197263.1	NW_003857211.1
otoGar3:AAQR03197264	AAQR03197264		AAQR03197264.1	AAQR03197264.1	NW_003857212.1
otoGar3:AAQR03197265	AAQR03197265		AAQR03197265.1	AAQR03197265.1	NW_003857213.1
otoGar3:AAQR03197266	AAQR03197266		AAQR03197266.1	AAQR03197266.1	NW_003857214.1
otoGar3:AAQR03197267	AAQR03197267		AAQR03197267.1	AAQR03197267.1	NW_003857215.1
otoGar3:AAQR03197268	AAQR03197268		AAQR03197268.1	AAQR03197268.1	NW_003857216.1
otoGar3:AAQR03197269	AAQR03197269		AAQR03197269.1	AAQR03197269.1	NW_003857217.1
otoGar3:AAQR03197270	AAQR03197270		AAQR03197270.1	AAQR03197270.1	NW_003857218.1
otoGar3:AAQR03197271	AAQR03197271		AAQR03197271.1	AAQR03197271.1	NW_003857219.1
otoGar3:AAQR03197272	AAQR03197272		AAQR03197272.1	AAQR03197272.1	NW_003857220.1
otoGar3:AAQR03197273	AAQR03197273		AAQR03197273.1	AAQR03197273.1	NW_003857221.1
otoGar3:AAQR03197274	AAQR03197274		AAQR03197274.1	AAQR03197274.1	NW_003857222.1
otoGar3:AAQR03197275	AAQR03197275		AAQR03197275.1	AAQR03197275.1	NW_003857223.1
otoGar3:AAQR03197276	AAQR03197276		AAQR03197276.1	AAQR03197276.1	NW_003857224.1
otoGar3:AAQR03197277	AAQR03197277		AAQR03197277.1	AAQR03197277.1	NW_003857225.1
otoGar3:AAQR03197278	AAQR03197278		AAQR03197278.1	AAQR03197278.1	NW_003857226.1
otoGar3:AAQR03197279	AAQR03197279		AAQR03197279.1	AAQR03197279.1	NW_003857227.1
otoGar3:AAQR03197280	AAQR03197280		AAQR03197280.1	AAQR03197280.1	NW_003857228.1
otoGar3:AAQR03197281	AAQR03197281		AAQR03197281.1	AAQR03197281.1	NW_003857229.1
otoGar3:AAQR03197282	AAQR03197282		AAQR03197282.1	AAQR03197282.1	NW_003857230.1
otoGar3:AAQR03197283	AAQR03197283		AAQR03197283.1	AAQR03197283.1	NW_003857231.1
otoGar3:AAQR03197284	AAQR03197284		AAQR03197284.1	AAQR03197284.1	NW_003857232.1
otoGar3:AAQR03197285	AAQR03197285		AAQR03197285.1	AAQR03197285.1	NW_003857233.1
otoGar3:AAQR03197286	AAQR03197286		AAQR03197286.1	AAQR03197286.1	NW_003857234.1
otoGar3:AAQR03197287	AAQR03197287		AAQR03197287.1	AAQR03197287.1	NW_003857235.1
otoGar3:AAQR03197288	AAQR03197288		AAQR03197288.1	AAQR03197288.1	NW_003857236.1
otoGar3:AAQR03197289	AAQR03197289		AAQR03197289.1	AAQR03197289.1	NW_003857237.1
otoGar3:AAQR03197290	AAQR03197290		AAQR03197290.1	AAQR03197290.1	NW_003857238.1
otoGar3:AAQR03197291	AAQR03197291		AAQR03197291.1	AAQR03197291.1	NW_003857239.1
otoGar3:AAQR03197292	AAQR03197292		AAQR03197292.1	AAQR03197292.1	NW_003857240.1
otoGar3:AAQR03197293	AAQR03197293		AAQR03197293.1	AAQR03197293.1	NW_003857241.1
otoGar3:AAQR03197294	AAQR03197294		AAQR03197294.1	AAQR03197294.1	NW_003857242.1
otoGar3:AAQR03197295	AAQR03197295		AAQR03197295.1	AAQR03197295.1	NW_003857243.1
otoGar3:AAQR03197296	AAQR03197296		AAQR03197296.1	AAQR03197296.1	NW_003857244.1
otoGar3:AAQR03197297	AAQR03197297		AAQR03197297.1	AAQR03197297.1	NW_003857245.1
otoGar3:AAQR03197298	AAQR03197298		AAQR03197298.1	AAQR03197298.1	NW_003857246.1
otoGar3:AAQR03197299	AAQR03197299		AAQR03197299.1	AAQR03197299.1	NW_003857247.1
otoGar3:AAQR03197300	AAQR03197300		AAQR03197300.1	AAQR03197300.1	NW_003857248.1
otoGar3:AAQR03197301	AAQR03197301		AAQR03197301.1	AAQR03197301.1	NW_003857249.1
otoGar3:AAQR03197302	AAQR03197302		AAQR03197302.1	AAQR03197302.1	NW_003857250.1
otoGar3:AAQR03197303	AAQR03197303		AAQR03197303.1	AAQR03197303.1	NW_003857251.1
otoGar3:AAQR03197304	AAQR03197304		AAQR03197304.1	AAQR03197304.1	NW_003857252.1
otoGar3:AAQR03197305	AAQR03197305		AAQR03197305.1	AAQR03197305.1	NW_003857253.1
otoGar3:AAQR03197306	AAQR03197306		AAQR03197306.1	AAQR03197306.1	NW_003857254.1
otoGar3:AAQR03197307	AAQR03197307		AAQR03197307.1	AAQR03197307.1	NW_003857255.1
otoGar3:AAQR03197308	AAQR03197308		AAQR03197308.1	AAQR03197308.1	NW_003857256.1
otoGar3:AAQR03197309	AAQR03197309		AAQR03197309.1	AAQR03197309.1	NW_003857257.1
otoGar3:AAQR03197310	AAQR03197310		AAQR03197310.1	AAQR03197310.1	NW_003857258.1
otoGar3:AAQR03197311	AAQR03197311		AAQR03197311.1	AAQR03197311.1	NW_003857259.1
otoGar3:AAQR03197312	AAQR03197312		AAQR03197312.1	AAQR03197312.1	NW_003857260.1
otoGar3:AAQR03197313	AAQR03197313		AAQR03197313.1	AAQR03197313.1	NW_003857261.1
otoGar3:AAQR03197314	AAQR03197314		AAQR03197314.1	AAQR03197314.1	NW_003857262.1
otoGar3:AAQR03197315	AAQR03197315		AAQR03197315.1	AAQR03197315.1	NW_003857263.1
otoGar3:AAQR03197316	AAQR03197316		AAQR03197316.1	AAQR03197316.1	NW_003857264.1
otoGar3:AAQR03197317	AAQR03197317		AAQR03197317.1	AAQR03197317.1	NW_003857265.1
otoGar3:AAQR03197318	AAQR03197318		AAQR03197318.1	AAQR03197318.1	NW_003857266.1
otoGar3:AAQR03197319	AAQR03197319		AAQR03197319.1	AAQR03197319.1	NW_003857267.1
otoGar3:AAQR03197320	AAQR03197320		AAQR03197320.1	AAQR03197320.1	NW_003857268.1
otoGar3:AAQR03197321	AAQR03197321		AAQR03197321.1	AAQR03197321.1	NW_003857269.1
otoGar3:AAQR03197322	AAQR03197322		AAQR03197322.1	AAQR03197322.1	NW_003857270.1
otoGar3:AAQR03197323	AAQR03197323		AAQR03197323.1	AAQR03197323.1	NW_003857271.1
otoGar3:AAQR03197324	AAQR03197324		AAQR03197324.1	AAQR03197324.1	NW_003857272.1
otoGar3:AAQR03197325	AAQR03197325		AAQR03197325.1	AAQR03197325.1	NW_003857273.1
otoGar3:AAQR03197326	AAQR03197326		AAQR03197326.1	AAQR03197326.1	NW_003857274.1
otoGar3:AAQR03197327	AAQR03197327		AAQR03197327.1	AAQR03197327.1	NW_003857275.1
otoGar3:AAQR03197328	AAQR03197328		AAQR03197328.1	AAQR03197328.1	NW_003857276.1
otoGar3:AAQR03197329	AAQR03197329		AAQR03197329.1	AAQR03197329.1	NW_003857277.1
otoGar3:AAQR03197330	AAQR03197330		AAQR03197330.1	AAQR03197330.1	NW_003857278.1
otoGar3:AAQR03197331	AAQR03197331		AAQR03197331.1	AAQR03197331.1	NW_003857279.1
otoGar3:AAQR03197332	AAQR03197332		AAQR03197332.1	AAQR03197332.1	NW_003857280.1
otoGar3:AAQR03197333	AAQR03197333		AAQR03197333.1	AAQR03197333.1	NW_003857281.1
otoGar3:AAQR03197334	AAQR03197334			AAQR03197334.1	NW_003857282.1
otoGar3:AAQR03197335	AAQR03197335		AAQR03197335.1	AAQR03197335.1	NW_003857283.1
otoGar3:AAQR03197336	AAQR03197336		AAQR03197336.1	AAQR03197336.1	NW_003857284.1
otoGar3:AAQR03197337	AAQR03197337		AAQR03197337.1	AAQR03197337.1	NW_003857285.1
otoGar3:AAQR03197338	AAQR03197338		AAQR03197338.1	AAQR03197338.1	NW_003857286.1
otoGar3:AAQR03197339	AAQR03197339		AAQR03197339.1	AAQR03197339.1	NW_003857287.1
otoGar3:AAQR03197340	AAQR03197340		AAQR03197340.1	AAQR03197340.1	NW_003857288.1
otoGar3:AAQR03197341	AAQR03197341		AAQR03197341.1	AAQR03197341.1	NW_003857289.1
otoGar3:AAQR03197342	AAQR03197342		AAQR03197342.1	AAQR03197342.1	NW_003857290.1
otoGar3:AAQR03197343	AAQR03197343		AAQR03197343.1	AAQR03197343.1	NW_003857291.1
otoGar3:AAQR03197344	AAQR03197344		AAQR03197344.1	AAQR03197344.1	NW_003857292.1
otoGar3:AAQR03197345	AAQR03197345		AAQR03197345.1	AAQR03197345.1	NW_003857293.1
otoGar3:AAQR03197346	AAQR03197346		AAQR03197346.1	AAQR03197346.1	NW_003857294.1
otoGar3:AAQR03197347	AAQR03197347		AAQR03197347.1	AAQR03197347.1	NW_003857295.1
otoGar3:AAQR03197348	AAQR03197348		AAQR03197348.1	AAQR03197348.1	NW_003857296.1
otoGar3:AAQR03197349	AAQR03197349		AAQR03197349.1	AAQR03197349.1	NW_003857297.1
otoGar3:AAQR03197350	AAQR03197350		AAQR03197350.1	AAQR03197350.1	NW_003857298.1
otoGar3:AAQR03197351	AAQR03197351		AAQR03197351.1	AAQR03197351.1	NW_003857299.1
otoGar3:AAQR03197352	AAQR03197352		AAQR03197352.1	AAQR03197352.1	NW_003857300.1
otoGar3:AAQR03197353	AAQR03197353		AAQR03197353.1	AAQR03197353.1	NW_003857301.1
otoGar3:AAQR03197354	AAQR03197354		AAQR03197354.1	AAQR03197354.1	NW_003857302.1
otoGar3:AAQR03197355	AAQR03197355		AAQR03197355.1	AAQR03197355.1	NW_003857303.1
otoGar3:AAQR03197356	AAQR03197356		AAQR03197356.1	AAQR03197356.1	NW_003857304.1
otoGar3:AAQR03197357	AAQR03197357		AAQR03197357.1	AAQR03197357.1	NW_003857305.1
otoGar3:AAQR03197358	AAQR03197358		AAQR03197358.1	AAQR03197358.1	NW_003857306.1
otoGar3:AAQR03197359	AAQR03197359		AAQR03197359.1	AAQR03197359.1	NW_003857307.1
otoGar3:AAQR03197360	AAQR03197360		AAQR03197360.1	AAQR03197360.1	NW_003857308.1
otoGar3:AAQR03197361	AAQR03197361			AAQR03197361.1	NW_003857309.1
otoGar3:AAQR03197362	AAQR03197362		AAQR03197362.1	AAQR03197362.1	NW_003857310.1
otoGar3:AAQR03197363	AAQR03197363		AAQR03197363.1	AAQR03197363.1	NW_003857311.1
otoGar3:AAQR03197364	AAQR03197364		AAQR03197364.1	AAQR03197364.1	NW_003857312.1
otoGar3:AAQR03197365	AAQR03197365		AAQR03197365.1	AAQR03197365.1	NW_003857313.1
otoGar3:AAQR03197366	AAQR03197366		AAQR03197366.1	AAQR03197366.1	NW_003857314.1
otoGar3:AAQR03197367	AAQR03197367		AAQR03197367.1	AAQR03197367.1	NW_003857315.1
otoGar3:AAQR03197368	AAQR03197368		AAQR03197368.1	AAQR03197368.1	NW_003857316.1
otoGar3:AAQR03197369	AAQR03197369		AAQR03197369.1	AAQR03197369.1	NW_003857317.1
otoGar3:AAQR03197370	AAQR03197370		AAQR03197370.1	AAQR03197370.1	NW_003857318.1
otoGar3:AAQR03197371	AAQR03197371		AAQR03197371.1	AAQR03197371.1	NW_003857319.1
otoGar3:AAQR03197372	AAQR03197372		AAQR03197372.1	AAQR03197372.1	NW_003857320.1
otoGar3:AAQR03197373	AAQR03197373		AAQR03197373.1	AAQR03197373.1	NW_003857321.1
otoGar3:AAQR03197374	AAQR03197374		AAQR03197374.1	AAQR03197374.1	NW_003857322.1
otoGar3:AAQR03197375	AAQR03197375		AAQR03197375.1	AAQR03197375.1	NW_003857323.1
otoGar3:AAQR03197376	AAQR03197376		AAQR03197376.1	AAQR03197376.1	NW_003857324.1
otoGar3:AAQR03197377	AAQR03197377		AAQR03197377.1	AAQR03197377.1	NW_003857325.1
otoGar3:AAQR03197378	AAQR03197378		AAQR03197378.1	AAQR03197378.1	NW_003857326.1
otoGar3:AAQR03197379	AAQR03197379		AAQR03197379.1	AAQR03197379.1	NW_003857327.1
otoGar3:AAQR03197380	AAQR03197380		AAQR03197380.1	AAQR03197380.1	NW_003857328.1
otoGar3:AAQR03197381	AAQR03197381		AAQR03197381.1	AAQR03197381.1	NW_003857329.1
otoGar3:AAQR03197382	AAQR03197382		AAQR03197382.1	AAQR03197382.1	NW_003857330.1
otoGar3:AAQR03197383	AAQR03197383		AAQR03197383.1	AAQR03197383.1	NW_003857331.1
otoGar3:AAQR03197384	AAQR03197384		AAQR03197384.1	AAQR03197384.1	NW_003857332.1
otoGar3:AAQR03197385	AAQR03197385		AAQR03197385.1	AAQR03197385.1	NW_003857333.1
otoGar3:AAQR03197386	AAQR03197386		AAQR03197386.1	AAQR03197386.1	NW_003857334.1
otoGar3:AAQR03197387	AAQR03197387		AAQR03197387.1	AAQR03197387.1	NW_003857335.1
otoGar3:AAQR03197388	AAQR03197388		AAQR03197388.1	AAQR03197388.1	NW_003857336.1
otoGar3:AAQR03197389	AAQR03197389		AAQR03197389.1	AAQR03197389.1	NW_003857337.1
otoGar3:AAQR03197390	AAQR03197390		AAQR03197390.1	AAQR03197390.1	NW_003857338.1
otoGar3:AAQR03197391	AAQR03197391		AAQR03197391.1	AAQR03197391.1	NW_003857339.1
otoGar3:AAQR03197392	AAQR03197392		AAQR03197392.1	AAQR03197392.1	NW_003857340.1
otoGar3:AAQR03197393	AAQR03197393		AAQR03197393.1	AAQR03197393.1	NW_003857341.1
otoGar3:AAQR03197394	AAQR03197394		AAQR03197394.1	AAQR03197394.1	NW_003857342.1
otoGar3:AAQR03197395	AAQR03197395		AAQR03197395.1	AAQR03197395.1	NW_003857343.1
otoGar3:AAQR03197396	AAQR03197396			AAQR03197396.1	NW_003857344.1
otoGar3:AAQR03197397	AAQR03197397		AAQR03197397.1	AAQR03197397.1	NW_003857345.1
otoGar3:AAQR03197398	AAQR03197398		AAQR03197398.1	AAQR03197398.1	NW_003857346.1
otoGar3:AAQR03197399	AAQR03197399		AAQR03197399.1	AAQR03197399.1	NW_003857347.1
otoGar3:AAQR03197400	AAQR03197400		AAQR03197400.1	AAQR03197400.1	NW_003857348.1
otoGar3:AAQR03197401	AAQR03197401		AAQR03197401.1	AAQR03197401.1	NW_003857349.1
otoGar3:AAQR03197402	AAQR03197402		AAQR03197402.1	AAQR03197402.1	NW_003857350.1
otoGar3:AAQR03197403	AAQR03197403		AAQR03197403.1	AAQR03197403.1	NW_003857351.1
otoGar3:AAQR03197404	AAQR03197404		AAQR03197404.1	AAQR03197404.1	NW_003857352.1
otoGar3:AAQR03197405	AAQR03197405		AAQR03197405.1	AAQR03197405.1	NW_003857353.1
otoGar3:AAQR03197406	AAQR03197406		AAQR03197406.1	AAQR03197406.1	NW_003857354.1
otoGar3:AAQR03197407	AAQR03197407		AAQR03197407.1	AAQR03197407.1	NW_003857355.1
otoGar3:AAQR03197408	AAQR03197408		AAQR03197408.1	AAQR03197408.1	NW_003857356.1
otoGar3:AAQR03197409	AAQR03197409		AAQR03197409.1	AAQR03197409.1	NW_003857357.1
otoGar3:AAQR03197410	AAQR03197410		AAQR03197410.1	AAQR03197410.1	NW_003857358.1
otoGar3:AAQR03197411	AAQR03197411		AAQR03197411.1	AAQR03197411.1	NW_003857359.1
otoGar3:AAQR03197412	AAQR03197412		AAQR03197412.1	AAQR03197412.1	NW_003857360.1
otoGar3:AAQR03197413	AAQR03197413		AAQR03197413.1	AAQR03197413.1	NW_003857361.1
otoGar3:AAQR03197414	AAQR03197414		AAQR03197414.1	AAQR03197414.1	NW_003857362.1
otoGar3:AAQR03197415	AAQR03197415		AAQR03197415.1	AAQR03197415.1	NW_003857363.1
otoGar3:AAQR03197416	AAQR03197416		AAQR03197416.1	AAQR03197416.1	NW_003857364.1
otoGar3:AAQR03197417	AAQR03197417		AAQR03197417.1	AAQR03197417.1	NW_003857365.1
otoGar3:AAQR03197418	AAQR03197418		AAQR03197418.1	AAQR03197418.1	NW_003857366.1
otoGar3:AAQR03197419	AAQR03197419		AAQR03197419.1	AAQR03197419.1	NW_003857367.1
otoGar3:AAQR03197420	AAQR03197420		AAQR03197420.1	AAQR03197420.1	NW_003857368.1
otoGar3:AAQR03197421	AAQR03197421		AAQR03197421.1	AAQR03197421.1	NW_003857369.1
otoGar3:AAQR03197422	AAQR03197422		AAQR03197422.1	AAQR03197422.1	NW_003857370.1
otoGar3:AAQR03197423	AAQR03197423		AAQR03197423.1	AAQR03197423.1	NW_003857371.1
otoGar3:AAQR03197424	AAQR03197424		AAQR03197424.1	AAQR03197424.1	NW_003857372.1
otoGar3:AAQR03197425	AAQR03197425		AAQR03197425.1	AAQR03197425.1	NW_003857373.1
otoGar3:AAQR03197426	AAQR03197426		AAQR03197426.1	AAQR03197426.1	NW_003857374.1
otoGar3:AAQR03197427	AAQR03197427		AAQR03197427.1	AAQR03197427.1	NW_003857375.1
otoGar3:AAQR03197428	AAQR03197428		AAQR03197428.1	AAQR03197428.1	NW_003857376.1
otoGar3:AAQR03197429	AAQR03197429		AAQR03197429.1	AAQR03197429.1	NW_003857377.1
otoGar3:AAQR03197430	AAQR03197430		AAQR03197430.1	AAQR03197430.1	NW_003857378.1
otoGar3:AAQR03197431	AAQR03197431		AAQR03197431.1	AAQR03197431.1	NW_003857379.1
otoGar3:AAQR03197432	AAQR03197432		AAQR03197432.1	AAQR03197432.1	NW_003857380.1
otoGar3:AAQR03197433	AAQR03197433		AAQR03197433.1	AAQR03197433.1	NW_003857381.1
otoGar3:AAQR03197434	AAQR03197434		AAQR03197434.1	AAQR03197434.1	NW_003857382.1
otoGar3:AAQR03197435	AAQR03197435		AAQR03197435.1	AAQR03197435.1	NW_003857383.1
otoGar3:AAQR03197436	AAQR03197436		AAQR03197436.1	AAQR03197436.1	NW_003857384.1
otoGar3:AAQR03197437	AAQR03197437		AAQR03197437.1	AAQR03197437.1	NW_003857385.1
otoGar3:AAQR03197438	AAQR03197438		AAQR03197438.1	AAQR03197438.1	NW_003857386.1
otoGar3:AAQR03197439	AAQR03197439		AAQR03197439.1	AAQR03197439.1	NW_003857387.1
otoGar3:AAQR03197440	AAQR03197440		AAQR03197440.1	AAQR03197440.1	NW_003857388.1
otoGar3:AAQR03197441	AAQR03197441		AAQR03197441.1	AAQR03197441.1	NW_003857389.1
otoGar3:AAQR03197442	AAQR03197442		AAQR03197442.1	AAQR03197442.1	NW_003857390.1
otoGar3:AAQR03197443	AAQR03197443		AAQR03197443.1	AAQR03197443.1	NW_003857391.1
otoGar3:AAQR03197444	AAQR03197444		AAQR03197444.1	AAQR03197444.1	NW_003857392.1
otoGar3:AAQR03197445	AAQR03197445		AAQR03197445.1	AAQR03197445.1	NW_003857393.1
otoGar3:AAQR03197446	AAQR03197446		AAQR03197446.1	AAQR03197446.1	NW_003857394.1
otoGar3:AAQR03197447	AAQR03197447		AAQR03197447.1	AAQR03197447.1	NW_003857395.1
otoGar3:AAQR03197448	AAQR03197448		AAQR03197448.1	AAQR03197448.1	NW_003857396.1
otoGar3:AAQR03197449	AAQR03197449			AAQR03197449.1	NW_003857397.1
otoGar3:AAQR03197450	AAQR03197450		AAQR03197450.1	AAQR03197450.1	NW_003857398.1
otoGar3:AAQR03197451	AAQR03197451		AAQR03197451.1	AAQR03197451.1	NW_003857399.1
otoGar3:AAQR03197452	AAQR03197452		AAQR03197452.1	AAQR03197452.1	NW_003857400.1
otoGar3:AAQR03197453	AAQR03197453		AAQR03197453.1	AAQR03197453.1	NW_003857401.1
otoGar3:AAQR03197454	AAQR03197454		AAQR03197454.1	AAQR03197454.1	NW_003857402.1
otoGar3:AAQR03197455	AAQR03197455		AAQR03197455.1	AAQR03197455.1	NW_003857403.1
otoGar3:AAQR03197456	AAQR03197456		AAQR03197456.1	AAQR03197456.1	NW_003857404.1
otoGar3:AAQR03197457	AAQR03197457		AAQR03197457.1	AAQR03197457.1	NW_003857405.1
otoGar3:AAQR03197458	AAQR03197458		AAQR03197458.1	AAQR03197458.1	NW_003857406.1
otoGar3:AAQR03197459	AAQR03197459		AAQR03197459.1	AAQR03197459.1	NW_003857407.1
otoGar3:AAQR03197460	AAQR03197460		AAQR03197460.1	AAQR03197460.1	NW_003857408.1
otoGar3:AAQR03197461	AAQR03197461		AAQR03197461.1	AAQR03197461.1	NW_003857409.1
otoGar3:AAQR03197462	AAQR03197462		AAQR03197462.1	AAQR03197462.1	NW_003857410.1
otoGar3:AAQR03197463	AAQR03197463		AAQR03197463.1	AAQR03197463.1	NW_003857411.1
otoGar3:AAQR03197464	AAQR03197464		AAQR03197464.1	AAQR03197464.1	NW_003857412.1
otoGar3:AAQR03197465	AAQR03197465		AAQR03197465.1	AAQR03197465.1	NW_003857413.1
otoGar3:AAQR03197466	AAQR03197466		AAQR03197466.1	AAQR03197466.1	NW_003857414.1
otoGar3:AAQR03197467	AAQR03197467		AAQR03197467.1	AAQR03197467.1	NW_003857415.1
otoGar3:AAQR03197468	AAQR03197468		AAQR03197468.1	AAQR03197468.1	NW_003857416.1
otoGar3:AAQR03197469	AAQR03197469		AAQR03197469.1	AAQR03197469.1	NW_003857417.1
otoGar3:AAQR03197470	AAQR03197470		AAQR03197470.1	AAQR03197470.1	NW_003857418.1
otoGar3:AAQR03197471	AAQR03197471		AAQR03197471.1	AAQR03197471.1	NW_003857419.1
otoGar3:AAQR03197472	AAQR03197472		AAQR03197472.1	AAQR03197472.1	NW_003857420.1
otoGar3:AAQR03197473	AAQR03197473		AAQR03197473.1	AAQR03197473.1	NW_003857421.1
otoGar3:AAQR03197474	AAQR03197474		AAQR03197474.1	AAQR03197474.1	NW_003857422.1
otoGar3:AAQR03197475	AAQR03197475		AAQR03197475.1	AAQR03197475.1	NW_003857423.1
otoGar3:AAQR03197476	AAQR03197476		AAQR03197476.1	AAQR03197476.1	NW_003857424.1
otoGar3:AAQR03197477	AAQR03197477		AAQR03197477.1	AAQR03197477.1	NW_003857425.1
otoGar3:AAQR03197478	AAQR03197478		AAQR03197478.1	AAQR03197478.1	NW_003857426.1
otoGar3:AAQR03197479	AAQR03197479		AAQR03197479.1	AAQR03197479.1	NW_003857427.1
otoGar3:AAQR03197480	AAQR03197480		AAQR03197480.1	AAQR03197480.1	NW_003857428.1
otoGar3:AAQR03197481	AAQR03197481		AAQR03197481.1	AAQR03197481.1	NW_003857429.1
otoGar3:AAQR03197482	AAQR03197482		AAQR03197482.1	AAQR03197482.1	NW_003857430.1
otoGar3:AAQR03197483	AAQR03197483		AAQR03197483.1	AAQR03197483.1	NW_003857431.1
otoGar3:AAQR03197484	AAQR03197484		AAQR03197484.1	AAQR03197484.1	NW_003857432.1
otoGar3:AAQR03197485	AAQR03197485		AAQR03197485.1	AAQR03197485.1	NW_003857433.1
otoGar3:AAQR03197486	AAQR03197486		AAQR03197486.1	AAQR03197486.1	NW_003857434.1
otoGar3:AAQR03197487	AAQR03197487		AAQR03197487.1	AAQR03197487.1	NW_003857435.1
otoGar3:AAQR03197488	AAQR03197488		AAQR03197488.1	AAQR03197488.1	NW_003857436.1
otoGar3:AAQR03197489	AAQR03197489		AAQR03197489.1	AAQR03197489.1	NW_003857437.1
otoGar3:AAQR03197490	AAQR03197490		AAQR03197490.1	AAQR03197490.1	NW_003857438.1
otoGar3:AAQR03197491	AAQR03197491		AAQR03197491.1	AAQR03197491.1	NW_003857439.1
otoGar3:AAQR03197492	AAQR03197492		AAQR03197492.1	AAQR03197492.1	NW_003857440.1
otoGar3:AAQR03197493	AAQR03197493			AAQR03197493.1	NW_003857441.1
otoGar3:AAQR03197494	AAQR03197494		AAQR03197494.1	AAQR03197494.1	NW_003857442.1
otoGar3:AAQR03197495	AAQR03197495		AAQR03197495.1	AAQR03197495.1	NW_003857443.1
otoGar3:AAQR03197496	AAQR03197496		AAQR03197496.1	AAQR03197496.1	NW_003857444.1
otoGar3:AAQR03197497	AAQR03197497		AAQR03197497.1	AAQR03197497.1	NW_003857445.1
otoGar3:AAQR03197498	AAQR03197498		AAQR03197498.1	AAQR03197498.1	NW_003857446.1
otoGar3:AAQR03197499	AAQR03197499		AAQR03197499.1	AAQR03197499.1	NW_003857447.1
otoGar3:AAQR03197500	AAQR03197500		AAQR03197500.1	AAQR03197500.1	NW_003857448.1
otoGar3:AAQR03197501	AAQR03197501		AAQR03197501.1	AAQR03197501.1	NW_003857449.1
otoGar3:AAQR03197502	AAQR03197502		AAQR03197502.1	AAQR03197502.1	NW_003857450.1
otoGar3:AAQR03197503	AAQR03197503		AAQR03197503.1	AAQR03197503.1	NW_003857451.1
otoGar3:AAQR03197504	AAQR03197504		AAQR03197504.1	AAQR03197504.1	NW_003857452.1
otoGar3:AAQR03197505	AAQR03197505		AAQR03197505.1	AAQR03197505.1	NW_003857453.1
otoGar3:AAQR03197506	AAQR03197506		AAQR03197506.1	AAQR03197506.1	NW_003857454.1
otoGar3:AAQR03197507	AAQR03197507		AAQR03197507.1	AAQR03197507.1	NW_003857455.1
otoGar3:AAQR03197508	AAQR03197508		AAQR03197508.1	AAQR03197508.1	NW_003857456.1
otoGar3:AAQR03197509	AAQR03197509		AAQR03197509.1	AAQR03197509.1	NW_003857457.1
otoGar3:AAQR03197510	AAQR03197510		AAQR03197510.1	AAQR03197510.1	NW_003857458.1
otoGar3:AAQR03197511	AAQR03197511		AAQR03197511.1	AAQR03197511.1	NW_003857459.1
otoGar3:AAQR03197512	AAQR03197512		AAQR03197512.1	AAQR03197512.1	NW_003857460.1
otoGar3:AAQR03197513	AAQR03197513			AAQR03197513.1	NW_003857461.1
otoGar3:AAQR03197514	AAQR03197514		AAQR03197514.1	AAQR03197514.1	NW_003857462.1
otoGar3:AAQR03197515	AAQR03197515		AAQR03197515.1	AAQR03197515.1	NW_003857463.1
otoGar3:AAQR03197516	AAQR03197516		AAQR03197516.1	AAQR03197516.1	NW_003857464.1
otoGar3:AAQR03197517	AAQR03197517			AAQR03197517.1	NW_003857465.1
otoGar3:AAQR03197518	AAQR03197518		AAQR03197518.1	AAQR03197518.1	NW_003857466.1
otoGar3:AAQR03197519	AAQR03197519			AAQR03197519.1	NW_003857467.1
otoGar3:AAQR03197520	AAQR03197520		AAQR03197520.1	AAQR03197520.1	NW_003857468.1
otoGar3:AAQR03197521	AAQR03197521		AAQR03197521.1	AAQR03197521.1	NW_003857469.1
otoGar3:AAQR03197522	AAQR03197522		AAQR03197522.1	AAQR03197522.1	NW_003857470.1
otoGar3:AAQR03197523	AAQR03197523		AAQR03197523.1	AAQR03197523.1	NW_003857471.1
otoGar3:AAQR03197524	AAQR03197524		AAQR03197524.1	AAQR03197524.1	NW_003857472.1
otoGar3:AAQR03197525	AAQR03197525		AAQR03197525.1	AAQR03197525.1	NW_003857473.1
otoGar3:AAQR03197526	AAQR03197526		AAQR03197526.1	AAQR03197526.1	NW_003857474.1
otoGar3:AAQR03197527	AAQR03197527		AAQR03197527.1	AAQR03197527.1	NW_003857475.1
otoGar3:AAQR03197528	AAQR03197528		AAQR03197528.1	AAQR03197528.1	NW_003857476.1
otoGar3:AAQR03197529	AAQR03197529		AAQR03197529.1	AAQR03197529.1	NW_003857477.1
otoGar3:AAQR03197530	AAQR03197530		AAQR03197530.1	AAQR03197530.1	NW_003857478.1
otoGar3:AAQR03197531	AAQR03197531		AAQR03197531.1	AAQR03197531.1	NW_003857479.1
otoGar3:AAQR03197532	AAQR03197532		AAQR03197532.1	AAQR03197532.1	NW_003857480.1
otoGar3:AAQR03197533	AAQR03197533		AAQR03197533.1	AAQR03197533.1	NW_003857481.1
otoGar3:AAQR03197534	AAQR03197534		AAQR03197534.1	AAQR03197534.1	NW_003857482.1
otoGar3:AAQR03197535	AAQR03197535		AAQR03197535.1	AAQR03197535.1	NW_003857483.1
otoGar3:AAQR03197536	AAQR03197536		AAQR03197536.1	AAQR03197536.1	NW_003857484.1
otoGar3:AAQR03197537	AAQR03197537		AAQR03197537.1	AAQR03197537.1	NW_003857485.1
otoGar3:AAQR03197538	AAQR03197538		AAQR03197538.1	AAQR03197538.1	NW_003857486.1
otoGar3:AAQR03197539	AAQR03197539		AAQR03197539.1	AAQR03197539.1	NW_003857487.1
otoGar3:AAQR03197540	AAQR03197540		AAQR03197540.1	AAQR03197540.1	NW_003857488.1
otoGar3:AAQR03197541	AAQR03197541		AAQR03197541.1	AAQR03197541.1	NW_003857489.1
otoGar3:AAQR03197542	AAQR03197542		AAQR03197542.1	AAQR03197542.1	NW_003857490.1
otoGar3:AAQR03197543	AAQR03197543		AAQR03197543.1	AAQR03197543.1	NW_003857491.1
otoGar3:AAQR03197544	AAQR03197544		AAQR03197544.1	AAQR03197544.1	NW_003857492.1
otoGar3:AAQR03197545	AAQR03197545		AAQR03197545.1	AAQR03197545.1	NW_003857493.1
otoGar3:AAQR03197546	AAQR03197546		AAQR03197546.1	AAQR03197546.1	NW_003857494.1
otoGar3:AAQR03197547	AAQR03197547		AAQR03197547.1	AAQR03197547.1	NW_003857495.1
otoGar3:AAQR03197548	AAQR03197548		AAQR03197548.1	AAQR03197548.1	NW_003857496.1
otoGar3:AAQR03197549	AAQR03197549		AAQR03197549.1	AAQR03197549.1	NW_003857497.1
otoGar3:AAQR03197550	AAQR03197550		AAQR03197550.1	AAQR03197550.1	NW_003857498.1
otoGar3:AAQR03197551	AAQR03197551		AAQR03197551.1	AAQR03197551.1	NW_003857499.1
otoGar3:AAQR03197552	AAQR03197552		AAQR03197552.1	AAQR03197552.1	NW_003857500.1
otoGar3:AAQR03197553	AAQR03197553		AAQR03197553.1	AAQR03197553.1	NW_003857501.1
otoGar3:AAQR03197554	AAQR03197554		AAQR03197554.1	AAQR03197554.1	NW_003857502.1
otoGar3:AAQR03197555	AAQR03197555		AAQR03197555.1	AAQR03197555.1	NW_003857503.1
otoGar3:AAQR03197556	AAQR03197556		AAQR03197556.1	AAQR03197556.1	NW_003857504.1
otoGar3:AAQR03197557	AAQR03197557		AAQR03197557.1	AAQR03197557.1	NW_003857505.1
otoGar3:AAQR03197558	AAQR03197558		AAQR03197558.1	AAQR03197558.1	NW_003857506.1
otoGar3:AAQR03197559	AAQR03197559		AAQR03197559.1	AAQR03197559.1	NW_003857507.1
otoGar3:AAQR03197560	AAQR03197560		AAQR03197560.1	AAQR03197560.1	NW_003857508.1
otoGar3:AAQR03197561	AAQR03197561		AAQR03197561.1	AAQR03197561.1	NW_003857509.1
otoGar3:AAQR03197562	AAQR03197562		AAQR03197562.1	AAQR03197562.1	NW_003857510.1
otoGar3:AAQR03197563	AAQR03197563		AAQR03197563.1	AAQR03197563.1	NW_003857511.1
otoGar3:AAQR03197564	AAQR03197564		AAQR03197564.1	AAQR03197564.1	NW_003857512.1
otoGar3:AAQR03197565	AAQR03197565		AAQR03197565.1	AAQR03197565.1	NW_003857513.1
otoGar3:AAQR03197566	AAQR03197566		AAQR03197566.1	AAQR03197566.1	NW_003857514.1
otoGar3:AAQR03197567	AAQR03197567		AAQR03197567.1	AAQR03197567.1	NW_003857515.1
otoGar3:AAQR03197568	AAQR03197568		AAQR03197568.1	AAQR03197568.1	NW_003857516.1
otoGar3:AAQR03197569	AAQR03197569		AAQR03197569.1	AAQR03197569.1	NW_003857517.1
otoGar3:AAQR03197570	AAQR03197570		AAQR03197570.1	AAQR03197570.1	NW_003857518.1
otoGar3:AAQR03197571	AAQR03197571		AAQR03197571.1	AAQR03197571.1	NW_003857519.1
otoGar3:AAQR03197572	AAQR03197572		AAQR03197572.1	AAQR03197572.1	NW_003857520.1
otoGar3:AAQR03197573	AAQR03197573		AAQR03197573.1	AAQR03197573.1	NW_003857521.1
otoGar3:AAQR03197574	AAQR03197574		AAQR03197574.1	AAQR03197574.1	NW_003857522.1
otoGar3:AAQR03197575	AAQR03197575		AAQR03197575.1	AAQR03197575.1	NW_003857523.1
otoGar3:AAQR03197576	AAQR03197576		AAQR03197576.1	AAQR03197576.1	NW_003857524.1
otoGar3:AAQR03197577	AAQR03197577		AAQR03197577.1	AAQR03197577.1	NW_003857525.1
otoGar3:AAQR03197578	AAQR03197578		AAQR03197578.1	AAQR03197578.1	NW_003857526.1
otoGar3:AAQR03197579	AAQR03197579		AAQR03197579.1	AAQR03197579.1	NW_003857527.1
otoGar3:AAQR03197580	AAQR03197580		AAQR03197580.1	AAQR03197580.1	NW_003857528.1
otoGar3:AAQR03197581	AAQR03197581		AAQR03197581.1	AAQR03197581.1	NW_003857529.1
otoGar3:AAQR03197582	AAQR03197582		AAQR03197582.1	AAQR03197582.1	NW_003857530.1
otoGar3:AAQR03197583	AAQR03197583		AAQR03197583.1	AAQR03197583.1	NW_003857531.1
otoGar3:AAQR03197584	AAQR03197584		AAQR03197584.1	AAQR03197584.1	NW_003857532.1
otoGar3:AAQR03197585	AAQR03197585		AAQR03197585.1	AAQR03197585.1	NW_003857533.1
otoGar3:AAQR03197586	AAQR03197586		AAQR03197586.1	AAQR03197586.1	NW_003857534.1
otoGar3:AAQR03197587	AAQR03197587		AAQR03197587.1	AAQR03197587.1	NW_003857535.1
otoGar3:AAQR03197588	AAQR03197588		AAQR03197588.1	AAQR03197588.1	NW_003857536.1
otoGar3:AAQR03197589	AAQR03197589		AAQR03197589.1	AAQR03197589.1	NW_003857537.1
otoGar3:AAQR03197590	AAQR03197590		AAQR03197590.1	AAQR03197590.1	NW_003857538.1
otoGar3:AAQR03197591	AAQR03197591		AAQR03197591.1	AAQR03197591.1	NW_003857539.1
otoGar3:AAQR03197592	AAQR03197592		AAQR03197592.1	AAQR03197592.1	NW_003857540.1
otoGar3:AAQR03197593	AAQR03197593		AAQR03197593.1	AAQR03197593.1	NW_003857541.1
otoGar3:AAQR03197594	AAQR03197594		AAQR03197594.1	AAQR03197594.1	NW_003857542.1
otoGar3:AAQR03197595	AAQR03197595		AAQR03197595.1	AAQR03197595.1	NW_003857543.1
otoGar3:AAQR03197596	AAQR03197596		AAQR03197596.1	AAQR03197596.1	NW_003857544.1
otoGar3:AAQR03197597	AAQR03197597		AAQR03197597.1	AAQR03197597.1	NW_003857545.1
otoGar3:AAQR03197598	AAQR03197598		AAQR03197598.1	AAQR03197598.1	NW_003857546.1
otoGar3:AAQR03197599	AAQR03197599		AAQR03197599.1	AAQR03197599.1	NW_003857547.1
otoGar3:AAQR03197600	AAQR03197600		AAQR03197600.1	AAQR03197600.1	NW_003857548.1
otoGar3:AAQR03197601	AAQR03197601		AAQR03197601.1	AAQR03197601.1	NW_003857549.1
otoGar3:AAQR03197602	AAQR03197602		AAQR03197602.1	AAQR03197602.1	NW_003857550.1
otoGar3:AAQR03197603	AAQR03197603		AAQR03197603.1	AAQR03197603.1	NW_003857551.1
otoGar3:AAQR03197604	AAQR03197604		AAQR03197604.1	AAQR03197604.1	NW_003857552.1
otoGar3:AAQR03197605	AAQR03197605		AAQR03197605.1	AAQR03197605.1	NW_003857553.1
otoGar3:AAQR03197606	AAQR03197606		AAQR03197606.1	AAQR03197606.1	NW_003857554.1
otoGar3:AAQR03197607	AAQR03197607		AAQR03197607.1	AAQR03197607.1	NW_003857555.1
otoGar3:AAQR03197608	AAQR03197608		AAQR03197608.1	AAQR03197608.1	NW_003857556.1
otoGar3:AAQR03197609	AAQR03197609		AAQR03197609.1	AAQR03197609.1	NW_003857557.1
otoGar3:AAQR03197610	AAQR03197610		AAQR03197610.1	AAQR03197610.1	NW_003857558.1
otoGar3:AAQR03197611	AAQR03197611		AAQR03197611.1	AAQR03197611.1	NW_003857559.1
otoGar3:AAQR03197612	AAQR03197612		AAQR03197612.1	AAQR03197612.1	NW_003857560.1
otoGar3:AAQR03197613	AAQR03197613		AAQR03197613.1	AAQR03197613.1	NW_003857561.1
otoGar3:AAQR03197614	AAQR03197614		AAQR03197614.1	AAQR03197614.1	NW_003857562.1
otoGar3:AAQR03197615	AAQR03197615		AAQR03197615.1	AAQR03197615.1	NW_003857563.1
otoGar3:AAQR03197616	AAQR03197616		AAQR03197616.1	AAQR03197616.1	NW_003857564.1
otoGar3:AAQR03197617	AAQR03197617		AAQR03197617.1	AAQR03197617.1	NW_003857565.1
otoGar3:AAQR03197618	AAQR03197618		AAQR03197618.1	AAQR03197618.1	NW_003857566.1
otoGar3:AAQR03197619	AAQR03197619		AAQR03197619.1	AAQR03197619.1	NW_003857567.1
otoGar3:AAQR03197620	AAQR03197620		AAQR03197620.1	AAQR03197620.1	NW_003857568.1
otoGar3:AAQR03197621	AAQR03197621		AAQR03197621.1	AAQR03197621.1	NW_003857569.1
otoGar3:AAQR03197622	AAQR03197622			AAQR03197622.1	NW_003857570.1
otoGar3:AAQR03197623	AAQR03197623		AAQR03197623.1	AAQR03197623.1	NW_003857571.1
otoGar3:AAQR03197624	AAQR03197624		AAQR03197624.1	AAQR03197624.1	NW_003857572.1
otoGar3:AAQR03197625	AAQR03197625		AAQR03197625.1	AAQR03197625.1	NW_003857573.1
otoGar3:AAQR03197626	AAQR03197626		AAQR03197626.1	AAQR03197626.1	NW_003857574.1
otoGar3:AAQR03197627	AAQR03197627		AAQR03197627.1	AAQR03197627.1	NW_003857575.1
otoGar3:AAQR03197628	AAQR03197628		AAQR03197628.1	AAQR03197628.1	NW_003857576.1
otoGar3:AAQR03197629	AAQR03197629		AAQR03197629.1	AAQR03197629.1	NW_003857577.1
otoGar3:AAQR03197630	AAQR03197630		AAQR03197630.1	AAQR03197630.1	NW_003857578.1
otoGar3:AAQR03197631	AAQR03197631		AAQR03197631.1	AAQR03197631.1	NW_003857579.1
otoGar3:AAQR03197632	AAQR03197632		AAQR03197632.1	AAQR03197632.1	NW_003857580.1
otoGar3:AAQR03197633	AAQR03197633		AAQR03197633.1	AAQR03197633.1	NW_003857581.1
otoGar3:AAQR03197634	AAQR03197634		AAQR03197634.1	AAQR03197634.1	NW_003857582.1
otoGar3:AAQR03197635	AAQR03197635		AAQR03197635.1	AAQR03197635.1	NW_003857583.1
otoGar3:AAQR03197636	AAQR03197636		AAQR03197636.1	AAQR03197636.1	NW_003857584.1
otoGar3:AAQR03197637	AAQR03197637		AAQR03197637.1	AAQR03197637.1	NW_003857585.1
otoGar3:AAQR03197638	AAQR03197638		AAQR03197638.1	AAQR03197638.1	NW_003857586.1
otoGar3:AAQR03197639	AAQR03197639		AAQR03197639.1	AAQR03197639.1	NW_003857587.1
otoGar3:AAQR03197640	AAQR03197640		AAQR03197640.1	AAQR03197640.1	NW_003857588.1
otoGar3:AAQR03197641	AAQR03197641		AAQR03197641.1	AAQR03197641.1	NW_003857589.1
otoGar3:AAQR03197642	AAQR03197642		AAQR03197642.1	AAQR03197642.1	NW_003857590.1
otoGar3:AAQR03197643	AAQR03197643		AAQR03197643.1	AAQR03197643.1	NW_003857591.1
otoGar3:AAQR03197644	AAQR03197644		AAQR03197644.1	AAQR03197644.1	NW_003857592.1
otoGar3:AAQR03197645	AAQR03197645		AAQR03197645.1	AAQR03197645.1	NW_003857593.1
otoGar3:AAQR03197646	AAQR03197646		AAQR03197646.1	AAQR03197646.1	NW_003857594.1
otoGar3:AAQR03197647	AAQR03197647		AAQR03197647.1	AAQR03197647.1	NW_003857595.1
otoGar3:AAQR03197648	AAQR03197648		AAQR03197648.1	AAQR03197648.1	NW_003857596.1
otoGar3:AAQR03197649	AAQR03197649		AAQR03197649.1	AAQR03197649.1	NW_003857597.1
otoGar3:AAQR03197650	AAQR03197650		AAQR03197650.1	AAQR03197650.1	NW_003857598.1
otoGar3:AAQR03197651	AAQR03197651		AAQR03197651.1	AAQR03197651.1	NW_003857599.1
otoGar3:AAQR03197652	AAQR03197652		AAQR03197652.1	AAQR03197652.1	NW_003857600.1
otoGar3:AAQR03197653	AAQR03197653		AAQR03197653.1	AAQR03197653.1	NW_003857601.1
otoGar3:AAQR03197654	AAQR03197654		AAQR03197654.1	AAQR03197654.1	NW_003857602.1
otoGar3:AAQR03197655	AAQR03197655		AAQR03197655.1	AAQR03197655.1	NW_003857603.1
otoGar3:AAQR03197656	AAQR03197656		AAQR03197656.1	AAQR03197656.1	NW_003857604.1
otoGar3:AAQR03197657	AAQR03197657		AAQR03197657.1	AAQR03197657.1	NW_003857605.1
otoGar3:AAQR03197658	AAQR03197658		AAQR03197658.1	AAQR03197658.1	NW_003857606.1
otoGar3:AAQR03197659	AAQR03197659		AAQR03197659.1	AAQR03197659.1	NW_003857607.1
otoGar3:AAQR03197660	AAQR03197660		AAQR03197660.1	AAQR03197660.1	NW_003857608.1
otoGar3:AAQR03197661	AAQR03197661		AAQR03197661.1	AAQR03197661.1	NW_003857609.1
otoGar3:AAQR03197662	AAQR03197662		AAQR03197662.1	AAQR03197662.1	NW_003857610.1
otoGar3:AAQR03197663	AAQR03197663		AAQR03197663.1	AAQR03197663.1	NW_003857611.1
otoGar3:AAQR03197664	AAQR03197664		AAQR03197664.1	AAQR03197664.1	NW_003857612.1
otoGar3:AAQR03197665	AAQR03197665		AAQR03197665.1	AAQR03197665.1	NW_003857613.1
otoGar3:AAQR03197666	AAQR03197666		AAQR03197666.1	AAQR03197666.1	NW_003857614.1
otoGar3:AAQR03197667	AAQR03197667		AAQR03197667.1	AAQR03197667.1	NW_003857615.1
otoGar3:AAQR03197668	AAQR03197668		AAQR03197668.1	AAQR03197668.1	NW_003857616.1
otoGar3:AAQR03197669	AAQR03197669		AAQR03197669.1	AAQR03197669.1	NW_003857617.1
otoGar3:AAQR03197670	AAQR03197670		AAQR03197670.1	AAQR03197670.1	NW_003857618.1
otoGar3:AAQR03197671	AAQR03197671		AAQR03197671.1	AAQR03197671.1	NW_003857619.1
otoGar3:AAQR03197672	AAQR03197672		AAQR03197672.1	AAQR03197672.1	NW_003857620.1
otoGar3:AAQR03197673	AAQR03197673		AAQR03197673.1	AAQR03197673.1	NW_003857621.1
otoGar3:AAQR03197674	AAQR03197674		AAQR03197674.1	AAQR03197674.1	NW_003857622.1
otoGar3:AAQR03197675	AAQR03197675		AAQR03197675.1	AAQR03197675.1	NW_003857623.1
otoGar3:AAQR03197676	AAQR03197676		AAQR03197676.1	AAQR03197676.1	NW_003857624.1
otoGar3:AAQR03197677	AAQR03197677		AAQR03197677.1	AAQR03197677.1	NW_003857625.1
otoGar3:AAQR03197678	AAQR03197678		AAQR03197678.1	AAQR03197678.1	NW_003857626.1
otoGar3:AAQR03197679	AAQR03197679		AAQR03197679.1	AAQR03197679.1	NW_003857627.1
otoGar3:AAQR03197680	AAQR03197680		AAQR03197680.1	AAQR03197680.1	NW_003857628.1
otoGar3:AAQR03197681	AAQR03197681		AAQR03197681.1	AAQR03197681.1	NW_003857629.1
otoGar3:AAQR03197682	AAQR03197682		AAQR03197682.1	AAQR03197682.1	NW_003857630.1
otoGar3:AAQR03197683	AAQR03197683		AAQR03197683.1	AAQR03197683.1	NW_003857631.1
otoGar3:AAQR03197684	AAQR03197684		AAQR03197684.1	AAQR03197684.1	NW_003857632.1
otoGar3:AAQR03197685	AAQR03197685		AAQR03197685.1	AAQR03197685.1	NW_003857633.1
otoGar3:AAQR03197686	AAQR03197686		AAQR03197686.1	AAQR03197686.1	NW_003857634.1
otoGar3:AAQR03197687	AAQR03197687		AAQR03197687.1	AAQR03197687.1	NW_003857635.1
otoGar3:AAQR03197688	AAQR03197688		AAQR03197688.1	AAQR03197688.1	NW_003857636.1
otoGar3:AAQR03197689	AAQR03197689		AAQR03197689.1	AAQR03197689.1	NW_003857637.1
otoGar3:AAQR03197690	AAQR03197690		AAQR03197690.1	AAQR03197690.1	NW_003857638.1
otoGar3:AAQR03197691	AAQR03197691		AAQR03197691.1	AAQR03197691.1	NW_003857639.1
otoGar3:AAQR03197692	AAQR03197692		AAQR03197692.1	AAQR03197692.1	NW_003857640.1
otoGar3:AAQR03197693	AAQR03197693		AAQR03197693.1	AAQR03197693.1	NW_003857641.1
otoGar3:AAQR03197694	AAQR03197694		AAQR03197694.1	AAQR03197694.1	NW_003857642.1
otoGar3:AAQR03197695	AAQR03197695		AAQR03197695.1	AAQR03197695.1	NW_003857643.1
otoGar3:AAQR03197696	AAQR03197696		AAQR03197696.1	AAQR03197696.1	NW_003857644.1
otoGar3:AAQR03197697	AAQR03197697		AAQR03197697.1	AAQR03197697.1	NW_003857645.1
otoGar3:AAQR03197698	AAQR03197698		AAQR03197698.1	AAQR03197698.1	NW_003857646.1
otoGar3:AAQR03197699	AAQR03197699		AAQR03197699.1	AAQR03197699.1	NW_003857647.1
otoGar3:AAQR03197700	AAQR03197700		AAQR03197700.1	AAQR03197700.1	NW_003857648.1
otoGar3:AAQR03197701	AAQR03197701		AAQR03197701.1	AAQR03197701.1	NW_003857649.1
otoGar3:AAQR03197702	AAQR03197702		AAQR03197702.1	AAQR03197702.1	NW_003857650.1
otoGar3:AAQR03197703	AAQR03197703		AAQR03197703.1	AAQR03197703.1	NW_003857651.1
otoGar3:AAQR03197704	AAQR03197704		AAQR03197704.1	AAQR03197704.1	NW_003857652.1
otoGar3:AAQR03197705	AAQR03197705		AAQR03197705.1	AAQR03197705.1	NW_003857653.1
otoGar3:AAQR03197706	AAQR03197706		AAQR03197706.1	AAQR03197706.1	NW_003857654.1
otoGar3:AAQR03197707	AAQR03197707		AAQR03197707.1	AAQR03197707.1	NW_003857655.1
otoGar3:AAQR03197708	AAQR03197708		AAQR03197708.1	AAQR03197708.1	NW_003857656.1
otoGar3:AAQR03197709	AAQR03197709		AAQR03197709.1	AAQR03197709.1	NW_003857657.1
otoGar3:AAQR03197710	AAQR03197710		AAQR03197710.1	AAQR03197710.1	NW_003857658.1
otoGar3:AAQR03197711	AAQR03197711		AAQR03197711.1	AAQR03197711.1	NW_003857659.1
otoGar3:AAQR03197712	AAQR03197712		AAQR03197712.1	AAQR03197712.1	NW_003857660.1
otoGar3:AAQR03197713	AAQR03197713		AAQR03197713.1	AAQR03197713.1	NW_003857661.1
otoGar3:AAQR03197714	AAQR03197714		AAQR03197714.1	AAQR03197714.1	NW_003857662.1
otoGar3:AAQR03197715	AAQR03197715		AAQR03197715.1	AAQR03197715.1	NW_003857663.1
otoGar3:AAQR03197716	AAQR03197716		AAQR03197716.1	AAQR03197716.1	NW_003857664.1
otoGar3:AAQR03197717	AAQR03197717		AAQR03197717.1	AAQR03197717.1	NW_003857665.1
otoGar3:AAQR03197718	AAQR03197718		AAQR03197718.1	AAQR03197718.1	NW_003857666.1
otoGar3:AAQR03197719	AAQR03197719			AAQR03197719.1	NW_003857667.1
otoGar3:AAQR03197720	AAQR03197720		AAQR03197720.1	AAQR03197720.1	NW_003857668.1
otoGar3:AAQR03197721	AAQR03197721		AAQR03197721.1	AAQR03197721.1	NW_003857669.1
otoGar3:AAQR03197722	AAQR03197722		AAQR03197722.1	AAQR03197722.1	NW_003857670.1
otoGar3:AAQR03197723	AAQR03197723		AAQR03197723.1	AAQR03197723.1	NW_003857671.1
otoGar3:AAQR03197724	AAQR03197724		AAQR03197724.1	AAQR03197724.1	NW_003857672.1
otoGar3:AAQR03197725	AAQR03197725		AAQR03197725.1	AAQR03197725.1	NW_003857673.1
otoGar3:AAQR03197726	AAQR03197726		AAQR03197726.1	AAQR03197726.1	NW_003857674.1
otoGar3:AAQR03197727	AAQR03197727		AAQR03197727.1	AAQR03197727.1	NW_003857675.1
otoGar3:AAQR03197728	AAQR03197728		AAQR03197728.1	AAQR03197728.1	NW_003857676.1
otoGar3:AAQR03197729	AAQR03197729		AAQR03197729.1	AAQR03197729.1	NW_003857677.1
otoGar3:AAQR03197730	AAQR03197730		AAQR03197730.1	AAQR03197730.1	NW_003857678.1
otoGar3:AAQR03197731	AAQR03197731		AAQR03197731.1	AAQR03197731.1	NW_003857679.1
otoGar3:AAQR03197732	AAQR03197732		AAQR03197732.1	AAQR03197732.1	NW_003857680.1
otoGar3:AAQR03197733	AAQR03197733		AAQR03197733.1	AAQR03197733.1	NW_003857681.1
otoGar3:AAQR03197734	AAQR03197734		AAQR03197734.1	AAQR03197734.1	NW_003857682.1
otoGar3:AAQR03197735	AAQR03197735		AAQR03197735.1	AAQR03197735.1	NW_003857683.1
otoGar3:AAQR03197736	AAQR03197736		AAQR03197736.1	AAQR03197736.1	NW_003857684.1
otoGar3:AAQR03197737	AAQR03197737		AAQR03197737.1	AAQR03197737.1	NW_003857685.1
otoGar3:AAQR03197738	AAQR03197738		AAQR03197738.1	AAQR03197738.1	NW_003857686.1
otoGar3:AAQR03197739	AAQR03197739		AAQR03197739.1	AAQR03197739.1	NW_003857687.1
otoGar3:AAQR03197740	AAQR03197740		AAQR03197740.1	AAQR03197740.1	NW_003857688.1
otoGar3:AAQR03197741	AAQR03197741		AAQR03197741.1	AAQR03197741.1	NW_003857689.1
otoGar3:AAQR03197742	AAQR03197742		AAQR03197742.1	AAQR03197742.1	NW_003857690.1
otoGar3:AAQR03197743	AAQR03197743		AAQR03197743.1	AAQR03197743.1	NW_003857691.1
otoGar3:AAQR03197744	AAQR03197744		AAQR03197744.1	AAQR03197744.1	NW_003857692.1
otoGar3:AAQR03197745	AAQR03197745		AAQR03197745.1	AAQR03197745.1	NW_003857693.1
otoGar3:AAQR03197746	AAQR03197746		AAQR03197746.1	AAQR03197746.1	NW_003857694.1
otoGar3:AAQR03197747	AAQR03197747		AAQR03197747.1	AAQR03197747.1	NW_003857695.1
otoGar3:AAQR03197748	AAQR03197748		AAQR03197748.1	AAQR03197748.1	NW_003857696.1
otoGar3:AAQR03197749	AAQR03197749		AAQR03197749.1	AAQR03197749.1	NW_003857697.1
otoGar3:AAQR03197750	AAQR03197750		AAQR03197750.1	AAQR03197750.1	NW_003857698.1
otoGar3:AAQR03197751	AAQR03197751		AAQR03197751.1	AAQR03197751.1	NW_003857699.1
otoGar3:AAQR03197752	AAQR03197752		AAQR03197752.1	AAQR03197752.1	NW_003857700.1
otoGar3:AAQR03197753	AAQR03197753		AAQR03197753.1	AAQR03197753.1	NW_003857701.1
otoGar3:AAQR03197754	AAQR03197754		AAQR03197754.1	AAQR03197754.1	NW_003857702.1
otoGar3:AAQR03197755	AAQR03197755		AAQR03197755.1	AAQR03197755.1	NW_003857703.1
otoGar3:AAQR03197756	AAQR03197756		AAQR03197756.1	AAQR03197756.1	NW_003857704.1
otoGar3:AAQR03197757	AAQR03197757		AAQR03197757.1	AAQR03197757.1	NW_003857705.1
otoGar3:AAQR03197758	AAQR03197758		AAQR03197758.1	AAQR03197758.1	NW_003857706.1
otoGar3:AAQR03197759	AAQR03197759		AAQR03197759.1	AAQR03197759.1	NW_003857707.1
otoGar3:AAQR03197760	AAQR03197760		AAQR03197760.1	AAQR03197760.1	NW_003857708.1
otoGar3:AAQR03197761	AAQR03197761		AAQR03197761.1	AAQR03197761.1	NW_003857709.1
otoGar3:AAQR03197762	AAQR03197762		AAQR03197762.1	AAQR03197762.1	NW_003857710.1
otoGar3:AAQR03197763	AAQR03197763		AAQR03197763.1	AAQR03197763.1	NW_003857711.1
otoGar3:AAQR03197764	AAQR03197764		AAQR03197764.1	AAQR03197764.1	NW_003857712.1
otoGar3:AAQR03197765	AAQR03197765		AAQR03197765.1	AAQR03197765.1	NW_003857713.1
otoGar3:AAQR03197766	AAQR03197766		AAQR03197766.1	AAQR03197766.1	NW_003857714.1
otoGar3:AAQR03197767	AAQR03197767		AAQR03197767.1	AAQR03197767.1	NW_003857715.1
otoGar3:AAQR03197768	AAQR03197768		AAQR03197768.1	AAQR03197768.1	NW_003857716.1
otoGar3:AAQR03197769	AAQR03197769		AAQR03197769.1	AAQR03197769.1	NW_003857717.1
otoGar3:AAQR03197770	AAQR03197770		AAQR03197770.1	AAQR03197770.1	NW_003857718.1
otoGar3:AAQR03197771	AAQR03197771		AAQR03197771.1	AAQR03197771.1	NW_003857719.1
otoGar3:AAQR03197772	AAQR03197772		AAQR03197772.1	AAQR03197772.1	NW_003857720.1
otoGar3:AAQR03197773	AAQR03197773		AAQR03197773.1	AAQR03197773.1	NW_003857721.1
otoGar3:AAQR03197774	AAQR03197774		AAQR03197774.1	AAQR03197774.1	NW_003857722.1
otoGar3:AAQR03197775	AAQR03197775		AAQR03197775.1	AAQR03197775.1	NW_003857723.1
otoGar3:AAQR03197776	AAQR03197776		AAQR03197776.1	AAQR03197776.1	NW_003857724.1
otoGar3:AAQR03197777	AAQR03197777		AAQR03197777.1	AAQR03197777.1	NW_003857725.1
otoGar3:AAQR03197778	AAQR03197778		AAQR03197778.1	AAQR03197778.1	NW_003857726.1
otoGar3:AAQR03197779	AAQR03197779		AAQR03197779.1	AAQR03197779.1	NW_003857727.1
otoGar3:AAQR03197780	AAQR03197780		AAQR03197780.1	AAQR03197780.1	NW_003857728.1
otoGar3:AAQR03197781	AAQR03197781		AAQR03197781.1	AAQR03197781.1	NW_003857729.1
otoGar3:AAQR03197782	AAQR03197782		AAQR03197782.1	AAQR03197782.1	NW_003857730.1
otoGar3:AAQR03197783	AAQR03197783		AAQR03197783.1	AAQR03197783.1	NW_003857731.1
otoGar3:AAQR03197784	AAQR03197784		AAQR03197784.1	AAQR03197784.1	NW_003857732.1
otoGar3:AAQR03197785	AAQR03197785		AAQR03197785.1	AAQR03197785.1	NW_003857733.1
otoGar3:AAQR03197786	AAQR03197786		AAQR03197786.1	AAQR03197786.1	NW_003857734.1
otoGar3:AAQR03197787	AAQR03197787		AAQR03197787.1	AAQR03197787.1	NW_003857735.1
otoGar3:AAQR03197788	AAQR03197788		AAQR03197788.1	AAQR03197788.1	NW_003857736.1
otoGar3:AAQR03197789	AAQR03197789		AAQR03197789.1	AAQR03197789.1	NW_003857737.1
otoGar3:AAQR03197790	AAQR03197790		AAQR03197790.1	AAQR03197790.1	NW_003857738.1
otoGar3:AAQR03197791	AAQR03197791		AAQR03197791.1	AAQR03197791.1	NW_003857739.1
otoGar3:AAQR03197792	AAQR03197792		AAQR03197792.1	AAQR03197792.1	NW_003857740.1
otoGar3:AAQR03197793	AAQR03197793		AAQR03197793.1	AAQR03197793.1	NW_003857741.1
otoGar3:AAQR03197794	AAQR03197794		AAQR03197794.1	AAQR03197794.1	NW_003857742.1
otoGar3:AAQR03197795	AAQR03197795		AAQR03197795.1	AAQR03197795.1	NW_003857743.1
otoGar3:AAQR03197796	AAQR03197796		AAQR03197796.1	AAQR03197796.1	NW_003857744.1
otoGar3:AAQR03197797	AAQR03197797		AAQR03197797.1	AAQR03197797.1	NW_003857745.1
otoGar3:AAQR03197798	AAQR03197798			AAQR03197798.1	NW_003857746.1
otoGar3:AAQR03197799	AAQR03197799		AAQR03197799.1	AAQR03197799.1	NW_003857747.1
otoGar3:AAQR03197800	AAQR03197800		AAQR03197800.1	AAQR03197800.1	NW_003857748.1
otoGar3:AAQR03197801	AAQR03197801		AAQR03197801.1	AAQR03197801.1	NW_003857749.1
otoGar3:AAQR03197802	AAQR03197802		AAQR03197802.1	AAQR03197802.1	NW_003857750.1
otoGar3:AAQR03197803	AAQR03197803		AAQR03197803.1	AAQR03197803.1	NW_003857751.1
otoGar3:AAQR03197804	AAQR03197804		AAQR03197804.1	AAQR03197804.1	NW_003857752.1
otoGar3:AAQR03197805	AAQR03197805		AAQR03197805.1	AAQR03197805.1	NW_003857753.1
otoGar3:AAQR03197806	AAQR03197806		AAQR03197806.1	AAQR03197806.1	NW_003857754.1
otoGar3:AAQR03197807	AAQR03197807		AAQR03197807.1	AAQR03197807.1	NW_003857755.1
otoGar3:AAQR03197808	AAQR03197808		AAQR03197808.1	AAQR03197808.1	NW_003857756.1
otoGar3:AAQR03197809	AAQR03197809		AAQR03197809.1	AAQR03197809.1	NW_003857757.1
otoGar3:AAQR03197810	AAQR03197810		AAQR03197810.1	AAQR03197810.1	NW_003857758.1
otoGar3:AAQR03197811	AAQR03197811		AAQR03197811.1	AAQR03197811.1	NW_003857759.1
otoGar3:AAQR03197812	AAQR03197812		AAQR03197812.1	AAQR03197812.1	NW_003857760.1
otoGar3:AAQR03197813	AAQR03197813		AAQR03197813.1	AAQR03197813.1	NW_003857761.1
otoGar3:AAQR03197814	AAQR03197814		AAQR03197814.1	AAQR03197814.1	NW_003857762.1
otoGar3:AAQR03197815	AAQR03197815		AAQR03197815.1	AAQR03197815.1	NW_003857763.1
otoGar3:AAQR03197816	AAQR03197816		AAQR03197816.1	AAQR03197816.1	NW_003857764.1
otoGar3:AAQR03197817	AAQR03197817		AAQR03197817.1	AAQR03197817.1	NW_003857765.1
otoGar3:AAQR03197818	AAQR03197818		AAQR03197818.1	AAQR03197818.1	NW_003857766.1
otoGar3:AAQR03197819	AAQR03197819			AAQR03197819.1	NW_003857767.1
otoGar3:AAQR03197820	AAQR03197820		AAQR03197820.1	AAQR03197820.1	NW_003857768.1
otoGar3:AAQR03197821	AAQR03197821		AAQR03197821.1	AAQR03197821.1	NW_003857769.1
otoGar3:AAQR03197822	AAQR03197822		AAQR03197822.1	AAQR03197822.1	NW_003857770.1
otoGar3:AAQR03197823	AAQR03197823		AAQR03197823.1	AAQR03197823.1	NW_003857771.1
otoGar3:AAQR03197824	AAQR03197824		AAQR03197824.1	AAQR03197824.1	NW_003857772.1
otoGar3:AAQR03197825	AAQR03197825		AAQR03197825.1	AAQR03197825.1	NW_003857773.1
otoGar3:AAQR03197826	AAQR03197826		AAQR03197826.1	AAQR03197826.1	NW_003857774.1
otoGar3:AAQR03197827	AAQR03197827		AAQR03197827.1	AAQR03197827.1	NW_003857775.1
otoGar3:AAQR03197828	AAQR03197828		AAQR03197828.1	AAQR03197828.1	NW_003857776.1
otoGar3:AAQR03197829	AAQR03197829		AAQR03197829.1	AAQR03197829.1	NW_003857777.1
otoGar3:AAQR03197830	AAQR03197830		AAQR03197830.1	AAQR03197830.1	NW_003857778.1
otoGar3:AAQR03197831	AAQR03197831		AAQR03197831.1	AAQR03197831.1	NW_003857779.1
otoGar3:AAQR03197832	AAQR03197832		AAQR03197832.1	AAQR03197832.1	NW_003857780.1
otoGar3:AAQR03197833	AAQR03197833		AAQR03197833.1	AAQR03197833.1	NW_003857781.1
otoGar3:AAQR03197834	AAQR03197834		AAQR03197834.1	AAQR03197834.1	NW_003857782.1
otoGar3:AAQR03197835	AAQR03197835		AAQR03197835.1	AAQR03197835.1	NW_003857783.1
otoGar3:AAQR03197836	AAQR03197836		AAQR03197836.1	AAQR03197836.1	NW_003857784.1
otoGar3:AAQR03197837	AAQR03197837		AAQR03197837.1	AAQR03197837.1	NW_003857785.1
otoGar3:AAQR03197838	AAQR03197838		AAQR03197838.1	AAQR03197838.1	NW_003857786.1
otoGar3:AAQR03197839	AAQR03197839		AAQR03197839.1	AAQR03197839.1	NW_003857787.1
otoGar3:AAQR03197840	AAQR03197840		AAQR03197840.1	AAQR03197840.1	NW_003857788.1
otoGar3:AAQR03197841	AAQR03197841		AAQR03197841.1	AAQR03197841.1	NW_003857789.1
otoGar3:AAQR03197842	AAQR03197842		AAQR03197842.1	AAQR03197842.1	NW_003857790.1
otoGar3:AAQR03197843	AAQR03197843		AAQR03197843.1	AAQR03197843.1	NW_003857791.1
otoGar3:AAQR03197844	AAQR03197844		AAQR03197844.1	AAQR03197844.1	NW_003857792.1
otoGar3:AAQR03197845	AAQR03197845		AAQR03197845.1	AAQR03197845.1	NW_003857793.1
otoGar3:AAQR03197846	AAQR03197846		AAQR03197846.1	AAQR03197846.1	NW_003857794.1
otoGar3:AAQR03197847	AAQR03197847		AAQR03197847.1	AAQR03197847.1	NW_003857795.1
otoGar3:AAQR03197848	AAQR03197848		AAQR03197848.1	AAQR03197848.1	NW_003857796.1
otoGar3:AAQR03197849	AAQR03197849		AAQR03197849.1	AAQR03197849.1	NW_003857797.1
otoGar3:AAQR03197850	AAQR03197850		AAQR03197850.1	AAQR03197850.1	NW_003857798.1
otoGar3:AAQR03197851	AAQR03197851		AAQR03197851.1	AAQR03197851.1	NW_003857799.1
otoGar3:AAQR03197852	AAQR03197852		AAQR03197852.1	AAQR03197852.1	NW_003857800.1
otoGar3:AAQR03197853	AAQR03197853		AAQR03197853.1	AAQR03197853.1	NW_003857801.1
otoGar3:AAQR03197854	AAQR03197854		AAQR03197854.1	AAQR03197854.1	NW_003857802.1
otoGar3:AAQR03197855	AAQR03197855		AAQR03197855.1	AAQR03197855.1	NW_003857803.1
otoGar3:AAQR03197856	AAQR03197856		AAQR03197856.1	AAQR03197856.1	NW_003857804.1
otoGar3:AAQR03197857	AAQR03197857		AAQR03197857.1	AAQR03197857.1	NW_003857805.1
otoGar3:AAQR03197858	AAQR03197858		AAQR03197858.1	AAQR03197858.1	NW_003857806.1
otoGar3:AAQR03197859	AAQR03197859		AAQR03197859.1	AAQR03197859.1	NW_003857807.1
otoGar3:AAQR03197860	AAQR03197860		AAQR03197860.1	AAQR03197860.1	NW_003857808.1
otoGar3:AAQR03197861	AAQR03197861		AAQR03197861.1	AAQR03197861.1	NW_003857809.1
otoGar3:AAQR03197862	AAQR03197862		AAQR03197862.1	AAQR03197862.1	NW_003857810.1
otoGar3:AAQR03197863	AAQR03197863		AAQR03197863.1	AAQR03197863.1	NW_003857811.1
otoGar3:AAQR03197864	AAQR03197864		AAQR03197864.1	AAQR03197864.1	NW_003857812.1
otoGar3:AAQR03197865	AAQR03197865		AAQR03197865.1	AAQR03197865.1	NW_003857813.1
otoGar3:AAQR03197866	AAQR03197866		AAQR03197866.1	AAQR03197866.1	NW_003857814.1
otoGar3:AAQR03197867	AAQR03197867		AAQR03197867.1	AAQR03197867.1	NW_003857815.1
otoGar3:AAQR03197868	AAQR03197868		AAQR03197868.1	AAQR03197868.1	NW_003857816.1
otoGar3:AAQR03197869	AAQR03197869		AAQR03197869.1	AAQR03197869.1	NW_003857817.1
otoGar3:AAQR03197870	AAQR03197870		AAQR03197870.1	AAQR03197870.1	NW_003857818.1
otoGar3:AAQR03197871	AAQR03197871		AAQR03197871.1	AAQR03197871.1	NW_003857819.1
otoGar3:AAQR03197872	AAQR03197872		AAQR03197872.1	AAQR03197872.1	NW_003857820.1
otoGar3:AAQR03197873	AAQR03197873		AAQR03197873.1	AAQR03197873.1	NW_003857821.1
otoGar3:AAQR03197874	AAQR03197874		AAQR03197874.1	AAQR03197874.1	NW_003857822.1
otoGar3:AAQR03197875	AAQR03197875		AAQR03197875.1	AAQR03197875.1	NW_003857823.1
otoGar3:AAQR03197876	AAQR03197876		AAQR03197876.1	AAQR03197876.1	NW_003857824.1
otoGar3:AAQR03197877	AAQR03197877		AAQR03197877.1	AAQR03197877.1	NW_003857825.1
otoGar3:AAQR03197878	AAQR03197878		AAQR03197878.1	AAQR03197878.1	NW_003857826.1
otoGar3:AAQR03197879	AAQR03197879		AAQR03197879.1	AAQR03197879.1	NW_003857827.1
otoGar3:AAQR03197880	AAQR03197880		AAQR03197880.1	AAQR03197880.1	NW_003857828.1
otoGar3:AAQR03197881	AAQR03197881		AAQR03197881.1	AAQR03197881.1	NW_003857829.1
otoGar3:AAQR03197882	AAQR03197882		AAQR03197882.1	AAQR03197882.1	NW_003857830.1
otoGar3:AAQR03197883	AAQR03197883		AAQR03197883.1	AAQR03197883.1	NW_003857831.1
otoGar3:AAQR03197884	AAQR03197884		AAQR03197884.1	AAQR03197884.1	NW_003857832.1
otoGar3:AAQR03197885	AAQR03197885		AAQR03197885.1	AAQR03197885.1	NW_003857833.1
otoGar3:AAQR03197886	AAQR03197886		AAQR03197886.1	AAQR03197886.1	NW_003857834.1
otoGar3:AAQR03197887	AAQR03197887		AAQR03197887.1	AAQR03197887.1	NW_003857835.1
otoGar3:AAQR03197888	AAQR03197888		AAQR03197888.1	AAQR03197888.1	NW_003857836.1
otoGar3:AAQR03197889	AAQR03197889		AAQR03197889.1	AAQR03197889.1	NW_003857837.1
otoGar3:AAQR03197890	AAQR03197890		AAQR03197890.1	AAQR03197890.1	NW_003857838.1
otoGar3:AAQR03197891	AAQR03197891		AAQR03197891.1	AAQR03197891.1	NW_003857839.1
otoGar3:AAQR03197892	AAQR03197892		AAQR03197892.1	AAQR03197892.1	NW_003857840.1
otoGar3:AAQR03197893	AAQR03197893		AAQR03197893.1	AAQR03197893.1	NW_003857841.1
otoGar3:AAQR03197894	AAQR03197894		AAQR03197894.1	AAQR03197894.1	NW_003857842.1
otoGar3:AAQR03197895	AAQR03197895		AAQR03197895.1	AAQR03197895.1	NW_003857843.1
otoGar3:AAQR03197896	AAQR03197896		AAQR03197896.1	AAQR03197896.1	NW_003857844.1
otoGar3:AAQR03197897	AAQR03197897		AAQR03197897.1	AAQR03197897.1	NW_003857845.1
otoGar3:AAQR03197898	AAQR03197898		AAQR03197898.1	AAQR03197898.1	NW_003857846.1
otoGar3:AAQR03197899	AAQR03197899		AAQR03197899.1	AAQR03197899.1	NW_003857847.1
otoGar3:AAQR03197900	AAQR03197900		AAQR03197900.1	AAQR03197900.1	NW_003857848.1
otoGar3:AAQR03197901	AAQR03197901		AAQR03197901.1	AAQR03197901.1	NW_003857849.1
otoGar3:AAQR03197902	AAQR03197902		AAQR03197902.1	AAQR03197902.1	NW_003857850.1
otoGar3:AAQR03197903	AAQR03197903		AAQR03197903.1	AAQR03197903.1	NW_003857851.1
otoGar3:AAQR03197904	AAQR03197904		AAQR03197904.1	AAQR03197904.1	NW_003857852.1
otoGar3:AAQR03197905	AAQR03197905		AAQR03197905.1	AAQR03197905.1	NW_003857853.1
otoGar3:AAQR03197906	AAQR03197906		AAQR03197906.1	AAQR03197906.1	NW_003857854.1
otoGar3:AAQR03197907	AAQR03197907		AAQR03197907.1	AAQR03197907.1	NW_003857855.1
otoGar3:AAQR03197908	AAQR03197908		AAQR03197908.1	AAQR03197908.1	NW_003857856.1
otoGar3:AAQR03197909	AAQR03197909		AAQR03197909.1	AAQR03197909.1	NW_003857857.1
otoGar3:AAQR03197910	AAQR03197910		AAQR03197910.1	AAQR03197910.1	NW_003857858.1
otoGar3:AAQR03197911	AAQR03197911		AAQR03197911.1	AAQR03197911.1	NW_003857859.1
otoGar3:AAQR03197912	AAQR03197912		AAQR03197912.1	AAQR03197912.1	NW_003857860.1
otoGar3:AAQR03197913	AAQR03197913		AAQR03197913.1	AAQR03197913.1	NW_003857861.1
otoGar3:AAQR03197914	AAQR03197914		AAQR03197914.1	AAQR03197914.1	NW_003857862.1
otoGar3:AAQR03197915	AAQR03197915		AAQR03197915.1	AAQR03197915.1	NW_003857863.1
otoGar3:AAQR03197916	AAQR03197916		AAQR03197916.1	AAQR03197916.1	NW_003857864.1
otoGar3:AAQR03197917	AAQR03197917		AAQR03197917.1	AAQR03197917.1	NW_003857865.1
otoGar3:AAQR03197918	AAQR03197918		AAQR03197918.1	AAQR03197918.1	NW_003857866.1
otoGar3:AAQR03197919	AAQR03197919		AAQR03197919.1	AAQR03197919.1	NW_003857867.1
otoGar3:AAQR03197920	AAQR03197920		AAQR03197920.1	AAQR03197920.1	NW_003857868.1
otoGar3:AAQR03197921	AAQR03197921		AAQR03197921.1	AAQR03197921.1	NW_003857869.1
otoGar3:AAQR03197922	AAQR03197922		AAQR03197922.1	AAQR03197922.1	NW_003857870.1
otoGar3:AAQR03197923	AAQR03197923		AAQR03197923.1	AAQR03197923.1	NW_003857871.1
otoGar3:AAQR03197924	AAQR03197924		AAQR03197924.1	AAQR03197924.1	NW_003857872.1
otoGar3:AAQR03197925	AAQR03197925		AAQR03197925.1	AAQR03197925.1	NW_003857873.1
otoGar3:AAQR03197926	AAQR03197926		AAQR03197926.1	AAQR03197926.1	NW_003857874.1
otoGar3:AAQR03197927	AAQR03197927		AAQR03197927.1	AAQR03197927.1	NW_003857875.1
otoGar3:AAQR03197928	AAQR03197928		AAQR03197928.1	AAQR03197928.1	NW_003857876.1
otoGar3:AAQR03197929	AAQR03197929		AAQR03197929.1	AAQR03197929.1	NW_003857877.1
otoGar3:AAQR03197930	AAQR03197930		AAQR03197930.1	AAQR03197930.1	NW_003857878.1
otoGar3:AAQR03197931	AAQR03197931		AAQR03197931.1	AAQR03197931.1	NW_003857879.1
otoGar3:AAQR03197932	AAQR03197932		AAQR03197932.1	AAQR03197932.1	NW_003857880.1
otoGar3:AAQR03197933	AAQR03197933		AAQR03197933.1	AAQR03197933.1	NW_003857881.1
otoGar3:AAQR03197934	AAQR03197934		AAQR03197934.1	AAQR03197934.1	NW_003857882.1
otoGar3:AAQR03197935	AAQR03197935		AAQR03197935.1	AAQR03197935.1	NW_003857883.1
otoGar3:AAQR03197936	AAQR03197936		AAQR03197936.1	AAQR03197936.1	NW_003857884.1
otoGar3:AAQR03197937	AAQR03197937		AAQR03197937.1	AAQR03197937.1	NW_003857885.1
otoGar3:AAQR03197938	AAQR03197938		AAQR03197938.1	AAQR03197938.1	NW_003857886.1
otoGar3:AAQR03197939	AAQR03197939		AAQR03197939.1	AAQR03197939.1	NW_003857887.1
otoGar3:AAQR03197940	AAQR03197940		AAQR03197940.1	AAQR03197940.1	NW_003857888.1
otoGar3:AAQR03197941	AAQR03197941		AAQR03197941.1	AAQR03197941.1	NW_003857889.1
otoGar3:AAQR03197942	AAQR03197942		AAQR03197942.1	AAQR03197942.1	NW_003857890.1
otoGar3:AAQR03197943	AAQR03197943		AAQR03197943.1	AAQR03197943.1	NW_003857891.1
otoGar3:AAQR03197944	AAQR03197944		AAQR03197944.1	AAQR03197944.1	NW_003857892.1
otoGar3:AAQR03197945	AAQR03197945		AAQR03197945.1	AAQR03197945.1	NW_003857893.1
otoGar3:AAQR03197946	AAQR03197946		AAQR03197946.1	AAQR03197946.1	NW_003857894.1
otoGar3:AAQR03197947	AAQR03197947			AAQR03197947.1	NW_003857895.1
otoGar3:AAQR03197948	AAQR03197948		AAQR03197948.1	AAQR03197948.1	NW_003857896.1
otoGar3:AAQR03197949	AAQR03197949		AAQR03197949.1	AAQR03197949.1	NW_003857897.1
otoGar3:AAQR03197950	AAQR03197950		AAQR03197950.1	AAQR03197950.1	NW_003857898.1
otoGar3:AAQR03197951	AAQR03197951		AAQR03197951.1	AAQR03197951.1	NW_003857899.1
otoGar3:AAQR03197952	AAQR03197952		AAQR03197952.1	AAQR03197952.1	NW_003857900.1
otoGar3:AAQR03197953	AAQR03197953		AAQR03197953.1	AAQR03197953.1	NW_003857901.1
otoGar3:AAQR03197954	AAQR03197954		AAQR03197954.1	AAQR03197954.1	NW_003857902.1
otoGar3:AAQR03197955	AAQR03197955		AAQR03197955.1	AAQR03197955.1	NW_003857903.1
otoGar3:AAQR03197956	AAQR03197956		AAQR03197956.1	AAQR03197956.1	NW_003857904.1
otoGar3:AAQR03197957	AAQR03197957		AAQR03197957.1	AAQR03197957.1	NW_003857905.1
otoGar3:AAQR03197958	AAQR03197958		AAQR03197958.1	AAQR03197958.1	NW_003857906.1
otoGar3:AAQR03197959	AAQR03197959		AAQR03197959.1	AAQR03197959.1	NW_003857907.1
otoGar3:AAQR03197960	AAQR03197960		AAQR03197960.1	AAQR03197960.1	NW_003857908.1
otoGar3:AAQR03197961	AAQR03197961		AAQR03197961.1	AAQR03197961.1	NW_003857909.1
otoGar3:AAQR03197962	AAQR03197962		AAQR03197962.1	AAQR03197962.1	NW_003857910.1
otoGar3:AAQR03197963	AAQR03197963		AAQR03197963.1	AAQR03197963.1	NW_003857911.1
otoGar3:AAQR03197964	AAQR03197964		AAQR03197964.1	AAQR03197964.1	NW_003857912.1
otoGar3:AAQR03197965	AAQR03197965		AAQR03197965.1	AAQR03197965.1	NW_003857913.1
otoGar3:AAQR03197966	AAQR03197966		AAQR03197966.1	AAQR03197966.1	NW_003857914.1
otoGar3:AAQR03197967	AAQR03197967		AAQR03197967.1	AAQR03197967.1	NW_003857915.1
otoGar3:AAQR03197968	AAQR03197968		AAQR03197968.1	AAQR03197968.1	NW_003857916.1
otoGar3:AAQR03197969	AAQR03197969		AAQR03197969.1	AAQR03197969.1	NW_003857917.1
otoGar3:AAQR03197970	AAQR03197970		AAQR03197970.1	AAQR03197970.1	NW_003857918.1
otoGar3:AAQR03197971	AAQR03197971		AAQR03197971.1	AAQR03197971.1	NW_003857919.1
otoGar3:AAQR03197972	AAQR03197972		AAQR03197972.1	AAQR03197972.1	NW_003857920.1
otoGar3:AAQR03197973	AAQR03197973		AAQR03197973.1	AAQR03197973.1	NW_003857921.1
otoGar3:AAQR03197974	AAQR03197974		AAQR03197974.1	AAQR03197974.1	NW_003857922.1
otoGar3:AAQR03197975	AAQR03197975		AAQR03197975.1	AAQR03197975.1	NW_003857923.1
otoGar3:AAQR03197976	AAQR03197976		AAQR03197976.1	AAQR03197976.1	NW_003857924.1
otoGar3:AAQR03197977	AAQR03197977		AAQR03197977.1	AAQR03197977.1	NW_003857925.1
otoGar3:AAQR03197978	AAQR03197978		AAQR03197978.1	AAQR03197978.1	NW_003857926.1
otoGar3:AAQR03197979	AAQR03197979		AAQR03197979.1	AAQR03197979.1	NW_003857927.1
otoGar3:AAQR03197980	AAQR03197980		AAQR03197980.1	AAQR03197980.1	NW_003857928.1
otoGar3:AAQR03197981	AAQR03197981		AAQR03197981.1	AAQR03197981.1	NW_003857929.1
otoGar3:AAQR03197982	AAQR03197982		AAQR03197982.1	AAQR03197982.1	NW_003857930.1
otoGar3:AAQR03197983	AAQR03197983		AAQR03197983.1	AAQR03197983.1	NW_003857931.1
otoGar3:AAQR03197984	AAQR03197984		AAQR03197984.1	AAQR03197984.1	NW_003857932.1
otoGar3:AAQR03197985	AAQR03197985		AAQR03197985.1	AAQR03197985.1	NW_003857933.1
otoGar3:AAQR03197986	AAQR03197986		AAQR03197986.1	AAQR03197986.1	NW_003857934.1
otoGar3:AAQR03197987	AAQR03197987		AAQR03197987.1	AAQR03197987.1	NW_003857935.1
otoGar3:AAQR03197988	AAQR03197988		AAQR03197988.1	AAQR03197988.1	NW_003857936.1
otoGar3:AAQR03197989	AAQR03197989		AAQR03197989.1	AAQR03197989.1	NW_003857937.1
otoGar3:AAQR03197990	AAQR03197990		AAQR03197990.1	AAQR03197990.1	NW_003857938.1
otoGar3:AAQR03197991	AAQR03197991		AAQR03197991.1	AAQR03197991.1	NW_003857939.1
otoGar3:AAQR03197992	AAQR03197992		AAQR03197992.1	AAQR03197992.1	NW_003857940.1
otoGar3:AAQR03197993	AAQR03197993		AAQR03197993.1	AAQR03197993.1	NW_003857941.1
otoGar3:AAQR03197994	AAQR03197994		AAQR03197994.1	AAQR03197994.1	NW_003857942.1
otoGar3:AAQR03197995	AAQR03197995		AAQR03197995.1	AAQR03197995.1	NW_003857943.1
otoGar3:AAQR03197996	AAQR03197996		AAQR03197996.1	AAQR03197996.1	NW_003857944.1
otoGar3:AAQR03197997	AAQR03197997		AAQR03197997.1	AAQR03197997.1	NW_003857945.1
otoGar3:AAQR03197998	AAQR03197998		AAQR03197998.1	AAQR03197998.1	NW_003857946.1
otoGar3:AAQR03197999	AAQR03197999		AAQR03197999.1	AAQR03197999.1	NW_003857947.1
otoGar3:AAQR03198000	AAQR03198000		AAQR03198000.1	AAQR03198000.1	NW_003857948.1
otoGar3:AAQR03198001	AAQR03198001		AAQR03198001.1	AAQR03198001.1	NW_003857949.1
otoGar3:AAQR03198002	AAQR03198002		AAQR03198002.1	AAQR03198002.1	NW_003857950.1
otoGar3:AAQR03198003	AAQR03198003		AAQR03198003.1	AAQR03198003.1	NW_003857951.1
otoGar3:AAQR03198004	AAQR03198004		AAQR03198004.1	AAQR03198004.1	NW_003857952.1
otoGar3:AAQR03198005	AAQR03198005		AAQR03198005.1	AAQR03198005.1	NW_003857953.1
otoGar3:AAQR03198006	AAQR03198006		AAQR03198006.1	AAQR03198006.1	NW_003857954.1
otoGar3:AAQR03198007	AAQR03198007		AAQR03198007.1	AAQR03198007.1	NW_003857955.1
otoGar3:AAQR03198008	AAQR03198008		AAQR03198008.1	AAQR03198008.1	NW_003857956.1
otoGar3:AAQR03198009	AAQR03198009		AAQR03198009.1	AAQR03198009.1	NW_003857957.1
otoGar3:AAQR03198010	AAQR03198010		AAQR03198010.1	AAQR03198010.1	NW_003857958.1
otoGar3:AAQR03198011	AAQR03198011		AAQR03198011.1	AAQR03198011.1	NW_003857959.1
otoGar3:AAQR03198012	AAQR03198012		AAQR03198012.1	AAQR03198012.1	NW_003857960.1
otoGar3:AAQR03198013	AAQR03198013		AAQR03198013.1	AAQR03198013.1	NW_003857961.1
otoGar3:AAQR03198014	AAQR03198014		AAQR03198014.1	AAQR03198014.1	NW_003857962.1
otoGar3:AAQR03198015	AAQR03198015		AAQR03198015.1	AAQR03198015.1	NW_003857963.1
otoGar3:AAQR03198016	AAQR03198016		AAQR03198016.1	AAQR03198016.1	NW_003857964.1
otoGar3:AAQR03198017	AAQR03198017		AAQR03198017.1	AAQR03198017.1	NW_003857965.1
otoGar3:AAQR03198018	AAQR03198018		AAQR03198018.1	AAQR03198018.1	NW_003857966.1
otoGar3:AAQR03198019	AAQR03198019		AAQR03198019.1	AAQR03198019.1	NW_003857967.1
otoGar3:AAQR03198020	AAQR03198020		AAQR03198020.1	AAQR03198020.1	NW_003857968.1
otoGar3:AAQR03198021	AAQR03198021		AAQR03198021.1	AAQR03198021.1	NW_003857969.1
otoGar3:AAQR03198022	AAQR03198022		AAQR03198022.1	AAQR03198022.1	NW_003857970.1
otoGar3:AAQR03198023	AAQR03198023		AAQR03198023.1	AAQR03198023.1	NW_003857971.1
otoGar3:AAQR03198024	AAQR03198024		AAQR03198024.1	AAQR03198024.1	NW_003857972.1
otoGar3:AAQR03198025	AAQR03198025		AAQR03198025.1	AAQR03198025.1	NW_003857973.1
otoGar3:AAQR03198026	AAQR03198026		AAQR03198026.1	AAQR03198026.1	NW_003857974.1
otoGar3:AAQR03198027	AAQR03198027		AAQR03198027.1	AAQR03198027.1	NW_003857975.1
otoGar3:AAQR03198028	AAQR03198028		AAQR03198028.1	AAQR03198028.1	NW_003857976.1
otoGar3:AAQR03198029	AAQR03198029		AAQR03198029.1	AAQR03198029.1	NW_003857977.1
otoGar3:AAQR03198030	AAQR03198030		AAQR03198030.1	AAQR03198030.1	NW_003857978.1
otoGar3:AAQR03198031	AAQR03198031		AAQR03198031.1	AAQR03198031.1	NW_003857979.1
otoGar3:AAQR03198032	AAQR03198032		AAQR03198032.1	AAQR03198032.1	NW_003857980.1
otoGar3:AAQR03198033	AAQR03198033		AAQR03198033.1	AAQR03198033.1	NW_003857981.1
otoGar3:AAQR03198034	AAQR03198034		AAQR03198034.1	AAQR03198034.1	NW_003857982.1
otoGar3:AAQR03198035	AAQR03198035		AAQR03198035.1	AAQR03198035.1	NW_003857983.1
otoGar3:AAQR03198036	AAQR03198036		AAQR03198036.1	AAQR03198036.1	NW_003857984.1
otoGar3:AAQR03198037	AAQR03198037		AAQR03198037.1	AAQR03198037.1	NW_003857985.1
otoGar3:AAQR03198038	AAQR03198038		AAQR03198038.1	AAQR03198038.1	NW_003857986.1
otoGar3:AAQR03198039	AAQR03198039		AAQR03198039.1	AAQR03198039.1	NW_003857987.1
otoGar3:AAQR03198040	AAQR03198040		AAQR03198040.1	AAQR03198040.1	NW_003857988.1
otoGar3:AAQR03198041	AAQR03198041		AAQR03198041.1	AAQR03198041.1	NW_003857989.1
otoGar3:AAQR03198042	AAQR03198042		AAQR03198042.1	AAQR03198042.1	NW_003857990.1
otoGar3:AAQR03198043	AAQR03198043		AAQR03198043.1	AAQR03198043.1	NW_003857991.1
otoGar3:AAQR03198044	AAQR03198044		AAQR03198044.1	AAQR03198044.1	NW_003857992.1
otoGar3:AAQR03198045	AAQR03198045		AAQR03198045.1	AAQR03198045.1	NW_003857993.1
otoGar3:AAQR03198046	AAQR03198046		AAQR03198046.1	AAQR03198046.1	NW_003857994.1
otoGar3:AAQR03198047	AAQR03198047		AAQR03198047.1	AAQR03198047.1	NW_003857995.1
otoGar3:AAQR03198048	AAQR03198048		AAQR03198048.1	AAQR03198048.1	NW_003857996.1
otoGar3:AAQR03198049	AAQR03198049		AAQR03198049.1	AAQR03198049.1	NW_003857997.1
otoGar3:AAQR03198050	AAQR03198050		AAQR03198050.1	AAQR03198050.1	NW_003857998.1
otoGar3:AAQR03198051	AAQR03198051		AAQR03198051.1	AAQR03198051.1	NW_003857999.1
otoGar3:AAQR03198052	AAQR03198052		AAQR03198052.1	AAQR03198052.1	NW_003858000.1
otoGar3:AAQR03198053	AAQR03198053		AAQR03198053.1	AAQR03198053.1	NW_003858001.1
otoGar3:AAQR03198054	AAQR03198054		AAQR03198054.1	AAQR03198054.1	NW_003858002.1
otoGar3:AAQR03198055	AAQR03198055		AAQR03198055.1	AAQR03198055.1	NW_003858003.1
otoGar3:AAQR03198056	AAQR03198056		AAQR03198056.1	AAQR03198056.1	NW_003858004.1
otoGar3:AAQR03198057	AAQR03198057		AAQR03198057.1	AAQR03198057.1	NW_003858005.1
otoGar3:AAQR03198058	AAQR03198058		AAQR03198058.1	AAQR03198058.1	NW_003858006.1
otoGar3:AAQR03198059	AAQR03198059		AAQR03198059.1	AAQR03198059.1	NW_003858007.1
otoGar3:AAQR03198060	AAQR03198060		AAQR03198060.1	AAQR03198060.1	NW_003858008.1
otoGar3:AAQR03198061	AAQR03198061		AAQR03198061.1	AAQR03198061.1	NW_003858009.1
otoGar3:AAQR03198062	AAQR03198062		AAQR03198062.1	AAQR03198062.1	NW_003858010.1
otoGar3:AAQR03198063	AAQR03198063		AAQR03198063.1	AAQR03198063.1	NW_003858011.1
otoGar3:AAQR03198064	AAQR03198064		AAQR03198064.1	AAQR03198064.1	NW_003858012.1
otoGar3:AAQR03198065	AAQR03198065		AAQR03198065.1	AAQR03198065.1	NW_003858013.1
otoGar3:AAQR03198066	AAQR03198066		AAQR03198066.1	AAQR03198066.1	NW_003858014.1
otoGar3:AAQR03198067	AAQR03198067		AAQR03198067.1	AAQR03198067.1	NW_003858015.1
otoGar3:AAQR03198068	AAQR03198068		AAQR03198068.1	AAQR03198068.1	NW_003858016.1
otoGar3:AAQR03198069	AAQR03198069		AAQR03198069.1	AAQR03198069.1	NW_003858017.1
otoGar3:AAQR03198070	AAQR03198070		AAQR03198070.1	AAQR03198070.1	NW_003858018.1
otoGar3:AAQR03198071	AAQR03198071		AAQR03198071.1	AAQR03198071.1	NW_003858019.1
otoGar3:AAQR03198072	AAQR03198072		AAQR03198072.1	AAQR03198072.1	NW_003858020.1
otoGar3:AAQR03198073	AAQR03198073		AAQR03198073.1	AAQR03198073.1	NW_003858021.1
otoGar3:AAQR03198074	AAQR03198074		AAQR03198074.1	AAQR03198074.1	NW_003858022.1
otoGar3:AAQR03198075	AAQR03198075		AAQR03198075.1	AAQR03198075.1	NW_003858023.1
otoGar3:AAQR03198076	AAQR03198076		AAQR03198076.1	AAQR03198076.1	NW_003858024.1
otoGar3:AAQR03198077	AAQR03198077		AAQR03198077.1	AAQR03198077.1	NW_003858025.1
otoGar3:AAQR03198078	AAQR03198078		AAQR03198078.1	AAQR03198078.1	NW_003858026.1
otoGar3:AAQR03198079	AAQR03198079		AAQR03198079.1	AAQR03198079.1	NW_003858027.1
otoGar3:AAQR03198080	AAQR03198080		AAQR03198080.1	AAQR03198080.1	NW_003858028.1
otoGar3:AAQR03198081	AAQR03198081		AAQR03198081.1	AAQR03198081.1	NW_003858029.1
otoGar3:AAQR03198082	AAQR03198082		AAQR03198082.1	AAQR03198082.1	NW_003858030.1
otoGar3:AAQR03198083	AAQR03198083		AAQR03198083.1	AAQR03198083.1	NW_003858031.1
otoGar3:AAQR03198084	AAQR03198084		AAQR03198084.1	AAQR03198084.1	NW_003858032.1
otoGar3:AAQR03198085	AAQR03198085		AAQR03198085.1	AAQR03198085.1	NW_003858033.1
otoGar3:AAQR03198086	AAQR03198086		AAQR03198086.1	AAQR03198086.1	NW_003858034.1
otoGar3:AAQR03198087	AAQR03198087		AAQR03198087.1	AAQR03198087.1	NW_003858035.1
otoGar3:AAQR03198088	AAQR03198088		AAQR03198088.1	AAQR03198088.1	NW_003858036.1
otoGar3:AAQR03198089	AAQR03198089		AAQR03198089.1	AAQR03198089.1	NW_003858037.1
otoGar3:AAQR03198090	AAQR03198090		AAQR03198090.1	AAQR03198090.1	NW_003858038.1
otoGar3:AAQR03198091	AAQR03198091		AAQR03198091.1	AAQR03198091.1	NW_003858039.1
otoGar3:AAQR03198092	AAQR03198092		AAQR03198092.1	AAQR03198092.1	NW_003858040.1
otoGar3:AAQR03198093	AAQR03198093		AAQR03198093.1	AAQR03198093.1	NW_003858041.1
otoGar3:AAQR03198094	AAQR03198094		AAQR03198094.1	AAQR03198094.1	NW_003858042.1
otoGar3:AAQR03198095	AAQR03198095		AAQR03198095.1	AAQR03198095.1	NW_003858043.1
otoGar3:AAQR03198096	AAQR03198096		AAQR03198096.1	AAQR03198096.1	NW_003858044.1
otoGar3:AAQR03198097	AAQR03198097		AAQR03198097.1	AAQR03198097.1	NW_003858045.1
otoGar3:AAQR03198098	AAQR03198098		AAQR03198098.1	AAQR03198098.1	NW_003858046.1
otoGar3:AAQR03198099	AAQR03198099		AAQR03198099.1	AAQR03198099.1	NW_003858047.1
otoGar3:AAQR03198100	AAQR03198100		AAQR03198100.1	AAQR03198100.1	NW_003858048.1
otoGar3:AAQR03198101	AAQR03198101		AAQR03198101.1	AAQR03198101.1	NW_003858049.1
otoGar3:AAQR03198102	AAQR03198102		AAQR03198102.1	AAQR03198102.1	NW_003858050.1
otoGar3:AAQR03198103	AAQR03198103		AAQR03198103.1	AAQR03198103.1	NW_003858051.1
otoGar3:AAQR03198104	AAQR03198104		AAQR03198104.1	AAQR03198104.1	NW_003858052.1
otoGar3:AAQR03198105	AAQR03198105		AAQR03198105.1	AAQR03198105.1	NW_003858053.1
otoGar3:AAQR03198106	AAQR03198106		AAQR03198106.1	AAQR03198106.1	NW_003858054.1
otoGar3:AAQR03198107	AAQR03198107		AAQR03198107.1	AAQR03198107.1	NW_003858055.1
otoGar3:AAQR03198108	AAQR03198108		AAQR03198108.1	AAQR03198108.1	NW_003858056.1
otoGar3:AAQR03198109	AAQR03198109		AAQR03198109.1	AAQR03198109.1	NW_003858057.1
otoGar3:AAQR03198110	AAQR03198110		AAQR03198110.1	AAQR03198110.1	NW_003858058.1
otoGar3:AAQR03198111	AAQR03198111		AAQR03198111.1	AAQR03198111.1	NW_003858059.1
otoGar3:AAQR03198112	AAQR03198112		AAQR03198112.1	AAQR03198112.1	NW_003858060.1
otoGar3:AAQR03198113	AAQR03198113		AAQR03198113.1	AAQR03198113.1	NW_003858061.1
otoGar3:AAQR03198114	AAQR03198114		AAQR03198114.1	AAQR03198114.1	NW_003858062.1
otoGar3:AAQR03198115	AAQR03198115		AAQR03198115.1	AAQR03198115.1	NW_003858063.1
otoGar3:AAQR03198116	AAQR03198116		AAQR03198116.1	AAQR03198116.1	NW_003858064.1
otoGar3:AAQR03198117	AAQR03198117		AAQR03198117.1	AAQR03198117.1	NW_003858065.1
otoGar3:AAQR03198118	AAQR03198118		AAQR03198118.1	AAQR03198118.1	NW_003858066.1
otoGar3:AAQR03198119	AAQR03198119		AAQR03198119.1	AAQR03198119.1	NW_003858067.1
otoGar3:AAQR03198120	AAQR03198120		AAQR03198120.1	AAQR03198120.1	NW_003858068.1
otoGar3:AAQR03198121	AAQR03198121		AAQR03198121.1	AAQR03198121.1	NW_003858069.1
otoGar3:AAQR03198122	AAQR03198122		AAQR03198122.1	AAQR03198122.1	NW_003858070.1
otoGar3:AAQR03198123	AAQR03198123		AAQR03198123.1	AAQR03198123.1	NW_003858071.1
otoGar3:AAQR03198124	AAQR03198124		AAQR03198124.1	AAQR03198124.1	NW_003858072.1
otoGar3:AAQR03198125	AAQR03198125		AAQR03198125.1	AAQR03198125.1	NW_003858073.1
otoGar3:AAQR03198126	AAQR03198126		AAQR03198126.1	AAQR03198126.1	NW_003858074.1
otoGar3:AAQR03198127	AAQR03198127		AAQR03198127.1	AAQR03198127.1	NW_003858075.1
otoGar3:AAQR03198128	AAQR03198128		AAQR03198128.1	AAQR03198128.1	NW_003858076.1
otoGar3:AAQR03198129	AAQR03198129		AAQR03198129.1	AAQR03198129.1	NW_003858077.1
otoGar3:AAQR03198130	AAQR03198130		AAQR03198130.1	AAQR03198130.1	NW_003858078.1
otoGar3:AAQR03198131	AAQR03198131		AAQR03198131.1	AAQR03198131.1	NW_003858079.1
otoGar3:AAQR03198132	AAQR03198132		AAQR03198132.1	AAQR03198132.1	NW_003858080.1
otoGar3:AAQR03198133	AAQR03198133		AAQR03198133.1	AAQR03198133.1	NW_003858081.1
otoGar3:AAQR03198134	AAQR03198134		AAQR03198134.1	AAQR03198134.1	NW_003858082.1
otoGar3:AAQR03198135	AAQR03198135		AAQR03198135.1	AAQR03198135.1	NW_003858083.1
otoGar3:AAQR03198136	AAQR03198136		AAQR03198136.1	AAQR03198136.1	NW_003858084.1
otoGar3:AAQR03198137	AAQR03198137		AAQR03198137.1	AAQR03198137.1	NW_003858085.1
otoGar3:AAQR03198138	AAQR03198138		AAQR03198138.1	AAQR03198138.1	NW_003858086.1
otoGar3:AAQR03198139	AAQR03198139		AAQR03198139.1	AAQR03198139.1	NW_003858087.1
otoGar3:AAQR03198140	AAQR03198140		AAQR03198140.1	AAQR03198140.1	NW_003858088.1
otoGar3:AAQR03198141	AAQR03198141		AAQR03198141.1	AAQR03198141.1	NW_003858089.1
otoGar3:AAQR03198142	AAQR03198142		AAQR03198142.1	AAQR03198142.1	NW_003858090.1
otoGar3:AAQR03198143	AAQR03198143		AAQR03198143.1	AAQR03198143.1	NW_003858091.1
otoGar3:AAQR03198144	AAQR03198144		AAQR03198144.1	AAQR03198144.1	NW_003858092.1
otoGar3:AAQR03198145	AAQR03198145		AAQR03198145.1	AAQR03198145.1	NW_003858093.1
otoGar3:AAQR03198146	AAQR03198146		AAQR03198146.1	AAQR03198146.1	NW_003858094.1
otoGar3:AAQR03198147	AAQR03198147		AAQR03198147.1	AAQR03198147.1	NW_003858095.1
otoGar3:AAQR03198148	AAQR03198148		AAQR03198148.1	AAQR03198148.1	NW_003858096.1
otoGar3:AAQR03198149	AAQR03198149		AAQR03198149.1	AAQR03198149.1	NW_003858097.1
otoGar3:AAQR03198150	AAQR03198150		AAQR03198150.1	AAQR03198150.1	NW_003858098.1
otoGar3:AAQR03198151	AAQR03198151		AAQR03198151.1	AAQR03198151.1	NW_003858099.1
otoGar3:AAQR03198152	AAQR03198152		AAQR03198152.1	AAQR03198152.1	NW_003858100.1
otoGar3:AAQR03198153	AAQR03198153		AAQR03198153.1	AAQR03198153.1	NW_003858101.1
otoGar3:AAQR03198154	AAQR03198154			AAQR03198154.1	NW_003858102.1
otoGar3:AAQR03198155	AAQR03198155		AAQR03198155.1	AAQR03198155.1	NW_003858103.1
otoGar3:AAQR03198156	AAQR03198156		AAQR03198156.1	AAQR03198156.1	NW_003858104.1
otoGar3:AAQR03198157	AAQR03198157		AAQR03198157.1	AAQR03198157.1	NW_003858105.1
otoGar3:AAQR03198158	AAQR03198158		AAQR03198158.1	AAQR03198158.1	NW_003858106.1
otoGar3:AAQR03198159	AAQR03198159		AAQR03198159.1	AAQR03198159.1	NW_003858107.1
otoGar3:AAQR03198160	AAQR03198160		AAQR03198160.1	AAQR03198160.1	NW_003858108.1
otoGar3:AAQR03198161	AAQR03198161		AAQR03198161.1	AAQR03198161.1	NW_003858109.1
otoGar3:AAQR03198162	AAQR03198162		AAQR03198162.1	AAQR03198162.1	NW_003858110.1
otoGar3:AAQR03198163	AAQR03198163		AAQR03198163.1	AAQR03198163.1	NW_003858111.1
otoGar3:AAQR03198164	AAQR03198164		AAQR03198164.1	AAQR03198164.1	NW_003858112.1
otoGar3:AAQR03198165	AAQR03198165		AAQR03198165.1	AAQR03198165.1	NW_003858113.1
otoGar3:AAQR03198166	AAQR03198166		AAQR03198166.1	AAQR03198166.1	NW_003858114.1
otoGar3:AAQR03198167	AAQR03198167		AAQR03198167.1	AAQR03198167.1	NW_003858115.1
otoGar3:AAQR03198168	AAQR03198168			AAQR03198168.1	NW_003858116.1
otoGar3:AAQR03198169	AAQR03198169		AAQR03198169.1	AAQR03198169.1	NW_003858117.1
otoGar3:AAQR03198170	AAQR03198170		AAQR03198170.1	AAQR03198170.1	NW_003858118.1
otoGar3:AAQR03198171	AAQR03198171		AAQR03198171.1	AAQR03198171.1	NW_003858119.1
otoGar3:AAQR03198172	AAQR03198172		AAQR03198172.1	AAQR03198172.1	NW_003858120.1
otoGar3:AAQR03198173	AAQR03198173		AAQR03198173.1	AAQR03198173.1	NW_003858121.1
otoGar3:AAQR03198174	AAQR03198174		AAQR03198174.1	AAQR03198174.1	NW_003858122.1
otoGar3:AAQR03198175	AAQR03198175		AAQR03198175.1	AAQR03198175.1	NW_003858123.1
otoGar3:AAQR03198176	AAQR03198176		AAQR03198176.1	AAQR03198176.1	NW_003858124.1
otoGar3:AAQR03198177	AAQR03198177		AAQR03198177.1	AAQR03198177.1	NW_003858125.1
otoGar3:AAQR03198178	AAQR03198178			AAQR03198178.1	NW_003858126.1
otoGar3:AAQR03198179	AAQR03198179		AAQR03198179.1	AAQR03198179.1	NW_003858127.1
otoGar3:AAQR03198180	AAQR03198180		AAQR03198180.1	AAQR03198180.1	NW_003858128.1
otoGar3:AAQR03198181	AAQR03198181			AAQR03198181.1	NW_003858129.1
otoGar3:AAQR03198182	AAQR03198182		AAQR03198182.1	AAQR03198182.1	NW_003858130.1
otoGar3:AAQR03198183	AAQR03198183		AAQR03198183.1	AAQR03198183.1	NW_003858131.1
otoGar3:AAQR03198184	AAQR03198184		AAQR03198184.1	AAQR03198184.1	NW_003858132.1
otoGar3:AAQR03198185	AAQR03198185		AAQR03198185.1	AAQR03198185.1	NW_003858133.1
otoGar3:AAQR03198186	AAQR03198186		AAQR03198186.1	AAQR03198186.1	NW_003858134.1
otoGar3:AAQR03198187	AAQR03198187		AAQR03198187.1	AAQR03198187.1	NW_003858135.1
otoGar3:AAQR03198188	AAQR03198188		AAQR03198188.1	AAQR03198188.1	NW_003858136.1
otoGar3:AAQR03198189	AAQR03198189		AAQR03198189.1	AAQR03198189.1	NW_003858137.1
otoGar3:AAQR03198190	AAQR03198190		AAQR03198190.1	AAQR03198190.1	NW_003858138.1
otoGar3:AAQR03198191	AAQR03198191		AAQR03198191.1	AAQR03198191.1	NW_003858139.1
otoGar3:AAQR03198192	AAQR03198192		AAQR03198192.1	AAQR03198192.1	NW_003858140.1
otoGar3:AAQR03198193	AAQR03198193		AAQR03198193.1	AAQR03198193.1	NW_003858141.1
otoGar3:AAQR03198194	AAQR03198194		AAQR03198194.1	AAQR03198194.1	NW_003858142.1
otoGar3:AAQR03198195	AAQR03198195		AAQR03198195.1	AAQR03198195.1	NW_003858143.1
otoGar3:AAQR03198196	AAQR03198196		AAQR03198196.1	AAQR03198196.1	NW_003858144.1
otoGar3:AAQR03198197	AAQR03198197		AAQR03198197.1	AAQR03198197.1	NW_003858145.1
otoGar3:AAQR03198198	AAQR03198198		AAQR03198198.1	AAQR03198198.1	NW_003858146.1
otoGar3:AAQR03198199	AAQR03198199		AAQR03198199.1	AAQR03198199.1	NW_003858147.1
otoGar3:AAQR03198200	AAQR03198200		AAQR03198200.1	AAQR03198200.1	NW_003858148.1
otoGar3:AAQR03198201	AAQR03198201		AAQR03198201.1	AAQR03198201.1	NW_003858149.1
otoGar3:AAQR03198202	AAQR03198202			AAQR03198202.1	NW_003858150.1
otoGar3:AAQR03198203	AAQR03198203		AAQR03198203.1	AAQR03198203.1	NW_003858151.1
otoGar3:AAQR03198204	AAQR03198204		AAQR03198204.1	AAQR03198204.1	NW_003858152.1
otoGar3:AAQR03198205	AAQR03198205		AAQR03198205.1	AAQR03198205.1	NW_003858153.1
otoGar3:AAQR03198206	AAQR03198206		AAQR03198206.1	AAQR03198206.1	NW_003858154.1
otoGar3:AAQR03198207	AAQR03198207		AAQR03198207.1	AAQR03198207.1	NW_003858155.1
otoGar3:AAQR03198208	AAQR03198208		AAQR03198208.1	AAQR03198208.1	NW_003858156.1
otoGar3:AAQR03198209	AAQR03198209		AAQR03198209.1	AAQR03198209.1	NW_003858157.1
otoGar3:AAQR03198210	AAQR03198210		AAQR03198210.1	AAQR03198210.1	NW_003858158.1
otoGar3:AAQR03198211	AAQR03198211		AAQR03198211.1	AAQR03198211.1	NW_003858159.1
otoGar3:AAQR03198212	AAQR03198212		AAQR03198212.1	AAQR03198212.1	NW_003858160.1
otoGar3:AAQR03198213	AAQR03198213		AAQR03198213.1	AAQR03198213.1	NW_003858161.1
otoGar3:AAQR03198214	AAQR03198214		AAQR03198214.1	AAQR03198214.1	NW_003858162.1
otoGar3:AAQR03198215	AAQR03198215		AAQR03198215.1	AAQR03198215.1	NW_003858163.1
otoGar3:AAQR03198216	AAQR03198216		AAQR03198216.1	AAQR03198216.1	NW_003858164.1
otoGar3:AAQR03198217	AAQR03198217		AAQR03198217.1	AAQR03198217.1	NW_003858165.1
otoGar3:AAQR03198218	AAQR03198218		AAQR03198218.1	AAQR03198218.1	NW_003858166.1
otoGar3:AAQR03198219	AAQR03198219		AAQR03198219.1	AAQR03198219.1	NW_003858167.1
otoGar3:AAQR03198220	AAQR03198220		AAQR03198220.1	AAQR03198220.1	NW_003858168.1
otoGar3:AAQR03198221	AAQR03198221		AAQR03198221.1	AAQR03198221.1	NW_003858169.1
otoGar3:AAQR03198222	AAQR03198222		AAQR03198222.1	AAQR03198222.1	NW_003858170.1
otoGar3:AAQR03198223	AAQR03198223		AAQR03198223.1	AAQR03198223.1	NW_003858171.1
otoGar3:AAQR03198224	AAQR03198224		AAQR03198224.1	AAQR03198224.1	NW_003858172.1
otoGar3:AAQR03198225	AAQR03198225		AAQR03198225.1	AAQR03198225.1	NW_003858173.1
otoGar3:AAQR03198226	AAQR03198226		AAQR03198226.1	AAQR03198226.1	NW_003858174.1
otoGar3:AAQR03198227	AAQR03198227		AAQR03198227.1	AAQR03198227.1	NW_003858175.1
otoGar3:AAQR03198228	AAQR03198228		AAQR03198228.1	AAQR03198228.1	NW_003858176.1
otoGar3:AAQR03198229	AAQR03198229		AAQR03198229.1	AAQR03198229.1	NW_003858177.1
otoGar3:AAQR03198230	AAQR03198230		AAQR03198230.1	AAQR03198230.1	NW_003858178.1
otoGar3:AAQR03198231	AAQR03198231		AAQR03198231.1	AAQR03198231.1	NW_003858179.1
otoGar3:AAQR03198232	AAQR03198232		AAQR03198232.1	AAQR03198232.1	NW_003858180.1
otoGar3:AAQR03198233	AAQR03198233		AAQR03198233.1	AAQR03198233.1	NW_003858181.1
otoGar3:AAQR03198234	AAQR03198234		AAQR03198234.1	AAQR03198234.1	NW_003858182.1
otoGar3:AAQR03198235	AAQR03198235		AAQR03198235.1	AAQR03198235.1	NW_003858183.1
otoGar3:AAQR03198236	AAQR03198236		AAQR03198236.1	AAQR03198236.1	NW_003858184.1
otoGar3:AAQR03198237	AAQR03198237		AAQR03198237.1	AAQR03198237.1	NW_003858185.1
otoGar3:AAQR03198238	AAQR03198238		AAQR03198238.1	AAQR03198238.1	NW_003858186.1
otoGar3:AAQR03198239	AAQR03198239		AAQR03198239.1	AAQR03198239.1	NW_003858187.1
otoGar3:AAQR03198240	AAQR03198240		AAQR03198240.1	AAQR03198240.1	NW_003858188.1
otoGar3:AAQR03198241	AAQR03198241		AAQR03198241.1	AAQR03198241.1	NW_003858189.1
otoGar3:AAQR03198242	AAQR03198242		AAQR03198242.1	AAQR03198242.1	NW_003858190.1
otoGar3:AAQR03198243	AAQR03198243		AAQR03198243.1	AAQR03198243.1	NW_003858191.1
otoGar3:AAQR03198244	AAQR03198244		AAQR03198244.1	AAQR03198244.1	NW_003858192.1
otoGar3:AAQR03198245	AAQR03198245		AAQR03198245.1	AAQR03198245.1	NW_003858193.1
otoGar3:AAQR03198246	AAQR03198246		AAQR03198246.1	AAQR03198246.1	NW_003858194.1
otoGar3:AAQR03198247	AAQR03198247		AAQR03198247.1	AAQR03198247.1	NW_003858195.1
otoGar3:AAQR03198248	AAQR03198248		AAQR03198248.1	AAQR03198248.1	NW_003858196.1
otoGar3:AAQR03198249	AAQR03198249		AAQR03198249.1	AAQR03198249.1	NW_003858197.1
otoGar3:AAQR03198250	AAQR03198250		AAQR03198250.1	AAQR03198250.1	NW_003858198.1
otoGar3:AAQR03198251	AAQR03198251		AAQR03198251.1	AAQR03198251.1	NW_003858199.1
otoGar3:AAQR03198252	AAQR03198252		AAQR03198252.1	AAQR03198252.1	NW_003858200.1
otoGar3:AAQR03198253	AAQR03198253		AAQR03198253.1	AAQR03198253.1	NW_003858201.1
otoGar3:AAQR03198254	AAQR03198254		AAQR03198254.1	AAQR03198254.1	NW_003858202.1
otoGar3:AAQR03198255	AAQR03198255		AAQR03198255.1	AAQR03198255.1	NW_003858203.1
otoGar3:AAQR03198256	AAQR03198256		AAQR03198256.1	AAQR03198256.1	NW_003858204.1
otoGar3:AAQR03198257	AAQR03198257		AAQR03198257.1	AAQR03198257.1	NW_003858205.1
otoGar3:AAQR03198258	AAQR03198258		AAQR03198258.1	AAQR03198258.1	NW_003858206.1
otoGar3:AAQR03198259	AAQR03198259		AAQR03198259.1	AAQR03198259.1	NW_003858207.1
otoGar3:AAQR03198260	AAQR03198260		AAQR03198260.1	AAQR03198260.1	NW_003858208.1
otoGar3:AAQR03198261	AAQR03198261		AAQR03198261.1	AAQR03198261.1	NW_003858209.1
otoGar3:AAQR03198262	AAQR03198262		AAQR03198262.1	AAQR03198262.1	NW_003858210.1
otoGar3:AAQR03198263	AAQR03198263		AAQR03198263.1	AAQR03198263.1	NW_003858211.1
otoGar3:AAQR03198264	AAQR03198264		AAQR03198264.1	AAQR03198264.1	NW_003858212.1
otoGar3:AAQR03198265	AAQR03198265		AAQR03198265.1	AAQR03198265.1	NW_003858213.1
otoGar3:AAQR03198266	AAQR03198266		AAQR03198266.1	AAQR03198266.1	NW_003858214.1
otoGar3:AAQR03198267	AAQR03198267		AAQR03198267.1	AAQR03198267.1	NW_003858215.1
otoGar3:AAQR03198268	AAQR03198268		AAQR03198268.1	AAQR03198268.1	NW_003858216.1
otoGar3:AAQR03198269	AAQR03198269		AAQR03198269.1	AAQR03198269.1	NW_003858217.1
otoGar3:AAQR03198270	AAQR03198270		AAQR03198270.1	AAQR03198270.1	NW_003858218.1
otoGar3:AAQR03198271	AAQR03198271		AAQR03198271.1	AAQR03198271.1	NW_003858219.1
otoGar3:AAQR03198272	AAQR03198272		AAQR03198272.1	AAQR03198272.1	NW_003858220.1
otoGar3:AAQR03198273	AAQR03198273		AAQR03198273.1	AAQR03198273.1	NW_003858221.1
otoGar3:AAQR03198274	AAQR03198274		AAQR03198274.1	AAQR03198274.1	NW_003858222.1
otoGar3:AAQR03198275	AAQR03198275		AAQR03198275.1	AAQR03198275.1	NW_003858223.1
otoGar3:AAQR03198276	AAQR03198276		AAQR03198276.1	AAQR03198276.1	NW_003858224.1
otoGar3:AAQR03198277	AAQR03198277		AAQR03198277.1	AAQR03198277.1	NW_003858225.1
otoGar3:AAQR03198278	AAQR03198278		AAQR03198278.1	AAQR03198278.1	NW_003858226.1
otoGar3:AAQR03198279	AAQR03198279		AAQR03198279.1	AAQR03198279.1	NW_003858227.1
otoGar3:AAQR03198280	AAQR03198280		AAQR03198280.1	AAQR03198280.1	NW_003858228.1
otoGar3:AAQR03198281	AAQR03198281		AAQR03198281.1	AAQR03198281.1	NW_003858229.1
otoGar3:AAQR03198282	AAQR03198282		AAQR03198282.1	AAQR03198282.1	NW_003858230.1
otoGar3:AAQR03198283	AAQR03198283		AAQR03198283.1	AAQR03198283.1	NW_003858231.1
otoGar3:AAQR03198284	AAQR03198284		AAQR03198284.1	AAQR03198284.1	NW_003858232.1
otoGar3:AAQR03198285	AAQR03198285		AAQR03198285.1	AAQR03198285.1	NW_003858233.1
otoGar3:AAQR03198286	AAQR03198286		AAQR03198286.1	AAQR03198286.1	NW_003858234.1
otoGar3:AAQR03198287	AAQR03198287		AAQR03198287.1	AAQR03198287.1	NW_003858235.1
otoGar3:AAQR03198288	AAQR03198288		AAQR03198288.1	AAQR03198288.1	NW_003858236.1
otoGar3:AAQR03198289	AAQR03198289		AAQR03198289.1	AAQR03198289.1	NW_003858237.1
otoGar3:AAQR03198290	AAQR03198290		AAQR03198290.1	AAQR03198290.1	NW_003858238.1
otoGar3:AAQR03198291	AAQR03198291		AAQR03198291.1	AAQR03198291.1	NW_003858239.1
otoGar3:AAQR03198292	AAQR03198292		AAQR03198292.1	AAQR03198292.1	NW_003858240.1
otoGar3:AAQR03198293	AAQR03198293		AAQR03198293.1	AAQR03198293.1	NW_003858241.1
otoGar3:AAQR03198294	AAQR03198294		AAQR03198294.1	AAQR03198294.1	NW_003858242.1
otoGar3:AAQR03198295	AAQR03198295		AAQR03198295.1	AAQR03198295.1	NW_003858243.1
otoGar3:AAQR03198296	AAQR03198296		AAQR03198296.1	AAQR03198296.1	NW_003858244.1
otoGar3:AAQR03198297	AAQR03198297		AAQR03198297.1	AAQR03198297.1	NW_003858245.1
otoGar3:AAQR03198298	AAQR03198298		AAQR03198298.1	AAQR03198298.1	NW_003858246.1
otoGar3:AAQR03198299	AAQR03198299		AAQR03198299.1	AAQR03198299.1	NW_003858247.1
otoGar3:AAQR03198300	AAQR03198300		AAQR03198300.1	AAQR03198300.1	NW_003858248.1
otoGar3:AAQR03198301	AAQR03198301		AAQR03198301.1	AAQR03198301.1	NW_003858249.1
otoGar3:AAQR03198302	AAQR03198302		AAQR03198302.1	AAQR03198302.1	NW_003858250.1
otoGar3:AAQR03198303	AAQR03198303		AAQR03198303.1	AAQR03198303.1	NW_003858251.1
otoGar3:AAQR03198304	AAQR03198304		AAQR03198304.1	AAQR03198304.1	NW_003858252.1
otoGar3:AAQR03198305	AAQR03198305		AAQR03198305.1	AAQR03198305.1	NW_003858253.1
otoGar3:AAQR03198306	AAQR03198306		AAQR03198306.1	AAQR03198306.1	NW_003858254.1
otoGar3:AAQR03198307	AAQR03198307		AAQR03198307.1	AAQR03198307.1	NW_003858255.1
otoGar3:AAQR03198308	AAQR03198308		AAQR03198308.1	AAQR03198308.1	NW_003858256.1
otoGar3:AAQR03198309	AAQR03198309		AAQR03198309.1	AAQR03198309.1	NW_003858257.1
otoGar3:AAQR03198310	AAQR03198310		AAQR03198310.1	AAQR03198310.1	NW_003858258.1
otoGar3:AAQR03198311	AAQR03198311		AAQR03198311.1	AAQR03198311.1	NW_003858259.1
otoGar3:AAQR03198312	AAQR03198312		AAQR03198312.1	AAQR03198312.1	NW_003858260.1
otoGar3:AAQR03198313	AAQR03198313		AAQR03198313.1	AAQR03198313.1	NW_003858261.1
otoGar3:AAQR03198314	AAQR03198314		AAQR03198314.1	AAQR03198314.1	NW_003858262.1
otoGar3:AAQR03198315	AAQR03198315		AAQR03198315.1	AAQR03198315.1	NW_003858263.1
otoGar3:AAQR03198316	AAQR03198316		AAQR03198316.1	AAQR03198316.1	NW_003858264.1
otoGar3:AAQR03198317	AAQR03198317		AAQR03198317.1	AAQR03198317.1	NW_003858265.1
otoGar3:AAQR03198318	AAQR03198318		AAQR03198318.1	AAQR03198318.1	NW_003858266.1
otoGar3:AAQR03198319	AAQR03198319		AAQR03198319.1	AAQR03198319.1	NW_003858267.1
otoGar3:AAQR03198320	AAQR03198320		AAQR03198320.1	AAQR03198320.1	NW_003858268.1
otoGar3:AAQR03198321	AAQR03198321		AAQR03198321.1	AAQR03198321.1	NW_003858269.1
otoGar3:AAQR03198322	AAQR03198322		AAQR03198322.1	AAQR03198322.1	NW_003858270.1
otoGar3:AAQR03198323	AAQR03198323		AAQR03198323.1	AAQR03198323.1	NW_003858271.1
otoGar3:AAQR03198324	AAQR03198324		AAQR03198324.1	AAQR03198324.1	NW_003858272.1
otoGar3:AAQR03198325	AAQR03198325		AAQR03198325.1	AAQR03198325.1	NW_003858273.1
otoGar3:AAQR03198326	AAQR03198326		AAQR03198326.1	AAQR03198326.1	NW_003858274.1
otoGar3:AAQR03198327	AAQR03198327		AAQR03198327.1	AAQR03198327.1	NW_003858275.1
otoGar3:AAQR03198328	AAQR03198328		AAQR03198328.1	AAQR03198328.1	NW_003858276.1
otoGar3:AAQR03198329	AAQR03198329		AAQR03198329.1	AAQR03198329.1	NW_003858277.1
otoGar3:AAQR03198330	AAQR03198330		AAQR03198330.1	AAQR03198330.1	NW_003858278.1
otoGar3:AAQR03198331	AAQR03198331		AAQR03198331.1	AAQR03198331.1	NW_003858279.1
otoGar3:AAQR03198332	AAQR03198332		AAQR03198332.1	AAQR03198332.1	NW_003858280.1
otoGar3:AAQR03198333	AAQR03198333		AAQR03198333.1	AAQR03198333.1	NW_003858281.1
otoGar3:AAQR03198334	AAQR03198334		AAQR03198334.1	AAQR03198334.1	NW_003858282.1
otoGar3:AAQR03198335	AAQR03198335		AAQR03198335.1	AAQR03198335.1	NW_003858283.1
otoGar3:AAQR03198336	AAQR03198336		AAQR03198336.1	AAQR03198336.1	NW_003858284.1
otoGar3:AAQR03198337	AAQR03198337		AAQR03198337.1	AAQR03198337.1	NW_003858285.1
otoGar3:AAQR03198338	AAQR03198338		AAQR03198338.1	AAQR03198338.1	NW_003858286.1
otoGar3:AAQR03198339	AAQR03198339		AAQR03198339.1	AAQR03198339.1	NW_003858287.1
otoGar3:AAQR03198340	AAQR03198340		AAQR03198340.1	AAQR03198340.1	NW_003858288.1
otoGar3:AAQR03198341	AAQR03198341		AAQR03198341.1	AAQR03198341.1	NW_003858289.1
otoGar3:AAQR03198342	AAQR03198342		AAQR03198342.1	AAQR03198342.1	NW_003858290.1
otoGar3:AAQR03198343	AAQR03198343		AAQR03198343.1	AAQR03198343.1	NW_003858291.1
otoGar3:AAQR03198344	AAQR03198344		AAQR03198344.1	AAQR03198344.1	NW_003858292.1
otoGar3:AAQR03198345	AAQR03198345		AAQR03198345.1	AAQR03198345.1	NW_003858293.1
otoGar3:AAQR03198346	AAQR03198346		AAQR03198346.1	AAQR03198346.1	NW_003858294.1
otoGar3:AAQR03198347	AAQR03198347		AAQR03198347.1	AAQR03198347.1	NW_003858295.1
otoGar3:AAQR03198348	AAQR03198348		AAQR03198348.1	AAQR03198348.1	NW_003858296.1
otoGar3:AAQR03198349	AAQR03198349		AAQR03198349.1	AAQR03198349.1	NW_003858297.1
otoGar3:AAQR03198350	AAQR03198350		AAQR03198350.1	AAQR03198350.1	NW_003858298.1
otoGar3:AAQR03198351	AAQR03198351		AAQR03198351.1	AAQR03198351.1	NW_003858299.1
otoGar3:AAQR03198352	AAQR03198352		AAQR03198352.1	AAQR03198352.1	NW_003858300.1
otoGar3:AAQR03198353	AAQR03198353		AAQR03198353.1	AAQR03198353.1	NW_003858301.1
otoGar3:AAQR03198354	AAQR03198354		AAQR03198354.1	AAQR03198354.1	NW_003858302.1
otoGar3:AAQR03198355	AAQR03198355		AAQR03198355.1	AAQR03198355.1	NW_003858303.1
otoGar3:AAQR03198356	AAQR03198356		AAQR03198356.1	AAQR03198356.1	NW_003858304.1
otoGar3:AAQR03198357	AAQR03198357		AAQR03198357.1	AAQR03198357.1	NW_003858305.1
otoGar3:AAQR03198358	AAQR03198358		AAQR03198358.1	AAQR03198358.1	NW_003858306.1
otoGar3:AAQR03198359	AAQR03198359		AAQR03198359.1	AAQR03198359.1	NW_003858307.1
otoGar3:AAQR03198360	AAQR03198360		AAQR03198360.1	AAQR03198360.1	NW_003858308.1
otoGar3:AAQR03198361	AAQR03198361		AAQR03198361.1	AAQR03198361.1	NW_003858309.1
otoGar3:AAQR03198362	AAQR03198362		AAQR03198362.1	AAQR03198362.1	NW_003858310.1
otoGar3:AAQR03198363	AAQR03198363		AAQR03198363.1	AAQR03198363.1	NW_003858311.1
otoGar3:AAQR03198364	AAQR03198364		AAQR03198364.1	AAQR03198364.1	NW_003858312.1
otoGar3:AAQR03198365	AAQR03198365		AAQR03198365.1	AAQR03198365.1	NW_003858313.1
otoGar3:AAQR03198366	AAQR03198366		AAQR03198366.1	AAQR03198366.1	NW_003858314.1
otoGar3:AAQR03198367	AAQR03198367		AAQR03198367.1	AAQR03198367.1	NW_003858315.1
otoGar3:AAQR03198368	AAQR03198368		AAQR03198368.1	AAQR03198368.1	NW_003858316.1
otoGar3:AAQR03198369	AAQR03198369		AAQR03198369.1	AAQR03198369.1	NW_003858317.1
otoGar3:AAQR03198370	AAQR03198370		AAQR03198370.1	AAQR03198370.1	NW_003858318.1
otoGar3:AAQR03198371	AAQR03198371		AAQR03198371.1	AAQR03198371.1	NW_003858319.1
otoGar3:AAQR03198372	AAQR03198372		AAQR03198372.1	AAQR03198372.1	NW_003858320.1
otoGar3:AAQR03198373	AAQR03198373		AAQR03198373.1	AAQR03198373.1	NW_003858321.1
otoGar3:AAQR03198374	AAQR03198374		AAQR03198374.1	AAQR03198374.1	NW_003858322.1
otoGar3:AAQR03198375	AAQR03198375		AAQR03198375.1	AAQR03198375.1	NW_003858323.1
otoGar3:AAQR03198376	AAQR03198376		AAQR03198376.1	AAQR03198376.1	NW_003858324.1
otoGar3:AAQR03198377	AAQR03198377		AAQR03198377.1	AAQR03198377.1	NW_003858325.1
otoGar3:AAQR03198378	AAQR03198378		AAQR03198378.1	AAQR03198378.1	NW_003858326.1
otoGar3:AAQR03198379	AAQR03198379		AAQR03198379.1	AAQR03198379.1	NW_003858327.1
otoGar3:AAQR03198380	AAQR03198380		AAQR03198380.1	AAQR03198380.1	NW_003858328.1
otoGar3:AAQR03198381	AAQR03198381		AAQR03198381.1	AAQR03198381.1	NW_003858329.1
otoGar3:AAQR03198382	AAQR03198382		AAQR03198382.1	AAQR03198382.1	NW_003858330.1
otoGar3:AAQR03198383	AAQR03198383		AAQR03198383.1	AAQR03198383.1	NW_003858331.1
otoGar3:AAQR03198384	AAQR03198384		AAQR03198384.1	AAQR03198384.1	NW_003858332.1
otoGar3:AAQR03198385	AAQR03198385		AAQR03198385.1	AAQR03198385.1	NW_003858333.1
otoGar3:AAQR03198386	AAQR03198386		AAQR03198386.1	AAQR03198386.1	NW_003858334.1
otoGar3:AAQR03198387	AAQR03198387		AAQR03198387.1	AAQR03198387.1	NW_003858335.1
otoGar3:AAQR03198388	AAQR03198388		AAQR03198388.1	AAQR03198388.1	NW_003858336.1
otoGar3:AAQR03198389	AAQR03198389		AAQR03198389.1	AAQR03198389.1	NW_003858337.1
otoGar3:AAQR03198390	AAQR03198390		AAQR03198390.1	AAQR03198390.1	NW_003858338.1
otoGar3:AAQR03198391	AAQR03198391		AAQR03198391.1	AAQR03198391.1	NW_003858339.1
otoGar3:AAQR03198392	AAQR03198392		AAQR03198392.1	AAQR03198392.1	NW_003858340.1
otoGar3:AAQR03198393	AAQR03198393		AAQR03198393.1	AAQR03198393.1	NW_003858341.1
otoGar3:AAQR03198394	AAQR03198394		AAQR03198394.1	AAQR03198394.1	NW_003858342.1
otoGar3:AAQR03198395	AAQR03198395		AAQR03198395.1	AAQR03198395.1	NW_003858343.1
otoGar3:AAQR03198396	AAQR03198396		AAQR03198396.1	AAQR03198396.1	NW_003858344.1
otoGar3:AAQR03198397	AAQR03198397		AAQR03198397.1	AAQR03198397.1	NW_003858345.1
otoGar3:AAQR03198398	AAQR03198398		AAQR03198398.1	AAQR03198398.1	NW_003858346.1
otoGar3:AAQR03198399	AAQR03198399		AAQR03198399.1	AAQR03198399.1	NW_003858347.1
otoGar3:AAQR03198400	AAQR03198400		AAQR03198400.1	AAQR03198400.1	NW_003858348.1
otoGar3:AAQR03198401	AAQR03198401		AAQR03198401.1	AAQR03198401.1	NW_003858349.1
otoGar3:AAQR03198402	AAQR03198402		AAQR03198402.1	AAQR03198402.1	NW_003858350.1
otoGar3:AAQR03198403	AAQR03198403		AAQR03198403.1	AAQR03198403.1	NW_003858351.1
otoGar3:AAQR03198404	AAQR03198404		AAQR03198404.1	AAQR03198404.1	NW_003858352.1
otoGar3:AAQR03198405	AAQR03198405		AAQR03198405.1	AAQR03198405.1	NW_003858353.1
otoGar3:AAQR03198406	AAQR03198406		AAQR03198406.1	AAQR03198406.1	NW_003858354.1
otoGar3:AAQR03198407	AAQR03198407		AAQR03198407.1	AAQR03198407.1	NW_003858355.1
otoGar3:AAQR03198408	AAQR03198408		AAQR03198408.1	AAQR03198408.1	NW_003858356.1
otoGar3:AAQR03198409	AAQR03198409		AAQR03198409.1	AAQR03198409.1	NW_003858357.1
otoGar3:AAQR03198410	AAQR03198410		AAQR03198410.1	AAQR03198410.1	NW_003858358.1
otoGar3:AAQR03198411	AAQR03198411		AAQR03198411.1	AAQR03198411.1	NW_003858359.1
otoGar3:AAQR03198412	AAQR03198412		AAQR03198412.1	AAQR03198412.1	NW_003858360.1
otoGar3:AAQR03198413	AAQR03198413		AAQR03198413.1	AAQR03198413.1	NW_003858361.1
otoGar3:AAQR03198414	AAQR03198414		AAQR03198414.1	AAQR03198414.1	NW_003858362.1
otoGar3:AAQR03198415	AAQR03198415		AAQR03198415.1	AAQR03198415.1	NW_003858363.1
otoGar3:AAQR03198416	AAQR03198416		AAQR03198416.1	AAQR03198416.1	NW_003858364.1
otoGar3:AAQR03198417	AAQR03198417		AAQR03198417.1	AAQR03198417.1	NW_003858365.1
otoGar3:AAQR03198418	AAQR03198418		AAQR03198418.1	AAQR03198418.1	NW_003858366.1
otoGar3:AAQR03198419	AAQR03198419		AAQR03198419.1	AAQR03198419.1	NW_003858367.1
otoGar3:AAQR03198420	AAQR03198420		AAQR03198420.1	AAQR03198420.1	NW_003858368.1
otoGar3:AAQR03198421	AAQR03198421		AAQR03198421.1	AAQR03198421.1	NW_003858369.1
otoGar3:AAQR03198422	AAQR03198422		AAQR03198422.1	AAQR03198422.1	NW_003858370.1
otoGar3:AAQR03198423	AAQR03198423		AAQR03198423.1	AAQR03198423.1	NW_003858371.1
otoGar3:AAQR03198424	AAQR03198424		AAQR03198424.1	AAQR03198424.1	NW_003858372.1
otoGar3:AAQR03198425	AAQR03198425		AAQR03198425.1	AAQR03198425.1	NW_003858373.1
otoGar3:AAQR03198426	AAQR03198426		AAQR03198426.1	AAQR03198426.1	NW_003858374.1
otoGar3:AAQR03198427	AAQR03198427		AAQR03198427.1	AAQR03198427.1	NW_003858375.1
otoGar3:AAQR03198428	AAQR03198428		AAQR03198428.1	AAQR03198428.1	NW_003858376.1
otoGar3:AAQR03198429	AAQR03198429		AAQR03198429.1	AAQR03198429.1	NW_003858377.1
otoGar3:AAQR03198430	AAQR03198430		AAQR03198430.1	AAQR03198430.1	NW_003858378.1
otoGar3:AAQR03198431	AAQR03198431		AAQR03198431.1	AAQR03198431.1	NW_003858379.1
otoGar3:AAQR03198432	AAQR03198432		AAQR03198432.1	AAQR03198432.1	NW_003858380.1
otoGar3:AAQR03198433	AAQR03198433		AAQR03198433.1	AAQR03198433.1	NW_003858381.1
otoGar3:AAQR03198434	AAQR03198434		AAQR03198434.1	AAQR03198434.1	NW_003858382.1
otoGar3:AAQR03198435	AAQR03198435		AAQR03198435.1	AAQR03198435.1	NW_003858383.1
otoGar3:AAQR03198436	AAQR03198436		AAQR03198436.1	AAQR03198436.1	NW_003858384.1
otoGar3:AAQR03198437	AAQR03198437		AAQR03198437.1	AAQR03198437.1	NW_003858385.1
otoGar3:AAQR03198438	AAQR03198438		AAQR03198438.1	AAQR03198438.1	NW_003858386.1
otoGar3:AAQR03198439	AAQR03198439		AAQR03198439.1	AAQR03198439.1	NW_003858387.1
otoGar3:AAQR03198440	AAQR03198440		AAQR03198440.1	AAQR03198440.1	NW_003858388.1
otoGar3:AAQR03198441	AAQR03198441		AAQR03198441.1	AAQR03198441.1	NW_003858389.1
otoGar3:AAQR03198442	AAQR03198442		AAQR03198442.1	AAQR03198442.1	NW_003858390.1
otoGar3:AAQR03198443	AAQR03198443		AAQR03198443.1	AAQR03198443.1	NW_003858391.1
otoGar3:AAQR03198444	AAQR03198444		AAQR03198444.1	AAQR03198444.1	NW_003858392.1
otoGar3:AAQR03198445	AAQR03198445		AAQR03198445.1	AAQR03198445.1	NW_003858393.1
otoGar3:AAQR03198446	AAQR03198446		AAQR03198446.1	AAQR03198446.1	NW_003858394.1
otoGar3:AAQR03198447	AAQR03198447		AAQR03198447.1	AAQR03198447.1	NW_003858395.1
otoGar3:AAQR03198448	AAQR03198448		AAQR03198448.1	AAQR03198448.1	NW_003858396.1
otoGar3:AAQR03198449	AAQR03198449		AAQR03198449.1	AAQR03198449.1	NW_003858397.1
otoGar3:AAQR03198450	AAQR03198450		AAQR03198450.1	AAQR03198450.1	NW_003858398.1
otoGar3:AAQR03198451	AAQR03198451		AAQR03198451.1	AAQR03198451.1	NW_003858399.1
otoGar3:AAQR03198452	AAQR03198452		AAQR03198452.1	AAQR03198452.1	NW_003858400.1
otoGar3:AAQR03198453	AAQR03198453		AAQR03198453.1	AAQR03198453.1	NW_003858401.1
otoGar3:AAQR03198454	AAQR03198454		AAQR03198454.1	AAQR03198454.1	NW_003858402.1
otoGar3:AAQR03198455	AAQR03198455		AAQR03198455.1	AAQR03198455.1	NW_003858403.1
otoGar3:AAQR03198456	AAQR03198456		AAQR03198456.1	AAQR03198456.1	NW_003858404.1
otoGar3:AAQR03198457	AAQR03198457		AAQR03198457.1	AAQR03198457.1	NW_003858405.1
otoGar3:AAQR03198458	AAQR03198458		AAQR03198458.1	AAQR03198458.1	NW_003858406.1
otoGar3:AAQR03198459	AAQR03198459		AAQR03198459.1	AAQR03198459.1	NW_003858407.1
otoGar3:AAQR03198460	AAQR03198460		AAQR03198460.1	AAQR03198460.1	NW_003858408.1
otoGar3:AAQR03198461	AAQR03198461		AAQR03198461.1	AAQR03198461.1	NW_003858409.1
otoGar3:AAQR03198462	AAQR03198462		AAQR03198462.1	AAQR03198462.1	NW_003858410.1
otoGar3:AAQR03198463	AAQR03198463		AAQR03198463.1	AAQR03198463.1	NW_003858411.1
otoGar3:AAQR03198464	AAQR03198464		AAQR03198464.1	AAQR03198464.1	NW_003858412.1
otoGar3:AAQR03198465	AAQR03198465		AAQR03198465.1	AAQR03198465.1	NW_003858413.1
otoGar3:AAQR03198466	AAQR03198466		AAQR03198466.1	AAQR03198466.1	NW_003858414.1
otoGar3:AAQR03198467	AAQR03198467		AAQR03198467.1	AAQR03198467.1	NW_003858415.1
otoGar3:AAQR03198468	AAQR03198468		AAQR03198468.1	AAQR03198468.1	NW_003858416.1
otoGar3:AAQR03198469	AAQR03198469		AAQR03198469.1	AAQR03198469.1	NW_003858417.1
otoGar3:AAQR03198470	AAQR03198470		AAQR03198470.1	AAQR03198470.1	NW_003858418.1
otoGar3:AAQR03198471	AAQR03198471		AAQR03198471.1	AAQR03198471.1	NW_003858419.1
otoGar3:AAQR03198472	AAQR03198472		AAQR03198472.1	AAQR03198472.1	NW_003858420.1
otoGar3:AAQR03198473	AAQR03198473		AAQR03198473.1	AAQR03198473.1	NW_003858421.1
otoGar3:AAQR03198474	AAQR03198474		AAQR03198474.1	AAQR03198474.1	NW_003858422.1
otoGar3:AAQR03198475	AAQR03198475		AAQR03198475.1	AAQR03198475.1	NW_003858423.1
otoGar3:AAQR03198476	AAQR03198476		AAQR03198476.1	AAQR03198476.1	NW_003858424.1
otoGar3:AAQR03198477	AAQR03198477		AAQR03198477.1	AAQR03198477.1	NW_003858425.1
otoGar3:AAQR03198478	AAQR03198478		AAQR03198478.1	AAQR03198478.1	NW_003858426.1
otoGar3:AAQR03198479	AAQR03198479		AAQR03198479.1	AAQR03198479.1	NW_003858427.1
otoGar3:AAQR03198480	AAQR03198480		AAQR03198480.1	AAQR03198480.1	NW_003858428.1
otoGar3:AAQR03198481	AAQR03198481		AAQR03198481.1	AAQR03198481.1	NW_003858429.1
otoGar3:AAQR03198482	AAQR03198482		AAQR03198482.1	AAQR03198482.1	NW_003858430.1
otoGar3:AAQR03198483	AAQR03198483		AAQR03198483.1	AAQR03198483.1	NW_003858431.1
otoGar3:AAQR03198484	AAQR03198484		AAQR03198484.1	AAQR03198484.1	NW_003858432.1
otoGar3:AAQR03198485	AAQR03198485		AAQR03198485.1	AAQR03198485.1	NW_003858433.1
otoGar3:AAQR03198486	AAQR03198486		AAQR03198486.1	AAQR03198486.1	NW_003858434.1
otoGar3:AAQR03198487	AAQR03198487		AAQR03198487.1	AAQR03198487.1	NW_003858435.1
otoGar3:AAQR03198488	AAQR03198488		AAQR03198488.1	AAQR03198488.1	NW_003858436.1
otoGar3:AAQR03198489	AAQR03198489		AAQR03198489.1	AAQR03198489.1	NW_003858437.1
otoGar3:AAQR03198490	AAQR03198490		AAQR03198490.1	AAQR03198490.1	NW_003858438.1
otoGar3:AAQR03198491	AAQR03198491		AAQR03198491.1	AAQR03198491.1	NW_003858439.1
otoGar3:AAQR03198492	AAQR03198492		AAQR03198492.1	AAQR03198492.1	NW_003858440.1
otoGar3:AAQR03198493	AAQR03198493			AAQR03198493.1	NW_003858441.1
otoGar3:AAQR03198494	AAQR03198494		AAQR03198494.1	AAQR03198494.1	NW_003858442.1
otoGar3:AAQR03198495	AAQR03198495		AAQR03198495.1	AAQR03198495.1	NW_003858443.1
otoGar3:AAQR03198496	AAQR03198496		AAQR03198496.1	AAQR03198496.1	NW_003858444.1
otoGar3:AAQR03198497	AAQR03198497		AAQR03198497.1	AAQR03198497.1	NW_003858445.1
otoGar3:AAQR03198498	AAQR03198498		AAQR03198498.1	AAQR03198498.1	NW_003858446.1
otoGar3:AAQR03198499	AAQR03198499		AAQR03198499.1	AAQR03198499.1	NW_003858447.1
otoGar3:AAQR03198500	AAQR03198500		AAQR03198500.1	AAQR03198500.1	NW_003858448.1
otoGar3:AAQR03198501	AAQR03198501		AAQR03198501.1	AAQR03198501.1	NW_003858449.1
otoGar3:AAQR03198502	AAQR03198502		AAQR03198502.1	AAQR03198502.1	NW_003858450.1
otoGar3:AAQR03198503	AAQR03198503		AAQR03198503.1	AAQR03198503.1	NW_003858451.1
otoGar3:AAQR03198504	AAQR03198504		AAQR03198504.1	AAQR03198504.1	NW_003858452.1
otoGar3:AAQR03198505	AAQR03198505		AAQR03198505.1	AAQR03198505.1	NW_003858453.1
otoGar3:AAQR03198506	AAQR03198506		AAQR03198506.1	AAQR03198506.1	NW_003858454.1
otoGar3:AAQR03198507	AAQR03198507		AAQR03198507.1	AAQR03198507.1	NW_003858455.1
otoGar3:AAQR03198508	AAQR03198508		AAQR03198508.1	AAQR03198508.1	NW_003858456.1
otoGar3:AAQR03198509	AAQR03198509		AAQR03198509.1	AAQR03198509.1	NW_003858457.1
otoGar3:AAQR03198510	AAQR03198510		AAQR03198510.1	AAQR03198510.1	NW_003858458.1
otoGar3:AAQR03198511	AAQR03198511		AAQR03198511.1	AAQR03198511.1	NW_003858459.1
otoGar3:AAQR03198512	AAQR03198512		AAQR03198512.1	AAQR03198512.1	NW_003858460.1
otoGar3:AAQR03198513	AAQR03198513		AAQR03198513.1	AAQR03198513.1	NW_003858461.1
otoGar3:AAQR03198514	AAQR03198514		AAQR03198514.1	AAQR03198514.1	NW_003858462.1
otoGar3:AAQR03198515	AAQR03198515		AAQR03198515.1	AAQR03198515.1	NW_003858463.1
otoGar3:AAQR03198516	AAQR03198516		AAQR03198516.1	AAQR03198516.1	NW_003858464.1
otoGar3:AAQR03198517	AAQR03198517		AAQR03198517.1	AAQR03198517.1	NW_003858465.1
otoGar3:AAQR03198518	AAQR03198518		AAQR03198518.1	AAQR03198518.1	NW_003858466.1
otoGar3:AAQR03198519	AAQR03198519		AAQR03198519.1	AAQR03198519.1	NW_003858467.1
otoGar3:AAQR03198520	AAQR03198520		AAQR03198520.1	AAQR03198520.1	NW_003858468.1
otoGar3:AAQR03198521	AAQR03198521		AAQR03198521.1	AAQR03198521.1	NW_003858469.1
otoGar3:AAQR03198522	AAQR03198522		AAQR03198522.1	AAQR03198522.1	NW_003858470.1
otoGar3:AAQR03198523	AAQR03198523		AAQR03198523.1	AAQR03198523.1	NW_003858471.1
otoGar3:AAQR03198524	AAQR03198524		AAQR03198524.1	AAQR03198524.1	NW_003858472.1
otoGar3:AAQR03198525	AAQR03198525		AAQR03198525.1	AAQR03198525.1	NW_003858473.1
otoGar3:AAQR03198526	AAQR03198526		AAQR03198526.1	AAQR03198526.1	NW_003858474.1
otoGar3:AAQR03198527	AAQR03198527		AAQR03198527.1	AAQR03198527.1	NW_003858475.1
otoGar3:AAQR03198528	AAQR03198528		AAQR03198528.1	AAQR03198528.1	NW_003858476.1
otoGar3:AAQR03198529	AAQR03198529		AAQR03198529.1	AAQR03198529.1	NW_003858477.1
otoGar3:AAQR03198530	AAQR03198530		AAQR03198530.1	AAQR03198530.1	NW_003858478.1
otoGar3:AAQR03198531	AAQR03198531		AAQR03198531.1	AAQR03198531.1	NW_003858479.1
otoGar3:AAQR03198532	AAQR03198532		AAQR03198532.1	AAQR03198532.1	NW_003858480.1
otoGar3:AAQR03198533	AAQR03198533		AAQR03198533.1	AAQR03198533.1	NW_003858481.1
otoGar3:AAQR03198534	AAQR03198534		AAQR03198534.1	AAQR03198534.1	NW_003858482.1
otoGar3:AAQR03198535	AAQR03198535		AAQR03198535.1	AAQR03198535.1	NW_003858483.1
otoGar3:AAQR03198536	AAQR03198536		AAQR03198536.1	AAQR03198536.1	NW_003858484.1
otoGar3:AAQR03198537	AAQR03198537		AAQR03198537.1	AAQR03198537.1	NW_003858485.1
otoGar3:AAQR03198538	AAQR03198538		AAQR03198538.1	AAQR03198538.1	NW_003858486.1
otoGar3:AAQR03198539	AAQR03198539		AAQR03198539.1	AAQR03198539.1	NW_003858487.1
otoGar3:AAQR03198540	AAQR03198540		AAQR03198540.1	AAQR03198540.1	NW_003858488.1
otoGar3:AAQR03198541	AAQR03198541		AAQR03198541.1	AAQR03198541.1	NW_003858489.1
otoGar3:AAQR03198542	AAQR03198542		AAQR03198542.1	AAQR03198542.1	NW_003858490.1
otoGar3:AAQR03198543	AAQR03198543		AAQR03198543.1	AAQR03198543.1	NW_003858491.1
otoGar3:AAQR03198544	AAQR03198544		AAQR03198544.1	AAQR03198544.1	NW_003858492.1
otoGar3:AAQR03198545	AAQR03198545		AAQR03198545.1	AAQR03198545.1	NW_003858493.1
otoGar3:AAQR03198546	AAQR03198546		AAQR03198546.1	AAQR03198546.1	NW_003858494.1
otoGar3:AAQR03198547	AAQR03198547		AAQR03198547.1	AAQR03198547.1	NW_003858495.1
otoGar3:AAQR03198548	AAQR03198548		AAQR03198548.1	AAQR03198548.1	NW_003858496.1
otoGar3:AAQR03198549	AAQR03198549		AAQR03198549.1	AAQR03198549.1	NW_003858497.1
otoGar3:AAQR03198550	AAQR03198550		AAQR03198550.1	AAQR03198550.1	NW_003858498.1
otoGar3:AAQR03198551	AAQR03198551		AAQR03198551.1	AAQR03198551.1	NW_003858499.1
otoGar3:AAQR03198552	AAQR03198552		AAQR03198552.1	AAQR03198552.1	NW_003858500.1
otoGar3:AAQR03198553	AAQR03198553			AAQR03198553.1	NW_003858501.1
otoGar3:AAQR03198554	AAQR03198554		AAQR03198554.1	AAQR03198554.1	NW_003858502.1
otoGar3:AAQR03198555	AAQR03198555			AAQR03198555.1	NW_003858503.1
otoGar3:AAQR03198556	AAQR03198556		AAQR03198556.1	AAQR03198556.1	NW_003858504.1
otoGar3:AAQR03198557	AAQR03198557		AAQR03198557.1	AAQR03198557.1	NW_003858505.1
otoGar3:AAQR03198558	AAQR03198558		AAQR03198558.1	AAQR03198558.1	NW_003858506.1
otoGar3:AAQR03198559	AAQR03198559		AAQR03198559.1	AAQR03198559.1	NW_003858507.1
otoGar3:AAQR03198560	AAQR03198560		AAQR03198560.1	AAQR03198560.1	NW_003858508.1
otoGar3:AAQR03198561	AAQR03198561		AAQR03198561.1	AAQR03198561.1	NW_003858509.1
otoGar3:AAQR03198562	AAQR03198562		AAQR03198562.1	AAQR03198562.1	NW_003858510.1
otoGar3:AAQR03198563	AAQR03198563		AAQR03198563.1	AAQR03198563.1	NW_003858511.1
otoGar3:AAQR03198564	AAQR03198564		AAQR03198564.1	AAQR03198564.1	NW_003858512.1
otoGar3:AAQR03198565	AAQR03198565		AAQR03198565.1	AAQR03198565.1	NW_003858513.1
otoGar3:AAQR03198566	AAQR03198566		AAQR03198566.1	AAQR03198566.1	NW_003858514.1
otoGar3:AAQR03198567	AAQR03198567		AAQR03198567.1	AAQR03198567.1	NW_003858515.1
otoGar3:AAQR03198568	AAQR03198568		AAQR03198568.1	AAQR03198568.1	NW_003858516.1
otoGar3:AAQR03198569	AAQR03198569		AAQR03198569.1	AAQR03198569.1	NW_003858517.1
otoGar3:AAQR03198570	AAQR03198570		AAQR03198570.1	AAQR03198570.1	NW_003858518.1
otoGar3:AAQR03198571	AAQR03198571		AAQR03198571.1	AAQR03198571.1	NW_003858519.1
otoGar3:AAQR03198572	AAQR03198572		AAQR03198572.1	AAQR03198572.1	NW_003858520.1
otoGar3:AAQR03198573	AAQR03198573		AAQR03198573.1	AAQR03198573.1	NW_003858521.1
otoGar3:AAQR03198574	AAQR03198574		AAQR03198574.1	AAQR03198574.1	NW_003858522.1
otoGar3:AAQR03198575	AAQR03198575		AAQR03198575.1	AAQR03198575.1	NW_003858523.1
otoGar3:AAQR03198576	AAQR03198576		AAQR03198576.1	AAQR03198576.1	NW_003858524.1
otoGar3:AAQR03198577	AAQR03198577		AAQR03198577.1	AAQR03198577.1	NW_003858525.1
otoGar3:AAQR03198578	AAQR03198578		AAQR03198578.1	AAQR03198578.1	NW_003858526.1
otoGar3:AAQR03198579	AAQR03198579		AAQR03198579.1	AAQR03198579.1	NW_003858527.1
otoGar3:AAQR03198580	AAQR03198580		AAQR03198580.1	AAQR03198580.1	NW_003858528.1
otoGar3:AAQR03198581	AAQR03198581		AAQR03198581.1	AAQR03198581.1	NW_003858529.1
otoGar3:AAQR03198582	AAQR03198582		AAQR03198582.1	AAQR03198582.1	NW_003858530.1
otoGar3:AAQR03198583	AAQR03198583		AAQR03198583.1	AAQR03198583.1	NW_003858531.1
otoGar3:AAQR03198584	AAQR03198584		AAQR03198584.1	AAQR03198584.1	NW_003858532.1
otoGar3:AAQR03198585	AAQR03198585		AAQR03198585.1	AAQR03198585.1	NW_003858533.1
otoGar3:AAQR03198586	AAQR03198586		AAQR03198586.1	AAQR03198586.1	NW_003858534.1
otoGar3:AAQR03198587	AAQR03198587		AAQR03198587.1	AAQR03198587.1	NW_003858535.1
otoGar3:AAQR03198588	AAQR03198588		AAQR03198588.1	AAQR03198588.1	NW_003858536.1
otoGar3:AAQR03198589	AAQR03198589		AAQR03198589.1	AAQR03198589.1	NW_003858537.1
otoGar3:AAQR03198590	AAQR03198590		AAQR03198590.1	AAQR03198590.1	NW_003858538.1
otoGar3:AAQR03198591	AAQR03198591		AAQR03198591.1	AAQR03198591.1	NW_003858539.1
otoGar3:AAQR03198592	AAQR03198592		AAQR03198592.1	AAQR03198592.1	NW_003858540.1
otoGar3:AAQR03198593	AAQR03198593		AAQR03198593.1	AAQR03198593.1	NW_003858541.1
otoGar3:AAQR03198594	AAQR03198594		AAQR03198594.1	AAQR03198594.1	NW_003858542.1
otoGar3:AAQR03198595	AAQR03198595		AAQR03198595.1	AAQR03198595.1	NW_003858543.1
otoGar3:AAQR03198596	AAQR03198596		AAQR03198596.1	AAQR03198596.1	NW_003858544.1
otoGar3:AAQR03198597	AAQR03198597		AAQR03198597.1	AAQR03198597.1	NW_003858545.1
otoGar3:AAQR03198598	AAQR03198598		AAQR03198598.1	AAQR03198598.1	NW_003858546.1
otoGar3:AAQR03198599	AAQR03198599		AAQR03198599.1	AAQR03198599.1	NW_003858547.1
otoGar3:AAQR03198600	AAQR03198600		AAQR03198600.1	AAQR03198600.1	NW_003858548.1
otoGar3:AAQR03198601	AAQR03198601		AAQR03198601.1	AAQR03198601.1	NW_003858549.1
otoGar3:AAQR03198602	AAQR03198602		AAQR03198602.1	AAQR03198602.1	NW_003858550.1
otoGar3:AAQR03198603	AAQR03198603		AAQR03198603.1	AAQR03198603.1	NW_003858551.1
otoGar3:AAQR03198604	AAQR03198604		AAQR03198604.1	AAQR03198604.1	NW_003858552.1
otoGar3:AAQR03198605	AAQR03198605		AAQR03198605.1	AAQR03198605.1	NW_003858553.1
otoGar3:AAQR03198606	AAQR03198606		AAQR03198606.1	AAQR03198606.1	NW_003858554.1
otoGar3:AAQR03198607	AAQR03198607		AAQR03198607.1	AAQR03198607.1	NW_003858555.1
otoGar3:AAQR03198608	AAQR03198608		AAQR03198608.1	AAQR03198608.1	NW_003858556.1
otoGar3:AAQR03198609	AAQR03198609		AAQR03198609.1	AAQR03198609.1	NW_003858557.1
otoGar3:AAQR03198610	AAQR03198610		AAQR03198610.1	AAQR03198610.1	NW_003858558.1
otoGar3:AAQR03198611	AAQR03198611		AAQR03198611.1	AAQR03198611.1	NW_003858559.1
otoGar3:AAQR03198612	AAQR03198612		AAQR03198612.1	AAQR03198612.1	NW_003858560.1
otoGar3:AAQR03198613	AAQR03198613		AAQR03198613.1	AAQR03198613.1	NW_003858561.1
otoGar3:AAQR03198614	AAQR03198614		AAQR03198614.1	AAQR03198614.1	NW_003858562.1
otoGar3:AAQR03198615	AAQR03198615		AAQR03198615.1	AAQR03198615.1	NW_003858563.1
otoGar3:AAQR03198616	AAQR03198616		AAQR03198616.1	AAQR03198616.1	NW_003858564.1
otoGar3:AAQR03198617	AAQR03198617		AAQR03198617.1	AAQR03198617.1	NW_003858565.1
otoGar3:AAQR03198618	AAQR03198618		AAQR03198618.1	AAQR03198618.1	NW_003858566.1
otoGar3:AAQR03198619	AAQR03198619		AAQR03198619.1	AAQR03198619.1	NW_003858567.1
otoGar3:AAQR03198620	AAQR03198620		AAQR03198620.1	AAQR03198620.1	NW_003858568.1
otoGar3:AAQR03198621	AAQR03198621		AAQR03198621.1	AAQR03198621.1	NW_003858569.1
otoGar3:AAQR03198622	AAQR03198622		AAQR03198622.1	AAQR03198622.1	NW_003858570.1
otoGar3:AAQR03198623	AAQR03198623		AAQR03198623.1	AAQR03198623.1	NW_003858571.1
otoGar3:AAQR03198624	AAQR03198624		AAQR03198624.1	AAQR03198624.1	NW_003858572.1
otoGar3:AAQR03198625	AAQR03198625		AAQR03198625.1	AAQR03198625.1	NW_003858573.1
otoGar3:AAQR03198626	AAQR03198626		AAQR03198626.1	AAQR03198626.1	NW_003858574.1
otoGar3:AAQR03198627	AAQR03198627		AAQR03198627.1	AAQR03198627.1	NW_003858575.1
otoGar3:AAQR03198628	AAQR03198628		AAQR03198628.1	AAQR03198628.1	NW_003858576.1
otoGar3:AAQR03198629	AAQR03198629		AAQR03198629.1	AAQR03198629.1	NW_003858577.1
otoGar3:AAQR03198630	AAQR03198630		AAQR03198630.1	AAQR03198630.1	NW_003858578.1
otoGar3:AAQR03198631	AAQR03198631		AAQR03198631.1	AAQR03198631.1	NW_003858579.1
otoGar3:AAQR03198632	AAQR03198632		AAQR03198632.1	AAQR03198632.1	NW_003858580.1
otoGar3:AAQR03198633	AAQR03198633		AAQR03198633.1	AAQR03198633.1	NW_003858581.1
otoGar3:AAQR03198634	AAQR03198634		AAQR03198634.1	AAQR03198634.1	NW_003858582.1
otoGar3:AAQR03198635	AAQR03198635		AAQR03198635.1	AAQR03198635.1	NW_003858583.1
otoGar3:AAQR03198636	AAQR03198636		AAQR03198636.1	AAQR03198636.1	NW_003858584.1
otoGar3:AAQR03198637	AAQR03198637		AAQR03198637.1	AAQR03198637.1	NW_003858585.1
otoGar3:AAQR03198638	AAQR03198638		AAQR03198638.1	AAQR03198638.1	NW_003858586.1
otoGar3:AAQR03198639	AAQR03198639		AAQR03198639.1	AAQR03198639.1	NW_003858587.1
otoGar3:AAQR03198640	AAQR03198640		AAQR03198640.1	AAQR03198640.1	NW_003858588.1
otoGar3:AAQR03198641	AAQR03198641		AAQR03198641.1	AAQR03198641.1	NW_003858589.1
otoGar3:AAQR03198642	AAQR03198642		AAQR03198642.1	AAQR03198642.1	NW_003858590.1
otoGar3:AAQR03198643	AAQR03198643		AAQR03198643.1	AAQR03198643.1	NW_003858591.1
otoGar3:AAQR03198644	AAQR03198644		AAQR03198644.1	AAQR03198644.1	NW_003858592.1
otoGar3:AAQR03198645	AAQR03198645		AAQR03198645.1	AAQR03198645.1	NW_003858593.1
otoGar3:AAQR03198646	AAQR03198646		AAQR03198646.1	AAQR03198646.1	NW_003858594.1
otoGar3:AAQR03198647	AAQR03198647		AAQR03198647.1	AAQR03198647.1	NW_003858595.1
otoGar3:AAQR03198648	AAQR03198648		AAQR03198648.1	AAQR03198648.1	NW_003858596.1
otoGar3:AAQR03198649	AAQR03198649		AAQR03198649.1	AAQR03198649.1	NW_003858597.1
otoGar3:AAQR03198650	AAQR03198650		AAQR03198650.1	AAQR03198650.1	NW_003858598.1
otoGar3:AAQR03198651	AAQR03198651		AAQR03198651.1	AAQR03198651.1	NW_003858599.1
otoGar3:AAQR03198652	AAQR03198652		AAQR03198652.1	AAQR03198652.1	NW_003858600.1
otoGar3:AAQR03198653	AAQR03198653		AAQR03198653.1	AAQR03198653.1	NW_003858601.1
otoGar3:AAQR03198654	AAQR03198654		AAQR03198654.1	AAQR03198654.1	NW_003858602.1
otoGar3:AAQR03198655	AAQR03198655		AAQR03198655.1	AAQR03198655.1	NW_003858603.1
otoGar3:AAQR03198656	AAQR03198656		AAQR03198656.1	AAQR03198656.1	NW_003858604.1
otoGar3:AAQR03198657	AAQR03198657		AAQR03198657.1	AAQR03198657.1	NW_003858605.1
otoGar3:AAQR03198658	AAQR03198658		AAQR03198658.1	AAQR03198658.1	NW_003858606.1
otoGar3:AAQR03198659	AAQR03198659		AAQR03198659.1	AAQR03198659.1	NW_003858607.1
otoGar3:AAQR03198660	AAQR03198660		AAQR03198660.1	AAQR03198660.1	NW_003858608.1
otoGar3:AAQR03198661	AAQR03198661		AAQR03198661.1	AAQR03198661.1	NW_003858609.1
otoGar3:AAQR03198662	AAQR03198662		AAQR03198662.1	AAQR03198662.1	NW_003858610.1
otoGar3:AAQR03198663	AAQR03198663		AAQR03198663.1	AAQR03198663.1	NW_003858611.1
otoGar3:AAQR03198664	AAQR03198664		AAQR03198664.1	AAQR03198664.1	NW_003858612.1
otoGar3:AAQR03198665	AAQR03198665		AAQR03198665.1	AAQR03198665.1	NW_003858613.1
otoGar3:AAQR03198666	AAQR03198666		AAQR03198666.1	AAQR03198666.1	NW_003858614.1
otoGar3:AAQR03198667	AAQR03198667		AAQR03198667.1	AAQR03198667.1	NW_003858615.1
otoGar3:AAQR03198668	AAQR03198668		AAQR03198668.1	AAQR03198668.1	NW_003858616.1
otoGar3:AAQR03198669	AAQR03198669		AAQR03198669.1	AAQR03198669.1	NW_003858617.1
otoGar3:AAQR03198670	AAQR03198670		AAQR03198670.1	AAQR03198670.1	NW_003858618.1
otoGar3:AAQR03198671	AAQR03198671		AAQR03198671.1	AAQR03198671.1	NW_003858619.1
otoGar3:AAQR03198672	AAQR03198672		AAQR03198672.1	AAQR03198672.1	NW_003858620.1
otoGar3:AAQR03198673	AAQR03198673		AAQR03198673.1	AAQR03198673.1	NW_003858621.1
otoGar3:AAQR03198674	AAQR03198674		AAQR03198674.1	AAQR03198674.1	NW_003858622.1
otoGar3:AAQR03198675	AAQR03198675		AAQR03198675.1	AAQR03198675.1	NW_003858623.1
otoGar3:AAQR03198676	AAQR03198676		AAQR03198676.1	AAQR03198676.1	NW_003858624.1
otoGar3:AAQR03198677	AAQR03198677		AAQR03198677.1	AAQR03198677.1	NW_003858625.1
otoGar3:AAQR03198678	AAQR03198678		AAQR03198678.1	AAQR03198678.1	NW_003858626.1
otoGar3:AAQR03198679	AAQR03198679		AAQR03198679.1	AAQR03198679.1	NW_003858627.1
otoGar3:AAQR03198680	AAQR03198680		AAQR03198680.1	AAQR03198680.1	NW_003858628.1
otoGar3:AAQR03198681	AAQR03198681		AAQR03198681.1	AAQR03198681.1	NW_003858629.1
otoGar3:AAQR03198682	AAQR03198682		AAQR03198682.1	AAQR03198682.1	NW_003858630.1
otoGar3:AAQR03198683	AAQR03198683		AAQR03198683.1	AAQR03198683.1	NW_003858631.1
otoGar3:AAQR03198684	AAQR03198684		AAQR03198684.1	AAQR03198684.1	NW_003858632.1
otoGar3:AAQR03198685	AAQR03198685		AAQR03198685.1	AAQR03198685.1	NW_003858633.1
otoGar3:AAQR03198686	AAQR03198686		AAQR03198686.1	AAQR03198686.1	NW_003858634.1
otoGar3:AAQR03198687	AAQR03198687		AAQR03198687.1	AAQR03198687.1	NW_003858635.1
otoGar3:AAQR03198688	AAQR03198688		AAQR03198688.1	AAQR03198688.1	NW_003858636.1
otoGar3:AAQR03198689	AAQR03198689		AAQR03198689.1	AAQR03198689.1	NW_003858637.1
otoGar3:AAQR03198690	AAQR03198690		AAQR03198690.1	AAQR03198690.1	NW_003858638.1
otoGar3:AAQR03198691	AAQR03198691		AAQR03198691.1	AAQR03198691.1	NW_003858639.1
otoGar3:AAQR03198692	AAQR03198692		AAQR03198692.1	AAQR03198692.1	NW_003858640.1
otoGar3:AAQR03198693	AAQR03198693		AAQR03198693.1	AAQR03198693.1	NW_003858641.1
otoGar3:AAQR03198694	AAQR03198694		AAQR03198694.1	AAQR03198694.1	NW_003858642.1
otoGar3:AAQR03198695	AAQR03198695		AAQR03198695.1	AAQR03198695.1	NW_003858643.1
otoGar3:AAQR03198696	AAQR03198696		AAQR03198696.1	AAQR03198696.1	NW_003858644.1
otoGar3:AAQR03198697	AAQR03198697		AAQR03198697.1	AAQR03198697.1	NW_003858645.1
otoGar3:AAQR03198698	AAQR03198698		AAQR03198698.1	AAQR03198698.1	NW_003858646.1
otoGar3:AAQR03198699	AAQR03198699		AAQR03198699.1	AAQR03198699.1	NW_003858647.1
otoGar3:AAQR03198700	AAQR03198700		AAQR03198700.1	AAQR03198700.1	NW_003858648.1
otoGar3:AAQR03198701	AAQR03198701		AAQR03198701.1	AAQR03198701.1	NW_003858649.1
otoGar3:AAQR03198702	AAQR03198702		AAQR03198702.1	AAQR03198702.1	NW_003858650.1
otoGar3:AAQR03198703	AAQR03198703		AAQR03198703.1	AAQR03198703.1	NW_003858651.1
otoGar3:AAQR03198704	AAQR03198704		AAQR03198704.1	AAQR03198704.1	NW_003858652.1
otoGar3:AAQR03198705	AAQR03198705		AAQR03198705.1	AAQR03198705.1	NW_003858653.1
otoGar3:AAQR03198706	AAQR03198706		AAQR03198706.1	AAQR03198706.1	NW_003858654.1
otoGar3:AAQR03198707	AAQR03198707		AAQR03198707.1	AAQR03198707.1	NW_003858655.1
otoGar3:AAQR03198708	AAQR03198708		AAQR03198708.1	AAQR03198708.1	NW_003858656.1
otoGar3:AAQR03198709	AAQR03198709		AAQR03198709.1	AAQR03198709.1	NW_003858657.1
otoGar3:AAQR03198710	AAQR03198710		AAQR03198710.1	AAQR03198710.1	NW_003858658.1
otoGar3:AAQR03198711	AAQR03198711		AAQR03198711.1	AAQR03198711.1	NW_003858659.1
otoGar3:AAQR03198712	AAQR03198712		AAQR03198712.1	AAQR03198712.1	NW_003858660.1
otoGar3:AAQR03198713	AAQR03198713		AAQR03198713.1	AAQR03198713.1	NW_003858661.1
otoGar3:AAQR03198714	AAQR03198714		AAQR03198714.1	AAQR03198714.1	NW_003858662.1
otoGar3:AAQR03198715	AAQR03198715		AAQR03198715.1	AAQR03198715.1	NW_003858663.1
otoGar3:AAQR03198716	AAQR03198716		AAQR03198716.1	AAQR03198716.1	NW_003858664.1
otoGar3:AAQR03198717	AAQR03198717		AAQR03198717.1	AAQR03198717.1	NW_003858665.1
otoGar3:AAQR03198718	AAQR03198718		AAQR03198718.1	AAQR03198718.1	NW_003858666.1
otoGar3:AAQR03198719	AAQR03198719		AAQR03198719.1	AAQR03198719.1	NW_003858667.1
otoGar3:AAQR03198720	AAQR03198720		AAQR03198720.1	AAQR03198720.1	NW_003858668.1
otoGar3:AAQR03198721	AAQR03198721		AAQR03198721.1	AAQR03198721.1	NW_003858669.1
otoGar3:AAQR03198722	AAQR03198722		AAQR03198722.1	AAQR03198722.1	NW_003858670.1
otoGar3:AAQR03198723	AAQR03198723		AAQR03198723.1	AAQR03198723.1	NW_003858671.1
otoGar3:AAQR03198724	AAQR03198724		AAQR03198724.1	AAQR03198724.1	NW_003858672.1
otoGar3:AAQR03198725	AAQR03198725		AAQR03198725.1	AAQR03198725.1	NW_003858673.1
otoGar3:AAQR03198726	AAQR03198726		AAQR03198726.1	AAQR03198726.1	NW_003858674.1
otoGar3:AAQR03198727	AAQR03198727		AAQR03198727.1	AAQR03198727.1	NW_003858675.1
otoGar3:AAQR03198728	AAQR03198728		AAQR03198728.1	AAQR03198728.1	NW_003858676.1
otoGar3:AAQR03198729	AAQR03198729		AAQR03198729.1	AAQR03198729.1	NW_003858677.1
otoGar3:AAQR03198730	AAQR03198730		AAQR03198730.1	AAQR03198730.1	NW_003858678.1
otoGar3:AAQR03198731	AAQR03198731		AAQR03198731.1	AAQR03198731.1	NW_003858679.1
otoGar3:AAQR03198732	AAQR03198732		AAQR03198732.1	AAQR03198732.1	NW_003858680.1
otoGar3:AAQR03198733	AAQR03198733		AAQR03198733.1	AAQR03198733.1	NW_003858681.1
otoGar3:AAQR03198734	AAQR03198734		AAQR03198734.1	AAQR03198734.1	NW_003858682.1
otoGar3:AAQR03198735	AAQR03198735		AAQR03198735.1	AAQR03198735.1	NW_003858683.1
otoGar3:AAQR03198736	AAQR03198736		AAQR03198736.1	AAQR03198736.1	NW_003858684.1
otoGar3:AAQR03198737	AAQR03198737		AAQR03198737.1	AAQR03198737.1	NW_003858685.1
otoGar3:AAQR03198738	AAQR03198738		AAQR03198738.1	AAQR03198738.1	NW_003858686.1
otoGar3:AAQR03198739	AAQR03198739		AAQR03198739.1	AAQR03198739.1	NW_003858687.1
otoGar3:AAQR03198740	AAQR03198740		AAQR03198740.1	AAQR03198740.1	NW_003858688.1
otoGar3:AAQR03198741	AAQR03198741		AAQR03198741.1	AAQR03198741.1	NW_003858689.1
otoGar3:AAQR03198742	AAQR03198742		AAQR03198742.1	AAQR03198742.1	NW_003858690.1
otoGar3:AAQR03198743	AAQR03198743		AAQR03198743.1	AAQR03198743.1	NW_003858691.1
otoGar3:AAQR03198744	AAQR03198744		AAQR03198744.1	AAQR03198744.1	NW_003858692.1
otoGar3:AAQR03198745	AAQR03198745		AAQR03198745.1	AAQR03198745.1	NW_003858693.1
otoGar3:AAQR03198746	AAQR03198746		AAQR03198746.1	AAQR03198746.1	NW_003858694.1
otoGar3:AAQR03198747	AAQR03198747		AAQR03198747.1	AAQR03198747.1	NW_003858695.1
otoGar3:AAQR03198748	AAQR03198748		AAQR03198748.1	AAQR03198748.1	NW_003858696.1
otoGar3:AAQR03198749	AAQR03198749		AAQR03198749.1	AAQR03198749.1	NW_003858697.1
otoGar3:AAQR03198750	AAQR03198750		AAQR03198750.1	AAQR03198750.1	NW_003858698.1
otoGar3:AAQR03198751	AAQR03198751		AAQR03198751.1	AAQR03198751.1	NW_003858699.1
otoGar3:AAQR03198752	AAQR03198752		AAQR03198752.1	AAQR03198752.1	NW_003858700.1
otoGar3:AAQR03198753	AAQR03198753		AAQR03198753.1	AAQR03198753.1	NW_003858701.1
otoGar3:AAQR03198754	AAQR03198754		AAQR03198754.1	AAQR03198754.1	NW_003858702.1
otoGar3:AAQR03198755	AAQR03198755		AAQR03198755.1	AAQR03198755.1	NW_003858703.1
otoGar3:AAQR03198756	AAQR03198756		AAQR03198756.1	AAQR03198756.1	NW_003858704.1
otoGar3:AAQR03198757	AAQR03198757		AAQR03198757.1	AAQR03198757.1	NW_003858705.1
otoGar3:AAQR03198758	AAQR03198758		AAQR03198758.1	AAQR03198758.1	NW_003858706.1
otoGar3:AAQR03198759	AAQR03198759		AAQR03198759.1	AAQR03198759.1	NW_003858707.1
otoGar3:AAQR03198760	AAQR03198760		AAQR03198760.1	AAQR03198760.1	NW_003858708.1
otoGar3:AAQR03198761	AAQR03198761		AAQR03198761.1	AAQR03198761.1	NW_003858709.1
otoGar3:AAQR03198762	AAQR03198762		AAQR03198762.1	AAQR03198762.1	NW_003858710.1
otoGar3:AAQR03198763	AAQR03198763		AAQR03198763.1	AAQR03198763.1	NW_003858711.1
otoGar3:AAQR03198764	AAQR03198764		AAQR03198764.1	AAQR03198764.1	NW_003858712.1
otoGar3:AAQR03198765	AAQR03198765		AAQR03198765.1	AAQR03198765.1	NW_003858713.1
otoGar3:AAQR03198766	AAQR03198766		AAQR03198766.1	AAQR03198766.1	NW_003858714.1
otoGar3:AAQR03198767	AAQR03198767		AAQR03198767.1	AAQR03198767.1	NW_003858715.1
otoGar3:AAQR03198768	AAQR03198768		AAQR03198768.1	AAQR03198768.1	NW_003858716.1
otoGar3:AAQR03198769	AAQR03198769		AAQR03198769.1	AAQR03198769.1	NW_003858717.1
otoGar3:AAQR03198770	AAQR03198770		AAQR03198770.1	AAQR03198770.1	NW_003858718.1
otoGar3:AAQR03198771	AAQR03198771		AAQR03198771.1	AAQR03198771.1	NW_003858719.1
otoGar3:AAQR03198772	AAQR03198772		AAQR03198772.1	AAQR03198772.1	NW_003858720.1
otoGar3:AAQR03198773	AAQR03198773		AAQR03198773.1	AAQR03198773.1	NW_003858721.1
otoGar3:AAQR03198774	AAQR03198774		AAQR03198774.1	AAQR03198774.1	NW_003858722.1
otoGar3:AAQR03198775	AAQR03198775		AAQR03198775.1	AAQR03198775.1	NW_003858723.1
otoGar3:AAQR03198776	AAQR03198776		AAQR03198776.1	AAQR03198776.1	NW_003858724.1
otoGar3:AAQR03198777	AAQR03198777		AAQR03198777.1	AAQR03198777.1	NW_003858725.1
otoGar3:AAQR03198778	AAQR03198778		AAQR03198778.1	AAQR03198778.1	NW_003858726.1
otoGar3:AAQR03198779	AAQR03198779		AAQR03198779.1	AAQR03198779.1	NW_003858727.1
otoGar3:AAQR03198780	AAQR03198780		AAQR03198780.1	AAQR03198780.1	NW_003858728.1
otoGar3:AAQR03198781	AAQR03198781		AAQR03198781.1	AAQR03198781.1	NW_003858729.1
otoGar3:AAQR03198782	AAQR03198782		AAQR03198782.1	AAQR03198782.1	NW_003858730.1
otoGar3:AAQR03198783	AAQR03198783		AAQR03198783.1	AAQR03198783.1	NW_003858731.1
otoGar3:AAQR03198784	AAQR03198784		AAQR03198784.1	AAQR03198784.1	NW_003858732.1
otoGar3:AAQR03198785	AAQR03198785		AAQR03198785.1	AAQR03198785.1	NW_003858733.1
otoGar3:AAQR03198786	AAQR03198786		AAQR03198786.1	AAQR03198786.1	NW_003858734.1
otoGar3:AAQR03198787	AAQR03198787		AAQR03198787.1	AAQR03198787.1	NW_003858735.1
otoGar3:AAQR03198788	AAQR03198788		AAQR03198788.1	AAQR03198788.1	NW_003858736.1
otoGar3:AAQR03198789	AAQR03198789		AAQR03198789.1	AAQR03198789.1	NW_003858737.1
otoGar3:AAQR03198790	AAQR03198790		AAQR03198790.1	AAQR03198790.1	NW_003858738.1
otoGar3:AAQR03198791	AAQR03198791		AAQR03198791.1	AAQR03198791.1	NW_003858739.1
otoGar3:AAQR03198792	AAQR03198792		AAQR03198792.1	AAQR03198792.1	NW_003858740.1
otoGar3:AAQR03198793	AAQR03198793		AAQR03198793.1	AAQR03198793.1	NW_003858741.1
otoGar3:AAQR03198794	AAQR03198794		AAQR03198794.1	AAQR03198794.1	NW_003858742.1
otoGar3:AAQR03198795	AAQR03198795		AAQR03198795.1	AAQR03198795.1	NW_003858743.1
otoGar3:AAQR03198796	AAQR03198796		AAQR03198796.1	AAQR03198796.1	NW_003858744.1
otoGar3:AAQR03198797	AAQR03198797		AAQR03198797.1	AAQR03198797.1	NW_003858745.1
otoGar3:AAQR03198798	AAQR03198798		AAQR03198798.1	AAQR03198798.1	NW_003858746.1
otoGar3:AAQR03198799	AAQR03198799		AAQR03198799.1	AAQR03198799.1	NW_003858747.1
otoGar3:AAQR03198800	AAQR03198800		AAQR03198800.1	AAQR03198800.1	NW_003858748.1
otoGar3:AAQR03198801	AAQR03198801		AAQR03198801.1	AAQR03198801.1	NW_003858749.1
otoGar3:AAQR03198802	AAQR03198802		AAQR03198802.1	AAQR03198802.1	NW_003858750.1
otoGar3:AAQR03198803	AAQR03198803		AAQR03198803.1	AAQR03198803.1	NW_003858751.1
otoGar3:AAQR03198804	AAQR03198804		AAQR03198804.1	AAQR03198804.1	NW_003858752.1
otoGar3:AAQR03198805	AAQR03198805		AAQR03198805.1	AAQR03198805.1	NW_003858753.1
otoGar3:AAQR03198806	AAQR03198806		AAQR03198806.1	AAQR03198806.1	NW_003858754.1
otoGar3:AAQR03198807	AAQR03198807		AAQR03198807.1	AAQR03198807.1	NW_003858755.1
otoGar3:AAQR03198808	AAQR03198808		AAQR03198808.1	AAQR03198808.1	NW_003858756.1
otoGar3:AAQR03198809	AAQR03198809		AAQR03198809.1	AAQR03198809.1	NW_003858757.1
otoGar3:AAQR03198810	AAQR03198810		AAQR03198810.1	AAQR03198810.1	NW_003858758.1
otoGar3:AAQR03198811	AAQR03198811		AAQR03198811.1	AAQR03198811.1	NW_003858759.1
otoGar3:AAQR03198812	AAQR03198812		AAQR03198812.1	AAQR03198812.1	NW_003858760.1
otoGar3:AAQR03198813	AAQR03198813		AAQR03198813.1	AAQR03198813.1	NW_003858761.1
otoGar3:AAQR03198814	AAQR03198814		AAQR03198814.1	AAQR03198814.1	NW_003858762.1
otoGar3:AAQR03198815	AAQR03198815		AAQR03198815.1	AAQR03198815.1	NW_003858763.1
otoGar3:AAQR03198816	AAQR03198816		AAQR03198816.1	AAQR03198816.1	NW_003858764.1
otoGar3:AAQR03198817	AAQR03198817		AAQR03198817.1	AAQR03198817.1	NW_003858765.1
otoGar3:AAQR03198818	AAQR03198818		AAQR03198818.1	AAQR03198818.1	NW_003858766.1
otoGar3:AAQR03198819	AAQR03198819		AAQR03198819.1	AAQR03198819.1	NW_003858767.1
otoGar3:AAQR03198820	AAQR03198820		AAQR03198820.1	AAQR03198820.1	NW_003858768.1
otoGar3:AAQR03198821	AAQR03198821		AAQR03198821.1	AAQR03198821.1	NW_003858769.1
otoGar3:AAQR03198822	AAQR03198822		AAQR03198822.1	AAQR03198822.1	NW_003858770.1
otoGar3:AAQR03198823	AAQR03198823		AAQR03198823.1	AAQR03198823.1	NW_003858771.1
otoGar3:AAQR03198824	AAQR03198824		AAQR03198824.1	AAQR03198824.1	NW_003858772.1
otoGar3:AAQR03198825	AAQR03198825		AAQR03198825.1	AAQR03198825.1	NW_003858773.1
otoGar3:AAQR03198826	AAQR03198826		AAQR03198826.1	AAQR03198826.1	NW_003858774.1
otoGar3:AAQR03198827	AAQR03198827		AAQR03198827.1	AAQR03198827.1	NW_003858775.1
otoGar3:AAQR03198828	AAQR03198828		AAQR03198828.1	AAQR03198828.1	NW_003858776.1
otoGar3:AAQR03198829	AAQR03198829		AAQR03198829.1	AAQR03198829.1	NW_003858777.1
otoGar3:AAQR03198830	AAQR03198830		AAQR03198830.1	AAQR03198830.1	NW_003858778.1
otoGar3:AAQR03198831	AAQR03198831			AAQR03198831.1	NW_003858779.1
otoGar3:AAQR03198832	AAQR03198832		AAQR03198832.1	AAQR03198832.1	NW_003858780.1
otoGar3:AAQR03198833	AAQR03198833		AAQR03198833.1	AAQR03198833.1	NW_003858781.1
otoGar3:AAQR03198834	AAQR03198834		AAQR03198834.1	AAQR03198834.1	NW_003858782.1
otoGar3:AAQR03198835	AAQR03198835		AAQR03198835.1	AAQR03198835.1	NW_003858783.1
otoGar3:AAQR03198836	AAQR03198836		AAQR03198836.1	AAQR03198836.1	NW_003858784.1
otoGar3:AAQR03198837	AAQR03198837		AAQR03198837.1	AAQR03198837.1	NW_003858785.1
otoGar3:AAQR03198838	AAQR03198838		AAQR03198838.1	AAQR03198838.1	NW_003858786.1
otoGar3:AAQR03198839	AAQR03198839		AAQR03198839.1	AAQR03198839.1	NW_003858787.1
otoGar3:AAQR03198840	AAQR03198840		AAQR03198840.1	AAQR03198840.1	NW_003858788.1
otoGar3:AAQR03198841	AAQR03198841		AAQR03198841.1	AAQR03198841.1	NW_003858789.1
otoGar3:AAQR03198842	AAQR03198842		AAQR03198842.1	AAQR03198842.1	NW_003858790.1
otoGar3:AAQR03198843	AAQR03198843		AAQR03198843.1	AAQR03198843.1	NW_003858791.1
otoGar3:AAQR03198844	AAQR03198844		AAQR03198844.1	AAQR03198844.1	NW_003858792.1
otoGar3:AAQR03198845	AAQR03198845		AAQR03198845.1	AAQR03198845.1	NW_003858793.1
otoGar3:AAQR03198846	AAQR03198846		AAQR03198846.1	AAQR03198846.1	NW_003858794.1
otoGar3:AAQR03198847	AAQR03198847		AAQR03198847.1	AAQR03198847.1	NW_003858795.1
otoGar3:AAQR03198848	AAQR03198848		AAQR03198848.1	AAQR03198848.1	NW_003858796.1
otoGar3:AAQR03198849	AAQR03198849		AAQR03198849.1	AAQR03198849.1	NW_003858797.1
otoGar3:AAQR03198850	AAQR03198850		AAQR03198850.1	AAQR03198850.1	NW_003858798.1
otoGar3:AAQR03198851	AAQR03198851		AAQR03198851.1	AAQR03198851.1	NW_003858799.1
otoGar3:AAQR03198852	AAQR03198852		AAQR03198852.1	AAQR03198852.1	NW_003858800.1
otoGar3:AAQR03198853	AAQR03198853		AAQR03198853.1	AAQR03198853.1	NW_003858801.1
otoGar3:AAQR03198854	AAQR03198854		AAQR03198854.1	AAQR03198854.1	NW_003858802.1
otoGar3:AAQR03198855	AAQR03198855		AAQR03198855.1	AAQR03198855.1	NW_003858803.1
otoGar3:AAQR03198856	AAQR03198856		AAQR03198856.1	AAQR03198856.1	NW_003858804.1
otoGar3:AAQR03198857	AAQR03198857		AAQR03198857.1	AAQR03198857.1	NW_003858805.1
otoGar3:AAQR03198858	AAQR03198858		AAQR03198858.1	AAQR03198858.1	NW_003858806.1
otoGar3:AAQR03198859	AAQR03198859		AAQR03198859.1	AAQR03198859.1	NW_003858807.1
otoGar3:AAQR03198860	AAQR03198860		AAQR03198860.1	AAQR03198860.1	NW_003858808.1
otoGar3:AAQR03198861	AAQR03198861		AAQR03198861.1	AAQR03198861.1	NW_003858809.1
otoGar3:AAQR03198862	AAQR03198862		AAQR03198862.1	AAQR03198862.1	NW_003858810.1
otoGar3:AAQR03198863	AAQR03198863		AAQR03198863.1	AAQR03198863.1	NW_003858811.1
otoGar3:AAQR03198864	AAQR03198864		AAQR03198864.1	AAQR03198864.1	NW_003858812.1
otoGar3:AAQR03198865	AAQR03198865		AAQR03198865.1	AAQR03198865.1	NW_003858813.1
otoGar3:AAQR03198866	AAQR03198866		AAQR03198866.1	AAQR03198866.1	NW_003858814.1
otoGar3:AAQR03198867	AAQR03198867		AAQR03198867.1	AAQR03198867.1	NW_003858815.1
otoGar3:AAQR03198868	AAQR03198868		AAQR03198868.1	AAQR03198868.1	NW_003858816.1
otoGar3:AAQR03198869	AAQR03198869		AAQR03198869.1	AAQR03198869.1	NW_003858817.1
otoGar3:AAQR03198870	AAQR03198870		AAQR03198870.1	AAQR03198870.1	NW_003858818.1
otoGar3:AAQR03198871	AAQR03198871		AAQR03198871.1	AAQR03198871.1	NW_003858819.1
otoGar3:AAQR03198872	AAQR03198872		AAQR03198872.1	AAQR03198872.1	NW_003858820.1
otoGar3:AAQR03198873	AAQR03198873		AAQR03198873.1	AAQR03198873.1	NW_003858821.1
otoGar3:AAQR03198874	AAQR03198874		AAQR03198874.1	AAQR03198874.1	NW_003858822.1
otoGar3:AAQR03198875	AAQR03198875		AAQR03198875.1	AAQR03198875.1	NW_003858823.1
otoGar3:AAQR03198876	AAQR03198876		AAQR03198876.1	AAQR03198876.1	NW_003858824.1
otoGar3:AAQR03198877	AAQR03198877		AAQR03198877.1	AAQR03198877.1	NW_003858825.1
otoGar3:AAQR03198878	AAQR03198878		AAQR03198878.1	AAQR03198878.1	NW_003858826.1
otoGar3:AAQR03198879	AAQR03198879		AAQR03198879.1	AAQR03198879.1	NW_003858827.1
otoGar3:AAQR03198880	AAQR03198880		AAQR03198880.1	AAQR03198880.1	NW_003858828.1
otoGar3:AAQR03198881	AAQR03198881		AAQR03198881.1	AAQR03198881.1	NW_003858829.1
otoGar3:AAQR03198882	AAQR03198882		AAQR03198882.1	AAQR03198882.1	NW_003858830.1
otoGar3:AAQR03198883	AAQR03198883		AAQR03198883.1	AAQR03198883.1	NW_003858831.1
otoGar3:AAQR03198884	AAQR03198884		AAQR03198884.1	AAQR03198884.1	NW_003858832.1
otoGar3:AAQR03198885	AAQR03198885		AAQR03198885.1	AAQR03198885.1	NW_003858833.1
otoGar3:AAQR03198886	AAQR03198886		AAQR03198886.1	AAQR03198886.1	NW_003858834.1
otoGar3:AAQR03198887	AAQR03198887		AAQR03198887.1	AAQR03198887.1	NW_003858835.1
otoGar3:AAQR03198888	AAQR03198888		AAQR03198888.1	AAQR03198888.1	NW_003858836.1
otoGar3:AAQR03198889	AAQR03198889		AAQR03198889.1	AAQR03198889.1	NW_003858837.1
otoGar3:AAQR03198890	AAQR03198890		AAQR03198890.1	AAQR03198890.1	NW_003858838.1
otoGar3:AAQR03198891	AAQR03198891		AAQR03198891.1	AAQR03198891.1	NW_003858839.1
otoGar3:AAQR03198892	AAQR03198892		AAQR03198892.1	AAQR03198892.1	NW_003858840.1
otoGar3:AAQR03198893	AAQR03198893		AAQR03198893.1	AAQR03198893.1	NW_003858841.1
otoGar3:AAQR03198894	AAQR03198894		AAQR03198894.1	AAQR03198894.1	NW_003858842.1
otoGar3:AAQR03198895	AAQR03198895		AAQR03198895.1	AAQR03198895.1	NW_003858843.1
otoGar3:AAQR03198896	AAQR03198896		AAQR03198896.1	AAQR03198896.1	NW_003858844.1
otoGar3:AAQR03198897	AAQR03198897		AAQR03198897.1	AAQR03198897.1	NW_003858845.1
otoGar3:AAQR03198898	AAQR03198898		AAQR03198898.1	AAQR03198898.1	NW_003858846.1
otoGar3:AAQR03198899	AAQR03198899		AAQR03198899.1	AAQR03198899.1	NW_003858847.1
otoGar3:AAQR03198900	AAQR03198900		AAQR03198900.1	AAQR03198900.1	NW_003858848.1
otoGar3:AAQR03198901	AAQR03198901		AAQR03198901.1	AAQR03198901.1	NW_003858849.1
otoGar3:AAQR03198902	AAQR03198902		AAQR03198902.1	AAQR03198902.1	NW_003858850.1
otoGar3:AAQR03198903	AAQR03198903		AAQR03198903.1	AAQR03198903.1	NW_003858851.1
otoGar3:AAQR03198904	AAQR03198904		AAQR03198904.1	AAQR03198904.1	NW_003858852.1
otoGar3:AAQR03198905	AAQR03198905		AAQR03198905.1	AAQR03198905.1	NW_003858853.1
otoGar3:AAQR03198906	AAQR03198906		AAQR03198906.1	AAQR03198906.1	NW_003858854.1
otoGar3:AAQR03198907	AAQR03198907		AAQR03198907.1	AAQR03198907.1	NW_003858855.1
otoGar3:AAQR03198908	AAQR03198908		AAQR03198908.1	AAQR03198908.1	NW_003858856.1
otoGar3:AAQR03198909	AAQR03198909		AAQR03198909.1	AAQR03198909.1	NW_003858857.1
otoGar3:AAQR03198910	AAQR03198910		AAQR03198910.1	AAQR03198910.1	NW_003858858.1
otoGar3:AAQR03198911	AAQR03198911		AAQR03198911.1	AAQR03198911.1	NW_003858859.1
otoGar3:AAQR03198912	AAQR03198912		AAQR03198912.1	AAQR03198912.1	NW_003858860.1
otoGar3:AAQR03198913	AAQR03198913		AAQR03198913.1	AAQR03198913.1	NW_003858861.1
otoGar3:AAQR03198914	AAQR03198914		AAQR03198914.1	AAQR03198914.1	NW_003858862.1
otoGar3:AAQR03198915	AAQR03198915		AAQR03198915.1	AAQR03198915.1	NW_003858863.1
otoGar3:AAQR03198916	AAQR03198916		AAQR03198916.1	AAQR03198916.1	NW_003858864.1
otoGar3:AAQR03198917	AAQR03198917		AAQR03198917.1	AAQR03198917.1	NW_003858865.1
otoGar3:AAQR03198918	AAQR03198918		AAQR03198918.1	AAQR03198918.1	NW_003858866.1
otoGar3:AAQR03198919	AAQR03198919		AAQR03198919.1	AAQR03198919.1	NW_003858867.1
otoGar3:AAQR03198920	AAQR03198920		AAQR03198920.1	AAQR03198920.1	NW_003858868.1
otoGar3:AAQR03198921	AAQR03198921		AAQR03198921.1	AAQR03198921.1	NW_003858869.1
otoGar3:AAQR03198922	AAQR03198922		AAQR03198922.1	AAQR03198922.1	NW_003858870.1
otoGar3:AAQR03198923	AAQR03198923		AAQR03198923.1	AAQR03198923.1	NW_003858871.1
otoGar3:AAQR03198924	AAQR03198924		AAQR03198924.1	AAQR03198924.1	NW_003858872.1
otoGar3:AAQR03198925	AAQR03198925		AAQR03198925.1	AAQR03198925.1	NW_003858873.1
otoGar3:AAQR03198926	AAQR03198926		AAQR03198926.1	AAQR03198926.1	NW_003858874.1
otoGar3:AAQR03198927	AAQR03198927		AAQR03198927.1	AAQR03198927.1	NW_003858875.1
otoGar3:AAQR03198928	AAQR03198928		AAQR03198928.1	AAQR03198928.1	NW_003858876.1
otoGar3:AAQR03198929	AAQR03198929		AAQR03198929.1	AAQR03198929.1	NW_003858877.1
otoGar3:AAQR03198930	AAQR03198930		AAQR03198930.1	AAQR03198930.1	NW_003858878.1
otoGar3:AAQR03198931	AAQR03198931		AAQR03198931.1	AAQR03198931.1	NW_003858879.1
otoGar3:AAQR03198932	AAQR03198932		AAQR03198932.1	AAQR03198932.1	NW_003858880.1
otoGar3:AAQR03198933	AAQR03198933		AAQR03198933.1	AAQR03198933.1	NW_003858881.1
otoGar3:AAQR03198934	AAQR03198934		AAQR03198934.1	AAQR03198934.1	NW_003858882.1
otoGar3:AAQR03198935	AAQR03198935		AAQR03198935.1	AAQR03198935.1	NW_003858883.1
otoGar3:AAQR03198936	AAQR03198936		AAQR03198936.1	AAQR03198936.1	NW_003858884.1
otoGar3:AAQR03198937	AAQR03198937		AAQR03198937.1	AAQR03198937.1	NW_003858885.1
otoGar3:AAQR03198938	AAQR03198938		AAQR03198938.1	AAQR03198938.1	NW_003858886.1
otoGar3:AAQR03198939	AAQR03198939		AAQR03198939.1	AAQR03198939.1	NW_003858887.1
otoGar3:AAQR03198940	AAQR03198940		AAQR03198940.1	AAQR03198940.1	NW_003858888.1
otoGar3:AAQR03198941	AAQR03198941		AAQR03198941.1	AAQR03198941.1	NW_003858889.1
otoGar3:AAQR03198942	AAQR03198942		AAQR03198942.1	AAQR03198942.1	NW_003858890.1
otoGar3:AAQR03198943	AAQR03198943		AAQR03198943.1	AAQR03198943.1	NW_003858891.1
otoGar3:AAQR03198944	AAQR03198944		AAQR03198944.1	AAQR03198944.1	NW_003858892.1
otoGar3:AAQR03198945	AAQR03198945		AAQR03198945.1	AAQR03198945.1	NW_003858893.1
otoGar3:AAQR03198946	AAQR03198946		AAQR03198946.1	AAQR03198946.1	NW_003858894.1
otoGar3:AAQR03198947	AAQR03198947		AAQR03198947.1	AAQR03198947.1	NW_003858895.1
otoGar3:AAQR03198948	AAQR03198948		AAQR03198948.1	AAQR03198948.1	NW_003858896.1
otoGar3:AAQR03198949	AAQR03198949		AAQR03198949.1	AAQR03198949.1	NW_003858897.1
otoGar3:AAQR03198950	AAQR03198950		AAQR03198950.1	AAQR03198950.1	NW_003858898.1
otoGar3:AAQR03198951	AAQR03198951		AAQR03198951.1	AAQR03198951.1	NW_003858899.1
otoGar3:AAQR03198952	AAQR03198952		AAQR03198952.1	AAQR03198952.1	NW_003858900.1
otoGar3:AAQR03198953	AAQR03198953		AAQR03198953.1	AAQR03198953.1	NW_003858901.1
otoGar3:AAQR03198954	AAQR03198954		AAQR03198954.1	AAQR03198954.1	NW_003858902.1
otoGar3:AAQR03198955	AAQR03198955		AAQR03198955.1	AAQR03198955.1	NW_003858903.1
otoGar3:AAQR03198956	AAQR03198956		AAQR03198956.1	AAQR03198956.1	NW_003858904.1
otoGar3:AAQR03198957	AAQR03198957		AAQR03198957.1	AAQR03198957.1	NW_003858905.1
otoGar3:AAQR03198958	AAQR03198958		AAQR03198958.1	AAQR03198958.1	NW_003858906.1
otoGar3:AAQR03198959	AAQR03198959		AAQR03198959.1	AAQR03198959.1	NW_003858907.1
otoGar3:AAQR03198960	AAQR03198960		AAQR03198960.1	AAQR03198960.1	NW_003858908.1
otoGar3:AAQR03198961	AAQR03198961		AAQR03198961.1	AAQR03198961.1	NW_003858909.1
otoGar3:AAQR03198962	AAQR03198962		AAQR03198962.1	AAQR03198962.1	NW_003858910.1
otoGar3:AAQR03198963	AAQR03198963		AAQR03198963.1	AAQR03198963.1	NW_003858911.1
otoGar3:AAQR03198964	AAQR03198964		AAQR03198964.1	AAQR03198964.1	NW_003858912.1
otoGar3:AAQR03198965	AAQR03198965		AAQR03198965.1	AAQR03198965.1	NW_003858913.1
otoGar3:AAQR03198966	AAQR03198966		AAQR03198966.1	AAQR03198966.1	NW_003858914.1
otoGar3:AAQR03198967	AAQR03198967		AAQR03198967.1	AAQR03198967.1	NW_003858915.1
otoGar3:AAQR03198968	AAQR03198968		AAQR03198968.1	AAQR03198968.1	NW_003858916.1
otoGar3:AAQR03198969	AAQR03198969		AAQR03198969.1	AAQR03198969.1	NW_003858917.1
otoGar3:AAQR03198970	AAQR03198970		AAQR03198970.1	AAQR03198970.1	NW_003858918.1
otoGar3:AAQR03198971	AAQR03198971		AAQR03198971.1	AAQR03198971.1	NW_003858919.1
otoGar3:AAQR03198972	AAQR03198972		AAQR03198972.1	AAQR03198972.1	NW_003858920.1
otoGar3:AAQR03198973	AAQR03198973		AAQR03198973.1	AAQR03198973.1	NW_003858921.1
otoGar3:AAQR03198974	AAQR03198974		AAQR03198974.1	AAQR03198974.1	NW_003858922.1
otoGar3:AAQR03198975	AAQR03198975		AAQR03198975.1	AAQR03198975.1	NW_003858923.1
otoGar3:AAQR03198976	AAQR03198976		AAQR03198976.1	AAQR03198976.1	NW_003858924.1
otoGar3:AAQR03198977	AAQR03198977		AAQR03198977.1	AAQR03198977.1	NW_003858925.1
otoGar3:AAQR03198978	AAQR03198978		AAQR03198978.1	AAQR03198978.1	NW_003858926.1
otoGar3:AAQR03198979	AAQR03198979		AAQR03198979.1	AAQR03198979.1	NW_003858927.1
otoGar3:AAQR03198980	AAQR03198980		AAQR03198980.1	AAQR03198980.1	NW_003858928.1
otoGar3:AAQR03198981	AAQR03198981		AAQR03198981.1	AAQR03198981.1	NW_003858929.1
otoGar3:AAQR03198982	AAQR03198982		AAQR03198982.1	AAQR03198982.1	NW_003858930.1
otoGar3:AAQR03198983	AAQR03198983		AAQR03198983.1	AAQR03198983.1	NW_003858931.1
otoGar3:AAQR03198984	AAQR03198984		AAQR03198984.1	AAQR03198984.1	NW_003858932.1
otoGar3:AAQR03198985	AAQR03198985		AAQR03198985.1	AAQR03198985.1	NW_003858933.1
otoGar3:AAQR03198986	AAQR03198986		AAQR03198986.1	AAQR03198986.1	NW_003858934.1
otoGar3:AAQR03198987	AAQR03198987		AAQR03198987.1	AAQR03198987.1	NW_003858935.1
otoGar3:AAQR03198988	AAQR03198988		AAQR03198988.1	AAQR03198988.1	NW_003858936.1
otoGar3:AAQR03198989	AAQR03198989		AAQR03198989.1	AAQR03198989.1	NW_003858937.1
otoGar3:AAQR03198990	AAQR03198990		AAQR03198990.1	AAQR03198990.1	NW_003858938.1
otoGar3:AAQR03198991	AAQR03198991		AAQR03198991.1	AAQR03198991.1	NW_003858939.1
otoGar3:AAQR03198992	AAQR03198992		AAQR03198992.1	AAQR03198992.1	NW_003858940.1
otoGar3:AAQR03198993	AAQR03198993		AAQR03198993.1	AAQR03198993.1	NW_003858941.1
otoGar3:AAQR03198994	AAQR03198994		AAQR03198994.1	AAQR03198994.1	NW_003858942.1
otoGar3:AAQR03198995	AAQR03198995		AAQR03198995.1	AAQR03198995.1	NW_003858943.1
otoGar3:AAQR03198996	AAQR03198996		AAQR03198996.1	AAQR03198996.1	NW_003858944.1
otoGar3:AAQR03198997	AAQR03198997		AAQR03198997.1	AAQR03198997.1	NW_003858945.1
otoGar3:AAQR03198998	AAQR03198998		AAQR03198998.1	AAQR03198998.1	NW_003858946.1
otoGar3:AAQR03198999	AAQR03198999		AAQR03198999.1	AAQR03198999.1	NW_003858947.1
otoGar3:AAQR03199000	AAQR03199000		AAQR03199000.1	AAQR03199000.1	NW_003858948.1
otoGar3:AAQR03199001	AAQR03199001		AAQR03199001.1	AAQR03199001.1	NW_003858949.1
otoGar3:AAQR03199002	AAQR03199002		AAQR03199002.1	AAQR03199002.1	NW_003858950.1
otoGar3:AAQR03199003	AAQR03199003		AAQR03199003.1	AAQR03199003.1	NW_003858951.1
otoGar3:AAQR03199004	AAQR03199004		AAQR03199004.1	AAQR03199004.1	NW_003858952.1
otoGar3:AAQR03199005	AAQR03199005		AAQR03199005.1	AAQR03199005.1	NW_003858953.1
otoGar3:AAQR03199006	AAQR03199006		AAQR03199006.1	AAQR03199006.1	NW_003858954.1
otoGar3:AAQR03199007	AAQR03199007		AAQR03199007.1	AAQR03199007.1	NW_003858955.1
otoGar3:AAQR03199008	AAQR03199008		AAQR03199008.1	AAQR03199008.1	NW_003858956.1
otoGar3:AAQR03199009	AAQR03199009		AAQR03199009.1	AAQR03199009.1	NW_003858957.1
otoGar3:AAQR03199010	AAQR03199010		AAQR03199010.1	AAQR03199010.1	NW_003858958.1
otoGar3:AAQR03199011	AAQR03199011		AAQR03199011.1	AAQR03199011.1	NW_003858959.1
otoGar3:AAQR03199012	AAQR03199012		AAQR03199012.1	AAQR03199012.1	NW_003858960.1
otoGar3:AAQR03199013	AAQR03199013		AAQR03199013.1	AAQR03199013.1	NW_003858961.1
otoGar3:AAQR03199014	AAQR03199014		AAQR03199014.1	AAQR03199014.1	NW_003858962.1
otoGar3:AAQR03199015	AAQR03199015		AAQR03199015.1	AAQR03199015.1	NW_003858963.1
otoGar3:AAQR03199016	AAQR03199016		AAQR03199016.1	AAQR03199016.1	NW_003858964.1
otoGar3:AAQR03199017	AAQR03199017		AAQR03199017.1	AAQR03199017.1	NW_003858965.1
otoGar3:AAQR03199018	AAQR03199018		AAQR03199018.1	AAQR03199018.1	NW_003858966.1
otoGar3:AAQR03199019	AAQR03199019		AAQR03199019.1	AAQR03199019.1	NW_003858967.1
otoGar3:AAQR03199020	AAQR03199020		AAQR03199020.1	AAQR03199020.1	NW_003858968.1
otoGar3:AAQR03199021	AAQR03199021		AAQR03199021.1	AAQR03199021.1	NW_003858969.1
otoGar3:AAQR03199022	AAQR03199022		AAQR03199022.1	AAQR03199022.1	NW_003858970.1
otoGar3:AAQR03199023	AAQR03199023		AAQR03199023.1	AAQR03199023.1	NW_003858971.1
otoGar3:AAQR03199024	AAQR03199024		AAQR03199024.1	AAQR03199024.1	NW_003858972.1
otoGar3:AAQR03199025	AAQR03199025			AAQR03199025.1	NW_003858973.1
otoGar3:AAQR03199026	AAQR03199026		AAQR03199026.1	AAQR03199026.1	NW_003858974.1
otoGar3:AAQR03199027	AAQR03199027		AAQR03199027.1	AAQR03199027.1	NW_003858975.1
otoGar3:AAQR03199028	AAQR03199028		AAQR03199028.1	AAQR03199028.1	NW_003858976.1
otoGar3:AAQR03199029	AAQR03199029		AAQR03199029.1	AAQR03199029.1	NW_003858977.1
otoGar3:AAQR03199030	AAQR03199030		AAQR03199030.1	AAQR03199030.1	NW_003858978.1
otoGar3:AAQR03199031	AAQR03199031		AAQR03199031.1	AAQR03199031.1	NW_003858979.1
otoGar3:AAQR03199032	AAQR03199032		AAQR03199032.1	AAQR03199032.1	NW_003858980.1
otoGar3:AAQR03199033	AAQR03199033		AAQR03199033.1	AAQR03199033.1	NW_003858981.1
otoGar3:AAQR03199034	AAQR03199034		AAQR03199034.1	AAQR03199034.1	NW_003858982.1
otoGar3:AAQR03199035	AAQR03199035		AAQR03199035.1	AAQR03199035.1	NW_003858983.1
otoGar3:AAQR03199036	AAQR03199036		AAQR03199036.1	AAQR03199036.1	NW_003858984.1
otoGar3:AAQR03199037	AAQR03199037		AAQR03199037.1	AAQR03199037.1	NW_003858985.1
otoGar3:AAQR03199038	AAQR03199038		AAQR03199038.1	AAQR03199038.1	NW_003858986.1
otoGar3:AAQR03199039	AAQR03199039		AAQR03199039.1	AAQR03199039.1	NW_003858987.1
otoGar3:AAQR03199040	AAQR03199040		AAQR03199040.1	AAQR03199040.1	NW_003858988.1
otoGar3:AAQR03199041	AAQR03199041		AAQR03199041.1	AAQR03199041.1	NW_003858989.1
otoGar3:AAQR03199042	AAQR03199042		AAQR03199042.1	AAQR03199042.1	NW_003858990.1
otoGar3:AAQR03199043	AAQR03199043		AAQR03199043.1	AAQR03199043.1	NW_003858991.1
otoGar3:AAQR03199044	AAQR03199044		AAQR03199044.1	AAQR03199044.1	NW_003858992.1
otoGar3:AAQR03199045	AAQR03199045		AAQR03199045.1	AAQR03199045.1	NW_003858993.1
otoGar3:AAQR03199046	AAQR03199046		AAQR03199046.1	AAQR03199046.1	NW_003858994.1
otoGar3:AAQR03199047	AAQR03199047		AAQR03199047.1	AAQR03199047.1	NW_003858995.1
otoGar3:AAQR03199048	AAQR03199048		AAQR03199048.1	AAQR03199048.1	NW_003858996.1
otoGar3:AAQR03199049	AAQR03199049		AAQR03199049.1	AAQR03199049.1	NW_003858997.1
otoGar3:AAQR03199050	AAQR03199050		AAQR03199050.1	AAQR03199050.1	NW_003858998.1
otoGar3:AAQR03199051	AAQR03199051		AAQR03199051.1	AAQR03199051.1	NW_003858999.1
otoGar3:AAQR03199052	AAQR03199052		AAQR03199052.1	AAQR03199052.1	NW_003859000.1
otoGar3:AAQR03199053	AAQR03199053		AAQR03199053.1	AAQR03199053.1	NW_003859001.1
otoGar3:AAQR03199054	AAQR03199054		AAQR03199054.1	AAQR03199054.1	NW_003859002.1
otoGar3:AAQR03199055	AAQR03199055		AAQR03199055.1	AAQR03199055.1	NW_003859003.1
otoGar3:AAQR03199056	AAQR03199056		AAQR03199056.1	AAQR03199056.1	NW_003859004.1
otoGar3:AAQR03199057	AAQR03199057		AAQR03199057.1	AAQR03199057.1	NW_003859005.1
otoGar3:AAQR03199058	AAQR03199058		AAQR03199058.1	AAQR03199058.1	NW_003859006.1
otoGar3:AAQR03199059	AAQR03199059		AAQR03199059.1	AAQR03199059.1	NW_003859007.1
otoGar3:AAQR03199060	AAQR03199060		AAQR03199060.1	AAQR03199060.1	NW_003859008.1
otoGar3:AAQR03199061	AAQR03199061		AAQR03199061.1	AAQR03199061.1	NW_003859009.1
otoGar3:AAQR03199062	AAQR03199062		AAQR03199062.1	AAQR03199062.1	NW_003859010.1
otoGar3:AAQR03199063	AAQR03199063		AAQR03199063.1	AAQR03199063.1	NW_003859011.1
otoGar3:AAQR03199064	AAQR03199064		AAQR03199064.1	AAQR03199064.1	NW_003859012.1
otoGar3:AAQR03199065	AAQR03199065		AAQR03199065.1	AAQR03199065.1	NW_003859013.1
otoGar3:AAQR03199066	AAQR03199066		AAQR03199066.1	AAQR03199066.1	NW_003859014.1
otoGar3:AAQR03199067	AAQR03199067		AAQR03199067.1	AAQR03199067.1	NW_003859015.1
otoGar3:AAQR03199068	AAQR03199068		AAQR03199068.1	AAQR03199068.1	NW_003859016.1
otoGar3:AAQR03199069	AAQR03199069		AAQR03199069.1	AAQR03199069.1	NW_003859017.1
otoGar3:AAQR03199070	AAQR03199070		AAQR03199070.1	AAQR03199070.1	NW_003859018.1
otoGar3:AAQR03199071	AAQR03199071		AAQR03199071.1	AAQR03199071.1	NW_003859019.1
otoGar3:AAQR03199072	AAQR03199072		AAQR03199072.1	AAQR03199072.1	NW_003859020.1
otoGar3:AAQR03199073	AAQR03199073		AAQR03199073.1	AAQR03199073.1	NW_003859021.1
otoGar3:AAQR03199074	AAQR03199074		AAQR03199074.1	AAQR03199074.1	NW_003859022.1
otoGar3:AAQR03199075	AAQR03199075		AAQR03199075.1	AAQR03199075.1	NW_003859023.1
otoGar3:AAQR03199076	AAQR03199076		AAQR03199076.1	AAQR03199076.1	NW_003859024.1
otoGar3:AAQR03199077	AAQR03199077		AAQR03199077.1	AAQR03199077.1	NW_003859025.1
otoGar3:AAQR03199078	AAQR03199078		AAQR03199078.1	AAQR03199078.1	NW_003859026.1
otoGar3:AAQR03199079	AAQR03199079		AAQR03199079.1	AAQR03199079.1	NW_003859027.1
otoGar3:AAQR03199080	AAQR03199080		AAQR03199080.1	AAQR03199080.1	NW_003859028.1
otoGar3:AAQR03199081	AAQR03199081		AAQR03199081.1	AAQR03199081.1	NW_003859029.1
otoGar3:AAQR03199082	AAQR03199082		AAQR03199082.1	AAQR03199082.1	NW_003859030.1
otoGar3:AAQR03199083	AAQR03199083		AAQR03199083.1	AAQR03199083.1	NW_003859031.1
otoGar3:AAQR03199084	AAQR03199084		AAQR03199084.1	AAQR03199084.1	NW_003859032.1
otoGar3:AAQR03199085	AAQR03199085		AAQR03199085.1	AAQR03199085.1	NW_003859033.1
otoGar3:AAQR03199086	AAQR03199086		AAQR03199086.1	AAQR03199086.1	NW_003859034.1
otoGar3:AAQR03199087	AAQR03199087		AAQR03199087.1	AAQR03199087.1	NW_003859035.1
otoGar3:AAQR03199088	AAQR03199088		AAQR03199088.1	AAQR03199088.1	NW_003859036.1
otoGar3:AAQR03199089	AAQR03199089		AAQR03199089.1	AAQR03199089.1	NW_003859037.1
otoGar3:AAQR03199090	AAQR03199090		AAQR03199090.1	AAQR03199090.1	NW_003859038.1
otoGar3:AAQR03199091	AAQR03199091		AAQR03199091.1	AAQR03199091.1	NW_003859039.1
otoGar3:AAQR03199092	AAQR03199092		AAQR03199092.1	AAQR03199092.1	NW_003859040.1
otoGar3:AAQR03199093	AAQR03199093		AAQR03199093.1	AAQR03199093.1	NW_003859041.1
otoGar3:AAQR03199094	AAQR03199094		AAQR03199094.1	AAQR03199094.1	NW_003859042.1
otoGar3:AAQR03199095	AAQR03199095		AAQR03199095.1	AAQR03199095.1	NW_003859043.1
otoGar3:AAQR03199096	AAQR03199096		AAQR03199096.1	AAQR03199096.1	NW_003859044.1
otoGar3:AAQR03199097	AAQR03199097		AAQR03199097.1	AAQR03199097.1	NW_003859045.1
otoGar3:AAQR03199098	AAQR03199098		AAQR03199098.1	AAQR03199098.1	NW_003859046.1
otoGar3:AAQR03199099	AAQR03199099		AAQR03199099.1	AAQR03199099.1	NW_003859047.1
otoGar3:AAQR03199100	AAQR03199100		AAQR03199100.1	AAQR03199100.1	NW_003859048.1
otoGar3:AAQR03199101	AAQR03199101		AAQR03199101.1	AAQR03199101.1	NW_003859049.1
otoGar3:AAQR03199102	AAQR03199102		AAQR03199102.1	AAQR03199102.1	NW_003859050.1
otoGar3:AAQR03199103	AAQR03199103		AAQR03199103.1	AAQR03199103.1	NW_003859051.1
otoGar3:AAQR03199104	AAQR03199104		AAQR03199104.1	AAQR03199104.1	NW_003859052.1
otoGar3:AAQR03199105	AAQR03199105		AAQR03199105.1	AAQR03199105.1	NW_003859053.1
otoGar3:AAQR03199106	AAQR03199106		AAQR03199106.1	AAQR03199106.1	NW_003859054.1
otoGar3:AAQR03199107	AAQR03199107		AAQR03199107.1	AAQR03199107.1	NW_003859055.1
otoGar3:AAQR03199108	AAQR03199108		AAQR03199108.1	AAQR03199108.1	NW_003859056.1
otoGar3:AAQR03199109	AAQR03199109		AAQR03199109.1	AAQR03199109.1	NW_003859057.1
otoGar3:AAQR03199110	AAQR03199110		AAQR03199110.1	AAQR03199110.1	NW_003859058.1
otoGar3:AAQR03199111	AAQR03199111		AAQR03199111.1	AAQR03199111.1	NW_003859059.1
otoGar3:AAQR03199112	AAQR03199112		AAQR03199112.1	AAQR03199112.1	NW_003859060.1
otoGar3:AAQR03199113	AAQR03199113		AAQR03199113.1	AAQR03199113.1	NW_003859061.1
otoGar3:AAQR03199114	AAQR03199114		AAQR03199114.1	AAQR03199114.1	NW_003859062.1
otoGar3:AAQR03199115	AAQR03199115		AAQR03199115.1	AAQR03199115.1	NW_003859063.1
otoGar3:AAQR03199116	AAQR03199116		AAQR03199116.1	AAQR03199116.1	NW_003859064.1
otoGar3:AAQR03199117	AAQR03199117		AAQR03199117.1	AAQR03199117.1	NW_003859065.1
otoGar3:AAQR03199118	AAQR03199118		AAQR03199118.1	AAQR03199118.1	NW_003859066.1
otoGar3:AAQR03199119	AAQR03199119		AAQR03199119.1	AAQR03199119.1	NW_003859067.1
otoGar3:AAQR03199120	AAQR03199120		AAQR03199120.1	AAQR03199120.1	NW_003859068.1
otoGar3:AAQR03199121	AAQR03199121		AAQR03199121.1	AAQR03199121.1	NW_003859069.1
otoGar3:AAQR03199122	AAQR03199122		AAQR03199122.1	AAQR03199122.1	NW_003859070.1
otoGar3:AAQR03199123	AAQR03199123		AAQR03199123.1	AAQR03199123.1	NW_003859071.1
otoGar3:AAQR03199124	AAQR03199124		AAQR03199124.1	AAQR03199124.1	NW_003859072.1
otoGar3:AAQR03199125	AAQR03199125		AAQR03199125.1	AAQR03199125.1	NW_003859073.1
otoGar3:AAQR03199126	AAQR03199126		AAQR03199126.1	AAQR03199126.1	NW_003859074.1
otoGar3:AAQR03199127	AAQR03199127		AAQR03199127.1	AAQR03199127.1	NW_003859075.1
otoGar3:AAQR03199128	AAQR03199128		AAQR03199128.1	AAQR03199128.1	NW_003859076.1
otoGar3:AAQR03199129	AAQR03199129		AAQR03199129.1	AAQR03199129.1	NW_003859077.1
otoGar3:AAQR03199130	AAQR03199130		AAQR03199130.1	AAQR03199130.1	NW_003859078.1
otoGar3:AAQR03199131	AAQR03199131		AAQR03199131.1	AAQR03199131.1	NW_003859079.1
otoGar3:AAQR03199132	AAQR03199132		AAQR03199132.1	AAQR03199132.1	NW_003859080.1
otoGar3:AAQR03199133	AAQR03199133		AAQR03199133.1	AAQR03199133.1	NW_003859081.1
otoGar3:AAQR03199134	AAQR03199134		AAQR03199134.1	AAQR03199134.1	NW_003859082.1
otoGar3:AAQR03199135	AAQR03199135		AAQR03199135.1	AAQR03199135.1	NW_003859083.1
otoGar3:AAQR03199136	AAQR03199136		AAQR03199136.1	AAQR03199136.1	NW_003859084.1
otoGar3:AAQR03199137	AAQR03199137		AAQR03199137.1	AAQR03199137.1	NW_003859085.1
otoGar3:AAQR03199138	AAQR03199138		AAQR03199138.1	AAQR03199138.1	NW_003859086.1
otoGar3:AAQR03199139	AAQR03199139		AAQR03199139.1	AAQR03199139.1	NW_003859087.1
otoGar3:AAQR03199140	AAQR03199140		AAQR03199140.1	AAQR03199140.1	NW_003859088.1
otoGar3:AAQR03199141	AAQR03199141		AAQR03199141.1	AAQR03199141.1	NW_003859089.1
otoGar3:AAQR03199142	AAQR03199142		AAQR03199142.1	AAQR03199142.1	NW_003859090.1
otoGar3:AAQR03199143	AAQR03199143		AAQR03199143.1	AAQR03199143.1	NW_003859091.1
otoGar3:AAQR03199144	AAQR03199144		AAQR03199144.1	AAQR03199144.1	NW_003859092.1
otoGar3:AAQR03199145	AAQR03199145		AAQR03199145.1	AAQR03199145.1	NW_003859093.1
otoGar3:AAQR03199146	AAQR03199146		AAQR03199146.1	AAQR03199146.1	NW_003859094.1
otoGar3:AAQR03199147	AAQR03199147		AAQR03199147.1	AAQR03199147.1	NW_003859095.1
otoGar3:AAQR03199148	AAQR03199148		AAQR03199148.1	AAQR03199148.1	NW_003859096.1
otoGar3:AAQR03199149	AAQR03199149		AAQR03199149.1	AAQR03199149.1	NW_003859097.1
otoGar3:AAQR03199150	AAQR03199150		AAQR03199150.1	AAQR03199150.1	NW_003859098.1
otoGar3:AAQR03199151	AAQR03199151		AAQR03199151.1	AAQR03199151.1	NW_003859099.1
otoGar3:AAQR03199152	AAQR03199152		AAQR03199152.1	AAQR03199152.1	NW_003859100.1
otoGar3:AAQR03199153	AAQR03199153		AAQR03199153.1	AAQR03199153.1	NW_003859101.1
otoGar3:AAQR03199154	AAQR03199154		AAQR03199154.1	AAQR03199154.1	NW_003859102.1
otoGar3:AAQR03199155	AAQR03199155		AAQR03199155.1	AAQR03199155.1	NW_003859103.1
otoGar3:AAQR03199156	AAQR03199156		AAQR03199156.1	AAQR03199156.1	NW_003859104.1
otoGar3:AAQR03199157	AAQR03199157		AAQR03199157.1	AAQR03199157.1	NW_003859105.1
otoGar3:AAQR03199158	AAQR03199158		AAQR03199158.1	AAQR03199158.1	NW_003859106.1
otoGar3:AAQR03199159	AAQR03199159		AAQR03199159.1	AAQR03199159.1	NW_003859107.1
otoGar3:AAQR03199160	AAQR03199160		AAQR03199160.1	AAQR03199160.1	NW_003859108.1
otoGar3:AAQR03199161	AAQR03199161		AAQR03199161.1	AAQR03199161.1	NW_003859109.1
otoGar3:AAQR03199162	AAQR03199162		AAQR03199162.1	AAQR03199162.1	NW_003859110.1
otoGar3:AAQR03199163	AAQR03199163		AAQR03199163.1	AAQR03199163.1	NW_003859111.1
otoGar3:AAQR03199164	AAQR03199164		AAQR03199164.1	AAQR03199164.1	NW_003859112.1
otoGar3:AAQR03199165	AAQR03199165		AAQR03199165.1	AAQR03199165.1	NW_003859113.1
otoGar3:AAQR03199166	AAQR03199166		AAQR03199166.1	AAQR03199166.1	NW_003859114.1
otoGar3:AAQR03199167	AAQR03199167		AAQR03199167.1	AAQR03199167.1	NW_003859115.1
otoGar3:AAQR03199168	AAQR03199168		AAQR03199168.1	AAQR03199168.1	NW_003859116.1
otoGar3:AAQR03199169	AAQR03199169		AAQR03199169.1	AAQR03199169.1	NW_003859117.1
otoGar3:AAQR03199170	AAQR03199170		AAQR03199170.1	AAQR03199170.1	NW_003859118.1
otoGar3:AAQR03199171	AAQR03199171		AAQR03199171.1	AAQR03199171.1	NW_003859119.1
otoGar3:AAQR03199172	AAQR03199172		AAQR03199172.1	AAQR03199172.1	NW_003859120.1
otoGar3:AAQR03199173	AAQR03199173		AAQR03199173.1	AAQR03199173.1	NW_003859121.1
otoGar3:AAQR03199174	AAQR03199174		AAQR03199174.1	AAQR03199174.1	NW_003859122.1
otoGar3:AAQR03199175	AAQR03199175		AAQR03199175.1	AAQR03199175.1	NW_003859123.1
otoGar3:AAQR03199176	AAQR03199176		AAQR03199176.1	AAQR03199176.1	NW_003859124.1
otoGar3:AAQR03199177	AAQR03199177		AAQR03199177.1	AAQR03199177.1	NW_003859125.1
otoGar3:AAQR03199178	AAQR03199178		AAQR03199178.1	AAQR03199178.1	NW_003859126.1
otoGar3:AAQR03199179	AAQR03199179		AAQR03199179.1	AAQR03199179.1	NW_003859127.1
otoGar3:AAQR03199180	AAQR03199180		AAQR03199180.1	AAQR03199180.1	NW_003859128.1
otoGar3:AAQR03199181	AAQR03199181		AAQR03199181.1	AAQR03199181.1	NW_003859129.1
otoGar3:AAQR03199182	AAQR03199182		AAQR03199182.1	AAQR03199182.1	NW_003859130.1
otoGar3:AAQR03199183	AAQR03199183		AAQR03199183.1	AAQR03199183.1	NW_003859131.1
otoGar3:AAQR03199184	AAQR03199184		AAQR03199184.1	AAQR03199184.1	NW_003859132.1
otoGar3:AAQR03199185	AAQR03199185		AAQR03199185.1	AAQR03199185.1	NW_003859133.1
otoGar3:AAQR03199186	AAQR03199186		AAQR03199186.1	AAQR03199186.1	NW_003859134.1
otoGar3:AAQR03199187	AAQR03199187		AAQR03199187.1	AAQR03199187.1	NW_003859135.1
otoGar3:AAQR03199188	AAQR03199188		AAQR03199188.1	AAQR03199188.1	NW_003859136.1
otoGar3:AAQR03199189	AAQR03199189		AAQR03199189.1	AAQR03199189.1	NW_003859137.1
otoGar3:AAQR03199190	AAQR03199190		AAQR03199190.1	AAQR03199190.1	NW_003859138.1
otoGar3:AAQR03199191	AAQR03199191		AAQR03199191.1	AAQR03199191.1	NW_003859139.1
otoGar3:AAQR03199192	AAQR03199192		AAQR03199192.1	AAQR03199192.1	NW_003859140.1
otoGar3:AAQR03199193	AAQR03199193		AAQR03199193.1	AAQR03199193.1	NW_003859141.1
otoGar3:AAQR03199194	AAQR03199194		AAQR03199194.1	AAQR03199194.1	NW_003859142.1
otoGar3:AAQR03199195	AAQR03199195		AAQR03199195.1	AAQR03199195.1	NW_003859143.1
otoGar3:AAQR03199196	AAQR03199196		AAQR03199196.1	AAQR03199196.1	NW_003859144.1
otoGar3:AAQR03199197	AAQR03199197		AAQR03199197.1	AAQR03199197.1	NW_003859145.1
otoGar3:AAQR03199198	AAQR03199198		AAQR03199198.1	AAQR03199198.1	NW_003859146.1
otoGar3:AAQR03199199	AAQR03199199		AAQR03199199.1	AAQR03199199.1	NW_003859147.1
otoGar3:AAQR03199200	AAQR03199200		AAQR03199200.1	AAQR03199200.1	NW_003859148.1
otoGar3:AAQR03199201	AAQR03199201		AAQR03199201.1	AAQR03199201.1	NW_003859149.1
otoGar3:AAQR03199202	AAQR03199202		AAQR03199202.1	AAQR03199202.1	NW_003859150.1
otoGar3:AAQR03199203	AAQR03199203		AAQR03199203.1	AAQR03199203.1	NW_003859151.1
otoGar3:AAQR03199204	AAQR03199204		AAQR03199204.1	AAQR03199204.1	NW_003859152.1
otoGar3:AAQR03199205	AAQR03199205		AAQR03199205.1	AAQR03199205.1	NW_003859153.1
otoGar3:AAQR03199206	AAQR03199206		AAQR03199206.1	AAQR03199206.1	NW_003859154.1
otoGar3:AAQR03199207	AAQR03199207		AAQR03199207.1	AAQR03199207.1	NW_003859155.1
otoGar3:AAQR03199208	AAQR03199208		AAQR03199208.1	AAQR03199208.1	NW_003859156.1
otoGar3:AAQR03199209	AAQR03199209		AAQR03199209.1	AAQR03199209.1	NW_003859157.1
otoGar3:AAQR03199210	AAQR03199210		AAQR03199210.1	AAQR03199210.1	NW_003859158.1
otoGar3:AAQR03199211	AAQR03199211		AAQR03199211.1	AAQR03199211.1	NW_003859159.1
otoGar3:AAQR03199212	AAQR03199212		AAQR03199212.1	AAQR03199212.1	NW_003859160.1
otoGar3:AAQR03199213	AAQR03199213		AAQR03199213.1	AAQR03199213.1	NW_003859161.1
otoGar3:AAQR03199214	AAQR03199214		AAQR03199214.1	AAQR03199214.1	NW_003859162.1
otoGar3:AAQR03199215	AAQR03199215		AAQR03199215.1	AAQR03199215.1	NW_003859163.1
otoGar3:AAQR03199216	AAQR03199216		AAQR03199216.1	AAQR03199216.1	NW_003859164.1
otoGar3:AAQR03199217	AAQR03199217		AAQR03199217.1	AAQR03199217.1	NW_003859165.1
otoGar3:AAQR03199218	AAQR03199218		AAQR03199218.1	AAQR03199218.1	NW_003859166.1
otoGar3:AAQR03199219	AAQR03199219		AAQR03199219.1	AAQR03199219.1	NW_003859167.1
otoGar3:AAQR03199220	AAQR03199220		AAQR03199220.1	AAQR03199220.1	NW_003859168.1
otoGar3:AAQR03199221	AAQR03199221			AAQR03199221.1	NW_003859169.1
otoGar3:AAQR03199222	AAQR03199222		AAQR03199222.1	AAQR03199222.1	NW_003859170.1
otoGar3:AAQR03199223	AAQR03199223		AAQR03199223.1	AAQR03199223.1	NW_003859171.1
otoGar3:AAQR03199224	AAQR03199224		AAQR03199224.1	AAQR03199224.1	NW_003859172.1
otoGar3:AAQR03199225	AAQR03199225		AAQR03199225.1	AAQR03199225.1	NW_003859173.1
otoGar3:AAQR03199226	AAQR03199226		AAQR03199226.1	AAQR03199226.1	NW_003859174.1
otoGar3:AAQR03199227	AAQR03199227		AAQR03199227.1	AAQR03199227.1	NW_003859175.1
otoGar3:AAQR03199228	AAQR03199228		AAQR03199228.1	AAQR03199228.1	NW_003859176.1
otoGar3:AAQR03199229	AAQR03199229		AAQR03199229.1	AAQR03199229.1	NW_003859177.1
otoGar3:AAQR03199230	AAQR03199230		AAQR03199230.1	AAQR03199230.1	NW_003859178.1
otoGar3:AAQR03199231	AAQR03199231		AAQR03199231.1	AAQR03199231.1	NW_003859179.1
otoGar3:AAQR03199232	AAQR03199232		AAQR03199232.1	AAQR03199232.1	NW_003859180.1
otoGar3:AAQR03199233	AAQR03199233		AAQR03199233.1	AAQR03199233.1	NW_003859181.1
otoGar3:AAQR03199234	AAQR03199234		AAQR03199234.1	AAQR03199234.1	NW_003859182.1
otoGar3:AAQR03199235	AAQR03199235		AAQR03199235.1	AAQR03199235.1	NW_003859183.1
otoGar3:AAQR03199236	AAQR03199236		AAQR03199236.1	AAQR03199236.1	NW_003859184.1
otoGar3:AAQR03199237	AAQR03199237		AAQR03199237.1	AAQR03199237.1	NW_003859185.1
otoGar3:AAQR03199238	AAQR03199238		AAQR03199238.1	AAQR03199238.1	NW_003859186.1
otoGar3:AAQR03199239	AAQR03199239		AAQR03199239.1	AAQR03199239.1	NW_003859187.1
otoGar3:AAQR03199240	AAQR03199240		AAQR03199240.1	AAQR03199240.1	NW_003859188.1
otoGar3:AAQR03199241	AAQR03199241		AAQR03199241.1	AAQR03199241.1	NW_003859189.1
otoGar3:AAQR03199242	AAQR03199242		AAQR03199242.1	AAQR03199242.1	NW_003859190.1
otoGar3:AAQR03199243	AAQR03199243		AAQR03199243.1	AAQR03199243.1	NW_003859191.1
otoGar3:AAQR03199244	AAQR03199244		AAQR03199244.1	AAQR03199244.1	NW_003859192.1
otoGar3:AAQR03199245	AAQR03199245		AAQR03199245.1	AAQR03199245.1	NW_003859193.1
otoGar3:AAQR03199246	AAQR03199246		AAQR03199246.1	AAQR03199246.1	NW_003859194.1
otoGar3:AAQR03199247	AAQR03199247		AAQR03199247.1	AAQR03199247.1	NW_003859195.1
otoGar3:AAQR03199248	AAQR03199248		AAQR03199248.1	AAQR03199248.1	NW_003859196.1
otoGar3:AAQR03199249	AAQR03199249		AAQR03199249.1	AAQR03199249.1	NW_003859197.1
otoGar3:AAQR03199250	AAQR03199250		AAQR03199250.1	AAQR03199250.1	NW_003859198.1
otoGar3:AAQR03199251	AAQR03199251		AAQR03199251.1	AAQR03199251.1	NW_003859199.1
otoGar3:AAQR03199252	AAQR03199252		AAQR03199252.1	AAQR03199252.1	NW_003859200.1
otoGar3:AAQR03199253	AAQR03199253		AAQR03199253.1	AAQR03199253.1	NW_003859201.1
otoGar3:AAQR03199254	AAQR03199254		AAQR03199254.1	AAQR03199254.1	NW_003859202.1
otoGar3:AAQR03199255	AAQR03199255		AAQR03199255.1	AAQR03199255.1	NW_003859203.1
otoGar3:AAQR03199256	AAQR03199256		AAQR03199256.1	AAQR03199256.1	NW_003859204.1
otoGar3:AAQR03199257	AAQR03199257		AAQR03199257.1	AAQR03199257.1	NW_003859205.1
otoGar3:AAQR03199258	AAQR03199258		AAQR03199258.1	AAQR03199258.1	NW_003859206.1
otoGar3:AAQR03199259	AAQR03199259		AAQR03199259.1	AAQR03199259.1	NW_003859207.1
otoGar3:AAQR03199260	AAQR03199260		AAQR03199260.1	AAQR03199260.1	NW_003859208.1
otoGar3:AAQR03199261	AAQR03199261		AAQR03199261.1	AAQR03199261.1	NW_003859209.1
otoGar3:AAQR03199262	AAQR03199262		AAQR03199262.1	AAQR03199262.1	NW_003859210.1
otoGar3:AAQR03199263	AAQR03199263		AAQR03199263.1	AAQR03199263.1	NW_003859211.1
otoGar3:AAQR03199264	AAQR03199264		AAQR03199264.1	AAQR03199264.1	NW_003859212.1
otoGar3:AAQR03199265	AAQR03199265		AAQR03199265.1	AAQR03199265.1	NW_003859213.1
otoGar3:AAQR03199266	AAQR03199266		AAQR03199266.1	AAQR03199266.1	NW_003859214.1
otoGar3:AAQR03199267	AAQR03199267		AAQR03199267.1	AAQR03199267.1	NW_003859215.1
otoGar3:AAQR03199268	AAQR03199268		AAQR03199268.1	AAQR03199268.1	NW_003859216.1
otoGar3:AAQR03199269	AAQR03199269		AAQR03199269.1	AAQR03199269.1	NW_003859217.1
otoGar3:AAQR03199270	AAQR03199270		AAQR03199270.1	AAQR03199270.1	NW_003859218.1
otoGar3:AAQR03199271	AAQR03199271		AAQR03199271.1	AAQR03199271.1	NW_003859219.1
otoGar3:AAQR03199272	AAQR03199272		AAQR03199272.1	AAQR03199272.1	NW_003859220.1
otoGar3:AAQR03199273	AAQR03199273		AAQR03199273.1	AAQR03199273.1	NW_003859221.1
otoGar3:AAQR03199274	AAQR03199274		AAQR03199274.1	AAQR03199274.1	NW_003859222.1
otoGar3:AAQR03199275	AAQR03199275		AAQR03199275.1	AAQR03199275.1	NW_003859223.1
otoGar3:AAQR03199276	AAQR03199276		AAQR03199276.1	AAQR03199276.1	NW_003859224.1
otoGar3:AAQR03199277	AAQR03199277		AAQR03199277.1	AAQR03199277.1	NW_003859225.1
otoGar3:AAQR03199278	AAQR03199278		AAQR03199278.1	AAQR03199278.1	NW_003859226.1
otoGar3:AAQR03199279	AAQR03199279		AAQR03199279.1	AAQR03199279.1	NW_003859227.1
otoGar3:AAQR03199280	AAQR03199280		AAQR03199280.1	AAQR03199280.1	NW_003859228.1
otoGar3:AAQR03199281	AAQR03199281		AAQR03199281.1	AAQR03199281.1	NW_003859229.1
otoGar3:AAQR03199282	AAQR03199282		AAQR03199282.1	AAQR03199282.1	NW_003859230.1
otoGar3:AAQR03199283	AAQR03199283		AAQR03199283.1	AAQR03199283.1	NW_003859231.1
otoGar3:AAQR03199284	AAQR03199284		AAQR03199284.1	AAQR03199284.1	NW_003859232.1
otoGar3:AAQR03199285	AAQR03199285		AAQR03199285.1	AAQR03199285.1	NW_003859233.1
otoGar3:AAQR03199286	AAQR03199286		AAQR03199286.1	AAQR03199286.1	NW_003859234.1
otoGar3:AAQR03199287	AAQR03199287		AAQR03199287.1	AAQR03199287.1	NW_003859235.1
otoGar3:AAQR03199288	AAQR03199288		AAQR03199288.1	AAQR03199288.1	NW_003859236.1
otoGar3:AAQR03199289	AAQR03199289		AAQR03199289.1	AAQR03199289.1	NW_003859237.1
otoGar3:AAQR03199290	AAQR03199290		AAQR03199290.1	AAQR03199290.1	NW_003859238.1
otoGar3:AAQR03199291	AAQR03199291		AAQR03199291.1	AAQR03199291.1	NW_003859239.1
otoGar3:AAQR03199292	AAQR03199292		AAQR03199292.1	AAQR03199292.1	NW_003859240.1
otoGar3:AAQR03199293	AAQR03199293		AAQR03199293.1	AAQR03199293.1	NW_003859241.1
otoGar3:AAQR03199294	AAQR03199294		AAQR03199294.1	AAQR03199294.1	NW_003859242.1
otoGar3:AAQR03199295	AAQR03199295		AAQR03199295.1	AAQR03199295.1	NW_003859243.1
otoGar3:AAQR03199296	AAQR03199296		AAQR03199296.1	AAQR03199296.1	NW_003859244.1
otoGar3:AAQR03199297	AAQR03199297		AAQR03199297.1	AAQR03199297.1	NW_003859245.1
otoGar3:AAQR03199298	AAQR03199298		AAQR03199298.1	AAQR03199298.1	NW_003859246.1
otoGar3:AAQR03199299	AAQR03199299		AAQR03199299.1	AAQR03199299.1	NW_003859247.1
otoGar3:AAQR03199300	AAQR03199300		AAQR03199300.1	AAQR03199300.1	NW_003859248.1
otoGar3:AAQR03199301	AAQR03199301		AAQR03199301.1	AAQR03199301.1	NW_003859249.1
otoGar3:AAQR03199302	AAQR03199302		AAQR03199302.1	AAQR03199302.1	NW_003859250.1
otoGar3:AAQR03199303	AAQR03199303		AAQR03199303.1	AAQR03199303.1	NW_003859251.1
otoGar3:AAQR03199304	AAQR03199304		AAQR03199304.1	AAQR03199304.1	NW_003859252.1
otoGar3:AAQR03199305	AAQR03199305		AAQR03199305.1	AAQR03199305.1	NW_003859253.1
otoGar3:AAQR03199306	AAQR03199306		AAQR03199306.1	AAQR03199306.1	NW_003859254.1
otoGar3:AAQR03199307	AAQR03199307		AAQR03199307.1	AAQR03199307.1	NW_003859255.1
otoGar3:AAQR03199308	AAQR03199308		AAQR03199308.1	AAQR03199308.1	NW_003859256.1
otoGar3:AAQR03199309	AAQR03199309		AAQR03199309.1	AAQR03199309.1	NW_003859257.1
otoGar3:AAQR03199310	AAQR03199310		AAQR03199310.1	AAQR03199310.1	NW_003859258.1
otoGar3:AAQR03199311	AAQR03199311		AAQR03199311.1	AAQR03199311.1	NW_003859259.1
otoGar3:AAQR03199312	AAQR03199312		AAQR03199312.1	AAQR03199312.1	NW_003859260.1
otoGar3:AAQR03199313	AAQR03199313		AAQR03199313.1	AAQR03199313.1	NW_003859261.1
otoGar3:AAQR03199314	AAQR03199314		AAQR03199314.1	AAQR03199314.1	NW_003859262.1
otoGar3:AAQR03199315	AAQR03199315		AAQR03199315.1	AAQR03199315.1	NW_003859263.1
otoGar3:AAQR03199316	AAQR03199316		AAQR03199316.1	AAQR03199316.1	NW_003859264.1
otoGar3:AAQR03199317	AAQR03199317		AAQR03199317.1	AAQR03199317.1	NW_003859265.1
otoGar3:AAQR03199318	AAQR03199318		AAQR03199318.1	AAQR03199318.1	NW_003859266.1
otoGar3:AAQR03199319	AAQR03199319		AAQR03199319.1	AAQR03199319.1	NW_003859267.1
otoGar3:AAQR03199320	AAQR03199320		AAQR03199320.1	AAQR03199320.1	NW_003859268.1
otoGar3:AAQR03199321	AAQR03199321		AAQR03199321.1	AAQR03199321.1	NW_003859269.1
otoGar3:AAQR03199322	AAQR03199322		AAQR03199322.1	AAQR03199322.1	NW_003859270.1
otoGar3:AAQR03199323	AAQR03199323		AAQR03199323.1	AAQR03199323.1	NW_003859271.1
otoGar3:AAQR03199324	AAQR03199324		AAQR03199324.1	AAQR03199324.1	NW_003859272.1
otoGar3:AAQR03199325	AAQR03199325		AAQR03199325.1	AAQR03199325.1	NW_003859273.1
otoGar3:AAQR03199326	AAQR03199326			AAQR03199326.1	NW_003859274.1
otoGar3:AAQR03199327	AAQR03199327			AAQR03199327.1	NW_003859275.1
otoGar3:AAQR03199328	AAQR03199328		AAQR03199328.1	AAQR03199328.1	NW_003859276.1
otoGar3:AAQR03199329	AAQR03199329			AAQR03199329.1	NW_003859277.1
otoGar3:AAQR03199330	AAQR03199330		AAQR03199330.1	AAQR03199330.1	NW_003859278.1
otoGar3:AAQR03199331	AAQR03199331		AAQR03199331.1	AAQR03199331.1	NW_003859279.1
otoGar3:AAQR03199332	AAQR03199332		AAQR03199332.1	AAQR03199332.1	NW_003859280.1
otoGar3:AAQR03199333	AAQR03199333		AAQR03199333.1	AAQR03199333.1	NW_003859281.1
otoGar3:AAQR03199334	AAQR03199334		AAQR03199334.1	AAQR03199334.1	NW_003859282.1
otoGar3:AAQR03199335	AAQR03199335		AAQR03199335.1	AAQR03199335.1	NW_003859283.1
otoGar3:AAQR03199336	AAQR03199336		AAQR03199336.1	AAQR03199336.1	NW_003859284.1
otoGar3:AAQR03199337	AAQR03199337		AAQR03199337.1	AAQR03199337.1	NW_003859285.1
otoGar3:AAQR03199338	AAQR03199338		AAQR03199338.1	AAQR03199338.1	NW_003859286.1
otoGar3:AAQR03199339	AAQR03199339		AAQR03199339.1	AAQR03199339.1	NW_003859287.1
otoGar3:AAQR03199340	AAQR03199340		AAQR03199340.1	AAQR03199340.1	NW_003859288.1
otoGar3:AAQR03199341	AAQR03199341		AAQR03199341.1	AAQR03199341.1	NW_003859289.1
otoGar3:AAQR03199342	AAQR03199342		AAQR03199342.1	AAQR03199342.1	NW_003859290.1
otoGar3:AAQR03199343	AAQR03199343		AAQR03199343.1	AAQR03199343.1	NW_003859291.1
otoGar3:AAQR03199344	AAQR03199344		AAQR03199344.1	AAQR03199344.1	NW_003859292.1
otoGar3:AAQR03199345	AAQR03199345		AAQR03199345.1	AAQR03199345.1	NW_003859293.1
otoGar3:AAQR03199346	AAQR03199346		AAQR03199346.1	AAQR03199346.1	NW_003859294.1
otoGar3:AAQR03199347	AAQR03199347		AAQR03199347.1	AAQR03199347.1	NW_003859295.1
otoGar3:AAQR03199348	AAQR03199348		AAQR03199348.1	AAQR03199348.1	NW_003859296.1
otoGar3:AAQR03199349	AAQR03199349		AAQR03199349.1	AAQR03199349.1	NW_003859297.1
otoGar3:AAQR03199350	AAQR03199350		AAQR03199350.1	AAQR03199350.1	NW_003859298.1
otoGar3:AAQR03199351	AAQR03199351		AAQR03199351.1	AAQR03199351.1	NW_003859299.1
otoGar3:AAQR03199352	AAQR03199352		AAQR03199352.1	AAQR03199352.1	NW_003859300.1
otoGar3:AAQR03199353	AAQR03199353		AAQR03199353.1	AAQR03199353.1	NW_003859301.1
otoGar3:AAQR03199354	AAQR03199354		AAQR03199354.1	AAQR03199354.1	NW_003859302.1
otoGar3:AAQR03199355	AAQR03199355		AAQR03199355.1	AAQR03199355.1	NW_003859303.1
otoGar3:AAQR03199356	AAQR03199356		AAQR03199356.1	AAQR03199356.1	NW_003859304.1
otoGar3:AAQR03199357	AAQR03199357		AAQR03199357.1	AAQR03199357.1	NW_003859305.1
otoGar3:AAQR03199358	AAQR03199358		AAQR03199358.1	AAQR03199358.1	NW_003859306.1
otoGar3:AAQR03199359	AAQR03199359		AAQR03199359.1	AAQR03199359.1	NW_003859307.1
otoGar3:AAQR03199360	AAQR03199360		AAQR03199360.1	AAQR03199360.1	NW_003859308.1
otoGar3:AAQR03199361	AAQR03199361		AAQR03199361.1	AAQR03199361.1	NW_003859309.1
otoGar3:AAQR03199362	AAQR03199362		AAQR03199362.1	AAQR03199362.1	NW_003859310.1
otoGar3:AAQR03199363	AAQR03199363		AAQR03199363.1	AAQR03199363.1	NW_003859311.1
otoGar3:AAQR03199364	AAQR03199364		AAQR03199364.1	AAQR03199364.1	NW_003859312.1
otoGar3:AAQR03199365	AAQR03199365		AAQR03199365.1	AAQR03199365.1	NW_003859313.1
otoGar3:AAQR03199366	AAQR03199366		AAQR03199366.1	AAQR03199366.1	NW_003859314.1
otoGar3:AAQR03199367	AAQR03199367		AAQR03199367.1	AAQR03199367.1	NW_003859315.1
otoGar3:AAQR03199368	AAQR03199368		AAQR03199368.1	AAQR03199368.1	NW_003859316.1
otoGar3:AAQR03199369	AAQR03199369		AAQR03199369.1	AAQR03199369.1	NW_003859317.1
otoGar3:AAQR03199370	AAQR03199370		AAQR03199370.1	AAQR03199370.1	NW_003859318.1
otoGar3:AAQR03199371	AAQR03199371		AAQR03199371.1	AAQR03199371.1	NW_003859319.1
otoGar3:AAQR03199372	AAQR03199372		AAQR03199372.1	AAQR03199372.1	NW_003859320.1
otoGar3:AAQR03199373	AAQR03199373		AAQR03199373.1	AAQR03199373.1	NW_003859321.1
otoGar3:AAQR03199374	AAQR03199374		AAQR03199374.1	AAQR03199374.1	NW_003859322.1
otoGar3:AAQR03199375	AAQR03199375		AAQR03199375.1	AAQR03199375.1	NW_003859323.1
otoGar3:AAQR03199376	AAQR03199376		AAQR03199376.1	AAQR03199376.1	NW_003859324.1
otoGar3:AAQR03199377	AAQR03199377		AAQR03199377.1	AAQR03199377.1	NW_003859325.1
otoGar3:AAQR03199378	AAQR03199378		AAQR03199378.1	AAQR03199378.1	NW_003859326.1
otoGar3:AAQR03199379	AAQR03199379		AAQR03199379.1	AAQR03199379.1	NW_003859327.1
otoGar3:AAQR03199380	AAQR03199380		AAQR03199380.1	AAQR03199380.1	NW_003859328.1
otoGar3:AAQR03199381	AAQR03199381		AAQR03199381.1	AAQR03199381.1	NW_003859329.1
otoGar3:AAQR03199382	AAQR03199382		AAQR03199382.1	AAQR03199382.1	NW_003859330.1
otoGar3:AAQR03199383	AAQR03199383		AAQR03199383.1	AAQR03199383.1	NW_003859331.1
otoGar3:AAQR03199384	AAQR03199384		AAQR03199384.1	AAQR03199384.1	NW_003859332.1
otoGar3:AAQR03199385	AAQR03199385		AAQR03199385.1	AAQR03199385.1	NW_003859333.1
otoGar3:AAQR03199386	AAQR03199386		AAQR03199386.1	AAQR03199386.1	NW_003859334.1
otoGar3:AAQR03199387	AAQR03199387		AAQR03199387.1	AAQR03199387.1	NW_003859335.1
otoGar3:AAQR03199388	AAQR03199388		AAQR03199388.1	AAQR03199388.1	NW_003859336.1
otoGar3:AAQR03199389	AAQR03199389		AAQR03199389.1	AAQR03199389.1	NW_003859337.1
otoGar3:AAQR03199390	AAQR03199390		AAQR03199390.1	AAQR03199390.1	NW_003859338.1
otoGar3:AAQR03199391	AAQR03199391		AAQR03199391.1	AAQR03199391.1	NW_003859339.1
otoGar3:AAQR03199392	AAQR03199392			AAQR03199392.1	NW_003859340.1
otoGar3:AAQR03199393	AAQR03199393		AAQR03199393.1	AAQR03199393.1	NW_003859341.1
otoGar3:AAQR03199394	AAQR03199394		AAQR03199394.1	AAQR03199394.1	NW_003859342.1
otoGar3:AAQR03199395	AAQR03199395		AAQR03199395.1	AAQR03199395.1	NW_003859343.1
otoGar3:AAQR03199396	AAQR03199396		AAQR03199396.1	AAQR03199396.1	NW_003859344.1
otoGar3:AAQR03199397	AAQR03199397		AAQR03199397.1	AAQR03199397.1	NW_003859345.1
otoGar3:AAQR03199398	AAQR03199398		AAQR03199398.1	AAQR03199398.1	NW_003859346.1
otoGar3:AAQR03199399	AAQR03199399		AAQR03199399.1	AAQR03199399.1	NW_003859347.1
otoGar3:AAQR03199400	AAQR03199400		AAQR03199400.1	AAQR03199400.1	NW_003859348.1
otoGar3:AAQR03199401	AAQR03199401		AAQR03199401.1	AAQR03199401.1	NW_003859349.1
otoGar3:AAQR03199402	AAQR03199402		AAQR03199402.1	AAQR03199402.1	NW_003859350.1
otoGar3:AAQR03199403	AAQR03199403		AAQR03199403.1	AAQR03199403.1	NW_003859351.1
otoGar3:AAQR03199404	AAQR03199404		AAQR03199404.1	AAQR03199404.1	NW_003859352.1
otoGar3:AAQR03199405	AAQR03199405		AAQR03199405.1	AAQR03199405.1	NW_003859353.1
otoGar3:AAQR03199406	AAQR03199406		AAQR03199406.1	AAQR03199406.1	NW_003859354.1
otoGar3:AAQR03199407	AAQR03199407		AAQR03199407.1	AAQR03199407.1	NW_003859355.1
otoGar3:AAQR03199408	AAQR03199408		AAQR03199408.1	AAQR03199408.1	NW_003859356.1
otoGar3:AAQR03199409	AAQR03199409		AAQR03199409.1	AAQR03199409.1	NW_003859357.1
otoGar3:AAQR03199410	AAQR03199410		AAQR03199410.1	AAQR03199410.1	NW_003859358.1
otoGar3:AAQR03199411	AAQR03199411		AAQR03199411.1	AAQR03199411.1	NW_003859359.1
otoGar3:AAQR03199412	AAQR03199412		AAQR03199412.1	AAQR03199412.1	NW_003859360.1
otoGar3:AAQR03199413	AAQR03199413		AAQR03199413.1	AAQR03199413.1	NW_003859361.1
otoGar3:AAQR03199414	AAQR03199414		AAQR03199414.1	AAQR03199414.1	NW_003859362.1
otoGar3:AAQR03199415	AAQR03199415		AAQR03199415.1	AAQR03199415.1	NW_003859363.1
otoGar3:AAQR03199416	AAQR03199416		AAQR03199416.1	AAQR03199416.1	NW_003859364.1
otoGar3:AAQR03199417	AAQR03199417		AAQR03199417.1	AAQR03199417.1	NW_003859365.1
otoGar3:AAQR03199418	AAQR03199418		AAQR03199418.1	AAQR03199418.1	NW_003859366.1
otoGar3:AAQR03199419	AAQR03199419		AAQR03199419.1	AAQR03199419.1	NW_003859367.1
otoGar3:AAQR03199420	AAQR03199420		AAQR03199420.1	AAQR03199420.1	NW_003859368.1
otoGar3:AAQR03199421	AAQR03199421		AAQR03199421.1	AAQR03199421.1	NW_003859369.1
otoGar3:AAQR03199422	AAQR03199422		AAQR03199422.1	AAQR03199422.1	NW_003859370.1
otoGar3:AAQR03199423	AAQR03199423		AAQR03199423.1	AAQR03199423.1	NW_003859371.1
otoGar3:AAQR03199424	AAQR03199424		AAQR03199424.1	AAQR03199424.1	NW_003859372.1
otoGar3:AAQR03199425	AAQR03199425		AAQR03199425.1	AAQR03199425.1	NW_003859373.1
otoGar3:AAQR03199426	AAQR03199426		AAQR03199426.1	AAQR03199426.1	NW_003859374.1
otoGar3:AAQR03199427	AAQR03199427		AAQR03199427.1	AAQR03199427.1	NW_003859375.1
otoGar3:AAQR03199428	AAQR03199428		AAQR03199428.1	AAQR03199428.1	NW_003859376.1
otoGar3:AAQR03199429	AAQR03199429		AAQR03199429.1	AAQR03199429.1	NW_003859377.1
otoGar3:AAQR03199430	AAQR03199430		AAQR03199430.1	AAQR03199430.1	NW_003859378.1
otoGar3:AAQR03199431	AAQR03199431		AAQR03199431.1	AAQR03199431.1	NW_003859379.1
otoGar3:AAQR03199432	AAQR03199432		AAQR03199432.1	AAQR03199432.1	NW_003859380.1
otoGar3:AAQR03199433	AAQR03199433		AAQR03199433.1	AAQR03199433.1	NW_003859381.1
otoGar3:AAQR03199434	AAQR03199434		AAQR03199434.1	AAQR03199434.1	NW_003859382.1
otoGar3:AAQR03199435	AAQR03199435		AAQR03199435.1	AAQR03199435.1	NW_003859383.1
otoGar3:AAQR03199436	AAQR03199436		AAQR03199436.1	AAQR03199436.1	NW_003859384.1
otoGar3:AAQR03199437	AAQR03199437		AAQR03199437.1	AAQR03199437.1	NW_003859385.1
otoGar3:AAQR03199438	AAQR03199438		AAQR03199438.1	AAQR03199438.1	NW_003859386.1
otoGar3:AAQR03199439	AAQR03199439		AAQR03199439.1	AAQR03199439.1	NW_003859387.1
otoGar3:AAQR03199440	AAQR03199440		AAQR03199440.1	AAQR03199440.1	NW_003859388.1
otoGar3:AAQR03199441	AAQR03199441		AAQR03199441.1	AAQR03199441.1	NW_003859389.1
otoGar3:AAQR03199442	AAQR03199442		AAQR03199442.1	AAQR03199442.1	NW_003859390.1
otoGar3:AAQR03199443	AAQR03199443		AAQR03199443.1	AAQR03199443.1	NW_003859391.1
otoGar3:AAQR03199444	AAQR03199444		AAQR03199444.1	AAQR03199444.1	NW_003859392.1
otoGar3:AAQR03199445	AAQR03199445		AAQR03199445.1	AAQR03199445.1	NW_003859393.1
otoGar3:AAQR03199446	AAQR03199446		AAQR03199446.1	AAQR03199446.1	NW_003859394.1
otoGar3:AAQR03199447	AAQR03199447		AAQR03199447.1	AAQR03199447.1	NW_003859395.1
otoGar3:AAQR03199448	AAQR03199448		AAQR03199448.1	AAQR03199448.1	NW_003859396.1
otoGar3:AAQR03199449	AAQR03199449		AAQR03199449.1	AAQR03199449.1	NW_003859397.1
otoGar3:AAQR03199450	AAQR03199450		AAQR03199450.1	AAQR03199450.1	NW_003859398.1
otoGar3:AAQR03199451	AAQR03199451		AAQR03199451.1	AAQR03199451.1	NW_003859399.1
otoGar3:AAQR03199452	AAQR03199452		AAQR03199452.1	AAQR03199452.1	NW_003859400.1
otoGar3:AAQR03199453	AAQR03199453		AAQR03199453.1	AAQR03199453.1	NW_003859401.1
otoGar3:AAQR03199454	AAQR03199454		AAQR03199454.1	AAQR03199454.1	NW_003859402.1
otoGar3:AAQR03199455	AAQR03199455		AAQR03199455.1	AAQR03199455.1	NW_003859403.1
otoGar3:AAQR03199456	AAQR03199456		AAQR03199456.1	AAQR03199456.1	NW_003859404.1
otoGar3:AAQR03199457	AAQR03199457		AAQR03199457.1	AAQR03199457.1	NW_003859405.1
otoGar3:AAQR03199458	AAQR03199458		AAQR03199458.1	AAQR03199458.1	NW_003859406.1
otoGar3:AAQR03199459	AAQR03199459		AAQR03199459.1	AAQR03199459.1	NW_003859407.1
otoGar3:AAQR03199460	AAQR03199460		AAQR03199460.1	AAQR03199460.1	NW_003859408.1
otoGar3:AAQR03199461	AAQR03199461		AAQR03199461.1	AAQR03199461.1	NW_003859409.1
otoGar3:AAQR03199462	AAQR03199462		AAQR03199462.1	AAQR03199462.1	NW_003859410.1
otoGar3:AAQR03199463	AAQR03199463		AAQR03199463.1	AAQR03199463.1	NW_003859411.1
otoGar3:AAQR03199464	AAQR03199464		AAQR03199464.1	AAQR03199464.1	NW_003859412.1
otoGar3:AAQR03199465	AAQR03199465		AAQR03199465.1	AAQR03199465.1	NW_003859413.1
otoGar3:AAQR03199466	AAQR03199466		AAQR03199466.1	AAQR03199466.1	NW_003859414.1
otoGar3:AAQR03199467	AAQR03199467		AAQR03199467.1	AAQR03199467.1	NW_003859415.1
otoGar3:AAQR03199468	AAQR03199468		AAQR03199468.1	AAQR03199468.1	NW_003859416.1
otoGar3:AAQR03199469	AAQR03199469		AAQR03199469.1	AAQR03199469.1	NW_003859417.1
otoGar3:AAQR03199470	AAQR03199470		AAQR03199470.1	AAQR03199470.1	NW_003859418.1
otoGar3:AAQR03199471	AAQR03199471		AAQR03199471.1	AAQR03199471.1	NW_003859419.1
otoGar3:AAQR03199472	AAQR03199472		AAQR03199472.1	AAQR03199472.1	NW_003859420.1
otoGar3:AAQR03199473	AAQR03199473		AAQR03199473.1	AAQR03199473.1	NW_003859421.1
otoGar3:AAQR03199474	AAQR03199474		AAQR03199474.1	AAQR03199474.1	NW_003859422.1
otoGar3:AAQR03199475	AAQR03199475		AAQR03199475.1	AAQR03199475.1	NW_003859423.1
otoGar3:AAQR03199476	AAQR03199476		AAQR03199476.1	AAQR03199476.1	NW_003859424.1
otoGar3:AAQR03199477	AAQR03199477		AAQR03199477.1	AAQR03199477.1	NW_003859425.1
otoGar3:AAQR03199478	AAQR03199478		AAQR03199478.1	AAQR03199478.1	NW_003859426.1
otoGar3:AAQR03199479	AAQR03199479		AAQR03199479.1	AAQR03199479.1	NW_003859427.1
otoGar3:AAQR03199480	AAQR03199480		AAQR03199480.1	AAQR03199480.1	NW_003859428.1
otoGar3:AAQR03199481	AAQR03199481		AAQR03199481.1	AAQR03199481.1	NW_003859429.1
otoGar3:AAQR03199482	AAQR03199482		AAQR03199482.1	AAQR03199482.1	NW_003859430.1
otoGar3:AAQR03199483	AAQR03199483		AAQR03199483.1	AAQR03199483.1	NW_003859431.1
otoGar3:AAQR03199484	AAQR03199484		AAQR03199484.1	AAQR03199484.1	NW_003859432.1
otoGar3:AAQR03199485	AAQR03199485		AAQR03199485.1	AAQR03199485.1	NW_003859433.1
otoGar3:AAQR03199486	AAQR03199486		AAQR03199486.1	AAQR03199486.1	NW_003859434.1
otoGar3:AAQR03199487	AAQR03199487		AAQR03199487.1	AAQR03199487.1	NW_003859435.1
otoGar3:AAQR03199488	AAQR03199488		AAQR03199488.1	AAQR03199488.1	NW_003859436.1
otoGar3:AAQR03199489	AAQR03199489		AAQR03199489.1	AAQR03199489.1	NW_003859437.1
otoGar3:AAQR03199490	AAQR03199490		AAQR03199490.1	AAQR03199490.1	NW_003859438.1
otoGar3:AAQR03199491	AAQR03199491		AAQR03199491.1	AAQR03199491.1	NW_003859439.1
otoGar3:AAQR03199492	AAQR03199492		AAQR03199492.1	AAQR03199492.1	NW_003859440.1
otoGar3:AAQR03199493	AAQR03199493		AAQR03199493.1	AAQR03199493.1	NW_003859441.1
otoGar3:AAQR03199494	AAQR03199494		AAQR03199494.1	AAQR03199494.1	NW_003859442.1
otoGar3:AAQR03199495	AAQR03199495		AAQR03199495.1	AAQR03199495.1	NW_003859443.1
otoGar3:AAQR03199496	AAQR03199496		AAQR03199496.1	AAQR03199496.1	NW_003859444.1
otoGar3:AAQR03199497	AAQR03199497		AAQR03199497.1	AAQR03199497.1	NW_003859445.1
otoGar3:AAQR03199498	AAQR03199498		AAQR03199498.1	AAQR03199498.1	NW_003859446.1
otoGar3:AAQR03199499	AAQR03199499		AAQR03199499.1	AAQR03199499.1	NW_003859447.1
otoGar3:AAQR03199500	AAQR03199500		AAQR03199500.1	AAQR03199500.1	NW_003859448.1
otoGar3:AAQR03199501	AAQR03199501		AAQR03199501.1	AAQR03199501.1	NW_003859449.1
otoGar3:AAQR03199502	AAQR03199502		AAQR03199502.1	AAQR03199502.1	NW_003859450.1
otoGar3:AAQR03199503	AAQR03199503		AAQR03199503.1	AAQR03199503.1	NW_003859451.1
otoGar3:AAQR03199504	AAQR03199504		AAQR03199504.1	AAQR03199504.1	NW_003859452.1
otoGar3:AAQR03199505	AAQR03199505		AAQR03199505.1	AAQR03199505.1	NW_003859453.1
otoGar3:AAQR03199506	AAQR03199506		AAQR03199506.1	AAQR03199506.1	NW_003859454.1
otoGar3:AAQR03199507	AAQR03199507		AAQR03199507.1	AAQR03199507.1	NW_003859455.1
otoGar3:AAQR03199508	AAQR03199508		AAQR03199508.1	AAQR03199508.1	NW_003859456.1
otoGar3:AAQR03199509	AAQR03199509		AAQR03199509.1	AAQR03199509.1	NW_003859457.1
otoGar3:AAQR03199510	AAQR03199510		AAQR03199510.1	AAQR03199510.1	NW_003859458.1
otoGar3:AAQR03199511	AAQR03199511		AAQR03199511.1	AAQR03199511.1	NW_003859459.1
otoGar3:AAQR03199512	AAQR03199512		AAQR03199512.1	AAQR03199512.1	NW_003859460.1
otoGar3:AAQR03199513	AAQR03199513		AAQR03199513.1	AAQR03199513.1	NW_003859461.1
otoGar3:AAQR03199514	AAQR03199514		AAQR03199514.1	AAQR03199514.1	NW_003859462.1
otoGar3:AAQR03199515	AAQR03199515		AAQR03199515.1	AAQR03199515.1	NW_003859463.1
otoGar3:AAQR03199516	AAQR03199516		AAQR03199516.1	AAQR03199516.1	NW_003859464.1
otoGar3:AAQR03199517	AAQR03199517		AAQR03199517.1	AAQR03199517.1	NW_003859465.1
otoGar3:AAQR03199518	AAQR03199518		AAQR03199518.1	AAQR03199518.1	NW_003859466.1
otoGar3:AAQR03199519	AAQR03199519		AAQR03199519.1	AAQR03199519.1	NW_003859467.1
otoGar3:AAQR03199520	AAQR03199520		AAQR03199520.1	AAQR03199520.1	NW_003859468.1
otoGar3:AAQR03199521	AAQR03199521		AAQR03199521.1	AAQR03199521.1	NW_003859469.1
otoGar3:AAQR03199522	AAQR03199522		AAQR03199522.1	AAQR03199522.1	NW_003859470.1
otoGar3:AAQR03199523	AAQR03199523		AAQR03199523.1	AAQR03199523.1	NW_003859471.1
otoGar3:AAQR03199524	AAQR03199524		AAQR03199524.1	AAQR03199524.1	NW_003859472.1
otoGar3:AAQR03199525	AAQR03199525		AAQR03199525.1	AAQR03199525.1	NW_003859473.1
otoGar3:AAQR03199526	AAQR03199526		AAQR03199526.1	AAQR03199526.1	NW_003859474.1
otoGar3:AAQR03199527	AAQR03199527		AAQR03199527.1	AAQR03199527.1	NW_003859475.1
otoGar3:AAQR03199528	AAQR03199528		AAQR03199528.1	AAQR03199528.1	NW_003859476.1
otoGar3:AAQR03199529	AAQR03199529		AAQR03199529.1	AAQR03199529.1	NW_003859477.1
otoGar3:AAQR03199530	AAQR03199530		AAQR03199530.1	AAQR03199530.1	NW_003859478.1
otoGar3:AAQR03199531	AAQR03199531		AAQR03199531.1	AAQR03199531.1	NW_003859479.1
otoGar3:AAQR03199532	AAQR03199532		AAQR03199532.1	AAQR03199532.1	NW_003859480.1
otoGar3:AAQR03199533	AAQR03199533		AAQR03199533.1	AAQR03199533.1	NW_003859481.1
otoGar3:AAQR03199534	AAQR03199534		AAQR03199534.1	AAQR03199534.1	NW_003859482.1
otoGar3:AAQR03199535	AAQR03199535		AAQR03199535.1	AAQR03199535.1	NW_003859483.1
otoGar3:AAQR03199536	AAQR03199536		AAQR03199536.1	AAQR03199536.1	NW_003859484.1
otoGar3:AAQR03199537	AAQR03199537		AAQR03199537.1	AAQR03199537.1	NW_003859485.1
otoGar3:AAQR03199538	AAQR03199538		AAQR03199538.1	AAQR03199538.1	NW_003859486.1
otoGar3:AAQR03199539	AAQR03199539		AAQR03199539.1	AAQR03199539.1	NW_003859487.1
otoGar3:AAQR03199540	AAQR03199540		AAQR03199540.1	AAQR03199540.1	NW_003859488.1
otoGar3:AAQR03199541	AAQR03199541		AAQR03199541.1	AAQR03199541.1	NW_003859489.1
otoGar3:AAQR03199542	AAQR03199542		AAQR03199542.1	AAQR03199542.1	NW_003859490.1
otoGar3:AAQR03199543	AAQR03199543		AAQR03199543.1	AAQR03199543.1	NW_003859491.1
otoGar3:AAQR03199544	AAQR03199544		AAQR03199544.1	AAQR03199544.1	NW_003859492.1
otoGar3:AAQR03199545	AAQR03199545		AAQR03199545.1	AAQR03199545.1	NW_003859493.1
otoGar3:AAQR03199546	AAQR03199546		AAQR03199546.1	AAQR03199546.1	NW_003859494.1
otoGar3:AAQR03199547	AAQR03199547		AAQR03199547.1	AAQR03199547.1	NW_003859495.1
otoGar3:AAQR03199548	AAQR03199548		AAQR03199548.1	AAQR03199548.1	NW_003859496.1
otoGar3:AAQR03199549	AAQR03199549		AAQR03199549.1	AAQR03199549.1	NW_003859497.1
otoGar3:AAQR03199550	AAQR03199550		AAQR03199550.1	AAQR03199550.1	NW_003859498.1
otoGar3:AAQR03199551	AAQR03199551		AAQR03199551.1	AAQR03199551.1	NW_003859499.1
otoGar3:AAQR03199552	AAQR03199552		AAQR03199552.1	AAQR03199552.1	NW_003859500.1
otoGar3:AAQR03199553	AAQR03199553		AAQR03199553.1	AAQR03199553.1	NW_003859501.1
otoGar3:AAQR03199554	AAQR03199554		AAQR03199554.1	AAQR03199554.1	NW_003859502.1
otoGar3:AAQR03199555	AAQR03199555		AAQR03199555.1	AAQR03199555.1	NW_003859503.1
otoGar3:AAQR03199556	AAQR03199556		AAQR03199556.1	AAQR03199556.1	NW_003859504.1
otoGar3:AAQR03199557	AAQR03199557		AAQR03199557.1	AAQR03199557.1	NW_003859505.1
otoGar3:AAQR03199558	AAQR03199558		AAQR03199558.1	AAQR03199558.1	NW_003859506.1
otoGar3:AAQR03199559	AAQR03199559		AAQR03199559.1	AAQR03199559.1	NW_003859507.1
otoGar3:AAQR03199560	AAQR03199560		AAQR03199560.1	AAQR03199560.1	NW_003859508.1
otoGar3:AAQR03199561	AAQR03199561		AAQR03199561.1	AAQR03199561.1	NW_003859509.1
otoGar3:AAQR03199562	AAQR03199562		AAQR03199562.1	AAQR03199562.1	NW_003859510.1
otoGar3:AAQR03199563	AAQR03199563		AAQR03199563.1	AAQR03199563.1	NW_003859511.1
otoGar3:AAQR03199564	AAQR03199564		AAQR03199564.1	AAQR03199564.1	NW_003859512.1
otoGar3:AAQR03199565	AAQR03199565		AAQR03199565.1	AAQR03199565.1	NW_003859513.1
otoGar3:AAQR03199566	AAQR03199566		AAQR03199566.1	AAQR03199566.1	NW_003859514.1
otoGar3:AAQR03199567	AAQR03199567		AAQR03199567.1	AAQR03199567.1	NW_003859515.1
otoGar3:AAQR03199568	AAQR03199568		AAQR03199568.1	AAQR03199568.1	NW_003859516.1
otoGar3:AAQR03199569	AAQR03199569		AAQR03199569.1	AAQR03199569.1	NW_003859517.1
otoGar3:AAQR03199570	AAQR03199570		AAQR03199570.1	AAQR03199570.1	NW_003859518.1
otoGar3:AAQR03199571	AAQR03199571		AAQR03199571.1	AAQR03199571.1	NW_003859519.1
otoGar3:AAQR03199572	AAQR03199572		AAQR03199572.1	AAQR03199572.1	NW_003859520.1
otoGar3:AAQR03199573	AAQR03199573		AAQR03199573.1	AAQR03199573.1	NW_003859521.1
otoGar3:AAQR03199574	AAQR03199574		AAQR03199574.1	AAQR03199574.1	NW_003859522.1
otoGar3:AAQR03199575	AAQR03199575		AAQR03199575.1	AAQR03199575.1	NW_003859523.1
otoGar3:AAQR03199576	AAQR03199576		AAQR03199576.1	AAQR03199576.1	NW_003859524.1
otoGar3:AAQR03199577	AAQR03199577		AAQR03199577.1	AAQR03199577.1	NW_003859525.1
otoGar3:AAQR03199578	AAQR03199578		AAQR03199578.1	AAQR03199578.1	NW_003859526.1
otoGar3:AAQR03199579	AAQR03199579			AAQR03199579.1	NW_003859527.1
otoGar3:AAQR03199580	AAQR03199580		AAQR03199580.1	AAQR03199580.1	NW_003859528.1
otoGar3:AAQR03199581	AAQR03199581		AAQR03199581.1	AAQR03199581.1	NW_003859529.1
otoGar3:AAQR03199582	AAQR03199582		AAQR03199582.1	AAQR03199582.1	NW_003859530.1
otoGar3:AAQR03199583	AAQR03199583		AAQR03199583.1	AAQR03199583.1	NW_003859531.1
otoGar3:AAQR03199584	AAQR03199584		AAQR03199584.1	AAQR03199584.1	NW_003859532.1
otoGar3:AAQR03199585	AAQR03199585		AAQR03199585.1	AAQR03199585.1	NW_003859533.1
otoGar3:AAQR03199586	AAQR03199586		AAQR03199586.1	AAQR03199586.1	NW_003859534.1
otoGar3:AAQR03199587	AAQR03199587		AAQR03199587.1	AAQR03199587.1	NW_003859535.1
otoGar3:AAQR03199588	AAQR03199588		AAQR03199588.1	AAQR03199588.1	NW_003859536.1
otoGar3:AAQR03199589	AAQR03199589		AAQR03199589.1	AAQR03199589.1	NW_003859537.1
otoGar3:AAQR03199590	AAQR03199590		AAQR03199590.1	AAQR03199590.1	NW_003859538.1
otoGar3:AAQR03199591	AAQR03199591		AAQR03199591.1	AAQR03199591.1	NW_003859539.1
otoGar3:AAQR03199592	AAQR03199592		AAQR03199592.1	AAQR03199592.1	NW_003859540.1
otoGar3:AAQR03199593	AAQR03199593		AAQR03199593.1	AAQR03199593.1	NW_003859541.1
otoGar3:AAQR03199594	AAQR03199594		AAQR03199594.1	AAQR03199594.1	NW_003859542.1
otoGar3:AAQR03199595	AAQR03199595		AAQR03199595.1	AAQR03199595.1	NW_003859543.1
otoGar3:AAQR03199596	AAQR03199596		AAQR03199596.1	AAQR03199596.1	NW_003859544.1
otoGar3:AAQR03199597	AAQR03199597		AAQR03199597.1	AAQR03199597.1	NW_003859545.1
otoGar3:AAQR03199598	AAQR03199598		AAQR03199598.1	AAQR03199598.1	NW_003859546.1
otoGar3:AAQR03199599	AAQR03199599		AAQR03199599.1	AAQR03199599.1	NW_003859547.1
otoGar3:AAQR03199600	AAQR03199600		AAQR03199600.1	AAQR03199600.1	NW_003859548.1
otoGar3:AAQR03199601	AAQR03199601		AAQR03199601.1	AAQR03199601.1	NW_003859549.1
otoGar3:AAQR03199602	AAQR03199602		AAQR03199602.1	AAQR03199602.1	NW_003859550.1
otoGar3:AAQR03199603	AAQR03199603		AAQR03199603.1	AAQR03199603.1	NW_003859551.1
otoGar3:AAQR03199604	AAQR03199604		AAQR03199604.1	AAQR03199604.1	NW_003859552.1
otoGar3:AAQR03199605	AAQR03199605		AAQR03199605.1	AAQR03199605.1	NW_003859553.1
otoGar3:AAQR03199606	AAQR03199606		AAQR03199606.1	AAQR03199606.1	NW_003859554.1
otoGar3:AAQR03199607	AAQR03199607		AAQR03199607.1	AAQR03199607.1	NW_003859555.1
otoGar3:AAQR03199608	AAQR03199608		AAQR03199608.1	AAQR03199608.1	NW_003859556.1
otoGar3:AAQR03199609	AAQR03199609		AAQR03199609.1	AAQR03199609.1	NW_003859557.1
otoGar3:AAQR03199610	AAQR03199610		AAQR03199610.1	AAQR03199610.1	NW_003859558.1
otoGar3:AAQR03199611	AAQR03199611		AAQR03199611.1	AAQR03199611.1	NW_003859559.1
otoGar3:AAQR03199612	AAQR03199612		AAQR03199612.1	AAQR03199612.1	NW_003859560.1
otoGar3:AAQR03199613	AAQR03199613		AAQR03199613.1	AAQR03199613.1	NW_003859561.1
otoGar3:AAQR03199614	AAQR03199614		AAQR03199614.1	AAQR03199614.1	NW_003859562.1
otoGar3:AAQR03199615	AAQR03199615		AAQR03199615.1	AAQR03199615.1	NW_003859563.1
otoGar3:AAQR03199616	AAQR03199616			AAQR03199616.1	NW_003859564.1
otoGar3:AAQR03199617	AAQR03199617		AAQR03199617.1	AAQR03199617.1	NW_003859565.1
otoGar3:AAQR03199618	AAQR03199618		AAQR03199618.1	AAQR03199618.1	NW_003859566.1
otoGar3:AAQR03199619	AAQR03199619		AAQR03199619.1	AAQR03199619.1	NW_003859567.1
otoGar3:AAQR03199620	AAQR03199620		AAQR03199620.1	AAQR03199620.1	NW_003859568.1
otoGar3:AAQR03199621	AAQR03199621		AAQR03199621.1	AAQR03199621.1	NW_003859569.1
otoGar3:AAQR03199622	AAQR03199622		AAQR03199622.1	AAQR03199622.1	NW_003859570.1
otoGar3:AAQR03199623	AAQR03199623		AAQR03199623.1	AAQR03199623.1	NW_003859571.1
otoGar3:AAQR03199624	AAQR03199624		AAQR03199624.1	AAQR03199624.1	NW_003859572.1
otoGar3:AAQR03199625	AAQR03199625		AAQR03199625.1	AAQR03199625.1	NW_003859573.1
otoGar3:AAQR03199626	AAQR03199626		AAQR03199626.1	AAQR03199626.1	NW_003859574.1
otoGar3:AAQR03199627	AAQR03199627		AAQR03199627.1	AAQR03199627.1	NW_003859575.1
otoGar3:AAQR03199628	AAQR03199628		AAQR03199628.1	AAQR03199628.1	NW_003859576.1
otoGar3:AAQR03199629	AAQR03199629		AAQR03199629.1	AAQR03199629.1	NW_003859577.1
otoGar3:AAQR03199630	AAQR03199630			AAQR03199630.1	NW_003859578.1
otoGar3:AAQR03199631	AAQR03199631		AAQR03199631.1	AAQR03199631.1	NW_003859579.1
otoGar3:AAQR03199632	AAQR03199632		AAQR03199632.1	AAQR03199632.1	NW_003859580.1
otoGar3:AAQR03199633	AAQR03199633		AAQR03199633.1	AAQR03199633.1	NW_003859581.1
otoGar3:AAQR03199634	AAQR03199634		AAQR03199634.1	AAQR03199634.1	NW_003859582.1
otoGar3:AAQR03199635	AAQR03199635		AAQR03199635.1	AAQR03199635.1	NW_003859583.1
otoGar3:AAQR03199636	AAQR03199636		AAQR03199636.1	AAQR03199636.1	NW_003859584.1
otoGar3:AAQR03199637	AAQR03199637		AAQR03199637.1	AAQR03199637.1	NW_003859585.1
otoGar3:AAQR03199638	AAQR03199638		AAQR03199638.1	AAQR03199638.1	NW_003859586.1
otoGar3:AAQR03199639	AAQR03199639		AAQR03199639.1	AAQR03199639.1	NW_003859587.1
otoGar3:AAQR03199640	AAQR03199640		AAQR03199640.1	AAQR03199640.1	NW_003859588.1
otoGar3:AAQR03199641	AAQR03199641		AAQR03199641.1	AAQR03199641.1	NW_003859589.1
otoGar3:AAQR03199642	AAQR03199642		AAQR03199642.1	AAQR03199642.1	NW_003859590.1
otoGar3:AAQR03199643	AAQR03199643		AAQR03199643.1	AAQR03199643.1	NW_003859591.1
otoGar3:AAQR03199644	AAQR03199644		AAQR03199644.1	AAQR03199644.1	NW_003859592.1
otoGar3:AAQR03199645	AAQR03199645		AAQR03199645.1	AAQR03199645.1	NW_003859593.1
otoGar3:AAQR03199646	AAQR03199646		AAQR03199646.1	AAQR03199646.1	NW_003859594.1
otoGar3:AAQR03199647	AAQR03199647		AAQR03199647.1	AAQR03199647.1	NW_003859595.1
otoGar3:AAQR03199648	AAQR03199648		AAQR03199648.1	AAQR03199648.1	NW_003859596.1
otoGar3:AAQR03199649	AAQR03199649		AAQR03199649.1	AAQR03199649.1	NW_003859597.1
otoGar3:AAQR03199650	AAQR03199650		AAQR03199650.1	AAQR03199650.1	NW_003859598.1
otoGar3:AAQR03199651	AAQR03199651		AAQR03199651.1	AAQR03199651.1	NW_003859599.1
otoGar3:AAQR03199652	AAQR03199652		AAQR03199652.1	AAQR03199652.1	NW_003859600.1
otoGar3:AAQR03199653	AAQR03199653		AAQR03199653.1	AAQR03199653.1	NW_003859601.1
otoGar3:AAQR03199654	AAQR03199654		AAQR03199654.1	AAQR03199654.1	NW_003859602.1
otoGar3:AAQR03199655	AAQR03199655		AAQR03199655.1	AAQR03199655.1	NW_003859603.1
otoGar3:AAQR03199656	AAQR03199656		AAQR03199656.1	AAQR03199656.1	NW_003859604.1
otoGar3:AAQR03199657	AAQR03199657		AAQR03199657.1	AAQR03199657.1	NW_003859605.1
otoGar3:AAQR03199658	AAQR03199658		AAQR03199658.1	AAQR03199658.1	NW_003859606.1
otoGar3:AAQR03199659	AAQR03199659		AAQR03199659.1	AAQR03199659.1	NW_003859607.1
otoGar3:AAQR03199660	AAQR03199660		AAQR03199660.1	AAQR03199660.1	NW_003859608.1
otoGar3:AAQR03199661	AAQR03199661		AAQR03199661.1	AAQR03199661.1	NW_003859609.1
otoGar3:AAQR03199662	AAQR03199662		AAQR03199662.1	AAQR03199662.1	NW_003859610.1
otoGar3:AAQR03199663	AAQR03199663		AAQR03199663.1	AAQR03199663.1	NW_003859611.1
otoGar3:AAQR03199664	AAQR03199664		AAQR03199664.1	AAQR03199664.1	NW_003859612.1
otoGar3:AAQR03199665	AAQR03199665		AAQR03199665.1	AAQR03199665.1	NW_003859613.1
otoGar3:AAQR03199666	AAQR03199666		AAQR03199666.1	AAQR03199666.1	NW_003859614.1
otoGar3:AAQR03199667	AAQR03199667		AAQR03199667.1	AAQR03199667.1	NW_003859615.1
otoGar3:AAQR03199668	AAQR03199668		AAQR03199668.1	AAQR03199668.1	NW_003859616.1
otoGar3:AAQR03199669	AAQR03199669		AAQR03199669.1	AAQR03199669.1	NW_003859617.1
otoGar3:AAQR03199670	AAQR03199670		AAQR03199670.1	AAQR03199670.1	NW_003859618.1
otoGar3:AAQR03199671	AAQR03199671		AAQR03199671.1	AAQR03199671.1	NW_003859619.1
otoGar3:AAQR03199672	AAQR03199672		AAQR03199672.1	AAQR03199672.1	NW_003859620.1
otoGar3:AAQR03199673	AAQR03199673		AAQR03199673.1	AAQR03199673.1	NW_003859621.1
otoGar3:AAQR03199674	AAQR03199674		AAQR03199674.1	AAQR03199674.1	NW_003859622.1
otoGar3:AAQR03199675	AAQR03199675		AAQR03199675.1	AAQR03199675.1	NW_003859623.1
otoGar3:AAQR03199676	AAQR03199676		AAQR03199676.1	AAQR03199676.1	NW_003859624.1
otoGar3:AAQR03199677	AAQR03199677		AAQR03199677.1	AAQR03199677.1	NW_003859625.1
otoGar3:AAQR03199678	AAQR03199678		AAQR03199678.1	AAQR03199678.1	NW_003859626.1
otoGar3:AAQR03199679	AAQR03199679		AAQR03199679.1	AAQR03199679.1	NW_003859627.1
otoGar3:AAQR03199680	AAQR03199680		AAQR03199680.1	AAQR03199680.1	NW_003859628.1
otoGar3:AAQR03199681	AAQR03199681		AAQR03199681.1	AAQR03199681.1	NW_003859629.1
otoGar3:AAQR03199682	AAQR03199682		AAQR03199682.1	AAQR03199682.1	NW_003859630.1
otoGar3:AAQR03199683	AAQR03199683		AAQR03199683.1	AAQR03199683.1	NW_003859631.1
otoGar3:AAQR03199684	AAQR03199684		AAQR03199684.1	AAQR03199684.1	NW_003859632.1
otoGar3:AAQR03199685	AAQR03199685		AAQR03199685.1	AAQR03199685.1	NW_003859633.1
otoGar3:AAQR03199686	AAQR03199686		AAQR03199686.1	AAQR03199686.1	NW_003859634.1
otoGar3:AAQR03199687	AAQR03199687		AAQR03199687.1	AAQR03199687.1	NW_003859635.1
otoGar3:AAQR03199688	AAQR03199688		AAQR03199688.1	AAQR03199688.1	NW_003859636.1
otoGar3:AAQR03199689	AAQR03199689		AAQR03199689.1	AAQR03199689.1	NW_003859637.1
otoGar3:AAQR03199690	AAQR03199690		AAQR03199690.1	AAQR03199690.1	NW_003859638.1
otoGar3:AAQR03199691	AAQR03199691		AAQR03199691.1	AAQR03199691.1	NW_003859639.1
otoGar3:AAQR03199692	AAQR03199692		AAQR03199692.1	AAQR03199692.1	NW_003859640.1
otoGar3:AAQR03199693	AAQR03199693		AAQR03199693.1	AAQR03199693.1	NW_003859641.1
otoGar3:AAQR03199694	AAQR03199694		AAQR03199694.1	AAQR03199694.1	NW_003859642.1
otoGar3:AAQR03199695	AAQR03199695		AAQR03199695.1	AAQR03199695.1	NW_003859643.1
otoGar3:AAQR03199696	AAQR03199696		AAQR03199696.1	AAQR03199696.1	NW_003859644.1
otoGar3:AAQR03199697	AAQR03199697		AAQR03199697.1	AAQR03199697.1	NW_003859645.1
otoGar3:AAQR03199698	AAQR03199698		AAQR03199698.1	AAQR03199698.1	NW_003859646.1
otoGar3:AAQR03199699	AAQR03199699		AAQR03199699.1	AAQR03199699.1	NW_003859647.1
otoGar3:AAQR03199700	AAQR03199700		AAQR03199700.1	AAQR03199700.1	NW_003859648.1
otoGar3:AAQR03199701	AAQR03199701		AAQR03199701.1	AAQR03199701.1	NW_003859649.1
otoGar3:AAQR03199702	AAQR03199702		AAQR03199702.1	AAQR03199702.1	NW_003859650.1
otoGar3:AAQR03199703	AAQR03199703		AAQR03199703.1	AAQR03199703.1	NW_003859651.1
otoGar3:AAQR03199704	AAQR03199704		AAQR03199704.1	AAQR03199704.1	NW_003859652.1
otoGar3:AAQR03199705	AAQR03199705		AAQR03199705.1	AAQR03199705.1	NW_003859653.1
otoGar3:AAQR03199706	AAQR03199706		AAQR03199706.1	AAQR03199706.1	NW_003859654.1
otoGar3:AAQR03199707	AAQR03199707		AAQR03199707.1	AAQR03199707.1	NW_003859655.1
otoGar3:AAQR03199708	AAQR03199708		AAQR03199708.1	AAQR03199708.1	NW_003859656.1
otoGar3:AAQR03199709	AAQR03199709		AAQR03199709.1	AAQR03199709.1	NW_003859657.1
otoGar3:AAQR03199710	AAQR03199710		AAQR03199710.1	AAQR03199710.1	NW_003859658.1
otoGar3:AAQR03199711	AAQR03199711		AAQR03199711.1	AAQR03199711.1	NW_003859659.1
otoGar3:AAQR03199712	AAQR03199712		AAQR03199712.1	AAQR03199712.1	NW_003859660.1
otoGar3:AAQR03199713	AAQR03199713		AAQR03199713.1	AAQR03199713.1	NW_003859661.1
otoGar3:AAQR03199714	AAQR03199714		AAQR03199714.1	AAQR03199714.1	NW_003859662.1
otoGar3:AAQR03199715	AAQR03199715		AAQR03199715.1	AAQR03199715.1	NW_003859663.1
otoGar3:AAQR03199716	AAQR03199716		AAQR03199716.1	AAQR03199716.1	NW_003859664.1
otoGar3:AAQR03199717	AAQR03199717		AAQR03199717.1	AAQR03199717.1	NW_003859665.1
otoGar3:AAQR03199718	AAQR03199718		AAQR03199718.1	AAQR03199718.1	NW_003859666.1
otoGar3:AAQR03199719	AAQR03199719		AAQR03199719.1	AAQR03199719.1	NW_003859667.1
otoGar3:AAQR03199720	AAQR03199720		AAQR03199720.1	AAQR03199720.1	NW_003859668.1
otoGar3:AAQR03199721	AAQR03199721		AAQR03199721.1	AAQR03199721.1	NW_003859669.1
otoGar3:AAQR03199722	AAQR03199722			AAQR03199722.1	NW_003859670.1
otoGar3:AAQR03199723	AAQR03199723		AAQR03199723.1	AAQR03199723.1	NW_003859671.1
otoGar3:AAQR03199724	AAQR03199724		AAQR03199724.1	AAQR03199724.1	NW_003859672.1
otoGar3:AAQR03199725	AAQR03199725		AAQR03199725.1	AAQR03199725.1	NW_003859673.1
otoGar3:AAQR03199726	AAQR03199726		AAQR03199726.1	AAQR03199726.1	NW_003859674.1
otoGar3:AAQR03199727	AAQR03199727		AAQR03199727.1	AAQR03199727.1	NW_003859675.1
otoGar3:AAQR03199728	AAQR03199728		AAQR03199728.1	AAQR03199728.1	NW_003859676.1
otoGar3:AAQR03199729	AAQR03199729		AAQR03199729.1	AAQR03199729.1	NW_003859677.1
otoGar3:AAQR03199730	AAQR03199730		AAQR03199730.1	AAQR03199730.1	NW_003859678.1
otoGar3:AAQR03199731	AAQR03199731		AAQR03199731.1	AAQR03199731.1	NW_003859679.1
otoGar3:AAQR03199732	AAQR03199732		AAQR03199732.1	AAQR03199732.1	NW_003859680.1
otoGar3:AAQR03199733	AAQR03199733		AAQR03199733.1	AAQR03199733.1	NW_003859681.1
otoGar3:AAQR03199734	AAQR03199734		AAQR03199734.1	AAQR03199734.1	NW_003859682.1
otoGar3:AAQR03199735	AAQR03199735		AAQR03199735.1	AAQR03199735.1	NW_003859683.1
otoGar3:AAQR03199736	AAQR03199736		AAQR03199736.1	AAQR03199736.1	NW_003859684.1
otoGar3:AAQR03199737	AAQR03199737		AAQR03199737.1	AAQR03199737.1	NW_003859685.1
otoGar3:AAQR03199738	AAQR03199738		AAQR03199738.1	AAQR03199738.1	NW_003859686.1
otoGar3:AAQR03199739	AAQR03199739		AAQR03199739.1	AAQR03199739.1	NW_003859687.1
otoGar3:AAQR03199740	AAQR03199740		AAQR03199740.1	AAQR03199740.1	NW_003859688.1
otoGar3:AAQR03199741	AAQR03199741		AAQR03199741.1	AAQR03199741.1	NW_003859689.1
otoGar3:AAQR03199742	AAQR03199742		AAQR03199742.1	AAQR03199742.1	NW_003859690.1
otoGar3:AAQR03199743	AAQR03199743		AAQR03199743.1	AAQR03199743.1	NW_003859691.1
otoGar3:AAQR03199744	AAQR03199744		AAQR03199744.1	AAQR03199744.1	NW_003859692.1
otoGar3:AAQR03199745	AAQR03199745		AAQR03199745.1	AAQR03199745.1	NW_003859693.1
otoGar3:AAQR03199746	AAQR03199746		AAQR03199746.1	AAQR03199746.1	NW_003859694.1
otoGar3:AAQR03199747	AAQR03199747		AAQR03199747.1	AAQR03199747.1	NW_003859695.1
otoGar3:AAQR03199748	AAQR03199748		AAQR03199748.1	AAQR03199748.1	NW_003859696.1
otoGar3:AAQR03199749	AAQR03199749		AAQR03199749.1	AAQR03199749.1	NW_003859697.1
otoGar3:AAQR03199750	AAQR03199750		AAQR03199750.1	AAQR03199750.1	NW_003859698.1
otoGar3:AAQR03199751	AAQR03199751		AAQR03199751.1	AAQR03199751.1	NW_003859699.1
otoGar3:AAQR03199752	AAQR03199752		AAQR03199752.1	AAQR03199752.1	NW_003859700.1
otoGar3:AAQR03199753	AAQR03199753		AAQR03199753.1	AAQR03199753.1	NW_003859701.1
otoGar3:AAQR03199754	AAQR03199754		AAQR03199754.1	AAQR03199754.1	NW_003859702.1
otoGar3:AAQR03199755	AAQR03199755		AAQR03199755.1	AAQR03199755.1	NW_003859703.1
otoGar3:AAQR03199756	AAQR03199756		AAQR03199756.1	AAQR03199756.1	NW_003859704.1
otoGar3:AAQR03199757	AAQR03199757		AAQR03199757.1	AAQR03199757.1	NW_003859705.1
otoGar3:AAQR03199758	AAQR03199758		AAQR03199758.1	AAQR03199758.1	NW_003859706.1
otoGar3:AAQR03199759	AAQR03199759		AAQR03199759.1	AAQR03199759.1	NW_003859707.1
otoGar3:AAQR03199760	AAQR03199760		AAQR03199760.1	AAQR03199760.1	NW_003859708.1
otoGar3:AAQR03199761	AAQR03199761		AAQR03199761.1	AAQR03199761.1	NW_003859709.1
otoGar3:AAQR03199762	AAQR03199762		AAQR03199762.1	AAQR03199762.1	NW_003859710.1
otoGar3:AAQR03199763	AAQR03199763		AAQR03199763.1	AAQR03199763.1	NW_003859711.1
otoGar3:AAQR03199764	AAQR03199764		AAQR03199764.1	AAQR03199764.1	NW_003859712.1
otoGar3:AAQR03199765	AAQR03199765		AAQR03199765.1	AAQR03199765.1	NW_003859713.1
otoGar3:AAQR03199766	AAQR03199766		AAQR03199766.1	AAQR03199766.1	NW_003859714.1
otoGar3:AAQR03199767	AAQR03199767		AAQR03199767.1	AAQR03199767.1	NW_003859715.1
otoGar3:AAQR03199768	AAQR03199768		AAQR03199768.1	AAQR03199768.1	NW_003859716.1
otoGar3:AAQR03199769	AAQR03199769		AAQR03199769.1	AAQR03199769.1	NW_003859717.1
otoGar3:AAQR03199770	AAQR03199770		AAQR03199770.1	AAQR03199770.1	NW_003859718.1
otoGar3:AAQR03199771	AAQR03199771		AAQR03199771.1	AAQR03199771.1	NW_003859719.1
otoGar3:AAQR03199772	AAQR03199772		AAQR03199772.1	AAQR03199772.1	NW_003859720.1
otoGar3:AAQR03199773	AAQR03199773		AAQR03199773.1	AAQR03199773.1	NW_003859721.1
otoGar3:AAQR03199774	AAQR03199774		AAQR03199774.1	AAQR03199774.1	NW_003859722.1
otoGar3:AAQR03199775	AAQR03199775		AAQR03199775.1	AAQR03199775.1	NW_003859723.1
otoGar3:AAQR03199776	AAQR03199776		AAQR03199776.1	AAQR03199776.1	NW_003859724.1
otoGar3:AAQR03199777	AAQR03199777		AAQR03199777.1	AAQR03199777.1	NW_003859725.1
otoGar3:AAQR03199778	AAQR03199778		AAQR03199778.1	AAQR03199778.1	NW_003859726.1
otoGar3:AAQR03199779	AAQR03199779		AAQR03199779.1	AAQR03199779.1	NW_003859727.1
otoGar3:AAQR03199780	AAQR03199780		AAQR03199780.1	AAQR03199780.1	NW_003859728.1
otoGar3:AAQR03199781	AAQR03199781		AAQR03199781.1	AAQR03199781.1	NW_003859729.1
otoGar3:AAQR03199782	AAQR03199782		AAQR03199782.1	AAQR03199782.1	NW_003859730.1
otoGar3:AAQR03199783	AAQR03199783		AAQR03199783.1	AAQR03199783.1	NW_003859731.1
otoGar3:AAQR03199784	AAQR03199784		AAQR03199784.1	AAQR03199784.1	NW_003859732.1
otoGar3:AAQR03199785	AAQR03199785		AAQR03199785.1	AAQR03199785.1	NW_003859733.1
otoGar3:AAQR03199786	AAQR03199786		AAQR03199786.1	AAQR03199786.1	NW_003859734.1
otoGar3:AAQR03199787	AAQR03199787		AAQR03199787.1	AAQR03199787.1	NW_003859735.1
otoGar3:AAQR03199788	AAQR03199788		AAQR03199788.1	AAQR03199788.1	NW_003859736.1
otoGar3:AAQR03199789	AAQR03199789		AAQR03199789.1	AAQR03199789.1	NW_003859737.1
otoGar3:AAQR03199790	AAQR03199790		AAQR03199790.1	AAQR03199790.1	NW_003859738.1
otoGar3:AAQR03199791	AAQR03199791		AAQR03199791.1	AAQR03199791.1	NW_003859739.1
otoGar3:AAQR03199792	AAQR03199792		AAQR03199792.1	AAQR03199792.1	NW_003859740.1
otoGar3:AAQR03199793	AAQR03199793		AAQR03199793.1	AAQR03199793.1	NW_003859741.1
otoGar3:AAQR03199794	AAQR03199794		AAQR03199794.1	AAQR03199794.1	NW_003859742.1
otoGar3:AAQR03199795	AAQR03199795		AAQR03199795.1	AAQR03199795.1	NW_003859743.1
otoGar3:AAQR03199796	AAQR03199796		AAQR03199796.1	AAQR03199796.1	NW_003859744.1
otoGar3:AAQR03199797	AAQR03199797		AAQR03199797.1	AAQR03199797.1	NW_003859745.1
otoGar3:AAQR03199798	AAQR03199798		AAQR03199798.1	AAQR03199798.1	NW_003859746.1
otoGar3:AAQR03199799	AAQR03199799		AAQR03199799.1	AAQR03199799.1	NW_003859747.1
otoGar3:AAQR03199800	AAQR03199800		AAQR03199800.1	AAQR03199800.1	NW_003859748.1
otoGar3:AAQR03199801	AAQR03199801		AAQR03199801.1	AAQR03199801.1	NW_003859749.1
otoGar3:AAQR03199802	AAQR03199802		AAQR03199802.1	AAQR03199802.1	NW_003859750.1
otoGar3:AAQR03199803	AAQR03199803		AAQR03199803.1	AAQR03199803.1	NW_003859751.1
otoGar3:AAQR03199804	AAQR03199804		AAQR03199804.1	AAQR03199804.1	NW_003859752.1
otoGar3:AAQR03199805	AAQR03199805		AAQR03199805.1	AAQR03199805.1	NW_003859753.1
otoGar3:AAQR03199806	AAQR03199806		AAQR03199806.1	AAQR03199806.1	NW_003859754.1
otoGar3:AAQR03199807	AAQR03199807		AAQR03199807.1	AAQR03199807.1	NW_003859755.1
otoGar3:AAQR03199808	AAQR03199808		AAQR03199808.1	AAQR03199808.1	NW_003859756.1
otoGar3:AAQR03199809	AAQR03199809		AAQR03199809.1	AAQR03199809.1	NW_003859757.1
otoGar3:AAQR03199810	AAQR03199810		AAQR03199810.1	AAQR03199810.1	NW_003859758.1
otoGar3:AAQR03199811	AAQR03199811		AAQR03199811.1	AAQR03199811.1	NW_003859759.1
otoGar3:AAQR03199812	AAQR03199812		AAQR03199812.1	AAQR03199812.1	NW_003859760.1
otoGar3:AAQR03199813	AAQR03199813		AAQR03199813.1	AAQR03199813.1	NW_003859761.1
otoGar3:AAQR03199814	AAQR03199814		AAQR03199814.1	AAQR03199814.1	NW_003859762.1
otoGar3:AAQR03199815	AAQR03199815		AAQR03199815.1	AAQR03199815.1	NW_003859763.1
otoGar3:AAQR03199816	AAQR03199816		AAQR03199816.1	AAQR03199816.1	NW_003859764.1
otoGar3:AAQR03199817	AAQR03199817		AAQR03199817.1	AAQR03199817.1	NW_003859765.1
otoGar3:AAQR03199818	AAQR03199818		AAQR03199818.1	AAQR03199818.1	NW_003859766.1
otoGar3:AAQR03199819	AAQR03199819		AAQR03199819.1	AAQR03199819.1	NW_003859767.1
otoGar3:AAQR03199820	AAQR03199820		AAQR03199820.1	AAQR03199820.1	NW_003859768.1
otoGar3:AAQR03199821	AAQR03199821		AAQR03199821.1	AAQR03199821.1	NW_003859769.1
otoGar3:AAQR03199822	AAQR03199822		AAQR03199822.1	AAQR03199822.1	NW_003859770.1
otoGar3:AAQR03199823	AAQR03199823		AAQR03199823.1	AAQR03199823.1	NW_003859771.1
otoGar3:AAQR03199824	AAQR03199824		AAQR03199824.1	AAQR03199824.1	NW_003859772.1
otoGar3:AAQR03199825	AAQR03199825		AAQR03199825.1	AAQR03199825.1	NW_003859773.1
otoGar3:AAQR03199826	AAQR03199826		AAQR03199826.1	AAQR03199826.1	NW_003859774.1
otoGar3:AAQR03199827	AAQR03199827		AAQR03199827.1	AAQR03199827.1	NW_003859775.1
otoGar3:AAQR03199828	AAQR03199828		AAQR03199828.1	AAQR03199828.1	NW_003859776.1
otoGar3:AAQR03199829	AAQR03199829		AAQR03199829.1	AAQR03199829.1	NW_003859777.1
otoGar3:AAQR03199830	AAQR03199830		AAQR03199830.1	AAQR03199830.1	NW_003859778.1
otoGar3:AAQR03199831	AAQR03199831		AAQR03199831.1	AAQR03199831.1	NW_003859779.1
otoGar3:AAQR03199832	AAQR03199832		AAQR03199832.1	AAQR03199832.1	NW_003859780.1
otoGar3:AAQR03199833	AAQR03199833		AAQR03199833.1	AAQR03199833.1	NW_003859781.1
otoGar3:AAQR03199834	AAQR03199834		AAQR03199834.1	AAQR03199834.1	NW_003859782.1
otoGar3:AAQR03199835	AAQR03199835		AAQR03199835.1	AAQR03199835.1	NW_003859783.1
otoGar3:AAQR03199836	AAQR03199836		AAQR03199836.1	AAQR03199836.1	NW_003859784.1
otoGar3:AAQR03199837	AAQR03199837		AAQR03199837.1	AAQR03199837.1	NW_003859785.1
otoGar3:AAQR03199838	AAQR03199838		AAQR03199838.1	AAQR03199838.1	NW_003859786.1
otoGar3:AAQR03199839	AAQR03199839		AAQR03199839.1	AAQR03199839.1	NW_003859787.1
otoGar3:AAQR03199840	AAQR03199840		AAQR03199840.1	AAQR03199840.1	NW_003859788.1
otoGar3:AAQR03199841	AAQR03199841		AAQR03199841.1	AAQR03199841.1	NW_003859789.1
otoGar3:AAQR03199842	AAQR03199842		AAQR03199842.1	AAQR03199842.1	NW_003859790.1
otoGar3:AAQR03199843	AAQR03199843		AAQR03199843.1	AAQR03199843.1	NW_003859791.1
otoGar3:AAQR03199844	AAQR03199844		AAQR03199844.1	AAQR03199844.1	NW_003859792.1
otoGar3:AAQR03199845	AAQR03199845		AAQR03199845.1	AAQR03199845.1	NW_003859793.1
otoGar3:AAQR03199846	AAQR03199846		AAQR03199846.1	AAQR03199846.1	NW_003859794.1
otoGar3:AAQR03199847	AAQR03199847		AAQR03199847.1	AAQR03199847.1	NW_003859795.1
otoGar3:AAQR03199848	AAQR03199848		AAQR03199848.1	AAQR03199848.1	NW_003859796.1
otoGar3:AAQR03199849	AAQR03199849		AAQR03199849.1	AAQR03199849.1	NW_003859797.1
otoGar3:AAQR03199850	AAQR03199850		AAQR03199850.1	AAQR03199850.1	NW_003859798.1
otoGar3:AAQR03199851	AAQR03199851		AAQR03199851.1	AAQR03199851.1	NW_003859799.1
otoGar3:AAQR03199852	AAQR03199852		AAQR03199852.1	AAQR03199852.1	NW_003859800.1
otoGar3:AAQR03199853	AAQR03199853		AAQR03199853.1	AAQR03199853.1	NW_003859801.1
otoGar3:AAQR03199854	AAQR03199854		AAQR03199854.1	AAQR03199854.1	NW_003859802.1
otoGar3:AAQR03199855	AAQR03199855		AAQR03199855.1	AAQR03199855.1	NW_003859803.1
otoGar3:AAQR03199856	AAQR03199856		AAQR03199856.1	AAQR03199856.1	NW_003859804.1
otoGar3:AAQR03199857	AAQR03199857		AAQR03199857.1	AAQR03199857.1	NW_003859805.1
otoGar3:AAQR03199858	AAQR03199858		AAQR03199858.1	AAQR03199858.1	NW_003859806.1
otoGar3:AAQR03199859	AAQR03199859		AAQR03199859.1	AAQR03199859.1	NW_003859807.1
otoGar3:AAQR03199860	AAQR03199860		AAQR03199860.1	AAQR03199860.1	NW_003859808.1
otoGar3:AAQR03199861	AAQR03199861		AAQR03199861.1	AAQR03199861.1	NW_003859809.1
otoGar3:AAQR03199862	AAQR03199862		AAQR03199862.1	AAQR03199862.1	NW_003859810.1
otoGar3:AAQR03199863	AAQR03199863		AAQR03199863.1	AAQR03199863.1	NW_003859811.1
otoGar3:AAQR03199864	AAQR03199864		AAQR03199864.1	AAQR03199864.1	NW_003859812.1
otoGar3:AAQR03199865	AAQR03199865		AAQR03199865.1	AAQR03199865.1	NW_003859813.1
otoGar3:AAQR03199866	AAQR03199866		AAQR03199866.1	AAQR03199866.1	NW_003859814.1
otoGar3:AAQR03199867	AAQR03199867		AAQR03199867.1	AAQR03199867.1	NW_003859815.1
otoGar3:AAQR03199868	AAQR03199868		AAQR03199868.1	AAQR03199868.1	NW_003859816.1
otoGar3:AAQR03199869	AAQR03199869		AAQR03199869.1	AAQR03199869.1	NW_003859817.1
otoGar3:AAQR03199870	AAQR03199870		AAQR03199870.1	AAQR03199870.1	NW_003859818.1
otoGar3:AAQR03199871	AAQR03199871		AAQR03199871.1	AAQR03199871.1	NW_003859819.1
otoGar3:AAQR03199872	AAQR03199872		AAQR03199872.1	AAQR03199872.1	NW_003859820.1
otoGar3:AAQR03199873	AAQR03199873		AAQR03199873.1	AAQR03199873.1	NW_003859821.1
otoGar3:AAQR03199874	AAQR03199874		AAQR03199874.1	AAQR03199874.1	NW_003859822.1
otoGar3:AAQR03199875	AAQR03199875		AAQR03199875.1	AAQR03199875.1	NW_003859823.1
otoGar3:AAQR03199876	AAQR03199876		AAQR03199876.1	AAQR03199876.1	NW_003859824.1
otoGar3:AAQR03199877	AAQR03199877		AAQR03199877.1	AAQR03199877.1	NW_003859825.1
otoGar3:AAQR03199878	AAQR03199878		AAQR03199878.1	AAQR03199878.1	NW_003859826.1
otoGar3:AAQR03199879	AAQR03199879		AAQR03199879.1	AAQR03199879.1	NW_003859827.1
otoGar3:AAQR03199880	AAQR03199880		AAQR03199880.1	AAQR03199880.1	NW_003859828.1
otoGar3:AAQR03199881	AAQR03199881		AAQR03199881.1	AAQR03199881.1	NW_003859829.1
otoGar3:AAQR03199882	AAQR03199882		AAQR03199882.1	AAQR03199882.1	NW_003859830.1
otoGar3:AAQR03199883	AAQR03199883		AAQR03199883.1	AAQR03199883.1	NW_003859831.1
otoGar3:AAQR03199884	AAQR03199884			AAQR03199884.1	NW_003859832.1
otoGar3:AAQR03199885	AAQR03199885		AAQR03199885.1	AAQR03199885.1	NW_003859833.1
otoGar3:AAQR03199886	AAQR03199886		AAQR03199886.1	AAQR03199886.1	NW_003859834.1
otoGar3:AAQR03199887	AAQR03199887		AAQR03199887.1	AAQR03199887.1	NW_003859835.1
otoGar3:AAQR03199888	AAQR03199888		AAQR03199888.1	AAQR03199888.1	NW_003859836.1
otoGar3:AAQR03199889	AAQR03199889		AAQR03199889.1	AAQR03199889.1	NW_003859837.1
otoGar3:AAQR03199890	AAQR03199890		AAQR03199890.1	AAQR03199890.1	NW_003859838.1
otoGar3:AAQR03199891	AAQR03199891		AAQR03199891.1	AAQR03199891.1	NW_003859839.1
otoGar3:AAQR03199892	AAQR03199892		AAQR03199892.1	AAQR03199892.1	NW_003859840.1
otoGar3:AAQR03199893	AAQR03199893		AAQR03199893.1	AAQR03199893.1	NW_003859841.1
otoGar3:AAQR03199894	AAQR03199894		AAQR03199894.1	AAQR03199894.1	NW_003859842.1
otoGar3:AAQR03199895	AAQR03199895		AAQR03199895.1	AAQR03199895.1	NW_003859843.1
otoGar3:AAQR03199896	AAQR03199896		AAQR03199896.1	AAQR03199896.1	NW_003859844.1
otoGar3:AAQR03199897	AAQR03199897		AAQR03199897.1	AAQR03199897.1	NW_003859845.1
otoGar3:AAQR03199898	AAQR03199898		AAQR03199898.1	AAQR03199898.1	NW_003859846.1
otoGar3:AAQR03199899	AAQR03199899		AAQR03199899.1	AAQR03199899.1	NW_003859847.1
otoGar3:AAQR03199900	AAQR03199900		AAQR03199900.1	AAQR03199900.1	NW_003859848.1
otoGar3:AAQR03199901	AAQR03199901		AAQR03199901.1	AAQR03199901.1	NW_003859849.1
otoGar3:AAQR03199902	AAQR03199902		AAQR03199902.1	AAQR03199902.1	NW_003859850.1
otoGar3:AAQR03199903	AAQR03199903		AAQR03199903.1	AAQR03199903.1	NW_003859851.1
otoGar3:AAQR03199904	AAQR03199904		AAQR03199904.1	AAQR03199904.1	NW_003859852.1
otoGar3:AAQR03199905	AAQR03199905		AAQR03199905.1	AAQR03199905.1	NW_003859853.1
otoGar3:AAQR03199906	AAQR03199906		AAQR03199906.1	AAQR03199906.1	NW_003859854.1
otoGar3:AAQR03199907	AAQR03199907		AAQR03199907.1	AAQR03199907.1	NW_003859855.1
otoGar3:AAQR03199908	AAQR03199908		AAQR03199908.1	AAQR03199908.1	NW_003859856.1
otoGar3:AAQR03199909	AAQR03199909		AAQR03199909.1	AAQR03199909.1	NW_003859857.1
otoGar3:AAQR03199910	AAQR03199910		AAQR03199910.1	AAQR03199910.1	NW_003859858.1
otoGar3:AAQR03199911	AAQR03199911		AAQR03199911.1	AAQR03199911.1	NW_003859859.1
otoGar3:AAQR03199912	AAQR03199912		AAQR03199912.1	AAQR03199912.1	NW_003859860.1
otoGar3:AAQR03199913	AAQR03199913		AAQR03199913.1	AAQR03199913.1	NW_003859861.1
otoGar3:AAQR03199914	AAQR03199914		AAQR03199914.1	AAQR03199914.1	NW_003859862.1
otoGar3:AAQR03199915	AAQR03199915		AAQR03199915.1	AAQR03199915.1	NW_003859863.1
otoGar3:AAQR03199916	AAQR03199916		AAQR03199916.1	AAQR03199916.1	NW_003859864.1
otoGar3:AAQR03199917	AAQR03199917		AAQR03199917.1	AAQR03199917.1	NW_003859865.1
otoGar3:AAQR03199918	AAQR03199918		AAQR03199918.1	AAQR03199918.1	NW_003859866.1
otoGar3:AAQR03199919	AAQR03199919		AAQR03199919.1	AAQR03199919.1	NW_003859867.1
otoGar3:AAQR03199920	AAQR03199920		AAQR03199920.1	AAQR03199920.1	NW_003859868.1
otoGar3:AAQR03199921	AAQR03199921		AAQR03199921.1	AAQR03199921.1	NW_003859869.1
otoGar3:AAQR03199922	AAQR03199922		AAQR03199922.1	AAQR03199922.1	NW_003859870.1
otoGar3:AAQR03199923	AAQR03199923		AAQR03199923.1	AAQR03199923.1	NW_003859871.1
otoGar3:AAQR03199924	AAQR03199924		AAQR03199924.1	AAQR03199924.1	NW_003859872.1
otoGar3:AAQR03199925	AAQR03199925		AAQR03199925.1	AAQR03199925.1	NW_003859873.1
otoGar3:AAQR03199926	AAQR03199926		AAQR03199926.1	AAQR03199926.1	NW_003859874.1
otoGar3:AAQR03199927	AAQR03199927		AAQR03199927.1	AAQR03199927.1	NW_003859875.1
otoGar3:AAQR03199928	AAQR03199928		AAQR03199928.1	AAQR03199928.1	NW_003859876.1
otoGar3:AAQR03199929	AAQR03199929		AAQR03199929.1	AAQR03199929.1	NW_003859877.1
otoGar3:AAQR03199930	AAQR03199930		AAQR03199930.1	AAQR03199930.1	NW_003859878.1
otoGar3:AAQR03199931	AAQR03199931		AAQR03199931.1	AAQR03199931.1	NW_003859879.1
otoGar3:AAQR03199932	AAQR03199932		AAQR03199932.1	AAQR03199932.1	NW_003859880.1
otoGar3:AAQR03199933	AAQR03199933		AAQR03199933.1	AAQR03199933.1	NW_003859881.1
otoGar3:AAQR03199934	AAQR03199934		AAQR03199934.1	AAQR03199934.1	NW_003859882.1
otoGar3:AAQR03199935	AAQR03199935		AAQR03199935.1	AAQR03199935.1	NW_003859883.1
otoGar3:AAQR03199936	AAQR03199936		AAQR03199936.1	AAQR03199936.1	NW_003859884.1
otoGar3:AAQR03199937	AAQR03199937		AAQR03199937.1	AAQR03199937.1	NW_003859885.1
otoGar3:AAQR03199938	AAQR03199938		AAQR03199938.1	AAQR03199938.1	NW_003859886.1
otoGar3:AAQR03199939	AAQR03199939		AAQR03199939.1	AAQR03199939.1	NW_003859887.1
otoGar3:AAQR03199940	AAQR03199940		AAQR03199940.1	AAQR03199940.1	NW_003859888.1
otoGar3:AAQR03199941	AAQR03199941		AAQR03199941.1	AAQR03199941.1	NW_003859889.1
otoGar3:AAQR03199942	AAQR03199942		AAQR03199942.1	AAQR03199942.1	NW_003859890.1
otoGar3:AAQR03199943	AAQR03199943		AAQR03199943.1	AAQR03199943.1	NW_003859891.1
otoGar3:AAQR03199944	AAQR03199944		AAQR03199944.1	AAQR03199944.1	NW_003859892.1
otoGar3:AAQR03199945	AAQR03199945		AAQR03199945.1	AAQR03199945.1	NW_003859893.1
otoGar3:AAQR03199946	AAQR03199946		AAQR03199946.1	AAQR03199946.1	NW_003859894.1
otoGar3:AAQR03199947	AAQR03199947		AAQR03199947.1	AAQR03199947.1	NW_003859895.1
otoGar3:AAQR03199948	AAQR03199948		AAQR03199948.1	AAQR03199948.1	NW_003859896.1
otoGar3:AAQR03199949	AAQR03199949		AAQR03199949.1	AAQR03199949.1	NW_003859897.1
otoGar3:AAQR03199950	AAQR03199950		AAQR03199950.1	AAQR03199950.1	NW_003859898.1
otoGar3:AAQR03199951	AAQR03199951		AAQR03199951.1	AAQR03199951.1	NW_003859899.1
otoGar3:AAQR03199952	AAQR03199952		AAQR03199952.1	AAQR03199952.1	NW_003859900.1
otoGar3:AAQR03199953	AAQR03199953		AAQR03199953.1	AAQR03199953.1	NW_003859901.1
otoGar3:AAQR03199954	AAQR03199954		AAQR03199954.1	AAQR03199954.1	NW_003859902.1
otoGar3:AAQR03199955	AAQR03199955		AAQR03199955.1	AAQR03199955.1	NW_003859903.1
otoGar3:AAQR03199956	AAQR03199956		AAQR03199956.1	AAQR03199956.1	NW_003859904.1
otoGar3:AAQR03199957	AAQR03199957		AAQR03199957.1	AAQR03199957.1	NW_003859905.1
otoGar3:AAQR03199958	AAQR03199958		AAQR03199958.1	AAQR03199958.1	NW_003859906.1
otoGar3:AAQR03199959	AAQR03199959		AAQR03199959.1	AAQR03199959.1	NW_003859907.1
otoGar3:AAQR03199960	AAQR03199960		AAQR03199960.1	AAQR03199960.1	NW_003859908.1
otoGar3:AAQR03199961	AAQR03199961		AAQR03199961.1	AAQR03199961.1	NW_003859909.1
otoGar3:AAQR03199962	AAQR03199962		AAQR03199962.1	AAQR03199962.1	NW_003859910.1
otoGar3:AAQR03199963	AAQR03199963		AAQR03199963.1	AAQR03199963.1	NW_003859911.1
otoGar3:AAQR03199964	AAQR03199964		AAQR03199964.1	AAQR03199964.1	NW_003859912.1
otoGar3:AAQR03199965	AAQR03199965		AAQR03199965.1	AAQR03199965.1	NW_003859913.1
otoGar3:AAQR03199966	AAQR03199966		AAQR03199966.1	AAQR03199966.1	NW_003859914.1
otoGar3:AAQR03199967	AAQR03199967		AAQR03199967.1	AAQR03199967.1	NW_003859915.1
otoGar3:AAQR03199968	AAQR03199968		AAQR03199968.1	AAQR03199968.1	NW_003859916.1
otoGar3:AAQR03199969	AAQR03199969		AAQR03199969.1	AAQR03199969.1	NW_003859917.1
otoGar3:AAQR03199970	AAQR03199970		AAQR03199970.1	AAQR03199970.1	NW_003859918.1
otoGar3:AAQR03199971	AAQR03199971		AAQR03199971.1	AAQR03199971.1	NW_003859919.1
otoGar3:AAQR03199972	AAQR03199972		AAQR03199972.1	AAQR03199972.1	NW_003859920.1
otoGar3:AAQR03199973	AAQR03199973		AAQR03199973.1	AAQR03199973.1	NW_003859921.1
otoGar3:AAQR03199974	AAQR03199974		AAQR03199974.1	AAQR03199974.1	NW_003859922.1
otoGar3:AAQR03199975	AAQR03199975		AAQR03199975.1	AAQR03199975.1	NW_003859923.1
otoGar3:AAQR03199976	AAQR03199976		AAQR03199976.1	AAQR03199976.1	NW_003859924.1
otoGar3:AAQR03199977	AAQR03199977		AAQR03199977.1	AAQR03199977.1	NW_003859925.1
otoGar3:AAQR03199978	AAQR03199978		AAQR03199978.1	AAQR03199978.1	NW_003859926.1
otoGar3:AAQR03199979	AAQR03199979		AAQR03199979.1	AAQR03199979.1	NW_003859927.1
otoGar3:AAQR03199980	AAQR03199980		AAQR03199980.1	AAQR03199980.1	NW_003859928.1
otoGar3:AAQR03199981	AAQR03199981		AAQR03199981.1	AAQR03199981.1	NW_003859929.1
otoGar3:AAQR03199982	AAQR03199982		AAQR03199982.1	AAQR03199982.1	NW_003859930.1
otoGar3:AAQR03199983	AAQR03199983		AAQR03199983.1	AAQR03199983.1	NW_003859931.1
otoGar3:AAQR03199984	AAQR03199984		AAQR03199984.1	AAQR03199984.1	NW_003859932.1
otoGar3:AAQR03199985	AAQR03199985		AAQR03199985.1	AAQR03199985.1	NW_003859933.1
otoGar3:AAQR03199986	AAQR03199986		AAQR03199986.1	AAQR03199986.1	NW_003859934.1
otoGar3:AAQR03199987	AAQR03199987		AAQR03199987.1	AAQR03199987.1	NW_003859935.1
otoGar3:AAQR03199988	AAQR03199988		AAQR03199988.1	AAQR03199988.1	NW_003859936.1
otoGar3:AAQR03199989	AAQR03199989		AAQR03199989.1	AAQR03199989.1	NW_003859937.1
otoGar3:AAQR03199990	AAQR03199990		AAQR03199990.1	AAQR03199990.1	NW_003859938.1
otoGar3:AAQR03199991	AAQR03199991		AAQR03199991.1	AAQR03199991.1	NW_003859939.1
otoGar3:AAQR03199992	AAQR03199992		AAQR03199992.1	AAQR03199992.1	NW_003859940.1
otoGar3:AAQR03199993	AAQR03199993		AAQR03199993.1	AAQR03199993.1	NW_003859941.1
otoGar3:AAQR03199994	AAQR03199994		AAQR03199994.1	AAQR03199994.1	NW_003859942.1
otoGar3:AAQR03199995	AAQR03199995		AAQR03199995.1	AAQR03199995.1	NW_003859943.1
otoGar3:AAQR03199996	AAQR03199996		AAQR03199996.1	AAQR03199996.1	NW_003859944.1
otoGar3:AAQR03199997	AAQR03199997		AAQR03199997.1	AAQR03199997.1	NW_003859945.1
otoGar3:AAQR03199998	AAQR03199998		AAQR03199998.1	AAQR03199998.1	NW_003859946.1
otoGar3:AAQR03199999	AAQR03199999		AAQR03199999.1	AAQR03199999.1	NW_003859947.1
otoGar3:AAQR03200000	AAQR03200000		AAQR03200000.1	AAQR03200000.1	NW_003859948.1
otoGar3:AAQR03200001	AAQR03200001		AAQR03200001.1	AAQR03200001.1	NW_003859949.1
otoGar3:AAQR03200002	AAQR03200002		AAQR03200002.1	AAQR03200002.1	NW_003859950.1
otoGar3:AAQR03200003	AAQR03200003		AAQR03200003.1	AAQR03200003.1	NW_003859951.1
otoGar3:AAQR03200004	AAQR03200004		AAQR03200004.1	AAQR03200004.1	NW_003859952.1
otoGar3:AAQR03200005	AAQR03200005		AAQR03200005.1	AAQR03200005.1	NW_003859953.1
otoGar3:AAQR03200006	AAQR03200006		AAQR03200006.1	AAQR03200006.1	NW_003859954.1
otoGar3:AAQR03200007	AAQR03200007		AAQR03200007.1	AAQR03200007.1	NW_003859955.1
otoGar3:AAQR03200008	AAQR03200008		AAQR03200008.1	AAQR03200008.1	NW_003859956.1
otoGar3:AAQR03200009	AAQR03200009		AAQR03200009.1	AAQR03200009.1	NW_003859957.1
otoGar3:AAQR03200010	AAQR03200010		AAQR03200010.1	AAQR03200010.1	NW_003859958.1
otoGar3:AAQR03200011	AAQR03200011		AAQR03200011.1	AAQR03200011.1	NW_003859959.1
otoGar3:AAQR03200012	AAQR03200012		AAQR03200012.1	AAQR03200012.1	NW_003859960.1
otoGar3:AAQR03200013	AAQR03200013		AAQR03200013.1	AAQR03200013.1	NW_003859961.1
otoGar3:AAQR03200014	AAQR03200014		AAQR03200014.1	AAQR03200014.1	NW_003859962.1
otoGar3:AAQR03200015	AAQR03200015		AAQR03200015.1	AAQR03200015.1	NW_003859963.1
otoGar3:AAQR03200016	AAQR03200016		AAQR03200016.1	AAQR03200016.1	NW_003859964.1
otoGar3:AAQR03200017	AAQR03200017		AAQR03200017.1	AAQR03200017.1	NW_003859965.1
otoGar3:AAQR03200018	AAQR03200018		AAQR03200018.1	AAQR03200018.1	NW_003859966.1
otoGar3:AAQR03200019	AAQR03200019		AAQR03200019.1	AAQR03200019.1	NW_003859967.1
otoGar3:AAQR03200020	AAQR03200020		AAQR03200020.1	AAQR03200020.1	NW_003859968.1
otoGar3:AAQR03200021	AAQR03200021		AAQR03200021.1	AAQR03200021.1	NW_003859969.1
otoGar3:AAQR03200022	AAQR03200022		AAQR03200022.1	AAQR03200022.1	NW_003859970.1
otoGar3:AAQR03200023	AAQR03200023		AAQR03200023.1	AAQR03200023.1	NW_003859971.1
otoGar3:AAQR03200024	AAQR03200024		AAQR03200024.1	AAQR03200024.1	NW_003859972.1
otoGar3:AAQR03200025	AAQR03200025		AAQR03200025.1	AAQR03200025.1	NW_003859973.1
otoGar3:AAQR03200026	AAQR03200026		AAQR03200026.1	AAQR03200026.1	NW_003859974.1
otoGar3:AAQR03200027	AAQR03200027		AAQR03200027.1	AAQR03200027.1	NW_003859975.1
otoGar3:AAQR03200028	AAQR03200028		AAQR03200028.1	AAQR03200028.1	NW_003859976.1
otoGar3:AAQR03200029	AAQR03200029		AAQR03200029.1	AAQR03200029.1	NW_003859977.1
otoGar3:AAQR03200030	AAQR03200030		AAQR03200030.1	AAQR03200030.1	NW_003859978.1
otoGar3:AAQR03200031	AAQR03200031		AAQR03200031.1	AAQR03200031.1	NW_003859979.1
otoGar3:AAQR03200032	AAQR03200032		AAQR03200032.1	AAQR03200032.1	NW_003859980.1
otoGar3:AAQR03200033	AAQR03200033		AAQR03200033.1	AAQR03200033.1	NW_003859981.1
otoGar3:AAQR03200034	AAQR03200034		AAQR03200034.1	AAQR03200034.1	NW_003859982.1
otoGar3:AAQR03200035	AAQR03200035		AAQR03200035.1	AAQR03200035.1	NW_003859983.1
otoGar3:AAQR03200036	AAQR03200036		AAQR03200036.1	AAQR03200036.1	NW_003859984.1
otoGar3:AAQR03200037	AAQR03200037		AAQR03200037.1	AAQR03200037.1	NW_003859985.1
otoGar3:AAQR03200038	AAQR03200038		AAQR03200038.1	AAQR03200038.1	NW_003859986.1
otoGar3:AAQR03200039	AAQR03200039		AAQR03200039.1	AAQR03200039.1	NW_003859987.1
otoGar3:AAQR03200040	AAQR03200040		AAQR03200040.1	AAQR03200040.1	NW_003859988.1
otoGar3:AAQR03200041	AAQR03200041		AAQR03200041.1	AAQR03200041.1	NW_003859989.1
otoGar3:AAQR03200042	AAQR03200042		AAQR03200042.1	AAQR03200042.1	NW_003859990.1
otoGar3:AAQR03200043	AAQR03200043		AAQR03200043.1	AAQR03200043.1	NW_003859991.1
otoGar3:AAQR03200044	AAQR03200044		AAQR03200044.1	AAQR03200044.1	NW_003859992.1
otoGar3:AAQR03200045	AAQR03200045		AAQR03200045.1	AAQR03200045.1	NW_003859993.1
otoGar3:AAQR03200046	AAQR03200046		AAQR03200046.1	AAQR03200046.1	NW_003859994.1
otoGar3:AAQR03200047	AAQR03200047		AAQR03200047.1	AAQR03200047.1	NW_003859995.1
otoGar3:AAQR03200048	AAQR03200048			AAQR03200048.1	NW_003859996.1
otoGar3:AAQR03200049	AAQR03200049		AAQR03200049.1	AAQR03200049.1	NW_003859997.1
otoGar3:AAQR03200050	AAQR03200050		AAQR03200050.1	AAQR03200050.1	NW_003859998.1
otoGar3:AAQR03200051	AAQR03200051		AAQR03200051.1	AAQR03200051.1	NW_003859999.1
otoGar3:AAQR03200052	AAQR03200052		AAQR03200052.1	AAQR03200052.1	NW_003860000.1
otoGar3:AAQR03200053	AAQR03200053		AAQR03200053.1	AAQR03200053.1	NW_003860001.1
otoGar3:AAQR03200054	AAQR03200054		AAQR03200054.1	AAQR03200054.1	NW_003860002.1
otoGar3:AAQR03200055	AAQR03200055		AAQR03200055.1	AAQR03200055.1	NW_003860003.1
otoGar3:AAQR03200056	AAQR03200056		AAQR03200056.1	AAQR03200056.1	NW_003860004.1
otoGar3:AAQR03200057	AAQR03200057		AAQR03200057.1	AAQR03200057.1	NW_003860005.1
otoGar3:AAQR03200058	AAQR03200058		AAQR03200058.1	AAQR03200058.1	NW_003860006.1
otoGar3:AAQR03200059	AAQR03200059		AAQR03200059.1	AAQR03200059.1	NW_003860007.1
otoGar3:AAQR03200060	AAQR03200060		AAQR03200060.1	AAQR03200060.1	NW_003860008.1
otoGar3:AAQR03200061	AAQR03200061		AAQR03200061.1	AAQR03200061.1	NW_003860009.1
otoGar3:AAQR03200062	AAQR03200062		AAQR03200062.1	AAQR03200062.1	NW_003860010.1
otoGar3:AAQR03200063	AAQR03200063		AAQR03200063.1	AAQR03200063.1	NW_003860011.1
otoGar3:AAQR03200064	AAQR03200064		AAQR03200064.1	AAQR03200064.1	NW_003860012.1
otoGar3:AAQR03200065	AAQR03200065		AAQR03200065.1	AAQR03200065.1	NW_003860013.1
otoGar3:AAQR03200066	AAQR03200066		AAQR03200066.1	AAQR03200066.1	NW_003860014.1
otoGar3:AAQR03200067	AAQR03200067		AAQR03200067.1	AAQR03200067.1	NW_003860015.1
otoGar3:AAQR03200068	AAQR03200068		AAQR03200068.1	AAQR03200068.1	NW_003860016.1
otoGar3:AAQR03200069	AAQR03200069		AAQR03200069.1	AAQR03200069.1	NW_003860017.1
otoGar3:AAQR03200070	AAQR03200070		AAQR03200070.1	AAQR03200070.1	NW_003860018.1
otoGar3:AAQR03200071	AAQR03200071		AAQR03200071.1	AAQR03200071.1	NW_003860019.1
otoGar3:AAQR03200072	AAQR03200072		AAQR03200072.1	AAQR03200072.1	NW_003860020.1
otoGar3:AAQR03200073	AAQR03200073		AAQR03200073.1	AAQR03200073.1	NW_003860021.1
otoGar3:AAQR03200074	AAQR03200074		AAQR03200074.1	AAQR03200074.1	NW_003860022.1
otoGar3:AAQR03200075	AAQR03200075		AAQR03200075.1	AAQR03200075.1	NW_003860023.1
otoGar3:AAQR03200076	AAQR03200076		AAQR03200076.1	AAQR03200076.1	NW_003860024.1
otoGar3:AAQR03200077	AAQR03200077		AAQR03200077.1	AAQR03200077.1	NW_003860025.1
otoGar3:AAQR03200078	AAQR03200078		AAQR03200078.1	AAQR03200078.1	NW_003860026.1
otoGar3:AAQR03200079	AAQR03200079		AAQR03200079.1	AAQR03200079.1	NW_003860027.1
otoGar3:AAQR03200080	AAQR03200080		AAQR03200080.1	AAQR03200080.1	NW_003860028.1
otoGar3:AAQR03200081	AAQR03200081		AAQR03200081.1	AAQR03200081.1	NW_003860029.1
otoGar3:AAQR03200082	AAQR03200082		AAQR03200082.1	AAQR03200082.1	NW_003860030.1
otoGar3:AAQR03200083	AAQR03200083		AAQR03200083.1	AAQR03200083.1	NW_003860031.1
otoGar3:AAQR03200084	AAQR03200084		AAQR03200084.1	AAQR03200084.1	NW_003860032.1
otoGar3:AAQR03200085	AAQR03200085		AAQR03200085.1	AAQR03200085.1	NW_003860033.1
otoGar3:AAQR03200086	AAQR03200086		AAQR03200086.1	AAQR03200086.1	NW_003860034.1
otoGar3:AAQR03200087	AAQR03200087		AAQR03200087.1	AAQR03200087.1	NW_003860035.1
otoGar3:AAQR03200088	AAQR03200088		AAQR03200088.1	AAQR03200088.1	NW_003860036.1
otoGar3:AAQR03200089	AAQR03200089		AAQR03200089.1	AAQR03200089.1	NW_003860037.1
otoGar3:AAQR03200090	AAQR03200090		AAQR03200090.1	AAQR03200090.1	NW_003860038.1
otoGar3:AAQR03200091	AAQR03200091		AAQR03200091.1	AAQR03200091.1	NW_003860039.1
otoGar3:AAQR03200092	AAQR03200092		AAQR03200092.1	AAQR03200092.1	NW_003860040.1
otoGar3:AAQR03200093	AAQR03200093		AAQR03200093.1	AAQR03200093.1	NW_003860041.1
otoGar3:AAQR03200094	AAQR03200094		AAQR03200094.1	AAQR03200094.1	NW_003860042.1
otoGar3:AAQR03200095	AAQR03200095		AAQR03200095.1	AAQR03200095.1	NW_003860043.1
otoGar3:AAQR03200096	AAQR03200096		AAQR03200096.1	AAQR03200096.1	NW_003860044.1
otoGar3:AAQR03200097	AAQR03200097		AAQR03200097.1	AAQR03200097.1	NW_003860045.1
otoGar3:AAQR03200098	AAQR03200098		AAQR03200098.1	AAQR03200098.1	NW_003860046.1
otoGar3:AAQR03200099	AAQR03200099		AAQR03200099.1	AAQR03200099.1	NW_003860047.1
otoGar3:AAQR03200100	AAQR03200100		AAQR03200100.1	AAQR03200100.1	NW_003860048.1
otoGar3:AAQR03200101	AAQR03200101		AAQR03200101.1	AAQR03200101.1	NW_003860049.1
otoGar3:AAQR03200102	AAQR03200102		AAQR03200102.1	AAQR03200102.1	NW_003860050.1
otoGar3:AAQR03200103	AAQR03200103		AAQR03200103.1	AAQR03200103.1	NW_003860051.1
otoGar3:AAQR03200104	AAQR03200104		AAQR03200104.1	AAQR03200104.1	NW_003860052.1
otoGar3:AAQR03200105	AAQR03200105			AAQR03200105.1	NW_003860053.1
otoGar3:AAQR03200106	AAQR03200106		AAQR03200106.1	AAQR03200106.1	NW_003860054.1
otoGar3:AAQR03200107	AAQR03200107		AAQR03200107.1	AAQR03200107.1	NW_003860055.1
otoGar3:AAQR03200108	AAQR03200108		AAQR03200108.1	AAQR03200108.1	NW_003860056.1
otoGar3:AAQR03200109	AAQR03200109		AAQR03200109.1	AAQR03200109.1	NW_003860057.1
otoGar3:AAQR03200110	AAQR03200110		AAQR03200110.1	AAQR03200110.1	NW_003860058.1
otoGar3:AAQR03200111	AAQR03200111		AAQR03200111.1	AAQR03200111.1	NW_003860059.1
otoGar3:AAQR03200112	AAQR03200112		AAQR03200112.1	AAQR03200112.1	NW_003860060.1
otoGar3:AAQR03200113	AAQR03200113		AAQR03200113.1	AAQR03200113.1	NW_003860061.1
otoGar3:AAQR03200114	AAQR03200114		AAQR03200114.1	AAQR03200114.1	NW_003860062.1
otoGar3:AAQR03200115	AAQR03200115		AAQR03200115.1	AAQR03200115.1	NW_003860063.1
otoGar3:AAQR03200116	AAQR03200116		AAQR03200116.1	AAQR03200116.1	NW_003860064.1
otoGar3:AAQR03200117	AAQR03200117		AAQR03200117.1	AAQR03200117.1	NW_003860065.1
otoGar3:AAQR03200118	AAQR03200118		AAQR03200118.1	AAQR03200118.1	NW_003860066.1
otoGar3:AAQR03200119	AAQR03200119		AAQR03200119.1	AAQR03200119.1	NW_003860067.1
otoGar3:AAQR03200120	AAQR03200120		AAQR03200120.1	AAQR03200120.1	NW_003860068.1
otoGar3:AAQR03200121	AAQR03200121		AAQR03200121.1	AAQR03200121.1	NW_003860069.1
otoGar3:AAQR03200122	AAQR03200122		AAQR03200122.1	AAQR03200122.1	NW_003860070.1
otoGar3:AAQR03200123	AAQR03200123		AAQR03200123.1	AAQR03200123.1	NW_003860071.1
otoGar3:AAQR03200124	AAQR03200124		AAQR03200124.1	AAQR03200124.1	NW_003860072.1
otoGar3:AAQR03200125	AAQR03200125		AAQR03200125.1	AAQR03200125.1	NW_003860073.1
otoGar3:AAQR03200126	AAQR03200126		AAQR03200126.1	AAQR03200126.1	NW_003860074.1
otoGar3:AAQR03200127	AAQR03200127		AAQR03200127.1	AAQR03200127.1	NW_003860075.1
otoGar3:AAQR03200128	AAQR03200128		AAQR03200128.1	AAQR03200128.1	NW_003860076.1
otoGar3:AAQR03200129	AAQR03200129		AAQR03200129.1	AAQR03200129.1	NW_003860077.1
otoGar3:AAQR03200130	AAQR03200130		AAQR03200130.1	AAQR03200130.1	NW_003860078.1
otoGar3:AAQR03200131	AAQR03200131		AAQR03200131.1	AAQR03200131.1	NW_003860079.1
otoGar3:AAQR03200132	AAQR03200132		AAQR03200132.1	AAQR03200132.1	NW_003860080.1
otoGar3:AAQR03200133	AAQR03200133		AAQR03200133.1	AAQR03200133.1	NW_003860081.1
otoGar3:AAQR03200134	AAQR03200134		AAQR03200134.1	AAQR03200134.1	NW_003860082.1
otoGar3:AAQR03200135	AAQR03200135		AAQR03200135.1	AAQR03200135.1	NW_003860083.1
otoGar3:AAQR03200136	AAQR03200136		AAQR03200136.1	AAQR03200136.1	NW_003860084.1
otoGar3:AAQR03200137	AAQR03200137		AAQR03200137.1	AAQR03200137.1	NW_003860085.1
otoGar3:AAQR03200138	AAQR03200138		AAQR03200138.1	AAQR03200138.1	NW_003860086.1
otoGar3:AAQR03200139	AAQR03200139		AAQR03200139.1	AAQR03200139.1	NW_003860087.1
otoGar3:AAQR03200140	AAQR03200140		AAQR03200140.1	AAQR03200140.1	NW_003860088.1
otoGar3:AAQR03200141	AAQR03200141		AAQR03200141.1	AAQR03200141.1	NW_003860089.1
otoGar3:AAQR03200142	AAQR03200142		AAQR03200142.1	AAQR03200142.1	NW_003860090.1
otoGar3:AAQR03200143	AAQR03200143		AAQR03200143.1	AAQR03200143.1	NW_003860091.1
otoGar3:AAQR03200144	AAQR03200144		AAQR03200144.1	AAQR03200144.1	NW_003860092.1
otoGar3:AAQR03200145	AAQR03200145		AAQR03200145.1	AAQR03200145.1	NW_003860093.1
otoGar3:AAQR03200146	AAQR03200146		AAQR03200146.1	AAQR03200146.1	NW_003860094.1
otoGar3:AAQR03200147	AAQR03200147		AAQR03200147.1	AAQR03200147.1	NW_003860095.1
otoGar3:AAQR03200148	AAQR03200148		AAQR03200148.1	AAQR03200148.1	NW_003860096.1
otoGar3:AAQR03200149	AAQR03200149		AAQR03200149.1	AAQR03200149.1	NW_003860097.1
otoGar3:AAQR03200150	AAQR03200150		AAQR03200150.1	AAQR03200150.1	NW_003860098.1
otoGar3:AAQR03200151	AAQR03200151		AAQR03200151.1	AAQR03200151.1	NW_003860099.1
otoGar3:AAQR03200152	AAQR03200152		AAQR03200152.1	AAQR03200152.1	NW_003860100.1
otoGar3:AAQR03200153	AAQR03200153		AAQR03200153.1	AAQR03200153.1	NW_003860101.1
otoGar3:AAQR03200154	AAQR03200154		AAQR03200154.1	AAQR03200154.1	NW_003860102.1
otoGar3:AAQR03200155	AAQR03200155		AAQR03200155.1	AAQR03200155.1	NW_003860103.1
otoGar3:AAQR03200156	AAQR03200156		AAQR03200156.1	AAQR03200156.1	NW_003860104.1
otoGar3:AAQR03200157	AAQR03200157		AAQR03200157.1	AAQR03200157.1	NW_003860105.1
otoGar3:AAQR03200158	AAQR03200158		AAQR03200158.1	AAQR03200158.1	NW_003860106.1
otoGar3:AAQR03200159	AAQR03200159		AAQR03200159.1	AAQR03200159.1	NW_003860107.1
otoGar3:AAQR03200160	AAQR03200160			AAQR03200160.1	NW_003860108.1
otoGar3:AAQR03200161	AAQR03200161		AAQR03200161.1	AAQR03200161.1	NW_003860109.1
otoGar3:AAQR03200162	AAQR03200162		AAQR03200162.1	AAQR03200162.1	NW_003860110.1
otoGar3:AAQR03200163	AAQR03200163		AAQR03200163.1	AAQR03200163.1	NW_003860111.1
otoGar3:AAQR03200164	AAQR03200164		AAQR03200164.1	AAQR03200164.1	NW_003860112.1
otoGar3:AAQR03200165	AAQR03200165		AAQR03200165.1	AAQR03200165.1	NW_003860113.1
otoGar3:AAQR03200166	AAQR03200166		AAQR03200166.1	AAQR03200166.1	NW_003860114.1
otoGar3:AAQR03200167	AAQR03200167		AAQR03200167.1	AAQR03200167.1	NW_003860115.1
otoGar3:AAQR03200168	AAQR03200168		AAQR03200168.1	AAQR03200168.1	NW_003860116.1
otoGar3:AAQR03200169	AAQR03200169		AAQR03200169.1	AAQR03200169.1	NW_003860117.1
otoGar3:AAQR03200170	AAQR03200170		AAQR03200170.1	AAQR03200170.1	NW_003860118.1
otoGar3:AAQR03200171	AAQR03200171		AAQR03200171.1	AAQR03200171.1	NW_003860119.1
otoGar3:AAQR03200172	AAQR03200172		AAQR03200172.1	AAQR03200172.1	NW_003860120.1
otoGar3:AAQR03200173	AAQR03200173		AAQR03200173.1	AAQR03200173.1	NW_003860121.1
otoGar3:AAQR03200174	AAQR03200174		AAQR03200174.1	AAQR03200174.1	NW_003860122.1
otoGar3:AAQR03200175	AAQR03200175		AAQR03200175.1	AAQR03200175.1	NW_003860123.1
otoGar3:AAQR03200176	AAQR03200176		AAQR03200176.1	AAQR03200176.1	NW_003860124.1
otoGar3:AAQR03200177	AAQR03200177		AAQR03200177.1	AAQR03200177.1	NW_003860125.1
otoGar3:AAQR03200178	AAQR03200178		AAQR03200178.1	AAQR03200178.1	NW_003860126.1
otoGar3:AAQR03200179	AAQR03200179		AAQR03200179.1	AAQR03200179.1	NW_003860127.1
otoGar3:AAQR03200180	AAQR03200180		AAQR03200180.1	AAQR03200180.1	NW_003860128.1
otoGar3:AAQR03200181	AAQR03200181		AAQR03200181.1	AAQR03200181.1	NW_003860129.1
otoGar3:AAQR03200182	AAQR03200182		AAQR03200182.1	AAQR03200182.1	NW_003860130.1
otoGar3:AAQR03200183	AAQR03200183		AAQR03200183.1	AAQR03200183.1	NW_003860131.1
otoGar3:AAQR03200184	AAQR03200184		AAQR03200184.1	AAQR03200184.1	NW_003860132.1
otoGar3:AAQR03200185	AAQR03200185		AAQR03200185.1	AAQR03200185.1	NW_003860133.1
otoGar3:AAQR03200186	AAQR03200186		AAQR03200186.1	AAQR03200186.1	NW_003860134.1
otoGar3:AAQR03200187	AAQR03200187		AAQR03200187.1	AAQR03200187.1	NW_003860135.1
otoGar3:AAQR03200188	AAQR03200188		AAQR03200188.1	AAQR03200188.1	NW_003860136.1
otoGar3:AAQR03200189	AAQR03200189		AAQR03200189.1	AAQR03200189.1	NW_003860137.1
otoGar3:AAQR03200190	AAQR03200190		AAQR03200190.1	AAQR03200190.1	NW_003860138.1
otoGar3:AAQR03200191	AAQR03200191		AAQR03200191.1	AAQR03200191.1	NW_003860139.1
otoGar3:AAQR03200192	AAQR03200192		AAQR03200192.1	AAQR03200192.1	NW_003860140.1
otoGar3:AAQR03200193	AAQR03200193		AAQR03200193.1	AAQR03200193.1	NW_003860141.1
otoGar3:AAQR03200194	AAQR03200194		AAQR03200194.1	AAQR03200194.1	NW_003860142.1
otoGar3:AAQR03200195	AAQR03200195		AAQR03200195.1	AAQR03200195.1	NW_003860143.1
otoGar3:AAQR03200196	AAQR03200196		AAQR03200196.1	AAQR03200196.1	NW_003860144.1
otoGar3:AAQR03200197	AAQR03200197		AAQR03200197.1	AAQR03200197.1	NW_003860145.1
otoGar3:AAQR03200198	AAQR03200198		AAQR03200198.1	AAQR03200198.1	NW_003860146.1
otoGar3:AAQR03200199	AAQR03200199		AAQR03200199.1	AAQR03200199.1	NW_003860147.1
otoGar3:AAQR03200200	AAQR03200200		AAQR03200200.1	AAQR03200200.1	NW_003860148.1
otoGar3:AAQR03200201	AAQR03200201		AAQR03200201.1	AAQR03200201.1	NW_003860149.1
otoGar3:AAQR03200202	AAQR03200202		AAQR03200202.1	AAQR03200202.1	NW_003860150.1
otoGar3:AAQR03200203	AAQR03200203		AAQR03200203.1	AAQR03200203.1	NW_003860151.1
otoGar3:AAQR03200204	AAQR03200204		AAQR03200204.1	AAQR03200204.1	NW_003860152.1
otoGar3:AAQR03200205	AAQR03200205		AAQR03200205.1	AAQR03200205.1	NW_003860153.1
otoGar3:AAQR03200206	AAQR03200206		AAQR03200206.1	AAQR03200206.1	NW_003860154.1
otoGar3:AAQR03200207	AAQR03200207		AAQR03200207.1	AAQR03200207.1	NW_003860155.1
otoGar3:AAQR03200208	AAQR03200208		AAQR03200208.1	AAQR03200208.1	NW_003860156.1
otoGar3:AAQR03200209	AAQR03200209		AAQR03200209.1	AAQR03200209.1	NW_003860157.1
otoGar3:AAQR03200210	AAQR03200210		AAQR03200210.1	AAQR03200210.1	NW_003860158.1
otoGar3:AAQR03200211	AAQR03200211		AAQR03200211.1	AAQR03200211.1	NW_003860159.1
otoGar3:AAQR03200212	AAQR03200212		AAQR03200212.1	AAQR03200212.1	NW_003860160.1
otoGar3:AAQR03200213	AAQR03200213		AAQR03200213.1	AAQR03200213.1	NW_003860161.1
otoGar3:AAQR03200214	AAQR03200214		AAQR03200214.1	AAQR03200214.1	NW_003860162.1
otoGar3:AAQR03200215	AAQR03200215		AAQR03200215.1	AAQR03200215.1	NW_003860163.1
otoGar3:AAQR03200216	AAQR03200216		AAQR03200216.1	AAQR03200216.1	NW_003860164.1
otoGar3:AAQR03200217	AAQR03200217		AAQR03200217.1	AAQR03200217.1	NW_003860165.1
otoGar3:AAQR03200218	AAQR03200218		AAQR03200218.1	AAQR03200218.1	NW_003860166.1
otoGar3:AAQR03200219	AAQR03200219		AAQR03200219.1	AAQR03200219.1	NW_003860167.1
otoGar3:AAQR03200220	AAQR03200220		AAQR03200220.1	AAQR03200220.1	NW_003860168.1
otoGar3:AAQR03200221	AAQR03200221		AAQR03200221.1	AAQR03200221.1	NW_003860169.1
otoGar3:AAQR03200222	AAQR03200222		AAQR03200222.1	AAQR03200222.1	NW_003860170.1
otoGar3:AAQR03200223	AAQR03200223		AAQR03200223.1	AAQR03200223.1	NW_003860171.1
otoGar3:AAQR03200224	AAQR03200224		AAQR03200224.1	AAQR03200224.1	NW_003860172.1
otoGar3:AAQR03200225	AAQR03200225		AAQR03200225.1	AAQR03200225.1	NW_003860173.1
otoGar3:AAQR03200226	AAQR03200226		AAQR03200226.1	AAQR03200226.1	NW_003860174.1
otoGar3:AAQR03200227	AAQR03200227		AAQR03200227.1	AAQR03200227.1	NW_003860175.1
otoGar3:AAQR03200228	AAQR03200228		AAQR03200228.1	AAQR03200228.1	NW_003860176.1
otoGar3:AAQR03200229	AAQR03200229		AAQR03200229.1	AAQR03200229.1	NW_003860177.1
otoGar3:AAQR03200230	AAQR03200230		AAQR03200230.1	AAQR03200230.1	NW_003860178.1
otoGar3:AAQR03200231	AAQR03200231		AAQR03200231.1	AAQR03200231.1	NW_003860179.1
otoGar3:AAQR03200232	AAQR03200232			AAQR03200232.1	NW_003860180.1
otoGar3:AAQR03200233	AAQR03200233		AAQR03200233.1	AAQR03200233.1	NW_003860181.1
otoGar3:AAQR03200234	AAQR03200234		AAQR03200234.1	AAQR03200234.1	NW_003860182.1
otoGar3:AAQR03200235	AAQR03200235		AAQR03200235.1	AAQR03200235.1	NW_003860183.1
otoGar3:AAQR03200236	AAQR03200236		AAQR03200236.1	AAQR03200236.1	NW_003860184.1
otoGar3:AAQR03200237	AAQR03200237		AAQR03200237.1	AAQR03200237.1	NW_003860185.1
otoGar3:AAQR03200238	AAQR03200238		AAQR03200238.1	AAQR03200238.1	NW_003860186.1
otoGar3:AAQR03200239	AAQR03200239		AAQR03200239.1	AAQR03200239.1	NW_003860187.1
otoGar3:AAQR03200240	AAQR03200240		AAQR03200240.1	AAQR03200240.1	NW_003860188.1
otoGar3:GL873520	GL873520		GL873520.1	GL873520.1	NW_003852396.1
otoGar3:GL873521	GL873521		GL873521.1	GL873521.1	NW_003852397.1
otoGar3:GL873522	GL873522		GL873522.1	GL873522.1	NW_003852398.1
otoGar3:GL873523	GL873523		GL873523.1	GL873523.1	NW_003852399.1
otoGar3:GL873524	GL873524		GL873524.1	GL873524.1	NW_003852400.1
otoGar3:GL873525	GL873525		GL873525.1	GL873525.1	NW_003852401.1
otoGar3:GL873526	GL873526		GL873526.1	GL873526.1	NW_003852402.1
otoGar3:GL873527	GL873527		GL873527.1	GL873527.1	NW_003852403.1
otoGar3:GL873528	GL873528		GL873528.1	GL873528.1	NW_003852404.1
otoGar3:GL873529	GL873529		GL873529.1	GL873529.1	NW_003852405.1
otoGar3:GL873530	GL873530		GL873530.1	GL873530.1	NW_003852406.1
otoGar3:GL873531	GL873531		GL873531.1	GL873531.1	NW_003852407.1
otoGar3:GL873532	GL873532		GL873532.1	GL873532.1	NW_003852408.1
otoGar3:GL873533	GL873533		GL873533.1	GL873533.1	NW_003852409.1
otoGar3:GL873534	GL873534		GL873534.1	GL873534.1	NW_003852410.1
otoGar3:GL873535	GL873535		GL873535.1	GL873535.1	NW_003852411.1
otoGar3:GL873536	GL873536		GL873536.1	GL873536.1	NW_003852412.1
otoGar3:GL873537	GL873537		GL873537.1	GL873537.1	NW_003852413.1
otoGar3:GL873538	GL873538		GL873538.1	GL873538.1	NW_003852414.1
otoGar3:GL873539	GL873539		GL873539.1	GL873539.1	NW_003852415.1
otoGar3:GL873540	GL873540		GL873540.1	GL873540.1	NW_003852416.1
otoGar3:GL873541	GL873541		GL873541.1	GL873541.1	NW_003852417.1
otoGar3:GL873542	GL873542		GL873542.1	GL873542.1	NW_003852418.1
otoGar3:GL873543	GL873543		GL873543.1	GL873543.1	NW_003852419.1
otoGar3:GL873544	GL873544		GL873544.1	GL873544.1	NW_003852420.1
otoGar3:GL873545	GL873545		GL873545.1	GL873545.1	NW_003852421.1
otoGar3:GL873546	GL873546		GL873546.1	GL873546.1	NW_003852422.1
otoGar3:GL873547	GL873547		GL873547.1	GL873547.1	NW_003852423.1
otoGar3:GL873548	GL873548		GL873548.1	GL873548.1	NW_003852424.1
otoGar3:GL873549	GL873549		GL873549.1	GL873549.1	NW_003852425.1
otoGar3:GL873550	GL873550		GL873550.1	GL873550.1	NW_003852426.1
otoGar3:GL873551	GL873551		GL873551.1	GL873551.1	NW_003852427.1
otoGar3:GL873552	GL873552		GL873552.1	GL873552.1	NW_003852428.1
otoGar3:GL873553	GL873553		GL873553.1	GL873553.1	NW_003852429.1
otoGar3:GL873554	GL873554		GL873554.1	GL873554.1	NW_003852430.1
otoGar3:GL873555	GL873555		GL873555.1	GL873555.1	NW_003852431.1
otoGar3:GL873556	GL873556		GL873556.1	GL873556.1	NW_003852432.1
otoGar3:GL873557	GL873557		GL873557.1	GL873557.1	NW_003852433.1
otoGar3:GL873558	GL873558		GL873558.1	GL873558.1	NW_003852434.1
otoGar3:GL873559	GL873559		GL873559.1	GL873559.1	NW_003852435.1
otoGar3:GL873560	GL873560		GL873560.1	GL873560.1	NW_003852436.1
otoGar3:GL873561	GL873561		GL873561.1	GL873561.1	NW_003852437.1
otoGar3:GL873562	GL873562		GL873562.1	GL873562.1	NW_003852438.1
otoGar3:GL873563	GL873563		GL873563.1	GL873563.1	NW_003852439.1
otoGar3:GL873564	GL873564		GL873564.1	GL873564.1	NW_003852440.1
otoGar3:GL873565	GL873565		GL873565.1	GL873565.1	NW_003852441.1
otoGar3:GL873566	GL873566		GL873566.1	GL873566.1	NW_003852442.1
otoGar3:GL873567	GL873567		GL873567.1	GL873567.1	NW_003852443.1
otoGar3:GL873568	GL873568		GL873568.1	GL873568.1	NW_003852444.1
otoGar3:GL873569	GL873569		GL873569.1	GL873569.1	NW_003852445.1
otoGar3:GL873570	GL873570		GL873570.1	GL873570.1	NW_003852446.1
otoGar3:GL873571	GL873571		GL873571.1	GL873571.1	NW_003852447.1
otoGar3:GL873572	GL873572		GL873572.1	GL873572.1	NW_003852448.1
otoGar3:GL873573	GL873573		GL873573.1	GL873573.1	NW_003852449.1
otoGar3:GL873574	GL873574		GL873574.1	GL873574.1	NW_003852450.1
otoGar3:GL873575	GL873575		GL873575.1	GL873575.1	NW_003852451.1
otoGar3:GL873576	GL873576		GL873576.1	GL873576.1	NW_003852452.1
otoGar3:GL873577	GL873577		GL873577.1	GL873577.1	NW_003852453.1
otoGar3:GL873578	GL873578		GL873578.1	GL873578.1	NW_003852454.1
otoGar3:GL873579	GL873579		GL873579.1	GL873579.1	NW_003852455.1
otoGar3:GL873580	GL873580		GL873580.1	GL873580.1	NW_003852456.1
otoGar3:GL873581	GL873581		GL873581.1	GL873581.1	NW_003852457.1
otoGar3:GL873582	GL873582		GL873582.1	GL873582.1	NW_003852458.1
otoGar3:GL873583	GL873583		GL873583.1	GL873583.1	NW_003852459.1
otoGar3:GL873584	GL873584		GL873584.1	GL873584.1	NW_003852460.1
otoGar3:GL873585	GL873585		GL873585.1	GL873585.1	NW_003852461.1
otoGar3:GL873586	GL873586		GL873586.1	GL873586.1	NW_003852462.1
otoGar3:GL873587	GL873587		GL873587.1	GL873587.1	NW_003852463.1
otoGar3:GL873588	GL873588		GL873588.1	GL873588.1	NW_003852464.1
otoGar3:GL873589	GL873589		GL873589.1	GL873589.1	NW_003852465.1
otoGar3:GL873590	GL873590		GL873590.1	GL873590.1	NW_003852466.1
otoGar3:GL873591	GL873591		GL873591.1	GL873591.1	NW_003852467.1
otoGar3:GL873592	GL873592		GL873592.1	GL873592.1	NW_003852468.1
otoGar3:GL873593	GL873593		GL873593.1	GL873593.1	NW_003852469.1
otoGar3:GL873594	GL873594		GL873594.1	GL873594.1	NW_003852470.1
otoGar3:GL873595	GL873595		GL873595.1	GL873595.1	NW_003852471.1
otoGar3:GL873596	GL873596		GL873596.1	GL873596.1	NW_003852472.1
otoGar3:GL873597	GL873597		GL873597.1	GL873597.1	NW_003852473.1
otoGar3:GL873598	GL873598		GL873598.1	GL873598.1	NW_003852474.1
otoGar3:GL873599	GL873599		GL873599.1	GL873599.1	NW_003852475.1
otoGar3:GL873600	GL873600		GL873600.1	GL873600.1	NW_003852476.1
otoGar3:GL873601	GL873601		GL873601.1	GL873601.1	NW_003852477.1
otoGar3:GL873602	GL873602		GL873602.1	GL873602.1	NW_003852478.1
otoGar3:GL873603	GL873603		GL873603.1	GL873603.1	NW_003852479.1
otoGar3:GL873604	GL873604		GL873604.1	GL873604.1	NW_003852480.1
otoGar3:GL873605	GL873605		GL873605.1	GL873605.1	NW_003852481.1
otoGar3:GL873606	GL873606		GL873606.1	GL873606.1	NW_003852482.1
otoGar3:GL873607	GL873607		GL873607.1	GL873607.1	NW_003852483.1
otoGar3:GL873608	GL873608		GL873608.1	GL873608.1	NW_003852484.1
otoGar3:GL873609	GL873609		GL873609.1	GL873609.1	NW_003852485.1
otoGar3:GL873610	GL873610		GL873610.1	GL873610.1	NW_003852486.1
otoGar3:GL873611	GL873611		GL873611.1	GL873611.1	NW_003852487.1
otoGar3:GL873612	GL873612		GL873612.1	GL873612.1	NW_003852488.1
otoGar3:GL873613	GL873613		GL873613.1	GL873613.1	NW_003852489.1
otoGar3:GL873614	GL873614		GL873614.1	GL873614.1	NW_003852490.1
otoGar3:GL873615	GL873615		GL873615.1	GL873615.1	NW_003852491.1
otoGar3:GL873616	GL873616		GL873616.1	GL873616.1	NW_003852492.1
otoGar3:GL873617	GL873617		GL873617.1	GL873617.1	NW_003852493.1
otoGar3:GL873618	GL873618		GL873618.1	GL873618.1	NW_003852494.1
otoGar3:GL873619	GL873619		GL873619.1	GL873619.1	NW_003852495.1
otoGar3:GL873620	GL873620		GL873620.1	GL873620.1	NW_003852496.1
otoGar3:GL873621	GL873621		GL873621.1	GL873621.1	NW_003852497.1
otoGar3:GL873622	GL873622		GL873622.1	GL873622.1	NW_003852498.1
otoGar3:GL873623	GL873623		GL873623.1	GL873623.1	NW_003852499.1
otoGar3:GL873624	GL873624		GL873624.1	GL873624.1	NW_003852500.1
otoGar3:GL873625	GL873625		GL873625.1	GL873625.1	NW_003852501.1
otoGar3:GL873626	GL873626		GL873626.1	GL873626.1	NW_003852502.1
otoGar3:GL873627	GL873627		GL873627.1	GL873627.1	NW_003852503.1
otoGar3:GL873628	GL873628		GL873628.1	GL873628.1	NW_003852504.1
otoGar3:GL873629	GL873629		GL873629.1	GL873629.1	NW_003852505.1
otoGar3:GL873630	GL873630		GL873630.1	GL873630.1	NW_003852506.1
otoGar3:GL873631	GL873631		GL873631.1	GL873631.1	NW_003852507.1
otoGar3:GL873632	GL873632		GL873632.1	GL873632.1	NW_003852508.1
otoGar3:GL873633	GL873633		GL873633.1	GL873633.1	NW_003852509.1
otoGar3:GL873634	GL873634		GL873634.1	GL873634.1	NW_003852510.1
otoGar3:GL873635	GL873635		GL873635.1	GL873635.1	NW_003852511.1
otoGar3:GL873636	GL873636		GL873636.1	GL873636.1	NW_003852512.1
otoGar3:GL873637	GL873637		GL873637.1	GL873637.1	NW_003852513.1
otoGar3:GL873638	GL873638		GL873638.1	GL873638.1	NW_003852514.1
otoGar3:GL873639	GL873639		GL873639.1	GL873639.1	NW_003852515.1
otoGar3:GL873640	GL873640		GL873640.1	GL873640.1	NW_003852516.1
otoGar3:GL873641	GL873641		GL873641.1	GL873641.1	NW_003852517.1
otoGar3:GL873642	GL873642		GL873642.1	GL873642.1	NW_003852518.1
otoGar3:GL873643	GL873643		GL873643.1	GL873643.1	NW_003852519.1
otoGar3:GL873644	GL873644		GL873644.1	GL873644.1	NW_003852520.1
otoGar3:GL873645	GL873645		GL873645.1	GL873645.1	NW_003852521.1
otoGar3:GL873646	GL873646		GL873646.1	GL873646.1	NW_003852522.1
otoGar3:GL873647	GL873647		GL873647.1	GL873647.1	NW_003852523.1
otoGar3:GL873648	GL873648		GL873648.1	GL873648.1	NW_003852524.1
otoGar3:GL873649	GL873649		GL873649.1	GL873649.1	NW_003852525.1
otoGar3:GL873650	GL873650		GL873650.1	GL873650.1	NW_003852526.1
otoGar3:GL873651	GL873651		GL873651.1	GL873651.1	NW_003852527.1
otoGar3:GL873652	GL873652		GL873652.1	GL873652.1	NW_003852528.1
otoGar3:GL873653	GL873653		GL873653.1	GL873653.1	NW_003852529.1
otoGar3:GL873654	GL873654		GL873654.1	GL873654.1	NW_003852530.1
otoGar3:GL873655	GL873655		GL873655.1	GL873655.1	NW_003852531.1
otoGar3:GL873656	GL873656		GL873656.1	GL873656.1	NW_003852532.1
otoGar3:GL873657	GL873657		GL873657.1	GL873657.1	NW_003852533.1
otoGar3:GL873658	GL873658		GL873658.1	GL873658.1	NW_003852534.1
otoGar3:GL873659	GL873659		GL873659.1	GL873659.1	NW_003852535.1
otoGar3:GL873660	GL873660		GL873660.1	GL873660.1	NW_003852536.1
otoGar3:GL873661	GL873661		GL873661.1	GL873661.1	NW_003852537.1
otoGar3:GL873662	GL873662		GL873662.1	GL873662.1	NW_003852538.1
otoGar3:GL873663	GL873663		GL873663.1	GL873663.1	NW_003852539.1
otoGar3:GL873664	GL873664		GL873664.1	GL873664.1	NW_003852540.1
otoGar3:GL873665	GL873665		GL873665.1	GL873665.1	NW_003852541.1
otoGar3:GL873666	GL873666		GL873666.1	GL873666.1	NW_003852542.1
otoGar3:GL873667	GL873667		GL873667.1	GL873667.1	NW_003852543.1
otoGar3:GL873668	GL873668		GL873668.1	GL873668.1	NW_003852544.1
otoGar3:GL873669	GL873669		GL873669.1	GL873669.1	NW_003852545.1
otoGar3:GL873670	GL873670		GL873670.1	GL873670.1	NW_003852546.1
otoGar3:GL873671	GL873671		GL873671.1	GL873671.1	NW_003852547.1
otoGar3:GL873672	GL873672		GL873672.1	GL873672.1	NW_003852548.1
otoGar3:GL873673	GL873673		GL873673.1	GL873673.1	NW_003852549.1
otoGar3:GL873674	GL873674		GL873674.1	GL873674.1	NW_003852550.1
otoGar3:GL873675	GL873675		GL873675.1	GL873675.1	NW_003852551.1
otoGar3:GL873676	GL873676		GL873676.1	GL873676.1	NW_003852552.1
otoGar3:GL873677	GL873677		GL873677.1	GL873677.1	NW_003852553.1
otoGar3:GL873678	GL873678		GL873678.1	GL873678.1	NW_003852554.1
otoGar3:GL873679	GL873679		GL873679.1	GL873679.1	NW_003852555.1
otoGar3:GL873680	GL873680		GL873680.1	GL873680.1	NW_003852556.1
otoGar3:GL873681	GL873681		GL873681.1	GL873681.1	NW_003852557.1
otoGar3:GL873682	GL873682		GL873682.1	GL873682.1	NW_003852558.1
otoGar3:GL873683	GL873683		GL873683.1	GL873683.1	NW_003852559.1
otoGar3:GL873684	GL873684		GL873684.1	GL873684.1	NW_003852560.1
otoGar3:GL873685	GL873685		GL873685.1	GL873685.1	NW_003852561.1
otoGar3:GL873686	GL873686		GL873686.1	GL873686.1	NW_003852562.1
otoGar3:GL873687	GL873687		GL873687.1	GL873687.1	NW_003852563.1
otoGar3:GL873688	GL873688		GL873688.1	GL873688.1	NW_003852564.1
otoGar3:GL873689	GL873689		GL873689.1	GL873689.1	NW_003852565.1
otoGar3:GL873690	GL873690		GL873690.1	GL873690.1	NW_003852566.1
otoGar3:GL873691	GL873691		GL873691.1	GL873691.1	NW_003852567.1
otoGar3:GL873692	GL873692		GL873692.1	GL873692.1	NW_003852568.1
otoGar3:GL873693	GL873693		GL873693.1	GL873693.1	NW_003852569.1
otoGar3:GL873694	GL873694		GL873694.1	GL873694.1	NW_003852570.1
otoGar3:GL873695	GL873695		GL873695.1	GL873695.1	NW_003852571.1
otoGar3:GL873696	GL873696		GL873696.1	GL873696.1	NW_003852572.1
otoGar3:GL873697	GL873697		GL873697.1	GL873697.1	NW_003852573.1
otoGar3:GL873698	GL873698		GL873698.1	GL873698.1	NW_003852574.1
otoGar3:GL873699	GL873699		GL873699.1	GL873699.1	NW_003852575.1
otoGar3:GL873700	GL873700		GL873700.1	GL873700.1	NW_003852576.1
otoGar3:GL873701	GL873701		GL873701.1	GL873701.1	NW_003852577.1
otoGar3:GL873702	GL873702		GL873702.1	GL873702.1	NW_003852578.1
otoGar3:GL873703	GL873703		GL873703.1	GL873703.1	NW_003852579.1
otoGar3:GL873704	GL873704		GL873704.1	GL873704.1	NW_003852580.1
otoGar3:GL873705	GL873705		GL873705.1	GL873705.1	NW_003852581.1
otoGar3:GL873706	GL873706		GL873706.1	GL873706.1	NW_003852582.1
otoGar3:GL873707	GL873707		GL873707.1	GL873707.1	NW_003852583.1
otoGar3:GL873708	GL873708		GL873708.1	GL873708.1	NW_003852584.1
otoGar3:GL873709	GL873709		GL873709.1	GL873709.1	NW_003852585.1
otoGar3:GL873710	GL873710		GL873710.1	GL873710.1	NW_003852586.1
otoGar3:GL873711	GL873711		GL873711.1	GL873711.1	NW_003852587.1
otoGar3:GL873712	GL873712		GL873712.1	GL873712.1	NW_003852588.1
otoGar3:GL873713	GL873713		GL873713.1	GL873713.1	NW_003852589.1
otoGar3:GL873714	GL873714		GL873714.1	GL873714.1	NW_003852590.1
otoGar3:GL873715	GL873715		GL873715.1	GL873715.1	NW_003852591.1
otoGar3:GL873716	GL873716		GL873716.1	GL873716.1	NW_003852592.1
otoGar3:GL873717	GL873717		GL873717.1	GL873717.1	NW_003852593.1
otoGar3:GL873718	GL873718		GL873718.1	GL873718.1	NW_003852594.1
otoGar3:GL873719	GL873719		GL873719.1	GL873719.1	NW_003852595.1
otoGar3:GL873720	GL873720		GL873720.1	GL873720.1	NW_003852596.1
otoGar3:GL873721	GL873721		GL873721.1	GL873721.1	NW_003852597.1
otoGar3:GL873722	GL873722		GL873722.1	GL873722.1	NW_003852598.1
otoGar3:GL873723	GL873723		GL873723.1	GL873723.1	NW_003852599.1
otoGar3:GL873724	GL873724		GL873724.1	GL873724.1	NW_003852600.1
otoGar3:GL873725	GL873725		GL873725.1	GL873725.1	NW_003852601.1
otoGar3:GL873726	GL873726		GL873726.1	GL873726.1	NW_003852602.1
otoGar3:GL873727	GL873727		GL873727.1	GL873727.1	NW_003852603.1
otoGar3:GL873728	GL873728		GL873728.1	GL873728.1	NW_003852604.1
otoGar3:GL873729	GL873729		GL873729.1	GL873729.1	NW_003852605.1
otoGar3:GL873730	GL873730		GL873730.1	GL873730.1	NW_003852606.1
otoGar3:GL873731	GL873731		GL873731.1	GL873731.1	NW_003852607.1
otoGar3:GL873732	GL873732		GL873732.1	GL873732.1	NW_003852608.1
otoGar3:GL873733	GL873733		GL873733.1	GL873733.1	NW_003852609.1
otoGar3:GL873734	GL873734		GL873734.1	GL873734.1	NW_003852610.1
otoGar3:GL873735	GL873735		GL873735.1	GL873735.1	NW_003852611.1
otoGar3:GL873736	GL873736		GL873736.1	GL873736.1	NW_003852612.1
otoGar3:GL873737	GL873737		GL873737.1	GL873737.1	NW_003852613.1
otoGar3:GL873738	GL873738		GL873738.1	GL873738.1	NW_003852614.1
otoGar3:GL873739	GL873739		GL873739.1	GL873739.1	NW_003852615.1
otoGar3:GL873740	GL873740		GL873740.1	GL873740.1	NW_003852616.1
otoGar3:GL873741	GL873741		GL873741.1	GL873741.1	NW_003852617.1
otoGar3:GL873742	GL873742		GL873742.1	GL873742.1	NW_003852618.1
otoGar3:GL873743	GL873743		GL873743.1	GL873743.1	NW_003852619.1
otoGar3:GL873744	GL873744		GL873744.1	GL873744.1	NW_003852620.1
otoGar3:GL873745	GL873745		GL873745.1	GL873745.1	NW_003852621.1
otoGar3:GL873746	GL873746		GL873746.1	GL873746.1	NW_003852622.1
otoGar3:GL873747	GL873747		GL873747.1	GL873747.1	NW_003852623.1
otoGar3:GL873748	GL873748		GL873748.1	GL873748.1	NW_003852624.1
otoGar3:GL873749	GL873749		GL873749.1	GL873749.1	NW_003852625.1
otoGar3:GL873750	GL873750		GL873750.1	GL873750.1	NW_003852626.1
otoGar3:GL873751	GL873751		GL873751.1	GL873751.1	NW_003852627.1
otoGar3:GL873752	GL873752		GL873752.1	GL873752.1	NW_003852628.1
otoGar3:GL873753	GL873753		GL873753.1	GL873753.1	NW_003852629.1
otoGar3:GL873754	GL873754		GL873754.1	GL873754.1	NW_003852630.1
otoGar3:GL873755	GL873755		GL873755.1	GL873755.1	NW_003852631.1
otoGar3:GL873756	GL873756		GL873756.1	GL873756.1	NW_003852632.1
otoGar3:GL873757	GL873757		GL873757.1	GL873757.1	NW_003852633.1
otoGar3:GL873758	GL873758		GL873758.1	GL873758.1	NW_003852634.1
otoGar3:GL873759	GL873759		GL873759.1	GL873759.1	NW_003852635.1
otoGar3:GL873760	GL873760		GL873760.1	GL873760.1	NW_003852636.1
otoGar3:GL873761	GL873761		GL873761.1	GL873761.1	NW_003852637.1
otoGar3:GL873762	GL873762		GL873762.1	GL873762.1	NW_003852638.1
otoGar3:GL873763	GL873763		GL873763.1	GL873763.1	NW_003852639.1
otoGar3:GL873764	GL873764		GL873764.1	GL873764.1	NW_003852640.1
otoGar3:GL873765	GL873765		GL873765.1	GL873765.1	NW_003852641.1
otoGar3:GL873766	GL873766		GL873766.1	GL873766.1	NW_003852642.1
otoGar3:GL873767	GL873767		GL873767.1	GL873767.1	NW_003852643.1
otoGar3:GL873768	GL873768		GL873768.1	GL873768.1	NW_003852644.1
otoGar3:GL873769	GL873769		GL873769.1	GL873769.1	NW_003852645.1
otoGar3:GL873770	GL873770		GL873770.1	GL873770.1	NW_003852646.1
otoGar3:GL873771	GL873771		GL873771.1	GL873771.1	NW_003852647.1
otoGar3:GL873772	GL873772		GL873772.1	GL873772.1	NW_003852648.1
otoGar3:GL873773	GL873773		GL873773.1	GL873773.1	NW_003852649.1
otoGar3:GL873774	GL873774		GL873774.1	GL873774.1	NW_003852650.1
otoGar3:GL873775	GL873775		GL873775.1	GL873775.1	NW_003852651.1
otoGar3:GL873776	GL873776		GL873776.1	GL873776.1	NW_003852652.1
otoGar3:GL873777	GL873777		GL873777.1	GL873777.1	NW_003852653.1
otoGar3:GL873778	GL873778		GL873778.1	GL873778.1	NW_003852654.1
otoGar3:GL873779	GL873779		GL873779.1	GL873779.1	NW_003852655.1
otoGar3:GL873780	GL873780		GL873780.1	GL873780.1	NW_003852656.1
otoGar3:GL873781	GL873781		GL873781.1	GL873781.1	NW_003852657.1
otoGar3:GL873782	GL873782		GL873782.1	GL873782.1	NW_003852658.1
otoGar3:GL873783	GL873783		GL873783.1	GL873783.1	NW_003852659.1
otoGar3:GL873784	GL873784		GL873784.1	GL873784.1	NW_003852660.1
otoGar3:GL873785	GL873785		GL873785.1	GL873785.1	NW_003852661.1
otoGar3:GL873786	GL873786		GL873786.1	GL873786.1	NW_003852662.1
otoGar3:GL873787	GL873787		GL873787.1	GL873787.1	NW_003852663.1
otoGar3:GL873788	GL873788		GL873788.1	GL873788.1	NW_003852664.1
otoGar3:GL873789	GL873789		GL873789.1	GL873789.1	NW_003852665.1
otoGar3:GL873790	GL873790		GL873790.1	GL873790.1	NW_003852666.1
otoGar3:GL873791	GL873791		GL873791.1	GL873791.1	NW_003852667.1
otoGar3:GL873792	GL873792		GL873792.1	GL873792.1	NW_003852668.1
otoGar3:GL873793	GL873793		GL873793.1	GL873793.1	NW_003852669.1
otoGar3:GL873794	GL873794		GL873794.1	GL873794.1	NW_003852670.1
otoGar3:GL873795	GL873795		GL873795.1	GL873795.1	NW_003852671.1
otoGar3:GL873796	GL873796		GL873796.1	GL873796.1	NW_003852672.1
otoGar3:GL873797	GL873797		GL873797.1	GL873797.1	NW_003852673.1
otoGar3:GL873798	GL873798		GL873798.1	GL873798.1	NW_003852674.1
otoGar3:GL873799	GL873799		GL873799.1	GL873799.1	NW_003852675.1
otoGar3:GL873800	GL873800		GL873800.1	GL873800.1	NW_003852676.1
otoGar3:GL873801	GL873801		GL873801.1	GL873801.1	NW_003852677.1
otoGar3:GL873802	GL873802		GL873802.1	GL873802.1	NW_003852678.1
otoGar3:GL873803	GL873803		GL873803.1	GL873803.1	NW_003852679.1
otoGar3:GL873804	GL873804		GL873804.1	GL873804.1	NW_003852680.1
otoGar3:GL873805	GL873805		GL873805.1	GL873805.1	NW_003852681.1
otoGar3:GL873806	GL873806		GL873806.1	GL873806.1	NW_003852682.1
otoGar3:GL873807	GL873807		GL873807.1	GL873807.1	NW_003852683.1
otoGar3:GL873808	GL873808		GL873808.1	GL873808.1	NW_003852684.1
otoGar3:GL873809	GL873809		GL873809.1	GL873809.1	NW_003852685.1
otoGar3:GL873810	GL873810		GL873810.1	GL873810.1	NW_003852686.1
otoGar3:GL873811	GL873811		GL873811.1	GL873811.1	NW_003852687.1
otoGar3:GL873812	GL873812		GL873812.1	GL873812.1	NW_003852688.1
otoGar3:GL873813	GL873813		GL873813.1	GL873813.1	NW_003852689.1
otoGar3:GL873814	GL873814		GL873814.1	GL873814.1	NW_003852690.1
otoGar3:GL873815	GL873815		GL873815.1	GL873815.1	NW_003852691.1
otoGar3:GL873816	GL873816		GL873816.1	GL873816.1	NW_003852692.1
otoGar3:GL873817	GL873817		GL873817.1	GL873817.1	NW_003852693.1
otoGar3:GL873818	GL873818		GL873818.1	GL873818.1	NW_003852694.1
otoGar3:GL873819	GL873819		GL873819.1	GL873819.1	NW_003852695.1
otoGar3:GL873820	GL873820		GL873820.1	GL873820.1	NW_003852696.1
otoGar3:GL873821	GL873821		GL873821.1	GL873821.1	NW_003852697.1
otoGar3:GL873822	GL873822		GL873822.1	GL873822.1	NW_003852698.1
otoGar3:GL873823	GL873823		GL873823.1	GL873823.1	NW_003852699.1
otoGar3:GL873824	GL873824		GL873824.1	GL873824.1	NW_003852700.1
otoGar3:GL873825	GL873825		GL873825.1	GL873825.1	NW_003852701.1
otoGar3:GL873826	GL873826		GL873826.1	GL873826.1	NW_003852702.1
otoGar3:GL873827	GL873827		GL873827.1	GL873827.1	NW_003852703.1
otoGar3:GL873828	GL873828		GL873828.1	GL873828.1	NW_003852704.1
otoGar3:GL873829	GL873829		GL873829.1	GL873829.1	NW_003852705.1
otoGar3:GL873830	GL873830		GL873830.1	GL873830.1	NW_003852706.1
otoGar3:GL873831	GL873831		GL873831.1	GL873831.1	NW_003852707.1
otoGar3:GL873832	GL873832		GL873832.1	GL873832.1	NW_003852708.1
otoGar3:GL873833	GL873833		GL873833.1	GL873833.1	NW_003852709.1
otoGar3:GL873834	GL873834		GL873834.1	GL873834.1	NW_003852710.1
otoGar3:GL873835	GL873835		GL873835.1	GL873835.1	NW_003852711.1
otoGar3:GL873836	GL873836		GL873836.1	GL873836.1	NW_003852712.1
otoGar3:GL873837	GL873837		GL873837.1	GL873837.1	NW_003852713.1
otoGar3:GL873838	GL873838		GL873838.1	GL873838.1	NW_003852714.1
otoGar3:GL873839	GL873839		GL873839.1	GL873839.1	NW_003852715.1
otoGar3:GL873840	GL873840		GL873840.1	GL873840.1	NW_003852716.1
otoGar3:GL873841	GL873841		GL873841.1	GL873841.1	NW_003852717.1
otoGar3:GL873842	GL873842		GL873842.1	GL873842.1	NW_003852718.1
otoGar3:GL873843	GL873843		GL873843.1	GL873843.1	NW_003852719.1
otoGar3:GL873844	GL873844		GL873844.1	GL873844.1	NW_003852720.1
otoGar3:GL873845	GL873845		GL873845.1	GL873845.1	NW_003852721.1
otoGar3:GL873846	GL873846		GL873846.1	GL873846.1	NW_003852722.1
otoGar3:GL873847	GL873847		GL873847.1	GL873847.1	NW_003852723.1
otoGar3:GL873848	GL873848		GL873848.1	GL873848.1	NW_003852724.1
otoGar3:GL873849	GL873849		GL873849.1	GL873849.1	NW_003852725.1
otoGar3:GL873850	GL873850		GL873850.1	GL873850.1	NW_003852726.1
otoGar3:GL873851	GL873851		GL873851.1	GL873851.1	NW_003852727.1
otoGar3:GL873852	GL873852		GL873852.1	GL873852.1	NW_003852728.1
otoGar3:GL873853	GL873853		GL873853.1	GL873853.1	NW_003852729.1
otoGar3:GL873854	GL873854		GL873854.1	GL873854.1	NW_003852730.1
otoGar3:GL873855	GL873855		GL873855.1	GL873855.1	NW_003852731.1
otoGar3:GL873856	GL873856		GL873856.1	GL873856.1	NW_003852732.1
otoGar3:GL873857	GL873857		GL873857.1	GL873857.1	NW_003852733.1
otoGar3:GL873858	GL873858		GL873858.1	GL873858.1	NW_003852734.1
otoGar3:GL873859	GL873859		GL873859.1	GL873859.1	NW_003852735.1
otoGar3:GL873860	GL873860		GL873860.1	GL873860.1	NW_003852736.1
otoGar3:GL873861	GL873861		GL873861.1	GL873861.1	NW_003852737.1
otoGar3:GL873862	GL873862		GL873862.1	GL873862.1	NW_003852738.1
otoGar3:GL873863	GL873863		GL873863.1	GL873863.1	NW_003852739.1
otoGar3:GL873864	GL873864		GL873864.1	GL873864.1	NW_003852740.1
otoGar3:GL873865	GL873865		GL873865.1	GL873865.1	NW_003852741.1
otoGar3:GL873866	GL873866		GL873866.1	GL873866.1	NW_003852742.1
otoGar3:GL873867	GL873867		GL873867.1	GL873867.1	NW_003852743.1
otoGar3:GL873868	GL873868		GL873868.1	GL873868.1	NW_003852744.1
otoGar3:GL873869	GL873869		GL873869.1	GL873869.1	NW_003852745.1
otoGar3:GL873870	GL873870		GL873870.1	GL873870.1	NW_003852746.1
otoGar3:GL873871	GL873871		GL873871.1	GL873871.1	NW_003852747.1
otoGar3:GL873872	GL873872		GL873872.1	GL873872.1	NW_003852748.1
otoGar3:GL873873	GL873873		GL873873.1	GL873873.1	NW_003852749.1
otoGar3:GL873874	GL873874		GL873874.1	GL873874.1	NW_003852750.1
otoGar3:GL873875	GL873875		GL873875.1	GL873875.1	NW_003852751.1
otoGar3:GL873876	GL873876		GL873876.1	GL873876.1	NW_003852752.1
otoGar3:GL873877	GL873877		GL873877.1	GL873877.1	NW_003852753.1
otoGar3:GL873878	GL873878		GL873878.1	GL873878.1	NW_003852754.1
otoGar3:GL873879	GL873879		GL873879.1	GL873879.1	NW_003852755.1
otoGar3:GL873880	GL873880		GL873880.1	GL873880.1	NW_003852756.1
otoGar3:GL873881	GL873881		GL873881.1	GL873881.1	NW_003852757.1
otoGar3:GL873882	GL873882		GL873882.1	GL873882.1	NW_003852758.1
otoGar3:GL873883	GL873883		GL873883.1	GL873883.1	NW_003852759.1
otoGar3:GL873884	GL873884		GL873884.1	GL873884.1	NW_003852760.1
otoGar3:GL873885	GL873885		GL873885.1	GL873885.1	NW_003852761.1
otoGar3:GL873886	GL873886		GL873886.1	GL873886.1	NW_003852762.1
otoGar3:GL873887	GL873887		GL873887.1	GL873887.1	NW_003852763.1
otoGar3:GL873888	GL873888		GL873888.1	GL873888.1	NW_003852764.1
otoGar3:GL873889	GL873889		GL873889.1	GL873889.1	NW_003852765.1
otoGar3:GL873890	GL873890		GL873890.1	GL873890.1	NW_003852766.1
otoGar3:GL873891	GL873891		GL873891.1	GL873891.1	NW_003852767.1
otoGar3:GL873892	GL873892		GL873892.1	GL873892.1	NW_003852768.1
otoGar3:GL873893	GL873893		GL873893.1	GL873893.1	NW_003852769.1
otoGar3:GL873894	GL873894		GL873894.1	GL873894.1	NW_003852770.1
otoGar3:GL873895	GL873895		GL873895.1	GL873895.1	NW_003852771.1
otoGar3:GL873896	GL873896		GL873896.1	GL873896.1	NW_003852772.1
otoGar3:GL873897	GL873897		GL873897.1	GL873897.1	NW_003852773.1
otoGar3:GL873898	GL873898		GL873898.1	GL873898.1	NW_003852774.1
otoGar3:GL873899	GL873899		GL873899.1	GL873899.1	NW_003852775.1
otoGar3:GL873900	GL873900		GL873900.1	GL873900.1	NW_003852776.1
otoGar3:GL873901	GL873901		GL873901.1	GL873901.1	NW_003852777.1
otoGar3:GL873902	GL873902		GL873902.1	GL873902.1	NW_003852778.1
otoGar3:GL873903	GL873903		GL873903.1	GL873903.1	NW_003852779.1
otoGar3:GL873904	GL873904		GL873904.1	GL873904.1	NW_003852780.1
otoGar3:GL873905	GL873905		GL873905.1	GL873905.1	NW_003852781.1
otoGar3:GL873906	GL873906		GL873906.1	GL873906.1	NW_003852782.1
otoGar3:GL873907	GL873907		GL873907.1	GL873907.1	NW_003852783.1
otoGar3:GL873908	GL873908		GL873908.1	GL873908.1	NW_003852784.1
otoGar3:GL873909	GL873909		GL873909.1	GL873909.1	NW_003852785.1
otoGar3:GL873910	GL873910		GL873910.1	GL873910.1	NW_003852786.1
otoGar3:GL873911	GL873911		GL873911.1	GL873911.1	NW_003852787.1
otoGar3:GL873912	GL873912		GL873912.1	GL873912.1	NW_003852788.1
otoGar3:GL873913	GL873913		GL873913.1	GL873913.1	NW_003852789.1
otoGar3:GL873914	GL873914		GL873914.1	GL873914.1	NW_003852790.1
otoGar3:GL873915	GL873915		GL873915.1	GL873915.1	NW_003852791.1
otoGar3:GL873916	GL873916		GL873916.1	GL873916.1	NW_003852792.1
otoGar3:GL873917	GL873917		GL873917.1	GL873917.1	NW_003852793.1
otoGar3:GL873918	GL873918		GL873918.1	GL873918.1	NW_003852794.1
otoGar3:GL873919	GL873919		GL873919.1	GL873919.1	NW_003852795.1
otoGar3:GL873920	GL873920		GL873920.1	GL873920.1	NW_003852796.1
otoGar3:GL873921	GL873921		GL873921.1	GL873921.1	NW_003852797.1
otoGar3:GL873922	GL873922		GL873922.1	GL873922.1	NW_003852798.1
otoGar3:GL873923	GL873923		GL873923.1	GL873923.1	NW_003852799.1
otoGar3:GL873924	GL873924		GL873924.1	GL873924.1	NW_003852800.1
otoGar3:GL873925	GL873925		GL873925.1	GL873925.1	NW_003852801.1
otoGar3:GL873926	GL873926		GL873926.1	GL873926.1	NW_003852802.1
otoGar3:GL873927	GL873927		GL873927.1	GL873927.1	NW_003852803.1
otoGar3:GL873928	GL873928		GL873928.1	GL873928.1	NW_003852804.1
otoGar3:GL873929	GL873929		GL873929.1	GL873929.1	NW_003852805.1
otoGar3:GL873930	GL873930		GL873930.1	GL873930.1	NW_003852806.1
otoGar3:GL873931	GL873931		GL873931.1	GL873931.1	NW_003852807.1
otoGar3:GL873932	GL873932		GL873932.1	GL873932.1	NW_003852808.1
otoGar3:GL873933	GL873933		GL873933.1	GL873933.1	NW_003852809.1
otoGar3:GL873934	GL873934		GL873934.1	GL873934.1	NW_003852810.1
otoGar3:GL873935	GL873935		GL873935.1	GL873935.1	NW_003852811.1
otoGar3:GL873936	GL873936		GL873936.1	GL873936.1	NW_003852812.1
otoGar3:GL873937	GL873937		GL873937.1	GL873937.1	NW_003852813.1
otoGar3:GL873938	GL873938		GL873938.1	GL873938.1	NW_003852814.1
otoGar3:GL873939	GL873939		GL873939.1	GL873939.1	NW_003852815.1
otoGar3:GL873940	GL873940		GL873940.1	GL873940.1	NW_003852816.1
otoGar3:GL873941	GL873941		GL873941.1	GL873941.1	NW_003852817.1
otoGar3:GL873942	GL873942		GL873942.1	GL873942.1	NW_003852818.1
otoGar3:GL873943	GL873943		GL873943.1	GL873943.1	NW_003852819.1
otoGar3:GL873944	GL873944		GL873944.1	GL873944.1	NW_003852820.1
otoGar3:GL873945	GL873945		GL873945.1	GL873945.1	NW_003852821.1
otoGar3:GL873946	GL873946		GL873946.1	GL873946.1	NW_003852822.1
otoGar3:GL873947	GL873947		GL873947.1	GL873947.1	NW_003852823.1
otoGar3:GL873948	GL873948		GL873948.1	GL873948.1	NW_003852824.1
otoGar3:GL873949	GL873949		GL873949.1	GL873949.1	NW_003852825.1
otoGar3:GL873950	GL873950		GL873950.1	GL873950.1	NW_003852826.1
otoGar3:GL873951	GL873951		GL873951.1	GL873951.1	NW_003852827.1
otoGar3:GL873952	GL873952		GL873952.1	GL873952.1	NW_003852828.1
otoGar3:GL873953	GL873953		GL873953.1	GL873953.1	NW_003852829.1
otoGar3:GL873954	GL873954		GL873954.1	GL873954.1	NW_003852830.1
otoGar3:GL873955	GL873955		GL873955.1	GL873955.1	NW_003852831.1
otoGar3:GL873956	GL873956		GL873956.1	GL873956.1	NW_003852832.1
otoGar3:GL873957	GL873957		GL873957.1	GL873957.1	NW_003852833.1
otoGar3:GL873958	GL873958		GL873958.1	GL873958.1	NW_003852834.1
otoGar3:GL873959	GL873959		GL873959.1	GL873959.1	NW_003852835.1
otoGar3:GL873960	GL873960		GL873960.1	GL873960.1	NW_003852836.1
otoGar3:GL873961	GL873961		GL873961.1	GL873961.1	NW_003852837.1
otoGar3:GL873962	GL873962		GL873962.1	GL873962.1	NW_003852838.1
otoGar3:GL873963	GL873963		GL873963.1	GL873963.1	NW_003852839.1
otoGar3:GL873964	GL873964		GL873964.1	GL873964.1	NW_003852840.1
otoGar3:GL873965	GL873965		GL873965.1	GL873965.1	NW_003852841.1
otoGar3:GL873966	GL873966		GL873966.1	GL873966.1	NW_003852842.1
otoGar3:GL873967	GL873967		GL873967.1	GL873967.1	NW_003852843.1
otoGar3:GL873968	GL873968		GL873968.1	GL873968.1	NW_003852844.1
otoGar3:GL873969	GL873969		GL873969.1	GL873969.1	NW_003852845.1
otoGar3:GL873970	GL873970		GL873970.1	GL873970.1	NW_003852846.1
otoGar3:GL873971	GL873971		GL873971.1	GL873971.1	NW_003852847.1
otoGar3:GL873972	GL873972		GL873972.1	GL873972.1	NW_003852848.1
otoGar3:GL873973	GL873973		GL873973.1	GL873973.1	NW_003852849.1
otoGar3:GL873974	GL873974		GL873974.1	GL873974.1	NW_003852850.1
otoGar3:GL873975	GL873975		GL873975.1	GL873975.1	NW_003852851.1
otoGar3:GL873976	GL873976		GL873976.1	GL873976.1	NW_003852852.1
otoGar3:GL873977	GL873977		GL873977.1	GL873977.1	NW_003852853.1
otoGar3:GL873978	GL873978		GL873978.1	GL873978.1	NW_003852854.1
otoGar3:GL873979	GL873979		GL873979.1	GL873979.1	NW_003852855.1
otoGar3:GL873980	GL873980		GL873980.1	GL873980.1	NW_003852856.1
otoGar3:GL873981	GL873981		GL873981.1	GL873981.1	NW_003852857.1
otoGar3:GL873982	GL873982		GL873982.1	GL873982.1	NW_003852858.1
otoGar3:GL873983	GL873983		GL873983.1	GL873983.1	NW_003852859.1
otoGar3:GL873984	GL873984		GL873984.1	GL873984.1	NW_003852860.1
otoGar3:GL873985	GL873985		GL873985.1	GL873985.1	NW_003852861.1
otoGar3:GL873986	GL873986		GL873986.1	GL873986.1	NW_003852862.1
otoGar3:GL873987	GL873987		GL873987.1	GL873987.1	NW_003852863.1
otoGar3:GL873988	GL873988		GL873988.1	GL873988.1	NW_003852864.1
otoGar3:GL873989	GL873989		GL873989.1	GL873989.1	NW_003852865.1
otoGar3:GL873990	GL873990		GL873990.1	GL873990.1	NW_003852866.1
otoGar3:GL873991	GL873991		GL873991.1	GL873991.1	NW_003852867.1
otoGar3:GL873992	GL873992		GL873992.1	GL873992.1	NW_003852868.1
otoGar3:GL873993	GL873993		GL873993.1	GL873993.1	NW_003852869.1
otoGar3:GL873994	GL873994		GL873994.1	GL873994.1	NW_003852870.1
otoGar3:GL873995	GL873995		GL873995.1	GL873995.1	NW_003852871.1
otoGar3:GL873996	GL873996		GL873996.1	GL873996.1	NW_003852872.1
otoGar3:GL873997	GL873997		GL873997.1	GL873997.1	NW_003852873.1
otoGar3:GL873998	GL873998		GL873998.1	GL873998.1	NW_003852874.1
otoGar3:GL873999	GL873999		GL873999.1	GL873999.1	NW_003852875.1
otoGar3:GL874000	GL874000		GL874000.1	GL874000.1	NW_003852876.1
otoGar3:GL874001	GL874001		GL874001.1	GL874001.1	NW_003852877.1
otoGar3:GL874002	GL874002		GL874002.1	GL874002.1	NW_003852878.1
otoGar3:GL874003	GL874003		GL874003.1	GL874003.1	NW_003852879.1
otoGar3:GL874004	GL874004		GL874004.1	GL874004.1	NW_003852880.1
otoGar3:GL874005	GL874005		GL874005.1	GL874005.1	NW_003852881.1
otoGar3:GL874006	GL874006		GL874006.1	GL874006.1	NW_003852882.1
otoGar3:GL874007	GL874007		GL874007.1	GL874007.1	NW_003852883.1
otoGar3:GL874008	GL874008		GL874008.1	GL874008.1	NW_003852884.1
otoGar3:GL874009	GL874009		GL874009.1	GL874009.1	NW_003852885.1
otoGar3:GL874010	GL874010		GL874010.1	GL874010.1	NW_003852886.1
otoGar3:GL874011	GL874011		GL874011.1	GL874011.1	NW_003852887.1
otoGar3:GL874012	GL874012		GL874012.1	GL874012.1	NW_003852888.1
otoGar3:GL874013	GL874013		GL874013.1	GL874013.1	NW_003852889.1
otoGar3:GL874014	GL874014		GL874014.1	GL874014.1	NW_003852890.1
otoGar3:GL874015	GL874015		GL874015.1	GL874015.1	NW_003852891.1
otoGar3:GL874016	GL874016		GL874016.1	GL874016.1	NW_003852892.1
otoGar3:GL874017	GL874017		GL874017.1	GL874017.1	NW_003852893.1
otoGar3:GL874018	GL874018		GL874018.1	GL874018.1	NW_003852894.1
otoGar3:GL874019	GL874019		GL874019.1	GL874019.1	NW_003852895.1
otoGar3:GL874020	GL874020		GL874020.1	GL874020.1	NW_003852896.1
otoGar3:GL874021	GL874021		GL874021.1	GL874021.1	NW_003852897.1
otoGar3:GL874022	GL874022		GL874022.1	GL874022.1	NW_003852898.1
otoGar3:GL874023	GL874023		GL874023.1	GL874023.1	NW_003852899.1
otoGar3:GL874024	GL874024		GL874024.1	GL874024.1	NW_003852900.1
otoGar3:GL874025	GL874025		GL874025.1	GL874025.1	NW_003852901.1
otoGar3:GL874026	GL874026		GL874026.1	GL874026.1	NW_003852902.1
otoGar3:GL874027	GL874027		GL874027.1	GL874027.1	NW_003852903.1
otoGar3:GL874028	GL874028		GL874028.1	GL874028.1	NW_003852904.1
otoGar3:GL874029	GL874029		GL874029.1	GL874029.1	NW_003852905.1
otoGar3:GL874030	GL874030		GL874030.1	GL874030.1	NW_003852906.1
otoGar3:GL874031	GL874031		GL874031.1	GL874031.1	NW_003852907.1
otoGar3:GL874032	GL874032		GL874032.1	GL874032.1	NW_003852908.1
otoGar3:GL874033	GL874033		GL874033.1	GL874033.1	NW_003852909.1
otoGar3:GL874034	GL874034		GL874034.1	GL874034.1	NW_003852910.1
otoGar3:GL874035	GL874035		GL874035.1	GL874035.1	NW_003852911.1
otoGar3:GL874036	GL874036		GL874036.1	GL874036.1	NW_003852912.1
otoGar3:GL874037	GL874037		GL874037.1	GL874037.1	NW_003852913.1
otoGar3:GL874038	GL874038		GL874038.1	GL874038.1	NW_003852914.1
otoGar3:GL874039	GL874039		GL874039.1	GL874039.1	NW_003852915.1
otoGar3:GL874040	GL874040		GL874040.1	GL874040.1	NW_003852916.1
otoGar3:GL874041	GL874041		GL874041.1	GL874041.1	NW_003852917.1
otoGar3:GL874042	GL874042		GL874042.1	GL874042.1	NW_003852918.1
otoGar3:GL874043	GL874043		GL874043.1	GL874043.1	NW_003852919.1
otoGar3:GL874044	GL874044		GL874044.1	GL874044.1	NW_003852920.1
otoGar3:GL874045	GL874045		GL874045.1	GL874045.1	NW_003852921.1
otoGar3:GL874046	GL874046		GL874046.1	GL874046.1	NW_003852922.1
otoGar3:GL874047	GL874047		GL874047.1	GL874047.1	NW_003852923.1
otoGar3:GL874048	GL874048		GL874048.1	GL874048.1	NW_003852924.1
otoGar3:GL874049	GL874049		GL874049.1	GL874049.1	NW_003852925.1
otoGar3:GL874050	GL874050		GL874050.1	GL874050.1	NW_003852926.1
otoGar3:GL874051	GL874051		GL874051.1	GL874051.1	NW_003852927.1
otoGar3:GL874052	GL874052		GL874052.1	GL874052.1	NW_003852928.1
otoGar3:GL874053	GL874053		GL874053.1	GL874053.1	NW_003852929.1
otoGar3:GL874054	GL874054		GL874054.1	GL874054.1	NW_003852930.1
otoGar3:GL874055	GL874055		GL874055.1	GL874055.1	NW_003852931.1
otoGar3:GL874056	GL874056		GL874056.1	GL874056.1	NW_003852932.1
otoGar3:GL874057	GL874057		GL874057.1	GL874057.1	NW_003852933.1
otoGar3:GL874058	GL874058		GL874058.1	GL874058.1	NW_003852934.1
otoGar3:GL874059	GL874059		GL874059.1	GL874059.1	NW_003852935.1
otoGar3:GL874060	GL874060		GL874060.1	GL874060.1	NW_003852936.1
otoGar3:GL874061	GL874061		GL874061.1	GL874061.1	NW_003852937.1
otoGar3:GL874062	GL874062		GL874062.1	GL874062.1	NW_003852938.1
otoGar3:GL874063	GL874063		GL874063.1	GL874063.1	NW_003852939.1
otoGar3:GL874064	GL874064		GL874064.1	GL874064.1	NW_003852940.1
otoGar3:GL874065	GL874065		GL874065.1	GL874065.1	NW_003852941.1
otoGar3:GL874066	GL874066		GL874066.1	GL874066.1	NW_003852942.1
otoGar3:GL874067	GL874067		GL874067.1	GL874067.1	NW_003852943.1
otoGar3:GL874068	GL874068		GL874068.1	GL874068.1	NW_003852944.1
otoGar3:GL874069	GL874069		GL874069.1	GL874069.1	NW_003852945.1
otoGar3:GL874070	GL874070		GL874070.1	GL874070.1	NW_003852946.1
otoGar3:GL874071	GL874071		GL874071.1	GL874071.1	NW_003852947.1
otoGar3:GL874072	GL874072		GL874072.1	GL874072.1	NW_003852948.1
otoGar3:GL874073	GL874073		GL874073.1	GL874073.1	NW_003852949.1
otoGar3:GL874074	GL874074		GL874074.1	GL874074.1	NW_003852950.1
otoGar3:GL874075	GL874075		GL874075.1	GL874075.1	NW_003852952.1
otoGar3:GL874076	GL874076		GL874076.1	GL874076.1	NW_003852953.1
otoGar3:GL874077	GL874077		GL874077.1	GL874077.1	NW_003852954.1
otoGar3:GL874078	GL874078		GL874078.1	GL874078.1	NW_003852955.1
otoGar3:GL874079	GL874079		GL874079.1	GL874079.1	NW_003852956.1
otoGar3:GL874080	GL874080		GL874080.1	GL874080.1	NW_003852957.1
otoGar3:GL874081	GL874081		GL874081.1	GL874081.1	NW_003852958.1
otoGar3:GL874082	GL874082		GL874082.1	GL874082.1	NW_003852959.1
otoGar3:GL874083	GL874083		GL874083.1	GL874083.1	NW_003852960.1
otoGar3:GL874084	GL874084		GL874084.1	GL874084.1	NW_003852961.1
otoGar3:GL874085	GL874085		GL874085.1	GL874085.1	NW_003852962.1
otoGar3:GL874086	GL874086		GL874086.1	GL874086.1	NW_003852963.1
otoGar3:GL874087	GL874087		GL874087.1	GL874087.1	NW_003852964.1
otoGar3:GL874088	GL874088		GL874088.1	GL874088.1	NW_003852965.1
otoGar3:GL874089	GL874089		GL874089.1	GL874089.1	NW_003852966.1
otoGar3:GL874090	GL874090		GL874090.1	GL874090.1	NW_003852967.1
otoGar3:GL874091	GL874091		GL874091.1	GL874091.1	NW_003852968.1
otoGar3:GL874092	GL874092		GL874092.1	GL874092.1	NW_003852969.1
otoGar3:GL874093	GL874093		GL874093.1	GL874093.1	NW_003852970.1
otoGar3:GL874094	GL874094		GL874094.1	GL874094.1	NW_003852971.1
otoGar3:GL874095	GL874095		GL874095.1	GL874095.1	NW_003852972.1
otoGar3:GL874096	GL874096		GL874096.1	GL874096.1	NW_003852973.1
otoGar3:GL874097	GL874097		GL874097.1	GL874097.1	NW_003852974.1
otoGar3:GL874098	GL874098		GL874098.1	GL874098.1	NW_003852975.1
otoGar3:GL874099	GL874099		GL874099.1	GL874099.1	NW_003852976.1
otoGar3:GL874100	GL874100		GL874100.1	GL874100.1	NW_003852977.1
otoGar3:GL874101	GL874101		GL874101.1	GL874101.1	NW_003852978.1
otoGar3:GL874102	GL874102		GL874102.1	GL874102.1	NW_003852979.1
otoGar3:GL874103	GL874103		GL874103.1	GL874103.1	NW_003852980.1
otoGar3:GL874104	GL874104		GL874104.1	GL874104.1	NW_003852981.1
otoGar3:GL874105	GL874105		GL874105.1	GL874105.1	NW_003852982.1
otoGar3:GL874106	GL874106		GL874106.1	GL874106.1	NW_003852983.1
otoGar3:GL874107	GL874107		GL874107.1	GL874107.1	NW_003852984.1
otoGar3:GL874108	GL874108		GL874108.1	GL874108.1	NW_003852985.1
otoGar3:GL874109	GL874109		GL874109.1	GL874109.1	NW_003852987.1
otoGar3:GL874110	GL874110		GL874110.1	GL874110.1	NW_003852988.1
otoGar3:GL874111	GL874111		GL874111.1	GL874111.1	NW_003852989.1
otoGar3:GL874112	GL874112		GL874112.1	GL874112.1	NW_003852990.1
otoGar3:GL874113	GL874113		GL874113.1	GL874113.1	NW_003852991.1
otoGar3:GL874114	GL874114		GL874114.1	GL874114.1	NW_003852993.1
otoGar3:GL874115	GL874115		GL874115.1	GL874115.1	NW_003852994.1
otoGar3:GL874116	GL874116		GL874116.1	GL874116.1	NW_003852995.1
otoGar3:GL874117	GL874117		GL874117.1	GL874117.1	NW_003852996.1
otoGar3:GL874118	GL874118		GL874118.1	GL874118.1	NW_003852997.1
otoGar3:GL874119	GL874119		GL874119.1	GL874119.1	NW_003852998.1
otoGar3:GL874120	GL874120		GL874120.1	GL874120.1	NW_003852999.1
otoGar3:GL874121	GL874121		GL874121.1	GL874121.1	NW_003853000.1
otoGar3:GL874122	GL874122		GL874122.1	GL874122.1	NW_003853001.1
otoGar3:GL874123	GL874123		GL874123.1	GL874123.1	NW_003853002.1
otoGar3:GL874124	GL874124		GL874124.1	GL874124.1	NW_003853003.1
otoGar3:GL874125	GL874125		GL874125.1	GL874125.1	NW_003853004.1
otoGar3:GL874126	GL874126		GL874126.1	GL874126.1	NW_003853005.1
otoGar3:GL874127	GL874127		GL874127.1	GL874127.1	NW_003853006.1
otoGar3:GL874128	GL874128		GL874128.1	GL874128.1	NW_003853007.1
otoGar3:GL874129	GL874129		GL874129.1	GL874129.1	NW_003853008.1
otoGar3:GL874130	GL874130		GL874130.1	GL874130.1	NW_003853009.1
otoGar3:GL874131	GL874131		GL874131.1	GL874131.1	NW_003853010.1
otoGar3:GL874132	GL874132		GL874132.1	GL874132.1	NW_003853012.1
otoGar3:GL874133	GL874133		GL874133.1	GL874133.1	NW_003853014.1
otoGar3:GL874134	GL874134		GL874134.1	GL874134.1	NW_003853015.1
otoGar3:GL874135	GL874135		GL874135.1	GL874135.1	NW_003853017.1
otoGar3:GL874136	GL874136		GL874136.1	GL874136.1	NW_003853018.1
otoGar3:GL874137	GL874137		GL874137.1	GL874137.1	NW_003853019.1
otoGar3:GL874138	GL874138		GL874138.1	GL874138.1	NW_003853020.1
otoGar3:GL874139	GL874139		GL874139.1	GL874139.1	NW_003853021.1
otoGar3:GL874140	GL874140		GL874140.1	GL874140.1	NW_003853022.1
otoGar3:GL874141	GL874141		GL874141.1	GL874141.1	NW_003853023.1
otoGar3:GL874142	GL874142		GL874142.1	GL874142.1	NW_003853024.1
otoGar3:GL874143	GL874143		GL874143.1	GL874143.1	NW_003853025.1
otoGar3:GL874144	GL874144		GL874144.1	GL874144.1	NW_003853026.1
otoGar3:GL874145	GL874145		GL874145.1	GL874145.1	NW_003853027.1
otoGar3:GL874146	GL874146		GL874146.1	GL874146.1	NW_003853028.1
otoGar3:GL874147	GL874147		GL874147.1	GL874147.1	NW_003853029.1
otoGar3:GL874148	GL874148		GL874148.1	GL874148.1	NW_003853030.1
otoGar3:GL874149	GL874149		GL874149.1	GL874149.1	NW_003853031.1
otoGar3:GL874150	GL874150		GL874150.1	GL874150.1	NW_003853032.1
otoGar3:GL874151	GL874151		GL874151.1	GL874151.1	NW_003853033.1
otoGar3:GL874152	GL874152		GL874152.1	GL874152.1	NW_003853035.1
otoGar3:GL874153	GL874153		GL874153.1	GL874153.1	NW_003853037.1
otoGar3:GL874154	GL874154		GL874154.1	GL874154.1	NW_003853038.1
otoGar3:GL874155	GL874155		GL874155.1	GL874155.1	NW_003853039.1
otoGar3:GL874156	GL874156		GL874156.1	GL874156.1	NW_003853040.1
otoGar3:GL874157	GL874157		GL874157.1	GL874157.1	NW_003853041.1
otoGar3:GL874158	GL874158		GL874158.1	GL874158.1	NW_003853042.1
otoGar3:GL874159	GL874159		GL874159.1	GL874159.1	NW_003853043.1
otoGar3:GL874160	GL874160		GL874160.1	GL874160.1	NW_003853044.1
otoGar3:GL874161	GL874161		GL874161.1	GL874161.1	NW_003853045.1
otoGar3:GL874162	GL874162		GL874162.1	GL874162.1	NW_003853046.1
otoGar3:GL874163	GL874163		GL874163.1	GL874163.1	NW_003853047.1
otoGar3:GL874164	GL874164		GL874164.1	GL874164.1	NW_003853048.1
otoGar3:GL874165	GL874165		GL874165.1	GL874165.1	NW_003853049.1
otoGar3:GL874166	GL874166		GL874166.1	GL874166.1	NW_003853050.1
otoGar3:GL874167	GL874167		GL874167.1	GL874167.1	NW_003853051.1
otoGar3:GL874168	GL874168		GL874168.1	GL874168.1	NW_003853053.1
otoGar3:GL874169	GL874169		GL874169.1	GL874169.1	NW_003853054.1
otoGar3:GL874170	GL874170		GL874170.1	GL874170.1	NW_003853055.1
otoGar3:GL874171	GL874171		GL874171.1	GL874171.1	NW_003853057.1
otoGar3:GL874172	GL874172		GL874172.1	GL874172.1	NW_003853058.1
otoGar3:GL874173	GL874173		GL874173.1	GL874173.1	NW_003853059.1
otoGar3:GL874174	GL874174		GL874174.1	GL874174.1	NW_003853061.1
otoGar3:GL874175	GL874175		GL874175.1	GL874175.1	NW_003853062.1
otoGar3:GL874176	GL874176		GL874176.1	GL874176.1	NW_003853063.1
otoGar3:GL874177	GL874177		GL874177.1	GL874177.1	NW_003853067.1
otoGar3:GL874178	GL874178		GL874178.1	GL874178.1	NW_003853068.1
otoGar3:GL874179	GL874179		GL874179.1	GL874179.1	NW_003853069.1
otoGar3:GL874180	GL874180		GL874180.1	GL874180.1	NW_003853070.1
otoGar3:GL874181	GL874181		GL874181.1	GL874181.1	NW_003853071.1
otoGar3:GL874182	GL874182		GL874182.1	GL874182.1	NW_003853072.1
otoGar3:GL874183	GL874183		GL874183.1	GL874183.1	NW_003853073.1
otoGar3:GL874184	GL874184		GL874184.1	GL874184.1	NW_003853074.1
otoGar3:GL874185	GL874185		GL874185.1	GL874185.1	NW_003853075.1
otoGar3:GL874186	GL874186		GL874186.1	GL874186.1	NW_003853077.1
otoGar3:GL874187	GL874187		GL874187.1	GL874187.1	NW_003853078.1
otoGar3:GL874188	GL874188		GL874188.1	GL874188.1	NW_003853080.1
otoGar3:GL874189	GL874189		GL874189.1	GL874189.1	NW_003853081.1
otoGar3:GL874190	GL874190		GL874190.1	GL874190.1	NW_003853082.1
otoGar3:GL874191	GL874191		GL874191.1	GL874191.1	NW_003853083.1
otoGar3:GL874192	GL874192		GL874192.1	GL874192.1	NW_003853084.1
otoGar3:GL874193	GL874193		GL874193.1	GL874193.1	NW_003853085.1
otoGar3:GL874194	GL874194		GL874194.1	GL874194.1	NW_003853086.1
otoGar3:GL874195	GL874195		GL874195.1	GL874195.1	NW_003853087.1
otoGar3:GL874196	GL874196		GL874196.1	GL874196.1	NW_003853088.1
otoGar3:GL874197	GL874197		GL874197.1	GL874197.1	NW_003853089.1
otoGar3:GL874198	GL874198		GL874198.1	GL874198.1	NW_003853090.1
otoGar3:GL874199	GL874199		GL874199.1	GL874199.1	NW_003853091.1
otoGar3:GL874200	GL874200		GL874200.1	GL874200.1	NW_003853092.1
otoGar3:GL874201	GL874201		GL874201.1	GL874201.1	NW_003853093.1
otoGar3:GL874202	GL874202		GL874202.1	GL874202.1	NW_003853096.1
otoGar3:GL874203	GL874203		GL874203.1	GL874203.1	NW_003853097.1
otoGar3:GL874204	GL874204		GL874204.1	GL874204.1	NW_003853100.1
otoGar3:GL874205	GL874205		GL874205.1	GL874205.1	NW_003853101.1
otoGar3:GL874206	GL874206		GL874206.1	GL874206.1	NW_003853102.1
otoGar3:GL874207	GL874207		GL874207.1	GL874207.1	NW_003853103.1
otoGar3:GL874208	GL874208		GL874208.1	GL874208.1	NW_003853104.1
otoGar3:GL874209	GL874209		GL874209.1	GL874209.1	NW_003853105.1
otoGar3:GL874210	GL874210		GL874210.1	GL874210.1	NW_003853106.1
otoGar3:GL874211	GL874211		GL874211.1	GL874211.1	NW_003853108.1
otoGar3:GL874212	GL874212		GL874212.1	GL874212.1	NW_003853109.1
otoGar3:GL874213	GL874213		GL874213.1	GL874213.1	NW_003853111.1
otoGar3:GL874214	GL874214		GL874214.1	GL874214.1	NW_003853113.1
otoGar3:GL874215	GL874215		GL874215.1	GL874215.1	NW_003853114.1
otoGar3:GL874216	GL874216		GL874216.1	GL874216.1	NW_003853115.1
otoGar3:GL874217	GL874217		GL874217.1	GL874217.1	NW_003853116.1
otoGar3:GL874218	GL874218		GL874218.1	GL874218.1	NW_003853117.1
otoGar3:GL874219	GL874219		GL874219.1	GL874219.1	NW_003853118.1
otoGar3:GL874220	GL874220		GL874220.1	GL874220.1	NW_003853119.1
otoGar3:GL874221	GL874221		GL874221.1	GL874221.1	NW_003853120.1
otoGar3:GL874222	GL874222		GL874222.1	GL874222.1	NW_003853122.1
otoGar3:GL874223	GL874223		GL874223.1	GL874223.1	NW_003853124.1
otoGar3:GL874224	GL874224		GL874224.1	GL874224.1	NW_003853125.1
otoGar3:GL874225	GL874225		GL874225.1	GL874225.1	NW_003853126.1
otoGar3:GL874226	GL874226		GL874226.1	GL874226.1	NW_003853127.1
otoGar3:GL874227	GL874227		GL874227.1	GL874227.1	NW_003853129.1
otoGar3:GL874228	GL874228		GL874228.1	GL874228.1	NW_003853130.1
otoGar3:GL874229	GL874229		GL874229.1	GL874229.1	NW_003853131.1
otoGar3:GL874230	GL874230		GL874230.1	GL874230.1	NW_003853132.1
otoGar3:GL874231	GL874231		GL874231.1	GL874231.1	NW_003853133.1
otoGar3:GL874232	GL874232		GL874232.1	GL874232.1	NW_003853134.1
otoGar3:GL874233	GL874233		GL874233.1	GL874233.1	NW_003853135.1
otoGar3:GL874234	GL874234		GL874234.1	GL874234.1	NW_003853136.1
otoGar3:GL874235	GL874235		GL874235.1	GL874235.1	NW_003853138.1
otoGar3:GL874236	GL874236		GL874236.1	GL874236.1	NW_003853139.1
otoGar3:GL874237	GL874237		GL874237.1	GL874237.1	NW_003853140.1
otoGar3:GL874238	GL874238		GL874238.1	GL874238.1	NW_003853141.1
otoGar3:GL874239	GL874239		GL874239.1	GL874239.1	NW_003853143.1
otoGar3:GL874240	GL874240		GL874240.1	GL874240.1	NW_003853144.1
otoGar3:GL874241	GL874241		GL874241.1	GL874241.1	NW_003853145.1
otoGar3:GL874242	GL874242		GL874242.1	GL874242.1	NW_003853146.1
otoGar3:GL874243	GL874243		GL874243.1	GL874243.1	NW_003853147.1
otoGar3:GL874244	GL874244		GL874244.1	GL874244.1	NW_003853148.1
otoGar3:GL874245	GL874245		GL874245.1	GL874245.1	NW_003853149.1
otoGar3:GL874246	GL874246		GL874246.1	GL874246.1	NW_003853150.1
otoGar3:GL874247	GL874247		GL874247.1	GL874247.1	NW_003853151.1
otoGar3:GL874248	GL874248		GL874248.1	GL874248.1	NW_003853152.1
otoGar3:GL874249	GL874249		GL874249.1	GL874249.1	NW_003853153.1
otoGar3:GL874250	GL874250		GL874250.1	GL874250.1	NW_003853155.1
otoGar3:GL874251	GL874251		GL874251.1	GL874251.1	NW_003853156.1
otoGar3:GL874252	GL874252		GL874252.1	GL874252.1	NW_003853157.1
otoGar3:GL874253	GL874253		GL874253.1	GL874253.1	NW_003853158.1
otoGar3:GL874254	GL874254		GL874254.1	GL874254.1	NW_003853159.1
otoGar3:GL874255	GL874255		GL874255.1	GL874255.1	NW_003853160.1
otoGar3:GL874256	GL874256		GL874256.1	GL874256.1	NW_003853162.1
otoGar3:GL874257	GL874257		GL874257.1	GL874257.1	NW_003853163.1
otoGar3:GL874258	GL874258		GL874258.1	GL874258.1	NW_003853164.1
otoGar3:GL874259	GL874259		GL874259.1	GL874259.1	NW_003853165.1
otoGar3:GL874260	GL874260		GL874260.1	GL874260.1	NW_003853166.1
otoGar3:GL874261	GL874261		GL874261.1	GL874261.1	NW_003853167.1
otoGar3:GL874262	GL874262		GL874262.1	GL874262.1	NW_003853168.1
otoGar3:GL874263	GL874263		GL874263.1	GL874263.1	NW_003853169.1
otoGar3:GL874264	GL874264		GL874264.1	GL874264.1	NW_003853170.1
otoGar3:GL874265	GL874265		GL874265.1	GL874265.1	NW_003853172.1
otoGar3:GL874266	GL874266		GL874266.1	GL874266.1	NW_003853173.1
otoGar3:GL874267	GL874267		GL874267.1	GL874267.1	NW_003853175.1
otoGar3:GL874268	GL874268		GL874268.1	GL874268.1	NW_003853176.1
otoGar3:GL874269	GL874269		GL874269.1	GL874269.1	NW_003853177.1
otoGar3:GL874270	GL874270		GL874270.1	GL874270.1	NW_003853179.1
otoGar3:GL874271	GL874271		GL874271.1	GL874271.1	NW_003853180.1
otoGar3:GL874272	GL874272		GL874272.1	GL874272.1	NW_003853182.1
otoGar3:GL874273	GL874273		GL874273.1	GL874273.1	NW_003853184.1
otoGar3:GL874274	GL874274		GL874274.1	GL874274.1	NW_003853185.1
otoGar3:GL874275	GL874275		GL874275.1	GL874275.1	NW_003853186.1
otoGar3:GL874276	GL874276		GL874276.1	GL874276.1	NW_003853187.1
otoGar3:GL874277	GL874277		GL874277.1	GL874277.1	NW_003853190.1
otoGar3:GL874278	GL874278		GL874278.1	GL874278.1	NW_003853191.1
otoGar3:GL874279	GL874279		GL874279.1	GL874279.1	NW_003853192.1
otoGar3:GL874280	GL874280		GL874280.1	GL874280.1	NW_003853193.1
otoGar3:GL874281	GL874281		GL874281.1	GL874281.1	NW_003853194.1
otoGar3:GL874282	GL874282		GL874282.1	GL874282.1	NW_003853195.1
otoGar3:GL874283	GL874283		GL874283.1	GL874283.1	NW_003853196.1
otoGar3:GL874284	GL874284		GL874284.1	GL874284.1	NW_003853197.1
otoGar3:GL874285	GL874285		GL874285.1	GL874285.1	NW_003853199.1
otoGar3:GL874286	GL874286		GL874286.1	GL874286.1	NW_003853200.1
otoGar3:GL874287	GL874287		GL874287.1	GL874287.1	NW_003853201.1
otoGar3:GL874288	GL874288		GL874288.1	GL874288.1	NW_003853202.1
otoGar3:GL874289	GL874289		GL874289.1	GL874289.1	NW_003853203.1
otoGar3:GL874290	GL874290		GL874290.1	GL874290.1	NW_003853204.1
otoGar3:GL874291	GL874291		GL874291.1	GL874291.1	NW_003853205.1
otoGar3:GL874292	GL874292		GL874292.1	GL874292.1	NW_003853206.1
otoGar3:GL874293	GL874293		GL874293.1	GL874293.1	NW_003853208.1
otoGar3:GL874294	GL874294		GL874294.1	GL874294.1	NW_003853210.1
otoGar3:GL874295	GL874295		GL874295.1	GL874295.1	NW_003853211.1
otoGar3:GL874296	GL874296		GL874296.1	GL874296.1	NW_003853212.1
otoGar3:GL874297	GL874297		GL874297.1	GL874297.1	NW_003853213.1
otoGar3:GL874298	GL874298		GL874298.1	GL874298.1	NW_003853214.1
otoGar3:GL874299	GL874299		GL874299.1	GL874299.1	NW_003853217.1
otoGar3:GL874300	GL874300		GL874300.1	GL874300.1	NW_003853219.1
otoGar3:GL874301	GL874301		GL874301.1	GL874301.1	NW_003853220.1
otoGar3:GL874302	GL874302		GL874302.1	GL874302.1	NW_003853222.1
otoGar3:GL874303	GL874303		GL874303.1	GL874303.1	NW_003853223.1
otoGar3:GL874304	GL874304		GL874304.1	GL874304.1	NW_003853224.1
otoGar3:GL874305	GL874305		GL874305.1	GL874305.1	NW_003853226.1
otoGar3:GL874306	GL874306		GL874306.1	GL874306.1	NW_003853228.1
otoGar3:GL874307	GL874307		GL874307.1	GL874307.1	NW_003853230.1
otoGar3:GL874308	GL874308		GL874308.1	GL874308.1	NW_003853231.1
otoGar3:GL874309	GL874309		GL874309.1	GL874309.1	NW_003853232.1
otoGar3:GL874310	GL874310		GL874310.1	GL874310.1	NW_003853233.1
otoGar3:GL874311	GL874311		GL874311.1	GL874311.1	NW_003853234.1
otoGar3:GL874312	GL874312		GL874312.1	GL874312.1	NW_003853235.1
otoGar3:GL874313	GL874313		GL874313.1	GL874313.1	NW_003853236.1
otoGar3:GL874314	GL874314		GL874314.1	GL874314.1	NW_003853237.1
otoGar3:GL874315	GL874315		GL874315.1	GL874315.1	NW_003853240.1
otoGar3:GL874316	GL874316		GL874316.1	GL874316.1	NW_003853241.1
otoGar3:GL874317	GL874317		GL874317.1	GL874317.1	NW_003853247.1
otoGar3:GL874318	GL874318		GL874318.1	GL874318.1	NW_003853249.1
otoGar3:GL874319	GL874319		GL874319.1	GL874319.1	NW_003853250.1
otoGar3:GL874320	GL874320		GL874320.1	GL874320.1	NW_003853251.1
otoGar3:GL874321	GL874321		GL874321.1	GL874321.1	NW_003853252.1
otoGar3:GL874322	GL874322		GL874322.1	GL874322.1	NW_003853257.1
otoGar3:GL874323	GL874323		GL874323.1	GL874323.1	NW_003853263.1
otoGar3:GL874324	GL874324		GL874324.1	GL874324.1	NW_003853266.1
otoGar3:GL874325	GL874325		GL874325.1	GL874325.1	NW_003853269.1
otoGar3:GL874326	GL874326		GL874326.1	GL874326.1	NW_003853271.1
otoGar3:GL874327	GL874327		GL874327.1	GL874327.1	NW_003853272.1
otoGar3:GL874328	GL874328		GL874328.1	GL874328.1	NW_003853273.1
otoGar3:GL874329	GL874329		GL874329.1	GL874329.1	NW_003853277.1
otoGar3:GL874330	GL874330		GL874330.1	GL874330.1	NW_003853278.1
otoGar3:GL874331	GL874331		GL874331.1	GL874331.1	NW_003853279.1
otoGar3:GL874332	GL874332		GL874332.1	GL874332.1	NW_003853280.1
otoGar3:GL874333	GL874333		GL874333.1	GL874333.1	NW_003853282.1
otoGar3:GL874334	GL874334		GL874334.1	GL874334.1	NW_003853283.1
otoGar3:GL874335	GL874335		GL874335.1	GL874335.1	NW_003853284.1
otoGar3:GL874336	GL874336		GL874336.1	GL874336.1	NW_003853286.1
otoGar3:GL874337	GL874337		GL874337.1	GL874337.1	NW_003853287.1
otoGar3:GL874338	GL874338		GL874338.1	GL874338.1	NW_003853288.1
otoGar3:GL874339	GL874339		GL874339.1	GL874339.1	NW_003853289.1
otoGar3:GL874340	GL874340		GL874340.1	GL874340.1	NW_003853290.1
otoGar3:GL874341	GL874341		GL874341.1	GL874341.1	NW_003853292.1
otoGar3:GL874342	GL874342		GL874342.1	GL874342.1	NW_003853293.1
otoGar3:GL874343	GL874343		GL874343.1	GL874343.1	NW_003853294.1
otoGar3:GL874344	GL874344		GL874344.1	GL874344.1	NW_003853298.1
otoGar3:GL874345	GL874345		GL874345.1	GL874345.1	NW_003853299.1
otoGar3:GL874346	GL874346		GL874346.1	GL874346.1	NW_003853302.1
otoGar3:GL874347	GL874347		GL874347.1	GL874347.1	NW_003853303.1
otoGar3:GL874348	GL874348		GL874348.1	GL874348.1	NW_003853305.1
otoGar3:GL874349	GL874349		GL874349.1	GL874349.1	NW_003853306.1
otoGar3:GL874350	GL874350		GL874350.1	GL874350.1	NW_003853307.1
otoGar3:GL874351	GL874351		GL874351.1	GL874351.1	NW_003853309.1
otoGar3:GL874352	GL874352		GL874352.1	GL874352.1	NW_003853313.1
otoGar3:GL874353	GL874353		GL874353.1	GL874353.1	NW_003853318.1
otoGar3:GL874354	GL874354		GL874354.1	GL874354.1	NW_003853319.1
otoGar3:GL874355	GL874355		GL874355.1	GL874355.1	NW_003853323.1
otoGar3:GL874356	GL874356		GL874356.1	GL874356.1	NW_003853326.1
otoGar3:GL874357	GL874357		GL874357.1	GL874357.1	NW_003853327.1
otoGar3:GL874358	GL874358		GL874358.1	GL874358.1	NW_003853329.1
otoGar3:GL874359	GL874359		GL874359.1	GL874359.1	NW_003853330.1
otoGar3:GL874360	GL874360		GL874360.1	GL874360.1	NW_003853332.1
otoGar3:GL874361	GL874361		GL874361.1	GL874361.1	NW_003853333.1
otoGar3:GL874362	GL874362		GL874362.1	GL874362.1	NW_003853334.1
otoGar3:GL874363	GL874363		GL874363.1	GL874363.1	NW_003853335.1
otoGar3:GL874364	GL874364		GL874364.1	GL874364.1	NW_003853336.1
otoGar3:GL874365	GL874365		GL874365.1	GL874365.1	NW_003853337.1
otoGar3:GL874366	GL874366		GL874366.1	GL874366.1	NW_003853339.1
otoGar3:GL874367	GL874367		GL874367.1	GL874367.1	NW_003853340.1
otoGar3:GL874368	GL874368		GL874368.1	GL874368.1	NW_003853343.1
otoGar3:GL874369	GL874369		GL874369.1	GL874369.1	NW_003853344.1
otoGar3:GL874370	GL874370		GL874370.1	GL874370.1	NW_003853345.1
otoGar3:GL874371	GL874371		GL874371.1	GL874371.1	NW_003853346.1
otoGar3:GL874372	GL874372		GL874372.1	GL874372.1	NW_003853350.1
otoGar3:GL874373	GL874373		GL874373.1	GL874373.1	NW_003853353.1
otoGar3:GL874374	GL874374		GL874374.1	GL874374.1	NW_003853354.1
otoGar3:GL874375	GL874375		GL874375.1	GL874375.1	NW_003853355.1
otoGar3:GL874376	GL874376		GL874376.1	GL874376.1	NW_003853359.1
otoGar3:GL874377	GL874377		GL874377.1	GL874377.1	NW_003853360.1
otoGar3:GL874378	GL874378		GL874378.1	GL874378.1	NW_003853361.1
otoGar3:GL874379	GL874379		GL874379.1	GL874379.1	NW_003853363.1
otoGar3:GL874380	GL874380		GL874380.1	GL874380.1	NW_003853367.1
otoGar3:GL874381	GL874381		GL874381.1	GL874381.1	NW_003853372.1
otoGar3:GL874382	GL874382		GL874382.1	GL874382.1	NW_003853373.1
otoGar3:GL874383	GL874383		GL874383.1	GL874383.1	NW_003853377.1
otoGar3:GL874384	GL874384		GL874384.1	GL874384.1	NW_003853388.1
otoGar3:GL874385	GL874385		GL874385.1	GL874385.1	NW_003853391.1
otoGar3:GL874386	GL874386		GL874386.1	GL874386.1	NW_003853399.1
otoGar3:GL874387	GL874387		GL874387.1	GL874387.1	NW_003853400.1
otoGar3:GL874388	GL874388		GL874388.1	GL874388.1	NW_003853403.1
otoGar3:GL874389	GL874389		GL874389.1	GL874389.1	NW_003853404.1
otoGar3:GL874390	GL874390		GL874390.1	GL874390.1	NW_003853410.1
otoGar3:GL874391	GL874391		GL874391.1	GL874391.1	NW_003853411.1
otoGar3:GL874392	GL874392		GL874392.1	GL874392.1	NW_003853412.1
otoGar3:GL874393	GL874393		GL874393.1	GL874393.1	NW_003853416.1
otoGar3:GL874394	GL874394		GL874394.1	GL874394.1	NW_003853417.1
otoGar3:GL874395	GL874395		GL874395.1	GL874395.1	NW_003853418.1
otoGar3:GL874396	GL874396		GL874396.1	GL874396.1	NW_003853420.1
otoGar3:GL874397	GL874397		GL874397.1	GL874397.1	NW_003853423.1
otoGar3:GL874398	GL874398		GL874398.1	GL874398.1	NW_003853427.1
otoGar3:GL874399	GL874399		GL874399.1	GL874399.1	NW_003853428.1
otoGar3:GL874400	GL874400		GL874400.1	GL874400.1	NW_003853434.1
otoGar3:GL874401	GL874401		GL874401.1	GL874401.1	NW_003853435.1
otoGar3:GL874402	GL874402		GL874402.1	GL874402.1	NW_003853436.1
otoGar3:GL874403	GL874403		GL874403.1	GL874403.1	NW_003853437.1
otoGar3:GL874404	GL874404		GL874404.1	GL874404.1	NW_003853441.1
otoGar3:GL874405	GL874405		GL874405.1	GL874405.1	NW_003853444.1
otoGar3:GL874406	GL874406		GL874406.1	GL874406.1	NW_003853445.1
otoGar3:GL874407	GL874407		GL874407.1	GL874407.1	NW_003853447.1
otoGar3:GL874408	GL874408		GL874408.1	GL874408.1	NW_003853451.1
otoGar3:GL874409	GL874409		GL874409.1	GL874409.1	NW_003853453.1
otoGar3:GL874410	GL874410		GL874410.1	GL874410.1	NW_003853454.1
otoGar3:GL874411	GL874411		GL874411.1	GL874411.1	NW_003853455.1
otoGar3:GL874412	GL874412		GL874412.1	GL874412.1	NW_003853457.1
otoGar3:GL874413	GL874413		GL874413.1	GL874413.1	NW_003853464.1
otoGar3:GL874414	GL874414		GL874414.1	GL874414.1	NW_003853466.1
otoGar3:GL874415	GL874415		GL874415.1	GL874415.1	NW_003853467.1
otoGar3:GL874416	GL874416		GL874416.1	GL874416.1	NW_003853469.1
otoGar3:GL874417	GL874417		GL874417.1	GL874417.1	NW_003853470.1
otoGar3:GL874418	GL874418		GL874418.1	GL874418.1	NW_003853472.1
otoGar3:GL874419	GL874419		GL874419.1	GL874419.1	NW_003853473.1
otoGar3:GL874420	GL874420		GL874420.1	GL874420.1	NW_003853474.1
otoGar3:GL874421	GL874421		GL874421.1	GL874421.1	NW_003853482.1
otoGar3:GL874422	GL874422		GL874422.1	GL874422.1	NW_003853484.1
otoGar3:GL874423	GL874423		GL874423.1	GL874423.1	NW_003853486.1
otoGar3:GL874424	GL874424		GL874424.1	GL874424.1	NW_003853489.1
otoGar3:GL874425	GL874425		GL874425.1	GL874425.1	NW_003853491.1
otoGar3:GL874426	GL874426		GL874426.1	GL874426.1	NW_003853492.1
otoGar3:GL874427	GL874427		GL874427.1	GL874427.1	NW_003853493.1
otoGar3:GL874428	GL874428		GL874428.1	GL874428.1	NW_003853494.1
otoGar3:GL874429	GL874429		GL874429.1	GL874429.1	NW_003853497.1
otoGar3:GL874430	GL874430		GL874430.1	GL874430.1	NW_003853498.1
otoGar3:GL874431	GL874431		GL874431.1	GL874431.1	NW_003853503.1
otoGar3:GL874432	GL874432		GL874432.1	GL874432.1	NW_003853513.1
otoGar3:GL874433	GL874433		GL874433.1	GL874433.1	NW_003853514.1
otoGar3:GL874434	GL874434		GL874434.1	GL874434.1	NW_003853517.1
otoGar3:GL874435	GL874435		GL874435.1	GL874435.1	NW_003853519.1
otoGar3:GL874436	GL874436		GL874436.1	GL874436.1	NW_003853520.1
otoGar3:GL874437	GL874437		GL874437.1	GL874437.1	NW_003853521.1
otoGar3:GL874438	GL874438		GL874438.1	GL874438.1	NW_003853522.1
otoGar3:GL874439	GL874439		GL874439.1	GL874439.1	NW_003853525.1
otoGar3:GL874440	GL874440		GL874440.1	GL874440.1	NW_003853527.1
otoGar3:GL874441	GL874441		GL874441.1	GL874441.1	NW_003853528.1
otoGar3:GL874442	GL874442		GL874442.1	GL874442.1	NW_003853531.1
otoGar3:GL874443	GL874443		GL874443.1	GL874443.1	NW_003853533.1
otoGar3:GL874444	GL874444		GL874444.1	GL874444.1	NW_003853534.1
otoGar3:GL874445	GL874445		GL874445.1	GL874445.1	NW_003853539.1
otoGar3:GL874446	GL874446		GL874446.1	GL874446.1	NW_003853541.1
otoGar3:GL874447	GL874447		GL874447.1	GL874447.1	NW_003853543.1
otoGar3:GL874448	GL874448		GL874448.1	GL874448.1	NW_003853545.1
otoGar3:GL874449	GL874449		GL874449.1	GL874449.1	NW_003853546.1
otoGar3:GL874450	GL874450		GL874450.1	GL874450.1	NW_003853547.1
otoGar3:GL874451	GL874451		GL874451.1	GL874451.1	NW_003853548.1
otoGar3:GL874452	GL874452		GL874452.1	GL874452.1	NW_003853551.1
otoGar3:GL874453	GL874453		GL874453.1	GL874453.1	NW_003853552.1
otoGar3:GL874454	GL874454		GL874454.1	GL874454.1	NW_003853556.1
otoGar3:GL874455	GL874455		GL874455.1	GL874455.1	NW_003853557.1
otoGar3:GL874456	GL874456		GL874456.1	GL874456.1	NW_003853559.1
otoGar3:GL874457	GL874457		GL874457.1	GL874457.1	NW_003853561.1
otoGar3:GL874458	GL874458		GL874458.1	GL874458.1	NW_003853566.1
otoGar3:GL874459	GL874459		GL874459.1	GL874459.1	NW_003853567.1
otoGar3:GL874460	GL874460		GL874460.1	GL874460.1	NW_003853568.1
otoGar3:GL874461	GL874461		GL874461.1	GL874461.1	NW_003853569.1
otoGar3:GL874462	GL874462		GL874462.1	GL874462.1	NW_003853570.1
otoGar3:GL874463	GL874463		GL874463.1	GL874463.1	NW_003853572.1
otoGar3:GL874464	GL874464		GL874464.1	GL874464.1	NW_003853575.1
otoGar3:GL874465	GL874465		GL874465.1	GL874465.1	NW_003853576.1
otoGar3:GL874466	GL874466		GL874466.1	GL874466.1	NW_003853579.1
otoGar3:GL874467	GL874467		GL874467.1	GL874467.1	NW_003853580.1
otoGar3:GL874468	GL874468		GL874468.1	GL874468.1	NW_003853584.1
otoGar3:GL874469	GL874469		GL874469.1	GL874469.1	NW_003853586.1
otoGar3:GL874470	GL874470		GL874470.1	GL874470.1	NW_003853589.1
otoGar3:GL874471	GL874471		GL874471.1	GL874471.1	NW_003853590.1
otoGar3:GL874472	GL874472		GL874472.1	GL874472.1	NW_003853593.1
otoGar3:GL874473	GL874473		GL874473.1	GL874473.1	NW_003853594.1
otoGar3:GL874474	GL874474		GL874474.1	GL874474.1	NW_003853597.1
otoGar3:GL874475	GL874475		GL874475.1	GL874475.1	NW_003853598.1
otoGar3:GL874476	GL874476		GL874476.1	GL874476.1	NW_003853599.1
otoGar3:GL874477	GL874477		GL874477.1	GL874477.1	NW_003853600.1
otoGar3:GL874478	GL874478		GL874478.1	GL874478.1	NW_003853601.1
otoGar3:GL874479	GL874479		GL874479.1	GL874479.1	NW_003853602.1
otoGar3:GL874480	GL874480		GL874480.1	GL874480.1	NW_003853605.1
otoGar3:GL874481	GL874481		GL874481.1	GL874481.1	NW_003853606.1
otoGar3:GL874482	GL874482		GL874482.1	GL874482.1	NW_003853607.1
otoGar3:GL874483	GL874483		GL874483.1	GL874483.1	NW_003853608.1
otoGar3:GL874484	GL874484		GL874484.1	GL874484.1	NW_003853610.1
otoGar3:GL874485	GL874485		GL874485.1	GL874485.1	NW_003853612.1
otoGar3:GL874486	GL874486		GL874486.1	GL874486.1	NW_003853613.1
otoGar3:GL874487	GL874487		GL874487.1	GL874487.1	NW_003853617.1
otoGar3:GL874488	GL874488		GL874488.1	GL874488.1	NW_003853618.1
otoGar3:GL874489	GL874489		GL874489.1	GL874489.1	NW_003853619.1
otoGar3:GL874490	GL874490		GL874490.1	GL874490.1	NW_003853620.1
otoGar3:GL874491	GL874491		GL874491.1	GL874491.1	NW_003853622.1
otoGar3:GL874492	GL874492		GL874492.1	GL874492.1	NW_003853626.1
otoGar3:GL874493	GL874493		GL874493.1	GL874493.1	NW_003853627.1
otoGar3:GL874494	GL874494		GL874494.1	GL874494.1	NW_003853630.1
otoGar3:GL874495	GL874495		GL874495.1	GL874495.1	NW_003853631.1
otoGar3:GL874496	GL874496		GL874496.1	GL874496.1	NW_003853634.1
otoGar3:GL874497	GL874497		GL874497.1	GL874497.1	NW_003853636.1
otoGar3:GL874498	GL874498		GL874498.1	GL874498.1	NW_003853638.1
otoGar3:GL874499	GL874499		GL874499.1	GL874499.1	NW_003853639.1
otoGar3:GL874500	GL874500		GL874500.1	GL874500.1	NW_003853641.1
otoGar3:GL874501	GL874501		GL874501.1	GL874501.1	NW_003853642.1
otoGar3:GL874502	GL874502		GL874502.1	GL874502.1	NW_003853645.1
otoGar3:GL874503	GL874503		GL874503.1	GL874503.1	NW_003853650.1
otoGar3:GL874504	GL874504		GL874504.1	GL874504.1	NW_003853651.1
otoGar3:GL874505	GL874505		GL874505.1	GL874505.1	NW_003853653.1
otoGar3:GL874506	GL874506		GL874506.1	GL874506.1	NW_003853656.1
otoGar3:GL874507	GL874507		GL874507.1	GL874507.1	NW_003853657.1
otoGar3:GL874508	GL874508		GL874508.1	GL874508.1	NW_003853658.1
otoGar3:GL874509	GL874509		GL874509.1	GL874509.1	NW_003853660.1
otoGar3:GL874510	GL874510		GL874510.1	GL874510.1	NW_003853662.1
otoGar3:GL874511	GL874511		GL874511.1	GL874511.1	NW_003853665.1
otoGar3:GL874512	GL874512		GL874512.1	GL874512.1	NW_003853667.1
otoGar3:GL874513	GL874513		GL874513.1	GL874513.1	NW_003853668.1
otoGar3:GL874514	GL874514		GL874514.1	GL874514.1	NW_003853672.1
otoGar3:GL874515	GL874515		GL874515.1	GL874515.1	NW_003853673.1
otoGar3:GL874516	GL874516		GL874516.1	GL874516.1	NW_003853676.1
otoGar3:GL874517	GL874517		GL874517.1	GL874517.1	NW_003853679.1
otoGar3:GL874518	GL874518		GL874518.1	GL874518.1	NW_003853680.1
otoGar3:GL874519	GL874519		GL874519.1	GL874519.1	NW_003853681.1
otoGar3:GL874520	GL874520		GL874520.1	GL874520.1	NW_003853682.1
otoGar3:GL874521	GL874521		GL874521.1	GL874521.1	NW_003853683.1
otoGar3:GL874522	GL874522		GL874522.1	GL874522.1	NW_003853685.1
otoGar3:GL874523	GL874523		GL874523.1	GL874523.1	NW_003853686.1
otoGar3:GL874524	GL874524		GL874524.1	GL874524.1	NW_003853687.1
otoGar3:GL874525	GL874525		GL874525.1	GL874525.1	NW_003853694.1
otoGar3:GL874526	GL874526		GL874526.1	GL874526.1	NW_003853696.1
otoGar3:GL874527	GL874527		GL874527.1	GL874527.1	NW_003853697.1
otoGar3:GL874528	GL874528		GL874528.1	GL874528.1	NW_003853698.1
otoGar3:GL874529	GL874529		GL874529.1	GL874529.1	NW_003853700.1
otoGar3:GL874530	GL874530		GL874530.1	GL874530.1	NW_003853701.1
otoGar3:GL874531	GL874531		GL874531.1	GL874531.1	NW_003853702.1
otoGar3:GL874532	GL874532		GL874532.1	GL874532.1	NW_003853704.1
otoGar3:GL874533	GL874533		GL874533.1	GL874533.1	NW_003853712.1
otoGar3:GL874534	GL874534		GL874534.1	GL874534.1	NW_003853713.1
otoGar3:GL874535	GL874535		GL874535.1	GL874535.1	NW_003853714.1
otoGar3:GL874536	GL874536		GL874536.1	GL874536.1	NW_003853720.1
otoGar3:GL874537	GL874537		GL874537.1	GL874537.1	NW_003853721.1
otoGar3:GL874538	GL874538		GL874538.1	GL874538.1	NW_003853722.1
otoGar3:GL874539	GL874539		GL874539.1	GL874539.1	NW_003853723.1
otoGar3:GL874540	GL874540		GL874540.1	GL874540.1	NW_003853725.1
otoGar3:GL874541	GL874541		GL874541.1	GL874541.1	NW_003853732.1
otoGar3:GL874542	GL874542		GL874542.1	GL874542.1	NW_003853736.1
otoGar3:GL874543	GL874543		GL874543.1	GL874543.1	NW_003853742.1
otoGar3:GL874544	GL874544		GL874544.1	GL874544.1	NW_003853743.1
otoGar3:GL874545	GL874545		GL874545.1	GL874545.1	NW_003853746.1
otoGar3:GL874546	GL874546		GL874546.1	GL874546.1	NW_003853747.1
otoGar3:GL874547	GL874547		GL874547.1	GL874547.1	NW_003853752.1
otoGar3:GL874548	GL874548		GL874548.1	GL874548.1	NW_003853753.1
otoGar3:GL874549	GL874549		GL874549.1	GL874549.1	NW_003853760.1
otoGar3:GL874550	GL874550		GL874550.1	GL874550.1	NW_003853763.1
otoGar3:GL874551	GL874551		GL874551.1	GL874551.1	NW_003853764.1
otoGar3:GL874552	GL874552		GL874552.1	GL874552.1	NW_003853765.1
otoGar3:GL874553	GL874553		GL874553.1	GL874553.1	NW_003853767.1
otoGar3:GL874554	GL874554		GL874554.1	GL874554.1	NW_003853768.1
otoGar3:GL874555	GL874555		GL874555.1	GL874555.1	NW_003853769.1
otoGar3:GL874556	GL874556		GL874556.1	GL874556.1	NW_003853771.1
otoGar3:GL874557	GL874557		GL874557.1	GL874557.1	NW_003853772.1
otoGar3:GL874558	GL874558		GL874558.1	GL874558.1	NW_003853774.1
otoGar3:GL874559	GL874559		GL874559.1	GL874559.1	NW_003853779.1
otoGar3:GL874560	GL874560		GL874560.1	GL874560.1	NW_003853784.1
otoGar3:GL874561	GL874561		GL874561.1	GL874561.1	NW_003853786.1
otoGar3:GL874562	GL874562		GL874562.1	GL874562.1	NW_003853788.1
otoGar3:GL874563	GL874563		GL874563.1	GL874563.1	NW_003853789.1
otoGar3:GL874564	GL874564		GL874564.1	GL874564.1	NW_003853790.1
otoGar3:GL874565	GL874565		GL874565.1	GL874565.1	NW_003853794.1
otoGar3:GL874566	GL874566		GL874566.1	GL874566.1	NW_003853795.1
otoGar3:GL874567	GL874567		GL874567.1	GL874567.1	NW_003853800.1
otoGar3:GL874568	GL874568		GL874568.1	GL874568.1	NW_003853806.1
otoGar3:GL874569	GL874569		GL874569.1	GL874569.1	NW_003853807.1
otoGar3:GL874570	GL874570		GL874570.1	GL874570.1	NW_003853808.1
otoGar3:GL874571	GL874571		GL874571.1	GL874571.1	NW_003853810.1
otoGar3:GL874572	GL874572		GL874572.1	GL874572.1	NW_003853811.1
otoGar3:GL874573	GL874573		GL874573.1	GL874573.1	NW_003853816.1
otoGar3:GL874574	GL874574		GL874574.1	GL874574.1	NW_003853822.1
otoGar3:GL874575	GL874575		GL874575.1	GL874575.1	NW_003853823.1
otoGar3:GL874576	GL874576		GL874576.1	GL874576.1	NW_003853828.1
otoGar3:GL874577	GL874577		GL874577.1	GL874577.1	NW_003853831.1
otoGar3:GL874578	GL874578		GL874578.1	GL874578.1	NW_003853832.1
otoGar3:GL874579	GL874579		GL874579.1	GL874579.1	NW_003853834.1
otoGar3:GL874580	GL874580		GL874580.1	GL874580.1	NW_003853837.1
otoGar3:GL874581	GL874581		GL874581.1	GL874581.1	NW_003853838.1
otoGar3:GL874582	GL874582		GL874582.1	GL874582.1	NW_003853839.1
otoGar3:GL874583	GL874583		GL874583.1	GL874583.1	NW_003853840.1
otoGar3:GL874584	GL874584		GL874584.1	GL874584.1	NW_003853843.1
otoGar3:GL874585	GL874585		GL874585.1	GL874585.1	NW_003853847.1
otoGar3:GL874586	GL874586		GL874586.1	GL874586.1	NW_003853848.1
otoGar3:GL874587	GL874587		GL874587.1	GL874587.1	NW_003853850.1
otoGar3:GL874588	GL874588		GL874588.1	GL874588.1	NW_003853852.1
otoGar3:GL874589	GL874589		GL874589.1	GL874589.1	NW_003853854.1
otoGar3:GL874590	GL874590		GL874590.1	GL874590.1	NW_003853856.1
otoGar3:GL874591	GL874591		GL874591.1	GL874591.1	NW_003853857.1
otoGar3:GL874592	GL874592		GL874592.1	GL874592.1	NW_003853861.1
otoGar3:GL874593	GL874593		GL874593.1	GL874593.1	NW_003853862.1
otoGar3:GL874594	GL874594		GL874594.1	GL874594.1	NW_003853864.1
otoGar3:GL874595	GL874595		GL874595.1	GL874595.1	NW_003853866.1
otoGar3:GL874596	GL874596		GL874596.1	GL874596.1	NW_003853868.1
otoGar3:GL874597	GL874597		GL874597.1	GL874597.1	NW_003853870.1
otoGar3:GL874598	GL874598		GL874598.1	GL874598.1	NW_003853871.1
otoGar3:GL874599	GL874599		GL874599.1	GL874599.1	NW_003853872.1
otoGar3:GL874600	GL874600		GL874600.1	GL874600.1	NW_003853874.1
otoGar3:GL874601	GL874601		GL874601.1	GL874601.1	NW_003853878.1
otoGar3:GL874602	GL874602		GL874602.1	GL874602.1	NW_003853881.1
otoGar3:GL874603	GL874603		GL874603.1	GL874603.1	NW_003853882.1
otoGar3:GL874604	GL874604		GL874604.1	GL874604.1	NW_003853885.1
otoGar3:GL874605	GL874605		GL874605.1	GL874605.1	NW_003853887.1
otoGar3:GL874606	GL874606		GL874606.1	GL874606.1	NW_003853888.1
otoGar3:GL874607	GL874607		GL874607.1	GL874607.1	NW_003853892.1
otoGar3:GL874608	GL874608		GL874608.1	GL874608.1	NW_003853895.1
otoGar3:GL874609	GL874609		GL874609.1	GL874609.1	NW_003853896.1
otoGar3:GL874610	GL874610		GL874610.1	GL874610.1	NW_003853897.1
otoGar3:GL874611	GL874611		GL874611.1	GL874611.1	NW_003853899.1
otoGar3:GL874612	GL874612		GL874612.1	GL874612.1	NW_003853902.1
otoGar3:GL874613	GL874613		GL874613.1	GL874613.1	NW_003853904.1
otoGar3:GL874614	GL874614		GL874614.1	GL874614.1	NW_003853910.1
otoGar3:GL874615	GL874615		GL874615.1	GL874615.1	NW_003853911.1
otoGar3:GL874616	GL874616		GL874616.1	GL874616.1	NW_003853912.1
otoGar3:GL874617	GL874617		GL874617.1	GL874617.1	NW_003853915.1
otoGar3:GL874618	GL874618		GL874618.1	GL874618.1	NW_003853918.1
otoGar3:GL874619	GL874619		GL874619.1	GL874619.1	NW_003853920.1
otoGar3:GL874620	GL874620		GL874620.1	GL874620.1	NW_003853921.1
otoGar3:GL874621	GL874621		GL874621.1	GL874621.1	NW_003853926.1
otoGar3:GL874622	GL874622		GL874622.1	GL874622.1	NW_003853927.1
otoGar3:GL874623	GL874623		GL874623.1	GL874623.1	NW_003853929.1
otoGar3:GL874624	GL874624		GL874624.1	GL874624.1	NW_003853931.1
otoGar3:GL874625	GL874625		GL874625.1	GL874625.1	NW_003853933.1
otoGar3:GL874626	GL874626		GL874626.1	GL874626.1	NW_003853934.1
otoGar3:GL874627	GL874627		GL874627.1	GL874627.1	NW_003853938.1
otoGar3:GL874628	GL874628		GL874628.1	GL874628.1	NW_003853939.1
otoGar3:GL874629	GL874629		GL874629.1	GL874629.1	NW_003853942.1
otoGar3:GL874630	GL874630		GL874630.1	GL874630.1	NW_003853947.1
otoGar3:GL874631	GL874631		GL874631.1	GL874631.1	NW_003853948.1
otoGar3:GL874632	GL874632		GL874632.1	GL874632.1	NW_003853949.1
otoGar3:GL874633	GL874633		GL874633.1	GL874633.1	NW_003853952.1
otoGar3:GL874634	GL874634		GL874634.1	GL874634.1	NW_003853954.1
otoGar3:GL874635	GL874635		GL874635.1	GL874635.1	NW_003853957.1
otoGar3:GL874636	GL874636		GL874636.1	GL874636.1	NW_003853958.1
otoGar3:GL874637	GL874637		GL874637.1	GL874637.1	NW_003853959.1
otoGar3:GL874638	GL874638		GL874638.1	GL874638.1	NW_003853963.1
otoGar3:GL874639	GL874639		GL874639.1	GL874639.1	NW_003853964.1
otoGar3:GL874640	GL874640		GL874640.1	GL874640.1	NW_003853968.1
otoGar3:GL874641	GL874641		GL874641.1	GL874641.1	NW_003853970.1
otoGar3:GL874642	GL874642		GL874642.1	GL874642.1	NW_003853977.1
otoGar3:GL874643	GL874643		GL874643.1	GL874643.1	NW_003853978.1
otoGar3:GL874644	GL874644		GL874644.1	GL874644.1	NW_003853983.1
otoGar3:GL874645	GL874645		GL874645.1	GL874645.1	NW_003853986.1
otoGar3:GL874646	GL874646		GL874646.1	GL874646.1	NW_003853987.1
otoGar3:GL874647	GL874647		GL874647.1	GL874647.1	NW_003853988.1
otoGar3:GL874648	GL874648		GL874648.1	GL874648.1	NW_003853989.1
otoGar3:GL874649	GL874649		GL874649.1	GL874649.1	NW_003853992.1
otoGar3:GL874650	GL874650		GL874650.1	GL874650.1	NW_003853994.1
otoGar3:GL874651	GL874651		GL874651.1	GL874651.1	NW_003853995.1
otoGar3:GL874652	GL874652		GL874652.1	GL874652.1	NW_003853997.1
otoGar3:GL874653	GL874653		GL874653.1	GL874653.1	NW_003854000.1
otoGar3:GL874654	GL874654		GL874654.1	GL874654.1	NW_003854001.1
otoGar3:GL874655	GL874655		GL874655.1	GL874655.1	NW_003854009.1
otoGar3:GL874656	GL874656		GL874656.1	GL874656.1	NW_003854014.1
otoGar3:GL874657	GL874657		GL874657.1	GL874657.1	NW_003854015.1
otoGar3:GL874658	GL874658		GL874658.1	GL874658.1	NW_003854016.1
otoGar3:GL874659	GL874659		GL874659.1	GL874659.1	NW_003854017.1
otoGar3:GL874660	GL874660		GL874660.1	GL874660.1	NW_003854020.1
otoGar3:GL874661	GL874661		GL874661.1	GL874661.1	NW_003854023.1
otoGar3:GL874662	GL874662		GL874662.1	GL874662.1	NW_003854024.1
otoGar3:GL874663	GL874663		GL874663.1	GL874663.1	NW_003854026.1
otoGar3:GL874664	GL874664		GL874664.1	GL874664.1	NW_003854028.1
otoGar3:GL874665	GL874665		GL874665.1	GL874665.1	NW_003854030.1
otoGar3:GL874666	GL874666		GL874666.1	GL874666.1	NW_003854031.1
otoGar3:GL874667	GL874667		GL874667.1	GL874667.1	NW_003854032.1
otoGar3:GL874668	GL874668		GL874668.1	GL874668.1	NW_003854034.1
otoGar3:GL874669	GL874669		GL874669.1	GL874669.1	NW_003854035.1
otoGar3:GL874670	GL874670		GL874670.1	GL874670.1	NW_003854037.1
otoGar3:GL874671	GL874671		GL874671.1	GL874671.1	NW_003854038.1
otoGar3:GL874672	GL874672		GL874672.1	GL874672.1	NW_003854039.1
otoGar3:GL874673	GL874673		GL874673.1	GL874673.1	NW_003854040.1
otoGar3:GL874674	GL874674		GL874674.1	GL874674.1	NW_003854046.1
otoGar3:GL874675	GL874675		GL874675.1	GL874675.1	NW_003854047.1
otoGar3:GL874676	GL874676		GL874676.1	GL874676.1	NW_003854048.1
otoGar3:GL874677	GL874677		GL874677.1	GL874677.1	NW_003854052.1
otoGar3:GL874678	GL874678		GL874678.1	GL874678.1	NW_003854055.1
otoGar3:GL874679	GL874679		GL874679.1	GL874679.1	NW_003854056.1
otoGar3:GL874680	GL874680		GL874680.1	GL874680.1	NW_003854058.1
otoGar3:GL874681	GL874681		GL874681.1	GL874681.1	NW_003854060.1
otoGar3:GL874682	GL874682		GL874682.1	GL874682.1	NW_003854063.1
otoGar3:GL874683	GL874683		GL874683.1	GL874683.1	NW_003854064.1
otoGar3:GL874684	GL874684		GL874684.1	GL874684.1	NW_003854065.1
otoGar3:GL874685	GL874685		GL874685.1	GL874685.1	NW_003854070.1
otoGar3:GL874686	GL874686		GL874686.1	GL874686.1	NW_003854071.1
otoGar3:GL874687	GL874687		GL874687.1	GL874687.1	NW_003854075.1
otoGar3:GL874688	GL874688		GL874688.1	GL874688.1	NW_003854077.1
otoGar3:GL874689	GL874689		GL874689.1	GL874689.1	NW_003854086.1
otoGar3:GL874690	GL874690		GL874690.1	GL874690.1	NW_003854087.1
otoGar3:GL874691	GL874691		GL874691.1	GL874691.1	NW_003854089.1
otoGar3:GL874692	GL874692		GL874692.1	GL874692.1	NW_003854090.1
otoGar3:GL874693	GL874693		GL874693.1	GL874693.1	NW_003854092.1
otoGar3:GL874694	GL874694		GL874694.1	GL874694.1	NW_003854096.1
otoGar3:GL874695	GL874695		GL874695.1	GL874695.1	NW_003854098.1
otoGar3:GL874696	GL874696		GL874696.1	GL874696.1	NW_003854101.1
otoGar3:GL874697	GL874697		GL874697.1	GL874697.1	NW_003854105.1
otoGar3:GL874698	GL874698		GL874698.1	GL874698.1	NW_003854109.1
otoGar3:GL874699	GL874699		GL874699.1	GL874699.1	NW_003854110.1
otoGar3:GL874700	GL874700		GL874700.1	GL874700.1	NW_003854113.1
otoGar3:GL874701	GL874701		GL874701.1	GL874701.1	NW_003854116.1
otoGar3:GL874702	GL874702		GL874702.1	GL874702.1	NW_003854121.1
otoGar3:GL874703	GL874703		GL874703.1	GL874703.1	NW_003854122.1
otoGar3:GL874704	GL874704		GL874704.1	GL874704.1	NW_003854123.1
otoGar3:GL874705	GL874705		GL874705.1	GL874705.1	NW_003854125.1
otoGar3:GL874706	GL874706		GL874706.1	GL874706.1	NW_003854131.1
otoGar3:GL874707	GL874707		GL874707.1	GL874707.1	NW_003854133.1
otoGar3:GL874708	GL874708		GL874708.1	GL874708.1	NW_003854134.1
otoGar3:GL874709	GL874709		GL874709.1	GL874709.1	NW_003854137.1
otoGar3:GL874710	GL874710		GL874710.1	GL874710.1	NW_003854138.1
otoGar3:GL874711	GL874711		GL874711.1	GL874711.1	NW_003854141.1
otoGar3:GL874712	GL874712		GL874712.1	GL874712.1	NW_003854146.1
otoGar3:GL874713	GL874713		GL874713.1	GL874713.1	NW_003854148.1
otoGar3:GL874714	GL874714		GL874714.1	GL874714.1	NW_003854149.1
otoGar3:GL874715	GL874715		GL874715.1	GL874715.1	NW_003854150.1
otoGar3:GL874716	GL874716		GL874716.1	GL874716.1	NW_003854153.1
otoGar3:GL874717	GL874717		GL874717.1	GL874717.1	NW_003854155.1
otoGar3:GL874718	GL874718		GL874718.1	GL874718.1	NW_003854161.1
otoGar3:GL874719	GL874719		GL874719.1	GL874719.1	NW_003854164.1
otoGar3:GL874720	GL874720		GL874720.1	GL874720.1	NW_003854166.1
otoGar3:GL874721	GL874721		GL874721.1	GL874721.1	NW_003854167.1
otoGar3:GL874722	GL874722		GL874722.1	GL874722.1	NW_003854173.1
otoGar3:GL874723	GL874723		GL874723.1	GL874723.1	NW_003854175.1
otoGar3:GL874724	GL874724		GL874724.1	GL874724.1	NW_003854177.1
otoGar3:GL874725	GL874725		GL874725.1	GL874725.1	NW_003854182.1
otoGar3:GL874726	GL874726		GL874726.1	GL874726.1	NW_003854183.1
otoGar3:GL874727	GL874727		GL874727.1	GL874727.1	NW_003854187.1
otoGar3:GL874728	GL874728		GL874728.1	GL874728.1	NW_003854189.1
otoGar3:GL874729	GL874729		GL874729.1	GL874729.1	NW_003854190.1
otoGar3:GL874730	GL874730		GL874730.1	GL874730.1	NW_003854193.1
otoGar3:GL874731	GL874731		GL874731.1	GL874731.1	NW_003854194.1
otoGar3:GL874732	GL874732		GL874732.1	GL874732.1	NW_003854198.1
otoGar3:GL874733	GL874733		GL874733.1	GL874733.1	NW_003854203.1
otoGar3:GL874734	GL874734		GL874734.1	GL874734.1	NW_003854205.1
otoGar3:GL874735	GL874735		GL874735.1	GL874735.1	NW_003854214.1
otoGar3:GL874736	GL874736		GL874736.1	GL874736.1	NW_003854216.1
otoGar3:GL874737	GL874737		GL874737.1	GL874737.1	NW_003854217.1
otoGar3:GL874738	GL874738		GL874738.1	GL874738.1	NW_003854218.1
otoGar3:GL874739	GL874739		GL874739.1	GL874739.1	NW_003854219.1
otoGar3:GL874740	GL874740		GL874740.1	GL874740.1	NW_003854222.1
otoGar3:GL874741	GL874741		GL874741.1	GL874741.1	NW_003854223.1
otoGar3:GL874742	GL874742		GL874742.1	GL874742.1	NW_003854226.1
otoGar3:GL874743	GL874743		GL874743.1	GL874743.1	NW_003854231.1
otoGar3:GL874744	GL874744		GL874744.1	GL874744.1	NW_003854241.1
otoGar3:GL874745	GL874745		GL874745.1	GL874745.1	NW_003854243.1
otoGar3:GL874746	GL874746		GL874746.1	GL874746.1	NW_003854244.1
otoGar3:GL874747	GL874747		GL874747.1	GL874747.1	NW_003854245.1
otoGar3:GL874748	GL874748		GL874748.1	GL874748.1	NW_003854246.1
otoGar3:GL874749	GL874749		GL874749.1	GL874749.1	NW_003854249.1
otoGar3:GL874750	GL874750		GL874750.1	GL874750.1	NW_003854255.1
otoGar3:GL874751	GL874751		GL874751.1	GL874751.1	NW_003854256.1
otoGar3:GL874752	GL874752		GL874752.1	GL874752.1	NW_003854258.1
otoGar3:GL874753	GL874753		GL874753.1	GL874753.1	NW_003854264.1
otoGar3:GL874754	GL874754		GL874754.1	GL874754.1	NW_003854265.1
otoGar3:GL874755	GL874755		GL874755.1	GL874755.1	NW_003854266.1
otoGar3:GL874756	GL874756		GL874756.1	GL874756.1	NW_003854267.1
otoGar3:GL874757	GL874757		GL874757.1	GL874757.1	NW_003854273.1
otoGar3:GL874758	GL874758		GL874758.1	GL874758.1	NW_003854278.1
otoGar3:GL874759	GL874759		GL874759.1	GL874759.1	NW_003854279.1
otoGar3:GL874760	GL874760		GL874760.1	GL874760.1	NW_003854285.1
otoGar3:GL874761	GL874761		GL874761.1	GL874761.1	NW_003854289.1
otoGar3:GL874762	GL874762		GL874762.1	GL874762.1	NW_003854290.1
otoGar3:GL874763	GL874763		GL874763.1	GL874763.1	NW_003854292.1
otoGar3:GL874764	GL874764		GL874764.1	GL874764.1	NW_003854294.1
otoGar3:GL874765	GL874765		GL874765.1	GL874765.1	NW_003854295.1
otoGar3:GL874766	GL874766		GL874766.1	GL874766.1	NW_003854297.1
otoGar3:GL874767	GL874767		GL874767.1	GL874767.1	NW_003854299.1
otoGar3:GL874768	GL874768		GL874768.1	GL874768.1	NW_003854303.1
otoGar3:GL874769	GL874769		GL874769.1	GL874769.1	NW_003854304.1
otoGar3:GL874770	GL874770		GL874770.1	GL874770.1	NW_003854308.1
otoGar3:GL874771	GL874771		GL874771.1	GL874771.1	NW_003854309.1
otoGar3:GL874772	GL874772		GL874772.1	GL874772.1	NW_003854310.1
otoGar3:GL874773	GL874773		GL874773.1	GL874773.1	NW_003854312.1
otoGar3:GL874774	GL874774		GL874774.1	GL874774.1	NW_003854313.1
otoGar3:GL874775	GL874775		GL874775.1	GL874775.1	NW_003854315.1
otoGar3:GL874776	GL874776		GL874776.1	GL874776.1	NW_003854317.1
otoGar3:GL874777	GL874777		GL874777.1	GL874777.1	NW_003854318.1
otoGar3:GL874778	GL874778		GL874778.1	GL874778.1	NW_003854319.1
otoGar3:GL874779	GL874779		GL874779.1	GL874779.1	NW_003854321.1
otoGar3:GL874780	GL874780		GL874780.1	GL874780.1	NW_003854322.1
otoGar3:GL874781	GL874781		GL874781.1	GL874781.1	NW_003854325.1
otoGar3:GL874782	GL874782		GL874782.1	GL874782.1	NW_003854327.1
otoGar3:GL874783	GL874783		GL874783.1	GL874783.1	NW_003854328.1
otoGar3:GL874784	GL874784		GL874784.1	GL874784.1	NW_003854329.1
otoGar3:GL874785	GL874785		GL874785.1	GL874785.1	NW_003854330.1
otoGar3:GL874786	GL874786		GL874786.1	GL874786.1	NW_003854332.1
otoGar3:GL874787	GL874787		GL874787.1	GL874787.1	NW_003854333.1
otoGar3:GL874788	GL874788		GL874788.1	GL874788.1	NW_003854334.1
otoGar3:GL874789	GL874789		GL874789.1	GL874789.1	NW_003854337.1
otoGar3:GL874790	GL874790		GL874790.1	GL874790.1	NW_003854338.1
otoGar3:GL874791	GL874791		GL874791.1	GL874791.1	NW_003854339.1
otoGar3:GL874792	GL874792		GL874792.1	GL874792.1	NW_003854340.1
otoGar3:GL874793	GL874793		GL874793.1	GL874793.1	NW_003854342.1
otoGar3:GL874794	GL874794		GL874794.1	GL874794.1	NW_003854344.1
otoGar3:GL874795	GL874795		GL874795.1	GL874795.1	NW_003854345.1
otoGar3:GL874796	GL874796		GL874796.1	GL874796.1	NW_003854349.1
otoGar3:GL874797	GL874797		GL874797.1	GL874797.1	NW_003854354.1
otoGar3:GL874798	GL874798		GL874798.1	GL874798.1	NW_003854355.1
otoGar3:GL874799	GL874799		GL874799.1	GL874799.1	NW_003854362.1
otoGar3:GL874800	GL874800		GL874800.1	GL874800.1	NW_003854364.1
otoGar3:GL874801	GL874801		GL874801.1	GL874801.1	NW_003854365.1
otoGar3:GL874802	GL874802		GL874802.1	GL874802.1	NW_003854366.1
otoGar3:GL874803	GL874803		GL874803.1	GL874803.1	NW_003854367.1
otoGar3:GL874804	GL874804		GL874804.1	GL874804.1	NW_003854368.1
otoGar3:GL874805	GL874805		GL874805.1	GL874805.1	NW_003854369.1
otoGar3:GL874806	GL874806		GL874806.1	GL874806.1	NW_003854370.1
otoGar3:GL874807	GL874807		GL874807.1	GL874807.1	NW_003854372.1
otoGar3:GL874808	GL874808		GL874808.1	GL874808.1	NW_003854376.1
otoGar3:GL874809	GL874809		GL874809.1	GL874809.1	NW_003854379.1
otoGar3:GL874810	GL874810		GL874810.1	GL874810.1	NW_003854380.1
otoGar3:GL874811	GL874811		GL874811.1	GL874811.1	NW_003854381.1
otoGar3:GL874812	GL874812		GL874812.1	GL874812.1	NW_003854382.1
otoGar3:GL874813	GL874813		GL874813.1	GL874813.1	NW_003854383.1
otoGar3:GL874814	GL874814		GL874814.1	GL874814.1	NW_003854385.1
otoGar3:GL874815	GL874815		GL874815.1	GL874815.1	NW_003854395.1
otoGar3:GL874816	GL874816		GL874816.1	GL874816.1	NW_003854396.1
otoGar3:GL874817	GL874817		GL874817.1	GL874817.1	NW_003854398.1
otoGar3:GL874818	GL874818		GL874818.1	GL874818.1	NW_003854403.1
otoGar3:GL874819	GL874819		GL874819.1	GL874819.1	NW_003854406.1
otoGar3:GL874820	GL874820		GL874820.1	GL874820.1	NW_003854407.1
otoGar3:GL874821	GL874821		GL874821.1	GL874821.1	NW_003854408.1
otoGar3:GL874822	GL874822		GL874822.1	GL874822.1	NW_003854415.1
otoGar3:GL874823	GL874823		GL874823.1	GL874823.1	NW_003854416.1
otoGar3:GL874824	GL874824		GL874824.1	GL874824.1	NW_003854417.1
otoGar3:GL874825	GL874825		GL874825.1	GL874825.1	NW_003854420.1
otoGar3:GL874826	GL874826		GL874826.1	GL874826.1	NW_003854422.1
otoGar3:GL874827	GL874827		GL874827.1	GL874827.1	NW_003854423.1
otoGar3:GL874828	GL874828		GL874828.1	GL874828.1	NW_003854424.1
otoGar3:GL874829	GL874829		GL874829.1	GL874829.1	NW_003854425.1
otoGar3:GL874830	GL874830		GL874830.1	GL874830.1	NW_003854426.1
otoGar3:GL874831	GL874831		GL874831.1	GL874831.1	NW_003854428.1
otoGar3:GL874832	GL874832		GL874832.1	GL874832.1	NW_003854429.1
otoGar3:GL874833	GL874833		GL874833.1	GL874833.1	NW_003854430.1
otoGar3:GL874834	GL874834		GL874834.1	GL874834.1	NW_003854434.1
otoGar3:GL874835	GL874835		GL874835.1	GL874835.1	NW_003854441.1
otoGar3:GL874836	GL874836		GL874836.1	GL874836.1	NW_003854443.1
otoGar3:GL874837	GL874837		GL874837.1	GL874837.1	NW_003854444.1
otoGar3:GL874838	GL874838		GL874838.1	GL874838.1	NW_003854446.1
otoGar3:GL874839	GL874839		GL874839.1	GL874839.1	NW_003854447.1
otoGar3:GL874840	GL874840		GL874840.1	GL874840.1	NW_003854448.1
otoGar3:GL874841	GL874841		GL874841.1	GL874841.1	NW_003854451.1
otoGar3:GL874842	GL874842		GL874842.1	GL874842.1	NW_003854453.1
otoGar3:GL874843	GL874843		GL874843.1	GL874843.1	NW_003854454.1
otoGar3:GL874844	GL874844		GL874844.1	GL874844.1	NW_003854459.1
otoGar3:GL874845	GL874845		GL874845.1	GL874845.1	NW_003854460.1
otoGar3:GL874846	GL874846		GL874846.1	GL874846.1	NW_003854462.1
otoGar3:GL874847	GL874847		GL874847.1	GL874847.1	NW_003854465.1
otoGar3:GL874848	GL874848		GL874848.1	GL874848.1	NW_003854470.1
otoGar3:GL874849	GL874849		GL874849.1	GL874849.1	NW_003854471.1
otoGar3:GL874850	GL874850		GL874850.1	GL874850.1	NW_003854472.1
otoGar3:GL874851	GL874851		GL874851.1	GL874851.1	NW_003854474.1
otoGar3:GL874852	GL874852		GL874852.1	GL874852.1	NW_003854476.1
otoGar3:GL874853	GL874853		GL874853.1	GL874853.1	NW_003854477.1
otoGar3:GL874854	GL874854		GL874854.1	GL874854.1	NW_003854480.1
otoGar3:GL874855	GL874855		GL874855.1	GL874855.1	NW_003854484.1
otoGar3:GL874856	GL874856		GL874856.1	GL874856.1	NW_003854488.1
otoGar3:GL874857	GL874857		GL874857.1	GL874857.1	NW_003854489.1
otoGar3:GL874858	GL874858		GL874858.1	GL874858.1	NW_003854497.1
otoGar3:GL874859	GL874859		GL874859.1	GL874859.1	NW_003854507.1
otoGar3:GL874860	GL874860		GL874860.1	GL874860.1	NW_003854512.1
otoGar3:GL874861	GL874861		GL874861.1	GL874861.1	NW_003854514.1
otoGar3:GL874862	GL874862		GL874862.1	GL874862.1	NW_003854515.1
otoGar3:GL874863	GL874863		GL874863.1	GL874863.1	NW_003854525.1
otoGar3:GL874864	GL874864		GL874864.1	GL874864.1	NW_003854527.1
otoGar3:GL874865	GL874865		GL874865.1	GL874865.1	NW_003854530.1
otoGar3:GL874866	GL874866		GL874866.1	GL874866.1	NW_003854532.1
otoGar3:GL874867	GL874867		GL874867.1	GL874867.1	NW_003854535.1
otoGar3:GL874868	GL874868		GL874868.1	GL874868.1	NW_003854536.1
otoGar3:GL874869	GL874869		GL874869.1	GL874869.1	NW_003854537.1
otoGar3:GL874870	GL874870		GL874870.1	GL874870.1	NW_003854538.1
otoGar3:GL874871	GL874871		GL874871.1	GL874871.1	NW_003854539.1
otoGar3:GL874872	GL874872		GL874872.1	GL874872.1	NW_003854542.1
otoGar3:GL874873	GL874873		GL874873.1	GL874873.1	NW_003854545.1
otoGar3:GL874874	GL874874		GL874874.1	GL874874.1	NW_003854546.1
otoGar3:GL874875	GL874875		GL874875.1	GL874875.1	NW_003854550.1
otoGar3:GL874876	GL874876		GL874876.1	GL874876.1	NW_003854551.1
otoGar3:GL874877	GL874877		GL874877.1	GL874877.1	NW_003854553.1
otoGar3:GL874878	GL874878		GL874878.1	GL874878.1	NW_003854556.1
otoGar3:GL874879	GL874879		GL874879.1	GL874879.1	NW_003854557.1
otoGar3:GL874880	GL874880		GL874880.1	GL874880.1	NW_003854559.1
otoGar3:GL874881	GL874881		GL874881.1	GL874881.1	NW_003854562.1
otoGar3:GL874882	GL874882		GL874882.1	GL874882.1	NW_003854564.1
otoGar3:GL874883	GL874883		GL874883.1	GL874883.1	NW_003854569.1
otoGar3:GL874884	GL874884		GL874884.1	GL874884.1	NW_003854570.1
otoGar3:GL874885	GL874885		GL874885.1	GL874885.1	NW_003854572.1
otoGar3:GL874886	GL874886		GL874886.1	GL874886.1	NW_003854573.1
otoGar3:GL874887	GL874887		GL874887.1	GL874887.1	NW_003854575.1
otoGar3:GL874888	GL874888		GL874888.1	GL874888.1	NW_003854577.1
otoGar3:GL874889	GL874889		GL874889.1	GL874889.1	NW_003854578.1
otoGar3:GL874890	GL874890		GL874890.1	GL874890.1	NW_003854579.1
otoGar3:GL874891	GL874891		GL874891.1	GL874891.1	NW_003854584.1
otoGar3:GL874892	GL874892		GL874892.1	GL874892.1	NW_003854586.1
otoGar3:GL874893	GL874893		GL874893.1	GL874893.1	NW_003854588.1
otoGar3:GL874894	GL874894		GL874894.1	GL874894.1	NW_003854594.1
otoGar3:GL874895	GL874895		GL874895.1	GL874895.1	NW_003854598.1
otoGar3:GL874896	GL874896		GL874896.1	GL874896.1	NW_003854600.1
otoGar3:GL874897	GL874897		GL874897.1	GL874897.1	NW_003854601.1
otoGar3:GL874898	GL874898		GL874898.1	GL874898.1	NW_003854602.1
otoGar3:GL874899	GL874899		GL874899.1	GL874899.1	NW_003854610.1
otoGar3:GL874900	GL874900		GL874900.1	GL874900.1	NW_003854613.1
otoGar3:GL874901	GL874901		GL874901.1	GL874901.1	NW_003854616.1
otoGar3:GL874902	GL874902		GL874902.1	GL874902.1	NW_003854618.1
otoGar3:GL874903	GL874903		GL874903.1	GL874903.1	NW_003854619.1
otoGar3:GL874904	GL874904		GL874904.1	GL874904.1	NW_003854621.1
otoGar3:GL874905	GL874905		GL874905.1	GL874905.1	NW_003854623.1
otoGar3:GL874906	GL874906		GL874906.1	GL874906.1	NW_003854626.1
otoGar3:GL874907	GL874907		GL874907.1	GL874907.1	NW_003854627.1
otoGar3:GL874908	GL874908		GL874908.1	GL874908.1	NW_003854628.1
otoGar3:GL874909	GL874909		GL874909.1	GL874909.1	NW_003854629.1
otoGar3:GL874910	GL874910		GL874910.1	GL874910.1	NW_003854633.1
otoGar3:GL874911	GL874911		GL874911.1	GL874911.1	NW_003854637.1
otoGar3:GL874912	GL874912		GL874912.1	GL874912.1	NW_003854640.1
otoGar3:GL874913	GL874913		GL874913.1	GL874913.1	NW_003854642.1
otoGar3:GL874914	GL874914		GL874914.1	GL874914.1	NW_003854643.1
otoGar3:GL874915	GL874915		GL874915.1	GL874915.1	NW_003854645.1
otoGar3:GL874916	GL874916		GL874916.1	GL874916.1	NW_003854648.1
otoGar3:GL874917	GL874917		GL874917.1	GL874917.1	NW_003854651.1
otoGar3:GL874918	GL874918		GL874918.1	GL874918.1	NW_003854652.1
otoGar3:GL874919	GL874919		GL874919.1	GL874919.1	NW_003854653.1
otoGar3:GL874920	GL874920		GL874920.1	GL874920.1	NW_003854655.1
otoGar3:GL874921	GL874921		GL874921.1	GL874921.1	NW_003854658.1
otoGar3:GL874922	GL874922		GL874922.1	GL874922.1	NW_003854659.1
otoGar3:GL874923	GL874923		GL874923.1	GL874923.1	NW_003854660.1
otoGar3:GL874924	GL874924		GL874924.1	GL874924.1	NW_003854662.1
otoGar3:GL874925	GL874925		GL874925.1	GL874925.1	NW_003854664.1
otoGar3:GL874926	GL874926		GL874926.1	GL874926.1	NW_003854665.1
otoGar3:GL874927	GL874927		GL874927.1	GL874927.1	NW_003854668.1
otoGar3:GL874928	GL874928		GL874928.1	GL874928.1	NW_003854669.1
otoGar3:GL874929	GL874929		GL874929.1	GL874929.1	NW_003854673.1
otoGar3:GL874930	GL874930		GL874930.1	GL874930.1	NW_003854674.1
otoGar3:GL874931	GL874931		GL874931.1	GL874931.1	NW_003854678.1
otoGar3:GL874932	GL874932		GL874932.1	GL874932.1	NW_003854679.1
otoGar3:GL874933	GL874933		GL874933.1	GL874933.1	NW_003854682.1
otoGar3:GL874934	GL874934		GL874934.1	GL874934.1	NW_003854686.1
otoGar3:GL874935	GL874935		GL874935.1	GL874935.1	NW_003854690.1
otoGar3:GL874936	GL874936		GL874936.1	GL874936.1	NW_003854693.1
otoGar3:GL874937	GL874937		GL874937.1	GL874937.1	NW_003854695.1
otoGar3:GL874938	GL874938		GL874938.1	GL874938.1	NW_003854696.1
otoGar3:GL874939	GL874939		GL874939.1	GL874939.1	NW_003854702.1
otoGar3:GL874940	GL874940		GL874940.1	GL874940.1	NW_003854703.1
otoGar3:GL874941	GL874941		GL874941.1	GL874941.1	NW_003854705.1
otoGar3:GL874942	GL874942		GL874942.1	GL874942.1	NW_003854706.1
otoGar3:GL874943	GL874943		GL874943.1	GL874943.1	NW_003854707.1
otoGar3:GL874944	GL874944		GL874944.1	GL874944.1	NW_003854709.1
otoGar3:GL874945	GL874945		GL874945.1	GL874945.1	NW_003854710.1
otoGar3:GL874946	GL874946		GL874946.1	GL874946.1	NW_003854711.1
otoGar3:GL874947	GL874947		GL874947.1	GL874947.1	NW_003854712.1
otoGar3:GL874948	GL874948		GL874948.1	GL874948.1	NW_003854716.1
otoGar3:GL874949	GL874949		GL874949.1	GL874949.1	NW_003854721.1
otoGar3:GL874950	GL874950		GL874950.1	GL874950.1	NW_003854722.1
otoGar3:GL874951	GL874951		GL874951.1	GL874951.1	NW_003854723.1
otoGar3:GL874952	GL874952		GL874952.1	GL874952.1	NW_003854724.1
otoGar3:GL874953	GL874953		GL874953.1	GL874953.1	NW_003854725.1
otoGar3:GL874954	GL874954		GL874954.1	GL874954.1	NW_003854727.1
otoGar3:GL874955	GL874955		GL874955.1	GL874955.1	NW_003854731.1
otoGar3:GL874956	GL874956		GL874956.1	GL874956.1	NW_003854734.1
otoGar3:GL874957	GL874957		GL874957.1	GL874957.1	NW_003854737.1
otoGar3:GL874958	GL874958		GL874958.1	GL874958.1	NW_003854739.1
otoGar3:GL874959	GL874959		GL874959.1	GL874959.1	NW_003854740.1
otoGar3:GL874960	GL874960		GL874960.1	GL874960.1	NW_003854745.1
otoGar3:GL874961	GL874961		GL874961.1	GL874961.1	NW_003854746.1
otoGar3:GL874962	GL874962		GL874962.1	GL874962.1	NW_003854755.1
otoGar3:GL874963	GL874963		GL874963.1	GL874963.1	NW_003854756.1
otoGar3:GL874964	GL874964		GL874964.1	GL874964.1	NW_003854757.1
otoGar3:GL874965	GL874965		GL874965.1	GL874965.1	NW_003854758.1
otoGar3:GL874966	GL874966		GL874966.1	GL874966.1	NW_003854760.1
otoGar3:GL874967	GL874967		GL874967.1	GL874967.1	NW_003854765.1
otoGar3:GL874968	GL874968		GL874968.1	GL874968.1	NW_003854774.1
otoGar3:GL874969	GL874969		GL874969.1	GL874969.1	NW_003854780.1
otoGar3:GL874970	GL874970		GL874970.1	GL874970.1	NW_003854784.1
otoGar3:GL874971	GL874971		GL874971.1	GL874971.1	NW_003854785.1
otoGar3:GL874972	GL874972		GL874972.1	GL874972.1	NW_003854787.1
otoGar3:GL874973	GL874973		GL874973.1	GL874973.1	NW_003854788.1
otoGar3:GL874974	GL874974		GL874974.1	GL874974.1	NW_003854790.1
otoGar3:GL874975	GL874975		GL874975.1	GL874975.1	NW_003854792.1
otoGar3:GL874976	GL874976		GL874976.1	GL874976.1	NW_003854793.1
otoGar3:GL874977	GL874977		GL874977.1	GL874977.1	NW_003854794.1
otoGar3:GL874978	GL874978		GL874978.1	GL874978.1	NW_003854796.1
otoGar3:GL874979	GL874979		GL874979.1	GL874979.1	NW_003854799.1
otoGar3:GL874980	GL874980		GL874980.1	GL874980.1	NW_003854803.1
otoGar3:GL874981	GL874981		GL874981.1	GL874981.1	NW_003854805.1
otoGar3:GL874982	GL874982		GL874982.1	GL874982.1	NW_003854810.1
otoGar3:GL874983	GL874983		GL874983.1	GL874983.1	NW_003854811.1
otoGar3:GL874984	GL874984		GL874984.1	GL874984.1	NW_003854812.1
otoGar3:GL874985	GL874985		GL874985.1	GL874985.1	NW_003854819.1
otoGar3:GL874986	GL874986		GL874986.1	GL874986.1	NW_003854822.1
otoGar3:GL874987	GL874987		GL874987.1	GL874987.1	NW_003854828.1
otoGar3:GL874988	GL874988		GL874988.1	GL874988.1	NW_003854834.1
otoGar3:GL874989	GL874989		GL874989.1	GL874989.1	NW_003854835.1
otoGar3:GL874990	GL874990		GL874990.1	GL874990.1	NW_003854840.1
otoGar3:GL874991	GL874991		GL874991.1	GL874991.1	NW_003854841.1
otoGar3:GL874992	GL874992		GL874992.1	GL874992.1	NW_003854848.1
otoGar3:GL874993	GL874993		GL874993.1	GL874993.1	NW_003854849.1
otoGar3:GL874994	GL874994		GL874994.1	GL874994.1	NW_003854850.1
otoGar3:GL874995	GL874995		GL874995.1	GL874995.1	NW_003854851.1
otoGar3:GL874996	GL874996		GL874996.1	GL874996.1	NW_003854852.1
otoGar3:GL874997	GL874997		GL874997.1	GL874997.1	NW_003854857.1
otoGar3:GL874998	GL874998		GL874998.1	GL874998.1	NW_003854859.1
otoGar3:GL874999	GL874999		GL874999.1	GL874999.1	NW_003854861.1
otoGar3:GL875000	GL875000		GL875000.1	GL875000.1	NW_003854864.1
otoGar3:GL875001	GL875001		GL875001.1	GL875001.1	NW_003854872.1
otoGar3:GL875002	GL875002		GL875002.1	GL875002.1	NW_003854874.1
otoGar3:GL875003	GL875003		GL875003.1	GL875003.1	NW_003854876.1
otoGar3:GL875004	GL875004		GL875004.1	GL875004.1	NW_003854878.1
otoGar3:GL875005	GL875005		GL875005.1	GL875005.1	NW_003854882.1
otoGar3:GL875006	GL875006		GL875006.1	GL875006.1	NW_003854889.1
otoGar3:GL875007	GL875007		GL875007.1	GL875007.1	NW_003854891.1
otoGar3:GL875008	GL875008		GL875008.1	GL875008.1	NW_003854898.1
otoGar3:GL875009	GL875009		GL875009.1	GL875009.1	NW_003854902.1
otoGar3:GL875010	GL875010		GL875010.1	GL875010.1	NW_003854905.1
otoGar3:GL875011	GL875011		GL875011.1	GL875011.1	NW_003854906.1
otoGar3:GL875012	GL875012		GL875012.1	GL875012.1	NW_003854918.1
otoGar3:GL875013	GL875013		GL875013.1	GL875013.1	NW_003854924.1
otoGar3:GL875014	GL875014		GL875014.1	GL875014.1	NW_003854936.1
otoGar3:GL875015	GL875015		GL875015.1	GL875015.1	NW_003854941.1
otoGar3:GL875016	GL875016		GL875016.1	GL875016.1	NW_003854947.1
otoGar3:GL875017	GL875017		GL875017.1	GL875017.1	NW_003854960.1
otoGar3:GL875018	GL875018		GL875018.1	GL875018.1	NW_003854965.1
otoGar3:GL875019	GL875019		GL875019.1	GL875019.1	NW_003854969.1
otoGar3:GL875020	GL875020		GL875020.1	GL875020.1	NW_003854973.1
otoGar3:GL875021	GL875021		GL875021.1	GL875021.1	NW_003854974.1
otoGar3:GL875022	GL875022		GL875022.1	GL875022.1	NW_003854988.1
otoGar3:GL875023	GL875023		GL875023.1	GL875023.1	NW_003854989.1
otoGar3:GL875024	GL875024		GL875024.1	GL875024.1	NW_003854992.1
otoGar3:GL875025	GL875025		GL875025.1	GL875025.1	NW_003854993.1
otoGar3:GL875026	GL875026		GL875026.1	GL875026.1	NW_003854997.1
otoGar3:GL875027	GL875027		GL875027.1	GL875027.1	NW_003855002.1
otoGar3:GL875028	GL875028		GL875028.1	GL875028.1	NW_003855003.1
otoGar3:GL875029	GL875029		GL875029.1	GL875029.1	NW_003855006.1
otoGar3:GL875030	GL875030		GL875030.1	GL875030.1	NW_003855010.1
otoGar3:GL875031	GL875031		GL875031.1	GL875031.1	NW_003855015.1
otoGar3:GL875032	GL875032		GL875032.1	GL875032.1	NW_003855017.1
otoGar3:GL875033	GL875033		GL875033.1	GL875033.1	NW_003855022.1
otoGar3:GL875034	GL875034		GL875034.1	GL875034.1	NW_003855043.1
otoGar3:GL875035	GL875035		GL875035.1	GL875035.1	NW_003855055.1
otoGar3:GL875036	GL875036		GL875036.1	GL875036.1	NW_003855067.1
otoGar3:GL875037	GL875037		GL875037.1	GL875037.1	NW_003855071.1
otoGar3:GL875038	GL875038		GL875038.1	GL875038.1	NW_003855079.1
otoGar3:GL875039	GL875039		GL875039.1	GL875039.1	NW_003855083.1
otoGar3:GL875040	GL875040		GL875040.1	GL875040.1	NW_003855090.1
otoGar3:GL875041	GL875041		GL875041.1	GL875041.1	NW_003855101.1
otoGar3:GL875042	GL875042		GL875042.1	GL875042.1	NW_003855103.1
otoGar3:GL875043	GL875043		GL875043.1	GL875043.1	NW_003855111.1
otoGar3:GL875044	GL875044		GL875044.1	GL875044.1	NW_003855113.1
otoGar3:GL875045	GL875045		GL875045.1	GL875045.1	NW_003855122.1
otoGar3:GL875046	GL875046		GL875046.1	GL875046.1	NW_003855124.1
otoGar3:GL875047	GL875047		GL875047.1	GL875047.1	NW_003855129.1
otoGar3:GL875048	GL875048		GL875048.1	GL875048.1	NW_003855137.1
otoGar3:GL875049	GL875049		GL875049.1	GL875049.1	NW_003855149.1
otoGar3:GL875050	GL875050		GL875050.1	GL875050.1	NW_003855150.1
otoGar3:GL875051	GL875051		GL875051.1	GL875051.1	NW_003855155.1
otoGar3:GL875052	GL875052		GL875052.1	GL875052.1	NW_003855161.1
otoGar3:GL875053	GL875053		GL875053.1	GL875053.1	NW_003855162.1
otoGar3:GL875054	GL875054		GL875054.1	GL875054.1	NW_003855163.1
otoGar3:GL875055	GL875055		GL875055.1	GL875055.1	NW_003855216.1
otoGar3:GL875056	GL875056		GL875056.1	GL875056.1	NW_003855229.1
otoGar3:GL875057	GL875057		GL875057.1	GL875057.1	NW_003855230.1
otoGar3:GL875058	GL875058		GL875058.1	GL875058.1	NW_003855240.1
otoGar3:GL875059	GL875059		GL875059.1	GL875059.1	NW_003855252.1
otoGar3:GL875060	GL875060		GL875060.1	GL875060.1	NW_003855262.1
otoGar3:GL875061	GL875061		GL875061.1	GL875061.1	NW_003855268.1
otoGar3:GL875062	GL875062		GL875062.1	GL875062.1	NW_003855269.1
otoGar3:GL875063	GL875063		GL875063.1	GL875063.1	NW_003855277.1
otoGar3:GL875064	GL875064		GL875064.1	GL875064.1	NW_003855282.1
otoGar3:GL875065	GL875065		GL875065.1	GL875065.1	NW_003855297.1
otoGar3:GL875066	GL875066		GL875066.1	GL875066.1	NW_003855308.1
otoGar3:GL875067	GL875067		GL875067.1	GL875067.1	NW_003855310.1
otoGar3:GL875068	GL875068		GL875068.1	GL875068.1	NW_003855337.1
otoGar3:GL875069	GL875069		GL875069.1	GL875069.1	NW_003855351.1
otoGar3:GL875070	GL875070		GL875070.1	GL875070.1	NW_003855369.1
otoGar3:GL875071	GL875071		GL875071.1	GL875071.1	NW_003855373.1
otoGar3:GL875072	GL875072		GL875072.1	GL875072.1	NW_003855433.1
otoGar3:GL875073	GL875073		GL875073.1	GL875073.1	NW_003855448.1
otoGar3:GL875074	GL875074		GL875074.1	GL875074.1	NW_003855529.1
otoGar3:GL875075	GL875075		GL875075.1	GL875075.1	NW_003855602.1
otoGar3:GL875076	GL875076		GL875076.1	GL875076.1	NW_003855603.1
otoGar3:GL875077	GL875077		GL875077.1	GL875077.1	NW_003855605.1
otoGar3:GL875078	GL875078		GL875078.1	GL875078.1	NW_003855725.1
