seq_id	ucsc	assembly	ensembl	genbank	refseq
susScr3:GL892100-1	GL892100-1		GL892100.1	GL892100.1	NW_003536876.1
susScr3:GL892101-1	GL892101-1		GL892101.1	GL892101.1	NW_003536877.1
susScr3:GL892102-1	GL892102-1		GL892102.1	GL892102.1	NW_003536878.1
susScr3:GL892103-1	GL892103-1		GL892103.1	GL892103.1	NW_003536879.1
susScr3:GL892104-1	GL892104-1		GL892104.1	GL892104.1	NW_003536880.1
susScr3:GL892105-1	GL892105-1		GL892105.1	GL892105.1	NW_003536881.1
susScr3:GL892106-1	GL892106-1		GL892106.1	GL892106.1	NW_003536882.1
susScr3:GL892107-1	GL892107-1		GL892107.1	GL892107.1	NW_003536883.1
susScr3:GL892108-1	GL892108-1		GL892108.1	GL892108.1	NW_003536884.1
susScr3:GL892110-1	GL892110-1		GL892110.1	GL892110.1	NW_003536886.1
susScr3:GL892111-1	GL892111-1		GL892111.1	GL892111.1	NW_003536887.1
susScr3:GL892112-1	GL892112-1		GL892112.1	GL892112.1	NW_003536888.1
susScr3:GL892113-1	GL892113-1		GL892113.1	GL892113.1	NW_003536889.1
susScr3:GL892114-1	GL892114-1		GL892114.1	GL892114.1	NW_003536890.1
susScr3:GL892115-1	GL892115-1		GL892115.1	GL892115.1	NW_003536891.1
susScr3:GL892116-1	GL892116-1		GL892116.1	GL892116.1	NW_003536892.1
susScr3:GL892117-1	GL892117-1		GL892117.1	GL892117.1	NW_003536893.1
susScr3:GL892118-1	GL892118-1		GL892118.1	GL892118.1	NW_003536894.1
susScr3:GL892119-1	GL892119-1		GL892119.1	GL892119.1	NW_003536895.1
susScr3:GL892120-1	GL892120-1		GL892120.1	GL892120.1	NW_003536896.1
susScr3:GL892121-1	GL892121-1		GL892121.1	GL892121.1	NW_003536897.1
susScr3:GL892122-1	GL892122-1		GL892122.1	GL892122.1	NW_003536898.1
susScr3:GL892124-1	GL892124-1		GL892124.1	GL892124.1	NW_003536900.1
susScr3:GL892125-1	GL892125-1		GL892125.1	GL892125.1	NW_003536901.1
susScr3:GL892127-1	GL892127-1		GL892127.1	GL892127.1	NW_003536903.1
susScr3:GL892128-1	GL892128-1		GL892128.1	GL892128.1	NW_003536904.1
susScr3:GL892131-1	GL892131-1		GL892131.1	GL892131.1	NW_003536907.1
susScr3:GL892132-1	GL892132-1		GL892132.1	GL892132.1	NW_003536908.1
susScr3:GL892133-1	GL892133-1		GL892133.1	GL892133.1	NW_003536909.1
susScr3:GL892134-1	GL892134-1		GL892134.1	GL892134.1	NW_003536910.1
susScr3:GL892135-1	GL892135-1		GL892135.1	GL892135.1	NW_003536911.1
susScr3:GL892137-1	GL892137-1		GL892137.1	GL892137.1	NW_003536913.1
susScr3:GL892138-1	GL892138-1		GL892138.1	GL892138.1	NW_003536914.1
susScr3:GL892139-1	GL892139-1		GL892139.1	GL892139.1	NW_003536915.1
susScr3:GL892140-1	GL892140-1		GL892140.1	GL892140.1	NW_003536916.1
susScr3:GL892141-1	GL892141-1		GL892141.1	GL892141.1	NW_003536917.1
susScr3:GL892143-1	GL892143-1		GL892143.1	GL892143.1	NW_003536919.1
susScr3:GL892145-1	GL892145-1		GL892145.1	GL892145.1	NW_003536921.1
susScr3:GL892146-1	GL892146-1		GL892146.1	GL892146.1	NW_003536922.1
susScr3:GL892148-1	GL892148-1		GL892148.1	GL892148.1	NW_003536924.1
susScr3:GL892149-1	GL892149-1		GL892149.1	GL892149.1	NW_003536925.1
susScr3:GL892150-1	GL892150-1		GL892150.1	GL892150.1	NW_003536926.1
susScr3:GL892151-1	GL892151-1		GL892151.1	GL892151.1	NW_003536927.1
susScr3:GL892152-1	GL892152-1		GL892152.1	GL892152.1	NW_003536928.1
susScr3:GL892153-1	GL892153-1		GL892153.1	GL892153.1	NW_003536929.1
susScr3:GL892154-1	GL892154-1		GL892154.1	GL892154.1	NW_003536930.1
susScr3:GL892155-1	GL892155-1		GL892155.1	GL892155.1	NW_003536931.1
susScr3:GL892156-1	GL892156-1		GL892156.1	GL892156.1	NW_003536932.1
susScr3:GL892157-1	GL892157-1		GL892157.1	GL892157.1	NW_003536933.1
susScr3:GL892158-1	GL892158-1		GL892158.1	GL892158.1	NW_003536934.1
susScr3:GL892159-1	GL892159-1		GL892159.1	GL892159.1	NW_003536935.1
susScr3:GL892160-1	GL892160-1		GL892160.1	GL892160.1	NW_003536936.1
susScr3:GL892161-1	GL892161-1		GL892161.1	GL892161.1	NW_003536937.1
susScr3:GL892162-1	GL892162-1		GL892162.1	GL892162.1	NW_003536938.1
susScr3:GL892163-1	GL892163-1		GL892163.1	GL892163.1	NW_003536939.1
susScr3:GL892164-1	GL892164-1		GL892164.1	GL892164.1	NW_003536940.1
susScr3:GL892165-1	GL892165-1		GL892165.1	GL892165.1	NW_003536941.1
susScr3:GL892166-1	GL892166-1		GL892166.1	GL892166.1	NW_003536942.1
susScr3:GL892167-1	GL892167-1		GL892167.1	GL892167.1	NW_003536943.1
susScr3:GL892168-1	GL892168-1		GL892168.1	GL892168.1	NW_003536944.1
susScr3:GL892169-1	GL892169-1		GL892169.1	GL892169.1	NW_003536945.1
susScr3:GL892170-1	GL892170-1		GL892170.1	GL892170.1	NW_003536946.1
susScr3:GL892171-1	GL892171-1		GL892171.1	GL892171.1	NW_003536947.1
susScr3:GL892172-1	GL892172-1		GL892172.1	GL892172.1	NW_003536948.1
susScr3:GL892173-1	GL892173-1		GL892173.1	GL892173.1	NW_003536949.1
susScr3:GL892174-1	GL892174-1		GL892174.1	GL892174.1	NW_003536950.1
susScr3:GL892175-1	GL892175-1		GL892175.1	GL892175.1	NW_003536951.1
susScr3:GL892177-1	GL892177-1		GL892177.1	GL892177.1	NW_003536953.1
susScr3:GL892178-1	GL892178-1		GL892178.1	GL892178.1	NW_003536954.1
susScr3:GL892179-1	GL892179-1		GL892179.1	GL892179.1	NW_003536955.1
susScr3:GL892180-1	GL892180-1		GL892180.1	GL892180.1	NW_003536956.1
susScr3:GL892181-1	GL892181-1		GL892181.1	GL892181.1	NW_003536957.1
susScr3:GL892182-1	GL892182-1		GL892182.1	GL892182.1	NW_003536958.1
susScr3:GL892183-1	GL892183-1		GL892183.1	GL892183.1	NW_003536959.1
susScr3:GL892184-1	GL892184-1		GL892184.1	GL892184.1	NW_003536960.1
susScr3:GL892185-1	GL892185-1		GL892185.1	GL892185.1	NW_003536961.1
susScr3:GL892188-1	GL892188-1		GL892188.1	GL892188.1	NW_003536964.1
susScr3:GL892189-1	GL892189-1		GL892189.1	GL892189.1	NW_003536965.1
susScr3:GL892190-1	GL892190-1		GL892190.1	GL892190.1	NW_003536966.1
susScr3:GL892191-1	GL892191-1		GL892191.1	GL892191.1	NW_003536967.1
susScr3:GL892192-1	GL892192-1		GL892192.1	GL892192.1	NW_003536968.1
susScr3:GL892193-1	GL892193-1		GL892193.1	GL892193.1	NW_003536969.1
susScr3:GL892194-1	GL892194-1		GL892194.1	GL892194.1	NW_003536970.1
susScr3:GL892195-1	GL892195-1		GL892195.1	GL892195.1	NW_003536971.1
susScr3:GL892196-1	GL892196-1		GL892196.1	GL892196.1	NW_003536972.1
susScr3:GL892197-1	GL892197-1		GL892197.1	GL892197.1	NW_003536973.1
susScr3:GL892198-1	GL892198-1		GL892198.1	GL892198.1	NW_003536974.1
susScr3:GL892199-1	GL892199-1		GL892199.1	GL892199.1	NW_003536975.1
susScr3:GL892200-1	GL892200-1		GL892200.1	GL892200.1	NW_003536976.1
susScr3:GL892201-1	GL892201-1		GL892201.1	GL892201.1	NW_003536977.1
susScr3:GL892202-1	GL892202-1		GL892202.1	GL892202.1	NW_003536978.1
susScr3:GL892203-1	GL892203-1		GL892203.1	GL892203.1	NW_003536979.1
susScr3:GL892204-1	GL892204-1		GL892204.1	GL892204.1	NW_003536980.1
susScr3:GL892205-1	GL892205-1		GL892205.1	GL892205.1	NW_003536981.1
susScr3:GL892206-1	GL892206-1		GL892206.1	GL892206.1	NW_003536982.1
susScr3:GL892207-1	GL892207-1		GL892207.1	GL892207.1	NW_003536983.1
susScr3:GL892208-1	GL892208-1		GL892208.1	GL892208.1	NW_003536984.1
susScr3:GL892209-1	GL892209-1		GL892209.1	GL892209.1	NW_003536985.1
susScr3:GL892210-1	GL892210-1		GL892210.1	GL892210.1	NW_003536986.1
susScr3:GL892211-1	GL892211-1		GL892211.1	GL892211.1	NW_003536987.1
susScr3:GL892212-1	GL892212-1		GL892212.1	GL892212.1	NW_003536988.1
susScr3:GL892213-1	GL892213-1		GL892213.1	GL892213.1	NW_003536989.1
susScr3:GL892214-1	GL892214-1		GL892214.1	GL892214.1	NW_003536990.1
susScr3:GL892215-1	GL892215-1		GL892215.1	GL892215.1	NW_003536991.1
susScr3:GL892216-1	GL892216-1		GL892216.1	GL892216.1	NW_003536992.1
susScr3:GL892217-1	GL892217-1		GL892217.1	GL892217.1	NW_003536993.1
susScr3:GL892218-1	GL892218-1		GL892218.1	GL892218.1	NW_003536994.1
susScr3:GL892219-1	GL892219-1		GL892219.1	GL892219.1	NW_003536995.1
susScr3:GL892220-1	GL892220-1		GL892220.1	GL892220.1	NW_003536996.1
susScr3:GL892221-1	GL892221-1		GL892221.1	GL892221.1	NW_003536997.1
susScr3:GL892222-1	GL892222-1		GL892222.1	GL892222.1	NW_003536998.1
susScr3:GL892223-1	GL892223-1		GL892223.1	GL892223.1	NW_003536999.1
susScr3:GL892224-1	GL892224-1		GL892224.1	GL892224.1	NW_003537000.1
susScr3:GL892225-1	GL892225-1		GL892225.1	GL892225.1	NW_003537001.1
susScr3:GL892226-1	GL892226-1		GL892226.1	GL892226.1	NW_003537002.1
susScr3:GL892227-1	GL892227-1		GL892227.1	GL892227.1	NW_003537003.1
susScr3:GL892228-1	GL892228-1		GL892228.1	GL892228.1	NW_003537004.1
susScr3:GL892229-1	GL892229-1		GL892229.1	GL892229.1	NW_003537005.1
susScr3:GL892231-1	GL892231-1		GL892231.1	GL892231.1	NW_003537007.1
susScr3:GL892232-1	GL892232-1		GL892232.1	GL892232.1	NW_003537008.1
susScr3:GL892233-1	GL892233-1		GL892233.1	GL892233.1	NW_003537009.1
susScr3:GL892234-1	GL892234-1		GL892234.1	GL892234.1	NW_003537010.1
susScr3:GL892235-1	GL892235-1		GL892235.1	GL892235.1	NW_003537011.1
susScr3:GL892237-1	GL892237-1		GL892237.1	GL892237.1	NW_003537013.1
susScr3:GL892238-1	GL892238-1		GL892238.1	GL892238.1	NW_003537014.1
susScr3:GL892239-1	GL892239-1		GL892239.1	GL892239.1	NW_003537015.1
susScr3:GL892240-1	GL892240-1		GL892240.1	GL892240.1	NW_003537016.1
susScr3:GL892241-1	GL892241-1		GL892241.1	GL892241.1	NW_003537017.1
susScr3:GL892242-1	GL892242-1		GL892242.1	GL892242.1	NW_003537018.1
susScr3:GL892243-1	GL892243-1		GL892243.1	GL892243.1	NW_003537019.1
susScr3:GL892244-1	GL892244-1		GL892244.1	GL892244.1	NW_003537020.1
susScr3:GL892245-1	GL892245-1		GL892245.1	GL892245.1	NW_003537021.1
susScr3:GL892246-1	GL892246-1		GL892246.1	GL892246.1	NW_003537022.1
susScr3:GL892247-1	GL892247-1		GL892247.1	GL892247.1	NW_003537023.1
susScr3:GL892248-2	GL892248-2		GL892248.2	GL892248.2	NW_003537024.2
susScr3:GL892249-1	GL892249-1		GL892249.1	GL892249.1	NW_003537025.1
susScr3:GL892250-2	GL892250-2		GL892250.2	GL892250.2	NW_003537026.2
susScr3:GL892251-1	GL892251-1		GL892251.1	GL892251.1	NW_003537027.1
susScr3:GL892252-1	GL892252-1		GL892252.1	GL892252.1	NW_003537028.1
susScr3:GL892253-1	GL892253-1		GL892253.1	GL892253.1	NW_003537029.1
susScr3:GL892256-1	GL892256-1		GL892256.1	GL892256.1	NW_003537032.1
susScr3:GL892257-1	GL892257-1		GL892257.1	GL892257.1	NW_003537033.1
susScr3:GL892258-1	GL892258-1		GL892258.1	GL892258.1	NW_003537034.1
susScr3:GL892259-2	GL892259-2		GL892259.2	GL892259.2	NW_003537035.2
susScr3:GL892260-2	GL892260-2		GL892260.2	GL892260.2	NW_003537036.2
susScr3:GL892261-1	GL892261-1		GL892261.1	GL892261.1	NW_003537037.1
susScr3:GL892263-2	GL892263-2		GL892263.2	GL892263.2	NW_003537039.2
susScr3:GL892264-1	GL892264-1		GL892264.1	GL892264.1	NW_003537040.1
susScr3:GL892265-1	GL892265-1		GL892265.1	GL892265.1	NW_003537041.1
susScr3:GL892266-2	GL892266-2		GL892266.2	GL892266.2	NW_003537042.2
susScr3:GL892268-1	GL892268-1		GL892268.1	GL892268.1	NW_003537044.1
susScr3:GL892269-1	GL892269-1		GL892269.1	GL892269.1	NW_003537045.1
susScr3:GL892270-2	GL892270-2		GL892270.2	GL892270.2	NW_003537046.2
susScr3:GL892271-2	GL892271-2		GL892271.2	GL892271.2	NW_003537047.2
susScr3:GL892272-1	GL892272-1		GL892272.1	GL892272.1	NW_003537048.1
susScr3:GL892273-1	GL892273-1		GL892273.1	GL892273.1	NW_003537049.1
susScr3:GL892274-1	GL892274-1		GL892274.1	GL892274.1	NW_003537050.1
susScr3:GL892275-2	GL892275-2		GL892275.2	GL892275.2	NW_003537051.2
susScr3:GL892276-1	GL892276-1		GL892276.1	GL892276.1	NW_003537052.1
susScr3:GL892277-2	GL892277-2		GL892277.2	GL892277.2	NW_003537053.2
susScr3:GL892278-1	GL892278-1		GL892278.1	GL892278.1	NW_003537054.1
susScr3:GL892279-1	GL892279-1		GL892279.1	GL892279.1	NW_003537055.1
susScr3:GL892280-1	GL892280-1		GL892280.1	GL892280.1	NW_003537056.1
susScr3:GL892282-1	GL892282-1		GL892282.1	GL892282.1	NW_003537058.1
susScr3:GL892283-1	GL892283-1		GL892283.1	GL892283.1	NW_003537059.1
susScr3:GL892284-2	GL892284-2		GL892284.2	GL892284.2	NW_003537060.2
susScr3:GL892287-1	GL892287-1		GL892287.1	GL892287.1	NW_003537063.1
susScr3:GL892288-1	GL892288-1		GL892288.1	GL892288.1	NW_003537064.1
susScr3:GL892289-2	GL892289-2		GL892289.2	GL892289.2	NW_003537065.2
susScr3:GL892290-1	GL892290-1		GL892290.1	GL892290.1	NW_003537066.1
susScr3:GL892291-2	GL892291-2		GL892291.2	GL892291.2	NW_003537067.2
susScr3:GL892292-1	GL892292-1		GL892292.1	GL892292.1	NW_003537068.1
susScr3:GL892295-2	GL892295-2		GL892295.2	GL892295.2	NW_003537071.2
susScr3:GL892297-1	GL892297-1		GL892297.1	GL892297.1	NW_003537073.1
susScr3:GL892299-2	GL892299-2		GL892299.2	GL892299.2	NW_003537075.2
susScr3:GL892300-2	GL892300-2		GL892300.2	GL892300.2	NW_003537076.2
susScr3:GL892301-1	GL892301-1		GL892301.1	GL892301.1	NW_003537077.1
susScr3:GL892302-2	GL892302-2		GL892302.2	GL892302.2	NW_003537078.2
susScr3:GL892305-2	GL892305-2		GL892305.2	GL892305.2	NW_003537081.2
susScr3:GL892307-1	GL892307-1		GL892307.1	GL892307.1	NW_003537083.1
susScr3:GL892310-1	GL892310-1		GL892310.1	GL892310.1	NW_003537086.1
susScr3:GL892311-1	GL892311-1		GL892311.1	GL892311.1	NW_003537087.1
susScr3:GL892312-1	GL892312-1		GL892312.1	GL892312.1	NW_003537088.1
susScr3:GL892314-2	GL892314-2		GL892314.2	GL892314.2	NW_003537090.2
susScr3:GL892315-2	GL892315-2		GL892315.2	GL892315.2	NW_003537091.2
susScr3:GL892316-1	GL892316-1		GL892316.1	GL892316.1	NW_003537092.1
susScr3:GL892317-1	GL892317-1		GL892317.1	GL892317.1	NW_003537093.1
susScr3:GL892318-2	GL892318-2		GL892318.2	GL892318.2	NW_003537094.2
susScr3:GL892319-2	GL892319-2		GL892319.2	GL892319.2	NW_003537095.2
susScr3:GL892320-2	GL892320-2		GL892320.2	GL892320.2	NW_003537096.2
susScr3:GL892321-2	GL892321-2		GL892321.2	GL892321.2	NW_003537097.2
susScr3:GL892323-1	GL892323-1		GL892323.1	GL892323.1	NW_003537099.1
susScr3:GL892324-1	GL892324-1		GL892324.1	GL892324.1	NW_003537100.1
susScr3:GL892325-1	GL892325-1		GL892325.1	GL892325.1	NW_003537101.1
susScr3:GL892326-1	GL892326-1		GL892326.1	GL892326.1	NW_003537102.1
susScr3:GL892327-1	GL892327-1		GL892327.1	GL892327.1	NW_003537103.1
susScr3:GL892328-1	GL892328-1		GL892328.1	GL892328.1	NW_003537104.1
susScr3:GL892329-2	GL892329-2		GL892329.2	GL892329.2	NW_003537105.2
susScr3:GL892330-2	GL892330-2		GL892330.2	GL892330.2	NW_003537106.2
susScr3:GL892331-2	GL892331-2		GL892331.2	GL892331.2	NW_003537107.2
susScr3:GL892332-2	GL892332-2		GL892332.2	GL892332.2	NW_003537108.2
susScr3:GL892333-1	GL892333-1		GL892333.1	GL892333.1	NW_003537109.1
susScr3:GL892334-1	GL892334-1		GL892334.1	GL892334.1	NW_003537110.1
susScr3:GL892335-1	GL892335-1		GL892335.1	GL892335.1	NW_003537111.1
susScr3:GL892336-1	GL892336-1		GL892336.1	GL892336.1	NW_003537112.1
susScr3:GL892337-2	GL892337-2		GL892337.2	GL892337.2	NW_003537113.2
susScr3:GL892339-1	GL892339-1		GL892339.1	GL892339.1	NW_003537115.1
susScr3:GL892341-1	GL892341-1		GL892341.1	GL892341.1	NW_003537117.1
susScr3:GL892343-2	GL892343-2		GL892343.2	GL892343.2	NW_003537119.2
susScr3:GL892344-2	GL892344-2		GL892344.2	GL892344.2	NW_003537120.2
susScr3:GL892345-2	GL892345-2		GL892345.2	GL892345.2	NW_003537121.2
susScr3:GL892346-1	GL892346-1		GL892346.1	GL892346.1	NW_003537122.1
susScr3:GL892347-1	GL892347-1		GL892347.1	GL892347.1	NW_003537123.1
susScr3:GL892348-1	GL892348-1		GL892348.1	GL892348.1	NW_003537124.1
susScr3:GL892349-1	GL892349-1		GL892349.1	GL892349.1	NW_003537125.1
susScr3:GL892350-2	GL892350-2		GL892350.2	GL892350.2	NW_003537126.2
susScr3:GL892351-1	GL892351-1		GL892351.1	GL892351.1	NW_003537127.1
susScr3:GL892352-1	GL892352-1		GL892352.1	GL892352.1	NW_003537128.1
susScr3:GL892353-1	GL892353-1		GL892353.1	GL892353.1	NW_003537129.1
susScr3:GL892354-2	GL892354-2		GL892354.2	GL892354.2	NW_003537130.2
susScr3:GL892355-1	GL892355-1		GL892355.1	GL892355.1	NW_003537131.1
susScr3:GL892356-1	GL892356-1		GL892356.1	GL892356.1	NW_003537132.1
susScr3:GL892357-1	GL892357-1		GL892357.1	GL892357.1	NW_003537133.1
susScr3:GL892358-1	GL892358-1		GL892358.1	GL892358.1	NW_003537134.1
susScr3:GL892360-1	GL892360-1		GL892360.1	GL892360.1	NW_003537136.1
susScr3:GL892361-2	GL892361-2		GL892361.2	GL892361.2	NW_003537137.2
susScr3:GL892362-2	GL892362-2		GL892362.2	GL892362.2	NW_003537138.2
susScr3:GL892363-1	GL892363-1		GL892363.1	GL892363.1	NW_003537139.1
susScr3:GL892364-1	GL892364-1		GL892364.1	GL892364.1	NW_003537140.1
susScr3:GL892365-1	GL892365-1		GL892365.1	GL892365.1	NW_003537141.1
susScr3:GL892366-1	GL892366-1		GL892366.1	GL892366.1	NW_003537142.1
susScr3:GL892367-2	GL892367-2		GL892367.2	GL892367.2	NW_003537143.2
susScr3:GL892368-1	GL892368-1		GL892368.1	GL892368.1	NW_003537144.1
susScr3:GL892369-1	GL892369-1		GL892369.1	GL892369.1	NW_003537145.1
susScr3:GL892370-1	GL892370-1		GL892370.1	GL892370.1	NW_003537146.1
susScr3:GL892371-1	GL892371-1		GL892371.1	GL892371.1	NW_003537147.1
susScr3:GL892372-1	GL892372-1		GL892372.1	GL892372.1	NW_003537148.1
susScr3:GL892373-2	GL892373-2		GL892373.2	GL892373.2	NW_003537149.2
susScr3:GL892374-2	GL892374-2		GL892374.2	GL892374.2	NW_003537150.2
susScr3:GL892375-1	GL892375-1		GL892375.1	GL892375.1	NW_003537151.1
susScr3:GL892378-2	GL892378-2		GL892378.2	GL892378.2	NW_003537154.2
susScr3:GL892379-1	GL892379-1		GL892379.1	GL892379.1	NW_003537155.1
susScr3:GL892380-1	GL892380-1		GL892380.1	GL892380.1	NW_003537156.1
susScr3:GL892381-1	GL892381-1		GL892381.1	GL892381.1	NW_003537157.1
susScr3:GL892382-1	GL892382-1		GL892382.1	GL892382.1	NW_003537158.1
susScr3:GL892383-2	GL892383-2		GL892383.2	GL892383.2	NW_003537159.2
susScr3:GL892384-1	GL892384-1		GL892384.1	GL892384.1	NW_003537160.1
susScr3:GL892385-2	GL892385-2		GL892385.2	GL892385.2	NW_003537161.2
susScr3:GL892387-1	GL892387-1		GL892387.1	GL892387.1	NW_003537163.1
susScr3:GL892388-2	GL892388-2		GL892388.2	GL892388.2	NW_003537164.2
susScr3:GL892390-1	GL892390-1		GL892390.1	GL892390.1	NW_003537166.1
susScr3:GL892391-1	GL892391-1		GL892391.1	GL892391.1	NW_003537167.1
susScr3:GL892392-2	GL892392-2		GL892392.2	GL892392.2	NW_003537168.2
susScr3:GL892393-1	GL892393-1		GL892393.1	GL892393.1	NW_003537169.1
susScr3:GL892395-1	GL892395-1		GL892395.1	GL892395.1	NW_003537171.1
susScr3:GL892396-1	GL892396-1		GL892396.1	GL892396.1	NW_003537172.1
susScr3:GL892397-1	GL892397-1		GL892397.1	GL892397.1	NW_003537173.1
susScr3:GL892398-2	GL892398-2		GL892398.2	GL892398.2	NW_003537174.2
susScr3:GL892399-1	GL892399-1		GL892399.1	GL892399.1	NW_003537175.1
susScr3:GL892401-1	GL892401-1		GL892401.1	GL892401.1	NW_003537177.1
susScr3:GL892402-1	GL892402-1		GL892402.1	GL892402.1	NW_003537178.1
susScr3:GL892403-2	GL892403-2		GL892403.2	GL892403.2	NW_003537179.2
susScr3:GL892404-2	GL892404-2		GL892404.2	GL892404.2	NW_003537180.2
susScr3:GL892405-1	GL892405-1		GL892405.1	GL892405.1	NW_003537181.1
susScr3:GL892407-1	GL892407-1		GL892407.1	GL892407.1	NW_003537183.1
susScr3:GL892408-1	GL892408-1		GL892408.1	GL892408.1	NW_003537184.1
susScr3:GL892409-2	GL892409-2		GL892409.2	GL892409.2	NW_003537185.2
susScr3:GL892411-2	GL892411-2		GL892411.2	GL892411.2	NW_003537187.2
susScr3:GL892412-1	GL892412-1		GL892412.1	GL892412.1	NW_003537188.1
susScr3:GL892413-1	GL892413-1		GL892413.1	GL892413.1	NW_003537189.1
susScr3:GL892414-1	GL892414-1		GL892414.1	GL892414.1	NW_003537190.1
susScr3:GL892415-2	GL892415-2		GL892415.2	GL892415.2	NW_003537191.2
susScr3:GL892416-1	GL892416-1		GL892416.1	GL892416.1	NW_003537192.1
susScr3:GL892417-2	GL892417-2		GL892417.2	GL892417.2	NW_003537193.2
susScr3:GL892418-2	GL892418-2		GL892418.2	GL892418.2	NW_003537194.2
susScr3:GL892419-1	GL892419-1		GL892419.1	GL892419.1	NW_003537195.1
susScr3:GL892421-2	GL892421-2		GL892421.2	GL892421.2	NW_003537197.2
susScr3:GL892422-2	GL892422-2		GL892422.2	GL892422.2	NW_003537198.2
susScr3:GL892423-1	GL892423-1		GL892423.1	GL892423.1	NW_003537199.1
susScr3:GL892424-2	GL892424-2		GL892424.2	GL892424.2	NW_003537200.2
susScr3:GL892425-1	GL892425-1		GL892425.1	GL892425.1	NW_003537201.1
susScr3:GL892426-2	GL892426-2		GL892426.2	GL892426.2	NW_003537202.2
susScr3:GL892427-2	GL892427-2		GL892427.2	GL892427.2	NW_003537203.2
susScr3:GL892428-1	GL892428-1		GL892428.1	GL892428.1	NW_003537204.1
susScr3:GL892430-1	GL892430-1		GL892430.1	GL892430.1	NW_003537206.1
susScr3:GL892432-2	GL892432-2		GL892432.2	GL892432.2	NW_003537208.2
susScr3:GL892434-1	GL892434-1		GL892434.1	GL892434.1	NW_003537210.1
susScr3:GL892435-1	GL892435-1		GL892435.1	GL892435.1	NW_003537211.1
susScr3:GL892439-2	GL892439-2		GL892439.2	GL892439.2	NW_003537215.2
susScr3:GL892440-1	GL892440-1		GL892440.1	GL892440.1	NW_003537216.1
susScr3:GL892441-2	GL892441-2		GL892441.2	GL892441.2	NW_003537217.2
susScr3:GL892442-1	GL892442-1		GL892442.1	GL892442.1	NW_003537218.1
susScr3:GL892444-2	GL892444-2		GL892444.2	GL892444.2	NW_003537220.2
susScr3:GL892446-1	GL892446-1		GL892446.1	GL892446.1	NW_003537222.1
susScr3:GL892447-1	GL892447-1		GL892447.1	GL892447.1	NW_003537223.1
susScr3:GL892448-1	GL892448-1		GL892448.1	GL892448.1	NW_003537224.1
susScr3:GL892449-1	GL892449-1		GL892449.1	GL892449.1	NW_003537225.1
susScr3:GL892450-1	GL892450-1		GL892450.1	GL892450.1	NW_003537226.1
susScr3:GL892451-1	GL892451-1		GL892451.1	GL892451.1	NW_003537227.1
susScr3:GL892452-1	GL892452-1		GL892452.1	GL892452.1	NW_003537228.1
susScr3:GL892453-1	GL892453-1		GL892453.1	GL892453.1	NW_003537229.1
susScr3:GL892454-2	GL892454-2		GL892454.2	GL892454.2	NW_003537230.2
susScr3:GL892455-2	GL892455-2		GL892455.2	GL892455.2	NW_003537231.2
susScr3:GL892456-2	GL892456-2		GL892456.2	GL892456.2	NW_003537232.2
susScr3:GL892457-1	GL892457-1		GL892457.1	GL892457.1	NW_003537233.1
susScr3:GL892458-1	GL892458-1		GL892458.1	GL892458.1	NW_003537234.1
susScr3:GL892459-1	GL892459-1		GL892459.1	GL892459.1	NW_003537235.1
susScr3:GL892461-1	GL892461-1		GL892461.1	GL892461.1	NW_003537237.1
susScr3:GL892462-2	GL892462-2		GL892462.2	GL892462.2	NW_003537238.2
susScr3:GL892463-1	GL892463-1		GL892463.1	GL892463.1	NW_003537239.1
susScr3:GL892464-2	GL892464-2		GL892464.2	GL892464.2	NW_003537240.2
susScr3:GL892465-1	GL892465-1		GL892465.1	GL892465.1	NW_003537241.1
susScr3:GL892466-1	GL892466-1		GL892466.1	GL892466.1	NW_003537242.1
susScr3:GL892467-1	GL892467-1		GL892467.1	GL892467.1	NW_003537243.1
susScr3:GL892468-1	GL892468-1		GL892468.1	GL892468.1	NW_003537244.1
susScr3:GL892470-1	GL892470-1		GL892470.1	GL892470.1	NW_003537246.1
susScr3:GL892471-2	GL892471-2		GL892471.2	GL892471.2	NW_003537247.2
susScr3:GL892473-1	GL892473-1		GL892473.1	GL892473.1	NW_003537249.1
susScr3:GL892474-2	GL892474-2		GL892474.2	GL892474.2	NW_003537250.2
susScr3:GL892475-1	GL892475-1		GL892475.1	GL892475.1	NW_003537251.1
susScr3:GL892477-1	GL892477-1		GL892477.1	GL892477.1	NW_003537253.1
susScr3:GL892478-1	GL892478-1		GL892478.1	GL892478.1	NW_003537254.1
susScr3:GL892479-1	GL892479-1		GL892479.1	GL892479.1	NW_003537255.1
susScr3:GL892480-2	GL892480-2		GL892480.2	GL892480.2	NW_003537256.2
susScr3:GL892481-2	GL892481-2		GL892481.2	GL892481.2	NW_003537257.2
susScr3:GL892482-1	GL892482-1		GL892482.1	GL892482.1	NW_003537258.1
susScr3:GL892483-2	GL892483-2		GL892483.2	GL892483.2	NW_003537259.2
susScr3:GL892484-1	GL892484-1		GL892484.1	GL892484.1	NW_003537260.1
susScr3:GL892485-1	GL892485-1		GL892485.1	GL892485.1	NW_003537261.1
susScr3:GL892486-1	GL892486-1		GL892486.1	GL892486.1	NW_003537262.1
susScr3:GL892487-1	GL892487-1		GL892487.1	GL892487.1	NW_003537263.1
susScr3:GL892488-1	GL892488-1		GL892488.1	GL892488.1	NW_003537264.1
susScr3:GL892489-1	GL892489-1		GL892489.1	GL892489.1	NW_003537265.1
susScr3:GL892490-1	GL892490-1		GL892490.1	GL892490.1	NW_003537266.1
susScr3:GL892491-1	GL892491-1		GL892491.1	GL892491.1	NW_003537267.1
susScr3:GL892492-1	GL892492-1		GL892492.1	GL892492.1	NW_003537268.1
susScr3:GL892493-2	GL892493-2		GL892493.2	GL892493.2	NW_003537269.2
susScr3:GL892494-1	GL892494-1		GL892494.1	GL892494.1	NW_003537270.1
susScr3:GL892495-1	GL892495-1		GL892495.1	GL892495.1	NW_003537271.1
susScr3:GL892496-2	GL892496-2		GL892496.2	GL892496.2	NW_003537272.2
susScr3:GL892497-1	GL892497-1		GL892497.1	GL892497.1	NW_003537273.1
susScr3:GL892498-2	GL892498-2		GL892498.2	GL892498.2	NW_003537274.2
susScr3:GL892500-1	GL892500-1		GL892500.1	GL892500.1	NW_003537276.1
susScr3:GL892501-1	GL892501-1		GL892501.1	GL892501.1	NW_003537277.1
susScr3:GL892502-1	GL892502-1		GL892502.1	GL892502.1	NW_003537278.1
susScr3:GL892503-1	GL892503-1		GL892503.1	GL892503.1	NW_003537279.1
susScr3:GL892504-2	GL892504-2		GL892504.2	GL892504.2	NW_003537280.2
susScr3:GL892506-2	GL892506-2		GL892506.2	GL892506.2	NW_003537282.2
susScr3:GL892507-1	GL892507-1		GL892507.1	GL892507.1	NW_003537283.1
susScr3:GL892508-2	GL892508-2		GL892508.2	GL892508.2	NW_003537284.2
susScr3:GL892509-2	GL892509-2		GL892509.2	GL892509.2	NW_003537285.2
susScr3:GL892510-1	GL892510-1		GL892510.1	GL892510.1	NW_003537286.1
susScr3:GL892512-1	GL892512-1		GL892512.1	GL892512.1	NW_003537288.1
susScr3:GL892515-1	GL892515-1		GL892515.1	GL892515.1	NW_003537291.1
susScr3:GL892516-2	GL892516-2		GL892516.2	GL892516.2	NW_003537292.2
susScr3:GL892517-1	GL892517-1		GL892517.1	GL892517.1	NW_003537293.1
susScr3:GL892518-2	GL892518-2		GL892518.2	GL892518.2	NW_003537294.2
susScr3:GL892519-2	GL892519-2		GL892519.2	GL892519.2	NW_003537295.2
susScr3:GL892520-2	GL892520-2		GL892520.2	GL892520.2	NW_003537296.2
susScr3:GL892521-2	GL892521-2		GL892521.2	GL892521.2	NW_003537297.2
susScr3:GL892523-1	GL892523-1		GL892523.1	GL892523.1	NW_003537299.1
susScr3:GL892524-1	GL892524-1		GL892524.1	GL892524.1	NW_003537300.1
susScr3:GL892529-1	GL892529-1		GL892529.1	GL892529.1	NW_003537305.1
susScr3:GL892530-2	GL892530-2		GL892530.2	GL892530.2	NW_003537306.2
susScr3:GL892531-1	GL892531-1		GL892531.1	GL892531.1	NW_003537307.1
susScr3:GL892532-2	GL892532-2		GL892532.2	GL892532.2	NW_003537308.2
susScr3:GL892533-1	GL892533-1		GL892533.1	GL892533.1	NW_003537309.1
susScr3:GL892534-1	GL892534-1		GL892534.1	GL892534.1	NW_003537310.1
susScr3:GL892535-1	GL892535-1		GL892535.1	GL892535.1	NW_003537311.1
susScr3:GL892536-1	GL892536-1		GL892536.1	GL892536.1	NW_003537312.1
susScr3:GL892537-2	GL892537-2		GL892537.2	GL892537.2	NW_003537313.2
susScr3:GL892539-2	GL892539-2		GL892539.2	GL892539.2	NW_003537315.2
susScr3:GL892540-2	GL892540-2		GL892540.2	GL892540.2	NW_003537316.2
susScr3:GL892541-1	GL892541-1		GL892541.1	GL892541.1	NW_003537317.1
susScr3:GL892542-1	GL892542-1		GL892542.1	GL892542.1	NW_003537318.1
susScr3:GL892543-1	GL892543-1		GL892543.1	GL892543.1	NW_003537319.1
susScr3:GL892544-1	GL892544-1		GL892544.1	GL892544.1	NW_003537320.1
susScr3:GL892545-1	GL892545-1		GL892545.1	GL892545.1	NW_003537321.1
susScr3:GL892546-1	GL892546-1		GL892546.1	GL892546.1	NW_003537322.1
susScr3:GL892547-1	GL892547-1		GL892547.1	GL892547.1	NW_003537323.1
susScr3:GL892549-2	GL892549-2		GL892549.2	GL892549.2	NW_003537325.2
susScr3:GL892550-1	GL892550-1		GL892550.1	GL892550.1	NW_003537326.1
susScr3:GL892551-1	GL892551-1		GL892551.1	GL892551.1	NW_003537327.1
susScr3:GL892552-1	GL892552-1		GL892552.1	GL892552.1	NW_003537328.1
susScr3:GL892553-2	GL892553-2		GL892553.2	GL892553.2	NW_003537329.2
susScr3:GL892554-1	GL892554-1		GL892554.1	GL892554.1	NW_003537330.1
susScr3:GL892556-2	GL892556-2		GL892556.2	GL892556.2	NW_003537332.2
susScr3:GL892557-1	GL892557-1		GL892557.1	GL892557.1	NW_003537333.1
susScr3:GL892558-1	GL892558-1		GL892558.1	GL892558.1	NW_003537334.1
susScr3:GL892559-2	GL892559-2		GL892559.2	GL892559.2	NW_003537335.2
susScr3:GL892560-2	GL892560-2		GL892560.2	GL892560.2	NW_003537336.2
susScr3:GL892561-2	GL892561-2		GL892561.2	GL892561.2	NW_003537337.2
susScr3:GL892562-2	GL892562-2		GL892562.2	GL892562.2	NW_003537338.2
susScr3:GL892563-1	GL892563-1		GL892563.1	GL892563.1	NW_003537339.1
susScr3:GL892564-1	GL892564-1		GL892564.1	GL892564.1	NW_003537340.1
susScr3:GL892565-2	GL892565-2		GL892565.2	GL892565.2	NW_003537341.2
susScr3:GL892566-1	GL892566-1		GL892566.1	GL892566.1	NW_003537342.1
susScr3:GL892567-1	GL892567-1		GL892567.1	GL892567.1	NW_003537343.1
susScr3:GL892568-1	GL892568-1		GL892568.1	GL892568.1	NW_003537344.1
susScr3:GL892570-2	GL892570-2		GL892570.2	GL892570.2	NW_003537346.2
susScr3:GL892571-1	GL892571-1		GL892571.1	GL892571.1	NW_003537347.1
susScr3:GL892572-1	GL892572-1		GL892572.1	GL892572.1	NW_003537348.1
susScr3:GL892573-2	GL892573-2		GL892573.2	GL892573.2	NW_003537349.2
susScr3:GL892574-1	GL892574-1		GL892574.1	GL892574.1	NW_003537350.1
susScr3:GL892575-2	GL892575-2		GL892575.2	GL892575.2	NW_003537351.2
susScr3:GL892576-1	GL892576-1		GL892576.1	GL892576.1	NW_003537352.1
susScr3:GL892577-1	GL892577-1		GL892577.1	GL892577.1	NW_003537353.1
susScr3:GL892578-1	GL892578-1		GL892578.1	GL892578.1	NW_003537354.1
susScr3:GL892579-1	GL892579-1		GL892579.1	GL892579.1	NW_003537355.1
susScr3:GL892580-2	GL892580-2		GL892580.2	GL892580.2	NW_003537356.2
susScr3:GL892581-1	GL892581-1		GL892581.1	GL892581.1	NW_003537357.1
susScr3:GL892582-2	GL892582-2		GL892582.2	GL892582.2	NW_003537358.2
susScr3:GL892583-2	GL892583-2		GL892583.2	GL892583.2	NW_003537359.2
susScr3:GL892586-2	GL892586-2		GL892586.2	GL892586.2	NW_003537362.2
susScr3:GL892587-1	GL892587-1		GL892587.1	GL892587.1	NW_003537363.1
susScr3:GL892588-2	GL892588-2		GL892588.2	GL892588.2	NW_003537364.2
susScr3:GL892589-2	GL892589-2		GL892589.2	GL892589.2	NW_003537365.2
susScr3:GL892590-1	GL892590-1		GL892590.1	GL892590.1	NW_003537366.1
susScr3:GL892591-1	GL892591-1		GL892591.1	GL892591.1	NW_003537367.1
susScr3:GL892592-2	GL892592-2		GL892592.2	GL892592.2	NW_003537368.2
susScr3:GL892593-1	GL892593-1		GL892593.1	GL892593.1	NW_003537369.1
susScr3:GL892594-2	GL892594-2		GL892594.2	GL892594.2	NW_003537370.2
susScr3:GL892595-2	GL892595-2		GL892595.2	GL892595.2	NW_003537371.2
susScr3:GL892596-2	GL892596-2		GL892596.2	GL892596.2	NW_003537372.2
susScr3:GL892597-1	GL892597-1		GL892597.1	GL892597.1	NW_003537373.1
susScr3:GL892599-2	GL892599-2		GL892599.2	GL892599.2	NW_003537375.2
susScr3:GL892600-1	GL892600-1		GL892600.1	GL892600.1	NW_003537376.1
susScr3:GL892601-1	GL892601-1		GL892601.1	GL892601.1	NW_003537377.1
susScr3:GL892602-2	GL892602-2		GL892602.2	GL892602.2	NW_003537378.2
susScr3:GL892603-2	GL892603-2		GL892603.2	GL892603.2	NW_003537379.2
susScr3:GL892604-1	GL892604-1		GL892604.1	GL892604.1	NW_003537380.1
susScr3:GL892605-1	GL892605-1		GL892605.1	GL892605.1	NW_003537381.1
susScr3:GL892606-2	GL892606-2		GL892606.2	GL892606.2	NW_003537382.2
susScr3:GL892607-1	GL892607-1		GL892607.1	GL892607.1	NW_003537383.1
susScr3:GL892608-1	GL892608-1		GL892608.1	GL892608.1	NW_003537384.1
susScr3:GL892609-1	GL892609-1		GL892609.1	GL892609.1	NW_003537385.1
susScr3:GL892610-1	GL892610-1		GL892610.1	GL892610.1	NW_003537386.1
susScr3:GL892611-1	GL892611-1		GL892611.1	GL892611.1	NW_003537387.1
susScr3:GL892612-1	GL892612-1		GL892612.1	GL892612.1	NW_003537388.1
susScr3:GL892613-2	GL892613-2		GL892613.2	GL892613.2	NW_003537389.2
susScr3:GL892614-2	GL892614-2		GL892614.2	GL892614.2	NW_003537390.2
susScr3:GL892615-2	GL892615-2		GL892615.2	GL892615.2	NW_003537391.2
susScr3:GL892616-1	GL892616-1		GL892616.1	GL892616.1	NW_003537392.1
susScr3:GL892617-2	GL892617-2		GL892617.2	GL892617.2	NW_003537393.2
susScr3:GL892619-2	GL892619-2		GL892619.2	GL892619.2	NW_003537395.2
susScr3:GL892621-1	GL892621-1		GL892621.1	GL892621.1	NW_003537397.1
susScr3:GL892622-1	GL892622-1		GL892622.1	GL892622.1	NW_003537398.1
susScr3:GL892623-1	GL892623-1		GL892623.1	GL892623.1	NW_003537399.1
susScr3:GL892625-1	GL892625-1		GL892625.1	GL892625.1	NW_003537401.1
susScr3:GL892626-1	GL892626-1		GL892626.1	GL892626.1	NW_003537402.1
susScr3:GL892627-1	GL892627-1		GL892627.1	GL892627.1	NW_003537403.1
susScr3:GL892628-1	GL892628-1		GL892628.1	GL892628.1	NW_003537404.1
susScr3:GL892631-1	GL892631-1		GL892631.1	GL892631.1	NW_003537407.1
susScr3:GL892632-1	GL892632-1		GL892632.1	GL892632.1	NW_003537408.1
susScr3:GL892633-2	GL892633-2		GL892633.2	GL892633.2	NW_003537409.2
susScr3:GL892634-1	GL892634-1		GL892634.1	GL892634.1	NW_003537410.1
susScr3:GL892635-1	GL892635-1		GL892635.1	GL892635.1	NW_003537411.1
susScr3:GL892638-2	GL892638-2		GL892638.2	GL892638.2	NW_003537414.2
susScr3:GL892639-1	GL892639-1		GL892639.1	GL892639.1	NW_003537415.1
susScr3:GL892640-1	GL892640-1		GL892640.1	GL892640.1	NW_003537416.1
susScr3:GL892641-2	GL892641-2		GL892641.2	GL892641.2	NW_003537417.2
susScr3:GL892642-1	GL892642-1		GL892642.1	GL892642.1	NW_003537418.1
susScr3:GL892643-2	GL892643-2		GL892643.2	GL892643.2	NW_003537419.2
susScr3:GL892645-1	GL892645-1		GL892645.1	GL892645.1	NW_003537421.1
susScr3:GL892649-1	GL892649-1		GL892649.1	GL892649.1	NW_003537425.1
susScr3:GL892651-1	GL892651-1		GL892651.1	GL892651.1	NW_003537427.1
susScr3:GL892653-1	GL892653-1		GL892653.1	GL892653.1	NW_003537429.1
susScr3:GL892654-1	GL892654-1		GL892654.1	GL892654.1	NW_003537430.1
susScr3:GL892655-2	GL892655-2		GL892655.2	GL892655.2	NW_003537431.2
susScr3:GL892656-1	GL892656-1		GL892656.1	GL892656.1	NW_003537432.1
susScr3:GL892657-1	GL892657-1		GL892657.1	GL892657.1	NW_003537433.1
susScr3:GL892658-1	GL892658-1		GL892658.1	GL892658.1	NW_003537434.1
susScr3:GL892661-2	GL892661-2		GL892661.2	GL892661.2	NW_003537437.2
susScr3:GL892662-2	GL892662-2		GL892662.2	GL892662.2	NW_003537438.2
susScr3:GL892663-2	GL892663-2		GL892663.2	GL892663.2	NW_003537439.2
susScr3:GL892664-2	GL892664-2		GL892664.2	GL892664.2	NW_003537440.2
susScr3:GL892665-1	GL892665-1		GL892665.1	GL892665.1	NW_003537441.1
susScr3:GL892667-1	GL892667-1		GL892667.1	GL892667.1	NW_003537443.1
susScr3:GL892668-1	GL892668-1		GL892668.1	GL892668.1	NW_003537444.1
susScr3:GL892669-1	GL892669-1		GL892669.1	GL892669.1	NW_003537445.1
susScr3:GL892671-2	GL892671-2		GL892671.2	GL892671.2	NW_003537447.2
susScr3:GL892672-1	GL892672-1		GL892672.1	GL892672.1	NW_003537448.1
susScr3:GL892673-2	GL892673-2		GL892673.2	GL892673.2	NW_003537449.2
susScr3:GL892674-1	GL892674-1		GL892674.1	GL892674.1	NW_003537450.1
susScr3:GL892675-1	GL892675-1		GL892675.1	GL892675.1	NW_003537451.1
susScr3:GL892676-1	GL892676-1		GL892676.1	GL892676.1	NW_003537452.1
susScr3:GL892678-2	GL892678-2		GL892678.2	GL892678.2	NW_003537454.2
susScr3:GL892679-1	GL892679-1		GL892679.1	GL892679.1	NW_003537455.1
susScr3:GL892680-2	GL892680-2		GL892680.2	GL892680.2	NW_003537456.2
susScr3:GL892681-2	GL892681-2		GL892681.2	GL892681.2	NW_003537457.2
susScr3:GL892682-1	GL892682-1		GL892682.1	GL892682.1	NW_003537458.1
susScr3:GL892684-1	GL892684-1		GL892684.1	GL892684.1	NW_003537460.1
susScr3:GL892685-2	GL892685-2		GL892685.2	GL892685.2	NW_003537461.2
susScr3:GL892686-1	GL892686-1		GL892686.1	GL892686.1	NW_003537462.1
susScr3:GL892687-1	GL892687-1		GL892687.1	GL892687.1	NW_003537463.1
susScr3:GL892688-2	GL892688-2		GL892688.2	GL892688.2	NW_003537464.2
susScr3:GL892689-1	GL892689-1		GL892689.1	GL892689.1	NW_003537465.1
susScr3:GL892690-1	GL892690-1		GL892690.1	GL892690.1	NW_003537466.1
susScr3:GL892691-1	GL892691-1		GL892691.1	GL892691.1	NW_003537467.1
susScr3:GL892693-1	GL892693-1		GL892693.1	GL892693.1	NW_003537469.1
susScr3:GL892695-2	GL892695-2		GL892695.2	GL892695.2	NW_003537471.2
susScr3:GL892696-1	GL892696-1		GL892696.1	GL892696.1	NW_003537472.1
susScr3:GL892697-1	GL892697-1		GL892697.1	GL892697.1	NW_003537473.1
susScr3:GL892698-1	GL892698-1		GL892698.1	GL892698.1	NW_003537474.1
susScr3:GL892699-1	GL892699-1		GL892699.1	GL892699.1	NW_003537475.1
susScr3:GL892700-1	GL892700-1		GL892700.1	GL892700.1	NW_003537476.1
susScr3:GL892701-1	GL892701-1		GL892701.1	GL892701.1	NW_003537477.1
susScr3:GL892702-2	GL892702-2		GL892702.2	GL892702.2	NW_003537478.2
susScr3:GL892703-2	GL892703-2		GL892703.2	GL892703.2	NW_003537479.2
susScr3:GL892705-2	GL892705-2		GL892705.2	GL892705.2	NW_003537481.2
susScr3:GL892706-2	GL892706-2		GL892706.2	GL892706.2	NW_003537482.2
susScr3:GL892707-2	GL892707-2		GL892707.2	GL892707.2	NW_003537483.2
susScr3:GL892708-2	GL892708-2		GL892708.2	GL892708.2	NW_003537484.2
susScr3:GL892709-1	GL892709-1		GL892709.1	GL892709.1	NW_003537485.1
susScr3:GL892710-1	GL892710-1		GL892710.1	GL892710.1	NW_003537486.1
susScr3:GL892712-1	GL892712-1		GL892712.1	GL892712.1	NW_003537488.1
susScr3:GL892713-2	GL892713-2		GL892713.2	GL892713.2	NW_003537489.2
susScr3:GL892714-1	GL892714-1		GL892714.1	GL892714.1	NW_003537490.1
susScr3:GL892715-1	GL892715-1		GL892715.1	GL892715.1	NW_003537491.1
susScr3:GL892716-1	GL892716-1		GL892716.1	GL892716.1	NW_003537492.1
susScr3:GL892717-2	GL892717-2		GL892717.2	GL892717.2	NW_003537493.2
susScr3:GL892718-2	GL892718-2		GL892718.2	GL892718.2	NW_003537494.2
susScr3:GL892719-2	GL892719-2		GL892719.2	GL892719.2	NW_003537495.2
susScr3:GL892720-1	GL892720-1		GL892720.1	GL892720.1	NW_003537496.1
susScr3:GL892721-1	GL892721-1		GL892721.1	GL892721.1	NW_003537497.1
susScr3:GL892722-1	GL892722-1		GL892722.1	GL892722.1	NW_003537498.1
susScr3:GL892723-1	GL892723-1		GL892723.1	GL892723.1	NW_003537499.1
susScr3:GL892724-1	GL892724-1		GL892724.1	GL892724.1	NW_003537500.1
susScr3:GL892725-2	GL892725-2		GL892725.2	GL892725.2	NW_003537501.2
susScr3:GL892726-2	GL892726-2		GL892726.2	GL892726.2	NW_003537502.2
susScr3:GL892728-1	GL892728-1		GL892728.1	GL892728.1	NW_003537504.1
susScr3:GL892729-1	GL892729-1		GL892729.1	GL892729.1	NW_003537505.1
susScr3:GL892730-2	GL892730-2		GL892730.2	GL892730.2	NW_003537506.2
susScr3:GL892731-1	GL892731-1		GL892731.1	GL892731.1	NW_003537507.1
susScr3:GL892732-2	GL892732-2		GL892732.2	GL892732.2	NW_003537508.2
susScr3:GL892733-2	GL892733-2		GL892733.2	GL892733.2	NW_003537509.2
susScr3:GL892734-1	GL892734-1		GL892734.1	GL892734.1	NW_003537510.1
susScr3:GL892735-1	GL892735-1		GL892735.1	GL892735.1	NW_003537511.1
susScr3:GL892736-1	GL892736-1		GL892736.1	GL892736.1	NW_003537512.1
susScr3:GL892737-2	GL892737-2		GL892737.2	GL892737.2	NW_003537513.2
susScr3:GL892738-2	GL892738-2		GL892738.2	GL892738.2	NW_003537514.2
susScr3:GL892740-1	GL892740-1		GL892740.1	GL892740.1	NW_003537516.1
susScr3:GL892741-2	GL892741-2		GL892741.2	GL892741.2	NW_003537517.2
susScr3:GL892742-1	GL892742-1		GL892742.1	GL892742.1	NW_003537518.1
susScr3:GL892743-1	GL892743-1		GL892743.1	GL892743.1	NW_003537519.1
susScr3:GL892745-1	GL892745-1		GL892745.1	GL892745.1	NW_003537521.1
susScr3:GL892746-1	GL892746-1		GL892746.1	GL892746.1	NW_003537522.1
susScr3:GL892749-1	GL892749-1		GL892749.1	GL892749.1	NW_003537525.1
susScr3:GL892750-2	GL892750-2		GL892750.2	GL892750.2	NW_003537526.2
susScr3:GL892751-2	GL892751-2		GL892751.2	GL892751.2	NW_003537527.2
susScr3:GL892752-1	GL892752-1		GL892752.1	GL892752.1	NW_003537528.1
susScr3:GL892755-1	GL892755-1		GL892755.1	GL892755.1	NW_003537531.1
susScr3:GL892756-1	GL892756-1		GL892756.1	GL892756.1	NW_003537532.1
susScr3:GL892757-1	GL892757-1		GL892757.1	GL892757.1	NW_003537533.1
susScr3:GL892758-1	GL892758-1		GL892758.1	GL892758.1	NW_003537534.1
susScr3:GL892759-2	GL892759-2		GL892759.2	GL892759.2	NW_003537535.2
susScr3:GL892760-1	GL892760-1		GL892760.1	GL892760.1	NW_003537536.1
susScr3:GL892761-1	GL892761-1		GL892761.1	GL892761.1	NW_003537537.1
susScr3:GL892762-1	GL892762-1		GL892762.1	GL892762.1	NW_003537538.1
susScr3:GL892763-2	GL892763-2		GL892763.2	GL892763.2	NW_003537539.2
susScr3:GL892764-1	GL892764-1		GL892764.1	GL892764.1	NW_003537540.1
susScr3:GL892765-2	GL892765-2		GL892765.2	GL892765.2	NW_003537541.2
susScr3:GL892766-1	GL892766-1		GL892766.1	GL892766.1	NW_003537542.1
susScr3:GL892767-1	GL892767-1		GL892767.1	GL892767.1	NW_003537543.1
susScr3:GL892768-1	GL892768-1		GL892768.1	GL892768.1	NW_003537544.1
susScr3:GL892769-1	GL892769-1		GL892769.1	GL892769.1	NW_003537545.1
susScr3:GL892770-2	GL892770-2		GL892770.2	GL892770.2	NW_003537546.2
susScr3:GL892772-2	GL892772-2		GL892772.2	GL892772.2	NW_003537548.2
susScr3:GL892773-2	GL892773-2		GL892773.2	GL892773.2	NW_003537549.2
susScr3:GL892774-1	GL892774-1		GL892774.1	GL892774.1	NW_003537550.1
susScr3:GL892775-1	GL892775-1		GL892775.1	GL892775.1	NW_003537551.1
susScr3:GL892776-1	GL892776-1		GL892776.1	GL892776.1	NW_003537552.1
susScr3:GL892777-1	GL892777-1		GL892777.1	GL892777.1	NW_003537553.1
susScr3:GL892779-1	GL892779-1		GL892779.1	GL892779.1	NW_003537555.1
susScr3:GL892783-2	GL892783-2		GL892783.2	GL892783.2	NW_003537559.2
susScr3:GL892784-1	GL892784-1		GL892784.1	GL892784.1	NW_003537560.1
susScr3:GL892785-2	GL892785-2		GL892785.2	GL892785.2	NW_003537561.2
susScr3:GL892786-2	GL892786-2		GL892786.2	GL892786.2	NW_003537562.2
susScr3:GL892788-2	GL892788-2		GL892788.2	GL892788.2	NW_003537564.2
susScr3:GL892789-1	GL892789-1		GL892789.1	GL892789.1	NW_003537565.1
susScr3:GL892790-1	GL892790-1		GL892790.1	GL892790.1	NW_003537566.1
susScr3:GL892791-2	GL892791-2		GL892791.2	GL892791.2	NW_003537567.2
susScr3:GL892792-2	GL892792-2		GL892792.2	GL892792.2	NW_003537568.2
susScr3:GL892793-2	GL892793-2		GL892793.2	GL892793.2	NW_003537569.2
susScr3:GL892794-2	GL892794-2		GL892794.2	GL892794.2	NW_003537570.2
susScr3:GL892795-1	GL892795-1		GL892795.1	GL892795.1	NW_003537571.1
susScr3:GL892796-1	GL892796-1		GL892796.1	GL892796.1	NW_003537572.1
susScr3:GL892797-1	GL892797-1		GL892797.1	GL892797.1	NW_003537573.1
susScr3:GL892798-1	GL892798-1		GL892798.1	GL892798.1	NW_003537574.1
susScr3:GL892799-2	GL892799-2		GL892799.2	GL892799.2	NW_003537575.2
susScr3:GL892800-1	GL892800-1		GL892800.1	GL892800.1	NW_003537576.1
susScr3:GL892801-1	GL892801-1		GL892801.1	GL892801.1	NW_003537577.1
susScr3:GL892803-1	GL892803-1		GL892803.1	GL892803.1	NW_003537579.1
susScr3:GL892804-2	GL892804-2		GL892804.2	GL892804.2	NW_003537580.2
susScr3:GL892805-1	GL892805-1		GL892805.1	GL892805.1	NW_003537581.1
susScr3:GL892806-1	GL892806-1		GL892806.1	GL892806.1	NW_003537582.1
susScr3:GL892807-2	GL892807-2		GL892807.2	GL892807.2	NW_003537583.2
susScr3:GL892808-2	GL892808-2		GL892808.2	GL892808.2	NW_003537584.2
susScr3:GL892809-2	GL892809-2		GL892809.2	GL892809.2	NW_003537585.2
susScr3:GL892810-1	GL892810-1		GL892810.1	GL892810.1	NW_003537586.1
susScr3:GL892811-1	GL892811-1		GL892811.1	GL892811.1	NW_003537587.1
susScr3:GL892812-1	GL892812-1		GL892812.1	GL892812.1	NW_003537588.1
susScr3:GL892813-1	GL892813-1		GL892813.1	GL892813.1	NW_003537589.1
susScr3:GL892814-2	GL892814-2		GL892814.2	GL892814.2	NW_003537590.2
susScr3:GL892815-1	GL892815-1		GL892815.1	GL892815.1	NW_003537591.1
susScr3:GL892816-2	GL892816-2		GL892816.2	GL892816.2	NW_003537592.2
susScr3:GL892817-1	GL892817-1		GL892817.1	GL892817.1	NW_003537593.1
susScr3:GL892819-2	GL892819-2		GL892819.2	GL892819.2	NW_003537595.2
susScr3:GL892821-1	GL892821-1		GL892821.1	GL892821.1	NW_003537597.1
susScr3:GL892822-1	GL892822-1		GL892822.1	GL892822.1	NW_003537598.1
susScr3:GL892823-1	GL892823-1		GL892823.1	GL892823.1	NW_003537599.1
susScr3:GL892826-1	GL892826-1		GL892826.1	GL892826.1	NW_003537602.1
susScr3:GL892827-1	GL892827-1		GL892827.1	GL892827.1	NW_003537603.1
susScr3:GL892828-2	GL892828-2		GL892828.2	GL892828.2	NW_003537604.2
susScr3:GL892829-1	GL892829-1		GL892829.1	GL892829.1	NW_003537605.1
susScr3:GL892830-1	GL892830-1		GL892830.1	GL892830.1	NW_003537606.1
susScr3:GL892831-2	GL892831-2		GL892831.2	GL892831.2	NW_003537607.2
susScr3:GL892832-1	GL892832-1		GL892832.1	GL892832.1	NW_003537608.1
susScr3:GL892833-1	GL892833-1		GL892833.1	GL892833.1	NW_003537609.1
susScr3:GL892834-1	GL892834-1		GL892834.1	GL892834.1	NW_003537610.1
susScr3:GL892835-1	GL892835-1		GL892835.1	GL892835.1	NW_003537611.1
susScr3:GL892837-2	GL892837-2		GL892837.2	GL892837.2	NW_003537613.2
susScr3:GL892838-2	GL892838-2		GL892838.2	GL892838.2	NW_003537614.2
susScr3:GL892839-2	GL892839-2		GL892839.2	GL892839.2	NW_003537615.2
susScr3:GL892840-2	GL892840-2		GL892840.2	GL892840.2	NW_003537616.2
susScr3:GL892841-1	GL892841-1		GL892841.1	GL892841.1	NW_003537617.1
susScr3:GL892842-1	GL892842-1		GL892842.1	GL892842.1	NW_003537618.1
susScr3:GL892843-1	GL892843-1		GL892843.1	GL892843.1	NW_003537619.1
susScr3:GL892844-1	GL892844-1		GL892844.1	GL892844.1	NW_003537620.1
susScr3:GL892845-1	GL892845-1		GL892845.1	GL892845.1	NW_003537621.1
susScr3:GL892846-2	GL892846-2		GL892846.2	GL892846.2	NW_003537622.2
susScr3:GL892847-1	GL892847-1		GL892847.1	GL892847.1	NW_003537623.1
susScr3:GL892848-2	GL892848-2		GL892848.2	GL892848.2	NW_003537624.2
susScr3:GL892849-2	GL892849-2		GL892849.2	GL892849.2	NW_003537625.2
susScr3:GL892850-1	GL892850-1		GL892850.1	GL892850.1	NW_003537626.1
susScr3:GL892851-1	GL892851-1		GL892851.1	GL892851.1	NW_003537627.1
susScr3:GL892852-1	GL892852-1		GL892852.1	GL892852.1	NW_003537628.1
susScr3:GL892854-1	GL892854-1		GL892854.1	GL892854.1	NW_003537630.1
susScr3:GL892855-2	GL892855-2		GL892855.2	GL892855.2	NW_003537631.2
susScr3:GL892856-1	GL892856-1		GL892856.1	GL892856.1	NW_003537632.1
susScr3:GL892857-2	GL892857-2		GL892857.2	GL892857.2	NW_003537633.2
susScr3:GL892858-1	GL892858-1		GL892858.1	GL892858.1	NW_003537634.1
susScr3:GL892859-2	GL892859-2		GL892859.2	GL892859.2	NW_003537635.2
susScr3:GL892861-2	GL892861-2		GL892861.2	GL892861.2	NW_003537637.2
susScr3:GL892862-1	GL892862-1		GL892862.1	GL892862.1	NW_003537638.1
susScr3:GL892863-2	GL892863-2		GL892863.2	GL892863.2	NW_003537639.2
susScr3:GL892865-1	GL892865-1		GL892865.1	GL892865.1	NW_003537641.1
susScr3:GL892866-1	GL892866-1		GL892866.1	GL892866.1	NW_003537642.1
susScr3:GL892867-1	GL892867-1		GL892867.1	GL892867.1	NW_003537643.1
susScr3:GL892869-2	GL892869-2		GL892869.2	GL892869.2	NW_003537645.2
susScr3:GL892870-1	GL892870-1		GL892870.1	GL892870.1	NW_003537646.1
susScr3:GL892871-2	GL892871-2		GL892871.2	GL892871.2	NW_003537647.2
susScr3:GL892872-1	GL892872-1		GL892872.1	GL892872.1	NW_003537648.1
susScr3:GL892874-2	GL892874-2		GL892874.2	GL892874.2	NW_003537650.2
susScr3:GL892875-2	GL892875-2		GL892875.2	GL892875.2	NW_003537651.2
susScr3:GL892877-2	GL892877-2		GL892877.2	GL892877.2	NW_003537653.2
susScr3:GL892878-1	GL892878-1		GL892878.1	GL892878.1	NW_003537654.1
susScr3:GL892879-1	GL892879-1		GL892879.1	GL892879.1	NW_003537655.1
susScr3:GL892880-1	GL892880-1		GL892880.1	GL892880.1	NW_003537656.1
susScr3:GL892881-1	GL892881-1		GL892881.1	GL892881.1	NW_003537657.1
susScr3:GL892882-1	GL892882-1		GL892882.1	GL892882.1	NW_003537658.1
susScr3:GL892884-2	GL892884-2		GL892884.2	GL892884.2	NW_003537660.2
susScr3:GL892885-1	GL892885-1		GL892885.1	GL892885.1	NW_003537661.1
susScr3:GL892886-1	GL892886-1		GL892886.1	GL892886.1	NW_003537662.1
susScr3:GL892888-1	GL892888-1		GL892888.1	GL892888.1	NW_003537664.1
susScr3:GL892889-1	GL892889-1		GL892889.1	GL892889.1	NW_003537665.1
susScr3:GL892890-1	GL892890-1		GL892890.1	GL892890.1	NW_003537666.1
susScr3:GL892891-1	GL892891-1		GL892891.1	GL892891.1	NW_003537667.1
susScr3:GL892892-1	GL892892-1		GL892892.1	GL892892.1	NW_003537668.1
susScr3:GL892894-2	GL892894-2		GL892894.2	GL892894.2	NW_003537670.2
susScr3:GL892895-1	GL892895-1		GL892895.1	GL892895.1	NW_003537671.1
susScr3:GL892897-2	GL892897-2		GL892897.2	GL892897.2	NW_003537673.2
susScr3:GL892898-1	GL892898-1		GL892898.1	GL892898.1	NW_003537674.1
susScr3:GL892899-1	GL892899-1		GL892899.1	GL892899.1	NW_003537675.1
susScr3:GL892900-1	GL892900-1		GL892900.1	GL892900.1	NW_003537676.1
susScr3:GL892901-1	GL892901-1		GL892901.1	GL892901.1	NW_003537677.1
susScr3:GL892903-2	GL892903-2		GL892903.2	GL892903.2	NW_003537679.2
susScr3:GL892904-1	GL892904-1		GL892904.1	GL892904.1	NW_003537680.1
susScr3:GL892905-2	GL892905-2		GL892905.2	GL892905.2	NW_003537681.2
susScr3:GL892906-2	GL892906-2		GL892906.2	GL892906.2	NW_003537682.2
susScr3:GL892907-2	GL892907-2		GL892907.2	GL892907.2	NW_003537683.2
susScr3:GL892908-2	GL892908-2		GL892908.2	GL892908.2	NW_003537684.2
susScr3:GL892910-2	GL892910-2		GL892910.2	GL892910.2	NW_003537686.2
susScr3:GL892911-1	GL892911-1		GL892911.1	GL892911.1	NW_003537687.1
susScr3:GL892912-1	GL892912-1		GL892912.1	GL892912.1	NW_003537688.1
susScr3:GL892913-1	GL892913-1		GL892913.1	GL892913.1	NW_003537689.1
susScr3:GL892914-2	GL892914-2		GL892914.2	GL892914.2	NW_003537690.2
susScr3:GL892915-1	GL892915-1		GL892915.1	GL892915.1	NW_003537691.1
susScr3:GL892916-1	GL892916-1		GL892916.1	GL892916.1	NW_003537692.1
susScr3:GL892917-1	GL892917-1		GL892917.1	GL892917.1	NW_003537693.1
susScr3:GL892918-2	GL892918-2		GL892918.2	GL892918.2	NW_003537694.2
susScr3:GL892919-2	GL892919-2		GL892919.2	GL892919.2	NW_003537695.2
susScr3:GL892920-1	GL892920-1		GL892920.1	GL892920.1	NW_003537696.1
susScr3:GL892921-1	GL892921-1		GL892921.1	GL892921.1	NW_003537697.1
susScr3:GL892922-2	GL892922-2		GL892922.2	GL892922.2	NW_003537698.2
susScr3:GL892923-1	GL892923-1		GL892923.1	GL892923.1	NW_003537699.1
susScr3:GL892927-2	GL892927-2		GL892927.2	GL892927.2	NW_003537703.2
susScr3:GL892930-1	GL892930-1		GL892930.1	GL892930.1	NW_003537706.1
susScr3:GL892931-2	GL892931-2		GL892931.2	GL892931.2	NW_003537707.2
susScr3:GL892933-2	GL892933-2		GL892933.2	GL892933.2	NW_003537709.2
susScr3:GL892934-1	GL892934-1		GL892934.1	GL892934.1	NW_003537710.1
susScr3:GL892935-2	GL892935-2		GL892935.2	GL892935.2	NW_003537711.2
susScr3:GL892936-1	GL892936-1		GL892936.1	GL892936.1	NW_003537712.1
susScr3:GL892937-1	GL892937-1		GL892937.1	GL892937.1	NW_003537713.1
susScr3:GL892939-2	GL892939-2		GL892939.2	GL892939.2	NW_003537715.2
susScr3:GL892940-2	GL892940-2		GL892940.2	GL892940.2	NW_003537716.2
susScr3:GL892941-1	GL892941-1		GL892941.1	GL892941.1	NW_003537717.1
susScr3:GL892942-2	GL892942-2		GL892942.2	GL892942.2	NW_003537718.2
susScr3:GL892944-1	GL892944-1		GL892944.1	GL892944.1	NW_003537720.1
susScr3:GL892945-1	GL892945-1		GL892945.1	GL892945.1	NW_003537721.1
susScr3:GL892946-2	GL892946-2		GL892946.2	GL892946.2	NW_003537722.2
susScr3:GL892949-2	GL892949-2		GL892949.2	GL892949.2	NW_003537725.2
susScr3:GL892951-2	GL892951-2		GL892951.2	GL892951.2	NW_003537727.2
susScr3:GL892953-2	GL892953-2		GL892953.2	GL892953.2	NW_003537729.2
susScr3:GL892954-1	GL892954-1		GL892954.1	GL892954.1	NW_003537730.1
susScr3:GL892955-2	GL892955-2		GL892955.2	GL892955.2	NW_003537731.2
susScr3:GL892956-1	GL892956-1		GL892956.1	GL892956.1	NW_003537732.1
susScr3:GL892957-1	GL892957-1		GL892957.1	GL892957.1	NW_003537733.1
susScr3:GL892958-2	GL892958-2		GL892958.2	GL892958.2	NW_003537734.2
susScr3:GL892959-1	GL892959-1		GL892959.1	GL892959.1	NW_003537735.1
susScr3:GL892960-2	GL892960-2		GL892960.2	GL892960.2	NW_003537736.2
susScr3:GL892961-2	GL892961-2		GL892961.2	GL892961.2	NW_003537737.2
susScr3:GL892962-1	GL892962-1		GL892962.1	GL892962.1	NW_003537738.1
susScr3:GL892963-1	GL892963-1		GL892963.1	GL892963.1	NW_003537739.1
susScr3:GL892964-2	GL892964-2		GL892964.2	GL892964.2	NW_003537740.2
susScr3:GL892965-1	GL892965-1		GL892965.1	GL892965.1	NW_003537741.1
susScr3:GL892966-2	GL892966-2		GL892966.2	GL892966.2	NW_003537742.2
susScr3:GL892967-1	GL892967-1		GL892967.1	GL892967.1	NW_003537743.1
susScr3:GL892969-1	GL892969-1		GL892969.1	GL892969.1	NW_003537745.1
susScr3:GL892971-1	GL892971-1		GL892971.1	GL892971.1	NW_003537747.1
susScr3:GL892972-1	GL892972-1		GL892972.1	GL892972.1	NW_003537748.1
susScr3:GL892974-2	GL892974-2		GL892974.2	GL892974.2	NW_003537750.2
susScr3:GL892975-2	GL892975-2		GL892975.2	GL892975.2	NW_003537751.2
susScr3:GL892976-1	GL892976-1		GL892976.1	GL892976.1	NW_003537752.1
susScr3:GL892977-1	GL892977-1		GL892977.1	GL892977.1	NW_003537753.1
susScr3:GL892978-1	GL892978-1		GL892978.1	GL892978.1	NW_003537754.1
susScr3:GL892979-1	GL892979-1		GL892979.1	GL892979.1	NW_003537755.1
susScr3:GL892980-2	GL892980-2		GL892980.2	GL892980.2	NW_003537756.2
susScr3:GL892981-1	GL892981-1		GL892981.1	GL892981.1	NW_003537757.1
susScr3:GL892983-1	GL892983-1		GL892983.1	GL892983.1	NW_003537759.1
susScr3:GL892984-1	GL892984-1		GL892984.1	GL892984.1	NW_003537760.1
susScr3:GL892985-1	GL892985-1		GL892985.1	GL892985.1	NW_003537761.1
susScr3:GL892988-2	GL892988-2		GL892988.2	GL892988.2	NW_003537764.2
susScr3:GL892989-1	GL892989-1		GL892989.1	GL892989.1	NW_003537765.1
susScr3:GL892990-1	GL892990-1		GL892990.1	GL892990.1	NW_003537766.1
susScr3:GL892991-2	GL892991-2		GL892991.2	GL892991.2	NW_003537767.2
susScr3:GL892993-1	GL892993-1		GL892993.1	GL892993.1	NW_003537769.1
susScr3:GL892994-1	GL892994-1		GL892994.1	GL892994.1	NW_003537770.1
susScr3:GL892995-2	GL892995-2		GL892995.2	GL892995.2	NW_003537771.2
susScr3:GL892999-2	GL892999-2		GL892999.2	GL892999.2	NW_003537775.2
susScr3:GL893000-2	GL893000-2		GL893000.2	GL893000.2	NW_003537776.2
susScr3:GL893001-1	GL893001-1		GL893001.1	GL893001.1	NW_003537777.1
susScr3:GL893002-2	GL893002-2		GL893002.2	GL893002.2	NW_003537778.2
susScr3:GL893003-1	GL893003-1		GL893003.1	GL893003.1	NW_003537779.1
susScr3:GL893005-2	GL893005-2		GL893005.2	GL893005.2	NW_003537781.2
susScr3:GL893006-1	GL893006-1		GL893006.1	GL893006.1	NW_003537782.1
susScr3:GL893007-1	GL893007-1		GL893007.1	GL893007.1	NW_003537783.1
susScr3:GL893008-2	GL893008-2		GL893008.2	GL893008.2	NW_003537784.2
susScr3:GL893009-1	GL893009-1		GL893009.1	GL893009.1	NW_003537785.1
susScr3:GL893010-2	GL893010-2		GL893010.2	GL893010.2	NW_003537786.2
susScr3:GL893011-1	GL893011-1		GL893011.1	GL893011.1	NW_003537787.1
susScr3:GL893012-1	GL893012-1		GL893012.1	GL893012.1	NW_003537788.1
susScr3:GL893013-2	GL893013-2		GL893013.2	GL893013.2	NW_003537789.2
susScr3:GL893014-2	GL893014-2		GL893014.2	GL893014.2	NW_003537790.2
susScr3:GL893015-2	GL893015-2		GL893015.2	GL893015.2	NW_003537791.2
susScr3:GL893016-2	GL893016-2		GL893016.2	GL893016.2	NW_003537792.2
susScr3:GL893018-1	GL893018-1		GL893018.1	GL893018.1	NW_003537794.1
susScr3:GL893019-2	GL893019-2		GL893019.2	GL893019.2	NW_003537795.2
susScr3:GL893020-2	GL893020-2		GL893020.2	GL893020.2	NW_003537796.2
susScr3:GL893021-2	GL893021-2		GL893021.2	GL893021.2	NW_003537797.2
susScr3:GL893023-1	GL893023-1		GL893023.1	GL893023.1	NW_003537799.1
susScr3:GL893025-1	GL893025-1		GL893025.1	GL893025.1	NW_003537801.1
susScr3:GL893026-2	GL893026-2		GL893026.2	GL893026.2	NW_003537802.2
susScr3:GL893027-2	GL893027-2		GL893027.2	GL893027.2	NW_003537803.2
susScr3:GL893028-2	GL893028-2		GL893028.2	GL893028.2	NW_003537804.2
susScr3:GL893029-2	GL893029-2		GL893029.2	GL893029.2	NW_003537805.2
susScr3:GL893030-1	GL893030-1		GL893030.1	GL893030.1	NW_003537806.1
susScr3:GL893031-2	GL893031-2		GL893031.2	GL893031.2	NW_003537807.2
susScr3:GL893032-1	GL893032-1		GL893032.1	GL893032.1	NW_003537808.1
susScr3:GL893033-1	GL893033-1		GL893033.1	GL893033.1	NW_003537809.1
susScr3:GL893034-1	GL893034-1		GL893034.1	GL893034.1	NW_003537810.1
susScr3:GL893035-1	GL893035-1		GL893035.1	GL893035.1	NW_003537811.1
susScr3:GL893036-1	GL893036-1		GL893036.1	GL893036.1	NW_003537812.1
susScr3:GL893037-2	GL893037-2		GL893037.2	GL893037.2	NW_003537813.2
susScr3:GL893038-1	GL893038-1		GL893038.1	GL893038.1	NW_003537814.1
susScr3:GL893039-2	GL893039-2		GL893039.2	GL893039.2	NW_003537815.2
susScr3:GL893042-1	GL893042-1		GL893042.1	GL893042.1	NW_003537818.1
susScr3:GL893043-1	GL893043-1		GL893043.1	GL893043.1	NW_003537819.1
susScr3:GL893044-1	GL893044-1		GL893044.1	GL893044.1	NW_003537820.1
susScr3:GL893045-1	GL893045-1		GL893045.1	GL893045.1	NW_003537821.1
susScr3:GL893046-1	GL893046-1		GL893046.1	GL893046.1	NW_003537822.1
susScr3:GL893047-2	GL893047-2		GL893047.2	GL893047.2	NW_003537823.2
susScr3:GL893048-2	GL893048-2		GL893048.2	GL893048.2	NW_003537824.2
susScr3:GL893050-2	GL893050-2		GL893050.2	GL893050.2	NW_003537826.2
susScr3:GL893051-2	GL893051-2		GL893051.2	GL893051.2	NW_003537827.2
susScr3:GL893052-1	GL893052-1		GL893052.1	GL893052.1	NW_003537828.1
susScr3:GL893053-1	GL893053-1		GL893053.1	GL893053.1	NW_003537829.1
susScr3:GL893055-2	GL893055-2		GL893055.2	GL893055.2	NW_003537831.2
susScr3:GL893056-1	GL893056-1		GL893056.1	GL893056.1	NW_003537832.1
susScr3:GL893057-1	GL893057-1		GL893057.1	GL893057.1	NW_003537833.1
susScr3:GL893061-2	GL893061-2		GL893061.2	GL893061.2	NW_003537837.2
susScr3:GL893063-2	GL893063-2		GL893063.2	GL893063.2	NW_003537839.2
susScr3:GL893064-1	GL893064-1		GL893064.1	GL893064.1	NW_003537840.1
susScr3:GL893065-2	GL893065-2		GL893065.2	GL893065.2	NW_003537841.2
susScr3:GL893067-1	GL893067-1		GL893067.1	GL893067.1	NW_003537843.1
susScr3:GL893069-1	GL893069-1		GL893069.1	GL893069.1	NW_003537845.1
susScr3:GL893070-1	GL893070-1		GL893070.1	GL893070.1	NW_003537846.1
susScr3:GL893071-1	GL893071-1		GL893071.1	GL893071.1	NW_003537847.1
susScr3:GL893072-1	GL893072-1		GL893072.1	GL893072.1	NW_003537848.1
susScr3:GL893073-2	GL893073-2		GL893073.2	GL893073.2	NW_003537849.2
susScr3:GL893074-1	GL893074-1		GL893074.1	GL893074.1	NW_003537850.1
susScr3:GL893075-2	GL893075-2		GL893075.2	GL893075.2	NW_003537851.2
susScr3:GL893076-2	GL893076-2		GL893076.2	GL893076.2	NW_003537852.2
susScr3:GL893077-1	GL893077-1		GL893077.1	GL893077.1	NW_003537853.1
susScr3:GL893078-1	GL893078-1		GL893078.1	GL893078.1	NW_003537854.1
susScr3:GL893079-2	GL893079-2		GL893079.2	GL893079.2	NW_003537855.2
susScr3:GL893080-2	GL893080-2		GL893080.2	GL893080.2	NW_003537856.2
susScr3:GL893081-1	GL893081-1		GL893081.1	GL893081.1	NW_003537857.1
susScr3:GL893084-1	GL893084-1		GL893084.1	GL893084.1	NW_003537860.1
susScr3:GL893085-2	GL893085-2		GL893085.2	GL893085.2	NW_003537861.2
susScr3:GL893086-1	GL893086-1		GL893086.1	GL893086.1	NW_003537862.1
susScr3:GL893087-1	GL893087-1		GL893087.1	GL893087.1	NW_003537863.1
susScr3:GL893088-1	GL893088-1		GL893088.1	GL893088.1	NW_003537864.1
susScr3:GL893089-1	GL893089-1		GL893089.1	GL893089.1	NW_003537865.1
susScr3:GL893090-2	GL893090-2		GL893090.2	GL893090.2	NW_003537866.2
susScr3:GL893093-2	GL893093-2		GL893093.2	GL893093.2	NW_003537869.2
susScr3:GL893095-2	GL893095-2		GL893095.2	GL893095.2	NW_003537871.2
susScr3:GL893096-2	GL893096-2		GL893096.2	GL893096.2	NW_003537872.2
susScr3:GL893098-2	GL893098-2		GL893098.2	GL893098.2	NW_003537874.2
susScr3:GL893099-2	GL893099-2		GL893099.2	GL893099.2	NW_003537875.2
susScr3:GL893100-1	GL893100-1		GL893100.1	GL893100.1	NW_003537876.1
susScr3:GL893101-1	GL893101-1		GL893101.1	GL893101.1	NW_003537877.1
susScr3:GL893102-1	GL893102-1		GL893102.1	GL893102.1	NW_003537878.1
susScr3:GL893103-2	GL893103-2		GL893103.2	GL893103.2	NW_003537879.2
susScr3:GL893104-2	GL893104-2		GL893104.2	GL893104.2	NW_003537880.2
susScr3:GL893105-2	GL893105-2		GL893105.2	GL893105.2	NW_003537881.2
susScr3:GL893106-2	GL893106-2		GL893106.2	GL893106.2	NW_003537882.2
susScr3:GL893107-2	GL893107-2		GL893107.2	GL893107.2	NW_003537883.2
susScr3:GL893108-1	GL893108-1		GL893108.1	GL893108.1	NW_003537884.1
susScr3:GL893109-2	GL893109-2		GL893109.2	GL893109.2	NW_003537885.2
susScr3:GL893110-2	GL893110-2		GL893110.2	GL893110.2	NW_003537886.2
susScr3:GL893111-2	GL893111-2		GL893111.2	GL893111.2	NW_003537887.2
susScr3:GL893112-1	GL893112-1		GL893112.1	GL893112.1	NW_003537888.1
susScr3:GL893113-2	GL893113-2		GL893113.2	GL893113.2	NW_003537889.2
susScr3:GL893114-2	GL893114-2		GL893114.2	GL893114.2	NW_003537890.2
susScr3:GL893115-2	GL893115-2		GL893115.2	GL893115.2	NW_003537891.2
susScr3:GL893116-2	GL893116-2		GL893116.2	GL893116.2	NW_003537892.2
susScr3:GL893117-1	GL893117-1		GL893117.1	GL893117.1	NW_003537893.1
susScr3:GL893119-2	GL893119-2		GL893119.2	GL893119.2	NW_003537895.2
susScr3:GL893120-1	GL893120-1		GL893120.1	GL893120.1	NW_003537896.1
susScr3:GL893121-1	GL893121-1		GL893121.1	GL893121.1	NW_003537897.1
susScr3:GL893123-1	GL893123-1		GL893123.1	GL893123.1	NW_003537899.1
susScr3:GL893124-1	GL893124-1		GL893124.1	GL893124.1	NW_003537900.1
susScr3:GL893125-2	GL893125-2		GL893125.2	GL893125.2	NW_003537901.2
susScr3:GL893127-2	GL893127-2		GL893127.2	GL893127.2	NW_003537903.2
susScr3:GL893128-1	GL893128-1		GL893128.1	GL893128.1	NW_003537904.1
susScr3:GL893129-2	GL893129-2		GL893129.2	GL893129.2	NW_003537905.2
susScr3:GL893131-2	GL893131-2		GL893131.2	GL893131.2	NW_003537907.2
susScr3:GL893133-2	GL893133-2		GL893133.2	GL893133.2	NW_003537909.2
susScr3:GL893134-1	GL893134-1		GL893134.1	GL893134.1	NW_003537910.1
susScr3:GL893135-2	GL893135-2		GL893135.2	GL893135.2	NW_003537911.2
susScr3:GL893136-2	GL893136-2		GL893136.2	GL893136.2	NW_003537912.2
susScr3:GL893137-2	GL893137-2		GL893137.2	GL893137.2	NW_003537913.2
susScr3:GL893138-2	GL893138-2		GL893138.2	GL893138.2	NW_003537914.2
susScr3:GL893141-1	GL893141-1		GL893141.1	GL893141.1	NW_003537917.1
susScr3:GL893142-1	GL893142-1		GL893142.1	GL893142.1	NW_003537918.1
susScr3:GL893143-2	GL893143-2		GL893143.2	GL893143.2	NW_003537919.2
susScr3:GL893145-1	GL893145-1		GL893145.1	GL893145.1	NW_003537921.1
susScr3:GL893146-1	GL893146-1		GL893146.1	GL893146.1	NW_003537922.1
susScr3:GL893148-1	GL893148-1		GL893148.1	GL893148.1	NW_003537924.1
susScr3:GL893149-1	GL893149-1		GL893149.1	GL893149.1	NW_003537925.1
susScr3:GL893150-1	GL893150-1		GL893150.1	GL893150.1	NW_003537926.1
susScr3:GL893151-2	GL893151-2		GL893151.2	GL893151.2	NW_003537927.2
susScr3:GL893152-2	GL893152-2		GL893152.2	GL893152.2	NW_003537928.2
susScr3:GL893153-2	GL893153-2		GL893153.2	GL893153.2	NW_003537929.2
susScr3:GL893154-2	GL893154-2		GL893154.2	GL893154.2	NW_003537930.2
susScr3:GL893156-1	GL893156-1		GL893156.1	GL893156.1	NW_003537932.1
susScr3:GL893157-2	GL893157-2		GL893157.2	GL893157.2	NW_003537933.2
susScr3:GL893159-2	GL893159-2		GL893159.2	GL893159.2	NW_003537935.2
susScr3:GL893160-1	GL893160-1		GL893160.1	GL893160.1	NW_003537936.1
susScr3:GL893161-2	GL893161-2		GL893161.2	GL893161.2	NW_003537937.2
susScr3:GL893162-2	GL893162-2		GL893162.2	GL893162.2	NW_003537938.2
susScr3:GL893164-2	GL893164-2		GL893164.2	GL893164.2	NW_003537940.2
susScr3:GL893166-1	GL893166-1		GL893166.1	GL893166.1	NW_003537942.1
susScr3:GL893167-1	GL893167-1		GL893167.1	GL893167.1	NW_003537943.1
susScr3:GL893168-1	GL893168-1		GL893168.1	GL893168.1	NW_003537944.1
susScr3:GL893169-2	GL893169-2		GL893169.2	GL893169.2	NW_003537945.2
susScr3:GL893171-1	GL893171-1		GL893171.1	GL893171.1	NW_003537947.1
susScr3:GL893172-1	GL893172-1		GL893172.1	GL893172.1	NW_003537948.1
susScr3:GL893173-1	GL893173-1		GL893173.1	GL893173.1	NW_003537949.1
susScr3:GL893174-2	GL893174-2		GL893174.2	GL893174.2	NW_003537950.2
susScr3:GL893176-2	GL893176-2		GL893176.2	GL893176.2	NW_003537952.2
susScr3:GL893177-2	GL893177-2		GL893177.2	GL893177.2	NW_003537953.2
susScr3:GL893178-1	GL893178-1		GL893178.1	GL893178.1	NW_003537954.1
susScr3:GL893179-1	GL893179-1		GL893179.1	GL893179.1	NW_003537955.1
susScr3:GL893180-2	GL893180-2		GL893180.2	GL893180.2	NW_003537956.2
susScr3:GL893181-2	GL893181-2		GL893181.2	GL893181.2	NW_003537957.2
susScr3:GL893182-2	GL893182-2		GL893182.2	GL893182.2	NW_003537958.2
susScr3:GL893184-2	GL893184-2		GL893184.2	GL893184.2	NW_003537960.2
susScr3:GL893185-2	GL893185-2		GL893185.2	GL893185.2	NW_003537961.2
susScr3:GL893186-1	GL893186-1		GL893186.1	GL893186.1	NW_003537962.1
susScr3:GL893187-1	GL893187-1		GL893187.1	GL893187.1	NW_003537963.1
susScr3:GL893188-1	GL893188-1		GL893188.1	GL893188.1	NW_003537964.1
susScr3:GL893189-1	GL893189-1		GL893189.1	GL893189.1	NW_003537965.1
susScr3:GL893190-1	GL893190-1		GL893190.1	GL893190.1	NW_003537966.1
susScr3:GL893191-2	GL893191-2		GL893191.2	GL893191.2	NW_003537967.2
susScr3:GL893192-2	GL893192-2		GL893192.2	GL893192.2	NW_003537968.2
susScr3:GL893195-1	GL893195-1		GL893195.1	GL893195.1	NW_003537971.1
susScr3:GL893196-1	GL893196-1		GL893196.1	GL893196.1	NW_003537972.1
susScr3:GL893197-1	GL893197-1		GL893197.1	GL893197.1	NW_003537973.1
susScr3:GL893198-2	GL893198-2		GL893198.2	GL893198.2	NW_003537974.2
susScr3:GL893199-2	GL893199-2		GL893199.2	GL893199.2	NW_003537975.2
susScr3:GL893200-1	GL893200-1		GL893200.1	GL893200.1	NW_003537976.1
susScr3:GL893202-1	GL893202-1		GL893202.1	GL893202.1	NW_003537978.1
susScr3:GL893203-2	GL893203-2		GL893203.2	GL893203.2	NW_003537979.2
susScr3:GL893204-2	GL893204-2		GL893204.2	GL893204.2	NW_003537980.2
susScr3:GL893205-2	GL893205-2		GL893205.2	GL893205.2	NW_003537981.2
susScr3:GL893206-2	GL893206-2		GL893206.2	GL893206.2	NW_003537982.2
susScr3:GL893207-1	GL893207-1		GL893207.1	GL893207.1	NW_003537983.1
susScr3:GL893208-1	GL893208-1		GL893208.1	GL893208.1	NW_003537984.1
susScr3:GL893209-1	GL893209-1		GL893209.1	GL893209.1	NW_003537985.1
susScr3:GL893210-2	GL893210-2		GL893210.2	GL893210.2	NW_003537986.2
susScr3:GL893211-1	GL893211-1		GL893211.1	GL893211.1	NW_003537987.1
susScr3:GL893212-1	GL893212-1		GL893212.1	GL893212.1	NW_003537988.1
susScr3:GL893213-1	GL893213-1		GL893213.1	GL893213.1	NW_003537989.1
susScr3:GL893214-2	GL893214-2		GL893214.2	GL893214.2	NW_003537990.2
susScr3:GL893217-2	GL893217-2		GL893217.2	GL893217.2	NW_003537993.2
susScr3:GL893218-1	GL893218-1		GL893218.1	GL893218.1	NW_003537994.1
susScr3:GL893219-2	GL893219-2		GL893219.2	GL893219.2	NW_003537995.2
susScr3:GL893220-1	GL893220-1		GL893220.1	GL893220.1	NW_003537996.1
susScr3:GL893221-2	GL893221-2		GL893221.2	GL893221.2	NW_003537997.2
susScr3:GL893222-2	GL893222-2		GL893222.2	GL893222.2	NW_003537998.2
susScr3:GL893223-2	GL893223-2		GL893223.2	GL893223.2	NW_003537999.2
susScr3:GL893224-1	GL893224-1		GL893224.1	GL893224.1	NW_003538000.1
susScr3:GL893225-1	GL893225-1		GL893225.1	GL893225.1	NW_003538001.1
susScr3:GL893226-1	GL893226-1		GL893226.1	GL893226.1	NW_003538002.1
susScr3:GL893227-1	GL893227-1		GL893227.1	GL893227.1	NW_003538003.1
susScr3:GL893228-2	GL893228-2		GL893228.2	GL893228.2	NW_003538004.2
susScr3:GL893229-1	GL893229-1		GL893229.1	GL893229.1	NW_003538005.1
susScr3:GL893230-2	GL893230-2		GL893230.2	GL893230.2	NW_003538006.2
susScr3:GL893231-1	GL893231-1		GL893231.1	GL893231.1	NW_003538007.1
susScr3:GL893233-1	GL893233-1		GL893233.1	GL893233.1	NW_003538009.1
susScr3:GL893234-1	GL893234-1		GL893234.1	GL893234.1	NW_003538010.1
susScr3:GL893235-1	GL893235-1		GL893235.1	GL893235.1	NW_003538011.1
susScr3:GL893236-2	GL893236-2		GL893236.2	GL893236.2	NW_003538012.2
susScr3:GL893238-2	GL893238-2		GL893238.2	GL893238.2	NW_003538014.2
susScr3:GL893239-1	GL893239-1		GL893239.1	GL893239.1	NW_003538015.1
susScr3:GL893241-2	GL893241-2		GL893241.2	GL893241.2	NW_003538017.2
susScr3:GL893243-1	GL893243-1		GL893243.1	GL893243.1	NW_003538019.1
susScr3:GL893244-2	GL893244-2		GL893244.2	GL893244.2	NW_003538020.2
susScr3:GL893245-2	GL893245-2		GL893245.2	GL893245.2	NW_003538021.2
susScr3:GL893246-1	GL893246-1		GL893246.1	GL893246.1	NW_003538022.1
susScr3:GL893247-2	GL893247-2		GL893247.2	GL893247.2	NW_003538023.2
susScr3:GL893248-2	GL893248-2		GL893248.2	GL893248.2	NW_003538024.2
susScr3:GL893250-1	GL893250-1		GL893250.1	GL893250.1	NW_003538026.1
susScr3:GL893251-1	GL893251-1		GL893251.1	GL893251.1	NW_003538027.1
susScr3:GL893252-1	GL893252-1		GL893252.1	GL893252.1	NW_003538028.1
susScr3:GL893253-2	GL893253-2		GL893253.2	GL893253.2	NW_003538029.2
susScr3:GL893254-2	GL893254-2		GL893254.2	GL893254.2	NW_003538030.2
susScr3:GL893256-1	GL893256-1		GL893256.1	GL893256.1	NW_003538032.1
susScr3:GL893257-1	GL893257-1		GL893257.1	GL893257.1	NW_003538033.1
susScr3:GL893259-1	GL893259-1		GL893259.1	GL893259.1	NW_003538035.1
susScr3:GL893260-1	GL893260-1		GL893260.1	GL893260.1	NW_003538036.1
susScr3:GL893261-1	GL893261-1		GL893261.1	GL893261.1	NW_003538037.1
susScr3:GL893262-1	GL893262-1		GL893262.1	GL893262.1	NW_003538038.1
susScr3:GL893264-1	GL893264-1		GL893264.1	GL893264.1	NW_003538040.1
susScr3:GL893265-1	GL893265-1		GL893265.1	GL893265.1	NW_003538041.1
susScr3:GL893266-2	GL893266-2		GL893266.2	GL893266.2	NW_003538042.2
susScr3:GL893267-2	GL893267-2		GL893267.2	GL893267.2	NW_003538043.2
susScr3:GL893268-1	GL893268-1		GL893268.1	GL893268.1	NW_003538044.1
susScr3:GL893269-1	GL893269-1		GL893269.1	GL893269.1	NW_003538045.1
susScr3:GL893270-2	GL893270-2		GL893270.2	GL893270.2	NW_003538046.2
susScr3:GL893271-1	GL893271-1		GL893271.1	GL893271.1	NW_003538047.1
susScr3:GL893272-2	GL893272-2		GL893272.2	GL893272.2	NW_003538048.2
susScr3:GL893273-1	GL893273-1		GL893273.1	GL893273.1	NW_003538049.1
susScr3:GL893274-2	GL893274-2		GL893274.2	GL893274.2	NW_003538050.2
susScr3:GL893275-2	GL893275-2		GL893275.2	GL893275.2	NW_003538051.2
susScr3:GL893276-1	GL893276-1		GL893276.1	GL893276.1	NW_003538052.1
susScr3:GL893279-1	GL893279-1		GL893279.1	GL893279.1	NW_003538055.1
susScr3:GL893280-1	GL893280-1		GL893280.1	GL893280.1	NW_003538056.1
susScr3:GL893283-2	GL893283-2		GL893283.2	GL893283.2	NW_003538059.2
susScr3:GL893285-2	GL893285-2		GL893285.2	GL893285.2	NW_003538061.2
susScr3:GL893286-2	GL893286-2		GL893286.2	GL893286.2	NW_003538062.2
susScr3:GL893287-1	GL893287-1		GL893287.1	GL893287.1	NW_003538063.1
susScr3:GL893288-2	GL893288-2		GL893288.2	GL893288.2	NW_003538064.2
susScr3:GL893289-1	GL893289-1		GL893289.1	GL893289.1	NW_003538065.1
susScr3:GL893290-1	GL893290-1		GL893290.1	GL893290.1	NW_003538066.1
susScr3:GL893293-1	GL893293-1		GL893293.1	GL893293.1	NW_003538069.1
susScr3:GL893296-2	GL893296-2		GL893296.2	GL893296.2	NW_003538072.2
susScr3:GL893298-2	GL893298-2		GL893298.2	GL893298.2	NW_003538074.2
susScr3:GL893299-2	GL893299-2		GL893299.2	GL893299.2	NW_003538075.2
susScr3:GL893300-1	GL893300-1		GL893300.1	GL893300.1	NW_003538076.1
susScr3:GL893301-1	GL893301-1		GL893301.1	GL893301.1	NW_003538077.1
susScr3:GL893302-1	GL893302-1		GL893302.1	GL893302.1	NW_003538078.1
susScr3:GL893303-2	GL893303-2		GL893303.2	GL893303.2	NW_003538079.2
susScr3:GL893304-1	GL893304-1		GL893304.1	GL893304.1	NW_003538080.1
susScr3:GL893305-1	GL893305-1		GL893305.1	GL893305.1	NW_003538081.1
susScr3:GL893307-1	GL893307-1		GL893307.1	GL893307.1	NW_003538083.1
susScr3:GL893309-2	GL893309-2		GL893309.2	GL893309.2	NW_003538085.2
susScr3:GL893310-2	GL893310-2		GL893310.2	GL893310.2	NW_003538086.2
susScr3:GL893311-1	GL893311-1		GL893311.1	GL893311.1	NW_003538087.1
susScr3:GL893312-1	GL893312-1		GL893312.1	GL893312.1	NW_003538088.1
susScr3:GL893313-2	GL893313-2		GL893313.2	GL893313.2	NW_003538089.2
susScr3:GL893315-1	GL893315-1		GL893315.1	GL893315.1	NW_003538091.1
susScr3:GL893316-1	GL893316-1		GL893316.1	GL893316.1	NW_003538092.1
susScr3:GL893317-2	GL893317-2		GL893317.2	GL893317.2	NW_003538093.2
susScr3:GL893318-1	GL893318-1		GL893318.1	GL893318.1	NW_003538094.1
susScr3:GL893319-1	GL893319-1		GL893319.1	GL893319.1	NW_003538095.1
susScr3:GL893320-2	GL893320-2		GL893320.2	GL893320.2	NW_003538096.2
susScr3:GL893321-1	GL893321-1		GL893321.1	GL893321.1	NW_003538097.1
susScr3:GL893322-2	GL893322-2		GL893322.2	GL893322.2	NW_003538098.2
susScr3:GL893323-1	GL893323-1		GL893323.1	GL893323.1	NW_003538099.1
susScr3:GL893324-1	GL893324-1		GL893324.1	GL893324.1	NW_003538100.1
susScr3:GL893325-2	GL893325-2		GL893325.2	GL893325.2	NW_003538101.2
susScr3:GL893326-1	GL893326-1		GL893326.1	GL893326.1	NW_003538102.1
susScr3:GL893327-2	GL893327-2		GL893327.2	GL893327.2	NW_003538103.2
susScr3:GL893328-1	GL893328-1		GL893328.1	GL893328.1	NW_003538104.1
susScr3:GL893329-2	GL893329-2		GL893329.2	GL893329.2	NW_003538105.2
susScr3:GL893330-2	GL893330-2		GL893330.2	GL893330.2	NW_003538106.2
susScr3:GL893331-2	GL893331-2		GL893331.2	GL893331.2	NW_003538107.2
susScr3:GL893332-1	GL893332-1		GL893332.1	GL893332.1	NW_003538108.1
susScr3:GL893333-2	GL893333-2		GL893333.2	GL893333.2	NW_003538109.2
susScr3:GL893334-2	GL893334-2		GL893334.2	GL893334.2	NW_003538110.2
susScr3:GL893335-1	GL893335-1		GL893335.1	GL893335.1	NW_003538111.1
susScr3:GL893337-2	GL893337-2		GL893337.2	GL893337.2	NW_003538113.2
susScr3:GL893338-1	GL893338-1		GL893338.1	GL893338.1	NW_003538114.1
susScr3:GL893339-2	GL893339-2		GL893339.2	GL893339.2	NW_003538115.2
susScr3:GL893342-1	GL893342-1		GL893342.1	GL893342.1	NW_003538118.1
susScr3:GL893343-2	GL893343-2		GL893343.2	GL893343.2	NW_003538119.2
susScr3:GL893344-2	GL893344-2		GL893344.2	GL893344.2	NW_003538120.2
susScr3:GL893346-1	GL893346-1		GL893346.1	GL893346.1	NW_003538122.1
susScr3:GL893348-1	GL893348-1		GL893348.1	GL893348.1	NW_003538124.1
susScr3:GL893349-1	GL893349-1		GL893349.1	GL893349.1	NW_003538125.1
susScr3:GL893350-2	GL893350-2		GL893350.2	GL893350.2	NW_003538126.2
susScr3:GL893351-2	GL893351-2		GL893351.2	GL893351.2	NW_003538127.2
susScr3:GL893352-1	GL893352-1		GL893352.1	GL893352.1	NW_003538128.1
susScr3:GL893356-2	GL893356-2		GL893356.2	GL893356.2	NW_003538132.2
susScr3:GL893357-1	GL893357-1		GL893357.1	GL893357.1	NW_003538133.1
susScr3:GL893358-2	GL893358-2		GL893358.2	GL893358.2	NW_003538134.2
susScr3:GL893359-2	GL893359-2		GL893359.2	GL893359.2	NW_003538135.2
susScr3:GL893360-2	GL893360-2		GL893360.2	GL893360.2	NW_003538136.2
susScr3:GL893361-1	GL893361-1		GL893361.1	GL893361.1	NW_003538137.1
susScr3:GL893362-2	GL893362-2		GL893362.2	GL893362.2	NW_003538138.2
susScr3:GL893363-2	GL893363-2		GL893363.2	GL893363.2	NW_003538139.2
susScr3:GL893364-2	GL893364-2		GL893364.2	GL893364.2	NW_003538140.2
susScr3:GL893366-1	GL893366-1		GL893366.1	GL893366.1	NW_003538142.1
susScr3:GL893367-1	GL893367-1		GL893367.1	GL893367.1	NW_003538143.1
susScr3:GL893368-1	GL893368-1		GL893368.1	GL893368.1	NW_003538144.1
susScr3:GL893370-2	GL893370-2		GL893370.2	GL893370.2	NW_003538146.2
susScr3:GL893372-1	GL893372-1		GL893372.1	GL893372.1	NW_003538148.1
susScr3:GL893373-1	GL893373-1		GL893373.1	GL893373.1	NW_003538149.1
susScr3:GL893374-2	GL893374-2		GL893374.2	GL893374.2	NW_003538150.2
susScr3:GL893376-1	GL893376-1		GL893376.1	GL893376.1	NW_003538152.1
susScr3:GL893377-2	GL893377-2		GL893377.2	GL893377.2	NW_003538153.2
susScr3:GL893378-2	GL893378-2		GL893378.2	GL893378.2	NW_003538154.2
susScr3:GL893379-1	GL893379-1		GL893379.1	GL893379.1	NW_003538155.1
susScr3:GL893381-1	GL893381-1		GL893381.1	GL893381.1	NW_003538157.1
susScr3:GL893382-1	GL893382-1		GL893382.1	GL893382.1	NW_003538158.1
susScr3:GL893383-2	GL893383-2		GL893383.2	GL893383.2	NW_003538159.2
susScr3:GL893384-1	GL893384-1		GL893384.1	GL893384.1	NW_003538160.1
susScr3:GL893385-2	GL893385-2		GL893385.2	GL893385.2	NW_003538161.2
susScr3:GL893386-1	GL893386-1		GL893386.1	GL893386.1	NW_003538162.1
susScr3:GL893387-2	GL893387-2		GL893387.2	GL893387.2	NW_003538163.2
susScr3:GL893389-1	GL893389-1		GL893389.1	GL893389.1	NW_003538165.1
susScr3:GL893390-1	GL893390-1		GL893390.1	GL893390.1	NW_003538166.1
susScr3:GL893392-2	GL893392-2		GL893392.2	GL893392.2	NW_003538168.2
susScr3:GL893393-2	GL893393-2		GL893393.2	GL893393.2	NW_003538169.2
susScr3:GL893394-1	GL893394-1		GL893394.1	GL893394.1	NW_003538170.1
susScr3:GL893395-1	GL893395-1		GL893395.1	GL893395.1	NW_003538171.1
susScr3:GL893396-1	GL893396-1		GL893396.1	GL893396.1	NW_003538172.1
susScr3:GL893397-2	GL893397-2		GL893397.2	GL893397.2	NW_003538173.2
susScr3:GL893398-2	GL893398-2		GL893398.2	GL893398.2	NW_003538174.2
susScr3:GL893399-2	GL893399-2		GL893399.2	GL893399.2	NW_003538175.2
susScr3:GL893400-2	GL893400-2		GL893400.2	GL893400.2	NW_003538176.2
susScr3:GL893401-1	GL893401-1		GL893401.1	GL893401.1	NW_003538177.1
susScr3:GL893402-2	GL893402-2		GL893402.2	GL893402.2	NW_003538178.2
susScr3:GL893404-2	GL893404-2		GL893404.2	GL893404.2	NW_003538180.2
susScr3:GL893405-2	GL893405-2		GL893405.2	GL893405.2	NW_003538181.2
susScr3:GL893406-2	GL893406-2		GL893406.2	GL893406.2	NW_003538182.2
susScr3:GL893407-2	GL893407-2		GL893407.2	GL893407.2	NW_003538183.2
susScr3:GL893409-2	GL893409-2		GL893409.2	GL893409.2	NW_003538185.2
susScr3:GL893410-2	GL893410-2		GL893410.2	GL893410.2	NW_003538186.2
susScr3:GL893411-2	GL893411-2		GL893411.2	GL893411.2	NW_003538187.2
susScr3:GL893412-1	GL893412-1		GL893412.1	GL893412.1	NW_003538188.1
susScr3:GL893413-1	GL893413-1		GL893413.1	GL893413.1	NW_003538189.1
susScr3:GL893414-1	GL893414-1		GL893414.1	GL893414.1	NW_003538190.1
susScr3:GL893415-2	GL893415-2		GL893415.2	GL893415.2	NW_003538191.2
susScr3:GL893417-1	GL893417-1		GL893417.1	GL893417.1	NW_003538193.1
susScr3:GL893418-1	GL893418-1		GL893418.1	GL893418.1	NW_003538194.1
susScr3:GL893419-2	GL893419-2		GL893419.2	GL893419.2	NW_003538195.2
susScr3:GL893420-1	GL893420-1		GL893420.1	GL893420.1	NW_003538196.1
susScr3:GL893421-1	GL893421-1		GL893421.1	GL893421.1	NW_003538197.1
susScr3:GL893422-1	GL893422-1		GL893422.1	GL893422.1	NW_003538198.1
susScr3:GL893423-1	GL893423-1		GL893423.1	GL893423.1	NW_003538199.1
susScr3:GL893424-1	GL893424-1		GL893424.1	GL893424.1	NW_003538200.1
susScr3:GL893425-2	GL893425-2		GL893425.2	GL893425.2	NW_003538201.2
susScr3:GL893426-2	GL893426-2		GL893426.2	GL893426.2	NW_003538202.2
susScr3:GL893427-2	GL893427-2		GL893427.2	GL893427.2	NW_003538203.2
susScr3:GL893429-2	GL893429-2		GL893429.2	GL893429.2	NW_003538205.2
susScr3:GL893430-2	GL893430-2		GL893430.2	GL893430.2	NW_003538206.2
susScr3:GL893431-2	GL893431-2		GL893431.2	GL893431.2	NW_003538207.2
susScr3:GL893432-2	GL893432-2		GL893432.2	GL893432.2	NW_003538208.2
susScr3:GL893433-2	GL893433-2		GL893433.2	GL893433.2	NW_003538209.2
susScr3:GL893434-1	GL893434-1		GL893434.1	GL893434.1	NW_003538210.1
susScr3:GL893435-1	GL893435-1		GL893435.1	GL893435.1	NW_003538211.1
susScr3:GL893437-2	GL893437-2		GL893437.2	GL893437.2	NW_003538213.2
susScr3:GL893440-2	GL893440-2		GL893440.2	GL893440.2	NW_003538216.2
susScr3:GL893442-1	GL893442-1		GL893442.1	GL893442.1	NW_003538218.1
susScr3:GL893443-1	GL893443-1		GL893443.1	GL893443.1	NW_003538219.1
susScr3:GL893444-1	GL893444-1		GL893444.1	GL893444.1	NW_003538220.1
susScr3:GL893445-2	GL893445-2		GL893445.2	GL893445.2	NW_003538221.2
susScr3:GL893446-1	GL893446-1		GL893446.1	GL893446.1	NW_003538222.1
susScr3:GL893447-1	GL893447-1		GL893447.1	GL893447.1	NW_003538223.1
susScr3:GL893448-2	GL893448-2		GL893448.2	GL893448.2	NW_003538224.2
susScr3:GL893449-1	GL893449-1		GL893449.1	GL893449.1	NW_003538225.1
susScr3:GL893450-2	GL893450-2		GL893450.2	GL893450.2	NW_003538226.2
susScr3:GL893451-1	GL893451-1		GL893451.1	GL893451.1	NW_003538227.1
susScr3:GL893454-2	GL893454-2		GL893454.2	GL893454.2	NW_003538230.2
susScr3:GL893455-1	GL893455-1		GL893455.1	GL893455.1	NW_003538231.1
susScr3:GL893457-1	GL893457-1		GL893457.1	GL893457.1	NW_003538233.1
susScr3:GL893458-2	GL893458-2		GL893458.2	GL893458.2	NW_003538234.2
susScr3:GL893459-1	GL893459-1		GL893459.1	GL893459.1	NW_003538235.1
susScr3:GL893460-2	GL893460-2		GL893460.2	GL893460.2	NW_003538236.2
susScr3:GL893461-2	GL893461-2		GL893461.2	GL893461.2	NW_003538237.2
susScr3:GL893462-2	GL893462-2		GL893462.2	GL893462.2	NW_003538238.2
susScr3:GL893464-1	GL893464-1		GL893464.1	GL893464.1	NW_003538240.1
susScr3:GL893465-2	GL893465-2		GL893465.2	GL893465.2	NW_003538241.2
susScr3:GL893467-1	GL893467-1		GL893467.1	GL893467.1	NW_003538243.1
susScr3:GL893468-1	GL893468-1		GL893468.1	GL893468.1	NW_003538244.1
susScr3:GL893469-1	GL893469-1		GL893469.1	GL893469.1	NW_003538245.1
susScr3:GL893471-1	GL893471-1		GL893471.1	GL893471.1	NW_003538247.1
susScr3:GL893472-1	GL893472-1		GL893472.1	GL893472.1	NW_003538248.1
susScr3:GL893473-2	GL893473-2		GL893473.2	GL893473.2	NW_003538249.2
susScr3:GL893475-1	GL893475-1		GL893475.1	GL893475.1	NW_003538251.1
susScr3:GL893476-2	GL893476-2		GL893476.2	GL893476.2	NW_003538252.2
susScr3:GL893477-1	GL893477-1		GL893477.1	GL893477.1	NW_003538253.1
susScr3:GL893478-1	GL893478-1		GL893478.1	GL893478.1	NW_003538254.1
susScr3:GL893479-1	GL893479-1		GL893479.1	GL893479.1	NW_003538255.1
susScr3:GL893480-1	GL893480-1		GL893480.1	GL893480.1	NW_003538256.1
susScr3:GL893481-1	GL893481-1		GL893481.1	GL893481.1	NW_003538257.1
susScr3:GL893482-2	GL893482-2		GL893482.2	GL893482.2	NW_003538258.2
susScr3:GL893483-1	GL893483-1		GL893483.1	GL893483.1	NW_003538259.1
susScr3:GL893485-2	GL893485-2		GL893485.2	GL893485.2	NW_003538261.2
susScr3:GL893486-2	GL893486-2		GL893486.2	GL893486.2	NW_003538262.2
susScr3:GL893488-2	GL893488-2		GL893488.2	GL893488.2	NW_003538264.2
susScr3:GL893489-2	GL893489-2		GL893489.2	GL893489.2	NW_003538265.2
susScr3:GL893490-1	GL893490-1		GL893490.1	GL893490.1	NW_003538266.1
susScr3:GL893491-2	GL893491-2		GL893491.2	GL893491.2	NW_003538267.2
susScr3:GL893494-1	GL893494-1		GL893494.1	GL893494.1	NW_003538270.1
susScr3:GL893495-1	GL893495-1		GL893495.1	GL893495.1	NW_003538271.1
susScr3:GL893496-1	GL893496-1		GL893496.1	GL893496.1	NW_003538272.1
susScr3:GL893497-2	GL893497-2		GL893497.2	GL893497.2	NW_003538273.2
susScr3:GL893498-1	GL893498-1		GL893498.1	GL893498.1	NW_003538274.1
susScr3:GL893500-1	GL893500-1		GL893500.1	GL893500.1	NW_003538276.1
susScr3:GL893501-1	GL893501-1		GL893501.1	GL893501.1	NW_003538277.1
susScr3:GL893502-1	GL893502-1		GL893502.1	GL893502.1	NW_003538278.1
susScr3:GL893503-1	GL893503-1		GL893503.1	GL893503.1	NW_003538279.1
susScr3:GL893504-1	GL893504-1		GL893504.1	GL893504.1	NW_003538280.1
susScr3:GL893505-2	GL893505-2		GL893505.2	GL893505.2	NW_003538281.2
susScr3:GL893507-1	GL893507-1		GL893507.1	GL893507.1	NW_003538283.1
susScr3:GL893509-1	GL893509-1		GL893509.1	GL893509.1	NW_003538285.1
susScr3:GL893510-2	GL893510-2		GL893510.2	GL893510.2	NW_003538286.2
susScr3:GL893511-2	GL893511-2		GL893511.2	GL893511.2	NW_003538287.2
susScr3:GL893512-1	GL893512-1		GL893512.1	GL893512.1	NW_003538288.1
susScr3:GL893513-2	GL893513-2		GL893513.2	GL893513.2	NW_003538289.2
susScr3:GL893514-2	GL893514-2		GL893514.2	GL893514.2	NW_003538290.2
susScr3:GL893515-1	GL893515-1		GL893515.1	GL893515.1	NW_003538291.1
susScr3:GL893516-1	GL893516-1		GL893516.1	GL893516.1	NW_003538292.1
susScr3:GL893519-2	GL893519-2		GL893519.2	GL893519.2	NW_003538295.2
susScr3:GL893520-1	GL893520-1		GL893520.1	GL893520.1	NW_003538296.1
susScr3:GL893521-2	GL893521-2		GL893521.2	GL893521.2	NW_003538297.2
susScr3:GL893522-2	GL893522-2		GL893522.2	GL893522.2	NW_003538298.2
susScr3:GL893523-1	GL893523-1		GL893523.1	GL893523.1	NW_003538299.1
susScr3:GL893524-1	GL893524-1		GL893524.1	GL893524.1	NW_003538300.1
susScr3:GL893525-2	GL893525-2		GL893525.2	GL893525.2	NW_003538301.2
susScr3:GL893526-2	GL893526-2		GL893526.2	GL893526.2	NW_003538302.2
susScr3:GL893527-1	GL893527-1		GL893527.1	GL893527.1	NW_003538303.1
susScr3:GL893528-2	GL893528-2		GL893528.2	GL893528.2	NW_003538304.2
susScr3:GL893529-2	GL893529-2		GL893529.2	GL893529.2	NW_003538305.2
susScr3:GL893532-2	GL893532-2		GL893532.2	GL893532.2	NW_003538308.2
susScr3:GL893533-2	GL893533-2		GL893533.2	GL893533.2	NW_003538309.2
susScr3:GL893534-1	GL893534-1		GL893534.1	GL893534.1	NW_003538310.1
susScr3:GL893537-1	GL893537-1		GL893537.1	GL893537.1	NW_003538313.1
susScr3:GL893538-2	GL893538-2		GL893538.2	GL893538.2	NW_003538314.2
susScr3:GL893539-2	GL893539-2		GL893539.2	GL893539.2	NW_003538315.2
susScr3:GL893542-2	GL893542-2		GL893542.2	GL893542.2	NW_003538318.2
susScr3:GL893543-2	GL893543-2		GL893543.2	GL893543.2	NW_003538319.2
susScr3:GL893544-2	GL893544-2		GL893544.2	GL893544.2	NW_003538320.2
susScr3:GL893545-1	GL893545-1		GL893545.1	GL893545.1	NW_003538321.1
susScr3:GL893546-1	GL893546-1		GL893546.1	GL893546.1	NW_003538322.1
susScr3:GL893547-1	GL893547-1		GL893547.1	GL893547.1	NW_003538323.1
susScr3:GL893548-2	GL893548-2		GL893548.2	GL893548.2	NW_003538324.2
susScr3:GL893549-2	GL893549-2		GL893549.2	GL893549.2	NW_003538325.2
susScr3:GL893550-2	GL893550-2		GL893550.2	GL893550.2	NW_003538326.2
susScr3:GL893551-2	GL893551-2		GL893551.2	GL893551.2	NW_003538327.2
susScr3:GL893552-1	GL893552-1		GL893552.1	GL893552.1	NW_003538328.1
susScr3:GL893553-2	GL893553-2		GL893553.2	GL893553.2	NW_003538329.2
susScr3:GL893554-2	GL893554-2		GL893554.2	GL893554.2	NW_003538330.2
susScr3:GL893555-1	GL893555-1		GL893555.1	GL893555.1	NW_003538331.1
susScr3:GL893557-1	GL893557-1		GL893557.1	GL893557.1	NW_003538333.1
susScr3:GL893558-1	GL893558-1		GL893558.1	GL893558.1	NW_003538334.1
susScr3:GL893559-2	GL893559-2		GL893559.2	GL893559.2	NW_003538335.2
susScr3:GL893560-1	GL893560-1		GL893560.1	GL893560.1	NW_003538336.1
susScr3:GL893561-1	GL893561-1		GL893561.1	GL893561.1	NW_003538337.1
susScr3:GL893562-2	GL893562-2		GL893562.2	GL893562.2	NW_003538338.2
susScr3:GL893563-1	GL893563-1		GL893563.1	GL893563.1	NW_003538339.1
susScr3:GL893564-1	GL893564-1		GL893564.1	GL893564.1	NW_003538340.1
susScr3:GL893565-1	GL893565-1		GL893565.1	GL893565.1	NW_003538341.1
susScr3:GL893566-2	GL893566-2		GL893566.2	GL893566.2	NW_003538342.2
susScr3:GL893568-1	GL893568-1		GL893568.1	GL893568.1	NW_003538344.1
susScr3:GL893569-2	GL893569-2		GL893569.2	GL893569.2	NW_003538345.2
susScr3:GL893571-2	GL893571-2		GL893571.2	GL893571.2	NW_003538347.2
susScr3:GL893572-2	GL893572-2		GL893572.2	GL893572.2	NW_003538348.2
susScr3:GL893573-1	GL893573-1		GL893573.1	GL893573.1	NW_003538349.1
susScr3:GL893574-2	GL893574-2		GL893574.2	GL893574.2	NW_003538350.2
susScr3:GL893575-2	GL893575-2		GL893575.2	GL893575.2	NW_003538351.2
susScr3:GL893578-2	GL893578-2		GL893578.2	GL893578.2	NW_003538354.2
susScr3:GL893579-1	GL893579-1		GL893579.1	GL893579.1	NW_003538355.1
susScr3:GL893580-2	GL893580-2		GL893580.2	GL893580.2	NW_003538356.2
susScr3:GL893581-2	GL893581-2		GL893581.2	GL893581.2	NW_003538357.2
susScr3:GL893582-1	GL893582-1		GL893582.1	GL893582.1	NW_003538358.1
susScr3:GL893584-1	GL893584-1		GL893584.1	GL893584.1	NW_003538360.1
susScr3:GL893585-2	GL893585-2		GL893585.2	GL893585.2	NW_003538361.2
susScr3:GL893587-2	GL893587-2		GL893587.2	GL893587.2	NW_003538363.2
susScr3:GL893589-2	GL893589-2		GL893589.2	GL893589.2	NW_003538365.2
susScr3:GL893590-1	GL893590-1		GL893590.1	GL893590.1	NW_003538366.1
susScr3:GL893591-2	GL893591-2		GL893591.2	GL893591.2	NW_003538367.2
susScr3:GL893592-2	GL893592-2		GL893592.2	GL893592.2	NW_003538368.2
susScr3:GL893593-1	GL893593-1		GL893593.1	GL893593.1	NW_003538369.1
susScr3:GL893595-2	GL893595-2		GL893595.2	GL893595.2	NW_003538371.2
susScr3:GL893596-1	GL893596-1		GL893596.1	GL893596.1	NW_003538372.1
susScr3:GL893597-1	GL893597-1		GL893597.1	GL893597.1	NW_003538373.1
susScr3:GL893598-2	GL893598-2		GL893598.2	GL893598.2	NW_003538374.2
susScr3:GL893599-1	GL893599-1		GL893599.1	GL893599.1	NW_003538375.1
susScr3:GL893600-1	GL893600-1		GL893600.1	GL893600.1	NW_003538376.1
susScr3:GL893601-1	GL893601-1		GL893601.1	GL893601.1	NW_003538377.1
susScr3:GL893602-1	GL893602-1		GL893602.1	GL893602.1	NW_003538378.1
susScr3:GL893604-1	GL893604-1		GL893604.1	GL893604.1	NW_003538380.1
susScr3:GL893605-1	GL893605-1		GL893605.1	GL893605.1	NW_003538381.1
susScr3:GL893606-1	GL893606-1		GL893606.1	GL893606.1	NW_003538382.1
susScr3:GL893609-2	GL893609-2		GL893609.2	GL893609.2	NW_003538385.2
susScr3:GL893610-2	GL893610-2		GL893610.2	GL893610.2	NW_003538386.2
susScr3:GL893611-1	GL893611-1		GL893611.1	GL893611.1	NW_003538387.1
susScr3:GL893612-1	GL893612-1		GL893612.1	GL893612.1	NW_003538388.1
susScr3:GL893616-2	GL893616-2		GL893616.2	GL893616.2	NW_003538392.2
susScr3:GL893617-1	GL893617-1		GL893617.1	GL893617.1	NW_003538393.1
susScr3:GL893618-1	GL893618-1		GL893618.1	GL893618.1	NW_003538394.1
susScr3:GL893619-2	GL893619-2		GL893619.2	GL893619.2	NW_003538395.2
susScr3:GL893620-1	GL893620-1		GL893620.1	GL893620.1	NW_003538396.1
susScr3:GL893621-2	GL893621-2		GL893621.2	GL893621.2	NW_003538397.2
susScr3:GL893622-1	GL893622-1		GL893622.1	GL893622.1	NW_003538398.1
susScr3:GL893623-1	GL893623-1		GL893623.1	GL893623.1	NW_003538399.1
susScr3:GL893625-2	GL893625-2		GL893625.2	GL893625.2	NW_003538401.2
susScr3:GL893626-2	GL893626-2		GL893626.2	GL893626.2	NW_003538402.2
susScr3:GL893628-1	GL893628-1		GL893628.1	GL893628.1	NW_003538404.1
susScr3:GL893629-1	GL893629-1		GL893629.1	GL893629.1	NW_003538405.1
susScr3:GL893630-2	GL893630-2		GL893630.2	GL893630.2	NW_003538406.2
susScr3:GL893631-2	GL893631-2		GL893631.2	GL893631.2	NW_003538407.2
susScr3:GL893632-2	GL893632-2		GL893632.2	GL893632.2	NW_003538408.2
susScr3:GL893633-1	GL893633-1		GL893633.1	GL893633.1	NW_003538409.1
susScr3:GL893634-1	GL893634-1		GL893634.1	GL893634.1	NW_003538410.1
susScr3:GL893636-1	GL893636-1		GL893636.1	GL893636.1	NW_003538412.1
susScr3:GL893637-1	GL893637-1		GL893637.1	GL893637.1	NW_003538413.1
susScr3:GL893638-2	GL893638-2		GL893638.2	GL893638.2	NW_003538414.2
susScr3:GL893639-1	GL893639-1		GL893639.1	GL893639.1	NW_003538415.1
susScr3:GL893640-2	GL893640-2		GL893640.2	GL893640.2	NW_003538416.2
susScr3:GL893641-2	GL893641-2		GL893641.2	GL893641.2	NW_003538417.2
susScr3:GL893642-2	GL893642-2		GL893642.2	GL893642.2	NW_003538418.2
susScr3:GL893643-1	GL893643-1		GL893643.1	GL893643.1	NW_003538419.1
susScr3:GL893644-1	GL893644-1		GL893644.1	GL893644.1	NW_003538420.1
susScr3:GL893645-1	GL893645-1		GL893645.1	GL893645.1	NW_003538421.1
susScr3:GL893646-2	GL893646-2		GL893646.2	GL893646.2	NW_003538422.2
susScr3:GL893647-1	GL893647-1		GL893647.1	GL893647.1	NW_003538423.1
susScr3:GL893648-1	GL893648-1		GL893648.1	GL893648.1	NW_003538424.1
susScr3:GL893649-1	GL893649-1		GL893649.1	GL893649.1	NW_003538425.1
susScr3:GL893650-1	GL893650-1		GL893650.1	GL893650.1	NW_003538426.1
susScr3:GL893651-2	GL893651-2		GL893651.2	GL893651.2	NW_003538427.2
susScr3:GL893653-2	GL893653-2		GL893653.2	GL893653.2	NW_003538429.2
susScr3:GL893654-2	GL893654-2		GL893654.2	GL893654.2	NW_003538430.2
susScr3:GL893655-1	GL893655-1		GL893655.1	GL893655.1	NW_003538431.1
susScr3:GL893656-1	GL893656-1		GL893656.1	GL893656.1	NW_003538432.1
susScr3:GL893657-1	GL893657-1		GL893657.1	GL893657.1	NW_003538433.1
susScr3:GL893659-2	GL893659-2		GL893659.2	GL893659.2	NW_003538435.2
susScr3:GL893660-1	GL893660-1		GL893660.1	GL893660.1	NW_003538436.1
susScr3:GL893661-1	GL893661-1		GL893661.1	GL893661.1	NW_003538437.1
susScr3:GL893662-1	GL893662-1		GL893662.1	GL893662.1	NW_003538438.1
susScr3:GL893664-2	GL893664-2		GL893664.2	GL893664.2	NW_003538440.2
susScr3:GL893665-2	GL893665-2		GL893665.2	GL893665.2	NW_003538441.2
susScr3:GL893668-1	GL893668-1		GL893668.1	GL893668.1	NW_003538444.1
susScr3:GL893669-1	GL893669-1		GL893669.1	GL893669.1	NW_003538445.1
susScr3:GL893670-1	GL893670-1		GL893670.1	GL893670.1	NW_003538446.1
susScr3:GL893671-2	GL893671-2		GL893671.2	GL893671.2	NW_003538447.2
susScr3:GL893673-2	GL893673-2		GL893673.2	GL893673.2	NW_003538449.2
susScr3:GL893674-1	GL893674-1		GL893674.1	GL893674.1	NW_003538450.1
susScr3:GL893675-2	GL893675-2		GL893675.2	GL893675.2	NW_003538451.2
susScr3:GL893676-2	GL893676-2		GL893676.2	GL893676.2	NW_003538452.2
susScr3:GL893677-1	GL893677-1		GL893677.1	GL893677.1	NW_003538453.1
susScr3:GL893678-1	GL893678-1		GL893678.1	GL893678.1	NW_003538454.1
susScr3:GL893679-1	GL893679-1		GL893679.1	GL893679.1	NW_003538455.1
susScr3:GL893680-2	GL893680-2		GL893680.2	GL893680.2	NW_003538456.2
susScr3:GL893681-1	GL893681-1		GL893681.1	GL893681.1	NW_003538457.1
susScr3:GL893682-2	GL893682-2		GL893682.2	GL893682.2	NW_003538458.2
susScr3:GL893684-1	GL893684-1		GL893684.1	GL893684.1	NW_003538460.1
susScr3:GL893685-1	GL893685-1		GL893685.1	GL893685.1	NW_003538461.1
susScr3:GL893687-1	GL893687-1		GL893687.1	GL893687.1	NW_003538463.1
susScr3:GL893688-1	GL893688-1		GL893688.1	GL893688.1	NW_003538464.1
susScr3:GL893689-1	GL893689-1		GL893689.1	GL893689.1	NW_003538465.1
susScr3:GL893690-1	GL893690-1		GL893690.1	GL893690.1	NW_003538466.1
susScr3:GL893691-1	GL893691-1		GL893691.1	GL893691.1	NW_003538467.1
susScr3:GL893692-2	GL893692-2		GL893692.2	GL893692.2	NW_003538468.2
susScr3:GL893693-1	GL893693-1		GL893693.1	GL893693.1	NW_003538469.1
susScr3:GL893694-2	GL893694-2		GL893694.2	GL893694.2	NW_003538470.2
susScr3:GL893695-1	GL893695-1		GL893695.1	GL893695.1	NW_003538471.1
susScr3:GL893696-2	GL893696-2		GL893696.2	GL893696.2	NW_003538472.2
susScr3:GL893697-1	GL893697-1		GL893697.1	GL893697.1	NW_003538473.1
susScr3:GL893698-1	GL893698-1		GL893698.1	GL893698.1	NW_003538474.1
susScr3:GL893699-2	GL893699-2		GL893699.2	GL893699.2	NW_003538475.2
susScr3:GL893700-2	GL893700-2		GL893700.2	GL893700.2	NW_003538476.2
susScr3:GL893701-1	GL893701-1		GL893701.1	GL893701.1	NW_003538477.1
susScr3:GL893702-2	GL893702-2		GL893702.2	GL893702.2	NW_003538478.2
susScr3:GL893703-1	GL893703-1		GL893703.1	GL893703.1	NW_003538479.1
susScr3:GL893704-1	GL893704-1		GL893704.1	GL893704.1	NW_003538480.1
susScr3:GL893705-2	GL893705-2		GL893705.2	GL893705.2	NW_003538481.2
susScr3:GL893707-2	GL893707-2		GL893707.2	GL893707.2	NW_003538483.2
susScr3:GL893708-2	GL893708-2		GL893708.2	GL893708.2	NW_003538484.2
susScr3:GL893709-1	GL893709-1		GL893709.1	GL893709.1	NW_003538485.1
susScr3:GL893710-1	GL893710-1		GL893710.1	GL893710.1	NW_003538486.1
susScr3:GL893711-2	GL893711-2		GL893711.2	GL893711.2	NW_003538487.2
susScr3:GL893712-1	GL893712-1		GL893712.1	GL893712.1	NW_003538488.1
susScr3:GL893714-1	GL893714-1		GL893714.1	GL893714.1	NW_003538490.1
susScr3:GL893715-1	GL893715-1		GL893715.1	GL893715.1	NW_003538491.1
susScr3:GL893716-2	GL893716-2		GL893716.2	GL893716.2	NW_003538492.2
susScr3:GL893717-1	GL893717-1		GL893717.1	GL893717.1	NW_003538493.1
susScr3:GL893718-2	GL893718-2		GL893718.2	GL893718.2	NW_003538494.2
susScr3:GL893719-2	GL893719-2		GL893719.2	GL893719.2	NW_003538495.2
susScr3:GL893720-2	GL893720-2		GL893720.2	GL893720.2	NW_003538496.2
susScr3:GL893721-1	GL893721-1		GL893721.1	GL893721.1	NW_003538497.1
susScr3:GL893723-1	GL893723-1		GL893723.1	GL893723.1	NW_003538499.1
susScr3:GL893724-1	GL893724-1		GL893724.1	GL893724.1	NW_003538500.1
susScr3:GL893725-2	GL893725-2		GL893725.2	GL893725.2	NW_003538501.2
susScr3:GL893726-1	GL893726-1		GL893726.1	GL893726.1	NW_003538502.1
susScr3:GL893727-2	GL893727-2		GL893727.2	GL893727.2	NW_003538503.2
susScr3:GL893729-1	GL893729-1		GL893729.1	GL893729.1	NW_003538505.1
susScr3:GL893730-1	GL893730-1		GL893730.1	GL893730.1	NW_003538506.1
susScr3:GL893732-1	GL893732-1		GL893732.1	GL893732.1	NW_003538508.1
susScr3:GL893733-2	GL893733-2		GL893733.2	GL893733.2	NW_003538509.2
susScr3:GL893734-1	GL893734-1		GL893734.1	GL893734.1	NW_003538510.1
susScr3:GL893735-2	GL893735-2		GL893735.2	GL893735.2	NW_003538511.2
susScr3:GL893736-2	GL893736-2		GL893736.2	GL893736.2	NW_003538512.2
susScr3:GL893737-2	GL893737-2		GL893737.2	GL893737.2	NW_003538513.2
susScr3:GL893738-1	GL893738-1		GL893738.1	GL893738.1	NW_003538514.1
susScr3:GL893739-1	GL893739-1		GL893739.1	GL893739.1	NW_003538515.1
susScr3:GL893741-1	GL893741-1		GL893741.1	GL893741.1	NW_003538517.1
susScr3:GL893742-2	GL893742-2		GL893742.2	GL893742.2	NW_003538518.2
susScr3:GL893744-2	GL893744-2		GL893744.2	GL893744.2	NW_003538520.2
susScr3:GL893745-1	GL893745-1		GL893745.1	GL893745.1	NW_003538521.1
susScr3:GL893746-2	GL893746-2		GL893746.2	GL893746.2	NW_003538522.2
susScr3:GL893747-1	GL893747-1		GL893747.1	GL893747.1	NW_003538523.1
susScr3:GL893748-2	GL893748-2		GL893748.2	GL893748.2	NW_003538524.2
susScr3:GL893749-1	GL893749-1		GL893749.1	GL893749.1	NW_003538525.1
susScr3:GL893750-2	GL893750-2		GL893750.2	GL893750.2	NW_003538526.2
susScr3:GL893751-1	GL893751-1		GL893751.1	GL893751.1	NW_003538527.1
susScr3:GL893753-2	GL893753-2		GL893753.2	GL893753.2	NW_003538529.2
susScr3:GL893754-1	GL893754-1		GL893754.1	GL893754.1	NW_003538530.1
susScr3:GL893755-1	GL893755-1		GL893755.1	GL893755.1	NW_003538531.1
susScr3:GL893756-1	GL893756-1		GL893756.1	GL893756.1	NW_003538532.1
susScr3:GL893757-2	GL893757-2		GL893757.2	GL893757.2	NW_003538533.2
susScr3:GL893758-2	GL893758-2		GL893758.2	GL893758.2	NW_003538534.2
susScr3:GL893759-2	GL893759-2		GL893759.2	GL893759.2	NW_003538535.2
susScr3:GL893761-2	GL893761-2		GL893761.2	GL893761.2	NW_003538537.2
susScr3:GL893762-1	GL893762-1		GL893762.1	GL893762.1	NW_003538538.1
susScr3:GL893763-1	GL893763-1		GL893763.1	GL893763.1	NW_003538539.1
susScr3:GL893764-2	GL893764-2		GL893764.2	GL893764.2	NW_003538540.2
susScr3:GL893765-2	GL893765-2		GL893765.2	GL893765.2	NW_003538541.2
susScr3:GL893766-2	GL893766-2		GL893766.2	GL893766.2	NW_003538542.2
susScr3:GL893767-1	GL893767-1		GL893767.1	GL893767.1	NW_003538543.1
susScr3:GL893768-1	GL893768-1		GL893768.1	GL893768.1	NW_003538544.1
susScr3:GL893769-1	GL893769-1		GL893769.1	GL893769.1	NW_003538545.1
susScr3:GL893771-1	GL893771-1		GL893771.1	GL893771.1	NW_003538547.1
susScr3:GL893772-1	GL893772-1		GL893772.1	GL893772.1	NW_003538548.1
susScr3:GL893773-2	GL893773-2		GL893773.2	GL893773.2	NW_003538549.2
susScr3:GL893774-2	GL893774-2		GL893774.2	GL893774.2	NW_003538550.2
susScr3:GL893775-2	GL893775-2		GL893775.2	GL893775.2	NW_003538551.2
susScr3:GL893776-1	GL893776-1		GL893776.1	GL893776.1	NW_003538552.1
susScr3:GL893777-1	GL893777-1		GL893777.1	GL893777.1	NW_003538553.1
susScr3:GL893778-2	GL893778-2		GL893778.2	GL893778.2	NW_003538554.2
susScr3:GL893779-1	GL893779-1		GL893779.1	GL893779.1	NW_003538555.1
susScr3:GL893781-2	GL893781-2		GL893781.2	GL893781.2	NW_003538557.2
susScr3:GL893782-1	GL893782-1		GL893782.1	GL893782.1	NW_003538558.1
susScr3:GL893783-2	GL893783-2		GL893783.2	GL893783.2	NW_003538559.2
susScr3:GL893784-1	GL893784-1		GL893784.1	GL893784.1	NW_003538560.1
susScr3:GL893785-2	GL893785-2		GL893785.2	GL893785.2	NW_003538561.2
susScr3:GL893786-2	GL893786-2		GL893786.2	GL893786.2	NW_003538562.2
susScr3:GL893787-2	GL893787-2		GL893787.2	GL893787.2	NW_003538563.2
susScr3:GL893788-2	GL893788-2		GL893788.2	GL893788.2	NW_003538564.2
susScr3:GL893789-2	GL893789-2		GL893789.2	GL893789.2	NW_003538565.2
susScr3:GL893790-1	GL893790-1		GL893790.1	GL893790.1	NW_003538566.1
susScr3:GL893791-1	GL893791-1		GL893791.1	GL893791.1	NW_003538567.1
susScr3:GL893792-1	GL893792-1		GL893792.1	GL893792.1	NW_003538568.1
susScr3:GL893793-1	GL893793-1		GL893793.1	GL893793.1	NW_003538569.1
susScr3:GL893794-2	GL893794-2		GL893794.2	GL893794.2	NW_003538570.2
susScr3:GL893795-1	GL893795-1		GL893795.1	GL893795.1	NW_003538571.1
susScr3:GL893796-1	GL893796-1		GL893796.1	GL893796.1	NW_003538572.1
susScr3:GL893797-1	GL893797-1		GL893797.1	GL893797.1	NW_003538573.1
susScr3:GL893798-2	GL893798-2		GL893798.2	GL893798.2	NW_003538574.2
susScr3:GL893799-2	GL893799-2		GL893799.2	GL893799.2	NW_003538575.2
susScr3:GL893800-1	GL893800-1		GL893800.1	GL893800.1	NW_003538576.1
susScr3:GL893801-1	GL893801-1		GL893801.1	GL893801.1	NW_003538577.1
susScr3:GL893802-2	GL893802-2		GL893802.2	GL893802.2	NW_003538578.2
susScr3:GL893803-2	GL893803-2		GL893803.2	GL893803.2	NW_003538579.2
susScr3:GL893805-1	GL893805-1		GL893805.1	GL893805.1	NW_003538581.1
susScr3:GL893806-2	GL893806-2		GL893806.2	GL893806.2	NW_003538582.2
susScr3:GL893807-1	GL893807-1		GL893807.1	GL893807.1	NW_003538583.1
susScr3:GL893808-2	GL893808-2		GL893808.2	GL893808.2	NW_003538584.2
susScr3:GL893809-1	GL893809-1		GL893809.1	GL893809.1	NW_003538585.1
susScr3:GL893810-2	GL893810-2		GL893810.2	GL893810.2	NW_003538586.2
susScr3:GL893811-1	GL893811-1		GL893811.1	GL893811.1	NW_003538587.1
susScr3:GL893812-1	GL893812-1		GL893812.1	GL893812.1	NW_003538588.1
susScr3:GL893813-1	GL893813-1		GL893813.1	GL893813.1	NW_003538589.1
susScr3:GL893814-1	GL893814-1		GL893814.1	GL893814.1	NW_003538590.1
susScr3:GL893815-1	GL893815-1		GL893815.1	GL893815.1	NW_003538591.1
susScr3:GL893816-2	GL893816-2		GL893816.2	GL893816.2	NW_003538592.2
susScr3:GL893818-1	GL893818-1		GL893818.1	GL893818.1	NW_003538594.1
susScr3:GL893820-2	GL893820-2		GL893820.2	GL893820.2	NW_003538596.2
susScr3:GL893821-1	GL893821-1		GL893821.1	GL893821.1	NW_003538597.1
susScr3:GL893822-2	GL893822-2		GL893822.2	GL893822.2	NW_003538598.2
susScr3:GL893823-1	GL893823-1		GL893823.1	GL893823.1	NW_003538599.1
susScr3:GL893824-2	GL893824-2		GL893824.2	GL893824.2	NW_003538600.2
susScr3:GL893825-2	GL893825-2		GL893825.2	GL893825.2	NW_003538601.2
susScr3:GL893826-2	GL893826-2		GL893826.2	GL893826.2	NW_003538602.2
susScr3:GL893827-1	GL893827-1		GL893827.1	GL893827.1	NW_003538603.1
susScr3:GL893828-2	GL893828-2		GL893828.2	GL893828.2	NW_003538604.2
susScr3:GL893829-1	GL893829-1		GL893829.1	GL893829.1	NW_003538605.1
susScr3:GL893830-1	GL893830-1		GL893830.1	GL893830.1	NW_003538606.1
susScr3:GL893831-2	GL893831-2		GL893831.2	GL893831.2	NW_003538607.2
susScr3:GL893832-2	GL893832-2		GL893832.2	GL893832.2	NW_003538608.2
susScr3:GL893833-1	GL893833-1		GL893833.1	GL893833.1	NW_003538609.1
susScr3:GL893834-1	GL893834-1		GL893834.1	GL893834.1	NW_003538610.1
susScr3:GL893835-2	GL893835-2		GL893835.2	GL893835.2	NW_003538611.2
susScr3:GL893836-2	GL893836-2		GL893836.2	GL893836.2	NW_003538612.2
susScr3:GL893837-2	GL893837-2		GL893837.2	GL893837.2	NW_003538613.2
susScr3:GL893838-2	GL893838-2		GL893838.2	GL893838.2	NW_003538614.2
susScr3:GL893839-2	GL893839-2		GL893839.2	GL893839.2	NW_003538615.2
susScr3:GL893840-2	GL893840-2		GL893840.2	GL893840.2	NW_003538616.2
susScr3:GL893841-1	GL893841-1		GL893841.1	GL893841.1	NW_003538617.1
susScr3:GL893842-2	GL893842-2		GL893842.2	GL893842.2	NW_003538618.2
susScr3:GL893843-2	GL893843-2		GL893843.2	GL893843.2	NW_003538619.2
susScr3:GL893844-1	GL893844-1		GL893844.1	GL893844.1	NW_003538620.1
susScr3:GL893845-1	GL893845-1		GL893845.1	GL893845.1	NW_003538621.1
susScr3:GL893846-2	GL893846-2		GL893846.2	GL893846.2	NW_003538622.2
susScr3:GL893847-1	GL893847-1		GL893847.1	GL893847.1	NW_003538623.1
susScr3:GL893848-2	GL893848-2		GL893848.2	GL893848.2	NW_003538624.2
susScr3:GL893849-1	GL893849-1		GL893849.1	GL893849.1	NW_003538625.1
susScr3:GL893850-1	GL893850-1		GL893850.1	GL893850.1	NW_003538626.1
susScr3:GL893851-2	GL893851-2		GL893851.2	GL893851.2	NW_003538627.2
susScr3:GL893852-2	GL893852-2		GL893852.2	GL893852.2	NW_003538628.2
susScr3:GL893853-2	GL893853-2		GL893853.2	GL893853.2	NW_003538629.2
susScr3:GL893854-2	GL893854-2		GL893854.2	GL893854.2	NW_003538630.2
susScr3:GL893856-1	GL893856-1		GL893856.1	GL893856.1	NW_003538632.1
susScr3:GL893857-2	GL893857-2		GL893857.2	GL893857.2	NW_003538633.2
susScr3:GL893858-1	GL893858-1		GL893858.1	GL893858.1	NW_003538634.1
susScr3:GL893859-2	GL893859-2		GL893859.2	GL893859.2	NW_003538635.2
susScr3:GL893860-2	GL893860-2		GL893860.2	GL893860.2	NW_003538636.2
susScr3:GL893861-1	GL893861-1		GL893861.1	GL893861.1	NW_003538637.1
susScr3:GL893862-2	GL893862-2		GL893862.2	GL893862.2	NW_003538638.2
susScr3:GL893863-1	GL893863-1		GL893863.1	GL893863.1	NW_003538639.1
susScr3:GL893864-2	GL893864-2		GL893864.2	GL893864.2	NW_003538640.2
susScr3:GL893865-2	GL893865-2		GL893865.2	GL893865.2	NW_003538641.2
susScr3:GL893867-1	GL893867-1		GL893867.1	GL893867.1	NW_003538643.1
susScr3:GL893868-1	GL893868-1		GL893868.1	GL893868.1	NW_003538644.1
susScr3:GL893870-2	GL893870-2		GL893870.2	GL893870.2	NW_003538646.2
susScr3:GL893871-1	GL893871-1		GL893871.1	GL893871.1	NW_003538647.1
susScr3:GL893872-2	GL893872-2		GL893872.2	GL893872.2	NW_003538648.2
susScr3:GL893873-1	GL893873-1		GL893873.1	GL893873.1	NW_003538649.1
susScr3:GL893874-2	GL893874-2		GL893874.2	GL893874.2	NW_003538650.2
susScr3:GL893875-1	GL893875-1		GL893875.1	GL893875.1	NW_003538651.1
susScr3:GL893876-2	GL893876-2		GL893876.2	GL893876.2	NW_003538652.2
susScr3:GL893877-1	GL893877-1		GL893877.1	GL893877.1	NW_003538653.1
susScr3:GL893878-1	GL893878-1		GL893878.1	GL893878.1	NW_003538654.1
susScr3:GL893879-1	GL893879-1		GL893879.1	GL893879.1	NW_003538655.1
susScr3:GL893880-2	GL893880-2		GL893880.2	GL893880.2	NW_003538656.2
susScr3:GL893881-2	GL893881-2		GL893881.2	GL893881.2	NW_003538657.2
susScr3:GL893883-2	GL893883-2		GL893883.2	GL893883.2	NW_003538659.2
susScr3:GL893884-1	GL893884-1		GL893884.1	GL893884.1	NW_003538660.1
susScr3:GL893885-2	GL893885-2		GL893885.2	GL893885.2	NW_003538661.2
susScr3:GL893886-1	GL893886-1		GL893886.1	GL893886.1	NW_003538662.1
susScr3:GL893887-1	GL893887-1		GL893887.1	GL893887.1	NW_003538663.1
susScr3:GL893888-2	GL893888-2		GL893888.2	GL893888.2	NW_003538664.2
susScr3:GL893889-1	GL893889-1		GL893889.1	GL893889.1	NW_003538665.1
susScr3:GL893890-1	GL893890-1		GL893890.1	GL893890.1	NW_003538666.1
susScr3:GL893891-1	GL893891-1		GL893891.1	GL893891.1	NW_003538667.1
susScr3:GL893892-1	GL893892-1		GL893892.1	GL893892.1	NW_003538668.1
susScr3:GL893893-2	GL893893-2		GL893893.2	GL893893.2	NW_003538669.2
susScr3:GL893896-1	GL893896-1		GL893896.1	GL893896.1	NW_003538672.1
susScr3:GL893897-2	GL893897-2		GL893897.2	GL893897.2	NW_003538673.2
susScr3:GL893898-1	GL893898-1		GL893898.1	GL893898.1	NW_003538674.1
susScr3:GL893899-1	GL893899-1		GL893899.1	GL893899.1	NW_003538675.1
susScr3:GL893900-2	GL893900-2		GL893900.2	GL893900.2	NW_003538676.2
susScr3:GL893901-1	GL893901-1		GL893901.1	GL893901.1	NW_003538677.1
susScr3:GL893902-1	GL893902-1		GL893902.1	GL893902.1	NW_003538678.1
susScr3:GL893904-1	GL893904-1		GL893904.1	GL893904.1	NW_003538680.1
susScr3:GL893905-2	GL893905-2		GL893905.2	GL893905.2	NW_003538681.2
susScr3:GL893906-1	GL893906-1		GL893906.1	GL893906.1	NW_003538682.1
susScr3:GL893907-1	GL893907-1		GL893907.1	GL893907.1	NW_003538683.1
susScr3:GL893909-1	GL893909-1		GL893909.1	GL893909.1	NW_003538685.1
susScr3:GL893910-1	GL893910-1		GL893910.1	GL893910.1	NW_003538686.1
susScr3:GL893911-1	GL893911-1		GL893911.1	GL893911.1	NW_003538687.1
susScr3:GL893912-1	GL893912-1		GL893912.1	GL893912.1	NW_003538688.1
susScr3:GL893914-1	GL893914-1		GL893914.1	GL893914.1	NW_003538690.1
susScr3:GL893915-1	GL893915-1		GL893915.1	GL893915.1	NW_003538691.1
susScr3:GL893916-2	GL893916-2		GL893916.2	GL893916.2	NW_003538692.2
susScr3:GL893917-1	GL893917-1		GL893917.1	GL893917.1	NW_003538693.1
susScr3:GL893918-2	GL893918-2		GL893918.2	GL893918.2	NW_003538694.2
susScr3:GL893920-2	GL893920-2		GL893920.2	GL893920.2	NW_003538696.2
susScr3:GL893921-1	GL893921-1		GL893921.1	GL893921.1	NW_003538697.1
susScr3:GL893922-1	GL893922-1		GL893922.1	GL893922.1	NW_003538698.1
susScr3:GL893923-1	GL893923-1		GL893923.1	GL893923.1	NW_003538699.1
susScr3:GL893924-2	GL893924-2		GL893924.2	GL893924.2	NW_003538700.2
susScr3:GL893925-2	GL893925-2		GL893925.2	GL893925.2	NW_003538701.2
susScr3:GL893926-1	GL893926-1		GL893926.1	GL893926.1	NW_003538702.1
susScr3:GL893927-2	GL893927-2		GL893927.2	GL893927.2	NW_003538703.2
susScr3:GL893928-1	GL893928-1		GL893928.1	GL893928.1	NW_003538704.1
susScr3:GL893929-1	GL893929-1		GL893929.1	GL893929.1	NW_003538705.1
susScr3:GL893930-2	GL893930-2		GL893930.2	GL893930.2	NW_003538706.2
susScr3:GL893931-2	GL893931-2		GL893931.2	GL893931.2	NW_003538707.2
susScr3:GL893932-1	GL893932-1		GL893932.1	GL893932.1	NW_003538708.1
susScr3:GL893933-1	GL893933-1		GL893933.1	GL893933.1	NW_003538709.1
susScr3:GL893934-1	GL893934-1		GL893934.1	GL893934.1	NW_003538710.1
susScr3:GL893935-1	GL893935-1		GL893935.1	GL893935.1	NW_003538711.1
susScr3:GL893937-2	GL893937-2		GL893937.2	GL893937.2	NW_003538713.2
susScr3:GL893938-2	GL893938-2		GL893938.2	GL893938.2	NW_003538714.2
susScr3:GL893941-1	GL893941-1		GL893941.1	GL893941.1	NW_003538717.1
susScr3:GL893942-1	GL893942-1		GL893942.1	GL893942.1	NW_003538718.1
susScr3:GL893944-1	GL893944-1		GL893944.1	GL893944.1	NW_003538720.1
susScr3:GL893945-1	GL893945-1		GL893945.1	GL893945.1	NW_003538721.1
susScr3:GL893946-2	GL893946-2		GL893946.2	GL893946.2	NW_003538722.2
susScr3:GL893947-1	GL893947-1		GL893947.1	GL893947.1	NW_003538723.1
susScr3:GL893948-2	GL893948-2		GL893948.2	GL893948.2	NW_003538724.2
susScr3:GL893949-2	GL893949-2		GL893949.2	GL893949.2	NW_003538725.2
susScr3:GL893950-2	GL893950-2		GL893950.2	GL893950.2	NW_003538726.2
susScr3:GL893951-2	GL893951-2		GL893951.2	GL893951.2	NW_003538727.2
susScr3:GL893952-2	GL893952-2		GL893952.2	GL893952.2	NW_003538728.2
susScr3:GL893953-2	GL893953-2		GL893953.2	GL893953.2	NW_003538729.2
susScr3:GL893954-1	GL893954-1		GL893954.1	GL893954.1	NW_003538730.1
susScr3:GL893955-2	GL893955-2		GL893955.2	GL893955.2	NW_003538731.2
susScr3:GL893956-1	GL893956-1		GL893956.1	GL893956.1	NW_003538732.1
susScr3:GL893957-1	GL893957-1		GL893957.1	GL893957.1	NW_003538733.1
susScr3:GL893958-1	GL893958-1		GL893958.1	GL893958.1	NW_003538734.1
susScr3:GL893959-2	GL893959-2		GL893959.2	GL893959.2	NW_003538735.2
susScr3:GL893960-2	GL893960-2		GL893960.2	GL893960.2	NW_003538736.2
susScr3:GL893961-1	GL893961-1		GL893961.1	GL893961.1	NW_003538737.1
susScr3:GL893962-2	GL893962-2		GL893962.2	GL893962.2	NW_003538738.2
susScr3:GL893964-1	GL893964-1		GL893964.1	GL893964.1	NW_003538740.1
susScr3:GL893965-1	GL893965-1		GL893965.1	GL893965.1	NW_003538741.1
susScr3:GL893966-2	GL893966-2		GL893966.2	GL893966.2	NW_003538742.2
susScr3:GL893967-1	GL893967-1		GL893967.1	GL893967.1	NW_003538743.1
susScr3:GL893968-1	GL893968-1		GL893968.1	GL893968.1	NW_003538744.1
susScr3:GL893969-1	GL893969-1		GL893969.1	GL893969.1	NW_003538745.1
susScr3:GL893970-1	GL893970-1		GL893970.1	GL893970.1	NW_003538746.1
susScr3:GL893971-2	GL893971-2		GL893971.2	GL893971.2	NW_003538747.2
susScr3:GL893973-2	GL893973-2		GL893973.2	GL893973.2	NW_003538749.2
susScr3:GL893974-1	GL893974-1		GL893974.1	GL893974.1	NW_003538750.1
susScr3:GL893975-2	GL893975-2		GL893975.2	GL893975.2	NW_003538751.2
susScr3:GL893976-1	GL893976-1		GL893976.1	GL893976.1	NW_003538752.1
susScr3:GL893977-1	GL893977-1		GL893977.1	GL893977.1	NW_003538753.1
susScr3:GL893978-1	GL893978-1		GL893978.1	GL893978.1	NW_003538754.1
susScr3:GL893979-2	GL893979-2		GL893979.2	GL893979.2	NW_003538755.2
susScr3:GL893980-1	GL893980-1		GL893980.1	GL893980.1	NW_003538756.1
susScr3:GL893981-1	GL893981-1		GL893981.1	GL893981.1	NW_003538757.1
susScr3:GL893982-1	GL893982-1		GL893982.1	GL893982.1	NW_003538758.1
susScr3:GL893983-1	GL893983-1		GL893983.1	GL893983.1	NW_003538759.1
susScr3:GL893984-1	GL893984-1		GL893984.1	GL893984.1	NW_003538760.1
susScr3:GL893985-2	GL893985-2		GL893985.2	GL893985.2	NW_003538761.2
susScr3:GL893986-2	GL893986-2		GL893986.2	GL893986.2	NW_003538762.2
susScr3:GL893987-1	GL893987-1		GL893987.1	GL893987.1	NW_003538763.1
susScr3:GL893988-2	GL893988-2		GL893988.2	GL893988.2	NW_003538764.2
susScr3:GL893989-1	GL893989-1		GL893989.1	GL893989.1	NW_003538765.1
susScr3:GL893990-1	GL893990-1		GL893990.1	GL893990.1	NW_003538766.1
susScr3:GL893991-2	GL893991-2		GL893991.2	GL893991.2	NW_003538767.2
susScr3:GL893992-2	GL893992-2		GL893992.2	GL893992.2	NW_003538768.2
susScr3:GL893993-1	GL893993-1		GL893993.1	GL893993.1	NW_003538769.1
susScr3:GL893994-1	GL893994-1		GL893994.1	GL893994.1	NW_003538770.1
susScr3:GL893995-1	GL893995-1		GL893995.1	GL893995.1	NW_003538771.1
susScr3:GL893997-2	GL893997-2		GL893997.2	GL893997.2	NW_003538773.2
susScr3:GL893998-2	GL893998-2		GL893998.2	GL893998.2	NW_003538774.2
susScr3:GL893999-1	GL893999-1		GL893999.1	GL893999.1	NW_003538775.1
susScr3:GL894000-2	GL894000-2		GL894000.2	GL894000.2	NW_003538776.2
susScr3:GL894001-1	GL894001-1		GL894001.1	GL894001.1	NW_003538777.1
susScr3:GL894002-2	GL894002-2		GL894002.2	GL894002.2	NW_003538778.2
susScr3:GL894004-1	GL894004-1		GL894004.1	GL894004.1	NW_003538780.1
susScr3:GL894005-2	GL894005-2		GL894005.2	GL894005.2	NW_003538781.2
susScr3:GL894007-1	GL894007-1		GL894007.1	GL894007.1	NW_003538783.1
susScr3:GL894009-1	GL894009-1		GL894009.1	GL894009.1	NW_003538785.1
susScr3:GL894010-1	GL894010-1		GL894010.1	GL894010.1	NW_003538786.1
susScr3:GL894011-1	GL894011-1		GL894011.1	GL894011.1	NW_003538787.1
susScr3:GL894012-1	GL894012-1		GL894012.1	GL894012.1	NW_003538788.1
susScr3:GL894013-1	GL894013-1		GL894013.1	GL894013.1	NW_003538789.1
susScr3:GL894014-2	GL894014-2		GL894014.2	GL894014.2	NW_003538790.2
susScr3:GL894015-1	GL894015-1		GL894015.1	GL894015.1	NW_003538791.1
susScr3:GL894016-1	GL894016-1		GL894016.1	GL894016.1	NW_003538792.1
susScr3:GL894017-2	GL894017-2		GL894017.2	GL894017.2	NW_003538793.2
susScr3:GL894018-2	GL894018-2		GL894018.2	GL894018.2	NW_003538794.2
susScr3:GL894019-2	GL894019-2		GL894019.2	GL894019.2	NW_003538795.2
susScr3:GL894020-1	GL894020-1		GL894020.1	GL894020.1	NW_003538796.1
susScr3:GL894022-1	GL894022-1		GL894022.1	GL894022.1	NW_003538798.1
susScr3:GL894023-1	GL894023-1		GL894023.1	GL894023.1	NW_003538799.1
susScr3:GL894024-1	GL894024-1		GL894024.1	GL894024.1	NW_003538800.1
susScr3:GL894025-2	GL894025-2		GL894025.2	GL894025.2	NW_003538801.2
susScr3:GL894027-2	GL894027-2		GL894027.2	GL894027.2	NW_003538803.2
susScr3:GL894028-2	GL894028-2		GL894028.2	GL894028.2	NW_003538804.2
susScr3:GL894030-1	GL894030-1		GL894030.1	GL894030.1	NW_003538806.1
susScr3:GL894031-1	GL894031-1		GL894031.1	GL894031.1	NW_003538807.1
susScr3:GL894032-2	GL894032-2		GL894032.2	GL894032.2	NW_003538808.2
susScr3:GL894033-2	GL894033-2		GL894033.2	GL894033.2	NW_003538809.2
susScr3:GL894034-1	GL894034-1		GL894034.1	GL894034.1	NW_003538810.1
susScr3:GL894035-2	GL894035-2		GL894035.2	GL894035.2	NW_003538811.2
susScr3:GL894036-2	GL894036-2		GL894036.2	GL894036.2	NW_003538812.2
susScr3:GL894037-2	GL894037-2		GL894037.2	GL894037.2	NW_003538813.2
susScr3:GL894039-1	GL894039-1		GL894039.1	GL894039.1	NW_003538815.1
susScr3:GL894040-1	GL894040-1		GL894040.1	GL894040.1	NW_003538816.1
susScr3:GL894042-1	GL894042-1		GL894042.1	GL894042.1	NW_003538818.1
susScr3:GL894044-2	GL894044-2		GL894044.2	GL894044.2	NW_003538820.2
susScr3:GL894045-1	GL894045-1		GL894045.1	GL894045.1	NW_003538821.1
susScr3:GL894046-2	GL894046-2		GL894046.2	GL894046.2	NW_003538822.2
susScr3:GL894047-2	GL894047-2		GL894047.2	GL894047.2	NW_003538823.2
susScr3:GL894048-1	GL894048-1		GL894048.1	GL894048.1	NW_003538824.1
susScr3:GL894050-2	GL894050-2		GL894050.2	GL894050.2	NW_003538826.2
susScr3:GL894051-2	GL894051-2		GL894051.2	GL894051.2	NW_003538827.2
susScr3:GL894052-2	GL894052-2		GL894052.2	GL894052.2	NW_003538828.2
susScr3:GL894053-2	GL894053-2		GL894053.2	GL894053.2	NW_003538829.2
susScr3:GL894054-2	GL894054-2		GL894054.2	GL894054.2	NW_003538830.2
susScr3:GL894055-2	GL894055-2		GL894055.2	GL894055.2	NW_003538831.2
susScr3:GL894056-1	GL894056-1		GL894056.1	GL894056.1	NW_003538832.1
susScr3:GL894057-1	GL894057-1		GL894057.1	GL894057.1	NW_003538833.1
susScr3:GL894058-2	GL894058-2		GL894058.2	GL894058.2	NW_003538834.2
susScr3:GL894059-1	GL894059-1		GL894059.1	GL894059.1	NW_003538835.1
susScr3:GL894060-1	GL894060-1		GL894060.1	GL894060.1	NW_003538836.1
susScr3:GL894061-1	GL894061-1		GL894061.1	GL894061.1	NW_003538837.1
susScr3:GL894063-1	GL894063-1		GL894063.1	GL894063.1	NW_003538839.1
susScr3:GL894064-1	GL894064-1		GL894064.1	GL894064.1	NW_003538840.1
susScr3:GL894065-1	GL894065-1		GL894065.1	GL894065.1	NW_003538841.1
susScr3:GL894066-1	GL894066-1		GL894066.1	GL894066.1	NW_003538842.1
susScr3:GL894067-1	GL894067-1		GL894067.1	GL894067.1	NW_003538843.1
susScr3:GL894068-1	GL894068-1		GL894068.1	GL894068.1	NW_003538844.1
susScr3:GL894069-1	GL894069-1		GL894069.1	GL894069.1	NW_003538845.1
susScr3:GL894070-1	GL894070-1		GL894070.1	GL894070.1	NW_003538846.1
susScr3:GL894071-2	GL894071-2		GL894071.2	GL894071.2	NW_003538847.2
susScr3:GL894072-1	GL894072-1		GL894072.1	GL894072.1	NW_003538848.1
susScr3:GL894073-2	GL894073-2		GL894073.2	GL894073.2	NW_003538849.2
susScr3:GL894074-2	GL894074-2		GL894074.2	GL894074.2	NW_003538850.2
susScr3:GL894075-1	GL894075-1		GL894075.1	GL894075.1	NW_003538851.1
susScr3:GL894076-2	GL894076-2		GL894076.2	GL894076.2	NW_003538852.2
susScr3:GL894077-1	GL894077-1		GL894077.1	GL894077.1	NW_003538853.1
susScr3:GL894078-1	GL894078-1		GL894078.1	GL894078.1	NW_003538854.1
susScr3:GL894080-1	GL894080-1		GL894080.1	GL894080.1	NW_003538856.1
susScr3:GL894081-2	GL894081-2		GL894081.2	GL894081.2	NW_003538857.2
susScr3:GL894083-2	GL894083-2		GL894083.2	GL894083.2	NW_003538859.2
susScr3:GL894084-2	GL894084-2		GL894084.2	GL894084.2	NW_003538860.2
susScr3:GL894085-2	GL894085-2		GL894085.2	GL894085.2	NW_003538861.2
susScr3:GL894086-1	GL894086-1		GL894086.1	GL894086.1	NW_003538862.1
susScr3:GL894087-1	GL894087-1		GL894087.1	GL894087.1	NW_003538863.1
susScr3:GL894088-1	GL894088-1		GL894088.1	GL894088.1	NW_003538864.1
susScr3:GL894089-1	GL894089-1		GL894089.1	GL894089.1	NW_003538865.1
susScr3:GL894090-2	GL894090-2		GL894090.2	GL894090.2	NW_003538866.2
susScr3:GL894091-2	GL894091-2		GL894091.2	GL894091.2	NW_003538867.2
susScr3:GL894092-2	GL894092-2		GL894092.2	GL894092.2	NW_003538868.2
susScr3:GL894093-2	GL894093-2		GL894093.2	GL894093.2	NW_003538869.2
susScr3:GL894094-2	GL894094-2		GL894094.2	GL894094.2	NW_003538870.2
susScr3:GL894095-2	GL894095-2		GL894095.2	GL894095.2	NW_003538871.2
susScr3:GL894096-2	GL894096-2		GL894096.2	GL894096.2	NW_003538872.2
susScr3:GL894097-2	GL894097-2		GL894097.2	GL894097.2	NW_003538873.2
susScr3:GL894098-1	GL894098-1		GL894098.1	GL894098.1	NW_003538874.1
susScr3:GL894099-1	GL894099-1		GL894099.1	GL894099.1	NW_003538875.1
susScr3:GL894100-1	GL894100-1		GL894100.1	GL894100.1	NW_003538876.1
susScr3:GL894101-1	GL894101-1		GL894101.1	GL894101.1	NW_003538877.1
susScr3:GL894102-2	GL894102-2		GL894102.2	GL894102.2	NW_003538878.2
susScr3:GL894103-2	GL894103-2		GL894103.2	GL894103.2	NW_003538879.2
susScr3:GL894105-1	GL894105-1		GL894105.1	GL894105.1	NW_003538881.1
susScr3:GL894107-2	GL894107-2		GL894107.2	GL894107.2	NW_003538883.2
susScr3:GL894108-1	GL894108-1		GL894108.1	GL894108.1	NW_003538884.1
susScr3:GL894109-2	GL894109-2		GL894109.2	GL894109.2	NW_003538885.2
susScr3:GL894110-1	GL894110-1		GL894110.1	GL894110.1	NW_003538886.1
susScr3:GL894112-1	GL894112-1		GL894112.1	GL894112.1	NW_003538888.1
susScr3:GL894113-1	GL894113-1		GL894113.1	GL894113.1	NW_003538889.1
susScr3:GL894114-2	GL894114-2		GL894114.2	GL894114.2	NW_003538890.2
susScr3:GL894116-2	GL894116-2		GL894116.2	GL894116.2	NW_003538892.2
susScr3:GL894117-1	GL894117-1		GL894117.1	GL894117.1	NW_003538893.1
susScr3:GL894118-2	GL894118-2		GL894118.2	GL894118.2	NW_003538894.2
susScr3:GL894119-2	GL894119-2		GL894119.2	GL894119.2	NW_003538895.2
susScr3:GL894120-1	GL894120-1		GL894120.1	GL894120.1	NW_003538896.1
susScr3:GL894122-1	GL894122-1		GL894122.1	GL894122.1	NW_003538898.1
susScr3:GL894123-1	GL894123-1		GL894123.1	GL894123.1	NW_003538899.1
susScr3:GL894124-2	GL894124-2		GL894124.2	GL894124.2	NW_003538900.2
susScr3:GL894125-1	GL894125-1		GL894125.1	GL894125.1	NW_003538901.1
susScr3:GL894126-2	GL894126-2		GL894126.2	GL894126.2	NW_003538902.2
susScr3:GL894127-1	GL894127-1		GL894127.1	GL894127.1	NW_003538903.1
susScr3:GL894129-2	GL894129-2		GL894129.2	GL894129.2	NW_003538905.2
susScr3:GL894130-2	GL894130-2		GL894130.2	GL894130.2	NW_003538906.2
susScr3:GL894131-1	GL894131-1		GL894131.1	GL894131.1	NW_003538907.1
susScr3:GL894132-2	GL894132-2		GL894132.2	GL894132.2	NW_003538908.2
susScr3:GL894133-2	GL894133-2		GL894133.2	GL894133.2	NW_003538909.2
susScr3:GL894134-1	GL894134-1		GL894134.1	GL894134.1	NW_003538910.1
susScr3:GL894135-1	GL894135-1		GL894135.1	GL894135.1	NW_003538911.1
susScr3:GL894136-2	GL894136-2		GL894136.2	GL894136.2	NW_003538912.2
susScr3:GL894137-2	GL894137-2		GL894137.2	GL894137.2	NW_003538913.2
susScr3:GL894138-2	GL894138-2		GL894138.2	GL894138.2	NW_003538914.2
susScr3:GL894139-2	GL894139-2		GL894139.2	GL894139.2	NW_003538915.2
susScr3:GL894140-1	GL894140-1		GL894140.1	GL894140.1	NW_003538916.1
susScr3:GL894141-1	GL894141-1		GL894141.1	GL894141.1	NW_003538917.1
susScr3:GL894142-1	GL894142-1		GL894142.1	GL894142.1	NW_003538918.1
susScr3:GL894144-1	GL894144-1		GL894144.1	GL894144.1	NW_003538920.1
susScr3:GL894145-1	GL894145-1		GL894145.1	GL894145.1	NW_003538921.1
susScr3:GL894146-2	GL894146-2		GL894146.2	GL894146.2	NW_003538922.2
susScr3:GL894147-1	GL894147-1		GL894147.1	GL894147.1	NW_003538923.1
susScr3:GL894148-2	GL894148-2		GL894148.2	GL894148.2	NW_003538924.2
susScr3:GL894149-2	GL894149-2		GL894149.2	GL894149.2	NW_003538925.2
susScr3:GL894150-1	GL894150-1		GL894150.1	GL894150.1	NW_003538926.1
susScr3:GL894154-1	GL894154-1		GL894154.1	GL894154.1	NW_003538930.1
susScr3:GL894155-1	GL894155-1		GL894155.1	GL894155.1	NW_003538931.1
susScr3:GL894156-1	GL894156-1		GL894156.1	GL894156.1	NW_003538932.1
susScr3:GL894157-2	GL894157-2		GL894157.2	GL894157.2	NW_003538933.2
susScr3:GL894158-1	GL894158-1		GL894158.1	GL894158.1	NW_003538934.1
susScr3:GL894159-2	GL894159-2		GL894159.2	GL894159.2	NW_003538935.2
susScr3:GL894160-2	GL894160-2		GL894160.2	GL894160.2	NW_003538936.2
susScr3:GL894161-2	GL894161-2		GL894161.2	GL894161.2	NW_003538937.2
susScr3:GL894163-1	GL894163-1		GL894163.1	GL894163.1	NW_003538939.1
susScr3:GL894165-1	GL894165-1		GL894165.1	GL894165.1	NW_003538941.1
susScr3:GL894166-1	GL894166-1		GL894166.1	GL894166.1	NW_003538942.1
susScr3:GL894167-1	GL894167-1		GL894167.1	GL894167.1	NW_003538943.1
susScr3:GL894168-1	GL894168-1		GL894168.1	GL894168.1	NW_003538944.1
susScr3:GL894169-2	GL894169-2		GL894169.2	GL894169.2	NW_003538945.2
susScr3:GL894170-1	GL894170-1		GL894170.1	GL894170.1	NW_003538946.1
susScr3:GL894171-2	GL894171-2		GL894171.2	GL894171.2	NW_003538947.2
susScr3:GL894172-2	GL894172-2		GL894172.2	GL894172.2	NW_003538948.2
susScr3:GL894173-1	GL894173-1		GL894173.1	GL894173.1	NW_003538949.1
susScr3:GL894174-2	GL894174-2		GL894174.2	GL894174.2	NW_003538950.2
susScr3:GL894176-1	GL894176-1		GL894176.1	GL894176.1	NW_003538952.1
susScr3:GL894177-2	GL894177-2		GL894177.2	GL894177.2	NW_003538953.2
susScr3:GL894178-1	GL894178-1		GL894178.1	GL894178.1	NW_003538954.1
susScr3:GL894179-1	GL894179-1		GL894179.1	GL894179.1	NW_003538955.1
susScr3:GL894180-2	GL894180-2		GL894180.2	GL894180.2	NW_003538956.2
susScr3:GL894181-1	GL894181-1		GL894181.1	GL894181.1	NW_003538957.1
susScr3:GL894183-2	GL894183-2		GL894183.2	GL894183.2	NW_003538959.2
susScr3:GL894184-2	GL894184-2		GL894184.2	GL894184.2	NW_003538960.2
susScr3:GL894185-1	GL894185-1		GL894185.1	GL894185.1	NW_003538961.1
susScr3:GL894187-1	GL894187-1		GL894187.1	GL894187.1	NW_003538963.1
susScr3:GL894189-1	GL894189-1		GL894189.1	GL894189.1	NW_003538965.1
susScr3:GL894190-2	GL894190-2		GL894190.2	GL894190.2	NW_003538966.2
susScr3:GL894191-1	GL894191-1		GL894191.1	GL894191.1	NW_003538967.1
susScr3:GL894193-1	GL894193-1		GL894193.1	GL894193.1	NW_003538969.1
susScr3:GL894194-2	GL894194-2		GL894194.2	GL894194.2	NW_003538970.2
susScr3:GL894196-2	GL894196-2		GL894196.2	GL894196.2	NW_003538972.2
susScr3:GL894197-2	GL894197-2		GL894197.2	GL894197.2	NW_003538973.2
susScr3:GL894198-1	GL894198-1		GL894198.1	GL894198.1	NW_003538974.1
susScr3:GL894199-2	GL894199-2		GL894199.2	GL894199.2	NW_003538975.2
susScr3:GL894200-1	GL894200-1		GL894200.1	GL894200.1	NW_003538976.1
susScr3:GL894201-2	GL894201-2		GL894201.2	GL894201.2	NW_003538977.2
susScr3:GL894202-1	GL894202-1		GL894202.1	GL894202.1	NW_003538978.1
susScr3:GL894205-2	GL894205-2		GL894205.2	GL894205.2	NW_003538981.2
susScr3:GL894206-2	GL894206-2		GL894206.2	GL894206.2	NW_003538982.2
susScr3:GL894207-2	GL894207-2		GL894207.2	GL894207.2	NW_003538983.2
susScr3:GL894208-1	GL894208-1		GL894208.1	GL894208.1	NW_003538984.1
susScr3:GL894209-2	GL894209-2		GL894209.2	GL894209.2	NW_003538985.2
susScr3:GL894210-1	GL894210-1		GL894210.1	GL894210.1	NW_003538986.1
susScr3:GL894211-1	GL894211-1		GL894211.1	GL894211.1	NW_003538987.1
susScr3:GL894212-1	GL894212-1		GL894212.1	GL894212.1	NW_003538988.1
susScr3:GL894213-2	GL894213-2		GL894213.2	GL894213.2	NW_003538989.2
susScr3:GL894214-2	GL894214-2		GL894214.2	GL894214.2	NW_003538990.2
susScr3:GL894215-1	GL894215-1		GL894215.1	GL894215.1	NW_003538991.1
susScr3:GL894216-2	GL894216-2		GL894216.2	GL894216.2	NW_003538992.2
susScr3:GL894217-2	GL894217-2		GL894217.2	GL894217.2	NW_003538993.2
susScr3:GL894218-2	GL894218-2		GL894218.2	GL894218.2	NW_003538994.2
susScr3:GL894219-1	GL894219-1		GL894219.1	GL894219.1	NW_003538995.1
susScr3:GL894220-2	GL894220-2		GL894220.2	GL894220.2	NW_003538996.2
susScr3:GL894221-1	GL894221-1		GL894221.1	GL894221.1	NW_003538997.1
susScr3:GL894222-2	GL894222-2		GL894222.2	GL894222.2	NW_003538998.2
susScr3:GL894223-1	GL894223-1		GL894223.1	GL894223.1	NW_003538999.1
susScr3:GL894224-1	GL894224-1		GL894224.1	GL894224.1	NW_003539000.1
susScr3:GL894225-1	GL894225-1		GL894225.1	GL894225.1	NW_003539001.1
susScr3:GL894226-1	GL894226-1		GL894226.1	GL894226.1	NW_003539002.1
susScr3:GL894227-1	GL894227-1		GL894227.1	GL894227.1	NW_003539003.1
susScr3:GL894228-1	GL894228-1		GL894228.1	GL894228.1	NW_003539004.1
susScr3:GL894229-2	GL894229-2		GL894229.2	GL894229.2	NW_003539005.2
susScr3:GL894230-2	GL894230-2		GL894230.2	GL894230.2	NW_003539006.2
susScr3:GL894231-1	GL894231-1		GL894231.1	GL894231.1	NW_003539007.1
susScr3:GL894233-1	GL894233-1		GL894233.1	GL894233.1	NW_003539009.1
susScr3:GL894234-1	GL894234-1		GL894234.1	GL894234.1	NW_003539010.1
susScr3:GL894235-1	GL894235-1		GL894235.1	GL894235.1	NW_003539011.1
susScr3:GL894236-2	GL894236-2		GL894236.2	GL894236.2	NW_003539012.2
susScr3:GL894237-1	GL894237-1		GL894237.1	GL894237.1	NW_003539013.1
susScr3:GL894238-2	GL894238-2		GL894238.2	GL894238.2	NW_003539014.2
susScr3:GL894239-1	GL894239-1		GL894239.1	GL894239.1	NW_003539015.1
susScr3:GL894240-1	GL894240-1		GL894240.1	GL894240.1	NW_003539016.1
susScr3:GL894242-1	GL894242-1		GL894242.1	GL894242.1	NW_003539018.1
susScr3:GL894244-1	GL894244-1		GL894244.1	GL894244.1	NW_003539020.1
susScr3:GL894245-1	GL894245-1		GL894245.1	GL894245.1	NW_003539021.1
susScr3:GL894246-2	GL894246-2		GL894246.2	GL894246.2	NW_003539022.2
susScr3:GL894247-2	GL894247-2		GL894247.2	GL894247.2	NW_003539023.2
susScr3:GL894248-2	GL894248-2		GL894248.2	GL894248.2	NW_003539024.2
susScr3:GL894249-1	GL894249-1		GL894249.1	GL894249.1	NW_003539025.1
susScr3:GL894251-1	GL894251-1		GL894251.1	GL894251.1	NW_003539027.1
susScr3:GL894252-2	GL894252-2		GL894252.2	GL894252.2	NW_003539028.2
susScr3:GL894253-1	GL894253-1		GL894253.1	GL894253.1	NW_003539029.1
susScr3:GL894254-2	GL894254-2		GL894254.2	GL894254.2	NW_003539030.2
susScr3:GL894255-1	GL894255-1		GL894255.1	GL894255.1	NW_003539031.1
susScr3:GL894256-1	GL894256-1		GL894256.1	GL894256.1	NW_003539032.1
susScr3:GL894257-1	GL894257-1		GL894257.1	GL894257.1	NW_003539033.1
susScr3:GL894258-1	GL894258-1		GL894258.1	GL894258.1	NW_003539034.1
susScr3:GL894259-1	GL894259-1		GL894259.1	GL894259.1	NW_003539035.1
susScr3:GL894260-1	GL894260-1		GL894260.1	GL894260.1	NW_003539036.1
susScr3:GL894261-2	GL894261-2		GL894261.2	GL894261.2	NW_003539037.2
susScr3:GL894262-2	GL894262-2		GL894262.2	GL894262.2	NW_003539038.2
susScr3:GL894263-1	GL894263-1		GL894263.1	GL894263.1	NW_003539039.1
susScr3:GL894264-1	GL894264-1		GL894264.1	GL894264.1	NW_003539040.1
susScr3:GL894265-1	GL894265-1		GL894265.1	GL894265.1	NW_003539041.1
susScr3:GL894266-1	GL894266-1		GL894266.1	GL894266.1	NW_003539042.1
susScr3:GL894267-1	GL894267-1		GL894267.1	GL894267.1	NW_003539043.1
susScr3:GL894268-1	GL894268-1		GL894268.1	GL894268.1	NW_003539044.1
susScr3:GL894269-1	GL894269-1		GL894269.1	GL894269.1	NW_003539045.1
susScr3:GL894270-2	GL894270-2		GL894270.2	GL894270.2	NW_003539046.2
susScr3:GL894271-2	GL894271-2		GL894271.2	GL894271.2	NW_003539047.2
susScr3:GL894272-1	GL894272-1		GL894272.1	GL894272.1	NW_003539048.1
susScr3:GL894273-2	GL894273-2		GL894273.2	GL894273.2	NW_003539049.2
susScr3:GL894274-2	GL894274-2		GL894274.2	GL894274.2	NW_003539050.2
susScr3:GL894276-2	GL894276-2		GL894276.2	GL894276.2	NW_003539052.2
susScr3:GL894277-1	GL894277-1		GL894277.1	GL894277.1	NW_003539053.1
susScr3:GL894278-1	GL894278-1		GL894278.1	GL894278.1	NW_003539054.1
susScr3:GL894279-1	GL894279-1		GL894279.1	GL894279.1	NW_003539055.1
susScr3:GL894280-2	GL894280-2		GL894280.2	GL894280.2	NW_003539056.2
susScr3:GL894282-1	GL894282-1		GL894282.1	GL894282.1	NW_003539058.1
susScr3:GL894283-1	GL894283-1		GL894283.1	GL894283.1	NW_003539059.1
susScr3:GL894284-2	GL894284-2		GL894284.2	GL894284.2	NW_003539060.2
susScr3:GL894285-1	GL894285-1		GL894285.1	GL894285.1	NW_003539061.1
susScr3:GL894286-2	GL894286-2		GL894286.2	GL894286.2	NW_003539062.2
susScr3:GL894287-1	GL894287-1		GL894287.1	GL894287.1	NW_003539063.1
susScr3:GL894288-2	GL894288-2		GL894288.2	GL894288.2	NW_003539064.2
susScr3:GL894289-1	GL894289-1		GL894289.1	GL894289.1	NW_003539065.1
susScr3:GL894290-1	GL894290-1		GL894290.1	GL894290.1	NW_003539066.1
susScr3:GL894291-2	GL894291-2		GL894291.2	GL894291.2	NW_003539067.2
susScr3:GL894292-2	GL894292-2		GL894292.2	GL894292.2	NW_003539068.2
susScr3:GL894293-1	GL894293-1		GL894293.1	GL894293.1	NW_003539069.1
susScr3:GL894294-2	GL894294-2		GL894294.2	GL894294.2	NW_003539070.2
susScr3:GL894295-2	GL894295-2		GL894295.2	GL894295.2	NW_003539071.2
susScr3:GL894296-2	GL894296-2		GL894296.2	GL894296.2	NW_003539072.2
susScr3:GL894297-1	GL894297-1		GL894297.1	GL894297.1	NW_003539073.1
susScr3:GL894298-1	GL894298-1		GL894298.1	GL894298.1	NW_003539074.1
susScr3:GL894300-1	GL894300-1		GL894300.1	GL894300.1	NW_003539076.1
susScr3:GL894301-2	GL894301-2		GL894301.2	GL894301.2	NW_003539077.2
susScr3:GL894304-2	GL894304-2		GL894304.2	GL894304.2	NW_003539080.2
susScr3:GL894305-2	GL894305-2		GL894305.2	GL894305.2	NW_003539081.2
susScr3:GL894307-2	GL894307-2		GL894307.2	GL894307.2	NW_003539083.2
susScr3:GL894308-1	GL894308-1		GL894308.1	GL894308.1	NW_003539084.1
susScr3:GL894310-2	GL894310-2		GL894310.2	GL894310.2	NW_003539086.2
susScr3:GL894311-1	GL894311-1		GL894311.1	GL894311.1	NW_003539087.1
susScr3:GL894312-1	GL894312-1		GL894312.1	GL894312.1	NW_003539088.1
susScr3:GL894313-1	GL894313-1		GL894313.1	GL894313.1	NW_003539089.1
susScr3:GL894315-1	GL894315-1		GL894315.1	GL894315.1	NW_003539091.1
susScr3:GL894316-2	GL894316-2		GL894316.2	GL894316.2	NW_003539092.2
susScr3:GL894317-1	GL894317-1		GL894317.1	GL894317.1	NW_003539093.1
susScr3:GL894319-1	GL894319-1		GL894319.1	GL894319.1	NW_003539095.1
susScr3:GL894320-1	GL894320-1		GL894320.1	GL894320.1	NW_003539096.1
susScr3:GL894321-1	GL894321-1		GL894321.1	GL894321.1	NW_003539097.1
susScr3:GL894322-1	GL894322-1		GL894322.1	GL894322.1	NW_003539098.1
susScr3:GL894323-1	GL894323-1		GL894323.1	GL894323.1	NW_003539099.1
susScr3:GL894324-1	GL894324-1		GL894324.1	GL894324.1	NW_003539100.1
susScr3:GL894325-2	GL894325-2		GL894325.2	GL894325.2	NW_003539101.2
susScr3:GL894326-1	GL894326-1		GL894326.1	GL894326.1	NW_003539102.1
susScr3:GL894327-1	GL894327-1		GL894327.1	GL894327.1	NW_003539103.1
susScr3:GL894328-1	GL894328-1		GL894328.1	GL894328.1	NW_003539104.1
susScr3:GL894329-1	GL894329-1		GL894329.1	GL894329.1	NW_003539105.1
susScr3:GL894330-1	GL894330-1		GL894330.1	GL894330.1	NW_003539106.1
susScr3:GL894331-1	GL894331-1		GL894331.1	GL894331.1	NW_003539107.1
susScr3:GL894332-1	GL894332-1		GL894332.1	GL894332.1	NW_003539108.1
susScr3:GL894333-2	GL894333-2		GL894333.2	GL894333.2	NW_003539109.2
susScr3:GL894334-2	GL894334-2		GL894334.2	GL894334.2	NW_003539110.2
susScr3:GL894335-1	GL894335-1		GL894335.1	GL894335.1	NW_003539111.1
susScr3:GL894336-1	GL894336-1		GL894336.1	GL894336.1	NW_003539112.1
susScr3:GL894337-1	GL894337-1		GL894337.1	GL894337.1	NW_003539113.1
susScr3:GL894338-1	GL894338-1		GL894338.1	GL894338.1	NW_003539114.1
susScr3:GL894339-1	GL894339-1		GL894339.1	GL894339.1	NW_003539115.1
susScr3:GL894341-1	GL894341-1		GL894341.1	GL894341.1	NW_003539117.1
susScr3:GL894342-1	GL894342-1		GL894342.1	GL894342.1	NW_003539118.1
susScr3:GL894344-2	GL894344-2		GL894344.2	GL894344.2	NW_003539120.2
susScr3:GL894346-1	GL894346-1		GL894346.1	GL894346.1	NW_003539122.1
susScr3:GL894347-1	GL894347-1		GL894347.1	GL894347.1	NW_003539123.1
susScr3:GL894348-2	GL894348-2		GL894348.2	GL894348.2	NW_003539124.2
susScr3:GL894349-1	GL894349-1		GL894349.1	GL894349.1	NW_003539125.1
susScr3:GL894350-2	GL894350-2		GL894350.2	GL894350.2	NW_003539126.2
susScr3:GL894351-1	GL894351-1		GL894351.1	GL894351.1	NW_003539127.1
susScr3:GL894352-2	GL894352-2		GL894352.2	GL894352.2	NW_003539128.2
susScr3:GL894353-1	GL894353-1		GL894353.1	GL894353.1	NW_003539129.1
susScr3:GL894354-1	GL894354-1		GL894354.1	GL894354.1	NW_003539130.1
susScr3:GL894355-1	GL894355-1		GL894355.1	GL894355.1	NW_003539131.1
susScr3:GL894357-1	GL894357-1		GL894357.1	GL894357.1	NW_003539133.1
susScr3:GL894358-1	GL894358-1		GL894358.1	GL894358.1	NW_003539134.1
susScr3:GL894359-1	GL894359-1		GL894359.1	GL894359.1	NW_003539135.1
susScr3:GL894361-1	GL894361-1		GL894361.1	GL894361.1	NW_003539137.1
susScr3:GL894362-1	GL894362-1		GL894362.1	GL894362.1	NW_003539138.1
susScr3:GL894364-2	GL894364-2		GL894364.2	GL894364.2	NW_003539140.2
susScr3:GL894365-2	GL894365-2		GL894365.2	GL894365.2	NW_003539141.2
susScr3:GL894367-1	GL894367-1		GL894367.1	GL894367.1	NW_003539143.1
susScr3:GL894368-1	GL894368-1		GL894368.1	GL894368.1	NW_003539144.1
susScr3:GL894369-1	GL894369-1		GL894369.1	GL894369.1	NW_003539145.1
susScr3:GL894370-2	GL894370-2		GL894370.2	GL894370.2	NW_003539146.2
susScr3:GL894375-2	GL894375-2		GL894375.2	GL894375.2	NW_003539151.2
susScr3:GL894376-2	GL894376-2		GL894376.2	GL894376.2	NW_003539152.2
susScr3:GL894377-1	GL894377-1		GL894377.1	GL894377.1	NW_003539153.1
susScr3:GL894378-1	GL894378-1		GL894378.1	GL894378.1	NW_003539154.1
susScr3:GL894379-1	GL894379-1		GL894379.1	GL894379.1	NW_003539155.1
susScr3:GL894381-1	GL894381-1		GL894381.1	GL894381.1	NW_003539157.1
susScr3:GL894382-1	GL894382-1		GL894382.1	GL894382.1	NW_003539158.1
susScr3:GL894383-1	GL894383-1		GL894383.1	GL894383.1	NW_003539159.1
susScr3:GL894384-1	GL894384-1		GL894384.1	GL894384.1	NW_003539160.1
susScr3:GL894385-1	GL894385-1		GL894385.1	GL894385.1	NW_003539161.1
susScr3:GL894386-1	GL894386-1		GL894386.1	GL894386.1	NW_003539162.1
susScr3:GL894387-2	GL894387-2		GL894387.2	GL894387.2	NW_003539163.2
susScr3:GL894389-1	GL894389-1		GL894389.1	GL894389.1	NW_003539165.1
susScr3:GL894390-1	GL894390-1		GL894390.1	GL894390.1	NW_003539166.1
susScr3:GL894394-2	GL894394-2		GL894394.2	GL894394.2	NW_003539170.2
susScr3:GL894395-1	GL894395-1		GL894395.1	GL894395.1	NW_003539171.1
susScr3:GL894396-1	GL894396-1		GL894396.1	GL894396.1	NW_003539172.1
susScr3:GL894399-1	GL894399-1		GL894399.1	GL894399.1	NW_003539175.1
susScr3:GL894400-1	GL894400-1		GL894400.1	GL894400.1	NW_003539176.1
susScr3:GL894401-1	GL894401-1		GL894401.1	GL894401.1	NW_003539177.1
susScr3:GL894402-2	GL894402-2		GL894402.2	GL894402.2	NW_003539178.2
susScr3:GL894403-1	GL894403-1		GL894403.1	GL894403.1	NW_003539179.1
susScr3:GL894404-1	GL894404-1		GL894404.1	GL894404.1	NW_003539180.1
susScr3:GL894405-1	GL894405-1		GL894405.1	GL894405.1	NW_003539181.1
susScr3:GL894406-2	GL894406-2		GL894406.2	GL894406.2	NW_003539182.2
susScr3:GL894408-2	GL894408-2		GL894408.2	GL894408.2	NW_003539184.2
susScr3:GL894409-2	GL894409-2		GL894409.2	GL894409.2	NW_003539185.2
susScr3:GL894410-2	GL894410-2		GL894410.2	GL894410.2	NW_003539186.2
susScr3:GL894411-2	GL894411-2		GL894411.2	GL894411.2	NW_003539187.2
susScr3:GL894412-1	GL894412-1		GL894412.1	GL894412.1	NW_003539188.1
susScr3:GL894413-1	GL894413-1		GL894413.1	GL894413.1	NW_003539189.1
susScr3:GL894416-1	GL894416-1		GL894416.1	GL894416.1	NW_003539192.1
susScr3:GL894417-1	GL894417-1		GL894417.1	GL894417.1	NW_003539193.1
susScr3:GL894418-2	GL894418-2		GL894418.2	GL894418.2	NW_003539194.2
susScr3:GL894419-2	GL894419-2		GL894419.2	GL894419.2	NW_003539195.2
susScr3:GL894420-1	GL894420-1		GL894420.1	GL894420.1	NW_003539196.1
susScr3:GL894421-1	GL894421-1		GL894421.1	GL894421.1	NW_003539197.1
susScr3:GL894422-2	GL894422-2		GL894422.2	GL894422.2	NW_003539198.2
susScr3:GL894423-1	GL894423-1		GL894423.1	GL894423.1	NW_003539199.1
susScr3:GL894424-2	GL894424-2		GL894424.2	GL894424.2	NW_003539200.2
susScr3:GL894425-2	GL894425-2		GL894425.2	GL894425.2	NW_003539201.2
susScr3:GL894426-1	GL894426-1		GL894426.1	GL894426.1	NW_003539202.1
susScr3:GL894427-2	GL894427-2		GL894427.2	GL894427.2	NW_003539203.2
susScr3:GL894428-1	GL894428-1		GL894428.1	GL894428.1	NW_003539204.1
susScr3:GL894429-2	GL894429-2		GL894429.2	GL894429.2	NW_003539205.2
susScr3:GL894430-2	GL894430-2		GL894430.2	GL894430.2	NW_003539206.2
susScr3:GL894431-1	GL894431-1		GL894431.1	GL894431.1	NW_003539207.1
susScr3:GL894433-1	GL894433-1		GL894433.1	GL894433.1	NW_003539209.1
susScr3:GL894434-1	GL894434-1		GL894434.1	GL894434.1	NW_003539210.1
susScr3:GL894435-1	GL894435-1		GL894435.1	GL894435.1	NW_003539211.1
susScr3:GL894436-1	GL894436-1		GL894436.1	GL894436.1	NW_003539212.1
susScr3:GL894438-2	GL894438-2		GL894438.2	GL894438.2	NW_003539214.2
susScr3:GL894439-1	GL894439-1		GL894439.1	GL894439.1	NW_003539215.1
susScr3:GL894440-1	GL894440-1		GL894440.1	GL894440.1	NW_003539216.1
susScr3:GL894441-2	GL894441-2		GL894441.2	GL894441.2	NW_003539217.2
susScr3:GL894443-2	GL894443-2		GL894443.2	GL894443.2	NW_003539219.2
susScr3:GL894444-1	GL894444-1		GL894444.1	GL894444.1	NW_003539220.1
susScr3:GL894445-1	GL894445-1		GL894445.1	GL894445.1	NW_003539221.1
susScr3:GL894446-1	GL894446-1		GL894446.1	GL894446.1	NW_003539222.1
susScr3:GL894447-1	GL894447-1		GL894447.1	GL894447.1	NW_003539223.1
susScr3:GL894448-1	GL894448-1		GL894448.1	GL894448.1	NW_003539224.1
susScr3:GL894451-1	GL894451-1		GL894451.1	GL894451.1	NW_003539227.1
susScr3:GL894452-1	GL894452-1		GL894452.1	GL894452.1	NW_003539228.1
susScr3:GL894453-1	GL894453-1		GL894453.1	GL894453.1	NW_003539229.1
susScr3:GL894455-1	GL894455-1		GL894455.1	GL894455.1	NW_003539231.1
susScr3:GL894456-1	GL894456-1		GL894456.1	GL894456.1	NW_003539232.1
susScr3:GL894457-1	GL894457-1		GL894457.1	GL894457.1	NW_003539233.1
susScr3:GL894459-2	GL894459-2		GL894459.2	GL894459.2	NW_003539235.2
susScr3:GL894461-1	GL894461-1		GL894461.1	GL894461.1	NW_003539237.1
susScr3:GL894462-2	GL894462-2		GL894462.2	GL894462.2	NW_003539238.2
susScr3:GL894463-2	GL894463-2		GL894463.2	GL894463.2	NW_003539239.2
susScr3:GL894464-2	GL894464-2		GL894464.2	GL894464.2	NW_003539240.2
susScr3:GL894465-1	GL894465-1		GL894465.1	GL894465.1	NW_003539241.1
susScr3:GL894466-1	GL894466-1		GL894466.1	GL894466.1	NW_003539242.1
susScr3:GL894467-1	GL894467-1		GL894467.1	GL894467.1	NW_003539243.1
susScr3:GL894468-1	GL894468-1		GL894468.1	GL894468.1	NW_003539244.1
susScr3:GL894469-1	GL894469-1		GL894469.1	GL894469.1	NW_003539245.1
susScr3:GL894470-1	GL894470-1		GL894470.1	GL894470.1	NW_003539246.1
susScr3:GL894472-1	GL894472-1		GL894472.1	GL894472.1	NW_003539248.1
susScr3:GL894473-2	GL894473-2		GL894473.2	GL894473.2	NW_003539249.2
susScr3:GL894474-1	GL894474-1		GL894474.1	GL894474.1	NW_003539250.1
susScr3:GL894475-1	GL894475-1		GL894475.1	GL894475.1	NW_003539251.1
susScr3:GL894478-1	GL894478-1		GL894478.1	GL894478.1	NW_003539254.1
susScr3:GL894479-1	GL894479-1		GL894479.1	GL894479.1	NW_003539255.1
susScr3:GL894480-1	GL894480-1		GL894480.1	GL894480.1	NW_003539256.1
susScr3:GL894482-1	GL894482-1		GL894482.1	GL894482.1	NW_003539258.1
susScr3:GL894483-1	GL894483-1		GL894483.1	GL894483.1	NW_003539259.1
susScr3:GL894484-2	GL894484-2		GL894484.2	GL894484.2	NW_003539260.2
susScr3:GL894485-1	GL894485-1		GL894485.1	GL894485.1	NW_003539261.1
susScr3:GL894486-1	GL894486-1		GL894486.1	GL894486.1	NW_003539262.1
susScr3:GL894487-1	GL894487-1		GL894487.1	GL894487.1	NW_003539263.1
susScr3:GL894488-1	GL894488-1		GL894488.1	GL894488.1	NW_003539264.1
susScr3:GL894489-2	GL894489-2		GL894489.2	GL894489.2	NW_003539265.2
susScr3:GL894490-1	GL894490-1		GL894490.1	GL894490.1	NW_003539266.1
susScr3:GL894491-2	GL894491-2		GL894491.2	GL894491.2	NW_003539267.2
susScr3:GL894492-1	GL894492-1		GL894492.1	GL894492.1	NW_003539268.1
susScr3:GL894493-1	GL894493-1		GL894493.1	GL894493.1	NW_003539269.1
susScr3:GL894494-2	GL894494-2		GL894494.2	GL894494.2	NW_003539270.2
susScr3:GL894496-2	GL894496-2		GL894496.2	GL894496.2	NW_003539272.2
susScr3:GL894497-2	GL894497-2		GL894497.2	GL894497.2	NW_003539273.2
susScr3:GL894498-1	GL894498-1		GL894498.1	GL894498.1	NW_003539274.1
susScr3:GL894499-1	GL894499-1		GL894499.1	GL894499.1	NW_003539275.1
susScr3:GL894501-1	GL894501-1		GL894501.1	GL894501.1	NW_003539277.1
susScr3:GL894502-2	GL894502-2		GL894502.2	GL894502.2	NW_003539278.2
susScr3:GL894503-2	GL894503-2		GL894503.2	GL894503.2	NW_003539279.2
susScr3:GL894504-1	GL894504-1		GL894504.1	GL894504.1	NW_003539280.1
susScr3:GL894506-2	GL894506-2		GL894506.2	GL894506.2	NW_003539282.2
susScr3:GL894507-1	GL894507-1		GL894507.1	GL894507.1	NW_003539283.1
susScr3:GL894508-1	GL894508-1		GL894508.1	GL894508.1	NW_003539284.1
susScr3:GL894509-1	GL894509-1		GL894509.1	GL894509.1	NW_003539285.1
susScr3:GL894510-1	GL894510-1		GL894510.1	GL894510.1	NW_003539286.1
susScr3:GL894511-1	GL894511-1		GL894511.1	GL894511.1	NW_003539287.1
susScr3:GL894512-1	GL894512-1		GL894512.1	GL894512.1	NW_003539288.1
susScr3:GL894513-1	GL894513-1		GL894513.1	GL894513.1	NW_003539289.1
susScr3:GL894514-1	GL894514-1		GL894514.1	GL894514.1	NW_003539290.1
susScr3:GL894515-2	GL894515-2		GL894515.2	GL894515.2	NW_003539291.2
susScr3:GL894518-1	GL894518-1		GL894518.1	GL894518.1	NW_003539294.1
susScr3:GL894519-2	GL894519-2		GL894519.2	GL894519.2	NW_003539295.2
susScr3:GL894520-2	GL894520-2		GL894520.2	GL894520.2	NW_003539296.2
susScr3:GL894521-1	GL894521-1		GL894521.1	GL894521.1	NW_003539297.1
susScr3:GL894522-1	GL894522-1		GL894522.1	GL894522.1	NW_003539298.1
susScr3:GL894523-1	GL894523-1		GL894523.1	GL894523.1	NW_003539299.1
susScr3:GL894524-1	GL894524-1		GL894524.1	GL894524.1	NW_003539300.1
susScr3:GL894525-1	GL894525-1		GL894525.1	GL894525.1	NW_003539301.1
susScr3:GL894526-2	GL894526-2		GL894526.2	GL894526.2	NW_003539302.2
susScr3:GL894527-1	GL894527-1		GL894527.1	GL894527.1	NW_003539303.1
susScr3:GL894528-2	GL894528-2		GL894528.2	GL894528.2	NW_003539304.2
susScr3:GL894530-1	GL894530-1		GL894530.1	GL894530.1	NW_003539306.1
susScr3:GL894531-1	GL894531-1		GL894531.1	GL894531.1	NW_003539307.1
susScr3:GL894533-2	GL894533-2		GL894533.2	GL894533.2	NW_003539309.2
susScr3:GL894534-1	GL894534-1		GL894534.1	GL894534.1	NW_003539310.1
susScr3:GL894535-2	GL894535-2		GL894535.2	GL894535.2	NW_003539311.2
susScr3:GL894536-1	GL894536-1		GL894536.1	GL894536.1	NW_003539312.1
susScr3:GL894537-2	GL894537-2		GL894537.2	GL894537.2	NW_003539313.2
susScr3:GL894540-2	GL894540-2		GL894540.2	GL894540.2	NW_003539316.2
susScr3:GL894541-2	GL894541-2		GL894541.2	GL894541.2	NW_003539317.2
susScr3:GL894542-2	GL894542-2		GL894542.2	GL894542.2	NW_003539318.2
susScr3:GL894543-1	GL894543-1		GL894543.1	GL894543.1	NW_003539319.1
susScr3:GL894544-2	GL894544-2		GL894544.2	GL894544.2	NW_003539320.2
susScr3:GL894545-1	GL894545-1		GL894545.1	GL894545.1	NW_003539321.1
susScr3:GL894546-1	GL894546-1		GL894546.1	GL894546.1	NW_003539322.1
susScr3:GL894549-2	GL894549-2		GL894549.2	GL894549.2	NW_003539325.2
susScr3:GL894550-2	GL894550-2		GL894550.2	GL894550.2	NW_003539326.2
susScr3:GL894551-1	GL894551-1		GL894551.1	GL894551.1	NW_003539327.1
susScr3:GL894553-1	GL894553-1		GL894553.1	GL894553.1	NW_003539329.1
susScr3:GL894555-2	GL894555-2		GL894555.2	GL894555.2	NW_003539331.2
susScr3:GL894557-1	GL894557-1		GL894557.1	GL894557.1	NW_003539333.1
susScr3:GL894559-2	GL894559-2		GL894559.2	GL894559.2	NW_003539335.2
susScr3:GL894560-2	GL894560-2		GL894560.2	GL894560.2	NW_003539336.2
susScr3:GL894562-2	GL894562-2		GL894562.2	GL894562.2	NW_003539338.2
susScr3:GL894563-2	GL894563-2		GL894563.2	GL894563.2	NW_003539339.2
susScr3:GL894565-1	GL894565-1		GL894565.1	GL894565.1	NW_003539341.1
susScr3:GL894566-1	GL894566-1		GL894566.1	GL894566.1	NW_003539342.1
susScr3:GL894567-2	GL894567-2		GL894567.2	GL894567.2	NW_003539343.2
susScr3:GL894568-1	GL894568-1		GL894568.1	GL894568.1	NW_003539344.1
susScr3:GL894569-1	GL894569-1		GL894569.1	GL894569.1	NW_003539345.1
susScr3:GL894570-2	GL894570-2		GL894570.2	GL894570.2	NW_003539346.2
susScr3:GL894571-1	GL894571-1		GL894571.1	GL894571.1	NW_003539347.1
susScr3:GL894573-1	GL894573-1		GL894573.1	GL894573.1	NW_003539349.1
susScr3:GL894574-1	GL894574-1		GL894574.1	GL894574.1	NW_003539350.1
susScr3:GL894575-1	GL894575-1		GL894575.1	GL894575.1	NW_003539351.1
susScr3:GL894576-1	GL894576-1		GL894576.1	GL894576.1	NW_003539352.1
susScr3:GL894578-1	GL894578-1		GL894578.1	GL894578.1	NW_003539354.1
susScr3:GL894579-1	GL894579-1		GL894579.1	GL894579.1	NW_003539355.1
susScr3:GL894581-2	GL894581-2		GL894581.2	GL894581.2	NW_003539357.2
susScr3:GL894583-2	GL894583-2		GL894583.2	GL894583.2	NW_003539359.2
susScr3:GL894584-1	GL894584-1		GL894584.1	GL894584.1	NW_003539360.1
susScr3:GL894586-2	GL894586-2		GL894586.2	GL894586.2	NW_003539362.2
susScr3:GL894587-2	GL894587-2		GL894587.2	GL894587.2	NW_003539363.2
susScr3:GL894588-1	GL894588-1		GL894588.1	GL894588.1	NW_003539364.1
susScr3:GL894589-1	GL894589-1		GL894589.1	GL894589.1	NW_003539365.1
susScr3:GL894590-1	GL894590-1		GL894590.1	GL894590.1	NW_003539366.1
susScr3:GL894591-2	GL894591-2		GL894591.2	GL894591.2	NW_003539367.2
susScr3:GL894592-2	GL894592-2		GL894592.2	GL894592.2	NW_003539368.2
susScr3:GL894593-1	GL894593-1		GL894593.1	GL894593.1	NW_003539369.1
susScr3:GL894594-2	GL894594-2		GL894594.2	GL894594.2	NW_003539370.2
susScr3:GL894595-1	GL894595-1		GL894595.1	GL894595.1	NW_003539371.1
susScr3:GL894596-2	GL894596-2		GL894596.2	GL894596.2	NW_003539372.2
susScr3:GL894597-1	GL894597-1		GL894597.1	GL894597.1	NW_003539373.1
susScr3:GL894598-2	GL894598-2		GL894598.2	GL894598.2	NW_003539374.2
susScr3:GL894599-2	GL894599-2		GL894599.2	GL894599.2	NW_003539375.2
susScr3:GL894600-1	GL894600-1		GL894600.1	GL894600.1	NW_003539376.1
susScr3:GL894601-1	GL894601-1		GL894601.1	GL894601.1	NW_003539377.1
susScr3:GL894602-1	GL894602-1		GL894602.1	GL894602.1	NW_003539378.1
susScr3:GL894603-2	GL894603-2		GL894603.2	GL894603.2	NW_003539379.2
susScr3:GL894604-1	GL894604-1		GL894604.1	GL894604.1	NW_003539380.1
susScr3:GL894605-1	GL894605-1		GL894605.1	GL894605.1	NW_003539381.1
susScr3:GL894606-1	GL894606-1		GL894606.1	GL894606.1	NW_003539382.1
susScr3:GL894607-2	GL894607-2		GL894607.2	GL894607.2	NW_003539383.2
susScr3:GL894608-1	GL894608-1		GL894608.1	GL894608.1	NW_003539384.1
susScr3:GL894609-1	GL894609-1		GL894609.1	GL894609.1	NW_003539385.1
susScr3:GL894610-1	GL894610-1		GL894610.1	GL894610.1	NW_003539386.1
susScr3:GL894611-1	GL894611-1		GL894611.1	GL894611.1	NW_003539387.1
susScr3:GL894612-1	GL894612-1		GL894612.1	GL894612.1	NW_003539388.1
susScr3:GL894613-1	GL894613-1		GL894613.1	GL894613.1	NW_003539389.1
susScr3:GL894614-2	GL894614-2		GL894614.2	GL894614.2	NW_003539390.2
susScr3:GL894615-2	GL894615-2		GL894615.2	GL894615.2	NW_003539391.2
susScr3:GL894616-2	GL894616-2		GL894616.2	GL894616.2	NW_003539392.2
susScr3:GL894617-2	GL894617-2		GL894617.2	GL894617.2	NW_003539393.2
susScr3:GL894618-1	GL894618-1		GL894618.1	GL894618.1	NW_003539394.1
susScr3:GL894619-1	GL894619-1		GL894619.1	GL894619.1	NW_003539395.1
susScr3:GL894620-1	GL894620-1		GL894620.1	GL894620.1	NW_003539396.1
susScr3:GL894621-1	GL894621-1		GL894621.1	GL894621.1	NW_003539397.1
susScr3:GL894622-1	GL894622-1		GL894622.1	GL894622.1	NW_003539398.1
susScr3:GL894623-1	GL894623-1		GL894623.1	GL894623.1	NW_003539399.1
susScr3:GL894624-2	GL894624-2		GL894624.2	GL894624.2	NW_003539400.2
susScr3:GL894625-1	GL894625-1		GL894625.1	GL894625.1	NW_003539401.1
susScr3:GL894626-1	GL894626-1		GL894626.1	GL894626.1	NW_003539402.1
susScr3:GL894627-1	GL894627-1		GL894627.1	GL894627.1	NW_003539403.1
susScr3:GL894628-1	GL894628-1		GL894628.1	GL894628.1	NW_003539404.1
susScr3:GL894629-1	GL894629-1		GL894629.1	GL894629.1	NW_003539405.1
susScr3:GL894631-2	GL894631-2		GL894631.2	GL894631.2	NW_003539407.2
susScr3:GL894632-1	GL894632-1		GL894632.1	GL894632.1	NW_003539408.1
susScr3:GL894633-1	GL894633-1		GL894633.1	GL894633.1	NW_003539409.1
susScr3:GL894634-1	GL894634-1		GL894634.1	GL894634.1	NW_003539410.1
susScr3:GL894636-1	GL894636-1		GL894636.1	GL894636.1	NW_003539412.1
susScr3:GL894637-1	GL894637-1		GL894637.1	GL894637.1	NW_003539413.1
susScr3:GL894638-2	GL894638-2		GL894638.2	GL894638.2	NW_003539414.2
susScr3:GL894639-2	GL894639-2		GL894639.2	GL894639.2	NW_003539415.2
susScr3:GL894640-2	GL894640-2		GL894640.2	GL894640.2	NW_003539416.2
susScr3:GL894641-1	GL894641-1		GL894641.1	GL894641.1	NW_003539417.1
susScr3:GL894642-2	GL894642-2		GL894642.2	GL894642.2	NW_003539418.2
susScr3:GL894643-1	GL894643-1		GL894643.1	GL894643.1	NW_003539419.1
susScr3:GL894644-1	GL894644-1		GL894644.1	GL894644.1	NW_003539420.1
susScr3:GL894645-1	GL894645-1		GL894645.1	GL894645.1	NW_003539421.1
susScr3:GL894646-1	GL894646-1		GL894646.1	GL894646.1	NW_003539422.1
susScr3:GL894647-2	GL894647-2		GL894647.2	GL894647.2	NW_003539423.2
susScr3:GL894648-1	GL894648-1		GL894648.1	GL894648.1	NW_003539424.1
susScr3:GL894649-2	GL894649-2		GL894649.2	GL894649.2	NW_003539425.2
susScr3:GL894650-2	GL894650-2		GL894650.2	GL894650.2	NW_003539426.2
susScr3:GL894651-2	GL894651-2		GL894651.2	GL894651.2	NW_003539427.2
susScr3:GL894653-1	GL894653-1		GL894653.1	GL894653.1	NW_003539429.1
susScr3:GL894654-1	GL894654-1		GL894654.1	GL894654.1	NW_003539430.1
susScr3:GL894655-2	GL894655-2		GL894655.2	GL894655.2	NW_003539431.2
susScr3:GL894656-1	GL894656-1		GL894656.1	GL894656.1	NW_003539432.1
susScr3:GL894657-1	GL894657-1		GL894657.1	GL894657.1	NW_003539433.1
susScr3:GL894658-1	GL894658-1		GL894658.1	GL894658.1	NW_003539434.1
susScr3:GL894659-2	GL894659-2		GL894659.2	GL894659.2	NW_003539435.2
susScr3:GL894660-2	GL894660-2		GL894660.2	GL894660.2	NW_003539436.2
susScr3:GL894661-2	GL894661-2		GL894661.2	GL894661.2	NW_003539437.2
susScr3:GL894662-2	GL894662-2		GL894662.2	GL894662.2	NW_003539438.2
susScr3:GL894663-1	GL894663-1		GL894663.1	GL894663.1	NW_003539439.1
susScr3:GL894664-2	GL894664-2		GL894664.2	GL894664.2	NW_003539440.2
susScr3:GL894665-2	GL894665-2		GL894665.2	GL894665.2	NW_003539441.2
susScr3:GL894666-1	GL894666-1		GL894666.1	GL894666.1	NW_003539442.1
susScr3:GL894667-1	GL894667-1		GL894667.1	GL894667.1	NW_003539443.1
susScr3:GL894668-1	GL894668-1		GL894668.1	GL894668.1	NW_003539444.1
susScr3:GL894670-2	GL894670-2		GL894670.2	GL894670.2	NW_003539446.2
susScr3:GL894671-1	GL894671-1		GL894671.1	GL894671.1	NW_003539447.1
susScr3:GL894672-2	GL894672-2		GL894672.2	GL894672.2	NW_003539448.2
susScr3:GL894673-1	GL894673-1		GL894673.1	GL894673.1	NW_003539449.1
susScr3:GL894675-1	GL894675-1		GL894675.1	GL894675.1	NW_003539451.1
susScr3:GL894677-1	GL894677-1		GL894677.1	GL894677.1	NW_003539453.1
susScr3:GL894678-2	GL894678-2		GL894678.2	GL894678.2	NW_003539454.2
susScr3:GL894679-1	GL894679-1		GL894679.1	GL894679.1	NW_003539455.1
susScr3:GL894681-2	GL894681-2		GL894681.2	GL894681.2	NW_003539457.2
susScr3:GL894682-2	GL894682-2		GL894682.2	GL894682.2	NW_003539458.2
susScr3:GL894683-2	GL894683-2		GL894683.2	GL894683.2	NW_003539459.2
susScr3:GL894685-2	GL894685-2		GL894685.2	GL894685.2	NW_003539461.2
susScr3:GL894688-1	GL894688-1		GL894688.1	GL894688.1	NW_003539464.1
susScr3:GL894689-1	GL894689-1		GL894689.1	GL894689.1	NW_003539465.1
susScr3:GL894690-1	GL894690-1		GL894690.1	GL894690.1	NW_003539466.1
susScr3:GL894691-2	GL894691-2		GL894691.2	GL894691.2	NW_003539467.2
susScr3:GL894692-1	GL894692-1		GL894692.1	GL894692.1	NW_003539468.1
susScr3:GL894694-2	GL894694-2		GL894694.2	GL894694.2	NW_003539470.2
susScr3:GL894696-2	GL894696-2		GL894696.2	GL894696.2	NW_003539472.2
susScr3:GL894698-1	GL894698-1		GL894698.1	GL894698.1	NW_003539474.1
susScr3:GL894699-1	GL894699-1		GL894699.1	GL894699.1	NW_003539475.1
susScr3:GL894700-2	GL894700-2		GL894700.2	GL894700.2	NW_003539476.2
susScr3:GL894701-1	GL894701-1		GL894701.1	GL894701.1	NW_003539477.1
susScr3:GL894702-1	GL894702-1		GL894702.1	GL894702.1	NW_003539478.1
susScr3:GL894703-1	GL894703-1		GL894703.1	GL894703.1	NW_003539479.1
susScr3:GL894704-1	GL894704-1		GL894704.1	GL894704.1	NW_003539480.1
susScr3:GL894705-2	GL894705-2		GL894705.2	GL894705.2	NW_003539481.2
susScr3:GL894707-2	GL894707-2		GL894707.2	GL894707.2	NW_003539483.2
susScr3:GL894709-2	GL894709-2		GL894709.2	GL894709.2	NW_003539485.2
susScr3:GL894710-2	GL894710-2		GL894710.2	GL894710.2	NW_003539486.2
susScr3:GL894711-1	GL894711-1		GL894711.1	GL894711.1	NW_003539487.1
susScr3:GL894712-1	GL894712-1		GL894712.1	GL894712.1	NW_003539488.1
susScr3:GL894713-1	GL894713-1		GL894713.1	GL894713.1	NW_003539489.1
susScr3:GL894714-1	GL894714-1		GL894714.1	GL894714.1	NW_003539490.1
susScr3:GL894715-1	GL894715-1		GL894715.1	GL894715.1	NW_003539491.1
susScr3:GL894716-2	GL894716-2		GL894716.2	GL894716.2	NW_003539492.2
susScr3:GL894717-1	GL894717-1		GL894717.1	GL894717.1	NW_003539493.1
susScr3:GL894718-1	GL894718-1		GL894718.1	GL894718.1	NW_003539494.1
susScr3:GL894719-1	GL894719-1		GL894719.1	GL894719.1	NW_003539495.1
susScr3:GL894720-1	GL894720-1		GL894720.1	GL894720.1	NW_003539496.1
susScr3:GL894721-2	GL894721-2		GL894721.2	GL894721.2	NW_003539497.2
susScr3:GL894723-1	GL894723-1		GL894723.1	GL894723.1	NW_003539499.1
susScr3:GL894724-1	GL894724-1		GL894724.1	GL894724.1	NW_003539500.1
susScr3:GL894726-2	GL894726-2		GL894726.2	GL894726.2	NW_003539502.2
susScr3:GL894727-1	GL894727-1		GL894727.1	GL894727.1	NW_003539503.1
susScr3:GL894728-2	GL894728-2		GL894728.2	GL894728.2	NW_003539504.2
susScr3:GL894729-2	GL894729-2		GL894729.2	GL894729.2	NW_003539505.2
susScr3:GL894730-2	GL894730-2		GL894730.2	GL894730.2	NW_003539506.2
susScr3:GL894731-2	GL894731-2		GL894731.2	GL894731.2	NW_003539507.2
susScr3:GL894732-2	GL894732-2		GL894732.2	GL894732.2	NW_003539508.2
susScr3:GL894733-1	GL894733-1		GL894733.1	GL894733.1	NW_003539509.1
susScr3:GL894734-1	GL894734-1		GL894734.1	GL894734.1	NW_003539510.1
susScr3:GL894735-1	GL894735-1		GL894735.1	GL894735.1	NW_003539511.1
susScr3:GL894736-2	GL894736-2		GL894736.2	GL894736.2	NW_003539512.2
susScr3:GL894737-1	GL894737-1		GL894737.1	GL894737.1	NW_003539513.1
susScr3:GL894738-1	GL894738-1		GL894738.1	GL894738.1	NW_003539514.1
susScr3:GL894739-1	GL894739-1		GL894739.1	GL894739.1	NW_003539515.1
susScr3:GL894740-1	GL894740-1		GL894740.1	GL894740.1	NW_003539516.1
susScr3:GL894743-1	GL894743-1		GL894743.1	GL894743.1	NW_003539519.1
susScr3:GL894745-1	GL894745-1		GL894745.1	GL894745.1	NW_003539521.1
susScr3:GL894746-2	GL894746-2		GL894746.2	GL894746.2	NW_003539522.2
susScr3:GL894747-1	GL894747-1		GL894747.1	GL894747.1	NW_003539523.1
susScr3:GL894748-1	GL894748-1		GL894748.1	GL894748.1	NW_003539524.1
susScr3:GL894749-2	GL894749-2		GL894749.2	GL894749.2	NW_003539525.2
susScr3:GL894750-2	GL894750-2		GL894750.2	GL894750.2	NW_003539526.2
susScr3:GL894751-2	GL894751-2		GL894751.2	GL894751.2	NW_003539527.2
susScr3:GL894752-2	GL894752-2		GL894752.2	GL894752.2	NW_003539528.2
susScr3:GL894753-2	GL894753-2		GL894753.2	GL894753.2	NW_003539529.2
susScr3:GL894754-1	GL894754-1		GL894754.1	GL894754.1	NW_003539530.1
susScr3:GL894755-1	GL894755-1		GL894755.1	GL894755.1	NW_003539531.1
susScr3:GL894756-1	GL894756-1		GL894756.1	GL894756.1	NW_003539532.1
susScr3:GL894757-2	GL894757-2		GL894757.2	GL894757.2	NW_003539533.2
susScr3:GL894758-1	GL894758-1		GL894758.1	GL894758.1	NW_003539534.1
susScr3:GL894759-2	GL894759-2		GL894759.2	GL894759.2	NW_003539535.2
susScr3:GL894760-2	GL894760-2		GL894760.2	GL894760.2	NW_003539536.2
susScr3:GL894762-1	GL894762-1		GL894762.1	GL894762.1	NW_003539538.1
susScr3:GL894763-1	GL894763-1		GL894763.1	GL894763.1	NW_003539539.1
susScr3:GL894764-1	GL894764-1		GL894764.1	GL894764.1	NW_003539540.1
susScr3:GL894765-1	GL894765-1		GL894765.1	GL894765.1	NW_003539541.1
susScr3:GL894766-2	GL894766-2		GL894766.2	GL894766.2	NW_003539542.2
susScr3:GL894767-1	GL894767-1		GL894767.1	GL894767.1	NW_003539543.1
susScr3:GL894768-1	GL894768-1		GL894768.1	GL894768.1	NW_003539544.1
susScr3:GL894769-1	GL894769-1		GL894769.1	GL894769.1	NW_003539545.1
susScr3:GL894770-1	GL894770-1		GL894770.1	GL894770.1	NW_003539546.1
susScr3:GL894771-1	GL894771-1		GL894771.1	GL894771.1	NW_003539547.1
susScr3:GL894772-1	GL894772-1		GL894772.1	GL894772.1	NW_003539548.1
susScr3:GL894773-2	GL894773-2		GL894773.2	GL894773.2	NW_003539549.2
susScr3:GL894774-2	GL894774-2		GL894774.2	GL894774.2	NW_003539550.2
susScr3:GL894775-1	GL894775-1		GL894775.1	GL894775.1	NW_003539551.1
susScr3:GL894776-2	GL894776-2		GL894776.2	GL894776.2	NW_003539552.2
susScr3:GL894777-1	GL894777-1		GL894777.1	GL894777.1	NW_003539553.1
susScr3:GL894778-1	GL894778-1		GL894778.1	GL894778.1	NW_003539554.1
susScr3:GL894779-1	GL894779-1		GL894779.1	GL894779.1	NW_003539555.1
susScr3:GL894780-1	GL894780-1		GL894780.1	GL894780.1	NW_003539556.1
susScr3:GL894781-2	GL894781-2		GL894781.2	GL894781.2	NW_003539557.2
susScr3:GL894782-1	GL894782-1		GL894782.1	GL894782.1	NW_003539558.1
susScr3:GL894783-1	GL894783-1		GL894783.1	GL894783.1	NW_003539559.1
susScr3:GL894785-1	GL894785-1		GL894785.1	GL894785.1	NW_003539561.1
susScr3:GL894786-1	GL894786-1		GL894786.1	GL894786.1	NW_003539562.1
susScr3:GL894787-2	GL894787-2		GL894787.2	GL894787.2	NW_003539563.2
susScr3:GL894788-2	GL894788-2		GL894788.2	GL894788.2	NW_003539564.2
susScr3:GL894790-1	GL894790-1		GL894790.1	GL894790.1	NW_003539566.1
susScr3:GL894792-1	GL894792-1		GL894792.1	GL894792.1	NW_003539568.1
susScr3:GL894793-2	GL894793-2		GL894793.2	GL894793.2	NW_003539569.2
susScr3:GL894794-1	GL894794-1		GL894794.1	GL894794.1	NW_003539570.1
susScr3:GL894795-1	GL894795-1		GL894795.1	GL894795.1	NW_003539571.1
susScr3:GL894797-1	GL894797-1		GL894797.1	GL894797.1	NW_003539573.1
susScr3:GL894798-2	GL894798-2		GL894798.2	GL894798.2	NW_003539574.2
susScr3:GL894799-1	GL894799-1		GL894799.1	GL894799.1	NW_003539575.1
susScr3:GL894800-1	GL894800-1		GL894800.1	GL894800.1	NW_003539576.1
susScr3:GL894801-1	GL894801-1		GL894801.1	GL894801.1	NW_003539577.1
susScr3:GL894802-1	GL894802-1		GL894802.1	GL894802.1	NW_003539578.1
susScr3:GL894803-2	GL894803-2		GL894803.2	GL894803.2	NW_003539579.2
susScr3:GL894805-2	GL894805-2		GL894805.2	GL894805.2	NW_003539581.2
susScr3:GL894807-2	GL894807-2		GL894807.2	GL894807.2	NW_003539583.2
susScr3:GL894808-1	GL894808-1		GL894808.1	GL894808.1	NW_003539584.1
susScr3:GL894809-2	GL894809-2		GL894809.2	GL894809.2	NW_003539585.2
susScr3:GL894810-2	GL894810-2		GL894810.2	GL894810.2	NW_003539586.2
susScr3:GL894811-1	GL894811-1		GL894811.1	GL894811.1	NW_003539587.1
susScr3:GL894812-1	GL894812-1		GL894812.1	GL894812.1	NW_003539588.1
susScr3:GL894813-1	GL894813-1		GL894813.1	GL894813.1	NW_003539589.1
susScr3:GL894815-2	GL894815-2		GL894815.2	GL894815.2	NW_003539591.2
susScr3:GL894816-1	GL894816-1		GL894816.1	GL894816.1	NW_003539592.1
susScr3:GL894817-1	GL894817-1		GL894817.1	GL894817.1	NW_003539593.1
susScr3:GL894818-2	GL894818-2		GL894818.2	GL894818.2	NW_003539594.2
susScr3:GL894819-2	GL894819-2		GL894819.2	GL894819.2	NW_003539595.2
susScr3:GL894820-2	GL894820-2		GL894820.2	GL894820.2	NW_003539596.2
susScr3:GL894821-2	GL894821-2		GL894821.2	GL894821.2	NW_003539597.2
susScr3:GL894822-2	GL894822-2		GL894822.2	GL894822.2	NW_003539598.2
susScr3:GL894823-1	GL894823-1		GL894823.1	GL894823.1	NW_003539599.1
susScr3:GL894824-1	GL894824-1		GL894824.1	GL894824.1	NW_003539600.1
susScr3:GL894825-1	GL894825-1		GL894825.1	GL894825.1	NW_003539601.1
susScr3:GL894826-2	GL894826-2		GL894826.2	GL894826.2	NW_003539602.2
susScr3:GL894827-2	GL894827-2		GL894827.2	GL894827.2	NW_003539603.2
susScr3:GL894828-2	GL894828-2		GL894828.2	GL894828.2	NW_003539604.2
susScr3:GL894829-1	GL894829-1		GL894829.1	GL894829.1	NW_003539605.1
susScr3:GL894831-2	GL894831-2		GL894831.2	GL894831.2	NW_003539607.2
susScr3:GL894832-2	GL894832-2		GL894832.2	GL894832.2	NW_003539608.2
susScr3:GL894833-2	GL894833-2		GL894833.2	GL894833.2	NW_003539609.2
susScr3:GL894834-1	GL894834-1		GL894834.1	GL894834.1	NW_003539610.1
susScr3:GL894835-2	GL894835-2		GL894835.2	GL894835.2	NW_003539611.2
susScr3:GL894836-2	GL894836-2		GL894836.2	GL894836.2	NW_003539612.2
susScr3:GL894837-1	GL894837-1		GL894837.1	GL894837.1	NW_003539613.1
susScr3:GL894840-1	GL894840-1		GL894840.1	GL894840.1	NW_003539616.1
susScr3:GL894841-1	GL894841-1		GL894841.1	GL894841.1	NW_003539617.1
susScr3:GL894842-1	GL894842-1		GL894842.1	GL894842.1	NW_003539618.1
susScr3:GL894843-1	GL894843-1		GL894843.1	GL894843.1	NW_003539619.1
susScr3:GL894844-2	GL894844-2		GL894844.2	GL894844.2	NW_003539620.2
susScr3:GL894845-1	GL894845-1		GL894845.1	GL894845.1	NW_003539621.1
susScr3:GL894846-2	GL894846-2		GL894846.2	GL894846.2	NW_003539622.2
susScr3:GL894847-1	GL894847-1		GL894847.1	GL894847.1	NW_003539623.1
susScr3:GL894848-1	GL894848-1		GL894848.1	GL894848.1	NW_003539624.1
susScr3:GL894849-1	GL894849-1		GL894849.1	GL894849.1	NW_003539625.1
susScr3:GL894850-1	GL894850-1		GL894850.1	GL894850.1	NW_003539626.1
susScr3:GL894852-2	GL894852-2		GL894852.2	GL894852.2	NW_003539628.2
susScr3:GL894853-2	GL894853-2		GL894853.2	GL894853.2	NW_003539629.2
susScr3:GL894854-1	GL894854-1		GL894854.1	GL894854.1	NW_003539630.1
susScr3:GL894855-1	GL894855-1		GL894855.1	GL894855.1	NW_003539631.1
susScr3:GL894856-1	GL894856-1		GL894856.1	GL894856.1	NW_003539632.1
susScr3:GL894857-2	GL894857-2		GL894857.2	GL894857.2	NW_003539633.2
susScr3:GL894858-2	GL894858-2		GL894858.2	GL894858.2	NW_003539634.2
susScr3:GL894860-1	GL894860-1		GL894860.1	GL894860.1	NW_003539636.1
susScr3:GL894861-1	GL894861-1		GL894861.1	GL894861.1	NW_003539637.1
susScr3:GL894862-2	GL894862-2		GL894862.2	GL894862.2	NW_003539638.2
susScr3:GL894863-2	GL894863-2		GL894863.2	GL894863.2	NW_003539639.2
susScr3:GL894864-1	GL894864-1		GL894864.1	GL894864.1	NW_003539640.1
susScr3:GL894865-1	GL894865-1		GL894865.1	GL894865.1	NW_003539641.1
susScr3:GL894866-1	GL894866-1		GL894866.1	GL894866.1	NW_003539642.1
susScr3:GL894867-1	GL894867-1		GL894867.1	GL894867.1	NW_003539643.1
susScr3:GL894868-1	GL894868-1		GL894868.1	GL894868.1	NW_003539644.1
susScr3:GL894869-1	GL894869-1		GL894869.1	GL894869.1	NW_003539645.1
susScr3:GL894870-2	GL894870-2		GL894870.2	GL894870.2	NW_003539646.2
susScr3:GL894871-2	GL894871-2		GL894871.2	GL894871.2	NW_003539647.2
susScr3:GL894873-1	GL894873-1		GL894873.1	GL894873.1	NW_003539649.1
susScr3:GL894874-1	GL894874-1		GL894874.1	GL894874.1	NW_003539650.1
susScr3:GL894875-2	GL894875-2		GL894875.2	GL894875.2	NW_003539651.2
susScr3:GL894876-1	GL894876-1		GL894876.1	GL894876.1	NW_003539652.1
susScr3:GL894877-1	GL894877-1		GL894877.1	GL894877.1	NW_003539653.1
susScr3:GL894878-1	GL894878-1		GL894878.1	GL894878.1	NW_003539654.1
susScr3:GL894879-1	GL894879-1		GL894879.1	GL894879.1	NW_003539655.1
susScr3:GL894880-2	GL894880-2		GL894880.2	GL894880.2	NW_003539656.2
susScr3:GL894881-2	GL894881-2		GL894881.2	GL894881.2	NW_003539657.2
susScr3:GL894882-2	GL894882-2		GL894882.2	GL894882.2	NW_003539658.2
susScr3:GL894883-1	GL894883-1		GL894883.1	GL894883.1	NW_003539659.1
susScr3:GL894884-1	GL894884-1		GL894884.1	GL894884.1	NW_003539660.1
susScr3:GL894885-2	GL894885-2		GL894885.2	GL894885.2	NW_003539661.2
susScr3:GL894886-2	GL894886-2		GL894886.2	GL894886.2	NW_003539662.2
susScr3:GL894887-1	GL894887-1		GL894887.1	GL894887.1	NW_003539663.1
susScr3:GL894888-1	GL894888-1		GL894888.1	GL894888.1	NW_003539664.1
susScr3:GL894889-2	GL894889-2		GL894889.2	GL894889.2	NW_003539665.2
susScr3:GL894890-1	GL894890-1		GL894890.1	GL894890.1	NW_003539666.1
susScr3:GL894891-1	GL894891-1		GL894891.1	GL894891.1	NW_003539667.1
susScr3:GL894892-1	GL894892-1		GL894892.1	GL894892.1	NW_003539668.1
susScr3:GL894893-2	GL894893-2		GL894893.2	GL894893.2	NW_003539669.2
susScr3:GL894894-2	GL894894-2		GL894894.2	GL894894.2	NW_003539670.2
susScr3:GL894895-1	GL894895-1		GL894895.1	GL894895.1	NW_003539671.1
susScr3:GL894897-1	GL894897-1		GL894897.1	GL894897.1	NW_003539673.1
susScr3:GL894898-2	GL894898-2		GL894898.2	GL894898.2	NW_003539674.2
susScr3:GL894899-1	GL894899-1		GL894899.1	GL894899.1	NW_003539675.1
susScr3:GL894900-1	GL894900-1		GL894900.1	GL894900.1	NW_003539676.1
susScr3:GL894901-1	GL894901-1		GL894901.1	GL894901.1	NW_003539677.1
susScr3:GL894902-1	GL894902-1		GL894902.1	GL894902.1	NW_003539678.1
susScr3:GL894903-2	GL894903-2		GL894903.2	GL894903.2	NW_003539679.2
susScr3:GL894905-2	GL894905-2		GL894905.2	GL894905.2	NW_003539681.2
susScr3:GL894906-1	GL894906-1		GL894906.1	GL894906.1	NW_003539682.1
susScr3:GL894907-2	GL894907-2		GL894907.2	GL894907.2	NW_003539683.2
susScr3:GL894908-2	GL894908-2		GL894908.2	GL894908.2	NW_003539684.2
susScr3:GL894909-1	GL894909-1		GL894909.1	GL894909.1	NW_003539685.1
susScr3:GL894910-1	GL894910-1		GL894910.1	GL894910.1	NW_003539686.1
susScr3:GL894911-2	GL894911-2		GL894911.2	GL894911.2	NW_003539687.2
susScr3:GL894912-1	GL894912-1		GL894912.1	GL894912.1	NW_003539688.1
susScr3:GL894914-1	GL894914-1		GL894914.1	GL894914.1	NW_003539690.1
susScr3:GL894916-2	GL894916-2		GL894916.2	GL894916.2	NW_003539692.2
susScr3:GL894917-1	GL894917-1		GL894917.1	GL894917.1	NW_003539693.1
susScr3:GL894918-2	GL894918-2		GL894918.2	GL894918.2	NW_003539694.2
susScr3:GL894919-1	GL894919-1		GL894919.1	GL894919.1	NW_003539695.1
susScr3:GL894920-1	GL894920-1		GL894920.1	GL894920.1	NW_003539696.1
susScr3:GL894921-2	GL894921-2		GL894921.2	GL894921.2	NW_003539697.2
susScr3:GL894922-1	GL894922-1		GL894922.1	GL894922.1	NW_003539698.1
susScr3:GL894923-1	GL894923-1		GL894923.1	GL894923.1	NW_003539699.1
susScr3:GL894924-2	GL894924-2		GL894924.2	GL894924.2	NW_003539700.2
susScr3:GL894925-1	GL894925-1		GL894925.1	GL894925.1	NW_003539701.1
susScr3:GL894926-2	GL894926-2		GL894926.2	GL894926.2	NW_003539702.2
susScr3:GL894927-1	GL894927-1		GL894927.1	GL894927.1	NW_003539703.1
susScr3:GL894928-1	GL894928-1		GL894928.1	GL894928.1	NW_003539704.1
susScr3:GL894929-1	GL894929-1		GL894929.1	GL894929.1	NW_003539705.1
susScr3:GL894930-2	GL894930-2		GL894930.2	GL894930.2	NW_003539706.2
susScr3:GL894932-2	GL894932-2		GL894932.2	GL894932.2	NW_003539708.2
susScr3:GL894933-1	GL894933-1		GL894933.1	GL894933.1	NW_003539709.1
susScr3:GL894934-1	GL894934-1		GL894934.1	GL894934.1	NW_003539710.1
susScr3:GL894935-1	GL894935-1		GL894935.1	GL894935.1	NW_003539711.1
susScr3:GL894937-1	GL894937-1		GL894937.1	GL894937.1	NW_003539713.1
susScr3:GL894938-1	GL894938-1		GL894938.1	GL894938.1	NW_003539714.1
susScr3:GL894939-2	GL894939-2		GL894939.2	GL894939.2	NW_003539715.2
susScr3:GL894940-2	GL894940-2		GL894940.2	GL894940.2	NW_003539716.2
susScr3:GL894942-2	GL894942-2		GL894942.2	GL894942.2	NW_003539718.2
susScr3:GL894943-1	GL894943-1		GL894943.1	GL894943.1	NW_003539719.1
susScr3:GL894944-1	GL894944-1		GL894944.1	GL894944.1	NW_003539720.1
susScr3:GL894945-1	GL894945-1		GL894945.1	GL894945.1	NW_003539721.1
susScr3:GL894946-1	GL894946-1		GL894946.1	GL894946.1	NW_003539722.1
susScr3:GL894947-2	GL894947-2		GL894947.2	GL894947.2	NW_003539723.2
susScr3:GL894948-1	GL894948-1		GL894948.1	GL894948.1	NW_003539724.1
susScr3:GL894949-2	GL894949-2		GL894949.2	GL894949.2	NW_003539725.2
susScr3:GL894952-2	GL894952-2		GL894952.2	GL894952.2	NW_003539728.2
susScr3:GL894953-1	GL894953-1		GL894953.1	GL894953.1	NW_003539729.1
susScr3:GL894955-1	GL894955-1		GL894955.1	GL894955.1	NW_003539731.1
susScr3:GL894956-1	GL894956-1		GL894956.1	GL894956.1	NW_003539732.1
susScr3:GL894957-1	GL894957-1		GL894957.1	GL894957.1	NW_003539733.1
susScr3:GL894958-1	GL894958-1		GL894958.1	GL894958.1	NW_003539734.1
susScr3:GL894959-1	GL894959-1		GL894959.1	GL894959.1	NW_003539735.1
susScr3:GL894960-2	GL894960-2		GL894960.2	GL894960.2	NW_003539736.2
susScr3:GL894961-2	GL894961-2		GL894961.2	GL894961.2	NW_003539737.2
susScr3:GL894962-1	GL894962-1		GL894962.1	GL894962.1	NW_003539738.1
susScr3:GL894963-1	GL894963-1		GL894963.1	GL894963.1	NW_003539739.1
susScr3:GL894964-1	GL894964-1		GL894964.1	GL894964.1	NW_003539740.1
susScr3:GL894965-2	GL894965-2		GL894965.2	GL894965.2	NW_003539741.2
susScr3:GL894966-1	GL894966-1		GL894966.1	GL894966.1	NW_003539742.1
susScr3:GL894967-1	GL894967-1		GL894967.1	GL894967.1	NW_003539743.1
susScr3:GL894968-1	GL894968-1		GL894968.1	GL894968.1	NW_003539744.1
susScr3:GL894969-2	GL894969-2		GL894969.2	GL894969.2	NW_003539745.2
susScr3:GL894970-2	GL894970-2		GL894970.2	GL894970.2	NW_003539746.2
susScr3:GL894971-2	GL894971-2		GL894971.2	GL894971.2	NW_003539747.2
susScr3:GL894972-2	GL894972-2		GL894972.2	GL894972.2	NW_003539748.2
susScr3:GL894973-2	GL894973-2		GL894973.2	GL894973.2	NW_003539749.2
susScr3:GL894975-1	GL894975-1		GL894975.1	GL894975.1	NW_003539751.1
susScr3:GL894976-1	GL894976-1		GL894976.1	GL894976.1	NW_003539752.1
susScr3:GL894977-2	GL894977-2		GL894977.2	GL894977.2	NW_003539753.2
susScr3:GL894978-1	GL894978-1		GL894978.1	GL894978.1	NW_003539754.1
susScr3:GL894979-1	GL894979-1		GL894979.1	GL894979.1	NW_003539755.1
susScr3:GL894980-1	GL894980-1		GL894980.1	GL894980.1	NW_003539756.1
susScr3:GL894981-1	GL894981-1		GL894981.1	GL894981.1	NW_003539757.1
susScr3:GL894982-1	GL894982-1		GL894982.1	GL894982.1	NW_003539758.1
susScr3:GL894983-1	GL894983-1		GL894983.1	GL894983.1	NW_003539759.1
susScr3:GL894984-1	GL894984-1		GL894984.1	GL894984.1	NW_003539760.1
susScr3:GL894985-1	GL894985-1		GL894985.1	GL894985.1	NW_003539761.1
susScr3:GL894986-2	GL894986-2		GL894986.2	GL894986.2	NW_003539762.2
susScr3:GL894987-2	GL894987-2		GL894987.2	GL894987.2	NW_003539763.2
susScr3:GL894988-1	GL894988-1		GL894988.1	GL894988.1	NW_003539764.1
susScr3:GL894989-1	GL894989-1		GL894989.1	GL894989.1	NW_003539765.1
susScr3:GL894990-1	GL894990-1		GL894990.1	GL894990.1	NW_003539766.1
susScr3:GL894991-1	GL894991-1		GL894991.1	GL894991.1	NW_003539767.1
susScr3:GL894992-1	GL894992-1		GL894992.1	GL894992.1	NW_003539768.1
susScr3:GL894993-1	GL894993-1		GL894993.1	GL894993.1	NW_003539769.1
susScr3:GL894994-1	GL894994-1		GL894994.1	GL894994.1	NW_003539770.1
susScr3:GL894995-1	GL894995-1		GL894995.1	GL894995.1	NW_003539771.1
susScr3:GL894996-1	GL894996-1		GL894996.1	GL894996.1	NW_003539772.1
susScr3:GL894997-1	GL894997-1		GL894997.1	GL894997.1	NW_003539773.1
susScr3:GL894998-2	GL894998-2		GL894998.2	GL894998.2	NW_003539774.2
susScr3:GL894999-1	GL894999-1		GL894999.1	GL894999.1	NW_003539775.1
susScr3:GL895000-1	GL895000-1		GL895000.1	GL895000.1	NW_003539776.1
susScr3:GL895001-1	GL895001-1		GL895001.1	GL895001.1	NW_003539777.1
susScr3:GL895002-2	GL895002-2		GL895002.2	GL895002.2	NW_003539778.2
susScr3:GL895003-1	GL895003-1		GL895003.1	GL895003.1	NW_003539779.1
susScr3:GL895004-1	GL895004-1		GL895004.1	GL895004.1	NW_003539780.1
susScr3:GL895005-2	GL895005-2		GL895005.2	GL895005.2	NW_003539781.2
susScr3:GL895006-2	GL895006-2		GL895006.2	GL895006.2	NW_003539782.2
susScr3:GL895007-2	GL895007-2		GL895007.2	GL895007.2	NW_003539783.2
susScr3:GL895008-1	GL895008-1		GL895008.1	GL895008.1	NW_003539784.1
susScr3:GL895010-1	GL895010-1		GL895010.1	GL895010.1	NW_003539786.1
susScr3:GL895011-2	GL895011-2		GL895011.2	GL895011.2	NW_003539787.2
susScr3:GL895012-1	GL895012-1		GL895012.1	GL895012.1	NW_003539788.1
susScr3:GL895013-1	GL895013-1		GL895013.1	GL895013.1	NW_003539789.1
susScr3:GL895014-1	GL895014-1		GL895014.1	GL895014.1	NW_003539790.1
susScr3:GL895015-2	GL895015-2		GL895015.2	GL895015.2	NW_003539791.2
susScr3:GL895017-1	GL895017-1		GL895017.1	GL895017.1	NW_003539793.1
susScr3:GL895018-2	GL895018-2		GL895018.2	GL895018.2	NW_003539794.2
susScr3:GL895019-2	GL895019-2		GL895019.2	GL895019.2	NW_003539795.2
susScr3:GL895021-1	GL895021-1		GL895021.1	GL895021.1	NW_003539797.1
susScr3:GL895022-2	GL895022-2		GL895022.2	GL895022.2	NW_003539798.2
susScr3:GL895023-1	GL895023-1		GL895023.1	GL895023.1	NW_003539799.1
susScr3:GL895026-1	GL895026-1		GL895026.1	GL895026.1	NW_003539802.1
susScr3:GL895027-2	GL895027-2		GL895027.2	GL895027.2	NW_003539803.2
susScr3:GL895028-1	GL895028-1		GL895028.1	GL895028.1	NW_003539804.1
susScr3:GL895029-1	GL895029-1		GL895029.1	GL895029.1	NW_003539805.1
susScr3:GL895030-2	GL895030-2		GL895030.2	GL895030.2	NW_003539806.2
susScr3:GL895031-2	GL895031-2		GL895031.2	GL895031.2	NW_003539807.2
susScr3:GL895032-2	GL895032-2		GL895032.2	GL895032.2	NW_003539808.2
susScr3:GL895033-1	GL895033-1		GL895033.1	GL895033.1	NW_003539809.1
susScr3:GL895034-1	GL895034-1		GL895034.1	GL895034.1	NW_003539810.1
susScr3:GL895035-1	GL895035-1		GL895035.1	GL895035.1	NW_003539811.1
susScr3:GL895036-1	GL895036-1		GL895036.1	GL895036.1	NW_003539812.1
susScr3:GL895037-1	GL895037-1		GL895037.1	GL895037.1	NW_003539813.1
susScr3:GL895038-1	GL895038-1		GL895038.1	GL895038.1	NW_003539814.1
susScr3:GL895039-2	GL895039-2		GL895039.2	GL895039.2	NW_003539815.2
susScr3:GL895040-2	GL895040-2		GL895040.2	GL895040.2	NW_003539816.2
susScr3:GL895041-1	GL895041-1		GL895041.1	GL895041.1	NW_003539817.1
susScr3:GL895042-2	GL895042-2		GL895042.2	GL895042.2	NW_003539818.2
susScr3:GL895044-2	GL895044-2		GL895044.2	GL895044.2	NW_003539820.2
susScr3:GL895045-1	GL895045-1		GL895045.1	GL895045.1	NW_003539821.1
susScr3:GL895047-1	GL895047-1		GL895047.1	GL895047.1	NW_003539823.1
susScr3:GL895048-2	GL895048-2		GL895048.2	GL895048.2	NW_003539824.2
susScr3:GL895049-2	GL895049-2		GL895049.2	GL895049.2	NW_003539825.2
susScr3:GL895050-2	GL895050-2		GL895050.2	GL895050.2	NW_003539826.2
susScr3:GL895051-2	GL895051-2		GL895051.2	GL895051.2	NW_003539827.2
susScr3:GL895052-1	GL895052-1		GL895052.1	GL895052.1	NW_003539828.1
susScr3:GL895054-2	GL895054-2		GL895054.2	GL895054.2	NW_003539830.2
susScr3:GL895055-2	GL895055-2		GL895055.2	GL895055.2	NW_003539831.2
susScr3:GL895056-1	GL895056-1		GL895056.1	GL895056.1	NW_003539832.1
susScr3:GL895057-2	GL895057-2		GL895057.2	GL895057.2	NW_003539833.2
susScr3:GL895058-2	GL895058-2		GL895058.2	GL895058.2	NW_003539834.2
susScr3:GL895059-2	GL895059-2		GL895059.2	GL895059.2	NW_003539835.2
susScr3:GL895061-1	GL895061-1		GL895061.1	GL895061.1	NW_003539837.1
susScr3:GL895062-2	GL895062-2		GL895062.2	GL895062.2	NW_003539838.2
susScr3:GL895066-1	GL895066-1		GL895066.1	GL895066.1	NW_003539842.1
susScr3:GL895067-1	GL895067-1		GL895067.1	GL895067.1	NW_003539843.1
susScr3:GL895068-1	GL895068-1		GL895068.1	GL895068.1	NW_003539844.1
susScr3:GL895069-2	GL895069-2		GL895069.2	GL895069.2	NW_003539845.2
susScr3:GL895070-2	GL895070-2		GL895070.2	GL895070.2	NW_003539846.2
susScr3:GL895071-2	GL895071-2		GL895071.2	GL895071.2	NW_003539847.2
susScr3:GL895072-2	GL895072-2		GL895072.2	GL895072.2	NW_003539848.2
susScr3:GL895073-2	GL895073-2		GL895073.2	GL895073.2	NW_003539849.2
susScr3:GL895074-1	GL895074-1		GL895074.1	GL895074.1	NW_003539850.1
susScr3:GL895075-1	GL895075-1		GL895075.1	GL895075.1	NW_003539851.1
susScr3:GL895076-2	GL895076-2		GL895076.2	GL895076.2	NW_003539852.2
susScr3:GL895077-1	GL895077-1		GL895077.1	GL895077.1	NW_003539853.1
susScr3:GL895078-1	GL895078-1		GL895078.1	GL895078.1	NW_003539854.1
susScr3:GL895079-1	GL895079-1		GL895079.1	GL895079.1	NW_003539855.1
susScr3:GL895080-2	GL895080-2		GL895080.2	GL895080.2	NW_003539856.2
susScr3:GL895081-2	GL895081-2		GL895081.2	GL895081.2	NW_003539857.2
susScr3:GL895082-1	GL895082-1		GL895082.1	GL895082.1	NW_003539858.1
susScr3:GL895083-2	GL895083-2		GL895083.2	GL895083.2	NW_003539859.2
susScr3:GL895084-2	GL895084-2		GL895084.2	GL895084.2	NW_003539860.2
susScr3:GL895085-2	GL895085-2		GL895085.2	GL895085.2	NW_003539861.2
susScr3:GL895086-1	GL895086-1		GL895086.1	GL895086.1	NW_003539862.1
susScr3:GL895087-1	GL895087-1		GL895087.1	GL895087.1	NW_003539863.1
susScr3:GL895088-2	GL895088-2		GL895088.2	GL895088.2	NW_003539864.2
susScr3:GL895089-1	GL895089-1		GL895089.1	GL895089.1	NW_003539865.1
susScr3:GL895090-1	GL895090-1		GL895090.1	GL895090.1	NW_003539866.1
susScr3:GL895092-1	GL895092-1		GL895092.1	GL895092.1	NW_003539868.1
susScr3:GL895093-1	GL895093-1		GL895093.1	GL895093.1	NW_003539869.1
susScr3:GL895095-2	GL895095-2		GL895095.2	GL895095.2	NW_003539871.2
susScr3:GL895096-2	GL895096-2		GL895096.2	GL895096.2	NW_003539872.2
susScr3:GL895098-2	GL895098-2		GL895098.2	GL895098.2	NW_003539874.2
susScr3:GL895100-1	GL895100-1		GL895100.1	GL895100.1	NW_003539876.1
susScr3:GL895101-1	GL895101-1		GL895101.1	GL895101.1	NW_003539877.1
susScr3:GL895103-1	GL895103-1		GL895103.1	GL895103.1	NW_003539879.1
susScr3:GL895104-1	GL895104-1		GL895104.1	GL895104.1	NW_003539880.1
susScr3:GL895105-2	GL895105-2		GL895105.2	GL895105.2	NW_003539881.2
susScr3:GL895106-1	GL895106-1		GL895106.1	GL895106.1	NW_003539882.1
susScr3:GL895107-1	GL895107-1		GL895107.1	GL895107.1	NW_003539883.1
susScr3:GL895108-1	GL895108-1		GL895108.1	GL895108.1	NW_003539884.1
susScr3:GL895109-2	GL895109-2		GL895109.2	GL895109.2	NW_003539885.2
susScr3:GL895110-2	GL895110-2		GL895110.2	GL895110.2	NW_003539886.2
susScr3:GL895111-2	GL895111-2		GL895111.2	GL895111.2	NW_003539887.2
susScr3:GL895112-1	GL895112-1		GL895112.1	GL895112.1	NW_003539888.1
susScr3:GL895113-2	GL895113-2		GL895113.2	GL895113.2	NW_003539889.2
susScr3:GL895116-2	GL895116-2		GL895116.2	GL895116.2	NW_003539892.2
susScr3:GL895117-2	GL895117-2		GL895117.2	GL895117.2	NW_003539893.2
susScr3:GL895118-1	GL895118-1		GL895118.1	GL895118.1	NW_003539894.1
susScr3:GL895119-2	GL895119-2		GL895119.2	GL895119.2	NW_003539895.2
susScr3:GL895120-1	GL895120-1		GL895120.1	GL895120.1	NW_003539896.1
susScr3:GL895121-2	GL895121-2		GL895121.2	GL895121.2	NW_003539897.2
susScr3:GL895122-2	GL895122-2		GL895122.2	GL895122.2	NW_003539898.2
susScr3:GL895123-1	GL895123-1		GL895123.1	GL895123.1	NW_003539899.1
susScr3:GL895124-2	GL895124-2		GL895124.2	GL895124.2	NW_003539900.2
susScr3:GL895127-2	GL895127-2		GL895127.2	GL895127.2	NW_003539903.2
susScr3:GL895128-2	GL895128-2		GL895128.2	GL895128.2	NW_003539904.2
susScr3:GL895129-1	GL895129-1		GL895129.1	GL895129.1	NW_003539905.1
susScr3:GL895130-1	GL895130-1		GL895130.1	GL895130.1	NW_003539906.1
susScr3:GL895131-1	GL895131-1		GL895131.1	GL895131.1	NW_003539907.1
susScr3:GL895133-1	GL895133-1		GL895133.1	GL895133.1	NW_003539909.1
susScr3:GL895134-1	GL895134-1		GL895134.1	GL895134.1	NW_003539910.1
susScr3:GL895135-1	GL895135-1		GL895135.1	GL895135.1	NW_003539911.1
susScr3:GL895137-2	GL895137-2		GL895137.2	GL895137.2	NW_003539913.2
susScr3:GL895138-2	GL895138-2		GL895138.2	GL895138.2	NW_003539914.2
susScr3:GL895139-1	GL895139-1		GL895139.1	GL895139.1	NW_003539915.1
susScr3:GL895140-1	GL895140-1		GL895140.1	GL895140.1	NW_003539916.1
susScr3:GL895141-2	GL895141-2		GL895141.2	GL895141.2	NW_003539917.2
susScr3:GL895142-1	GL895142-1		GL895142.1	GL895142.1	NW_003539918.1
susScr3:GL895143-1	GL895143-1		GL895143.1	GL895143.1	NW_003539919.1
susScr3:GL895144-1	GL895144-1		GL895144.1	GL895144.1	NW_003539920.1
susScr3:GL895145-1	GL895145-1		GL895145.1	GL895145.1	NW_003539921.1
susScr3:GL895146-2	GL895146-2		GL895146.2	GL895146.2	NW_003539922.2
susScr3:GL895147-2	GL895147-2		GL895147.2	GL895147.2	NW_003539923.2
susScr3:GL895148-1	GL895148-1		GL895148.1	GL895148.1	NW_003539924.1
susScr3:GL895149-2	GL895149-2		GL895149.2	GL895149.2	NW_003539925.2
susScr3:GL895150-2	GL895150-2		GL895150.2	GL895150.2	NW_003539926.2
susScr3:GL895151-1	GL895151-1		GL895151.1	GL895151.1	NW_003539927.1
susScr3:GL895152-1	GL895152-1		GL895152.1	GL895152.1	NW_003539928.1
susScr3:GL895154-1	GL895154-1		GL895154.1	GL895154.1	NW_003539930.1
susScr3:GL895155-1	GL895155-1		GL895155.1	GL895155.1	NW_003539931.1
susScr3:GL895156-1	GL895156-1		GL895156.1	GL895156.1	NW_003539932.1
susScr3:GL895157-1	GL895157-1		GL895157.1	GL895157.1	NW_003539933.1
susScr3:GL895158-1	GL895158-1		GL895158.1	GL895158.1	NW_003539934.1
susScr3:GL895159-2	GL895159-2		GL895159.2	GL895159.2	NW_003539935.2
susScr3:GL895160-1	GL895160-1		GL895160.1	GL895160.1	NW_003539936.1
susScr3:GL895161-1	GL895161-1		GL895161.1	GL895161.1	NW_003539937.1
susScr3:GL895162-2	GL895162-2		GL895162.2	GL895162.2	NW_003539938.2
susScr3:GL895163-1	GL895163-1		GL895163.1	GL895163.1	NW_003539939.1
susScr3:GL895164-1	GL895164-1		GL895164.1	GL895164.1	NW_003539940.1
susScr3:GL895165-2	GL895165-2		GL895165.2	GL895165.2	NW_003539941.2
susScr3:GL895167-1	GL895167-1		GL895167.1	GL895167.1	NW_003539943.1
susScr3:GL895168-1	GL895168-1		GL895168.1	GL895168.1	NW_003539944.1
susScr3:GL895170-2	GL895170-2		GL895170.2	GL895170.2	NW_003539946.2
susScr3:GL895171-2	GL895171-2		GL895171.2	GL895171.2	NW_003539947.2
susScr3:GL895172-1	GL895172-1		GL895172.1	GL895172.1	NW_003539948.1
susScr3:GL895173-1	GL895173-1		GL895173.1	GL895173.1	NW_003539949.1
susScr3:GL895174-2	GL895174-2		GL895174.2	GL895174.2	NW_003539950.2
susScr3:GL895175-1	GL895175-1		GL895175.1	GL895175.1	NW_003539951.1
susScr3:GL895176-2	GL895176-2		GL895176.2	GL895176.2	NW_003539952.2
susScr3:GL895177-1	GL895177-1		GL895177.1	GL895177.1	NW_003539953.1
susScr3:GL895178-1	GL895178-1		GL895178.1	GL895178.1	NW_003539954.1
susScr3:GL895180-1	GL895180-1		GL895180.1	GL895180.1	NW_003539956.1
susScr3:GL895181-1	GL895181-1		GL895181.1	GL895181.1	NW_003539957.1
susScr3:GL895182-1	GL895182-1		GL895182.1	GL895182.1	NW_003539958.1
susScr3:GL895183-2	GL895183-2		GL895183.2	GL895183.2	NW_003539959.2
susScr3:GL895185-2	GL895185-2		GL895185.2	GL895185.2	NW_003539961.2
susScr3:GL895186-1	GL895186-1		GL895186.1	GL895186.1	NW_003539962.1
susScr3:GL895187-1	GL895187-1		GL895187.1	GL895187.1	NW_003539963.1
susScr3:GL895188-1	GL895188-1		GL895188.1	GL895188.1	NW_003539964.1
susScr3:GL895189-1	GL895189-1		GL895189.1	GL895189.1	NW_003539965.1
susScr3:GL895191-1	GL895191-1		GL895191.1	GL895191.1	NW_003539967.1
susScr3:GL895192-2	GL895192-2		GL895192.2	GL895192.2	NW_003539968.2
susScr3:GL895193-1	GL895193-1		GL895193.1	GL895193.1	NW_003539969.1
susScr3:GL895194-1	GL895194-1		GL895194.1	GL895194.1	NW_003539970.1
susScr3:GL895195-2	GL895195-2		GL895195.2	GL895195.2	NW_003539971.2
susScr3:GL895196-1	GL895196-1		GL895196.1	GL895196.1	NW_003539972.1
susScr3:GL895197-2	GL895197-2		GL895197.2	GL895197.2	NW_003539973.2
susScr3:GL895198-1	GL895198-1		GL895198.1	GL895198.1	NW_003539974.1
susScr3:GL895199-2	GL895199-2		GL895199.2	GL895199.2	NW_003539975.2
susScr3:GL895200-1	GL895200-1		GL895200.1	GL895200.1	NW_003539976.1
susScr3:GL895201-1	GL895201-1		GL895201.1	GL895201.1	NW_003539977.1
susScr3:GL895203-1	GL895203-1		GL895203.1	GL895203.1	NW_003539979.1
susScr3:GL895204-1	GL895204-1		GL895204.1	GL895204.1	NW_003539980.1
susScr3:GL895205-2	GL895205-2		GL895205.2	GL895205.2	NW_003539981.2
susScr3:GL895206-1	GL895206-1		GL895206.1	GL895206.1	NW_003539982.1
susScr3:GL895207-1	GL895207-1		GL895207.1	GL895207.1	NW_003539983.1
susScr3:GL895208-1	GL895208-1		GL895208.1	GL895208.1	NW_003539984.1
susScr3:GL895209-2	GL895209-2		GL895209.2	GL895209.2	NW_003539985.2
susScr3:GL895210-1	GL895210-1		GL895210.1	GL895210.1	NW_003539986.1
susScr3:GL895211-1	GL895211-1		GL895211.1	GL895211.1	NW_003539987.1
susScr3:GL895212-1	GL895212-1		GL895212.1	GL895212.1	NW_003539988.1
susScr3:GL895213-2	GL895213-2		GL895213.2	GL895213.2	NW_003539989.2
susScr3:GL895214-2	GL895214-2		GL895214.2	GL895214.2	NW_003539990.2
susScr3:GL895215-1	GL895215-1		GL895215.1	GL895215.1	NW_003539991.1
susScr3:GL895216-1	GL895216-1		GL895216.1	GL895216.1	NW_003539992.1
susScr3:GL895217-1	GL895217-1		GL895217.1	GL895217.1	NW_003539993.1
susScr3:GL895218-1	GL895218-1		GL895218.1	GL895218.1	NW_003539994.1
susScr3:GL895219-1	GL895219-1		GL895219.1	GL895219.1	NW_003539995.1
susScr3:GL895220-1	GL895220-1		GL895220.1	GL895220.1	NW_003539996.1
susScr3:GL895221-2	GL895221-2		GL895221.2	GL895221.2	NW_003539997.2
susScr3:GL895222-1	GL895222-1		GL895222.1	GL895222.1	NW_003539998.1
susScr3:GL895223-1	GL895223-1		GL895223.1	GL895223.1	NW_003539999.1
susScr3:GL895224-2	GL895224-2		GL895224.2	GL895224.2	NW_003540000.2
susScr3:GL895225-2	GL895225-2		GL895225.2	GL895225.2	NW_003540001.2
susScr3:GL895227-2	GL895227-2		GL895227.2	GL895227.2	NW_003540003.2
susScr3:GL895228-2	GL895228-2		GL895228.2	GL895228.2	NW_003540004.2
susScr3:GL895229-1	GL895229-1		GL895229.1	GL895229.1	NW_003540005.1
susScr3:GL895230-1	GL895230-1		GL895230.1	GL895230.1	NW_003540006.1
susScr3:GL895232-1	GL895232-1		GL895232.1	GL895232.1	NW_003540008.1
susScr3:GL895234-1	GL895234-1		GL895234.1	GL895234.1	NW_003540010.1
susScr3:GL895235-1	GL895235-1		GL895235.1	GL895235.1	NW_003540011.1
susScr3:GL895236-1	GL895236-1		GL895236.1	GL895236.1	NW_003540012.1
susScr3:GL895237-2	GL895237-2		GL895237.2	GL895237.2	NW_003540013.2
susScr3:GL895238-2	GL895238-2		GL895238.2	GL895238.2	NW_003540014.2
susScr3:GL895239-1	GL895239-1		GL895239.1	GL895239.1	NW_003540015.1
susScr3:GL895242-1	GL895242-1		GL895242.1	GL895242.1	NW_003540018.1
susScr3:GL895243-1	GL895243-1		GL895243.1	GL895243.1	NW_003540019.1
susScr3:GL895244-2	GL895244-2		GL895244.2	GL895244.2	NW_003540020.2
susScr3:GL895245-1	GL895245-1		GL895245.1	GL895245.1	NW_003540021.1
susScr3:GL895246-2	GL895246-2		GL895246.2	GL895246.2	NW_003540022.2
susScr3:GL895247-1	GL895247-1		GL895247.1	GL895247.1	NW_003540023.1
susScr3:GL895248-2	GL895248-2		GL895248.2	GL895248.2	NW_003540024.2
susScr3:GL895249-1	GL895249-1		GL895249.1	GL895249.1	NW_003540025.1
susScr3:GL895253-2	GL895253-2		GL895253.2	GL895253.2	NW_003540029.2
susScr3:GL895254-1	GL895254-1		GL895254.1	GL895254.1	NW_003540030.1
susScr3:GL895255-2	GL895255-2		GL895255.2	GL895255.2	NW_003540031.2
susScr3:GL895256-1	GL895256-1		GL895256.1	GL895256.1	NW_003540032.1
susScr3:GL895257-1	GL895257-1		GL895257.1	GL895257.1	NW_003540033.1
susScr3:GL895258-2	GL895258-2		GL895258.2	GL895258.2	NW_003540034.2
susScr3:GL895261-1	GL895261-1		GL895261.1	GL895261.1	NW_003540037.1
susScr3:GL895262-2	GL895262-2		GL895262.2	GL895262.2	NW_003540038.2
susScr3:GL895263-1	GL895263-1		GL895263.1	GL895263.1	NW_003540039.1
susScr3:GL895265-1	GL895265-1		GL895265.1	GL895265.1	NW_003540041.1
susScr3:GL895267-1	GL895267-1		GL895267.1	GL895267.1	NW_003540043.1
susScr3:GL895268-2	GL895268-2		GL895268.2	GL895268.2	NW_003540044.2
susScr3:GL895269-1	GL895269-1		GL895269.1	GL895269.1	NW_003540045.1
susScr3:GL895270-2	GL895270-2		GL895270.2	GL895270.2	NW_003540046.2
susScr3:GL895271-1	GL895271-1		GL895271.1	GL895271.1	NW_003540047.1
susScr3:GL895272-2	GL895272-2		GL895272.2	GL895272.2	NW_003540048.2
susScr3:GL895274-2	GL895274-2		GL895274.2	GL895274.2	NW_003540050.2
susScr3:GL895275-1	GL895275-1		GL895275.1	GL895275.1	NW_003540051.1
susScr3:GL895276-2	GL895276-2		GL895276.2	GL895276.2	NW_003540052.2
susScr3:GL895277-1	GL895277-1		GL895277.1	GL895277.1	NW_003540053.1
susScr3:GL895278-1	GL895278-1		GL895278.1	GL895278.1	NW_003540054.1
susScr3:GL895279-1	GL895279-1		GL895279.1	GL895279.1	NW_003540055.1
susScr3:GL895280-2	GL895280-2		GL895280.2	GL895280.2	NW_003540056.2
susScr3:GL895281-2	GL895281-2		GL895281.2	GL895281.2	NW_003540057.2
susScr3:GL895282-1	GL895282-1		GL895282.1	GL895282.1	NW_003540058.1
susScr3:GL895283-2	GL895283-2		GL895283.2	GL895283.2	NW_003540059.2
susScr3:GL895284-1	GL895284-1		GL895284.1	GL895284.1	NW_003540060.1
susScr3:GL895285-2	GL895285-2		GL895285.2	GL895285.2	NW_003540061.2
susScr3:GL895286-1	GL895286-1		GL895286.1	GL895286.1	NW_003540062.1
susScr3:GL895287-1	GL895287-1		GL895287.1	GL895287.1	NW_003540063.1
susScr3:GL895288-1	GL895288-1		GL895288.1	GL895288.1	NW_003540064.1
susScr3:GL895289-1	GL895289-1		GL895289.1	GL895289.1	NW_003540065.1
susScr3:GL895290-1	GL895290-1		GL895290.1	GL895290.1	NW_003540066.1
susScr3:GL895292-2	GL895292-2		GL895292.2	GL895292.2	NW_003540068.2
susScr3:GL895293-1	GL895293-1		GL895293.1	GL895293.1	NW_003540069.1
susScr3:GL895294-1	GL895294-1		GL895294.1	GL895294.1	NW_003540070.1
susScr3:GL895295-1	GL895295-1		GL895295.1	GL895295.1	NW_003540071.1
susScr3:GL895296-1	GL895296-1		GL895296.1	GL895296.1	NW_003540072.1
susScr3:GL895297-2	GL895297-2		GL895297.2	GL895297.2	NW_003540073.2
susScr3:GL895298-2	GL895298-2		GL895298.2	GL895298.2	NW_003540074.2
susScr3:GL895299-1	GL895299-1		GL895299.1	GL895299.1	NW_003540075.1
susScr3:GL895300-1	GL895300-1		GL895300.1	GL895300.1	NW_003540076.1
susScr3:GL895301-2	GL895301-2		GL895301.2	GL895301.2	NW_003540077.2
susScr3:GL895302-2	GL895302-2		GL895302.2	GL895302.2	NW_003540078.2
susScr3:GL895303-2	GL895303-2		GL895303.2	GL895303.2	NW_003540079.2
susScr3:GL895304-1	GL895304-1		GL895304.1	GL895304.1	NW_003540080.1
susScr3:GL895305-2	GL895305-2		GL895305.2	GL895305.2	NW_003540081.2
susScr3:GL895306-1	GL895306-1		GL895306.1	GL895306.1	NW_003540082.1
susScr3:GL895307-1	GL895307-1		GL895307.1	GL895307.1	NW_003540083.1
susScr3:GL895308-2	GL895308-2		GL895308.2	GL895308.2	NW_003540084.2
susScr3:GL895309-1	GL895309-1		GL895309.1	GL895309.1	NW_003540085.1
susScr3:GL895310-1	GL895310-1		GL895310.1	GL895310.1	NW_003540086.1
susScr3:GL895311-1	GL895311-1		GL895311.1	GL895311.1	NW_003540087.1
susScr3:GL895312-2	GL895312-2		GL895312.2	GL895312.2	NW_003540088.2
susScr3:GL895313-1	GL895313-1		GL895313.1	GL895313.1	NW_003540089.1
susScr3:GL895314-2	GL895314-2		GL895314.2	GL895314.2	NW_003540090.2
susScr3:GL895315-2	GL895315-2		GL895315.2	GL895315.2	NW_003540091.2
susScr3:GL895316-1	GL895316-1		GL895316.1	GL895316.1	NW_003540092.1
susScr3:GL895317-2	GL895317-2		GL895317.2	GL895317.2	NW_003540093.2
susScr3:GL895318-2	GL895318-2		GL895318.2	GL895318.2	NW_003540094.2
susScr3:GL895319-1	GL895319-1		GL895319.1	GL895319.1	NW_003540095.1
susScr3:GL895320-2	GL895320-2		GL895320.2	GL895320.2	NW_003540096.2
susScr3:GL895322-1	GL895322-1		GL895322.1	GL895322.1	NW_003540098.1
susScr3:GL895323-1	GL895323-1		GL895323.1	GL895323.1	NW_003540099.1
susScr3:GL895324-1	GL895324-1		GL895324.1	GL895324.1	NW_003540100.1
susScr3:GL895325-1	GL895325-1		GL895325.1	GL895325.1	NW_003540101.1
susScr3:GL895327-1	GL895327-1		GL895327.1	GL895327.1	NW_003540103.1
susScr3:GL895328-2	GL895328-2		GL895328.2	GL895328.2	NW_003540104.2
susScr3:GL895329-1	GL895329-1		GL895329.1	GL895329.1	NW_003540105.1
susScr3:GL895330-2	GL895330-2		GL895330.2	GL895330.2	NW_003540106.2
susScr3:GL895331-1	GL895331-1		GL895331.1	GL895331.1	NW_003540107.1
susScr3:GL895332-1	GL895332-1		GL895332.1	GL895332.1	NW_003540108.1
susScr3:GL895333-2	GL895333-2		GL895333.2	GL895333.2	NW_003540109.2
susScr3:GL895334-1	GL895334-1		GL895334.1	GL895334.1	NW_003540110.1
susScr3:GL895335-1	GL895335-1		GL895335.1	GL895335.1	NW_003540111.1
susScr3:GL895336-1	GL895336-1		GL895336.1	GL895336.1	NW_003540112.1
susScr3:GL895337-1	GL895337-1		GL895337.1	GL895337.1	NW_003540113.1
susScr3:GL895338-2	GL895338-2		GL895338.2	GL895338.2	NW_003540114.2
susScr3:GL895339-1	GL895339-1		GL895339.1	GL895339.1	NW_003540115.1
susScr3:GL895340-2	GL895340-2		GL895340.2	GL895340.2	NW_003540116.2
susScr3:GL895341-2	GL895341-2		GL895341.2	GL895341.2	NW_003540117.2
susScr3:GL895342-1	GL895342-1		GL895342.1	GL895342.1	NW_003540118.1
susScr3:GL895344-2	GL895344-2		GL895344.2	GL895344.2	NW_003540120.2
susScr3:GL895345-1	GL895345-1		GL895345.1	GL895345.1	NW_003540121.1
susScr3:GL895346-1	GL895346-1		GL895346.1	GL895346.1	NW_003540122.1
susScr3:GL895347-1	GL895347-1		GL895347.1	GL895347.1	NW_003540123.1
susScr3:GL895348-1	GL895348-1		GL895348.1	GL895348.1	NW_003540124.1
susScr3:GL895349-2	GL895349-2		GL895349.2	GL895349.2	NW_003540125.2
susScr3:GL895350-2	GL895350-2		GL895350.2	GL895350.2	NW_003540126.2
susScr3:GL895351-2	GL895351-2		GL895351.2	GL895351.2	NW_003540127.2
susScr3:GL895352-1	GL895352-1		GL895352.1	GL895352.1	NW_003540128.1
susScr3:GL895353-1	GL895353-1		GL895353.1	GL895353.1	NW_003540129.1
susScr3:GL895354-1	GL895354-1		GL895354.1	GL895354.1	NW_003540130.1
susScr3:GL895355-2	GL895355-2		GL895355.2	GL895355.2	NW_003540131.2
susScr3:GL895356-1	GL895356-1		GL895356.1	GL895356.1	NW_003540132.1
susScr3:GL895357-2	GL895357-2		GL895357.2	GL895357.2	NW_003540133.2
susScr3:GL895358-1	GL895358-1		GL895358.1	GL895358.1	NW_003540134.1
susScr3:GL895359-2	GL895359-2		GL895359.2	GL895359.2	NW_003540135.2
susScr3:GL895360-2	GL895360-2		GL895360.2	GL895360.2	NW_003540136.2
susScr3:GL895361-2	GL895361-2		GL895361.2	GL895361.2	NW_003540137.2
susScr3:GL895362-1	GL895362-1		GL895362.1	GL895362.1	NW_003540138.1
susScr3:GL895363-1	GL895363-1		GL895363.1	GL895363.1	NW_003540139.1
susScr3:GL895364-2	GL895364-2		GL895364.2	GL895364.2	NW_003540140.2
susScr3:GL895365-1	GL895365-1		GL895365.1	GL895365.1	NW_003540141.1
susScr3:GL895366-1	GL895366-1		GL895366.1	GL895366.1	NW_003540142.1
susScr3:GL895367-1	GL895367-1		GL895367.1	GL895367.1	NW_003540143.1
susScr3:GL895368-1	GL895368-1		GL895368.1	GL895368.1	NW_003540144.1
susScr3:GL895369-1	GL895369-1		GL895369.1	GL895369.1	NW_003540145.1
susScr3:GL895370-1	GL895370-1		GL895370.1	GL895370.1	NW_003540146.1
susScr3:GL895371-2	GL895371-2		GL895371.2	GL895371.2	NW_003540147.2
susScr3:GL895374-2	GL895374-2		GL895374.2	GL895374.2	NW_003540150.2
susScr3:GL895376-2	GL895376-2		GL895376.2	GL895376.2	NW_003540152.2
susScr3:GL895377-1	GL895377-1		GL895377.1	GL895377.1	NW_003540153.1
susScr3:GL895378-1	GL895378-1		GL895378.1	GL895378.1	NW_003540154.1
susScr3:GL895380-2	GL895380-2		GL895380.2	GL895380.2	NW_003540156.2
susScr3:GL895381-1	GL895381-1		GL895381.1	GL895381.1	NW_003540157.1
susScr3:GL895383-1	GL895383-1		GL895383.1	GL895383.1	NW_003540159.1
susScr3:GL895384-2	GL895384-2		GL895384.2	GL895384.2	NW_003540160.2
susScr3:GL895385-1	GL895385-1		GL895385.1	GL895385.1	NW_003540161.1
susScr3:GL895386-1	GL895386-1		GL895386.1	GL895386.1	NW_003540162.1
susScr3:GL895387-1	GL895387-1		GL895387.1	GL895387.1	NW_003540163.1
susScr3:GL895389-1	GL895389-1		GL895389.1	GL895389.1	NW_003540165.1
susScr3:GL895390-1	GL895390-1		GL895390.1	GL895390.1	NW_003540166.1
susScr3:GL895391-1	GL895391-1		GL895391.1	GL895391.1	NW_003540167.1
susScr3:GL895392-2	GL895392-2		GL895392.2	GL895392.2	NW_003540168.2
susScr3:GL895393-1	GL895393-1		GL895393.1	GL895393.1	NW_003540169.1
susScr3:GL895394-1	GL895394-1		GL895394.1	GL895394.1	NW_003540170.1
susScr3:GL895395-2	GL895395-2		GL895395.2	GL895395.2	NW_003540171.2
susScr3:GL895397-2	GL895397-2		GL895397.2	GL895397.2	NW_003540173.2
susScr3:GL895399-1	GL895399-1		GL895399.1	GL895399.1	NW_003540175.1
susScr3:GL895400-1	GL895400-1		GL895400.1	GL895400.1	NW_003540176.1
susScr3:GL895401-1	GL895401-1		GL895401.1	GL895401.1	NW_003540177.1
susScr3:GL895402-1	GL895402-1		GL895402.1	GL895402.1	NW_003540178.1
susScr3:GL895403-2	GL895403-2		GL895403.2	GL895403.2	NW_003540179.2
susScr3:GL895404-1	GL895404-1		GL895404.1	GL895404.1	NW_003540180.1
susScr3:GL895405-2	GL895405-2		GL895405.2	GL895405.2	NW_003540181.2
susScr3:GL895406-2	GL895406-2		GL895406.2	GL895406.2	NW_003540182.2
susScr3:GL895407-1	GL895407-1		GL895407.1	GL895407.1	NW_003540183.1
susScr3:GL895409-1	GL895409-1		GL895409.1	GL895409.1	NW_003540185.1
susScr3:GL895410-2	GL895410-2		GL895410.2	GL895410.2	NW_003540186.2
susScr3:GL895411-1	GL895411-1		GL895411.1	GL895411.1	NW_003540187.1
susScr3:GL895412-1	GL895412-1		GL895412.1	GL895412.1	NW_003540188.1
susScr3:GL895413-1	GL895413-1		GL895413.1	GL895413.1	NW_003540189.1
susScr3:GL895414-2	GL895414-2		GL895414.2	GL895414.2	NW_003540190.2
susScr3:GL895415-1	GL895415-1		GL895415.1	GL895415.1	NW_003540191.1
susScr3:GL895416-1	GL895416-1		GL895416.1	GL895416.1	NW_003540192.1
susScr3:GL895417-2	GL895417-2		GL895417.2	GL895417.2	NW_003540193.2
susScr3:GL895418-2	GL895418-2		GL895418.2	GL895418.2	NW_003540194.2
susScr3:GL895419-1	GL895419-1		GL895419.1	GL895419.1	NW_003540195.1
susScr3:GL895420-2	GL895420-2		GL895420.2	GL895420.2	NW_003540196.2
susScr3:GL895421-2	GL895421-2		GL895421.2	GL895421.2	NW_003540197.2
susScr3:GL895422-1	GL895422-1		GL895422.1	GL895422.1	NW_003540198.1
susScr3:GL895423-1	GL895423-1		GL895423.1	GL895423.1	NW_003540199.1
susScr3:GL895424-2	GL895424-2		GL895424.2	GL895424.2	NW_003540200.2
susScr3:GL895425-1	GL895425-1		GL895425.1	GL895425.1	NW_003540201.1
susScr3:GL895426-2	GL895426-2		GL895426.2	GL895426.2	NW_003540202.2
susScr3:GL895427-1	GL895427-1		GL895427.1	GL895427.1	NW_003540203.1
susScr3:GL895428-2	GL895428-2		GL895428.2	GL895428.2	NW_003540204.2
susScr3:GL895429-1	GL895429-1		GL895429.1	GL895429.1	NW_003540205.1
susScr3:GL895430-1	GL895430-1		GL895430.1	GL895430.1	NW_003540206.1
susScr3:GL895431-2	GL895431-2		GL895431.2	GL895431.2	NW_003540207.2
susScr3:GL895432-1	GL895432-1		GL895432.1	GL895432.1	NW_003540208.1
susScr3:GL895433-1	GL895433-1		GL895433.1	GL895433.1	NW_003540209.1
susScr3:GL895434-1	GL895434-1		GL895434.1	GL895434.1	NW_003540210.1
susScr3:GL895435-1	GL895435-1		GL895435.1	GL895435.1	NW_003540211.1
susScr3:GL895436-1	GL895436-1		GL895436.1	GL895436.1	NW_003540212.1
susScr3:GL895437-1	GL895437-1		GL895437.1	GL895437.1	NW_003540213.1
susScr3:GL895438-1	GL895438-1		GL895438.1	GL895438.1	NW_003540214.1
susScr3:GL895440-1	GL895440-1		GL895440.1	GL895440.1	NW_003540216.1
susScr3:GL895441-2	GL895441-2		GL895441.2	GL895441.2	NW_003540217.2
susScr3:GL895442-2	GL895442-2		GL895442.2	GL895442.2	NW_003540218.2
susScr3:GL895443-2	GL895443-2		GL895443.2	GL895443.2	NW_003540219.2
susScr3:GL895444-1	GL895444-1		GL895444.1	GL895444.1	NW_003540220.1
susScr3:GL895445-2	GL895445-2		GL895445.2	GL895445.2	NW_003540221.2
susScr3:GL895446-1	GL895446-1		GL895446.1	GL895446.1	NW_003540222.1
susScr3:GL895447-1	GL895447-1		GL895447.1	GL895447.1	NW_003540223.1
susScr3:GL895448-1	GL895448-1		GL895448.1	GL895448.1	NW_003540224.1
susScr3:GL895449-1	GL895449-1		GL895449.1	GL895449.1	NW_003540225.1
susScr3:GL895450-2	GL895450-2		GL895450.2	GL895450.2	NW_003540226.2
susScr3:GL895451-1	GL895451-1		GL895451.1	GL895451.1	NW_003540227.1
susScr3:GL895452-1	GL895452-1		GL895452.1	GL895452.1	NW_003540228.1
susScr3:GL895453-1	GL895453-1		GL895453.1	GL895453.1	NW_003540229.1
susScr3:GL895455-2	GL895455-2		GL895455.2	GL895455.2	NW_003540231.2
susScr3:GL895456-2	GL895456-2		GL895456.2	GL895456.2	NW_003540232.2
susScr3:GL895457-1	GL895457-1		GL895457.1	GL895457.1	NW_003540233.1
susScr3:GL895458-2	GL895458-2		GL895458.2	GL895458.2	NW_003540234.2
susScr3:GL895459-1	GL895459-1		GL895459.1	GL895459.1	NW_003540235.1
susScr3:GL895460-2	GL895460-2		GL895460.2	GL895460.2	NW_003540236.2
susScr3:GL895461-1	GL895461-1		GL895461.1	GL895461.1	NW_003540237.1
susScr3:GL895464-1	GL895464-1		GL895464.1	GL895464.1	NW_003540240.1
susScr3:GL895465-2	GL895465-2		GL895465.2	GL895465.2	NW_003540241.2
susScr3:GL895466-1	GL895466-1		GL895466.1	GL895466.1	NW_003540242.1
susScr3:GL895467-2	GL895467-2		GL895467.2	GL895467.2	NW_003540243.2
susScr3:GL895468-1	GL895468-1		GL895468.1	GL895468.1	NW_003540244.1
susScr3:GL895469-1	GL895469-1		GL895469.1	GL895469.1	NW_003540245.1
susScr3:GL895471-2	GL895471-2		GL895471.2	GL895471.2	NW_003540247.2
susScr3:GL895472-1	GL895472-1		GL895472.1	GL895472.1	NW_003540248.1
susScr3:GL895473-2	GL895473-2		GL895473.2	GL895473.2	NW_003540249.2
susScr3:GL895474-2	GL895474-2		GL895474.2	GL895474.2	NW_003540250.2
susScr3:GL895475-1	GL895475-1		GL895475.1	GL895475.1	NW_003540251.1
susScr3:GL895476-1	GL895476-1		GL895476.1	GL895476.1	NW_003540252.1
susScr3:GL895477-2	GL895477-2		GL895477.2	GL895477.2	NW_003540253.2
susScr3:GL895478-1	GL895478-1		GL895478.1	GL895478.1	NW_003540254.1
susScr3:GL895479-1	GL895479-1		GL895479.1	GL895479.1	NW_003540255.1
susScr3:GL895480-1	GL895480-1		GL895480.1	GL895480.1	NW_003540256.1
susScr3:GL895481-1	GL895481-1		GL895481.1	GL895481.1	NW_003540257.1
susScr3:GL895482-2	GL895482-2		GL895482.2	GL895482.2	NW_003540258.2
susScr3:GL895483-1	GL895483-1		GL895483.1	GL895483.1	NW_003540259.1
susScr3:GL895484-2	GL895484-2		GL895484.2	GL895484.2	NW_003540260.2
susScr3:GL895485-2	GL895485-2		GL895485.2	GL895485.2	NW_003540261.2
susScr3:GL895486-2	GL895486-2		GL895486.2	GL895486.2	NW_003540262.2
susScr3:GL895488-1	GL895488-1		GL895488.1	GL895488.1	NW_003540264.1
susScr3:GL895489-1	GL895489-1		GL895489.1	GL895489.1	NW_003540265.1
susScr3:GL895490-1	GL895490-1		GL895490.1	GL895490.1	NW_003540266.1
susScr3:GL895492-1	GL895492-1		GL895492.1	GL895492.1	NW_003540268.1
susScr3:GL895494-2	GL895494-2		GL895494.2	GL895494.2	NW_003540270.2
susScr3:GL895495-2	GL895495-2		GL895495.2	GL895495.2	NW_003540271.2
susScr3:GL895496-1	GL895496-1		GL895496.1	GL895496.1	NW_003540272.1
susScr3:GL895497-2	GL895497-2		GL895497.2	GL895497.2	NW_003540273.2
susScr3:GL895498-2	GL895498-2		GL895498.2	GL895498.2	NW_003540274.2
susScr3:GL895499-1	GL895499-1		GL895499.1	GL895499.1	NW_003540275.1
susScr3:GL895500-1	GL895500-1		GL895500.1	GL895500.1	NW_003540276.1
susScr3:GL895501-1	GL895501-1		GL895501.1	GL895501.1	NW_003540277.1
susScr3:GL895502-2	GL895502-2		GL895502.2	GL895502.2	NW_003540278.2
susScr3:GL895503-2	GL895503-2		GL895503.2	GL895503.2	NW_003540279.2
susScr3:GL895504-2	GL895504-2		GL895504.2	GL895504.2	NW_003540280.2
susScr3:GL895506-2	GL895506-2		GL895506.2	GL895506.2	NW_003540282.2
susScr3:GL895508-1	GL895508-1		GL895508.1	GL895508.1	NW_003540284.1
susScr3:GL895509-2	GL895509-2		GL895509.2	GL895509.2	NW_003540285.2
susScr3:GL895510-2	GL895510-2		GL895510.2	GL895510.2	NW_003540286.2
susScr3:GL895512-1	GL895512-1		GL895512.1	GL895512.1	NW_003540288.1
susScr3:GL895513-2	GL895513-2		GL895513.2	GL895513.2	NW_003540289.2
susScr3:GL895515-1	GL895515-1		GL895515.1	GL895515.1	NW_003540291.1
susScr3:GL895516-1	GL895516-1		GL895516.1	GL895516.1	NW_003540292.1
susScr3:GL895517-2	GL895517-2		GL895517.2	GL895517.2	NW_003540293.2
susScr3:GL895518-1	GL895518-1		GL895518.1	GL895518.1	NW_003540294.1
susScr3:GL895519-1	GL895519-1		GL895519.1	GL895519.1	NW_003540295.1
susScr3:GL895520-1	GL895520-1		GL895520.1	GL895520.1	NW_003540296.1
susScr3:GL895521-1	GL895521-1		GL895521.1	GL895521.1	NW_003540297.1
susScr3:GL895523-1	GL895523-1		GL895523.1	GL895523.1	NW_003540299.1
susScr3:GL895524-1	GL895524-1		GL895524.1	GL895524.1	NW_003540300.1
susScr3:GL895525-1	GL895525-1		GL895525.1	GL895525.1	NW_003540301.1
susScr3:GL895526-2	GL895526-2		GL895526.2	GL895526.2	NW_003540302.2
susScr3:GL895527-2	GL895527-2		GL895527.2	GL895527.2	NW_003540303.2
susScr3:GL895528-1	GL895528-1		GL895528.1	GL895528.1	NW_003540304.1
susScr3:GL895530-2	GL895530-2		GL895530.2	GL895530.2	NW_003540306.2
susScr3:GL895531-1	GL895531-1		GL895531.1	GL895531.1	NW_003540307.1
susScr3:GL895532-1	GL895532-1		GL895532.1	GL895532.1	NW_003540308.1
susScr3:GL895533-2	GL895533-2		GL895533.2	GL895533.2	NW_003540309.2
susScr3:GL895534-1	GL895534-1		GL895534.1	GL895534.1	NW_003540310.1
susScr3:GL895535-1	GL895535-1		GL895535.1	GL895535.1	NW_003540311.1
susScr3:GL895536-2	GL895536-2		GL895536.2	GL895536.2	NW_003540312.2
susScr3:GL895537-2	GL895537-2		GL895537.2	GL895537.2	NW_003540313.2
susScr3:GL895538-2	GL895538-2		GL895538.2	GL895538.2	NW_003540314.2
susScr3:GL895539-2	GL895539-2		GL895539.2	GL895539.2	NW_003540315.2
susScr3:GL895541-1	GL895541-1		GL895541.1	GL895541.1	NW_003540317.1
susScr3:GL895542-1	GL895542-1		GL895542.1	GL895542.1	NW_003540318.1
susScr3:GL895543-2	GL895543-2		GL895543.2	GL895543.2	NW_003540319.2
susScr3:GL895544-1	GL895544-1		GL895544.1	GL895544.1	NW_003540320.1
susScr3:GL895545-1	GL895545-1		GL895545.1	GL895545.1	NW_003540321.1
susScr3:GL895546-1	GL895546-1		GL895546.1	GL895546.1	NW_003540322.1
susScr3:GL895547-1	GL895547-1		GL895547.1	GL895547.1	NW_003540323.1
susScr3:GL895548-1	GL895548-1		GL895548.1	GL895548.1	NW_003540324.1
susScr3:GL895549-1	GL895549-1		GL895549.1	GL895549.1	NW_003540325.1
susScr3:GL895550-2	GL895550-2		GL895550.2	GL895550.2	NW_003540326.2
susScr3:GL895552-1	GL895552-1		GL895552.1	GL895552.1	NW_003540328.1
susScr3:GL895553-1	GL895553-1		GL895553.1	GL895553.1	NW_003540329.1
susScr3:GL895554-2	GL895554-2		GL895554.2	GL895554.2	NW_003540330.2
susScr3:GL895555-1	GL895555-1		GL895555.1	GL895555.1	NW_003540331.1
susScr3:GL895556-1	GL895556-1		GL895556.1	GL895556.1	NW_003540332.1
susScr3:GL895557-1	GL895557-1		GL895557.1	GL895557.1	NW_003540333.1
susScr3:GL895558-2	GL895558-2		GL895558.2	GL895558.2	NW_003540334.2
susScr3:GL895559-1	GL895559-1		GL895559.1	GL895559.1	NW_003540335.1
susScr3:GL895560-2	GL895560-2		GL895560.2	GL895560.2	NW_003540336.2
susScr3:GL895561-2	GL895561-2		GL895561.2	GL895561.2	NW_003540337.2
susScr3:GL895562-2	GL895562-2		GL895562.2	GL895562.2	NW_003540338.2
susScr3:GL895563-1	GL895563-1		GL895563.1	GL895563.1	NW_003540339.1
susScr3:GL895564-2	GL895564-2		GL895564.2	GL895564.2	NW_003540340.2
susScr3:GL895566-1	GL895566-1		GL895566.1	GL895566.1	NW_003540342.1
susScr3:GL895567-1	GL895567-1		GL895567.1	GL895567.1	NW_003540343.1
susScr3:GL895568-1	GL895568-1		GL895568.1	GL895568.1	NW_003540344.1
susScr3:GL895569-2	GL895569-2		GL895569.2	GL895569.2	NW_003540345.2
susScr3:GL895570-1	GL895570-1		GL895570.1	GL895570.1	NW_003540346.1
susScr3:GL895571-2	GL895571-2		GL895571.2	GL895571.2	NW_003540347.2
susScr3:GL895572-1	GL895572-1		GL895572.1	GL895572.1	NW_003540348.1
susScr3:GL895573-1	GL895573-1		GL895573.1	GL895573.1	NW_003540349.1
susScr3:GL895574-2	GL895574-2		GL895574.2	GL895574.2	NW_003540350.2
susScr3:GL895575-2	GL895575-2		GL895575.2	GL895575.2	NW_003540351.2
susScr3:GL895576-1	GL895576-1		GL895576.1	GL895576.1	NW_003540352.1
susScr3:GL895577-1	GL895577-1		GL895577.1	GL895577.1	NW_003540353.1
susScr3:GL895578-1	GL895578-1		GL895578.1	GL895578.1	NW_003540354.1
susScr3:GL895579-1	GL895579-1		GL895579.1	GL895579.1	NW_003540355.1
susScr3:GL895580-1	GL895580-1		GL895580.1	GL895580.1	NW_003540356.1
susScr3:GL895582-1	GL895582-1		GL895582.1	GL895582.1	NW_003540358.1
susScr3:GL895583-1	GL895583-1		GL895583.1	GL895583.1	NW_003540359.1
susScr3:GL895584-1	GL895584-1		GL895584.1	GL895584.1	NW_003540360.1
susScr3:GL895585-2	GL895585-2		GL895585.2	GL895585.2	NW_003540361.2
susScr3:GL895586-1	GL895586-1		GL895586.1	GL895586.1	NW_003540362.1
susScr3:GL895587-1	GL895587-1		GL895587.1	GL895587.1	NW_003540363.1
susScr3:GL895588-2	GL895588-2		GL895588.2	GL895588.2	NW_003540364.2
susScr3:GL895589-1	GL895589-1		GL895589.1	GL895589.1	NW_003540365.1
susScr3:GL895590-1	GL895590-1		GL895590.1	GL895590.1	NW_003540366.1
susScr3:GL895592-1	GL895592-1		GL895592.1	GL895592.1	NW_003540368.1
susScr3:GL895593-2	GL895593-2		GL895593.2	GL895593.2	NW_003540369.2
susScr3:GL895594-1	GL895594-1		GL895594.1	GL895594.1	NW_003540370.1
susScr3:GL895595-1	GL895595-1		GL895595.1	GL895595.1	NW_003540371.1
susScr3:GL895596-1	GL895596-1		GL895596.1	GL895596.1	NW_003540372.1
susScr3:GL895597-2	GL895597-2		GL895597.2	GL895597.2	NW_003540373.2
susScr3:GL895598-2	GL895598-2		GL895598.2	GL895598.2	NW_003540374.2
susScr3:GL895599-1	GL895599-1		GL895599.1	GL895599.1	NW_003540375.1
susScr3:GL895601-1	GL895601-1		GL895601.1	GL895601.1	NW_003540377.1
susScr3:GL895602-2	GL895602-2		GL895602.2	GL895602.2	NW_003540378.2
susScr3:GL895603-2	GL895603-2		GL895603.2	GL895603.2	NW_003540379.2
susScr3:GL895604-1	GL895604-1		GL895604.1	GL895604.1	NW_003540380.1
susScr3:GL895605-2	GL895605-2		GL895605.2	GL895605.2	NW_003540381.2
susScr3:GL895606-1	GL895606-1		GL895606.1	GL895606.1	NW_003540382.1
susScr3:GL895607-2	GL895607-2		GL895607.2	GL895607.2	NW_003540383.2
susScr3:GL895608-1	GL895608-1		GL895608.1	GL895608.1	NW_003540384.1
susScr3:GL895609-2	GL895609-2		GL895609.2	GL895609.2	NW_003540385.2
susScr3:GL895610-2	GL895610-2		GL895610.2	GL895610.2	NW_003540386.2
susScr3:GL895611-1	GL895611-1		GL895611.1	GL895611.1	NW_003540387.1
susScr3:GL895612-1	GL895612-1		GL895612.1	GL895612.1	NW_003540388.1
susScr3:GL895613-1	GL895613-1		GL895613.1	GL895613.1	NW_003540389.1
susScr3:GL895614-2	GL895614-2		GL895614.2	GL895614.2	NW_003540390.2
susScr3:GL895615-1	GL895615-1		GL895615.1	GL895615.1	NW_003540391.1
susScr3:GL895616-2	GL895616-2		GL895616.2	GL895616.2	NW_003540392.2
susScr3:GL895617-1	GL895617-1		GL895617.1	GL895617.1	NW_003540393.1
susScr3:GL895619-2	GL895619-2		GL895619.2	GL895619.2	NW_003540395.2
susScr3:GL895621-2	GL895621-2		GL895621.2	GL895621.2	NW_003540397.2
susScr3:GL895622-1	GL895622-1		GL895622.1	GL895622.1	NW_003540398.1
susScr3:GL895623-1	GL895623-1		GL895623.1	GL895623.1	NW_003540399.1
susScr3:GL895624-2	GL895624-2		GL895624.2	GL895624.2	NW_003540400.2
susScr3:GL895625-1	GL895625-1		GL895625.1	GL895625.1	NW_003540401.1
susScr3:GL895626-1	GL895626-1		GL895626.1	GL895626.1	NW_003540402.1
susScr3:GL895627-1	GL895627-1		GL895627.1	GL895627.1	NW_003540403.1
susScr3:GL895628-2	GL895628-2		GL895628.2	GL895628.2	NW_003540404.2
susScr3:GL895629-1	GL895629-1		GL895629.1	GL895629.1	NW_003540405.1
susScr3:GL895631-1	GL895631-1		GL895631.1	GL895631.1	NW_003540407.1
susScr3:GL895632-2	GL895632-2		GL895632.2	GL895632.2	NW_003540408.2
susScr3:GL895633-2	GL895633-2		GL895633.2	GL895633.2	NW_003540409.2
susScr3:GL895634-1	GL895634-1		GL895634.1	GL895634.1	NW_003540410.1
susScr3:GL895635-1	GL895635-1		GL895635.1	GL895635.1	NW_003540411.1
susScr3:GL895636-1	GL895636-1		GL895636.1	GL895636.1	NW_003540412.1
susScr3:GL895637-2	GL895637-2		GL895637.2	GL895637.2	NW_003540413.2
susScr3:GL895638-2	GL895638-2		GL895638.2	GL895638.2	NW_003540414.2
susScr3:GL895640-1	GL895640-1		GL895640.1	GL895640.1	NW_003540416.1
susScr3:GL895641-2	GL895641-2		GL895641.2	GL895641.2	NW_003540417.2
susScr3:GL895642-2	GL895642-2		GL895642.2	GL895642.2	NW_003540418.2
susScr3:GL895643-2	GL895643-2		GL895643.2	GL895643.2	NW_003540419.2
susScr3:GL895644-1	GL895644-1		GL895644.1	GL895644.1	NW_003540420.1
susScr3:GL895645-1	GL895645-1		GL895645.1	GL895645.1	NW_003540421.1
susScr3:GL895646-1	GL895646-1		GL895646.1	GL895646.1	NW_003540422.1
susScr3:GL895647-2	GL895647-2		GL895647.2	GL895647.2	NW_003540423.2
susScr3:GL895648-1	GL895648-1		GL895648.1	GL895648.1	NW_003540424.1
susScr3:GL895649-2	GL895649-2		GL895649.2	GL895649.2	NW_003540425.2
susScr3:GL895650-1	GL895650-1		GL895650.1	GL895650.1	NW_003540426.1
susScr3:GL895651-2	GL895651-2		GL895651.2	GL895651.2	NW_003540427.2
susScr3:GL895652-1	GL895652-1		GL895652.1	GL895652.1	NW_003540428.1
susScr3:GL895653-2	GL895653-2		GL895653.2	GL895653.2	NW_003540429.2
susScr3:GL895654-1	GL895654-1		GL895654.1	GL895654.1	NW_003540430.1
susScr3:GL895655-1	GL895655-1		GL895655.1	GL895655.1	NW_003540431.1
susScr3:GL895656-1	GL895656-1		GL895656.1	GL895656.1	NW_003540432.1
susScr3:GL895657-1	GL895657-1		GL895657.1	GL895657.1	NW_003540433.1
susScr3:GL895658-1	GL895658-1		GL895658.1	GL895658.1	NW_003540434.1
susScr3:GL895659-2	GL895659-2		GL895659.2	GL895659.2	NW_003540435.2
susScr3:GL895660-1	GL895660-1		GL895660.1	GL895660.1	NW_003540436.1
susScr3:GL895661-1	GL895661-1		GL895661.1	GL895661.1	NW_003540437.1
susScr3:GL895663-1	GL895663-1		GL895663.1	GL895663.1	NW_003540439.1
susScr3:GL895664-2	GL895664-2		GL895664.2	GL895664.2	NW_003540440.2
susScr3:GL895665-1	GL895665-1		GL895665.1	GL895665.1	NW_003540441.1
susScr3:GL895666-1	GL895666-1		GL895666.1	GL895666.1	NW_003540442.1
susScr3:GL895667-2	GL895667-2		GL895667.2	GL895667.2	NW_003540443.2
susScr3:GL895668-1	GL895668-1		GL895668.1	GL895668.1	NW_003540444.1
susScr3:GL895669-1	GL895669-1		GL895669.1	GL895669.1	NW_003540445.1
susScr3:GL895670-1	GL895670-1		GL895670.1	GL895670.1	NW_003540446.1
susScr3:GL895671-2	GL895671-2		GL895671.2	GL895671.2	NW_003540447.2
susScr3:GL895672-1	GL895672-1		GL895672.1	GL895672.1	NW_003540448.1
susScr3:GL895673-2	GL895673-2		GL895673.2	GL895673.2	NW_003540449.2
susScr3:GL895674-1	GL895674-1		GL895674.1	GL895674.1	NW_003540450.1
susScr3:GL895675-2	GL895675-2		GL895675.2	GL895675.2	NW_003540451.2
susScr3:GL895676-1	GL895676-1		GL895676.1	GL895676.1	NW_003540452.1
susScr3:GL895677-2	GL895677-2		GL895677.2	GL895677.2	NW_003540453.2
susScr3:GL895678-1	GL895678-1		GL895678.1	GL895678.1	NW_003540454.1
susScr3:GL895679-1	GL895679-1		GL895679.1	GL895679.1	NW_003540455.1
susScr3:GL895680-1	GL895680-1		GL895680.1	GL895680.1	NW_003540456.1
susScr3:GL895681-1	GL895681-1		GL895681.1	GL895681.1	NW_003540457.1
susScr3:GL895684-1	GL895684-1		GL895684.1	GL895684.1	NW_003540460.1
susScr3:GL895686-1	GL895686-1		GL895686.1	GL895686.1	NW_003540462.1
susScr3:GL895687-1	GL895687-1		GL895687.1	GL895687.1	NW_003540463.1
susScr3:GL895689-2	GL895689-2		GL895689.2	GL895689.2	NW_003540465.2
susScr3:GL895690-1	GL895690-1		GL895690.1	GL895690.1	NW_003540466.1
susScr3:GL895691-2	GL895691-2		GL895691.2	GL895691.2	NW_003540467.2
susScr3:GL895692-1	GL895692-1		GL895692.1	GL895692.1	NW_003540468.1
susScr3:GL895693-1	GL895693-1		GL895693.1	GL895693.1	NW_003540469.1
susScr3:GL895694-1	GL895694-1		GL895694.1	GL895694.1	NW_003540470.1
susScr3:GL895696-2	GL895696-2		GL895696.2	GL895696.2	NW_003540472.2
susScr3:GL895697-2	GL895697-2		GL895697.2	GL895697.2	NW_003540473.2
susScr3:GL895698-2	GL895698-2		GL895698.2	GL895698.2	NW_003540474.2
susScr3:GL895699-1	GL895699-1		GL895699.1	GL895699.1	NW_003540475.1
susScr3:GL895700-1	GL895700-1		GL895700.1	GL895700.1	NW_003540476.1
susScr3:GL895701-1	GL895701-1		GL895701.1	GL895701.1	NW_003540477.1
susScr3:GL895702-2	GL895702-2		GL895702.2	GL895702.2	NW_003540478.2
susScr3:GL895704-2	GL895704-2		GL895704.2	GL895704.2	NW_003540480.2
susScr3:GL895705-1	GL895705-1		GL895705.1	GL895705.1	NW_003540481.1
susScr3:GL895706-2	GL895706-2		GL895706.2	GL895706.2	NW_003540482.2
susScr3:GL895707-1	GL895707-1		GL895707.1	GL895707.1	NW_003540483.1
susScr3:GL895710-2	GL895710-2		GL895710.2	GL895710.2	NW_003540486.2
susScr3:GL895711-2	GL895711-2		GL895711.2	GL895711.2	NW_003540487.2
susScr3:GL895712-1	GL895712-1		GL895712.1	GL895712.1	NW_003540488.1
susScr3:GL895713-2	GL895713-2		GL895713.2	GL895713.2	NW_003540489.2
susScr3:GL895714-1	GL895714-1		GL895714.1	GL895714.1	NW_003540490.1
susScr3:GL895716-2	GL895716-2		GL895716.2	GL895716.2	NW_003540492.2
susScr3:GL895717-1	GL895717-1		GL895717.1	GL895717.1	NW_003540493.1
susScr3:GL895718-2	GL895718-2		GL895718.2	GL895718.2	NW_003540494.2
susScr3:GL895719-2	GL895719-2		GL895719.2	GL895719.2	NW_003540495.2
susScr3:GL895720-1	GL895720-1		GL895720.1	GL895720.1	NW_003540496.1
susScr3:GL895721-1	GL895721-1		GL895721.1	GL895721.1	NW_003540497.1
susScr3:GL895722-1	GL895722-1		GL895722.1	GL895722.1	NW_003540498.1
susScr3:GL895723-1	GL895723-1		GL895723.1	GL895723.1	NW_003540499.1
susScr3:GL895724-1	GL895724-1		GL895724.1	GL895724.1	NW_003540500.1
susScr3:GL895726-2	GL895726-2		GL895726.2	GL895726.2	NW_003540502.2
susScr3:GL895727-1	GL895727-1		GL895727.1	GL895727.1	NW_003540503.1
susScr3:GL895728-2	GL895728-2		GL895728.2	GL895728.2	NW_003540504.2
susScr3:GL895729-1	GL895729-1		GL895729.1	GL895729.1	NW_003540505.1
susScr3:GL895731-1	GL895731-1		GL895731.1	GL895731.1	NW_003540507.1
susScr3:GL895732-2	GL895732-2		GL895732.2	GL895732.2	NW_003540508.2
susScr3:GL895733-2	GL895733-2		GL895733.2	GL895733.2	NW_003540509.2
susScr3:GL895734-1	GL895734-1		GL895734.1	GL895734.1	NW_003540510.1
susScr3:GL895735-1	GL895735-1		GL895735.1	GL895735.1	NW_003540511.1
susScr3:GL895736-1	GL895736-1		GL895736.1	GL895736.1	NW_003540512.1
susScr3:GL895737-2	GL895737-2		GL895737.2	GL895737.2	NW_003540513.2
susScr3:GL895738-1	GL895738-1		GL895738.1	GL895738.1	NW_003540514.1
susScr3:GL895739-1	GL895739-1		GL895739.1	GL895739.1	NW_003540515.1
susScr3:GL895740-1	GL895740-1		GL895740.1	GL895740.1	NW_003540516.1
susScr3:GL895741-1	GL895741-1		GL895741.1	GL895741.1	NW_003540517.1
susScr3:GL895744-2	GL895744-2		GL895744.2	GL895744.2	NW_003540520.2
susScr3:GL895745-1	GL895745-1		GL895745.1	GL895745.1	NW_003540521.1
susScr3:GL895747-2	GL895747-2		GL895747.2	GL895747.2	NW_003540523.2
susScr3:GL895748-1	GL895748-1		GL895748.1	GL895748.1	NW_003540524.1
susScr3:GL895751-2	GL895751-2		GL895751.2	GL895751.2	NW_003540527.2
susScr3:GL895753-2	GL895753-2		GL895753.2	GL895753.2	NW_003540529.2
susScr3:GL895754-2	GL895754-2		GL895754.2	GL895754.2	NW_003540530.2
susScr3:GL895755-1	GL895755-1		GL895755.1	GL895755.1	NW_003540531.1
susScr3:GL895756-1	GL895756-1		GL895756.1	GL895756.1	NW_003540532.1
susScr3:GL895757-1	GL895757-1		GL895757.1	GL895757.1	NW_003540533.1
susScr3:GL895758-1	GL895758-1		GL895758.1	GL895758.1	NW_003540534.1
susScr3:GL895759-1	GL895759-1		GL895759.1	GL895759.1	NW_003540535.1
susScr3:GL895760-2	GL895760-2		GL895760.2	GL895760.2	NW_003540536.2
susScr3:GL895762-2	GL895762-2		GL895762.2	GL895762.2	NW_003540538.2
susScr3:GL895763-2	GL895763-2		GL895763.2	GL895763.2	NW_003540539.2
susScr3:GL895764-1	GL895764-1		GL895764.1	GL895764.1	NW_003540540.1
susScr3:GL895766-1	GL895766-1		GL895766.1	GL895766.1	NW_003540542.1
susScr3:GL895767-1	GL895767-1		GL895767.1	GL895767.1	NW_003540543.1
susScr3:GL895768-1	GL895768-1		GL895768.1	GL895768.1	NW_003540544.1
susScr3:GL895769-1	GL895769-1		GL895769.1	GL895769.1	NW_003540545.1
susScr3:GL895770-1	GL895770-1		GL895770.1	GL895770.1	NW_003540546.1
susScr3:GL895771-1	GL895771-1		GL895771.1	GL895771.1	NW_003540547.1
susScr3:GL895772-2	GL895772-2		GL895772.2	GL895772.2	NW_003540548.2
susScr3:GL895773-1	GL895773-1		GL895773.1	GL895773.1	NW_003540549.1
susScr3:GL895774-1	GL895774-1		GL895774.1	GL895774.1	NW_003540550.1
susScr3:GL895776-1	GL895776-1		GL895776.1	GL895776.1	NW_003540552.1
susScr3:GL895777-1	GL895777-1		GL895777.1	GL895777.1	NW_003540553.1
susScr3:GL895778-1	GL895778-1		GL895778.1	GL895778.1	NW_003540554.1
susScr3:GL895779-1	GL895779-1		GL895779.1	GL895779.1	NW_003540555.1
susScr3:GL895780-2	GL895780-2		GL895780.2	GL895780.2	NW_003540556.2
susScr3:GL895781-1	GL895781-1		GL895781.1	GL895781.1	NW_003540557.1
susScr3:GL895782-1	GL895782-1		GL895782.1	GL895782.1	NW_003540558.1
susScr3:GL895783-1	GL895783-1		GL895783.1	GL895783.1	NW_003540559.1
susScr3:GL895784-1	GL895784-1		GL895784.1	GL895784.1	NW_003540560.1
susScr3:GL895786-2	GL895786-2		GL895786.2	GL895786.2	NW_003540562.2
susScr3:GL895787-2	GL895787-2		GL895787.2	GL895787.2	NW_003540563.2
susScr3:GL895788-1	GL895788-1		GL895788.1	GL895788.1	NW_003540564.1
susScr3:GL895789-1	GL895789-1		GL895789.1	GL895789.1	NW_003540565.1
susScr3:GL895790-1	GL895790-1		GL895790.1	GL895790.1	NW_003540566.1
susScr3:GL895791-1	GL895791-1		GL895791.1	GL895791.1	NW_003540567.1
susScr3:GL895792-2	GL895792-2		GL895792.2	GL895792.2	NW_003540568.2
susScr3:GL895793-1	GL895793-1		GL895793.1	GL895793.1	NW_003540569.1
susScr3:GL895794-2	GL895794-2		GL895794.2	GL895794.2	NW_003540570.2
susScr3:GL895795-1	GL895795-1		GL895795.1	GL895795.1	NW_003540571.1
susScr3:GL895796-1	GL895796-1		GL895796.1	GL895796.1	NW_003540572.1
susScr3:GL895797-1	GL895797-1		GL895797.1	GL895797.1	NW_003540573.1
susScr3:GL895799-2	GL895799-2		GL895799.2	GL895799.2	NW_003540575.2
susScr3:GL895800-1	GL895800-1		GL895800.1	GL895800.1	NW_003540576.1
susScr3:GL895802-1	GL895802-1		GL895802.1	GL895802.1	NW_003540578.1
susScr3:GL895804-2	GL895804-2		GL895804.2	GL895804.2	NW_003540580.2
susScr3:GL895805-2	GL895805-2		GL895805.2	GL895805.2	NW_003540581.2
susScr3:GL895806-1	GL895806-1		GL895806.1	GL895806.1	NW_003540582.1
susScr3:GL895807-1	GL895807-1		GL895807.1	GL895807.1	NW_003540583.1
susScr3:GL895808-1	GL895808-1		GL895808.1	GL895808.1	NW_003540584.1
susScr3:GL895809-2	GL895809-2		GL895809.2	GL895809.2	NW_003540585.2
susScr3:GL895810-2	GL895810-2		GL895810.2	GL895810.2	NW_003540586.2
susScr3:GL895811-2	GL895811-2		GL895811.2	GL895811.2	NW_003540587.2
susScr3:GL895812-1	GL895812-1		GL895812.1	GL895812.1	NW_003540588.1
susScr3:GL895813-1	GL895813-1		GL895813.1	GL895813.1	NW_003540589.1
susScr3:GL895814-2	GL895814-2		GL895814.2	GL895814.2	NW_003540590.2
susScr3:GL895815-1	GL895815-1		GL895815.1	GL895815.1	NW_003540591.1
susScr3:GL895817-1	GL895817-1		GL895817.1	GL895817.1	NW_003540593.1
susScr3:GL895818-1	GL895818-1		GL895818.1	GL895818.1	NW_003540594.1
susScr3:GL895820-1	GL895820-1		GL895820.1	GL895820.1	NW_003540596.1
susScr3:GL895821-1	GL895821-1		GL895821.1	GL895821.1	NW_003540597.1
susScr3:GL895822-1	GL895822-1		GL895822.1	GL895822.1	NW_003540598.1
susScr3:GL895823-1	GL895823-1		GL895823.1	GL895823.1	NW_003540599.1
susScr3:GL895824-2	GL895824-2		GL895824.2	GL895824.2	NW_003540600.2
susScr3:GL895825-2	GL895825-2		GL895825.2	GL895825.2	NW_003540601.2
susScr3:GL895826-2	GL895826-2		GL895826.2	GL895826.2	NW_003540602.2
susScr3:GL895827-2	GL895827-2		GL895827.2	GL895827.2	NW_003540603.2
susScr3:GL895828-2	GL895828-2		GL895828.2	GL895828.2	NW_003540604.2
susScr3:GL895829-1	GL895829-1		GL895829.1	GL895829.1	NW_003540605.1
susScr3:GL895830-1	GL895830-1		GL895830.1	GL895830.1	NW_003540606.1
susScr3:GL895831-2	GL895831-2		GL895831.2	GL895831.2	NW_003540607.2
susScr3:GL895832-1	GL895832-1		GL895832.1	GL895832.1	NW_003540608.1
susScr3:GL895833-1	GL895833-1		GL895833.1	GL895833.1	NW_003540609.1
susScr3:GL895834-1	GL895834-1		GL895834.1	GL895834.1	NW_003540610.1
susScr3:GL895835-1	GL895835-1		GL895835.1	GL895835.1	NW_003540611.1
susScr3:GL895836-1	GL895836-1		GL895836.1	GL895836.1	NW_003540612.1
susScr3:GL895837-1	GL895837-1		GL895837.1	GL895837.1	NW_003540613.1
susScr3:GL895839-1	GL895839-1		GL895839.1	GL895839.1	NW_003540615.1
susScr3:GL895840-2	GL895840-2		GL895840.2	GL895840.2	NW_003540616.2
susScr3:GL895841-2	GL895841-2		GL895841.2	GL895841.2	NW_003540617.2
susScr3:GL895842-1	GL895842-1		GL895842.1	GL895842.1	NW_003540618.1
susScr3:GL895843-2	GL895843-2		GL895843.2	GL895843.2	NW_003540619.2
susScr3:GL895844-1	GL895844-1		GL895844.1	GL895844.1	NW_003540620.1
susScr3:GL895845-1	GL895845-1		GL895845.1	GL895845.1	NW_003540621.1
susScr3:GL895847-2	GL895847-2		GL895847.2	GL895847.2	NW_003540623.2
susScr3:GL895848-2	GL895848-2		GL895848.2	GL895848.2	NW_003540624.2
susScr3:GL895849-2	GL895849-2		GL895849.2	GL895849.2	NW_003540625.2
susScr3:GL895850-2	GL895850-2		GL895850.2	GL895850.2	NW_003540626.2
susScr3:GL895851-2	GL895851-2		GL895851.2	GL895851.2	NW_003540627.2
susScr3:GL895852-1	GL895852-1		GL895852.1	GL895852.1	NW_003540628.1
susScr3:GL895853-2	GL895853-2		GL895853.2	GL895853.2	NW_003540629.2
susScr3:GL895854-1	GL895854-1		GL895854.1	GL895854.1	NW_003540630.1
susScr3:GL895855-1	GL895855-1		GL895855.1	GL895855.1	NW_003540631.1
susScr3:GL895856-1	GL895856-1		GL895856.1	GL895856.1	NW_003540632.1
susScr3:GL895857-2	GL895857-2		GL895857.2	GL895857.2	NW_003540633.2
susScr3:GL895858-2	GL895858-2		GL895858.2	GL895858.2	NW_003540634.2
susScr3:GL895859-2	GL895859-2		GL895859.2	GL895859.2	NW_003540635.2
susScr3:GL895861-1	GL895861-1		GL895861.1	GL895861.1	NW_003540637.1
susScr3:GL895862-2	GL895862-2		GL895862.2	GL895862.2	NW_003540638.2
susScr3:GL895864-2	GL895864-2		GL895864.2	GL895864.2	NW_003540640.2
susScr3:GL895865-1	GL895865-1		GL895865.1	GL895865.1	NW_003540641.1
susScr3:GL895866-1	GL895866-1		GL895866.1	GL895866.1	NW_003540642.1
susScr3:GL895867-1	GL895867-1		GL895867.1	GL895867.1	NW_003540643.1
susScr3:GL895868-2	GL895868-2		GL895868.2	GL895868.2	NW_003540644.2
susScr3:GL895870-2	GL895870-2		GL895870.2	GL895870.2	NW_003540646.2
susScr3:GL895871-2	GL895871-2		GL895871.2	GL895871.2	NW_003540647.2
susScr3:GL895873-2	GL895873-2		GL895873.2	GL895873.2	NW_003540649.2
susScr3:GL895875-1	GL895875-1		GL895875.1	GL895875.1	NW_003540651.1
susScr3:GL895876-1	GL895876-1		GL895876.1	GL895876.1	NW_003540652.1
susScr3:GL895878-1	GL895878-1		GL895878.1	GL895878.1	NW_003540654.1
susScr3:GL895879-1	GL895879-1		GL895879.1	GL895879.1	NW_003540655.1
susScr3:GL895880-1	GL895880-1		GL895880.1	GL895880.1	NW_003540656.1
susScr3:GL895882-2	GL895882-2		GL895882.2	GL895882.2	NW_003540658.2
susScr3:GL895884-2	GL895884-2		GL895884.2	GL895884.2	NW_003540660.2
susScr3:GL895885-1	GL895885-1		GL895885.1	GL895885.1	NW_003540661.1
susScr3:GL895886-1	GL895886-1		GL895886.1	GL895886.1	NW_003540662.1
susScr3:GL895889-1	GL895889-1		GL895889.1	GL895889.1	NW_003540665.1
susScr3:GL895890-1	GL895890-1		GL895890.1	GL895890.1	NW_003540666.1
susScr3:GL895891-2	GL895891-2		GL895891.2	GL895891.2	NW_003540667.2
susScr3:GL895892-1	GL895892-1		GL895892.1	GL895892.1	NW_003540668.1
susScr3:GL895893-2	GL895893-2		GL895893.2	GL895893.2	NW_003540669.2
susScr3:GL895894-1	GL895894-1		GL895894.1	GL895894.1	NW_003540670.1
susScr3:GL895895-2	GL895895-2		GL895895.2	GL895895.2	NW_003540671.2
susScr3:GL895897-2	GL895897-2		GL895897.2	GL895897.2	NW_003540673.2
susScr3:GL895898-2	GL895898-2		GL895898.2	GL895898.2	NW_003540674.2
susScr3:GL895899-1	GL895899-1		GL895899.1	GL895899.1	NW_003540675.1
susScr3:GL895900-1	GL895900-1		GL895900.1	GL895900.1	NW_003540676.1
susScr3:GL895901-1	GL895901-1		GL895901.1	GL895901.1	NW_003540677.1
susScr3:GL895902-1	GL895902-1		GL895902.1	GL895902.1	NW_003540678.1
susScr3:GL895903-2	GL895903-2		GL895903.2	GL895903.2	NW_003540679.2
susScr3:GL895904-1	GL895904-1		GL895904.1	GL895904.1	NW_003540680.1
susScr3:GL895905-2	GL895905-2		GL895905.2	GL895905.2	NW_003540681.2
susScr3:GL895906-1	GL895906-1		GL895906.1	GL895906.1	NW_003540682.1
susScr3:GL895907-2	GL895907-2		GL895907.2	GL895907.2	NW_003540683.2
susScr3:GL895908-1	GL895908-1		GL895908.1	GL895908.1	NW_003540684.1
susScr3:GL895909-1	GL895909-1		GL895909.1	GL895909.1	NW_003540685.1
susScr3:GL895910-1	GL895910-1		GL895910.1	GL895910.1	NW_003540686.1
susScr3:GL895911-2	GL895911-2		GL895911.2	GL895911.2	NW_003540687.2
susScr3:GL895912-1	GL895912-1		GL895912.1	GL895912.1	NW_003540688.1
susScr3:GL895913-1	GL895913-1		GL895913.1	GL895913.1	NW_003540689.1
susScr3:GL895915-2	GL895915-2		GL895915.2	GL895915.2	NW_003540691.2
susScr3:GL895916-1	GL895916-1		GL895916.1	GL895916.1	NW_003540692.1
susScr3:GL895917-2	GL895917-2		GL895917.2	GL895917.2	NW_003540693.2
susScr3:GL895918-1	GL895918-1		GL895918.1	GL895918.1	NW_003540694.1
susScr3:GL895919-1	GL895919-1		GL895919.1	GL895919.1	NW_003540695.1
susScr3:GL895920-2	GL895920-2		GL895920.2	GL895920.2	NW_003540696.2
susScr3:GL895921-1	GL895921-1		GL895921.1	GL895921.1	NW_003540697.1
susScr3:GL895922-2	GL895922-2		GL895922.2	GL895922.2	NW_003540698.2
susScr3:GL895923-1	GL895923-1		GL895923.1	GL895923.1	NW_003540699.1
susScr3:GL895925-2	GL895925-2		GL895925.2	GL895925.2	NW_003540701.2
susScr3:GL895926-1	GL895926-1		GL895926.1	GL895926.1	NW_003540702.1
susScr3:GL895927-2	GL895927-2		GL895927.2	GL895927.2	NW_003540703.2
susScr3:GL895928-1	GL895928-1		GL895928.1	GL895928.1	NW_003540704.1
susScr3:GL895930-1	GL895930-1		GL895930.1	GL895930.1	NW_003540706.1
susScr3:GL895931-2	GL895931-2		GL895931.2	GL895931.2	NW_003540707.2
susScr3:GL895932-2	GL895932-2		GL895932.2	GL895932.2	NW_003540708.2
susScr3:GL895933-1	GL895933-1		GL895933.1	GL895933.1	NW_003540709.1
susScr3:GL895934-1	GL895934-1		GL895934.1	GL895934.1	NW_003540710.1
susScr3:GL895935-2	GL895935-2		GL895935.2	GL895935.2	NW_003540711.2
susScr3:GL895936-1	GL895936-1		GL895936.1	GL895936.1	NW_003540712.1
susScr3:GL895937-2	GL895937-2		GL895937.2	GL895937.2	NW_003540713.2
susScr3:GL895938-2	GL895938-2		GL895938.2	GL895938.2	NW_003540714.2
susScr3:GL895939-1	GL895939-1		GL895939.1	GL895939.1	NW_003540715.1
susScr3:GL895940-1	GL895940-1		GL895940.1	GL895940.1	NW_003540716.1
susScr3:GL895941-1	GL895941-1		GL895941.1	GL895941.1	NW_003540717.1
susScr3:GL895942-2	GL895942-2		GL895942.2	GL895942.2	NW_003540718.2
susScr3:GL895943-2	GL895943-2		GL895943.2	GL895943.2	NW_003540719.2
susScr3:GL895945-1	GL895945-1		GL895945.1	GL895945.1	NW_003540721.1
susScr3:GL895946-1	GL895946-1		GL895946.1	GL895946.1	NW_003540722.1
susScr3:GL895947-2	GL895947-2		GL895947.2	GL895947.2	NW_003540723.2
susScr3:GL895948-2	GL895948-2		GL895948.2	GL895948.2	NW_003540724.2
susScr3:GL895949-1	GL895949-1		GL895949.1	GL895949.1	NW_003540725.1
susScr3:GL895950-1	GL895950-1		GL895950.1	GL895950.1	NW_003540726.1
susScr3:GL895952-1	GL895952-1		GL895952.1	GL895952.1	NW_003540728.1
susScr3:GL895953-1	GL895953-1		GL895953.1	GL895953.1	NW_003540729.1
susScr3:GL895954-1	GL895954-1		GL895954.1	GL895954.1	NW_003540730.1
susScr3:GL895956-1	GL895956-1		GL895956.1	GL895956.1	NW_003540732.1
susScr3:GL895957-1	GL895957-1		GL895957.1	GL895957.1	NW_003540733.1
susScr3:GL895958-2	GL895958-2		GL895958.2	GL895958.2	NW_003540734.2
susScr3:GL895959-2	GL895959-2		GL895959.2	GL895959.2	NW_003540735.2
susScr3:GL895961-1	GL895961-1		GL895961.1	GL895961.1	NW_003540737.1
susScr3:GL895962-1	GL895962-1		GL895962.1	GL895962.1	NW_003540738.1
susScr3:GL895963-1	GL895963-1		GL895963.1	GL895963.1	NW_003540739.1
susScr3:GL895965-1	GL895965-1		GL895965.1	GL895965.1	NW_003540741.1
susScr3:GL895966-1	GL895966-1		GL895966.1	GL895966.1	NW_003540742.1
susScr3:GL895967-2	GL895967-2		GL895967.2	GL895967.2	NW_003540743.2
susScr3:GL895968-1	GL895968-1		GL895968.1	GL895968.1	NW_003540744.1
susScr3:GL895969-2	GL895969-2		GL895969.2	GL895969.2	NW_003540745.2
susScr3:GL895971-1	GL895971-1		GL895971.1	GL895971.1	NW_003540747.1
susScr3:GL895973-2	GL895973-2		GL895973.2	GL895973.2	NW_003540749.2
susScr3:GL895974-1	GL895974-1		GL895974.1	GL895974.1	NW_003540750.1
susScr3:GL895975-2	GL895975-2		GL895975.2	GL895975.2	NW_003540751.2
susScr3:GL895976-1	GL895976-1		GL895976.1	GL895976.1	NW_003540752.1
susScr3:GL895977-2	GL895977-2		GL895977.2	GL895977.2	NW_003540753.2
susScr3:GL895978-1	GL895978-1		GL895978.1	GL895978.1	NW_003540754.1
susScr3:GL895979-2	GL895979-2		GL895979.2	GL895979.2	NW_003540755.2
susScr3:GL895981-2	GL895981-2		GL895981.2	GL895981.2	NW_003540757.2
susScr3:GL895982-1	GL895982-1		GL895982.1	GL895982.1	NW_003540758.1
susScr3:GL895983-1	GL895983-1		GL895983.1	GL895983.1	NW_003540759.1
susScr3:GL895984-2	GL895984-2		GL895984.2	GL895984.2	NW_003540760.2
susScr3:GL895985-1	GL895985-1		GL895985.1	GL895985.1	NW_003540761.1
susScr3:GL895986-2	GL895986-2		GL895986.2	GL895986.2	NW_003540762.2
susScr3:GL895987-1	GL895987-1		GL895987.1	GL895987.1	NW_003540763.1
susScr3:GL895988-2	GL895988-2		GL895988.2	GL895988.2	NW_003540764.2
susScr3:GL895989-1	GL895989-1		GL895989.1	GL895989.1	NW_003540765.1
susScr3:GL895990-1	GL895990-1		GL895990.1	GL895990.1	NW_003540766.1
susScr3:GL895991-2	GL895991-2		GL895991.2	GL895991.2	NW_003540767.2
susScr3:GL895992-2	GL895992-2		GL895992.2	GL895992.2	NW_003540768.2
susScr3:GL895993-1	GL895993-1		GL895993.1	GL895993.1	NW_003540769.1
susScr3:GL895994-1	GL895994-1		GL895994.1	GL895994.1	NW_003540770.1
susScr3:GL895995-2	GL895995-2		GL895995.2	GL895995.2	NW_003540771.2
susScr3:GL895996-1	GL895996-1		GL895996.1	GL895996.1	NW_003540772.1
susScr3:GL895997-2	GL895997-2		GL895997.2	GL895997.2	NW_003540773.2
susScr3:GL895999-2	GL895999-2		GL895999.2	GL895999.2	NW_003540775.2
susScr3:GL896000-1	GL896000-1		GL896000.1	GL896000.1	NW_003540776.1
susScr3:GL896001-1	GL896001-1		GL896001.1	GL896001.1	NW_003540777.1
susScr3:GL896002-1	GL896002-1		GL896002.1	GL896002.1	NW_003540778.1
susScr3:GL896003-1	GL896003-1		GL896003.1	GL896003.1	NW_003540779.1
susScr3:GL896004-2	GL896004-2		GL896004.2	GL896004.2	NW_003540780.2
susScr3:GL896005-2	GL896005-2		GL896005.2	GL896005.2	NW_003540781.2
susScr3:GL896006-2	GL896006-2		GL896006.2	GL896006.2	NW_003540782.2
susScr3:GL896007-1	GL896007-1		GL896007.1	GL896007.1	NW_003540783.1
susScr3:GL896008-2	GL896008-2		GL896008.2	GL896008.2	NW_003540784.2
susScr3:GL896009-2	GL896009-2		GL896009.2	GL896009.2	NW_003540785.2
susScr3:GL896010-1	GL896010-1		GL896010.1	GL896010.1	NW_003540786.1
susScr3:GL896011-2	GL896011-2		GL896011.2	GL896011.2	NW_003540787.2
susScr3:GL896012-1	GL896012-1		GL896012.1	GL896012.1	NW_003540788.1
susScr3:GL896013-2	GL896013-2		GL896013.2	GL896013.2	NW_003540789.2
susScr3:GL896014-1	GL896014-1		GL896014.1	GL896014.1	NW_003540790.1
susScr3:GL896015-1	GL896015-1		GL896015.1	GL896015.1	NW_003540791.1
susScr3:GL896016-1	GL896016-1		GL896016.1	GL896016.1	NW_003540792.1
susScr3:GL896017-1	GL896017-1		GL896017.1	GL896017.1	NW_003540793.1
susScr3:GL896018-1	GL896018-1		GL896018.1	GL896018.1	NW_003540794.1
susScr3:GL896021-1	GL896021-1		GL896021.1	GL896021.1	NW_003540797.1
susScr3:GL896022-1	GL896022-1		GL896022.1	GL896022.1	NW_003540798.1
susScr3:GL896023-1	GL896023-1		GL896023.1	GL896023.1	NW_003540799.1
susScr3:GL896024-1	GL896024-1		GL896024.1	GL896024.1	NW_003540800.1
susScr3:GL896025-2	GL896025-2		GL896025.2	GL896025.2	NW_003540801.2
susScr3:GL896026-2	GL896026-2		GL896026.2	GL896026.2	NW_003540802.2
susScr3:GL896028-1	GL896028-1		GL896028.1	GL896028.1	NW_003540804.1
susScr3:GL896030-1	GL896030-1		GL896030.1	GL896030.1	NW_003540806.1
susScr3:GL896032-2	GL896032-2		GL896032.2	GL896032.2	NW_003540808.2
susScr3:GL896033-2	GL896033-2		GL896033.2	GL896033.2	NW_003540809.2
susScr3:GL896034-1	GL896034-1		GL896034.1	GL896034.1	NW_003540810.1
susScr3:GL896035-2	GL896035-2		GL896035.2	GL896035.2	NW_003540811.2
susScr3:GL896036-1	GL896036-1		GL896036.1	GL896036.1	NW_003540812.1
susScr3:GL896038-1	GL896038-1		GL896038.1	GL896038.1	NW_003540814.1
susScr3:GL896039-2	GL896039-2		GL896039.2	GL896039.2	NW_003540815.2
susScr3:GL896040-1	GL896040-1		GL896040.1	GL896040.1	NW_003540816.1
susScr3:GL896041-2	GL896041-2		GL896041.2	GL896041.2	NW_003540817.2
susScr3:GL896042-1	GL896042-1		GL896042.1	GL896042.1	NW_003540818.1
susScr3:GL896043-2	GL896043-2		GL896043.2	GL896043.2	NW_003540819.2
susScr3:GL896044-1	GL896044-1		GL896044.1	GL896044.1	NW_003540820.1
susScr3:GL896045-1	GL896045-1		GL896045.1	GL896045.1	NW_003540821.1
susScr3:GL896046-2	GL896046-2		GL896046.2	GL896046.2	NW_003540822.2
susScr3:GL896047-1	GL896047-1		GL896047.1	GL896047.1	NW_003540823.1
susScr3:GL896048-1	GL896048-1		GL896048.1	GL896048.1	NW_003540824.1
susScr3:GL896049-1	GL896049-1		GL896049.1	GL896049.1	NW_003540825.1
susScr3:GL896050-2	GL896050-2		GL896050.2	GL896050.2	NW_003540826.2
susScr3:GL896052-2	GL896052-2		GL896052.2	GL896052.2	NW_003540828.2
susScr3:GL896053-2	GL896053-2		GL896053.2	GL896053.2	NW_003540829.2
susScr3:GL896054-1	GL896054-1		GL896054.1	GL896054.1	NW_003540830.1
susScr3:GL896055-1	GL896055-1		GL896055.1	GL896055.1	NW_003540831.1
susScr3:GL896056-1	GL896056-1		GL896056.1	GL896056.1	NW_003540832.1
susScr3:GL896057-1	GL896057-1		GL896057.1	GL896057.1	NW_003540833.1
susScr3:GL896058-2	GL896058-2		GL896058.2	GL896058.2	NW_003540834.2
susScr3:GL896059-2	GL896059-2		GL896059.2	GL896059.2	NW_003540835.2
susScr3:GL896060-2	GL896060-2		GL896060.2	GL896060.2	NW_003540836.2
susScr3:GL896061-1	GL896061-1		GL896061.1	GL896061.1	NW_003540837.1
susScr3:GL896062-2	GL896062-2		GL896062.2	GL896062.2	NW_003540838.2
susScr3:GL896063-1	GL896063-1		GL896063.1	GL896063.1	NW_003540839.1
susScr3:GL896065-1	GL896065-1		GL896065.1	GL896065.1	NW_003540841.1
susScr3:GL896066-1	GL896066-1		GL896066.1	GL896066.1	NW_003540842.1
susScr3:GL896067-1	GL896067-1		GL896067.1	GL896067.1	NW_003540843.1
susScr3:GL896068-1	GL896068-1		GL896068.1	GL896068.1	NW_003540844.1
susScr3:GL896069-2	GL896069-2		GL896069.2	GL896069.2	NW_003540845.2
susScr3:GL896070-1	GL896070-1		GL896070.1	GL896070.1	NW_003540846.1
susScr3:GL896072-2	GL896072-2		GL896072.2	GL896072.2	NW_003540848.2
susScr3:GL896074-1	GL896074-1		GL896074.1	GL896074.1	NW_003540850.1
susScr3:GL896075-1	GL896075-1		GL896075.1	GL896075.1	NW_003540851.1
susScr3:GL896077-2	GL896077-2		GL896077.2	GL896077.2	NW_003540853.2
susScr3:GL896078-1	GL896078-1		GL896078.1	GL896078.1	NW_003540854.1
susScr3:GL896079-2	GL896079-2		GL896079.2	GL896079.2	NW_003540855.2
susScr3:GL896080-1	GL896080-1		GL896080.1	GL896080.1	NW_003540856.1
susScr3:GL896081-2	GL896081-2		GL896081.2	GL896081.2	NW_003540857.2
susScr3:GL896082-2	GL896082-2		GL896082.2	GL896082.2	NW_003540858.2
susScr3:GL896083-1	GL896083-1		GL896083.1	GL896083.1	NW_003540859.1
susScr3:GL896084-1	GL896084-1		GL896084.1	GL896084.1	NW_003540860.1
susScr3:GL896085-1	GL896085-1		GL896085.1	GL896085.1	NW_003540861.1
susScr3:GL896086-1	GL896086-1		GL896086.1	GL896086.1	NW_003540862.1
susScr3:GL896087-1	GL896087-1		GL896087.1	GL896087.1	NW_003540863.1
susScr3:GL896088-1	GL896088-1		GL896088.1	GL896088.1	NW_003540864.1
susScr3:GL896089-1	GL896089-1		GL896089.1	GL896089.1	NW_003540865.1
susScr3:GL896090-1	GL896090-1		GL896090.1	GL896090.1	NW_003540866.1
susScr3:GL896091-1	GL896091-1		GL896091.1	GL896091.1	NW_003540867.1
susScr3:GL896092-1	GL896092-1		GL896092.1	GL896092.1	NW_003540868.1
susScr3:GL896093-1	GL896093-1		GL896093.1	GL896093.1	NW_003540869.1
susScr3:GL896094-1	GL896094-1		GL896094.1	GL896094.1	NW_003540870.1
susScr3:GL896095-1	GL896095-1		GL896095.1	GL896095.1	NW_003540871.1
susScr3:GL896096-1	GL896096-1		GL896096.1	GL896096.1	NW_003540872.1
susScr3:GL896097-1	GL896097-1		GL896097.1	GL896097.1	NW_003540873.1
susScr3:GL896098-1	GL896098-1		GL896098.1	GL896098.1	NW_003540874.1
susScr3:GL896099-1	GL896099-1		GL896099.1	GL896099.1	NW_003540875.1
susScr3:GL896100-1	GL896100-1		GL896100.1	GL896100.1	NW_003540876.1
susScr3:GL896101-1	GL896101-1		GL896101.1	GL896101.1	NW_003540877.1
susScr3:GL896102-1	GL896102-1		GL896102.1	GL896102.1	NW_003540878.1
susScr3:GL896103-1	GL896103-1		GL896103.1	GL896103.1	NW_003540879.1
susScr3:GL896104-1	GL896104-1		GL896104.1	GL896104.1	NW_003540880.1
susScr3:GL896105-1	GL896105-1		GL896105.1	GL896105.1	NW_003540881.1
susScr3:GL896106-1	GL896106-1		GL896106.1	GL896106.1	NW_003540882.1
susScr3:GL896107-1	GL896107-1		GL896107.1	GL896107.1	NW_003540883.1
susScr3:GL896108-1	GL896108-1		GL896108.1	GL896108.1	NW_003540884.1
susScr3:GL896109-2	GL896109-2		GL896109.2	GL896109.2	NW_003540885.2
susScr3:GL896110-1	GL896110-1		GL896110.1	GL896110.1	NW_003540886.1
susScr3:GL896111-1	GL896111-1		GL896111.1	GL896111.1	NW_003540887.1
susScr3:GL896112-1	GL896112-1		GL896112.1	GL896112.1	NW_003540888.1
susScr3:GL896113-1	GL896113-1		GL896113.1	GL896113.1	NW_003540889.1
susScr3:GL896114-1	GL896114-1		GL896114.1	GL896114.1	NW_003540890.1
susScr3:GL896115-1	GL896115-1		GL896115.1	GL896115.1	NW_003540891.1
susScr3:GL896116-1	GL896116-1		GL896116.1	GL896116.1	NW_003540892.1
susScr3:GL896117-1	GL896117-1		GL896117.1	GL896117.1	NW_003540893.1
susScr3:GL896118-1	GL896118-1		GL896118.1	GL896118.1	NW_003540894.1
susScr3:GL896119-1	GL896119-1		GL896119.1	GL896119.1	NW_003540895.1
susScr3:GL896120-1	GL896120-1		GL896120.1	GL896120.1	NW_003540896.1
susScr3:GL896121-1	GL896121-1		GL896121.1	GL896121.1	NW_003540897.1
susScr3:GL896122-1	GL896122-1		GL896122.1	GL896122.1	NW_003540898.1
susScr3:GL896123-1	GL896123-1		GL896123.1	GL896123.1	NW_003540899.1
susScr3:GL896124-1	GL896124-1		GL896124.1	GL896124.1	NW_003540900.1
susScr3:GL896125-1	GL896125-1		GL896125.1	GL896125.1	NW_003540901.1
susScr3:GL896126-1	GL896126-1		GL896126.1	GL896126.1	NW_003540902.1
susScr3:GL896127-1	GL896127-1		GL896127.1	GL896127.1	NW_003540903.1
susScr3:GL896128-1	GL896128-1		GL896128.1	GL896128.1	NW_003540904.1
susScr3:GL896129-1	GL896129-1		GL896129.1	GL896129.1	NW_003540905.1
susScr3:GL896130-1	GL896130-1		GL896130.1	GL896130.1	NW_003540906.1
susScr3:GL896131-1	GL896131-1		GL896131.1	GL896131.1	NW_003540907.1
susScr3:GL896132-1	GL896132-1		GL896132.1	GL896132.1	NW_003540908.1
susScr3:GL896133-1	GL896133-1		GL896133.1	GL896133.1	NW_003540909.1
susScr3:GL896134-1	GL896134-1		GL896134.1	GL896134.1	NW_003540910.1
susScr3:GL896135-1	GL896135-1		GL896135.1	GL896135.1	NW_003540911.1
susScr3:GL896136-1	GL896136-1		GL896136.1	GL896136.1	NW_003540912.1
susScr3:GL896137-1	GL896137-1		GL896137.1	GL896137.1	NW_003540913.1
susScr3:GL896138-1	GL896138-1		GL896138.1	GL896138.1	NW_003540914.1
susScr3:GL896139-1	GL896139-1		GL896139.1	GL896139.1	NW_003540915.1
susScr3:GL896140-1	GL896140-1		GL896140.1	GL896140.1	NW_003540916.1
susScr3:GL896141-1	GL896141-1		GL896141.1	GL896141.1	NW_003540917.1
susScr3:GL896142-1	GL896142-1		GL896142.1	GL896142.1	NW_003540918.1
susScr3:GL896143-1	GL896143-1		GL896143.1	GL896143.1	NW_003540919.1
susScr3:GL896144-1	GL896144-1		GL896144.1	GL896144.1	NW_003540920.1
susScr3:GL896145-1	GL896145-1		GL896145.1	GL896145.1	NW_003540921.1
susScr3:GL896146-1	GL896146-1		GL896146.1	GL896146.1	NW_003540922.1
susScr3:GL896147-1	GL896147-1		GL896147.1	GL896147.1	NW_003540923.1
susScr3:GL896148-1	GL896148-1		GL896148.1	GL896148.1	NW_003540924.1
susScr3:GL896149-1	GL896149-1		GL896149.1	GL896149.1	NW_003540925.1
susScr3:GL896150-1	GL896150-1		GL896150.1	GL896150.1	NW_003540926.1
susScr3:GL896151-1	GL896151-1		GL896151.1	GL896151.1	NW_003540927.1
susScr3:GL896152-2	GL896152-2		GL896152.2	GL896152.2	NW_003540928.2
susScr3:GL896153-1	GL896153-1		GL896153.1	GL896153.1	NW_003540929.1
susScr3:GL896154-1	GL896154-1		GL896154.1	GL896154.1	NW_003540930.1
susScr3:GL896155-1	GL896155-1		GL896155.1	GL896155.1	NW_003540931.1
susScr3:GL896156-1	GL896156-1		GL896156.1	GL896156.1	NW_003540932.1
susScr3:GL896157-1	GL896157-1		GL896157.1	GL896157.1	NW_003540933.1
susScr3:GL896158-1	GL896158-1		GL896158.1	GL896158.1	NW_003540934.1
susScr3:GL896159-1	GL896159-1		GL896159.1	GL896159.1	NW_003540935.1
susScr3:GL896160-1	GL896160-1		GL896160.1	GL896160.1	NW_003540936.1
susScr3:GL896161-1	GL896161-1		GL896161.1	GL896161.1	NW_003540937.1
susScr3:GL896162-1	GL896162-1		GL896162.1	GL896162.1	NW_003540938.1
susScr3:GL896163-1	GL896163-1		GL896163.1	GL896163.1	NW_003540939.1
susScr3:GL896164-1	GL896164-1		GL896164.1	GL896164.1	NW_003540940.1
susScr3:GL896165-1	GL896165-1		GL896165.1	GL896165.1	NW_003540941.1
susScr3:GL896166-1	GL896166-1		GL896166.1	GL896166.1	NW_003540942.1
susScr3:GL896167-1	GL896167-1		GL896167.1	GL896167.1	NW_003540943.1
susScr3:GL896168-1	GL896168-1		GL896168.1	GL896168.1	NW_003540944.1
susScr3:GL896169-1	GL896169-1		GL896169.1	GL896169.1	NW_003540945.1
susScr3:GL896170-1	GL896170-1		GL896170.1	GL896170.1	NW_003540946.1
susScr3:GL896171-1	GL896171-1		GL896171.1	GL896171.1	NW_003540947.1
susScr3:GL896172-1	GL896172-1		GL896172.1	GL896172.1	NW_003540948.1
susScr3:GL896173-1	GL896173-1		GL896173.1	GL896173.1	NW_003540949.1
susScr3:GL896174-1	GL896174-1		GL896174.1	GL896174.1	NW_003540950.1
susScr3:GL896175-1	GL896175-1		GL896175.1	GL896175.1	NW_003540951.1
susScr3:GL896176-1	GL896176-1		GL896176.1	GL896176.1	NW_003540952.1
susScr3:GL896177-1	GL896177-1		GL896177.1	GL896177.1	NW_003540953.1
susScr3:GL896178-1	GL896178-1		GL896178.1	GL896178.1	NW_003540954.1
susScr3:GL896179-1	GL896179-1		GL896179.1	GL896179.1	NW_003540955.1
susScr3:GL896180-1	GL896180-1		GL896180.1	GL896180.1	NW_003540956.1
susScr3:GL896181-1	GL896181-1		GL896181.1	GL896181.1	NW_003540957.1
susScr3:GL896182-1	GL896182-1		GL896182.1	GL896182.1	NW_003540958.1
susScr3:GL896183-1	GL896183-1		GL896183.1	GL896183.1	NW_003540959.1
susScr3:GL896184-1	GL896184-1		GL896184.1	GL896184.1	NW_003540960.1
susScr3:GL896185-1	GL896185-1		GL896185.1	GL896185.1	NW_003540961.1
susScr3:GL896186-1	GL896186-1		GL896186.1	GL896186.1	NW_003540962.1
susScr3:GL896187-1	GL896187-1		GL896187.1	GL896187.1	NW_003540963.1
susScr3:GL896188-1	GL896188-1		GL896188.1	GL896188.1	NW_003540964.1
susScr3:GL896189-2	GL896189-2		GL896189.2	GL896189.2	NW_003540965.2
susScr3:GL896190-1	GL896190-1		GL896190.1	GL896190.1	NW_003540966.1
susScr3:GL896191-1	GL896191-1		GL896191.1	GL896191.1	NW_003540967.1
susScr3:GL896192-1	GL896192-1		GL896192.1	GL896192.1	NW_003540968.1
susScr3:GL896193-2	GL896193-2		GL896193.2	GL896193.2	NW_003540969.2
susScr3:GL896194-1	GL896194-1		GL896194.1	GL896194.1	NW_003540970.1
susScr3:GL896195-1	GL896195-1		GL896195.1	GL896195.1	NW_003540971.1
susScr3:GL896196-1	GL896196-1		GL896196.1	GL896196.1	NW_003540972.1
susScr3:GL896197-1	GL896197-1		GL896197.1	GL896197.1	NW_003540973.1
susScr3:GL896198-1	GL896198-1		GL896198.1	GL896198.1	NW_003540974.1
susScr3:GL896199-1	GL896199-1		GL896199.1	GL896199.1	NW_003540975.1
susScr3:GL896200-1	GL896200-1		GL896200.1	GL896200.1	NW_003540976.1
susScr3:GL896201-1	GL896201-1		GL896201.1	GL896201.1	NW_003540977.1
susScr3:GL896202-2	GL896202-2		GL896202.2	GL896202.2	NW_003540978.2
susScr3:GL896203-1	GL896203-1		GL896203.1	GL896203.1	NW_003540979.1
susScr3:GL896204-1	GL896204-1		GL896204.1	GL896204.1	NW_003540980.1
susScr3:GL896206-1	GL896206-1		GL896206.1	GL896206.1	NW_003540982.1
susScr3:GL896207-1	GL896207-1		GL896207.1	GL896207.1	NW_003540983.1
susScr3:GL896208-1	GL896208-1		GL896208.1	GL896208.1	NW_003540984.1
susScr3:GL896209-1	GL896209-1		GL896209.1	GL896209.1	NW_003540985.1
susScr3:GL896210-1	GL896210-1		GL896210.1	GL896210.1	NW_003540986.1
susScr3:GL896211-1	GL896211-1		GL896211.1	GL896211.1	NW_003540987.1
susScr3:GL896212-1	GL896212-1		GL896212.1	GL896212.1	NW_003540988.1
susScr3:GL896213-1	GL896213-1		GL896213.1	GL896213.1	NW_003540989.1
susScr3:GL896214-1	GL896214-1		GL896214.1	GL896214.1	NW_003540990.1
susScr3:GL896215-1	GL896215-1		GL896215.1	GL896215.1	NW_003540991.1
susScr3:GL896216-1	GL896216-1		GL896216.1	GL896216.1	NW_003540992.1
susScr3:GL896217-1	GL896217-1		GL896217.1	GL896217.1	NW_003540993.1
susScr3:GL896218-1	GL896218-1		GL896218.1	GL896218.1	NW_003540994.1
susScr3:GL896219-1	GL896219-1		GL896219.1	GL896219.1	NW_003540995.1
susScr3:GL896220-1	GL896220-1		GL896220.1	GL896220.1	NW_003540996.1
susScr3:GL896221-1	GL896221-1		GL896221.1	GL896221.1	NW_003540997.1
susScr3:GL896222-1	GL896222-1		GL896222.1	GL896222.1	NW_003540998.1
susScr3:GL896223-1	GL896223-1		GL896223.1	GL896223.1	NW_003540999.1
susScr3:GL896224-1	GL896224-1		GL896224.1	GL896224.1	NW_003541000.1
susScr3:GL896225-1	GL896225-1		GL896225.1	GL896225.1	NW_003541001.1
susScr3:GL896226-2	GL896226-2		GL896226.2	GL896226.2	NW_003541002.2
susScr3:GL896227-2	GL896227-2		GL896227.2	GL896227.2	NW_003541003.2
susScr3:GL896228-1	GL896228-1		GL896228.1	GL896228.1	NW_003541004.1
susScr3:GL896229-1	GL896229-1		GL896229.1	GL896229.1	NW_003541005.1
susScr3:GL896231-1	GL896231-1		GL896231.1	GL896231.1	NW_003541007.1
susScr3:GL896232-1	GL896232-1		GL896232.1	GL896232.1	NW_003541008.1
susScr3:GL896234-1	GL896234-1		GL896234.1	GL896234.1	NW_003541010.1
susScr3:GL896235-1	GL896235-1		GL896235.1	GL896235.1	NW_003541011.1
susScr3:GL896236-1	GL896236-1		GL896236.1	GL896236.1	NW_003541012.1
susScr3:GL896237-1	GL896237-1		GL896237.1	GL896237.1	NW_003541013.1
susScr3:GL896238-2	GL896238-2		GL896238.2	GL896238.2	NW_003541014.2
susScr3:GL896239-1	GL896239-1		GL896239.1	GL896239.1	NW_003541015.1
susScr3:GL896240-1	GL896240-1		GL896240.1	GL896240.1	NW_003541016.1
susScr3:GL896241-2	GL896241-2		GL896241.2	GL896241.2	NW_003541017.2
susScr3:GL896243-1	GL896243-1		GL896243.1	GL896243.1	NW_003541019.1
susScr3:GL896244-2	GL896244-2		GL896244.2	GL896244.2	NW_003541020.2
susScr3:GL896245-1	GL896245-1		GL896245.1	GL896245.1	NW_003541021.1
susScr3:GL896246-1	GL896246-1		GL896246.1	GL896246.1	NW_003541022.1
susScr3:GL896248-1	GL896248-1		GL896248.1	GL896248.1	NW_003541024.1
susScr3:GL896249-1	GL896249-1		GL896249.1	GL896249.1	NW_003541025.1
susScr3:GL896250-1	GL896250-1		GL896250.1	GL896250.1	NW_003541026.1
susScr3:GL896251-1	GL896251-1		GL896251.1	GL896251.1	NW_003541027.1
susScr3:GL896252-1	GL896252-1		GL896252.1	GL896252.1	NW_003541028.1
susScr3:GL896253-1	GL896253-1		GL896253.1	GL896253.1	NW_003541029.1
susScr3:GL896254-1	GL896254-1		GL896254.1	GL896254.1	NW_003541030.1
susScr3:GL896255-2	GL896255-2		GL896255.2	GL896255.2	NW_003541031.2
susScr3:GL896256-1	GL896256-1		GL896256.1	GL896256.1	NW_003541032.1
susScr3:GL896258-1	GL896258-1		GL896258.1	GL896258.1	NW_003541034.1
susScr3:GL896259-2	GL896259-2		GL896259.2	GL896259.2	NW_003541035.2
susScr3:GL896260-1	GL896260-1		GL896260.1	GL896260.1	NW_003541036.1
susScr3:GL896261-1	GL896261-1		GL896261.1	GL896261.1	NW_003541037.1
susScr3:GL896262-1	GL896262-1		GL896262.1	GL896262.1	NW_003541038.1
susScr3:GL896263-1	GL896263-1		GL896263.1	GL896263.1	NW_003541039.1
susScr3:GL896264-1	GL896264-1		GL896264.1	GL896264.1	NW_003541040.1
susScr3:GL896265-2	GL896265-2		GL896265.2	GL896265.2	NW_003541041.2
susScr3:GL896266-1	GL896266-1		GL896266.1	GL896266.1	NW_003541042.1
susScr3:GL896267-1	GL896267-1		GL896267.1	GL896267.1	NW_003541043.1
susScr3:GL896268-1	GL896268-1		GL896268.1	GL896268.1	NW_003541044.1
susScr3:GL896269-1	GL896269-1		GL896269.1	GL896269.1	NW_003541045.1
susScr3:GL896270-1	GL896270-1		GL896270.1	GL896270.1	NW_003541046.1
susScr3:GL896271-1	GL896271-1		GL896271.1	GL896271.1	NW_003541047.1
susScr3:GL896272-1	GL896272-1		GL896272.1	GL896272.1	NW_003541048.1
susScr3:GL896273-1	GL896273-1		GL896273.1	GL896273.1	NW_003541049.1
susScr3:GL896274-2	GL896274-2		GL896274.2	GL896274.2	NW_003541050.2
susScr3:GL896276-1	GL896276-1		GL896276.1	GL896276.1	NW_003541052.1
susScr3:GL896277-1	GL896277-1		GL896277.1	GL896277.1	NW_003541053.1
susScr3:GL896278-1	GL896278-1		GL896278.1	GL896278.1	NW_003541054.1
susScr3:GL896279-1	GL896279-1		GL896279.1	GL896279.1	NW_003541055.1
susScr3:GL896280-1	GL896280-1		GL896280.1	GL896280.1	NW_003541056.1
susScr3:GL896281-1	GL896281-1		GL896281.1	GL896281.1	NW_003541057.1
susScr3:GL896282-2	GL896282-2		GL896282.2	GL896282.2	NW_003541058.2
susScr3:GL896283-2	GL896283-2		GL896283.2	GL896283.2	NW_003541059.2
susScr3:GL896284-1	GL896284-1		GL896284.1	GL896284.1	NW_003541060.1
susScr3:GL896285-1	GL896285-1		GL896285.1	GL896285.1	NW_003541061.1
susScr3:GL896286-1	GL896286-1		GL896286.1	GL896286.1	NW_003541062.1
susScr3:GL896287-1	GL896287-1		GL896287.1	GL896287.1	NW_003541063.1
susScr3:GL896288-1	GL896288-1		GL896288.1	GL896288.1	NW_003541064.1
susScr3:GL896289-1	GL896289-1		GL896289.1	GL896289.1	NW_003541065.1
susScr3:GL896290-2	GL896290-2		GL896290.2	GL896290.2	NW_003541066.2
susScr3:GL896291-1	GL896291-1		GL896291.1	GL896291.1	NW_003541067.1
susScr3:GL896292-1	GL896292-1		GL896292.1	GL896292.1	NW_003541068.1
susScr3:GL896293-1	GL896293-1		GL896293.1	GL896293.1	NW_003541069.1
susScr3:GL896294-1	GL896294-1		GL896294.1	GL896294.1	NW_003541070.1
susScr3:GL896295-1	GL896295-1		GL896295.1	GL896295.1	NW_003541071.1
susScr3:GL896296-2	GL896296-2		GL896296.2	GL896296.2	NW_003541072.2
susScr3:GL896297-1	GL896297-1		GL896297.1	GL896297.1	NW_003541073.1
susScr3:GL896298-1	GL896298-1		GL896298.1	GL896298.1	NW_003541074.1
susScr3:GL896299-1	GL896299-1		GL896299.1	GL896299.1	NW_003541075.1
susScr3:GL896300-1	GL896300-1		GL896300.1	GL896300.1	NW_003541076.1
susScr3:GL896301-1	GL896301-1		GL896301.1	GL896301.1	NW_003541077.1
susScr3:GL896302-1	GL896302-1		GL896302.1	GL896302.1	NW_003541078.1
susScr3:GL896303-1	GL896303-1		GL896303.1	GL896303.1	NW_003541079.1
susScr3:GL896304-2	GL896304-2		GL896304.2	GL896304.2	NW_003541080.2
susScr3:GL896305-1	GL896305-1		GL896305.1	GL896305.1	NW_003541081.1
susScr3:GL896306-1	GL896306-1		GL896306.1	GL896306.1	NW_003541082.1
susScr3:GL896307-1	GL896307-1		GL896307.1	GL896307.1	NW_003541083.1
susScr3:GL896308-1	GL896308-1		GL896308.1	GL896308.1	NW_003541084.1
susScr3:GL896309-1	GL896309-1		GL896309.1	GL896309.1	NW_003541085.1
susScr3:GL896310-1	GL896310-1		GL896310.1	GL896310.1	NW_003541086.1
susScr3:GL896311-1	GL896311-1		GL896311.1	GL896311.1	NW_003541087.1
susScr3:GL896312-2	GL896312-2		GL896312.2	GL896312.2	NW_003541088.2
susScr3:GL896313-1	GL896313-1		GL896313.1	GL896313.1	NW_003541089.1
susScr3:GL896314-1	GL896314-1		GL896314.1	GL896314.1	NW_003541090.1
susScr3:GL896315-1	GL896315-1		GL896315.1	GL896315.1	NW_003541091.1
susScr3:GL896316-1	GL896316-1		GL896316.1	GL896316.1	NW_003541092.1
susScr3:GL896317-1	GL896317-1		GL896317.1	GL896317.1	NW_003541093.1
susScr3:GL896319-1	GL896319-1		GL896319.1	GL896319.1	NW_003541095.1
susScr3:GL896320-1	GL896320-1		GL896320.1	GL896320.1	NW_003541096.1
susScr3:GL896321-1	GL896321-1		GL896321.1	GL896321.1	NW_003541097.1
susScr3:GL896322-1	GL896322-1		GL896322.1	GL896322.1	NW_003541098.1
susScr3:GL896323-1	GL896323-1		GL896323.1	GL896323.1	NW_003541099.1
susScr3:GL896324-1	GL896324-1		GL896324.1	GL896324.1	NW_003541100.1
susScr3:GL896325-1	GL896325-1		GL896325.1	GL896325.1	NW_003541101.1
susScr3:GL896326-1	GL896326-1		GL896326.1	GL896326.1	NW_003541102.1
susScr3:GL896327-1	GL896327-1		GL896327.1	GL896327.1	NW_003541103.1
susScr3:GL896328-1	GL896328-1		GL896328.1	GL896328.1	NW_003541104.1
susScr3:GL896329-2	GL896329-2		GL896329.2	GL896329.2	NW_003541105.2
susScr3:GL896330-1	GL896330-1		GL896330.1	GL896330.1	NW_003541106.1
susScr3:GL896331-1	GL896331-1		GL896331.1	GL896331.1	NW_003541107.1
susScr3:GL896332-1	GL896332-1		GL896332.1	GL896332.1	NW_003541108.1
susScr3:GL896333-1	GL896333-1		GL896333.1	GL896333.1	NW_003541109.1
susScr3:GL896334-1	GL896334-1		GL896334.1	GL896334.1	NW_003541110.1
susScr3:GL896335-1	GL896335-1		GL896335.1	GL896335.1	NW_003541111.1
susScr3:GL896336-1	GL896336-1		GL896336.1	GL896336.1	NW_003541112.1
susScr3:GL896337-1	GL896337-1		GL896337.1	GL896337.1	NW_003541113.1
susScr3:GL896338-2	GL896338-2		GL896338.2	GL896338.2	NW_003541114.2
susScr3:GL896339-1	GL896339-1		GL896339.1	GL896339.1	NW_003541115.1
susScr3:GL896340-1	GL896340-1		GL896340.1	GL896340.1	NW_003541116.1
susScr3:GL896341-1	GL896341-1		GL896341.1	GL896341.1	NW_003541117.1
susScr3:GL896342-1	GL896342-1		GL896342.1	GL896342.1	NW_003541118.1
susScr3:GL896343-1	GL896343-1		GL896343.1	GL896343.1	NW_003541119.1
susScr3:GL896344-1	GL896344-1		GL896344.1	GL896344.1	NW_003541120.1
susScr3:GL896345-1	GL896345-1		GL896345.1	GL896345.1	NW_003541121.1
susScr3:GL896346-2	GL896346-2		GL896346.2	GL896346.2	NW_003541122.2
susScr3:GL896347-1	GL896347-1		GL896347.1	GL896347.1	NW_003541123.1
susScr3:GL896348-1	GL896348-1		GL896348.1	GL896348.1	NW_003541124.1
susScr3:GL896349-1	GL896349-1		GL896349.1	GL896349.1	NW_003541125.1
susScr3:GL896350-1	GL896350-1		GL896350.1	GL896350.1	NW_003541126.1
susScr3:GL896351-1	GL896351-1		GL896351.1	GL896351.1	NW_003541127.1
susScr3:GL896352-1	GL896352-1		GL896352.1	GL896352.1	NW_003541128.1
susScr3:GL896353-1	GL896353-1		GL896353.1	GL896353.1	NW_003541129.1
susScr3:GL896354-1	GL896354-1		GL896354.1	GL896354.1	NW_003541130.1
susScr3:GL896355-1	GL896355-1		GL896355.1	GL896355.1	NW_003541131.1
susScr3:GL896356-1	GL896356-1		GL896356.1	GL896356.1	NW_003541132.1
susScr3:GL896357-1	GL896357-1		GL896357.1	GL896357.1	NW_003541133.1
susScr3:GL896358-1	GL896358-1		GL896358.1	GL896358.1	NW_003541134.1
susScr3:GL896359-1	GL896359-1		GL896359.1	GL896359.1	NW_003541135.1
susScr3:GL896361-1	GL896361-1		GL896361.1	GL896361.1	NW_003541137.1
susScr3:GL896362-1	GL896362-1		GL896362.1	GL896362.1	NW_003541138.1
susScr3:GL896363-1	GL896363-1		GL896363.1	GL896363.1	NW_003541139.1
susScr3:GL896364-1	GL896364-1		GL896364.1	GL896364.1	NW_003541140.1
susScr3:GL896365-1	GL896365-1		GL896365.1	GL896365.1	NW_003541141.1
susScr3:GL896366-1	GL896366-1		GL896366.1	GL896366.1	NW_003541142.1
susScr3:GL896367-1	GL896367-1		GL896367.1	GL896367.1	NW_003541143.1
susScr3:GL896368-1	GL896368-1		GL896368.1	GL896368.1	NW_003541144.1
susScr3:GL896369-1	GL896369-1		GL896369.1	GL896369.1	NW_003541145.1
susScr3:GL896370-1	GL896370-1		GL896370.1	GL896370.1	NW_003541146.1
susScr3:GL896371-1	GL896371-1		GL896371.1	GL896371.1	NW_003541147.1
susScr3:GL896372-1	GL896372-1		GL896372.1	GL896372.1	NW_003541148.1
susScr3:GL896373-1	GL896373-1		GL896373.1	GL896373.1	NW_003541149.1
susScr3:GL896374-1	GL896374-1		GL896374.1	GL896374.1	NW_003541150.1
susScr3:GL896375-1	GL896375-1		GL896375.1	GL896375.1	NW_003541151.1
susScr3:GL896376-1	GL896376-1		GL896376.1	GL896376.1	NW_003541152.1
susScr3:GL896377-1	GL896377-1		GL896377.1	GL896377.1	NW_003541153.1
susScr3:GL896378-1	GL896378-1		GL896378.1	GL896378.1	NW_003541154.1
susScr3:GL896379-1	GL896379-1		GL896379.1	GL896379.1	NW_003541155.1
susScr3:GL896380-1	GL896380-1		GL896380.1	GL896380.1	NW_003541156.1
susScr3:GL896381-1	GL896381-1		GL896381.1	GL896381.1	NW_003541157.1
susScr3:GL896382-1	GL896382-1		GL896382.1	GL896382.1	NW_003541158.1
susScr3:GL896383-1	GL896383-1		GL896383.1	GL896383.1	NW_003541159.1
susScr3:GL896384-1	GL896384-1		GL896384.1	GL896384.1	NW_003541160.1
susScr3:GL896385-1	GL896385-1		GL896385.1	GL896385.1	NW_003541161.1
susScr3:GL896386-1	GL896386-1		GL896386.1	GL896386.1	NW_003541162.1
susScr3:GL896387-1	GL896387-1		GL896387.1	GL896387.1	NW_003541163.1
susScr3:GL896388-1	GL896388-1		GL896388.1	GL896388.1	NW_003541164.1
susScr3:GL896389-1	GL896389-1		GL896389.1	GL896389.1	NW_003541165.1
susScr3:GL896390-1	GL896390-1		GL896390.1	GL896390.1	NW_003541166.1
susScr3:GL896391-1	GL896391-1		GL896391.1	GL896391.1	NW_003541167.1
susScr3:GL896392-1	GL896392-1		GL896392.1	GL896392.1	NW_003541168.1
susScr3:GL896393-1	GL896393-1		GL896393.1	GL896393.1	NW_003541169.1
susScr3:GL896394-2	GL896394-2		GL896394.2	GL896394.2	NW_003541170.2
susScr3:GL896395-1	GL896395-1		GL896395.1	GL896395.1	NW_003541171.1
susScr3:GL896396-1	GL896396-1		GL896396.1	GL896396.1	NW_003541172.1
susScr3:GL896397-2	GL896397-2		GL896397.2	GL896397.2	NW_003541173.2
susScr3:GL896398-1	GL896398-1		GL896398.1	GL896398.1	NW_003541174.1
susScr3:GL896399-1	GL896399-1		GL896399.1	GL896399.1	NW_003541175.1
susScr3:GL896400-1	GL896400-1		GL896400.1	GL896400.1	NW_003541176.1
susScr3:GL896401-1	GL896401-1		GL896401.1	GL896401.1	NW_003541177.1
susScr3:GL896402-1	GL896402-1		GL896402.1	GL896402.1	NW_003541178.1
susScr3:GL896403-2	GL896403-2		GL896403.2	GL896403.2	NW_003541179.2
susScr3:GL896404-1	GL896404-1		GL896404.1	GL896404.1	NW_003541180.1
susScr3:GL896405-1	GL896405-1		GL896405.1	GL896405.1	NW_003541181.1
susScr3:GL896406-1	GL896406-1		GL896406.1	GL896406.1	NW_003541182.1
susScr3:GL896407-1	GL896407-1		GL896407.1	GL896407.1	NW_003541183.1
susScr3:GL896408-1	GL896408-1		GL896408.1	GL896408.1	NW_003541184.1
susScr3:GL896409-1	GL896409-1		GL896409.1	GL896409.1	NW_003541185.1
susScr3:GL896411-2	GL896411-2		GL896411.2	GL896411.2	NW_003541187.2
susScr3:GL896412-1	GL896412-1		GL896412.1	GL896412.1	NW_003541188.1
susScr3:GL896413-1	GL896413-1		GL896413.1	GL896413.1	NW_003541189.1
susScr3:GL896414-1	GL896414-1		GL896414.1	GL896414.1	NW_003541190.1
susScr3:GL896415-1	GL896415-1		GL896415.1	GL896415.1	NW_003541191.1
susScr3:GL896416-1	GL896416-1		GL896416.1	GL896416.1	NW_003541192.1
susScr3:GL896417-1	GL896417-1		GL896417.1	GL896417.1	NW_003541193.1
susScr3:GL896418-1	GL896418-1		GL896418.1	GL896418.1	NW_003541194.1
susScr3:GL896419-1	GL896419-1		GL896419.1	GL896419.1	NW_003541195.1
susScr3:GL896420-2	GL896420-2		GL896420.2	GL896420.2	NW_003541196.2
susScr3:GL896421-1	GL896421-1		GL896421.1	GL896421.1	NW_003541197.1
susScr3:GL896422-1	GL896422-1		GL896422.1	GL896422.1	NW_003541198.1
susScr3:GL896423-1	GL896423-1		GL896423.1	GL896423.1	NW_003541199.1
susScr3:GL896424-1	GL896424-1		GL896424.1	GL896424.1	NW_003541200.1
susScr3:GL896425-1	GL896425-1		GL896425.1	GL896425.1	NW_003541201.1
susScr3:GL896426-1	GL896426-1		GL896426.1	GL896426.1	NW_003541202.1
susScr3:GL896427-1	GL896427-1		GL896427.1	GL896427.1	NW_003541203.1
susScr3:GL896428-1	GL896428-1		GL896428.1	GL896428.1	NW_003541204.1
susScr3:GL896429-2	GL896429-2		GL896429.2	GL896429.2	NW_003541205.2
susScr3:GL896430-1	GL896430-1		GL896430.1	GL896430.1	NW_003541206.1
susScr3:GL896431-1	GL896431-1		GL896431.1	GL896431.1	NW_003541207.1
susScr3:GL896432-1	GL896432-1		GL896432.1	GL896432.1	NW_003541208.1
susScr3:GL896433-1	GL896433-1		GL896433.1	GL896433.1	NW_003541209.1
susScr3:GL896434-2	GL896434-2		GL896434.2	GL896434.2	NW_003541210.2
susScr3:GL896435-1	GL896435-1		GL896435.1	GL896435.1	NW_003541211.1
susScr3:GL896436-1	GL896436-1		GL896436.1	GL896436.1	NW_003541212.1
susScr3:GL896437-1	GL896437-1		GL896437.1	GL896437.1	NW_003541213.1
susScr3:GL896438-1	GL896438-1		GL896438.1	GL896438.1	NW_003541214.1
susScr3:GL896439-1	GL896439-1		GL896439.1	GL896439.1	NW_003541215.1
susScr3:GL896440-1	GL896440-1		GL896440.1	GL896440.1	NW_003541216.1
susScr3:GL896441-1	GL896441-1		GL896441.1	GL896441.1	NW_003541217.1
susScr3:GL896442-1	GL896442-1		GL896442.1	GL896442.1	NW_003541218.1
susScr3:GL896443-1	GL896443-1		GL896443.1	GL896443.1	NW_003541219.1
susScr3:GL896444-1	GL896444-1		GL896444.1	GL896444.1	NW_003541220.1
susScr3:GL896445-1	GL896445-1		GL896445.1	GL896445.1	NW_003541221.1
susScr3:GL896446-1	GL896446-1		GL896446.1	GL896446.1	NW_003541222.1
susScr3:GL896447-1	GL896447-1		GL896447.1	GL896447.1	NW_003541223.1
susScr3:GL896448-1	GL896448-1		GL896448.1	GL896448.1	NW_003541224.1
susScr3:GL896449-1	GL896449-1		GL896449.1	GL896449.1	NW_003541225.1
susScr3:GL896450-1	GL896450-1		GL896450.1	GL896450.1	NW_003541226.1
susScr3:GL896451-1	GL896451-1		GL896451.1	GL896451.1	NW_003541227.1
susScr3:GL896452-1	GL896452-1		GL896452.1	GL896452.1	NW_003541228.1
susScr3:GL896453-1	GL896453-1		GL896453.1	GL896453.1	NW_003541229.1
susScr3:GL896454-1	GL896454-1		GL896454.1	GL896454.1	NW_003541230.1
susScr3:GL896455-1	GL896455-1		GL896455.1	GL896455.1	NW_003541231.1
susScr3:GL896456-1	GL896456-1		GL896456.1	GL896456.1	NW_003541232.1
susScr3:GL896457-1	GL896457-1		GL896457.1	GL896457.1	NW_003541233.1
susScr3:GL896458-1	GL896458-1		GL896458.1	GL896458.1	NW_003541234.1
susScr3:GL896459-1	GL896459-1		GL896459.1	GL896459.1	NW_003541235.1
susScr3:GL896460-1	GL896460-1		GL896460.1	GL896460.1	NW_003541236.1
susScr3:GL896461-1	GL896461-1		GL896461.1	GL896461.1	NW_003541237.1
susScr3:GL896462-1	GL896462-1		GL896462.1	GL896462.1	NW_003541238.1
susScr3:GL896463-1	GL896463-1		GL896463.1	GL896463.1	NW_003541239.1
susScr3:GL896464-1	GL896464-1		GL896464.1	GL896464.1	NW_003541240.1
susScr3:GL896465-1	GL896465-1		GL896465.1	GL896465.1	NW_003541241.1
susScr3:GL896466-1	GL896466-1		GL896466.1	GL896466.1	NW_003541242.1
susScr3:GL896467-1	GL896467-1		GL896467.1	GL896467.1	NW_003541243.1
susScr3:GL896468-1	GL896468-1		GL896468.1	GL896468.1	NW_003541244.1
susScr3:GL896469-1	GL896469-1		GL896469.1	GL896469.1	NW_003541245.1
susScr3:GL896470-2	GL896470-2		GL896470.2	GL896470.2	NW_003541246.2
susScr3:GL896471-1	GL896471-1		GL896471.1	GL896471.1	NW_003541247.1
susScr3:GL896472-1	GL896472-1		GL896472.1	GL896472.1	NW_003541248.1
susScr3:GL896473-1	GL896473-1		GL896473.1	GL896473.1	NW_003541249.1
susScr3:GL896474-1	GL896474-1		GL896474.1	GL896474.1	NW_003541250.1
susScr3:GL896475-1	GL896475-1		GL896475.1	GL896475.1	NW_003541251.1
susScr3:GL896476-1	GL896476-1		GL896476.1	GL896476.1	NW_003541252.1
susScr3:GL896477-1	GL896477-1		GL896477.1	GL896477.1	NW_003541253.1
susScr3:GL896478-1	GL896478-1		GL896478.1	GL896478.1	NW_003541254.1
susScr3:GL896479-1	GL896479-1		GL896479.1	GL896479.1	NW_003541255.1
susScr3:GL896480-1	GL896480-1		GL896480.1	GL896480.1	NW_003541256.1
susScr3:GL896481-1	GL896481-1		GL896481.1	GL896481.1	NW_003541257.1
susScr3:GL896483-1	GL896483-1		GL896483.1	GL896483.1	NW_003541259.1
susScr3:GL896484-1	GL896484-1		GL896484.1	GL896484.1	NW_003541260.1
susScr3:GL896485-1	GL896485-1		GL896485.1	GL896485.1	NW_003541261.1
susScr3:GL896486-1	GL896486-1		GL896486.1	GL896486.1	NW_003541262.1
susScr3:GL896487-1	GL896487-1		GL896487.1	GL896487.1	NW_003541263.1
susScr3:GL896488-1	GL896488-1		GL896488.1	GL896488.1	NW_003541264.1
susScr3:GL896489-1	GL896489-1		GL896489.1	GL896489.1	NW_003541265.1
susScr3:GL896490-1	GL896490-1		GL896490.1	GL896490.1	NW_003541266.1
susScr3:GL896491-1	GL896491-1		GL896491.1	GL896491.1	NW_003541267.1
susScr3:GL896492-1	GL896492-1		GL896492.1	GL896492.1	NW_003541268.1
susScr3:GL896493-1	GL896493-1		GL896493.1	GL896493.1	NW_003541269.1
susScr3:GL896494-1	GL896494-1		GL896494.1	GL896494.1	NW_003541270.1
susScr3:GL896495-1	GL896495-1		GL896495.1	GL896495.1	NW_003541271.1
susScr3:GL896496-1	GL896496-1		GL896496.1	GL896496.1	NW_003541272.1
susScr3:GL896497-2	GL896497-2		GL896497.2	GL896497.2	NW_003541273.2
susScr3:GL896498-1	GL896498-1		GL896498.1	GL896498.1	NW_003541274.1
susScr3:GL896499-1	GL896499-1		GL896499.1	GL896499.1	NW_003541275.1
susScr3:GL896500-1	GL896500-1		GL896500.1	GL896500.1	NW_003541276.1
susScr3:GL896501-1	GL896501-1		GL896501.1	GL896501.1	NW_003541277.1
susScr3:GL896502-1	GL896502-1		GL896502.1	GL896502.1	NW_003541278.1
susScr3:GL896503-1	GL896503-1		GL896503.1	GL896503.1	NW_003541279.1
susScr3:GL896504-1	GL896504-1		GL896504.1	GL896504.1	NW_003541280.1
susScr3:GL896505-1	GL896505-1		GL896505.1	GL896505.1	NW_003541281.1
susScr3:GL896506-1	GL896506-1		GL896506.1	GL896506.1	NW_003541282.1
susScr3:GL896507-1	GL896507-1		GL896507.1	GL896507.1	NW_003541283.1
susScr3:GL896508-1	GL896508-1		GL896508.1	GL896508.1	NW_003541284.1
susScr3:GL896509-1	GL896509-1		GL896509.1	GL896509.1	NW_003541285.1
susScr3:GL896510-1	GL896510-1		GL896510.1	GL896510.1	NW_003541286.1
susScr3:GL896511-1	GL896511-1		GL896511.1	GL896511.1	NW_003541287.1
susScr3:GL896512-1	GL896512-1		GL896512.1	GL896512.1	NW_003541288.1
susScr3:GL896513-1	GL896513-1		GL896513.1	GL896513.1	NW_003541289.1
susScr3:GL896514-1	GL896514-1		GL896514.1	GL896514.1	NW_003541290.1
susScr3:GL896515-1	GL896515-1		GL896515.1	GL896515.1	NW_003541291.1
susScr3:GL896516-1	GL896516-1		GL896516.1	GL896516.1	NW_003541292.1
susScr3:GL896517-1	GL896517-1		GL896517.1	GL896517.1	NW_003541293.1
susScr3:GL896518-1	GL896518-1		GL896518.1	GL896518.1	NW_003541294.1
susScr3:GL896519-1	GL896519-1		GL896519.1	GL896519.1	NW_003541295.1
susScr3:GL896520-1	GL896520-1		GL896520.1	GL896520.1	NW_003541296.1
susScr3:GL896521-1	GL896521-1		GL896521.1	GL896521.1	NW_003541297.1
susScr3:GL896522-1	GL896522-1		GL896522.1	GL896522.1	NW_003541298.1
susScr3:GL896523-1	GL896523-1		GL896523.1	GL896523.1	NW_003541299.1
susScr3:GL896524-1	GL896524-1		GL896524.1	GL896524.1	NW_003541300.1
susScr3:GL896525-2	GL896525-2		GL896525.2	GL896525.2	NW_003541301.2
susScr3:GL896526-1	GL896526-1		GL896526.1	GL896526.1	NW_003541302.1
susScr3:GL896527-1	GL896527-1		GL896527.1	GL896527.1	NW_003541303.1
susScr3:GL896528-1	GL896528-1		GL896528.1	GL896528.1	NW_003541304.1
susScr3:GL896529-1	GL896529-1		GL896529.1	GL896529.1	NW_003541305.1
susScr3:GL896530-1	GL896530-1		GL896530.1	GL896530.1	NW_003541306.1
susScr3:GL896531-2	GL896531-2		GL896531.2	GL896531.2	NW_003541307.2
susScr3:GL896532-1	GL896532-1		GL896532.1	GL896532.1	NW_003541308.1
susScr3:GL896533-1	GL896533-1		GL896533.1	GL896533.1	NW_003541309.1
susScr3:GL896534-1	GL896534-1		GL896534.1	GL896534.1	NW_003541310.1
susScr3:GL896535-1	GL896535-1		GL896535.1	GL896535.1	NW_003541311.1
susScr3:GL896536-1	GL896536-1		GL896536.1	GL896536.1	NW_003541312.1
susScr3:GL896537-1	GL896537-1		GL896537.1	GL896537.1	NW_003541313.1
susScr3:GL896538-1	GL896538-1		GL896538.1	GL896538.1	NW_003541314.1
susScr3:GL896539-1	GL896539-1		GL896539.1	GL896539.1	NW_003541315.1
susScr3:GL896540-1	GL896540-1		GL896540.1	GL896540.1	NW_003541316.1
susScr3:GL896541-1	GL896541-1		GL896541.1	GL896541.1	NW_003541317.1
susScr3:GL896542-1	GL896542-1		GL896542.1	GL896542.1	NW_003541318.1
susScr3:GL896543-1	GL896543-1		GL896543.1	GL896543.1	NW_003541319.1
susScr3:GL896544-1	GL896544-1		GL896544.1	GL896544.1	NW_003541320.1
susScr3:GL896545-1	GL896545-1		GL896545.1	GL896545.1	NW_003541321.1
susScr3:GL896546-1	GL896546-1		GL896546.1	GL896546.1	NW_003541322.1
susScr3:GL896547-1	GL896547-1		GL896547.1	GL896547.1	NW_003541323.1
susScr3:GL896548-1	GL896548-1		GL896548.1	GL896548.1	NW_003541324.1
susScr3:GL896549-1	GL896549-1		GL896549.1	GL896549.1	NW_003541325.1
susScr3:GL896550-1	GL896550-1		GL896550.1	GL896550.1	NW_003541326.1
susScr3:GL896551-1	GL896551-1		GL896551.1	GL896551.1	NW_003541327.1
susScr3:GL896552-1	GL896552-1		GL896552.1	GL896552.1	NW_003541328.1
susScr3:GL896553-1	GL896553-1		GL896553.1	GL896553.1	NW_003541329.1
susScr3:GL896554-1	GL896554-1		GL896554.1	GL896554.1	NW_003541330.1
susScr3:GL896555-1	GL896555-1		GL896555.1	GL896555.1	NW_003541331.1
susScr3:GL896556-1	GL896556-1		GL896556.1	GL896556.1	NW_003541332.1
susScr3:GL896557-1	GL896557-1		GL896557.1	GL896557.1	NW_003541333.1
susScr3:GL896558-1	GL896558-1		GL896558.1	GL896558.1	NW_003541334.1
susScr3:GL896559-1	GL896559-1		GL896559.1	GL896559.1	NW_003541335.1
susScr3:GL896560-1	GL896560-1		GL896560.1	GL896560.1	NW_003541336.1
susScr3:GL896561-1	GL896561-1		GL896561.1	GL896561.1	NW_003541337.1
susScr3:GL896562-1	GL896562-1		GL896562.1	GL896562.1	NW_003541338.1
susScr3:GL896563-1	GL896563-1		GL896563.1	GL896563.1	NW_003541339.1
susScr3:GL896564-1	GL896564-1		GL896564.1	GL896564.1	NW_003541340.1
susScr3:GL896565-1	GL896565-1		GL896565.1	GL896565.1	NW_003541341.1
susScr3:GL896566-1	GL896566-1		GL896566.1	GL896566.1	NW_003541342.1
susScr3:GL896567-1	GL896567-1		GL896567.1	GL896567.1	NW_003541343.1
susScr3:GL896568-1	GL896568-1		GL896568.1	GL896568.1	NW_003541344.1
susScr3:GL896569-1	GL896569-1		GL896569.1	GL896569.1	NW_003541345.1
susScr3:GL896570-1	GL896570-1		GL896570.1	GL896570.1	NW_003541346.1
susScr3:GL896571-2	GL896571-2		GL896571.2	GL896571.2	NW_003541347.2
susScr3:GL896572-1	GL896572-1		GL896572.1	GL896572.1	NW_003541348.1
susScr3:GL896573-1	GL896573-1		GL896573.1	GL896573.1	NW_003541349.1
susScr3:GL896574-1	GL896574-1		GL896574.1	GL896574.1	NW_003541350.1
susScr3:GL896575-1	GL896575-1		GL896575.1	GL896575.1	NW_003541351.1
susScr3:GL896576-1	GL896576-1		GL896576.1	GL896576.1	NW_003541352.1
susScr3:GL896577-1	GL896577-1		GL896577.1	GL896577.1	NW_003541353.1
susScr3:GL896578-1	GL896578-1		GL896578.1	GL896578.1	NW_003541354.1
susScr3:GL896579-1	GL896579-1		GL896579.1	GL896579.1	NW_003541355.1
susScr3:GL896580-1	GL896580-1		GL896580.1	GL896580.1	NW_003541356.1
susScr3:GL896581-1	GL896581-1		GL896581.1	GL896581.1	NW_003541357.1
susScr3:GL896582-1	GL896582-1		GL896582.1	GL896582.1	NW_003541358.1
susScr3:GL896583-1	GL896583-1		GL896583.1	GL896583.1	NW_003541359.1
susScr3:GL896584-1	GL896584-1		GL896584.1	GL896584.1	NW_003541360.1
susScr3:GL896585-1	GL896585-1		GL896585.1	GL896585.1	NW_003541361.1
susScr3:GL896586-1	GL896586-1		GL896586.1	GL896586.1	NW_003541362.1
susScr3:GL896587-1	GL896587-1		GL896587.1	GL896587.1	NW_003541363.1
susScr3:GL896588-1	GL896588-1		GL896588.1	GL896588.1	NW_003541364.1
susScr3:GL896589-1	GL896589-1		GL896589.1	GL896589.1	NW_003541365.1
susScr3:GL896590-1	GL896590-1		GL896590.1	GL896590.1	NW_003541366.1
susScr3:GL896591-1	GL896591-1		GL896591.1	GL896591.1	NW_003541367.1
susScr3:GL896592-1	GL896592-1		GL896592.1	GL896592.1	NW_003541368.1
susScr3:GL896593-1	GL896593-1		GL896593.1	GL896593.1	NW_003541369.1
susScr3:GL896594-1	GL896594-1		GL896594.1	GL896594.1	NW_003541370.1
susScr3:GL896595-1	GL896595-1		GL896595.1	GL896595.1	NW_003541371.1
susScr3:GL896597-1	GL896597-1		GL896597.1	GL896597.1	NW_003541373.1
susScr3:GL896598-1	GL896598-1		GL896598.1	GL896598.1	NW_003541374.1
susScr3:GL896599-1	GL896599-1		GL896599.1	GL896599.1	NW_003541375.1
susScr3:GL896600-1	GL896600-1		GL896600.1	GL896600.1	NW_003541376.1
susScr3:GL896601-1	GL896601-1		GL896601.1	GL896601.1	NW_003541377.1
susScr3:GL896602-1	GL896602-1		GL896602.1	GL896602.1	NW_003541378.1
susScr3:GL896603-1	GL896603-1		GL896603.1	GL896603.1	NW_003541379.1
susScr3:GL896604-1	GL896604-1		GL896604.1	GL896604.1	NW_003541380.1
susScr3:GL896605-1	GL896605-1		GL896605.1	GL896605.1	NW_003541381.1
susScr3:GL896606-1	GL896606-1		GL896606.1	GL896606.1	NW_003541382.1
susScr3:GL896607-1	GL896607-1		GL896607.1	GL896607.1	NW_003541383.1
susScr3:GL896608-1	GL896608-1		GL896608.1	GL896608.1	NW_003541384.1
susScr3:GL896609-1	GL896609-1		GL896609.1	GL896609.1	NW_003541385.1
susScr3:GL896610-1	GL896610-1		GL896610.1	GL896610.1	NW_003541386.1
susScr3:GL896611-1	GL896611-1		GL896611.1	GL896611.1	NW_003541387.1
susScr3:GL896612-1	GL896612-1		GL896612.1	GL896612.1	NW_003541388.1
susScr3:GL896613-1	GL896613-1		GL896613.1	GL896613.1	NW_003541389.1
susScr3:GL896614-1	GL896614-1		GL896614.1	GL896614.1	NW_003541390.1
susScr3:GL896615-1	GL896615-1		GL896615.1	GL896615.1	NW_003541391.1
susScr3:GL896616-1	GL896616-1		GL896616.1	GL896616.1	NW_003541392.1
susScr3:GL896617-1	GL896617-1		GL896617.1	GL896617.1	NW_003541393.1
susScr3:GL896618-1	GL896618-1		GL896618.1	GL896618.1	NW_003541394.1
susScr3:GL896619-1	GL896619-1		GL896619.1	GL896619.1	NW_003541395.1
susScr3:GL896620-1	GL896620-1		GL896620.1	GL896620.1	NW_003541396.1
susScr3:GL896621-1	GL896621-1		GL896621.1	GL896621.1	NW_003541397.1
susScr3:GL896622-1	GL896622-1		GL896622.1	GL896622.1	NW_003541398.1
susScr3:GL896623-1	GL896623-1		GL896623.1	GL896623.1	NW_003541399.1
susScr3:GL896624-1	GL896624-1		GL896624.1	GL896624.1	NW_003541400.1
susScr3:GL896625-1	GL896625-1		GL896625.1	GL896625.1	NW_003541401.1
susScr3:GL896626-1	GL896626-1		GL896626.1	GL896626.1	NW_003541402.1
susScr3:GL896627-1	GL896627-1		GL896627.1	GL896627.1	NW_003541403.1
susScr3:GL896628-1	GL896628-1		GL896628.1	GL896628.1	NW_003541404.1
susScr3:GL896629-1	GL896629-1		GL896629.1	GL896629.1	NW_003541405.1
susScr3:GL896630-1	GL896630-1		GL896630.1	GL896630.1	NW_003541406.1
susScr3:GL896631-1	GL896631-1		GL896631.1	GL896631.1	NW_003541407.1
susScr3:GL896632-1	GL896632-1		GL896632.1	GL896632.1	NW_003541408.1
susScr3:GL896633-1	GL896633-1		GL896633.1	GL896633.1	NW_003541409.1
susScr3:GL896634-1	GL896634-1		GL896634.1	GL896634.1	NW_003541410.1
susScr3:GL896635-1	GL896635-1		GL896635.1	GL896635.1	NW_003541411.1
susScr3:GL896636-1	GL896636-1		GL896636.1	GL896636.1	NW_003541412.1
susScr3:GL896637-1	GL896637-1		GL896637.1	GL896637.1	NW_003541413.1
susScr3:GL896638-1	GL896638-1		GL896638.1	GL896638.1	NW_003541414.1
susScr3:GL896639-1	GL896639-1		GL896639.1	GL896639.1	NW_003541415.1
susScr3:GL896640-1	GL896640-1		GL896640.1	GL896640.1	NW_003541416.1
susScr3:GL896641-1	GL896641-1		GL896641.1	GL896641.1	NW_003541417.1
susScr3:GL896643-1	GL896643-1		GL896643.1	GL896643.1	NW_003541419.1
susScr3:GL896644-1	GL896644-1		GL896644.1	GL896644.1	NW_003541420.1
susScr3:GL896645-1	GL896645-1		GL896645.1	GL896645.1	NW_003541421.1
susScr3:GL896646-1	GL896646-1		GL896646.1	GL896646.1	NW_003541422.1
susScr3:GL896647-1	GL896647-1		GL896647.1	GL896647.1	NW_003541423.1
susScr3:GL896648-1	GL896648-1		GL896648.1	GL896648.1	NW_003541424.1
susScr3:GL896649-1	GL896649-1		GL896649.1	GL896649.1	NW_003541425.1
susScr3:GL896650-1	GL896650-1		GL896650.1	GL896650.1	NW_003541426.1
susScr3:GL896651-1	GL896651-1		GL896651.1	GL896651.1	NW_003541427.1
susScr3:GL896652-1	GL896652-1		GL896652.1	GL896652.1	NW_003541428.1
susScr3:GL896653-1	GL896653-1		GL896653.1	GL896653.1	NW_003541429.1
susScr3:GL896654-1	GL896654-1		GL896654.1	GL896654.1	NW_003541430.1
susScr3:GL896655-1	GL896655-1		GL896655.1	GL896655.1	NW_003541431.1
susScr3:GL896656-1	GL896656-1		GL896656.1	GL896656.1	NW_003541432.1
susScr3:GL896657-1	GL896657-1		GL896657.1	GL896657.1	NW_003541433.1
susScr3:GL896658-1	GL896658-1		GL896658.1	GL896658.1	NW_003541434.1
susScr3:GL896659-1	GL896659-1		GL896659.1	GL896659.1	NW_003541435.1
susScr3:GL896660-1	GL896660-1		GL896660.1	GL896660.1	NW_003541436.1
susScr3:GL896661-1	GL896661-1		GL896661.1	GL896661.1	NW_003541437.1
susScr3:GL896662-1	GL896662-1		GL896662.1	GL896662.1	NW_003541438.1
susScr3:GL896663-1	GL896663-1		GL896663.1	GL896663.1	NW_003541439.1
susScr3:GL896664-1	GL896664-1		GL896664.1	GL896664.1	NW_003541440.1
susScr3:GL896665-1	GL896665-1		GL896665.1	GL896665.1	NW_003541441.1
susScr3:GL896667-1	GL896667-1		GL896667.1	GL896667.1	NW_003541443.1
susScr3:GL896668-1	GL896668-1		GL896668.1	GL896668.1	NW_003541444.1
susScr3:GL896669-1	GL896669-1		GL896669.1	GL896669.1	NW_003541445.1
susScr3:GL896670-1	GL896670-1		GL896670.1	GL896670.1	NW_003541446.1
susScr3:GL896671-1	GL896671-1		GL896671.1	GL896671.1	NW_003541447.1
susScr3:GL896672-1	GL896672-1		GL896672.1	GL896672.1	NW_003541448.1
susScr3:GL896673-1	GL896673-1		GL896673.1	GL896673.1	NW_003541449.1
susScr3:GL896674-1	GL896674-1		GL896674.1	GL896674.1	NW_003541450.1
susScr3:GL896675-1	GL896675-1		GL896675.1	GL896675.1	NW_003541451.1
susScr3:GL896676-1	GL896676-1		GL896676.1	GL896676.1	NW_003541452.1
susScr3:GL896677-1	GL896677-1		GL896677.1	GL896677.1	NW_003541453.1
susScr3:GL896679-1	GL896679-1		GL896679.1	GL896679.1	NW_003541455.1
susScr3:GL896680-1	GL896680-1		GL896680.1	GL896680.1	NW_003541456.1
susScr3:GL896681-1	GL896681-1		GL896681.1	GL896681.1	NW_003541457.1
susScr3:GL896682-1	GL896682-1		GL896682.1	GL896682.1	NW_003541458.1
susScr3:JH118403-1	JH118403-1		JH118403.1	JH118403.1	NW_003612982.1
susScr3:JH118404-1	JH118404-1		JH118404.1	JH118404.1	NW_003612983.1
susScr3:JH118405-1	JH118405-1		JH118405.1	JH118405.1	NW_003612984.1
susScr3:JH118406-1	JH118406-1		JH118406.1	JH118406.1	NW_003612985.1
susScr3:JH118407-1	JH118407-1		JH118407.1	JH118407.1	NW_003612986.1
susScr3:JH118408-1	JH118408-1		JH118408.1	JH118408.1	NW_003612987.1
susScr3:JH118409-1	JH118409-1		JH118409.1	JH118409.1	NW_003612988.1
susScr3:JH118410-1	JH118410-1		JH118410.1	JH118410.1	NW_003612989.1
susScr3:JH118411-1	JH118411-1		JH118411.1	JH118411.1	NW_003612990.1
susScr3:JH118412-1	JH118412-1		JH118412.1	JH118412.1	NW_003612991.1
susScr3:JH118413-1	JH118413-1		JH118413.1	JH118413.1	NW_003612992.1
susScr3:JH118414-1	JH118414-1		JH118414.1	JH118414.1	NW_003612993.1
susScr3:JH118415-1	JH118415-1		JH118415.1	JH118415.1	NW_003612994.1
susScr3:JH118416-1	JH118416-1		JH118416.1	JH118416.1	NW_003612995.1
susScr3:JH118417-1	JH118417-1		JH118417.1	JH118417.1	NW_003612996.1
susScr3:JH118418-1	JH118418-1		JH118418.1	JH118418.1	NW_003612997.1
susScr3:JH118419-1	JH118419-1		JH118419.1	JH118419.1	NW_003612998.1
susScr3:JH118420-1	JH118420-1		JH118420.1	JH118420.1	NW_003612999.1
susScr3:JH118421-1	JH118421-1		JH118421.1	JH118421.1	NW_003613000.1
susScr3:JH118422-1	JH118422-1		JH118422.1	JH118422.1	NW_003613001.1
susScr3:JH118423-1	JH118423-1		JH118423.1	JH118423.1	NW_003613002.1
susScr3:JH118424-1	JH118424-1		JH118424.1	JH118424.1	NW_003613003.1
susScr3:JH118425-1	JH118425-1		JH118425.1	JH118425.1	NW_003613004.1
susScr3:JH118426-1	JH118426-1		JH118426.1	JH118426.1	NW_003613005.1
susScr3:JH118427-1	JH118427-1		JH118427.1	JH118427.1	NW_003613006.1
susScr3:JH118428-1	JH118428-1		JH118428.1	JH118428.1	NW_003613007.1
susScr3:JH118429-1	JH118429-1		JH118429.1	JH118429.1	NW_003613008.1
susScr3:JH118430-1	JH118430-1		JH118430.1	JH118430.1	NW_003613009.1
susScr3:JH118431-1	JH118431-1		JH118431.1	JH118431.1	NW_003613010.1
susScr3:JH118432-1	JH118432-1		JH118432.1	JH118432.1	NW_003613011.1
susScr3:JH118433-1	JH118433-1		JH118433.1	JH118433.1	NW_003613012.1
susScr3:JH118434-1	JH118434-1		JH118434.1	JH118434.1	NW_003613013.1
susScr3:JH118435-1	JH118435-1		JH118435.1	JH118435.1	NW_003613014.1
susScr3:JH118436-1	JH118436-1		JH118436.1	JH118436.1	NW_003613015.1
susScr3:JH118437-1	JH118437-1		JH118437.1	JH118437.1	NW_003613016.1
susScr3:JH118438-1	JH118438-1		JH118438.1	JH118438.1	NW_003613017.1
susScr3:JH118439-1	JH118439-1		JH118439.1	JH118439.1	NW_003613018.1
susScr3:JH118440-1	JH118440-1		JH118440.1	JH118440.1	NW_003613019.1
susScr3:JH118441-1	JH118441-1		JH118441.1	JH118441.1	NW_003613020.1
susScr3:JH118442-1	JH118442-1		JH118442.1	JH118442.1	NW_003613021.1
susScr3:JH118443-1	JH118443-1		JH118443.1	JH118443.1	NW_003613022.1
susScr3:JH118444-1	JH118444-1		JH118444.1	JH118444.1	NW_003613023.1
susScr3:JH118445-1	JH118445-1		JH118445.1	JH118445.1	NW_003613024.1
susScr3:JH118446-1	JH118446-1		JH118446.1	JH118446.1	NW_003613025.1
susScr3:JH118447-1	JH118447-1		JH118447.1	JH118447.1	NW_003613026.1
susScr3:JH118448-1	JH118448-1		JH118448.1	JH118448.1	NW_003613027.1
susScr3:JH118449-1	JH118449-1		JH118449.1	JH118449.1	NW_003613028.1
susScr3:JH118450-1	JH118450-1		JH118450.1	JH118450.1	NW_003613029.1
susScr3:JH118451-1	JH118451-1		JH118451.1	JH118451.1	NW_003613030.1
susScr3:JH118452-1	JH118452-1		JH118452.1	JH118452.1	NW_003613031.1
susScr3:JH118453-1	JH118453-1		JH118453.1	JH118453.1	NW_003613032.1
susScr3:JH118454-1	JH118454-1		JH118454.1	JH118454.1	NW_003613033.1
susScr3:JH118455-1	JH118455-1		JH118455.1	JH118455.1	NW_003613034.1
susScr3:JH118456-1	JH118456-1		JH118456.1	JH118456.1	NW_003613035.1
susScr3:JH118457-1	JH118457-1		JH118457.1	JH118457.1	NW_003613036.1
susScr3:JH118458-1	JH118458-1		JH118458.1	JH118458.1	NW_003613037.1
susScr3:JH118459-1	JH118459-1		JH118459.1	JH118459.1	NW_003613038.1
susScr3:JH118460-1	JH118460-1		JH118460.1	JH118460.1	NW_003613039.1
susScr3:JH118461-1	JH118461-1		JH118461.1	JH118461.1	NW_003613040.1
susScr3:JH118462-1	JH118462-1		JH118462.1	JH118462.1	NW_003613041.1
susScr3:JH118463-1	JH118463-1		JH118463.1	JH118463.1	NW_003613042.1
susScr3:JH118464-1	JH118464-1		JH118464.1	JH118464.1	NW_003613043.1
susScr3:JH118465-1	JH118465-1		JH118465.1	JH118465.1	NW_003613044.1
susScr3:JH118466-1	JH118466-1		JH118466.1	JH118466.1	NW_003613045.1
susScr3:JH118467-1	JH118467-1		JH118467.1	JH118467.1	NW_003613046.1
susScr3:JH118468-1	JH118468-1		JH118468.1	JH118468.1	NW_003613047.1
susScr3:JH118469-1	JH118469-1		JH118469.1	JH118469.1	NW_003613048.1
susScr3:JH118470-1	JH118470-1		JH118470.1	JH118470.1	NW_003613049.1
susScr3:JH118471-1	JH118471-1		JH118471.1	JH118471.1	NW_003613050.1
susScr3:JH118472-1	JH118472-1		JH118472.1	JH118472.1	NW_003613051.1
susScr3:JH118473-1	JH118473-1		JH118473.1	JH118473.1	NW_003613052.1
susScr3:JH118474-1	JH118474-1		JH118474.1	JH118474.1	NW_003613053.1
susScr3:JH118475-1	JH118475-1		JH118475.1	JH118475.1	NW_003613054.1
susScr3:JH118476-1	JH118476-1		JH118476.1	JH118476.1	NW_003613055.1
susScr3:JH118477-1	JH118477-1		JH118477.1	JH118477.1	NW_003613056.1
susScr3:JH118478-1	JH118478-1		JH118478.1	JH118478.1	NW_003613057.1
susScr3:JH118479-1	JH118479-1		JH118479.1	JH118479.1	NW_003613058.1
susScr3:JH118480-1	JH118480-1		JH118480.1	JH118480.1	NW_003613059.1
susScr3:JH118481-1	JH118481-1		JH118481.1	JH118481.1	NW_003613060.1
susScr3:JH118482-1	JH118482-1		JH118482.1	JH118482.1	NW_003613061.1
susScr3:JH118483-1	JH118483-1		JH118483.1	JH118483.1	NW_003613062.1
susScr3:JH118484-1	JH118484-1		JH118484.1	JH118484.1	NW_003613063.1
susScr3:JH118485-1	JH118485-1		JH118485.1	JH118485.1	NW_003613064.1
susScr3:JH118486-1	JH118486-1		JH118486.1	JH118486.1	NW_003613065.1
susScr3:JH118487-1	JH118487-1		JH118487.1	JH118487.1	NW_003613066.1
susScr3:JH118488-1	JH118488-1		JH118488.1	JH118488.1	NW_003613067.1
susScr3:JH118489-1	JH118489-1		JH118489.1	JH118489.1	NW_003613068.1
susScr3:JH118490-1	JH118490-1		JH118490.1	JH118490.1	NW_003613069.1
susScr3:JH118491-1	JH118491-1		JH118491.1	JH118491.1	NW_003613070.1
susScr3:JH118492-1	JH118492-1		JH118492.1	JH118492.1	NW_003613071.1
susScr3:JH118493-1	JH118493-1		JH118493.1	JH118493.1	NW_003613072.1
susScr3:JH118494-1	JH118494-1		JH118494.1	JH118494.1	NW_003613073.1
susScr3:JH118495-1	JH118495-1		JH118495.1	JH118495.1	NW_003613074.1
susScr3:JH118496-1	JH118496-1		JH118496.1	JH118496.1	NW_003613075.1
susScr3:JH118497-1	JH118497-1		JH118497.1	JH118497.1	NW_003613076.1
susScr3:JH118498-1	JH118498-1		JH118498.1	JH118498.1	NW_003613077.1
susScr3:JH118499-1	JH118499-1		JH118499.1	JH118499.1	NW_003613078.1
susScr3:JH118500-1	JH118500-1		JH118500.1	JH118500.1	NW_003613079.1
susScr3:JH118501-1	JH118501-1		JH118501.1	JH118501.1	NW_003613080.1
susScr3:JH118502-1	JH118502-1		JH118502.1	JH118502.1	NW_003613081.1
susScr3:JH118503-1	JH118503-1		JH118503.1	JH118503.1	NW_003613082.1
susScr3:JH118504-1	JH118504-1		JH118504.1	JH118504.1	NW_003613083.1
susScr3:JH118505-1	JH118505-1		JH118505.1	JH118505.1	NW_003613084.1
susScr3:JH118506-1	JH118506-1		JH118506.1	JH118506.1	NW_003613085.1
susScr3:JH118507-1	JH118507-1		JH118507.1	JH118507.1	NW_003613086.1
susScr3:JH118508-1	JH118508-1		JH118508.1	JH118508.1	NW_003613087.1
susScr3:JH118509-1	JH118509-1		JH118509.1	JH118509.1	NW_003613088.1
susScr3:JH118510-1	JH118510-1		JH118510.1	JH118510.1	NW_003613089.1
susScr3:JH118511-1	JH118511-1		JH118511.1	JH118511.1	NW_003613090.1
susScr3:JH118512-1	JH118512-1		JH118512.1	JH118512.1	NW_003613091.1
susScr3:JH118513-1	JH118513-1		JH118513.1	JH118513.1	NW_003613092.1
susScr3:JH118514-1	JH118514-1		JH118514.1	JH118514.1	NW_003613093.1
susScr3:JH118515-1	JH118515-1		JH118515.1	JH118515.1	NW_003613094.1
susScr3:JH118516-1	JH118516-1		JH118516.1	JH118516.1	NW_003613095.1
susScr3:JH118517-1	JH118517-1		JH118517.1	JH118517.1	NW_003613096.1
susScr3:JH118518-1	JH118518-1		JH118518.1	JH118518.1	NW_003613097.1
susScr3:JH118519-1	JH118519-1		JH118519.1	JH118519.1	NW_003613098.1
susScr3:JH118520-1	JH118520-1		JH118520.1	JH118520.1	NW_003613099.1
susScr3:JH118521-1	JH118521-1		JH118521.1	JH118521.1	NW_003613100.1
susScr3:JH118522-1	JH118522-1		JH118522.1	JH118522.1	NW_003613101.1
susScr3:JH118523-1	JH118523-1		JH118523.1	JH118523.1	NW_003613102.1
susScr3:JH118524-1	JH118524-1		JH118524.1	JH118524.1	NW_003613103.1
susScr3:JH118525-1	JH118525-1		JH118525.1	JH118525.1	NW_003613104.1
susScr3:JH118526-1	JH118526-1		JH118526.1	JH118526.1	NW_003613105.1
susScr3:JH118527-1	JH118527-1		JH118527.1	JH118527.1	NW_003613106.1
susScr3:JH118528-1	JH118528-1		JH118528.1	JH118528.1	NW_003613107.1
susScr3:JH118529-1	JH118529-1		JH118529.1	JH118529.1	NW_003613108.1
susScr3:JH118530-1	JH118530-1		JH118530.1	JH118530.1	NW_003613109.1
susScr3:JH118531-1	JH118531-1		JH118531.1	JH118531.1	NW_003613110.1
susScr3:JH118532-1	JH118532-1		JH118532.1	JH118532.1	NW_003613111.1
susScr3:JH118533-1	JH118533-1		JH118533.1	JH118533.1	NW_003613112.1
susScr3:JH118534-1	JH118534-1		JH118534.1	JH118534.1	NW_003613113.1
susScr3:JH118535-1	JH118535-1		JH118535.1	JH118535.1	NW_003613114.1
susScr3:JH118536-1	JH118536-1		JH118536.1	JH118536.1	NW_003613115.1
susScr3:JH118537-1	JH118537-1		JH118537.1	JH118537.1	NW_003613116.1
susScr3:JH118538-1	JH118538-1		JH118538.1	JH118538.1	NW_003613117.1
susScr3:JH118539-1	JH118539-1		JH118539.1	JH118539.1	NW_003613118.1
susScr3:JH118540-1	JH118540-1		JH118540.1	JH118540.1	NW_003613119.1
susScr3:JH118541-1	JH118541-1		JH118541.1	JH118541.1	NW_003613120.1
susScr3:JH118542-1	JH118542-1		JH118542.1	JH118542.1	NW_003613121.1
susScr3:JH118543-1	JH118543-1		JH118543.1	JH118543.1	NW_003613122.1
susScr3:JH118544-1	JH118544-1		JH118544.1	JH118544.1	NW_003613123.1
susScr3:JH118545-1	JH118545-1		JH118545.1	JH118545.1	NW_003613124.1
susScr3:JH118546-1	JH118546-1		JH118546.1	JH118546.1	NW_003613125.1
susScr3:JH118547-1	JH118547-1		JH118547.1	JH118547.1	NW_003613126.1
susScr3:JH118548-1	JH118548-1		JH118548.1	JH118548.1	NW_003613127.1
susScr3:JH118549-1	JH118549-1		JH118549.1	JH118549.1	NW_003613128.1
susScr3:JH118550-1	JH118550-1		JH118550.1	JH118550.1	NW_003613129.1
susScr3:JH118551-1	JH118551-1		JH118551.1	JH118551.1	NW_003613130.1
susScr3:JH118552-1	JH118552-1		JH118552.1	JH118552.1	NW_003613131.1
susScr3:JH118553-1	JH118553-1		JH118553.1	JH118553.1	NW_003613132.1
susScr3:JH118554-1	JH118554-1		JH118554.1	JH118554.1	NW_003613133.1
susScr3:JH118555-1	JH118555-1		JH118555.1	JH118555.1	NW_003613134.1
susScr3:JH118556-1	JH118556-1		JH118556.1	JH118556.1	NW_003613135.1
susScr3:JH118557-1	JH118557-1		JH118557.1	JH118557.1	NW_003613136.1
susScr3:JH118558-1	JH118558-1		JH118558.1	JH118558.1	NW_003613137.1
susScr3:JH118559-1	JH118559-1		JH118559.1	JH118559.1	NW_003613138.1
susScr3:JH118560-1	JH118560-1		JH118560.1	JH118560.1	NW_003613139.1
susScr3:JH118561-1	JH118561-1		JH118561.1	JH118561.1	NW_003613140.1
susScr3:JH118562-1	JH118562-1		JH118562.1	JH118562.1	NW_003613141.1
susScr3:JH118563-1	JH118563-1		JH118563.1	JH118563.1	NW_003613142.1
susScr3:JH118564-1	JH118564-1		JH118564.1	JH118564.1	NW_003613143.1
susScr3:JH118565-1	JH118565-1		JH118565.1	JH118565.1	NW_003613144.1
susScr3:JH118566-1	JH118566-1		JH118566.1	JH118566.1	NW_003613145.1
susScr3:JH118567-1	JH118567-1		JH118567.1	JH118567.1	NW_003613146.1
susScr3:JH118568-1	JH118568-1		JH118568.1	JH118568.1	NW_003613147.1
susScr3:JH118569-1	JH118569-1		JH118569.1	JH118569.1	NW_003613148.1
susScr3:JH118570-1	JH118570-1		JH118570.1	JH118570.1	NW_003613149.1
susScr3:JH118571-1	JH118571-1		JH118571.1	JH118571.1	NW_003613150.1
susScr3:JH118572-1	JH118572-1		JH118572.1	JH118572.1	NW_003613151.1
susScr3:JH118573-1	JH118573-1		JH118573.1	JH118573.1	NW_003613152.1
susScr3:JH118574-1	JH118574-1		JH118574.1	JH118574.1	NW_003613153.1
susScr3:JH118575-1	JH118575-1		JH118575.1	JH118575.1	NW_003613154.1
susScr3:JH118576-1	JH118576-1		JH118576.1	JH118576.1	NW_003613155.1
susScr3:JH118577-1	JH118577-1		JH118577.1	JH118577.1	NW_003613156.1
susScr3:JH118578-1	JH118578-1		JH118578.1	JH118578.1	NW_003613157.1
susScr3:JH118579-1	JH118579-1		JH118579.1	JH118579.1	NW_003613158.1
susScr3:JH118580-1	JH118580-1		JH118580.1	JH118580.1	NW_003613159.1
susScr3:JH118581-1	JH118581-1		JH118581.1	JH118581.1	NW_003613160.1
susScr3:JH118582-1	JH118582-1		JH118582.1	JH118582.1	NW_003613161.1
susScr3:JH118583-1	JH118583-1		JH118583.1	JH118583.1	NW_003613162.1
susScr3:JH118584-1	JH118584-1		JH118584.1	JH118584.1	NW_003613163.1
susScr3:JH118585-1	JH118585-1		JH118585.1	JH118585.1	NW_003613164.1
susScr3:JH118586-1	JH118586-1		JH118586.1	JH118586.1	NW_003613165.1
susScr3:JH118587-1	JH118587-1		JH118587.1	JH118587.1	NW_003613166.1
susScr3:JH118588-1	JH118588-1		JH118588.1	JH118588.1	NW_003613167.1
susScr3:JH118589-1	JH118589-1		JH118589.1	JH118589.1	NW_003613168.1
susScr3:JH118590-1	JH118590-1		JH118590.1	JH118590.1	NW_003613169.1
susScr3:JH118591-1	JH118591-1		JH118591.1	JH118591.1	NW_003613170.1
susScr3:JH118592-1	JH118592-1		JH118592.1	JH118592.1	NW_003613171.1
susScr3:JH118593-1	JH118593-1		JH118593.1	JH118593.1	NW_003613172.1
susScr3:JH118594-1	JH118594-1		JH118594.1	JH118594.1	NW_003613173.1
susScr3:JH118595-1	JH118595-1		JH118595.1	JH118595.1	NW_003613174.1
susScr3:JH118596-1	JH118596-1		JH118596.1	JH118596.1	NW_003613175.1
susScr3:JH118597-1	JH118597-1		JH118597.1	JH118597.1	NW_003613176.1
susScr3:JH118598-1	JH118598-1		JH118598.1	JH118598.1	NW_003613177.1
susScr3:JH118599-1	JH118599-1		JH118599.1	JH118599.1	NW_003613178.1
susScr3:JH118600-1	JH118600-1		JH118600.1	JH118600.1	NW_003613179.1
susScr3:JH118601-1	JH118601-1		JH118601.1	JH118601.1	NW_003613180.1
susScr3:JH118602-1	JH118602-1		JH118602.1	JH118602.1	NW_003613181.1
susScr3:JH118603-1	JH118603-1		JH118603.1	JH118603.1	NW_003613182.1
susScr3:JH118604-1	JH118604-1		JH118604.1	JH118604.1	NW_003613183.1
susScr3:JH118605-1	JH118605-1		JH118605.1	JH118605.1	NW_003613184.1
susScr3:JH118606-1	JH118606-1		JH118606.1	JH118606.1	NW_003613185.1
susScr3:JH118607-1	JH118607-1		JH118607.1	JH118607.1	NW_003613186.1
susScr3:JH118608-1	JH118608-1		JH118608.1	JH118608.1	NW_003613187.1
susScr3:JH118609-1	JH118609-1		JH118609.1	JH118609.1	NW_003613188.1
susScr3:JH118610-1	JH118610-1		JH118610.1	JH118610.1	NW_003613189.1
susScr3:JH118611-1	JH118611-1		JH118611.1	JH118611.1	NW_003613190.1
susScr3:JH118612-1	JH118612-1		JH118612.1	JH118612.1	NW_003613191.1
susScr3:JH118613-1	JH118613-1		JH118613.1	JH118613.1	NW_003613192.1
susScr3:JH118614-1	JH118614-1		JH118614.1	JH118614.1	NW_003613193.1
susScr3:JH118615-1	JH118615-1		JH118615.1	JH118615.1	NW_003613194.1
susScr3:JH118616-1	JH118616-1		JH118616.1	JH118616.1	NW_003613195.1
susScr3:JH118617-1	JH118617-1		JH118617.1	JH118617.1	NW_003613196.1
susScr3:JH118618-1	JH118618-1		JH118618.1	JH118618.1	NW_003613197.1
susScr3:JH118619-1	JH118619-1		JH118619.1	JH118619.1	NW_003613198.1
susScr3:JH118620-1	JH118620-1		JH118620.1	JH118620.1	NW_003613199.1
susScr3:JH118621-1	JH118621-1		JH118621.1	JH118621.1	NW_003613200.1
susScr3:JH118622-1	JH118622-1		JH118622.1	JH118622.1	NW_003613201.1
susScr3:JH118623-1	JH118623-1		JH118623.1	JH118623.1	NW_003613202.1
susScr3:JH118624-1	JH118624-1		JH118624.1	JH118624.1	NW_003613203.1
susScr3:JH118625-1	JH118625-1		JH118625.1	JH118625.1	NW_003613204.1
susScr3:JH118626-1	JH118626-1		JH118626.1	JH118626.1	NW_003613205.1
susScr3:JH118627-1	JH118627-1		JH118627.1	JH118627.1	NW_003613206.1
susScr3:JH118628-1	JH118628-1		JH118628.1	JH118628.1	NW_003613207.1
susScr3:JH118629-1	JH118629-1		JH118629.1	JH118629.1	NW_003613208.1
susScr3:JH118630-1	JH118630-1		JH118630.1	JH118630.1	NW_003613209.1
susScr3:JH118631-1	JH118631-1		JH118631.1	JH118631.1	NW_003613210.1
susScr3:JH118632-1	JH118632-1		JH118632.1	JH118632.1	NW_003613211.1
susScr3:JH118633-1	JH118633-1		JH118633.1	JH118633.1	NW_003613212.1
susScr3:JH118634-1	JH118634-1		JH118634.1	JH118634.1	NW_003613213.1
susScr3:JH118635-1	JH118635-1		JH118635.1	JH118635.1	NW_003613214.1
susScr3:JH118636-1	JH118636-1		JH118636.1	JH118636.1	NW_003613215.1
susScr3:JH118637-1	JH118637-1		JH118637.1	JH118637.1	NW_003613216.1
susScr3:JH118638-1	JH118638-1		JH118638.1	JH118638.1	NW_003613217.1
susScr3:JH118639-1	JH118639-1		JH118639.1	JH118639.1	NW_003613218.1
susScr3:JH118640-1	JH118640-1		JH118640.1	JH118640.1	NW_003613219.1
susScr3:JH118641-1	JH118641-1		JH118641.1	JH118641.1	NW_003613220.1
susScr3:JH118642-1	JH118642-1		JH118642.1	JH118642.1	NW_003613221.1
susScr3:JH118643-1	JH118643-1		JH118643.1	JH118643.1	NW_003613222.1
susScr3:JH118644-1	JH118644-1		JH118644.1	JH118644.1	NW_003613223.1
susScr3:JH118645-1	JH118645-1		JH118645.1	JH118645.1	NW_003613224.1
susScr3:JH118646-1	JH118646-1		JH118646.1	JH118646.1	NW_003613225.1
susScr3:JH118647-1	JH118647-1		JH118647.1	JH118647.1	NW_003613226.1
susScr3:JH118648-1	JH118648-1		JH118648.1	JH118648.1	NW_003613227.1
susScr3:JH118649-1	JH118649-1		JH118649.1	JH118649.1	NW_003613228.1
susScr3:JH118650-1	JH118650-1		JH118650.1	JH118650.1	NW_003613229.1
susScr3:JH118651-1	JH118651-1		JH118651.1	JH118651.1	NW_003613230.1
susScr3:JH118652-1	JH118652-1		JH118652.1	JH118652.1	NW_003613231.1
susScr3:JH118653-1	JH118653-1		JH118653.1	JH118653.1	NW_003613232.1
susScr3:JH118654-1	JH118654-1		JH118654.1	JH118654.1	NW_003613233.1
susScr3:JH118655-1	JH118655-1		JH118655.1	JH118655.1	NW_003613234.1
susScr3:JH118656-1	JH118656-1		JH118656.1	JH118656.1	NW_003613235.1
susScr3:JH118657-1	JH118657-1		JH118657.1	JH118657.1	NW_003613236.1
susScr3:JH118658-1	JH118658-1		JH118658.1	JH118658.1	NW_003613237.1
susScr3:JH118659-1	JH118659-1		JH118659.1	JH118659.1	NW_003613238.1
susScr3:JH118660-1	JH118660-1		JH118660.1	JH118660.1	NW_003613239.1
susScr3:JH118661-1	JH118661-1		JH118661.1	JH118661.1	NW_003613240.1
susScr3:JH118662-1	JH118662-1		JH118662.1	JH118662.1	NW_003613241.1
susScr3:JH118663-1	JH118663-1		JH118663.1	JH118663.1	NW_003613242.1
susScr3:JH118664-1	JH118664-1		JH118664.1	JH118664.1	NW_003613243.1
susScr3:JH118665-1	JH118665-1		JH118665.1	JH118665.1	NW_003613244.1
susScr3:JH118666-1	JH118666-1		JH118666.1	JH118666.1	NW_003613245.1
susScr3:JH118667-1	JH118667-1		JH118667.1	JH118667.1	NW_003613246.1
susScr3:JH118668-1	JH118668-1		JH118668.1	JH118668.1	NW_003613247.1
susScr3:JH118669-1	JH118669-1		JH118669.1	JH118669.1	NW_003613248.1
susScr3:JH118670-1	JH118670-1		JH118670.1	JH118670.1	NW_003613249.1
susScr3:JH118671-1	JH118671-1		JH118671.1	JH118671.1	NW_003613250.1
susScr3:JH118672-1	JH118672-1		JH118672.1	JH118672.1	NW_003613251.1
susScr3:JH118673-1	JH118673-1		JH118673.1	JH118673.1	NW_003613252.1
susScr3:JH118674-1	JH118674-1		JH118674.1	JH118674.1	NW_003613253.1
susScr3:JH118675-1	JH118675-1		JH118675.1	JH118675.1	NW_003613254.1
susScr3:JH118676-1	JH118676-1		JH118676.1	JH118676.1	NW_003613255.1
susScr3:JH118677-1	JH118677-1		JH118677.1	JH118677.1	NW_003613256.1
susScr3:JH118678-1	JH118678-1		JH118678.1	JH118678.1	NW_003613257.1
susScr3:JH118679-1	JH118679-1		JH118679.1	JH118679.1	NW_003613258.1
susScr3:JH118680-1	JH118680-1		JH118680.1	JH118680.1	NW_003613259.1
susScr3:JH118681-1	JH118681-1		JH118681.1	JH118681.1	NW_003613260.1
susScr3:JH118682-1	JH118682-1		JH118682.1	JH118682.1	NW_003613261.1
susScr3:JH118683-1	JH118683-1		JH118683.1	JH118683.1	NW_003613262.1
susScr3:JH118684-1	JH118684-1		JH118684.1	JH118684.1	NW_003613263.1
susScr3:JH118685-1	JH118685-1		JH118685.1	JH118685.1	NW_003613264.1
susScr3:JH118686-1	JH118686-1		JH118686.1	JH118686.1	NW_003613265.1
susScr3:JH118687-1	JH118687-1		JH118687.1	JH118687.1	NW_003613266.1
susScr3:JH118688-1	JH118688-1		JH118688.1	JH118688.1	NW_003613267.1
susScr3:JH118689-1	JH118689-1		JH118689.1	JH118689.1	NW_003613268.1
susScr3:JH118690-1	JH118690-1		JH118690.1	JH118690.1	NW_003613269.1
susScr3:JH118691-1	JH118691-1		JH118691.1	JH118691.1	NW_003613270.1
susScr3:JH118692-1	JH118692-1		JH118692.1	JH118692.1	NW_003613271.1
susScr3:JH118693-1	JH118693-1		JH118693.1	JH118693.1	NW_003613272.1
susScr3:JH118694-1	JH118694-1		JH118694.1	JH118694.1	NW_003613273.1
susScr3:JH118695-1	JH118695-1		JH118695.1	JH118695.1	NW_003613274.1
susScr3:JH118696-1	JH118696-1		JH118696.1	JH118696.1	NW_003613275.1
susScr3:JH118697-1	JH118697-1		JH118697.1	JH118697.1	NW_003613276.1
susScr3:JH118698-1	JH118698-1		JH118698.1	JH118698.1	NW_003613277.1
susScr3:JH118699-1	JH118699-1		JH118699.1	JH118699.1	NW_003613278.1
susScr3:JH118700-1	JH118700-1		JH118700.1	JH118700.1	NW_003613279.1
susScr3:JH118701-1	JH118701-1		JH118701.1	JH118701.1	NW_003613280.1
susScr3:JH118702-1	JH118702-1		JH118702.1	JH118702.1	NW_003613281.1
susScr3:JH118703-1	JH118703-1		JH118703.1	JH118703.1	NW_003613282.1
susScr3:JH118704-1	JH118704-1		JH118704.1	JH118704.1	NW_003613283.1
susScr3:JH118705-1	JH118705-1		JH118705.1	JH118705.1	NW_003613284.1
susScr3:JH118706-1	JH118706-1		JH118706.1	JH118706.1	NW_003613285.1
susScr3:JH118707-1	JH118707-1		JH118707.1	JH118707.1	NW_003613286.1
susScr3:JH118708-1	JH118708-1		JH118708.1	JH118708.1	NW_003613287.1
susScr3:JH118709-1	JH118709-1		JH118709.1	JH118709.1	NW_003613288.1
susScr3:JH118710-1	JH118710-1		JH118710.1	JH118710.1	NW_003613289.1
susScr3:JH118711-1	JH118711-1		JH118711.1	JH118711.1	NW_003613290.1
susScr3:JH118712-1	JH118712-1		JH118712.1	JH118712.1	NW_003613291.1
susScr3:JH118713-1	JH118713-1		JH118713.1	JH118713.1	NW_003613292.1
susScr3:JH118714-1	JH118714-1		JH118714.1	JH118714.1	NW_003613293.1
susScr3:JH118715-1	JH118715-1		JH118715.1	JH118715.1	NW_003613294.1
susScr3:JH118716-1	JH118716-1		JH118716.1	JH118716.1	NW_003613295.1
susScr3:JH118717-1	JH118717-1		JH118717.1	JH118717.1	NW_003613296.1
susScr3:JH118718-1	JH118718-1		JH118718.1	JH118718.1	NW_003613297.1
susScr3:JH118719-1	JH118719-1		JH118719.1	JH118719.1	NW_003613298.1
susScr3:JH118720-1	JH118720-1		JH118720.1	JH118720.1	NW_003613299.1
susScr3:JH118721-1	JH118721-1		JH118721.1	JH118721.1	NW_003613300.1
susScr3:JH118722-1	JH118722-1		JH118722.1	JH118722.1	NW_003613301.1
susScr3:JH118723-1	JH118723-1		JH118723.1	JH118723.1	NW_003613302.1
susScr3:JH118724-1	JH118724-1		JH118724.1	JH118724.1	NW_003613303.1
susScr3:JH118725-1	JH118725-1		JH118725.1	JH118725.1	NW_003613304.1
susScr3:JH118726-1	JH118726-1		JH118726.1	JH118726.1	NW_003613305.1
susScr3:JH118727-1	JH118727-1		JH118727.1	JH118727.1	NW_003613306.1
susScr3:JH118728-1	JH118728-1		JH118728.1	JH118728.1	NW_003613307.1
susScr3:JH118729-1	JH118729-1		JH118729.1	JH118729.1	NW_003613308.1
susScr3:JH118730-1	JH118730-1		JH118730.1	JH118730.1	NW_003613309.1
susScr3:JH118731-1	JH118731-1		JH118731.1	JH118731.1	NW_003613310.1
susScr3:JH118732-1	JH118732-1		JH118732.1	JH118732.1	NW_003613311.1
susScr3:JH118733-1	JH118733-1		JH118733.1	JH118733.1	NW_003613312.1
susScr3:JH118734-1	JH118734-1		JH118734.1	JH118734.1	NW_003613313.1
susScr3:JH118735-1	JH118735-1		JH118735.1	JH118735.1	NW_003613314.1
susScr3:JH118736-1	JH118736-1		JH118736.1	JH118736.1	NW_003613315.1
susScr3:JH118737-1	JH118737-1		JH118737.1	JH118737.1	NW_003613316.1
susScr3:JH118738-1	JH118738-1		JH118738.1	JH118738.1	NW_003613317.1
susScr3:JH118739-1	JH118739-1		JH118739.1	JH118739.1	NW_003613318.1
susScr3:JH118740-1	JH118740-1		JH118740.1	JH118740.1	NW_003613319.1
susScr3:JH118741-1	JH118741-1		JH118741.1	JH118741.1	NW_003613320.1
susScr3:JH118742-1	JH118742-1		JH118742.1	JH118742.1	NW_003613321.1
susScr3:JH118743-1	JH118743-1		JH118743.1	JH118743.1	NW_003613322.1
susScr3:JH118744-1	JH118744-1		JH118744.1	JH118744.1	NW_003613323.1
susScr3:JH118745-1	JH118745-1		JH118745.1	JH118745.1	NW_003613324.1
susScr3:JH118746-1	JH118746-1		JH118746.1	JH118746.1	NW_003613325.1
susScr3:JH118747-1	JH118747-1		JH118747.1	JH118747.1	NW_003613326.1
susScr3:JH118748-1	JH118748-1		JH118748.1	JH118748.1	NW_003613327.1
susScr3:JH118749-1	JH118749-1		JH118749.1	JH118749.1	NW_003613328.1
susScr3:JH118750-1	JH118750-1		JH118750.1	JH118750.1	NW_003613329.1
susScr3:JH118751-1	JH118751-1		JH118751.1	JH118751.1	NW_003613330.1
susScr3:JH118752-1	JH118752-1		JH118752.1	JH118752.1	NW_003613331.1
susScr3:JH118753-1	JH118753-1		JH118753.1	JH118753.1	NW_003613332.1
susScr3:JH118754-1	JH118754-1		JH118754.1	JH118754.1	NW_003613333.1
susScr3:JH118755-1	JH118755-1		JH118755.1	JH118755.1	NW_003613334.1
susScr3:JH118756-1	JH118756-1		JH118756.1	JH118756.1	NW_003613335.1
susScr3:JH118757-1	JH118757-1		JH118757.1	JH118757.1	NW_003613336.1
susScr3:JH118758-1	JH118758-1		JH118758.1	JH118758.1	NW_003613337.1
susScr3:JH118759-1	JH118759-1		JH118759.1	JH118759.1	NW_003613338.1
susScr3:JH118760-1	JH118760-1		JH118760.1	JH118760.1	NW_003613339.1
susScr3:JH118761-1	JH118761-1		JH118761.1	JH118761.1	NW_003613340.1
susScr3:JH118762-1	JH118762-1		JH118762.1	JH118762.1	NW_003613341.1
susScr3:JH118763-1	JH118763-1		JH118763.1	JH118763.1	NW_003613342.1
susScr3:JH118764-1	JH118764-1		JH118764.1	JH118764.1	NW_003613343.1
susScr3:JH118765-1	JH118765-1		JH118765.1	JH118765.1	NW_003613344.1
susScr3:JH118766-1	JH118766-1		JH118766.1	JH118766.1	NW_003613345.1
susScr3:JH118767-1	JH118767-1		JH118767.1	JH118767.1	NW_003613346.1
susScr3:JH118768-1	JH118768-1		JH118768.1	JH118768.1	NW_003613347.1
susScr3:JH118769-1	JH118769-1		JH118769.1	JH118769.1	NW_003613348.1
susScr3:JH118770-1	JH118770-1		JH118770.1	JH118770.1	NW_003613349.1
susScr3:JH118771-1	JH118771-1		JH118771.1	JH118771.1	NW_003613350.1
susScr3:JH118772-1	JH118772-1		JH118772.1	JH118772.1	NW_003613351.1
susScr3:JH118773-1	JH118773-1		JH118773.1	JH118773.1	NW_003613352.1
susScr3:JH118774-1	JH118774-1		JH118774.1	JH118774.1	NW_003613353.1
susScr3:JH118775-1	JH118775-1		JH118775.1	JH118775.1	NW_003613354.1
susScr3:JH118776-1	JH118776-1		JH118776.1	JH118776.1	NW_003613355.1
susScr3:JH118777-1	JH118777-1		JH118777.1	JH118777.1	NW_003613356.1
susScr3:JH118778-1	JH118778-1		JH118778.1	JH118778.1	NW_003613357.1
susScr3:JH118779-1	JH118779-1		JH118779.1	JH118779.1	NW_003613358.1
susScr3:JH118780-1	JH118780-1		JH118780.1	JH118780.1	NW_003613359.1
susScr3:JH118781-1	JH118781-1		JH118781.1	JH118781.1	NW_003613360.1
susScr3:JH118782-1	JH118782-1		JH118782.1	JH118782.1	NW_003613361.1
susScr3:JH118783-1	JH118783-1		JH118783.1	JH118783.1	NW_003613362.1
susScr3:JH118784-1	JH118784-1		JH118784.1	JH118784.1	NW_003613363.1
susScr3:JH118785-1	JH118785-1		JH118785.1	JH118785.1	NW_003613364.1
susScr3:JH118786-1	JH118786-1		JH118786.1	JH118786.1	NW_003613365.1
susScr3:JH118787-1	JH118787-1		JH118787.1	JH118787.1	NW_003613366.1
susScr3:JH118788-1	JH118788-1		JH118788.1	JH118788.1	NW_003613367.1
susScr3:JH118789-1	JH118789-1		JH118789.1	JH118789.1	NW_003613368.1
susScr3:JH118790-1	JH118790-1		JH118790.1	JH118790.1	NW_003613369.1
susScr3:JH118791-1	JH118791-1		JH118791.1	JH118791.1	NW_003613370.1
susScr3:JH118792-1	JH118792-1		JH118792.1	JH118792.1	NW_003613371.1
susScr3:JH118793-1	JH118793-1		JH118793.1	JH118793.1	NW_003613372.1
susScr3:JH118794-1	JH118794-1		JH118794.1	JH118794.1	NW_003613373.1
susScr3:JH118795-1	JH118795-1		JH118795.1	JH118795.1	NW_003613374.1
susScr3:JH118796-1	JH118796-1		JH118796.1	JH118796.1	NW_003613375.1
susScr3:JH118797-1	JH118797-1		JH118797.1	JH118797.1	NW_003613376.1
susScr3:JH118798-1	JH118798-1		JH118798.1	JH118798.1	NW_003613377.1
susScr3:JH118799-1	JH118799-1		JH118799.1	JH118799.1	NW_003613378.1
susScr3:JH118800-1	JH118800-1		JH118800.1	JH118800.1	NW_003613379.1
susScr3:JH118801-1	JH118801-1		JH118801.1	JH118801.1	NW_003613380.1
susScr3:JH118802-1	JH118802-1		JH118802.1	JH118802.1	NW_003613381.1
susScr3:JH118803-1	JH118803-1		JH118803.1	JH118803.1	NW_003613382.1
susScr3:JH118804-1	JH118804-1		JH118804.1	JH118804.1	NW_003613383.1
susScr3:JH118805-1	JH118805-1		JH118805.1	JH118805.1	NW_003613384.1
susScr3:JH118806-1	JH118806-1		JH118806.1	JH118806.1	NW_003613385.1
susScr3:JH118807-1	JH118807-1		JH118807.1	JH118807.1	NW_003613386.1
susScr3:JH118808-1	JH118808-1		JH118808.1	JH118808.1	NW_003613387.1
susScr3:JH118809-1	JH118809-1		JH118809.1	JH118809.1	NW_003613388.1
susScr3:JH118810-1	JH118810-1		JH118810.1	JH118810.1	NW_003613389.1
susScr3:JH118811-1	JH118811-1		JH118811.1	JH118811.1	NW_003613390.1
susScr3:JH118812-1	JH118812-1		JH118812.1	JH118812.1	NW_003613391.1
susScr3:JH118813-1	JH118813-1		JH118813.1	JH118813.1	NW_003613392.1
susScr3:JH118814-1	JH118814-1		JH118814.1	JH118814.1	NW_003613393.1
susScr3:JH118815-1	JH118815-1		JH118815.1	JH118815.1	NW_003613394.1
susScr3:JH118816-1	JH118816-1		JH118816.1	JH118816.1	NW_003613395.1
susScr3:JH118817-1	JH118817-1		JH118817.1	JH118817.1	NW_003613396.1
susScr3:JH118818-1	JH118818-1		JH118818.1	JH118818.1	NW_003613397.1
susScr3:JH118819-1	JH118819-1		JH118819.1	JH118819.1	NW_003613398.1
susScr3:JH118820-1	JH118820-1		JH118820.1	JH118820.1	NW_003613399.1
susScr3:JH118821-1	JH118821-1		JH118821.1	JH118821.1	NW_003613400.1
susScr3:JH118822-1	JH118822-1		JH118822.1	JH118822.1	NW_003613401.1
susScr3:JH118823-1	JH118823-1		JH118823.1	JH118823.1	NW_003613402.1
susScr3:JH118824-1	JH118824-1		JH118824.1	JH118824.1	NW_003613403.1
susScr3:JH118825-1	JH118825-1		JH118825.1	JH118825.1	NW_003613404.1
susScr3:JH118826-1	JH118826-1		JH118826.1	JH118826.1	NW_003613405.1
susScr3:JH118827-1	JH118827-1		JH118827.1	JH118827.1	NW_003613406.1
susScr3:JH118828-1	JH118828-1		JH118828.1	JH118828.1	NW_003613407.1
susScr3:JH118829-1	JH118829-1		JH118829.1	JH118829.1	NW_003613408.1
susScr3:JH118830-1	JH118830-1		JH118830.1	JH118830.1	NW_003613409.1
susScr3:JH118831-1	JH118831-1		JH118831.1	JH118831.1	NW_003613410.1
susScr3:JH118832-1	JH118832-1		JH118832.1	JH118832.1	NW_003613411.1
susScr3:JH118833-1	JH118833-1		JH118833.1	JH118833.1	NW_003613412.1
susScr3:JH118834-1	JH118834-1		JH118834.1	JH118834.1	NW_003613413.1
susScr3:JH118835-1	JH118835-1		JH118835.1	JH118835.1	NW_003613414.1
susScr3:JH118836-1	JH118836-1		JH118836.1	JH118836.1	NW_003613415.1
susScr3:JH118837-1	JH118837-1		JH118837.1	JH118837.1	NW_003613416.1
susScr3:JH118838-1	JH118838-1		JH118838.1	JH118838.1	NW_003613417.1
susScr3:JH118839-1	JH118839-1		JH118839.1	JH118839.1	NW_003613418.1
susScr3:JH118840-1	JH118840-1		JH118840.1	JH118840.1	NW_003613419.1
susScr3:JH118841-1	JH118841-1		JH118841.1	JH118841.1	NW_003613420.1
susScr3:JH118842-1	JH118842-1		JH118842.1	JH118842.1	NW_003613421.1
susScr3:JH118843-1	JH118843-1		JH118843.1	JH118843.1	NW_003613422.1
susScr3:JH118844-1	JH118844-1		JH118844.1	JH118844.1	NW_003613423.1
susScr3:JH118845-1	JH118845-1		JH118845.1	JH118845.1	NW_003613424.1
susScr3:JH118846-1	JH118846-1		JH118846.1	JH118846.1	NW_003613425.1
susScr3:JH118847-1	JH118847-1		JH118847.1	JH118847.1	NW_003613426.1
susScr3:JH118848-1	JH118848-1		JH118848.1	JH118848.1	NW_003613427.1
susScr3:JH118849-1	JH118849-1		JH118849.1	JH118849.1	NW_003613428.1
susScr3:JH118850-1	JH118850-1		JH118850.1	JH118850.1	NW_003613429.1
susScr3:JH118851-1	JH118851-1		JH118851.1	JH118851.1	NW_003613430.1
susScr3:JH118852-1	JH118852-1		JH118852.1	JH118852.1	NW_003613431.1
susScr3:JH118853-1	JH118853-1		JH118853.1	JH118853.1	NW_003613432.1
susScr3:JH118854-1	JH118854-1		JH118854.1	JH118854.1	NW_003613433.1
susScr3:JH118855-1	JH118855-1		JH118855.1	JH118855.1	NW_003613434.1
susScr3:JH118856-1	JH118856-1		JH118856.1	JH118856.1	NW_003613435.1
susScr3:JH118857-1	JH118857-1		JH118857.1	JH118857.1	NW_003613436.1
susScr3:JH118858-1	JH118858-1		JH118858.1	JH118858.1	NW_003613437.1
susScr3:JH118859-1	JH118859-1		JH118859.1	JH118859.1	NW_003613438.1
susScr3:JH118860-1	JH118860-1		JH118860.1	JH118860.1	NW_003613439.1
susScr3:JH118861-1	JH118861-1		JH118861.1	JH118861.1	NW_003613440.1
susScr3:JH118862-1	JH118862-1		JH118862.1	JH118862.1	NW_003613441.1
susScr3:JH118863-1	JH118863-1		JH118863.1	JH118863.1	NW_003613442.1
susScr3:JH118864-1	JH118864-1		JH118864.1	JH118864.1	NW_003613443.1
susScr3:JH118865-1	JH118865-1		JH118865.1	JH118865.1	NW_003613444.1
susScr3:JH118866-1	JH118866-1		JH118866.1	JH118866.1	NW_003613445.1
susScr3:JH118867-1	JH118867-1		JH118867.1	JH118867.1	NW_003613446.1
susScr3:JH118868-1	JH118868-1		JH118868.1	JH118868.1	NW_003613447.1
susScr3:JH118869-1	JH118869-1		JH118869.1	JH118869.1	NW_003613448.1
susScr3:JH118870-1	JH118870-1		JH118870.1	JH118870.1	NW_003613449.1
susScr3:JH118871-1	JH118871-1		JH118871.1	JH118871.1	NW_003613450.1
susScr3:JH118872-1	JH118872-1		JH118872.1	JH118872.1	NW_003613451.1
susScr3:JH118873-1	JH118873-1		JH118873.1	JH118873.1	NW_003613452.1
susScr3:JH118874-1	JH118874-1		JH118874.1	JH118874.1	NW_003613453.1
susScr3:JH118875-1	JH118875-1		JH118875.1	JH118875.1	NW_003613454.1
susScr3:JH118876-1	JH118876-1		JH118876.1	JH118876.1	NW_003613455.1
susScr3:JH118877-1	JH118877-1		JH118877.1	JH118877.1	NW_003613456.1
susScr3:JH118878-1	JH118878-1		JH118878.1	JH118878.1	NW_003613457.1
susScr3:JH118879-1	JH118879-1		JH118879.1	JH118879.1	NW_003613458.1
susScr3:JH118880-1	JH118880-1		JH118880.1	JH118880.1	NW_003613459.1
susScr3:JH118881-1	JH118881-1		JH118881.1	JH118881.1	NW_003613460.1
susScr3:JH118882-1	JH118882-1		JH118882.1	JH118882.1	NW_003613461.1
susScr3:JH118883-1	JH118883-1		JH118883.1	JH118883.1	NW_003613462.1
susScr3:JH118884-1	JH118884-1		JH118884.1	JH118884.1	NW_003613463.1
susScr3:JH118885-1	JH118885-1		JH118885.1	JH118885.1	NW_003613464.1
susScr3:JH118886-1	JH118886-1		JH118886.1	JH118886.1	NW_003613465.1
susScr3:JH118887-1	JH118887-1		JH118887.1	JH118887.1	NW_003613466.1
susScr3:JH118888-1	JH118888-1		JH118888.1	JH118888.1	NW_003613467.1
susScr3:JH118889-1	JH118889-1		JH118889.1	JH118889.1	NW_003613468.1
susScr3:JH118890-1	JH118890-1		JH118890.1	JH118890.1	NW_003613469.1
susScr3:JH118891-1	JH118891-1		JH118891.1	JH118891.1	NW_003613470.1
susScr3:JH118892-1	JH118892-1		JH118892.1	JH118892.1	NW_003613471.1
susScr3:JH118893-1	JH118893-1		JH118893.1	JH118893.1	NW_003613472.1
susScr3:JH118894-1	JH118894-1		JH118894.1	JH118894.1	NW_003613473.1
susScr3:JH118895-1	JH118895-1		JH118895.1	JH118895.1	NW_003613474.1
susScr3:JH118896-1	JH118896-1		JH118896.1	JH118896.1	NW_003613475.1
susScr3:JH118897-1	JH118897-1		JH118897.1	JH118897.1	NW_003613476.1
susScr3:JH118898-1	JH118898-1		JH118898.1	JH118898.1	NW_003613477.1
susScr3:JH118899-1	JH118899-1		JH118899.1	JH118899.1	NW_003613478.1
susScr3:JH118900-1	JH118900-1		JH118900.1	JH118900.1	NW_003613479.1
susScr3:JH118901-1	JH118901-1		JH118901.1	JH118901.1	NW_003613480.1
susScr3:JH118902-1	JH118902-1		JH118902.1	JH118902.1	NW_003613481.1
susScr3:JH118903-1	JH118903-1		JH118903.1	JH118903.1	NW_003613482.1
susScr3:JH118904-1	JH118904-1		JH118904.1	JH118904.1	NW_003613483.1
susScr3:JH118905-1	JH118905-1		JH118905.1	JH118905.1	NW_003613484.1
susScr3:JH118906-1	JH118906-1		JH118906.1	JH118906.1	NW_003613485.1
susScr3:JH118907-1	JH118907-1		JH118907.1	JH118907.1	NW_003613486.1
susScr3:JH118908-1	JH118908-1		JH118908.1	JH118908.1	NW_003613487.1
susScr3:JH118909-1	JH118909-1		JH118909.1	JH118909.1	NW_003613488.1
susScr3:JH118910-1	JH118910-1		JH118910.1	JH118910.1	NW_003613489.1
susScr3:JH118911-1	JH118911-1		JH118911.1	JH118911.1	NW_003613490.1
susScr3:JH118912-1	JH118912-1		JH118912.1	JH118912.1	NW_003613491.1
susScr3:JH118913-1	JH118913-1		JH118913.1	JH118913.1	NW_003613492.1
susScr3:JH118914-1	JH118914-1		JH118914.1	JH118914.1	NW_003613493.1
susScr3:JH118915-1	JH118915-1		JH118915.1	JH118915.1	NW_003613494.1
susScr3:JH118916-1	JH118916-1		JH118916.1	JH118916.1	NW_003613495.1
susScr3:JH118917-1	JH118917-1		JH118917.1	JH118917.1	NW_003613496.1
susScr3:JH118918-1	JH118918-1		JH118918.1	JH118918.1	NW_003613497.1
susScr3:JH118919-1	JH118919-1		JH118919.1	JH118919.1	NW_003613498.1
susScr3:JH118920-1	JH118920-1		JH118920.1	JH118920.1	NW_003613499.1
susScr3:JH118921-1	JH118921-1		JH118921.1	JH118921.1	NW_003613500.1
susScr3:JH118922-1	JH118922-1		JH118922.1	JH118922.1	NW_003613501.1
susScr3:JH118923-1	JH118923-1		JH118923.1	JH118923.1	NW_003613502.1
susScr3:JH118924-1	JH118924-1		JH118924.1	JH118924.1	NW_003613503.1
susScr3:JH118925-1	JH118925-1		JH118925.1	JH118925.1	NW_003613504.1
susScr3:JH118926-1	JH118926-1		JH118926.1	JH118926.1	NW_003613505.1
susScr3:JH118927-1	JH118927-1		JH118927.1	JH118927.1	NW_003613506.1
susScr3:JH118928-1	JH118928-1		JH118928.1	JH118928.1	NW_003613507.1
susScr3:JH118929-1	JH118929-1		JH118929.1	JH118929.1	NW_003613508.1
susScr3:JH118930-1	JH118930-1		JH118930.1	JH118930.1	NW_003613509.1
susScr3:JH118931-1	JH118931-1		JH118931.1	JH118931.1	NW_003613510.1
susScr3:JH118932-1	JH118932-1		JH118932.1	JH118932.1	NW_003613511.1
susScr3:JH118933-1	JH118933-1		JH118933.1	JH118933.1	NW_003613512.1
susScr3:JH118934-1	JH118934-1		JH118934.1	JH118934.1	NW_003613513.1
susScr3:JH118935-1	JH118935-1		JH118935.1	JH118935.1	NW_003613514.1
susScr3:JH118936-1	JH118936-1		JH118936.1	JH118936.1	NW_003613515.1
susScr3:JH118937-1	JH118937-1		JH118937.1	JH118937.1	NW_003613516.1
susScr3:JH118938-1	JH118938-1		JH118938.1	JH118938.1	NW_003613517.1
susScr3:JH118939-1	JH118939-1		JH118939.1	JH118939.1	NW_003613518.1
susScr3:JH118940-1	JH118940-1		JH118940.1	JH118940.1	NW_003613519.1
susScr3:JH118941-1	JH118941-1		JH118941.1	JH118941.1	NW_003613520.1
susScr3:JH118942-1	JH118942-1		JH118942.1	JH118942.1	NW_003613521.1
susScr3:JH118943-1	JH118943-1		JH118943.1	JH118943.1	NW_003613522.1
susScr3:JH118944-1	JH118944-1		JH118944.1	JH118944.1	NW_003613523.1
susScr3:JH118945-1	JH118945-1		JH118945.1	JH118945.1	NW_003613524.1
susScr3:JH118946-1	JH118946-1		JH118946.1	JH118946.1	NW_003613525.1
susScr3:JH118947-1	JH118947-1		JH118947.1	JH118947.1	NW_003613526.1
susScr3:JH118948-1	JH118948-1		JH118948.1	JH118948.1	NW_003613527.1
susScr3:JH118949-1	JH118949-1		JH118949.1	JH118949.1	NW_003613528.1
susScr3:JH118950-1	JH118950-1		JH118950.1	JH118950.1	NW_003613529.1
susScr3:JH118951-1	JH118951-1		JH118951.1	JH118951.1	NW_003613530.1
susScr3:JH118952-1	JH118952-1		JH118952.1	JH118952.1	NW_003613531.1
susScr3:JH118953-1	JH118953-1		JH118953.1	JH118953.1	NW_003613532.1
susScr3:JH118954-1	JH118954-1		JH118954.1	JH118954.1	NW_003613533.1
susScr3:JH118955-1	JH118955-1		JH118955.1	JH118955.1	NW_003613534.1
susScr3:JH118956-1	JH118956-1		JH118956.1	JH118956.1	NW_003613535.1
susScr3:JH118957-1	JH118957-1		JH118957.1	JH118957.1	NW_003613536.1
susScr3:JH118958-1	JH118958-1		JH118958.1	JH118958.1	NW_003613537.1
susScr3:JH118959-1	JH118959-1		JH118959.1	JH118959.1	NW_003613538.1
susScr3:JH118960-1	JH118960-1		JH118960.1	JH118960.1	NW_003613539.1
susScr3:JH118961-1	JH118961-1		JH118961.1	JH118961.1	NW_003613540.1
susScr3:JH118962-1	JH118962-1		JH118962.1	JH118962.1	NW_003613541.1
susScr3:JH118963-1	JH118963-1		JH118963.1	JH118963.1	NW_003613542.1
susScr3:JH118964-1	JH118964-1		JH118964.1	JH118964.1	NW_003613543.1
susScr3:JH118965-1	JH118965-1		JH118965.1	JH118965.1	NW_003613544.1
susScr3:JH118966-1	JH118966-1		JH118966.1	JH118966.1	NW_003613545.1
susScr3:JH118967-1	JH118967-1		JH118967.1	JH118967.1	NW_003613546.1
susScr3:JH118968-1	JH118968-1		JH118968.1	JH118968.1	NW_003613547.1
susScr3:JH118969-1	JH118969-1		JH118969.1	JH118969.1	NW_003613548.1
susScr3:JH118970-1	JH118970-1		JH118970.1	JH118970.1	NW_003613549.1
susScr3:JH118971-1	JH118971-1		JH118971.1	JH118971.1	NW_003613550.1
susScr3:JH118972-1	JH118972-1		JH118972.1	JH118972.1	NW_003613551.1
susScr3:JH118973-1	JH118973-1		JH118973.1	JH118973.1	NW_003613552.1
susScr3:JH118974-1	JH118974-1		JH118974.1	JH118974.1	NW_003613553.1
susScr3:JH118975-1	JH118975-1		JH118975.1	JH118975.1	NW_003613554.1
susScr3:JH118976-1	JH118976-1		JH118976.1	JH118976.1	NW_003613555.1
susScr3:JH118977-1	JH118977-1		JH118977.1	JH118977.1	NW_003613556.1
susScr3:JH118978-1	JH118978-1		JH118978.1	JH118978.1	NW_003613557.1
susScr3:JH118979-1	JH118979-1		JH118979.1	JH118979.1	NW_003613558.1
susScr3:JH118980-1	JH118980-1		JH118980.1	JH118980.1	NW_003613559.1
susScr3:JH118981-1	JH118981-1		JH118981.1	JH118981.1	NW_003613560.1
susScr3:JH118982-1	JH118982-1		JH118982.1	JH118982.1	NW_003613561.1
susScr3:JH118983-1	JH118983-1		JH118983.1	JH118983.1	NW_003613562.1
susScr3:JH118984-1	JH118984-1		JH118984.1	JH118984.1	NW_003613563.1
susScr3:JH118985-1	JH118985-1		JH118985.1	JH118985.1	NW_003613564.1
susScr3:JH118986-1	JH118986-1		JH118986.1	JH118986.1	NW_003613565.1
susScr3:JH118987-1	JH118987-1		JH118987.1	JH118987.1	NW_003613566.1
susScr3:JH118988-1	JH118988-1		JH118988.1	JH118988.1	NW_003613567.1
susScr3:JH118989-1	JH118989-1		JH118989.1	JH118989.1	NW_003613568.1
susScr3:JH118990-1	JH118990-1		JH118990.1	JH118990.1	NW_003613569.1
susScr3:JH118991-1	JH118991-1		JH118991.1	JH118991.1	NW_003613570.1
susScr3:JH118992-1	JH118992-1		JH118992.1	JH118992.1	NW_003613571.1
susScr3:JH118993-1	JH118993-1		JH118993.1	JH118993.1	NW_003613572.1
susScr3:JH118994-1	JH118994-1		JH118994.1	JH118994.1	NW_003613573.1
susScr3:JH118995-1	JH118995-1		JH118995.1	JH118995.1	NW_003613574.1
susScr3:JH118996-1	JH118996-1		JH118996.1	JH118996.1	NW_003613575.1
susScr3:JH118997-1	JH118997-1		JH118997.1	JH118997.1	NW_003613576.1
susScr3:JH118998-1	JH118998-1		JH118998.1	JH118998.1	NW_003613577.1
susScr3:JH118999-1	JH118999-1		JH118999.1	JH118999.1	NW_003613578.1
susScr3:chr1	chr1		1	CM000812.4	NC_010443.4
susScr3:chr10	chr10		10	CM000821.4	NC_010452.3
susScr3:chr11	chr11		11	CM000822.4	NC_010453.4
susScr3:chr12	chr12		12	CM000823.4	NC_010454.3
susScr3:chr13	chr13		13	CM000824.4	NC_010455.4
susScr3:chr14	chr14		14	CM000825.4	NC_010456.4
susScr3:chr15	chr15		15	CM000826.4	NC_010457.4
susScr3:chr16	chr16		16	CM000827.4	NC_010458.3
susScr3:chr17	chr17		17	CM000828.4	NC_010459.4
susScr3:chr18	chr18		18	CM000829.4	NC_010460.3
susScr3:chr2	chr2		2	CM000813.4	NC_010444.3
susScr3:chr3	chr3		3	CM000814.4	NC_010445.3
susScr3:chr4	chr4		4	CM000815.4	NC_010446.4
susScr3:chr5	chr5		5	CM000816.4	NC_010447.4
susScr3:chr6	chr6		6	CM000817.4	NC_010448.3
susScr3:chr7	chr7		7	CM000818.4	NC_010449.4
susScr3:chr8	chr8		8	CM000819.4	NC_010450.3
susScr3:chr9	chr9		9	CM000820.4	NC_010451.3
susScr3:chrM	chrM		MT		NC_000845.1
susScr3:chrX	chrX		X	CM000830.4	NC_010461.4
susScr3:chrY	chrY		Y	CM001155.2	NC_010462.2
