seq_id	ucsc	assembly	ensembl	genbank	refseq
triMan1:AHIN01157057	AHIN01157057			AHIN01157057.1	NW_004444608.1
triMan1:AHIN01157063	AHIN01157063			AHIN01157063.1	NW_004444610.1
triMan1:AHIN01157088	AHIN01157088			AHIN01157088.1	NW_004444616.1
triMan1:AHIN01157117	AHIN01157117			AHIN01157117.1	NW_004444622.1
triMan1:AHIN01157145	AHIN01157145			AHIN01157145.1	NW_004444627.1
triMan1:AHIN01157273	AHIN01157273			AHIN01157273.1	NW_004444654.1
triMan1:AHIN01157352	AHIN01157352			AHIN01157352.1	NW_004444670.1
triMan1:AHIN01157417	AHIN01157417			AHIN01157417.1	NW_004444683.1
triMan1:AHIN01157429	AHIN01157429			AHIN01157429.1	NW_004444687.1
triMan1:AHIN01157430	AHIN01157430			AHIN01157430.1	NW_004444688.1
triMan1:AHIN01157440	AHIN01157440			AHIN01157440.1	NW_004444691.1
triMan1:AHIN01157445	AHIN01157445			AHIN01157445.1	NW_004444693.1
triMan1:AHIN01157458	AHIN01157458			AHIN01157458.1	NW_004444698.1
triMan1:AHIN01157459	AHIN01157459			AHIN01157459.1	NW_004444699.1
triMan1:AHIN01157465	AHIN01157465			AHIN01157465.1	NW_004444701.1
triMan1:AHIN01157554	AHIN01157554			AHIN01157554.1	NW_004444723.1
triMan1:AHIN01157565	AHIN01157565			AHIN01157565.1	NW_004444727.1
triMan1:AHIN01157613	AHIN01157613			AHIN01157613.1	NW_004444740.1
triMan1:AHIN01157638	AHIN01157638			AHIN01157638.1	NW_004444748.1
triMan1:AHIN01157658	AHIN01157658			AHIN01157658.1	NW_004444754.1
triMan1:AHIN01157729	AHIN01157729			AHIN01157729.1	NW_004444772.1
triMan1:AHIN01157734	AHIN01157734			AHIN01157734.1	NW_004444774.1
triMan1:AHIN01157740	AHIN01157740			AHIN01157740.1	NW_004444776.1
triMan1:AHIN01157768	AHIN01157768			AHIN01157768.1	NW_004444783.1
triMan1:AHIN01157776	AHIN01157776			AHIN01157776.1	NW_004444786.1
triMan1:AHIN01157777	AHIN01157777			AHIN01157777.1	NW_004444787.1
triMan1:AHIN01157805	AHIN01157805			AHIN01157805.1	NW_004444794.1
triMan1:AHIN01157811	AHIN01157811			AHIN01157811.1	NW_004444796.1
triMan1:AHIN01157820	AHIN01157820			AHIN01157820.1	NW_004444799.1
triMan1:AHIN01157825	AHIN01157825			AHIN01157825.1	NW_004444801.1
triMan1:AHIN01157911	AHIN01157911			AHIN01157911.1	NW_004444823.1
triMan1:AHIN01157926	AHIN01157926			AHIN01157926.1	NW_004444827.1
triMan1:AHIN01157966	AHIN01157966			AHIN01157966.1	NW_004444839.1
triMan1:AHIN01157979	AHIN01157979			AHIN01157979.1	NW_004444844.1
triMan1:AHIN01158040	AHIN01158040			AHIN01158040.1	NW_004444863.1
triMan1:AHIN01158086	AHIN01158086			AHIN01158086.1	NW_004444879.1
triMan1:AHIN01158093	AHIN01158093			AHIN01158093.1	NW_004444882.1
triMan1:AHIN01158094	AHIN01158094			AHIN01158094.1	NW_004444883.1
triMan1:AHIN01158111	AHIN01158111			AHIN01158111.1	NW_004444888.1
triMan1:AHIN01158114	AHIN01158114			AHIN01158114.1	NW_004444890.1
triMan1:AHIN01158126	AHIN01158126			AHIN01158126.1	NW_004444894.1
triMan1:AHIN01158136	AHIN01158136			AHIN01158136.1	NW_004444897.1
triMan1:AHIN01158137	AHIN01158137			AHIN01158137.1	NW_004444898.1
triMan1:AHIN01158202	AHIN01158202			AHIN01158202.1	NW_004444915.1
triMan1:AHIN01158221	AHIN01158221			AHIN01158221.1	NW_004444920.1
triMan1:AHIN01158268	AHIN01158268			AHIN01158268.1	NW_004444932.1
triMan1:AHIN01158272	AHIN01158272			AHIN01158272.1	NW_004444934.1
triMan1:AHIN01158301	AHIN01158301			AHIN01158301.1	NW_004444943.1
triMan1:AHIN01158317	AHIN01158317			AHIN01158317.1	NW_004444949.1
triMan1:AHIN01158396	AHIN01158396			AHIN01158396.1	NW_004444973.1
triMan1:AHIN01158415	AHIN01158415			AHIN01158415.1	NW_004444979.1
triMan1:AHIN01158485	AHIN01158485			AHIN01158485.1	NW_004445000.1
triMan1:AHIN01158504	AHIN01158504			AHIN01158504.1	NW_004445007.1
triMan1:AHIN01158505	AHIN01158505			AHIN01158505.1	NW_004445008.1
triMan1:AHIN01158519	AHIN01158519			AHIN01158519.1	NW_004445013.1
triMan1:AHIN01158544	AHIN01158544			AHIN01158544.1	NW_004445021.1
triMan1:AHIN01158549	AHIN01158549			AHIN01158549.1	NW_004445023.1
triMan1:AHIN01158562	AHIN01158562			AHIN01158562.1	NW_004445027.1
triMan1:AHIN01158573	AHIN01158573			AHIN01158573.1	NW_004445031.1
triMan1:AHIN01158574	AHIN01158574			AHIN01158574.1	NW_004445032.1
triMan1:AHIN01158616	AHIN01158616			AHIN01158616.1	NW_004445047.1
triMan1:AHIN01158617	AHIN01158617			AHIN01158617.1	NW_004445048.1
triMan1:AHIN01158653	AHIN01158653			AHIN01158653.1	NW_004445060.1
triMan1:AHIN01158716	AHIN01158716			AHIN01158716.1	NW_004445081.1
triMan1:AHIN01158717	AHIN01158717			AHIN01158717.1	NW_004445082.1
triMan1:AHIN01158721	AHIN01158721			AHIN01158721.1	NW_004445084.1
triMan1:AHIN01158722	AHIN01158722			AHIN01158722.1	NW_004445085.1
triMan1:AHIN01158731	AHIN01158731			AHIN01158731.1	NW_004445088.1
triMan1:AHIN01158742	AHIN01158742			AHIN01158742.1	NW_004445092.1
triMan1:AHIN01158765	AHIN01158765			AHIN01158765.1	NW_004445099.1
triMan1:AHIN01158770	AHIN01158770			AHIN01158770.1	NW_004445101.1
triMan1:AHIN01158776	AHIN01158776			AHIN01158776.1	NW_004445104.1
triMan1:AHIN01158798	AHIN01158798			AHIN01158798.1	NW_004445112.1
triMan1:AHIN01158844	AHIN01158844			AHIN01158844.1	NW_004445128.1
triMan1:AHIN01158845	AHIN01158845			AHIN01158845.1	NW_004445129.1
triMan1:AHIN01158849	AHIN01158849			AHIN01158849.1	NW_004445131.1
triMan1:AHIN01158861	AHIN01158861			AHIN01158861.1	NW_004445136.1
triMan1:AHIN01158869	AHIN01158869			AHIN01158869.1	NW_004445140.1
triMan1:AHIN01158870	AHIN01158870			AHIN01158870.1	NW_004445141.1
triMan1:AHIN01158892	AHIN01158892			AHIN01158892.1	NW_004445149.1
triMan1:AHIN01158904	AHIN01158904			AHIN01158904.1	NW_004445154.1
triMan1:AHIN01158921	AHIN01158921			AHIN01158921.1	NW_004445161.1
triMan1:AHIN01158938	AHIN01158938			AHIN01158938.1	NW_004445167.1
triMan1:AHIN01158950	AHIN01158950			AHIN01158950.1	NW_004445172.1
triMan1:AHIN01158966	AHIN01158966			AHIN01158966.1	NW_004445177.1
triMan1:AHIN01158982	AHIN01158982			AHIN01158982.1	NW_004445183.1
triMan1:AHIN01158999	AHIN01158999			AHIN01158999.1	NW_004445190.1
triMan1:AHIN01159123	AHIN01159123			AHIN01159123.1	NW_004445232.1
triMan1:AHIN01159124	AHIN01159124			AHIN01159124.1	NW_004445233.1
triMan1:AHIN01159138	AHIN01159138			AHIN01159138.1	NW_004445239.1
triMan1:AHIN01159145	AHIN01159145			AHIN01159145.1	NW_004445242.1
triMan1:AHIN01159171	AHIN01159171			AHIN01159171.1	NW_004445252.1
triMan1:AHIN01159172	AHIN01159172			AHIN01159172.1	NW_004445253.1
triMan1:AHIN01159202	AHIN01159202			AHIN01159202.1	NW_004445263.1
triMan1:AHIN01159223	AHIN01159223			AHIN01159223.1	NW_004445271.1
triMan1:AHIN01159224	AHIN01159224			AHIN01159224.1	NW_004445272.1
triMan1:AHIN01159265	AHIN01159265			AHIN01159265.1	NW_004445286.1
triMan1:AHIN01159268	AHIN01159268			AHIN01159268.1	NW_004445288.1
triMan1:AHIN01159272	AHIN01159272			AHIN01159272.1	NW_004445290.1
triMan1:AHIN01159279	AHIN01159279			AHIN01159279.1	NW_004445293.1
triMan1:AHIN01159291	AHIN01159291			AHIN01159291.1	NW_004445298.1
triMan1:AHIN01159301	AHIN01159301			AHIN01159301.1	NW_004445302.1
triMan1:AHIN01159314	AHIN01159314			AHIN01159314.1	NW_004445307.1
triMan1:AHIN01159315	AHIN01159315			AHIN01159315.1	NW_004445308.1
triMan1:AHIN01159322	AHIN01159322			AHIN01159322.1	NW_004445311.1
triMan1:AHIN01159338	AHIN01159338			AHIN01159338.1	NW_004445317.1
triMan1:AHIN01159362	AHIN01159362			AHIN01159362.1	NW_004445326.1
triMan1:AHIN01159413	AHIN01159413			AHIN01159413.1	NW_004445344.1
triMan1:AHIN01159445	AHIN01159445			AHIN01159445.1	NW_004445356.1
triMan1:AHIN01159475	AHIN01159475			AHIN01159475.1	NW_004445367.1
triMan1:AHIN01159506	AHIN01159506			AHIN01159506.1	NW_004445379.1
triMan1:AHIN01159563	AHIN01159563			AHIN01159563.1	NW_004445400.1
triMan1:AHIN01159570	AHIN01159570			AHIN01159570.1	NW_004445403.1
triMan1:AHIN01159603	AHIN01159603			AHIN01159603.1	NW_004445415.1
triMan1:AHIN01159604	AHIN01159604			AHIN01159604.1	NW_004445416.1
triMan1:AHIN01159708	AHIN01159708			AHIN01159708.1	NW_004445451.1
triMan1:AHIN01159709	AHIN01159709			AHIN01159709.1	NW_004445452.1
triMan1:AHIN01159716	AHIN01159716			AHIN01159716.1	NW_004445455.1
triMan1:AHIN01159731	AHIN01159731			AHIN01159731.1	NW_004445461.1
triMan1:AHIN01159732	AHIN01159732			AHIN01159732.1	NW_004445462.1
triMan1:AHIN01159735	AHIN01159735			AHIN01159735.1	NW_004445464.1
triMan1:AHIN01159736	AHIN01159736			AHIN01159736.1	NW_004445465.1
triMan1:AHIN01159751	AHIN01159751			AHIN01159751.1	NW_004445471.1
triMan1:AHIN01159778	AHIN01159778			AHIN01159778.1	NW_004445481.1
triMan1:AHIN01159793	AHIN01159793			AHIN01159793.1	NW_004445487.1
triMan1:AHIN01159816	AHIN01159816			AHIN01159816.1	NW_004445497.1
triMan1:AHIN01159834	AHIN01159834			AHIN01159834.1	NW_004445504.1
triMan1:AHIN01159853	AHIN01159853			AHIN01159853.1	NW_004445511.1
triMan1:AHIN01159860	AHIN01159860			AHIN01159860.1	NW_004445514.1
triMan1:AHIN01159861	AHIN01159861			AHIN01159861.1	NW_004445515.1
triMan1:AHIN01159877	AHIN01159877			AHIN01159877.1	NW_004445521.1
triMan1:AHIN01159902	AHIN01159902			AHIN01159902.1	NW_004445530.1
triMan1:AHIN01159941	AHIN01159941			AHIN01159941.1	NW_004445544.1
triMan1:AHIN01159942	AHIN01159942			AHIN01159942.1	NW_004445545.1
triMan1:AHIN01159975	AHIN01159975			AHIN01159975.1	NW_004445557.1
triMan1:AHIN01159978	AHIN01159978			AHIN01159978.1	NW_004445559.1
triMan1:AHIN01159985	AHIN01159985			AHIN01159985.1	NW_004445562.1
triMan1:AHIN01160034	AHIN01160034			AHIN01160034.1	NW_004445579.1
triMan1:AHIN01160047	AHIN01160047			AHIN01160047.1	NW_004445584.1
triMan1:AHIN01160048	AHIN01160048			AHIN01160048.1	NW_004445585.1
triMan1:AHIN01160049	AHIN01160049			AHIN01160049.1	NW_004445586.1
triMan1:AHIN01160107	AHIN01160107			AHIN01160107.1	NW_004445607.1
triMan1:AHIN01160108	AHIN01160108			AHIN01160108.1	NW_004445608.1
triMan1:AHIN01160134	AHIN01160134			AHIN01160134.1	NW_004445619.1
triMan1:AHIN01160161	AHIN01160161			AHIN01160161.1	NW_004445630.1
triMan1:AHIN01160162	AHIN01160162			AHIN01160162.1	NW_004445631.1
triMan1:AHIN01160179	AHIN01160179			AHIN01160179.1	NW_004445638.1
triMan1:AHIN01160185	AHIN01160185			AHIN01160185.1	NW_004445641.1
triMan1:AHIN01160195	AHIN01160195			AHIN01160195.1	NW_004445645.1
triMan1:AHIN01160209	AHIN01160209			AHIN01160209.1	NW_004445651.1
triMan1:AHIN01160221	AHIN01160221			AHIN01160221.1	NW_004445656.1
triMan1:AHIN01160222	AHIN01160222			AHIN01160222.1	NW_004445657.1
triMan1:AHIN01160223	AHIN01160223			AHIN01160223.1	NW_004445658.1
triMan1:AHIN01160229	AHIN01160229			AHIN01160229.1	NW_004445661.1
triMan1:AHIN01160230	AHIN01160230			AHIN01160230.1	NW_004445662.1
triMan1:AHIN01160257	AHIN01160257			AHIN01160257.1	NW_004445673.1
triMan1:AHIN01160275	AHIN01160275			AHIN01160275.1	NW_004445681.1
triMan1:AHIN01160279	AHIN01160279			AHIN01160279.1	NW_004445683.1
triMan1:AHIN01160288	AHIN01160288			AHIN01160288.1	NW_004445687.1
triMan1:AHIN01160294	AHIN01160294			AHIN01160294.1	NW_004445690.1
triMan1:AHIN01160295	AHIN01160295			AHIN01160295.1	NW_004445691.1
triMan1:AHIN01160308	AHIN01160308			AHIN01160308.1	NW_004445697.1
triMan1:AHIN01160312	AHIN01160312			AHIN01160312.1	NW_004445699.1
triMan1:AHIN01160313	AHIN01160313			AHIN01160313.1	NW_004445700.1
triMan1:AHIN01160317	AHIN01160317			AHIN01160317.1	NW_004445702.1
triMan1:AHIN01160318	AHIN01160318			AHIN01160318.1	NW_004445703.1
triMan1:AHIN01160332	AHIN01160332			AHIN01160332.1	NW_004445709.1
triMan1:AHIN01160341	AHIN01160341			AHIN01160341.1	NW_004445713.1
triMan1:AHIN01160345	AHIN01160345			AHIN01160345.1	NW_004445715.1
triMan1:AHIN01160348	AHIN01160348			AHIN01160348.1	NW_004445717.1
triMan1:AHIN01160374	AHIN01160374			AHIN01160374.1	NW_004445729.1
triMan1:AHIN01160375	AHIN01160375			AHIN01160375.1	NW_004445730.1
triMan1:AHIN01160376	AHIN01160376			AHIN01160376.1	NW_004445731.1
triMan1:AHIN01160377	AHIN01160377			AHIN01160377.1	NW_004445732.1
triMan1:AHIN01160384	AHIN01160384			AHIN01160384.1	NW_004445735.1
triMan1:AHIN01160398	AHIN01160398			AHIN01160398.1	NW_004445742.1
triMan1:AHIN01160428	AHIN01160428			AHIN01160428.1	NW_004445754.1
triMan1:AHIN01160432	AHIN01160432			AHIN01160432.1	NW_004445756.1
triMan1:AHIN01160433	AHIN01160433			AHIN01160433.1	NW_004445757.1
triMan1:AHIN01160438	AHIN01160438			AHIN01160438.1	NW_004445760.1
triMan1:AHIN01160441	AHIN01160441			AHIN01160441.1	NW_004445762.1
triMan1:AHIN01160444	AHIN01160444			AHIN01160444.1	NW_004445764.1
triMan1:AHIN01160445	AHIN01160445			AHIN01160445.1	NW_004445765.1
triMan1:AHIN01160453	AHIN01160453			AHIN01160453.1	NW_004445769.1
triMan1:AHIN01160454	AHIN01160454			AHIN01160454.1	NW_004445770.1
triMan1:AHIN01160469	AHIN01160469			AHIN01160469.1	NW_004445777.1
triMan1:AHIN01160473	AHIN01160473			AHIN01160473.1	NW_004445779.1
triMan1:AHIN01160491	AHIN01160491			AHIN01160491.1	NW_004445787.1
triMan1:AHIN01160498	AHIN01160498			AHIN01160498.1	NW_004445791.1
triMan1:AHIN01160515	AHIN01160515			AHIN01160515.1	NW_004445800.1
triMan1:AHIN01160529	AHIN01160529			AHIN01160529.1	NW_004445807.1
triMan1:AHIN01160530	AHIN01160530			AHIN01160530.1	NW_004445808.1
triMan1:AHIN01160531	AHIN01160531			AHIN01160531.1	NW_004445809.1
triMan1:AHIN01160575	AHIN01160575			AHIN01160575.1	NW_004445829.1
triMan1:AHIN01160578	AHIN01160578			AHIN01160578.1	NW_004445831.1
triMan1:AHIN01160585	AHIN01160585			AHIN01160585.1	NW_004445835.1
triMan1:AHIN01160596	AHIN01160596			AHIN01160596.1	NW_004445841.1
triMan1:AHIN01160599	AHIN01160599			AHIN01160599.1	NW_004445843.1
triMan1:AHIN01160600	AHIN01160600			AHIN01160600.1	NW_004445844.1
triMan1:AHIN01160609	AHIN01160609			AHIN01160609.1	NW_004445849.1
triMan1:AHIN01160610	AHIN01160610			AHIN01160610.1	NW_004445850.1
triMan1:AHIN01160616	AHIN01160616			AHIN01160616.1	NW_004445853.1
triMan1:AHIN01160627	AHIN01160627			AHIN01160627.1	NW_004445859.1
triMan1:AHIN01160635	AHIN01160635			AHIN01160635.1	NW_004445863.1
triMan1:AHIN01160657	AHIN01160657			AHIN01160657.1	NW_004445874.1
triMan1:AHIN01160668	AHIN01160668			AHIN01160668.1	NW_004445880.1
triMan1:AHIN01160698	AHIN01160698			AHIN01160698.1	NW_004445895.1
triMan1:AHIN01160709	AHIN01160709			AHIN01160709.1	NW_004445901.1
triMan1:AHIN01160724	AHIN01160724			AHIN01160724.1	NW_004445909.1
triMan1:AHIN01160742	AHIN01160742			AHIN01160742.1	NW_004445918.1
triMan1:AHIN01160754	AHIN01160754			AHIN01160754.1	NW_004445924.1
triMan1:AHIN01160773	AHIN01160773			AHIN01160773.1	NW_004445933.1
triMan1:AHIN01160788	AHIN01160788			AHIN01160788.1	NW_004445941.1
triMan1:AHIN01160797	AHIN01160797			AHIN01160797.1	NW_004445946.1
triMan1:AHIN01160834	AHIN01160834			AHIN01160834.1	NW_004445963.1
triMan1:AHIN01160871	AHIN01160871			AHIN01160871.1	NW_004445981.1
triMan1:AHIN01160888	AHIN01160888			AHIN01160888.1	NW_004445990.1
triMan1:AHIN01160895	AHIN01160895			AHIN01160895.1	NW_004445994.1
triMan1:AHIN01160898	AHIN01160898			AHIN01160898.1	NW_004445996.1
triMan1:AHIN01160901	AHIN01160901			AHIN01160901.1	NW_004445998.1
triMan1:AHIN01160916	AHIN01160916			AHIN01160916.1	NW_004446006.1
triMan1:AHIN01160929	AHIN01160929			AHIN01160929.1	NW_004446013.1
triMan1:AHIN01160942	AHIN01160942			AHIN01160942.1	NW_004446020.1
triMan1:AHIN01160953	AHIN01160953			AHIN01160953.1	NW_004446026.1
triMan1:AHIN01160977	AHIN01160977			AHIN01160977.1	NW_004446038.1
triMan1:AHIN01160980	AHIN01160980			AHIN01160980.1	NW_004446040.1
triMan1:AHIN01161011	AHIN01161011			AHIN01161011.1	NW_004446055.1
triMan1:AHIN01161028	AHIN01161028			AHIN01161028.1	NW_004446063.1
triMan1:AHIN01161049	AHIN01161049			AHIN01161049.1	NW_004446074.1
triMan1:AHIN01161058	AHIN01161058			AHIN01161058.1	NW_004446079.1
triMan1:AHIN01161059	AHIN01161059			AHIN01161059.1	NW_004446080.1
triMan1:AHIN01161070	AHIN01161070			AHIN01161070.1	NW_004446086.1
triMan1:AHIN01161092	AHIN01161092			AHIN01161092.1	NW_004446097.1
triMan1:AHIN01161145	AHIN01161145			AHIN01161145.1	NW_004446123.1
triMan1:AHIN01161154	AHIN01161154			AHIN01161154.1	NW_004446128.1
triMan1:AHIN01161169	AHIN01161169			AHIN01161169.1	NW_004446136.1
triMan1:AHIN01161172	AHIN01161172			AHIN01161172.1	NW_004446138.1
triMan1:AHIN01161177	AHIN01161177			AHIN01161177.1	NW_004446141.1
triMan1:AHIN01161190	AHIN01161190			AHIN01161190.1	NW_004446148.1
triMan1:AHIN01161207	AHIN01161207			AHIN01161207.1	NW_004446157.1
triMan1:AHIN01161212	AHIN01161212			AHIN01161212.1	NW_004446160.1
triMan1:AHIN01161242	AHIN01161242			AHIN01161242.1	NW_004446175.1
triMan1:AHIN01161257	AHIN01161257			AHIN01161257.1	NW_004446183.1
triMan1:AHIN01161295	AHIN01161295			AHIN01161295.1	NW_004446202.1
triMan1:AHIN01161308	AHIN01161308			AHIN01161308.1	NW_004446209.1
triMan1:AHIN01161309	AHIN01161309			AHIN01161309.1	NW_004446210.1
triMan1:AHIN01161340	AHIN01161340			AHIN01161340.1	NW_004446226.1
triMan1:AHIN01161383	AHIN01161383			AHIN01161383.1	NW_004446248.1
triMan1:AHIN01161395	AHIN01161395			AHIN01161395.1	NW_004446254.1
triMan1:AHIN01161398	AHIN01161398			AHIN01161398.1	NW_004446256.1
triMan1:AHIN01161444	AHIN01161444			AHIN01161444.1	NW_004446279.1
triMan1:AHIN01161456	AHIN01161456			AHIN01161456.1	NW_004446285.1
triMan1:AHIN01161466	AHIN01161466			AHIN01161466.1	NW_004446290.1
triMan1:AHIN01161535	AHIN01161535			AHIN01161535.1	NW_004446325.1
triMan1:AHIN01161548	AHIN01161548			AHIN01161548.1	NW_004446332.1
triMan1:AHIN01161551	AHIN01161551			AHIN01161551.1	NW_004446334.1
triMan1:AHIN01161584	AHIN01161584			AHIN01161584.1	NW_004446350.1
triMan1:AHIN01161591	AHIN01161591			AHIN01161591.1	NW_004446354.1
triMan1:AHIN01161632	AHIN01161632			AHIN01161632.1	NW_004446375.1
triMan1:AHIN01161651	AHIN01161651			AHIN01161651.1	NW_004446385.1
triMan1:AHIN01161708	AHIN01161708			AHIN01161708.1	NW_004446414.1
triMan1:AHIN01161758	AHIN01161758			AHIN01161758.1	NW_004446439.1
triMan1:AHIN01161773	AHIN01161773			AHIN01161773.1	NW_004446447.1
triMan1:AHIN01161814	AHIN01161814			AHIN01161814.1	NW_004446468.1
triMan1:AHIN01161858	AHIN01161858			AHIN01161858.1	NW_004446489.1
triMan1:AHIN01161859	AHIN01161859			AHIN01161859.1	NW_004446490.1
triMan1:AHIN01161992	AHIN01161992			AHIN01161992.1	NW_004446556.1
triMan1:AHIN01162147	AHIN01162147			AHIN01162147.1	NW_004446634.1
triMan1:AHIN01162176	AHIN01162176			AHIN01162176.1	NW_004446649.1
triMan1:AHIN01162191	AHIN01162191			AHIN01162191.1	NW_004446657.1
triMan1:AHIN01162204	AHIN01162204			AHIN01162204.1	NW_004446664.1
triMan1:AHIN01162205	AHIN01162205			AHIN01162205.1	NW_004446665.1
triMan1:AHIN01162242	AHIN01162242			AHIN01162242.1	NW_004446684.1
triMan1:AHIN01162259	AHIN01162259			AHIN01162259.1	NW_004446693.1
triMan1:AHIN01162326	AHIN01162326			AHIN01162326.1	NW_004446727.1
triMan1:AHIN01162339	AHIN01162339			AHIN01162339.1	NW_004446734.1
triMan1:AHIN01162348	AHIN01162348			AHIN01162348.1	NW_004446739.1
triMan1:AHIN01162359	AHIN01162359			AHIN01162359.1	NW_004446745.1
triMan1:AHIN01162360	AHIN01162360			AHIN01162360.1	NW_004446746.1
triMan1:AHIN01162371	AHIN01162371			AHIN01162371.1	NW_004446752.1
triMan1:AHIN01162426	AHIN01162426			AHIN01162426.1	NW_004446780.1
triMan1:AHIN01162431	AHIN01162431			AHIN01162431.1	NW_004446783.1
triMan1:AHIN01162454	AHIN01162454			AHIN01162454.1	NW_004446795.1
triMan1:AHIN01162495	AHIN01162495			AHIN01162495.1	NW_004446816.1
triMan1:AHIN01162496	AHIN01162496			AHIN01162496.1	NW_004446817.1
triMan1:AHIN01162547	AHIN01162547			AHIN01162547.1	NW_004446843.1
triMan1:AHIN01162552	AHIN01162552			AHIN01162552.1	NW_004446846.1
triMan1:AHIN01162565	AHIN01162565			AHIN01162565.1	NW_004446853.1
triMan1:AHIN01162580	AHIN01162580			AHIN01162580.1	NW_004446861.1
triMan1:AHIN01162601	AHIN01162601			AHIN01162601.1	NW_004446872.1
triMan1:AHIN01162602	AHIN01162602			AHIN01162602.1	NW_004446873.1
triMan1:AHIN01162611	AHIN01162611			AHIN01162611.1	NW_004446878.1
triMan1:AHIN01162627	AHIN01162627			AHIN01162627.1	NW_004446886.1
triMan1:AHIN01162700	AHIN01162700			AHIN01162700.1	NW_004446923.1
triMan1:AHIN01162711	AHIN01162711			AHIN01162711.1	NW_004446929.1
triMan1:AHIN01162736	AHIN01162736			AHIN01162736.1	NW_004446942.1
triMan1:AHIN01162761	AHIN01162761			AHIN01162761.1	NW_004446955.1
triMan1:AHIN01162766	AHIN01162766			AHIN01162766.1	NW_004446958.1
triMan1:AHIN01162771	AHIN01162771			AHIN01162771.1	NW_004446961.1
triMan1:AHIN01162778	AHIN01162778			AHIN01162778.1	NW_004446965.1
triMan1:AHIN01162793	AHIN01162793			AHIN01162793.1	NW_004446973.1
triMan1:AHIN01162814	AHIN01162814			AHIN01162814.1	NW_004446984.1
triMan1:AHIN01162819	AHIN01162819			AHIN01162819.1	NW_004446987.1
triMan1:AHIN01162838	AHIN01162838			AHIN01162838.1	NW_004446997.1
triMan1:AHIN01162841	AHIN01162841			AHIN01162841.1	NW_004446999.1
triMan1:AHIN01162880	AHIN01162880			AHIN01162880.1	NW_004447019.1
triMan1:AHIN01162889	AHIN01162889			AHIN01162889.1	NW_004447024.1
triMan1:AHIN01162892	AHIN01162892			AHIN01162892.1	NW_004447026.1
triMan1:AHIN01162895	AHIN01162895			AHIN01162895.1	NW_004447028.1
triMan1:AHIN01162956	AHIN01162956			AHIN01162956.1	NW_004447059.1
triMan1:AHIN01162991	AHIN01162991			AHIN01162991.1	NW_004447077.1
triMan1:AHIN01163010	AHIN01163010			AHIN01163010.1	NW_004447087.1
triMan1:AHIN01163011	AHIN01163011			AHIN01163011.1	NW_004447088.1
triMan1:AHIN01163018	AHIN01163018			AHIN01163018.1	NW_004447092.1
triMan1:AHIN01163023	AHIN01163023			AHIN01163023.1	NW_004447095.1
triMan1:AHIN01163024	AHIN01163024			AHIN01163024.1	NW_004447096.1
triMan1:AHIN01163029	AHIN01163029			AHIN01163029.1	NW_004447099.1
triMan1:AHIN01163034	AHIN01163034			AHIN01163034.1	NW_004447102.1
triMan1:AHIN01163053	AHIN01163053			AHIN01163053.1	NW_004447112.1
triMan1:AHIN01163070	AHIN01163070			AHIN01163070.1	NW_004447121.1
triMan1:AHIN01163073	AHIN01163073			AHIN01163073.1	NW_004447123.1
triMan1:AHIN01163088	AHIN01163088			AHIN01163088.1	NW_004447131.1
triMan1:AHIN01163121	AHIN01163121			AHIN01163121.1	NW_004447148.1
triMan1:AHIN01163132	AHIN01163132			AHIN01163132.1	NW_004447154.1
triMan1:AHIN01163147	AHIN01163147			AHIN01163147.1	NW_004447162.1
triMan1:AHIN01163148	AHIN01163148			AHIN01163148.1	NW_004447163.1
triMan1:AHIN01163162	AHIN01163162			AHIN01163162.1	NW_004447170.1
triMan1:AHIN01163165	AHIN01163165			AHIN01163165.1	NW_004447172.1
triMan1:AHIN01163178	AHIN01163178			AHIN01163178.1	NW_004447179.1
triMan1:AHIN01163185	AHIN01163185			AHIN01163185.1	NW_004447183.1
triMan1:AHIN01163186	AHIN01163186			AHIN01163186.1	NW_004447184.1
triMan1:AHIN01163191	AHIN01163191			AHIN01163191.1	NW_004447187.1
triMan1:AHIN01163194	AHIN01163194			AHIN01163194.1	NW_004447189.1
triMan1:AHIN01163199	AHIN01163199			AHIN01163199.1	NW_004447192.1
triMan1:AHIN01163206	AHIN01163206			AHIN01163206.1	NW_004447196.1
triMan1:AHIN01163229	AHIN01163229			AHIN01163229.1	NW_004447208.1
triMan1:AHIN01163258	AHIN01163258			AHIN01163258.1	NW_004447223.1
triMan1:AHIN01163283	AHIN01163283			AHIN01163283.1	NW_004447236.1
triMan1:AHIN01163296	AHIN01163296			AHIN01163296.1	NW_004447243.1
triMan1:AHIN01163335	AHIN01163335			AHIN01163335.1	NW_004447263.1
triMan1:AHIN01163336	AHIN01163336			AHIN01163336.1	NW_004447264.1
triMan1:AHIN01163337	AHIN01163337			AHIN01163337.1	NW_004447265.1
triMan1:AHIN01163338	AHIN01163338			AHIN01163338.1	NW_004447266.1
triMan1:AHIN01163343	AHIN01163343			AHIN01163343.1	NW_004447269.1
triMan1:AHIN01163364	AHIN01163364			AHIN01163364.1	NW_004447280.1
triMan1:AHIN01163367	AHIN01163367			AHIN01163367.1	NW_004447282.1
triMan1:AHIN01163372	AHIN01163372			AHIN01163372.1	NW_004447285.1
triMan1:AHIN01163381	AHIN01163381			AHIN01163381.1	NW_004447290.1
triMan1:AHIN01163384	AHIN01163384			AHIN01163384.1	NW_004447292.1
triMan1:AHIN01163397	AHIN01163397			AHIN01163397.1	NW_004447299.1
triMan1:AHIN01163398	AHIN01163398			AHIN01163398.1	NW_004447300.1
triMan1:AHIN01163401	AHIN01163401			AHIN01163401.1	NW_004447302.1
triMan1:AHIN01163408	AHIN01163408			AHIN01163408.1	NW_004447306.1
triMan1:AHIN01163421	AHIN01163421			AHIN01163421.1	NW_004447313.1
triMan1:AHIN01163422	AHIN01163422			AHIN01163422.1	NW_004447314.1
triMan1:AHIN01163433	AHIN01163433			AHIN01163433.1	NW_004447320.1
triMan1:AHIN01163438	AHIN01163438			AHIN01163438.1	NW_004447323.1
triMan1:AHIN01163439	AHIN01163439			AHIN01163439.1	NW_004447324.1
triMan1:AHIN01163442	AHIN01163442			AHIN01163442.1	NW_004447326.1
triMan1:AHIN01163453	AHIN01163453			AHIN01163453.1	NW_004447332.1
triMan1:AHIN01163456	AHIN01163456			AHIN01163456.1	NW_004447334.1
triMan1:AHIN01163461	AHIN01163461			AHIN01163461.1	NW_004447337.1
triMan1:AHIN01163470	AHIN01163470			AHIN01163470.1	NW_004447342.1
triMan1:AHIN01163475	AHIN01163475			AHIN01163475.1	NW_004447345.1
triMan1:AHIN01163478	AHIN01163478			AHIN01163478.1	NW_004447347.1
triMan1:AHIN01163479	AHIN01163479			AHIN01163479.1	NW_004447348.1
triMan1:AHIN01163488	AHIN01163488			AHIN01163488.1	NW_004447353.1
triMan1:AHIN01163489	AHIN01163489			AHIN01163489.1	NW_004447354.1
triMan1:AHIN01163492	AHIN01163492			AHIN01163492.1	NW_004447356.1
triMan1:AHIN01163497	AHIN01163497			AHIN01163497.1	NW_004447359.1
triMan1:AHIN01163500	AHIN01163500			AHIN01163500.1	NW_004447361.1
triMan1:AHIN01163503	AHIN01163503			AHIN01163503.1	NW_004447363.1
triMan1:AHIN01163516	AHIN01163516			AHIN01163516.1	NW_004447370.1
triMan1:AHIN01163517	AHIN01163517			AHIN01163517.1	NW_004447371.1
triMan1:AHIN01163518	AHIN01163518			AHIN01163518.1	NW_004447372.1
triMan1:AHIN01163523	AHIN01163523			AHIN01163523.1	NW_004447375.1
triMan1:AHIN01163538	AHIN01163538			AHIN01163538.1	NW_004447383.1
triMan1:AHIN01163549	AHIN01163549			AHIN01163549.1	NW_004447389.1
triMan1:AHIN01163560	AHIN01163560			AHIN01163560.1	NW_004447395.1
triMan1:AHIN01163563	AHIN01163563			AHIN01163563.1	NW_004447397.1
triMan1:AHIN01163564	AHIN01163564			AHIN01163564.1	NW_004447398.1
triMan1:AHIN01163571	AHIN01163571			AHIN01163571.1	NW_004447402.1
triMan1:AHIN01163576	AHIN01163576			AHIN01163576.1	NW_004447405.1
triMan1:AHIN01163579	AHIN01163579			AHIN01163579.1	NW_004447407.1
triMan1:AHIN01163580	AHIN01163580			AHIN01163580.1	NW_004447408.1
triMan1:AHIN01163581	AHIN01163581			AHIN01163581.1	NW_004447409.1
triMan1:AHIN01163582	AHIN01163582			AHIN01163582.1	NW_004447410.1
triMan1:AHIN01163583	AHIN01163583			AHIN01163583.1	NW_004447411.1
triMan1:AHIN01163586	AHIN01163586			AHIN01163586.1	NW_004447413.1
triMan1:AHIN01163587	AHIN01163587			AHIN01163587.1	NW_004447414.1
triMan1:AHIN01163588	AHIN01163588			AHIN01163588.1	NW_004447415.1
triMan1:AHIN01163589	AHIN01163589			AHIN01163589.1	NW_004447416.1
triMan1:AHIN01163590	AHIN01163590			AHIN01163590.1	NW_004447417.1
triMan1:AHIN01163591	AHIN01163591			AHIN01163591.1	NW_004447418.1
triMan1:AHIN01163592	AHIN01163592			AHIN01163592.1	NW_004447419.1
triMan1:AHIN01163595	AHIN01163595			AHIN01163595.1	NW_004447421.1
triMan1:AHIN01163596	AHIN01163596			AHIN01163596.1	NW_004447422.1
triMan1:AHIN01163599	AHIN01163599			AHIN01163599.1	NW_004447424.1
triMan1:AHIN01163604	AHIN01163604			AHIN01163604.1	NW_004447427.1
triMan1:AHIN01163609	AHIN01163609			AHIN01163609.1	NW_004447430.1
triMan1:AHIN01163610	AHIN01163610			AHIN01163610.1	NW_004447431.1
triMan1:AHIN01163615	AHIN01163615			AHIN01163615.1	NW_004447434.1
triMan1:AHIN01163616	AHIN01163616			AHIN01163616.1	NW_004447435.1
triMan1:AHIN01163619	AHIN01163619			AHIN01163619.1	NW_004447437.1
triMan1:AHIN01163620	AHIN01163620			AHIN01163620.1	NW_004447438.1
triMan1:AHIN01163621	AHIN01163621			AHIN01163621.1	NW_004447439.1
triMan1:AHIN01163622	AHIN01163622			AHIN01163622.1	NW_004447440.1
triMan1:AHIN01163626	AHIN01163626			AHIN01163626.1	NW_004447442.1
triMan1:AHIN01163629	AHIN01163629			AHIN01163629.1	NW_004447444.1
triMan1:AHIN01163636	AHIN01163636			AHIN01163636.1	NW_004447448.1
triMan1:AHIN01163651	AHIN01163651			AHIN01163651.1	NW_004447456.1
triMan1:AHIN01163656	AHIN01163656			AHIN01163656.1	NW_004447459.1
triMan1:AHIN01163659	AHIN01163659			AHIN01163659.1	NW_004447461.1
triMan1:AHIN01163662	AHIN01163662			AHIN01163662.1	NW_004447463.1
triMan1:AHIN01163663	AHIN01163663			AHIN01163663.1	NW_004447464.1
triMan1:AHIN01163664	AHIN01163664			AHIN01163664.1	NW_004447465.1
triMan1:AHIN01163667	AHIN01163667			AHIN01163667.1	NW_004447467.1
triMan1:AHIN01163670	AHIN01163670			AHIN01163670.1	NW_004447469.1
triMan1:AHIN01163671	AHIN01163671			AHIN01163671.1	NW_004447470.1
triMan1:AHIN01163676	AHIN01163676			AHIN01163676.1	NW_004447473.1
triMan1:AHIN01163679	AHIN01163679			AHIN01163679.1	NW_004447475.1
triMan1:AHIN01163680	AHIN01163680			AHIN01163680.1	NW_004447476.1
triMan1:AHIN01163681	AHIN01163681			AHIN01163681.1	NW_004447477.1
triMan1:AHIN01163682	AHIN01163682			AHIN01163682.1	NW_004447478.1
triMan1:AHIN01163683	AHIN01163683			AHIN01163683.1	NW_004447479.1
triMan1:AHIN01163684	AHIN01163684			AHIN01163684.1	NW_004447480.1
triMan1:AHIN01163685	AHIN01163685			AHIN01163685.1	NW_004447481.1
triMan1:AHIN01163690	AHIN01163690			AHIN01163690.1	NW_004447484.1
triMan1:AHIN01163691	AHIN01163691			AHIN01163691.1	NW_004447485.1
triMan1:AHIN01163692	AHIN01163692			AHIN01163692.1	NW_004447486.1
triMan1:AHIN01163693	AHIN01163693			AHIN01163693.1	NW_004447487.1
triMan1:AHIN01163694	AHIN01163694			AHIN01163694.1	NW_004447488.1
triMan1:AHIN01163695	AHIN01163695			AHIN01163695.1	NW_004447489.1
triMan1:AHIN01163696	AHIN01163696			AHIN01163696.1	NW_004447490.1
triMan1:AHIN01163697	AHIN01163697			AHIN01163697.1	NW_004447491.1
triMan1:AHIN01163698	AHIN01163698			AHIN01163698.1	NW_004447492.1
triMan1:AHIN01163701	AHIN01163701			AHIN01163701.1	NW_004447494.1
triMan1:AHIN01163704	AHIN01163704			AHIN01163704.1	NW_004447496.1
triMan1:AHIN01163705	AHIN01163705			AHIN01163705.1	NW_004447497.1
triMan1:AHIN01163706	AHIN01163706			AHIN01163706.1	NW_004447498.1
triMan1:AHIN01163711	AHIN01163711			AHIN01163711.1	NW_004447501.1
triMan1:AHIN01163714	AHIN01163714			AHIN01163714.1	NW_004447503.1
triMan1:AHIN01163715	AHIN01163715			AHIN01163715.1	NW_004447504.1
triMan1:AHIN01163718	AHIN01163718			AHIN01163718.1	NW_004447506.1
triMan1:AHIN01163721	AHIN01163721			AHIN01163721.1	NW_004447508.1
triMan1:AHIN01163722	AHIN01163722			AHIN01163722.1	NW_004447509.1
triMan1:AHIN01163723	AHIN01163723			AHIN01163723.1	NW_004447510.1
triMan1:AHIN01163726	AHIN01163726			AHIN01163726.1	NW_004447512.1
triMan1:AHIN01163727	AHIN01163727			AHIN01163727.1	NW_004447513.1
triMan1:AHIN01163730	AHIN01163730			AHIN01163730.1	NW_004447515.1
triMan1:AHIN01163731	AHIN01163731			AHIN01163731.1	NW_004447516.1
triMan1:AHIN01163732	AHIN01163732			AHIN01163732.1	NW_004447517.1
triMan1:AHIN01163733	AHIN01163733			AHIN01163733.1	NW_004447518.1
triMan1:AHIN01163734	AHIN01163734			AHIN01163734.1	NW_004447519.1
triMan1:AHIN01163739	AHIN01163739			AHIN01163739.1	NW_004447522.1
triMan1:AHIN01163740	AHIN01163740			AHIN01163740.1	NW_004447523.1
triMan1:AHIN01163745	AHIN01163745			AHIN01163745.1	NW_004447526.1
triMan1:AHIN01163748	AHIN01163748			AHIN01163748.1	NW_004447528.1
triMan1:AHIN01163749	AHIN01163749			AHIN01163749.1	NW_004447529.1
triMan1:AHIN01163750	AHIN01163750			AHIN01163750.1	NW_004447530.1
triMan1:AHIN01163753	AHIN01163753			AHIN01163753.1	NW_004447532.1
triMan1:AHIN01163754	AHIN01163754			AHIN01163754.1	NW_004447533.1
triMan1:AHIN01163755	AHIN01163755			AHIN01163755.1	NW_004447534.1
triMan1:AHIN01163756	AHIN01163756			AHIN01163756.1	NW_004447535.1
triMan1:AHIN01163757	AHIN01163757			AHIN01163757.1	NW_004447536.1
triMan1:AHIN01163758	AHIN01163758			AHIN01163758.1	NW_004447537.1
triMan1:AHIN01163763	AHIN01163763			AHIN01163763.1	NW_004447540.1
triMan1:AHIN01163764	AHIN01163764			AHIN01163764.1	NW_004447541.1
triMan1:AHIN01163769	AHIN01163769			AHIN01163769.1	NW_004447544.1
triMan1:AHIN01163770	AHIN01163770			AHIN01163770.1	NW_004447545.1
triMan1:AHIN01163771	AHIN01163771			AHIN01163771.1	NW_004447546.1
triMan1:AHIN01163772	AHIN01163772			AHIN01163772.1	NW_004447547.1
triMan1:AHIN01163775	AHIN01163775			AHIN01163775.1	NW_004447549.1
triMan1:AHIN01163776	AHIN01163776			AHIN01163776.1	NW_004447550.1
triMan1:AHIN01163777	AHIN01163777			AHIN01163777.1	NW_004447551.1
triMan1:AHIN01163780	AHIN01163780			AHIN01163780.1	NW_004447553.1
triMan1:AHIN01163781	AHIN01163781			AHIN01163781.1	NW_004447554.1
triMan1:AHIN01163784	AHIN01163784			AHIN01163784.1	NW_004447556.1
triMan1:AHIN01163785	AHIN01163785			AHIN01163785.1	NW_004447557.1
triMan1:AHIN01163786	AHIN01163786			AHIN01163786.1	NW_004447558.1
triMan1:AHIN01163787	AHIN01163787			AHIN01163787.1	NW_004447559.1
triMan1:AHIN01163790	AHIN01163790			AHIN01163790.1	NW_004447561.1
triMan1:AHIN01163791	AHIN01163791			AHIN01163791.1	NW_004447562.1
triMan1:AHIN01163794	AHIN01163794			AHIN01163794.1	NW_004447564.1
triMan1:AHIN01163795	AHIN01163795			AHIN01163795.1	NW_004447565.1
triMan1:AHIN01163796	AHIN01163796			AHIN01163796.1	NW_004447566.1
triMan1:AHIN01163797	AHIN01163797			AHIN01163797.1	NW_004447567.1
triMan1:AHIN01163798	AHIN01163798			AHIN01163798.1	NW_004447568.1
triMan1:AHIN01163799	AHIN01163799			AHIN01163799.1	NW_004447569.1
triMan1:AHIN01163800	AHIN01163800			AHIN01163800.1	NW_004447570.1
triMan1:AHIN01163801	AHIN01163801			AHIN01163801.1	NW_004447571.1
triMan1:AHIN01163802	AHIN01163802			AHIN01163802.1	NW_004447572.1
triMan1:AHIN01163803	AHIN01163803			AHIN01163803.1	NW_004447573.1
triMan1:AHIN01163804	AHIN01163804			AHIN01163804.1	NW_004447574.1
triMan1:AHIN01163805	AHIN01163805			AHIN01163805.1	NW_004447575.1
triMan1:AHIN01163806	AHIN01163806			AHIN01163806.1	NW_004447576.1
triMan1:AHIN01163807	AHIN01163807			AHIN01163807.1	NW_004447577.1
triMan1:AHIN01163808	AHIN01163808			AHIN01163808.1	NW_004447578.1
triMan1:AHIN01163809	AHIN01163809			AHIN01163809.1	NW_004447579.1
triMan1:AHIN01163810	AHIN01163810			AHIN01163810.1	NW_004447580.1
triMan1:AHIN01163811	AHIN01163811			AHIN01163811.1	NW_004447581.1
triMan1:AHIN01163812	AHIN01163812			AHIN01163812.1	NW_004447582.1
triMan1:AHIN01163813	AHIN01163813			AHIN01163813.1	NW_004447583.1
triMan1:AHIN01163814	AHIN01163814			AHIN01163814.1	NW_004447584.1
triMan1:AHIN01163815	AHIN01163815			AHIN01163815.1	NW_004447585.1
triMan1:AHIN01163816	AHIN01163816			AHIN01163816.1	NW_004447586.1
triMan1:AHIN01163817	AHIN01163817			AHIN01163817.1	NW_004447587.1
triMan1:AHIN01163818	AHIN01163818			AHIN01163818.1	NW_004447588.1
triMan1:AHIN01163819	AHIN01163819			AHIN01163819.1	NW_004447589.1
triMan1:AHIN01163822	AHIN01163822			AHIN01163822.1	NW_004447591.1
triMan1:AHIN01163823	AHIN01163823			AHIN01163823.1	NW_004447592.1
triMan1:AHIN01163824	AHIN01163824			AHIN01163824.1	NW_004447593.1
triMan1:AHIN01163825	AHIN01163825			AHIN01163825.1	NW_004447594.1
triMan1:AHIN01163826	AHIN01163826			AHIN01163826.1	NW_004447595.1
triMan1:AHIN01163827	AHIN01163827			AHIN01163827.1	NW_004447596.1
triMan1:AHIN01163828	AHIN01163828			AHIN01163828.1	NW_004447597.1
triMan1:AHIN01163829	AHIN01163829			AHIN01163829.1	NW_004447598.1
triMan1:AHIN01163830	AHIN01163830			AHIN01163830.1	NW_004447599.1
triMan1:AHIN01163831	AHIN01163831			AHIN01163831.1	NW_004447600.1
triMan1:AHIN01163832	AHIN01163832			AHIN01163832.1	NW_004447601.1
triMan1:AHIN01163833	AHIN01163833			AHIN01163833.1	NW_004447602.1
triMan1:AHIN01163834	AHIN01163834			AHIN01163834.1	NW_004447603.1
triMan1:AHIN01163835	AHIN01163835			AHIN01163835.1	NW_004447604.1
triMan1:AHIN01163836	AHIN01163836			AHIN01163836.1	NW_004447605.1
triMan1:AHIN01163837	AHIN01163837			AHIN01163837.1	NW_004447606.1
triMan1:AHIN01163838	AHIN01163838			AHIN01163838.1	NW_004447607.1
triMan1:AHIN01163839	AHIN01163839			AHIN01163839.1	NW_004447608.1
triMan1:AHIN01163840	AHIN01163840			AHIN01163840.1	NW_004447609.1
triMan1:AHIN01163841	AHIN01163841			AHIN01163841.1	NW_004447610.1
triMan1:AHIN01163842	AHIN01163842			AHIN01163842.1	NW_004447611.1
triMan1:AHIN01163843	AHIN01163843			AHIN01163843.1	NW_004447612.1
triMan1:AHIN01163844	AHIN01163844			AHIN01163844.1	NW_004447613.1
triMan1:AHIN01163845	AHIN01163845			AHIN01163845.1	NW_004447614.1
triMan1:AHIN01163846	AHIN01163846			AHIN01163846.1	NW_004447615.1
triMan1:AHIN01163847	AHIN01163847			AHIN01163847.1	NW_004447616.1
triMan1:AHIN01163848	AHIN01163848			AHIN01163848.1	NW_004447617.1
triMan1:AHIN01163849	AHIN01163849			AHIN01163849.1	NW_004447618.1
triMan1:AHIN01163850	AHIN01163850			AHIN01163850.1	NW_004447619.1
triMan1:AHIN01163851	AHIN01163851			AHIN01163851.1	NW_004447620.1
triMan1:AHIN01163852	AHIN01163852			AHIN01163852.1	NW_004447621.1
triMan1:AHIN01163853	AHIN01163853			AHIN01163853.1	NW_004447622.1
triMan1:AHIN01163854	AHIN01163854			AHIN01163854.1	NW_004447623.1
triMan1:AHIN01163855	AHIN01163855			AHIN01163855.1	NW_004447624.1
triMan1:AHIN01163856	AHIN01163856			AHIN01163856.1	NW_004447625.1
triMan1:AHIN01163857	AHIN01163857			AHIN01163857.1	NW_004447626.1
triMan1:AHIN01163858	AHIN01163858			AHIN01163858.1	NW_004447627.1
triMan1:AHIN01163859	AHIN01163859			AHIN01163859.1	NW_004447628.1
triMan1:AHIN01163860	AHIN01163860			AHIN01163860.1	NW_004447629.1
triMan1:AHIN01163861	AHIN01163861			AHIN01163861.1	NW_004447630.1
triMan1:AHIN01163862	AHIN01163862			AHIN01163862.1	NW_004447631.1
triMan1:AHIN01163863	AHIN01163863			AHIN01163863.1	NW_004447632.1
triMan1:AHIN01163864	AHIN01163864			AHIN01163864.1	NW_004447633.1
triMan1:AHIN01163865	AHIN01163865			AHIN01163865.1	NW_004447634.1
triMan1:AHIN01163866	AHIN01163866			AHIN01163866.1	NW_004447635.1
triMan1:AHIN01163867	AHIN01163867			AHIN01163867.1	NW_004447636.1
triMan1:AHIN01163868	AHIN01163868			AHIN01163868.1	NW_004447637.1
triMan1:AHIN01163869	AHIN01163869			AHIN01163869.1	NW_004447638.1
triMan1:AHIN01163870	AHIN01163870			AHIN01163870.1	NW_004447639.1
triMan1:AHIN01163871	AHIN01163871			AHIN01163871.1	NW_004447640.1
triMan1:AHIN01163872	AHIN01163872			AHIN01163872.1	NW_004447641.1
triMan1:AHIN01163873	AHIN01163873			AHIN01163873.1	NW_004447642.1
triMan1:AHIN01163874	AHIN01163874			AHIN01163874.1	NW_004447643.1
triMan1:AHIN01163875	AHIN01163875			AHIN01163875.1	NW_004447644.1
triMan1:AHIN01163876	AHIN01163876			AHIN01163876.1	NW_004447645.1
triMan1:AHIN01163877	AHIN01163877			AHIN01163877.1	NW_004447646.1
triMan1:AHIN01163878	AHIN01163878			AHIN01163878.1	NW_004447647.1
triMan1:AHIN01163879	AHIN01163879			AHIN01163879.1	NW_004447648.1
triMan1:AHIN01163880	AHIN01163880			AHIN01163880.1	NW_004447649.1
triMan1:AHIN01163881	AHIN01163881			AHIN01163881.1	NW_004447650.1
triMan1:AHIN01163882	AHIN01163882			AHIN01163882.1	NW_004447651.1
triMan1:AHIN01163883	AHIN01163883			AHIN01163883.1	NW_004447652.1
triMan1:AHIN01163884	AHIN01163884			AHIN01163884.1	NW_004447653.1
triMan1:AHIN01163885	AHIN01163885			AHIN01163885.1	NW_004447654.1
triMan1:AHIN01163886	AHIN01163886			AHIN01163886.1	NW_004447655.1
triMan1:AHIN01163887	AHIN01163887			AHIN01163887.1	NW_004447656.1
triMan1:AHIN01163888	AHIN01163888			AHIN01163888.1	NW_004447657.1
triMan1:AHIN01163889	AHIN01163889			AHIN01163889.1	NW_004447658.1
triMan1:AHIN01163890	AHIN01163890			AHIN01163890.1	NW_004447659.1
triMan1:AHIN01163891	AHIN01163891			AHIN01163891.1	NW_004447660.1
triMan1:AHIN01163892	AHIN01163892			AHIN01163892.1	NW_004447661.1
triMan1:AHIN01163893	AHIN01163893			AHIN01163893.1	NW_004447662.1
triMan1:AHIN01163894	AHIN01163894			AHIN01163894.1	NW_004447663.1
triMan1:AHIN01163895	AHIN01163895			AHIN01163895.1	NW_004447664.1
triMan1:AHIN01163896	AHIN01163896			AHIN01163896.1	NW_004447665.1
triMan1:AHIN01163897	AHIN01163897			AHIN01163897.1	NW_004447666.1
triMan1:AHIN01163898	AHIN01163898			AHIN01163898.1	NW_004447667.1
triMan1:AHIN01163899	AHIN01163899			AHIN01163899.1	NW_004447668.1
triMan1:AHIN01163900	AHIN01163900			AHIN01163900.1	NW_004447669.1
triMan1:AHIN01163901	AHIN01163901			AHIN01163901.1	NW_004447670.1
triMan1:AHIN01163902	AHIN01163902			AHIN01163902.1	NW_004447671.1
triMan1:AHIN01163903	AHIN01163903			AHIN01163903.1	NW_004447672.1
triMan1:AHIN01163904	AHIN01163904			AHIN01163904.1	NW_004447673.1
triMan1:AHIN01163905	AHIN01163905			AHIN01163905.1	NW_004447674.1
triMan1:AHIN01163906	AHIN01163906			AHIN01163906.1	NW_004447675.1
triMan1:AHIN01163907	AHIN01163907			AHIN01163907.1	NW_004447676.1
triMan1:AHIN01163908	AHIN01163908			AHIN01163908.1	NW_004447677.1
triMan1:AHIN01163909	AHIN01163909			AHIN01163909.1	NW_004447678.1
triMan1:AHIN01163910	AHIN01163910			AHIN01163910.1	NW_004447679.1
triMan1:AHIN01163911	AHIN01163911			AHIN01163911.1	NW_004447680.1
triMan1:AHIN01163912	AHIN01163912			AHIN01163912.1	NW_004447681.1
triMan1:AHIN01163913	AHIN01163913			AHIN01163913.1	NW_004447682.1
triMan1:AHIN01163914	AHIN01163914			AHIN01163914.1	NW_004447683.1
triMan1:AHIN01163915	AHIN01163915			AHIN01163915.1	NW_004447684.1
triMan1:AHIN01163916	AHIN01163916			AHIN01163916.1	NW_004447685.1
triMan1:AHIN01163917	AHIN01163917			AHIN01163917.1	NW_004447686.1
triMan1:AHIN01163918	AHIN01163918			AHIN01163918.1	NW_004447687.1
triMan1:AHIN01163919	AHIN01163919			AHIN01163919.1	NW_004447688.1
triMan1:AHIN01163920	AHIN01163920			AHIN01163920.1	NW_004447689.1
triMan1:AHIN01163921	AHIN01163921			AHIN01163921.1	NW_004447690.1
triMan1:AHIN01163922	AHIN01163922			AHIN01163922.1	NW_004447691.1
triMan1:AHIN01163923	AHIN01163923			AHIN01163923.1	NW_004447692.1
triMan1:AHIN01163924	AHIN01163924			AHIN01163924.1	NW_004447693.1
triMan1:AHIN01163925	AHIN01163925			AHIN01163925.1	NW_004447694.1
triMan1:AHIN01163926	AHIN01163926			AHIN01163926.1	NW_004447695.1
triMan1:AHIN01163927	AHIN01163927			AHIN01163927.1	NW_004447696.1
triMan1:AHIN01163928	AHIN01163928			AHIN01163928.1	NW_004447697.1
triMan1:AHIN01163929	AHIN01163929			AHIN01163929.1	NW_004447698.1
triMan1:AHIN01163930	AHIN01163930			AHIN01163930.1	NW_004447699.1
triMan1:AHIN01163931	AHIN01163931			AHIN01163931.1	NW_004447700.1
triMan1:AHIN01163932	AHIN01163932			AHIN01163932.1	NW_004447701.1
triMan1:AHIN01163933	AHIN01163933			AHIN01163933.1	NW_004447702.1
triMan1:AHIN01163934	AHIN01163934			AHIN01163934.1	NW_004447703.1
triMan1:AHIN01163935	AHIN01163935			AHIN01163935.1	NW_004447704.1
triMan1:AHIN01163936	AHIN01163936			AHIN01163936.1	NW_004447705.1
triMan1:AHIN01163937	AHIN01163937			AHIN01163937.1	NW_004447706.1
triMan1:AHIN01163938	AHIN01163938			AHIN01163938.1	NW_004447707.1
triMan1:AHIN01163939	AHIN01163939			AHIN01163939.1	NW_004447708.1
triMan1:AHIN01163940	AHIN01163940			AHIN01163940.1	NW_004447709.1
triMan1:AHIN01163941	AHIN01163941			AHIN01163941.1	NW_004447710.1
triMan1:AHIN01163942	AHIN01163942			AHIN01163942.1	NW_004447711.1
triMan1:AHIN01163943	AHIN01163943			AHIN01163943.1	NW_004447712.1
triMan1:AHIN01163944	AHIN01163944			AHIN01163944.1	NW_004447713.1
triMan1:AHIN01163945	AHIN01163945			AHIN01163945.1	NW_004447714.1
triMan1:AHIN01163946	AHIN01163946			AHIN01163946.1	NW_004447715.1
triMan1:AHIN01163947	AHIN01163947			AHIN01163947.1	NW_004447716.1
triMan1:AHIN01163948	AHIN01163948			AHIN01163948.1	NW_004447717.1
triMan1:AHIN01163949	AHIN01163949			AHIN01163949.1	NW_004447718.1
triMan1:AHIN01163950	AHIN01163950			AHIN01163950.1	NW_004447719.1
triMan1:AHIN01163951	AHIN01163951			AHIN01163951.1	NW_004447720.1
triMan1:AHIN01163952	AHIN01163952			AHIN01163952.1	NW_004447721.1
triMan1:AHIN01163953	AHIN01163953			AHIN01163953.1	NW_004447722.1
triMan1:AHIN01163954	AHIN01163954			AHIN01163954.1	NW_004447723.1
triMan1:AHIN01163955	AHIN01163955			AHIN01163955.1	NW_004447724.1
triMan1:AHIN01163956	AHIN01163956			AHIN01163956.1	NW_004447725.1
triMan1:AHIN01163957	AHIN01163957			AHIN01163957.1	NW_004447726.1
triMan1:AHIN01163958	AHIN01163958			AHIN01163958.1	NW_004447727.1
triMan1:AHIN01163959	AHIN01163959			AHIN01163959.1	NW_004447728.1
triMan1:AHIN01163960	AHIN01163960			AHIN01163960.1	NW_004447729.1
triMan1:AHIN01163961	AHIN01163961			AHIN01163961.1	NW_004447730.1
triMan1:AHIN01163962	AHIN01163962			AHIN01163962.1	NW_004447731.1
triMan1:AHIN01163963	AHIN01163963			AHIN01163963.1	NW_004447732.1
triMan1:AHIN01163964	AHIN01163964			AHIN01163964.1	NW_004447733.1
triMan1:AHIN01163965	AHIN01163965			AHIN01163965.1	NW_004447734.1
triMan1:AHIN01163966	AHIN01163966			AHIN01163966.1	NW_004447735.1
triMan1:AHIN01163967	AHIN01163967			AHIN01163967.1	NW_004447736.1
triMan1:AHIN01163968	AHIN01163968			AHIN01163968.1	NW_004447737.1
triMan1:AHIN01163969	AHIN01163969			AHIN01163969.1	NW_004447738.1
triMan1:AHIN01163970	AHIN01163970			AHIN01163970.1	NW_004447739.1
triMan1:AHIN01163971	AHIN01163971			AHIN01163971.1	NW_004447740.1
triMan1:AHIN01163972	AHIN01163972			AHIN01163972.1	NW_004447741.1
triMan1:AHIN01163973	AHIN01163973			AHIN01163973.1	NW_004447742.1
triMan1:AHIN01163974	AHIN01163974			AHIN01163974.1	NW_004447743.1
triMan1:AHIN01163975	AHIN01163975			AHIN01163975.1	NW_004447744.1
triMan1:AHIN01163976	AHIN01163976			AHIN01163976.1	NW_004447745.1
triMan1:AHIN01163977	AHIN01163977			AHIN01163977.1	NW_004447746.1
triMan1:AHIN01163978	AHIN01163978			AHIN01163978.1	NW_004447747.1
triMan1:AHIN01163979	AHIN01163979			AHIN01163979.1	NW_004447748.1
triMan1:AHIN01163980	AHIN01163980			AHIN01163980.1	NW_004447749.1
triMan1:AHIN01163981	AHIN01163981			AHIN01163981.1	NW_004447750.1
triMan1:AHIN01163982	AHIN01163982			AHIN01163982.1	NW_004447751.1
triMan1:AHIN01163983	AHIN01163983			AHIN01163983.1	NW_004447752.1
triMan1:AHIN01163984	AHIN01163984			AHIN01163984.1	NW_004447753.1
triMan1:AHIN01163985	AHIN01163985			AHIN01163985.1	NW_004447754.1
triMan1:AHIN01163986	AHIN01163986			AHIN01163986.1	NW_004447755.1
triMan1:AHIN01163987	AHIN01163987			AHIN01163987.1	NW_004447756.1
triMan1:AHIN01163988	AHIN01163988			AHIN01163988.1	NW_004447757.1
triMan1:AHIN01163989	AHIN01163989			AHIN01163989.1	NW_004447758.1
triMan1:AHIN01163990	AHIN01163990			AHIN01163990.1	NW_004447759.1
triMan1:AHIN01163991	AHIN01163991			AHIN01163991.1	NW_004447760.1
triMan1:AHIN01163992	AHIN01163992			AHIN01163992.1	NW_004447761.1
triMan1:AHIN01163993	AHIN01163993			AHIN01163993.1	NW_004447762.1
triMan1:AHIN01163994	AHIN01163994			AHIN01163994.1	NW_004447763.1
triMan1:AHIN01163995	AHIN01163995			AHIN01163995.1	NW_004447764.1
triMan1:AHIN01163996	AHIN01163996			AHIN01163996.1	NW_004447765.1
triMan1:AHIN01163997	AHIN01163997			AHIN01163997.1	NW_004447766.1
triMan1:AHIN01163998	AHIN01163998			AHIN01163998.1	NW_004447767.1
triMan1:AHIN01163999	AHIN01163999			AHIN01163999.1	NW_004447768.1
triMan1:AHIN01164000	AHIN01164000			AHIN01164000.1	NW_004447769.1
triMan1:AHIN01164001	AHIN01164001			AHIN01164001.1	NW_004447770.1
triMan1:AHIN01164002	AHIN01164002			AHIN01164002.1	NW_004447771.1
triMan1:AHIN01164003	AHIN01164003			AHIN01164003.1	NW_004447772.1
triMan1:AHIN01164004	AHIN01164004			AHIN01164004.1	NW_004447773.1
triMan1:AHIN01164005	AHIN01164005			AHIN01164005.1	NW_004447774.1
triMan1:AHIN01164006	AHIN01164006			AHIN01164006.1	NW_004447775.1
triMan1:AHIN01164007	AHIN01164007			AHIN01164007.1	NW_004447776.1
triMan1:AHIN01164008	AHIN01164008			AHIN01164008.1	NW_004447777.1
triMan1:AHIN01164009	AHIN01164009			AHIN01164009.1	NW_004447778.1
triMan1:AHIN01164010	AHIN01164010			AHIN01164010.1	NW_004447779.1
triMan1:AHIN01164011	AHIN01164011			AHIN01164011.1	NW_004447780.1
triMan1:AHIN01164012	AHIN01164012			AHIN01164012.1	NW_004447781.1
triMan1:AHIN01164013	AHIN01164013			AHIN01164013.1	NW_004447782.1
triMan1:AHIN01164014	AHIN01164014			AHIN01164014.1	NW_004447783.1
triMan1:AHIN01164015	AHIN01164015			AHIN01164015.1	NW_004447784.1
triMan1:AHIN01164016	AHIN01164016			AHIN01164016.1	NW_004447785.1
triMan1:AHIN01164017	AHIN01164017			AHIN01164017.1	NW_004447786.1
triMan1:AHIN01164018	AHIN01164018			AHIN01164018.1	NW_004447787.1
triMan1:AHIN01164019	AHIN01164019			AHIN01164019.1	NW_004447788.1
triMan1:AHIN01164020	AHIN01164020			AHIN01164020.1	NW_004447789.1
triMan1:AHIN01164021	AHIN01164021			AHIN01164021.1	NW_004447790.1
triMan1:AHIN01164022	AHIN01164022			AHIN01164022.1	NW_004447791.1
triMan1:AHIN01164023	AHIN01164023			AHIN01164023.1	NW_004447792.1
triMan1:AHIN01164024	AHIN01164024			AHIN01164024.1	NW_004447793.1
triMan1:AHIN01164025	AHIN01164025			AHIN01164025.1	NW_004447794.1
triMan1:AHIN01164026	AHIN01164026			AHIN01164026.1	NW_004447795.1
triMan1:AHIN01164027	AHIN01164027			AHIN01164027.1	NW_004447796.1
triMan1:AHIN01164028	AHIN01164028			AHIN01164028.1	NW_004447797.1
triMan1:AHIN01164029	AHIN01164029			AHIN01164029.1	NW_004447798.1
triMan1:AHIN01164030	AHIN01164030			AHIN01164030.1	NW_004447799.1
triMan1:AHIN01164031	AHIN01164031			AHIN01164031.1	NW_004447800.1
triMan1:AHIN01164032	AHIN01164032			AHIN01164032.1	NW_004447801.1
triMan1:AHIN01164033	AHIN01164033			AHIN01164033.1	NW_004447802.1
triMan1:AHIN01164034	AHIN01164034			AHIN01164034.1	NW_004447803.1
triMan1:AHIN01164035	AHIN01164035			AHIN01164035.1	NW_004447804.1
triMan1:AHIN01164036	AHIN01164036			AHIN01164036.1	NW_004447805.1
triMan1:AHIN01164037	AHIN01164037			AHIN01164037.1	NW_004447806.1
triMan1:AHIN01164038	AHIN01164038			AHIN01164038.1	NW_004447807.1
triMan1:AHIN01164039	AHIN01164039			AHIN01164039.1	NW_004447808.1
triMan1:AHIN01164040	AHIN01164040			AHIN01164040.1	NW_004447809.1
triMan1:AHIN01164041	AHIN01164041			AHIN01164041.1	NW_004447810.1
triMan1:AHIN01164042	AHIN01164042			AHIN01164042.1	NW_004447811.1
triMan1:AHIN01164043	AHIN01164043			AHIN01164043.1	NW_004447812.1
triMan1:AHIN01164044	AHIN01164044			AHIN01164044.1	NW_004447813.1
triMan1:AHIN01164045	AHIN01164045			AHIN01164045.1	NW_004447814.1
triMan1:AHIN01164046	AHIN01164046			AHIN01164046.1	NW_004447815.1
triMan1:AHIN01164047	AHIN01164047			AHIN01164047.1	NW_004447816.1
triMan1:AHIN01164048	AHIN01164048			AHIN01164048.1	NW_004447817.1
triMan1:AHIN01164049	AHIN01164049			AHIN01164049.1	NW_004447818.1
triMan1:AHIN01164050	AHIN01164050			AHIN01164050.1	NW_004447819.1
triMan1:AHIN01164051	AHIN01164051			AHIN01164051.1	NW_004447820.1
triMan1:AHIN01164052	AHIN01164052			AHIN01164052.1	NW_004447821.1
triMan1:AHIN01164053	AHIN01164053			AHIN01164053.1	NW_004447822.1
triMan1:AHIN01164054	AHIN01164054			AHIN01164054.1	NW_004447823.1
triMan1:AHIN01164055	AHIN01164055			AHIN01164055.1	NW_004447824.1
triMan1:AHIN01164056	AHIN01164056			AHIN01164056.1	NW_004447825.1
triMan1:AHIN01164057	AHIN01164057			AHIN01164057.1	NW_004447826.1
triMan1:AHIN01164058	AHIN01164058			AHIN01164058.1	NW_004447827.1
triMan1:AHIN01164059	AHIN01164059			AHIN01164059.1	NW_004447828.1
triMan1:AHIN01164060	AHIN01164060			AHIN01164060.1	NW_004447829.1
triMan1:AHIN01164061	AHIN01164061			AHIN01164061.1	NW_004447830.1
triMan1:AHIN01164062	AHIN01164062			AHIN01164062.1	NW_004447831.1
triMan1:AHIN01164063	AHIN01164063			AHIN01164063.1	NW_004447832.1
triMan1:AHIN01164064	AHIN01164064			AHIN01164064.1	NW_004447833.1
triMan1:AHIN01164065	AHIN01164065			AHIN01164065.1	NW_004447834.1
triMan1:AHIN01164066	AHIN01164066			AHIN01164066.1	NW_004447835.1
triMan1:AHIN01164067	AHIN01164067			AHIN01164067.1	NW_004447836.1
triMan1:AHIN01164068	AHIN01164068			AHIN01164068.1	NW_004447837.1
triMan1:AHIN01164069	AHIN01164069			AHIN01164069.1	NW_004447838.1
triMan1:AHIN01164070	AHIN01164070			AHIN01164070.1	NW_004447839.1
triMan1:AHIN01164071	AHIN01164071			AHIN01164071.1	NW_004447840.1
triMan1:AHIN01164072	AHIN01164072			AHIN01164072.1	NW_004447841.1
triMan1:AHIN01164073	AHIN01164073			AHIN01164073.1	NW_004447842.1
triMan1:AHIN01164074	AHIN01164074			AHIN01164074.1	NW_004447843.1
triMan1:AHIN01164075	AHIN01164075			AHIN01164075.1	NW_004447844.1
triMan1:AHIN01164076	AHIN01164076			AHIN01164076.1	NW_004447845.1
triMan1:AHIN01164077	AHIN01164077			AHIN01164077.1	NW_004447846.1
triMan1:AHIN01164078	AHIN01164078			AHIN01164078.1	NW_004447847.1
triMan1:AHIN01164079	AHIN01164079			AHIN01164079.1	NW_004447848.1
triMan1:AHIN01164080	AHIN01164080			AHIN01164080.1	NW_004447849.1
triMan1:AHIN01164081	AHIN01164081			AHIN01164081.1	NW_004447850.1
triMan1:AHIN01164082	AHIN01164082			AHIN01164082.1	NW_004447851.1
triMan1:AHIN01164083	AHIN01164083			AHIN01164083.1	NW_004447852.1
triMan1:AHIN01164084	AHIN01164084			AHIN01164084.1	NW_004447853.1
triMan1:AHIN01164085	AHIN01164085			AHIN01164085.1	NW_004447854.1
triMan1:AHIN01164086	AHIN01164086			AHIN01164086.1	NW_004447855.1
triMan1:AHIN01164087	AHIN01164087			AHIN01164087.1	NW_004447856.1
triMan1:AHIN01164088	AHIN01164088			AHIN01164088.1	NW_004447857.1
triMan1:AHIN01164089	AHIN01164089			AHIN01164089.1	NW_004447858.1
triMan1:AHIN01164090	AHIN01164090			AHIN01164090.1	NW_004447859.1
triMan1:AHIN01164091	AHIN01164091			AHIN01164091.1	NW_004447860.1
triMan1:AHIN01164092	AHIN01164092			AHIN01164092.1	NW_004447861.1
triMan1:AHIN01164093	AHIN01164093			AHIN01164093.1	NW_004447862.1
triMan1:AHIN01164094	AHIN01164094			AHIN01164094.1	NW_004447863.1
triMan1:AHIN01164095	AHIN01164095			AHIN01164095.1	NW_004447864.1
triMan1:AHIN01164096	AHIN01164096			AHIN01164096.1	NW_004447865.1
triMan1:AHIN01164097	AHIN01164097			AHIN01164097.1	NW_004447866.1
triMan1:AHIN01164098	AHIN01164098			AHIN01164098.1	NW_004447867.1
triMan1:AHIN01164099	AHIN01164099			AHIN01164099.1	NW_004447868.1
triMan1:AHIN01164100	AHIN01164100			AHIN01164100.1	NW_004447869.1
triMan1:AHIN01164101	AHIN01164101			AHIN01164101.1	NW_004447870.1
triMan1:AHIN01164102	AHIN01164102			AHIN01164102.1	NW_004447871.1
triMan1:AHIN01164103	AHIN01164103			AHIN01164103.1	NW_004447872.1
triMan1:AHIN01164104	AHIN01164104			AHIN01164104.1	NW_004447873.1
triMan1:AHIN01164105	AHIN01164105			AHIN01164105.1	NW_004447874.1
triMan1:AHIN01164106	AHIN01164106			AHIN01164106.1	NW_004447875.1
triMan1:AHIN01164107	AHIN01164107			AHIN01164107.1	NW_004447876.1
triMan1:AHIN01164108	AHIN01164108			AHIN01164108.1	NW_004447877.1
triMan1:AHIN01164109	AHIN01164109			AHIN01164109.1	NW_004447878.1
triMan1:AHIN01164110	AHIN01164110			AHIN01164110.1	NW_004447879.1
triMan1:AHIN01164111	AHIN01164111			AHIN01164111.1	NW_004447880.1
triMan1:AHIN01164112	AHIN01164112			AHIN01164112.1	NW_004447881.1
triMan1:AHIN01164113	AHIN01164113			AHIN01164113.1	NW_004447882.1
triMan1:AHIN01164114	AHIN01164114			AHIN01164114.1	NW_004447883.1
triMan1:AHIN01164115	AHIN01164115			AHIN01164115.1	NW_004447884.1
triMan1:AHIN01164116	AHIN01164116			AHIN01164116.1	NW_004447885.1
triMan1:AHIN01164117	AHIN01164117			AHIN01164117.1	NW_004447886.1
triMan1:AHIN01164118	AHIN01164118			AHIN01164118.1	NW_004447887.1
triMan1:AHIN01164119	AHIN01164119			AHIN01164119.1	NW_004447888.1
triMan1:AHIN01164120	AHIN01164120			AHIN01164120.1	NW_004447889.1
triMan1:AHIN01164121	AHIN01164121			AHIN01164121.1	NW_004447890.1
triMan1:AHIN01164122	AHIN01164122			AHIN01164122.1	NW_004447891.1
triMan1:AHIN01164123	AHIN01164123			AHIN01164123.1	NW_004447892.1
triMan1:AHIN01164124	AHIN01164124			AHIN01164124.1	NW_004447893.1
triMan1:AHIN01164125	AHIN01164125			AHIN01164125.1	NW_004447894.1
triMan1:AHIN01164126	AHIN01164126			AHIN01164126.1	NW_004447895.1
triMan1:AHIN01164127	AHIN01164127			AHIN01164127.1	NW_004447896.1
triMan1:AHIN01164128	AHIN01164128			AHIN01164128.1	NW_004447897.1
triMan1:AHIN01164129	AHIN01164129			AHIN01164129.1	NW_004447898.1
triMan1:AHIN01164130	AHIN01164130			AHIN01164130.1	NW_004447899.1
triMan1:AHIN01164131	AHIN01164131			AHIN01164131.1	NW_004447900.1
triMan1:AHIN01164132	AHIN01164132			AHIN01164132.1	NW_004447901.1
triMan1:AHIN01164133	AHIN01164133			AHIN01164133.1	NW_004447902.1
triMan1:AHIN01164134	AHIN01164134			AHIN01164134.1	NW_004447903.1
triMan1:AHIN01164135	AHIN01164135			AHIN01164135.1	NW_004447904.1
triMan1:AHIN01164136	AHIN01164136			AHIN01164136.1	NW_004447905.1
triMan1:AHIN01164137	AHIN01164137			AHIN01164137.1	NW_004447906.1
triMan1:AHIN01164138	AHIN01164138			AHIN01164138.1	NW_004447907.1
triMan1:AHIN01164139	AHIN01164139			AHIN01164139.1	NW_004447908.1
triMan1:AHIN01164140	AHIN01164140			AHIN01164140.1	NW_004447909.1
triMan1:AHIN01164141	AHIN01164141			AHIN01164141.1	NW_004447910.1
triMan1:AHIN01164142	AHIN01164142			AHIN01164142.1	NW_004447911.1
triMan1:AHIN01164143	AHIN01164143			AHIN01164143.1	NW_004447912.1
triMan1:AHIN01164144	AHIN01164144			AHIN01164144.1	NW_004447913.1
triMan1:AHIN01164145	AHIN01164145			AHIN01164145.1	NW_004447914.1
triMan1:AHIN01164146	AHIN01164146			AHIN01164146.1	NW_004447915.1
triMan1:AHIN01164147	AHIN01164147			AHIN01164147.1	NW_004447916.1
triMan1:AHIN01164148	AHIN01164148			AHIN01164148.1	NW_004447917.1
triMan1:AHIN01164149	AHIN01164149			AHIN01164149.1	NW_004447918.1
triMan1:AHIN01164150	AHIN01164150			AHIN01164150.1	NW_004447919.1
triMan1:AHIN01164151	AHIN01164151			AHIN01164151.1	NW_004447920.1
triMan1:AHIN01164152	AHIN01164152			AHIN01164152.1	NW_004447921.1
triMan1:AHIN01164153	AHIN01164153			AHIN01164153.1	NW_004447922.1
triMan1:AHIN01164154	AHIN01164154			AHIN01164154.1	NW_004447923.1
triMan1:AHIN01164155	AHIN01164155			AHIN01164155.1	NW_004447924.1
triMan1:AHIN01164156	AHIN01164156			AHIN01164156.1	NW_004447925.1
triMan1:AHIN01164157	AHIN01164157			AHIN01164157.1	NW_004447926.1
triMan1:AHIN01164158	AHIN01164158			AHIN01164158.1	NW_004447927.1
triMan1:AHIN01164159	AHIN01164159			AHIN01164159.1	NW_004447928.1
triMan1:AHIN01164160	AHIN01164160			AHIN01164160.1	NW_004447929.1
triMan1:AHIN01164161	AHIN01164161			AHIN01164161.1	NW_004447930.1
triMan1:AHIN01164162	AHIN01164162			AHIN01164162.1	NW_004447931.1
triMan1:AHIN01164163	AHIN01164163			AHIN01164163.1	NW_004447932.1
triMan1:AHIN01164164	AHIN01164164			AHIN01164164.1	NW_004447933.1
triMan1:AHIN01164165	AHIN01164165			AHIN01164165.1	NW_004447934.1
triMan1:AHIN01164166	AHIN01164166			AHIN01164166.1	NW_004447935.1
triMan1:AHIN01164167	AHIN01164167			AHIN01164167.1	NW_004447936.1
triMan1:AHIN01164168	AHIN01164168			AHIN01164168.1	NW_004447937.1
triMan1:AHIN01164169	AHIN01164169			AHIN01164169.1	NW_004447938.1
triMan1:AHIN01164170	AHIN01164170			AHIN01164170.1	NW_004447939.1
triMan1:AHIN01164171	AHIN01164171			AHIN01164171.1	NW_004447940.1
triMan1:AHIN01164172	AHIN01164172			AHIN01164172.1	NW_004447941.1
triMan1:AHIN01164173	AHIN01164173			AHIN01164173.1	NW_004447942.1
triMan1:AHIN01164174	AHIN01164174			AHIN01164174.1	NW_004447943.1
triMan1:AHIN01164175	AHIN01164175			AHIN01164175.1	NW_004447944.1
triMan1:AHIN01164176	AHIN01164176			AHIN01164176.1	NW_004447945.1
triMan1:AHIN01164177	AHIN01164177			AHIN01164177.1	NW_004447946.1
triMan1:AHIN01164178	AHIN01164178			AHIN01164178.1	NW_004447947.1
triMan1:AHIN01164179	AHIN01164179			AHIN01164179.1	NW_004447948.1
triMan1:AHIN01164180	AHIN01164180			AHIN01164180.1	NW_004447949.1
triMan1:AHIN01164181	AHIN01164181			AHIN01164181.1	NW_004447950.1
triMan1:AHIN01164182	AHIN01164182			AHIN01164182.1	NW_004447951.1
triMan1:AHIN01164183	AHIN01164183			AHIN01164183.1	NW_004447952.1
triMan1:AHIN01164184	AHIN01164184			AHIN01164184.1	NW_004447953.1
triMan1:AHIN01164185	AHIN01164185			AHIN01164185.1	NW_004447954.1
triMan1:AHIN01164186	AHIN01164186			AHIN01164186.1	NW_004447955.1
triMan1:AHIN01164187	AHIN01164187			AHIN01164187.1	NW_004447956.1
triMan1:AHIN01164188	AHIN01164188			AHIN01164188.1	NW_004447957.1
triMan1:AHIN01164189	AHIN01164189			AHIN01164189.1	NW_004447958.1
triMan1:AHIN01164190	AHIN01164190			AHIN01164190.1	NW_004447959.1
triMan1:AHIN01164191	AHIN01164191			AHIN01164191.1	NW_004447960.1
triMan1:AHIN01164192	AHIN01164192			AHIN01164192.1	NW_004447961.1
triMan1:AHIN01164193	AHIN01164193			AHIN01164193.1	NW_004447962.1
triMan1:AHIN01164194	AHIN01164194			AHIN01164194.1	NW_004447963.1
triMan1:AHIN01164195	AHIN01164195			AHIN01164195.1	NW_004447964.1
triMan1:AHIN01164196	AHIN01164196			AHIN01164196.1	NW_004447965.1
triMan1:AHIN01164197	AHIN01164197			AHIN01164197.1	NW_004447966.1
triMan1:AHIN01164198	AHIN01164198			AHIN01164198.1	NW_004447967.1
triMan1:AHIN01164199	AHIN01164199			AHIN01164199.1	NW_004447968.1
triMan1:AHIN01164200	AHIN01164200			AHIN01164200.1	NW_004447969.1
triMan1:AHIN01164201	AHIN01164201			AHIN01164201.1	NW_004447970.1
triMan1:AHIN01164202	AHIN01164202			AHIN01164202.1	NW_004447971.1
triMan1:AHIN01164203	AHIN01164203			AHIN01164203.1	NW_004447972.1
triMan1:AHIN01164204	AHIN01164204			AHIN01164204.1	NW_004447973.1
triMan1:AHIN01164205	AHIN01164205			AHIN01164205.1	NW_004447974.1
triMan1:AHIN01164206	AHIN01164206			AHIN01164206.1	NW_004447975.1
triMan1:AHIN01164207	AHIN01164207			AHIN01164207.1	NW_004447976.1
triMan1:AHIN01164208	AHIN01164208			AHIN01164208.1	NW_004447977.1
triMan1:AHIN01164209	AHIN01164209			AHIN01164209.1	NW_004447978.1
triMan1:AHIN01164210	AHIN01164210			AHIN01164210.1	NW_004447979.1
triMan1:AHIN01164211	AHIN01164211			AHIN01164211.1	NW_004447980.1
triMan1:AHIN01164212	AHIN01164212			AHIN01164212.1	NW_004447981.1
triMan1:AHIN01164213	AHIN01164213			AHIN01164213.1	NW_004447982.1
triMan1:AHIN01164214	AHIN01164214			AHIN01164214.1	NW_004447983.1
triMan1:AHIN01164215	AHIN01164215			AHIN01164215.1	NW_004447984.1
triMan1:AHIN01164216	AHIN01164216			AHIN01164216.1	NW_004447985.1
triMan1:AHIN01164217	AHIN01164217			AHIN01164217.1	NW_004447986.1
triMan1:AHIN01164218	AHIN01164218			AHIN01164218.1	NW_004447987.1
triMan1:AHIN01164219	AHIN01164219			AHIN01164219.1	NW_004447988.1
triMan1:AHIN01164220	AHIN01164220			AHIN01164220.1	NW_004447989.1
triMan1:AHIN01164221	AHIN01164221			AHIN01164221.1	NW_004447990.1
triMan1:AHIN01164222	AHIN01164222			AHIN01164222.1	NW_004447991.1
triMan1:AHIN01164223	AHIN01164223			AHIN01164223.1	NW_004447992.1
triMan1:AHIN01164224	AHIN01164224			AHIN01164224.1	NW_004447993.1
triMan1:AHIN01164225	AHIN01164225			AHIN01164225.1	NW_004447994.1
triMan1:AHIN01164226	AHIN01164226			AHIN01164226.1	NW_004447995.1
triMan1:AHIN01164227	AHIN01164227			AHIN01164227.1	NW_004447996.1
triMan1:AHIN01164228	AHIN01164228			AHIN01164228.1	NW_004447997.1
triMan1:AHIN01164229	AHIN01164229			AHIN01164229.1	NW_004447998.1
triMan1:AHIN01164230	AHIN01164230			AHIN01164230.1	NW_004447999.1
triMan1:AHIN01164231	AHIN01164231			AHIN01164231.1	NW_004448000.1
triMan1:AHIN01164232	AHIN01164232			AHIN01164232.1	NW_004448001.1
triMan1:AHIN01164233	AHIN01164233			AHIN01164233.1	NW_004448002.1
triMan1:AHIN01164234	AHIN01164234			AHIN01164234.1	NW_004448003.1
triMan1:AHIN01164235	AHIN01164235			AHIN01164235.1	NW_004448004.1
triMan1:AHIN01164236	AHIN01164236			AHIN01164236.1	NW_004448005.1
triMan1:AHIN01164237	AHIN01164237			AHIN01164237.1	NW_004448006.1
triMan1:AHIN01164238	AHIN01164238			AHIN01164238.1	NW_004448007.1
triMan1:AHIN01164239	AHIN01164239			AHIN01164239.1	NW_004448008.1
triMan1:AHIN01164240	AHIN01164240			AHIN01164240.1	NW_004448009.1
triMan1:AHIN01164241	AHIN01164241			AHIN01164241.1	NW_004448010.1
triMan1:AHIN01164242	AHIN01164242			AHIN01164242.1	NW_004448011.1
triMan1:AHIN01164243	AHIN01164243			AHIN01164243.1	NW_004448012.1
triMan1:AHIN01164244	AHIN01164244			AHIN01164244.1	NW_004448013.1
triMan1:AHIN01164245	AHIN01164245			AHIN01164245.1	NW_004448014.1
triMan1:AHIN01164246	AHIN01164246			AHIN01164246.1	NW_004448015.1
triMan1:AHIN01164247	AHIN01164247			AHIN01164247.1	NW_004448016.1
triMan1:AHIN01164248	AHIN01164248			AHIN01164248.1	NW_004448017.1
triMan1:AHIN01164249	AHIN01164249			AHIN01164249.1	NW_004448018.1
triMan1:AHIN01164250	AHIN01164250			AHIN01164250.1	NW_004448019.1
triMan1:AHIN01164251	AHIN01164251			AHIN01164251.1	NW_004448020.1
triMan1:AHIN01164252	AHIN01164252			AHIN01164252.1	NW_004448021.1
triMan1:AHIN01164253	AHIN01164253			AHIN01164253.1	NW_004448022.1
triMan1:AHIN01164254	AHIN01164254			AHIN01164254.1	NW_004448023.1
triMan1:AHIN01164255	AHIN01164255			AHIN01164255.1	NW_004448024.1
triMan1:AHIN01164256	AHIN01164256			AHIN01164256.1	NW_004448025.1
triMan1:AHIN01164257	AHIN01164257			AHIN01164257.1	NW_004448026.1
triMan1:AHIN01164258	AHIN01164258			AHIN01164258.1	NW_004448027.1
triMan1:AHIN01164259	AHIN01164259			AHIN01164259.1	NW_004448028.1
triMan1:AHIN01164260	AHIN01164260			AHIN01164260.1	NW_004448029.1
triMan1:AHIN01164261	AHIN01164261			AHIN01164261.1	NW_004448030.1
triMan1:AHIN01164262	AHIN01164262			AHIN01164262.1	NW_004448031.1
triMan1:AHIN01164263	AHIN01164263			AHIN01164263.1	NW_004448032.1
triMan1:AHIN01164264	AHIN01164264			AHIN01164264.1	NW_004448033.1
triMan1:AHIN01164265	AHIN01164265			AHIN01164265.1	NW_004448034.1
triMan1:AHIN01164266	AHIN01164266			AHIN01164266.1	NW_004448035.1
triMan1:AHIN01164267	AHIN01164267			AHIN01164267.1	NW_004448036.1
triMan1:AHIN01164268	AHIN01164268			AHIN01164268.1	NW_004448037.1
triMan1:AHIN01164269	AHIN01164269			AHIN01164269.1	NW_004448038.1
triMan1:AHIN01164270	AHIN01164270			AHIN01164270.1	NW_004448039.1
triMan1:AHIN01164271	AHIN01164271			AHIN01164271.1	NW_004448040.1
triMan1:AHIN01164272	AHIN01164272			AHIN01164272.1	NW_004448041.1
triMan1:AHIN01164273	AHIN01164273			AHIN01164273.1	NW_004448042.1
triMan1:AHIN01164274	AHIN01164274			AHIN01164274.1	NW_004448043.1
triMan1:AHIN01164275	AHIN01164275			AHIN01164275.1	NW_004448044.1
triMan1:AHIN01164276	AHIN01164276			AHIN01164276.1	NW_004448045.1
triMan1:AHIN01164277	AHIN01164277			AHIN01164277.1	NW_004448046.1
triMan1:AHIN01164278	AHIN01164278			AHIN01164278.1	NW_004448047.1
triMan1:AHIN01164279	AHIN01164279			AHIN01164279.1	NW_004448048.1
triMan1:AHIN01164280	AHIN01164280			AHIN01164280.1	NW_004448049.1
triMan1:AHIN01164281	AHIN01164281			AHIN01164281.1	NW_004448050.1
triMan1:AHIN01164282	AHIN01164282			AHIN01164282.1	NW_004448051.1
triMan1:AHIN01164283	AHIN01164283			AHIN01164283.1	NW_004448052.1
triMan1:AHIN01164284	AHIN01164284			AHIN01164284.1	NW_004448053.1
triMan1:AHIN01164285	AHIN01164285			AHIN01164285.1	NW_004448054.1
triMan1:AHIN01164286	AHIN01164286			AHIN01164286.1	NW_004448055.1
triMan1:AHIN01164287	AHIN01164287			AHIN01164287.1	NW_004448056.1
triMan1:AHIN01164288	AHIN01164288			AHIN01164288.1	NW_004448057.1
triMan1:AHIN01164289	AHIN01164289			AHIN01164289.1	NW_004448058.1
triMan1:AHIN01164290	AHIN01164290			AHIN01164290.1	NW_004448059.1
triMan1:AHIN01164291	AHIN01164291			AHIN01164291.1	NW_004448060.1
triMan1:AHIN01164292	AHIN01164292			AHIN01164292.1	NW_004448061.1
triMan1:AHIN01164293	AHIN01164293			AHIN01164293.1	NW_004448062.1
triMan1:AHIN01164294	AHIN01164294			AHIN01164294.1	NW_004448063.1
triMan1:AHIN01164295	AHIN01164295			AHIN01164295.1	NW_004448064.1
triMan1:AHIN01164296	AHIN01164296			AHIN01164296.1	NW_004448065.1
triMan1:AHIN01164297	AHIN01164297			AHIN01164297.1	NW_004448066.1
triMan1:AHIN01164298	AHIN01164298			AHIN01164298.1	NW_004448067.1
triMan1:AHIN01164299	AHIN01164299			AHIN01164299.1	NW_004448068.1
triMan1:AHIN01164300	AHIN01164300			AHIN01164300.1	NW_004448069.1
triMan1:AHIN01164301	AHIN01164301			AHIN01164301.1	NW_004448070.1
triMan1:AHIN01164302	AHIN01164302			AHIN01164302.1	NW_004448071.1
triMan1:AHIN01164303	AHIN01164303			AHIN01164303.1	NW_004448072.1
triMan1:AHIN01164304	AHIN01164304			AHIN01164304.1	NW_004448073.1
triMan1:AHIN01164305	AHIN01164305			AHIN01164305.1	NW_004448074.1
triMan1:AHIN01164306	AHIN01164306			AHIN01164306.1	NW_004448075.1
triMan1:AHIN01164307	AHIN01164307			AHIN01164307.1	NW_004448076.1
triMan1:AHIN01164308	AHIN01164308			AHIN01164308.1	NW_004448077.1
triMan1:AHIN01164309	AHIN01164309			AHIN01164309.1	NW_004448078.1
triMan1:AHIN01164310	AHIN01164310			AHIN01164310.1	NW_004448079.1
triMan1:AHIN01164311	AHIN01164311			AHIN01164311.1	NW_004448080.1
triMan1:AHIN01164312	AHIN01164312			AHIN01164312.1	NW_004448081.1
triMan1:AHIN01164313	AHIN01164313			AHIN01164313.1	NW_004448082.1
triMan1:AHIN01164314	AHIN01164314			AHIN01164314.1	NW_004448083.1
triMan1:AHIN01164315	AHIN01164315			AHIN01164315.1	NW_004448084.1
triMan1:AHIN01164316	AHIN01164316			AHIN01164316.1	NW_004448085.1
triMan1:AHIN01164317	AHIN01164317			AHIN01164317.1	NW_004448086.1
triMan1:AHIN01164318	AHIN01164318			AHIN01164318.1	NW_004448087.1
triMan1:AHIN01164319	AHIN01164319			AHIN01164319.1	NW_004448088.1
triMan1:AHIN01164320	AHIN01164320			AHIN01164320.1	NW_004448089.1
triMan1:AHIN01164321	AHIN01164321			AHIN01164321.1	NW_004448090.1
triMan1:AHIN01164322	AHIN01164322			AHIN01164322.1	NW_004448091.1
triMan1:AHIN01164323	AHIN01164323			AHIN01164323.1	NW_004448092.1
triMan1:AHIN01164324	AHIN01164324			AHIN01164324.1	NW_004448093.1
triMan1:AHIN01164325	AHIN01164325			AHIN01164325.1	NW_004448094.1
triMan1:AHIN01164326	AHIN01164326			AHIN01164326.1	NW_004448095.1
triMan1:AHIN01164327	AHIN01164327			AHIN01164327.1	NW_004448096.1
triMan1:AHIN01164328	AHIN01164328			AHIN01164328.1	NW_004448097.1
triMan1:AHIN01164329	AHIN01164329			AHIN01164329.1	NW_004448098.1
triMan1:AHIN01164330	AHIN01164330			AHIN01164330.1	NW_004448099.1
triMan1:AHIN01164331	AHIN01164331			AHIN01164331.1	NW_004448100.1
triMan1:AHIN01164332	AHIN01164332			AHIN01164332.1	NW_004448101.1
triMan1:AHIN01164333	AHIN01164333			AHIN01164333.1	NW_004448102.1
triMan1:AHIN01164334	AHIN01164334			AHIN01164334.1	NW_004448103.1
triMan1:AHIN01164335	AHIN01164335			AHIN01164335.1	NW_004448104.1
triMan1:AHIN01164336	AHIN01164336			AHIN01164336.1	NW_004448105.1
triMan1:AHIN01164337	AHIN01164337			AHIN01164337.1	NW_004448106.1
triMan1:AHIN01164338	AHIN01164338			AHIN01164338.1	NW_004448107.1
triMan1:AHIN01164339	AHIN01164339			AHIN01164339.1	NW_004448108.1
triMan1:AHIN01164340	AHIN01164340			AHIN01164340.1	NW_004448109.1
triMan1:AHIN01164341	AHIN01164341			AHIN01164341.1	NW_004448110.1
triMan1:AHIN01164342	AHIN01164342			AHIN01164342.1	NW_004448111.1
triMan1:AHIN01164343	AHIN01164343			AHIN01164343.1	NW_004448112.1
triMan1:AHIN01164344	AHIN01164344			AHIN01164344.1	NW_004448113.1
triMan1:AHIN01164345	AHIN01164345			AHIN01164345.1	NW_004448114.1
triMan1:AHIN01164346	AHIN01164346			AHIN01164346.1	NW_004448115.1
triMan1:AHIN01164347	AHIN01164347			AHIN01164347.1	NW_004448116.1
triMan1:AHIN01164348	AHIN01164348			AHIN01164348.1	NW_004448117.1
triMan1:AHIN01164349	AHIN01164349			AHIN01164349.1	NW_004448118.1
triMan1:AHIN01164350	AHIN01164350			AHIN01164350.1	NW_004448119.1
triMan1:AHIN01164351	AHIN01164351			AHIN01164351.1	NW_004448120.1
triMan1:AHIN01164352	AHIN01164352			AHIN01164352.1	NW_004448121.1
triMan1:AHIN01164353	AHIN01164353			AHIN01164353.1	NW_004448122.1
triMan1:AHIN01164354	AHIN01164354			AHIN01164354.1	NW_004448123.1
triMan1:AHIN01164355	AHIN01164355			AHIN01164355.1	NW_004448124.1
triMan1:AHIN01164356	AHIN01164356			AHIN01164356.1	NW_004448125.1
triMan1:AHIN01164357	AHIN01164357			AHIN01164357.1	NW_004448126.1
triMan1:AHIN01164358	AHIN01164358			AHIN01164358.1	NW_004448127.1
triMan1:AHIN01164359	AHIN01164359			AHIN01164359.1	NW_004448128.1
triMan1:AHIN01164360	AHIN01164360			AHIN01164360.1	NW_004448129.1
triMan1:AHIN01164361	AHIN01164361			AHIN01164361.1	NW_004448130.1
triMan1:AHIN01164362	AHIN01164362			AHIN01164362.1	NW_004448131.1
triMan1:AHIN01164363	AHIN01164363			AHIN01164363.1	NW_004448132.1
triMan1:AHIN01164364	AHIN01164364			AHIN01164364.1	NW_004448133.1
triMan1:AHIN01164365	AHIN01164365			AHIN01164365.1	NW_004448134.1
triMan1:AHIN01164366	AHIN01164366			AHIN01164366.1	NW_004448135.1
triMan1:AHIN01164367	AHIN01164367			AHIN01164367.1	NW_004448136.1
triMan1:AHIN01164368	AHIN01164368			AHIN01164368.1	NW_004448137.1
triMan1:AHIN01164369	AHIN01164369			AHIN01164369.1	NW_004448138.1
triMan1:AHIN01164370	AHIN01164370			AHIN01164370.1	NW_004448139.1
triMan1:AHIN01164371	AHIN01164371			AHIN01164371.1	NW_004448140.1
triMan1:AHIN01164372	AHIN01164372			AHIN01164372.1	NW_004448141.1
triMan1:AHIN01164373	AHIN01164373			AHIN01164373.1	NW_004448142.1
triMan1:AHIN01164374	AHIN01164374			AHIN01164374.1	NW_004448143.1
triMan1:AHIN01164375	AHIN01164375			AHIN01164375.1	NW_004448144.1
triMan1:AHIN01164376	AHIN01164376			AHIN01164376.1	NW_004448145.1
triMan1:AHIN01164377	AHIN01164377			AHIN01164377.1	NW_004448146.1
triMan1:AHIN01164378	AHIN01164378			AHIN01164378.1	NW_004448147.1
triMan1:AHIN01164379	AHIN01164379			AHIN01164379.1	NW_004448148.1
triMan1:AHIN01164380	AHIN01164380			AHIN01164380.1	NW_004448149.1
triMan1:AHIN01164381	AHIN01164381			AHIN01164381.1	NW_004448150.1
triMan1:AHIN01164382	AHIN01164382			AHIN01164382.1	NW_004448151.1
triMan1:AHIN01164383	AHIN01164383			AHIN01164383.1	NW_004448152.1
triMan1:AHIN01164384	AHIN01164384			AHIN01164384.1	NW_004448153.1
triMan1:AHIN01164385	AHIN01164385			AHIN01164385.1	NW_004448154.1
triMan1:AHIN01164386	AHIN01164386			AHIN01164386.1	NW_004448155.1
triMan1:AHIN01164387	AHIN01164387			AHIN01164387.1	NW_004448156.1
triMan1:AHIN01164388	AHIN01164388			AHIN01164388.1	NW_004448157.1
triMan1:AHIN01164389	AHIN01164389			AHIN01164389.1	NW_004448158.1
triMan1:AHIN01164390	AHIN01164390			AHIN01164390.1	NW_004448159.1
triMan1:AHIN01164391	AHIN01164391			AHIN01164391.1	NW_004448160.1
triMan1:AHIN01164392	AHIN01164392			AHIN01164392.1	NW_004448161.1
triMan1:AHIN01164393	AHIN01164393			AHIN01164393.1	NW_004448162.1
triMan1:AHIN01164394	AHIN01164394			AHIN01164394.1	NW_004448163.1
triMan1:AHIN01164395	AHIN01164395			AHIN01164395.1	NW_004448164.1
triMan1:AHIN01164396	AHIN01164396			AHIN01164396.1	NW_004448165.1
triMan1:AHIN01164397	AHIN01164397			AHIN01164397.1	NW_004448166.1
triMan1:AHIN01164398	AHIN01164398			AHIN01164398.1	NW_004448167.1
triMan1:AHIN01164399	AHIN01164399			AHIN01164399.1	NW_004448168.1
triMan1:AHIN01164400	AHIN01164400			AHIN01164400.1	NW_004448169.1
triMan1:AHIN01164401	AHIN01164401			AHIN01164401.1	NW_004448170.1
triMan1:AHIN01164402	AHIN01164402			AHIN01164402.1	NW_004448171.1
triMan1:AHIN01164403	AHIN01164403			AHIN01164403.1	NW_004448172.1
triMan1:AHIN01164404	AHIN01164404			AHIN01164404.1	NW_004448173.1
triMan1:AHIN01164405	AHIN01164405			AHIN01164405.1	NW_004448174.1
triMan1:AHIN01164406	AHIN01164406			AHIN01164406.1	NW_004448175.1
triMan1:AHIN01164407	AHIN01164407			AHIN01164407.1	NW_004448176.1
triMan1:AHIN01164408	AHIN01164408			AHIN01164408.1	NW_004448177.1
triMan1:AHIN01164409	AHIN01164409			AHIN01164409.1	NW_004448178.1
triMan1:AHIN01164410	AHIN01164410			AHIN01164410.1	NW_004448179.1
triMan1:AHIN01164411	AHIN01164411			AHIN01164411.1	NW_004448180.1
triMan1:AHIN01164412	AHIN01164412			AHIN01164412.1	NW_004448181.1
triMan1:AHIN01164413	AHIN01164413			AHIN01164413.1	NW_004448182.1
triMan1:AHIN01164414	AHIN01164414			AHIN01164414.1	NW_004448183.1
triMan1:AHIN01164415	AHIN01164415			AHIN01164415.1	NW_004448184.1
triMan1:AHIN01164416	AHIN01164416			AHIN01164416.1	NW_004448185.1
triMan1:AHIN01164417	AHIN01164417			AHIN01164417.1	NW_004448186.1
triMan1:AHIN01164418	AHIN01164418			AHIN01164418.1	NW_004448187.1
triMan1:AHIN01164419	AHIN01164419			AHIN01164419.1	NW_004448188.1
triMan1:AHIN01164420	AHIN01164420			AHIN01164420.1	NW_004448189.1
triMan1:AHIN01164421	AHIN01164421			AHIN01164421.1	NW_004448190.1
triMan1:AHIN01164422	AHIN01164422			AHIN01164422.1	NW_004448191.1
triMan1:AHIN01164423	AHIN01164423			AHIN01164423.1	NW_004448192.1
triMan1:AHIN01164424	AHIN01164424			AHIN01164424.1	NW_004448193.1
triMan1:AHIN01164425	AHIN01164425			AHIN01164425.1	NW_004448194.1
triMan1:AHIN01164426	AHIN01164426			AHIN01164426.1	NW_004448195.1
triMan1:AHIN01164427	AHIN01164427			AHIN01164427.1	NW_004448196.1
triMan1:AHIN01164428	AHIN01164428			AHIN01164428.1	NW_004448197.1
triMan1:AHIN01164429	AHIN01164429			AHIN01164429.1	NW_004448198.1
triMan1:AHIN01164430	AHIN01164430			AHIN01164430.1	NW_004448199.1
triMan1:AHIN01164431	AHIN01164431			AHIN01164431.1	NW_004448200.1
triMan1:AHIN01164432	AHIN01164432			AHIN01164432.1	NW_004448201.1
triMan1:AHIN01164433	AHIN01164433			AHIN01164433.1	NW_004448202.1
triMan1:AHIN01164434	AHIN01164434			AHIN01164434.1	NW_004448203.1
triMan1:AHIN01164435	AHIN01164435			AHIN01164435.1	NW_004448204.1
triMan1:AHIN01164436	AHIN01164436			AHIN01164436.1	NW_004448205.1
triMan1:AHIN01164437	AHIN01164437			AHIN01164437.1	NW_004448206.1
triMan1:AHIN01164438	AHIN01164438			AHIN01164438.1	NW_004448207.1
triMan1:AHIN01164439	AHIN01164439			AHIN01164439.1	NW_004448208.1
triMan1:AHIN01164440	AHIN01164440			AHIN01164440.1	NW_004448209.1
triMan1:AHIN01164441	AHIN01164441			AHIN01164441.1	NW_004448210.1
triMan1:AHIN01164442	AHIN01164442			AHIN01164442.1	NW_004448211.1
triMan1:AHIN01164443	AHIN01164443			AHIN01164443.1	NW_004448212.1
triMan1:AHIN01164444	AHIN01164444			AHIN01164444.1	NW_004448213.1
triMan1:AHIN01164445	AHIN01164445			AHIN01164445.1	NW_004448214.1
triMan1:AHIN01164446	AHIN01164446			AHIN01164446.1	NW_004448215.1
triMan1:AHIN01164447	AHIN01164447			AHIN01164447.1	NW_004448216.1
triMan1:AHIN01164448	AHIN01164448			AHIN01164448.1	NW_004448217.1
triMan1:AHIN01164449	AHIN01164449			AHIN01164449.1	NW_004448218.1
triMan1:AHIN01164450	AHIN01164450			AHIN01164450.1	NW_004448219.1
triMan1:AHIN01164451	AHIN01164451			AHIN01164451.1	NW_004448220.1
triMan1:AHIN01164452	AHIN01164452			AHIN01164452.1	NW_004448221.1
triMan1:AHIN01164453	AHIN01164453			AHIN01164453.1	NW_004448222.1
triMan1:AHIN01164454	AHIN01164454			AHIN01164454.1	NW_004448223.1
triMan1:AHIN01164455	AHIN01164455			AHIN01164455.1	NW_004448224.1
triMan1:AHIN01164456	AHIN01164456			AHIN01164456.1	NW_004448225.1
triMan1:AHIN01164457	AHIN01164457			AHIN01164457.1	NW_004448226.1
triMan1:AHIN01164458	AHIN01164458			AHIN01164458.1	NW_004448227.1
triMan1:AHIN01164459	AHIN01164459			AHIN01164459.1	NW_004448228.1
triMan1:AHIN01164460	AHIN01164460			AHIN01164460.1	NW_004448229.1
triMan1:AHIN01164461	AHIN01164461			AHIN01164461.1	NW_004448230.1
triMan1:AHIN01164462	AHIN01164462			AHIN01164462.1	NW_004448231.1
triMan1:AHIN01164463	AHIN01164463			AHIN01164463.1	NW_004448232.1
triMan1:AHIN01164464	AHIN01164464			AHIN01164464.1	NW_004448233.1
triMan1:AHIN01164465	AHIN01164465			AHIN01164465.1	NW_004448234.1
triMan1:AHIN01164466	AHIN01164466			AHIN01164466.1	NW_004448235.1
triMan1:AHIN01164467	AHIN01164467			AHIN01164467.1	NW_004448236.1
triMan1:AHIN01164468	AHIN01164468			AHIN01164468.1	NW_004448237.1
triMan1:AHIN01164469	AHIN01164469			AHIN01164469.1	NW_004448238.1
triMan1:AHIN01164470	AHIN01164470			AHIN01164470.1	NW_004448239.1
triMan1:AHIN01164471	AHIN01164471			AHIN01164471.1	NW_004448240.1
triMan1:AHIN01164472	AHIN01164472			AHIN01164472.1	NW_004448241.1
triMan1:AHIN01164473	AHIN01164473			AHIN01164473.1	NW_004448242.1
triMan1:AHIN01164474	AHIN01164474			AHIN01164474.1	NW_004448243.1
triMan1:AHIN01164475	AHIN01164475			AHIN01164475.1	NW_004448244.1
triMan1:AHIN01164476	AHIN01164476			AHIN01164476.1	NW_004448245.1
triMan1:AHIN01164477	AHIN01164477			AHIN01164477.1	NW_004448246.1
triMan1:AHIN01164478	AHIN01164478			AHIN01164478.1	NW_004448247.1
triMan1:AHIN01164479	AHIN01164479			AHIN01164479.1	NW_004448248.1
triMan1:AHIN01164480	AHIN01164480			AHIN01164480.1	NW_004448249.1
triMan1:AHIN01164481	AHIN01164481			AHIN01164481.1	NW_004448250.1
triMan1:AHIN01164482	AHIN01164482			AHIN01164482.1	NW_004448251.1
triMan1:AHIN01164483	AHIN01164483			AHIN01164483.1	NW_004448252.1
triMan1:AHIN01164484	AHIN01164484			AHIN01164484.1	NW_004448253.1
triMan1:AHIN01164485	AHIN01164485			AHIN01164485.1	NW_004448254.1
triMan1:AHIN01164486	AHIN01164486			AHIN01164486.1	NW_004448255.1
triMan1:AHIN01164487	AHIN01164487			AHIN01164487.1	NW_004448256.1
triMan1:AHIN01164488	AHIN01164488			AHIN01164488.1	NW_004448257.1
triMan1:AHIN01164489	AHIN01164489			AHIN01164489.1	NW_004448258.1
triMan1:AHIN01164490	AHIN01164490			AHIN01164490.1	NW_004448259.1
triMan1:AHIN01164491	AHIN01164491			AHIN01164491.1	NW_004448260.1
triMan1:AHIN01164492	AHIN01164492			AHIN01164492.1	NW_004448261.1
triMan1:AHIN01164493	AHIN01164493			AHIN01164493.1	NW_004448262.1
triMan1:AHIN01164494	AHIN01164494			AHIN01164494.1	NW_004448263.1
triMan1:AHIN01164495	AHIN01164495			AHIN01164495.1	NW_004448264.1
triMan1:AHIN01164496	AHIN01164496			AHIN01164496.1	NW_004448265.1
triMan1:AHIN01164497	AHIN01164497			AHIN01164497.1	NW_004448266.1
triMan1:AHIN01164498	AHIN01164498			AHIN01164498.1	NW_004448267.1
triMan1:AHIN01164499	AHIN01164499			AHIN01164499.1	NW_004448268.1
triMan1:AHIN01164500	AHIN01164500			AHIN01164500.1	NW_004448269.1
triMan1:AHIN01164501	AHIN01164501			AHIN01164501.1	NW_004448270.1
triMan1:AHIN01164502	AHIN01164502			AHIN01164502.1	NW_004448271.1
triMan1:AHIN01164503	AHIN01164503			AHIN01164503.1	NW_004448272.1
triMan1:AHIN01164504	AHIN01164504			AHIN01164504.1	NW_004448273.1
triMan1:AHIN01164505	AHIN01164505			AHIN01164505.1	NW_004448274.1
triMan1:AHIN01164506	AHIN01164506			AHIN01164506.1	NW_004448275.1
triMan1:AHIN01164507	AHIN01164507			AHIN01164507.1	NW_004448276.1
triMan1:AHIN01164508	AHIN01164508			AHIN01164508.1	NW_004448277.1
triMan1:AHIN01164509	AHIN01164509			AHIN01164509.1	NW_004448278.1
triMan1:AHIN01164510	AHIN01164510			AHIN01164510.1	NW_004448279.1
triMan1:AHIN01164511	AHIN01164511			AHIN01164511.1	NW_004448280.1
triMan1:AHIN01164512	AHIN01164512			AHIN01164512.1	NW_004448281.1
triMan1:AHIN01164513	AHIN01164513			AHIN01164513.1	NW_004448282.1
triMan1:AHIN01164514	AHIN01164514			AHIN01164514.1	NW_004448283.1
triMan1:AHIN01164515	AHIN01164515			AHIN01164515.1	NW_004448284.1
triMan1:AHIN01164516	AHIN01164516			AHIN01164516.1	NW_004448285.1
triMan1:AHIN01164517	AHIN01164517			AHIN01164517.1	NW_004448286.1
triMan1:AHIN01164518	AHIN01164518			AHIN01164518.1	NW_004448287.1
triMan1:AHIN01164519	AHIN01164519			AHIN01164519.1	NW_004448288.1
triMan1:AHIN01164520	AHIN01164520			AHIN01164520.1	NW_004448289.1
triMan1:AHIN01164521	AHIN01164521			AHIN01164521.1	NW_004448290.1
triMan1:AHIN01164522	AHIN01164522			AHIN01164522.1	NW_004448291.1
triMan1:AHIN01164523	AHIN01164523			AHIN01164523.1	NW_004448292.1
triMan1:AHIN01164524	AHIN01164524			AHIN01164524.1	NW_004448293.1
triMan1:AHIN01164525	AHIN01164525			AHIN01164525.1	NW_004448294.1
triMan1:AHIN01164526	AHIN01164526			AHIN01164526.1	NW_004448295.1
triMan1:AHIN01164527	AHIN01164527			AHIN01164527.1	NW_004448296.1
triMan1:AHIN01164528	AHIN01164528			AHIN01164528.1	NW_004448297.1
triMan1:AHIN01164529	AHIN01164529			AHIN01164529.1	NW_004448298.1
triMan1:AHIN01164530	AHIN01164530			AHIN01164530.1	NW_004448299.1
triMan1:AHIN01164531	AHIN01164531			AHIN01164531.1	NW_004448300.1
triMan1:AHIN01164532	AHIN01164532			AHIN01164532.1	NW_004448301.1
triMan1:AHIN01164533	AHIN01164533			AHIN01164533.1	NW_004448302.1
triMan1:AHIN01164534	AHIN01164534			AHIN01164534.1	NW_004448303.1
triMan1:AHIN01164535	AHIN01164535			AHIN01164535.1	NW_004448304.1
triMan1:AHIN01164536	AHIN01164536			AHIN01164536.1	NW_004448305.1
triMan1:AHIN01164537	AHIN01164537			AHIN01164537.1	NW_004448306.1
triMan1:AHIN01164538	AHIN01164538			AHIN01164538.1	NW_004448307.1
triMan1:AHIN01164539	AHIN01164539			AHIN01164539.1	NW_004448308.1
triMan1:AHIN01164540	AHIN01164540			AHIN01164540.1	NW_004448309.1
triMan1:AHIN01164541	AHIN01164541			AHIN01164541.1	NW_004448310.1
triMan1:AHIN01164542	AHIN01164542			AHIN01164542.1	NW_004448311.1
triMan1:AHIN01164543	AHIN01164543			AHIN01164543.1	NW_004448312.1
triMan1:AHIN01164544	AHIN01164544			AHIN01164544.1	NW_004448313.1
triMan1:AHIN01164545	AHIN01164545			AHIN01164545.1	NW_004448314.1
triMan1:AHIN01164546	AHIN01164546			AHIN01164546.1	NW_004448315.1
triMan1:AHIN01164547	AHIN01164547			AHIN01164547.1	NW_004448316.1
triMan1:AHIN01164548	AHIN01164548			AHIN01164548.1	NW_004448317.1
triMan1:AHIN01164549	AHIN01164549			AHIN01164549.1	NW_004448318.1
triMan1:AHIN01164550	AHIN01164550			AHIN01164550.1	NW_004448319.1
triMan1:AHIN01164551	AHIN01164551			AHIN01164551.1	NW_004448320.1
triMan1:AHIN01164552	AHIN01164552			AHIN01164552.1	NW_004448321.1
triMan1:AHIN01164553	AHIN01164553			AHIN01164553.1	NW_004448322.1
triMan1:AHIN01164554	AHIN01164554			AHIN01164554.1	NW_004448323.1
triMan1:AHIN01164555	AHIN01164555			AHIN01164555.1	NW_004448324.1
triMan1:AHIN01164556	AHIN01164556			AHIN01164556.1	NW_004448325.1
triMan1:AHIN01164557	AHIN01164557			AHIN01164557.1	NW_004448326.1
triMan1:AHIN01164558	AHIN01164558			AHIN01164558.1	NW_004448327.1
triMan1:AHIN01164559	AHIN01164559			AHIN01164559.1	NW_004448328.1
triMan1:AHIN01164560	AHIN01164560			AHIN01164560.1	NW_004448329.1
triMan1:AHIN01164561	AHIN01164561			AHIN01164561.1	NW_004448330.1
triMan1:AHIN01164562	AHIN01164562			AHIN01164562.1	NW_004448331.1
triMan1:AHIN01164563	AHIN01164563			AHIN01164563.1	NW_004448332.1
triMan1:AHIN01164564	AHIN01164564			AHIN01164564.1	NW_004448333.1
triMan1:AHIN01164565	AHIN01164565			AHIN01164565.1	NW_004448334.1
triMan1:AHIN01164566	AHIN01164566			AHIN01164566.1	NW_004448335.1
triMan1:AHIN01164567	AHIN01164567			AHIN01164567.1	NW_004448336.1
triMan1:AHIN01164568	AHIN01164568			AHIN01164568.1	NW_004448337.1
triMan1:AHIN01164569	AHIN01164569			AHIN01164569.1	NW_004448338.1
triMan1:AHIN01164570	AHIN01164570			AHIN01164570.1	NW_004448339.1
triMan1:AHIN01164571	AHIN01164571			AHIN01164571.1	NW_004448340.1
triMan1:AHIN01164572	AHIN01164572			AHIN01164572.1	NW_004448341.1
triMan1:AHIN01164573	AHIN01164573			AHIN01164573.1	NW_004448342.1
triMan1:AHIN01164574	AHIN01164574			AHIN01164574.1	NW_004448343.1
triMan1:AHIN01164575	AHIN01164575			AHIN01164575.1	NW_004448344.1
triMan1:AHIN01164576	AHIN01164576			AHIN01164576.1	NW_004448345.1
triMan1:AHIN01164577	AHIN01164577			AHIN01164577.1	NW_004448346.1
triMan1:AHIN01164578	AHIN01164578			AHIN01164578.1	NW_004448347.1
triMan1:AHIN01164579	AHIN01164579			AHIN01164579.1	NW_004448348.1
triMan1:AHIN01164580	AHIN01164580			AHIN01164580.1	NW_004448349.1
triMan1:AHIN01164581	AHIN01164581			AHIN01164581.1	NW_004448350.1
triMan1:AHIN01164582	AHIN01164582			AHIN01164582.1	NW_004448351.1
triMan1:AHIN01164583	AHIN01164583			AHIN01164583.1	NW_004448352.1
triMan1:AHIN01164584	AHIN01164584			AHIN01164584.1	NW_004448353.1
triMan1:AHIN01164585	AHIN01164585			AHIN01164585.1	NW_004448354.1
triMan1:AHIN01164586	AHIN01164586			AHIN01164586.1	NW_004448355.1
triMan1:AHIN01164587	AHIN01164587			AHIN01164587.1	NW_004448356.1
triMan1:AHIN01164588	AHIN01164588			AHIN01164588.1	NW_004448357.1
triMan1:AHIN01164589	AHIN01164589			AHIN01164589.1	NW_004448358.1
triMan1:AHIN01164590	AHIN01164590			AHIN01164590.1	NW_004448359.1
triMan1:AHIN01164591	AHIN01164591			AHIN01164591.1	NW_004448360.1
triMan1:AHIN01164592	AHIN01164592			AHIN01164592.1	NW_004448361.1
triMan1:AHIN01164593	AHIN01164593			AHIN01164593.1	NW_004448362.1
triMan1:AHIN01164594	AHIN01164594			AHIN01164594.1	NW_004448363.1
triMan1:AHIN01164595	AHIN01164595			AHIN01164595.1	NW_004448364.1
triMan1:AHIN01164596	AHIN01164596			AHIN01164596.1	NW_004448365.1
triMan1:AHIN01164597	AHIN01164597			AHIN01164597.1	NW_004448366.1
triMan1:AHIN01164598	AHIN01164598			AHIN01164598.1	NW_004448367.1
triMan1:AHIN01164599	AHIN01164599			AHIN01164599.1	NW_004448368.1
triMan1:AHIN01164600	AHIN01164600			AHIN01164600.1	NW_004448369.1
triMan1:AHIN01164601	AHIN01164601			AHIN01164601.1	NW_004448370.1
triMan1:AHIN01164602	AHIN01164602			AHIN01164602.1	NW_004448371.1
triMan1:AHIN01164603	AHIN01164603			AHIN01164603.1	NW_004448372.1
triMan1:AHIN01164604	AHIN01164604			AHIN01164604.1	NW_004448373.1
triMan1:AHIN01164605	AHIN01164605			AHIN01164605.1	NW_004448374.1
triMan1:AHIN01164606	AHIN01164606			AHIN01164606.1	NW_004448375.1
triMan1:AHIN01164607	AHIN01164607			AHIN01164607.1	NW_004448376.1
triMan1:AHIN01164608	AHIN01164608			AHIN01164608.1	NW_004448377.1
triMan1:AHIN01164609	AHIN01164609			AHIN01164609.1	NW_004448378.1
triMan1:AHIN01164610	AHIN01164610			AHIN01164610.1	NW_004448379.1
triMan1:AHIN01164611	AHIN01164611			AHIN01164611.1	NW_004448380.1
triMan1:AHIN01164612	AHIN01164612			AHIN01164612.1	NW_004448381.1
triMan1:AHIN01164613	AHIN01164613			AHIN01164613.1	NW_004448382.1
triMan1:AHIN01164614	AHIN01164614			AHIN01164614.1	NW_004448383.1
triMan1:AHIN01164615	AHIN01164615			AHIN01164615.1	NW_004448384.1
triMan1:AHIN01164616	AHIN01164616			AHIN01164616.1	NW_004448385.1
triMan1:AHIN01164617	AHIN01164617			AHIN01164617.1	NW_004448386.1
triMan1:AHIN01164618	AHIN01164618			AHIN01164618.1	NW_004448387.1
triMan1:AHIN01164619	AHIN01164619			AHIN01164619.1	NW_004448388.1
triMan1:AHIN01164620	AHIN01164620			AHIN01164620.1	NW_004448389.1
triMan1:AHIN01164621	AHIN01164621			AHIN01164621.1	NW_004448390.1
triMan1:AHIN01164622	AHIN01164622			AHIN01164622.1	NW_004448391.1
triMan1:AHIN01164623	AHIN01164623			AHIN01164623.1	NW_004448392.1
triMan1:AHIN01164624	AHIN01164624			AHIN01164624.1	NW_004448393.1
triMan1:AHIN01164625	AHIN01164625			AHIN01164625.1	NW_004448394.1
triMan1:AHIN01164626	AHIN01164626			AHIN01164626.1	NW_004448395.1
triMan1:AHIN01164627	AHIN01164627			AHIN01164627.1	NW_004448396.1
triMan1:AHIN01164628	AHIN01164628			AHIN01164628.1	NW_004448397.1
triMan1:AHIN01164629	AHIN01164629			AHIN01164629.1	NW_004448398.1
triMan1:AHIN01164630	AHIN01164630			AHIN01164630.1	NW_004448399.1
triMan1:AHIN01164631	AHIN01164631			AHIN01164631.1	NW_004448400.1
triMan1:AHIN01164632	AHIN01164632			AHIN01164632.1	NW_004448401.1
triMan1:AHIN01164633	AHIN01164633			AHIN01164633.1	NW_004448402.1
triMan1:AHIN01164634	AHIN01164634			AHIN01164634.1	NW_004448403.1
triMan1:AHIN01164635	AHIN01164635			AHIN01164635.1	NW_004448404.1
triMan1:AHIN01164636	AHIN01164636			AHIN01164636.1	NW_004448405.1
triMan1:AHIN01164637	AHIN01164637			AHIN01164637.1	NW_004448406.1
triMan1:AHIN01164638	AHIN01164638			AHIN01164638.1	NW_004448407.1
triMan1:AHIN01164639	AHIN01164639			AHIN01164639.1	NW_004448408.1
triMan1:AHIN01164640	AHIN01164640			AHIN01164640.1	NW_004448409.1
triMan1:AHIN01164641	AHIN01164641			AHIN01164641.1	NW_004448410.1
triMan1:AHIN01164642	AHIN01164642			AHIN01164642.1	NW_004448411.1
triMan1:AHIN01164643	AHIN01164643			AHIN01164643.1	NW_004448412.1
triMan1:AHIN01164644	AHIN01164644			AHIN01164644.1	NW_004448413.1
triMan1:AHIN01164645	AHIN01164645			AHIN01164645.1	NW_004448414.1
triMan1:AHIN01164646	AHIN01164646			AHIN01164646.1	NW_004448415.1
triMan1:AHIN01164647	AHIN01164647			AHIN01164647.1	NW_004448416.1
triMan1:AHIN01164648	AHIN01164648			AHIN01164648.1	NW_004448417.1
triMan1:AHIN01164649	AHIN01164649			AHIN01164649.1	NW_004448418.1
triMan1:AHIN01164650	AHIN01164650			AHIN01164650.1	NW_004448419.1
triMan1:AHIN01164651	AHIN01164651			AHIN01164651.1	NW_004448420.1
triMan1:AHIN01164652	AHIN01164652			AHIN01164652.1	NW_004448421.1
triMan1:AHIN01164653	AHIN01164653			AHIN01164653.1	NW_004448422.1
triMan1:AHIN01164654	AHIN01164654			AHIN01164654.1	NW_004448423.1
triMan1:AHIN01164655	AHIN01164655			AHIN01164655.1	NW_004448424.1
triMan1:AHIN01164656	AHIN01164656			AHIN01164656.1	NW_004448425.1
triMan1:AHIN01164657	AHIN01164657			AHIN01164657.1	NW_004448426.1
triMan1:AHIN01164658	AHIN01164658			AHIN01164658.1	NW_004448427.1
triMan1:AHIN01164659	AHIN01164659			AHIN01164659.1	NW_004448428.1
triMan1:AHIN01164660	AHIN01164660			AHIN01164660.1	NW_004448429.1
triMan1:AHIN01164661	AHIN01164661			AHIN01164661.1	NW_004448430.1
triMan1:AHIN01164662	AHIN01164662			AHIN01164662.1	NW_004448431.1
triMan1:AHIN01164663	AHIN01164663			AHIN01164663.1	NW_004448432.1
triMan1:AHIN01164664	AHIN01164664			AHIN01164664.1	NW_004448433.1
triMan1:AHIN01164665	AHIN01164665			AHIN01164665.1	NW_004448434.1
triMan1:AHIN01164666	AHIN01164666			AHIN01164666.1	NW_004448435.1
triMan1:AHIN01164667	AHIN01164667			AHIN01164667.1	NW_004448436.1
triMan1:AHIN01164668	AHIN01164668			AHIN01164668.1	NW_004448437.1
triMan1:AHIN01164669	AHIN01164669			AHIN01164669.1	NW_004448438.1
triMan1:AHIN01164670	AHIN01164670			AHIN01164670.1	NW_004448439.1
triMan1:AHIN01164671	AHIN01164671			AHIN01164671.1	NW_004448440.1
triMan1:AHIN01164672	AHIN01164672			AHIN01164672.1	NW_004448441.1
triMan1:AHIN01164673	AHIN01164673			AHIN01164673.1	NW_004448442.1
triMan1:AHIN01164674	AHIN01164674			AHIN01164674.1	NW_004448443.1
triMan1:AHIN01164675	AHIN01164675			AHIN01164675.1	NW_004448444.1
triMan1:AHIN01164676	AHIN01164676			AHIN01164676.1	NW_004448445.1
triMan1:AHIN01164677	AHIN01164677			AHIN01164677.1	NW_004448446.1
triMan1:AHIN01164678	AHIN01164678			AHIN01164678.1	NW_004448447.1
triMan1:AHIN01164679	AHIN01164679			AHIN01164679.1	NW_004448448.1
triMan1:AHIN01164680	AHIN01164680			AHIN01164680.1	NW_004448449.1
triMan1:AHIN01164681	AHIN01164681			AHIN01164681.1	NW_004448450.1
triMan1:AHIN01164682	AHIN01164682			AHIN01164682.1	NW_004448451.1
triMan1:AHIN01164683	AHIN01164683			AHIN01164683.1	NW_004448452.1
triMan1:AHIN01164684	AHIN01164684			AHIN01164684.1	NW_004448453.1
triMan1:AHIN01164685	AHIN01164685			AHIN01164685.1	NW_004448454.1
triMan1:AHIN01164686	AHIN01164686			AHIN01164686.1	NW_004448455.1
triMan1:AHIN01164687	AHIN01164687			AHIN01164687.1	NW_004448456.1
triMan1:AHIN01164688	AHIN01164688			AHIN01164688.1	NW_004448457.1
triMan1:AHIN01164689	AHIN01164689			AHIN01164689.1	NW_004448458.1
triMan1:AHIN01164690	AHIN01164690			AHIN01164690.1	NW_004448459.1
triMan1:AHIN01164691	AHIN01164691			AHIN01164691.1	NW_004448460.1
triMan1:AHIN01164692	AHIN01164692			AHIN01164692.1	NW_004448461.1
triMan1:AHIN01164693	AHIN01164693			AHIN01164693.1	NW_004448462.1
triMan1:AHIN01164694	AHIN01164694			AHIN01164694.1	NW_004448463.1
triMan1:AHIN01164695	AHIN01164695			AHIN01164695.1	NW_004448464.1
triMan1:AHIN01164696	AHIN01164696			AHIN01164696.1	NW_004448465.1
triMan1:AHIN01164697	AHIN01164697			AHIN01164697.1	NW_004448466.1
triMan1:AHIN01164698	AHIN01164698			AHIN01164698.1	NW_004448467.1
triMan1:AHIN01164699	AHIN01164699			AHIN01164699.1	NW_004448468.1
triMan1:AHIN01164700	AHIN01164700			AHIN01164700.1	NW_004448469.1
triMan1:AHIN01164701	AHIN01164701			AHIN01164701.1	NW_004448470.1
triMan1:AHIN01164702	AHIN01164702			AHIN01164702.1	NW_004448471.1
triMan1:AHIN01164703	AHIN01164703			AHIN01164703.1	NW_004448472.1
triMan1:AHIN01164704	AHIN01164704			AHIN01164704.1	NW_004448473.1
triMan1:AHIN01164705	AHIN01164705			AHIN01164705.1	NW_004448474.1
triMan1:AHIN01164706	AHIN01164706			AHIN01164706.1	NW_004448475.1
triMan1:AHIN01164707	AHIN01164707			AHIN01164707.1	NW_004448476.1
triMan1:AHIN01164708	AHIN01164708			AHIN01164708.1	NW_004448477.1
triMan1:AHIN01164709	AHIN01164709			AHIN01164709.1	NW_004448478.1
triMan1:AHIN01164710	AHIN01164710			AHIN01164710.1	NW_004448479.1
triMan1:AHIN01164711	AHIN01164711			AHIN01164711.1	NW_004448480.1
triMan1:AHIN01164712	AHIN01164712			AHIN01164712.1	NW_004448481.1
triMan1:AHIN01164713	AHIN01164713			AHIN01164713.1	NW_004448482.1
triMan1:AHIN01164714	AHIN01164714			AHIN01164714.1	NW_004448483.1
triMan1:AHIN01164715	AHIN01164715			AHIN01164715.1	NW_004448484.1
triMan1:AHIN01164716	AHIN01164716			AHIN01164716.1	NW_004448485.1
triMan1:AHIN01164717	AHIN01164717			AHIN01164717.1	NW_004448486.1
triMan1:AHIN01164718	AHIN01164718			AHIN01164718.1	NW_004448487.1
triMan1:AHIN01164719	AHIN01164719			AHIN01164719.1	NW_004448488.1
triMan1:AHIN01164720	AHIN01164720			AHIN01164720.1	NW_004448489.1
triMan1:AHIN01164721	AHIN01164721			AHIN01164721.1	NW_004448490.1
triMan1:AHIN01164722	AHIN01164722			AHIN01164722.1	NW_004448491.1
triMan1:AHIN01164723	AHIN01164723			AHIN01164723.1	NW_004448492.1
triMan1:AHIN01164724	AHIN01164724			AHIN01164724.1	NW_004448493.1
triMan1:AHIN01164725	AHIN01164725			AHIN01164725.1	NW_004448494.1
triMan1:AHIN01164726	AHIN01164726			AHIN01164726.1	NW_004448495.1
triMan1:AHIN01164727	AHIN01164727			AHIN01164727.1	NW_004448496.1
triMan1:AHIN01164728	AHIN01164728			AHIN01164728.1	NW_004448497.1
triMan1:AHIN01164729	AHIN01164729			AHIN01164729.1	NW_004448498.1
triMan1:AHIN01164730	AHIN01164730			AHIN01164730.1	NW_004448499.1
triMan1:AHIN01164731	AHIN01164731			AHIN01164731.1	NW_004448500.1
triMan1:AHIN01164732	AHIN01164732			AHIN01164732.1	NW_004448501.1
triMan1:AHIN01164733	AHIN01164733			AHIN01164733.1	NW_004448502.1
triMan1:AHIN01164734	AHIN01164734			AHIN01164734.1	NW_004448503.1
triMan1:AHIN01164735	AHIN01164735			AHIN01164735.1	NW_004448504.1
triMan1:AHIN01164736	AHIN01164736			AHIN01164736.1	NW_004448505.1
triMan1:AHIN01164737	AHIN01164737			AHIN01164737.1	NW_004448506.1
triMan1:AHIN01164738	AHIN01164738			AHIN01164738.1	NW_004448507.1
triMan1:AHIN01164739	AHIN01164739			AHIN01164739.1	NW_004448508.1
triMan1:AHIN01164740	AHIN01164740			AHIN01164740.1	NW_004448509.1
triMan1:AHIN01164741	AHIN01164741			AHIN01164741.1	NW_004448510.1
triMan1:AHIN01164742	AHIN01164742			AHIN01164742.1	NW_004448511.1
triMan1:AHIN01164743	AHIN01164743			AHIN01164743.1	NW_004448512.1
triMan1:AHIN01164744	AHIN01164744			AHIN01164744.1	NW_004448513.1
triMan1:AHIN01164745	AHIN01164745			AHIN01164745.1	NW_004448514.1
triMan1:AHIN01164746	AHIN01164746			AHIN01164746.1	NW_004448515.1
triMan1:AHIN01164747	AHIN01164747			AHIN01164747.1	NW_004448516.1
triMan1:AHIN01164748	AHIN01164748			AHIN01164748.1	NW_004448517.1
triMan1:AHIN01164749	AHIN01164749			AHIN01164749.1	NW_004448518.1
triMan1:AHIN01164750	AHIN01164750			AHIN01164750.1	NW_004448519.1
triMan1:AHIN01164751	AHIN01164751			AHIN01164751.1	NW_004448520.1
triMan1:AHIN01164752	AHIN01164752			AHIN01164752.1	NW_004448521.1
triMan1:AHIN01164753	AHIN01164753			AHIN01164753.1	NW_004448522.1
triMan1:AHIN01164754	AHIN01164754			AHIN01164754.1	NW_004448523.1
triMan1:AHIN01164755	AHIN01164755			AHIN01164755.1	NW_004448524.1
triMan1:AHIN01164756	AHIN01164756			AHIN01164756.1	NW_004448525.1
triMan1:AHIN01164757	AHIN01164757			AHIN01164757.1	NW_004448526.1
triMan1:AHIN01164758	AHIN01164758			AHIN01164758.1	NW_004448527.1
triMan1:AHIN01164759	AHIN01164759			AHIN01164759.1	NW_004448528.1
triMan1:AHIN01164760	AHIN01164760			AHIN01164760.1	NW_004448529.1
triMan1:AHIN01164761	AHIN01164761			AHIN01164761.1	NW_004448530.1
triMan1:AHIN01164762	AHIN01164762			AHIN01164762.1	NW_004448531.1
triMan1:AHIN01164763	AHIN01164763			AHIN01164763.1	NW_004448532.1
triMan1:AHIN01164764	AHIN01164764			AHIN01164764.1	NW_004448533.1
triMan1:AHIN01164765	AHIN01164765			AHIN01164765.1	NW_004448534.1
triMan1:AHIN01164766	AHIN01164766			AHIN01164766.1	NW_004448535.1
triMan1:AHIN01164767	AHIN01164767			AHIN01164767.1	NW_004448536.1
triMan1:AHIN01164768	AHIN01164768			AHIN01164768.1	NW_004448537.1
triMan1:AHIN01164769	AHIN01164769			AHIN01164769.1	NW_004448538.1
triMan1:AHIN01164770	AHIN01164770			AHIN01164770.1	NW_004448539.1
triMan1:AHIN01164771	AHIN01164771			AHIN01164771.1	NW_004448540.1
triMan1:AHIN01164772	AHIN01164772			AHIN01164772.1	NW_004448541.1
triMan1:AHIN01164773	AHIN01164773			AHIN01164773.1	NW_004448542.1
triMan1:AHIN01164774	AHIN01164774			AHIN01164774.1	NW_004448543.1
triMan1:AHIN01164775	AHIN01164775			AHIN01164775.1	NW_004448544.1
triMan1:AHIN01164776	AHIN01164776			AHIN01164776.1	NW_004448545.1
triMan1:AHIN01164777	AHIN01164777			AHIN01164777.1	NW_004448546.1
triMan1:AHIN01164778	AHIN01164778			AHIN01164778.1	NW_004448547.1
triMan1:AHIN01164779	AHIN01164779			AHIN01164779.1	NW_004448548.1
triMan1:AHIN01164780	AHIN01164780			AHIN01164780.1	NW_004448549.1
triMan1:AHIN01164781	AHIN01164781			AHIN01164781.1	NW_004448550.1
triMan1:AHIN01164782	AHIN01164782			AHIN01164782.1	NW_004448551.1
triMan1:AHIN01164783	AHIN01164783			AHIN01164783.1	NW_004448552.1
triMan1:AHIN01164784	AHIN01164784			AHIN01164784.1	NW_004448553.1
triMan1:AHIN01164785	AHIN01164785			AHIN01164785.1	NW_004448554.1
triMan1:AHIN01164786	AHIN01164786			AHIN01164786.1	NW_004448555.1
triMan1:AHIN01164787	AHIN01164787			AHIN01164787.1	NW_004448556.1
triMan1:AHIN01164788	AHIN01164788			AHIN01164788.1	NW_004448557.1
triMan1:AHIN01164789	AHIN01164789			AHIN01164789.1	NW_004448558.1
triMan1:AHIN01164790	AHIN01164790			AHIN01164790.1	NW_004448559.1
triMan1:AHIN01164791	AHIN01164791			AHIN01164791.1	NW_004448560.1
triMan1:AHIN01164792	AHIN01164792			AHIN01164792.1	NW_004448561.1
triMan1:AHIN01164793	AHIN01164793			AHIN01164793.1	NW_004448562.1
triMan1:AHIN01164794	AHIN01164794			AHIN01164794.1	NW_004448563.1
triMan1:AHIN01164795	AHIN01164795			AHIN01164795.1	NW_004448564.1
triMan1:AHIN01164796	AHIN01164796			AHIN01164796.1	NW_004448565.1
triMan1:AHIN01164797	AHIN01164797			AHIN01164797.1	NW_004448566.1
triMan1:AHIN01164798	AHIN01164798			AHIN01164798.1	NW_004448567.1
triMan1:AHIN01164799	AHIN01164799			AHIN01164799.1	NW_004448568.1
triMan1:AHIN01164800	AHIN01164800			AHIN01164800.1	NW_004448569.1
triMan1:AHIN01164801	AHIN01164801			AHIN01164801.1	NW_004448570.1
triMan1:AHIN01164802	AHIN01164802			AHIN01164802.1	NW_004448571.1
triMan1:AHIN01164803	AHIN01164803			AHIN01164803.1	NW_004448572.1
triMan1:AHIN01164804	AHIN01164804			AHIN01164804.1	NW_004448573.1
triMan1:AHIN01164805	AHIN01164805			AHIN01164805.1	NW_004448574.1
triMan1:AHIN01164806	AHIN01164806			AHIN01164806.1	NW_004448575.1
triMan1:AHIN01164807	AHIN01164807			AHIN01164807.1	NW_004448576.1
triMan1:AHIN01164808	AHIN01164808			AHIN01164808.1	NW_004448577.1
triMan1:AHIN01164809	AHIN01164809			AHIN01164809.1	NW_004448578.1
triMan1:AHIN01164810	AHIN01164810			AHIN01164810.1	NW_004448579.1
triMan1:AHIN01164811	AHIN01164811			AHIN01164811.1	NW_004448580.1
triMan1:AHIN01164812	AHIN01164812			AHIN01164812.1	NW_004448581.1
triMan1:AHIN01164813	AHIN01164813			AHIN01164813.1	NW_004448582.1
triMan1:AHIN01164814	AHIN01164814			AHIN01164814.1	NW_004448583.1
triMan1:AHIN01164815	AHIN01164815			AHIN01164815.1	NW_004448584.1
triMan1:AHIN01164816	AHIN01164816			AHIN01164816.1	NW_004448585.1
triMan1:AHIN01164817	AHIN01164817			AHIN01164817.1	NW_004448586.1
triMan1:AHIN01164818	AHIN01164818			AHIN01164818.1	NW_004448587.1
triMan1:AHIN01164819	AHIN01164819			AHIN01164819.1	NW_004448588.1
triMan1:AHIN01164820	AHIN01164820			AHIN01164820.1	NW_004448589.1
triMan1:AHIN01164821	AHIN01164821			AHIN01164821.1	NW_004448590.1
triMan1:AHIN01164822	AHIN01164822			AHIN01164822.1	NW_004448591.1
triMan1:AHIN01164823	AHIN01164823			AHIN01164823.1	NW_004448592.1
triMan1:AHIN01164824	AHIN01164824			AHIN01164824.1	NW_004448593.1
triMan1:AHIN01164825	AHIN01164825			AHIN01164825.1	NW_004448594.1
triMan1:AHIN01164826	AHIN01164826			AHIN01164826.1	NW_004448595.1
triMan1:AHIN01164827	AHIN01164827			AHIN01164827.1	NW_004448596.1
triMan1:AHIN01164828	AHIN01164828			AHIN01164828.1	NW_004448597.1
triMan1:AHIN01164829	AHIN01164829			AHIN01164829.1	NW_004448598.1
triMan1:AHIN01164830	AHIN01164830			AHIN01164830.1	NW_004448599.1
triMan1:AHIN01164831	AHIN01164831			AHIN01164831.1	NW_004448600.1
triMan1:AHIN01164832	AHIN01164832			AHIN01164832.1	NW_004448601.1
triMan1:AHIN01164833	AHIN01164833			AHIN01164833.1	NW_004448602.1
triMan1:AHIN01164834	AHIN01164834			AHIN01164834.1	NW_004448603.1
triMan1:AHIN01164835	AHIN01164835			AHIN01164835.1	NW_004448604.1
triMan1:AHIN01164836	AHIN01164836			AHIN01164836.1	NW_004448605.1
triMan1:AHIN01164837	AHIN01164837			AHIN01164837.1	NW_004448606.1
triMan1:AHIN01164838	AHIN01164838			AHIN01164838.1	NW_004448607.1
triMan1:AHIN01164839	AHIN01164839			AHIN01164839.1	NW_004448608.1
triMan1:AHIN01164840	AHIN01164840			AHIN01164840.1	NW_004448609.1
triMan1:AHIN01164841	AHIN01164841			AHIN01164841.1	NW_004448610.1
triMan1:AHIN01164842	AHIN01164842			AHIN01164842.1	NW_004448611.1
triMan1:AHIN01164843	AHIN01164843			AHIN01164843.1	NW_004448612.1
triMan1:AHIN01164844	AHIN01164844			AHIN01164844.1	NW_004448613.1
triMan1:AHIN01164845	AHIN01164845			AHIN01164845.1	NW_004448614.1
triMan1:AHIN01164846	AHIN01164846			AHIN01164846.1	NW_004448615.1
triMan1:AHIN01164847	AHIN01164847			AHIN01164847.1	NW_004448616.1
triMan1:AHIN01164848	AHIN01164848			AHIN01164848.1	NW_004448617.1
triMan1:AHIN01164849	AHIN01164849			AHIN01164849.1	NW_004448618.1
triMan1:AHIN01164850	AHIN01164850			AHIN01164850.1	NW_004448619.1
triMan1:AHIN01164851	AHIN01164851			AHIN01164851.1	NW_004448620.1
triMan1:AHIN01164852	AHIN01164852			AHIN01164852.1	NW_004448621.1
triMan1:AHIN01164853	AHIN01164853			AHIN01164853.1	NW_004448622.1
triMan1:AHIN01164854	AHIN01164854			AHIN01164854.1	NW_004448623.1
triMan1:AHIN01164855	AHIN01164855			AHIN01164855.1	NW_004448624.1
triMan1:AHIN01164856	AHIN01164856			AHIN01164856.1	NW_004448625.1
triMan1:AHIN01164857	AHIN01164857			AHIN01164857.1	NW_004448626.1
triMan1:AHIN01164858	AHIN01164858			AHIN01164858.1	NW_004448627.1
triMan1:AHIN01164859	AHIN01164859			AHIN01164859.1	NW_004448628.1
triMan1:AHIN01164860	AHIN01164860			AHIN01164860.1	NW_004448629.1
triMan1:AHIN01164861	AHIN01164861			AHIN01164861.1	NW_004448630.1
triMan1:AHIN01164862	AHIN01164862			AHIN01164862.1	NW_004448631.1
triMan1:AHIN01164863	AHIN01164863			AHIN01164863.1	NW_004448632.1
triMan1:AHIN01164864	AHIN01164864			AHIN01164864.1	NW_004448633.1
triMan1:AHIN01164865	AHIN01164865			AHIN01164865.1	NW_004448634.1
triMan1:AHIN01164866	AHIN01164866			AHIN01164866.1	NW_004448635.1
triMan1:AHIN01164867	AHIN01164867			AHIN01164867.1	NW_004448636.1
triMan1:AHIN01164868	AHIN01164868			AHIN01164868.1	NW_004448637.1
triMan1:AHIN01164869	AHIN01164869			AHIN01164869.1	NW_004448638.1
triMan1:AHIN01164870	AHIN01164870			AHIN01164870.1	NW_004448639.1
triMan1:AHIN01164871	AHIN01164871			AHIN01164871.1	NW_004448640.1
triMan1:AHIN01164872	AHIN01164872			AHIN01164872.1	NW_004448641.1
triMan1:AHIN01164873	AHIN01164873			AHIN01164873.1	NW_004448642.1
triMan1:AHIN01164874	AHIN01164874			AHIN01164874.1	NW_004448643.1
triMan1:AHIN01164875	AHIN01164875			AHIN01164875.1	NW_004448644.1
triMan1:AHIN01164876	AHIN01164876			AHIN01164876.1	NW_004448645.1
triMan1:AHIN01164877	AHIN01164877			AHIN01164877.1	NW_004448646.1
triMan1:AHIN01164878	AHIN01164878			AHIN01164878.1	NW_004448647.1
triMan1:AHIN01164879	AHIN01164879			AHIN01164879.1	NW_004448648.1
triMan1:AHIN01164880	AHIN01164880			AHIN01164880.1	NW_004448649.1
triMan1:AHIN01164881	AHIN01164881			AHIN01164881.1	NW_004448650.1
triMan1:AHIN01164882	AHIN01164882			AHIN01164882.1	NW_004448651.1
triMan1:AHIN01164883	AHIN01164883			AHIN01164883.1	NW_004448652.1
triMan1:AHIN01164884	AHIN01164884			AHIN01164884.1	NW_004448653.1
triMan1:AHIN01164885	AHIN01164885			AHIN01164885.1	NW_004448654.1
triMan1:AHIN01164886	AHIN01164886			AHIN01164886.1	NW_004448655.1
triMan1:AHIN01164887	AHIN01164887			AHIN01164887.1	NW_004448656.1
triMan1:AHIN01164888	AHIN01164888			AHIN01164888.1	NW_004448657.1
triMan1:AHIN01164889	AHIN01164889			AHIN01164889.1	NW_004448658.1
triMan1:AHIN01164890	AHIN01164890			AHIN01164890.1	NW_004448659.1
triMan1:AHIN01164891	AHIN01164891			AHIN01164891.1	NW_004448660.1
triMan1:AHIN01164892	AHIN01164892			AHIN01164892.1	NW_004448661.1
triMan1:AHIN01164893	AHIN01164893			AHIN01164893.1	NW_004448662.1
triMan1:AHIN01164894	AHIN01164894			AHIN01164894.1	NW_004448663.1
triMan1:AHIN01164895	AHIN01164895			AHIN01164895.1	NW_004448664.1
triMan1:AHIN01164896	AHIN01164896			AHIN01164896.1	NW_004448665.1
triMan1:AHIN01164897	AHIN01164897			AHIN01164897.1	NW_004448666.1
triMan1:AHIN01164898	AHIN01164898			AHIN01164898.1	NW_004448667.1
triMan1:AHIN01164899	AHIN01164899			AHIN01164899.1	NW_004448668.1
triMan1:AHIN01164900	AHIN01164900			AHIN01164900.1	NW_004448669.1
triMan1:AHIN01164901	AHIN01164901			AHIN01164901.1	NW_004448670.1
triMan1:AHIN01164902	AHIN01164902			AHIN01164902.1	NW_004448671.1
triMan1:AHIN01164903	AHIN01164903			AHIN01164903.1	NW_004448672.1
triMan1:AHIN01164904	AHIN01164904			AHIN01164904.1	NW_004448673.1
triMan1:AHIN01164905	AHIN01164905			AHIN01164905.1	NW_004448674.1
triMan1:AHIN01164906	AHIN01164906			AHIN01164906.1	NW_004448675.1
triMan1:AHIN01164907	AHIN01164907			AHIN01164907.1	NW_004448676.1
triMan1:AHIN01164908	AHIN01164908			AHIN01164908.1	NW_004448677.1
triMan1:AHIN01164909	AHIN01164909			AHIN01164909.1	NW_004448678.1
triMan1:AHIN01164910	AHIN01164910			AHIN01164910.1	NW_004448679.1
triMan1:AHIN01164911	AHIN01164911			AHIN01164911.1	NW_004448680.1
triMan1:AHIN01164912	AHIN01164912			AHIN01164912.1	NW_004448681.1
triMan1:AHIN01164913	AHIN01164913			AHIN01164913.1	NW_004448682.1
triMan1:AHIN01164914	AHIN01164914			AHIN01164914.1	NW_004448683.1
triMan1:AHIN01164915	AHIN01164915			AHIN01164915.1	NW_004448684.1
triMan1:AHIN01164916	AHIN01164916			AHIN01164916.1	NW_004448685.1
triMan1:AHIN01164917	AHIN01164917			AHIN01164917.1	NW_004448686.1
triMan1:AHIN01164918	AHIN01164918			AHIN01164918.1	NW_004448687.1
triMan1:AHIN01164919	AHIN01164919			AHIN01164919.1	NW_004448688.1
triMan1:AHIN01164920	AHIN01164920			AHIN01164920.1	NW_004448689.1
triMan1:AHIN01164921	AHIN01164921			AHIN01164921.1	NW_004448690.1
triMan1:AHIN01164922	AHIN01164922			AHIN01164922.1	NW_004448691.1
triMan1:AHIN01164923	AHIN01164923			AHIN01164923.1	NW_004448692.1
triMan1:AHIN01164924	AHIN01164924			AHIN01164924.1	NW_004448693.1
triMan1:AHIN01164925	AHIN01164925			AHIN01164925.1	NW_004448694.1
triMan1:AHIN01164926	AHIN01164926			AHIN01164926.1	NW_004448695.1
triMan1:AHIN01164927	AHIN01164927			AHIN01164927.1	NW_004448696.1
triMan1:AHIN01164928	AHIN01164928			AHIN01164928.1	NW_004448697.1
triMan1:AHIN01164929	AHIN01164929			AHIN01164929.1	NW_004448698.1
triMan1:AHIN01164930	AHIN01164930			AHIN01164930.1	NW_004448699.1
triMan1:AHIN01164931	AHIN01164931			AHIN01164931.1	NW_004448700.1
triMan1:AHIN01164932	AHIN01164932			AHIN01164932.1	NW_004448701.1
triMan1:AHIN01164933	AHIN01164933			AHIN01164933.1	NW_004448702.1
triMan1:AHIN01164934	AHIN01164934			AHIN01164934.1	NW_004448703.1
triMan1:AHIN01164935	AHIN01164935			AHIN01164935.1	NW_004448704.1
triMan1:AHIN01164936	AHIN01164936			AHIN01164936.1	NW_004448705.1
triMan1:AHIN01164937	AHIN01164937			AHIN01164937.1	NW_004448706.1
triMan1:AHIN01164938	AHIN01164938			AHIN01164938.1	NW_004448707.1
triMan1:AHIN01164939	AHIN01164939			AHIN01164939.1	NW_004448708.1
triMan1:AHIN01164940	AHIN01164940			AHIN01164940.1	NW_004448709.1
triMan1:AHIN01164941	AHIN01164941			AHIN01164941.1	NW_004448710.1
triMan1:AHIN01164942	AHIN01164942			AHIN01164942.1	NW_004448711.1
triMan1:AHIN01164943	AHIN01164943			AHIN01164943.1	NW_004448712.1
triMan1:AHIN01164944	AHIN01164944			AHIN01164944.1	NW_004448713.1
triMan1:AHIN01164945	AHIN01164945			AHIN01164945.1	NW_004448714.1
triMan1:AHIN01164946	AHIN01164946			AHIN01164946.1	NW_004448715.1
triMan1:AHIN01164947	AHIN01164947			AHIN01164947.1	NW_004448716.1
triMan1:AHIN01164948	AHIN01164948			AHIN01164948.1	NW_004448717.1
triMan1:AHIN01164949	AHIN01164949			AHIN01164949.1	NW_004448718.1
triMan1:AHIN01164950	AHIN01164950			AHIN01164950.1	NW_004448719.1
triMan1:AHIN01164951	AHIN01164951			AHIN01164951.1	NW_004448720.1
triMan1:AHIN01164952	AHIN01164952			AHIN01164952.1	NW_004448721.1
triMan1:AHIN01164953	AHIN01164953			AHIN01164953.1	NW_004448722.1
triMan1:AHIN01164954	AHIN01164954			AHIN01164954.1	NW_004448723.1
triMan1:AHIN01164955	AHIN01164955			AHIN01164955.1	NW_004448724.1
triMan1:AHIN01164956	AHIN01164956			AHIN01164956.1	NW_004448725.1
triMan1:AHIN01164957	AHIN01164957			AHIN01164957.1	NW_004448726.1
triMan1:AHIN01164958	AHIN01164958			AHIN01164958.1	NW_004448727.1
triMan1:AHIN01164959	AHIN01164959			AHIN01164959.1	NW_004448728.1
triMan1:AHIN01164960	AHIN01164960			AHIN01164960.1	NW_004448729.1
triMan1:AHIN01164961	AHIN01164961			AHIN01164961.1	NW_004448730.1
triMan1:AHIN01164962	AHIN01164962			AHIN01164962.1	NW_004448731.1
triMan1:AHIN01164963	AHIN01164963			AHIN01164963.1	NW_004448732.1
triMan1:AHIN01164964	AHIN01164964			AHIN01164964.1	NW_004448733.1
triMan1:AHIN01164965	AHIN01164965			AHIN01164965.1	NW_004448734.1
triMan1:AHIN01164966	AHIN01164966			AHIN01164966.1	NW_004448735.1
triMan1:AHIN01164967	AHIN01164967			AHIN01164967.1	NW_004448736.1
triMan1:AHIN01164968	AHIN01164968			AHIN01164968.1	NW_004448737.1
triMan1:AHIN01164969	AHIN01164969			AHIN01164969.1	NW_004448738.1
triMan1:AHIN01164970	AHIN01164970			AHIN01164970.1	NW_004448739.1
triMan1:AHIN01164971	AHIN01164971			AHIN01164971.1	NW_004448740.1
triMan1:AHIN01164972	AHIN01164972			AHIN01164972.1	NW_004448741.1
triMan1:AHIN01164973	AHIN01164973			AHIN01164973.1	NW_004448742.1
triMan1:AHIN01164974	AHIN01164974			AHIN01164974.1	NW_004448743.1
triMan1:AHIN01164975	AHIN01164975			AHIN01164975.1	NW_004448744.1
triMan1:AHIN01164976	AHIN01164976			AHIN01164976.1	NW_004448745.1
triMan1:AHIN01164977	AHIN01164977			AHIN01164977.1	NW_004448746.1
triMan1:AHIN01164978	AHIN01164978			AHIN01164978.1	NW_004448747.1
triMan1:AHIN01164979	AHIN01164979			AHIN01164979.1	NW_004448748.1
triMan1:AHIN01164980	AHIN01164980			AHIN01164980.1	NW_004448749.1
triMan1:AHIN01164981	AHIN01164981			AHIN01164981.1	NW_004448750.1
triMan1:AHIN01164982	AHIN01164982			AHIN01164982.1	NW_004448751.1
triMan1:AHIN01164983	AHIN01164983			AHIN01164983.1	NW_004448752.1
triMan1:AHIN01164984	AHIN01164984			AHIN01164984.1	NW_004448753.1
triMan1:AHIN01164985	AHIN01164985			AHIN01164985.1	NW_004448754.1
triMan1:AHIN01164986	AHIN01164986			AHIN01164986.1	NW_004448755.1
triMan1:AHIN01164987	AHIN01164987			AHIN01164987.1	NW_004448756.1
triMan1:AHIN01164988	AHIN01164988			AHIN01164988.1	NW_004448757.1
triMan1:AHIN01164989	AHIN01164989			AHIN01164989.1	NW_004448758.1
triMan1:AHIN01164990	AHIN01164990			AHIN01164990.1	NW_004448759.1
triMan1:AHIN01164991	AHIN01164991			AHIN01164991.1	NW_004448760.1
triMan1:AHIN01164992	AHIN01164992			AHIN01164992.1	NW_004448761.1
triMan1:AHIN01164993	AHIN01164993			AHIN01164993.1	NW_004448762.1
triMan1:AHIN01164994	AHIN01164994			AHIN01164994.1	NW_004448763.1
triMan1:AHIN01164995	AHIN01164995			AHIN01164995.1	NW_004448764.1
triMan1:AHIN01164996	AHIN01164996			AHIN01164996.1	NW_004448765.1
triMan1:AHIN01164997	AHIN01164997			AHIN01164997.1	NW_004448766.1
triMan1:AHIN01164998	AHIN01164998			AHIN01164998.1	NW_004448767.1
triMan1:AHIN01164999	AHIN01164999			AHIN01164999.1	NW_004448768.1
triMan1:AHIN01165000	AHIN01165000			AHIN01165000.1	NW_004448769.1
triMan1:AHIN01165001	AHIN01165001			AHIN01165001.1	NW_004448770.1
triMan1:AHIN01165002	AHIN01165002			AHIN01165002.1	NW_004448771.1
triMan1:AHIN01165003	AHIN01165003			AHIN01165003.1	NW_004448772.1
triMan1:AHIN01165004	AHIN01165004			AHIN01165004.1	NW_004448773.1
triMan1:AHIN01165005	AHIN01165005			AHIN01165005.1	NW_004448774.1
triMan1:AHIN01165006	AHIN01165006			AHIN01165006.1	NW_004448775.1
triMan1:AHIN01165007	AHIN01165007			AHIN01165007.1	NW_004448776.1
triMan1:AHIN01165008	AHIN01165008			AHIN01165008.1	NW_004448777.1
triMan1:AHIN01165009	AHIN01165009			AHIN01165009.1	NW_004448778.1
triMan1:AHIN01165010	AHIN01165010			AHIN01165010.1	NW_004448779.1
triMan1:AHIN01165011	AHIN01165011			AHIN01165011.1	NW_004448780.1
triMan1:AHIN01165012	AHIN01165012			AHIN01165012.1	NW_004448781.1
triMan1:AHIN01165013	AHIN01165013			AHIN01165013.1	NW_004448782.1
triMan1:AHIN01165014	AHIN01165014			AHIN01165014.1	NW_004448783.1
triMan1:AHIN01165015	AHIN01165015			AHIN01165015.1	NW_004448784.1
triMan1:AHIN01165016	AHIN01165016			AHIN01165016.1	NW_004448785.1
triMan1:AHIN01165017	AHIN01165017			AHIN01165017.1	NW_004448786.1
triMan1:AHIN01165018	AHIN01165018			AHIN01165018.1	NW_004448787.1
triMan1:AHIN01165019	AHIN01165019			AHIN01165019.1	NW_004448788.1
triMan1:AHIN01165020	AHIN01165020			AHIN01165020.1	NW_004448789.1
triMan1:AHIN01165021	AHIN01165021			AHIN01165021.1	NW_004448790.1
triMan1:AHIN01165022	AHIN01165022			AHIN01165022.1	NW_004448791.1
triMan1:AHIN01165023	AHIN01165023			AHIN01165023.1	NW_004448792.1
triMan1:AHIN01165024	AHIN01165024			AHIN01165024.1	NW_004448793.1
triMan1:AHIN01165025	AHIN01165025			AHIN01165025.1	NW_004448794.1
triMan1:AHIN01165026	AHIN01165026			AHIN01165026.1	NW_004448795.1
triMan1:AHIN01165027	AHIN01165027			AHIN01165027.1	NW_004448796.1
triMan1:AHIN01165028	AHIN01165028			AHIN01165028.1	NW_004448797.1
triMan1:AHIN01165029	AHIN01165029			AHIN01165029.1	NW_004448798.1
triMan1:AHIN01165030	AHIN01165030			AHIN01165030.1	NW_004448799.1
triMan1:AHIN01165031	AHIN01165031			AHIN01165031.1	NW_004448800.1
triMan1:AHIN01165032	AHIN01165032			AHIN01165032.1	NW_004448801.1
triMan1:AHIN01165033	AHIN01165033			AHIN01165033.1	NW_004448802.1
triMan1:AHIN01165034	AHIN01165034			AHIN01165034.1	NW_004448803.1
triMan1:AHIN01165035	AHIN01165035			AHIN01165035.1	NW_004448804.1
triMan1:AHIN01165036	AHIN01165036			AHIN01165036.1	NW_004448805.1
triMan1:AHIN01165037	AHIN01165037			AHIN01165037.1	NW_004448806.1
triMan1:AHIN01165038	AHIN01165038			AHIN01165038.1	NW_004448807.1
triMan1:AHIN01165039	AHIN01165039			AHIN01165039.1	NW_004448808.1
triMan1:AHIN01165040	AHIN01165040			AHIN01165040.1	NW_004448809.1
triMan1:AHIN01165041	AHIN01165041			AHIN01165041.1	NW_004448810.1
triMan1:AHIN01165042	AHIN01165042			AHIN01165042.1	NW_004448811.1
triMan1:AHIN01165043	AHIN01165043			AHIN01165043.1	NW_004448812.1
triMan1:AHIN01165044	AHIN01165044			AHIN01165044.1	NW_004448813.1
triMan1:AHIN01165045	AHIN01165045			AHIN01165045.1	NW_004448814.1
triMan1:AHIN01165046	AHIN01165046			AHIN01165046.1	NW_004448815.1
triMan1:AHIN01165047	AHIN01165047			AHIN01165047.1	NW_004448816.1
triMan1:AHIN01165048	AHIN01165048			AHIN01165048.1	NW_004448817.1
triMan1:AHIN01165049	AHIN01165049			AHIN01165049.1	NW_004448818.1
triMan1:AHIN01165050	AHIN01165050			AHIN01165050.1	NW_004448819.1
triMan1:AHIN01165051	AHIN01165051			AHIN01165051.1	NW_004448820.1
triMan1:AHIN01165052	AHIN01165052			AHIN01165052.1	NW_004448821.1
triMan1:AHIN01165053	AHIN01165053			AHIN01165053.1	NW_004448822.1
triMan1:AHIN01165054	AHIN01165054			AHIN01165054.1	NW_004448823.1
triMan1:AHIN01165055	AHIN01165055			AHIN01165055.1	NW_004448824.1
triMan1:AHIN01165056	AHIN01165056			AHIN01165056.1	NW_004448825.1
triMan1:AHIN01165057	AHIN01165057			AHIN01165057.1	NW_004448826.1
triMan1:AHIN01165058	AHIN01165058			AHIN01165058.1	NW_004448827.1
triMan1:AHIN01165059	AHIN01165059			AHIN01165059.1	NW_004448828.1
triMan1:AHIN01165060	AHIN01165060			AHIN01165060.1	NW_004448829.1
triMan1:AHIN01165061	AHIN01165061			AHIN01165061.1	NW_004448830.1
triMan1:AHIN01165062	AHIN01165062			AHIN01165062.1	NW_004448831.1
triMan1:AHIN01165063	AHIN01165063			AHIN01165063.1	NW_004448832.1
triMan1:AHIN01165064	AHIN01165064			AHIN01165064.1	NW_004448833.1
triMan1:AHIN01165065	AHIN01165065			AHIN01165065.1	NW_004448834.1
triMan1:AHIN01165066	AHIN01165066			AHIN01165066.1	NW_004448835.1
triMan1:AHIN01165067	AHIN01165067			AHIN01165067.1	NW_004448836.1
triMan1:AHIN01165068	AHIN01165068			AHIN01165068.1	NW_004448837.1
triMan1:AHIN01165069	AHIN01165069			AHIN01165069.1	NW_004448838.1
triMan1:AHIN01165070	AHIN01165070			AHIN01165070.1	NW_004448839.1
triMan1:AHIN01165071	AHIN01165071			AHIN01165071.1	NW_004448840.1
triMan1:AHIN01165072	AHIN01165072			AHIN01165072.1	NW_004448841.1
triMan1:AHIN01165073	AHIN01165073			AHIN01165073.1	NW_004448842.1
triMan1:AHIN01165074	AHIN01165074			AHIN01165074.1	NW_004448843.1
triMan1:AHIN01165075	AHIN01165075			AHIN01165075.1	NW_004448844.1
triMan1:AHIN01165076	AHIN01165076			AHIN01165076.1	NW_004448845.1
triMan1:AHIN01165077	AHIN01165077			AHIN01165077.1	NW_004448846.1
triMan1:AHIN01165078	AHIN01165078			AHIN01165078.1	NW_004448847.1
triMan1:AHIN01165079	AHIN01165079			AHIN01165079.1	NW_004448848.1
triMan1:AHIN01165080	AHIN01165080			AHIN01165080.1	NW_004448849.1
triMan1:AHIN01165081	AHIN01165081			AHIN01165081.1	NW_004448850.1
triMan1:AHIN01165082	AHIN01165082			AHIN01165082.1	NW_004448851.1
triMan1:AHIN01165083	AHIN01165083			AHIN01165083.1	NW_004448852.1
triMan1:AHIN01165084	AHIN01165084			AHIN01165084.1	NW_004448853.1
triMan1:AHIN01165085	AHIN01165085			AHIN01165085.1	NW_004448854.1
triMan1:AHIN01165086	AHIN01165086			AHIN01165086.1	NW_004448855.1
triMan1:AHIN01165087	AHIN01165087			AHIN01165087.1	NW_004448856.1
triMan1:AHIN01165088	AHIN01165088			AHIN01165088.1	NW_004448857.1
triMan1:AHIN01165089	AHIN01165089			AHIN01165089.1	NW_004448858.1
triMan1:AHIN01165090	AHIN01165090			AHIN01165090.1	NW_004448859.1
triMan1:AHIN01165091	AHIN01165091			AHIN01165091.1	NW_004448860.1
triMan1:AHIN01165092	AHIN01165092			AHIN01165092.1	NW_004448861.1
triMan1:AHIN01165093	AHIN01165093			AHIN01165093.1	NW_004448862.1
triMan1:AHIN01165094	AHIN01165094			AHIN01165094.1	NW_004448863.1
triMan1:AHIN01165095	AHIN01165095			AHIN01165095.1	NW_004448864.1
triMan1:AHIN01165096	AHIN01165096			AHIN01165096.1	NW_004448865.1
triMan1:AHIN01165097	AHIN01165097			AHIN01165097.1	NW_004448866.1
triMan1:AHIN01165098	AHIN01165098			AHIN01165098.1	NW_004448867.1
triMan1:AHIN01165099	AHIN01165099			AHIN01165099.1	NW_004448868.1
triMan1:AHIN01165100	AHIN01165100			AHIN01165100.1	NW_004448869.1
triMan1:AHIN01165101	AHIN01165101			AHIN01165101.1	NW_004448870.1
triMan1:AHIN01165102	AHIN01165102			AHIN01165102.1	NW_004448871.1
triMan1:AHIN01165103	AHIN01165103			AHIN01165103.1	NW_004448872.1
triMan1:AHIN01165104	AHIN01165104			AHIN01165104.1	NW_004448873.1
triMan1:AHIN01165105	AHIN01165105			AHIN01165105.1	NW_004448874.1
triMan1:AHIN01165106	AHIN01165106			AHIN01165106.1	NW_004448875.1
triMan1:AHIN01165107	AHIN01165107			AHIN01165107.1	NW_004448876.1
triMan1:AHIN01165108	AHIN01165108			AHIN01165108.1	NW_004448877.1
triMan1:AHIN01165109	AHIN01165109			AHIN01165109.1	NW_004448878.1
triMan1:AHIN01165110	AHIN01165110			AHIN01165110.1	NW_004448879.1
triMan1:AHIN01165111	AHIN01165111			AHIN01165111.1	NW_004448880.1
triMan1:AHIN01165112	AHIN01165112			AHIN01165112.1	NW_004448881.1
triMan1:AHIN01165113	AHIN01165113			AHIN01165113.1	NW_004448882.1
triMan1:AHIN01165114	AHIN01165114			AHIN01165114.1	NW_004448883.1
triMan1:AHIN01165115	AHIN01165115			AHIN01165115.1	NW_004448884.1
triMan1:AHIN01165116	AHIN01165116			AHIN01165116.1	NW_004448885.1
triMan1:AHIN01165117	AHIN01165117			AHIN01165117.1	NW_004448886.1
triMan1:AHIN01165118	AHIN01165118			AHIN01165118.1	NW_004448887.1
triMan1:AHIN01165119	AHIN01165119			AHIN01165119.1	NW_004448888.1
triMan1:AHIN01165120	AHIN01165120			AHIN01165120.1	NW_004448889.1
triMan1:AHIN01165121	AHIN01165121			AHIN01165121.1	NW_004448890.1
triMan1:AHIN01165122	AHIN01165122			AHIN01165122.1	NW_004448891.1
triMan1:AHIN01165123	AHIN01165123			AHIN01165123.1	NW_004448892.1
triMan1:AHIN01165124	AHIN01165124			AHIN01165124.1	NW_004448893.1
triMan1:AHIN01165125	AHIN01165125			AHIN01165125.1	NW_004448894.1
triMan1:AHIN01165126	AHIN01165126			AHIN01165126.1	NW_004448895.1
triMan1:AHIN01165127	AHIN01165127			AHIN01165127.1	NW_004448896.1
triMan1:AHIN01165128	AHIN01165128			AHIN01165128.1	NW_004448897.1
triMan1:AHIN01165129	AHIN01165129			AHIN01165129.1	NW_004448898.1
triMan1:AHIN01165130	AHIN01165130			AHIN01165130.1	NW_004448899.1
triMan1:AHIN01165131	AHIN01165131			AHIN01165131.1	NW_004448900.1
triMan1:AHIN01165132	AHIN01165132			AHIN01165132.1	NW_004448901.1
triMan1:AHIN01165133	AHIN01165133			AHIN01165133.1	NW_004448902.1
triMan1:AHIN01165134	AHIN01165134			AHIN01165134.1	NW_004448903.1
triMan1:AHIN01165135	AHIN01165135			AHIN01165135.1	NW_004448904.1
triMan1:AHIN01165136	AHIN01165136			AHIN01165136.1	NW_004448905.1
triMan1:AHIN01165137	AHIN01165137			AHIN01165137.1	NW_004448906.1
triMan1:AHIN01165138	AHIN01165138			AHIN01165138.1	NW_004448907.1
triMan1:AHIN01165139	AHIN01165139			AHIN01165139.1	NW_004448908.1
triMan1:AHIN01165140	AHIN01165140			AHIN01165140.1	NW_004448909.1
triMan1:AHIN01165141	AHIN01165141			AHIN01165141.1	NW_004448910.1
triMan1:AHIN01165142	AHIN01165142			AHIN01165142.1	NW_004448911.1
triMan1:AHIN01165143	AHIN01165143			AHIN01165143.1	NW_004448912.1
triMan1:AHIN01165144	AHIN01165144			AHIN01165144.1	NW_004448913.1
triMan1:AHIN01165145	AHIN01165145			AHIN01165145.1	NW_004448914.1
triMan1:AHIN01165146	AHIN01165146			AHIN01165146.1	NW_004448915.1
triMan1:AHIN01165147	AHIN01165147			AHIN01165147.1	NW_004448916.1
triMan1:AHIN01165148	AHIN01165148			AHIN01165148.1	NW_004448917.1
triMan1:AHIN01165149	AHIN01165149			AHIN01165149.1	NW_004448918.1
triMan1:AHIN01165150	AHIN01165150			AHIN01165150.1	NW_004448919.1
triMan1:AHIN01165151	AHIN01165151			AHIN01165151.1	NW_004448920.1
triMan1:AHIN01165152	AHIN01165152			AHIN01165152.1	NW_004448921.1
triMan1:AHIN01165153	AHIN01165153			AHIN01165153.1	NW_004448922.1
triMan1:AHIN01165154	AHIN01165154			AHIN01165154.1	NW_004448923.1
triMan1:AHIN01165155	AHIN01165155			AHIN01165155.1	NW_004448924.1
triMan1:AHIN01165156	AHIN01165156			AHIN01165156.1	NW_004448925.1
triMan1:AHIN01165157	AHIN01165157			AHIN01165157.1	NW_004448926.1
triMan1:AHIN01165158	AHIN01165158			AHIN01165158.1	NW_004448927.1
triMan1:AHIN01165159	AHIN01165159			AHIN01165159.1	NW_004448928.1
triMan1:AHIN01165160	AHIN01165160			AHIN01165160.1	NW_004448929.1
triMan1:AHIN01165161	AHIN01165161			AHIN01165161.1	NW_004448930.1
triMan1:AHIN01165162	AHIN01165162			AHIN01165162.1	NW_004448931.1
triMan1:AHIN01165163	AHIN01165163			AHIN01165163.1	NW_004448932.1
triMan1:AHIN01165164	AHIN01165164			AHIN01165164.1	NW_004448933.1
triMan1:AHIN01165165	AHIN01165165			AHIN01165165.1	NW_004448934.1
triMan1:AHIN01165166	AHIN01165166			AHIN01165166.1	NW_004448935.1
triMan1:AHIN01165167	AHIN01165167			AHIN01165167.1	NW_004448936.1
triMan1:AHIN01165168	AHIN01165168			AHIN01165168.1	NW_004448937.1
triMan1:AHIN01165169	AHIN01165169			AHIN01165169.1	NW_004448938.1
triMan1:AHIN01165170	AHIN01165170			AHIN01165170.1	NW_004448939.1
triMan1:AHIN01165171	AHIN01165171			AHIN01165171.1	NW_004448940.1
triMan1:AHIN01165172	AHIN01165172			AHIN01165172.1	NW_004448941.1
triMan1:AHIN01165173	AHIN01165173			AHIN01165173.1	NW_004448942.1
triMan1:AHIN01165174	AHIN01165174			AHIN01165174.1	NW_004448943.1
triMan1:AHIN01165175	AHIN01165175			AHIN01165175.1	NW_004448944.1
triMan1:AHIN01165176	AHIN01165176			AHIN01165176.1	NW_004448945.1
triMan1:AHIN01165177	AHIN01165177			AHIN01165177.1	NW_004448946.1
triMan1:AHIN01165178	AHIN01165178			AHIN01165178.1	NW_004448947.1
triMan1:AHIN01165179	AHIN01165179			AHIN01165179.1	NW_004448948.1
triMan1:AHIN01165180	AHIN01165180			AHIN01165180.1	NW_004448949.1
triMan1:AHIN01165181	AHIN01165181			AHIN01165181.1	NW_004448950.1
triMan1:AHIN01165182	AHIN01165182			AHIN01165182.1	NW_004448951.1
triMan1:AHIN01165183	AHIN01165183			AHIN01165183.1	NW_004448952.1
triMan1:AHIN01165184	AHIN01165184			AHIN01165184.1	NW_004448953.1
triMan1:AHIN01165185	AHIN01165185			AHIN01165185.1	NW_004448954.1
triMan1:AHIN01165186	AHIN01165186			AHIN01165186.1	NW_004448955.1
triMan1:AHIN01165187	AHIN01165187			AHIN01165187.1	NW_004448956.1
triMan1:AHIN01165188	AHIN01165188			AHIN01165188.1	NW_004448957.1
triMan1:AHIN01165189	AHIN01165189			AHIN01165189.1	NW_004448958.1
triMan1:AHIN01165190	AHIN01165190			AHIN01165190.1	NW_004448959.1
triMan1:AHIN01165191	AHIN01165191			AHIN01165191.1	NW_004448960.1
triMan1:AHIN01165192	AHIN01165192			AHIN01165192.1	NW_004448961.1
triMan1:AHIN01165193	AHIN01165193			AHIN01165193.1	NW_004448962.1
triMan1:AHIN01165194	AHIN01165194			AHIN01165194.1	NW_004448963.1
triMan1:AHIN01165195	AHIN01165195			AHIN01165195.1	NW_004448964.1
triMan1:AHIN01165196	AHIN01165196			AHIN01165196.1	NW_004448965.1
triMan1:AHIN01165197	AHIN01165197			AHIN01165197.1	NW_004448966.1
triMan1:AHIN01165198	AHIN01165198			AHIN01165198.1	NW_004448967.1
triMan1:AHIN01165199	AHIN01165199			AHIN01165199.1	NW_004448968.1
triMan1:AHIN01165200	AHIN01165200			AHIN01165200.1	NW_004448969.1
triMan1:AHIN01165201	AHIN01165201			AHIN01165201.1	NW_004448970.1
triMan1:AHIN01165202	AHIN01165202			AHIN01165202.1	NW_004448971.1
triMan1:AHIN01165203	AHIN01165203			AHIN01165203.1	NW_004448972.1
triMan1:AHIN01165204	AHIN01165204			AHIN01165204.1	NW_004448973.1
triMan1:AHIN01165205	AHIN01165205			AHIN01165205.1	NW_004448974.1
triMan1:AHIN01165206	AHIN01165206			AHIN01165206.1	NW_004448975.1
triMan1:AHIN01165207	AHIN01165207			AHIN01165207.1	NW_004448976.1
triMan1:AHIN01165208	AHIN01165208			AHIN01165208.1	NW_004448977.1
triMan1:AHIN01165209	AHIN01165209			AHIN01165209.1	NW_004448978.1
triMan1:AHIN01165210	AHIN01165210			AHIN01165210.1	NW_004448979.1
triMan1:AHIN01165211	AHIN01165211			AHIN01165211.1	NW_004448980.1
triMan1:AHIN01165212	AHIN01165212			AHIN01165212.1	NW_004448981.1
triMan1:AHIN01165213	AHIN01165213			AHIN01165213.1	NW_004448982.1
triMan1:AHIN01165214	AHIN01165214			AHIN01165214.1	NW_004448983.1
triMan1:AHIN01165215	AHIN01165215			AHIN01165215.1	NW_004448984.1
triMan1:AHIN01165216	AHIN01165216			AHIN01165216.1	NW_004448985.1
triMan1:AHIN01165217	AHIN01165217			AHIN01165217.1	NW_004448986.1
triMan1:AHIN01165218	AHIN01165218			AHIN01165218.1	NW_004448987.1
triMan1:AHIN01165219	AHIN01165219			AHIN01165219.1	NW_004448988.1
triMan1:AHIN01165220	AHIN01165220			AHIN01165220.1	NW_004448989.1
triMan1:AHIN01165221	AHIN01165221			AHIN01165221.1	NW_004448990.1
triMan1:AHIN01165222	AHIN01165222			AHIN01165222.1	NW_004448991.1
triMan1:AHIN01165223	AHIN01165223			AHIN01165223.1	NW_004448992.1
triMan1:AHIN01165224	AHIN01165224			AHIN01165224.1	NW_004448993.1
triMan1:AHIN01165225	AHIN01165225			AHIN01165225.1	NW_004448994.1
triMan1:AHIN01165226	AHIN01165226			AHIN01165226.1	NW_004448995.1
triMan1:AHIN01165227	AHIN01165227			AHIN01165227.1	NW_004448996.1
triMan1:AHIN01165228	AHIN01165228			AHIN01165228.1	NW_004448997.1
triMan1:AHIN01165229	AHIN01165229			AHIN01165229.1	NW_004448998.1
triMan1:AHIN01165230	AHIN01165230			AHIN01165230.1	NW_004448999.1
triMan1:AHIN01165231	AHIN01165231			AHIN01165231.1	NW_004449000.1
triMan1:AHIN01165232	AHIN01165232			AHIN01165232.1	NW_004449001.1
triMan1:AHIN01165233	AHIN01165233			AHIN01165233.1	NW_004449002.1
triMan1:AHIN01165234	AHIN01165234			AHIN01165234.1	NW_004449003.1
triMan1:AHIN01165235	AHIN01165235			AHIN01165235.1	NW_004449004.1
triMan1:AHIN01165236	AHIN01165236			AHIN01165236.1	NW_004449005.1
triMan1:AHIN01165237	AHIN01165237			AHIN01165237.1	NW_004449006.1
triMan1:AHIN01165238	AHIN01165238			AHIN01165238.1	NW_004449007.1
triMan1:AHIN01165239	AHIN01165239			AHIN01165239.1	NW_004449008.1
triMan1:AHIN01165240	AHIN01165240			AHIN01165240.1	NW_004449009.1
triMan1:AHIN01165241	AHIN01165241			AHIN01165241.1	NW_004449010.1
triMan1:AHIN01165242	AHIN01165242			AHIN01165242.1	NW_004449011.1
triMan1:AHIN01165243	AHIN01165243			AHIN01165243.1	NW_004449012.1
triMan1:AHIN01165244	AHIN01165244			AHIN01165244.1	NW_004449013.1
triMan1:AHIN01165245	AHIN01165245			AHIN01165245.1	NW_004449014.1
triMan1:AHIN01165246	AHIN01165246			AHIN01165246.1	NW_004449015.1
triMan1:AHIN01165247	AHIN01165247			AHIN01165247.1	NW_004449016.1
triMan1:AHIN01165248	AHIN01165248			AHIN01165248.1	NW_004449017.1
triMan1:AHIN01165249	AHIN01165249			AHIN01165249.1	NW_004449018.1
triMan1:AHIN01165250	AHIN01165250			AHIN01165250.1	NW_004449019.1
triMan1:AHIN01165251	AHIN01165251			AHIN01165251.1	NW_004449020.1
triMan1:AHIN01165252	AHIN01165252			AHIN01165252.1	NW_004449021.1
triMan1:AHIN01165253	AHIN01165253			AHIN01165253.1	NW_004449022.1
triMan1:AHIN01165254	AHIN01165254			AHIN01165254.1	NW_004449023.1
triMan1:AHIN01165255	AHIN01165255			AHIN01165255.1	NW_004449024.1
triMan1:AHIN01165256	AHIN01165256			AHIN01165256.1	NW_004449025.1
triMan1:AHIN01165257	AHIN01165257			AHIN01165257.1	NW_004449026.1
triMan1:AHIN01165258	AHIN01165258			AHIN01165258.1	NW_004449027.1
triMan1:AHIN01165259	AHIN01165259			AHIN01165259.1	NW_004449028.1
triMan1:AHIN01165260	AHIN01165260			AHIN01165260.1	NW_004449029.1
triMan1:AHIN01165261	AHIN01165261			AHIN01165261.1	NW_004449030.1
triMan1:AHIN01165262	AHIN01165262			AHIN01165262.1	NW_004449031.1
triMan1:AHIN01165263	AHIN01165263			AHIN01165263.1	NW_004449032.1
triMan1:AHIN01165264	AHIN01165264			AHIN01165264.1	NW_004449033.1
triMan1:AHIN01165265	AHIN01165265			AHIN01165265.1	NW_004449034.1
triMan1:AHIN01165266	AHIN01165266			AHIN01165266.1	NW_004449035.1
triMan1:AHIN01165267	AHIN01165267			AHIN01165267.1	NW_004449036.1
triMan1:AHIN01165268	AHIN01165268			AHIN01165268.1	NW_004449037.1
triMan1:AHIN01165269	AHIN01165269			AHIN01165269.1	NW_004449038.1
triMan1:AHIN01165270	AHIN01165270			AHIN01165270.1	NW_004449039.1
triMan1:AHIN01165271	AHIN01165271			AHIN01165271.1	NW_004449040.1
triMan1:AHIN01165272	AHIN01165272			AHIN01165272.1	NW_004449041.1
triMan1:AHIN01165273	AHIN01165273			AHIN01165273.1	NW_004449042.1
triMan1:AHIN01165274	AHIN01165274			AHIN01165274.1	NW_004449043.1
triMan1:AHIN01165275	AHIN01165275			AHIN01165275.1	NW_004449044.1
triMan1:AHIN01165276	AHIN01165276			AHIN01165276.1	NW_004449045.1
triMan1:AHIN01165277	AHIN01165277			AHIN01165277.1	NW_004449046.1
triMan1:AHIN01165278	AHIN01165278			AHIN01165278.1	NW_004449047.1
triMan1:AHIN01165279	AHIN01165279			AHIN01165279.1	NW_004449048.1
triMan1:AHIN01165280	AHIN01165280			AHIN01165280.1	NW_004449049.1
triMan1:AHIN01165281	AHIN01165281			AHIN01165281.1	NW_004449050.1
triMan1:AHIN01165282	AHIN01165282			AHIN01165282.1	NW_004449051.1
triMan1:AHIN01165283	AHIN01165283			AHIN01165283.1	NW_004449052.1
triMan1:AHIN01165284	AHIN01165284			AHIN01165284.1	NW_004449053.1
triMan1:AHIN01165285	AHIN01165285			AHIN01165285.1	NW_004449054.1
triMan1:AHIN01165286	AHIN01165286			AHIN01165286.1	NW_004449055.1
triMan1:AHIN01165287	AHIN01165287			AHIN01165287.1	NW_004449056.1
triMan1:AHIN01165288	AHIN01165288			AHIN01165288.1	NW_004449057.1
triMan1:AHIN01165289	AHIN01165289			AHIN01165289.1	NW_004449058.1
triMan1:AHIN01165290	AHIN01165290			AHIN01165290.1	NW_004449059.1
triMan1:AHIN01165291	AHIN01165291			AHIN01165291.1	NW_004449060.1
triMan1:AHIN01165292	AHIN01165292			AHIN01165292.1	NW_004449061.1
triMan1:AHIN01165293	AHIN01165293			AHIN01165293.1	NW_004449062.1
triMan1:AHIN01165294	AHIN01165294			AHIN01165294.1	NW_004449063.1
triMan1:AHIN01165295	AHIN01165295			AHIN01165295.1	NW_004449064.1
triMan1:AHIN01165296	AHIN01165296			AHIN01165296.1	NW_004449065.1
triMan1:AHIN01165297	AHIN01165297			AHIN01165297.1	NW_004449066.1
triMan1:AHIN01165298	AHIN01165298			AHIN01165298.1	NW_004449067.1
triMan1:AHIN01165299	AHIN01165299			AHIN01165299.1	NW_004449068.1
triMan1:AHIN01165300	AHIN01165300			AHIN01165300.1	NW_004449069.1
triMan1:AHIN01165301	AHIN01165301			AHIN01165301.1	NW_004449070.1
triMan1:AHIN01165302	AHIN01165302			AHIN01165302.1	NW_004449071.1
triMan1:AHIN01165303	AHIN01165303			AHIN01165303.1	NW_004449072.1
triMan1:AHIN01165304	AHIN01165304			AHIN01165304.1	NW_004449073.1
triMan1:AHIN01165305	AHIN01165305			AHIN01165305.1	NW_004449074.1
triMan1:AHIN01165306	AHIN01165306			AHIN01165306.1	NW_004449075.1
triMan1:AHIN01165307	AHIN01165307			AHIN01165307.1	NW_004449076.1
triMan1:AHIN01165308	AHIN01165308			AHIN01165308.1	NW_004449077.1
triMan1:AHIN01165309	AHIN01165309			AHIN01165309.1	NW_004449078.1
triMan1:AHIN01165310	AHIN01165310			AHIN01165310.1	NW_004449079.1
triMan1:AHIN01165311	AHIN01165311			AHIN01165311.1	NW_004449080.1
triMan1:AHIN01165312	AHIN01165312			AHIN01165312.1	NW_004449081.1
triMan1:AHIN01165313	AHIN01165313			AHIN01165313.1	NW_004449082.1
triMan1:AHIN01165314	AHIN01165314			AHIN01165314.1	NW_004449083.1
triMan1:AHIN01165315	AHIN01165315			AHIN01165315.1	NW_004449084.1
triMan1:AHIN01165316	AHIN01165316			AHIN01165316.1	NW_004449085.1
triMan1:AHIN01165317	AHIN01165317			AHIN01165317.1	NW_004449086.1
triMan1:AHIN01165318	AHIN01165318			AHIN01165318.1	NW_004449087.1
triMan1:AHIN01165319	AHIN01165319			AHIN01165319.1	NW_004449088.1
triMan1:AHIN01165320	AHIN01165320			AHIN01165320.1	NW_004449089.1
triMan1:AHIN01165321	AHIN01165321			AHIN01165321.1	NW_004449090.1
triMan1:AHIN01165322	AHIN01165322			AHIN01165322.1	NW_004449091.1
triMan1:AHIN01165323	AHIN01165323			AHIN01165323.1	NW_004449092.1
triMan1:AHIN01165324	AHIN01165324			AHIN01165324.1	NW_004449093.1
triMan1:AHIN01165325	AHIN01165325			AHIN01165325.1	NW_004449094.1
triMan1:AHIN01165326	AHIN01165326			AHIN01165326.1	NW_004449095.1
triMan1:AHIN01165327	AHIN01165327			AHIN01165327.1	NW_004449096.1
triMan1:AHIN01165328	AHIN01165328			AHIN01165328.1	NW_004449097.1
triMan1:AHIN01165329	AHIN01165329			AHIN01165329.1	NW_004449098.1
triMan1:AHIN01165330	AHIN01165330			AHIN01165330.1	NW_004449099.1
triMan1:AHIN01165331	AHIN01165331			AHIN01165331.1	NW_004449100.1
triMan1:AHIN01165332	AHIN01165332			AHIN01165332.1	NW_004449101.1
triMan1:AHIN01165333	AHIN01165333			AHIN01165333.1	NW_004449102.1
triMan1:AHIN01165334	AHIN01165334			AHIN01165334.1	NW_004449103.1
triMan1:AHIN01165335	AHIN01165335			AHIN01165335.1	NW_004449104.1
triMan1:AHIN01165336	AHIN01165336			AHIN01165336.1	NW_004449105.1
triMan1:AHIN01165337	AHIN01165337			AHIN01165337.1	NW_004449106.1
triMan1:AHIN01165338	AHIN01165338			AHIN01165338.1	NW_004449107.1
triMan1:AHIN01165339	AHIN01165339			AHIN01165339.1	NW_004449108.1
triMan1:AHIN01165340	AHIN01165340			AHIN01165340.1	NW_004449109.1
triMan1:AHIN01165341	AHIN01165341			AHIN01165341.1	NW_004449110.1
triMan1:AHIN01165342	AHIN01165342			AHIN01165342.1	NW_004449111.1
triMan1:AHIN01165343	AHIN01165343			AHIN01165343.1	NW_004449112.1
triMan1:AHIN01165344	AHIN01165344			AHIN01165344.1	NW_004449113.1
triMan1:AHIN01165345	AHIN01165345			AHIN01165345.1	NW_004449114.1
triMan1:AHIN01165346	AHIN01165346			AHIN01165346.1	NW_004449115.1
triMan1:AHIN01165347	AHIN01165347			AHIN01165347.1	NW_004449116.1
triMan1:AHIN01165348	AHIN01165348			AHIN01165348.1	NW_004449117.1
triMan1:AHIN01165349	AHIN01165349			AHIN01165349.1	NW_004449118.1
triMan1:AHIN01165350	AHIN01165350			AHIN01165350.1	NW_004449119.1
triMan1:AHIN01165351	AHIN01165351			AHIN01165351.1	NW_004449120.1
triMan1:AHIN01165352	AHIN01165352			AHIN01165352.1	NW_004449121.1
triMan1:AHIN01165353	AHIN01165353			AHIN01165353.1	NW_004449122.1
triMan1:AHIN01165354	AHIN01165354			AHIN01165354.1	NW_004449123.1
triMan1:AHIN01165355	AHIN01165355			AHIN01165355.1	NW_004449124.1
triMan1:AHIN01165356	AHIN01165356			AHIN01165356.1	NW_004449125.1
triMan1:AHIN01165357	AHIN01165357			AHIN01165357.1	NW_004449126.1
triMan1:AHIN01165358	AHIN01165358			AHIN01165358.1	NW_004449127.1
triMan1:AHIN01165359	AHIN01165359			AHIN01165359.1	NW_004449128.1
triMan1:AHIN01165360	AHIN01165360			AHIN01165360.1	NW_004449129.1
triMan1:AHIN01165361	AHIN01165361			AHIN01165361.1	NW_004449130.1
triMan1:AHIN01165362	AHIN01165362			AHIN01165362.1	NW_004449131.1
triMan1:AHIN01165363	AHIN01165363			AHIN01165363.1	NW_004449132.1
triMan1:AHIN01165364	AHIN01165364			AHIN01165364.1	NW_004449133.1
triMan1:AHIN01165365	AHIN01165365			AHIN01165365.1	NW_004449134.1
triMan1:AHIN01165366	AHIN01165366			AHIN01165366.1	NW_004449135.1
triMan1:AHIN01165367	AHIN01165367			AHIN01165367.1	NW_004449136.1
triMan1:AHIN01165368	AHIN01165368			AHIN01165368.1	NW_004449137.1
triMan1:AHIN01165369	AHIN01165369			AHIN01165369.1	NW_004449138.1
triMan1:AHIN01165370	AHIN01165370			AHIN01165370.1	NW_004449139.1
triMan1:AHIN01165371	AHIN01165371			AHIN01165371.1	NW_004449140.1
triMan1:AHIN01165372	AHIN01165372			AHIN01165372.1	NW_004449141.1
triMan1:AHIN01165373	AHIN01165373			AHIN01165373.1	NW_004449142.1
triMan1:AHIN01165374	AHIN01165374			AHIN01165374.1	NW_004449143.1
triMan1:AHIN01165375	AHIN01165375			AHIN01165375.1	NW_004449144.1
triMan1:AHIN01165376	AHIN01165376			AHIN01165376.1	NW_004449145.1
triMan1:AHIN01165377	AHIN01165377			AHIN01165377.1	NW_004449146.1
triMan1:AHIN01165378	AHIN01165378			AHIN01165378.1	NW_004449147.1
triMan1:AHIN01165379	AHIN01165379			AHIN01165379.1	NW_004449148.1
triMan1:AHIN01165380	AHIN01165380			AHIN01165380.1	NW_004449149.1
triMan1:AHIN01165381	AHIN01165381			AHIN01165381.1	NW_004449150.1
triMan1:AHIN01165382	AHIN01165382			AHIN01165382.1	NW_004449151.1
triMan1:AHIN01165383	AHIN01165383			AHIN01165383.1	NW_004449152.1
triMan1:AHIN01165384	AHIN01165384			AHIN01165384.1	NW_004449153.1
triMan1:AHIN01165385	AHIN01165385			AHIN01165385.1	NW_004449154.1
triMan1:AHIN01165386	AHIN01165386			AHIN01165386.1	NW_004449155.1
triMan1:AHIN01165387	AHIN01165387			AHIN01165387.1	NW_004449156.1
triMan1:AHIN01165388	AHIN01165388			AHIN01165388.1	NW_004449157.1
triMan1:AHIN01165389	AHIN01165389			AHIN01165389.1	NW_004449158.1
triMan1:AHIN01165390	AHIN01165390			AHIN01165390.1	NW_004449159.1
triMan1:AHIN01165391	AHIN01165391			AHIN01165391.1	NW_004449160.1
triMan1:AHIN01165392	AHIN01165392			AHIN01165392.1	NW_004449161.1
triMan1:AHIN01165393	AHIN01165393			AHIN01165393.1	NW_004449162.1
triMan1:AHIN01165394	AHIN01165394			AHIN01165394.1	NW_004449163.1
triMan1:AHIN01165395	AHIN01165395			AHIN01165395.1	NW_004449164.1
triMan1:AHIN01165396	AHIN01165396			AHIN01165396.1	NW_004449165.1
triMan1:AHIN01165397	AHIN01165397			AHIN01165397.1	NW_004449166.1
triMan1:AHIN01165398	AHIN01165398			AHIN01165398.1	NW_004449167.1
triMan1:AHIN01165399	AHIN01165399			AHIN01165399.1	NW_004449168.1
triMan1:AHIN01165400	AHIN01165400			AHIN01165400.1	NW_004449169.1
triMan1:AHIN01165401	AHIN01165401			AHIN01165401.1	NW_004449170.1
triMan1:AHIN01165402	AHIN01165402			AHIN01165402.1	NW_004449171.1
triMan1:AHIN01165403	AHIN01165403			AHIN01165403.1	NW_004449172.1
triMan1:AHIN01165404	AHIN01165404			AHIN01165404.1	NW_004449173.1
triMan1:AHIN01165405	AHIN01165405			AHIN01165405.1	NW_004449174.1
triMan1:AHIN01165406	AHIN01165406			AHIN01165406.1	NW_004449175.1
triMan1:AHIN01165407	AHIN01165407			AHIN01165407.1	NW_004449176.1
triMan1:AHIN01165408	AHIN01165408			AHIN01165408.1	NW_004449177.1
triMan1:AHIN01165409	AHIN01165409			AHIN01165409.1	NW_004449178.1
triMan1:AHIN01165410	AHIN01165410			AHIN01165410.1	NW_004449179.1
triMan1:AHIN01165411	AHIN01165411			AHIN01165411.1	NW_004449180.1
triMan1:AHIN01165412	AHIN01165412			AHIN01165412.1	NW_004449181.1
triMan1:AHIN01165413	AHIN01165413			AHIN01165413.1	NW_004449182.1
triMan1:AHIN01165414	AHIN01165414			AHIN01165414.1	NW_004449183.1
triMan1:AHIN01165415	AHIN01165415			AHIN01165415.1	NW_004449184.1
triMan1:AHIN01165416	AHIN01165416			AHIN01165416.1	NW_004449185.1
triMan1:AHIN01165417	AHIN01165417			AHIN01165417.1	NW_004449186.1
triMan1:AHIN01165418	AHIN01165418			AHIN01165418.1	NW_004449187.1
triMan1:AHIN01165419	AHIN01165419			AHIN01165419.1	NW_004449188.1
triMan1:AHIN01165420	AHIN01165420			AHIN01165420.1	NW_004449189.1
triMan1:AHIN01165421	AHIN01165421			AHIN01165421.1	NW_004449190.1
triMan1:AHIN01165422	AHIN01165422			AHIN01165422.1	NW_004449191.1
triMan1:AHIN01165423	AHIN01165423			AHIN01165423.1	NW_004449192.1
triMan1:AHIN01165424	AHIN01165424			AHIN01165424.1	NW_004449193.1
triMan1:AHIN01165425	AHIN01165425			AHIN01165425.1	NW_004449194.1
triMan1:AHIN01165426	AHIN01165426			AHIN01165426.1	NW_004449195.1
triMan1:AHIN01165427	AHIN01165427			AHIN01165427.1	NW_004449196.1
triMan1:AHIN01165428	AHIN01165428			AHIN01165428.1	NW_004449197.1
triMan1:AHIN01165429	AHIN01165429			AHIN01165429.1	NW_004449198.1
triMan1:AHIN01165430	AHIN01165430			AHIN01165430.1	NW_004449199.1
triMan1:AHIN01165431	AHIN01165431			AHIN01165431.1	NW_004449200.1
triMan1:AHIN01165432	AHIN01165432			AHIN01165432.1	NW_004449201.1
triMan1:AHIN01165433	AHIN01165433			AHIN01165433.1	NW_004449202.1
triMan1:AHIN01165434	AHIN01165434			AHIN01165434.1	NW_004449203.1
triMan1:AHIN01165435	AHIN01165435			AHIN01165435.1	NW_004449204.1
triMan1:AHIN01165436	AHIN01165436			AHIN01165436.1	NW_004449205.1
triMan1:AHIN01165437	AHIN01165437			AHIN01165437.1	NW_004449206.1
triMan1:AHIN01165438	AHIN01165438			AHIN01165438.1	NW_004449207.1
triMan1:AHIN01165439	AHIN01165439			AHIN01165439.1	NW_004449208.1
triMan1:AHIN01165440	AHIN01165440			AHIN01165440.1	NW_004449209.1
triMan1:AHIN01165441	AHIN01165441			AHIN01165441.1	NW_004449210.1
triMan1:AHIN01165442	AHIN01165442			AHIN01165442.1	NW_004449211.1
triMan1:AHIN01165443	AHIN01165443			AHIN01165443.1	NW_004449212.1
triMan1:AHIN01165444	AHIN01165444			AHIN01165444.1	NW_004449213.1
triMan1:AHIN01165445	AHIN01165445			AHIN01165445.1	NW_004449214.1
triMan1:AHIN01165446	AHIN01165446			AHIN01165446.1	NW_004449215.1
triMan1:AHIN01165447	AHIN01165447			AHIN01165447.1	NW_004449216.1
triMan1:AHIN01165448	AHIN01165448			AHIN01165448.1	NW_004449217.1
triMan1:AHIN01165449	AHIN01165449			AHIN01165449.1	NW_004449218.1
triMan1:AHIN01165450	AHIN01165450			AHIN01165450.1	NW_004449219.1
triMan1:AHIN01165451	AHIN01165451			AHIN01165451.1	NW_004449220.1
triMan1:AHIN01165452	AHIN01165452			AHIN01165452.1	NW_004449221.1
triMan1:AHIN01165453	AHIN01165453			AHIN01165453.1	NW_004449222.1
triMan1:AHIN01165454	AHIN01165454			AHIN01165454.1	NW_004449223.1
triMan1:AHIN01165455	AHIN01165455			AHIN01165455.1	NW_004449224.1
triMan1:AHIN01165456	AHIN01165456			AHIN01165456.1	NW_004449225.1
triMan1:AHIN01165457	AHIN01165457			AHIN01165457.1	NW_004449226.1
triMan1:AHIN01165458	AHIN01165458			AHIN01165458.1	NW_004449227.1
triMan1:AHIN01165459	AHIN01165459			AHIN01165459.1	NW_004449228.1
triMan1:AHIN01165460	AHIN01165460			AHIN01165460.1	NW_004449229.1
triMan1:AHIN01165461	AHIN01165461			AHIN01165461.1	NW_004449230.1
triMan1:AHIN01165462	AHIN01165462			AHIN01165462.1	NW_004449231.1
triMan1:AHIN01165463	AHIN01165463			AHIN01165463.1	NW_004449232.1
triMan1:AHIN01165464	AHIN01165464			AHIN01165464.1	NW_004449233.1
triMan1:AHIN01165465	AHIN01165465			AHIN01165465.1	NW_004449234.1
triMan1:AHIN01165466	AHIN01165466			AHIN01165466.1	NW_004449235.1
triMan1:AHIN01165467	AHIN01165467			AHIN01165467.1	NW_004449236.1
triMan1:AHIN01165468	AHIN01165468			AHIN01165468.1	NW_004449237.1
triMan1:AHIN01165469	AHIN01165469			AHIN01165469.1	NW_004449238.1
triMan1:AHIN01165470	AHIN01165470			AHIN01165470.1	NW_004449239.1
triMan1:AHIN01165471	AHIN01165471			AHIN01165471.1	NW_004449240.1
triMan1:AHIN01165472	AHIN01165472			AHIN01165472.1	NW_004449241.1
triMan1:AHIN01165473	AHIN01165473			AHIN01165473.1	NW_004449242.1
triMan1:AHIN01165474	AHIN01165474			AHIN01165474.1	NW_004449243.1
triMan1:AHIN01165475	AHIN01165475			AHIN01165475.1	NW_004449244.1
triMan1:AHIN01165476	AHIN01165476			AHIN01165476.1	NW_004449245.1
triMan1:AHIN01165477	AHIN01165477			AHIN01165477.1	NW_004449246.1
triMan1:AHIN01165478	AHIN01165478			AHIN01165478.1	NW_004449247.1
triMan1:AHIN01165479	AHIN01165479			AHIN01165479.1	NW_004449248.1
triMan1:AHIN01165480	AHIN01165480			AHIN01165480.1	NW_004449249.1
triMan1:AHIN01165481	AHIN01165481			AHIN01165481.1	NW_004449250.1
triMan1:AHIN01165482	AHIN01165482			AHIN01165482.1	NW_004449251.1
triMan1:AHIN01165483	AHIN01165483			AHIN01165483.1	NW_004449252.1
triMan1:AHIN01165484	AHIN01165484			AHIN01165484.1	NW_004449253.1
triMan1:AHIN01165485	AHIN01165485			AHIN01165485.1	NW_004449254.1
triMan1:AHIN01165486	AHIN01165486			AHIN01165486.1	NW_004449255.1
triMan1:AHIN01165487	AHIN01165487			AHIN01165487.1	NW_004449256.1
triMan1:AHIN01165488	AHIN01165488			AHIN01165488.1	NW_004449257.1
triMan1:AHIN01165489	AHIN01165489			AHIN01165489.1	NW_004449258.1
triMan1:AHIN01165490	AHIN01165490			AHIN01165490.1	NW_004449259.1
triMan1:AHIN01165491	AHIN01165491			AHIN01165491.1	NW_004449260.1
triMan1:AHIN01165492	AHIN01165492			AHIN01165492.1	NW_004449261.1
triMan1:AHIN01165493	AHIN01165493			AHIN01165493.1	NW_004449262.1
triMan1:AHIN01165494	AHIN01165494			AHIN01165494.1	NW_004449263.1
triMan1:AHIN01165495	AHIN01165495			AHIN01165495.1	NW_004449264.1
triMan1:AHIN01165496	AHIN01165496			AHIN01165496.1	NW_004449265.1
triMan1:AHIN01165497	AHIN01165497			AHIN01165497.1	NW_004449266.1
triMan1:AHIN01165498	AHIN01165498			AHIN01165498.1	NW_004449267.1
triMan1:AHIN01165499	AHIN01165499			AHIN01165499.1	NW_004449268.1
triMan1:AHIN01165500	AHIN01165500			AHIN01165500.1	NW_004449269.1
triMan1:AHIN01165501	AHIN01165501			AHIN01165501.1	NW_004449270.1
triMan1:AHIN01165502	AHIN01165502			AHIN01165502.1	NW_004449271.1
triMan1:AHIN01165503	AHIN01165503			AHIN01165503.1	NW_004449272.1
triMan1:AHIN01165504	AHIN01165504			AHIN01165504.1	NW_004449273.1
triMan1:AHIN01165505	AHIN01165505			AHIN01165505.1	NW_004449274.1
triMan1:AHIN01165506	AHIN01165506			AHIN01165506.1	NW_004449275.1
triMan1:AHIN01165507	AHIN01165507			AHIN01165507.1	NW_004449276.1
triMan1:AHIN01165508	AHIN01165508			AHIN01165508.1	NW_004449277.1
triMan1:AHIN01165509	AHIN01165509			AHIN01165509.1	NW_004449278.1
triMan1:AHIN01165510	AHIN01165510			AHIN01165510.1	NW_004449279.1
triMan1:AHIN01165511	AHIN01165511			AHIN01165511.1	NW_004449280.1
triMan1:AHIN01165512	AHIN01165512			AHIN01165512.1	NW_004449281.1
triMan1:AHIN01165513	AHIN01165513			AHIN01165513.1	NW_004449282.1
triMan1:AHIN01165514	AHIN01165514			AHIN01165514.1	NW_004449283.1
triMan1:AHIN01165515	AHIN01165515			AHIN01165515.1	NW_004449284.1
triMan1:AHIN01165516	AHIN01165516			AHIN01165516.1	NW_004449285.1
triMan1:AHIN01165517	AHIN01165517			AHIN01165517.1	NW_004449286.1
triMan1:AHIN01165518	AHIN01165518			AHIN01165518.1	NW_004449287.1
triMan1:AHIN01165519	AHIN01165519			AHIN01165519.1	NW_004449288.1
triMan1:AHIN01165520	AHIN01165520			AHIN01165520.1	NW_004449289.1
triMan1:AHIN01165521	AHIN01165521			AHIN01165521.1	NW_004449290.1
triMan1:AHIN01165522	AHIN01165522			AHIN01165522.1	NW_004449291.1
triMan1:AHIN01165523	AHIN01165523			AHIN01165523.1	NW_004449292.1
triMan1:AHIN01165524	AHIN01165524			AHIN01165524.1	NW_004449293.1
triMan1:AHIN01165525	AHIN01165525			AHIN01165525.1	NW_004449294.1
triMan1:AHIN01165526	AHIN01165526			AHIN01165526.1	NW_004449295.1
triMan1:AHIN01165527	AHIN01165527			AHIN01165527.1	NW_004449296.1
triMan1:AHIN01165528	AHIN01165528			AHIN01165528.1	NW_004449297.1
triMan1:AHIN01165529	AHIN01165529			AHIN01165529.1	NW_004449298.1
triMan1:AHIN01165530	AHIN01165530			AHIN01165530.1	NW_004449299.1
triMan1:AHIN01165531	AHIN01165531			AHIN01165531.1	NW_004449300.1
triMan1:AHIN01165532	AHIN01165532			AHIN01165532.1	NW_004449301.1
triMan1:AHIN01165533	AHIN01165533			AHIN01165533.1	NW_004449302.1
triMan1:AHIN01165534	AHIN01165534			AHIN01165534.1	NW_004449303.1
triMan1:AHIN01165535	AHIN01165535			AHIN01165535.1	NW_004449304.1
triMan1:AHIN01165536	AHIN01165536			AHIN01165536.1	NW_004449305.1
triMan1:AHIN01165537	AHIN01165537			AHIN01165537.1	NW_004449306.1
triMan1:AHIN01165538	AHIN01165538			AHIN01165538.1	NW_004449307.1
triMan1:AHIN01165539	AHIN01165539			AHIN01165539.1	NW_004449308.1
triMan1:AHIN01165540	AHIN01165540			AHIN01165540.1	NW_004449309.1
triMan1:AHIN01165541	AHIN01165541			AHIN01165541.1	NW_004449310.1
triMan1:AHIN01165542	AHIN01165542			AHIN01165542.1	NW_004449311.1
triMan1:AHIN01165543	AHIN01165543			AHIN01165543.1	NW_004449312.1
triMan1:AHIN01165544	AHIN01165544			AHIN01165544.1	NW_004449313.1
triMan1:AHIN01165545	AHIN01165545			AHIN01165545.1	NW_004449314.1
triMan1:AHIN01165546	AHIN01165546			AHIN01165546.1	NW_004449315.1
triMan1:AHIN01165547	AHIN01165547			AHIN01165547.1	NW_004449316.1
triMan1:AHIN01165548	AHIN01165548			AHIN01165548.1	NW_004449317.1
triMan1:AHIN01165549	AHIN01165549			AHIN01165549.1	NW_004449318.1
triMan1:AHIN01165550	AHIN01165550			AHIN01165550.1	NW_004449319.1
triMan1:AHIN01165551	AHIN01165551			AHIN01165551.1	NW_004449320.1
triMan1:AHIN01165552	AHIN01165552			AHIN01165552.1	NW_004449321.1
triMan1:AHIN01165553	AHIN01165553			AHIN01165553.1	NW_004449322.1
triMan1:AHIN01165554	AHIN01165554			AHIN01165554.1	NW_004449323.1
triMan1:AHIN01165555	AHIN01165555			AHIN01165555.1	NW_004449324.1
triMan1:AHIN01165556	AHIN01165556			AHIN01165556.1	NW_004449325.1
triMan1:AHIN01165557	AHIN01165557			AHIN01165557.1	NW_004449326.1
triMan1:AHIN01165558	AHIN01165558			AHIN01165558.1	NW_004449327.1
triMan1:AHIN01165559	AHIN01165559			AHIN01165559.1	NW_004449328.1
triMan1:AHIN01165560	AHIN01165560			AHIN01165560.1	NW_004449329.1
triMan1:AHIN01165561	AHIN01165561			AHIN01165561.1	NW_004449330.1
triMan1:AHIN01165562	AHIN01165562			AHIN01165562.1	NW_004449331.1
triMan1:AHIN01165563	AHIN01165563			AHIN01165563.1	NW_004449332.1
triMan1:AHIN01165564	AHIN01165564			AHIN01165564.1	NW_004449333.1
triMan1:AHIN01165565	AHIN01165565			AHIN01165565.1	NW_004449334.1
triMan1:AHIN01165566	AHIN01165566			AHIN01165566.1	NW_004449335.1
triMan1:AHIN01165567	AHIN01165567			AHIN01165567.1	NW_004449336.1
triMan1:AHIN01165568	AHIN01165568			AHIN01165568.1	NW_004449337.1
triMan1:AHIN01165569	AHIN01165569			AHIN01165569.1	NW_004449338.1
triMan1:AHIN01165570	AHIN01165570			AHIN01165570.1	NW_004449339.1
triMan1:AHIN01165571	AHIN01165571			AHIN01165571.1	NW_004449340.1
triMan1:AHIN01165572	AHIN01165572			AHIN01165572.1	NW_004449341.1
triMan1:AHIN01165573	AHIN01165573			AHIN01165573.1	NW_004449342.1
triMan1:AHIN01165574	AHIN01165574			AHIN01165574.1	NW_004449343.1
triMan1:AHIN01165575	AHIN01165575			AHIN01165575.1	NW_004449344.1
triMan1:AHIN01165576	AHIN01165576			AHIN01165576.1	NW_004449345.1
triMan1:AHIN01165577	AHIN01165577			AHIN01165577.1	NW_004449346.1
triMan1:AHIN01165578	AHIN01165578			AHIN01165578.1	NW_004449347.1
triMan1:AHIN01165579	AHIN01165579			AHIN01165579.1	NW_004449348.1
triMan1:AHIN01165580	AHIN01165580			AHIN01165580.1	NW_004449349.1
triMan1:AHIN01165581	AHIN01165581			AHIN01165581.1	NW_004449350.1
triMan1:AHIN01165582	AHIN01165582			AHIN01165582.1	NW_004449351.1
triMan1:AHIN01165583	AHIN01165583			AHIN01165583.1	NW_004449352.1
triMan1:AHIN01165584	AHIN01165584			AHIN01165584.1	NW_004449353.1
triMan1:AHIN01165585	AHIN01165585			AHIN01165585.1	NW_004449354.1
triMan1:AHIN01165586	AHIN01165586			AHIN01165586.1	NW_004449355.1
triMan1:AHIN01165587	AHIN01165587			AHIN01165587.1	NW_004449356.1
triMan1:AHIN01165588	AHIN01165588			AHIN01165588.1	NW_004449357.1
triMan1:AHIN01165589	AHIN01165589			AHIN01165589.1	NW_004449358.1
triMan1:AHIN01165590	AHIN01165590			AHIN01165590.1	NW_004449359.1
triMan1:AHIN01165591	AHIN01165591			AHIN01165591.1	NW_004449360.1
triMan1:AHIN01165592	AHIN01165592			AHIN01165592.1	NW_004449361.1
triMan1:AHIN01165593	AHIN01165593			AHIN01165593.1	NW_004449362.1
triMan1:AHIN01165594	AHIN01165594			AHIN01165594.1	NW_004449363.1
triMan1:AHIN01165595	AHIN01165595			AHIN01165595.1	NW_004449364.1
triMan1:AHIN01165596	AHIN01165596			AHIN01165596.1	NW_004449365.1
triMan1:AHIN01165597	AHIN01165597			AHIN01165597.1	NW_004449366.1
triMan1:AHIN01165598	AHIN01165598			AHIN01165598.1	NW_004449367.1
triMan1:AHIN01165599	AHIN01165599			AHIN01165599.1	NW_004449368.1
triMan1:AHIN01165600	AHIN01165600			AHIN01165600.1	NW_004449369.1
triMan1:AHIN01165601	AHIN01165601			AHIN01165601.1	NW_004449370.1
triMan1:AHIN01165602	AHIN01165602			AHIN01165602.1	NW_004449371.1
triMan1:AHIN01165603	AHIN01165603			AHIN01165603.1	NW_004449372.1
triMan1:AHIN01165604	AHIN01165604			AHIN01165604.1	NW_004449373.1
triMan1:AHIN01165605	AHIN01165605			AHIN01165605.1	NW_004449374.1
triMan1:AHIN01165606	AHIN01165606			AHIN01165606.1	NW_004449375.1
triMan1:AHIN01165607	AHIN01165607			AHIN01165607.1	NW_004449376.1
triMan1:AHIN01165608	AHIN01165608			AHIN01165608.1	NW_004449377.1
triMan1:AHIN01165609	AHIN01165609			AHIN01165609.1	NW_004449378.1
triMan1:AHIN01165610	AHIN01165610			AHIN01165610.1	NW_004449379.1
triMan1:AHIN01165611	AHIN01165611			AHIN01165611.1	NW_004449380.1
triMan1:AHIN01165612	AHIN01165612			AHIN01165612.1	NW_004449381.1
triMan1:AHIN01165613	AHIN01165613			AHIN01165613.1	NW_004449382.1
triMan1:AHIN01165614	AHIN01165614			AHIN01165614.1	NW_004449383.1
triMan1:AHIN01165615	AHIN01165615			AHIN01165615.1	NW_004449384.1
triMan1:AHIN01165616	AHIN01165616			AHIN01165616.1	NW_004449385.1
triMan1:AHIN01165617	AHIN01165617			AHIN01165617.1	NW_004449386.1
triMan1:AHIN01165618	AHIN01165618			AHIN01165618.1	NW_004449387.1
triMan1:AHIN01165619	AHIN01165619			AHIN01165619.1	NW_004449388.1
triMan1:AHIN01165620	AHIN01165620			AHIN01165620.1	NW_004449389.1
triMan1:AHIN01165621	AHIN01165621			AHIN01165621.1	NW_004449390.1
triMan1:AHIN01165622	AHIN01165622			AHIN01165622.1	NW_004449391.1
triMan1:AHIN01165623	AHIN01165623			AHIN01165623.1	NW_004449392.1
triMan1:AHIN01165624	AHIN01165624			AHIN01165624.1	NW_004449393.1
triMan1:AHIN01165625	AHIN01165625			AHIN01165625.1	NW_004449394.1
triMan1:AHIN01165626	AHIN01165626			AHIN01165626.1	NW_004449395.1
triMan1:AHIN01165627	AHIN01165627			AHIN01165627.1	NW_004449396.1
triMan1:AHIN01165628	AHIN01165628			AHIN01165628.1	NW_004449397.1
triMan1:AHIN01165629	AHIN01165629			AHIN01165629.1	NW_004449398.1
triMan1:AHIN01165630	AHIN01165630			AHIN01165630.1	NW_004449399.1
triMan1:AHIN01165631	AHIN01165631			AHIN01165631.1	NW_004449400.1
triMan1:AHIN01165632	AHIN01165632			AHIN01165632.1	NW_004449401.1
triMan1:AHIN01165633	AHIN01165633			AHIN01165633.1	NW_004449402.1
triMan1:AHIN01165634	AHIN01165634			AHIN01165634.1	NW_004449403.1
triMan1:AHIN01165635	AHIN01165635			AHIN01165635.1	NW_004449404.1
triMan1:AHIN01165636	AHIN01165636			AHIN01165636.1	NW_004449405.1
triMan1:AHIN01165637	AHIN01165637			AHIN01165637.1	NW_004449406.1
triMan1:AHIN01165638	AHIN01165638			AHIN01165638.1	NW_004449407.1
triMan1:AHIN01165639	AHIN01165639			AHIN01165639.1	NW_004449408.1
triMan1:AHIN01165640	AHIN01165640			AHIN01165640.1	NW_004449409.1
triMan1:AHIN01165641	AHIN01165641			AHIN01165641.1	NW_004449410.1
triMan1:AHIN01165642	AHIN01165642			AHIN01165642.1	NW_004449411.1
triMan1:AHIN01165643	AHIN01165643			AHIN01165643.1	NW_004449412.1
triMan1:AHIN01165644	AHIN01165644			AHIN01165644.1	NW_004449413.1
triMan1:AHIN01165645	AHIN01165645			AHIN01165645.1	NW_004449414.1
triMan1:AHIN01165646	AHIN01165646			AHIN01165646.1	NW_004449415.1
triMan1:AHIN01165647	AHIN01165647			AHIN01165647.1	NW_004449416.1
triMan1:AHIN01165648	AHIN01165648			AHIN01165648.1	NW_004449417.1
triMan1:AHIN01165649	AHIN01165649			AHIN01165649.1	NW_004449418.1
triMan1:AHIN01165650	AHIN01165650			AHIN01165650.1	NW_004449419.1
triMan1:AHIN01165651	AHIN01165651			AHIN01165651.1	NW_004449420.1
triMan1:AHIN01165652	AHIN01165652			AHIN01165652.1	NW_004449421.1
triMan1:AHIN01165653	AHIN01165653			AHIN01165653.1	NW_004449422.1
triMan1:AHIN01165654	AHIN01165654			AHIN01165654.1	NW_004449423.1
triMan1:AHIN01165655	AHIN01165655			AHIN01165655.1	NW_004449424.1
triMan1:AHIN01165656	AHIN01165656			AHIN01165656.1	NW_004449425.1
triMan1:AHIN01165657	AHIN01165657			AHIN01165657.1	NW_004449426.1
triMan1:AHIN01165658	AHIN01165658			AHIN01165658.1	NW_004449427.1
triMan1:AHIN01165659	AHIN01165659			AHIN01165659.1	NW_004449428.1
triMan1:AHIN01165660	AHIN01165660			AHIN01165660.1	NW_004449429.1
triMan1:AHIN01165661	AHIN01165661			AHIN01165661.1	NW_004449430.1
triMan1:AHIN01165662	AHIN01165662			AHIN01165662.1	NW_004449431.1
triMan1:AHIN01165663	AHIN01165663			AHIN01165663.1	NW_004449432.1
triMan1:AHIN01165664	AHIN01165664			AHIN01165664.1	NW_004449433.1
triMan1:AHIN01165665	AHIN01165665			AHIN01165665.1	NW_004449434.1
triMan1:AHIN01165666	AHIN01165666			AHIN01165666.1	NW_004449435.1
triMan1:AHIN01165667	AHIN01165667			AHIN01165667.1	NW_004449436.1
triMan1:AHIN01165668	AHIN01165668			AHIN01165668.1	NW_004449437.1
triMan1:AHIN01165669	AHIN01165669			AHIN01165669.1	NW_004449438.1
triMan1:AHIN01165670	AHIN01165670			AHIN01165670.1	NW_004449439.1
triMan1:AHIN01165671	AHIN01165671			AHIN01165671.1	NW_004449440.1
triMan1:AHIN01165672	AHIN01165672			AHIN01165672.1	NW_004449441.1
triMan1:AHIN01165673	AHIN01165673			AHIN01165673.1	NW_004449442.1
triMan1:AHIN01165674	AHIN01165674			AHIN01165674.1	NW_004449443.1
triMan1:AHIN01165675	AHIN01165675			AHIN01165675.1	NW_004449444.1
triMan1:AHIN01165676	AHIN01165676			AHIN01165676.1	NW_004449445.1
triMan1:AHIN01165677	AHIN01165677			AHIN01165677.1	NW_004449446.1
triMan1:AHIN01165678	AHIN01165678			AHIN01165678.1	NW_004449447.1
triMan1:AHIN01165679	AHIN01165679			AHIN01165679.1	NW_004449448.1
triMan1:AHIN01165680	AHIN01165680			AHIN01165680.1	NW_004449449.1
triMan1:AHIN01165681	AHIN01165681			AHIN01165681.1	NW_004449450.1
triMan1:AHIN01165682	AHIN01165682			AHIN01165682.1	NW_004449451.1
triMan1:AHIN01165683	AHIN01165683			AHIN01165683.1	NW_004449452.1
triMan1:AHIN01165684	AHIN01165684			AHIN01165684.1	NW_004449453.1
triMan1:AHIN01165685	AHIN01165685			AHIN01165685.1	NW_004449454.1
triMan1:AHIN01165686	AHIN01165686			AHIN01165686.1	NW_004449455.1
triMan1:AHIN01165687	AHIN01165687			AHIN01165687.1	NW_004449456.1
triMan1:AHIN01165688	AHIN01165688			AHIN01165688.1	NW_004449457.1
triMan1:AHIN01165689	AHIN01165689			AHIN01165689.1	NW_004449458.1
triMan1:AHIN01165690	AHIN01165690			AHIN01165690.1	NW_004449459.1
triMan1:AHIN01165691	AHIN01165691			AHIN01165691.1	NW_004449460.1
triMan1:AHIN01165692	AHIN01165692			AHIN01165692.1	NW_004449461.1
triMan1:AHIN01165693	AHIN01165693			AHIN01165693.1	NW_004449462.1
triMan1:AHIN01165694	AHIN01165694			AHIN01165694.1	NW_004449463.1
triMan1:AHIN01165695	AHIN01165695			AHIN01165695.1	NW_004449464.1
triMan1:AHIN01165696	AHIN01165696			AHIN01165696.1	NW_004449465.1
triMan1:AHIN01165697	AHIN01165697			AHIN01165697.1	NW_004449466.1
triMan1:AHIN01165698	AHIN01165698			AHIN01165698.1	NW_004449467.1
triMan1:AHIN01165699	AHIN01165699			AHIN01165699.1	NW_004449468.1
triMan1:AHIN01165700	AHIN01165700			AHIN01165700.1	NW_004449469.1
triMan1:AHIN01165701	AHIN01165701			AHIN01165701.1	NW_004449470.1
triMan1:AHIN01165702	AHIN01165702			AHIN01165702.1	NW_004449471.1
triMan1:AHIN01165703	AHIN01165703			AHIN01165703.1	NW_004449472.1
triMan1:AHIN01165704	AHIN01165704			AHIN01165704.1	NW_004449473.1
triMan1:AHIN01165705	AHIN01165705			AHIN01165705.1	NW_004449474.1
triMan1:AHIN01165706	AHIN01165706			AHIN01165706.1	NW_004449475.1
triMan1:AHIN01165707	AHIN01165707			AHIN01165707.1	NW_004449476.1
triMan1:AHIN01165708	AHIN01165708			AHIN01165708.1	NW_004449477.1
triMan1:AHIN01165709	AHIN01165709			AHIN01165709.1	NW_004449478.1
triMan1:AHIN01165710	AHIN01165710			AHIN01165710.1	NW_004449479.1
triMan1:AHIN01165711	AHIN01165711			AHIN01165711.1	NW_004449480.1
triMan1:AHIN01165712	AHIN01165712			AHIN01165712.1	NW_004449481.1
triMan1:AHIN01165713	AHIN01165713			AHIN01165713.1	NW_004449482.1
triMan1:AHIN01165714	AHIN01165714			AHIN01165714.1	NW_004449483.1
triMan1:AHIN01165715	AHIN01165715			AHIN01165715.1	NW_004449484.1
triMan1:AHIN01165716	AHIN01165716			AHIN01165716.1	NW_004449485.1
triMan1:AHIN01165717	AHIN01165717			AHIN01165717.1	NW_004449486.1
triMan1:AHIN01165718	AHIN01165718			AHIN01165718.1	NW_004449487.1
triMan1:AHIN01165719	AHIN01165719			AHIN01165719.1	NW_004449488.1
triMan1:AHIN01165720	AHIN01165720			AHIN01165720.1	NW_004449489.1
triMan1:AHIN01165721	AHIN01165721			AHIN01165721.1	NW_004449490.1
triMan1:AHIN01165722	AHIN01165722			AHIN01165722.1	NW_004449491.1
triMan1:AHIN01165723	AHIN01165723			AHIN01165723.1	NW_004449492.1
triMan1:AHIN01165724	AHIN01165724			AHIN01165724.1	NW_004449493.1
triMan1:AHIN01165725	AHIN01165725			AHIN01165725.1	NW_004449494.1
triMan1:AHIN01165726	AHIN01165726			AHIN01165726.1	NW_004449495.1
triMan1:AHIN01165727	AHIN01165727			AHIN01165727.1	NW_004449496.1
triMan1:AHIN01165728	AHIN01165728			AHIN01165728.1	NW_004449497.1
triMan1:AHIN01165729	AHIN01165729			AHIN01165729.1	NW_004449498.1
triMan1:AHIN01165730	AHIN01165730			AHIN01165730.1	NW_004449499.1
triMan1:AHIN01165731	AHIN01165731			AHIN01165731.1	NW_004449500.1
triMan1:AHIN01165732	AHIN01165732			AHIN01165732.1	NW_004449501.1
triMan1:AHIN01165733	AHIN01165733			AHIN01165733.1	NW_004449502.1
triMan1:AHIN01165734	AHIN01165734			AHIN01165734.1	NW_004449503.1
triMan1:AHIN01165735	AHIN01165735			AHIN01165735.1	NW_004449504.1
triMan1:AHIN01165736	AHIN01165736			AHIN01165736.1	NW_004449505.1
triMan1:AHIN01165737	AHIN01165737			AHIN01165737.1	NW_004449506.1
triMan1:AHIN01165738	AHIN01165738			AHIN01165738.1	NW_004449507.1
triMan1:AHIN01165739	AHIN01165739			AHIN01165739.1	NW_004449508.1
triMan1:AHIN01165740	AHIN01165740			AHIN01165740.1	NW_004449509.1
triMan1:AHIN01165741	AHIN01165741			AHIN01165741.1	NW_004449510.1
triMan1:AHIN01165742	AHIN01165742			AHIN01165742.1	NW_004449511.1
triMan1:AHIN01165743	AHIN01165743			AHIN01165743.1	NW_004449512.1
triMan1:AHIN01165744	AHIN01165744			AHIN01165744.1	NW_004449513.1
triMan1:AHIN01165745	AHIN01165745			AHIN01165745.1	NW_004449514.1
triMan1:AHIN01165746	AHIN01165746			AHIN01165746.1	NW_004449515.1
triMan1:AHIN01165747	AHIN01165747			AHIN01165747.1	NW_004449516.1
triMan1:AHIN01165748	AHIN01165748			AHIN01165748.1	NW_004449517.1
triMan1:AHIN01165749	AHIN01165749			AHIN01165749.1	NW_004449518.1
triMan1:AHIN01165750	AHIN01165750			AHIN01165750.1	NW_004449519.1
triMan1:AHIN01165751	AHIN01165751			AHIN01165751.1	NW_004449520.1
triMan1:AHIN01165752	AHIN01165752			AHIN01165752.1	NW_004449521.1
triMan1:AHIN01165753	AHIN01165753			AHIN01165753.1	NW_004449522.1
triMan1:AHIN01165754	AHIN01165754			AHIN01165754.1	NW_004449523.1
triMan1:AHIN01165755	AHIN01165755			AHIN01165755.1	NW_004449524.1
triMan1:AHIN01165756	AHIN01165756			AHIN01165756.1	NW_004449525.1
triMan1:AHIN01165757	AHIN01165757			AHIN01165757.1	NW_004449526.1
triMan1:AHIN01165758	AHIN01165758			AHIN01165758.1	NW_004449527.1
triMan1:AHIN01165759	AHIN01165759			AHIN01165759.1	NW_004449528.1
triMan1:AHIN01165760	AHIN01165760			AHIN01165760.1	NW_004449529.1
triMan1:AHIN01165761	AHIN01165761			AHIN01165761.1	NW_004449530.1
triMan1:AHIN01165762	AHIN01165762			AHIN01165762.1	NW_004449531.1
triMan1:AHIN01165763	AHIN01165763			AHIN01165763.1	NW_004449532.1
triMan1:AHIN01165764	AHIN01165764			AHIN01165764.1	NW_004449533.1
triMan1:AHIN01165765	AHIN01165765			AHIN01165765.1	NW_004449534.1
triMan1:AHIN01165766	AHIN01165766			AHIN01165766.1	NW_004449535.1
triMan1:AHIN01165767	AHIN01165767			AHIN01165767.1	NW_004449536.1
triMan1:AHIN01165768	AHIN01165768			AHIN01165768.1	NW_004449537.1
triMan1:AHIN01165769	AHIN01165769			AHIN01165769.1	NW_004449538.1
triMan1:AHIN01165770	AHIN01165770			AHIN01165770.1	NW_004449539.1
triMan1:AHIN01165771	AHIN01165771			AHIN01165771.1	NW_004449540.1
triMan1:AHIN01165772	AHIN01165772			AHIN01165772.1	NW_004449541.1
triMan1:AHIN01165773	AHIN01165773			AHIN01165773.1	NW_004449542.1
triMan1:AHIN01165774	AHIN01165774			AHIN01165774.1	NW_004449543.1
triMan1:AHIN01165775	AHIN01165775			AHIN01165775.1	NW_004449544.1
triMan1:AHIN01165776	AHIN01165776			AHIN01165776.1	NW_004449545.1
triMan1:AHIN01165777	AHIN01165777			AHIN01165777.1	NW_004449546.1
triMan1:AHIN01165778	AHIN01165778			AHIN01165778.1	NW_004449547.1
triMan1:AHIN01165779	AHIN01165779			AHIN01165779.1	NW_004449548.1
triMan1:AHIN01165780	AHIN01165780			AHIN01165780.1	NW_004449549.1
triMan1:AHIN01165781	AHIN01165781			AHIN01165781.1	NW_004449550.1
triMan1:AHIN01165782	AHIN01165782			AHIN01165782.1	NW_004449551.1
triMan1:AHIN01165783	AHIN01165783			AHIN01165783.1	NW_004449552.1
triMan1:AHIN01165784	AHIN01165784			AHIN01165784.1	NW_004449553.1
triMan1:AHIN01165785	AHIN01165785			AHIN01165785.1	NW_004449554.1
triMan1:AHIN01165786	AHIN01165786			AHIN01165786.1	NW_004449555.1
triMan1:AHIN01165787	AHIN01165787			AHIN01165787.1	NW_004449556.1
triMan1:AHIN01165788	AHIN01165788			AHIN01165788.1	NW_004449557.1
triMan1:AHIN01165789	AHIN01165789			AHIN01165789.1	NW_004449558.1
triMan1:AHIN01165790	AHIN01165790			AHIN01165790.1	NW_004449559.1
triMan1:AHIN01165791	AHIN01165791			AHIN01165791.1	NW_004449560.1
triMan1:AHIN01165792	AHIN01165792			AHIN01165792.1	NW_004449561.1
triMan1:AHIN01165793	AHIN01165793			AHIN01165793.1	NW_004449562.1
triMan1:AHIN01165794	AHIN01165794			AHIN01165794.1	NW_004449563.1
triMan1:AHIN01165795	AHIN01165795			AHIN01165795.1	NW_004449564.1
triMan1:AHIN01165796	AHIN01165796			AHIN01165796.1	NW_004449565.1
triMan1:AHIN01165797	AHIN01165797			AHIN01165797.1	NW_004449566.1
triMan1:AHIN01165798	AHIN01165798			AHIN01165798.1	NW_004449567.1
triMan1:AHIN01165799	AHIN01165799			AHIN01165799.1	NW_004449568.1
triMan1:AHIN01165800	AHIN01165800			AHIN01165800.1	NW_004449569.1
triMan1:AHIN01165801	AHIN01165801			AHIN01165801.1	NW_004449570.1
triMan1:AHIN01165802	AHIN01165802			AHIN01165802.1	NW_004449571.1
triMan1:AHIN01165803	AHIN01165803			AHIN01165803.1	NW_004449572.1
triMan1:AHIN01165804	AHIN01165804			AHIN01165804.1	NW_004449573.1
triMan1:AHIN01165805	AHIN01165805			AHIN01165805.1	NW_004449574.1
triMan1:AHIN01165806	AHIN01165806			AHIN01165806.1	NW_004449575.1
triMan1:AHIN01165807	AHIN01165807			AHIN01165807.1	NW_004449576.1
triMan1:AHIN01165808	AHIN01165808			AHIN01165808.1	NW_004449577.1
triMan1:AHIN01165809	AHIN01165809			AHIN01165809.1	NW_004449578.1
triMan1:AHIN01165810	AHIN01165810			AHIN01165810.1	NW_004449579.1
triMan1:AHIN01165811	AHIN01165811			AHIN01165811.1	NW_004449580.1
triMan1:AHIN01165812	AHIN01165812			AHIN01165812.1	NW_004449581.1
triMan1:AHIN01165813	AHIN01165813			AHIN01165813.1	NW_004449582.1
triMan1:AHIN01165814	AHIN01165814			AHIN01165814.1	NW_004449583.1
triMan1:AHIN01165815	AHIN01165815			AHIN01165815.1	NW_004449584.1
triMan1:AHIN01165816	AHIN01165816			AHIN01165816.1	NW_004449585.1
triMan1:AHIN01165817	AHIN01165817			AHIN01165817.1	NW_004449586.1
triMan1:AHIN01165818	AHIN01165818			AHIN01165818.1	NW_004449587.1
triMan1:AHIN01165819	AHIN01165819			AHIN01165819.1	NW_004449588.1
triMan1:AHIN01165820	AHIN01165820			AHIN01165820.1	NW_004449589.1
triMan1:AHIN01165821	AHIN01165821			AHIN01165821.1	NW_004449590.1
triMan1:AHIN01165822	AHIN01165822			AHIN01165822.1	NW_004449591.1
triMan1:AHIN01165823	AHIN01165823			AHIN01165823.1	NW_004449592.1
triMan1:AHIN01165824	AHIN01165824			AHIN01165824.1	NW_004449593.1
triMan1:AHIN01165825	AHIN01165825			AHIN01165825.1	NW_004449594.1
triMan1:AHIN01165826	AHIN01165826			AHIN01165826.1	NW_004449595.1
triMan1:AHIN01165827	AHIN01165827			AHIN01165827.1	NW_004449596.1
triMan1:AHIN01165828	AHIN01165828			AHIN01165828.1	NW_004449597.1
triMan1:AHIN01165829	AHIN01165829			AHIN01165829.1	NW_004449598.1
triMan1:AHIN01165830	AHIN01165830			AHIN01165830.1	NW_004449599.1
triMan1:AHIN01165831	AHIN01165831			AHIN01165831.1	NW_004449600.1
triMan1:AHIN01165832	AHIN01165832			AHIN01165832.1	NW_004449601.1
triMan1:AHIN01165833	AHIN01165833			AHIN01165833.1	NW_004449602.1
triMan1:AHIN01165834	AHIN01165834			AHIN01165834.1	NW_004449603.1
triMan1:AHIN01165835	AHIN01165835			AHIN01165835.1	NW_004449604.1
triMan1:AHIN01165836	AHIN01165836			AHIN01165836.1	NW_004449605.1
triMan1:AHIN01165837	AHIN01165837			AHIN01165837.1	NW_004449606.1
triMan1:AHIN01165838	AHIN01165838			AHIN01165838.1	NW_004449607.1
triMan1:AHIN01165839	AHIN01165839			AHIN01165839.1	NW_004449608.1
triMan1:AHIN01165840	AHIN01165840			AHIN01165840.1	NW_004449609.1
triMan1:AHIN01165841	AHIN01165841			AHIN01165841.1	NW_004449610.1
triMan1:AHIN01165842	AHIN01165842			AHIN01165842.1	NW_004449611.1
triMan1:AHIN01165843	AHIN01165843			AHIN01165843.1	NW_004449612.1
triMan1:AHIN01165844	AHIN01165844			AHIN01165844.1	NW_004449613.1
triMan1:AHIN01165845	AHIN01165845			AHIN01165845.1	NW_004449614.1
triMan1:AHIN01165846	AHIN01165846			AHIN01165846.1	NW_004449615.1
triMan1:AHIN01165847	AHIN01165847			AHIN01165847.1	NW_004449616.1
triMan1:AHIN01165848	AHIN01165848			AHIN01165848.1	NW_004449617.1
triMan1:AHIN01165849	AHIN01165849			AHIN01165849.1	NW_004449618.1
triMan1:AHIN01165850	AHIN01165850			AHIN01165850.1	NW_004449619.1
triMan1:AHIN01165851	AHIN01165851			AHIN01165851.1	NW_004449620.1
triMan1:AHIN01165852	AHIN01165852			AHIN01165852.1	NW_004449621.1
triMan1:AHIN01165853	AHIN01165853			AHIN01165853.1	NW_004449622.1
triMan1:AHIN01165854	AHIN01165854			AHIN01165854.1	NW_004449623.1
triMan1:AHIN01165855	AHIN01165855			AHIN01165855.1	NW_004449624.1
triMan1:AHIN01165856	AHIN01165856			AHIN01165856.1	NW_004449625.1
triMan1:AHIN01165857	AHIN01165857			AHIN01165857.1	NW_004449626.1
triMan1:AHIN01165858	AHIN01165858			AHIN01165858.1	NW_004449627.1
triMan1:AHIN01165859	AHIN01165859			AHIN01165859.1	NW_004449628.1
triMan1:AHIN01165860	AHIN01165860			AHIN01165860.1	NW_004449629.1
triMan1:AHIN01165861	AHIN01165861			AHIN01165861.1	NW_004449630.1
triMan1:AHIN01165862	AHIN01165862			AHIN01165862.1	NW_004449631.1
triMan1:AHIN01165863	AHIN01165863			AHIN01165863.1	NW_004449632.1
triMan1:AHIN01165864	AHIN01165864			AHIN01165864.1	NW_004449633.1
triMan1:AHIN01165865	AHIN01165865			AHIN01165865.1	NW_004449634.1
triMan1:AHIN01165866	AHIN01165866			AHIN01165866.1	NW_004449635.1
triMan1:AHIN01165867	AHIN01165867			AHIN01165867.1	NW_004449636.1
triMan1:AHIN01165868	AHIN01165868			AHIN01165868.1	NW_004449637.1
triMan1:AHIN01165869	AHIN01165869			AHIN01165869.1	NW_004449638.1
triMan1:AHIN01165870	AHIN01165870			AHIN01165870.1	NW_004449639.1
triMan1:AHIN01165871	AHIN01165871			AHIN01165871.1	NW_004449640.1
triMan1:AHIN01165872	AHIN01165872			AHIN01165872.1	NW_004449641.1
triMan1:AHIN01165873	AHIN01165873			AHIN01165873.1	NW_004449642.1
triMan1:AHIN01165874	AHIN01165874			AHIN01165874.1	NW_004449643.1
triMan1:AHIN01165875	AHIN01165875			AHIN01165875.1	NW_004449644.1
triMan1:AHIN01165876	AHIN01165876			AHIN01165876.1	NW_004449645.1
triMan1:AHIN01165877	AHIN01165877			AHIN01165877.1	NW_004449646.1
triMan1:AHIN01165878	AHIN01165878			AHIN01165878.1	NW_004449647.1
triMan1:AHIN01165879	AHIN01165879			AHIN01165879.1	NW_004449648.1
triMan1:AHIN01165880	AHIN01165880			AHIN01165880.1	NW_004449649.1
triMan1:AHIN01165881	AHIN01165881			AHIN01165881.1	NW_004449650.1
triMan1:AHIN01165882	AHIN01165882			AHIN01165882.1	NW_004449651.1
triMan1:AHIN01165883	AHIN01165883			AHIN01165883.1	NW_004449652.1
triMan1:AHIN01165884	AHIN01165884			AHIN01165884.1	NW_004449653.1
triMan1:AHIN01165885	AHIN01165885			AHIN01165885.1	NW_004449654.1
triMan1:AHIN01165886	AHIN01165886			AHIN01165886.1	NW_004449655.1
triMan1:AHIN01165887	AHIN01165887			AHIN01165887.1	NW_004449656.1
triMan1:AHIN01165888	AHIN01165888			AHIN01165888.1	NW_004449657.1
triMan1:AHIN01165889	AHIN01165889			AHIN01165889.1	NW_004449658.1
triMan1:AHIN01165890	AHIN01165890			AHIN01165890.1	NW_004449659.1
triMan1:AHIN01165891	AHIN01165891			AHIN01165891.1	NW_004449660.1
triMan1:AHIN01165892	AHIN01165892			AHIN01165892.1	NW_004449661.1
triMan1:AHIN01165893	AHIN01165893			AHIN01165893.1	NW_004449662.1
triMan1:AHIN01165894	AHIN01165894			AHIN01165894.1	NW_004449663.1
triMan1:AHIN01165895	AHIN01165895			AHIN01165895.1	NW_004449664.1
triMan1:AHIN01165896	AHIN01165896			AHIN01165896.1	NW_004449665.1
triMan1:AHIN01165897	AHIN01165897			AHIN01165897.1	NW_004449666.1
triMan1:AHIN01165898	AHIN01165898			AHIN01165898.1	NW_004449667.1
triMan1:AHIN01165899	AHIN01165899			AHIN01165899.1	NW_004449668.1
triMan1:AHIN01165900	AHIN01165900			AHIN01165900.1	NW_004449669.1
triMan1:AHIN01165901	AHIN01165901			AHIN01165901.1	NW_004449670.1
triMan1:AHIN01165902	AHIN01165902			AHIN01165902.1	NW_004449671.1
triMan1:AHIN01165903	AHIN01165903			AHIN01165903.1	NW_004449672.1
triMan1:AHIN01165904	AHIN01165904			AHIN01165904.1	NW_004449673.1
triMan1:AHIN01165905	AHIN01165905			AHIN01165905.1	NW_004449674.1
triMan1:AHIN01165906	AHIN01165906			AHIN01165906.1	NW_004449675.1
triMan1:AHIN01165907	AHIN01165907			AHIN01165907.1	NW_004449676.1
triMan1:AHIN01165908	AHIN01165908			AHIN01165908.1	NW_004449677.1
triMan1:AHIN01165909	AHIN01165909			AHIN01165909.1	NW_004449678.1
triMan1:AHIN01165910	AHIN01165910			AHIN01165910.1	NW_004449679.1
triMan1:AHIN01165911	AHIN01165911			AHIN01165911.1	NW_004449680.1
triMan1:AHIN01165912	AHIN01165912			AHIN01165912.1	NW_004449681.1
triMan1:AHIN01165913	AHIN01165913			AHIN01165913.1	NW_004449682.1
triMan1:AHIN01165914	AHIN01165914			AHIN01165914.1	NW_004449683.1
triMan1:AHIN01165915	AHIN01165915			AHIN01165915.1	NW_004449684.1
triMan1:AHIN01165916	AHIN01165916			AHIN01165916.1	NW_004449685.1
triMan1:AHIN01165917	AHIN01165917			AHIN01165917.1	NW_004449686.1
triMan1:AHIN01165918	AHIN01165918			AHIN01165918.1	NW_004449687.1
triMan1:AHIN01165919	AHIN01165919			AHIN01165919.1	NW_004449688.1
triMan1:AHIN01165920	AHIN01165920			AHIN01165920.1	NW_004449689.1
triMan1:AHIN01165921	AHIN01165921			AHIN01165921.1	NW_004449690.1
triMan1:AHIN01165922	AHIN01165922			AHIN01165922.1	NW_004449691.1
triMan1:AHIN01165923	AHIN01165923			AHIN01165923.1	NW_004449692.1
triMan1:AHIN01165924	AHIN01165924			AHIN01165924.1	NW_004449693.1
triMan1:AHIN01165925	AHIN01165925			AHIN01165925.1	NW_004449694.1
triMan1:AHIN01165926	AHIN01165926			AHIN01165926.1	NW_004449695.1
triMan1:AHIN01165927	AHIN01165927			AHIN01165927.1	NW_004449696.1
triMan1:AHIN01165928	AHIN01165928			AHIN01165928.1	NW_004449697.1
triMan1:AHIN01165929	AHIN01165929			AHIN01165929.1	NW_004449698.1
triMan1:AHIN01165930	AHIN01165930			AHIN01165930.1	NW_004449699.1
triMan1:AHIN01165931	AHIN01165931			AHIN01165931.1	NW_004449700.1
triMan1:AHIN01165932	AHIN01165932			AHIN01165932.1	NW_004449701.1
triMan1:AHIN01165933	AHIN01165933			AHIN01165933.1	NW_004449702.1
triMan1:AHIN01165934	AHIN01165934			AHIN01165934.1	NW_004449703.1
triMan1:AHIN01165935	AHIN01165935			AHIN01165935.1	NW_004449704.1
triMan1:AHIN01165936	AHIN01165936			AHIN01165936.1	NW_004449705.1
triMan1:AHIN01165937	AHIN01165937			AHIN01165937.1	NW_004449706.1
triMan1:AHIN01165938	AHIN01165938			AHIN01165938.1	NW_004449707.1
triMan1:AHIN01165939	AHIN01165939			AHIN01165939.1	NW_004449708.1
triMan1:AHIN01165940	AHIN01165940			AHIN01165940.1	NW_004449709.1
triMan1:AHIN01165941	AHIN01165941			AHIN01165941.1	NW_004449710.1
triMan1:AHIN01165942	AHIN01165942			AHIN01165942.1	NW_004449711.1
triMan1:AHIN01165943	AHIN01165943			AHIN01165943.1	NW_004449712.1
triMan1:AHIN01165944	AHIN01165944			AHIN01165944.1	NW_004449713.1
triMan1:AHIN01165945	AHIN01165945			AHIN01165945.1	NW_004449714.1
triMan1:AHIN01165946	AHIN01165946			AHIN01165946.1	NW_004449715.1
triMan1:AHIN01165947	AHIN01165947			AHIN01165947.1	NW_004449716.1
triMan1:AHIN01165948	AHIN01165948			AHIN01165948.1	NW_004449717.1
triMan1:AHIN01165949	AHIN01165949			AHIN01165949.1	NW_004449718.1
triMan1:AHIN01165950	AHIN01165950			AHIN01165950.1	NW_004449719.1
triMan1:AHIN01165951	AHIN01165951			AHIN01165951.1	NW_004449720.1
triMan1:AHIN01165952	AHIN01165952			AHIN01165952.1	NW_004449721.1
triMan1:AHIN01165953	AHIN01165953			AHIN01165953.1	NW_004449722.1
triMan1:AHIN01165954	AHIN01165954			AHIN01165954.1	NW_004449723.1
triMan1:AHIN01165955	AHIN01165955			AHIN01165955.1	NW_004449724.1
triMan1:AHIN01165956	AHIN01165956			AHIN01165956.1	NW_004449725.1
triMan1:AHIN01165957	AHIN01165957			AHIN01165957.1	NW_004449726.1
triMan1:AHIN01165958	AHIN01165958			AHIN01165958.1	NW_004449727.1
triMan1:AHIN01165959	AHIN01165959			AHIN01165959.1	NW_004449728.1
triMan1:AHIN01165960	AHIN01165960			AHIN01165960.1	NW_004449729.1
triMan1:AHIN01165961	AHIN01165961			AHIN01165961.1	NW_004449730.1
triMan1:AHIN01165962	AHIN01165962			AHIN01165962.1	NW_004449731.1
triMan1:AHIN01165963	AHIN01165963			AHIN01165963.1	NW_004449732.1
triMan1:AHIN01165964	AHIN01165964			AHIN01165964.1	NW_004449733.1
triMan1:AHIN01165965	AHIN01165965			AHIN01165965.1	NW_004449734.1
triMan1:AHIN01165966	AHIN01165966			AHIN01165966.1	NW_004449735.1
triMan1:AHIN01165967	AHIN01165967			AHIN01165967.1	NW_004449736.1
triMan1:AHIN01165968	AHIN01165968			AHIN01165968.1	NW_004449737.1
triMan1:AHIN01165969	AHIN01165969			AHIN01165969.1	NW_004449738.1
triMan1:AHIN01165970	AHIN01165970			AHIN01165970.1	NW_004449739.1
triMan1:AHIN01165971	AHIN01165971			AHIN01165971.1	NW_004449740.1
triMan1:AHIN01165972	AHIN01165972			AHIN01165972.1	NW_004449741.1
triMan1:AHIN01165973	AHIN01165973			AHIN01165973.1	NW_004449742.1
triMan1:AHIN01165974	AHIN01165974			AHIN01165974.1	NW_004449743.1
triMan1:AHIN01165975	AHIN01165975			AHIN01165975.1	NW_004449744.1
triMan1:AHIN01165976	AHIN01165976			AHIN01165976.1	NW_004449745.1
triMan1:AHIN01165977	AHIN01165977			AHIN01165977.1	NW_004449746.1
triMan1:AHIN01165978	AHIN01165978			AHIN01165978.1	NW_004449747.1
triMan1:AHIN01165979	AHIN01165979			AHIN01165979.1	NW_004449748.1
triMan1:AHIN01165980	AHIN01165980			AHIN01165980.1	NW_004449749.1
triMan1:AHIN01165981	AHIN01165981			AHIN01165981.1	NW_004449750.1
triMan1:AHIN01165982	AHIN01165982			AHIN01165982.1	NW_004449751.1
triMan1:AHIN01165983	AHIN01165983			AHIN01165983.1	NW_004449752.1
triMan1:AHIN01165984	AHIN01165984			AHIN01165984.1	NW_004449753.1
triMan1:AHIN01165985	AHIN01165985			AHIN01165985.1	NW_004449754.1
triMan1:AHIN01165986	AHIN01165986			AHIN01165986.1	NW_004449755.1
triMan1:AHIN01165987	AHIN01165987			AHIN01165987.1	NW_004449756.1
triMan1:AHIN01165988	AHIN01165988			AHIN01165988.1	NW_004449757.1
triMan1:AHIN01165989	AHIN01165989			AHIN01165989.1	NW_004449758.1
triMan1:AHIN01165990	AHIN01165990			AHIN01165990.1	NW_004449759.1
triMan1:AHIN01165991	AHIN01165991			AHIN01165991.1	NW_004449760.1
triMan1:AHIN01165992	AHIN01165992			AHIN01165992.1	NW_004449761.1
triMan1:AHIN01165993	AHIN01165993			AHIN01165993.1	NW_004449762.1
triMan1:AHIN01165994	AHIN01165994			AHIN01165994.1	NW_004449763.1
triMan1:AHIN01165995	AHIN01165995			AHIN01165995.1	NW_004449764.1
triMan1:AHIN01165996	AHIN01165996			AHIN01165996.1	NW_004449765.1
triMan1:AHIN01165997	AHIN01165997			AHIN01165997.1	NW_004449766.1
triMan1:AHIN01165998	AHIN01165998			AHIN01165998.1	NW_004449767.1
triMan1:AHIN01165999	AHIN01165999			AHIN01165999.1	NW_004449768.1
triMan1:AHIN01166000	AHIN01166000			AHIN01166000.1	NW_004449769.1
triMan1:AHIN01166001	AHIN01166001			AHIN01166001.1	NW_004449770.1
triMan1:AHIN01166002	AHIN01166002			AHIN01166002.1	NW_004449771.1
triMan1:AHIN01166003	AHIN01166003			AHIN01166003.1	NW_004449772.1
triMan1:AHIN01166004	AHIN01166004			AHIN01166004.1	NW_004449773.1
triMan1:AHIN01166005	AHIN01166005			AHIN01166005.1	NW_004449774.1
triMan1:AHIN01166006	AHIN01166006			AHIN01166006.1	NW_004449775.1
triMan1:AHIN01166007	AHIN01166007			AHIN01166007.1	NW_004449776.1
triMan1:AHIN01166008	AHIN01166008			AHIN01166008.1	NW_004449777.1
triMan1:AHIN01166009	AHIN01166009			AHIN01166009.1	NW_004449778.1
triMan1:AHIN01166010	AHIN01166010			AHIN01166010.1	NW_004449779.1
triMan1:AHIN01166011	AHIN01166011			AHIN01166011.1	NW_004449780.1
triMan1:AHIN01166012	AHIN01166012			AHIN01166012.1	NW_004449781.1
triMan1:AHIN01166013	AHIN01166013			AHIN01166013.1	NW_004449782.1
triMan1:AHIN01166014	AHIN01166014			AHIN01166014.1	NW_004449783.1
triMan1:AHIN01166015	AHIN01166015			AHIN01166015.1	NW_004449784.1
triMan1:AHIN01166016	AHIN01166016			AHIN01166016.1	NW_004449785.1
triMan1:AHIN01166017	AHIN01166017			AHIN01166017.1	NW_004449786.1
triMan1:AHIN01166018	AHIN01166018			AHIN01166018.1	NW_004449787.1
triMan1:AHIN01166019	AHIN01166019			AHIN01166019.1	NW_004449788.1
triMan1:AHIN01166020	AHIN01166020			AHIN01166020.1	NW_004449789.1
triMan1:AHIN01166021	AHIN01166021			AHIN01166021.1	NW_004449790.1
triMan1:AHIN01166022	AHIN01166022			AHIN01166022.1	NW_004449791.1
triMan1:AHIN01166023	AHIN01166023			AHIN01166023.1	NW_004449792.1
triMan1:AHIN01166024	AHIN01166024			AHIN01166024.1	NW_004449793.1
triMan1:AHIN01166025	AHIN01166025			AHIN01166025.1	NW_004449794.1
triMan1:AHIN01166026	AHIN01166026			AHIN01166026.1	NW_004449795.1
triMan1:AHIN01166027	AHIN01166027			AHIN01166027.1	NW_004449796.1
triMan1:AHIN01166028	AHIN01166028			AHIN01166028.1	NW_004449797.1
triMan1:AHIN01166029	AHIN01166029			AHIN01166029.1	NW_004449798.1
triMan1:AHIN01166030	AHIN01166030			AHIN01166030.1	NW_004449799.1
triMan1:AHIN01166031	AHIN01166031			AHIN01166031.1	NW_004449800.1
triMan1:AHIN01166032	AHIN01166032			AHIN01166032.1	NW_004449801.1
triMan1:AHIN01166033	AHIN01166033			AHIN01166033.1	NW_004449802.1
triMan1:AHIN01166034	AHIN01166034			AHIN01166034.1	NW_004449803.1
triMan1:AHIN01166035	AHIN01166035			AHIN01166035.1	NW_004449804.1
triMan1:AHIN01166036	AHIN01166036			AHIN01166036.1	NW_004449805.1
triMan1:AHIN01166037	AHIN01166037			AHIN01166037.1	NW_004449806.1
triMan1:AHIN01166038	AHIN01166038			AHIN01166038.1	NW_004449807.1
triMan1:AHIN01166039	AHIN01166039			AHIN01166039.1	NW_004449808.1
triMan1:AHIN01166040	AHIN01166040			AHIN01166040.1	NW_004449809.1
triMan1:AHIN01166041	AHIN01166041			AHIN01166041.1	NW_004449810.1
triMan1:AHIN01166042	AHIN01166042			AHIN01166042.1	NW_004449811.1
triMan1:AHIN01166043	AHIN01166043			AHIN01166043.1	NW_004449812.1
triMan1:AHIN01166044	AHIN01166044			AHIN01166044.1	NW_004449813.1
triMan1:AHIN01166045	AHIN01166045			AHIN01166045.1	NW_004449814.1
triMan1:AHIN01166046	AHIN01166046			AHIN01166046.1	NW_004449815.1
triMan1:AHIN01166047	AHIN01166047			AHIN01166047.1	NW_004449816.1
triMan1:AHIN01166048	AHIN01166048			AHIN01166048.1	NW_004449817.1
triMan1:AHIN01166049	AHIN01166049			AHIN01166049.1	NW_004449818.1
triMan1:AHIN01166050	AHIN01166050			AHIN01166050.1	NW_004449819.1
triMan1:AHIN01166051	AHIN01166051			AHIN01166051.1	NW_004449820.1
triMan1:AHIN01166052	AHIN01166052			AHIN01166052.1	NW_004449821.1
triMan1:AHIN01166053	AHIN01166053			AHIN01166053.1	NW_004449822.1
triMan1:AHIN01166054	AHIN01166054			AHIN01166054.1	NW_004449823.1
triMan1:AHIN01166055	AHIN01166055			AHIN01166055.1	NW_004449824.1
triMan1:AHIN01166056	AHIN01166056			AHIN01166056.1	NW_004449825.1
triMan1:AHIN01166057	AHIN01166057			AHIN01166057.1	NW_004449826.1
triMan1:AHIN01166058	AHIN01166058			AHIN01166058.1	NW_004449827.1
triMan1:AHIN01166059	AHIN01166059			AHIN01166059.1	NW_004449828.1
triMan1:AHIN01166060	AHIN01166060			AHIN01166060.1	NW_004449829.1
triMan1:AHIN01166061	AHIN01166061			AHIN01166061.1	NW_004449830.1
triMan1:AHIN01166062	AHIN01166062			AHIN01166062.1	NW_004449831.1
triMan1:AHIN01166063	AHIN01166063			AHIN01166063.1	NW_004449832.1
triMan1:AHIN01166064	AHIN01166064			AHIN01166064.1	NW_004449833.1
triMan1:AHIN01166065	AHIN01166065			AHIN01166065.1	NW_004449834.1
triMan1:AHIN01166066	AHIN01166066			AHIN01166066.1	NW_004449835.1
triMan1:AHIN01166067	AHIN01166067			AHIN01166067.1	NW_004449836.1
triMan1:AHIN01166068	AHIN01166068			AHIN01166068.1	NW_004449837.1
triMan1:AHIN01166069	AHIN01166069			AHIN01166069.1	NW_004449838.1
triMan1:AHIN01166070	AHIN01166070			AHIN01166070.1	NW_004449839.1
triMan1:AHIN01166071	AHIN01166071			AHIN01166071.1	NW_004449840.1
triMan1:AHIN01166072	AHIN01166072			AHIN01166072.1	NW_004449841.1
triMan1:AHIN01166073	AHIN01166073			AHIN01166073.1	NW_004449842.1
triMan1:AHIN01166074	AHIN01166074			AHIN01166074.1	NW_004449843.1
triMan1:AHIN01166075	AHIN01166075			AHIN01166075.1	NW_004449844.1
triMan1:AHIN01166076	AHIN01166076			AHIN01166076.1	NW_004449845.1
triMan1:AHIN01166077	AHIN01166077			AHIN01166077.1	NW_004449846.1
triMan1:AHIN01166078	AHIN01166078			AHIN01166078.1	NW_004449847.1
triMan1:AHIN01166079	AHIN01166079			AHIN01166079.1	NW_004449848.1
triMan1:AHIN01166080	AHIN01166080			AHIN01166080.1	NW_004449849.1
triMan1:AHIN01166081	AHIN01166081			AHIN01166081.1	NW_004449850.1
triMan1:AHIN01166082	AHIN01166082			AHIN01166082.1	NW_004449851.1
triMan1:AHIN01166083	AHIN01166083			AHIN01166083.1	NW_004449852.1
triMan1:AHIN01166084	AHIN01166084			AHIN01166084.1	NW_004449853.1
triMan1:AHIN01166085	AHIN01166085			AHIN01166085.1	NW_004449854.1
triMan1:AHIN01166086	AHIN01166086			AHIN01166086.1	NW_004449855.1
triMan1:AHIN01166087	AHIN01166087			AHIN01166087.1	NW_004449856.1
triMan1:AHIN01166088	AHIN01166088			AHIN01166088.1	NW_004449857.1
triMan1:AHIN01166089	AHIN01166089			AHIN01166089.1	NW_004449858.1
triMan1:AHIN01166090	AHIN01166090			AHIN01166090.1	NW_004449859.1
triMan1:AHIN01166091	AHIN01166091			AHIN01166091.1	NW_004449860.1
triMan1:AHIN01166092	AHIN01166092			AHIN01166092.1	NW_004449861.1
triMan1:AHIN01166093	AHIN01166093			AHIN01166093.1	NW_004449862.1
triMan1:AHIN01166094	AHIN01166094			AHIN01166094.1	NW_004449863.1
triMan1:AHIN01166095	AHIN01166095			AHIN01166095.1	NW_004449864.1
triMan1:AHIN01166096	AHIN01166096			AHIN01166096.1	NW_004449865.1
triMan1:AHIN01166097	AHIN01166097			AHIN01166097.1	NW_004449866.1
triMan1:AHIN01166098	AHIN01166098			AHIN01166098.1	NW_004449867.1
triMan1:AHIN01166099	AHIN01166099			AHIN01166099.1	NW_004449868.1
triMan1:AHIN01166100	AHIN01166100			AHIN01166100.1	NW_004449869.1
triMan1:AHIN01166101	AHIN01166101			AHIN01166101.1	NW_004449870.1
triMan1:AHIN01166102	AHIN01166102			AHIN01166102.1	NW_004449871.1
triMan1:AHIN01166103	AHIN01166103			AHIN01166103.1	NW_004449872.1
triMan1:AHIN01166104	AHIN01166104			AHIN01166104.1	NW_004449873.1
triMan1:AHIN01166105	AHIN01166105			AHIN01166105.1	NW_004449874.1
triMan1:AHIN01166106	AHIN01166106			AHIN01166106.1	NW_004449875.1
triMan1:AHIN01166107	AHIN01166107			AHIN01166107.1	NW_004449876.1
triMan1:AHIN01166108	AHIN01166108			AHIN01166108.1	NW_004449877.1
triMan1:AHIN01166109	AHIN01166109			AHIN01166109.1	NW_004449878.1
triMan1:AHIN01166110	AHIN01166110			AHIN01166110.1	NW_004449879.1
triMan1:AHIN01166111	AHIN01166111			AHIN01166111.1	NW_004449880.1
triMan1:AHIN01166112	AHIN01166112			AHIN01166112.1	NW_004449881.1
triMan1:AHIN01166113	AHIN01166113			AHIN01166113.1	NW_004449882.1
triMan1:AHIN01166114	AHIN01166114			AHIN01166114.1	NW_004449883.1
triMan1:AHIN01166115	AHIN01166115			AHIN01166115.1	NW_004449884.1
triMan1:AHIN01166116	AHIN01166116			AHIN01166116.1	NW_004449885.1
triMan1:AHIN01166117	AHIN01166117			AHIN01166117.1	NW_004449886.1
triMan1:AHIN01166118	AHIN01166118			AHIN01166118.1	NW_004449887.1
triMan1:AHIN01166119	AHIN01166119			AHIN01166119.1	NW_004449888.1
triMan1:AHIN01166120	AHIN01166120			AHIN01166120.1	NW_004449889.1
triMan1:AHIN01166121	AHIN01166121			AHIN01166121.1	NW_004449890.1
triMan1:AHIN01166122	AHIN01166122			AHIN01166122.1	NW_004449891.1
triMan1:AHIN01166123	AHIN01166123			AHIN01166123.1	NW_004449892.1
triMan1:AHIN01166124	AHIN01166124			AHIN01166124.1	NW_004449893.1
triMan1:AHIN01166125	AHIN01166125			AHIN01166125.1	NW_004449894.1
triMan1:AHIN01166126	AHIN01166126			AHIN01166126.1	NW_004449895.1
triMan1:AHIN01166127	AHIN01166127			AHIN01166127.1	NW_004449896.1
triMan1:AHIN01166128	AHIN01166128			AHIN01166128.1	NW_004449897.1
triMan1:AHIN01166129	AHIN01166129			AHIN01166129.1	NW_004449898.1
triMan1:AHIN01166130	AHIN01166130			AHIN01166130.1	NW_004449899.1
triMan1:AHIN01166131	AHIN01166131			AHIN01166131.1	NW_004449900.1
triMan1:AHIN01166132	AHIN01166132			AHIN01166132.1	NW_004449901.1
triMan1:AHIN01166133	AHIN01166133			AHIN01166133.1	NW_004449902.1
triMan1:AHIN01166134	AHIN01166134			AHIN01166134.1	NW_004449903.1
triMan1:AHIN01166135	AHIN01166135			AHIN01166135.1	NW_004449904.1
triMan1:AHIN01166136	AHIN01166136			AHIN01166136.1	NW_004449905.1
triMan1:AHIN01166137	AHIN01166137			AHIN01166137.1	NW_004449906.1
triMan1:AHIN01166138	AHIN01166138			AHIN01166138.1	NW_004449907.1
triMan1:AHIN01166139	AHIN01166139			AHIN01166139.1	NW_004449908.1
triMan1:AHIN01166140	AHIN01166140			AHIN01166140.1	NW_004449909.1
triMan1:AHIN01166141	AHIN01166141			AHIN01166141.1	NW_004449910.1
triMan1:AHIN01166142	AHIN01166142			AHIN01166142.1	NW_004449911.1
triMan1:AHIN01166143	AHIN01166143			AHIN01166143.1	NW_004449912.1
triMan1:AHIN01166144	AHIN01166144			AHIN01166144.1	NW_004449913.1
triMan1:AHIN01166145	AHIN01166145			AHIN01166145.1	NW_004449914.1
triMan1:AHIN01166146	AHIN01166146			AHIN01166146.1	NW_004449915.1
triMan1:AHIN01166147	AHIN01166147			AHIN01166147.1	NW_004449916.1
triMan1:AHIN01166148	AHIN01166148			AHIN01166148.1	NW_004449917.1
triMan1:AHIN01166149	AHIN01166149			AHIN01166149.1	NW_004449918.1
triMan1:AHIN01166150	AHIN01166150			AHIN01166150.1	NW_004449919.1
triMan1:AHIN01166151	AHIN01166151			AHIN01166151.1	NW_004449920.1
triMan1:AHIN01166152	AHIN01166152			AHIN01166152.1	NW_004449921.1
triMan1:AHIN01166153	AHIN01166153			AHIN01166153.1	NW_004449922.1
triMan1:AHIN01166154	AHIN01166154			AHIN01166154.1	NW_004449923.1
triMan1:AHIN01166155	AHIN01166155			AHIN01166155.1	NW_004449924.1
triMan1:AHIN01166156	AHIN01166156			AHIN01166156.1	NW_004449925.1
triMan1:AHIN01166157	AHIN01166157			AHIN01166157.1	NW_004449926.1
triMan1:AHIN01166158	AHIN01166158			AHIN01166158.1	NW_004449927.1
triMan1:AHIN01166159	AHIN01166159			AHIN01166159.1	NW_004449928.1
triMan1:AHIN01166160	AHIN01166160			AHIN01166160.1	NW_004449929.1
triMan1:AHIN01166161	AHIN01166161			AHIN01166161.1	NW_004449930.1
triMan1:AHIN01166162	AHIN01166162			AHIN01166162.1	NW_004449931.1
triMan1:AHIN01166163	AHIN01166163			AHIN01166163.1	NW_004449932.1
triMan1:AHIN01166164	AHIN01166164			AHIN01166164.1	NW_004449933.1
triMan1:AHIN01166165	AHIN01166165			AHIN01166165.1	NW_004449934.1
triMan1:AHIN01166166	AHIN01166166			AHIN01166166.1	NW_004449935.1
triMan1:AHIN01166167	AHIN01166167			AHIN01166167.1	NW_004449936.1
triMan1:AHIN01166168	AHIN01166168			AHIN01166168.1	NW_004449937.1
triMan1:AHIN01166169	AHIN01166169			AHIN01166169.1	NW_004449938.1
triMan1:AHIN01166170	AHIN01166170			AHIN01166170.1	NW_004449939.1
triMan1:AHIN01166171	AHIN01166171			AHIN01166171.1	NW_004449940.1
triMan1:AHIN01166172	AHIN01166172			AHIN01166172.1	NW_004449941.1
triMan1:AHIN01166173	AHIN01166173			AHIN01166173.1	NW_004449942.1
triMan1:AHIN01166174	AHIN01166174			AHIN01166174.1	NW_004449943.1
triMan1:AHIN01166175	AHIN01166175			AHIN01166175.1	NW_004449944.1
triMan1:AHIN01166176	AHIN01166176			AHIN01166176.1	NW_004449945.1
triMan1:AHIN01166177	AHIN01166177			AHIN01166177.1	NW_004449946.1
triMan1:AHIN01166178	AHIN01166178			AHIN01166178.1	NW_004449947.1
triMan1:AHIN01166179	AHIN01166179			AHIN01166179.1	NW_004449948.1
triMan1:AHIN01166180	AHIN01166180			AHIN01166180.1	NW_004449949.1
triMan1:AHIN01166181	AHIN01166181			AHIN01166181.1	NW_004449950.1
triMan1:AHIN01166182	AHIN01166182			AHIN01166182.1	NW_004449951.1
triMan1:AHIN01166183	AHIN01166183			AHIN01166183.1	NW_004449952.1
triMan1:AHIN01166184	AHIN01166184			AHIN01166184.1	NW_004449953.1
triMan1:AHIN01166185	AHIN01166185			AHIN01166185.1	NW_004449954.1
triMan1:AHIN01166186	AHIN01166186			AHIN01166186.1	NW_004449955.1
triMan1:AHIN01166187	AHIN01166187			AHIN01166187.1	NW_004449956.1
triMan1:AHIN01166188	AHIN01166188			AHIN01166188.1	NW_004449957.1
triMan1:AHIN01166189	AHIN01166189			AHIN01166189.1	NW_004449958.1
triMan1:AHIN01166190	AHIN01166190			AHIN01166190.1	NW_004449959.1
triMan1:AHIN01166191	AHIN01166191			AHIN01166191.1	NW_004449960.1
triMan1:AHIN01166192	AHIN01166192			AHIN01166192.1	NW_004449961.1
triMan1:AHIN01166193	AHIN01166193			AHIN01166193.1	NW_004449962.1
triMan1:AHIN01166194	AHIN01166194			AHIN01166194.1	NW_004449963.1
triMan1:AHIN01166195	AHIN01166195			AHIN01166195.1	NW_004449964.1
triMan1:AHIN01166196	AHIN01166196			AHIN01166196.1	NW_004449965.1
triMan1:AHIN01166197	AHIN01166197			AHIN01166197.1	NW_004449966.1
triMan1:AHIN01166198	AHIN01166198			AHIN01166198.1	NW_004449967.1
triMan1:AHIN01166199	AHIN01166199			AHIN01166199.1	NW_004449968.1
triMan1:AHIN01166200	AHIN01166200			AHIN01166200.1	NW_004449969.1
triMan1:AHIN01166201	AHIN01166201			AHIN01166201.1	NW_004449970.1
triMan1:AHIN01166202	AHIN01166202			AHIN01166202.1	NW_004449971.1
triMan1:AHIN01166203	AHIN01166203			AHIN01166203.1	NW_004449972.1
triMan1:AHIN01166204	AHIN01166204			AHIN01166204.1	NW_004449973.1
triMan1:AHIN01166205	AHIN01166205			AHIN01166205.1	NW_004449974.1
triMan1:AHIN01166206	AHIN01166206			AHIN01166206.1	NW_004449975.1
triMan1:AHIN01166207	AHIN01166207			AHIN01166207.1	NW_004449976.1
triMan1:AHIN01166208	AHIN01166208			AHIN01166208.1	NW_004449977.1
triMan1:AHIN01166209	AHIN01166209			AHIN01166209.1	NW_004449978.1
triMan1:AHIN01166210	AHIN01166210			AHIN01166210.1	NW_004449979.1
triMan1:AHIN01166211	AHIN01166211			AHIN01166211.1	NW_004449980.1
triMan1:AHIN01166212	AHIN01166212			AHIN01166212.1	NW_004449981.1
triMan1:AHIN01166213	AHIN01166213			AHIN01166213.1	NW_004449982.1
triMan1:AHIN01166214	AHIN01166214			AHIN01166214.1	NW_004449983.1
triMan1:AHIN01166215	AHIN01166215			AHIN01166215.1	NW_004449984.1
triMan1:AHIN01166216	AHIN01166216			AHIN01166216.1	NW_004449985.1
triMan1:AHIN01166217	AHIN01166217			AHIN01166217.1	NW_004449986.1
triMan1:AHIN01166218	AHIN01166218			AHIN01166218.1	NW_004449987.1
triMan1:AHIN01166219	AHIN01166219			AHIN01166219.1	NW_004449988.1
triMan1:AHIN01166220	AHIN01166220			AHIN01166220.1	NW_004449989.1
triMan1:AHIN01166221	AHIN01166221			AHIN01166221.1	NW_004449990.1
triMan1:AHIN01166222	AHIN01166222			AHIN01166222.1	NW_004449991.1
triMan1:AHIN01166223	AHIN01166223			AHIN01166223.1	NW_004449992.1
triMan1:AHIN01166224	AHIN01166224			AHIN01166224.1	NW_004449993.1
triMan1:AHIN01166225	AHIN01166225			AHIN01166225.1	NW_004449994.1
triMan1:AHIN01166226	AHIN01166226			AHIN01166226.1	NW_004449995.1
triMan1:AHIN01166227	AHIN01166227			AHIN01166227.1	NW_004449996.1
triMan1:AHIN01166228	AHIN01166228			AHIN01166228.1	NW_004449997.1
triMan1:AHIN01166229	AHIN01166229			AHIN01166229.1	NW_004449998.1
triMan1:AHIN01166230	AHIN01166230			AHIN01166230.1	NW_004449999.1
triMan1:AHIN01166231	AHIN01166231			AHIN01166231.1	NW_004450000.1
triMan1:AHIN01166232	AHIN01166232			AHIN01166232.1	NW_004450001.1
triMan1:AHIN01166233	AHIN01166233			AHIN01166233.1	NW_004450002.1
triMan1:AHIN01166234	AHIN01166234			AHIN01166234.1	NW_004450003.1
triMan1:AHIN01166235	AHIN01166235			AHIN01166235.1	NW_004450004.1
triMan1:AHIN01166236	AHIN01166236			AHIN01166236.1	NW_004450005.1
triMan1:AHIN01166237	AHIN01166237			AHIN01166237.1	NW_004450006.1
triMan1:AHIN01166238	AHIN01166238			AHIN01166238.1	NW_004450007.1
triMan1:AHIN01166239	AHIN01166239			AHIN01166239.1	NW_004450008.1
triMan1:AHIN01166240	AHIN01166240			AHIN01166240.1	NW_004450009.1
triMan1:AHIN01166241	AHIN01166241			AHIN01166241.1	NW_004450010.1
triMan1:AHIN01166242	AHIN01166242			AHIN01166242.1	NW_004450011.1
triMan1:AHIN01166243	AHIN01166243			AHIN01166243.1	NW_004450012.1
triMan1:AHIN01166244	AHIN01166244			AHIN01166244.1	NW_004450013.1
triMan1:AHIN01166245	AHIN01166245			AHIN01166245.1	NW_004450014.1
triMan1:AHIN01166246	AHIN01166246			AHIN01166246.1	NW_004450015.1
triMan1:AHIN01166247	AHIN01166247			AHIN01166247.1	NW_004450016.1
triMan1:AHIN01166248	AHIN01166248			AHIN01166248.1	NW_004450017.1
triMan1:AHIN01166249	AHIN01166249			AHIN01166249.1	NW_004450018.1
triMan1:AHIN01166250	AHIN01166250			AHIN01166250.1	NW_004450019.1
triMan1:AHIN01166251	AHIN01166251			AHIN01166251.1	NW_004450020.1
triMan1:AHIN01166252	AHIN01166252			AHIN01166252.1	NW_004450021.1
triMan1:AHIN01166253	AHIN01166253			AHIN01166253.1	NW_004450022.1
triMan1:AHIN01166254	AHIN01166254			AHIN01166254.1	NW_004450023.1
triMan1:AHIN01166255	AHIN01166255			AHIN01166255.1	NW_004450024.1
triMan1:AHIN01166256	AHIN01166256			AHIN01166256.1	NW_004450025.1
triMan1:AHIN01166257	AHIN01166257			AHIN01166257.1	NW_004450026.1
triMan1:AHIN01166258	AHIN01166258			AHIN01166258.1	NW_004450027.1
triMan1:AHIN01166259	AHIN01166259			AHIN01166259.1	NW_004450028.1
triMan1:AHIN01166260	AHIN01166260			AHIN01166260.1	NW_004450029.1
triMan1:AHIN01166261	AHIN01166261			AHIN01166261.1	NW_004450030.1
triMan1:AHIN01166262	AHIN01166262			AHIN01166262.1	NW_004450031.1
triMan1:AHIN01166263	AHIN01166263			AHIN01166263.1	NW_004450032.1
triMan1:AHIN01166264	AHIN01166264			AHIN01166264.1	NW_004450033.1
triMan1:AHIN01166265	AHIN01166265			AHIN01166265.1	NW_004450034.1
triMan1:AHIN01166266	AHIN01166266			AHIN01166266.1	NW_004450035.1
triMan1:AHIN01166267	AHIN01166267			AHIN01166267.1	NW_004450036.1
triMan1:AHIN01166268	AHIN01166268			AHIN01166268.1	NW_004450037.1
triMan1:AHIN01166269	AHIN01166269			AHIN01166269.1	NW_004450038.1
triMan1:AHIN01166270	AHIN01166270			AHIN01166270.1	NW_004450039.1
triMan1:AHIN01166271	AHIN01166271			AHIN01166271.1	NW_004450040.1
triMan1:AHIN01166272	AHIN01166272			AHIN01166272.1	NW_004450041.1
triMan1:AHIN01166273	AHIN01166273			AHIN01166273.1	NW_004450042.1
triMan1:AHIN01166274	AHIN01166274			AHIN01166274.1	NW_004450043.1
triMan1:AHIN01166275	AHIN01166275			AHIN01166275.1	NW_004450044.1
triMan1:AHIN01166276	AHIN01166276			AHIN01166276.1	NW_004450045.1
triMan1:AHIN01166277	AHIN01166277			AHIN01166277.1	NW_004450046.1
triMan1:AHIN01166278	AHIN01166278			AHIN01166278.1	NW_004450047.1
triMan1:AHIN01166279	AHIN01166279			AHIN01166279.1	NW_004450048.1
triMan1:AHIN01166280	AHIN01166280			AHIN01166280.1	NW_004450049.1
triMan1:AHIN01166281	AHIN01166281			AHIN01166281.1	NW_004450050.1
triMan1:AHIN01166282	AHIN01166282			AHIN01166282.1	NW_004450051.1
triMan1:AHIN01166283	AHIN01166283			AHIN01166283.1	NW_004450052.1
triMan1:AHIN01166284	AHIN01166284			AHIN01166284.1	NW_004450053.1
triMan1:AHIN01166285	AHIN01166285			AHIN01166285.1	NW_004450054.1
triMan1:AHIN01166286	AHIN01166286			AHIN01166286.1	NW_004450055.1
triMan1:AHIN01166287	AHIN01166287			AHIN01166287.1	NW_004450056.1
triMan1:AHIN01166288	AHIN01166288			AHIN01166288.1	NW_004450057.1
triMan1:AHIN01166289	AHIN01166289			AHIN01166289.1	NW_004450058.1
triMan1:AHIN01166290	AHIN01166290			AHIN01166290.1	NW_004450059.1
triMan1:AHIN01166291	AHIN01166291			AHIN01166291.1	NW_004450060.1
triMan1:AHIN01166292	AHIN01166292			AHIN01166292.1	NW_004450061.1
triMan1:AHIN01166293	AHIN01166293			AHIN01166293.1	NW_004450062.1
triMan1:AHIN01166294	AHIN01166294			AHIN01166294.1	NW_004450063.1
triMan1:AHIN01166295	AHIN01166295			AHIN01166295.1	NW_004450064.1
triMan1:AHIN01166296	AHIN01166296			AHIN01166296.1	NW_004450065.1
triMan1:AHIN01166297	AHIN01166297			AHIN01166297.1	NW_004450066.1
triMan1:AHIN01166298	AHIN01166298			AHIN01166298.1	NW_004450067.1
triMan1:AHIN01166299	AHIN01166299			AHIN01166299.1	NW_004450068.1
triMan1:AHIN01166300	AHIN01166300			AHIN01166300.1	NW_004450069.1
triMan1:AHIN01166301	AHIN01166301			AHIN01166301.1	NW_004450070.1
triMan1:AHIN01166302	AHIN01166302			AHIN01166302.1	NW_004450071.1
triMan1:AHIN01166303	AHIN01166303			AHIN01166303.1	NW_004450072.1
triMan1:AHIN01166304	AHIN01166304			AHIN01166304.1	NW_004450073.1
triMan1:AHIN01166305	AHIN01166305			AHIN01166305.1	NW_004450074.1
triMan1:AHIN01166306	AHIN01166306			AHIN01166306.1	NW_004450075.1
triMan1:AHIN01166307	AHIN01166307			AHIN01166307.1	NW_004450076.1
triMan1:AHIN01166308	AHIN01166308			AHIN01166308.1	NW_004450077.1
triMan1:AHIN01166309	AHIN01166309			AHIN01166309.1	NW_004450078.1
triMan1:AHIN01166310	AHIN01166310			AHIN01166310.1	NW_004450079.1
triMan1:AHIN01166311	AHIN01166311			AHIN01166311.1	NW_004450080.1
triMan1:AHIN01166312	AHIN01166312			AHIN01166312.1	NW_004450081.1
triMan1:AHIN01166313	AHIN01166313			AHIN01166313.1	NW_004450082.1
triMan1:AHIN01166314	AHIN01166314			AHIN01166314.1	NW_004450083.1
triMan1:AHIN01166315	AHIN01166315			AHIN01166315.1	NW_004450084.1
triMan1:AHIN01166316	AHIN01166316			AHIN01166316.1	NW_004450085.1
triMan1:AHIN01166317	AHIN01166317			AHIN01166317.1	NW_004450086.1
triMan1:AHIN01166318	AHIN01166318			AHIN01166318.1	NW_004450087.1
triMan1:AHIN01166319	AHIN01166319			AHIN01166319.1	NW_004450088.1
triMan1:AHIN01166320	AHIN01166320			AHIN01166320.1	NW_004450089.1
triMan1:AHIN01166321	AHIN01166321			AHIN01166321.1	NW_004450090.1
triMan1:AHIN01166322	AHIN01166322			AHIN01166322.1	NW_004450091.1
triMan1:AHIN01166323	AHIN01166323			AHIN01166323.1	NW_004450092.1
triMan1:AHIN01166324	AHIN01166324			AHIN01166324.1	NW_004450093.1
triMan1:AHIN01166325	AHIN01166325			AHIN01166325.1	NW_004450094.1
triMan1:AHIN01166326	AHIN01166326			AHIN01166326.1	NW_004450095.1
triMan1:AHIN01166327	AHIN01166327			AHIN01166327.1	NW_004450096.1
triMan1:AHIN01166328	AHIN01166328			AHIN01166328.1	NW_004450097.1
triMan1:AHIN01166329	AHIN01166329			AHIN01166329.1	NW_004450098.1
triMan1:AHIN01166330	AHIN01166330			AHIN01166330.1	NW_004450099.1
triMan1:AHIN01166331	AHIN01166331			AHIN01166331.1	NW_004450100.1
triMan1:AHIN01166332	AHIN01166332			AHIN01166332.1	NW_004450101.1
triMan1:AHIN01166333	AHIN01166333			AHIN01166333.1	NW_004450102.1
triMan1:AHIN01166334	AHIN01166334			AHIN01166334.1	NW_004450103.1
triMan1:AHIN01166335	AHIN01166335			AHIN01166335.1	NW_004450104.1
triMan1:AHIN01166336	AHIN01166336			AHIN01166336.1	NW_004450105.1
triMan1:AHIN01166337	AHIN01166337			AHIN01166337.1	NW_004450106.1
triMan1:AHIN01166338	AHIN01166338			AHIN01166338.1	NW_004450107.1
triMan1:AHIN01166339	AHIN01166339			AHIN01166339.1	NW_004450108.1
triMan1:AHIN01166340	AHIN01166340			AHIN01166340.1	NW_004450109.1
triMan1:AHIN01166341	AHIN01166341			AHIN01166341.1	NW_004450110.1
triMan1:AHIN01166342	AHIN01166342			AHIN01166342.1	NW_004450111.1
triMan1:AHIN01166343	AHIN01166343			AHIN01166343.1	NW_004450112.1
triMan1:AHIN01166344	AHIN01166344			AHIN01166344.1	NW_004450113.1
triMan1:AHIN01166345	AHIN01166345			AHIN01166345.1	NW_004450114.1
triMan1:AHIN01166346	AHIN01166346			AHIN01166346.1	NW_004450115.1
triMan1:AHIN01166347	AHIN01166347			AHIN01166347.1	NW_004450116.1
triMan1:AHIN01166348	AHIN01166348			AHIN01166348.1	NW_004450117.1
triMan1:AHIN01166349	AHIN01166349			AHIN01166349.1	NW_004450118.1
triMan1:AHIN01166350	AHIN01166350			AHIN01166350.1	NW_004450119.1
triMan1:AHIN01166351	AHIN01166351			AHIN01166351.1	NW_004450120.1
triMan1:AHIN01166352	AHIN01166352			AHIN01166352.1	NW_004450121.1
triMan1:AHIN01166353	AHIN01166353			AHIN01166353.1	NW_004450122.1
triMan1:AHIN01166354	AHIN01166354			AHIN01166354.1	NW_004450123.1
triMan1:AHIN01166355	AHIN01166355			AHIN01166355.1	NW_004450124.1
triMan1:AHIN01166356	AHIN01166356			AHIN01166356.1	NW_004450125.1
triMan1:AHIN01166357	AHIN01166357			AHIN01166357.1	NW_004450126.1
triMan1:AHIN01166358	AHIN01166358			AHIN01166358.1	NW_004450127.1
triMan1:AHIN01166359	AHIN01166359			AHIN01166359.1	NW_004450128.1
triMan1:AHIN01166360	AHIN01166360			AHIN01166360.1	NW_004450129.1
triMan1:AHIN01166361	AHIN01166361			AHIN01166361.1	NW_004450130.1
triMan1:AHIN01166362	AHIN01166362			AHIN01166362.1	NW_004450131.1
triMan1:AHIN01166363	AHIN01166363			AHIN01166363.1	NW_004450132.1
triMan1:AHIN01166364	AHIN01166364			AHIN01166364.1	NW_004450133.1
triMan1:AHIN01166365	AHIN01166365			AHIN01166365.1	NW_004450134.1
triMan1:AHIN01166366	AHIN01166366			AHIN01166366.1	NW_004450135.1
triMan1:AHIN01166367	AHIN01166367			AHIN01166367.1	NW_004450136.1
triMan1:AHIN01166368	AHIN01166368			AHIN01166368.1	NW_004450137.1
triMan1:AHIN01166369	AHIN01166369			AHIN01166369.1	NW_004450138.1
triMan1:AHIN01166370	AHIN01166370			AHIN01166370.1	NW_004450139.1
triMan1:AHIN01166371	AHIN01166371			AHIN01166371.1	NW_004450140.1
triMan1:AHIN01166372	AHIN01166372			AHIN01166372.1	NW_004450141.1
triMan1:AHIN01166373	AHIN01166373			AHIN01166373.1	NW_004450142.1
triMan1:AHIN01166374	AHIN01166374			AHIN01166374.1	NW_004450143.1
triMan1:AHIN01166375	AHIN01166375			AHIN01166375.1	NW_004450144.1
triMan1:AHIN01166376	AHIN01166376			AHIN01166376.1	NW_004450145.1
triMan1:AHIN01166377	AHIN01166377			AHIN01166377.1	NW_004450146.1
triMan1:AHIN01166378	AHIN01166378			AHIN01166378.1	NW_004450147.1
triMan1:AHIN01166379	AHIN01166379			AHIN01166379.1	NW_004450148.1
triMan1:AHIN01166380	AHIN01166380			AHIN01166380.1	NW_004450149.1
triMan1:AHIN01166381	AHIN01166381			AHIN01166381.1	NW_004450150.1
triMan1:AHIN01166382	AHIN01166382			AHIN01166382.1	NW_004450151.1
triMan1:AHIN01166383	AHIN01166383			AHIN01166383.1	NW_004450152.1
triMan1:AHIN01166384	AHIN01166384			AHIN01166384.1	NW_004450153.1
triMan1:AHIN01166385	AHIN01166385			AHIN01166385.1	NW_004450154.1
triMan1:AHIN01166386	AHIN01166386			AHIN01166386.1	NW_004450155.1
triMan1:AHIN01166387	AHIN01166387			AHIN01166387.1	NW_004450156.1
triMan1:AHIN01166388	AHIN01166388			AHIN01166388.1	NW_004450157.1
triMan1:AHIN01166389	AHIN01166389			AHIN01166389.1	NW_004450158.1
triMan1:AHIN01166390	AHIN01166390			AHIN01166390.1	NW_004450159.1
triMan1:AHIN01166391	AHIN01166391			AHIN01166391.1	NW_004450160.1
triMan1:AHIN01166392	AHIN01166392			AHIN01166392.1	NW_004450161.1
triMan1:AHIN01166393	AHIN01166393			AHIN01166393.1	NW_004450162.1
triMan1:AHIN01166394	AHIN01166394			AHIN01166394.1	NW_004450163.1
triMan1:AHIN01166395	AHIN01166395			AHIN01166395.1	NW_004450164.1
triMan1:AHIN01166396	AHIN01166396			AHIN01166396.1	NW_004450165.1
triMan1:AHIN01166397	AHIN01166397			AHIN01166397.1	NW_004450166.1
triMan1:AHIN01166398	AHIN01166398			AHIN01166398.1	NW_004450167.1
triMan1:AHIN01166399	AHIN01166399			AHIN01166399.1	NW_004450168.1
triMan1:AHIN01166400	AHIN01166400			AHIN01166400.1	NW_004450169.1
triMan1:AHIN01166401	AHIN01166401			AHIN01166401.1	NW_004450170.1
triMan1:AHIN01166402	AHIN01166402			AHIN01166402.1	NW_004450171.1
triMan1:AHIN01166403	AHIN01166403			AHIN01166403.1	NW_004450172.1
triMan1:AHIN01166404	AHIN01166404			AHIN01166404.1	NW_004450173.1
triMan1:AHIN01166405	AHIN01166405			AHIN01166405.1	NW_004450174.1
triMan1:AHIN01166406	AHIN01166406			AHIN01166406.1	NW_004450175.1
triMan1:AHIN01166407	AHIN01166407			AHIN01166407.1	NW_004450176.1
triMan1:AHIN01166408	AHIN01166408			AHIN01166408.1	NW_004450177.1
triMan1:AHIN01166409	AHIN01166409			AHIN01166409.1	NW_004450178.1
triMan1:AHIN01166410	AHIN01166410			AHIN01166410.1	NW_004450179.1
triMan1:AHIN01166411	AHIN01166411			AHIN01166411.1	NW_004450180.1
triMan1:AHIN01166412	AHIN01166412			AHIN01166412.1	NW_004450181.1
triMan1:AHIN01166413	AHIN01166413			AHIN01166413.1	NW_004450182.1
triMan1:AHIN01166414	AHIN01166414			AHIN01166414.1	NW_004450183.1
triMan1:AHIN01166415	AHIN01166415			AHIN01166415.1	NW_004450184.1
triMan1:AHIN01166416	AHIN01166416			AHIN01166416.1	NW_004450185.1
triMan1:AHIN01166417	AHIN01166417			AHIN01166417.1	NW_004450186.1
triMan1:AHIN01166418	AHIN01166418			AHIN01166418.1	NW_004450187.1
triMan1:AHIN01166419	AHIN01166419			AHIN01166419.1	NW_004450188.1
triMan1:AHIN01166420	AHIN01166420			AHIN01166420.1	NW_004450189.1
triMan1:AHIN01166421	AHIN01166421			AHIN01166421.1	NW_004450190.1
triMan1:AHIN01166422	AHIN01166422			AHIN01166422.1	NW_004450191.1
triMan1:AHIN01166423	AHIN01166423			AHIN01166423.1	NW_004450192.1
triMan1:AHIN01166424	AHIN01166424			AHIN01166424.1	NW_004450193.1
triMan1:AHIN01166425	AHIN01166425			AHIN01166425.1	NW_004450194.1
triMan1:AHIN01166426	AHIN01166426			AHIN01166426.1	NW_004450195.1
triMan1:AHIN01166427	AHIN01166427			AHIN01166427.1	NW_004450196.1
triMan1:AHIN01166428	AHIN01166428			AHIN01166428.1	NW_004450197.1
triMan1:AHIN01166429	AHIN01166429			AHIN01166429.1	NW_004450198.1
triMan1:AHIN01166430	AHIN01166430			AHIN01166430.1	NW_004450199.1
triMan1:AHIN01166431	AHIN01166431			AHIN01166431.1	NW_004450200.1
triMan1:AHIN01166432	AHIN01166432			AHIN01166432.1	NW_004450201.1
triMan1:AHIN01166433	AHIN01166433			AHIN01166433.1	NW_004450202.1
triMan1:AHIN01166434	AHIN01166434			AHIN01166434.1	NW_004450203.1
triMan1:AHIN01166435	AHIN01166435			AHIN01166435.1	NW_004450204.1
triMan1:AHIN01166436	AHIN01166436			AHIN01166436.1	NW_004450205.1
triMan1:AHIN01166437	AHIN01166437			AHIN01166437.1	NW_004450206.1
triMan1:AHIN01166438	AHIN01166438			AHIN01166438.1	NW_004450207.1
triMan1:AHIN01166439	AHIN01166439			AHIN01166439.1	NW_004450208.1
triMan1:AHIN01166440	AHIN01166440			AHIN01166440.1	NW_004450209.1
triMan1:AHIN01166441	AHIN01166441			AHIN01166441.1	NW_004450210.1
triMan1:AHIN01166442	AHIN01166442			AHIN01166442.1	NW_004450211.1
triMan1:AHIN01166443	AHIN01166443			AHIN01166443.1	NW_004450212.1
triMan1:AHIN01166444	AHIN01166444			AHIN01166444.1	NW_004450213.1
triMan1:AHIN01166445	AHIN01166445			AHIN01166445.1	NW_004450214.1
triMan1:AHIN01166446	AHIN01166446			AHIN01166446.1	NW_004450215.1
triMan1:AHIN01166447	AHIN01166447			AHIN01166447.1	NW_004450216.1
triMan1:AHIN01166448	AHIN01166448			AHIN01166448.1	NW_004450217.1
triMan1:AHIN01166449	AHIN01166449			AHIN01166449.1	NW_004450218.1
triMan1:AHIN01166450	AHIN01166450			AHIN01166450.1	NW_004450219.1
triMan1:AHIN01166451	AHIN01166451			AHIN01166451.1	NW_004450220.1
triMan1:AHIN01166452	AHIN01166452			AHIN01166452.1	NW_004450221.1
triMan1:AHIN01166453	AHIN01166453			AHIN01166453.1	NW_004450222.1
triMan1:AHIN01166454	AHIN01166454			AHIN01166454.1	NW_004450223.1
triMan1:AHIN01166455	AHIN01166455			AHIN01166455.1	NW_004450224.1
triMan1:AHIN01166456	AHIN01166456			AHIN01166456.1	NW_004450225.1
triMan1:AHIN01166457	AHIN01166457			AHIN01166457.1	NW_004450226.1
triMan1:AHIN01166458	AHIN01166458			AHIN01166458.1	NW_004450227.1
triMan1:AHIN01166459	AHIN01166459			AHIN01166459.1	NW_004450228.1
triMan1:AHIN01166460	AHIN01166460			AHIN01166460.1	NW_004450229.1
triMan1:AHIN01166461	AHIN01166461			AHIN01166461.1	NW_004450230.1
triMan1:AHIN01166462	AHIN01166462			AHIN01166462.1	NW_004450231.1
triMan1:AHIN01166463	AHIN01166463			AHIN01166463.1	NW_004450232.1
triMan1:AHIN01166464	AHIN01166464			AHIN01166464.1	NW_004450233.1
triMan1:AHIN01166465	AHIN01166465			AHIN01166465.1	NW_004450234.1
triMan1:AHIN01166466	AHIN01166466			AHIN01166466.1	NW_004450235.1
triMan1:AHIN01166467	AHIN01166467			AHIN01166467.1	NW_004450236.1
triMan1:AHIN01166468	AHIN01166468			AHIN01166468.1	NW_004450237.1
triMan1:AHIN01166469	AHIN01166469			AHIN01166469.1	NW_004450238.1
triMan1:AHIN01166470	AHIN01166470			AHIN01166470.1	NW_004450239.1
triMan1:AHIN01166471	AHIN01166471			AHIN01166471.1	NW_004450240.1
triMan1:AHIN01166472	AHIN01166472			AHIN01166472.1	NW_004450241.1
triMan1:AHIN01166473	AHIN01166473			AHIN01166473.1	NW_004450242.1
triMan1:AHIN01166474	AHIN01166474			AHIN01166474.1	NW_004450243.1
triMan1:AHIN01166475	AHIN01166475			AHIN01166475.1	NW_004450244.1
triMan1:AHIN01166476	AHIN01166476			AHIN01166476.1	NW_004450245.1
triMan1:AHIN01166477	AHIN01166477			AHIN01166477.1	NW_004450246.1
triMan1:AHIN01166478	AHIN01166478			AHIN01166478.1	NW_004450247.1
triMan1:AHIN01166479	AHIN01166479			AHIN01166479.1	NW_004450248.1
triMan1:AHIN01166480	AHIN01166480			AHIN01166480.1	NW_004450249.1
triMan1:AHIN01166481	AHIN01166481			AHIN01166481.1	NW_004450250.1
triMan1:AHIN01166482	AHIN01166482			AHIN01166482.1	NW_004450251.1
triMan1:AHIN01166483	AHIN01166483			AHIN01166483.1	NW_004450252.1
triMan1:AHIN01166484	AHIN01166484			AHIN01166484.1	NW_004450253.1
triMan1:AHIN01166485	AHIN01166485			AHIN01166485.1	NW_004450254.1
triMan1:AHIN01166486	AHIN01166486			AHIN01166486.1	NW_004450255.1
triMan1:AHIN01166487	AHIN01166487			AHIN01166487.1	NW_004450256.1
triMan1:AHIN01166488	AHIN01166488			AHIN01166488.1	NW_004450257.1
triMan1:AHIN01166489	AHIN01166489			AHIN01166489.1	NW_004450258.1
triMan1:JH594607	JH594607			JH594607.1	NW_004443937.1
triMan1:JH594608	JH594608			JH594608.1	NW_004443938.1
triMan1:JH594609	JH594609			JH594609.1	NW_004443939.1
triMan1:JH594610	JH594610			JH594610.1	NW_004443940.1
triMan1:JH594611	JH594611			JH594611.1	NW_004443941.1
triMan1:JH594612	JH594612			JH594612.1	NW_004443942.1
triMan1:JH594613	JH594613			JH594613.1	NW_004443943.1
triMan1:JH594614	JH594614			JH594614.1	NW_004443944.1
triMan1:JH594615	JH594615			JH594615.1	NW_004443945.1
triMan1:JH594616	JH594616			JH594616.1	NW_004443946.1
triMan1:JH594617	JH594617			JH594617.1	NW_004443947.1
triMan1:JH594618	JH594618			JH594618.1	NW_004443948.1
triMan1:JH594619	JH594619			JH594619.1	NW_004443949.1
triMan1:JH594620	JH594620			JH594620.1	NW_004443950.1
triMan1:JH594621	JH594621			JH594621.1	NW_004443951.1
triMan1:JH594622	JH594622			JH594622.1	NW_004443952.1
triMan1:JH594623	JH594623			JH594623.1	NW_004443953.1
triMan1:JH594624	JH594624			JH594624.1	NW_004443954.1
triMan1:JH594625	JH594625			JH594625.1	NW_004443955.1
triMan1:JH594626	JH594626			JH594626.1	NW_004443956.1
triMan1:JH594627	JH594627			JH594627.1	NW_004443957.1
triMan1:JH594628	JH594628			JH594628.1	NW_004443958.1
triMan1:JH594629	JH594629			JH594629.1	NW_004443959.1
triMan1:JH594630	JH594630			JH594630.1	NW_004443960.1
triMan1:JH594631	JH594631			JH594631.1	NW_004443961.1
triMan1:JH594632	JH594632			JH594632.1	NW_004443962.1
triMan1:JH594633	JH594633			JH594633.1	NW_004443963.1
triMan1:JH594634	JH594634			JH594634.1	NW_004443964.1
triMan1:JH594635	JH594635			JH594635.1	NW_004443965.1
triMan1:JH594636	JH594636			JH594636.1	NW_004443966.1
triMan1:JH594637	JH594637			JH594637.1	NW_004443967.1
triMan1:JH594638	JH594638			JH594638.1	NW_004443968.1
triMan1:JH594639	JH594639			JH594639.1	NW_004443969.1
triMan1:JH594640	JH594640			JH594640.1	NW_004443970.1
triMan1:JH594641	JH594641			JH594641.1	NW_004443971.1
triMan1:JH594642	JH594642			JH594642.1	NW_004443972.1
triMan1:JH594643	JH594643			JH594643.1	NW_004443973.1
triMan1:JH594644	JH594644			JH594644.1	NW_004443974.1
triMan1:JH594645	JH594645			JH594645.1	NW_004443975.1
triMan1:JH594646	JH594646			JH594646.1	NW_004443976.1
triMan1:JH594647	JH594647			JH594647.1	NW_004443977.1
triMan1:JH594648	JH594648			JH594648.1	NW_004443978.1
triMan1:JH594649	JH594649			JH594649.1	NW_004443979.1
triMan1:JH594650	JH594650			JH594650.1	NW_004443980.1
triMan1:JH594651	JH594651			JH594651.1	NW_004443981.1
triMan1:JH594652	JH594652			JH594652.1	NW_004443982.1
triMan1:JH594653	JH594653			JH594653.1	NW_004443983.1
triMan1:JH594654	JH594654			JH594654.1	NW_004443984.1
triMan1:JH594655	JH594655			JH594655.1	NW_004443985.1
triMan1:JH594656	JH594656			JH594656.1	NW_004443986.1
triMan1:JH594657	JH594657			JH594657.1	NW_004443987.1
triMan1:JH594658	JH594658			JH594658.1	NW_004443988.1
triMan1:JH594659	JH594659			JH594659.1	NW_004443989.1
triMan1:JH594660	JH594660			JH594660.1	NW_004443990.1
triMan1:JH594661	JH594661			JH594661.1	NW_004443991.1
triMan1:JH594662	JH594662			JH594662.1	NW_004443992.1
triMan1:JH594663	JH594663			JH594663.1	NW_004443993.1
triMan1:JH594664	JH594664			JH594664.1	NW_004443994.1
triMan1:JH594665	JH594665			JH594665.1	NW_004443995.1
triMan1:JH594666	JH594666			JH594666.1	NW_004443996.1
triMan1:JH594667	JH594667			JH594667.1	NW_004443997.1
triMan1:JH594668	JH594668			JH594668.1	NW_004443998.1
triMan1:JH594669	JH594669			JH594669.1	NW_004443999.1
triMan1:JH594670	JH594670			JH594670.1	NW_004444000.1
triMan1:JH594671	JH594671			JH594671.1	NW_004444001.1
triMan1:JH594672	JH594672			JH594672.1	NW_004444002.1
triMan1:JH594673	JH594673			JH594673.1	NW_004444003.1
triMan1:JH594674	JH594674			JH594674.1	NW_004444004.1
triMan1:JH594675	JH594675			JH594675.1	NW_004444005.1
triMan1:JH594676	JH594676			JH594676.1	NW_004444006.1
triMan1:JH594677	JH594677			JH594677.1	NW_004444007.1
triMan1:JH594678	JH594678			JH594678.1	NW_004444008.1
triMan1:JH594679	JH594679			JH594679.1	NW_004444009.1
triMan1:JH594680	JH594680			JH594680.1	NW_004444010.1
triMan1:JH594681	JH594681			JH594681.1	NW_004444011.1
triMan1:JH594682	JH594682			JH594682.1	NW_004444012.1
triMan1:JH594683	JH594683			JH594683.1	NW_004444013.1
triMan1:JH594684	JH594684			JH594684.1	NW_004444014.1
triMan1:JH594685	JH594685			JH594685.1	NW_004444015.1
triMan1:JH594686	JH594686			JH594686.1	NW_004444016.1
triMan1:JH594687	JH594687			JH594687.1	NW_004444017.1
triMan1:JH594688	JH594688			JH594688.1	NW_004444018.1
triMan1:JH594689	JH594689			JH594689.1	NW_004444019.1
triMan1:JH594690	JH594690			JH594690.1	NW_004444020.1
triMan1:JH594691	JH594691			JH594691.1	NW_004444021.1
triMan1:JH594692	JH594692			JH594692.1	NW_004444022.1
triMan1:JH594693	JH594693			JH594693.1	NW_004444023.1
triMan1:JH594694	JH594694			JH594694.1	NW_004444024.1
triMan1:JH594695	JH594695			JH594695.1	NW_004444025.1
triMan1:JH594696	JH594696			JH594696.1	NW_004444026.1
triMan1:JH594697	JH594697			JH594697.1	NW_004444027.1
triMan1:JH594698	JH594698			JH594698.1	NW_004444028.1
triMan1:JH594699	JH594699			JH594699.1	NW_004444029.1
triMan1:JH594700	JH594700			JH594700.1	NW_004444030.1
triMan1:JH594701	JH594701			JH594701.1	NW_004444031.1
triMan1:JH594702	JH594702			JH594702.1	NW_004444032.1
triMan1:JH594703	JH594703			JH594703.1	NW_004444033.1
triMan1:JH594704	JH594704			JH594704.1	NW_004444034.1
triMan1:JH594705	JH594705			JH594705.1	NW_004444035.1
triMan1:JH594706	JH594706			JH594706.1	NW_004444036.1
triMan1:JH594707	JH594707			JH594707.1	NW_004444037.1
triMan1:JH594708	JH594708			JH594708.1	NW_004444038.1
triMan1:JH594709	JH594709			JH594709.1	NW_004444039.1
triMan1:JH594710	JH594710			JH594710.1	NW_004444040.1
triMan1:JH594711	JH594711			JH594711.1	NW_004444041.1
triMan1:JH594712	JH594712			JH594712.1	NW_004444042.1
triMan1:JH594713	JH594713			JH594713.1	NW_004444043.1
triMan1:JH594714	JH594714			JH594714.1	NW_004444044.1
triMan1:JH594715	JH594715			JH594715.1	NW_004444045.1
triMan1:JH594716	JH594716			JH594716.1	NW_004444046.1
triMan1:JH594717	JH594717			JH594717.1	NW_004444047.1
triMan1:JH594718	JH594718			JH594718.1	NW_004444048.1
triMan1:JH594719	JH594719			JH594719.1	NW_004444049.1
triMan1:JH594720	JH594720			JH594720.1	NW_004444050.1
triMan1:JH594721	JH594721			JH594721.1	NW_004444051.1
triMan1:JH594722	JH594722			JH594722.1	NW_004444052.1
triMan1:JH594723	JH594723			JH594723.1	NW_004444053.1
triMan1:JH594724	JH594724			JH594724.1	NW_004444054.1
triMan1:JH594725	JH594725			JH594725.1	NW_004444055.1
triMan1:JH594726	JH594726			JH594726.1	NW_004444056.1
triMan1:JH594727	JH594727			JH594727.1	NW_004444057.1
triMan1:JH594728	JH594728			JH594728.1	NW_004444058.1
triMan1:JH594729	JH594729			JH594729.1	NW_004444059.1
triMan1:JH594730	JH594730			JH594730.1	NW_004444060.1
triMan1:JH594731	JH594731			JH594731.1	NW_004444061.1
triMan1:JH594732	JH594732			JH594732.1	NW_004444062.1
triMan1:JH594733	JH594733			JH594733.1	NW_004444063.1
triMan1:JH594734	JH594734			JH594734.1	NW_004444064.1
triMan1:JH594735	JH594735			JH594735.1	NW_004444065.1
triMan1:JH594736	JH594736			JH594736.1	NW_004444066.1
triMan1:JH594737	JH594737			JH594737.1	NW_004444067.1
triMan1:JH594738	JH594738			JH594738.1	NW_004444068.1
triMan1:JH594739	JH594739			JH594739.1	NW_004444069.1
triMan1:JH594740	JH594740			JH594740.1	NW_004444070.1
triMan1:JH594741	JH594741			JH594741.1	NW_004444071.1
triMan1:JH594742	JH594742			JH594742.1	NW_004444072.1
triMan1:JH594743	JH594743			JH594743.1	NW_004444073.1
triMan1:JH594744	JH594744			JH594744.1	NW_004444074.1
triMan1:JH594745	JH594745			JH594745.1	NW_004444075.1
triMan1:JH594746	JH594746			JH594746.1	NW_004444076.1
triMan1:JH594747	JH594747			JH594747.1	NW_004444077.1
triMan1:JH594748	JH594748			JH594748.1	NW_004444078.1
triMan1:JH594749	JH594749			JH594749.1	NW_004444079.1
triMan1:JH594750	JH594750			JH594750.1	NW_004444080.1
triMan1:JH594751	JH594751			JH594751.1	NW_004444081.1
triMan1:JH594752	JH594752			JH594752.1	NW_004444082.1
triMan1:JH594753	JH594753			JH594753.1	NW_004444083.1
triMan1:JH594754	JH594754			JH594754.1	NW_004444084.1
triMan1:JH594755	JH594755			JH594755.1	NW_004444085.1
triMan1:JH594756	JH594756			JH594756.1	NW_004444086.1
triMan1:JH594757	JH594757			JH594757.1	NW_004444087.1
triMan1:JH594758	JH594758			JH594758.1	NW_004444088.1
triMan1:JH594759	JH594759			JH594759.1	NW_004444089.1
triMan1:JH594760	JH594760			JH594760.1	NW_004444090.1
triMan1:JH594761	JH594761			JH594761.1	NW_004444091.1
triMan1:JH594762	JH594762			JH594762.1	NW_004444092.1
triMan1:JH594763	JH594763			JH594763.1	NW_004444093.1
triMan1:JH594764	JH594764			JH594764.1	NW_004444094.1
triMan1:JH594765	JH594765			JH594765.1	NW_004444095.1
triMan1:JH594766	JH594766			JH594766.1	NW_004444096.1
triMan1:JH594767	JH594767			JH594767.1	NW_004444097.1
triMan1:JH594768	JH594768			JH594768.1	NW_004444098.1
triMan1:JH594769	JH594769			JH594769.1	NW_004444099.1
triMan1:JH594770	JH594770			JH594770.1	NW_004444100.1
triMan1:JH594771	JH594771			JH594771.1	NW_004444101.1
triMan1:JH594772	JH594772			JH594772.1	NW_004444102.1
triMan1:JH594773	JH594773			JH594773.1	NW_004444103.1
triMan1:JH594774	JH594774			JH594774.1	NW_004444104.1
triMan1:JH594775	JH594775			JH594775.1	NW_004444105.1
triMan1:JH594776	JH594776			JH594776.1	NW_004444106.1
triMan1:JH594777	JH594777			JH594777.1	NW_004444107.1
triMan1:JH594778	JH594778			JH594778.1	NW_004444108.1
triMan1:JH594779	JH594779			JH594779.1	NW_004444109.1
triMan1:JH594780	JH594780			JH594780.1	NW_004444110.1
triMan1:JH594781	JH594781			JH594781.1	NW_004444111.1
triMan1:JH594782	JH594782			JH594782.1	NW_004444112.1
triMan1:JH594783	JH594783			JH594783.1	NW_004444113.1
triMan1:JH594784	JH594784			JH594784.1	NW_004444114.1
triMan1:JH594785	JH594785			JH594785.1	NW_004444115.1
triMan1:JH594786	JH594786			JH594786.1	NW_004444116.1
triMan1:JH594787	JH594787			JH594787.1	NW_004444117.1
triMan1:JH594788	JH594788			JH594788.1	NW_004444118.1
triMan1:JH594789	JH594789			JH594789.1	NW_004444119.1
triMan1:JH594790	JH594790			JH594790.1	NW_004444120.1
triMan1:JH594791	JH594791			JH594791.1	NW_004444121.1
triMan1:JH594792	JH594792			JH594792.1	NW_004444122.1
triMan1:JH594793	JH594793			JH594793.1	NW_004444123.1
triMan1:JH594794	JH594794			JH594794.1	NW_004444124.1
triMan1:JH594795	JH594795			JH594795.1	NW_004444125.1
triMan1:JH594796	JH594796			JH594796.1	NW_004444126.1
triMan1:JH594797	JH594797			JH594797.1	NW_004444127.1
triMan1:JH594798	JH594798			JH594798.1	NW_004444128.1
triMan1:JH594799	JH594799			JH594799.1	NW_004444129.1
triMan1:JH594800	JH594800			JH594800.1	NW_004444130.1
triMan1:JH594801	JH594801			JH594801.1	NW_004444131.1
triMan1:JH594802	JH594802			JH594802.1	NW_004444132.1
triMan1:JH594803	JH594803			JH594803.1	NW_004444133.1
triMan1:JH594804	JH594804			JH594804.1	NW_004444134.1
triMan1:JH594805	JH594805			JH594805.1	NW_004444135.1
triMan1:JH594806	JH594806			JH594806.1	NW_004444136.1
triMan1:JH594807	JH594807			JH594807.1	NW_004444137.1
triMan1:JH594808	JH594808			JH594808.1	NW_004444138.1
triMan1:JH594809	JH594809			JH594809.1	NW_004444139.1
triMan1:JH594810	JH594810			JH594810.1	NW_004444140.1
triMan1:JH594811	JH594811			JH594811.1	NW_004444141.1
triMan1:JH594812	JH594812			JH594812.1	NW_004444142.1
triMan1:JH594813	JH594813			JH594813.1	NW_004444143.1
triMan1:JH594814	JH594814			JH594814.1	NW_004444144.1
triMan1:JH594815	JH594815			JH594815.1	NW_004444145.1
triMan1:JH594816	JH594816			JH594816.1	NW_004444146.1
triMan1:JH594817	JH594817			JH594817.1	NW_004444147.1
triMan1:JH594818	JH594818			JH594818.1	NW_004444148.1
triMan1:JH594819	JH594819			JH594819.1	NW_004444149.1
triMan1:JH594820	JH594820			JH594820.1	NW_004444150.1
triMan1:JH594821	JH594821			JH594821.1	NW_004444151.1
triMan1:JH594822	JH594822			JH594822.1	NW_004444152.1
triMan1:JH594823	JH594823			JH594823.1	NW_004444153.1
triMan1:JH594824	JH594824			JH594824.1	NW_004444154.1
triMan1:JH594825	JH594825			JH594825.1	NW_004444155.1
triMan1:JH594826	JH594826			JH594826.1	NW_004444156.1
triMan1:JH594827	JH594827			JH594827.1	NW_004444157.1
triMan1:JH594828	JH594828			JH594828.1	NW_004444158.1
triMan1:JH594829	JH594829			JH594829.1	NW_004444159.1
triMan1:JH594830	JH594830			JH594830.1	NW_004444160.1
triMan1:JH594831	JH594831			JH594831.1	NW_004444161.1
triMan1:JH594832	JH594832			JH594832.1	NW_004444162.1
triMan1:JH594833	JH594833			JH594833.1	NW_004444163.1
triMan1:JH594834	JH594834			JH594834.1	NW_004444164.1
triMan1:JH594835	JH594835			JH594835.1	NW_004444165.1
triMan1:JH594836	JH594836			JH594836.1	NW_004444166.1
triMan1:JH594837	JH594837			JH594837.1	NW_004444167.1
triMan1:JH594838	JH594838			JH594838.1	NW_004444168.1
triMan1:JH594839	JH594839			JH594839.1	NW_004444169.1
triMan1:JH594840	JH594840			JH594840.1	NW_004444170.1
triMan1:JH594841	JH594841			JH594841.1	NW_004444171.1
triMan1:JH594842	JH594842			JH594842.1	NW_004444172.1
triMan1:JH594843	JH594843			JH594843.1	NW_004444173.1
triMan1:JH594844	JH594844			JH594844.1	NW_004444174.1
triMan1:JH594845	JH594845			JH594845.1	NW_004444175.1
triMan1:JH594846	JH594846			JH594846.1	NW_004444176.1
triMan1:JH594847	JH594847			JH594847.1	NW_004444177.1
triMan1:JH594848	JH594848			JH594848.1	NW_004444178.1
triMan1:JH594849	JH594849			JH594849.1	NW_004444179.1
triMan1:JH594850	JH594850			JH594850.1	NW_004444180.1
triMan1:JH594851	JH594851			JH594851.1	NW_004444181.1
triMan1:JH594852	JH594852			JH594852.1	NW_004444182.1
triMan1:JH594853	JH594853			JH594853.1	NW_004444183.1
triMan1:JH594854	JH594854			JH594854.1	NW_004444184.1
triMan1:JH594855	JH594855			JH594855.1	NW_004444185.1
triMan1:JH594856	JH594856			JH594856.1	NW_004444186.1
triMan1:JH594857	JH594857			JH594857.1	NW_004444187.1
triMan1:JH594858	JH594858			JH594858.1	NW_004444188.1
triMan1:JH594859	JH594859			JH594859.1	NW_004444189.1
triMan1:JH594860	JH594860			JH594860.1	NW_004444190.1
triMan1:JH594861	JH594861			JH594861.1	NW_004444191.1
triMan1:JH594862	JH594862			JH594862.1	NW_004444192.1
triMan1:JH594863	JH594863			JH594863.1	NW_004444193.1
triMan1:JH594864	JH594864			JH594864.1	NW_004444194.1
triMan1:JH594865	JH594865			JH594865.1	NW_004444195.1
triMan1:JH594866	JH594866			JH594866.1	NW_004444196.1
triMan1:JH594867	JH594867			JH594867.1	NW_004444197.1
triMan1:JH594868	JH594868			JH594868.1	NW_004444198.1
triMan1:JH594869	JH594869			JH594869.1	NW_004444199.1
triMan1:JH594870	JH594870			JH594870.1	NW_004444200.1
triMan1:JH594871	JH594871			JH594871.1	NW_004444201.1
triMan1:JH594872	JH594872			JH594872.1	NW_004444202.1
triMan1:JH594873	JH594873			JH594873.1	NW_004444203.1
triMan1:JH594874	JH594874			JH594874.1	NW_004444204.1
triMan1:JH594875	JH594875			JH594875.1	NW_004444205.1
triMan1:JH594876	JH594876			JH594876.1	NW_004444206.1
triMan1:JH594877	JH594877			JH594877.1	NW_004444207.1
triMan1:JH594878	JH594878			JH594878.1	NW_004444208.1
triMan1:JH594879	JH594879			JH594879.1	NW_004444209.1
triMan1:JH594880	JH594880			JH594880.1	NW_004444210.1
triMan1:JH594881	JH594881			JH594881.1	NW_004444211.1
triMan1:JH594882	JH594882			JH594882.1	NW_004444212.1
triMan1:JH594883	JH594883			JH594883.1	NW_004444213.1
triMan1:JH594884	JH594884			JH594884.1	NW_004444214.1
triMan1:JH594885	JH594885			JH594885.1	NW_004444215.1
triMan1:JH594886	JH594886			JH594886.1	NW_004444216.1
triMan1:JH594887	JH594887			JH594887.1	NW_004444217.1
triMan1:JH594888	JH594888			JH594888.1	NW_004444218.1
triMan1:JH594889	JH594889			JH594889.1	NW_004444219.1
triMan1:JH594890	JH594890			JH594890.1	NW_004444220.1
triMan1:JH594891	JH594891			JH594891.1	NW_004444221.1
triMan1:JH594892	JH594892			JH594892.1	NW_004444222.1
triMan1:JH594893	JH594893			JH594893.1	NW_004444223.1
triMan1:JH594894	JH594894			JH594894.1	NW_004444224.1
triMan1:JH594895	JH594895			JH594895.1	NW_004444225.1
triMan1:JH594896	JH594896			JH594896.1	NW_004444226.1
triMan1:JH594897	JH594897			JH594897.1	NW_004444227.1
triMan1:JH594898	JH594898			JH594898.1	NW_004444228.1
triMan1:JH594899	JH594899			JH594899.1	NW_004444229.1
triMan1:JH594900	JH594900			JH594900.1	NW_004444230.1
triMan1:JH594901	JH594901			JH594901.1	NW_004444231.1
triMan1:JH594902	JH594902			JH594902.1	NW_004444232.1
triMan1:JH594903	JH594903			JH594903.1	NW_004444233.1
triMan1:JH594904	JH594904			JH594904.1	NW_004444234.1
triMan1:JH594905	JH594905			JH594905.1	NW_004444235.1
triMan1:JH594906	JH594906			JH594906.1	NW_004444236.1
triMan1:JH594907	JH594907			JH594907.1	NW_004444237.1
triMan1:JH594908	JH594908			JH594908.1	NW_004444238.1
triMan1:JH594909	JH594909			JH594909.1	NW_004444239.1
triMan1:JH594910	JH594910			JH594910.1	NW_004444240.1
triMan1:JH594911	JH594911			JH594911.1	NW_004444241.1
triMan1:JH594912	JH594912			JH594912.1	NW_004444242.1
triMan1:JH594913	JH594913			JH594913.1	NW_004444243.1
triMan1:JH594914	JH594914			JH594914.1	NW_004444244.1
triMan1:JH594915	JH594915			JH594915.1	NW_004444245.1
triMan1:JH594916	JH594916			JH594916.1	NW_004444246.1
triMan1:JH594917	JH594917			JH594917.1	NW_004444247.1
triMan1:JH594918	JH594918			JH594918.1	NW_004444248.1
triMan1:JH594919	JH594919			JH594919.1	NW_004444249.1
triMan1:JH594920	JH594920			JH594920.1	NW_004444250.1
triMan1:JH594921	JH594921			JH594921.1	NW_004444251.1
triMan1:JH594922	JH594922			JH594922.1	NW_004444252.1
triMan1:JH594923	JH594923			JH594923.1	NW_004444253.1
triMan1:JH594924	JH594924			JH594924.1	NW_004444254.1
triMan1:JH594925	JH594925			JH594925.1	NW_004444255.1
triMan1:JH594926	JH594926			JH594926.1	NW_004444256.1
triMan1:JH594927	JH594927			JH594927.1	NW_004444257.1
triMan1:JH594928	JH594928			JH594928.1	NW_004444258.1
triMan1:JH594929	JH594929			JH594929.1	NW_004444259.1
triMan1:JH594930	JH594930			JH594930.1	NW_004444260.1
triMan1:JH594931	JH594931			JH594931.1	NW_004444261.1
triMan1:JH594932	JH594932			JH594932.1	NW_004444262.1
triMan1:JH594933	JH594933			JH594933.1	NW_004444263.1
triMan1:JH594934	JH594934			JH594934.1	NW_004444264.1
triMan1:JH594935	JH594935			JH594935.1	NW_004444265.1
triMan1:JH594936	JH594936			JH594936.1	NW_004444266.1
triMan1:JH594937	JH594937			JH594937.1	NW_004444267.1
triMan1:JH594938	JH594938			JH594938.1	NW_004444268.1
triMan1:JH594939	JH594939			JH594939.1	NW_004444269.1
triMan1:JH594940	JH594940			JH594940.1	NW_004444270.1
triMan1:JH594941	JH594941			JH594941.1	NW_004444271.1
triMan1:JH594942	JH594942			JH594942.1	NW_004444272.1
triMan1:JH594943	JH594943			JH594943.1	NW_004444273.1
triMan1:JH594944	JH594944			JH594944.1	NW_004444274.1
triMan1:JH594945	JH594945			JH594945.1	NW_004444275.1
triMan1:JH594946	JH594946			JH594946.1	NW_004444276.1
triMan1:JH594947	JH594947			JH594947.1	NW_004444277.1
triMan1:JH594948	JH594948			JH594948.1	NW_004444278.1
triMan1:JH594949	JH594949			JH594949.1	NW_004444279.1
triMan1:JH594950	JH594950			JH594950.1	NW_004444280.1
triMan1:JH594951	JH594951			JH594951.1	NW_004444281.1
triMan1:JH594952	JH594952			JH594952.1	NW_004444282.1
triMan1:JH594953	JH594953			JH594953.1	NW_004444283.1
triMan1:JH594954	JH594954			JH594954.1	NW_004444284.1
triMan1:JH594955	JH594955			JH594955.1	NW_004444285.1
triMan1:JH594956	JH594956			JH594956.1	NW_004444286.1
triMan1:JH594957	JH594957			JH594957.1	NW_004444287.1
triMan1:JH594958	JH594958			JH594958.1	NW_004444288.1
triMan1:JH594959	JH594959			JH594959.1	NW_004444289.1
triMan1:JH594960	JH594960			JH594960.1	NW_004444290.1
triMan1:JH594961	JH594961			JH594961.1	NW_004444291.1
triMan1:JH594962	JH594962			JH594962.1	NW_004444292.1
triMan1:JH594963	JH594963			JH594963.1	NW_004444293.1
triMan1:JH594964	JH594964			JH594964.1	NW_004444294.1
triMan1:JH594965	JH594965			JH594965.1	NW_004444295.1
triMan1:JH594966	JH594966			JH594966.1	NW_004444296.1
triMan1:JH594967	JH594967			JH594967.1	NW_004444297.1
triMan1:JH594968	JH594968			JH594968.1	NW_004444298.1
triMan1:JH594969	JH594969			JH594969.1	NW_004444299.1
triMan1:JH594970	JH594970			JH594970.1	NW_004444300.1
triMan1:JH594971	JH594971			JH594971.1	NW_004444301.1
triMan1:JH594972	JH594972			JH594972.1	NW_004444302.1
triMan1:JH594973	JH594973			JH594973.1	NW_004444303.1
triMan1:JH594974	JH594974			JH594974.1	NW_004444304.1
triMan1:JH594975	JH594975			JH594975.1	NW_004444305.1
triMan1:JH594976	JH594976			JH594976.1	NW_004444306.1
triMan1:JH594977	JH594977			JH594977.1	NW_004444307.1
triMan1:JH594978	JH594978			JH594978.1	NW_004444308.1
triMan1:JH594979	JH594979			JH594979.1	NW_004444309.1
triMan1:JH594980	JH594980			JH594980.1	NW_004444310.1
triMan1:JH594981	JH594981			JH594981.1	NW_004444311.1
triMan1:JH594982	JH594982			JH594982.1	NW_004444312.1
triMan1:JH594983	JH594983			JH594983.1	NW_004444313.1
triMan1:JH594984	JH594984			JH594984.1	NW_004444314.1
triMan1:JH594985	JH594985			JH594985.1	NW_004444315.1
triMan1:JH594986	JH594986			JH594986.1	NW_004444316.1
triMan1:JH594987	JH594987			JH594987.1	NW_004444317.1
triMan1:JH594988	JH594988			JH594988.1	NW_004444318.1
triMan1:JH594989	JH594989			JH594989.1	NW_004444319.1
triMan1:JH594990	JH594990			JH594990.1	NW_004444320.1
triMan1:JH594991	JH594991			JH594991.1	NW_004444321.1
triMan1:JH594992	JH594992			JH594992.1	NW_004444322.1
triMan1:JH594993	JH594993			JH594993.1	NW_004444323.1
triMan1:JH594994	JH594994			JH594994.1	NW_004444324.1
triMan1:JH594995	JH594995			JH594995.1	NW_004444325.1
triMan1:JH594996	JH594996			JH594996.1	NW_004444326.1
triMan1:JH594997	JH594997			JH594997.1	NW_004444327.1
triMan1:JH594998	JH594998			JH594998.1	NW_004444328.1
triMan1:JH594999	JH594999			JH594999.1	NW_004444329.1
triMan1:JH595000	JH595000			JH595000.1	NW_004444330.1
triMan1:JH595001	JH595001			JH595001.1	NW_004444331.1
triMan1:JH595002	JH595002			JH595002.1	NW_004444332.1
triMan1:JH595003	JH595003			JH595003.1	NW_004444333.1
triMan1:JH595004	JH595004			JH595004.1	NW_004444334.1
triMan1:JH595005	JH595005			JH595005.1	NW_004444335.1
triMan1:JH595006	JH595006			JH595006.1	NW_004444336.1
triMan1:JH595007	JH595007			JH595007.1	NW_004444337.1
triMan1:JH595008	JH595008			JH595008.1	NW_004444338.1
triMan1:JH595009	JH595009			JH595009.1	NW_004444339.1
triMan1:JH595010	JH595010			JH595010.1	NW_004444340.1
triMan1:JH595011	JH595011			JH595011.1	NW_004444341.1
triMan1:JH595012	JH595012			JH595012.1	NW_004444342.1
triMan1:JH595013	JH595013			JH595013.1	NW_004444343.1
triMan1:JH595014	JH595014			JH595014.1	NW_004444344.1
triMan1:JH595015	JH595015			JH595015.1	NW_004444345.1
triMan1:JH595016	JH595016			JH595016.1	NW_004444346.1
triMan1:JH595017	JH595017			JH595017.1	NW_004444347.1
triMan1:JH595018	JH595018			JH595018.1	NW_004444348.1
triMan1:JH595019	JH595019			JH595019.1	NW_004444349.1
triMan1:JH595020	JH595020			JH595020.1	NW_004444350.1
triMan1:JH595021	JH595021			JH595021.1	NW_004444351.1
triMan1:JH595022	JH595022			JH595022.1	NW_004444352.1
triMan1:JH595023	JH595023			JH595023.1	NW_004444353.1
triMan1:JH595024	JH595024			JH595024.1	NW_004444354.1
triMan1:JH595025	JH595025			JH595025.1	NW_004444355.1
triMan1:JH595026	JH595026			JH595026.1	NW_004444356.1
triMan1:JH595027	JH595027			JH595027.1	NW_004444357.1
triMan1:JH595028	JH595028			JH595028.1	NW_004444358.1
triMan1:JH595029	JH595029			JH595029.1	NW_004444359.1
triMan1:JH595030	JH595030			JH595030.1	NW_004444360.1
triMan1:JH595031	JH595031			JH595031.1	NW_004444361.1
triMan1:JH595032	JH595032			JH595032.1	NW_004444362.1
triMan1:JH595033	JH595033			JH595033.1	NW_004444363.1
triMan1:JH595034	JH595034			JH595034.1	NW_004444364.1
triMan1:JH595035	JH595035			JH595035.1	NW_004444365.1
triMan1:JH595036	JH595036			JH595036.1	NW_004444366.1
triMan1:JH595037	JH595037			JH595037.1	NW_004444367.1
triMan1:JH595038	JH595038			JH595038.1	NW_004444368.1
triMan1:JH595039	JH595039			JH595039.1	NW_004444369.1
triMan1:JH595040	JH595040			JH595040.1	NW_004444370.1
triMan1:JH595041	JH595041			JH595041.1	NW_004444371.1
triMan1:JH595042	JH595042			JH595042.1	NW_004444372.1
triMan1:JH595043	JH595043			JH595043.1	NW_004444373.1
triMan1:JH595044	JH595044			JH595044.1	NW_004444374.1
triMan1:JH595045	JH595045			JH595045.1	NW_004444375.1
triMan1:JH595046	JH595046			JH595046.1	NW_004444376.1
triMan1:JH595047	JH595047			JH595047.1	NW_004444377.1
triMan1:JH595048	JH595048			JH595048.1	NW_004444378.1
triMan1:JH595049	JH595049			JH595049.1	NW_004444379.1
triMan1:JH595050	JH595050			JH595050.1	NW_004444380.1
triMan1:JH595051	JH595051			JH595051.1	NW_004444381.1
triMan1:JH595052	JH595052			JH595052.1	NW_004444382.1
triMan1:JH595053	JH595053			JH595053.1	NW_004444383.1
triMan1:JH595054	JH595054			JH595054.1	NW_004444384.1
triMan1:JH595055	JH595055			JH595055.1	NW_004444385.1
triMan1:JH595056	JH595056			JH595056.1	NW_004444386.1
triMan1:JH595057	JH595057			JH595057.1	NW_004444387.1
triMan1:JH595058	JH595058			JH595058.1	NW_004444388.1
triMan1:JH595059	JH595059			JH595059.1	NW_004444389.1
triMan1:JH595060	JH595060			JH595060.1	NW_004444390.1
triMan1:JH595061	JH595061			JH595061.1	NW_004444391.1
triMan1:JH595062	JH595062			JH595062.1	NW_004444392.1
triMan1:JH595063	JH595063			JH595063.1	NW_004444393.1
triMan1:JH595064	JH595064			JH595064.1	NW_004444394.1
triMan1:JH595065	JH595065			JH595065.1	NW_004444395.1
triMan1:JH595066	JH595066			JH595066.1	NW_004444396.1
triMan1:JH595067	JH595067			JH595067.1	NW_004444397.1
triMan1:JH595068	JH595068			JH595068.1	NW_004444398.1
triMan1:JH595069	JH595069			JH595069.1	NW_004444399.1
triMan1:JH595070	JH595070			JH595070.1	NW_004444400.1
triMan1:JH595071	JH595071			JH595071.1	NW_004444401.1
triMan1:JH595072	JH595072			JH595072.1	NW_004444402.1
triMan1:JH595073	JH595073			JH595073.1	NW_004444403.1
triMan1:JH595074	JH595074			JH595074.1	NW_004444404.1
triMan1:JH595075	JH595075			JH595075.1	NW_004444405.1
triMan1:JH595076	JH595076			JH595076.1	NW_004444406.1
triMan1:JH595077	JH595077			JH595077.1	NW_004444407.1
triMan1:JH595078	JH595078			JH595078.1	NW_004444408.1
triMan1:JH595079	JH595079			JH595079.1	NW_004444409.1
triMan1:JH595080	JH595080			JH595080.1	NW_004444410.1
triMan1:JH595081	JH595081			JH595081.1	NW_004444411.1
triMan1:JH595082	JH595082			JH595082.1	NW_004444412.1
triMan1:JH595083	JH595083			JH595083.1	NW_004444413.1
triMan1:JH595084	JH595084			JH595084.1	NW_004444414.1
triMan1:JH595085	JH595085			JH595085.1	NW_004444415.1
triMan1:JH595086	JH595086			JH595086.1	NW_004444416.1
triMan1:JH595087	JH595087			JH595087.1	NW_004444417.1
triMan1:JH595088	JH595088			JH595088.1	NW_004444418.1
triMan1:JH595089	JH595089			JH595089.1	NW_004444419.1
triMan1:JH595090	JH595090			JH595090.1	NW_004444420.1
triMan1:JH595091	JH595091			JH595091.1	NW_004444421.1
triMan1:JH595092	JH595092			JH595092.1	NW_004444422.1
triMan1:JH595093	JH595093			JH595093.1	NW_004444423.1
triMan1:JH595094	JH595094			JH595094.1	NW_004444424.1
triMan1:JH595095	JH595095			JH595095.1	NW_004444425.1
triMan1:JH595096	JH595096			JH595096.1	NW_004444426.1
triMan1:JH595097	JH595097			JH595097.1	NW_004444427.1
triMan1:JH595098	JH595098			JH595098.1	NW_004444428.1
triMan1:JH595099	JH595099			JH595099.1	NW_004444429.1
triMan1:JH595100	JH595100			JH595100.1	NW_004444430.1
triMan1:JH595101	JH595101			JH595101.1	NW_004444431.1
triMan1:JH595102	JH595102			JH595102.1	NW_004444432.1
triMan1:JH595103	JH595103			JH595103.1	NW_004444433.1
triMan1:JH595104	JH595104			JH595104.1	NW_004444434.1
triMan1:JH595105	JH595105			JH595105.1	NW_004444435.1
triMan1:JH595106	JH595106			JH595106.1	NW_004444436.1
triMan1:JH595107	JH595107			JH595107.1	NW_004444437.1
triMan1:JH595108	JH595108			JH595108.1	NW_004444438.1
triMan1:JH595109	JH595109			JH595109.1	NW_004444439.1
triMan1:JH595110	JH595110			JH595110.1	NW_004444440.1
triMan1:JH595111	JH595111			JH595111.1	NW_004444441.1
triMan1:JH595112	JH595112			JH595112.1	NW_004444442.1
triMan1:JH595113	JH595113			JH595113.1	NW_004444443.1
triMan1:JH595114	JH595114			JH595114.1	NW_004444444.1
triMan1:JH595115	JH595115			JH595115.1	NW_004444445.1
triMan1:JH595116	JH595116			JH595116.1	NW_004444446.1
triMan1:JH595117	JH595117			JH595117.1	NW_004444447.1
triMan1:JH595118	JH595118			JH595118.1	NW_004444448.1
triMan1:JH595119	JH595119			JH595119.1	NW_004444449.1
triMan1:JH595120	JH595120			JH595120.1	NW_004444450.1
triMan1:JH595121	JH595121			JH595121.1	NW_004444451.1
triMan1:JH595122	JH595122			JH595122.1	NW_004444452.1
triMan1:JH595123	JH595123			JH595123.1	NW_004444453.1
triMan1:JH595124	JH595124			JH595124.1	NW_004444454.1
triMan1:JH595125	JH595125			JH595125.1	NW_004444455.1
triMan1:JH595126	JH595126			JH595126.1	NW_004444456.1
triMan1:JH595127	JH595127			JH595127.1	NW_004444457.1
triMan1:JH595128	JH595128			JH595128.1	NW_004444458.1
triMan1:JH595129	JH595129			JH595129.1	NW_004444459.1
triMan1:JH595130	JH595130			JH595130.1	NW_004444460.1
triMan1:JH595131	JH595131			JH595131.1	NW_004444461.1
triMan1:JH595132	JH595132			JH595132.1	NW_004444462.1
triMan1:JH595133	JH595133			JH595133.1	NW_004444463.1
triMan1:JH595134	JH595134			JH595134.1	NW_004444464.1
triMan1:JH595135	JH595135			JH595135.1	NW_004444465.1
triMan1:JH595136	JH595136			JH595136.1	NW_004444466.1
triMan1:JH595137	JH595137			JH595137.1	NW_004444467.1
triMan1:JH595138	JH595138			JH595138.1	NW_004444468.1
triMan1:JH595139	JH595139			JH595139.1	NW_004444469.1
triMan1:JH595140	JH595140			JH595140.1	NW_004444470.1
triMan1:JH595141	JH595141			JH595141.1	NW_004444471.1
triMan1:JH595142	JH595142			JH595142.1	NW_004444472.1
triMan1:JH595143	JH595143			JH595143.1	NW_004444473.1
triMan1:JH595144	JH595144			JH595144.1	NW_004444474.1
triMan1:JH595145	JH595145			JH595145.1	NW_004444475.1
triMan1:JH595146	JH595146			JH595146.1	NW_004444476.1
triMan1:JH595147	JH595147			JH595147.1	NW_004444477.1
triMan1:JH595148	JH595148			JH595148.1	NW_004444478.1
triMan1:JH595149	JH595149			JH595149.1	NW_004444479.1
triMan1:JH595150	JH595150			JH595150.1	NW_004444480.1
triMan1:JH595151	JH595151			JH595151.1	NW_004444481.1
triMan1:JH595152	JH595152			JH595152.1	NW_004444482.1
triMan1:JH595153	JH595153			JH595153.1	NW_004444483.1
triMan1:JH595154	JH595154			JH595154.1	NW_004444484.1
triMan1:JH595155	JH595155			JH595155.1	NW_004444485.1
triMan1:JH595156	JH595156			JH595156.1	NW_004444486.1
triMan1:JH595157	JH595157			JH595157.1	NW_004444487.1
triMan1:JH595158	JH595158			JH595158.1	NW_004444488.1
triMan1:JH595159	JH595159			JH595159.1	NW_004444489.1
triMan1:JH595160	JH595160			JH595160.1	NW_004444490.1
triMan1:JH595161	JH595161			JH595161.1	NW_004444491.1
triMan1:JH595162	JH595162			JH595162.1	NW_004444492.1
triMan1:JH595163	JH595163			JH595163.1	NW_004444493.1
triMan1:JH595164	JH595164			JH595164.1	NW_004444494.1
triMan1:JH595165	JH595165			JH595165.1	NW_004444495.1
triMan1:JH595166	JH595166			JH595166.1	NW_004444496.1
triMan1:JH595167	JH595167			JH595167.1	NW_004444497.1
triMan1:JH595168	JH595168			JH595168.1	NW_004444498.1
triMan1:JH595169	JH595169			JH595169.1	NW_004444499.1
triMan1:JH595170	JH595170			JH595170.1	NW_004444500.1
triMan1:JH595171	JH595171			JH595171.1	NW_004444501.1
triMan1:JH595172	JH595172			JH595172.1	NW_004444502.1
triMan1:JH595173	JH595173			JH595173.1	NW_004444503.1
triMan1:JH595174	JH595174			JH595174.1	NW_004444504.1
triMan1:JH595175	JH595175			JH595175.1	NW_004444505.1
triMan1:JH595176	JH595176			JH595176.1	NW_004444506.1
triMan1:JH595177	JH595177			JH595177.1	NW_004444507.1
triMan1:JH595178	JH595178			JH595178.1	NW_004444508.1
triMan1:JH595179	JH595179			JH595179.1	NW_004444509.1
triMan1:JH595180	JH595180			JH595180.1	NW_004444510.1
triMan1:JH595181	JH595181			JH595181.1	NW_004444511.1
triMan1:JH595182	JH595182			JH595182.1	NW_004444512.1
triMan1:JH595183	JH595183			JH595183.1	NW_004444513.1
triMan1:JH595184	JH595184			JH595184.1	NW_004444514.1
triMan1:JH595185	JH595185			JH595185.1	NW_004444515.1
triMan1:JH595186	JH595186			JH595186.1	NW_004444516.1
triMan1:JH595187	JH595187			JH595187.1	NW_004444517.1
triMan1:JH595188	JH595188			JH595188.1	NW_004444518.1
triMan1:JH595189	JH595189			JH595189.1	NW_004444519.1
triMan1:JH595190	JH595190			JH595190.1	NW_004444520.1
triMan1:JH595191	JH595191			JH595191.1	NW_004444521.1
triMan1:JH595192	JH595192			JH595192.1	NW_004444522.1
triMan1:JH595193	JH595193			JH595193.1	NW_004444523.1
triMan1:JH595194	JH595194			JH595194.1	NW_004444524.1
triMan1:JH595195	JH595195			JH595195.1	NW_004444525.1
triMan1:JH595196	JH595196			JH595196.1	NW_004444526.1
triMan1:JH595197	JH595197			JH595197.1	NW_004444527.1
triMan1:JH595198	JH595198			JH595198.1	NW_004444528.1
triMan1:JH595199	JH595199			JH595199.1	NW_004444529.1
triMan1:JH595200	JH595200			JH595200.1	NW_004444530.1
triMan1:JH595201	JH595201			JH595201.1	NW_004444531.1
triMan1:JH595202	JH595202			JH595202.1	NW_004444532.1
triMan1:JH595203	JH595203			JH595203.1	NW_004444533.1
triMan1:JH595204	JH595204			JH595204.1	NW_004444534.1
triMan1:JH595205	JH595205			JH595205.1	NW_004444535.1
triMan1:JH595206	JH595206			JH595206.1	NW_004444536.1
triMan1:JH595207	JH595207			JH595207.1	NW_004444537.1
triMan1:JH595208	JH595208			JH595208.1	NW_004444538.1
triMan1:JH595209	JH595209			JH595209.1	NW_004444539.1
triMan1:JH595210	JH595210			JH595210.1	NW_004444540.1
triMan1:JH595211	JH595211			JH595211.1	NW_004444541.1
triMan1:JH595212	JH595212			JH595212.1	NW_004444542.1
triMan1:JH595213	JH595213			JH595213.1	NW_004444543.1
triMan1:JH595214	JH595214			JH595214.1	NW_004444544.1
triMan1:JH595215	JH595215			JH595215.1	NW_004444545.1
triMan1:JH595216	JH595216			JH595216.1	NW_004444546.1
triMan1:JH595217	JH595217			JH595217.1	NW_004444547.1
triMan1:JH595218	JH595218			JH595218.1	NW_004444548.1
triMan1:JH595219	JH595219			JH595219.1	NW_004444549.1
triMan1:JH595220	JH595220			JH595220.1	NW_004444550.1
triMan1:JH595221	JH595221			JH595221.1	NW_004444551.1
triMan1:JH595222	JH595222			JH595222.1	NW_004444552.1
triMan1:JH595223	JH595223			JH595223.1	NW_004444553.1
triMan1:JH595224	JH595224			JH595224.1	NW_004444554.1
triMan1:JH595225	JH595225			JH595225.1	NW_004444555.1
triMan1:JH595226	JH595226			JH595226.1	NW_004444556.1
triMan1:JH595227	JH595227			JH595227.1	NW_004444557.1
triMan1:JH595228	JH595228			JH595228.1	NW_004444558.1
triMan1:JH595229	JH595229			JH595229.1	NW_004444559.1
triMan1:JH595230	JH595230			JH595230.1	NW_004444560.1
triMan1:JH595231	JH595231			JH595231.1	NW_004444561.1
triMan1:JH595232	JH595232			JH595232.1	NW_004444562.1
triMan1:JH595233	JH595233			JH595233.1	NW_004444563.1
triMan1:JH595234	JH595234			JH595234.1	NW_004444564.1
triMan1:JH595235	JH595235			JH595235.1	NW_004444565.1
triMan1:JH595236	JH595236			JH595236.1	NW_004444566.1
triMan1:JH595237	JH595237			JH595237.1	NW_004444567.1
triMan1:JH595238	JH595238			JH595238.1	NW_004444568.1
triMan1:JH595239	JH595239			JH595239.1	NW_004444569.1
triMan1:JH595240	JH595240			JH595240.1	NW_004444570.1
triMan1:JH595241	JH595241			JH595241.1	NW_004444571.1
triMan1:JH595242	JH595242			JH595242.1	NW_004444572.1
triMan1:JH595243	JH595243			JH595243.1	NW_004444573.1
triMan1:JH595244	JH595244			JH595244.1	NW_004444574.1
triMan1:JH595245	JH595245			JH595245.1	NW_004444575.1
triMan1:JH595246	JH595246			JH595246.1	NW_004444576.1
triMan1:JH595247	JH595247			JH595247.1	NW_004444577.1
triMan1:JH595248	JH595248			JH595248.1	NW_004444578.1
triMan1:JH595249	JH595249			JH595249.1	NW_004444579.1
triMan1:JH595250	JH595250			JH595250.1	NW_004444580.1
triMan1:JH595251	JH595251			JH595251.1	NW_004444581.1
triMan1:JH595252	JH595252			JH595252.1	NW_004444582.1
triMan1:JH595253	JH595253			JH595253.1	NW_004444583.1
triMan1:JH595254	JH595254			JH595254.1	NW_004444584.1
triMan1:JH595255	JH595255			JH595255.1	NW_004444585.1
triMan1:JH595256	JH595256			JH595256.1	NW_004444586.1
triMan1:JH595257	JH595257			JH595257.1	NW_004444587.1
triMan1:JH595258	JH595258			JH595258.1	NW_004444588.1
triMan1:JH595259	JH595259			JH595259.1	NW_004444589.1
triMan1:JH595260	JH595260			JH595260.1	NW_004444590.1
triMan1:JH595261	JH595261			JH595261.1	NW_004444591.1
triMan1:JH595262	JH595262			JH595262.1	NW_004444592.1
triMan1:JH595263	JH595263			JH595263.1	NW_004444593.1
triMan1:JH595264	JH595264			JH595264.1	NW_004444594.1
triMan1:JH595265	JH595265			JH595265.1	NW_004444595.1
triMan1:JH595266	JH595266			JH595266.1	NW_004444596.1
triMan1:JH595267	JH595267			JH595267.1	NW_004444597.1
triMan1:JH595268	JH595268			JH595268.1	NW_004444598.1
triMan1:JH595269	JH595269			JH595269.1	NW_004444599.1
triMan1:JH595270	JH595270			JH595270.1	NW_004444600.1
triMan1:JH595271	JH595271			JH595271.1	NW_004444601.1
triMan1:JH595272	JH595272			JH595272.1	NW_004444602.1
triMan1:JH595273	JH595273			JH595273.1	NW_004444603.1
triMan1:JH595274	JH595274			JH595274.1	NW_004444604.1
triMan1:JH595275	JH595275			JH595275.1	NW_004444605.1
triMan1:JH595276	JH595276			JH595276.1	NW_004444606.1
triMan1:JH595277	JH595277			JH595277.1	NW_004444607.1
triMan1:JH595278	JH595278			JH595278.1	NW_004444609.1
triMan1:JH595279	JH595279			JH595279.1	NW_004444611.1
triMan1:JH595280	JH595280			JH595280.1	NW_004444612.1
triMan1:JH595281	JH595281			JH595281.1	NW_004444613.1
triMan1:JH595282	JH595282			JH595282.1	NW_004444614.1
triMan1:JH595283	JH595283			JH595283.1	NW_004444615.1
triMan1:JH595284	JH595284			JH595284.1	NW_004444617.1
triMan1:JH595285	JH595285			JH595285.1	NW_004444618.1
triMan1:JH595286	JH595286			JH595286.1	NW_004444619.1
triMan1:JH595287	JH595287			JH595287.1	NW_004444620.1
triMan1:JH595288	JH595288			JH595288.1	NW_004444621.1
triMan1:JH595289	JH595289			JH595289.1	NW_004444623.1
triMan1:JH595290	JH595290			JH595290.1	NW_004444624.1
triMan1:JH595291	JH595291			JH595291.1	NW_004444625.1
triMan1:JH595292	JH595292			JH595292.1	NW_004444626.1
triMan1:JH595293	JH595293			JH595293.1	NW_004444628.1
triMan1:JH595294	JH595294			JH595294.1	NW_004444629.1
triMan1:JH595295	JH595295			JH595295.1	NW_004444630.1
triMan1:JH595296	JH595296			JH595296.1	NW_004444631.1
triMan1:JH595297	JH595297			JH595297.1	NW_004444632.1
triMan1:JH595298	JH595298			JH595298.1	NW_004444633.1
triMan1:JH595299	JH595299			JH595299.1	NW_004444634.1
triMan1:JH595300	JH595300			JH595300.1	NW_004444635.1
triMan1:JH595301	JH595301			JH595301.1	NW_004444636.1
triMan1:JH595302	JH595302			JH595302.1	NW_004444637.1
triMan1:JH595303	JH595303			JH595303.1	NW_004444638.1
triMan1:JH595304	JH595304			JH595304.1	NW_004444639.1
triMan1:JH595305	JH595305			JH595305.1	NW_004444640.1
triMan1:JH595306	JH595306			JH595306.1	NW_004444641.1
triMan1:JH595307	JH595307			JH595307.1	NW_004444642.1
triMan1:JH595308	JH595308			JH595308.1	NW_004444643.1
triMan1:JH595309	JH595309			JH595309.1	NW_004444644.1
triMan1:JH595310	JH595310			JH595310.1	NW_004444645.1
triMan1:JH595311	JH595311			JH595311.1	NW_004444646.1
triMan1:JH595312	JH595312			JH595312.1	NW_004444647.1
triMan1:JH595313	JH595313			JH595313.1	NW_004444648.1
triMan1:JH595314	JH595314			JH595314.1	NW_004444649.1
triMan1:JH595315	JH595315			JH595315.1	NW_004444650.1
triMan1:JH595316	JH595316			JH595316.1	NW_004444651.1
triMan1:JH595317	JH595317			JH595317.1	NW_004444652.1
triMan1:JH595318	JH595318			JH595318.1	NW_004444653.1
triMan1:JH595319	JH595319			JH595319.1	NW_004444655.1
triMan1:JH595320	JH595320			JH595320.1	NW_004444656.1
triMan1:JH595321	JH595321			JH595321.1	NW_004444657.1
triMan1:JH595322	JH595322			JH595322.1	NW_004444658.1
triMan1:JH595323	JH595323			JH595323.1	NW_004444659.1
triMan1:JH595324	JH595324			JH595324.1	NW_004444660.1
triMan1:JH595325	JH595325			JH595325.1	NW_004444661.1
triMan1:JH595326	JH595326			JH595326.1	NW_004444662.1
triMan1:JH595327	JH595327			JH595327.1	NW_004444663.1
triMan1:JH595328	JH595328			JH595328.1	NW_004444664.1
triMan1:JH595329	JH595329			JH595329.1	NW_004444665.1
triMan1:JH595330	JH595330			JH595330.1	NW_004444666.1
triMan1:JH595331	JH595331			JH595331.1	NW_004444667.1
triMan1:JH595332	JH595332			JH595332.1	NW_004444668.1
triMan1:JH595333	JH595333			JH595333.1	NW_004444669.1
triMan1:JH595334	JH595334			JH595334.1	NW_004444671.1
triMan1:JH595335	JH595335			JH595335.1	NW_004444672.1
triMan1:JH595336	JH595336			JH595336.1	NW_004444673.1
triMan1:JH595337	JH595337			JH595337.1	NW_004444674.1
triMan1:JH595338	JH595338			JH595338.1	NW_004444675.1
triMan1:JH595339	JH595339			JH595339.1	NW_004444676.1
triMan1:JH595340	JH595340			JH595340.1	NW_004444677.1
triMan1:JH595341	JH595341			JH595341.1	NW_004444678.1
triMan1:JH595342	JH595342			JH595342.1	NW_004444679.1
triMan1:JH595343	JH595343			JH595343.1	NW_004444680.1
triMan1:JH595344	JH595344			JH595344.1	NW_004444681.1
triMan1:JH595345	JH595345			JH595345.1	NW_004444682.1
triMan1:JH595346	JH595346			JH595346.1	NW_004444684.1
triMan1:JH595347	JH595347			JH595347.1	NW_004444685.1
triMan1:JH595348	JH595348			JH595348.1	NW_004444686.1
triMan1:JH595349	JH595349			JH595349.1	NW_004444689.1
triMan1:JH595350	JH595350			JH595350.1	NW_004444690.1
triMan1:JH595351	JH595351			JH595351.1	NW_004444692.1
triMan1:JH595352	JH595352			JH595352.1	NW_004444694.1
triMan1:JH595353	JH595353			JH595353.1	NW_004444695.1
triMan1:JH595354	JH595354			JH595354.1	NW_004444696.1
triMan1:JH595355	JH595355			JH595355.1	NW_004444697.1
triMan1:JH595356	JH595356			JH595356.1	NW_004444700.1
triMan1:JH595357	JH595357			JH595357.1	NW_004444702.1
triMan1:JH595358	JH595358			JH595358.1	NW_004444703.1
triMan1:JH595359	JH595359			JH595359.1	NW_004444704.1
triMan1:JH595360	JH595360			JH595360.1	NW_004444705.1
triMan1:JH595361	JH595361			JH595361.1	NW_004444706.1
triMan1:JH595362	JH595362			JH595362.1	NW_004444707.1
triMan1:JH595363	JH595363			JH595363.1	NW_004444708.1
triMan1:JH595364	JH595364			JH595364.1	NW_004444709.1
triMan1:JH595365	JH595365			JH595365.1	NW_004444710.1
triMan1:JH595366	JH595366			JH595366.1	NW_004444711.1
triMan1:JH595367	JH595367			JH595367.1	NW_004444712.1
triMan1:JH595368	JH595368			JH595368.1	NW_004444713.1
triMan1:JH595369	JH595369			JH595369.1	NW_004444714.1
triMan1:JH595370	JH595370			JH595370.1	NW_004444715.1
triMan1:JH595371	JH595371			JH595371.1	NW_004444716.1
triMan1:JH595372	JH595372			JH595372.1	NW_004444717.1
triMan1:JH595373	JH595373			JH595373.1	NW_004444718.1
triMan1:JH595374	JH595374			JH595374.1	NW_004444719.1
triMan1:JH595375	JH595375			JH595375.1	NW_004444720.1
triMan1:JH595376	JH595376			JH595376.1	NW_004444721.1
triMan1:JH595377	JH595377			JH595377.1	NW_004444722.1
triMan1:JH595378	JH595378			JH595378.1	NW_004444724.1
triMan1:JH595379	JH595379			JH595379.1	NW_004444725.1
triMan1:JH595380	JH595380			JH595380.1	NW_004444726.1
triMan1:JH595381	JH595381			JH595381.1	NW_004444728.1
triMan1:JH595382	JH595382			JH595382.1	NW_004444729.1
triMan1:JH595383	JH595383			JH595383.1	NW_004444730.1
triMan1:JH595384	JH595384			JH595384.1	NW_004444731.1
triMan1:JH595385	JH595385			JH595385.1	NW_004444732.1
triMan1:JH595386	JH595386			JH595386.1	NW_004444733.1
triMan1:JH595387	JH595387			JH595387.1	NW_004444734.1
triMan1:JH595388	JH595388			JH595388.1	NW_004444735.1
triMan1:JH595389	JH595389			JH595389.1	NW_004444736.1
triMan1:JH595390	JH595390			JH595390.1	NW_004444737.1
triMan1:JH595391	JH595391			JH595391.1	NW_004444738.1
triMan1:JH595392	JH595392			JH595392.1	NW_004444739.1
triMan1:JH595393	JH595393			JH595393.1	NW_004444741.1
triMan1:JH595394	JH595394			JH595394.1	NW_004444742.1
triMan1:JH595395	JH595395			JH595395.1	NW_004444743.1
triMan1:JH595396	JH595396			JH595396.1	NW_004444744.1
triMan1:JH595397	JH595397			JH595397.1	NW_004444745.1
triMan1:JH595398	JH595398			JH595398.1	NW_004444746.1
triMan1:JH595399	JH595399			JH595399.1	NW_004444747.1
triMan1:JH595400	JH595400			JH595400.1	NW_004444749.1
triMan1:JH595401	JH595401			JH595401.1	NW_004444750.1
triMan1:JH595402	JH595402			JH595402.1	NW_004444751.1
triMan1:JH595403	JH595403			JH595403.1	NW_004444752.1
triMan1:JH595404	JH595404			JH595404.1	NW_004444753.1
triMan1:JH595405	JH595405			JH595405.1	NW_004444755.1
triMan1:JH595406	JH595406			JH595406.1	NW_004444756.1
triMan1:JH595407	JH595407			JH595407.1	NW_004444757.1
triMan1:JH595408	JH595408			JH595408.1	NW_004444758.1
triMan1:JH595409	JH595409			JH595409.1	NW_004444759.1
triMan1:JH595410	JH595410			JH595410.1	NW_004444760.1
triMan1:JH595411	JH595411			JH595411.1	NW_004444761.1
triMan1:JH595412	JH595412			JH595412.1	NW_004444762.1
triMan1:JH595413	JH595413			JH595413.1	NW_004444763.1
triMan1:JH595414	JH595414			JH595414.1	NW_004444764.1
triMan1:JH595415	JH595415			JH595415.1	NW_004444765.1
triMan1:JH595416	JH595416			JH595416.1	NW_004444766.1
triMan1:JH595417	JH595417			JH595417.1	NW_004444767.1
triMan1:JH595418	JH595418			JH595418.1	NW_004444768.1
triMan1:JH595419	JH595419			JH595419.1	NW_004444769.1
triMan1:JH595420	JH595420			JH595420.1	NW_004444770.1
triMan1:JH595421	JH595421			JH595421.1	NW_004444771.1
triMan1:JH595422	JH595422			JH595422.1	NW_004444773.1
triMan1:JH595423	JH595423			JH595423.1	NW_004444775.1
triMan1:JH595424	JH595424			JH595424.1	NW_004444777.1
triMan1:JH595425	JH595425			JH595425.1	NW_004444778.1
triMan1:JH595426	JH595426			JH595426.1	NW_004444779.1
triMan1:JH595427	JH595427			JH595427.1	NW_004444780.1
triMan1:JH595428	JH595428			JH595428.1	NW_004444781.1
triMan1:JH595429	JH595429			JH595429.1	NW_004444782.1
triMan1:JH595430	JH595430			JH595430.1	NW_004444784.1
triMan1:JH595431	JH595431			JH595431.1	NW_004444785.1
triMan1:JH595432	JH595432			JH595432.1	NW_004444788.1
triMan1:JH595433	JH595433			JH595433.1	NW_004444789.1
triMan1:JH595434	JH595434			JH595434.1	NW_004444790.1
triMan1:JH595435	JH595435			JH595435.1	NW_004444791.1
triMan1:JH595436	JH595436			JH595436.1	NW_004444792.1
triMan1:JH595437	JH595437			JH595437.1	NW_004444793.1
triMan1:JH595438	JH595438			JH595438.1	NW_004444795.1
triMan1:JH595439	JH595439			JH595439.1	NW_004444797.1
triMan1:JH595440	JH595440			JH595440.1	NW_004444798.1
triMan1:JH595441	JH595441			JH595441.1	NW_004444800.1
triMan1:JH595442	JH595442			JH595442.1	NW_004444802.1
triMan1:JH595443	JH595443			JH595443.1	NW_004444803.1
triMan1:JH595444	JH595444			JH595444.1	NW_004444804.1
triMan1:JH595445	JH595445			JH595445.1	NW_004444805.1
triMan1:JH595446	JH595446			JH595446.1	NW_004444806.1
triMan1:JH595447	JH595447			JH595447.1	NW_004444807.1
triMan1:JH595448	JH595448			JH595448.1	NW_004444808.1
triMan1:JH595449	JH595449			JH595449.1	NW_004444809.1
triMan1:JH595450	JH595450			JH595450.1	NW_004444810.1
triMan1:JH595451	JH595451			JH595451.1	NW_004444811.1
triMan1:JH595452	JH595452			JH595452.1	NW_004444812.1
triMan1:JH595453	JH595453			JH595453.1	NW_004444813.1
triMan1:JH595454	JH595454			JH595454.1	NW_004444814.1
triMan1:JH595455	JH595455			JH595455.1	NW_004444815.1
triMan1:JH595456	JH595456			JH595456.1	NW_004444816.1
triMan1:JH595457	JH595457			JH595457.1	NW_004444817.1
triMan1:JH595458	JH595458			JH595458.1	NW_004444818.1
triMan1:JH595459	JH595459			JH595459.1	NW_004444819.1
triMan1:JH595460	JH595460			JH595460.1	NW_004444820.1
triMan1:JH595461	JH595461			JH595461.1	NW_004444821.1
triMan1:JH595462	JH595462			JH595462.1	NW_004444822.1
triMan1:JH595463	JH595463			JH595463.1	NW_004444824.1
triMan1:JH595464	JH595464			JH595464.1	NW_004444825.1
triMan1:JH595465	JH595465			JH595465.1	NW_004444826.1
triMan1:JH595466	JH595466			JH595466.1	NW_004444828.1
triMan1:JH595467	JH595467			JH595467.1	NW_004444829.1
triMan1:JH595468	JH595468			JH595468.1	NW_004444830.1
triMan1:JH595469	JH595469			JH595469.1	NW_004444831.1
triMan1:JH595470	JH595470			JH595470.1	NW_004444832.1
triMan1:JH595471	JH595471			JH595471.1	NW_004444833.1
triMan1:JH595472	JH595472			JH595472.1	NW_004444834.1
triMan1:JH595473	JH595473			JH595473.1	NW_004444835.1
triMan1:JH595474	JH595474			JH595474.1	NW_004444836.1
triMan1:JH595475	JH595475			JH595475.1	NW_004444837.1
triMan1:JH595476	JH595476			JH595476.1	NW_004444838.1
triMan1:JH595477	JH595477			JH595477.1	NW_004444840.1
triMan1:JH595478	JH595478			JH595478.1	NW_004444841.1
triMan1:JH595479	JH595479			JH595479.1	NW_004444842.1
triMan1:JH595480	JH595480			JH595480.1	NW_004444843.1
triMan1:JH595481	JH595481			JH595481.1	NW_004444845.1
triMan1:JH595482	JH595482			JH595482.1	NW_004444846.1
triMan1:JH595483	JH595483			JH595483.1	NW_004444847.1
triMan1:JH595484	JH595484			JH595484.1	NW_004444848.1
triMan1:JH595485	JH595485			JH595485.1	NW_004444849.1
triMan1:JH595486	JH595486			JH595486.1	NW_004444850.1
triMan1:JH595487	JH595487			JH595487.1	NW_004444851.1
triMan1:JH595488	JH595488			JH595488.1	NW_004444852.1
triMan1:JH595489	JH595489			JH595489.1	NW_004444853.1
triMan1:JH595490	JH595490			JH595490.1	NW_004444854.1
triMan1:JH595491	JH595491			JH595491.1	NW_004444855.1
triMan1:JH595492	JH595492			JH595492.1	NW_004444856.1
triMan1:JH595493	JH595493			JH595493.1	NW_004444857.1
triMan1:JH595494	JH595494			JH595494.1	NW_004444858.1
triMan1:JH595495	JH595495			JH595495.1	NW_004444859.1
triMan1:JH595496	JH595496			JH595496.1	NW_004444860.1
triMan1:JH595497	JH595497			JH595497.1	NW_004444861.1
triMan1:JH595498	JH595498			JH595498.1	NW_004444862.1
triMan1:JH595499	JH595499			JH595499.1	NW_004444864.1
triMan1:JH595500	JH595500			JH595500.1	NW_004444865.1
triMan1:JH595501	JH595501			JH595501.1	NW_004444866.1
triMan1:JH595502	JH595502			JH595502.1	NW_004444867.1
triMan1:JH595503	JH595503			JH595503.1	NW_004444868.1
triMan1:JH595504	JH595504			JH595504.1	NW_004444869.1
triMan1:JH595505	JH595505			JH595505.1	NW_004444870.1
triMan1:JH595506	JH595506			JH595506.1	NW_004444871.1
triMan1:JH595507	JH595507			JH595507.1	NW_004444872.1
triMan1:JH595508	JH595508			JH595508.1	NW_004444873.1
triMan1:JH595509	JH595509			JH595509.1	NW_004444874.1
triMan1:JH595510	JH595510			JH595510.1	NW_004444875.1
triMan1:JH595511	JH595511			JH595511.1	NW_004444876.1
triMan1:JH595512	JH595512			JH595512.1	NW_004444877.1
triMan1:JH595513	JH595513			JH595513.1	NW_004444878.1
triMan1:JH595514	JH595514			JH595514.1	NW_004444880.1
triMan1:JH595515	JH595515			JH595515.1	NW_004444881.1
triMan1:JH595516	JH595516			JH595516.1	NW_004444884.1
triMan1:JH595517	JH595517			JH595517.1	NW_004444885.1
triMan1:JH595518	JH595518			JH595518.1	NW_004444886.1
triMan1:JH595519	JH595519			JH595519.1	NW_004444887.1
triMan1:JH595520	JH595520			JH595520.1	NW_004444889.1
triMan1:JH595521	JH595521			JH595521.1	NW_004444891.1
triMan1:JH595522	JH595522			JH595522.1	NW_004444892.1
triMan1:JH595523	JH595523			JH595523.1	NW_004444893.1
triMan1:JH595524	JH595524			JH595524.1	NW_004444895.1
triMan1:JH595525	JH595525			JH595525.1	NW_004444896.1
triMan1:JH595526	JH595526			JH595526.1	NW_004444899.1
triMan1:JH595527	JH595527			JH595527.1	NW_004444900.1
triMan1:JH595528	JH595528			JH595528.1	NW_004444901.1
triMan1:JH595529	JH595529			JH595529.1	NW_004444902.1
triMan1:JH595530	JH595530			JH595530.1	NW_004444903.1
triMan1:JH595531	JH595531			JH595531.1	NW_004444904.1
triMan1:JH595532	JH595532			JH595532.1	NW_004444905.1
triMan1:JH595533	JH595533			JH595533.1	NW_004444906.1
triMan1:JH595534	JH595534			JH595534.1	NW_004444907.1
triMan1:JH595535	JH595535			JH595535.1	NW_004444908.1
triMan1:JH595536	JH595536			JH595536.1	NW_004444909.1
triMan1:JH595537	JH595537			JH595537.1	NW_004444910.1
triMan1:JH595538	JH595538			JH595538.1	NW_004444911.1
triMan1:JH595539	JH595539			JH595539.1	NW_004444912.1
triMan1:JH595540	JH595540			JH595540.1	NW_004444913.1
triMan1:JH595541	JH595541			JH595541.1	NW_004444914.1
triMan1:JH595542	JH595542			JH595542.1	NW_004444916.1
triMan1:JH595543	JH595543			JH595543.1	NW_004444917.1
triMan1:JH595544	JH595544			JH595544.1	NW_004444918.1
triMan1:JH595545	JH595545			JH595545.1	NW_004444919.1
triMan1:JH595546	JH595546			JH595546.1	NW_004444921.1
triMan1:JH595547	JH595547			JH595547.1	NW_004444922.1
triMan1:JH595548	JH595548			JH595548.1	NW_004444923.1
triMan1:JH595549	JH595549			JH595549.1	NW_004444924.1
triMan1:JH595550	JH595550			JH595550.1	NW_004444925.1
triMan1:JH595551	JH595551			JH595551.1	NW_004444926.1
triMan1:JH595552	JH595552			JH595552.1	NW_004444927.1
triMan1:JH595553	JH595553			JH595553.1	NW_004444928.1
triMan1:JH595554	JH595554			JH595554.1	NW_004444929.1
triMan1:JH595555	JH595555			JH595555.1	NW_004444930.1
triMan1:JH595556	JH595556			JH595556.1	NW_004444931.1
triMan1:JH595557	JH595557			JH595557.1	NW_004444933.1
triMan1:JH595558	JH595558			JH595558.1	NW_004444935.1
triMan1:JH595559	JH595559			JH595559.1	NW_004444936.1
triMan1:JH595560	JH595560			JH595560.1	NW_004444937.1
triMan1:JH595561	JH595561			JH595561.1	NW_004444938.1
triMan1:JH595562	JH595562			JH595562.1	NW_004444939.1
triMan1:JH595563	JH595563			JH595563.1	NW_004444940.1
triMan1:JH595564	JH595564			JH595564.1	NW_004444941.1
triMan1:JH595565	JH595565			JH595565.1	NW_004444942.1
triMan1:JH595566	JH595566			JH595566.1	NW_004444944.1
triMan1:JH595567	JH595567			JH595567.1	NW_004444945.1
triMan1:JH595568	JH595568			JH595568.1	NW_004444946.1
triMan1:JH595569	JH595569			JH595569.1	NW_004444947.1
triMan1:JH595570	JH595570			JH595570.1	NW_004444948.1
triMan1:JH595571	JH595571			JH595571.1	NW_004444950.1
triMan1:JH595572	JH595572			JH595572.1	NW_004444951.1
triMan1:JH595573	JH595573			JH595573.1	NW_004444952.1
triMan1:JH595574	JH595574			JH595574.1	NW_004444953.1
triMan1:JH595575	JH595575			JH595575.1	NW_004444954.1
triMan1:JH595576	JH595576			JH595576.1	NW_004444955.1
triMan1:JH595577	JH595577			JH595577.1	NW_004444956.1
triMan1:JH595578	JH595578			JH595578.1	NW_004444957.1
triMan1:JH595579	JH595579			JH595579.1	NW_004444958.1
triMan1:JH595580	JH595580			JH595580.1	NW_004444959.1
triMan1:JH595581	JH595581			JH595581.1	NW_004444960.1
triMan1:JH595582	JH595582			JH595582.1	NW_004444961.1
triMan1:JH595583	JH595583			JH595583.1	NW_004444962.1
triMan1:JH595584	JH595584			JH595584.1	NW_004444963.1
triMan1:JH595585	JH595585			JH595585.1	NW_004444964.1
triMan1:JH595586	JH595586			JH595586.1	NW_004444965.1
triMan1:JH595587	JH595587			JH595587.1	NW_004444966.1
triMan1:JH595588	JH595588			JH595588.1	NW_004444967.1
triMan1:JH595589	JH595589			JH595589.1	NW_004444968.1
triMan1:JH595590	JH595590			JH595590.1	NW_004444969.1
triMan1:JH595591	JH595591			JH595591.1	NW_004444970.1
triMan1:JH595592	JH595592			JH595592.1	NW_004444971.1
triMan1:JH595593	JH595593			JH595593.1	NW_004444972.1
triMan1:JH595594	JH595594			JH595594.1	NW_004444974.1
triMan1:JH595595	JH595595			JH595595.1	NW_004444975.1
triMan1:JH595596	JH595596			JH595596.1	NW_004444976.1
triMan1:JH595597	JH595597			JH595597.1	NW_004444977.1
triMan1:JH595598	JH595598			JH595598.1	NW_004444978.1
triMan1:JH595599	JH595599			JH595599.1	NW_004444980.1
triMan1:JH595600	JH595600			JH595600.1	NW_004444981.1
triMan1:JH595601	JH595601			JH595601.1	NW_004444982.1
triMan1:JH595602	JH595602			JH595602.1	NW_004444983.1
triMan1:JH595603	JH595603			JH595603.1	NW_004444984.1
triMan1:JH595604	JH595604			JH595604.1	NW_004444985.1
triMan1:JH595605	JH595605			JH595605.1	NW_004444986.1
triMan1:JH595606	JH595606			JH595606.1	NW_004444987.1
triMan1:JH595607	JH595607			JH595607.1	NW_004444988.1
triMan1:JH595608	JH595608			JH595608.1	NW_004444989.1
triMan1:JH595609	JH595609			JH595609.1	NW_004444990.1
triMan1:JH595610	JH595610			JH595610.1	NW_004444991.1
triMan1:JH595611	JH595611			JH595611.1	NW_004444992.1
triMan1:JH595612	JH595612			JH595612.1	NW_004444993.1
triMan1:JH595613	JH595613			JH595613.1	NW_004444994.1
triMan1:JH595614	JH595614			JH595614.1	NW_004444995.1
triMan1:JH595615	JH595615			JH595615.1	NW_004444996.1
triMan1:JH595616	JH595616			JH595616.1	NW_004444997.1
triMan1:JH595617	JH595617			JH595617.1	NW_004444998.1
triMan1:JH595618	JH595618			JH595618.1	NW_004444999.1
triMan1:JH595619	JH595619			JH595619.1	NW_004445001.1
triMan1:JH595620	JH595620			JH595620.1	NW_004445002.1
triMan1:JH595621	JH595621			JH595621.1	NW_004445003.1
triMan1:JH595622	JH595622			JH595622.1	NW_004445004.1
triMan1:JH595623	JH595623			JH595623.1	NW_004445005.1
triMan1:JH595624	JH595624			JH595624.1	NW_004445006.1
triMan1:JH595625	JH595625			JH595625.1	NW_004445009.1
triMan1:JH595626	JH595626			JH595626.1	NW_004445010.1
triMan1:JH595627	JH595627			JH595627.1	NW_004445011.1
triMan1:JH595628	JH595628			JH595628.1	NW_004445012.1
triMan1:JH595629	JH595629			JH595629.1	NW_004445014.1
triMan1:JH595630	JH595630			JH595630.1	NW_004445015.1
triMan1:JH595631	JH595631			JH595631.1	NW_004445016.1
triMan1:JH595632	JH595632			JH595632.1	NW_004445017.1
triMan1:JH595633	JH595633			JH595633.1	NW_004445018.1
triMan1:JH595634	JH595634			JH595634.1	NW_004445019.1
triMan1:JH595635	JH595635			JH595635.1	NW_004445020.1
triMan1:JH595636	JH595636			JH595636.1	NW_004445022.1
triMan1:JH595637	JH595637			JH595637.1	NW_004445024.1
triMan1:JH595638	JH595638			JH595638.1	NW_004445025.1
triMan1:JH595639	JH595639			JH595639.1	NW_004445026.1
triMan1:JH595640	JH595640			JH595640.1	NW_004445028.1
triMan1:JH595641	JH595641			JH595641.1	NW_004445029.1
triMan1:JH595642	JH595642			JH595642.1	NW_004445030.1
triMan1:JH595643	JH595643			JH595643.1	NW_004445033.1
triMan1:JH595644	JH595644			JH595644.1	NW_004445034.1
triMan1:JH595645	JH595645			JH595645.1	NW_004445035.1
triMan1:JH595646	JH595646			JH595646.1	NW_004445036.1
triMan1:JH595647	JH595647			JH595647.1	NW_004445037.1
triMan1:JH595648	JH595648			JH595648.1	NW_004445038.1
triMan1:JH595649	JH595649			JH595649.1	NW_004445039.1
triMan1:JH595650	JH595650			JH595650.1	NW_004445040.1
triMan1:JH595651	JH595651			JH595651.1	NW_004445041.1
triMan1:JH595652	JH595652			JH595652.1	NW_004445042.1
triMan1:JH595653	JH595653			JH595653.1	NW_004445043.1
triMan1:JH595654	JH595654			JH595654.1	NW_004445044.1
triMan1:JH595655	JH595655			JH595655.1	NW_004445045.1
triMan1:JH595656	JH595656			JH595656.1	NW_004445046.1
triMan1:JH595657	JH595657			JH595657.1	NW_004445049.1
triMan1:JH595658	JH595658			JH595658.1	NW_004445050.1
triMan1:JH595659	JH595659			JH595659.1	NW_004445051.1
triMan1:JH595660	JH595660			JH595660.1	NW_004445052.1
triMan1:JH595661	JH595661			JH595661.1	NW_004445053.1
triMan1:JH595662	JH595662			JH595662.1	NW_004445054.1
triMan1:JH595663	JH595663			JH595663.1	NW_004445055.1
triMan1:JH595664	JH595664			JH595664.1	NW_004445056.1
triMan1:JH595665	JH595665			JH595665.1	NW_004445057.1
triMan1:JH595666	JH595666			JH595666.1	NW_004445058.1
triMan1:JH595667	JH595667			JH595667.1	NW_004445059.1
triMan1:JH595668	JH595668			JH595668.1	NW_004445061.1
triMan1:JH595669	JH595669			JH595669.1	NW_004445062.1
triMan1:JH595670	JH595670			JH595670.1	NW_004445063.1
triMan1:JH595671	JH595671			JH595671.1	NW_004445064.1
triMan1:JH595672	JH595672			JH595672.1	NW_004445065.1
triMan1:JH595673	JH595673			JH595673.1	NW_004445066.1
triMan1:JH595674	JH595674			JH595674.1	NW_004445067.1
triMan1:JH595675	JH595675			JH595675.1	NW_004445068.1
triMan1:JH595676	JH595676			JH595676.1	NW_004445069.1
triMan1:JH595677	JH595677			JH595677.1	NW_004445070.1
triMan1:JH595678	JH595678			JH595678.1	NW_004445071.1
triMan1:JH595679	JH595679			JH595679.1	NW_004445072.1
triMan1:JH595680	JH595680			JH595680.1	NW_004445073.1
triMan1:JH595681	JH595681			JH595681.1	NW_004445074.1
triMan1:JH595682	JH595682			JH595682.1	NW_004445075.1
triMan1:JH595683	JH595683			JH595683.1	NW_004445076.1
triMan1:JH595684	JH595684			JH595684.1	NW_004445077.1
triMan1:JH595685	JH595685			JH595685.1	NW_004445078.1
triMan1:JH595686	JH595686			JH595686.1	NW_004445079.1
triMan1:JH595687	JH595687			JH595687.1	NW_004445080.1
triMan1:JH595688	JH595688			JH595688.1	NW_004445083.1
triMan1:JH595689	JH595689			JH595689.1	NW_004445086.1
triMan1:JH595690	JH595690			JH595690.1	NW_004445087.1
triMan1:JH595691	JH595691			JH595691.1	NW_004445089.1
triMan1:JH595692	JH595692			JH595692.1	NW_004445090.1
triMan1:JH595693	JH595693			JH595693.1	NW_004445091.1
triMan1:JH595694	JH595694			JH595694.1	NW_004445093.1
triMan1:JH595695	JH595695			JH595695.1	NW_004445094.1
triMan1:JH595696	JH595696			JH595696.1	NW_004445095.1
triMan1:JH595697	JH595697			JH595697.1	NW_004445096.1
triMan1:JH595698	JH595698			JH595698.1	NW_004445097.1
triMan1:JH595699	JH595699			JH595699.1	NW_004445098.1
triMan1:JH595700	JH595700			JH595700.1	NW_004445100.1
triMan1:JH595701	JH595701			JH595701.1	NW_004445102.1
triMan1:JH595702	JH595702			JH595702.1	NW_004445103.1
triMan1:JH595703	JH595703			JH595703.1	NW_004445105.1
triMan1:JH595704	JH595704			JH595704.1	NW_004445106.1
triMan1:JH595705	JH595705			JH595705.1	NW_004445107.1
triMan1:JH595706	JH595706			JH595706.1	NW_004445108.1
triMan1:JH595707	JH595707			JH595707.1	NW_004445109.1
triMan1:JH595708	JH595708			JH595708.1	NW_004445110.1
triMan1:JH595709	JH595709			JH595709.1	NW_004445111.1
triMan1:JH595710	JH595710			JH595710.1	NW_004445113.1
triMan1:JH595711	JH595711			JH595711.1	NW_004445114.1
triMan1:JH595712	JH595712			JH595712.1	NW_004445115.1
triMan1:JH595713	JH595713			JH595713.1	NW_004445116.1
triMan1:JH595714	JH595714			JH595714.1	NW_004445117.1
triMan1:JH595715	JH595715			JH595715.1	NW_004445118.1
triMan1:JH595716	JH595716			JH595716.1	NW_004445119.1
triMan1:JH595717	JH595717			JH595717.1	NW_004445120.1
triMan1:JH595718	JH595718			JH595718.1	NW_004445121.1
triMan1:JH595719	JH595719			JH595719.1	NW_004445122.1
triMan1:JH595720	JH595720			JH595720.1	NW_004445123.1
triMan1:JH595721	JH595721			JH595721.1	NW_004445124.1
triMan1:JH595722	JH595722			JH595722.1	NW_004445125.1
triMan1:JH595723	JH595723			JH595723.1	NW_004445126.1
triMan1:JH595724	JH595724			JH595724.1	NW_004445127.1
triMan1:JH595725	JH595725			JH595725.1	NW_004445130.1
triMan1:JH595726	JH595726			JH595726.1	NW_004445132.1
triMan1:JH595727	JH595727			JH595727.1	NW_004445133.1
triMan1:JH595728	JH595728			JH595728.1	NW_004445134.1
triMan1:JH595729	JH595729			JH595729.1	NW_004445135.1
triMan1:JH595730	JH595730			JH595730.1	NW_004445137.1
triMan1:JH595731	JH595731			JH595731.1	NW_004445138.1
triMan1:JH595732	JH595732			JH595732.1	NW_004445139.1
triMan1:JH595733	JH595733			JH595733.1	NW_004445142.1
triMan1:JH595734	JH595734			JH595734.1	NW_004445143.1
triMan1:JH595735	JH595735			JH595735.1	NW_004445144.1
triMan1:JH595736	JH595736			JH595736.1	NW_004445145.1
triMan1:JH595737	JH595737			JH595737.1	NW_004445146.1
triMan1:JH595738	JH595738			JH595738.1	NW_004445147.1
triMan1:JH595739	JH595739			JH595739.1	NW_004445148.1
triMan1:JH595740	JH595740			JH595740.1	NW_004445150.1
triMan1:JH595741	JH595741			JH595741.1	NW_004445151.1
triMan1:JH595742	JH595742			JH595742.1	NW_004445152.1
triMan1:JH595743	JH595743			JH595743.1	NW_004445153.1
triMan1:JH595744	JH595744			JH595744.1	NW_004445155.1
triMan1:JH595745	JH595745			JH595745.1	NW_004445156.1
triMan1:JH595746	JH595746			JH595746.1	NW_004445157.1
triMan1:JH595747	JH595747			JH595747.1	NW_004445158.1
triMan1:JH595748	JH595748			JH595748.1	NW_004445159.1
triMan1:JH595749	JH595749			JH595749.1	NW_004445160.1
triMan1:JH595750	JH595750			JH595750.1	NW_004445162.1
triMan1:JH595751	JH595751			JH595751.1	NW_004445163.1
triMan1:JH595752	JH595752			JH595752.1	NW_004445164.1
triMan1:JH595753	JH595753			JH595753.1	NW_004445165.1
triMan1:JH595754	JH595754			JH595754.1	NW_004445166.1
triMan1:JH595755	JH595755			JH595755.1	NW_004445168.1
triMan1:JH595756	JH595756			JH595756.1	NW_004445169.1
triMan1:JH595757	JH595757			JH595757.1	NW_004445170.1
triMan1:JH595758	JH595758			JH595758.1	NW_004445171.1
triMan1:JH595759	JH595759			JH595759.1	NW_004445173.1
triMan1:JH595760	JH595760			JH595760.1	NW_004445174.1
triMan1:JH595761	JH595761			JH595761.1	NW_004445175.1
triMan1:JH595762	JH595762			JH595762.1	NW_004445176.1
triMan1:JH595763	JH595763			JH595763.1	NW_004445178.1
triMan1:JH595764	JH595764			JH595764.1	NW_004445179.1
triMan1:JH595765	JH595765			JH595765.1	NW_004445180.1
triMan1:JH595766	JH595766			JH595766.1	NW_004445181.1
triMan1:JH595767	JH595767			JH595767.1	NW_004445182.1
triMan1:JH595768	JH595768			JH595768.1	NW_004445184.1
triMan1:JH595769	JH595769			JH595769.1	NW_004445185.1
triMan1:JH595770	JH595770			JH595770.1	NW_004445186.1
triMan1:JH595771	JH595771			JH595771.1	NW_004445187.1
triMan1:JH595772	JH595772			JH595772.1	NW_004445188.1
triMan1:JH595773	JH595773			JH595773.1	NW_004445189.1
triMan1:JH595774	JH595774			JH595774.1	NW_004445191.1
triMan1:JH595775	JH595775			JH595775.1	NW_004445192.1
triMan1:JH595776	JH595776			JH595776.1	NW_004445193.1
triMan1:JH595777	JH595777			JH595777.1	NW_004445194.1
triMan1:JH595778	JH595778			JH595778.1	NW_004445195.1
triMan1:JH595779	JH595779			JH595779.1	NW_004445196.1
triMan1:JH595780	JH595780			JH595780.1	NW_004445197.1
triMan1:JH595781	JH595781			JH595781.1	NW_004445198.1
triMan1:JH595782	JH595782			JH595782.1	NW_004445199.1
triMan1:JH595783	JH595783			JH595783.1	NW_004445200.1
triMan1:JH595784	JH595784			JH595784.1	NW_004445201.1
triMan1:JH595785	JH595785			JH595785.1	NW_004445202.1
triMan1:JH595786	JH595786			JH595786.1	NW_004445203.1
triMan1:JH595787	JH595787			JH595787.1	NW_004445204.1
triMan1:JH595788	JH595788			JH595788.1	NW_004445205.1
triMan1:JH595789	JH595789			JH595789.1	NW_004445206.1
triMan1:JH595790	JH595790			JH595790.1	NW_004445207.1
triMan1:JH595791	JH595791			JH595791.1	NW_004445208.1
triMan1:JH595792	JH595792			JH595792.1	NW_004445209.1
triMan1:JH595793	JH595793			JH595793.1	NW_004445210.1
triMan1:JH595794	JH595794			JH595794.1	NW_004445211.1
triMan1:JH595795	JH595795			JH595795.1	NW_004445212.1
triMan1:JH595796	JH595796			JH595796.1	NW_004445213.1
triMan1:JH595797	JH595797			JH595797.1	NW_004445214.1
triMan1:JH595798	JH595798			JH595798.1	NW_004445215.1
triMan1:JH595799	JH595799			JH595799.1	NW_004445216.1
triMan1:JH595800	JH595800			JH595800.1	NW_004445217.1
triMan1:JH595801	JH595801			JH595801.1	NW_004445218.1
triMan1:JH595802	JH595802			JH595802.1	NW_004445219.1
triMan1:JH595803	JH595803			JH595803.1	NW_004445220.1
triMan1:JH595804	JH595804			JH595804.1	NW_004445221.1
triMan1:JH595805	JH595805			JH595805.1	NW_004445222.1
triMan1:JH595806	JH595806			JH595806.1	NW_004445223.1
triMan1:JH595807	JH595807			JH595807.1	NW_004445224.1
triMan1:JH595808	JH595808			JH595808.1	NW_004445225.1
triMan1:JH595809	JH595809			JH595809.1	NW_004445226.1
triMan1:JH595810	JH595810			JH595810.1	NW_004445227.1
triMan1:JH595811	JH595811			JH595811.1	NW_004445228.1
triMan1:JH595812	JH595812			JH595812.1	NW_004445229.1
triMan1:JH595813	JH595813			JH595813.1	NW_004445230.1
triMan1:JH595814	JH595814			JH595814.1	NW_004445231.1
triMan1:JH595815	JH595815			JH595815.1	NW_004445234.1
triMan1:JH595816	JH595816			JH595816.1	NW_004445235.1
triMan1:JH595817	JH595817			JH595817.1	NW_004445236.1
triMan1:JH595818	JH595818			JH595818.1	NW_004445237.1
triMan1:JH595819	JH595819			JH595819.1	NW_004445238.1
triMan1:JH595820	JH595820			JH595820.1	NW_004445240.1
triMan1:JH595821	JH595821			JH595821.1	NW_004445241.1
triMan1:JH595822	JH595822			JH595822.1	NW_004445243.1
triMan1:JH595823	JH595823			JH595823.1	NW_004445244.1
triMan1:JH595824	JH595824			JH595824.1	NW_004445245.1
triMan1:JH595825	JH595825			JH595825.1	NW_004445246.1
triMan1:JH595826	JH595826			JH595826.1	NW_004445247.1
triMan1:JH595827	JH595827			JH595827.1	NW_004445248.1
triMan1:JH595828	JH595828			JH595828.1	NW_004445249.1
triMan1:JH595829	JH595829			JH595829.1	NW_004445250.1
triMan1:JH595830	JH595830			JH595830.1	NW_004445251.1
triMan1:JH595831	JH595831			JH595831.1	NW_004445254.1
triMan1:JH595832	JH595832			JH595832.1	NW_004445255.1
triMan1:JH595833	JH595833			JH595833.1	NW_004445256.1
triMan1:JH595834	JH595834			JH595834.1	NW_004445257.1
triMan1:JH595835	JH595835			JH595835.1	NW_004445258.1
triMan1:JH595836	JH595836			JH595836.1	NW_004445259.1
triMan1:JH595837	JH595837			JH595837.1	NW_004445260.1
triMan1:JH595838	JH595838			JH595838.1	NW_004445261.1
triMan1:JH595839	JH595839			JH595839.1	NW_004445262.1
triMan1:JH595840	JH595840			JH595840.1	NW_004445264.1
triMan1:JH595841	JH595841			JH595841.1	NW_004445265.1
triMan1:JH595842	JH595842			JH595842.1	NW_004445266.1
triMan1:JH595843	JH595843			JH595843.1	NW_004445267.1
triMan1:JH595844	JH595844			JH595844.1	NW_004445268.1
triMan1:JH595845	JH595845			JH595845.1	NW_004445269.1
triMan1:JH595846	JH595846			JH595846.1	NW_004445270.1
triMan1:JH595847	JH595847			JH595847.1	NW_004445273.1
triMan1:JH595848	JH595848			JH595848.1	NW_004445274.1
triMan1:JH595849	JH595849			JH595849.1	NW_004445275.1
triMan1:JH595850	JH595850			JH595850.1	NW_004445276.1
triMan1:JH595851	JH595851			JH595851.1	NW_004445277.1
triMan1:JH595852	JH595852			JH595852.1	NW_004445278.1
triMan1:JH595853	JH595853			JH595853.1	NW_004445279.1
triMan1:JH595854	JH595854			JH595854.1	NW_004445280.1
triMan1:JH595855	JH595855			JH595855.1	NW_004445281.1
triMan1:JH595856	JH595856			JH595856.1	NW_004445282.1
triMan1:JH595857	JH595857			JH595857.1	NW_004445283.1
triMan1:JH595858	JH595858			JH595858.1	NW_004445284.1
triMan1:JH595859	JH595859			JH595859.1	NW_004445285.1
triMan1:JH595860	JH595860			JH595860.1	NW_004445287.1
triMan1:JH595861	JH595861			JH595861.1	NW_004445289.1
triMan1:JH595862	JH595862			JH595862.1	NW_004445291.1
triMan1:JH595863	JH595863			JH595863.1	NW_004445292.1
triMan1:JH595864	JH595864			JH595864.1	NW_004445294.1
triMan1:JH595865	JH595865			JH595865.1	NW_004445295.1
triMan1:JH595866	JH595866			JH595866.1	NW_004445296.1
triMan1:JH595867	JH595867			JH595867.1	NW_004445297.1
triMan1:JH595868	JH595868			JH595868.1	NW_004445299.1
triMan1:JH595869	JH595869			JH595869.1	NW_004445300.1
triMan1:JH595870	JH595870			JH595870.1	NW_004445301.1
triMan1:JH595871	JH595871			JH595871.1	NW_004445303.1
triMan1:JH595872	JH595872			JH595872.1	NW_004445304.1
triMan1:JH595873	JH595873			JH595873.1	NW_004445305.1
triMan1:JH595874	JH595874			JH595874.1	NW_004445306.1
triMan1:JH595875	JH595875			JH595875.1	NW_004445309.1
triMan1:JH595876	JH595876			JH595876.1	NW_004445310.1
triMan1:JH595877	JH595877			JH595877.1	NW_004445312.1
triMan1:JH595878	JH595878			JH595878.1	NW_004445313.1
triMan1:JH595879	JH595879			JH595879.1	NW_004445314.1
triMan1:JH595880	JH595880			JH595880.1	NW_004445315.1
triMan1:JH595881	JH595881			JH595881.1	NW_004445316.1
triMan1:JH595882	JH595882			JH595882.1	NW_004445318.1
triMan1:JH595883	JH595883			JH595883.1	NW_004445319.1
triMan1:JH595884	JH595884			JH595884.1	NW_004445320.1
triMan1:JH595885	JH595885			JH595885.1	NW_004445321.1
triMan1:JH595886	JH595886			JH595886.1	NW_004445322.1
triMan1:JH595887	JH595887			JH595887.1	NW_004445323.1
triMan1:JH595888	JH595888			JH595888.1	NW_004445324.1
triMan1:JH595889	JH595889			JH595889.1	NW_004445325.1
triMan1:JH595890	JH595890			JH595890.1	NW_004445327.1
triMan1:JH595891	JH595891			JH595891.1	NW_004445328.1
triMan1:JH595892	JH595892			JH595892.1	NW_004445329.1
triMan1:JH595893	JH595893			JH595893.1	NW_004445330.1
triMan1:JH595894	JH595894			JH595894.1	NW_004445331.1
triMan1:JH595895	JH595895			JH595895.1	NW_004445332.1
triMan1:JH595896	JH595896			JH595896.1	NW_004445333.1
triMan1:JH595897	JH595897			JH595897.1	NW_004445334.1
triMan1:JH595898	JH595898			JH595898.1	NW_004445335.1
triMan1:JH595899	JH595899			JH595899.1	NW_004445336.1
triMan1:JH595900	JH595900			JH595900.1	NW_004445337.1
triMan1:JH595901	JH595901			JH595901.1	NW_004445338.1
triMan1:JH595902	JH595902			JH595902.1	NW_004445339.1
triMan1:JH595903	JH595903			JH595903.1	NW_004445340.1
triMan1:JH595904	JH595904			JH595904.1	NW_004445341.1
triMan1:JH595905	JH595905			JH595905.1	NW_004445342.1
triMan1:JH595906	JH595906			JH595906.1	NW_004445343.1
triMan1:JH595907	JH595907			JH595907.1	NW_004445345.1
triMan1:JH595908	JH595908			JH595908.1	NW_004445346.1
triMan1:JH595909	JH595909			JH595909.1	NW_004445347.1
triMan1:JH595910	JH595910			JH595910.1	NW_004445348.1
triMan1:JH595911	JH595911			JH595911.1	NW_004445349.1
triMan1:JH595912	JH595912			JH595912.1	NW_004445350.1
triMan1:JH595913	JH595913			JH595913.1	NW_004445351.1
triMan1:JH595914	JH595914			JH595914.1	NW_004445352.1
triMan1:JH595915	JH595915			JH595915.1	NW_004445353.1
triMan1:JH595916	JH595916			JH595916.1	NW_004445354.1
triMan1:JH595917	JH595917			JH595917.1	NW_004445355.1
triMan1:JH595918	JH595918			JH595918.1	NW_004445357.1
triMan1:JH595919	JH595919			JH595919.1	NW_004445358.1
triMan1:JH595920	JH595920			JH595920.1	NW_004445359.1
triMan1:JH595921	JH595921			JH595921.1	NW_004445360.1
triMan1:JH595922	JH595922			JH595922.1	NW_004445361.1
triMan1:JH595923	JH595923			JH595923.1	NW_004445362.1
triMan1:JH595924	JH595924			JH595924.1	NW_004445363.1
triMan1:JH595925	JH595925			JH595925.1	NW_004445364.1
triMan1:JH595926	JH595926			JH595926.1	NW_004445365.1
triMan1:JH595927	JH595927			JH595927.1	NW_004445366.1
triMan1:JH595928	JH595928			JH595928.1	NW_004445368.1
triMan1:JH595929	JH595929			JH595929.1	NW_004445369.1
triMan1:JH595930	JH595930			JH595930.1	NW_004445370.1
triMan1:JH595931	JH595931			JH595931.1	NW_004445371.1
triMan1:JH595932	JH595932			JH595932.1	NW_004445372.1
triMan1:JH595933	JH595933			JH595933.1	NW_004445373.1
triMan1:JH595934	JH595934			JH595934.1	NW_004445374.1
triMan1:JH595935	JH595935			JH595935.1	NW_004445375.1
triMan1:JH595936	JH595936			JH595936.1	NW_004445376.1
triMan1:JH595937	JH595937			JH595937.1	NW_004445377.1
triMan1:JH595938	JH595938			JH595938.1	NW_004445378.1
triMan1:JH595939	JH595939			JH595939.1	NW_004445380.1
triMan1:JH595940	JH595940			JH595940.1	NW_004445381.1
triMan1:JH595941	JH595941			JH595941.1	NW_004445382.1
triMan1:JH595942	JH595942			JH595942.1	NW_004445383.1
triMan1:JH595943	JH595943			JH595943.1	NW_004445384.1
triMan1:JH595944	JH595944			JH595944.1	NW_004445385.1
triMan1:JH595945	JH595945			JH595945.1	NW_004445386.1
triMan1:JH595946	JH595946			JH595946.1	NW_004445387.1
triMan1:JH595947	JH595947			JH595947.1	NW_004445388.1
triMan1:JH595948	JH595948			JH595948.1	NW_004445389.1
triMan1:JH595949	JH595949			JH595949.1	NW_004445390.1
triMan1:JH595950	JH595950			JH595950.1	NW_004445391.1
triMan1:JH595951	JH595951			JH595951.1	NW_004445392.1
triMan1:JH595952	JH595952			JH595952.1	NW_004445393.1
triMan1:JH595953	JH595953			JH595953.1	NW_004445394.1
triMan1:JH595954	JH595954			JH595954.1	NW_004445395.1
triMan1:JH595955	JH595955			JH595955.1	NW_004445396.1
triMan1:JH595956	JH595956			JH595956.1	NW_004445397.1
triMan1:JH595957	JH595957			JH595957.1	NW_004445398.1
triMan1:JH595958	JH595958			JH595958.1	NW_004445399.1
triMan1:JH595959	JH595959			JH595959.1	NW_004445401.1
triMan1:JH595960	JH595960			JH595960.1	NW_004445402.1
triMan1:JH595961	JH595961			JH595961.1	NW_004445404.1
triMan1:JH595962	JH595962			JH595962.1	NW_004445405.1
triMan1:JH595963	JH595963			JH595963.1	NW_004445406.1
triMan1:JH595964	JH595964			JH595964.1	NW_004445407.1
triMan1:JH595965	JH595965			JH595965.1	NW_004445408.1
triMan1:JH595966	JH595966			JH595966.1	NW_004445409.1
triMan1:JH595967	JH595967			JH595967.1	NW_004445410.1
triMan1:JH595968	JH595968			JH595968.1	NW_004445411.1
triMan1:JH595969	JH595969			JH595969.1	NW_004445412.1
triMan1:JH595970	JH595970			JH595970.1	NW_004445413.1
triMan1:JH595971	JH595971			JH595971.1	NW_004445414.1
triMan1:JH595972	JH595972			JH595972.1	NW_004445417.1
triMan1:JH595973	JH595973			JH595973.1	NW_004445418.1
triMan1:JH595974	JH595974			JH595974.1	NW_004445419.1
triMan1:JH595975	JH595975			JH595975.1	NW_004445420.1
triMan1:JH595976	JH595976			JH595976.1	NW_004445421.1
triMan1:JH595977	JH595977			JH595977.1	NW_004445422.1
triMan1:JH595978	JH595978			JH595978.1	NW_004445423.1
triMan1:JH595979	JH595979			JH595979.1	NW_004445424.1
triMan1:JH595980	JH595980			JH595980.1	NW_004445425.1
triMan1:JH595981	JH595981			JH595981.1	NW_004445426.1
triMan1:JH595982	JH595982			JH595982.1	NW_004445427.1
triMan1:JH595983	JH595983			JH595983.1	NW_004445428.1
triMan1:JH595984	JH595984			JH595984.1	NW_004445429.1
triMan1:JH595985	JH595985			JH595985.1	NW_004445430.1
triMan1:JH595986	JH595986			JH595986.1	NW_004445431.1
triMan1:JH595987	JH595987			JH595987.1	NW_004445432.1
triMan1:JH595988	JH595988			JH595988.1	NW_004445433.1
triMan1:JH595989	JH595989			JH595989.1	NW_004445434.1
triMan1:JH595990	JH595990			JH595990.1	NW_004445435.1
triMan1:JH595991	JH595991			JH595991.1	NW_004445436.1
triMan1:JH595992	JH595992			JH595992.1	NW_004445437.1
triMan1:JH595993	JH595993			JH595993.1	NW_004445438.1
triMan1:JH595994	JH595994			JH595994.1	NW_004445439.1
triMan1:JH595995	JH595995			JH595995.1	NW_004445440.1
triMan1:JH595996	JH595996			JH595996.1	NW_004445441.1
triMan1:JH595997	JH595997			JH595997.1	NW_004445442.1
triMan1:JH595998	JH595998			JH595998.1	NW_004445443.1
triMan1:JH595999	JH595999			JH595999.1	NW_004445444.1
triMan1:JH596000	JH596000			JH596000.1	NW_004445445.1
triMan1:JH596001	JH596001			JH596001.1	NW_004445446.1
triMan1:JH596002	JH596002			JH596002.1	NW_004445447.1
triMan1:JH596003	JH596003			JH596003.1	NW_004445448.1
triMan1:JH596004	JH596004			JH596004.1	NW_004445449.1
triMan1:JH596005	JH596005			JH596005.1	NW_004445450.1
triMan1:JH596006	JH596006			JH596006.1	NW_004445453.1
triMan1:JH596007	JH596007			JH596007.1	NW_004445454.1
triMan1:JH596008	JH596008			JH596008.1	NW_004445456.1
triMan1:JH596009	JH596009			JH596009.1	NW_004445457.1
triMan1:JH596010	JH596010			JH596010.1	NW_004445458.1
triMan1:JH596011	JH596011			JH596011.1	NW_004445459.1
triMan1:JH596012	JH596012			JH596012.1	NW_004445460.1
triMan1:JH596013	JH596013			JH596013.1	NW_004445463.1
triMan1:JH596014	JH596014			JH596014.1	NW_004445466.1
triMan1:JH596015	JH596015			JH596015.1	NW_004445467.1
triMan1:JH596016	JH596016			JH596016.1	NW_004445468.1
triMan1:JH596017	JH596017			JH596017.1	NW_004445469.1
triMan1:JH596018	JH596018			JH596018.1	NW_004445470.1
triMan1:JH596019	JH596019			JH596019.1	NW_004445472.1
triMan1:JH596020	JH596020			JH596020.1	NW_004445473.1
triMan1:JH596021	JH596021			JH596021.1	NW_004445474.1
triMan1:JH596022	JH596022			JH596022.1	NW_004445475.1
triMan1:JH596023	JH596023			JH596023.1	NW_004445476.1
triMan1:JH596024	JH596024			JH596024.1	NW_004445477.1
triMan1:JH596025	JH596025			JH596025.1	NW_004445478.1
triMan1:JH596026	JH596026			JH596026.1	NW_004445479.1
triMan1:JH596027	JH596027			JH596027.1	NW_004445480.1
triMan1:JH596028	JH596028			JH596028.1	NW_004445482.1
triMan1:JH596029	JH596029			JH596029.1	NW_004445483.1
triMan1:JH596030	JH596030			JH596030.1	NW_004445484.1
triMan1:JH596031	JH596031			JH596031.1	NW_004445485.1
triMan1:JH596032	JH596032			JH596032.1	NW_004445486.1
triMan1:JH596033	JH596033			JH596033.1	NW_004445488.1
triMan1:JH596034	JH596034			JH596034.1	NW_004445489.1
triMan1:JH596035	JH596035			JH596035.1	NW_004445490.1
triMan1:JH596036	JH596036			JH596036.1	NW_004445491.1
triMan1:JH596037	JH596037			JH596037.1	NW_004445492.1
triMan1:JH596038	JH596038			JH596038.1	NW_004445493.1
triMan1:JH596039	JH596039			JH596039.1	NW_004445494.1
triMan1:JH596040	JH596040			JH596040.1	NW_004445495.1
triMan1:JH596041	JH596041			JH596041.1	NW_004445496.1
triMan1:JH596042	JH596042			JH596042.1	NW_004445498.1
triMan1:JH596043	JH596043			JH596043.1	NW_004445499.1
triMan1:JH596044	JH596044			JH596044.1	NW_004445500.1
triMan1:JH596045	JH596045			JH596045.1	NW_004445501.1
triMan1:JH596046	JH596046			JH596046.1	NW_004445502.1
triMan1:JH596047	JH596047			JH596047.1	NW_004445503.1
triMan1:JH596048	JH596048			JH596048.1	NW_004445505.1
triMan1:JH596049	JH596049			JH596049.1	NW_004445506.1
triMan1:JH596050	JH596050			JH596050.1	NW_004445507.1
triMan1:JH596051	JH596051			JH596051.1	NW_004445508.1
triMan1:JH596052	JH596052			JH596052.1	NW_004445509.1
triMan1:JH596053	JH596053			JH596053.1	NW_004445510.1
triMan1:JH596054	JH596054			JH596054.1	NW_004445512.1
triMan1:JH596055	JH596055			JH596055.1	NW_004445513.1
triMan1:JH596056	JH596056			JH596056.1	NW_004445516.1
triMan1:JH596057	JH596057			JH596057.1	NW_004445517.1
triMan1:JH596058	JH596058			JH596058.1	NW_004445518.1
triMan1:JH596059	JH596059			JH596059.1	NW_004445519.1
triMan1:JH596060	JH596060			JH596060.1	NW_004445520.1
triMan1:JH596061	JH596061			JH596061.1	NW_004445522.1
triMan1:JH596062	JH596062			JH596062.1	NW_004445523.1
triMan1:JH596063	JH596063			JH596063.1	NW_004445524.1
triMan1:JH596064	JH596064			JH596064.1	NW_004445525.1
triMan1:JH596065	JH596065			JH596065.1	NW_004445526.1
triMan1:JH596066	JH596066			JH596066.1	NW_004445527.1
triMan1:JH596067	JH596067			JH596067.1	NW_004445528.1
triMan1:JH596068	JH596068			JH596068.1	NW_004445529.1
triMan1:JH596069	JH596069			JH596069.1	NW_004445531.1
triMan1:JH596070	JH596070			JH596070.1	NW_004445532.1
triMan1:JH596071	JH596071			JH596071.1	NW_004445533.1
triMan1:JH596072	JH596072			JH596072.1	NW_004445534.1
triMan1:JH596073	JH596073			JH596073.1	NW_004445535.1
triMan1:JH596074	JH596074			JH596074.1	NW_004445536.1
triMan1:JH596075	JH596075			JH596075.1	NW_004445537.1
triMan1:JH596076	JH596076			JH596076.1	NW_004445538.1
triMan1:JH596077	JH596077			JH596077.1	NW_004445539.1
triMan1:JH596078	JH596078			JH596078.1	NW_004445540.1
triMan1:JH596079	JH596079			JH596079.1	NW_004445541.1
triMan1:JH596080	JH596080			JH596080.1	NW_004445542.1
triMan1:JH596081	JH596081			JH596081.1	NW_004445543.1
triMan1:JH596082	JH596082			JH596082.1	NW_004445546.1
triMan1:JH596083	JH596083			JH596083.1	NW_004445547.1
triMan1:JH596084	JH596084			JH596084.1	NW_004445548.1
triMan1:JH596085	JH596085			JH596085.1	NW_004445549.1
triMan1:JH596086	JH596086			JH596086.1	NW_004445550.1
triMan1:JH596087	JH596087			JH596087.1	NW_004445551.1
triMan1:JH596088	JH596088			JH596088.1	NW_004445552.1
triMan1:JH596089	JH596089			JH596089.1	NW_004445553.1
triMan1:JH596090	JH596090			JH596090.1	NW_004445554.1
triMan1:JH596091	JH596091			JH596091.1	NW_004445555.1
triMan1:JH596092	JH596092			JH596092.1	NW_004445556.1
triMan1:JH596093	JH596093			JH596093.1	NW_004445558.1
triMan1:JH596094	JH596094			JH596094.1	NW_004445560.1
triMan1:JH596095	JH596095			JH596095.1	NW_004445561.1
triMan1:JH596096	JH596096			JH596096.1	NW_004445563.1
triMan1:JH596097	JH596097			JH596097.1	NW_004445564.1
triMan1:JH596098	JH596098			JH596098.1	NW_004445565.1
triMan1:JH596099	JH596099			JH596099.1	NW_004445566.1
triMan1:JH596100	JH596100			JH596100.1	NW_004445567.1
triMan1:JH596101	JH596101			JH596101.1	NW_004445568.1
triMan1:JH596102	JH596102			JH596102.1	NW_004445569.1
triMan1:JH596103	JH596103			JH596103.1	NW_004445570.1
triMan1:JH596104	JH596104			JH596104.1	NW_004445571.1
triMan1:JH596105	JH596105			JH596105.1	NW_004445572.1
triMan1:JH596106	JH596106			JH596106.1	NW_004445573.1
triMan1:JH596107	JH596107			JH596107.1	NW_004445574.1
triMan1:JH596108	JH596108			JH596108.1	NW_004445575.1
triMan1:JH596109	JH596109			JH596109.1	NW_004445576.1
triMan1:JH596110	JH596110			JH596110.1	NW_004445577.1
triMan1:JH596111	JH596111			JH596111.1	NW_004445578.1
triMan1:JH596112	JH596112			JH596112.1	NW_004445580.1
triMan1:JH596113	JH596113			JH596113.1	NW_004445581.1
triMan1:JH596114	JH596114			JH596114.1	NW_004445582.1
triMan1:JH596115	JH596115			JH596115.1	NW_004445583.1
triMan1:JH596116	JH596116			JH596116.1	NW_004445587.1
triMan1:JH596117	JH596117			JH596117.1	NW_004445588.1
triMan1:JH596118	JH596118			JH596118.1	NW_004445589.1
triMan1:JH596119	JH596119			JH596119.1	NW_004445590.1
triMan1:JH596120	JH596120			JH596120.1	NW_004445591.1
triMan1:JH596121	JH596121			JH596121.1	NW_004445592.1
triMan1:JH596122	JH596122			JH596122.1	NW_004445593.1
triMan1:JH596123	JH596123			JH596123.1	NW_004445594.1
triMan1:JH596124	JH596124			JH596124.1	NW_004445595.1
triMan1:JH596125	JH596125			JH596125.1	NW_004445596.1
triMan1:JH596126	JH596126			JH596126.1	NW_004445597.1
triMan1:JH596127	JH596127			JH596127.1	NW_004445598.1
triMan1:JH596128	JH596128			JH596128.1	NW_004445599.1
triMan1:JH596129	JH596129			JH596129.1	NW_004445600.1
triMan1:JH596130	JH596130			JH596130.1	NW_004445601.1
triMan1:JH596131	JH596131			JH596131.1	NW_004445602.1
triMan1:JH596132	JH596132			JH596132.1	NW_004445603.1
triMan1:JH596133	JH596133			JH596133.1	NW_004445604.1
triMan1:JH596134	JH596134			JH596134.1	NW_004445605.1
triMan1:JH596135	JH596135			JH596135.1	NW_004445606.1
triMan1:JH596136	JH596136			JH596136.1	NW_004445609.1
triMan1:JH596137	JH596137			JH596137.1	NW_004445610.1
triMan1:JH596138	JH596138			JH596138.1	NW_004445611.1
triMan1:JH596139	JH596139			JH596139.1	NW_004445612.1
triMan1:JH596140	JH596140			JH596140.1	NW_004445613.1
triMan1:JH596141	JH596141			JH596141.1	NW_004445614.1
triMan1:JH596142	JH596142			JH596142.1	NW_004445615.1
triMan1:JH596143	JH596143			JH596143.1	NW_004445616.1
triMan1:JH596144	JH596144			JH596144.1	NW_004445617.1
triMan1:JH596145	JH596145			JH596145.1	NW_004445618.1
triMan1:JH596146	JH596146			JH596146.1	NW_004445620.1
triMan1:JH596147	JH596147			JH596147.1	NW_004445621.1
triMan1:JH596148	JH596148			JH596148.1	NW_004445622.1
triMan1:JH596149	JH596149			JH596149.1	NW_004445623.1
triMan1:JH596150	JH596150			JH596150.1	NW_004445624.1
triMan1:JH596151	JH596151			JH596151.1	NW_004445625.1
triMan1:JH596152	JH596152			JH596152.1	NW_004445626.1
triMan1:JH596153	JH596153			JH596153.1	NW_004445627.1
triMan1:JH596154	JH596154			JH596154.1	NW_004445628.1
triMan1:JH596155	JH596155			JH596155.1	NW_004445629.1
triMan1:JH596156	JH596156			JH596156.1	NW_004445632.1
triMan1:JH596157	JH596157			JH596157.1	NW_004445633.1
triMan1:JH596158	JH596158			JH596158.1	NW_004445634.1
triMan1:JH596159	JH596159			JH596159.1	NW_004445635.1
triMan1:JH596160	JH596160			JH596160.1	NW_004445636.1
triMan1:JH596161	JH596161			JH596161.1	NW_004445637.1
triMan1:JH596162	JH596162			JH596162.1	NW_004445639.1
triMan1:JH596163	JH596163			JH596163.1	NW_004445640.1
triMan1:JH596164	JH596164			JH596164.1	NW_004445642.1
triMan1:JH596165	JH596165			JH596165.1	NW_004445643.1
triMan1:JH596166	JH596166			JH596166.1	NW_004445644.1
triMan1:JH596167	JH596167			JH596167.1	NW_004445646.1
triMan1:JH596168	JH596168			JH596168.1	NW_004445647.1
triMan1:JH596169	JH596169			JH596169.1	NW_004445648.1
triMan1:JH596170	JH596170			JH596170.1	NW_004445649.1
triMan1:JH596171	JH596171			JH596171.1	NW_004445650.1
triMan1:JH596172	JH596172			JH596172.1	NW_004445652.1
triMan1:JH596173	JH596173			JH596173.1	NW_004445653.1
triMan1:JH596174	JH596174			JH596174.1	NW_004445654.1
triMan1:JH596175	JH596175			JH596175.1	NW_004445655.1
triMan1:JH596176	JH596176			JH596176.1	NW_004445659.1
triMan1:JH596177	JH596177			JH596177.1	NW_004445660.1
triMan1:JH596178	JH596178			JH596178.1	NW_004445663.1
triMan1:JH596179	JH596179			JH596179.1	NW_004445664.1
triMan1:JH596180	JH596180			JH596180.1	NW_004445665.1
triMan1:JH596181	JH596181			JH596181.1	NW_004445666.1
triMan1:JH596182	JH596182			JH596182.1	NW_004445667.1
triMan1:JH596183	JH596183			JH596183.1	NW_004445668.1
triMan1:JH596184	JH596184			JH596184.1	NW_004445669.1
triMan1:JH596185	JH596185			JH596185.1	NW_004445670.1
triMan1:JH596186	JH596186			JH596186.1	NW_004445671.1
triMan1:JH596187	JH596187			JH596187.1	NW_004445672.1
triMan1:JH596188	JH596188			JH596188.1	NW_004445674.1
triMan1:JH596189	JH596189			JH596189.1	NW_004445675.1
triMan1:JH596190	JH596190			JH596190.1	NW_004445676.1
triMan1:JH596191	JH596191			JH596191.1	NW_004445677.1
triMan1:JH596192	JH596192			JH596192.1	NW_004445678.1
triMan1:JH596193	JH596193			JH596193.1	NW_004445679.1
triMan1:JH596194	JH596194			JH596194.1	NW_004445680.1
triMan1:JH596195	JH596195			JH596195.1	NW_004445682.1
triMan1:JH596196	JH596196			JH596196.1	NW_004445684.1
triMan1:JH596197	JH596197			JH596197.1	NW_004445685.1
triMan1:JH596198	JH596198			JH596198.1	NW_004445686.1
triMan1:JH596199	JH596199			JH596199.1	NW_004445688.1
triMan1:JH596200	JH596200			JH596200.1	NW_004445689.1
triMan1:JH596201	JH596201			JH596201.1	NW_004445692.1
triMan1:JH596202	JH596202			JH596202.1	NW_004445693.1
triMan1:JH596203	JH596203			JH596203.1	NW_004445694.1
triMan1:JH596204	JH596204			JH596204.1	NW_004445695.1
triMan1:JH596205	JH596205			JH596205.1	NW_004445696.1
triMan1:JH596206	JH596206			JH596206.1	NW_004445698.1
triMan1:JH596207	JH596207			JH596207.1	NW_004445701.1
triMan1:JH596208	JH596208			JH596208.1	NW_004445704.1
triMan1:JH596209	JH596209			JH596209.1	NW_004445705.1
triMan1:JH596210	JH596210			JH596210.1	NW_004445706.1
triMan1:JH596211	JH596211			JH596211.1	NW_004445707.1
triMan1:JH596212	JH596212			JH596212.1	NW_004445708.1
triMan1:JH596213	JH596213			JH596213.1	NW_004445710.1
triMan1:JH596214	JH596214			JH596214.1	NW_004445711.1
triMan1:JH596215	JH596215			JH596215.1	NW_004445712.1
triMan1:JH596216	JH596216			JH596216.1	NW_004445714.1
triMan1:JH596217	JH596217			JH596217.1	NW_004445716.1
triMan1:JH596218	JH596218			JH596218.1	NW_004445718.1
triMan1:JH596219	JH596219			JH596219.1	NW_004445719.1
triMan1:JH596220	JH596220			JH596220.1	NW_004445720.1
triMan1:JH596221	JH596221			JH596221.1	NW_004445721.1
triMan1:JH596222	JH596222			JH596222.1	NW_004445722.1
triMan1:JH596223	JH596223			JH596223.1	NW_004445723.1
triMan1:JH596224	JH596224			JH596224.1	NW_004445724.1
triMan1:JH596225	JH596225			JH596225.1	NW_004445725.1
triMan1:JH596226	JH596226			JH596226.1	NW_004445726.1
triMan1:JH596227	JH596227			JH596227.1	NW_004445727.1
triMan1:JH596228	JH596228			JH596228.1	NW_004445728.1
triMan1:JH596229	JH596229			JH596229.1	NW_004445733.1
triMan1:JH596230	JH596230			JH596230.1	NW_004445734.1
triMan1:JH596231	JH596231			JH596231.1	NW_004445736.1
triMan1:JH596232	JH596232			JH596232.1	NW_004445737.1
triMan1:JH596233	JH596233			JH596233.1	NW_004445738.1
triMan1:JH596234	JH596234			JH596234.1	NW_004445739.1
triMan1:JH596235	JH596235			JH596235.1	NW_004445740.1
triMan1:JH596236	JH596236			JH596236.1	NW_004445741.1
triMan1:JH596237	JH596237			JH596237.1	NW_004445743.1
triMan1:JH596238	JH596238			JH596238.1	NW_004445744.1
triMan1:JH596239	JH596239			JH596239.1	NW_004445745.1
triMan1:JH596240	JH596240			JH596240.1	NW_004445746.1
triMan1:JH596241	JH596241			JH596241.1	NW_004445747.1
triMan1:JH596242	JH596242			JH596242.1	NW_004445748.1
triMan1:JH596243	JH596243			JH596243.1	NW_004445749.1
triMan1:JH596244	JH596244			JH596244.1	NW_004445750.1
triMan1:JH596245	JH596245			JH596245.1	NW_004445751.1
triMan1:JH596246	JH596246			JH596246.1	NW_004445752.1
triMan1:JH596247	JH596247			JH596247.1	NW_004445753.1
triMan1:JH596248	JH596248			JH596248.1	NW_004445755.1
triMan1:JH596249	JH596249			JH596249.1	NW_004445758.1
triMan1:JH596250	JH596250			JH596250.1	NW_004445759.1
triMan1:JH596251	JH596251			JH596251.1	NW_004445761.1
triMan1:JH596252	JH596252			JH596252.1	NW_004445763.1
triMan1:JH596253	JH596253			JH596253.1	NW_004445766.1
triMan1:JH596254	JH596254			JH596254.1	NW_004445767.1
triMan1:JH596255	JH596255			JH596255.1	NW_004445768.1
triMan1:JH596256	JH596256			JH596256.1	NW_004445771.1
triMan1:JH596257	JH596257			JH596257.1	NW_004445772.1
triMan1:JH596258	JH596258			JH596258.1	NW_004445773.1
triMan1:JH596259	JH596259			JH596259.1	NW_004445774.1
triMan1:JH596260	JH596260			JH596260.1	NW_004445775.1
triMan1:JH596261	JH596261			JH596261.1	NW_004445776.1
triMan1:JH596262	JH596262			JH596262.1	NW_004445778.1
triMan1:JH596263	JH596263			JH596263.1	NW_004445780.1
triMan1:JH596264	JH596264			JH596264.1	NW_004445781.1
triMan1:JH596265	JH596265			JH596265.1	NW_004445782.1
triMan1:JH596266	JH596266			JH596266.1	NW_004445783.1
triMan1:JH596267	JH596267			JH596267.1	NW_004445784.1
triMan1:JH596268	JH596268			JH596268.1	NW_004445785.1
triMan1:JH596269	JH596269			JH596269.1	NW_004445786.1
triMan1:JH596270	JH596270			JH596270.1	NW_004445788.1
triMan1:JH596271	JH596271			JH596271.1	NW_004445789.1
triMan1:JH596272	JH596272			JH596272.1	NW_004445790.1
triMan1:JH596273	JH596273			JH596273.1	NW_004445792.1
triMan1:JH596274	JH596274			JH596274.1	NW_004445793.1
triMan1:JH596275	JH596275			JH596275.1	NW_004445794.1
triMan1:JH596276	JH596276			JH596276.1	NW_004445795.1
triMan1:JH596277	JH596277			JH596277.1	NW_004445796.1
triMan1:JH596278	JH596278			JH596278.1	NW_004445797.1
triMan1:JH596279	JH596279			JH596279.1	NW_004445798.1
triMan1:JH596280	JH596280			JH596280.1	NW_004445799.1
triMan1:JH596281	JH596281			JH596281.1	NW_004445801.1
triMan1:JH596282	JH596282			JH596282.1	NW_004445802.1
triMan1:JH596283	JH596283			JH596283.1	NW_004445803.1
triMan1:JH596284	JH596284			JH596284.1	NW_004445804.1
triMan1:JH596285	JH596285			JH596285.1	NW_004445805.1
triMan1:JH596286	JH596286			JH596286.1	NW_004445806.1
triMan1:JH596287	JH596287			JH596287.1	NW_004445810.1
triMan1:JH596288	JH596288			JH596288.1	NW_004445811.1
triMan1:JH596289	JH596289			JH596289.1	NW_004445812.1
triMan1:JH596290	JH596290			JH596290.1	NW_004445813.1
triMan1:JH596291	JH596291			JH596291.1	NW_004445814.1
triMan1:JH596292	JH596292			JH596292.1	NW_004445815.1
triMan1:JH596293	JH596293			JH596293.1	NW_004445816.1
triMan1:JH596294	JH596294			JH596294.1	NW_004445817.1
triMan1:JH596295	JH596295			JH596295.1	NW_004445818.1
triMan1:JH596296	JH596296			JH596296.1	NW_004445819.1
triMan1:JH596297	JH596297			JH596297.1	NW_004445820.1
triMan1:JH596298	JH596298			JH596298.1	NW_004445821.1
triMan1:JH596299	JH596299			JH596299.1	NW_004445822.1
triMan1:JH596300	JH596300			JH596300.1	NW_004445823.1
triMan1:JH596301	JH596301			JH596301.1	NW_004445824.1
triMan1:JH596302	JH596302			JH596302.1	NW_004445825.1
triMan1:JH596303	JH596303			JH596303.1	NW_004445826.1
triMan1:JH596304	JH596304			JH596304.1	NW_004445827.1
triMan1:JH596305	JH596305			JH596305.1	NW_004445828.1
triMan1:JH596306	JH596306			JH596306.1	NW_004445830.1
triMan1:JH596307	JH596307			JH596307.1	NW_004445832.1
triMan1:JH596308	JH596308			JH596308.1	NW_004445833.1
triMan1:JH596309	JH596309			JH596309.1	NW_004445834.1
triMan1:JH596310	JH596310			JH596310.1	NW_004445836.1
triMan1:JH596311	JH596311			JH596311.1	NW_004445837.1
triMan1:JH596312	JH596312			JH596312.1	NW_004445838.1
triMan1:JH596313	JH596313			JH596313.1	NW_004445839.1
triMan1:JH596314	JH596314			JH596314.1	NW_004445840.1
triMan1:JH596315	JH596315			JH596315.1	NW_004445842.1
triMan1:JH596316	JH596316			JH596316.1	NW_004445845.1
triMan1:JH596317	JH596317			JH596317.1	NW_004445846.1
triMan1:JH596318	JH596318			JH596318.1	NW_004445847.1
triMan1:JH596319	JH596319			JH596319.1	NW_004445848.1
triMan1:JH596320	JH596320			JH596320.1	NW_004445851.1
triMan1:JH596321	JH596321			JH596321.1	NW_004445852.1
triMan1:JH596322	JH596322			JH596322.1	NW_004445854.1
triMan1:JH596323	JH596323			JH596323.1	NW_004445855.1
triMan1:JH596324	JH596324			JH596324.1	NW_004445856.1
triMan1:JH596325	JH596325			JH596325.1	NW_004445857.1
triMan1:JH596326	JH596326			JH596326.1	NW_004445858.1
triMan1:JH596327	JH596327			JH596327.1	NW_004445860.1
triMan1:JH596328	JH596328			JH596328.1	NW_004445861.1
triMan1:JH596329	JH596329			JH596329.1	NW_004445862.1
triMan1:JH596330	JH596330			JH596330.1	NW_004445864.1
triMan1:JH596331	JH596331			JH596331.1	NW_004445865.1
triMan1:JH596332	JH596332			JH596332.1	NW_004445866.1
triMan1:JH596333	JH596333			JH596333.1	NW_004445867.1
triMan1:JH596334	JH596334			JH596334.1	NW_004445868.1
triMan1:JH596335	JH596335			JH596335.1	NW_004445869.1
triMan1:JH596336	JH596336			JH596336.1	NW_004445870.1
triMan1:JH596337	JH596337			JH596337.1	NW_004445871.1
triMan1:JH596338	JH596338			JH596338.1	NW_004445872.1
triMan1:JH596339	JH596339			JH596339.1	NW_004445873.1
triMan1:JH596340	JH596340			JH596340.1	NW_004445875.1
triMan1:JH596341	JH596341			JH596341.1	NW_004445876.1
triMan1:JH596342	JH596342			JH596342.1	NW_004445877.1
triMan1:JH596343	JH596343			JH596343.1	NW_004445878.1
triMan1:JH596344	JH596344			JH596344.1	NW_004445879.1
triMan1:JH596345	JH596345			JH596345.1	NW_004445881.1
triMan1:JH596346	JH596346			JH596346.1	NW_004445882.1
triMan1:JH596347	JH596347			JH596347.1	NW_004445883.1
triMan1:JH596348	JH596348			JH596348.1	NW_004445884.1
triMan1:JH596349	JH596349			JH596349.1	NW_004445885.1
triMan1:JH596350	JH596350			JH596350.1	NW_004445886.1
triMan1:JH596351	JH596351			JH596351.1	NW_004445887.1
triMan1:JH596352	JH596352			JH596352.1	NW_004445888.1
triMan1:JH596353	JH596353			JH596353.1	NW_004445889.1
triMan1:JH596354	JH596354			JH596354.1	NW_004445890.1
triMan1:JH596355	JH596355			JH596355.1	NW_004445891.1
triMan1:JH596356	JH596356			JH596356.1	NW_004445892.1
triMan1:JH596357	JH596357			JH596357.1	NW_004445893.1
triMan1:JH596358	JH596358			JH596358.1	NW_004445894.1
triMan1:JH596359	JH596359			JH596359.1	NW_004445896.1
triMan1:JH596360	JH596360			JH596360.1	NW_004445897.1
triMan1:JH596361	JH596361			JH596361.1	NW_004445898.1
triMan1:JH596362	JH596362			JH596362.1	NW_004445899.1
triMan1:JH596363	JH596363			JH596363.1	NW_004445900.1
triMan1:JH596364	JH596364			JH596364.1	NW_004445902.1
triMan1:JH596365	JH596365			JH596365.1	NW_004445903.1
triMan1:JH596366	JH596366			JH596366.1	NW_004445904.1
triMan1:JH596367	JH596367			JH596367.1	NW_004445905.1
triMan1:JH596368	JH596368			JH596368.1	NW_004445906.1
triMan1:JH596369	JH596369			JH596369.1	NW_004445907.1
triMan1:JH596370	JH596370			JH596370.1	NW_004445908.1
triMan1:JH596371	JH596371			JH596371.1	NW_004445910.1
triMan1:JH596372	JH596372			JH596372.1	NW_004445911.1
triMan1:JH596373	JH596373			JH596373.1	NW_004445912.1
triMan1:JH596374	JH596374			JH596374.1	NW_004445913.1
triMan1:JH596375	JH596375			JH596375.1	NW_004445914.1
triMan1:JH596376	JH596376			JH596376.1	NW_004445915.1
triMan1:JH596377	JH596377			JH596377.1	NW_004445916.1
triMan1:JH596378	JH596378			JH596378.1	NW_004445917.1
triMan1:JH596379	JH596379			JH596379.1	NW_004445919.1
triMan1:JH596380	JH596380			JH596380.1	NW_004445920.1
triMan1:JH596381	JH596381			JH596381.1	NW_004445921.1
triMan1:JH596382	JH596382			JH596382.1	NW_004445922.1
triMan1:JH596383	JH596383			JH596383.1	NW_004445923.1
triMan1:JH596384	JH596384			JH596384.1	NW_004445925.1
triMan1:JH596385	JH596385			JH596385.1	NW_004445926.1
triMan1:JH596386	JH596386			JH596386.1	NW_004445927.1
triMan1:JH596387	JH596387			JH596387.1	NW_004445928.1
triMan1:JH596388	JH596388			JH596388.1	NW_004445929.1
triMan1:JH596389	JH596389			JH596389.1	NW_004445930.1
triMan1:JH596390	JH596390			JH596390.1	NW_004445931.1
triMan1:JH596391	JH596391			JH596391.1	NW_004445932.1
triMan1:JH596392	JH596392			JH596392.1	NW_004445934.1
triMan1:JH596393	JH596393			JH596393.1	NW_004445935.1
triMan1:JH596394	JH596394			JH596394.1	NW_004445936.1
triMan1:JH596395	JH596395			JH596395.1	NW_004445937.1
triMan1:JH596396	JH596396			JH596396.1	NW_004445938.1
triMan1:JH596397	JH596397			JH596397.1	NW_004445939.1
triMan1:JH596398	JH596398			JH596398.1	NW_004445940.1
triMan1:JH596399	JH596399			JH596399.1	NW_004445942.1
triMan1:JH596400	JH596400			JH596400.1	NW_004445943.1
triMan1:JH596401	JH596401			JH596401.1	NW_004445944.1
triMan1:JH596402	JH596402			JH596402.1	NW_004445945.1
triMan1:JH596403	JH596403			JH596403.1	NW_004445947.1
triMan1:JH596404	JH596404			JH596404.1	NW_004445948.1
triMan1:JH596405	JH596405			JH596405.1	NW_004445949.1
triMan1:JH596406	JH596406			JH596406.1	NW_004445950.1
triMan1:JH596407	JH596407			JH596407.1	NW_004445951.1
triMan1:JH596408	JH596408			JH596408.1	NW_004445952.1
triMan1:JH596409	JH596409			JH596409.1	NW_004445953.1
triMan1:JH596410	JH596410			JH596410.1	NW_004445954.1
triMan1:JH596411	JH596411			JH596411.1	NW_004445955.1
triMan1:JH596412	JH596412			JH596412.1	NW_004445956.1
triMan1:JH596413	JH596413			JH596413.1	NW_004445957.1
triMan1:JH596414	JH596414			JH596414.1	NW_004445958.1
triMan1:JH596415	JH596415			JH596415.1	NW_004445959.1
triMan1:JH596416	JH596416			JH596416.1	NW_004445960.1
triMan1:JH596417	JH596417			JH596417.1	NW_004445961.1
triMan1:JH596418	JH596418			JH596418.1	NW_004445962.1
triMan1:JH596419	JH596419			JH596419.1	NW_004445964.1
triMan1:JH596420	JH596420			JH596420.1	NW_004445965.1
triMan1:JH596421	JH596421			JH596421.1	NW_004445966.1
triMan1:JH596422	JH596422			JH596422.1	NW_004445967.1
triMan1:JH596423	JH596423			JH596423.1	NW_004445968.1
triMan1:JH596424	JH596424			JH596424.1	NW_004445969.1
triMan1:JH596425	JH596425			JH596425.1	NW_004445970.1
triMan1:JH596426	JH596426			JH596426.1	NW_004445971.1
triMan1:JH596427	JH596427			JH596427.1	NW_004445972.1
triMan1:JH596428	JH596428			JH596428.1	NW_004445973.1
triMan1:JH596429	JH596429			JH596429.1	NW_004445974.1
triMan1:JH596430	JH596430			JH596430.1	NW_004445975.1
triMan1:JH596431	JH596431			JH596431.1	NW_004445976.1
triMan1:JH596432	JH596432			JH596432.1	NW_004445977.1
triMan1:JH596433	JH596433			JH596433.1	NW_004445978.1
triMan1:JH596434	JH596434			JH596434.1	NW_004445979.1
triMan1:JH596435	JH596435			JH596435.1	NW_004445980.1
triMan1:JH596436	JH596436			JH596436.1	NW_004445982.1
triMan1:JH596437	JH596437			JH596437.1	NW_004445983.1
triMan1:JH596438	JH596438			JH596438.1	NW_004445984.1
triMan1:JH596439	JH596439			JH596439.1	NW_004445985.1
triMan1:JH596440	JH596440			JH596440.1	NW_004445986.1
triMan1:JH596441	JH596441			JH596441.1	NW_004445987.1
triMan1:JH596442	JH596442			JH596442.1	NW_004445988.1
triMan1:JH596443	JH596443			JH596443.1	NW_004445989.1
triMan1:JH596444	JH596444			JH596444.1	NW_004445991.1
triMan1:JH596445	JH596445			JH596445.1	NW_004445992.1
triMan1:JH596446	JH596446			JH596446.1	NW_004445993.1
triMan1:JH596447	JH596447			JH596447.1	NW_004445995.1
triMan1:JH596448	JH596448			JH596448.1	NW_004445997.1
triMan1:JH596449	JH596449			JH596449.1	NW_004445999.1
triMan1:JH596450	JH596450			JH596450.1	NW_004446000.1
triMan1:JH596451	JH596451			JH596451.1	NW_004446001.1
triMan1:JH596452	JH596452			JH596452.1	NW_004446002.1
triMan1:JH596453	JH596453			JH596453.1	NW_004446003.1
triMan1:JH596454	JH596454			JH596454.1	NW_004446004.1
triMan1:JH596455	JH596455			JH596455.1	NW_004446005.1
triMan1:JH596456	JH596456			JH596456.1	NW_004446007.1
triMan1:JH596457	JH596457			JH596457.1	NW_004446008.1
triMan1:JH596458	JH596458			JH596458.1	NW_004446009.1
triMan1:JH596459	JH596459			JH596459.1	NW_004446010.1
triMan1:JH596460	JH596460			JH596460.1	NW_004446011.1
triMan1:JH596461	JH596461			JH596461.1	NW_004446012.1
triMan1:JH596462	JH596462			JH596462.1	NW_004446014.1
triMan1:JH596463	JH596463			JH596463.1	NW_004446015.1
triMan1:JH596464	JH596464			JH596464.1	NW_004446016.1
triMan1:JH596465	JH596465			JH596465.1	NW_004446017.1
triMan1:JH596466	JH596466			JH596466.1	NW_004446018.1
triMan1:JH596467	JH596467			JH596467.1	NW_004446019.1
triMan1:JH596468	JH596468			JH596468.1	NW_004446021.1
triMan1:JH596469	JH596469			JH596469.1	NW_004446022.1
triMan1:JH596470	JH596470			JH596470.1	NW_004446023.1
triMan1:JH596471	JH596471			JH596471.1	NW_004446024.1
triMan1:JH596472	JH596472			JH596472.1	NW_004446025.1
triMan1:JH596473	JH596473			JH596473.1	NW_004446027.1
triMan1:JH596474	JH596474			JH596474.1	NW_004446028.1
triMan1:JH596475	JH596475			JH596475.1	NW_004446029.1
triMan1:JH596476	JH596476			JH596476.1	NW_004446030.1
triMan1:JH596477	JH596477			JH596477.1	NW_004446031.1
triMan1:JH596478	JH596478			JH596478.1	NW_004446032.1
triMan1:JH596479	JH596479			JH596479.1	NW_004446033.1
triMan1:JH596480	JH596480			JH596480.1	NW_004446034.1
triMan1:JH596481	JH596481			JH596481.1	NW_004446035.1
triMan1:JH596482	JH596482			JH596482.1	NW_004446036.1
triMan1:JH596483	JH596483			JH596483.1	NW_004446037.1
triMan1:JH596484	JH596484			JH596484.1	NW_004446039.1
triMan1:JH596485	JH596485			JH596485.1	NW_004446041.1
triMan1:JH596486	JH596486			JH596486.1	NW_004446042.1
triMan1:JH596487	JH596487			JH596487.1	NW_004446043.1
triMan1:JH596488	JH596488			JH596488.1	NW_004446044.1
triMan1:JH596489	JH596489			JH596489.1	NW_004446045.1
triMan1:JH596490	JH596490			JH596490.1	NW_004446046.1
triMan1:JH596491	JH596491			JH596491.1	NW_004446047.1
triMan1:JH596492	JH596492			JH596492.1	NW_004446048.1
triMan1:JH596493	JH596493			JH596493.1	NW_004446049.1
triMan1:JH596494	JH596494			JH596494.1	NW_004446050.1
triMan1:JH596495	JH596495			JH596495.1	NW_004446051.1
triMan1:JH596496	JH596496			JH596496.1	NW_004446052.1
triMan1:JH596497	JH596497			JH596497.1	NW_004446053.1
triMan1:JH596498	JH596498			JH596498.1	NW_004446054.1
triMan1:JH596499	JH596499			JH596499.1	NW_004446056.1
triMan1:JH596500	JH596500			JH596500.1	NW_004446057.1
triMan1:JH596501	JH596501			JH596501.1	NW_004446058.1
triMan1:JH596502	JH596502			JH596502.1	NW_004446059.1
triMan1:JH596503	JH596503			JH596503.1	NW_004446060.1
triMan1:JH596504	JH596504			JH596504.1	NW_004446061.1
triMan1:JH596505	JH596505			JH596505.1	NW_004446062.1
triMan1:JH596506	JH596506			JH596506.1	NW_004446064.1
triMan1:JH596507	JH596507			JH596507.1	NW_004446065.1
triMan1:JH596508	JH596508			JH596508.1	NW_004446066.1
triMan1:JH596509	JH596509			JH596509.1	NW_004446067.1
triMan1:JH596510	JH596510			JH596510.1	NW_004446068.1
triMan1:JH596511	JH596511			JH596511.1	NW_004446069.1
triMan1:JH596512	JH596512			JH596512.1	NW_004446070.1
triMan1:JH596513	JH596513			JH596513.1	NW_004446071.1
triMan1:JH596514	JH596514			JH596514.1	NW_004446072.1
triMan1:JH596515	JH596515			JH596515.1	NW_004446073.1
triMan1:JH596516	JH596516			JH596516.1	NW_004446075.1
triMan1:JH596517	JH596517			JH596517.1	NW_004446076.1
triMan1:JH596518	JH596518			JH596518.1	NW_004446077.1
triMan1:JH596519	JH596519			JH596519.1	NW_004446078.1
triMan1:JH596520	JH596520			JH596520.1	NW_004446081.1
triMan1:JH596521	JH596521			JH596521.1	NW_004446082.1
triMan1:JH596522	JH596522			JH596522.1	NW_004446083.1
triMan1:JH596523	JH596523			JH596523.1	NW_004446084.1
triMan1:JH596524	JH596524			JH596524.1	NW_004446085.1
triMan1:JH596525	JH596525			JH596525.1	NW_004446087.1
triMan1:JH596526	JH596526			JH596526.1	NW_004446088.1
triMan1:JH596527	JH596527			JH596527.1	NW_004446089.1
triMan1:JH596528	JH596528			JH596528.1	NW_004446090.1
triMan1:JH596529	JH596529			JH596529.1	NW_004446091.1
triMan1:JH596530	JH596530			JH596530.1	NW_004446092.1
triMan1:JH596531	JH596531			JH596531.1	NW_004446093.1
triMan1:JH596532	JH596532			JH596532.1	NW_004446094.1
triMan1:JH596533	JH596533			JH596533.1	NW_004446095.1
triMan1:JH596534	JH596534			JH596534.1	NW_004446096.1
triMan1:JH596535	JH596535			JH596535.1	NW_004446098.1
triMan1:JH596536	JH596536			JH596536.1	NW_004446099.1
triMan1:JH596537	JH596537			JH596537.1	NW_004446100.1
triMan1:JH596538	JH596538			JH596538.1	NW_004446101.1
triMan1:JH596539	JH596539			JH596539.1	NW_004446102.1
triMan1:JH596540	JH596540			JH596540.1	NW_004446103.1
triMan1:JH596541	JH596541			JH596541.1	NW_004446104.1
triMan1:JH596542	JH596542			JH596542.1	NW_004446105.1
triMan1:JH596543	JH596543			JH596543.1	NW_004446106.1
triMan1:JH596544	JH596544			JH596544.1	NW_004446107.1
triMan1:JH596545	JH596545			JH596545.1	NW_004446108.1
triMan1:JH596546	JH596546			JH596546.1	NW_004446109.1
triMan1:JH596547	JH596547			JH596547.1	NW_004446110.1
triMan1:JH596548	JH596548			JH596548.1	NW_004446111.1
triMan1:JH596549	JH596549			JH596549.1	NW_004446112.1
triMan1:JH596550	JH596550			JH596550.1	NW_004446113.1
triMan1:JH596551	JH596551			JH596551.1	NW_004446114.1
triMan1:JH596552	JH596552			JH596552.1	NW_004446115.1
triMan1:JH596553	JH596553			JH596553.1	NW_004446116.1
triMan1:JH596554	JH596554			JH596554.1	NW_004446117.1
triMan1:JH596555	JH596555			JH596555.1	NW_004446118.1
triMan1:JH596556	JH596556			JH596556.1	NW_004446119.1
triMan1:JH596557	JH596557			JH596557.1	NW_004446120.1
triMan1:JH596558	JH596558			JH596558.1	NW_004446121.1
triMan1:JH596559	JH596559			JH596559.1	NW_004446122.1
triMan1:JH596560	JH596560			JH596560.1	NW_004446124.1
triMan1:JH596561	JH596561			JH596561.1	NW_004446125.1
triMan1:JH596562	JH596562			JH596562.1	NW_004446126.1
triMan1:JH596563	JH596563			JH596563.1	NW_004446127.1
triMan1:JH596564	JH596564			JH596564.1	NW_004446129.1
triMan1:JH596565	JH596565			JH596565.1	NW_004446130.1
triMan1:JH596566	JH596566			JH596566.1	NW_004446131.1
triMan1:JH596567	JH596567			JH596567.1	NW_004446132.1
triMan1:JH596568	JH596568			JH596568.1	NW_004446133.1
triMan1:JH596569	JH596569			JH596569.1	NW_004446134.1
triMan1:JH596570	JH596570			JH596570.1	NW_004446135.1
triMan1:JH596571	JH596571			JH596571.1	NW_004446137.1
triMan1:JH596572	JH596572			JH596572.1	NW_004446139.1
triMan1:JH596573	JH596573			JH596573.1	NW_004446140.1
triMan1:JH596574	JH596574			JH596574.1	NW_004446142.1
triMan1:JH596575	JH596575			JH596575.1	NW_004446143.1
triMan1:JH596576	JH596576			JH596576.1	NW_004446144.1
triMan1:JH596577	JH596577			JH596577.1	NW_004446145.1
triMan1:JH596578	JH596578			JH596578.1	NW_004446146.1
triMan1:JH596579	JH596579			JH596579.1	NW_004446147.1
triMan1:JH596580	JH596580			JH596580.1	NW_004446149.1
triMan1:JH596581	JH596581			JH596581.1	NW_004446150.1
triMan1:JH596582	JH596582			JH596582.1	NW_004446151.1
triMan1:JH596583	JH596583			JH596583.1	NW_004446152.1
triMan1:JH596584	JH596584			JH596584.1	NW_004446153.1
triMan1:JH596585	JH596585			JH596585.1	NW_004446154.1
triMan1:JH596586	JH596586			JH596586.1	NW_004446155.1
triMan1:JH596587	JH596587			JH596587.1	NW_004446156.1
triMan1:JH596588	JH596588			JH596588.1	NW_004446158.1
triMan1:JH596589	JH596589			JH596589.1	NW_004446159.1
triMan1:JH596590	JH596590			JH596590.1	NW_004446161.1
triMan1:JH596591	JH596591			JH596591.1	NW_004446162.1
triMan1:JH596592	JH596592			JH596592.1	NW_004446163.1
triMan1:JH596593	JH596593			JH596593.1	NW_004446164.1
triMan1:JH596594	JH596594			JH596594.1	NW_004446165.1
triMan1:JH596595	JH596595			JH596595.1	NW_004446166.1
triMan1:JH596596	JH596596			JH596596.1	NW_004446167.1
triMan1:JH596597	JH596597			JH596597.1	NW_004446168.1
triMan1:JH596598	JH596598			JH596598.1	NW_004446169.1
triMan1:JH596599	JH596599			JH596599.1	NW_004446170.1
triMan1:JH596600	JH596600			JH596600.1	NW_004446171.1
triMan1:JH596601	JH596601			JH596601.1	NW_004446172.1
triMan1:JH596602	JH596602			JH596602.1	NW_004446173.1
triMan1:JH596603	JH596603			JH596603.1	NW_004446174.1
triMan1:JH596604	JH596604			JH596604.1	NW_004446176.1
triMan1:JH596605	JH596605			JH596605.1	NW_004446177.1
triMan1:JH596606	JH596606			JH596606.1	NW_004446178.1
triMan1:JH596607	JH596607			JH596607.1	NW_004446179.1
triMan1:JH596608	JH596608			JH596608.1	NW_004446180.1
triMan1:JH596609	JH596609			JH596609.1	NW_004446181.1
triMan1:JH596610	JH596610			JH596610.1	NW_004446182.1
triMan1:JH596611	JH596611			JH596611.1	NW_004446184.1
triMan1:JH596612	JH596612			JH596612.1	NW_004446185.1
triMan1:JH596613	JH596613			JH596613.1	NW_004446186.1
triMan1:JH596614	JH596614			JH596614.1	NW_004446187.1
triMan1:JH596615	JH596615			JH596615.1	NW_004446188.1
triMan1:JH596616	JH596616			JH596616.1	NW_004446189.1
triMan1:JH596617	JH596617			JH596617.1	NW_004446190.1
triMan1:JH596618	JH596618			JH596618.1	NW_004446191.1
triMan1:JH596619	JH596619			JH596619.1	NW_004446192.1
triMan1:JH596620	JH596620			JH596620.1	NW_004446193.1
triMan1:JH596621	JH596621			JH596621.1	NW_004446194.1
triMan1:JH596622	JH596622			JH596622.1	NW_004446195.1
triMan1:JH596623	JH596623			JH596623.1	NW_004446196.1
triMan1:JH596624	JH596624			JH596624.1	NW_004446197.1
triMan1:JH596625	JH596625			JH596625.1	NW_004446198.1
triMan1:JH596626	JH596626			JH596626.1	NW_004446199.1
triMan1:JH596627	JH596627			JH596627.1	NW_004446200.1
triMan1:JH596628	JH596628			JH596628.1	NW_004446201.1
triMan1:JH596629	JH596629			JH596629.1	NW_004446203.1
triMan1:JH596630	JH596630			JH596630.1	NW_004446204.1
triMan1:JH596631	JH596631			JH596631.1	NW_004446205.1
triMan1:JH596632	JH596632			JH596632.1	NW_004446206.1
triMan1:JH596633	JH596633			JH596633.1	NW_004446207.1
triMan1:JH596634	JH596634			JH596634.1	NW_004446208.1
triMan1:JH596635	JH596635			JH596635.1	NW_004446211.1
triMan1:JH596636	JH596636			JH596636.1	NW_004446212.1
triMan1:JH596637	JH596637			JH596637.1	NW_004446213.1
triMan1:JH596638	JH596638			JH596638.1	NW_004446214.1
triMan1:JH596639	JH596639			JH596639.1	NW_004446215.1
triMan1:JH596640	JH596640			JH596640.1	NW_004446216.1
triMan1:JH596641	JH596641			JH596641.1	NW_004446217.1
triMan1:JH596642	JH596642			JH596642.1	NW_004446218.1
triMan1:JH596643	JH596643			JH596643.1	NW_004446219.1
triMan1:JH596644	JH596644			JH596644.1	NW_004446220.1
triMan1:JH596645	JH596645			JH596645.1	NW_004446221.1
triMan1:JH596646	JH596646			JH596646.1	NW_004446222.1
triMan1:JH596647	JH596647			JH596647.1	NW_004446223.1
triMan1:JH596648	JH596648			JH596648.1	NW_004446224.1
triMan1:JH596649	JH596649			JH596649.1	NW_004446225.1
triMan1:JH596650	JH596650			JH596650.1	NW_004446227.1
triMan1:JH596651	JH596651			JH596651.1	NW_004446228.1
triMan1:JH596652	JH596652			JH596652.1	NW_004446229.1
triMan1:JH596653	JH596653			JH596653.1	NW_004446230.1
triMan1:JH596654	JH596654			JH596654.1	NW_004446231.1
triMan1:JH596655	JH596655			JH596655.1	NW_004446232.1
triMan1:JH596656	JH596656			JH596656.1	NW_004446233.1
triMan1:JH596657	JH596657			JH596657.1	NW_004446234.1
triMan1:JH596658	JH596658			JH596658.1	NW_004446235.1
triMan1:JH596659	JH596659			JH596659.1	NW_004446236.1
triMan1:JH596660	JH596660			JH596660.1	NW_004446237.1
triMan1:JH596661	JH596661			JH596661.1	NW_004446238.1
triMan1:JH596662	JH596662			JH596662.1	NW_004446239.1
triMan1:JH596663	JH596663			JH596663.1	NW_004446240.1
triMan1:JH596664	JH596664			JH596664.1	NW_004446241.1
triMan1:JH596665	JH596665			JH596665.1	NW_004446242.1
triMan1:JH596666	JH596666			JH596666.1	NW_004446243.1
triMan1:JH596667	JH596667			JH596667.1	NW_004446244.1
triMan1:JH596668	JH596668			JH596668.1	NW_004446245.1
triMan1:JH596669	JH596669			JH596669.1	NW_004446246.1
triMan1:JH596670	JH596670			JH596670.1	NW_004446247.1
triMan1:JH596671	JH596671			JH596671.1	NW_004446249.1
triMan1:JH596672	JH596672			JH596672.1	NW_004446250.1
triMan1:JH596673	JH596673			JH596673.1	NW_004446251.1
triMan1:JH596674	JH596674			JH596674.1	NW_004446252.1
triMan1:JH596675	JH596675			JH596675.1	NW_004446253.1
triMan1:JH596676	JH596676			JH596676.1	NW_004446255.1
triMan1:JH596677	JH596677			JH596677.1	NW_004446257.1
triMan1:JH596678	JH596678			JH596678.1	NW_004446258.1
triMan1:JH596679	JH596679			JH596679.1	NW_004446259.1
triMan1:JH596680	JH596680			JH596680.1	NW_004446260.1
triMan1:JH596681	JH596681			JH596681.1	NW_004446261.1
triMan1:JH596682	JH596682			JH596682.1	NW_004446262.1
triMan1:JH596683	JH596683			JH596683.1	NW_004446263.1
triMan1:JH596684	JH596684			JH596684.1	NW_004446264.1
triMan1:JH596685	JH596685			JH596685.1	NW_004446265.1
triMan1:JH596686	JH596686			JH596686.1	NW_004446266.1
triMan1:JH596687	JH596687			JH596687.1	NW_004446267.1
triMan1:JH596688	JH596688			JH596688.1	NW_004446268.1
triMan1:JH596689	JH596689			JH596689.1	NW_004446269.1
triMan1:JH596690	JH596690			JH596690.1	NW_004446270.1
triMan1:JH596691	JH596691			JH596691.1	NW_004446271.1
triMan1:JH596692	JH596692			JH596692.1	NW_004446272.1
triMan1:JH596693	JH596693			JH596693.1	NW_004446273.1
triMan1:JH596694	JH596694			JH596694.1	NW_004446274.1
triMan1:JH596695	JH596695			JH596695.1	NW_004446275.1
triMan1:JH596696	JH596696			JH596696.1	NW_004446276.1
triMan1:JH596697	JH596697			JH596697.1	NW_004446277.1
triMan1:JH596698	JH596698			JH596698.1	NW_004446278.1
triMan1:JH596699	JH596699			JH596699.1	NW_004446280.1
triMan1:JH596700	JH596700			JH596700.1	NW_004446281.1
triMan1:JH596701	JH596701			JH596701.1	NW_004446282.1
triMan1:JH596702	JH596702			JH596702.1	NW_004446283.1
triMan1:JH596703	JH596703			JH596703.1	NW_004446284.1
triMan1:JH596704	JH596704			JH596704.1	NW_004446286.1
triMan1:JH596705	JH596705			JH596705.1	NW_004446287.1
triMan1:JH596706	JH596706			JH596706.1	NW_004446288.1
triMan1:JH596707	JH596707			JH596707.1	NW_004446289.1
triMan1:JH596708	JH596708			JH596708.1	NW_004446291.1
triMan1:JH596709	JH596709			JH596709.1	NW_004446292.1
triMan1:JH596710	JH596710			JH596710.1	NW_004446293.1
triMan1:JH596711	JH596711			JH596711.1	NW_004446294.1
triMan1:JH596712	JH596712			JH596712.1	NW_004446295.1
triMan1:JH596713	JH596713			JH596713.1	NW_004446296.1
triMan1:JH596714	JH596714			JH596714.1	NW_004446297.1
triMan1:JH596715	JH596715			JH596715.1	NW_004446298.1
triMan1:JH596716	JH596716			JH596716.1	NW_004446299.1
triMan1:JH596717	JH596717			JH596717.1	NW_004446300.1
triMan1:JH596718	JH596718			JH596718.1	NW_004446301.1
triMan1:JH596719	JH596719			JH596719.1	NW_004446302.1
triMan1:JH596720	JH596720			JH596720.1	NW_004446303.1
triMan1:JH596721	JH596721			JH596721.1	NW_004446304.1
triMan1:JH596722	JH596722			JH596722.1	NW_004446305.1
triMan1:JH596723	JH596723			JH596723.1	NW_004446306.1
triMan1:JH596724	JH596724			JH596724.1	NW_004446307.1
triMan1:JH596725	JH596725			JH596725.1	NW_004446308.1
triMan1:JH596726	JH596726			JH596726.1	NW_004446309.1
triMan1:JH596727	JH596727			JH596727.1	NW_004446310.1
triMan1:JH596728	JH596728			JH596728.1	NW_004446311.1
triMan1:JH596729	JH596729			JH596729.1	NW_004446312.1
triMan1:JH596730	JH596730			JH596730.1	NW_004446313.1
triMan1:JH596731	JH596731			JH596731.1	NW_004446314.1
triMan1:JH596732	JH596732			JH596732.1	NW_004446315.1
triMan1:JH596733	JH596733			JH596733.1	NW_004446316.1
triMan1:JH596734	JH596734			JH596734.1	NW_004446317.1
triMan1:JH596735	JH596735			JH596735.1	NW_004446318.1
triMan1:JH596736	JH596736			JH596736.1	NW_004446319.1
triMan1:JH596737	JH596737			JH596737.1	NW_004446320.1
triMan1:JH596738	JH596738			JH596738.1	NW_004446321.1
triMan1:JH596739	JH596739			JH596739.1	NW_004446322.1
triMan1:JH596740	JH596740			JH596740.1	NW_004446323.1
triMan1:JH596741	JH596741			JH596741.1	NW_004446324.1
triMan1:JH596742	JH596742			JH596742.1	NW_004446326.1
triMan1:JH596743	JH596743			JH596743.1	NW_004446327.1
triMan1:JH596744	JH596744			JH596744.1	NW_004446328.1
triMan1:JH596745	JH596745			JH596745.1	NW_004446329.1
triMan1:JH596746	JH596746			JH596746.1	NW_004446330.1
triMan1:JH596747	JH596747			JH596747.1	NW_004446331.1
triMan1:JH596748	JH596748			JH596748.1	NW_004446333.1
triMan1:JH596749	JH596749			JH596749.1	NW_004446335.1
triMan1:JH596750	JH596750			JH596750.1	NW_004446336.1
triMan1:JH596751	JH596751			JH596751.1	NW_004446337.1
triMan1:JH596752	JH596752			JH596752.1	NW_004446338.1
triMan1:JH596753	JH596753			JH596753.1	NW_004446339.1
triMan1:JH596754	JH596754			JH596754.1	NW_004446340.1
triMan1:JH596755	JH596755			JH596755.1	NW_004446341.1
triMan1:JH596756	JH596756			JH596756.1	NW_004446342.1
triMan1:JH596757	JH596757			JH596757.1	NW_004446343.1
triMan1:JH596758	JH596758			JH596758.1	NW_004446344.1
triMan1:JH596759	JH596759			JH596759.1	NW_004446345.1
triMan1:JH596760	JH596760			JH596760.1	NW_004446346.1
triMan1:JH596761	JH596761			JH596761.1	NW_004446347.1
triMan1:JH596762	JH596762			JH596762.1	NW_004446348.1
triMan1:JH596763	JH596763			JH596763.1	NW_004446349.1
triMan1:JH596764	JH596764			JH596764.1	NW_004446351.1
triMan1:JH596765	JH596765			JH596765.1	NW_004446352.1
triMan1:JH596766	JH596766			JH596766.1	NW_004446353.1
triMan1:JH596767	JH596767			JH596767.1	NW_004446355.1
triMan1:JH596768	JH596768			JH596768.1	NW_004446356.1
triMan1:JH596769	JH596769			JH596769.1	NW_004446357.1
triMan1:JH596770	JH596770			JH596770.1	NW_004446358.1
triMan1:JH596771	JH596771			JH596771.1	NW_004446359.1
triMan1:JH596772	JH596772			JH596772.1	NW_004446360.1
triMan1:JH596773	JH596773			JH596773.1	NW_004446361.1
triMan1:JH596774	JH596774			JH596774.1	NW_004446362.1
triMan1:JH596775	JH596775			JH596775.1	NW_004446363.1
triMan1:JH596776	JH596776			JH596776.1	NW_004446364.1
triMan1:JH596777	JH596777			JH596777.1	NW_004446365.1
triMan1:JH596778	JH596778			JH596778.1	NW_004446366.1
triMan1:JH596779	JH596779			JH596779.1	NW_004446367.1
triMan1:JH596780	JH596780			JH596780.1	NW_004446368.1
triMan1:JH596781	JH596781			JH596781.1	NW_004446369.1
triMan1:JH596782	JH596782			JH596782.1	NW_004446370.1
triMan1:JH596783	JH596783			JH596783.1	NW_004446371.1
triMan1:JH596784	JH596784			JH596784.1	NW_004446372.1
triMan1:JH596785	JH596785			JH596785.1	NW_004446373.1
triMan1:JH596786	JH596786			JH596786.1	NW_004446374.1
triMan1:JH596787	JH596787			JH596787.1	NW_004446376.1
triMan1:JH596788	JH596788			JH596788.1	NW_004446377.1
triMan1:JH596789	JH596789			JH596789.1	NW_004446378.1
triMan1:JH596790	JH596790			JH596790.1	NW_004446379.1
triMan1:JH596791	JH596791			JH596791.1	NW_004446380.1
triMan1:JH596792	JH596792			JH596792.1	NW_004446381.1
triMan1:JH596793	JH596793			JH596793.1	NW_004446382.1
triMan1:JH596794	JH596794			JH596794.1	NW_004446383.1
triMan1:JH596795	JH596795			JH596795.1	NW_004446384.1
triMan1:JH596796	JH596796			JH596796.1	NW_004446386.1
triMan1:JH596797	JH596797			JH596797.1	NW_004446387.1
triMan1:JH596798	JH596798			JH596798.1	NW_004446388.1
triMan1:JH596799	JH596799			JH596799.1	NW_004446389.1
triMan1:JH596800	JH596800			JH596800.1	NW_004446390.1
triMan1:JH596801	JH596801			JH596801.1	NW_004446391.1
triMan1:JH596802	JH596802			JH596802.1	NW_004446392.1
triMan1:JH596803	JH596803			JH596803.1	NW_004446393.1
triMan1:JH596804	JH596804			JH596804.1	NW_004446394.1
triMan1:JH596805	JH596805			JH596805.1	NW_004446395.1
triMan1:JH596806	JH596806			JH596806.1	NW_004446396.1
triMan1:JH596807	JH596807			JH596807.1	NW_004446397.1
triMan1:JH596808	JH596808			JH596808.1	NW_004446398.1
triMan1:JH596809	JH596809			JH596809.1	NW_004446399.1
triMan1:JH596810	JH596810			JH596810.1	NW_004446400.1
triMan1:JH596811	JH596811			JH596811.1	NW_004446401.1
triMan1:JH596812	JH596812			JH596812.1	NW_004446402.1
triMan1:JH596813	JH596813			JH596813.1	NW_004446403.1
triMan1:JH596814	JH596814			JH596814.1	NW_004446404.1
triMan1:JH596815	JH596815			JH596815.1	NW_004446405.1
triMan1:JH596816	JH596816			JH596816.1	NW_004446406.1
triMan1:JH596817	JH596817			JH596817.1	NW_004446407.1
triMan1:JH596818	JH596818			JH596818.1	NW_004446408.1
triMan1:JH596819	JH596819			JH596819.1	NW_004446409.1
triMan1:JH596820	JH596820			JH596820.1	NW_004446410.1
triMan1:JH596821	JH596821			JH596821.1	NW_004446411.1
triMan1:JH596822	JH596822			JH596822.1	NW_004446412.1
triMan1:JH596823	JH596823			JH596823.1	NW_004446413.1
triMan1:JH596824	JH596824			JH596824.1	NW_004446415.1
triMan1:JH596825	JH596825			JH596825.1	NW_004446416.1
triMan1:JH596826	JH596826			JH596826.1	NW_004446417.1
triMan1:JH596827	JH596827			JH596827.1	NW_004446418.1
triMan1:JH596828	JH596828			JH596828.1	NW_004446419.1
triMan1:JH596829	JH596829			JH596829.1	NW_004446420.1
triMan1:JH596830	JH596830			JH596830.1	NW_004446421.1
triMan1:JH596831	JH596831			JH596831.1	NW_004446422.1
triMan1:JH596832	JH596832			JH596832.1	NW_004446423.1
triMan1:JH596833	JH596833			JH596833.1	NW_004446424.1
triMan1:JH596834	JH596834			JH596834.1	NW_004446425.1
triMan1:JH596835	JH596835			JH596835.1	NW_004446426.1
triMan1:JH596836	JH596836			JH596836.1	NW_004446427.1
triMan1:JH596837	JH596837			JH596837.1	NW_004446428.1
triMan1:JH596838	JH596838			JH596838.1	NW_004446429.1
triMan1:JH596839	JH596839			JH596839.1	NW_004446430.1
triMan1:JH596840	JH596840			JH596840.1	NW_004446431.1
triMan1:JH596841	JH596841			JH596841.1	NW_004446432.1
triMan1:JH596842	JH596842			JH596842.1	NW_004446433.1
triMan1:JH596843	JH596843			JH596843.1	NW_004446434.1
triMan1:JH596844	JH596844			JH596844.1	NW_004446435.1
triMan1:JH596845	JH596845			JH596845.1	NW_004446436.1
triMan1:JH596846	JH596846			JH596846.1	NW_004446437.1
triMan1:JH596847	JH596847			JH596847.1	NW_004446438.1
triMan1:JH596848	JH596848			JH596848.1	NW_004446440.1
triMan1:JH596849	JH596849			JH596849.1	NW_004446441.1
triMan1:JH596850	JH596850			JH596850.1	NW_004446442.1
triMan1:JH596851	JH596851			JH596851.1	NW_004446443.1
triMan1:JH596852	JH596852			JH596852.1	NW_004446444.1
triMan1:JH596853	JH596853			JH596853.1	NW_004446445.1
triMan1:JH596854	JH596854			JH596854.1	NW_004446446.1
triMan1:JH596855	JH596855			JH596855.1	NW_004446448.1
triMan1:JH596856	JH596856			JH596856.1	NW_004446449.1
triMan1:JH596857	JH596857			JH596857.1	NW_004446450.1
triMan1:JH596858	JH596858			JH596858.1	NW_004446451.1
triMan1:JH596859	JH596859			JH596859.1	NW_004446452.1
triMan1:JH596860	JH596860			JH596860.1	NW_004446453.1
triMan1:JH596861	JH596861			JH596861.1	NW_004446454.1
triMan1:JH596862	JH596862			JH596862.1	NW_004446455.1
triMan1:JH596863	JH596863			JH596863.1	NW_004446456.1
triMan1:JH596864	JH596864			JH596864.1	NW_004446457.1
triMan1:JH596865	JH596865			JH596865.1	NW_004446458.1
triMan1:JH596866	JH596866			JH596866.1	NW_004446459.1
triMan1:JH596867	JH596867			JH596867.1	NW_004446460.1
triMan1:JH596868	JH596868			JH596868.1	NW_004446461.1
triMan1:JH596869	JH596869			JH596869.1	NW_004446462.1
triMan1:JH596870	JH596870			JH596870.1	NW_004446463.1
triMan1:JH596871	JH596871			JH596871.1	NW_004446464.1
triMan1:JH596872	JH596872			JH596872.1	NW_004446465.1
triMan1:JH596873	JH596873			JH596873.1	NW_004446466.1
triMan1:JH596874	JH596874			JH596874.1	NW_004446467.1
triMan1:JH596875	JH596875			JH596875.1	NW_004446469.1
triMan1:JH596876	JH596876			JH596876.1	NW_004446470.1
triMan1:JH596877	JH596877			JH596877.1	NW_004446471.1
triMan1:JH596878	JH596878			JH596878.1	NW_004446472.1
triMan1:JH596879	JH596879			JH596879.1	NW_004446473.1
triMan1:JH596880	JH596880			JH596880.1	NW_004446474.1
triMan1:JH596881	JH596881			JH596881.1	NW_004446475.1
triMan1:JH596882	JH596882			JH596882.1	NW_004446476.1
triMan1:JH596883	JH596883			JH596883.1	NW_004446477.1
triMan1:JH596884	JH596884			JH596884.1	NW_004446478.1
triMan1:JH596885	JH596885			JH596885.1	NW_004446479.1
triMan1:JH596886	JH596886			JH596886.1	NW_004446480.1
triMan1:JH596887	JH596887			JH596887.1	NW_004446481.1
triMan1:JH596888	JH596888			JH596888.1	NW_004446482.1
triMan1:JH596889	JH596889			JH596889.1	NW_004446483.1
triMan1:JH596890	JH596890			JH596890.1	NW_004446484.1
triMan1:JH596891	JH596891			JH596891.1	NW_004446485.1
triMan1:JH596892	JH596892			JH596892.1	NW_004446486.1
triMan1:JH596893	JH596893			JH596893.1	NW_004446487.1
triMan1:JH596894	JH596894			JH596894.1	NW_004446488.1
triMan1:JH596895	JH596895			JH596895.1	NW_004446491.1
triMan1:JH596896	JH596896			JH596896.1	NW_004446492.1
triMan1:JH596897	JH596897			JH596897.1	NW_004446493.1
triMan1:JH596898	JH596898			JH596898.1	NW_004446494.1
triMan1:JH596899	JH596899			JH596899.1	NW_004446495.1
triMan1:JH596900	JH596900			JH596900.1	NW_004446496.1
triMan1:JH596901	JH596901			JH596901.1	NW_004446497.1
triMan1:JH596902	JH596902			JH596902.1	NW_004446498.1
triMan1:JH596903	JH596903			JH596903.1	NW_004446499.1
triMan1:JH596904	JH596904			JH596904.1	NW_004446500.1
triMan1:JH596905	JH596905			JH596905.1	NW_004446501.1
triMan1:JH596906	JH596906			JH596906.1	NW_004446502.1
triMan1:JH596907	JH596907			JH596907.1	NW_004446503.1
triMan1:JH596908	JH596908			JH596908.1	NW_004446504.1
triMan1:JH596909	JH596909			JH596909.1	NW_004446505.1
triMan1:JH596910	JH596910			JH596910.1	NW_004446506.1
triMan1:JH596911	JH596911			JH596911.1	NW_004446507.1
triMan1:JH596912	JH596912			JH596912.1	NW_004446508.1
triMan1:JH596913	JH596913			JH596913.1	NW_004446509.1
triMan1:JH596914	JH596914			JH596914.1	NW_004446510.1
triMan1:JH596915	JH596915			JH596915.1	NW_004446511.1
triMan1:JH596916	JH596916			JH596916.1	NW_004446512.1
triMan1:JH596917	JH596917			JH596917.1	NW_004446513.1
triMan1:JH596918	JH596918			JH596918.1	NW_004446514.1
triMan1:JH596919	JH596919			JH596919.1	NW_004446515.1
triMan1:JH596920	JH596920			JH596920.1	NW_004446516.1
triMan1:JH596921	JH596921			JH596921.1	NW_004446517.1
triMan1:JH596922	JH596922			JH596922.1	NW_004446518.1
triMan1:JH596923	JH596923			JH596923.1	NW_004446519.1
triMan1:JH596924	JH596924			JH596924.1	NW_004446520.1
triMan1:JH596925	JH596925			JH596925.1	NW_004446521.1
triMan1:JH596926	JH596926			JH596926.1	NW_004446522.1
triMan1:JH596927	JH596927			JH596927.1	NW_004446523.1
triMan1:JH596928	JH596928			JH596928.1	NW_004446524.1
triMan1:JH596929	JH596929			JH596929.1	NW_004446525.1
triMan1:JH596930	JH596930			JH596930.1	NW_004446526.1
triMan1:JH596931	JH596931			JH596931.1	NW_004446527.1
triMan1:JH596932	JH596932			JH596932.1	NW_004446528.1
triMan1:JH596933	JH596933			JH596933.1	NW_004446529.1
triMan1:JH596934	JH596934			JH596934.1	NW_004446530.1
triMan1:JH596935	JH596935			JH596935.1	NW_004446531.1
triMan1:JH596936	JH596936			JH596936.1	NW_004446532.1
triMan1:JH596937	JH596937			JH596937.1	NW_004446533.1
triMan1:JH596938	JH596938			JH596938.1	NW_004446534.1
triMan1:JH596939	JH596939			JH596939.1	NW_004446535.1
triMan1:JH596940	JH596940			JH596940.1	NW_004446536.1
triMan1:JH596941	JH596941			JH596941.1	NW_004446537.1
triMan1:JH596942	JH596942			JH596942.1	NW_004446538.1
triMan1:JH596943	JH596943			JH596943.1	NW_004446539.1
triMan1:JH596944	JH596944			JH596944.1	NW_004446540.1
triMan1:JH596945	JH596945			JH596945.1	NW_004446541.1
triMan1:JH596946	JH596946			JH596946.1	NW_004446542.1
triMan1:JH596947	JH596947			JH596947.1	NW_004446543.1
triMan1:JH596948	JH596948			JH596948.1	NW_004446544.1
triMan1:JH596949	JH596949			JH596949.1	NW_004446545.1
triMan1:JH596950	JH596950			JH596950.1	NW_004446546.1
triMan1:JH596951	JH596951			JH596951.1	NW_004446547.1
triMan1:JH596952	JH596952			JH596952.1	NW_004446548.1
triMan1:JH596953	JH596953			JH596953.1	NW_004446549.1
triMan1:JH596954	JH596954			JH596954.1	NW_004446550.1
triMan1:JH596955	JH596955			JH596955.1	NW_004446551.1
triMan1:JH596956	JH596956			JH596956.1	NW_004446552.1
triMan1:JH596957	JH596957			JH596957.1	NW_004446553.1
triMan1:JH596958	JH596958			JH596958.1	NW_004446554.1
triMan1:JH596959	JH596959			JH596959.1	NW_004446555.1
triMan1:JH596960	JH596960			JH596960.1	NW_004446557.1
triMan1:JH596961	JH596961			JH596961.1	NW_004446558.1
triMan1:JH596962	JH596962			JH596962.1	NW_004446559.1
triMan1:JH596963	JH596963			JH596963.1	NW_004446560.1
triMan1:JH596964	JH596964			JH596964.1	NW_004446561.1
triMan1:JH596965	JH596965			JH596965.1	NW_004446562.1
triMan1:JH596966	JH596966			JH596966.1	NW_004446563.1
triMan1:JH596967	JH596967			JH596967.1	NW_004446564.1
triMan1:JH596968	JH596968			JH596968.1	NW_004446565.1
triMan1:JH596969	JH596969			JH596969.1	NW_004446566.1
triMan1:JH596970	JH596970			JH596970.1	NW_004446567.1
triMan1:JH596971	JH596971			JH596971.1	NW_004446568.1
triMan1:JH596972	JH596972			JH596972.1	NW_004446569.1
triMan1:JH596973	JH596973			JH596973.1	NW_004446570.1
triMan1:JH596974	JH596974			JH596974.1	NW_004446571.1
triMan1:JH596975	JH596975			JH596975.1	NW_004446572.1
triMan1:JH596976	JH596976			JH596976.1	NW_004446573.1
triMan1:JH596977	JH596977			JH596977.1	NW_004446574.1
triMan1:JH596978	JH596978			JH596978.1	NW_004446575.1
triMan1:JH596979	JH596979			JH596979.1	NW_004446576.1
triMan1:JH596980	JH596980			JH596980.1	NW_004446577.1
triMan1:JH596981	JH596981			JH596981.1	NW_004446578.1
triMan1:JH596982	JH596982			JH596982.1	NW_004446579.1
triMan1:JH596983	JH596983			JH596983.1	NW_004446580.1
triMan1:JH596984	JH596984			JH596984.1	NW_004446581.1
triMan1:JH596985	JH596985			JH596985.1	NW_004446582.1
triMan1:JH596986	JH596986			JH596986.1	NW_004446583.1
triMan1:JH596987	JH596987			JH596987.1	NW_004446584.1
triMan1:JH596988	JH596988			JH596988.1	NW_004446585.1
triMan1:JH596989	JH596989			JH596989.1	NW_004446586.1
triMan1:JH596990	JH596990			JH596990.1	NW_004446587.1
triMan1:JH596991	JH596991			JH596991.1	NW_004446588.1
triMan1:JH596992	JH596992			JH596992.1	NW_004446589.1
triMan1:JH596993	JH596993			JH596993.1	NW_004446590.1
triMan1:JH596994	JH596994			JH596994.1	NW_004446591.1
triMan1:JH596995	JH596995			JH596995.1	NW_004446592.1
triMan1:JH596996	JH596996			JH596996.1	NW_004446593.1
triMan1:JH596997	JH596997			JH596997.1	NW_004446594.1
triMan1:JH596998	JH596998			JH596998.1	NW_004446595.1
triMan1:JH596999	JH596999			JH596999.1	NW_004446596.1
triMan1:JH597000	JH597000			JH597000.1	NW_004446597.1
triMan1:JH597001	JH597001			JH597001.1	NW_004446598.1
triMan1:JH597002	JH597002			JH597002.1	NW_004446599.1
triMan1:JH597003	JH597003			JH597003.1	NW_004446600.1
triMan1:JH597004	JH597004			JH597004.1	NW_004446601.1
triMan1:JH597005	JH597005			JH597005.1	NW_004446602.1
triMan1:JH597006	JH597006			JH597006.1	NW_004446603.1
triMan1:JH597007	JH597007			JH597007.1	NW_004446604.1
triMan1:JH597008	JH597008			JH597008.1	NW_004446605.1
triMan1:JH597009	JH597009			JH597009.1	NW_004446606.1
triMan1:JH597010	JH597010			JH597010.1	NW_004446607.1
triMan1:JH597011	JH597011			JH597011.1	NW_004446608.1
triMan1:JH597012	JH597012			JH597012.1	NW_004446609.1
triMan1:JH597013	JH597013			JH597013.1	NW_004446610.1
triMan1:JH597014	JH597014			JH597014.1	NW_004446611.1
triMan1:JH597015	JH597015			JH597015.1	NW_004446612.1
triMan1:JH597016	JH597016			JH597016.1	NW_004446613.1
triMan1:JH597017	JH597017			JH597017.1	NW_004446614.1
triMan1:JH597018	JH597018			JH597018.1	NW_004446615.1
triMan1:JH597019	JH597019			JH597019.1	NW_004446616.1
triMan1:JH597020	JH597020			JH597020.1	NW_004446617.1
triMan1:JH597021	JH597021			JH597021.1	NW_004446618.1
triMan1:JH597022	JH597022			JH597022.1	NW_004446619.1
triMan1:JH597023	JH597023			JH597023.1	NW_004446620.1
triMan1:JH597024	JH597024			JH597024.1	NW_004446621.1
triMan1:JH597025	JH597025			JH597025.1	NW_004446622.1
triMan1:JH597026	JH597026			JH597026.1	NW_004446623.1
triMan1:JH597027	JH597027			JH597027.1	NW_004446624.1
triMan1:JH597028	JH597028			JH597028.1	NW_004446625.1
triMan1:JH597029	JH597029			JH597029.1	NW_004446626.1
triMan1:JH597030	JH597030			JH597030.1	NW_004446627.1
triMan1:JH597031	JH597031			JH597031.1	NW_004446628.1
triMan1:JH597032	JH597032			JH597032.1	NW_004446629.1
triMan1:JH597033	JH597033			JH597033.1	NW_004446630.1
triMan1:JH597034	JH597034			JH597034.1	NW_004446631.1
triMan1:JH597035	JH597035			JH597035.1	NW_004446632.1
triMan1:JH597036	JH597036			JH597036.1	NW_004446633.1
triMan1:JH597037	JH597037			JH597037.1	NW_004446635.1
triMan1:JH597038	JH597038			JH597038.1	NW_004446636.1
triMan1:JH597039	JH597039			JH597039.1	NW_004446637.1
triMan1:JH597040	JH597040			JH597040.1	NW_004446638.1
triMan1:JH597041	JH597041			JH597041.1	NW_004446639.1
triMan1:JH597042	JH597042			JH597042.1	NW_004446640.1
triMan1:JH597043	JH597043			JH597043.1	NW_004446641.1
triMan1:JH597044	JH597044			JH597044.1	NW_004446642.1
triMan1:JH597045	JH597045			JH597045.1	NW_004446643.1
triMan1:JH597046	JH597046			JH597046.1	NW_004446644.1
triMan1:JH597047	JH597047			JH597047.1	NW_004446645.1
triMan1:JH597048	JH597048			JH597048.1	NW_004446646.1
triMan1:JH597049	JH597049			JH597049.1	NW_004446647.1
triMan1:JH597050	JH597050			JH597050.1	NW_004446648.1
triMan1:JH597051	JH597051			JH597051.1	NW_004446650.1
triMan1:JH597052	JH597052			JH597052.1	NW_004446651.1
triMan1:JH597053	JH597053			JH597053.1	NW_004446652.1
triMan1:JH597054	JH597054			JH597054.1	NW_004446653.1
triMan1:JH597055	JH597055			JH597055.1	NW_004446654.1
triMan1:JH597056	JH597056			JH597056.1	NW_004446655.1
triMan1:JH597057	JH597057			JH597057.1	NW_004446656.1
triMan1:JH597058	JH597058			JH597058.1	NW_004446658.1
triMan1:JH597059	JH597059			JH597059.1	NW_004446659.1
triMan1:JH597060	JH597060			JH597060.1	NW_004446660.1
triMan1:JH597061	JH597061			JH597061.1	NW_004446661.1
triMan1:JH597062	JH597062			JH597062.1	NW_004446662.1
triMan1:JH597063	JH597063			JH597063.1	NW_004446663.1
triMan1:JH597064	JH597064			JH597064.1	NW_004446666.1
triMan1:JH597065	JH597065			JH597065.1	NW_004446667.1
triMan1:JH597066	JH597066			JH597066.1	NW_004446668.1
triMan1:JH597067	JH597067			JH597067.1	NW_004446669.1
triMan1:JH597068	JH597068			JH597068.1	NW_004446670.1
triMan1:JH597069	JH597069			JH597069.1	NW_004446671.1
triMan1:JH597070	JH597070			JH597070.1	NW_004446672.1
triMan1:JH597071	JH597071			JH597071.1	NW_004446673.1
triMan1:JH597072	JH597072			JH597072.1	NW_004446674.1
triMan1:JH597073	JH597073			JH597073.1	NW_004446675.1
triMan1:JH597074	JH597074			JH597074.1	NW_004446676.1
triMan1:JH597075	JH597075			JH597075.1	NW_004446677.1
triMan1:JH597076	JH597076			JH597076.1	NW_004446678.1
triMan1:JH597077	JH597077			JH597077.1	NW_004446679.1
triMan1:JH597078	JH597078			JH597078.1	NW_004446680.1
triMan1:JH597079	JH597079			JH597079.1	NW_004446681.1
triMan1:JH597080	JH597080			JH597080.1	NW_004446682.1
triMan1:JH597081	JH597081			JH597081.1	NW_004446683.1
triMan1:JH597082	JH597082			JH597082.1	NW_004446685.1
triMan1:JH597083	JH597083			JH597083.1	NW_004446686.1
triMan1:JH597084	JH597084			JH597084.1	NW_004446687.1
triMan1:JH597085	JH597085			JH597085.1	NW_004446688.1
triMan1:JH597086	JH597086			JH597086.1	NW_004446689.1
triMan1:JH597087	JH597087			JH597087.1	NW_004446690.1
triMan1:JH597088	JH597088			JH597088.1	NW_004446691.1
triMan1:JH597089	JH597089			JH597089.1	NW_004446692.1
triMan1:JH597090	JH597090			JH597090.1	NW_004446694.1
triMan1:JH597091	JH597091			JH597091.1	NW_004446695.1
triMan1:JH597092	JH597092			JH597092.1	NW_004446696.1
triMan1:JH597093	JH597093			JH597093.1	NW_004446697.1
triMan1:JH597094	JH597094			JH597094.1	NW_004446698.1
triMan1:JH597095	JH597095			JH597095.1	NW_004446699.1
triMan1:JH597096	JH597096			JH597096.1	NW_004446700.1
triMan1:JH597097	JH597097			JH597097.1	NW_004446701.1
triMan1:JH597098	JH597098			JH597098.1	NW_004446702.1
triMan1:JH597099	JH597099			JH597099.1	NW_004446703.1
triMan1:JH597100	JH597100			JH597100.1	NW_004446704.1
triMan1:JH597101	JH597101			JH597101.1	NW_004446705.1
triMan1:JH597102	JH597102			JH597102.1	NW_004446706.1
triMan1:JH597103	JH597103			JH597103.1	NW_004446707.1
triMan1:JH597104	JH597104			JH597104.1	NW_004446708.1
triMan1:JH597105	JH597105			JH597105.1	NW_004446709.1
triMan1:JH597106	JH597106			JH597106.1	NW_004446710.1
triMan1:JH597107	JH597107			JH597107.1	NW_004446711.1
triMan1:JH597108	JH597108			JH597108.1	NW_004446712.1
triMan1:JH597109	JH597109			JH597109.1	NW_004446713.1
triMan1:JH597110	JH597110			JH597110.1	NW_004446714.1
triMan1:JH597111	JH597111			JH597111.1	NW_004446715.1
triMan1:JH597112	JH597112			JH597112.1	NW_004446716.1
triMan1:JH597113	JH597113			JH597113.1	NW_004446717.1
triMan1:JH597114	JH597114			JH597114.1	NW_004446718.1
triMan1:JH597115	JH597115			JH597115.1	NW_004446719.1
triMan1:JH597116	JH597116			JH597116.1	NW_004446720.1
triMan1:JH597117	JH597117			JH597117.1	NW_004446721.1
triMan1:JH597118	JH597118			JH597118.1	NW_004446722.1
triMan1:JH597119	JH597119			JH597119.1	NW_004446723.1
triMan1:JH597120	JH597120			JH597120.1	NW_004446724.1
triMan1:JH597121	JH597121			JH597121.1	NW_004446725.1
triMan1:JH597122	JH597122			JH597122.1	NW_004446726.1
triMan1:JH597123	JH597123			JH597123.1	NW_004446728.1
triMan1:JH597124	JH597124			JH597124.1	NW_004446729.1
triMan1:JH597125	JH597125			JH597125.1	NW_004446730.1
triMan1:JH597126	JH597126			JH597126.1	NW_004446731.1
triMan1:JH597127	JH597127			JH597127.1	NW_004446732.1
triMan1:JH597128	JH597128			JH597128.1	NW_004446733.1
triMan1:JH597129	JH597129			JH597129.1	NW_004446735.1
triMan1:JH597130	JH597130			JH597130.1	NW_004446736.1
triMan1:JH597131	JH597131			JH597131.1	NW_004446737.1
triMan1:JH597132	JH597132			JH597132.1	NW_004446738.1
triMan1:JH597133	JH597133			JH597133.1	NW_004446740.1
triMan1:JH597134	JH597134			JH597134.1	NW_004446741.1
triMan1:JH597135	JH597135			JH597135.1	NW_004446742.1
triMan1:JH597136	JH597136			JH597136.1	NW_004446743.1
triMan1:JH597137	JH597137			JH597137.1	NW_004446744.1
triMan1:JH597138	JH597138			JH597138.1	NW_004446747.1
triMan1:JH597139	JH597139			JH597139.1	NW_004446748.1
triMan1:JH597140	JH597140			JH597140.1	NW_004446749.1
triMan1:JH597141	JH597141			JH597141.1	NW_004446750.1
triMan1:JH597142	JH597142			JH597142.1	NW_004446751.1
triMan1:JH597143	JH597143			JH597143.1	NW_004446753.1
triMan1:JH597144	JH597144			JH597144.1	NW_004446754.1
triMan1:JH597145	JH597145			JH597145.1	NW_004446755.1
triMan1:JH597146	JH597146			JH597146.1	NW_004446756.1
triMan1:JH597147	JH597147			JH597147.1	NW_004446757.1
triMan1:JH597148	JH597148			JH597148.1	NW_004446758.1
triMan1:JH597149	JH597149			JH597149.1	NW_004446759.1
triMan1:JH597150	JH597150			JH597150.1	NW_004446760.1
triMan1:JH597151	JH597151			JH597151.1	NW_004446761.1
triMan1:JH597152	JH597152			JH597152.1	NW_004446762.1
triMan1:JH597153	JH597153			JH597153.1	NW_004446763.1
triMan1:JH597154	JH597154			JH597154.1	NW_004446764.1
triMan1:JH597155	JH597155			JH597155.1	NW_004446765.1
triMan1:JH597156	JH597156			JH597156.1	NW_004446766.1
triMan1:JH597157	JH597157			JH597157.1	NW_004446767.1
triMan1:JH597158	JH597158			JH597158.1	NW_004446768.1
triMan1:JH597159	JH597159			JH597159.1	NW_004446769.1
triMan1:JH597160	JH597160			JH597160.1	NW_004446770.1
triMan1:JH597161	JH597161			JH597161.1	NW_004446771.1
triMan1:JH597162	JH597162			JH597162.1	NW_004446772.1
triMan1:JH597163	JH597163			JH597163.1	NW_004446773.1
triMan1:JH597164	JH597164			JH597164.1	NW_004446774.1
triMan1:JH597165	JH597165			JH597165.1	NW_004446775.1
triMan1:JH597166	JH597166			JH597166.1	NW_004446776.1
triMan1:JH597167	JH597167			JH597167.1	NW_004446777.1
triMan1:JH597168	JH597168			JH597168.1	NW_004446778.1
triMan1:JH597169	JH597169			JH597169.1	NW_004446779.1
triMan1:JH597170	JH597170			JH597170.1	NW_004446781.1
triMan1:JH597171	JH597171			JH597171.1	NW_004446782.1
triMan1:JH597172	JH597172			JH597172.1	NW_004446784.1
triMan1:JH597173	JH597173			JH597173.1	NW_004446785.1
triMan1:JH597174	JH597174			JH597174.1	NW_004446786.1
triMan1:JH597175	JH597175			JH597175.1	NW_004446787.1
triMan1:JH597176	JH597176			JH597176.1	NW_004446788.1
triMan1:JH597177	JH597177			JH597177.1	NW_004446789.1
triMan1:JH597178	JH597178			JH597178.1	NW_004446790.1
triMan1:JH597179	JH597179			JH597179.1	NW_004446791.1
triMan1:JH597180	JH597180			JH597180.1	NW_004446792.1
triMan1:JH597181	JH597181			JH597181.1	NW_004446793.1
triMan1:JH597182	JH597182			JH597182.1	NW_004446794.1
triMan1:JH597183	JH597183			JH597183.1	NW_004446796.1
triMan1:JH597184	JH597184			JH597184.1	NW_004446797.1
triMan1:JH597185	JH597185			JH597185.1	NW_004446798.1
triMan1:JH597186	JH597186			JH597186.1	NW_004446799.1
triMan1:JH597187	JH597187			JH597187.1	NW_004446800.1
triMan1:JH597188	JH597188			JH597188.1	NW_004446801.1
triMan1:JH597189	JH597189			JH597189.1	NW_004446802.1
triMan1:JH597190	JH597190			JH597190.1	NW_004446803.1
triMan1:JH597191	JH597191			JH597191.1	NW_004446804.1
triMan1:JH597192	JH597192			JH597192.1	NW_004446805.1
triMan1:JH597193	JH597193			JH597193.1	NW_004446806.1
triMan1:JH597194	JH597194			JH597194.1	NW_004446807.1
triMan1:JH597195	JH597195			JH597195.1	NW_004446808.1
triMan1:JH597196	JH597196			JH597196.1	NW_004446809.1
triMan1:JH597197	JH597197			JH597197.1	NW_004446810.1
triMan1:JH597198	JH597198			JH597198.1	NW_004446811.1
triMan1:JH597199	JH597199			JH597199.1	NW_004446812.1
triMan1:JH597200	JH597200			JH597200.1	NW_004446813.1
triMan1:JH597201	JH597201			JH597201.1	NW_004446814.1
triMan1:JH597202	JH597202			JH597202.1	NW_004446815.1
triMan1:JH597203	JH597203			JH597203.1	NW_004446818.1
triMan1:JH597204	JH597204			JH597204.1	NW_004446819.1
triMan1:JH597205	JH597205			JH597205.1	NW_004446820.1
triMan1:JH597206	JH597206			JH597206.1	NW_004446821.1
triMan1:JH597207	JH597207			JH597207.1	NW_004446822.1
triMan1:JH597208	JH597208			JH597208.1	NW_004446823.1
triMan1:JH597209	JH597209			JH597209.1	NW_004446824.1
triMan1:JH597210	JH597210			JH597210.1	NW_004446825.1
triMan1:JH597211	JH597211			JH597211.1	NW_004446826.1
triMan1:JH597212	JH597212			JH597212.1	NW_004446827.1
triMan1:JH597213	JH597213			JH597213.1	NW_004446828.1
triMan1:JH597214	JH597214			JH597214.1	NW_004446829.1
triMan1:JH597215	JH597215			JH597215.1	NW_004446830.1
triMan1:JH597216	JH597216			JH597216.1	NW_004446831.1
triMan1:JH597217	JH597217			JH597217.1	NW_004446832.1
triMan1:JH597218	JH597218			JH597218.1	NW_004446833.1
triMan1:JH597219	JH597219			JH597219.1	NW_004446834.1
triMan1:JH597220	JH597220			JH597220.1	NW_004446835.1
triMan1:JH597221	JH597221			JH597221.1	NW_004446836.1
triMan1:JH597222	JH597222			JH597222.1	NW_004446837.1
triMan1:JH597223	JH597223			JH597223.1	NW_004446838.1
triMan1:JH597224	JH597224			JH597224.1	NW_004446839.1
triMan1:JH597225	JH597225			JH597225.1	NW_004446840.1
triMan1:JH597226	JH597226			JH597226.1	NW_004446841.1
triMan1:JH597227	JH597227			JH597227.1	NW_004446842.1
triMan1:JH597228	JH597228			JH597228.1	NW_004446844.1
triMan1:JH597229	JH597229			JH597229.1	NW_004446845.1
triMan1:JH597230	JH597230			JH597230.1	NW_004446847.1
triMan1:JH597231	JH597231			JH597231.1	NW_004446848.1
triMan1:JH597232	JH597232			JH597232.1	NW_004446849.1
triMan1:JH597233	JH597233			JH597233.1	NW_004446850.1
triMan1:JH597234	JH597234			JH597234.1	NW_004446851.1
triMan1:JH597235	JH597235			JH597235.1	NW_004446852.1
triMan1:JH597236	JH597236			JH597236.1	NW_004446854.1
triMan1:JH597237	JH597237			JH597237.1	NW_004446855.1
triMan1:JH597238	JH597238			JH597238.1	NW_004446856.1
triMan1:JH597239	JH597239			JH597239.1	NW_004446857.1
triMan1:JH597240	JH597240			JH597240.1	NW_004446858.1
triMan1:JH597241	JH597241			JH597241.1	NW_004446859.1
triMan1:JH597242	JH597242			JH597242.1	NW_004446860.1
triMan1:JH597243	JH597243			JH597243.1	NW_004446862.1
triMan1:JH597244	JH597244			JH597244.1	NW_004446863.1
triMan1:JH597245	JH597245			JH597245.1	NW_004446864.1
triMan1:JH597246	JH597246			JH597246.1	NW_004446865.1
triMan1:JH597247	JH597247			JH597247.1	NW_004446866.1
triMan1:JH597248	JH597248			JH597248.1	NW_004446867.1
triMan1:JH597249	JH597249			JH597249.1	NW_004446868.1
triMan1:JH597250	JH597250			JH597250.1	NW_004446869.1
triMan1:JH597251	JH597251			JH597251.1	NW_004446870.1
triMan1:JH597252	JH597252			JH597252.1	NW_004446871.1
triMan1:JH597253	JH597253			JH597253.1	NW_004446874.1
triMan1:JH597254	JH597254			JH597254.1	NW_004446875.1
triMan1:JH597255	JH597255			JH597255.1	NW_004446876.1
triMan1:JH597256	JH597256			JH597256.1	NW_004446877.1
triMan1:JH597257	JH597257			JH597257.1	NW_004446879.1
triMan1:JH597258	JH597258			JH597258.1	NW_004446880.1
triMan1:JH597259	JH597259			JH597259.1	NW_004446881.1
triMan1:JH597260	JH597260			JH597260.1	NW_004446882.1
triMan1:JH597261	JH597261			JH597261.1	NW_004446883.1
triMan1:JH597262	JH597262			JH597262.1	NW_004446884.1
triMan1:JH597263	JH597263			JH597263.1	NW_004446885.1
triMan1:JH597264	JH597264			JH597264.1	NW_004446887.1
triMan1:JH597265	JH597265			JH597265.1	NW_004446888.1
triMan1:JH597266	JH597266			JH597266.1	NW_004446889.1
triMan1:JH597267	JH597267			JH597267.1	NW_004446890.1
triMan1:JH597268	JH597268			JH597268.1	NW_004446891.1
triMan1:JH597269	JH597269			JH597269.1	NW_004446892.1
triMan1:JH597270	JH597270			JH597270.1	NW_004446893.1
triMan1:JH597271	JH597271			JH597271.1	NW_004446894.1
triMan1:JH597272	JH597272			JH597272.1	NW_004446895.1
triMan1:JH597273	JH597273			JH597273.1	NW_004446896.1
triMan1:JH597274	JH597274			JH597274.1	NW_004446897.1
triMan1:JH597275	JH597275			JH597275.1	NW_004446898.1
triMan1:JH597276	JH597276			JH597276.1	NW_004446899.1
triMan1:JH597277	JH597277			JH597277.1	NW_004446900.1
triMan1:JH597278	JH597278			JH597278.1	NW_004446901.1
triMan1:JH597279	JH597279			JH597279.1	NW_004446902.1
triMan1:JH597280	JH597280			JH597280.1	NW_004446903.1
triMan1:JH597281	JH597281			JH597281.1	NW_004446904.1
triMan1:JH597282	JH597282			JH597282.1	NW_004446905.1
triMan1:JH597283	JH597283			JH597283.1	NW_004446906.1
triMan1:JH597284	JH597284			JH597284.1	NW_004446907.1
triMan1:JH597285	JH597285			JH597285.1	NW_004446908.1
triMan1:JH597286	JH597286			JH597286.1	NW_004446909.1
triMan1:JH597287	JH597287			JH597287.1	NW_004446910.1
triMan1:JH597288	JH597288			JH597288.1	NW_004446911.1
triMan1:JH597289	JH597289			JH597289.1	NW_004446912.1
triMan1:JH597290	JH597290			JH597290.1	NW_004446913.1
triMan1:JH597291	JH597291			JH597291.1	NW_004446914.1
triMan1:JH597292	JH597292			JH597292.1	NW_004446915.1
triMan1:JH597293	JH597293			JH597293.1	NW_004446916.1
triMan1:JH597294	JH597294			JH597294.1	NW_004446917.1
triMan1:JH597295	JH597295			JH597295.1	NW_004446918.1
triMan1:JH597296	JH597296			JH597296.1	NW_004446919.1
triMan1:JH597297	JH597297			JH597297.1	NW_004446920.1
triMan1:JH597298	JH597298			JH597298.1	NW_004446921.1
triMan1:JH597299	JH597299			JH597299.1	NW_004446922.1
triMan1:JH597300	JH597300			JH597300.1	NW_004446924.1
triMan1:JH597301	JH597301			JH597301.1	NW_004446925.1
triMan1:JH597302	JH597302			JH597302.1	NW_004446926.1
triMan1:JH597303	JH597303			JH597303.1	NW_004446927.1
triMan1:JH597304	JH597304			JH597304.1	NW_004446928.1
triMan1:JH597305	JH597305			JH597305.1	NW_004446930.1
triMan1:JH597306	JH597306			JH597306.1	NW_004446931.1
triMan1:JH597307	JH597307			JH597307.1	NW_004446932.1
triMan1:JH597308	JH597308			JH597308.1	NW_004446933.1
triMan1:JH597309	JH597309			JH597309.1	NW_004446934.1
triMan1:JH597310	JH597310			JH597310.1	NW_004446935.1
triMan1:JH597311	JH597311			JH597311.1	NW_004446936.1
triMan1:JH597312	JH597312			JH597312.1	NW_004446937.1
triMan1:JH597313	JH597313			JH597313.1	NW_004446938.1
triMan1:JH597314	JH597314			JH597314.1	NW_004446939.1
triMan1:JH597315	JH597315			JH597315.1	NW_004446940.1
triMan1:JH597316	JH597316			JH597316.1	NW_004446941.1
triMan1:JH597317	JH597317			JH597317.1	NW_004446943.1
triMan1:JH597318	JH597318			JH597318.1	NW_004446944.1
triMan1:JH597319	JH597319			JH597319.1	NW_004446945.1
triMan1:JH597320	JH597320			JH597320.1	NW_004446946.1
triMan1:JH597321	JH597321			JH597321.1	NW_004446947.1
triMan1:JH597322	JH597322			JH597322.1	NW_004446948.1
triMan1:JH597323	JH597323			JH597323.1	NW_004446949.1
triMan1:JH597324	JH597324			JH597324.1	NW_004446950.1
triMan1:JH597325	JH597325			JH597325.1	NW_004446951.1
triMan1:JH597326	JH597326			JH597326.1	NW_004446952.1
triMan1:JH597327	JH597327			JH597327.1	NW_004446953.1
triMan1:JH597328	JH597328			JH597328.1	NW_004446954.1
triMan1:JH597329	JH597329			JH597329.1	NW_004446956.1
triMan1:JH597330	JH597330			JH597330.1	NW_004446957.1
triMan1:JH597331	JH597331			JH597331.1	NW_004446959.1
triMan1:JH597332	JH597332			JH597332.1	NW_004446960.1
triMan1:JH597333	JH597333			JH597333.1	NW_004446962.1
triMan1:JH597334	JH597334			JH597334.1	NW_004446963.1
triMan1:JH597335	JH597335			JH597335.1	NW_004446964.1
triMan1:JH597336	JH597336			JH597336.1	NW_004446966.1
triMan1:JH597337	JH597337			JH597337.1	NW_004446967.1
triMan1:JH597338	JH597338			JH597338.1	NW_004446968.1
triMan1:JH597339	JH597339			JH597339.1	NW_004446969.1
triMan1:JH597340	JH597340			JH597340.1	NW_004446970.1
triMan1:JH597341	JH597341			JH597341.1	NW_004446971.1
triMan1:JH597342	JH597342			JH597342.1	NW_004446972.1
triMan1:JH597343	JH597343			JH597343.1	NW_004446974.1
triMan1:JH597344	JH597344			JH597344.1	NW_004446975.1
triMan1:JH597345	JH597345			JH597345.1	NW_004446976.1
triMan1:JH597346	JH597346			JH597346.1	NW_004446977.1
triMan1:JH597347	JH597347			JH597347.1	NW_004446978.1
triMan1:JH597348	JH597348			JH597348.1	NW_004446979.1
triMan1:JH597349	JH597349			JH597349.1	NW_004446980.1
triMan1:JH597350	JH597350			JH597350.1	NW_004446981.1
triMan1:JH597351	JH597351			JH597351.1	NW_004446982.1
triMan1:JH597352	JH597352			JH597352.1	NW_004446983.1
triMan1:JH597353	JH597353			JH597353.1	NW_004446985.1
triMan1:JH597354	JH597354			JH597354.1	NW_004446986.1
triMan1:JH597355	JH597355			JH597355.1	NW_004446988.1
triMan1:JH597356	JH597356			JH597356.1	NW_004446989.1
triMan1:JH597357	JH597357			JH597357.1	NW_004446990.1
triMan1:JH597358	JH597358			JH597358.1	NW_004446991.1
triMan1:JH597359	JH597359			JH597359.1	NW_004446992.1
triMan1:JH597360	JH597360			JH597360.1	NW_004446993.1
triMan1:JH597361	JH597361			JH597361.1	NW_004446994.1
triMan1:JH597362	JH597362			JH597362.1	NW_004446995.1
triMan1:JH597363	JH597363			JH597363.1	NW_004446996.1
triMan1:JH597364	JH597364			JH597364.1	NW_004446998.1
triMan1:JH597365	JH597365			JH597365.1	NW_004447000.1
triMan1:JH597366	JH597366			JH597366.1	NW_004447001.1
triMan1:JH597367	JH597367			JH597367.1	NW_004447002.1
triMan1:JH597368	JH597368			JH597368.1	NW_004447003.1
triMan1:JH597369	JH597369			JH597369.1	NW_004447004.1
triMan1:JH597370	JH597370			JH597370.1	NW_004447005.1
triMan1:JH597371	JH597371			JH597371.1	NW_004447006.1
triMan1:JH597372	JH597372			JH597372.1	NW_004447007.1
triMan1:JH597373	JH597373			JH597373.1	NW_004447008.1
triMan1:JH597374	JH597374			JH597374.1	NW_004447009.1
triMan1:JH597375	JH597375			JH597375.1	NW_004447010.1
triMan1:JH597376	JH597376			JH597376.1	NW_004447011.1
triMan1:JH597377	JH597377			JH597377.1	NW_004447012.1
triMan1:JH597378	JH597378			JH597378.1	NW_004447013.1
triMan1:JH597379	JH597379			JH597379.1	NW_004447014.1
triMan1:JH597380	JH597380			JH597380.1	NW_004447015.1
triMan1:JH597381	JH597381			JH597381.1	NW_004447016.1
triMan1:JH597382	JH597382			JH597382.1	NW_004447017.1
triMan1:JH597383	JH597383			JH597383.1	NW_004447018.1
triMan1:JH597384	JH597384			JH597384.1	NW_004447020.1
triMan1:JH597385	JH597385			JH597385.1	NW_004447021.1
triMan1:JH597386	JH597386			JH597386.1	NW_004447022.1
triMan1:JH597387	JH597387			JH597387.1	NW_004447023.1
triMan1:JH597388	JH597388			JH597388.1	NW_004447025.1
triMan1:JH597389	JH597389			JH597389.1	NW_004447027.1
triMan1:JH597390	JH597390			JH597390.1	NW_004447029.1
triMan1:JH597391	JH597391			JH597391.1	NW_004447030.1
triMan1:JH597392	JH597392			JH597392.1	NW_004447031.1
triMan1:JH597393	JH597393			JH597393.1	NW_004447032.1
triMan1:JH597394	JH597394			JH597394.1	NW_004447033.1
triMan1:JH597395	JH597395			JH597395.1	NW_004447034.1
triMan1:JH597396	JH597396			JH597396.1	NW_004447035.1
triMan1:JH597397	JH597397			JH597397.1	NW_004447036.1
triMan1:JH597398	JH597398			JH597398.1	NW_004447037.1
triMan1:JH597399	JH597399			JH597399.1	NW_004447038.1
triMan1:JH597400	JH597400			JH597400.1	NW_004447039.1
triMan1:JH597401	JH597401			JH597401.1	NW_004447040.1
triMan1:JH597402	JH597402			JH597402.1	NW_004447041.1
triMan1:JH597403	JH597403			JH597403.1	NW_004447042.1
triMan1:JH597404	JH597404			JH597404.1	NW_004447043.1
triMan1:JH597405	JH597405			JH597405.1	NW_004447044.1
triMan1:JH597406	JH597406			JH597406.1	NW_004447045.1
triMan1:JH597407	JH597407			JH597407.1	NW_004447046.1
triMan1:JH597408	JH597408			JH597408.1	NW_004447047.1
triMan1:JH597409	JH597409			JH597409.1	NW_004447048.1
triMan1:JH597410	JH597410			JH597410.1	NW_004447049.1
triMan1:JH597411	JH597411			JH597411.1	NW_004447050.1
triMan1:JH597412	JH597412			JH597412.1	NW_004447051.1
triMan1:JH597413	JH597413			JH597413.1	NW_004447052.1
triMan1:JH597414	JH597414			JH597414.1	NW_004447053.1
triMan1:JH597415	JH597415			JH597415.1	NW_004447054.1
triMan1:JH597416	JH597416			JH597416.1	NW_004447055.1
triMan1:JH597417	JH597417			JH597417.1	NW_004447056.1
triMan1:JH597418	JH597418			JH597418.1	NW_004447057.1
triMan1:JH597419	JH597419			JH597419.1	NW_004447058.1
triMan1:JH597420	JH597420			JH597420.1	NW_004447060.1
triMan1:JH597421	JH597421			JH597421.1	NW_004447061.1
triMan1:JH597422	JH597422			JH597422.1	NW_004447062.1
triMan1:JH597423	JH597423			JH597423.1	NW_004447063.1
triMan1:JH597424	JH597424			JH597424.1	NW_004447064.1
triMan1:JH597425	JH597425			JH597425.1	NW_004447065.1
triMan1:JH597426	JH597426			JH597426.1	NW_004447066.1
triMan1:JH597427	JH597427			JH597427.1	NW_004447067.1
triMan1:JH597428	JH597428			JH597428.1	NW_004447068.1
triMan1:JH597429	JH597429			JH597429.1	NW_004447069.1
triMan1:JH597430	JH597430			JH597430.1	NW_004447070.1
triMan1:JH597431	JH597431			JH597431.1	NW_004447071.1
triMan1:JH597432	JH597432			JH597432.1	NW_004447072.1
triMan1:JH597433	JH597433			JH597433.1	NW_004447073.1
triMan1:JH597434	JH597434			JH597434.1	NW_004447074.1
triMan1:JH597435	JH597435			JH597435.1	NW_004447075.1
triMan1:JH597436	JH597436			JH597436.1	NW_004447076.1
triMan1:JH597437	JH597437			JH597437.1	NW_004447078.1
triMan1:JH597438	JH597438			JH597438.1	NW_004447079.1
triMan1:JH597439	JH597439			JH597439.1	NW_004447080.1
triMan1:JH597440	JH597440			JH597440.1	NW_004447081.1
triMan1:JH597441	JH597441			JH597441.1	NW_004447082.1
triMan1:JH597442	JH597442			JH597442.1	NW_004447083.1
triMan1:JH597443	JH597443			JH597443.1	NW_004447084.1
triMan1:JH597444	JH597444			JH597444.1	NW_004447085.1
triMan1:JH597445	JH597445			JH597445.1	NW_004447086.1
triMan1:JH597446	JH597446			JH597446.1	NW_004447089.1
triMan1:JH597447	JH597447			JH597447.1	NW_004447090.1
triMan1:JH597448	JH597448			JH597448.1	NW_004447091.1
triMan1:JH597449	JH597449			JH597449.1	NW_004447093.1
triMan1:JH597450	JH597450			JH597450.1	NW_004447094.1
triMan1:JH597451	JH597451			JH597451.1	NW_004447097.1
triMan1:JH597452	JH597452			JH597452.1	NW_004447098.1
triMan1:JH597453	JH597453			JH597453.1	NW_004447100.1
triMan1:JH597454	JH597454			JH597454.1	NW_004447101.1
triMan1:JH597455	JH597455			JH597455.1	NW_004447103.1
triMan1:JH597456	JH597456			JH597456.1	NW_004447104.1
triMan1:JH597457	JH597457			JH597457.1	NW_004447105.1
triMan1:JH597458	JH597458			JH597458.1	NW_004447106.1
triMan1:JH597459	JH597459			JH597459.1	NW_004447107.1
triMan1:JH597460	JH597460			JH597460.1	NW_004447108.1
triMan1:JH597461	JH597461			JH597461.1	NW_004447109.1
triMan1:JH597462	JH597462			JH597462.1	NW_004447110.1
triMan1:JH597463	JH597463			JH597463.1	NW_004447111.1
triMan1:JH597464	JH597464			JH597464.1	NW_004447113.1
triMan1:JH597465	JH597465			JH597465.1	NW_004447114.1
triMan1:JH597466	JH597466			JH597466.1	NW_004447115.1
triMan1:JH597467	JH597467			JH597467.1	NW_004447116.1
triMan1:JH597468	JH597468			JH597468.1	NW_004447117.1
triMan1:JH597469	JH597469			JH597469.1	NW_004447118.1
triMan1:JH597470	JH597470			JH597470.1	NW_004447119.1
triMan1:JH597471	JH597471			JH597471.1	NW_004447120.1
triMan1:JH597472	JH597472			JH597472.1	NW_004447122.1
triMan1:JH597473	JH597473			JH597473.1	NW_004447124.1
triMan1:JH597474	JH597474			JH597474.1	NW_004447125.1
triMan1:JH597475	JH597475			JH597475.1	NW_004447126.1
triMan1:JH597476	JH597476			JH597476.1	NW_004447127.1
triMan1:JH597477	JH597477			JH597477.1	NW_004447128.1
triMan1:JH597478	JH597478			JH597478.1	NW_004447129.1
triMan1:JH597479	JH597479			JH597479.1	NW_004447130.1
triMan1:JH597480	JH597480			JH597480.1	NW_004447132.1
triMan1:JH597481	JH597481			JH597481.1	NW_004447133.1
triMan1:JH597482	JH597482			JH597482.1	NW_004447134.1
triMan1:JH597483	JH597483			JH597483.1	NW_004447135.1
triMan1:JH597484	JH597484			JH597484.1	NW_004447136.1
triMan1:JH597485	JH597485			JH597485.1	NW_004447137.1
triMan1:JH597486	JH597486			JH597486.1	NW_004447138.1
triMan1:JH597487	JH597487			JH597487.1	NW_004447139.1
triMan1:JH597488	JH597488			JH597488.1	NW_004447140.1
triMan1:JH597489	JH597489			JH597489.1	NW_004447141.1
triMan1:JH597490	JH597490			JH597490.1	NW_004447142.1
triMan1:JH597491	JH597491			JH597491.1	NW_004447143.1
triMan1:JH597492	JH597492			JH597492.1	NW_004447144.1
triMan1:JH597493	JH597493			JH597493.1	NW_004447145.1
triMan1:JH597494	JH597494			JH597494.1	NW_004447146.1
triMan1:JH597495	JH597495			JH597495.1	NW_004447147.1
triMan1:JH597496	JH597496			JH597496.1	NW_004447149.1
triMan1:JH597497	JH597497			JH597497.1	NW_004447150.1
triMan1:JH597498	JH597498			JH597498.1	NW_004447151.1
triMan1:JH597499	JH597499			JH597499.1	NW_004447152.1
triMan1:JH597500	JH597500			JH597500.1	NW_004447153.1
triMan1:JH597501	JH597501			JH597501.1	NW_004447155.1
triMan1:JH597502	JH597502			JH597502.1	NW_004447156.1
triMan1:JH597503	JH597503			JH597503.1	NW_004447157.1
triMan1:JH597504	JH597504			JH597504.1	NW_004447158.1
triMan1:JH597505	JH597505			JH597505.1	NW_004447159.1
triMan1:JH597506	JH597506			JH597506.1	NW_004447160.1
triMan1:JH597507	JH597507			JH597507.1	NW_004447161.1
triMan1:JH597508	JH597508			JH597508.1	NW_004447164.1
triMan1:JH597509	JH597509			JH597509.1	NW_004447165.1
triMan1:JH597510	JH597510			JH597510.1	NW_004447166.1
triMan1:JH597511	JH597511			JH597511.1	NW_004447167.1
triMan1:JH597512	JH597512			JH597512.1	NW_004447168.1
triMan1:JH597513	JH597513			JH597513.1	NW_004447169.1
triMan1:JH597514	JH597514			JH597514.1	NW_004447171.1
triMan1:JH597515	JH597515			JH597515.1	NW_004447173.1
triMan1:JH597516	JH597516			JH597516.1	NW_004447174.1
triMan1:JH597517	JH597517			JH597517.1	NW_004447175.1
triMan1:JH597518	JH597518			JH597518.1	NW_004447176.1
triMan1:JH597519	JH597519			JH597519.1	NW_004447177.1
triMan1:JH597520	JH597520			JH597520.1	NW_004447178.1
triMan1:JH597521	JH597521			JH597521.1	NW_004447180.1
triMan1:JH597522	JH597522			JH597522.1	NW_004447181.1
triMan1:JH597523	JH597523			JH597523.1	NW_004447182.1
triMan1:JH597524	JH597524			JH597524.1	NW_004447185.1
triMan1:JH597525	JH597525			JH597525.1	NW_004447186.1
triMan1:JH597526	JH597526			JH597526.1	NW_004447188.1
triMan1:JH597527	JH597527			JH597527.1	NW_004447190.1
triMan1:JH597528	JH597528			JH597528.1	NW_004447191.1
triMan1:JH597529	JH597529			JH597529.1	NW_004447193.1
triMan1:JH597530	JH597530			JH597530.1	NW_004447194.1
triMan1:JH597531	JH597531			JH597531.1	NW_004447195.1
triMan1:JH597532	JH597532			JH597532.1	NW_004447197.1
triMan1:JH597533	JH597533			JH597533.1	NW_004447198.1
triMan1:JH597534	JH597534			JH597534.1	NW_004447199.1
triMan1:JH597535	JH597535			JH597535.1	NW_004447200.1
triMan1:JH597536	JH597536			JH597536.1	NW_004447201.1
triMan1:JH597537	JH597537			JH597537.1	NW_004447202.1
triMan1:JH597538	JH597538			JH597538.1	NW_004447203.1
triMan1:JH597539	JH597539			JH597539.1	NW_004447204.1
triMan1:JH597540	JH597540			JH597540.1	NW_004447205.1
triMan1:JH597541	JH597541			JH597541.1	NW_004447206.1
triMan1:JH597542	JH597542			JH597542.1	NW_004447207.1
triMan1:JH597543	JH597543			JH597543.1	NW_004447209.1
triMan1:JH597544	JH597544			JH597544.1	NW_004447210.1
triMan1:JH597545	JH597545			JH597545.1	NW_004447211.1
triMan1:JH597546	JH597546			JH597546.1	NW_004447212.1
triMan1:JH597547	JH597547			JH597547.1	NW_004447213.1
triMan1:JH597548	JH597548			JH597548.1	NW_004447214.1
triMan1:JH597549	JH597549			JH597549.1	NW_004447215.1
triMan1:JH597550	JH597550			JH597550.1	NW_004447216.1
triMan1:JH597551	JH597551			JH597551.1	NW_004447217.1
triMan1:JH597552	JH597552			JH597552.1	NW_004447218.1
triMan1:JH597553	JH597553			JH597553.1	NW_004447219.1
triMan1:JH597554	JH597554			JH597554.1	NW_004447220.1
triMan1:JH597555	JH597555			JH597555.1	NW_004447221.1
triMan1:JH597556	JH597556			JH597556.1	NW_004447222.1
triMan1:JH597557	JH597557			JH597557.1	NW_004447224.1
triMan1:JH597558	JH597558			JH597558.1	NW_004447225.1
triMan1:JH597559	JH597559			JH597559.1	NW_004447226.1
triMan1:JH597560	JH597560			JH597560.1	NW_004447227.1
triMan1:JH597561	JH597561			JH597561.1	NW_004447228.1
triMan1:JH597562	JH597562			JH597562.1	NW_004447229.1
triMan1:JH597563	JH597563			JH597563.1	NW_004447230.1
triMan1:JH597564	JH597564			JH597564.1	NW_004447231.1
triMan1:JH597565	JH597565			JH597565.1	NW_004447232.1
triMan1:JH597566	JH597566			JH597566.1	NW_004447233.1
triMan1:JH597567	JH597567			JH597567.1	NW_004447234.1
triMan1:JH597568	JH597568			JH597568.1	NW_004447235.1
triMan1:JH597569	JH597569			JH597569.1	NW_004447237.1
triMan1:JH597570	JH597570			JH597570.1	NW_004447238.1
triMan1:JH597571	JH597571			JH597571.1	NW_004447239.1
triMan1:JH597572	JH597572			JH597572.1	NW_004447240.1
triMan1:JH597573	JH597573			JH597573.1	NW_004447241.1
triMan1:JH597574	JH597574			JH597574.1	NW_004447242.1
triMan1:JH597575	JH597575			JH597575.1	NW_004447244.1
triMan1:JH597576	JH597576			JH597576.1	NW_004447245.1
triMan1:JH597577	JH597577			JH597577.1	NW_004447246.1
triMan1:JH597578	JH597578			JH597578.1	NW_004447247.1
triMan1:JH597579	JH597579			JH597579.1	NW_004447248.1
triMan1:JH597580	JH597580			JH597580.1	NW_004447249.1
triMan1:JH597581	JH597581			JH597581.1	NW_004447250.1
triMan1:JH597582	JH597582			JH597582.1	NW_004447251.1
triMan1:JH597583	JH597583			JH597583.1	NW_004447252.1
triMan1:JH597584	JH597584			JH597584.1	NW_004447253.1
triMan1:JH597585	JH597585			JH597585.1	NW_004447254.1
triMan1:JH597586	JH597586			JH597586.1	NW_004447255.1
triMan1:JH597587	JH597587			JH597587.1	NW_004447256.1
triMan1:JH597588	JH597588			JH597588.1	NW_004447257.1
triMan1:JH597589	JH597589			JH597589.1	NW_004447258.1
triMan1:JH597590	JH597590			JH597590.1	NW_004447259.1
triMan1:JH597591	JH597591			JH597591.1	NW_004447260.1
triMan1:JH597592	JH597592			JH597592.1	NW_004447261.1
triMan1:JH597593	JH597593			JH597593.1	NW_004447262.1
triMan1:JH597594	JH597594			JH597594.1	NW_004447267.1
triMan1:JH597595	JH597595			JH597595.1	NW_004447268.1
triMan1:JH597596	JH597596			JH597596.1	NW_004447270.1
triMan1:JH597597	JH597597			JH597597.1	NW_004447271.1
triMan1:JH597598	JH597598			JH597598.1	NW_004447272.1
triMan1:JH597599	JH597599			JH597599.1	NW_004447273.1
triMan1:JH597600	JH597600			JH597600.1	NW_004447274.1
triMan1:JH597601	JH597601			JH597601.1	NW_004447275.1
triMan1:JH597602	JH597602			JH597602.1	NW_004447276.1
triMan1:JH597603	JH597603			JH597603.1	NW_004447277.1
triMan1:JH597604	JH597604			JH597604.1	NW_004447278.1
triMan1:JH597605	JH597605			JH597605.1	NW_004447279.1
triMan1:JH597606	JH597606			JH597606.1	NW_004447281.1
triMan1:JH597607	JH597607			JH597607.1	NW_004447283.1
triMan1:JH597608	JH597608			JH597608.1	NW_004447284.1
triMan1:JH597609	JH597609			JH597609.1	NW_004447286.1
triMan1:JH597610	JH597610			JH597610.1	NW_004447287.1
triMan1:JH597611	JH597611			JH597611.1	NW_004447288.1
triMan1:JH597612	JH597612			JH597612.1	NW_004447289.1
triMan1:JH597613	JH597613			JH597613.1	NW_004447291.1
triMan1:JH597614	JH597614			JH597614.1	NW_004447293.1
triMan1:JH597615	JH597615			JH597615.1	NW_004447294.1
triMan1:JH597616	JH597616			JH597616.1	NW_004447295.1
triMan1:JH597617	JH597617			JH597617.1	NW_004447296.1
triMan1:JH597618	JH597618			JH597618.1	NW_004447297.1
triMan1:JH597619	JH597619			JH597619.1	NW_004447298.1
triMan1:JH597620	JH597620			JH597620.1	NW_004447301.1
triMan1:JH597621	JH597621			JH597621.1	NW_004447303.1
triMan1:JH597622	JH597622			JH597622.1	NW_004447304.1
triMan1:JH597623	JH597623			JH597623.1	NW_004447305.1
triMan1:JH597624	JH597624			JH597624.1	NW_004447307.1
triMan1:JH597625	JH597625			JH597625.1	NW_004447308.1
triMan1:JH597626	JH597626			JH597626.1	NW_004447309.1
triMan1:JH597627	JH597627			JH597627.1	NW_004447310.1
triMan1:JH597628	JH597628			JH597628.1	NW_004447311.1
triMan1:JH597629	JH597629			JH597629.1	NW_004447312.1
triMan1:JH597630	JH597630			JH597630.1	NW_004447315.1
triMan1:JH597631	JH597631			JH597631.1	NW_004447316.1
triMan1:JH597632	JH597632			JH597632.1	NW_004447317.1
triMan1:JH597633	JH597633			JH597633.1	NW_004447318.1
triMan1:JH597634	JH597634			JH597634.1	NW_004447319.1
triMan1:JH597635	JH597635			JH597635.1	NW_004447321.1
triMan1:JH597636	JH597636			JH597636.1	NW_004447322.1
triMan1:JH597637	JH597637			JH597637.1	NW_004447325.1
triMan1:JH597638	JH597638			JH597638.1	NW_004447327.1
triMan1:JH597639	JH597639			JH597639.1	NW_004447328.1
triMan1:JH597640	JH597640			JH597640.1	NW_004447329.1
triMan1:JH597641	JH597641			JH597641.1	NW_004447330.1
triMan1:JH597642	JH597642			JH597642.1	NW_004447331.1
triMan1:JH597643	JH597643			JH597643.1	NW_004447333.1
triMan1:JH597644	JH597644			JH597644.1	NW_004447335.1
triMan1:JH597645	JH597645			JH597645.1	NW_004447336.1
triMan1:JH597646	JH597646			JH597646.1	NW_004447338.1
triMan1:JH597647	JH597647			JH597647.1	NW_004447339.1
triMan1:JH597648	JH597648			JH597648.1	NW_004447340.1
triMan1:JH597649	JH597649			JH597649.1	NW_004447341.1
triMan1:JH597650	JH597650			JH597650.1	NW_004447343.1
triMan1:JH597651	JH597651			JH597651.1	NW_004447344.1
triMan1:JH597652	JH597652			JH597652.1	NW_004447346.1
triMan1:JH597653	JH597653			JH597653.1	NW_004447349.1
triMan1:JH597654	JH597654			JH597654.1	NW_004447350.1
triMan1:JH597655	JH597655			JH597655.1	NW_004447351.1
triMan1:JH597656	JH597656			JH597656.1	NW_004447352.1
triMan1:JH597657	JH597657			JH597657.1	NW_004447355.1
triMan1:JH597658	JH597658			JH597658.1	NW_004447357.1
triMan1:JH597659	JH597659			JH597659.1	NW_004447358.1
triMan1:JH597660	JH597660			JH597660.1	NW_004447360.1
triMan1:JH597661	JH597661			JH597661.1	NW_004447362.1
triMan1:JH597662	JH597662			JH597662.1	NW_004447364.1
triMan1:JH597663	JH597663			JH597663.1	NW_004447365.1
triMan1:JH597664	JH597664			JH597664.1	NW_004447366.1
triMan1:JH597665	JH597665			JH597665.1	NW_004447367.1
triMan1:JH597666	JH597666			JH597666.1	NW_004447368.1
triMan1:JH597667	JH597667			JH597667.1	NW_004447369.1
triMan1:JH597668	JH597668			JH597668.1	NW_004447373.1
triMan1:JH597669	JH597669			JH597669.1	NW_004447374.1
triMan1:JH597670	JH597670			JH597670.1	NW_004447376.1
triMan1:JH597671	JH597671			JH597671.1	NW_004447377.1
triMan1:JH597672	JH597672			JH597672.1	NW_004447378.1
triMan1:JH597673	JH597673			JH597673.1	NW_004447379.1
triMan1:JH597674	JH597674			JH597674.1	NW_004447380.1
triMan1:JH597675	JH597675			JH597675.1	NW_004447381.1
triMan1:JH597676	JH597676			JH597676.1	NW_004447382.1
triMan1:JH597677	JH597677			JH597677.1	NW_004447384.1
triMan1:JH597678	JH597678			JH597678.1	NW_004447385.1
triMan1:JH597679	JH597679			JH597679.1	NW_004447386.1
triMan1:JH597680	JH597680			JH597680.1	NW_004447387.1
triMan1:JH597681	JH597681			JH597681.1	NW_004447388.1
triMan1:JH597682	JH597682			JH597682.1	NW_004447390.1
triMan1:JH597683	JH597683			JH597683.1	NW_004447391.1
triMan1:JH597684	JH597684			JH597684.1	NW_004447392.1
triMan1:JH597685	JH597685			JH597685.1	NW_004447393.1
triMan1:JH597686	JH597686			JH597686.1	NW_004447394.1
triMan1:JH597687	JH597687			JH597687.1	NW_004447396.1
triMan1:JH597688	JH597688			JH597688.1	NW_004447399.1
triMan1:JH597689	JH597689			JH597689.1	NW_004447400.1
triMan1:JH597690	JH597690			JH597690.1	NW_004447401.1
triMan1:JH597691	JH597691			JH597691.1	NW_004447403.1
triMan1:JH597692	JH597692			JH597692.1	NW_004447404.1
triMan1:JH597693	JH597693			JH597693.1	NW_004447406.1
triMan1:JH597694	JH597694			JH597694.1	NW_004447412.1
triMan1:JH597695	JH597695			JH597695.1	NW_004447420.1
triMan1:JH597696	JH597696			JH597696.1	NW_004447423.1
triMan1:JH597697	JH597697			JH597697.1	NW_004447425.1
triMan1:JH597698	JH597698			JH597698.1	NW_004447426.1
triMan1:JH597699	JH597699			JH597699.1	NW_004447428.1
triMan1:JH597700	JH597700			JH597700.1	NW_004447429.1
triMan1:JH597701	JH597701			JH597701.1	NW_004447432.1
triMan1:JH597702	JH597702			JH597702.1	NW_004447433.1
triMan1:JH597703	JH597703			JH597703.1	NW_004447436.1
triMan1:JH597704	JH597704			JH597704.1	NW_004447441.1
triMan1:JH597705	JH597705			JH597705.1	NW_004447443.1
triMan1:JH597706	JH597706			JH597706.1	NW_004447445.1
triMan1:JH597707	JH597707			JH597707.1	NW_004447446.1
triMan1:JH597708	JH597708			JH597708.1	NW_004447447.1
triMan1:JH597709	JH597709			JH597709.1	NW_004447449.1
triMan1:JH597710	JH597710			JH597710.1	NW_004447450.1
triMan1:JH597711	JH597711			JH597711.1	NW_004447451.1
triMan1:JH597712	JH597712			JH597712.1	NW_004447452.1
triMan1:JH597713	JH597713			JH597713.1	NW_004447453.1
triMan1:JH597714	JH597714			JH597714.1	NW_004447454.1
triMan1:JH597715	JH597715			JH597715.1	NW_004447455.1
triMan1:JH597716	JH597716			JH597716.1	NW_004447457.1
triMan1:JH597717	JH597717			JH597717.1	NW_004447458.1
triMan1:JH597718	JH597718			JH597718.1	NW_004447460.1
triMan1:JH597719	JH597719			JH597719.1	NW_004447462.1
triMan1:JH597720	JH597720			JH597720.1	NW_004447466.1
triMan1:JH597721	JH597721			JH597721.1	NW_004447468.1
triMan1:JH597722	JH597722			JH597722.1	NW_004447471.1
triMan1:JH597723	JH597723			JH597723.1	NW_004447472.1
triMan1:JH597724	JH597724			JH597724.1	NW_004447474.1
triMan1:JH597725	JH597725			JH597725.1	NW_004447482.1
triMan1:JH597726	JH597726			JH597726.1	NW_004447483.1
triMan1:JH597727	JH597727			JH597727.1	NW_004447493.1
triMan1:JH597728	JH597728			JH597728.1	NW_004447495.1
triMan1:JH597729	JH597729			JH597729.1	NW_004447499.1
triMan1:JH597730	JH597730			JH597730.1	NW_004447500.1
triMan1:JH597731	JH597731			JH597731.1	NW_004447502.1
triMan1:JH597732	JH597732			JH597732.1	NW_004447505.1
triMan1:JH597733	JH597733			JH597733.1	NW_004447507.1
triMan1:JH597734	JH597734			JH597734.1	NW_004447511.1
triMan1:JH597735	JH597735			JH597735.1	NW_004447514.1
triMan1:JH597736	JH597736			JH597736.1	NW_004447520.1
triMan1:JH597737	JH597737			JH597737.1	NW_004447521.1
triMan1:JH597738	JH597738			JH597738.1	NW_004447524.1
triMan1:JH597739	JH597739			JH597739.1	NW_004447525.1
triMan1:JH597740	JH597740			JH597740.1	NW_004447527.1
triMan1:JH597741	JH597741			JH597741.1	NW_004447531.1
triMan1:JH597742	JH597742			JH597742.1	NW_004447538.1
triMan1:JH597743	JH597743			JH597743.1	NW_004447539.1
triMan1:JH597744	JH597744			JH597744.1	NW_004447542.1
triMan1:JH597745	JH597745			JH597745.1	NW_004447543.1
triMan1:JH597746	JH597746			JH597746.1	NW_004447548.1
triMan1:JH597747	JH597747			JH597747.1	NW_004447552.1
triMan1:JH597748	JH597748			JH597748.1	NW_004447555.1
triMan1:JH597749	JH597749			JH597749.1	NW_004447560.1
triMan1:JH597750	JH597750			JH597750.1	NW_004447563.1
triMan1:JH597751	JH597751			JH597751.1	NW_004447590.1
triMan1:chrM	chrM				NC_010302.1
